{
  "trades": 123,
  "wins": 46,
  "losses": 77,
  "win_rate": 0.37398373983739835,
  "gross_profit": 8422.15,
  "gross_loss": 9509.400000000003,
  "profit_factor": 0.885665762298357,
  "expectancy": -8.839430894308984,
  "average_win": 183.09021739130435,
  "average_loss": -123.49870129870133,
  "largest_win": 476.4,
  "largest_loss": -238.59999999999982,
  "average_hold_days": 9.398373983739837,
  "net_pnl": -1087.250000000005,
  "return_pct": -0.01087250000000005
}