{
  "trades": 123,
  "wins": 43,
  "losses": 80,
  "win_rate": 0.34959349593495936,
  "gross_profit": 7414.4,
  "gross_loss": 10619.200000000008,
  "profit_factor": 0.6982070212445376,
  "expectancy": -26.05528455284559,
  "average_win": 172.42790697674417,
  "average_loss": -132.7400000000001,
  "largest_win": 364.79999999999995,
  "largest_loss": -332.1999999999997,
  "average_hold_days": 10.853658536585366,
  "net_pnl": -3204.8000000000075,
  "return_pct": -0.032048000000000076
}