{
  "trades": 123,
  "wins": 56,
  "losses": 67,
  "win_rate": 0.45528455284552843,
  "gross_profit": 5780.500000000001,
  "gross_loss": 6105.800000000002,
  "profit_factor": 0.9467227881686264,
  "expectancy": -2.6447154471544825,
  "average_win": 103.2232142857143,
  "average_loss": -91.13134328358213,
  "largest_win": 396.89999999999975,
  "largest_loss": -202.2,
  "average_hold_days": 5.845528455284553,
  "net_pnl": -325.3000000000013,
  "return_pct": -0.0032530000000000133
}