{
  "trades": 123,
  "wins": 61,
  "losses": 62,
  "win_rate": 0.4959349593495935,
  "gross_profit": 7483.520000000002,
  "gross_loss": 7602.6,
  "profit_factor": 0.9843369373635338,
  "expectancy": -0.9681300813007967,
  "average_win": 122.68065573770495,
  "average_loss": -122.62258064516129,
  "largest_win": 248.56000000000037,
  "largest_loss": -327.1200000000002,
  "average_hold_days": 5.943089430894309,
  "net_pnl": -119.079999999998,
  "return_pct": -0.00119079999999998
}