{
  "trades": 14,
  "wins": 6,
  "losses": 8,
  "win_rate": 0.42857142857142855,
  "gross_profit": 955.2000000000007,
  "gross_loss": 436.1000000000006,
  "profit_factor": 2.1903233203393704,
  "expectancy": 37.078571428571436,
  "average_win": 159.20000000000013,
  "average_loss": -54.512500000000074,
  "largest_win": 315.3000000000002,
  "largest_loss": -95.19999999999989,
  "average_hold_days": 5.642857142857143,
  "net_pnl": 519.1000000000001,
  "return_pct": 0.005191000000000001
}