expiry,dte,strike,call_open_interest,put_open_interest,call_volume,put_volume,call_gamma_exposure,put_gamma_exposure,net_gamma_exposure,call_delta_exposure,put_delta_exposure,net_delta_exposure,vanna_exposure,charm_exposure,call_spread_pct,put_spread_pct,liquidity_score,dealer_pressure_score,pin_score,market_structure_eligible,trade_eligible
2026-08-03,8,18000.0,0.0,2.0,0.0,1.0,0.0,-1887.6686954365493,-1887.6686954365493,0.0,9542.591208099451,9542.591208099451,683.5768479301156,-3654.73923892881,,2.0,0.025560920193126953,64.99831596552316,0.03130529559021194,True,False
2026-08-03,8,19000.0,0.0,2.0,0.0,2.0,0.0,-2283.0835281615823,-2283.0835281615823,0.0,10248.87591676534,10248.87591676534,823.7011276617096,-3893.8965479584713,,2.0,0.025560920193126953,64.9984007449774,0.03131873763626347,True,False
2026-08-03,8,20000.0,0.0,6.0,0.0,2.0,0.0,-9401.173251252425,-9401.173251252425,0.0,38079.00418600761,38079.00418600761,3348.108992925873,-14213.109766414564,,1.9603960396039606,0.07668276057938087,64.99904680831004,0.09404296499588402,True,False
2026-08-03,8,21000.0,0.0,3.0,0.0,1.0,0.0,-6603.428952535418,-6603.428952535418,0.0,23948.843459173302,23948.843459173302,2384.831412161797,-9063.96330131719,,1.9646017699115046,0.03834138028969043,64.99898084723469,0.04708616923215189,True,False
2026-08-03,8,23000.0,0.0,3.0,0.0,3.0,0.0,-17484.427233666658,-17484.427233666658,0.0,52051.55225661375,52051.55225661375,5601.936069829609,-16594.033961670244,,1.4343434343434343,0.03834138028969043,64.998671665543,0.04745606653462206,True,False
2026-08-03,8,24000.0,0.0,1.0,0.0,1.0,0.0,-11631.376476563992,-11631.376476563992,0.0,32237.740529292747,32237.740529292747,3612.053448600161,-9744.164957692501,,0.8875739644970414,3.9242191528441857,64.99884276033124,0.5546735962542643,True,False
2026-08-03,8,24500.0,0.0,2.0,0.0,1.0,0.0,-34470.30755525649,-34470.30755525649,0.0,93023.45038483824,93023.45038483824,9750.104443369068,-24458.573086455497,,0.6553191489361702,13.867255002565331,64.99778808277193,3.5336814861656656,True,False
2026-08-03,8,25000.0,0.0,23.0,0.0,1.0,0.0,-576677.8315254612,-576677.8315254612,0.0,1480162.9873761283,1480162.9873761283,155782.4856184084,-363176.2907206526,,0.6797385620915033,16.365673192731624,64.96568278815008,6.842756451560046,True,False
2026-08-03,8,25400.0,0.0,3.0,0.0,3.0,0.0,-113843.15677167803,-113843.15677167803,0.0,303517.96120352857,303517.96120352857,28274.045191759444,-64817.35461551292,,0.2880324543610547,30.23133596095257,64.99317794889868,8.884699973255321,True,True
2026-08-03,8,25500.0,0.0,5.0,0.0,4.0,0.0,-209252.07688489728,-209252.07688489728,0.0,560779.2999071566,560779.2999071566,50608.5141899267,-114777.34367923753,,0.26691042047531993,31.483080082277432,64.98752465912453,9.511706689145297,True,True
2026-08-03,8,25600.0,0.0,4.0,0.0,6.0,0.0,-184714.31372010947,-184714.31372010947,0.0,497955.0917886266,497955.0917886266,43546.59447927261,-97958.36336347609,,0.24342105263157904,32.76750284205278,64.98898105781605,10.087774155144071,True,True
2026-08-03,8,25800.0,0.0,5.0,0.0,4.0,0.0,-280983.3414451372,-280983.3414451372,0.0,770729.4251900348,770729.4251900348,63026.17197030801,-141008.74278351187,,0.1976284584980237,35.33910549527538,64.98326458869116,11.29171173243516,True,True
2026-08-03,8,26000.0,0.0,45.0,0.0,8.0,0.0,-3055150.5900581283,-3055150.5900581283,0.0,8618473.980376745,8618473.980376745,646627.9996075534,-1438425.8483961564,,0.13943808532778348,38.781079463364506,64.81824462976331,13.195885841186259,True,True
2026-08-03,8,26200.0,0.0,8.0,0.0,6.0,0.0,-653570.096137869,-653570.096137869,0.0,1893761.6941533543,1893761.6941533543,128797.17807357533,-279513.2587460075,,0.15767634854771784,38.94609891231301,64.96111061211451,13.721328167920568,True,True
2026-08-03,8,26400.0,0.0,5.0,0.0,3.0,0.0,-489794.13145018864,-489794.13145018864,0.0,1466114.8222501217,1466114.8222501217,88701.86646547854,-190595.40083744586,,0.13684210526315796,40.71782919967949,64.97085147975082,14.85394331972629,True,True
2026-08-03,8,26500.0,0.0,4.0,0.0,3.0,0.0,-426412.2102663169,-426412.2102663169,0.0,1294126.4884132796,1294126.4884132796,73734.95355297888,-157965.09617280646,,0.10538780343398467,42.24119997901782,64.97462076698993,15.428690286548724,True,True
2026-08-03,8,26600.0,0.0,5.0,0.0,2.0,0.0,-578610.146235394,-578610.146235394,0.0,1801083.1784248662,1801083.1784248662,94814.38886217382,-203212.47944941194,,0.11592689295039159,42.530329938181865,64.96556963872213,16.042006971032507,True,True
2026-08-03,8,26800.0,0.0,6.0,0.0,1.0,0.0,-812997.5646957122,-812997.5646957122,0.0,2631510.5152554833,2631510.5152554833,120588.23813217007,-250157.71053572083,,0.08396305625524769,44.687069868252124,64.95162835060273,17.250639854658044,True,True
2026-08-03,8,27000.0,0.0,26.0,0.0,22.0,0.0,-4086435.2009991803,-4086435.2009991803,0.0,13932684.077716293,13932684.077716293,524983.5789713927,-1075161.8115766195,,0.07333333333333333,46.4466151269602,64.75689325354726,18.859375310923117,True,True
2026-08-03,8,27200.0,0.0,5.0,0.0,4.0,0.0,-895749.5331677105,-895749.5331677105,0.0,3219614.6348212254,3219614.6348212254,96664.86106102867,-194472.97557543442,,0.06129032258064504,47.7245601566324,64.94670640349696,19.607921166734048,True,True
2026-08-03,8,27400.0,0.0,7.0,0.0,1.0,0.0,-1412242.7808395538,-1412242.7808395538,0.0,5387695.602760344,5387695.602760344,124959.83882935351,-240992.23805937672,,0.05231037489102005,49.20456387663366,64.91598163497854,20.841764742441633,True,True
2026-08-03,8,27500.0,0.0,3.0,0.0,1.0,0.0,-639434.3827996999,-639434.3827996999,0.0,2515766.8268119674,2515766.8268119674,49362.03006301325,-93371.73359276487,,0.05360662199448165,49.707076807703245,64.9619535166361,21.345533214822737,True,True
2026-08-03,8,27600.0,0.0,1.0,0.0,1.0,0.0,-223780.99753274312,-223780.99753274312,0.0,911863.220565023,911863.220565023,14514.65109537348,-26994.56551770498,,0.04695837780149409,50.47348539785943,64.98667061932017,21.892684223212136,True,True
2026-08-03,8,27750.0,0.0,1.0,0.0,1.0,0.0,-238619.56353860267,-238619.56353860267,0.0,1027119.4192004597,1027119.4192004597,11399.933559859075,-19998.419258237947,,0.04294478527607362,51.48267645046158,64.98578970569426,22.78197193405637,True,True
2026-08-03,8,27800.0,0.0,4.0,0.0,2.0,0.0,-972983.1116259268,-972983.1116259268,0.0,4272439.426183205,4272439.426183205,40951.83344206539,-69651.08062787681,,0.04265264387963781,51.82604316492419,64.94211285719066,23.150059251393955,True,True
2026-08-03,8,27900.0,0.0,1.0,0.0,2.0,0.0,-251852.43241731153,-251852.43241731153,0.0,1153591.965402706,1153591.965402706,7536.13885996007,-11722.316647760565,,0.042440318302387266,52.38659373651171,64.98500407162025,23.671205059556453,True,True
2026-08-03,8,27975.0,0.0,1.0,0.0,1.0,0.0,-257678.27485365834,-257678.27485365834,0.0,1220099.7770414213,1220099.7770414213,5229.21323346493,-7076.202049361821,,0.02940086473131557,53.22216898206362,64.9846581958515,24.115794746293677,True,True
2026-08-03,8,28000.0,0.0,6.0,0.0,1.0,0.0,-1557931.9550433,-1557931.9550433,0.0,7455220.355025579,7455220.355025579,26546.493243261975,-32861.91821972253,,0.028985507246376812,53.446662553234525,64.90731522834994,24.38622996102355,True,True
2026-08-03,8,28100.0,0.0,1.0,0.0,1.0,0.0,-265960.0874824334,-265960.0874824334,0.0,1333812.8239546036,1333812.8239546036,1022.4305382686463,1131.649728797556,,0.026420079260237782,54.05224527689557,64.9841665515608,24.856729015513174,True,True
2026-08-03,8,28200.0,0.0,3.0,0.0,8.0,0.0,-811905.3830206718,-811905.3830206718,0.0,4281292.381290895,4281292.381290895,-7624.112009798421,23802.610857753745,,0.024324052668609958,53.88403042106557,64.9516955219953,24.649872864649506,True,True
2026-08-03,8,28225.0,0.0,1.0,0.0,1.0,0.0,-271354.8099761908,-271354.8099761908,0.0,1451077.7675194733,1451077.7675194733,-3478.2842317863797,9670.662741711289,,0.02612709949906702,53.6562475498188,64.98384652352496,24.4521252880848,True,True
2026-08-03,8,28300.0,0.0,6.0,0.0,3.0,0.0,-1641270.7155306218,-1641270.7155306218,0.0,9148420.799965851,9148420.799965851,-38336.25988853243,89559.77116844663,,0.022988505747126436,53.369916024440066,64.90235770364532,24.13240647130315,True,True
2026-08-03,8,28375.0,0.0,1.0,0.0,1.0,0.0,-274432.0756952107,-274432.0756952107,0.0,1599902.8156007307,1599902.8156007307,-9342.47983285022,20105.49273349361,,0.023424044092318335,52.84855593518172,64.98366441581983,23.56344662226156,True,True
2026-08-03,8,28400.0,0.0,1.0,0.0,3.0,0.0,-274411.4316502539,-274411.4316502539,0.0,1625095.587899764,1625095.587899764,-10313.001906521065,21785.730098891043,,0.022918773171553792,52.71558351666474,64.98366578929546,23.415315374331566,True,True
2026-08-03,8,28450.0,0.0,7.0,0.0,1.0,0.0,-1917182.4682172942,-1917182.4682172942,0.0,11727900.616672559,11727900.616672559,-85419.71021934685,175290.56372132286,,0.02452404001290728,52.447847179723674,64.88594382835251,23.268623320185977,True,True
2026-08-03,8,28475.0,0.0,1.0,0.0,1.0,0.0,-272832.4025181075,-272832.4025181075,0.0,1699736.8336379468,1699736.8336379468,-13063.571321662783,26561.642349757283,,0.0991566170095373,49.98405656310547,64.98376013247521,22.97087005714066,True,True
2026-08-03,8,28500.0,0.0,2.0,0.0,2.0,0.0,-546483.1551522303,-546483.1551522303,0.0,3452178.1974872937,3452178.1974872937,-28087.778012243212,56336.97690405357,,0.023671385472267277,52.1132634231802,64.96748488527231,22.847662774490548,True,True
2026-08-03,8,28550.0,1.0,0.0,1.0,0.0,-268064.517500463,0.0,-268064.517500463,-1042955.1513027034,0.0,-1042955.1513027034,-15350.997467710406,30734.16733535516,0.051011433597185574,,50.98402042705625,34.984066985288166,22.52631633544867,True,True
2026-08-03,8,28575.0,0.0,1.0,0.0,1.0,0.0,-271495.56212667044,-271495.56212667044,0.0,1802162.437734877,1802162.437734877,-16957.23926248272,32795.73275932256,,0.09820324434422055,49.42013555850527,64.98384016386171,22.378302426966346,True,True
2026-08-03,8,28600.0,1.0,0.0,1.0,0.0,-266102.95470671146,0.0,-266102.95470671146,-993568.9683795129,0.0,-993568.9683795129,-17391.81655853323,33834.20303542439,0.0513405590416429,,50.67788557144268,34.984184395284366,22.229988560244397,True,True
2026-08-03,8,28625.0,1.0,0.0,1.0,0.0,-264717.45257968636,0.0,-264717.45257968636,-968856.7278929037,0.0,-968856.7278929037,-18366.871440199386,35291.515677828706,0.05418232153450658,,50.444502150516854,34.98426720511459,22.081810914244137,True,True
2026-08-03,8,28650.0,0.0,2.0,0.0,4.0,0.0,-533262.5266424813,-533262.5266424813,0.0,3753527.7734709475,3753527.7734709475,-39777.675575700836,74262.25364160011,,0.02401419020330198,51.21419600440963,64.9682717410798,21.9584300650993,True,True
2026-08-03,8,28675.0,2.0,1.0,2.0,1.0,-523164.6552273249,-265486.2094531422,-788650.8646804672,-1837494.8320207386,1903804.2250659612,66309.39304522262,-61469.98220812704,114639.60177443667,0.05709379695213558,0.08970411032266702,49.59730301534329,64.95285624873415,21.83460195541464,True,True
2026-08-03,8,28700.0,0.0,1.0,0.0,1.0,0.0,-263079.0880431245,-263079.0880431245,0.0,1928201.9216628813,1928201.9216628813,-21777.096350830136,39762.09193148181,,0.026729559748427643,50.82369336567945,64.98434141146662,21.63736357995834,True,True
2026-08-03,8,28750.0,0.0,1.0,0.0,2.0,0.0,-258421.28929555358,-258421.28929555358,0.0,1978421.4534667206,1978421.4534667206,-23411.398130897698,42028.98182371288,,0.02615694164989948,50.54461081635545,64.98461870552867,21.340944146766418,True,True
2026-08-03,8,28775.0,0.0,1.0,0.0,2.0,0.0,-256174.2563911587,-256174.2563911587,0.0,2004413.4053292118,2004413.4053292118,-24219.58192955368,43083.163967337234,,0.080286119504224,48.77260493458579,64.98475248183343,21.192737213204275,True,True
2026-08-03,8,28900.0,2.0,8.0,3.0,1.0,-478670.07888648583,-1933734.143538679,-2412404.2224251647,-1395906.3756706724,17015980.38577531,15620074.010104638,-269980.4569784326,468576.54603811016,0.0748387096774195,0.1769832402234638,46.778230681368726,64.85648296380492,20.665970138543003,True,True
2026-08-03,8,28925.0,0.0,1.0,0.0,1.0,0.0,-238238.59179304243,-238238.59179304243,0.0,2149421.404150576,2149421.404150576,-27736.13905739572,47528.93294709213,,0.17347497535866827,45.08815598211293,64.98581999535891,20.30334421712929,True,True
2026-08-03,8,28950.0,1.0,2.0,2.0,1.0,-232918.57597078165,-469474.43897414184,-702393.0149449235,-651804.8704112724,4346098.870554921,3694294.000143649,-84557.55616308188,144013.58976053688,0.08057040998217477,0.16931671680275034,46.421528715152306,64.95820995361304,20.20223362998428,True,True
2026-08-03,8,28975.0,1.0,0.0,2.0,0.0,-229360.10471194144,0.0,-229360.10471194144,-628910.4334884945,0.0,-628910.4334884945,-28302.62321918217,48312.32706123859,0.08480300187617269,,47.45205409430796,34.98637901381741,20.006781302504066,True,True
2026-08-03,8,29000.0,4.0,6.0,6.0,1.0,-902358.8472814255,-1361444.9578742587,-2263803.8051556842,-2424267.568484903,13314839.728213448,10890572.159728546,-292728.0602094447,488096.8999190299,0.08778173190984574,0.16272097591233328,46.205497127989595,64.86532291794965,20.068396313309016,True,True
2026-08-03,8,29025.0,0.0,1.0,0.0,1.0,0.0,-222670.41734831792,-222670.41734831792,0.0,2241640.584760653,2241640.584760653,-29972.435800982414,49106.08529707814,,0.1594320486815415,44.916921597867045,64.98674644701732,19.710292795675823,True,True
2026-08-03,8,29050.0,0.0,2.0,0.0,1.0,0.0,-436582.8283268723,-436582.8283268723,0.0,4528340.903453913,4528340.903453913,-60652.46686709451,98464.1822925644,,0.1564490445859873,44.871061634690314,64.97402398621287,19.585054720366664,True,True
2026-08-03,8,29100.0,11.0,0.0,3.0,0.0,-2295720.877153171,0.0,-2295720.877153171,-5688542.168209301,0.0,-5688542.168209301,-332814.0842815368,541583.7103182994,0.10433070866141742,,46.25337476101664,34.863428157125334,19.49257970539888,True,True
2026-08-03,8,29200.0,2.0,0.0,2.0,0.0,-380167.5029486312,0.0,-380167.5029486312,-869156.3570782745,0.0,-869156.3570782745,-60929.994688767074,96871.49665906705,0.15059116365899203,,44.15801478566064,34.97740075473355,18.694353616124147,True,True
2026-08-03,8,29250.0,0.0,1.0,0.0,2.0,0.0,-180327.1533756235,-180327.1533756235,0.0,2422420.4034126694,2422420.4034126694,-30451.347199017484,47472.95763725778,,0.1258261093468373,44.59192486264887,64.98926598487903,18.37567842985173,True,True
2026-08-03,8,29300.0,1.0,1.0,7.0,1.0,-170728.84757259392,-167898.42055095886,-338627.2681235528,-360173.78780687193,2480435.194461544,2120261.406654672,-60903.31518156719,91251.51244602597,0.17774219375500402,0.1362765514369012,43.37294633299213,64.97984768761194,18.10041927981066,True,True
2026-08-03,8,29350.0,0.0,2.0,0.0,2.0,0.0,-329693.6396881608,-329693.6396881608,0.0,4878231.6540104505,4878231.6540104505,-57157.03269944038,93615.2370811381,,0.12589402141699924,44.01014577608089,64.98038315683658,17.803854490666417,True,True
2026-08-03,8,29400.0,4.0,4.0,4.0,2.0,-598449.6272106507,-598225.8619826001,-1196675.489193251,-1170101.1775431782,10082680.209760625,8912579.032217447,-231795.6221302813,341918.28040928673,0.21757322175732216,0.14478413790437902,42.13202769196488,64.92880702626866,17.63078964239243,True,True
2026-08-03,8,29425.0,1.0,0.0,1.0,0.0,-144266.20931969406,0.0,-144266.20931969406,-276884.2293413751,0.0,-276884.2293413751,-28538.095889882858,41800.82820386379,0.22869955156950678,,40.46880777298934,34.99147164878208,17.337538722483163,True,True
2026-08-03,8,29450.0,1.0,2.0,1.0,2.0,-138945.05012466773,-251116.43723335493,-390061.48735802266,-261726.5509807428,5226209.120067571,4964482.569086828,-83412.912621808,113377.99256446928,0.23345367027677488,0.15107886483014007,41.439236667524014,64.97679187323155,17.22900506103372,True,True
2026-08-03,8,29500.0,0.0,1.0,0.0,1.0,0.0,-111678.71916992907,-111678.71916992907,0.0,2645714.5400168374,2645714.5400168374,-25745.938373078545,32210.479586098016,,0.14625228519195613,42.497834125896084,64.9933504639819,16.892039279026648,True,True
2026-08-03,8,29600.0,2.0,0.0,2.0,0.0,-216917.80037123017,0.0,-216917.80037123017,-363738.93686160503,0.0,-363738.93686160503,-49036.44754196988,68028.53374159745,0.3238095238095238,,36.591375242905926,34.98713660510401,16.318715237764852,True,True
2026-08-03,8,29650.0,2.0,0.0,2.0,0.0,-198140.8579332554,0.0,-198140.8579332554,-322301.5827188703,0.0,-322301.5827188703,-46159.95872611867,62820.38512293483,0.39647577092511016,,34.11512673715849,34.98825896399708,16.021815827182127,True,False
2026-08-03,8,29675.0,0.0,1.0,0.0,1.0,0.0,-103987.14011314484,-103987.14011314484,0.0,2628303.4853541707,2628303.4853541707,-23444.864839604856,34324.49658960773,,0.1870419989024115,40.23722889160297,64.99380800531321,15.854863982396397,True,True
2026-08-03,8,29700.0,3.0,1.0,4.0,1.0,-268316.90857288,-75752.74094247504,-344069.64951535506,-421559.3282052171,2708880.3408375275,2287321.0126323104,-84557.5490006608,110846.27884098524,0.44155844155844154,0.20368350125136372,36.06007055067799,64.97952443220419,15.761756678890364,True,True
2026-08-03,8,29725.0,1.0,0.0,2.0,0.0,-85356.56935642454,0.0,-85356.56935642454,-132556.71459375703,0.0,-132556.71459375703,-20904.819962396345,27829.647111035956,0.5111111111111112,,30.218894433062125,34.99503521992037,15.557969547688923,True,False
2026-08-03,8,29750.0,3.0,0.0,2.0,0.0,-242679.9787696477,0.0,-242679.9787696477,-370594.1779705494,0.0,-370594.1779705494,-60572.953025209295,80150.15296984544,0.5377643504531722,,29.296727626853503,34.98560322734296,15.446428303230702,True,False
2026-08-03,8,29775.0,2.0,0.0,2.0,0.0,-153596.4837597909,0.0,-153596.4837597909,-231112.18781024354,0.0,-231112.18781024354,-39053.68662280846,51486.6510324409,0.562091503267974,,28.40600203617296,34.990927311637485,15.279648819628383,True,False
2026-08-03,8,29800.0,146.0,144.0,7.0,144.0,-10445300.312977033,-8225090.660962873,-18670390.973939907,-15263991.928420888,394724305.76913524,379460313.84071434,-5001059.205619162,6186040.812760638,0.5185185185185185,0.19091101502736374,38.159946092694305,63.88928177193095,20.259714854286663,True,True
2026-08-03,8,29825.0,60.0,0.0,1.0,0.0,-4129784.234983982,0.0,-4129784.234983982,-6010011.620274749,0.0,-6010011.620274749,-1094459.7681470206,1433986.2745830554,0.6046511627906977,,27.574217843812086,34.754317953345165,16.02455002929093,True,False
2026-08-03,8,29875.0,0.0,1.0,0.0,1.0,0.0,-52829.657016213656,-52829.657016213656,0.0,2744943.4119300353,2744943.4119300353,-14688.372107929996,17417.16234174611,,0.18173402377990577,39.21142377615875,64.99685165205781,14.668080525142841,True,True
2026-08-03,8,29900.0,4.0,0.0,2.0,0.0,-233295.4291068451,0.0,-233295.4291068451,-324473.31787312427,0.0,-324473.31787312427,-63482.79617219133,80668.29391585804,0.7263681592039799,,22.7626105475863,34.9861672757491,14.572946562892469,True,False
2026-08-03,8,29950.0,2.0,0.0,2.0,0.0,-104457.88931258519,0.0,-104457.88931258519,-142133.74249659508,0.0,-142133.74249659508,-28861.99031582932,36093.07484673031,0.9364161849710984,,16.139347762099774,34.99389124078826,14.241064540219876,True,False
2026-08-03,8,30000.0,2.0,0.0,6.0,0.0,-90980.53451402525,0.0,-90980.53451402525,-119843.55909408582,0.0,-119843.55909408582,-25873.13923503302,31705.186472790578,1.0140845070422535,,13.935572218952883,34.99471264909408,13.94434528803084,True,False
2026-08-03,8,30100.0,3.0,0.0,1.0,0.0,-110648.26080630644,0.0,-110648.26080630644,-141955.89089546938,0.0,-141955.89089546938,-33284.14035236349,40727.180586477225,1.3454545454545455,,13.355830494489757,34.99352310229294,13.3681122661285,True,False
2026-08-03,8,30125.0,3.0,0.0,1.0,0.0,-104648.05520376549,0.0,-104648.05520376549,-133146.70624912495,0.0,-133146.70624912495,-32054.90488397853,39233.57490559927,1.4341463414634148,,13.207699948349832,34.993887050828334,13.219777744231088,True,False
2026-08-03,8,30200.0,10.0,0.0,11.0,0.0,-298687.9003408131,0.0,-298687.9003408131,-372158.85050909314,0.0,-372158.85050909314,-95966.54991075608,117869.94214173684,1.6923076923076923,,12.852771530606008,34.982271096032136,12.89132638688802,True,False
2026-08-03,8,30225.0,1.0,0.0,1.0,0.0,-28504.19593732505,0.0,-28504.19593732505,-35357.923429529474,0.0,-35357.923429529474,-9110.289242434204,11128.649763391273,1.7999999999999998,,12.589616843597016,34.99872848105596,12.593425940129075,True,False
2026-08-03,8,30250.0,2.0,0.0,2.0,0.0,-54468.05676731809,0.0,-54468.05676731809,-67341.48639732768,0.0,-67341.48639732768,-17347.823783992368,21107.731205688826,1.894736842105263,,12.454266757553656,34.99698238878729,12.461798592447389,True,False
2026-08-03,8,30275.0,1.0,0.0,1.0,0.0,-26066.818767081546,0.0,-26066.818767081546,-32159.976029809055,0.0,-32159.976029809055,-8285.963987341198,10057.576050368863,1.9724137931034484,,12.293355751317172,34.99891566548961,12.297081989712776,True,False
2026-08-03,8,30300.0,1.0,0.0,1.0,0.0,-25009.417497424794,0.0,-25009.417497424794,-30830.014192607763,0.0,-30830.014192607763,-7944.543624257445,9634.866245041698,1.971223021582734,,12.145225205177248,34.99899869055798,12.148915497433796,True,False
2026-08-03,8,30325.0,1.0,0.0,1.0,0.0,-24376.172939646145,0.0,-24376.172939646145,-30212.53164049523,0.0,-30212.53164049523,-7744.285622102514,9442.596025786908,1.9708029197080292,,11.997094659037327,34.999046306051525,12.000763424275151,True,False
2026-08-03,8,30350.0,1.0,0.0,1.0,0.0,-23553.711009950206,0.0,-23553.711009950206,-29252.99620402587,0.0,-29252.99620402587,-7487.527662295982,9149.953226035303,1.9699248120300752,,11.848964112897402,34.99911151921265,11.852604918710796,True,False
2026-08-03,8,30375.0,1.0,0.0,1.0,0.0,-22746.018997342933,0.0,-22746.018997342933,-28302.708004276996,0.0,-28302.708004276996,-7239.734573371566,8866.807472286378,1.9689922480620157,,11.700833566757481,34.9991767849672,11.704446915246743,True,False
2026-08-03,8,30400.0,11.0,0.0,14.0,0.0,-243758.62650515075,0.0,-243758.62650515075,-304846.5992721476,0.0,-304846.5992721476,-77673.92716216172,95635.40778863405,1.968503937007874,,11.680507621583194,34.985547787110555,11.720035270722972,True,False
2026-08-03,8,30425.0,1.0,0.0,1.0,0.0,-21381.781686640395,0.0,-21381.781686640395,-26781.501131902893,0.0,-26781.501131902893,-6829.24325261867,8426.850641454821,1.967479674796748,,11.404572474477636,34.99928804594735,11.408139445999627,True,False
2026-08-03,8,30450.0,1.0,2.0,1.0,2.0,-20824.587847960167,-18450.193322002524,-39274.78116996269,-26209.5578912517,5607647.7980869515,5581438.2401957,-13400.701802118341,15092.42995437306,1.9669421487603307,0.21146851928479649,11.28200284853084,64.99766082080774,11.29185829338382,True,True
2026-08-03,8,30475.0,1.0,0.0,1.0,0.0,-20280.751595140893,0.0,-20280.751595140893,-25645.50430948827,0.0,-25645.50430948827,-6503.14805847645,8108.665005799679,1.9663865546218489,,11.10831138219779,34.99937835505466,11.111840924427884,True,False
2026-08-03,8,30500.0,35.0,0.0,3.0,0.0,-691245.2904786775,0.0,-691245.2904786775,-878120.8150539793,0.0,-878120.8150539793,-222179.2371346167,278466.3223880402,1.965811965811966,,11.394716479341028,34.95889428389779,11.517618799592539,True,False
2026-08-03,8,30525.0,1.0,0.0,1.0,0.0,-19231.53726017235,0.0,-19231.53726017235,-24540.374374998006,0.0,-24540.374374998006,-6197.788393910524,7807.90271401851,1.965217391304348,,10.812050289917947,34.99946711143158,10.815544164322151,True,False
2026-08-03,8,30550.0,1.0,0.0,1.0,0.0,-18725.389583570755,0.0,-18725.389583570755,-23998.965003260695,0.0,-23998.965003260695,-6052.386045628444,7663.68900638695,1.9646017699115046,,10.663919743778024,34.999511010806565,10.667396411795883,True,False
2026-08-03,8,30575.0,2.0,0.0,1.0,0.0,-36462.117908398104,0.0,-36462.117908398104,-46929.55772962791,0.0,-46929.55772962791,-11823.174123325758,15046.805512995807,1.963963963963964,,10.528569657734666,34.99815045730414,10.535489384433887,True,False
2026-08-03,8,30600.0,3.0,0.0,2.0,0.0,-53244.58589617079,0.0,-53244.58589617079,-68812.98434534424,0.0,-68812.98434534424,-17325.646260257905,22160.737320039225,1.9633027522935782,,10.393219571691304,34.99705041110994,10.403549917187659,True,False
2026-08-03,8,30625.0,1.0,0.0,1.0,0.0,-17474.453406606874,0.0,-17474.453406606874,-22759.281257202456,0.0,-22759.281257202456,-5693.557484238345,7340.558381056976,1.9633027522935782,,10.219528105358258,34.99961947202502,10.222962248057623,True,False
2026-08-03,8,30650.0,1.0,0.0,1.0,0.0,-17012.465511315757,0.0,-17012.465511315757,-22244.753261018355,0.0,-22244.753261018355,-5564.533313416712,7209.813835105987,1.9626168224299068,,10.071397559218333,34.99966219927468,10.074815996734056,True,False
2026-08-03,8,30675.0,1.0,0.0,1.0,0.0,-16560.96369225681,0.0,-16560.96369225681,-21736.859221191906,0.0,-21736.859221191906,-5439.476413371228,7082.531850204125,1.961904761904762,,9.923267013078412,34.99970481386997,9.926670101882499,True,False
2026-08-03,8,30700.0,2.0,0.0,2.0,0.0,-32625.468492817035,0.0,-32625.468492817035,-43145.23097754457,0.0,-43145.23097754457,-10731.585015985207,14082.365993342706,1.961904761904762,,9.787916927035054,34.998406736752315,9.794706227625136,True,False
2026-08-03,8,30725.0,1.0,0.0,1.0,0.0,-15880.263804126149,0.0,-15880.263804126149,-21076.500571188855,0.0,-21076.500571188855,-5247.294703818023,6919.109574923362,1.9611650485436896,,9.627005920798567,34.99976692829503,9.630385869349718,True,False
2026-08-03,8,30750.0,1.0,0.0,1.0,0.0,-15457.403686222497,0.0,-15457.403686222497,-20586.621865963392,0.0,-20586.621865963392,-5132.360828729077,6800.200998430263,1.9603960396039606,,9.478875374658644,34.99980901842404,9.482240948166911,True,False
2026-08-03,8,30775.0,1.0,0.0,1.0,0.0,-15232.192118824609,0.0,-15232.192118824609,-20435.45552376208,0.0,-20435.45552376208,-5065.727548456473,6763.3095367778005,1.9603960396039606,,9.330744828518721,34.99982780578866,9.334102746005994,True,False
2026-08-03,8,30800.0,1.0,0.0,1.0,0.0,-15012.437600853635,0.0,-15012.437600853635,-20286.920896569685,0.0,-20286.920896569685,-5000.729427682083,6727.221781585112,1.9603960396039606,,9.1826142823788,34.99984625291079,9.185964729356353,True,False
2026-08-03,8,30825.0,1.0,0.0,1.0,0.0,-14614.744927289345,0.0,-14614.744927289345,-19812.8498078229,0.0,-19812.8498078229,-4894.01717365776,6614.656456006264,1.9595959595959598,,9.034483736238878,34.999887602022014,9.03782066373565,True,False
2026-08-03,8,30850.0,1.0,0.0,1.0,0.0,-14407.79216078289,0.0,-14407.79216078289,-19671.492763932678,0.0,-19671.492763932678,-4832.867987796673,6580.905724714114,1.9595959595959598,,8.886353190098955,34.99990535359536,8.88968308227892,True,False
2026-08-03,8,30875.0,1.0,0.0,1.0,0.0,-14205.699418661034,0.0,-14205.699418661034,-19532.4846425748,0.0,-19532.4846425748,-4773.166347153696,6547.858863573776,1.9595959595959598,,8.738222643959032,34.99992280242907,8.741545666037725,True,False
2026-08-03,8,30900.0,3.0,0.0,1.0,0.0,-41493.369855156925,0.0,-41493.369855156925,-57220.150684884735,0.0,-57220.150684884735,-14021.685100948962,19323.450169073756,1.9587628865979383,,8.615653018012235,34.99779366330081,8.625583883332046,True,False
2026-08-03,8,30950.0,1.0,0.0,1.0,0.0,-13454.605070378013,0.0,-13454.605070378013,-18810.979059691585,0.0,-18810.979059691585,-4562.704201372611,6379.950889518535,1.9587628865979383,,8.293831005539264,34.99999693783315,8.2971284943198,True,False
2026-08-03,8,31000.0,89.0,0.0,10.0,0.0,-1150390.9980197765,0.0,-1150390.9980197765,-1623542.8626336134,0.0,-1623542.8626336134,-393231.13311467535,556274.604343619,1.9578947368421054,,9.122250401757007,34.93157145393615,9.414126807222907,True,False
2026-08-03,8,31100.0,6.0,0.0,1.0,0.0,-72600.33095519821,0.0,-72600.33095519821,-104748.32396177539,0.0,-104748.32396177539,-25119.0319555583,36447.610393741765,1.956989247311828,,7.4689500291825475,34.99582414066208,7.4884586759890865,True,False
2026-08-03,8,31200.0,6.0,0.0,7.0,0.0,-66190.00405571921,0.0,-66190.00405571921,-96673.01240613735,0.0,-96673.01240613735,-23453.41067716749,34702.80368664925,2.0,,6.876427844622857,34.99621745832713,6.895718573682622,True,False
2026-08-03,8,31400.0,4.0,0.0,5.0,0.0,-38334.820939513374,0.0,-38334.820939513374,-57923.85234102177,0.0,-57923.85234102177,-14073.748604158276,21785.097755888626,2.0,,5.665822555310352,34.99797838356401,5.678486148651972,True,False
2026-08-03,8,31500.0,2.0,0.0,1.0,0.0,-16601.712605143926,0.0,-16601.712605143926,-24852.132763307625,0.0,-24852.132763307625,-6299.2125781046625,9791.230938261986,2.0,,5.047739450557534,34.9996158949734,5.053984026856229,True,False
2026-08-03,8,31600.0,1.0,0.0,2.0,0.0,-7940.253338188031,0.0,-7940.253338188031,-12153.5103806928,0.0,-12153.5103806928,-2997.853625708469,4758.2053383090415,2.0,,4.442436805901282,35.00076173702576,4.445546835426894,True,False
2026-08-03,8,31700.0,1.0,0.0,1.0,0.0,-8642.398786330541,0.0,-8642.398786330541,-14091.509665914306,0.0,-14091.509665914306,-3206.7864734134246,5367.941521907255,2.0,,3.849914621341592,35.00055025122375,3.853048520157549,True,False
2026-08-03,8,31800.0,5.0,0.0,6.0,0.0,-45256.35866092068,0.0,-45256.35866092068,-77508.28580039751,0.0,-77508.28580039751,-16268.325076205796,28269.203346391634,2.0,,3.3085142771681557,34.99750118411349,3.3242532690071593,True,False
2026-08-03,8,32000.0,16.0,0.0,34.0,0.0,-129423.17333104448,0.0,-129423.17333104448,-228314.2716690747,0.0,-228314.2716690747,-47876.52704506621,86477.44467469737,2.0,,2.2640549691109753,34.992366198770384,2.313896319213968,True,False
2026-08-03,8,32200.0,4.0,0.0,3.0,0.0,-29208.538874521306,0.0,-29208.538874521306,-53038.98290530043,0.0,-53038.98290530043,-11104.431430548859,20834.50474521044,2.0,,0.9256450788328352,34.99854516352766,0.9379984260894727,True,False
2026-08-03,8,32800.0,4.0,0.0,2.0,0.0,-18577.653783246762,0.0,-18577.653783246762,-34942.94208526446,0.0,-34942.94208526446,-6822.51797042893,13174.665435193418,2.0,,0.051121840386253906,34.99932405778273,0.06311379288695697,True,False
2026-08-03,8,33000.0,2.0,0.0,1.0,0.0,-8510.908397992473,0.0,-8510.908397992473,-16444.573705399824,0.0,-16444.573705399824,-3137.7862734194487,6223.796238364357,2.0,,0.025560920193126953,35.00040577800596,0.03153045126401047,True,False
2026-08-03,8,33200.0,3.0,0.0,3.0,0.0,-11857.795851994482,0.0,-11857.795851994482,-23569.132881536625,0.0,-23569.132881536625,-4392.503845054218,8963.820898417292,2.0,,0.03834138028969043,34.99993096778151,0.04726479035606741,True,False
2026-08-03,8,34500.0,1.0,0.0,2.0,0.0,-2332.585367936183,0.0,-2332.585367936183,-5308.52144644817,0.0,-5308.52144644817,-947.0315475011238,2245.147928245771,2.0,,0.012780460096563476,35.00268634578383,0.0156998581008986,True,False
2026-08-03,8,37000.0,1.0,0.0,1.0,0.0,-942.216988436672,0.0,-942.216988436672,-2510.7266292029194,0.0,-2510.7266292029194,-402.35487607869584,1129.2646297789295,2.0,,0.012780460096563476,35.00591593415899,0.015652592813309267,True,False
2026-08-03,8,38000.0,1.0,0.0,1.0,0.0,-1460.4036576368396,0.0,-1460.4036576368396,-4786.73862366725,0.0,-4786.73862366725,-626.7597350159531,2150.165540863446,2.0,,0.012780460096563476,35.0030461223961,0.015670208462734148,True,False
2026-08-04,9,16000.0,0.0,25.0,0.0,10.0,0.0,-9612.383236339861,-9612.383236339861,0.0,53465.174362364654,53465.174362364654,4552.26869974005,-24245.822180905554,,2.0,0.31951150241408693,64.99914759954798,0.3908408295006019,True,False
2026-08-04,9,19000.0,1.0,1.0,1.0,1.0,-2153.969506162172,-1226.9315351947466,-3380.9010413569185,-2801341.6557562607,5598.419091865067,-2795743.236664396,1275.661055645255,-5745.3493989842045,0.07049131969102697,1.9603960396039606,0.025560920193126953,34.99980423248337,0.03135605771721962,True,True
2026-08-04,9,20000.0,2.0,4.0,2.0,2.0,-5922.210931232083,-6757.962898595869,-12680.173829827952,-5596816.194783597,27889.494909074096,-5568926.699874523,4711.128075518423,-18591.902071112214,0.07912001667749874,1.9646017699115046,0.07668276057938087,34.999248338681525,0.09415443394730519,True,True
2026-08-04,9,21000.0,1.0,1.0,1.0,1.0,-4184.137145921453,-2416.9927325814456,-6601.129878502899,-2794368.142799191,9008.73725637884,-2785359.4055428123,2390.0714548597543,-8617.491181776068,0.09015328293766676,1.969465648854962,0.025560920193126953,34.999612678203476,0.031465528735357955,True,True
2026-08-04,9,24000.0,0.0,1.0,0.0,1.0,0.0,-13544.909898550779,-13544.909898550779,0.0,40216.40570207061,40216.40570207061,4242.220406877444,-10111.811735264471,,0.7022222222222222,9.48477142108876,64.9988212284064,0.5547386464300562,True,False
2026-08-04,9,24500.0,0.0,1.0,0.0,1.0,0.0,-18546.085639815465,-18546.085639815465,0.0,51874.37695455393,51874.37695455393,5513.31166367859,-12050.241053324362,,0.7896678966789668,9.824012110184873,64.99860752232117,3.517519583170982,True,False
2026-08-04,9,25000.0,0.0,8.0,0.0,2.0,0.0,-240018.72005301557,-240018.72005301557,0.0,694750.6786718298,694750.6786718298,66195.43843165277,-143108.94485206794,,0.3585313174946005,25.810183629190252,64.98569948211416,6.597003359085045,True,False
2026-08-04,9,25200.0,0.0,8.0,0.0,7.0,0.0,-283291.7574353889,-283291.7574353889,0.0,819262.9731218348,819262.9731218348,74639.5975145772,-156400.01351761702,,0.2804428044280442,29.337883390306317,64.98312841190842,7.783518786225378,True,True
2026-08-04,9,25600.0,0.0,1.0,0.0,6.0,0.0,-50841.55246413136,-50841.55246413136,0.0,150313.18437138182,150313.18437138182,12173.804801358263,-24781.212184610955,,0.25,32.53179304071046,64.99687559977838,10.036361491091325,True,True
2026-08-04,9,25800.0,0.0,1.0,0.0,1.0,0.0,-60432.52662612242,-60432.52662612242,0.0,182102.0203605716,182102.0203605716,13766.997465352091,-27857.986421306876,,0.1591836734693877,36.441327205748216,64.99632244420779,11.221731903408115,True,True
2026-08-04,9,26000.0,0.0,4.0,0.0,1.0,0.0,-289286.654110139,-289286.654110139,0.0,903005.5459626565,903005.5459626565,61294.73634876717,-121557.20574725802,,0.16720257234726696,37.424145988820904,64.98277346810747,12.4614178086235,True,True
2026-08-04,9,26200.0,0.0,8.0,0.0,2.0,0.0,-681476.7697793813,-681476.7697793813,0.0,2154981.652759789,2154981.652759789,135086.94712377375,-261073.45963008332,,0.1372812920592194,39.557950606967964,64.95945137936954,13.722276849561188,True,True
2026-08-04,9,26400.0,0.0,6.0,0.0,2.0,0.0,-601497.2168346628,-601497.2168346628,0.0,1963367.763752794,1963367.763752794,108999.47926386698,-209820.26756456858,,0.12724306688417622,41.01858081114551,64.9642087548939,14.873361205519195,True,True
2026-08-04,9,26500.0,1.0,9.0,1.0,7.0,-109253.40345190922,-972498.9574934723,-1081752.3609453815,-2407970.9234889233,3214901.367258182,806930.4437692584,186358.23257502166,-357954.9076316303,0.19983160258209373,0.09599208312716478,41.04216155697786,64.93562699960339,15.544691814457465,True,True
2026-08-04,9,26600.0,1.0,4.0,1.0,4.0,-116675.73640729274,-466048.0974478783,-582723.833855171,-2409989.227216365,1576255.6332181697,-833733.5939981951,96223.97393743042,-181379.32907502208,0.18808121280985557,0.10693769332744152,41.582853134634156,34.96535123143557,16.042146814998514,True,True
2026-08-04,9,26800.0,0.0,1.0,0.0,1.0,0.0,-134849.7690456853,-134849.7690456853,0.0,474614.43539164355,474614.43539164355,19999.92555212849,-36647.45017906183,,0.09195402298850563,44.38343856577157,64.99194606259564,17.149483547881648,True,True
2026-08-04,9,27000.0,0.0,11.0,0.0,6.0,0.0,-1698337.2631709476,-1698337.2631709476,0.0,6245431.40307538,6245431.40307538,217049.6135453021,-392286.3778052586,,0.0674289064790384,46.4320410311406,64.89896200176952,18.54388397674952,True,True
2026-08-04,9,27200.0,0.0,1.0,0.0,1.0,0.0,-174083.37185752523,-174083.37185752523,0.0,673094.6717963737,673094.6717963737,18908.987290508405,-33146.79230600199,,0.058131155416766736,47.7682133311625,64.98962134006064,19.520906024392513,True,True
2026-08-04,9,27300.0,0.0,1.0,0.0,1.0,0.0,-184225.37985372398,-184225.37985372398,0.0,732181.9358666143,732181.9358666143,18232.09240914386,-31288.742135598717,,0.05878510777269758,48.34111694504426,64.9890197813817,20.113772984431666,True,True
2026-08-04,9,27400.0,0.0,5.0,0.0,2.0,0.0,-972071.4879526107,-972071.4879526107,0.0,3976237.752771504,3976237.752771504,85796.93975897411,-144376.30513513103,,0.05138339920948617,49.20681222688654,64.94216682895967,20.795560085035845,True,True
2026-08-04,9,27450.0,0.0,3.0,0.0,3.0,0.0,-598147.3330646399,-598147.3330646399,0.0,2485104.9681437523,2485104.9681437523,49348.74762958641,-82307.22237098256,,0.05081874647092039,49.49445198113023,64.96440964643323,21.047868577764245,True,True
2026-08-04,9,27500.0,0.0,3.0,0.0,1.0,0.0,-613136.1004460244,-613136.1004460244,0.0,2585751.682476,2585751.682476,46967.375380599566,-77586.87609362879,,0.04848267193391992,49.86079530952009,64.96351818625246,21.344639210113712,True,True
2026-08-04,9,27550.0,0.0,1.0,0.0,1.0,0.0,-209122.30528248954,-209122.30528248954,0.0,896556.7318740323,896556.7318740323,14730.82602234959,-24120.157086804033,,0.04928131416837775,50.10753621457308,64.98754239713882,21.59592481169898,True,True
2026-08-04,9,27600.0,0.0,1.0,0.0,1.0,0.0,-213631.02383363148,-213631.02383363148,0.0,931924.9285244073,931924.9285244073,13694.390926249007,-22224.567760455557,,0.049559830453211565,50.39544181830791,64.98727480441366,21.892339176940236,True,True
2026-08-04,9,27650.0,0.0,1.0,0.0,1.0,0.0,-218231.4538104525,-218231.4538104525,0.0,967236.4635483572,967236.4635483572,12722.215651146798,-20316.473849189722,,0.04361370716510903,50.87008660923084,64.98700170835244,22.18875665989258,True,True
2026-08-04,9,27675.0,0.0,5.0,0.0,4.0,0.0,-1102213.1188651922,-1102213.1188651922,0.0,4927006.234597599,4927006.234597599,61455.001147014584,-96920.37039861432,,0.045662100456621,51.00788719701165,64.93442531538585,22.42942023059706,True,True
2026-08-04,9,27700.0,0.0,2.0,0.0,1.0,0.0,-445104.60520557076,-445104.60520557076,0.0,2008038.4250040122,2008038.4250040122,23642.07673823965,-36814.63746899946,,0.043704474505723165,51.17640514138881,64.97351286061398,22.508350820712536,True,True
2026-08-04,9,27725.0,0.0,1.0,0.0,1.0,0.0,-224772.7674471649,-224772.7674471649,0.0,1022715.9298608907,1022715.9298608907,11337.35206052721,-17406.198122729456,,0.046511627906976744,51.22754062539456,64.9866134010471,22.633370668926357,True,True
2026-08-04,9,27775.0,0.0,1.0,0.0,1.0,0.0,-228821.3608890495,-228821.3608890495,0.0,1061444.8276524341,1061444.8276524341,10250.072502390238,-15270.667163271512,,0.04160887656033287,51.670884258073734,64.98637308176423,22.929769392308998,True,True
2026-08-04,9,27800.0,0.0,2.0,0.0,2.0,0.0,-461560.68827800767,-461560.68827800767,0.0,2162433.376497762,2162433.376497762,19327.250702457455,-28301.466128477485,,0.04336043360433604,51.77924855299012,64.97253440692093,23.101432426437494,True,True
2026-08-04,9,27875.0,0.0,1.0,0.0,1.0,0.0,-236733.46887385272,-236733.46887385272,0.0,1141617.3637444032,1141617.3637444032,7772.649765089169,-10620.13661678107,,0.04180919802356518,52.257396798736444,64.98590337583892,23.52256054735511,True,True
2026-08-04,9,27900.0,0.0,1.0,0.0,1.0,0.0,-238675.27555417668,-238675.27555417668,0.0,1162165.2824829437,1162165.2824829437,7094.820968434232,-9385.830239204488,,0.03173029251363414,52.7078945101743,64.98578808834101,23.670757104814435,True,True
2026-08-04,9,27925.0,0.0,1.0,0.0,1.0,0.0,-240251.53917166239,-240251.53917166239,0.0,1183155.0903558857,1183155.0903558857,6373.807329651387,-8109.729722396648,,0.03099273607748173,52.878151749398796,64.98569454399015,23.818941235712394,True,True
2026-08-04,9,27950.0,0.0,5.0,0.0,4.0,0.0,-1210573.2581655947,-1210573.2581655947,0.0,6020294.826326528,6020294.826326528,28267.36976600177,-34127.99110029654,,0.02890995260663518,53.13988764005037,64.92797942705633,24.062539918823116,True,True
2026-08-04,9,27975.0,0.0,4.0,0.0,4.0,0.0,-975235.5315720652,-975235.5315720652,0.0,4900816.591992203,4900816.591992203,19627.8776164411,-22057.695094091563,,0.029670839128419127,53.252411130440215,64.94197930888207,24.187049644927015,True,True
2026-08-04,9,28000.0,0.0,1.0,0.0,2.0,0.0,-245374.241392395,-245374.241392395,0.0,1246521.2674965675,1246521.2674965675,4140.253576213898,-4181.858726334412,,0.028111539333484547,53.40897929013848,64.98539043434822,24.263507019342356,True,True
2026-08-04,9,28025.0,0.0,2.0,0.0,1.0,0.0,-493706.9902115868,-493706.9902115868,0.0,2535912.7956183916,2535912.7956183916,6716.76781812312,-5665.603891865429,,0.030155210643015573,53.508580157089035,64.97062301638569,24.43570014863072,True,True
2026-08-04,9,28050.0,0.0,2.0,0.0,1.0,0.0,-496583.6073369198,-496583.6073369198,0.0,2578943.524189789,2578943.524189789,5130.746815657092,-2942.5582165163823,,0.027765726681127884,53.72839522208559,64.97045198256535,24.58392848477919,True,True
2026-08-04,9,28075.0,0.0,2.0,0.0,2.0,0.0,-499619.65720190806,-499619.65720190806,0.0,2622066.0556286396,2622066.0556286396,3531.3078124716576,-202.42541165755233,,0.0278220239991504,53.874836848684836,64.97027146091015,24.732162240810908,True,True
2026-08-04,9,28250.0,0.0,1.0,0.0,1.0,0.0,-256836.12229178537,-256836.12229178537,0.0,1466171.2048783775,1466171.2048783775,-4140.293365376934,9766.333415809442,,0.024122807017543733,53.56824577812457,64.98471035960208,24.30350118213804,True,True
2026-08-04,9,28450.0,0.0,2.0,0.0,2.0,0.0,-518087.84849493956,-518087.84849493956,0.0,3309678.5181090212,3309678.5181090212,-22893.06251727111,42206.20636547198,,0.02370439228445281,52.40853431109449,64.96917396027736,23.14295857415073,True,True
2026-08-04,9,28475.0,0.0,2.0,0.0,2.0,0.0,-517787.34895639675,-517787.34895639675,0.0,3357578.8926049364,3357578.8926049364,-24668.36087610312,44878.653355098504,,0.021867881548975083,52.31549908701889,64.9691919019199,22.994817812590696,True,True
2026-08-04,9,28500.0,1.0,0.0,1.0,0.0,-255056.75452971525,0.0,-255056.75452971525,-1115137.718029667,0.0,-1115137.718029667,-12864.956012526623,23469.195844640264,0.04658106897581358,,51.41319245797725,34.98483989773827,22.822135231497086,True,True
2026-08-04,9,28550.0,1.0,0.0,1.0,0.0,-254096.68175552387,0.0,-254096.68175552387,-1068413.0697882252,0.0,-1068413.0697882252,-14480.782319479762,25938.26423321362,0.04898351208580122,,51.04485807239778,34.984897601582034,22.525841501740405,True,True
2026-08-04,9,28575.0,2.0,0.0,2.0,0.0,-507345.82615781965,0.0,-507345.82615781965,-2089721.4588197689,0.0,-2089721.4588197689,-30574.10201315212,54288.74547753818,0.052832696461206106,,50.79403245509228,34.96982472290155,22.40194067060733,True,True
2026-08-04,9,28725.0,0.0,2.0,0.0,2.0,0.0,-501457.2883664122,-501457.2883664122,0.0,3842042.8321368876,3842042.8321368876,-43216.7560441883,69740.86297756483,,0.07846818096489573,49.13618464314206,64.9701639551009,21.512957214134616,True,True
2026-08-04,9,28750.0,0.0,2.0,0.0,2.0,0.0,-495339.5272532536,-495339.5272532536,0.0,3883425.131090482,3883425.131090482,-44404.61695369547,71473.82418682944,,0.025449651290835762,50.578609987223935,64.97052794776192,21.364618695961756,True,True
2026-08-04,9,29050.0,0.0,1.0,0.0,1.0,0.0,-215230.48372896426,-215230.48372896426,0.0,2217788.2494484736,2217788.2494484736,-29563.3480757524,43282.610718470714,,0.15420766632398286,44.92552252245388,64.98718898332761,19.561909330520088,True,True
2026-08-04,9,29100.0,1.0,0.0,1.0,0.0,-206692.67175586795,0.0,-206692.67175586795,-565100.862748444,0.0,-565100.862748444,-29680.09982686854,43543.07507559635,0.09586776859504127,,46.37945836204228,34.98773021274552,19.26535799707521,True,True
2026-08-04,9,29175.0,3.0,0.0,2.0,0.0,-584603.8278592516,0.0,-584603.8278592516,-1507785.415126103,0.0,-1507785.415126103,-91298.59424908219,130883.40766878385,0.10965550703541965,,45.54699549060429,34.96523134593947,18.86505449549459,True,True
2026-08-04,9,29200.0,6.0,1.0,1.0,1.0,-1144405.4433650381,-190524.3146999215,-1334929.7580649597,-2896473.378523599,2316827.127897337,-579646.2506262618,-213247.38616158886,304736.57959529955,0.11270491803278689,0.14083769633507862,44.93651278039523,34.920609717493896,18.804913374655353,True,True
2026-08-04,9,29300.0,1.0,0.0,1.0,0.0,-173852.8625111814,0.0,-173852.8625111814,-408201.791934572,0.0,-408201.791934572,-30375.736814935575,42623.50589277921,0.14890885750962782,,43.603181325485316,34.98969408480196,18.07919724538326,True,True
2026-08-04,9,29325.0,2.0,0.0,2.0,0.0,-339144.83785772807,0.0,-339144.83785772807,-780108.268341214,0.0,-780108.268341214,-60704.639511136986,84396.47932348298,0.15846994535519118,,43.18099860407505,34.97984319959911,17.952306328347582,True,True
2026-08-04,9,29350.0,1.0,0.0,1.0,0.0,-165138.51747178778,0.0,-165138.51747178778,-372465.6240262466,0.0,-372465.6240262466,-30338.684515703862,41635.5463359224,0.17151162790697683,,42.628837121284995,34.9902160345734,17.782639910733035,True,True
2026-08-04,9,29375.0,3.0,0.0,3.0,0.0,-481695.3762825215,0.0,-481695.3762825215,-1066005.1486693409,0.0,-1066005.1486693409,-90708.7198252514,123035.5906139761,0.18097447795823668,,42.222381993800404,34.97135758423789,17.676511774693118,True,True
2026-08-04,9,29400.0,1.0,0.0,1.0,0.0,-155878.74220106093,0.0,-155878.74220106093,-338577.01392109133,0.0,-338577.01392109133,-30056.76121577868,40334.92407987666,0.18780889621087324,,41.84365797988826,34.99077093772284,17.486064034294092,True,True
2026-08-04,9,29425.0,2.0,0.0,2.0,0.0,-302351.09743293765,0.0,-302351.09743293765,-645530.2878529328,0.0,-645530.2878529328,-59598.15627495304,79279.82583716554,0.18914185639229417,,41.66831908840227,34.982036100586974,17.358533348136678,True,True
2026-08-04,9,29475.0,1.0,0.0,1.0,0.0,-141496.5422352616,0.0,-141496.5422352616,-291151.4067762781,0.0,-291151.4067762781,-29133.9749912932,38106.50164859086,0.21778221778221776,,40.500066694328154,34.99163376408236,17.04118347593945,True,True
2026-08-04,9,29500.0,1.0,0.0,1.0,0.0,-136625.65908323924,0.0,-136625.65908323924,-275932.1851799703,0.0,-275932.1851799703,-28729.769902086955,37307.805419914854,0.19465240641711218,,41.0458304891414,34.9919263788362,16.892887345126873,True,True
2026-08-04,9,29525.0,3.0,0.0,3.0,0.0,-395605.16565518285,0.0,-395605.16565518285,-785188.5185580268,0.0,-785188.5185580268,-84858.63223440219,109593.6333810528,0.23085714285714273,,39.83711876999369,34.97648420000242,16.784801878819433,True,True
2026-08-04,9,29550.0,1.0,0.0,1.0,0.0,-127276.04930215862,0.0,-127276.04930215862,-248618.66796054883,0.0,-248618.66796054883,-27815.516581672993,35790.14948581766,0.23142509135200975,,39.64638884881463,34.99248856758267,16.59630841478219,True,True
2026-08-04,9,29700.0,3.0,0.0,3.0,0.0,-301372.409277559,0.0,-301372.409277559,-529363.6296719215,0.0,-529363.6296719215,-73116.52923415264,89903.717718227,0.38951310861423216,,34.04052597430155,34.98209942279934,15.744684632634875,True,False
2026-08-04,9,29725.0,2.0,0.0,2.0,0.0,-192162.2597597272,0.0,-192162.2597597272,-332119.16322002804,0.0,-332119.16322002804,-47357.39993230948,57652.7920810923,0.4112903225806452,,33.226298549072666,34.98861326038643,15.577220947544983,True,False
2026-08-04,9,29800.0,0.0,1.0,0.0,1.0,0.0,-97838.4521329021,-97838.4521329021,0.0,2622699.5427634665,2622699.5427634665,-23317.524435272415,31426.10197192306,,0.17535686555575458,39.847130161303056,64.99417378404333,15.11400222831135,True,True
2026-08-04,9,29825.0,6.0,0.0,6.0,0.0,-475834.67645018897,0.0,-475834.67645018897,-772689.0531030935,0.0,-772689.0531030935,-125456.65247908469,148427.5497258809,0.4918032786885246,,30.26950952166285,34.97171158397733,15.056824397907773,True,False
2026-08-04,9,29850.0,2.0,0.0,2.0,0.0,-144482.64933535192,0.0,-144482.64933535192,-223294.37390706508,0.0,-223294.37390706508,-39666.73572635817,45809.25688883421,0.6842105263157894,,24.298039706318736,34.99147177409881,14.834947358278619,True,False
2026-08-04,9,29875.0,1.0,0.0,1.0,0.0,-71760.34643407632,0.0,-71760.34643407632,-113134.18271147757,0.0,-113134.18271147757,-19629.382231186926,23055.00351974117,0.5477707006369427,,28.23032347044765,34.99586349782527,14.668724070042732,True,False
2026-08-04,9,29900.0,8.0,1.0,8.0,1.0,-547623.0821259778,-76172.1626351143,-623795.2447610921,-852869.9412479171,2683605.0393579802,1830735.098110063,-172524.71011058902,203670.84460814425,0.5938566552901023,0.18357268547425787,32.95611751272312,64.96288167185642,14.664324335649065,True,True
2026-08-04,9,29925.0,3.0,0.0,3.0,0.0,-195223.59361241027,0.0,-195223.59361241027,-299537.6988757876,0.0,-299537.6988757876,-55433.58984402867,64960.968966958695,0.6273062730627306,,25.573556125587295,34.98843605153454,14.407901210181615,True,False
2026-08-04,9,29975.0,3.0,0.0,1.0,0.0,-176639.71043437687,0.0,-176639.71043437687,-263670.1102249041,0.0,-263670.1102249041,-51132.16283448539,58989.14049482501,0.6952789699570816,,23.238114126476916,34.98954843534922,14.11100836260879,True,False
2026-08-04,9,30000.0,1.0,0.0,1.0,0.0,-55170.25494458166,0.0,-55170.25494458166,-80657.74590391146,0.0,-80657.74590391146,-16097.213238174223,18250.590536677013,0.6857142857142856,,23.351363187427754,34.99690384106757,13.927507362589232,True,False
2026-08-04,9,30025.0,1.0,0.0,1.0,0.0,-53056.0834507254,0.0,-53056.0834507254,-77334.2422194047,0.0,-77334.2422194047,-15555.965915632021,17617.554722499404,0.8656716417910446,,17.80451195898506,34.99703760706862,13.779304945623458,True,False
2026-08-04,9,30050.0,1.0,0.0,1.0,0.0,-50055.74980705221,0.0,-50055.74980705221,-71980.74930711828,0.0,-71980.74930711828,-14817.727049562185,16624.536487189074,0.8972972972972973,,16.707611747657552,34.99723052501535,13.631072403757347,True,False
2026-08-04,9,30075.0,1.0,0.0,1.0,0.0,-47270.839910381794,0.0,-47270.839910381794,-67175.59442139749,0.0,-67175.59442139749,-14147.336527338803,15760.062683155647,0.9473684210526314,,15.057347488857609,34.99741110768788,13.48284718517729,True,False
2026-08-04,9,30100.0,1.0,0.0,1.0,0.0,-45163.79168577207,0.0,-45163.79168577207,-63858.79432365864,0.0,-63858.79432365864,-13640.437910970384,15177.839465583387,1.0123456790123457,,13.33026957429663,34.99754805538156,13.334645010365595,True,False
2026-08-04,9,30125.0,1.0,0.0,1.0,0.0,-42638.005086255216,0.0,-42638.005086255216,-59639.15334977187,0.0,-59639.15334977187,-13054.565952603989,14456.73854336769,1.0666666666666667,,13.182139028156707,34.99771493550787,13.186428600628815,True,False
2026-08-04,9,30150.0,1.0,0.0,2.0,0.0,-40403.21055767451,0.0,-40403.21055767451,-56031.00434884157,0.0,-56031.00434884157,-12542.603033866018,13856.607392047421,1.1428571428571428,,13.034008482016784,34.997864081165524,13.038222083107746,True,False
2026-08-04,9,30200.0,1.0,0.0,2.0,0.0,-36272.51562505825,0.0,-36272.51562505825,-49464.70928037862,0.0,-49464.70928037862,-11618.377885820057,12804.671608594823,1.2459016393442623,,12.737747389736938,34.998145356108274,12.741820568701783,True,False
2026-08-04,9,30225.0,1.0,0.0,1.0,0.0,-34704.9922702643,0.0,-34704.9922702643,-47147.30139296232,0.0,-47147.30139296232,-11265.077596699028,12445.234991933316,1.3448275862068964,,12.589616843597016,34.998253514176,12.59363673492726,True,False
2026-08-04,9,30300.0,2.0,0.0,2.0,0.0,-60011.14933137838,0.0,-60011.14933137838,-80011.8433989683,0.0,-80011.8433989683,-20480.045920389406,22760.206233027147,1.5463917525773196,,12.15800566527381,34.996617353178166,12.165725936461145,True,False
2026-08-04,9,30450.0,2.0,0.0,2.0,0.0,-46761.996850220494,0.0,-46761.996850220494,-61327.490951076375,0.0,-61327.490951076375,-16052.942616087348,17694.37403292625,1.9727891156462587,,11.269222388434278,34.997462671684815,11.276492257403344,True,False
2026-08-04,9,30475.0,3.0,0.0,3.0,0.0,-68474.16428870622,0.0,-68474.16428870622,-90256.16201387718,0.0,-90256.16201387718,-23517.03621932977,26056.5441226591,1.9724137931034484,,11.133872302390916,34.99609260277491,11.144720374277775,True,False
2026-08-04,9,30500.0,8.0,0.0,1.0,0.0,-176796.6068685902,0.0,-176796.6068685902,-233473.81021859444,0.0,-233473.81021859444,-60784.98321732898,67507.45010948968,1.971631205673759,,11.049644056733813,34.98954645914629,11.078375039033709,True,False
2026-08-04,9,30525.0,5.0,0.0,3.0,0.0,-107846.64850606941,0.0,-107846.64850606941,-143110.88288392965,0.0,-143110.88288392965,-37116.05158227163,41433.0365536974,1.971223021582734,,10.863172130304202,34.99368891992198,10.881038866195393,True,False
2026-08-04,9,30550.0,2.0,0.0,2.0,0.0,-41738.550685757626,0.0,-41738.550685757626,-55475.109742515495,0.0,-55475.109742515495,-14393.214607915555,16104.57217228199,1.9703703703703705,,10.676700203874587,34.99778732310325,10.683799301822711,True,False
2026-08-04,9,30600.0,5.0,0.0,4.0,0.0,-99347.52252783113,0.0,-99347.52252783113,-133259.62775951793,0.0,-133259.62775951793,-34375.15901427446,38853.821865595935,1.969465648854962,,10.418780491884432,34.99420228877594,10.43635830173304,True,False
2026-08-04,9,30650.0,2.0,0.0,2.0,0.0,-37828.27030956718,0.0,-37828.27030956718,-51188.367683065444,0.0,-51188.367683065444,-13145.250467255473,15007.145321289501,1.968503937007874,,10.084178019314896,34.998042592107325,10.091144188084494,True,False
2026-08-04,9,31000.0,2.0,0.0,2.0,0.0,-27877.51851395504,0.0,-27877.51851395504,-40252.5649630138,0.0,-40252.5649630138,-10107.995110514776,12459.567232168252,1.9626168224299068,,8.010350373355985,34.99871417939616,8.01697826836139,True,False
2026-08-04,9,31100.0,2.0,0.0,1.0,0.0,-26137.36344107023,0.0,-26137.36344107023,-38599.37872189881,0.0,-38599.37872189881,-9574.720928472168,12103.869319519357,1.961904761904762,,7.417828188796294,34.99883366219222,7.424396927587286,True,False
2026-08-04,9,31150.0,1.0,0.0,1.0,0.0,-12585.659621257464,0.0,-12585.659621257464,-18754.19258354317,0.0,-18754.19258354317,-4644.643443605207,5937.23217335682,1.9611650485436896,,7.108786636419885,35.00005104641034,7.112054585578291,True,False
2026-08-04,9,31200.0,1.0,0.0,1.0,0.0,-12122.89583803799,0.0,-12122.89583803799,-18222.50958796873,0.0,-18222.50958796873,-4508.713558102376,5827.128578517393,1.9603960396039606,,6.81252554414004,35.00010191070922,6.815777761738651,True,False
2026-08-04,9,31500.0,83.0,0.0,1.0,0.0,-839724.2236078695,0.0,-839724.2236078695,-1339046.2734478922,0.0,-1339046.2734478922,-323986.5861443474,448996.2654744908,2.0,,6.082956718379176,34.950055259999345,6.3472314571732555,True,False
2026-08-04,9,31800.0,7.0,0.0,7.0,0.0,-52026.37915095518,0.0,-52026.37915095518,-83511.71855906029,0.0,-83511.71855906029,-21283.078447209547,30420.74974121822,2.0,,3.3340751973612823,34.99708451772522,3.355724539144179,True,False
2026-08-04,9,32000.0,7.0,0.0,7.0,0.0,-60381.28280005499,0.0,-60381.28280005499,-108640.31059295409,0.0,-108640.31059295409,-23635.43090298276,37041.94455948108,2.0,,2.1490308282419037,34.996545932731905,2.170964193258915,True,False
2026-08-04,9,32800.0,1.0,0.0,1.0,0.0,-4952.337849662659,0.0,-4952.337849662659,-9459.884898956898,0.0,-9459.884898956898,-1984.8895213029232,3355.2831633381857,2.0,,0.012780460096563476,35.00129085638184,0.015788916048624826,True,False
2026-08-05,10,18000.0,0.0,4.0,0.0,1.0,0.0,-3855.4559906955164,-3855.4559906955164,0.0,19587.06380250213,19587.06380250213,1643.5933120560953,-6644.003293952643,,2.0,0.051121840386253906,64.99900486301914,0.06261331479577481,True,False
2026-08-05,10,19000.0,0.0,8.0,0.0,2.0,0.0,-10469.97503427469,-10469.97503427469,0.0,48502.49849891133,48502.49849891133,4385.784194177454,-16044.981083112576,,1.963963963963964,0.10224368077250781,64.99906787581708,0.12532042337353894,True,False
2026-08-05,10,20000.0,0.0,4.0,0.0,2.0,0.0,-7296.206571858044,-7296.206571858044,0.0,30727.470602921218,30727.470602921218,3081.4456920720168,-10211.718686312854,,1.968503937007874,0.051121840386253906,64.99907779552188,0.06273028240532325,True,False
2026-08-05,10,21000.0,0.0,2.0,0.0,2.0,0.0,-5272.935858084615,-5272.935858084615,0.0,20206.497866623926,20206.497866623926,2245.4199363028124,-6706.926936392442,,1.9735099337748345,0.025560920193126953,64.99894400961941,0.031420377052339896,True,False
2026-08-05,10,22500.0,0.0,1.0,0.0,1.0,0.0,-5934.8151495238635,-5934.8151495238635,0.0,20436.911503267478,20436.911503267478,2151.467847637059,-5432.189840050732,,1.1703703703703703,0.012780460096563476,64.99891300238403,0.015822315162710435,True,False
2026-08-05,10,23000.0,0.0,1.0,0.0,1.0,0.0,-8022.243248951154,-8022.243248951154,0.0,26741.991304770167,26741.991304770167,2900.5406387048406,-7036.477052097721,,0.9411764705882353,1.7774863424495049,64.99896185498176,0.015893276852357748,True,False
2026-08-05,10,23500.0,0.0,1.0,0.0,1.0,0.0,-10999.375111055931,-10999.375111055931,0.0,35737.26988818379,35737.26988818379,3776.0544002008864,-8641.734499822122,,0.7454545454545454,7.649144096460201,64.99892591924223,0.01599448383874246,True,False
2026-08-05,10,25000.0,0.0,4.0,0.0,1.0,0.0,-132874.75482654327,-132874.75482654327,0.0,415069.90341387055,415069.90341387055,36840.8734689878,-71439.53416171884,,0.26936026936026947,28.434193232833927,64.99205902408137,6.530878772625096,True,True
2026-08-05,10,25200.0,0.0,6.0,0.0,1.0,0.0,-234821.5031423122,-234821.5031423122,0.0,736291.9763418462,736291.9763418462,62316.63688982666,-118200.62634325837,,0.25142857142857133,30.18274946009738,64.98600988730003,7.750629925202156,True,True
2026-08-05,10,25400.0,0.0,2.0,0.0,2.0,0.0,-92445.03886868573,-92445.03886868573,0.0,292426.22852986737,292426.22852986737,23490.11018234321,-43975.31174846357,,0.222754491017964,32.17689440114873,64.994449067485,8.868351986290445,True,True
2026-08-05,10,25500.0,0.0,5.0,0.0,2.0,0.0,-250869.59851639307,-250869.59851639307,0.0,798817.578795542,798817.578795542,62364.820560542146,-116442.22032674028,,0.20765027322404372,33.26088449981571,64.98505676640713,9.513121468248212,True,True
2026-08-05,10,25600.0,0.0,9.0,0.0,4.0,0.0,-490614.04629688064,-490614.04629688064,0.0,1581509.8869890394,1581509.8869890394,118950.8750586526,-222489.9838912256,,0.2147783251231528,33.69068696778839,64.97080344880042,10.176275965446617,True,True
2026-08-05,10,25800.0,0.0,1.0,0.0,1.0,0.0,-64414.16887474177,-64414.16887474177,0.0,214057.43135839154,214057.43135839154,14616.33164019694,-26714.66315242391,,0.16798732171156908,36.17721775848277,64.9960978693961,11.221867258518843,True,True
2026-08-05,10,26000.0,0.0,7.0,0.0,1.0,0.0,-524814.0229357774,-524814.0229357774,0.0,1754991.587295551,1754991.587295551,112417.32458947215,-199155.8058574782,,0.12228260869565219,38.810086278659035,64.96876979928517,12.516286200188755,True,True
2026-08-05,10,26200.0,0.0,12.0,0.0,4.0,0.0,-1053578.533093156,-1053578.533093156,0.0,3626913.136624369,3626913.136624369,208266.1399452429,-365765.5360242476,,0.12638580931263865,39.935936929751634,64.93731753890897,13.79740862196573,True,True
2026-08-05,10,26400.0,0.0,1.0,0.0,1.0,0.0,-101484.61892057641,-101484.61892057641,0.0,360153.80379121855,360153.80379121855,18365.822915436078,-31929.68255285758,,0.11141552511415515,41.429504763763326,64.99392094087199,14.778260568214947,True,True
2026-08-05,10,26500.0,0.0,5.0,0.0,1.0,0.0,-544387.7627653908,-544387.7627653908,0.0,1964503.805247626,1964503.805247626,94502.87588752076,-161554.08143308532,,0.10447761194029859,42.28128618392496,64.96760625160125,15.448321403573326,True,True
2026-08-05,10,26800.0,0.0,6.0,0.0,6.0,0.0,-801059.8359339338,-801059.8359339338,0.0,3054669.7995324354,3054669.7995324354,117863.60488154643,-194397.76979833204,,0.07213930348258703,45.04178245143194,64.95233932635286,17.25023403401985,True,True
2026-08-05,10,27000.0,0.0,4.0,0.0,1.0,0.0,-603435.6104377946,-603435.6104377946,0.0,2400689.102376356,2400689.102376356,75823.25551145889,-123772.67436829965,,0.06232294617563737,46.495756619566684,64.96409482985862,18.397319083489393,True,True
2026-08-05,10,27200.0,0.0,4.0,0.0,1.0,0.0,-673966.6595864883,-673966.6595864883,0.0,2813899.9452260626,2813899.9452260626,72873.20011185016,-113976.62344896402,,0.06161745827984599,47.70196562555981,64.95989979244891,19.58476114114308,True,True
2026-08-05,10,27400.0,0.0,1.0,0.0,1.0,0.0,-186601.38785884253,-186601.38785884253,0.0,821419.0713180823,821419.0713180823,16254.522708514913,-24436.135360334258,,0.05,49.197192362784875,64.98888065617406,20.706375940895644,True,True
2026-08-05,10,27500.0,0.0,2.0,0.0,1.0,0.0,-390672.4440750335,-390672.4440750335,0.0,1770347.2174936174,1770347.2174936174,29417.98161666125,-43407.52038369236,,0.047028086218157995,49.891652420896385,64.97675007542522,21.321456041451587,True,True
2026-08-05,10,27550.0,0.0,1.0,0.0,1.0,0.0,-199544.2034235075,-199544.2034235075,0.0,917930.6518640172,917930.6518640172,13801.235005211955,-20164.92984054492,,0.04530542102796438,50.22681300878548,64.98811259652071,21.59559920609287,True,True
2026-08-05,10,27600.0,0.0,1.0,0.0,1.0,0.0,-203417.3730566403,-203417.3730566403,0.0,951564.6338594655,951564.6338594655,12779.631130137632,-18495.655209476787,,0.04776119402985075,50.44940091100874,64.9878827558005,21.891991965979148,True,True
2026-08-05,10,27650.0,0.0,2.0,0.0,2.0,0.0,-415130.48741566896,-415130.48741566896,0.0,1970283.199831633,1970283.199831633,24042.52926535286,-33936.448920062954,,0.04351560263383908,50.88581020526549,64.97529590443686,22.21107076445274,True,True
2026-08-05,10,27800.0,0.0,3.0,0.0,1.0,0.0,-656637.5945042169,-656637.5945042169,0.0,3280927.6162881604,3280927.6162881604,27189.604000133593,-34955.274958692826,,0.04428787116255654,51.76420588634008,64.96093147276713,23.123684588151523,True,True
2026-08-05,10,27900.0,0.0,4.0,0.0,4.0,0.0,-902697.318653306,-902697.318653306,0.0,4682613.46107793,4682613.46107793,26420.410801968443,-30342.537973993767,,0.031437817845584755,52.755010130505475,64.94629452915267,23.740192084852687,True,True
2026-08-05,10,27925.0,0.0,4.0,0.0,4.0,0.0,-909013.2977271618,-909013.2977271618,0.0,4761458.560941836,4761458.560941836,23754.19705769806,-26059.886903025683,,0.02897238569488459,52.9771036411664,64.94591883897614,23.888537341404422,True,True
2026-08-05,10,28000.0,0.0,1.0,0.0,1.0,0.0,-231667.56182632234,-231667.56182632234,0.0,1250338.7698773104,1250338.7698773104,3838.0366153152845,-3200.910264960049,,0.028276815137663464,53.40402101601312,64.98620589366426,24.263041063584776,True,True
2026-08-05,10,28050.0,0.0,1.0,0.0,1.0,0.0,-234393.86183024387,-234393.86183024387,0.0,1290832.6218086514,1290832.6218086514,2373.5892268475222,-927.7928587788911,,0.02775510204081637,53.715933501198364,64.98604407999018,24.559394835873487,True,True
2026-08-05,10,28075.0,0.0,1.0,0.0,2.0,0.0,-235604.22229064483,-235604.22229064483,0.0,1311207.0040601452,1311207.0040601452,1625.3011028207732,222.9125705043763,,0.02718912435025994,53.88104337805498,64.98597225513345,24.70756652796875,True,True
2026-08-05,10,28125.0,0.0,1.0,0.0,1.0,0.0,-237881.03461759986,-237881.03461759986,0.0,1352069.7500953388,1352069.7500953388,112.39723818543787,2538.0951181269575,,0.027065937230060507,54.18100008394081,64.98583715127873,25.00390502001617,True,True
2026-08-05,10,28150.0,2.0,1.0,1.0,1.0,-471089.8824913513,-238901.1594506117,-709991.041941963,-2880973.1815926568,1372631.6780594373,-1508341.5035332195,-1952.1410156932106,11083.90841103905,0.024826579043446557,0.02708803611738145,54.13129386599128,34.957771945225055,24.94266939982953,True,True
2026-08-05,10,28175.0,1.0,0.0,1.0,0.0,-236575.7913575683,0.0,-236575.7913575683,-1419932.4677767577,0.0,-1419932.4677767577,-1408.6400249440999,4854.114037366715,0.02549681289838774,,53.971417240119024,34.98593645933207,24.74720407476757,True,True
2026-08-05,10,28225.0,0.0,1.0,0.0,1.0,0.0,-241498.21741212127,-241498.21741212127,0.0,1435863.8119827257,1435863.8119827257,-3029.6016132716486,7278.226452145177,,0.024087849805171847,53.71742504063566,64.98562260928058,24.45111031935077,True,True
2026-08-05,10,28250.0,0.0,1.0,0.0,1.0,0.0,-242272.6011640836,-242272.6011640836,0.0,1457433.0419903817,1457433.0419903817,-3857.9180380323396,8488.165820599765,,0.02361931226120185,53.58335062081483,64.9855766951064,24.3030060982275,True,True
2026-08-05,10,28350.0,0.0,1.0,0.0,1.0,0.0,-244055.78082988437,-244055.78082988437,0.0,1545263.239471333,1545263.239471333,-7251.282201760142,13324.67547124237,,0.023099133782483117,53.00643379061671,64.98547119714311,23.710544532494428,True,True
2026-08-05,10,28375.0,0.0,51.0,0.0,50.0,0.0,-12473765.278152663,-12473765.278152663,0.0,79958501.5143465,79958501.5143465,-414422.9925583956,741294.7727069397,,0.022673594709494534,53.51009242149461,64.2579244057681,24.75918856671265,True,True
2026-08-05,10,28400.0,2.0,92.0,1.0,2.0,-482336.49098756054,-22511458.89123904,-22993795.3822266,-2452345.4928331478,146296086.81277102,143843741.31993788,-843682.4218001985,1477261.2510362254,0.032589016294508145,0.022232515053265366,53.76940653057515,63.63207852812609,25.64036846460866,True,True
2026-08-05,10,28425.0,0.0,65.0,0.0,2.0,0.0,-15911386.886005897,-15911386.886005897,0.0,104824372.98579946,104824372.98579946,-639278.7612508825,1098123.367237553,,0.021808268968650582,53.418717542791974,64.05341727896825,24.798476587939465,True,True
2026-08-05,10,28450.0,1.0,0.0,1.0,0.0,-241300.68221807966,0.0,-241300.68221807966,-1181778.0917334242,0.0,-1181778.0917334242,-10402.926901309695,17836.61295517348,0.03361991530861021,,52.0982881602732,34.985657500218664,23.117928688923108,True,True
2026-08-05,10,28500.0,5.0,4.0,1.0,4.0,-1204819.6517164146,-977748.2652640305,-2182567.9169804454,-5687279.685621641,6720910.052958525,1033630.3673368841,-109366.67918154658,181488.3179694927,0.04507580931566726,0.02187432983058127,51.908616120830445,64.87014257868753,23.01262507642813,True,True
2026-08-05,10,28525.0,1.0,3.0,1.0,1.0,-240922.56769263925,-733272.0259530651,-974194.5936457044,-1114951.4083801706,5109393.886544869,3994442.478164699,-52300.42037669108,85378.18164851378,0.04661675377878231,0.09055809055809055,50.643212696348336,64.94204054070377,22.74531331556458,True,True
2026-08-05,10,28550.0,2.0,2.0,2.0,2.0,-480728.34659346275,-487940.05044962006,-968668.3970430829,-2186290.2890781495,3450939.5859076167,1264649.2968294672,-54997.66393472224,89311.41519958372,0.04781341107871714,0.02203856749311295,51.50492513668405,64.94236119329184,22.596994907505795,True,True
2026-08-05,10,28575.0,3.0,0.0,1.0,0.0,-719810.5286599443,0.0,-719810.5286599443,-3213271.481908506,0.0,-3213271.481908506,-42915.49960548139,69646.34697109621,0.04853051996985689,,50.93587820992931,34.95718249866137,22.42478392688568,True,True
2026-08-05,10,28600.0,2.0,1.0,2.0,1.0,-478837.38757175097,-242599.91328719747,-721437.3008589484,-2098295.9102803003,1769473.7737681768,-328822.1365121235,-45506.61410904018,72924.53437582162,0.049890863735578425,0.02253147779986746,51.157328139853405,34.957126669624145,22.276708682532654,True,True
2026-08-05,10,28650.0,0.0,1.0,0.0,1.0,0.0,-241359.92982159337,-241359.92982159337,0.0,1814883.150086906,1814883.150086906,-17343.425664611634,26734.82697476911,,0.022494887525562397,51.24699462464526,64.98563301780808,21.932886333913846,True,True
2026-08-05,10,28675.0,2.0,0.0,1.0,0.0,-473952.93142011407,0.0,-473952.93142011407,-1966148.9163164531,0.0,-1966148.9163164531,-35377.20709048523,54850.07120759003,0.05708354955889984,,50.07398467760177,34.9718117470887,21.808283301447293,True,True
2026-08-05,10,28700.0,1.0,1.0,1.0,1.0,-236723.37437597045,-239232.55188800994,-475955.9262639804,-958761.6133923454,1860262.6360773672,901501.0226850219,-37821.560226864065,57326.29463802665,0.03972553268327916,0.02365114560236503,50.68771044394418,64.97166831912038,21.66022084670583,True,True
2026-08-05,10,28725.0,1.0,0.0,1.0,0.0,-234669.18920462506,0.0,-234669.18920462506,-938474.3071230148,0.0,-938474.3071230148,-19380.89352059117,29402.419691589013,0.054656999442275464,,49.8377396287241,34.98605530428917,21.488267245140552,True,True
2026-08-05,10,28750.0,0.0,1.0,0.0,1.0,0.0,-236553.97447509196,-236553.97447509196,0.0,1905950.9798265498,1905950.9798265498,-20823.975563136115,30708.62883261929,,0.023752969121140142,50.61672999221823,64.98591932327976,21.340200771888913,True,True
2026-08-05,10,28800.0,1.0,0.0,1.0,0.0,-230803.9421498614,0.0,-230803.9421498614,-869522.8964514063,0.0,-869522.8964514063,-21838.72821287755,32125.731763951906,0.04061126229851367,,49.81472010461718,34.98628651872687,21.043744208440774,True,True
2026-08-05,10,28900.0,1.0,3.0,1.0,2.0,-223056.70661161788,-675646.9149653615,-898703.6215769793,-781373.3679130853,6122569.266274723,5341195.898361638,-99339.2519285921,140711.43899116694,0.04607843137254891,0.16379815633825337,47.33072835364056,64.94653251272825,20.520788823370147,True,True
2026-08-05,10,29000.0,1.0,4.0,1.0,1.0,-213916.88594725323,-862740.0554640599,-1076656.9414113131,-696022.4915658009,8507976.871731983,7811954.380166182,-133683.0716542936,186020.1127657073,0.06796398489689218,0.15516042515148498,46.55226929411381,64.9359467994558,19.949936687720925,True,True
2026-08-05,10,29050.0,2.0,1.0,1.0,1.0,-417521.6037363288,-210266.64160951134,-627788.2453458401,-1310135.0921595222,2168826.3369637304,858691.2448042082,-82957.4872589114,114010.95122615044,0.07487309644670058,0.1498896459073026,46.20587229705645,64.96263484969695,19.607175271599992,True,True
2026-08-05,10,29075.0,1.0,0.0,1.0,0.0,-205875.62938855134,0.0,-205875.62938855134,-635187.3754426187,0.0,-635187.3754426187,-27951.72919368461,38300.296758864104,0.08217362491716373,,46.93841321851854,34.987775890478396,19.413460768027612,True,True
2026-08-05,10,29100.0,1.0,2.0,1.0,1.0,-202962.9377531593,-408210.17020103947,-611173.1079541987,-614349.0818360733,4419714.750431556,3805365.668595483,-86758.22992037515,116180.37438834307,0.08272506082725063,0.14481735583163366,45.86791609020339,64.96363682564156,19.31034935113595,True,True
2026-08-05,10,29125.0,2.0,0.0,2.0,0.0,-399696.75677004486,0.0,-399696.75677004486,-1188214.1564404385,0.0,-1188214.1564404385,-57865.742627072694,77741.1704821753,0.08670309653916194,,46.5190484376753,34.97623430791083,19.139409147517807,True,True
2026-08-05,10,29150.0,3.0,0.0,2.0,0.0,-589784.5916295976,0.0,-589784.5916295976,-1722404.8254045856,0.0,-1722404.8254045856,-87936.35146286573,117159.68566129915,0.09167303284950343,,46.234600262321706,34.96492189807869,19.013361160635167,True,True
2026-08-05,10,29200.0,7.0,0.0,1.0,0.0,-1328406.8841879715,0.0,-1328406.8841879715,-3741705.568929774,0.0,-3741705.568929774,-209317.60196061953,274670.97936859453,0.09860935524652341,,45.78137133851751,34.92097590012907,18.804691630897185,True,True
2026-08-05,10,29225.0,1.0,0.0,1.0,0.0,-186221.01083602567,0.0,-186221.01083602567,-515074.4239023257,0.0,-515074.4239023257,-30109.104537428997,39246.281176797944,0.10283687943262407,,45.429732306215186,34.988950668149045,18.524009336465888,True,True
2026-08-05,10,29300.0,3.0,0.0,1.0,0.0,-525528.1466402136,0.0,-525528.1466402136,-1376793.6493173633,0.0,-1376793.6493173633,-91137.62721859763,116926.01437554251,0.13678756476683926,,43.99238102796209,34.968746757345514,18.122393499141413,True,True
2026-08-05,10,29325.0,2.0,0.0,2.0,0.0,-342839.1210454701,0.0,-342839.1210454701,-882273.4396037038,0.0,-882273.4396037038,-60720.58904572897,77606.34832993783,0.14426229508196708,,43.60722811227178,34.97962119683879,17.952431914746036,True,True
2026-08-05,10,29375.0,5.0,0.0,5.0,0.0,-819329.4175964361,0.0,-819329.4175964361,-2031071.7059410517,0.0,-2031071.7059410517,-151028.25336513028,191766.10948421794,0.14180929095354516,,43.42289852413428,34.95126474844002,17.719230699284733,True,True
2026-08-05,10,29500.0,2.0,1.0,1.0,1.0,-287570.2640610138,-146393.30726106727,-433963.5713220811,-653722.656273083,2458498.0411800127,1804775.38490693,-88554.50657446968,108801.83854340657,0.19039869812855972,0.20887691435053893,40.92182941466142,64.97417480933679,16.934236411084218,True,True
2026-08-05,10,29525.0,6.0,0.0,4.0,0.0,-837287.5062721102,0.0,-837287.5062721102,-1871883.393953168,0.0,-1871883.393953168,-176676.43993880972,212025.2633207787,0.2003454231433506,,40.79081174169714,34.95019703380503,16.8466784663228,True,True
2026-08-05,10,29550.0,3.0,0.0,3.0,0.0,-405787.51023524004,0.0,-405787.51023524004,-891864.9356071856,0.0,-891864.9356071856,-87398.24407360739,104121.18958357672,0.20752984389348034,,40.38880719276364,34.975876158257186,16.63701747939286,True,True
2026-08-05,10,29600.0,0.0,1.0,0.0,1.0,0.0,-130000.07837003001,-130000.07837003001,0.0,2521198.596671587,2521198.596671587,-28240.91884143506,34439.93913819032,,0.19398440897989233,40.4733482276983,64.99226022999943,16.300139925311203,True,True
2026-08-05,10,29625.0,1.0,0.0,1.0,0.0,-122536.60066020685,0.0,-122536.60066020685,-256216.89129357153,0.0,-256216.89129357153,-27967.252103483963,32777.56600601773,0.23255813953488372,,39.16800576490864,34.99276873240585,16.151755659778942,True,True
2026-08-05,10,29650.0,2.0,3.0,2.0,3.0,-236715.55719857514,-366570.3008023046,-603285.8580008798,-486589.9251813932,7639347.463055549,7152757.537874156,-137566.39070980292,164033.55245324198,0.2458628841607565,0.18835304822565968,39.534502259405244,64.96410788987482,16.082450335295402,True,True
2026-08-05,10,29700.0,8.0,3.0,7.0,3.0,-882902.6940157079,-344000.5975801947,-1226903.2915959028,-1756934.2145961663,7708653.200676331,5951718.986080165,-292850.27811108856,343466.7344733981,0.26881720430107525,0.18289756220790712,39.05244141586628,64.92700791011464,15.901112363670364,True,True
2026-08-05,10,29725.0,1.0,0.0,1.0,0.0,-106479.68720278353,0.0,-106479.68720278353,-208353.8073465498,0.0,-208353.8073465498,-26116.18936298674,30256.50921611325,0.281609195402299,,37.10395190432649,34.99373742114744,15.558687623743092,True,True
2026-08-05,10,29750.0,3.0,0.0,3.0,0.0,-307891.3904683876,0.0,-307891.3904683876,-592703.6355324361,0.0,-592703.6355324361,-76654.49617795339,87736.46383413175,0.2980030721966206,,36.489565974550054,34.98170857466077,15.448645151782134,True,True
2026-08-05,10,29800.0,4.0,0.0,3.0,0.0,-379795.73614263406,0.0,-379795.73614263406,-709327.8480193935,0.0,-709327.8480193935,-97363.4880764379,109210.12846746294,0.37894736842105253,,33.77775645563381,34.9774267601275,15.170448995310256,True,False
2026-08-05,10,29825.0,1.0,0.0,1.0,0.0,-91079.34710562663,0.0,-91079.34710562663,-167549.6613509774,0.0,-167549.6613509774,-23704.11876887517,26349.978076466115,0.3984962406015037,,33.00481836379067,34.99467113367877,14.96564190778381,True,False
2026-08-05,10,29850.0,2.0,0.0,2.0,0.0,-174599.71233855488,0.0,-174599.71233855488,-316641.43677468837,0.0,-316641.43677468837,-46132.3138470804,50895.03726269166,0.4225352112676056,,32.14829915776425,34.989660279644795,14.83597118165175,True,False
2026-08-05,10,29900.0,33.0,0.0,5.0,0.0,-2633733.2274003415,0.0,-2633733.2274003415,-4638015.9024468,0.0,-4638015.9024468,-718679.4104895942,782427.5931333331,0.45011600928074247,,31.420808388083763,34.84332009860734,15.107545260852373,True,False
2026-08-05,10,29950.0,10.0,0.0,1.0,0.0,-731008.1800940612,0.0,-731008.1800940612,-1256272.5824430983,0.0,-1256272.5824430983,-205857.76916275223,222617.23895254734,0.5185185185185186,,28.778521436449672,34.956523612340106,14.387328487433043,True,False
2026-08-05,10,29975.0,1.0,0.0,1.0,0.0,-69695.44721805178,0.0,-69695.44721805178,-118035.26517904892,0.0,-118035.26517904892,-19984.212565990092,21532.52427404549,0.5185185185185186,,28.51536674944068,34.99598083535651,14.076131689658162,True,False
2026-08-05,10,30000.0,2.0,1.0,1.0,2.0,-133050.01317418856,-0.0006082220907137317,-133050.01378241065,-222326.61105113002,2812834.202826451,2590507.591775321,-38834.64368581622,41755.477044282095,0.5443425076452599,0.2181262951248773,32.511320637497384,64.99207894580523,13.961395993681066,True,True
2026-08-05,10,30100.0,0.0,1.0,0.0,1.0,0.0,-47197.14480733927,-47197.14480733927,0.0,2744659.956384967,2744659.956384967,-14997.920563936937,14660.966132541236,,0.24880014372609913,35.86626526251365,64.99718673466157,13.33471413378747,True,True
2026-08-05,10,30150.0,1.0,0.0,1.0,0.0,-50316.46754996376,0.0,-50316.46754996376,-78296.49029905895,0.0,-78296.49029905895,-15667.026830577397,16320.591624237795,0.838709677419355,,17.872718159436136,34.99719820555089,13.0385590822438,True,False
2026-08-05,10,30175.0,2.0,0.0,2.0,0.0,-95819.68980062721,0.0,-95819.68980062721,-147651.68578031615,0.0,-147651.68578031615,-30077.480956916064,31139.352044833886,0.8768472906403939,,16.593239676761605,34.9944011910621,12.907595971141772,True,False
2026-08-05,10,30200.0,2.0,0.0,1.0,0.0,-91189.09037643725,0.0,-91189.09037643725,-139219.02576242507,0.0,-139219.02576242507,-28890.47390348761,29757.296350008786,0.9263157894736843,,14.961054165622972,34.994682822912864,12.759308008725181,True,False
2026-08-05,10,30225.0,1.0,0.0,1.0,0.0,-43384.59781406458,0.0,-43384.59781406458,-65660.15291895167,0.0,-65660.15291895167,-13888.502649068554,14247.018163677956,0.9438202247191009,,14.275010102023987,34.99764745721142,12.593931796335617,True,False
2026-08-05,10,30300.0,1.0,0.0,1.0,0.0,-36841.41110636856,0.0,-36841.41110636856,-54062.81897898171,0.0,-54062.81897898171,-12308.327066213957,12484.440799319562,1.0769230769230769,,12.145225205177248,34.99808572151744,12.149317723627176,True,False
2026-08-05,10,30400.0,1.0,0.0,1.0,0.0,-31178.681227958976,0.0,-31178.681227958976,-45060.69418891636,0.0,-45060.69418891636,-10957.042198552683,11210.39544508459,1.3559322033898304,,11.552703020617558,34.99847802944828,11.556603035727948,True,False
2026-08-05,10,30500.0,8.0,0.0,6.0,0.0,-211411.61282833354,0.0,-211411.61282833354,-300290.542903889,0.0,-300290.542903889,-78184.52216843182,80743.31081623958,1.6288659793814433,,11.049644056733813,34.98747288630767,11.079551769054126,True,False
2026-08-05,10,30550.0,1.0,0.0,1.0,0.0,-24322.014236512412,0.0,-24322.014236512412,-34270.25755783167,0.0,-34270.25755783167,-8941.217968481727,9161.248448633483,1.7727272727272727,,10.663919743778024,34.99899074626143,10.667586667901857,True,False
2026-08-05,10,30575.0,1.0,0.0,1.0,0.0,-27086.321633906766,0.0,-27086.321633906766,-40696.89633553931,0.0,-40696.89633553931,-9832.902380343829,10613.685119149233,1.8918918918918917,,10.515789197638101,34.99875718001936,10.51955009382434,True,False
2026-08-05,10,30625.0,4.0,0.0,4.0,0.0,-87167.28287049834,0.0,-87167.28287049834,-122420.25489748995,0.0,-122420.25489748995,-32027.33430220567,32758.504809716283,1.9745222929936306,,10.257869485647946,34.99493686844568,10.272193128506585,True,False
2026-08-05,10,30650.0,1.0,0.0,1.0,0.0,-21149.146849887147,0.0,-21149.146849887147,-29756.151319132925,0.0,-29756.151319132925,-7778.809729950234,7975.397359519674,1.973856209150327,,10.071397559218333,34.99924589892616,10.074956622366813,True,False
2026-08-05,10,30700.0,4.0,0.0,4.0,0.0,-80220.60919820229,0.0,-80220.60919820229,-113562.43967114587,0.0,-113562.43967114587,-29587.283992935965,30556.266587225753,1.9727891156462587,,9.81347784722818,34.99535968927011,9.827565339341627,True,False
2026-08-05,10,30800.0,2.0,0.0,1.0,0.0,-36293.0991009611,0.0,-36293.0991009611,-52102.46559010397,0.0,-52102.46559010397,-13495.774803215956,14173.681629115024,1.9708029197080292,,9.195394742475363,34.99812877992834,9.202308723414927,True,False
2026-08-05,10,30950.0,0.0,1.0,0.0,1.0,0.0,-30403.22854667217,-30403.22854667217,0.0,2753755.321748385,2753755.321748385,-9979.603440252451,13184.342144718541,,0.16707757172973164,33.28150385364731,64.99818583774889,8.297704659294968,True,True
2026-08-05,10,31000.0,85.0,1.0,1.0,1.0,-1293218.1250124858,-29501.468011733024,-1322719.5930242187,-1918799.7924792392,2754923.952231838,836124.1597525987,-501404.09724237816,550257.3677537272,1.967479674796748,0.1641185866493479,9.083909021467317,64.92129229338218,9.37312339540668,True,True
2026-08-05,10,31200.0,1.0,0.0,1.0,0.0,-13017.631811625164,0.0,-13017.631811625164,-19994.05264422982,0.0,-19994.05264422982,-5082.143069270897,5793.366440974873,1.9646017699115046,,6.81252554414004,34.99997575506062,6.815808178104364,True,False
2026-08-05,10,31300.0,2.0,0.0,1.0,0.0,-24512.291671347855,0.0,-24512.291671347855,-38446.37233524286,0.0,-38446.37233524286,-9666.514296111953,11284.040859146367,1.963963963963964,,6.232783819676915,34.998931885633105,6.239297314486758,True,False
2026-08-05,10,31400.0,1.0,0.0,1.0,0.0,-11555.17251585805,0.0,-11555.17251585805,-18491.970027309504,0.0,-18491.970027309504,-4605.231182556027,5501.481580324441,1.9633027522935782,,5.6274811750206615,35.00012369152982,5.630714092981499,True,False
2026-08-05,10,32000.0,4.0,0.0,1.0,0.0,-32215.001842254573,0.0,-32215.001842254573,-56641.45750397362,0.0,-56641.45750397362,-14016.102128127364,18917.519124811843,2.0,,2.1106894479522134,34.99834831986534,2.123144999300149,True,False
2026-08-05,10,32200.0,2.0,0.0,1.0,0.0,-16009.968637485448,0.0,-16009.968637485448,-29901.56180523048,0.0,-29901.56180523048,-6837.990847035528,9725.769964336429,2.0,,0.9000841586397081,34.99954918196752,0.9063086187237189,True,False
2026-08-05,10,32400.0,1.0,0.0,1.0,0.0,-7406.1788814147,0.0,-7406.1788814147,-14310.129249661111,0.0,-14310.129249661111,-3215.68475275751,4755.755092393512,2.0,,0.012780460096563476,35.00060753513926,0.015872333870674268,True,False
2026-08-05,10,32500.0,1.0,0.0,1.0,0.0,-7112.192102433024,0.0,-7112.192102433024,-13953.735327699813,0.0,-13953.735327699813,-3118.0825356989735,4697.2094441651425,2.0,,0.012780460096563476,35.000651793298125,0.01586233985048443,True,False
2026-08-05,10,35500.0,1.0,0.0,1.0,0.0,-3292.921861673441,0.0,-3292.921861673441,-9512.11932985804,0.0,-9512.11932985804,-1431.8631970077322,3171.546703487067,2.0,,0.012780460096563476,35.00138087102294,0.015732504542825997,True,False
2026-08-05,10,38000.0,1.0,0.0,1.0,0.0,-1355.8412536657754,0.0,-1355.8412536657754,-4363.832500175025,0.0,-4363.832500175025,-720.8375030332404,1859.4261019570533,2.0,,0.012780460096563476,35.00335589778539,0.015666653885280005,True,False
2026-08-06,11,18000.0,0.0,4.0,0.0,2.0,0.0,-4173.633472892207,-4173.633472892207,0.0,21584.31968727103,21584.31968727103,1877.3661825242796,-6794.761386837834,,1.963963963963964,0.051121840386253906,64.99905679008678,0.06262413117395359,True,False
2026-08-06,11,19000.0,0.0,1.0,0.0,1.0,0.0,-1417.73951960281,-1417.73951960281,0.0,6697.752620014121,6697.752620014121,633.5084166570841,-2080.9541201100465,,1.9680000000000002,0.012780460096563476,64.99767643455324,0.015668758104121522,True,False
2026-08-06,11,20000.0,0.0,4.0,0.0,2.0,0.0,-7869.311206888422,-7869.311206888422,0.0,33866.156841545664,33866.156841545664,3595.716803422821,-10730.91620846802,,1.972027972027972,0.051121840386253906,64.99908894069186,0.06274976497972072,True,False
2026-08-06,11,21000.0,0.0,2.0,0.0,1.0,0.0,-5880.203818846644,-5880.203818846644,0.0,23309.262950164673,23309.262950164673,2534.5846630724586,-6762.642181686418,,1.7777777777777777,0.025560920193126953,64.99900668805286,0.031441021001981165,True,False
2026-08-06,11,23000.0,0.0,1.0,0.0,1.0,0.0,-9134.495237592464,-9134.495237592464,0.0,32266.134038649703,32266.134038649703,3408.4993934960503,-7536.942240813311,,0.783410138248848,6.510476312631123,64.99899171144274,0.015931087630342976,True,False
2026-08-06,11,25000.0,0.0,2.0,0.0,2.0,0.0,-72716.67051646428,-72716.67051646428,0.0,244454.0425069712,244454.0425069712,20265.19650810846,-35878.513870864444,,0.2269692923898531,29.680361621753292,64.99561265952707,6.4975925862201995,True,True
2026-08-06,11,25200.0,0.0,2.0,0.0,2.0,0.0,-84912.88793223217,-84912.88793223217,0.0,287345.8149255205,287345.8149255205,22715.229930409463,-39635.430564763,,0.2454545454545454,30.310848398931906,64.99489625493895,7.68305156324649,True,True
2026-08-06,11,25400.0,0.0,1.0,0.0,1.0,0.0,-49407.28104268732,-49407.28104268732,0.0,169065.1269466545,169065.1269466545,12679.657526130624,-21987.302177649075,,0.21538461538461545,32.38521021005262,64.99697199416357,8.85126836420946,True,True
2026-08-06,11,25500.0,0.0,1.0,0.0,1.0,0.0,-53189.27193640704,-53189.27193640704,0.0,183326.1155021354,183326.1155021354,13314.239192685796,-22820.56057820391,,0.20141342756183744,33.39686802929565,64.99675390188062,9.443919116773062,True,True
2026-08-06,11,25600.0,0.0,4.0,0.0,2.0,0.0,-229295.20571408654,-229295.20571408654,0.0,796517.7981050465,796517.7981050465,55828.790316843,-94248.13267699887,,0.16531604538087513,35.11065305957389,64.98634019203423,10.089289673414017,True,True
2026-08-06,11,25800.0,0.0,10.0,0.0,10.0,0.0,-665570.4593449401,-665570.4593449401,0.0,2343958.2814234085,2343958.2814234085,152922.2820238896,-251143.95907859196,,0.12894375857338808,37.46354879349727,64.96039822112915,11.382888504245596,True,True
2026-08-06,11,26000.0,0.0,7.0,0.0,7.0,0.0,-542068.3369370104,-542068.3369370104,0.0,1954713.6589721781,1954713.6589721781,116023.47678540656,-187763.32109999013,,0.1274175199089875,38.656038942258974,64.96774419806738,12.516872757050557,True,True
2026-08-06,11,26200.0,0.0,15.0,0.0,10.0,0.0,-1338907.1961177336,-1338907.1961177336,0.0,4943799.592219097,4943799.592219097,264265.2450682565,-424294.16309639683,,0.11708710138029506,40.253239548011635,64.92034418425098,13.853969998302029,True,True
2026-08-06,11,26400.0,0.0,2.0,0.0,1.0,0.0,-204124.1001810696,-204124.1001810696,0.0,776043.6987747846,776043.6987747846,37190.28627987553,-58168.05135619569,,0.10333863275039756,41.68459199477261,64.98783714668573,14.797370338646607,True,True
2026-08-06,11,26500.0,0.0,16.0,0.0,1.0,0.0,-1745058.0242058104,-1745058.0242058104,0.0,6736579.745678263,6736579.745678263,304254.32966887776,-468665.1715163232,,0.09814612868047981,42.61181574278172,64.89618271718828,15.66096412833092,True,True
2026-08-06,11,26600.0,0.0,5.0,0.0,1.0,0.0,-582157.1577950626,-582157.1577950626,0.0,2283930.098795722,2283930.098795722,96531.58596300527,-146764.8143917466,,0.09175531914893624,43.25547715222553,64.96536038453849,16.042127550962203,True,True
2026-08-06,11,26800.0,0.0,2.0,0.0,1.0,0.0,-263831.17583147535,-263831.17583147535,0.0,1072294.7198935042,1072294.7198935042,38665.34690591577,-57681.74607456383,,0.06789092932665564,45.11811183572363,64.98429045968001,17.16948880666299,True,True
2026-08-06,11,27000.0,0.0,1.0,0.0,1.0,0.0,-147677.39580230403,-147677.39580230403,0.0,624745.6947265628,624745.6947265628,18634.7381979198,-27279.538202540163,,0.05975723622782439,46.534386537711384,64.99119053045831,18.33496398953883,True,True
2026-08-06,11,27500.0,0.0,1.0,0.0,1.0,0.0,-188301.2409323087,-188301.2409323087,0.0,902187.4429994815,902187.4429994815,14067.135484288994,-18597.404344575432,,0.04678007290400965,49.88631236022428,64.98878116522097,21.29895591161155,True,True
2026-08-06,11,27550.0,0.0,1.0,0.0,1.0,0.0,-192237.8924617617,-192237.8924617617,0.0,933254.794880908,933254.794880908,13191.620892920697,-17238.97466437314,,0.044638949671772295,50.24680714947124,64.98854752378955,21.59535082955186,True,True
2026-08-06,11,27575.0,0.0,1.0,0.0,1.0,0.0,-194061.13957325026,-194061.13957325026,0.0,949188.2634411836,949188.2634411836,12708.607047055408,-16516.057679764515,,0.04370804170832742,50.42286493451451,64.98843932699876,21.743543356602988,True,True
2026-08-06,11,27600.0,0.0,3.0,0.0,3.0,0.0,-587783.4324340165,-587783.4324340165,0.0,2895432.5374520393,2895432.5374520393,37057.71725281439,-47597.58146947666,,0.04618614415675298,50.522213327394795,64.96502705950131,21.936299535929766,True,True
2026-08-06,11,28100.0,0.0,1.0,0.0,1.0,0.0,-226222.94922126763,-226222.94922126763,0.0,1330315.9295460922,1330315.9295460922,826.7980575501899,1431.8137975322004,,0.026207412953949828,54.058625266084206,64.98653051974807,24.85537815965685,True,True
2026-08-06,11,28175.0,0.0,2.0,0.0,2.0,0.0,-458367.5453807382,-458367.5453807382,0.0,2778781.7214923287,2778781.7214923287,-2703.1585555372476,8888.93919151938,,0.025450689289501553,53.985581408482176,64.97272590841557,24.770364402247342,True,True
2026-08-06,11,28200.0,0.0,1.0,0.0,1.0,0.0,-229962.93500167885,-229962.93500167885,0.0,1409510.122545157,1409510.122545157,-2106.1859497215887,5468.188682836815,,0.024096385542168638,53.86529951466568,64.98630865818376,24.598848725933586,True,True
2026-08-06,11,28225.0,0.0,2.0,0.0,4.0,0.0,-461152.29463348846,-461152.29463348846,0.0,2859618.7232404775,2859618.7232404775,-5748.673032973972,12995.937176118108,,0.024477307496175382,53.71852177000211,64.97256039379658,24.474197976946574,True,True
2026-08-06,11,28275.0,0.0,1.0,0.0,1.0,0.0,-231964.340313615,-231964.340313615,0.0,1471130.4727615106,1471130.4727615106,-4455.708513652137,8579.82425849995,,0.023575638506876193,53.436530287304684,64.9861900385533,24.154525124876468,True,True
2026-08-06,11,28300.0,1.0,0.0,1.0,0.0,-229175.14740803302,0.0,-229175.14740803302,-1322849.725129682,0.0,-1322849.725129682,-5137.883633468367,9520.929298731953,0.029268292682926782,,53.11762011588325,34.98637750550495,24.0062997606964,True,True
2026-08-06,11,28400.0,0.0,1.0,0.0,1.0,0.0,-233875.36220100347,-233875.36220100347,0.0,1577029.6128255846,1577029.6128255846,-8530.737213797269,13769.483534872685,,0.022813688212927688,52.71873606542352,64.9860770348461,23.413937358973545,True,True
2026-08-06,11,28500.0,0.0,1.0,0.0,1.0,0.0,-233860.1296538128,-233860.1296538128,0.0,1663029.9037939017,1663029.9037939017,-11744.139638445116,17748.480199896712,,0.0221606648199446,52.14580458265332,64.98607843291435,22.82141465658654,True,True
2026-08-06,11,28600.0,2.0,1.0,3.0,1.0,-458820.64778658125,-233059.92623604304,-691880.5740226243,-2139608.431584606,1749613.222506564,-389995.20907804184,-43551.176073870396,63837.49650463456,0.04886511493422013,0.024385523514611932,51.144903686152624,34.958877870313756,22.27570390767247,True,True
2026-08-06,11,28675.0,1.0,1.0,1.0,1.0,-227695.19586632214,-231567.4791251099,-459262.67499143205,-1006590.0424167867,1814861.4388536848,808271.3964368982,-34232.891701501496,48253.77544094725,0.052673583399840386,0.0809503398444676,49.78213231570415,64.9726594963048,21.807783909196214,True,True
2026-08-06,11,28700.0,1.0,5.0,2.0,2.0,-227493.21563152008,-1150007.7365523288,-1377500.952183849,-983818.6281551776,9175060.091971122,8191241.463815944,-108664.22070645435,150697.59103288673,0.03917662682602925,0.02449567723342937,50.73439789772323,64.91804941020652,21.753350934116874,True,True
2026-08-06,11,28800.0,1.0,1.0,1.0,1.0,-222791.09971901355,-225094.86888870967,-447885.96860772325,-898150.6575457685,1921950.5738457132,1023799.9162999446,-42307.00797931541,56655.58108391681,0.043918273820889815,0.024177300201477524,50.02440482333365,64.97334021351475,21.066744429698968,True,True
2026-08-06,11,28875.0,2.0,0.0,2.0,0.0,-435151.66728689004,0.0,-435151.66728689004,-1672222.180692276,0.0,-1672222.180692276,-45693.19919564142,60445.61635638397,0.06101694915254228,,48.77093832067312,34.97412140982311,20.621919891320417,True,True
2026-08-06,11,28925.0,0.0,1.0,0.0,1.0,0.0,-216942.89207443112,-216942.89207443112,0.0,2031766.2915829595,2031766.2915829595,-24823.61233102295,31764.124081583246,,0.15943221559349927,45.509438775068,64.98708649138675,20.302620274189813,True,True
2026-08-06,11,28950.0,3.0,0.0,2.0,0.0,-637655.6577700721,0.0,-637655.6577700721,-2313196.437737168,0.0,-2313196.437737168,-74130.69794563839,96020.72797072452,0.05268199233716475,,48.589375846811244,34.962071781497585,20.20003289681906,True,True
2026-08-06,11,29000.0,1.0,1.0,1.0,3.0,-208416.80033530958,-210595.16252437577,-419011.96285968536,-730155.2731192447,2094436.2863920995,1364281.0132728547,-51958.9239256097,66141.42672956813,0.05705394190871369,0.15094339622641498,46.740833992522845,64.97506161032618,19.880718494682622,True,True
2026-08-06,11,29050.0,1.0,1.0,2.0,1.0,-204039.827671446,-205805.88442617416,-409845.7120976201,-690144.1473774199,2133639.277783658,1443495.1304062381,-53555.65780670218,67683.93766592651,0.06309859154929572,0.1471018942793707,46.41152568483994,64.9756075221049,19.584145797590143,True,True
2026-08-06,11,29075.0,1.0,0.0,1.0,0.0,-201705.5788622638,0.0,-201705.5788622638,-670664.1140464183,0.0,-670664.1140464183,-27002.252156197887,34133.568915729564,0.0651982378854627,,47.44767482946956,34.98802272131363,19.41331900801617,True,True
2026-08-06,11,29125.0,1.0,0.0,1.0,0.0,-196630.4203401475,0.0,-196630.4203401475,-631599.1404818908,0.0,-631599.1404818908,-28111.215595106663,34834.235919175706,0.07170294494238168,,46.95627252548215,34.988326030360625,19.1168853867644,True,True
2026-08-06,11,29175.0,1.0,0.0,1.0,0.0,-191017.9878852258,0.0,-191017.9878852258,-592948.3620298005,0.0,-592948.3620298005,-29002.24412161096,35315.0844879108,0.07904861839804116,,46.439641229532526,34.988661467033026,18.820433500995602,True,True
2026-08-06,11,29200.0,0.0,1.0,0.0,1.0,0.0,-189009.31509182297,-189009.31509182297,0.0,2254210.632271181,2254210.632271181,-30139.442009754064,35581.323239836594,,0.13885317562355362,44.49737396662723,64.98874901328573,18.672234670436488,True,True
2026-08-06,11,29225.0,4.0,0.0,1.0,0.0,-739803.9207609786,0.0,-739803.9207609786,-2220476.72234754,0.0,-2220476.72234754,-118649.54877519494,142346.5947553133,0.08655687476062797,,45.956473826664755,34.95599516112229,18.58968996084735,True,True
2026-08-06,11,29300.0,1.0,2.0,1.0,1.0,-175254.52195130842,-350051.6786776624,-525306.2006289707,-499485.80356511864,4606404.432737272,4106918.629172154,-89987.05866637861,106957.41672733045,0.11057054400707651,0.11061523748804584,44.77822124854044,64.96874541386805,18.122385954132326,True,True
2026-08-06,11,29325.0,1.0,0.0,1.0,0.0,-171891.85278907142,0.0,-171891.85278907142,-482383.03598459717,0.0,-482383.03598459717,-30339.494723935564,35583.85199269946,0.10653080129689671,,44.72639246572733,34.98980509613192,17.93100003512047,True,True
2026-08-06,11,29375.0,3.0,0.0,2.0,0.0,-495255.05267165997,0.0,-495255.05267165997,-1340694.41553083,0.0,-1340694.41553083,-91251.55762186379,106046.34951183811,0.12949640287769779,,43.76672424621657,34.97054802402219,17.67697273310788,True,True
2026-08-06,11,29400.0,1.0,0.0,1.0,0.0,-161655.08166802803,0.0,-161655.08166802803,-430359.45379192283,0.0,-430359.45379192283,-30367.82902700666,35189.82958562809,0.13621621621621616,,43.39143837972797,34.9904178497109,17.486260399768266,True,True
2026-08-06,11,29800.0,1.0,0.0,4.0,0.0,-102533.05372523663,0.0,-102533.05372523663,-211254.6898399051,0.0,-211254.6898399051,-26313.96226905837,27859.12703487673,0.25336927223719674,,37.506757960859794,34.993971221313615,15.114161820328581,True,True
2026-08-06,11,30000.0,4.0,0.0,3.0,0.0,-300810.6743131847,0.0,-300810.6743131847,-554499.1197714732,0.0,-554499.1197714732,-86821.36357929617,86449.52665636661,0.453932584269663,,30.343155611056115,34.98213155644836,13.982719545231276,True,False
2026-08-06,11,30100.0,12.0,1.0,3.0,1.0,-759669.9957585123,-55955.21724666179,-815625.2130051741,-1333151.5143157833,2723448.7469085995,1390297.2325928162,-252085.93514756404,247477.74121910927,0.5422740524781342,0.24884556182657774,31.616840880884713,64.9514669405584,13.548283436274408,True,True
2026-08-06,11,30125.0,3.0,0.0,3.0,0.0,-182241.9369023493,0.0,-182241.9369023493,-316498.7461656636,0.0,-316498.7461656636,-57029.49493856977,56226.75784070747,0.588235294117647,,25.56064112482042,34.98920565825585,13.222415532307782,True,False
2026-08-06,11,30150.0,0.0,1.0,0.0,1.0,0.0,-50129.0122718603,-50129.0122718603,0.0,2735160.0659888764,2735160.0659888764,-16496.78060753567,14984.264580672127,,0.24266399599399105,35.75408860219705,64.99701229627289,13.03855270974011,True,True
2026-08-06,11,30200.0,1.0,2.0,1.0,2.0,-53449.645264155064,-87594.03932798591,-141043.68459214098,-89734.99018675635,5495015.275006164,5405280.284819407,-46991.452332054716,43187.252952127965,0.6666666666666666,0.2371207119978484,29.206497629962342,64.99160641051392,12.776623367759592,True,True
2026-08-06,11,30300.0,2.0,0.0,1.0,0.0,-89218.77458730245,0.0,-89218.77458730245,-144210.45291835026,0.0,-144210.45291835026,-29716.115093731074,28256.424437175545,0.8846153846153845,,15.619544126812276,34.99479630956389,12.166718843684784,True,False
2026-08-06,11,30400.0,2.0,0.0,1.0,0.0,-73248.26114528725,0.0,-73248.26114528725,-114168.00367186974,0.0,-114168.00367186974,-25580.513449786096,23975.143938650526,1.025,,11.565483480714123,34.99577377987496,11.573653744799715,True,False
2026-08-06,11,30500.0,1.0,0.0,1.0,0.0,-31159.043285560874,0.0,-31159.043285560874,-47787.59308073328,0.0,-47787.59308073328,-11412.34049084011,10763.31467977678,1.2603773584905662,,10.96018083605787,34.99846020319775,10.964080183580439,True,False
2026-08-06,11,30550.0,1.0,0.0,2.0,0.0,-28752.069293435212,0.0,-28752.069293435212,-43724.827635360605,0.0,-43724.827635360605,-10819.653309367122,10253.860314749725,1.3858921161825726,,10.663919743778024,34.998632560468586,10.667737266713932,True,False
2026-08-06,11,30600.0,3.0,0.0,1.0,0.0,-79824.44559393867,0.0,-79824.44559393867,-120447.44594166876,0.0,-120447.44594166876,-30885.235268927172,29455.025659945597,1.4909090909090907,,10.393219571691304,34.99537570724092,10.404453494060682,True,False
2026-08-06,11,30900.0,1.0,0.0,1.0,0.0,-18210.395216130306,0.0,-18210.395216130306,-27419.88724108059,0.0,-27419.88724108059,-7161.142163211293,6912.042896163599,1.9735099337748345,,8.59009209781911,34.999463675620234,8.593551258709187,True,False
2026-08-06,11,31000.0,6.0,0.0,6.0,0.0,-100202.5775560742,0.0,-100202.5775560742,-153227.34011352865,0.0,-153227.34011352865,-39741.121032060764,39067.239515341724,1.972027972027972,,8.061472213742238,34.99413675253005,8.081919193254654,True,False
2026-08-06,11,31100.0,3.0,0.0,3.0,0.0,-45914.12908343409,0.0,-45914.12908343409,-71215.34725260556,0.0,-71215.34725260556,-18418.91424815963,18433.15647486548,1.9703703703703705,,7.430608648892857,34.997479153364054,7.440689797014959,True,False
2026-08-06,11,31200.0,2.0,0.0,1.0,0.0,-28296.385188291817,0.0,-28296.385188291817,-44598.341804137286,0.0,-44598.341804137286,-11486.867914719613,11723.949334043418,1.9689922480620157,,6.825306004236603,34.99865295067529,6.8319481385286,True,False
2026-08-06,11,31300.0,3.0,0.0,1.0,0.0,-39633.61837974261,0.0,-39633.61837974261,-63609.59859925251,0.0,-63609.59859925251,-16266.023615578453,16959.649012087437,1.9680000000000002,,6.245564279773479,34.997877970501555,6.255431923223728,True,False
2026-08-06,11,31400.0,1.0,0.0,1.0,0.0,-12346.40737075678,0.0,-12346.40737075678,-20159.00354239314,0.0,-20159.00354239314,-5128.696600973661,5459.771341844956,1.9669421487603307,,5.6274811750206615,35.00000954871702,5.630740990847935,True,False
2026-08-06,11,31500.0,2.0,0.0,2.0,0.0,-23093.412702387857,0.0,-23093.412702387857,-38325.60969981609,0.0,-38325.60969981609,-9720.683956739125,10560.295507515617,1.965811965811966,,5.047739450557534,34.999017525303614,5.054204710868152,True,False
2026-08-06,11,31600.0,1.0,0.0,1.0,0.0,-10924.80315146817,0.0,-10924.80315146817,-18475.5378559625,0.0,-18475.5378559625,-4646.006024977849,5158.617388173589,1.965217391304348,,4.442436805901282,35.00016191413622,4.445648294585007,True,False
2026-08-06,11,32000.0,3.0,0.0,3.0,0.0,-26553.53655033153,0.0,-26553.53655033153,-48085.313112293916,0.0,-48085.313112293916,-11810.7697728012,14235.517733728528,1.9626168224299068,,2.09790898785565,34.998732245534015,2.1073319766097236,True,False
2026-08-06,11,32800.0,2.0,0.0,1.0,0.0,-13673.027830922221,0.0,-13673.027830922221,-28706.497718508326,0.0,-28706.497718508326,-6342.674170668136,8964.69994311561,2.0,,0.025560920193126953,34.99970909097625,0.03170593645424165,True,False
2026-08-06,11,35500.0,1.0,0.0,2.0,0.0,-2999.124699470147,0.0,-2999.124699470147,-8464.506573829796,0.0,-8464.506573829796,-1405.2048074046188,2691.1130007646498,2.0,,0.012780460096563476,35.00159347572682,0.015722516968619607,True,False
2026-08-07,12,15000.0,0.0,12.0,0.0,1.0,0.0,-3797.03861039967,-3797.03861039967,0.0,23212.019907809234,23212.019907809234,2196.7360919210537,-8910.95264930413,,2.0,0.15336552115876173,64.99912792171015,0.18757582763088,True,False
2026-08-07,12,16000.0,0.0,3.0,0.0,1.0,0.0,-1878.4918055154733,-1878.4918055154733,0.0,11642.161414513854,11642.161414513854,939.1169212375008,-3693.730486436241,,2.0,0.03834138028969043,64.99859993695944,0.04692554596396753,True,False
2026-08-07,12,17000.0,0.0,1.0,0.0,1.0,0.0,-810.8931907474818,-810.8931907474818,0.0,4610.924795138778,4610.924795138778,393.74504075685945,-1405.8996538346526,,2.0,0.012780460096563476,64.99669932112405,0.01564812848777035,True,False
2026-08-07,12,18000.0,0.0,1.0,0.0,1.0,0.0,-1094.33080503366,-1094.33080503366,0.0,5722.58443901655,5722.58443901655,519.4967312307709,-1689.4580508969634,,1.9663865546218489,0.012780460096563476,64.99731416194759,0.01565776389127233,True,False
2026-08-07,12,19000.0,0.0,12.0,0.0,8.0,0.0,-17898.691246810457,-17898.691246810457,0.0,85681.50159031444,85681.50159031444,8500.902626064822,-25150.97422806867,,1.9703703703703705,0.15336552115876173,64.99876012599891,0.18805521041689008,True,False
2026-08-07,12,20000.0,0.0,3.0,0.0,1.0,0.0,-6251.704055605015,-6251.704055605015,0.0,27392.1703444901,27392.1703444901,3072.7677192333836,-8302.556112184991,,1.9745222929936306,0.03834138028969043,64.99908049881309,0.04707421241649724,True,False
2026-08-07,12,20500.0,0.0,2.0,0.0,4.0,0.0,-5162.91035638728,-5162.91035638728,0.0,21863.939768537166,21863.939768537166,2391.198639195617,-6096.511288398292,,1.801104972375691,0.025560920193126953,64.99900682407608,0.03141663675800023,True,False
2026-08-07,12,21500.0,0.0,32.0,0.0,14.0,0.0,-138648.41472396778,-138648.41472396778,0.0,553433.9597608076,553433.9597608076,57278.0025167845,-131758.61372202783,,1.2359550561797752,0.40897472309003124,64.99172457885969,0.5045713192789332,True,False
2026-08-07,12,22000.0,0.0,4.0,0.0,3.0,0.0,-22756.103034231248,-22756.103034231248,0.0,88112.45540631397,88112.45540631397,9168.57135603684,-20188.595505898364,,1.024390243902439,0.051121840386253906,64.99847598409472,0.06325583841132101,True,False
2026-08-07,12,22500.0,0.0,9.0,0.0,11.0,0.0,-67716.18141484584,-67716.18141484584,0.0,255585.5282016731,255585.5282016731,27443.567568019876,-58470.79753451463,,0.8292682926829268,5.236975360381267,64.99591281551434,0.1428870587458453,True,False
2026-08-07,12,23000.0,0.0,10.0,0.0,1.0,0.0,-100975.79335877174,-100975.79335877174,0.0,373166.86508668045,373166.86508668045,37894.93403066491,-75797.57062861421,,0.6717557251908398,9.97513284524044,64.99395266372791,0.15963827476522824,True,False
2026-08-07,12,23400.0,0.0,2.0,0.0,1.0,0.0,-25932.917602548245,-25932.917602548245,0.0,94095.05176045881,94095.05176045881,9203.34174883985,-17559.186608996955,,0.5590062111801243,13.255374584789397,64.99829781605669,0.03212270888981588,True,False
2026-08-07,12,23500.0,0.0,12.0,0.0,1.0,0.0,-165998.26562151156,-165998.26562151156,0.0,599784.0208275875,599784.0208275875,58210.668355645954,-109903.25961624496,,0.5294117647058824,14.27101257998229,64.99009960636478,0.19308982503981292,True,False
2026-08-07,12,23600.0,0.0,7.0,0.0,1.0,0.0,-102431.604951826,-102431.604951826,0.0,366967.55325879087,366967.55325879087,35618.8384325097,-66366.06125655284,,0.47025495750708224,15.981814495463478,64.99386537714973,0.11282607776069276,True,False
2026-08-07,12,23800.0,0.0,8.0,0.0,2.0,0.0,-134817.99118955396,-134817.99118955396,0.0,481877.00544583896,481877.00544583896,45901.82563528795,-84345.48324838947,,0.4615384615384616,16.256089834618656,64.9919484294128,0.129547608651485,True,False
2026-08-07,12,24000.0,0.0,2207.0,0.0,3.0,0.0,-42177928.29529029,-42177928.29529029,0.0,149359227.15655947,149359227.15655947,14180156.523374861,-25607965.94792039,,0.3892617449664429,47.067280711781166,62.49079737789524,36.44706872496406,True,False
2026-08-07,12,24200.0,0.0,2200.0,0.0,6.0,0.0,-48283108.63212021,-48283108.63212021,0.0,171240189.96902037,171240189.96902037,15973167.177219654,-28556582.273937773,,0.38596491228070184,48.26176684079683,62.12759477467705,37.73031350973085,True,False
2026-08-07,12,24400.0,0.0,3.0,0.0,26.0,0.0,-75467.53768618015,-75467.53768618015,0.0,267567.825732015,267567.825732015,23965.712518960194,-41599.57150269529,,0.3179487179487179,23.408626207725774,64.99545430862254,2.95817355636693,True,True
2026-08-07,12,24500.0,0.0,4.0,0.0,9.0,0.0,-107877.59239649115,-107877.59239649115,0.0,382327.77295475756,382327.77295475756,33579.27330929586,-57481.63101129167,,0.304,24.432390390843565,64.99354303269388,3.5674180764222783,True,True
2026-08-07,12,24800.0,0.0,5.0,0.0,1.0,0.0,-167097.02247249713,-167097.02247249713,0.0,592451.8148919946,592451.8148919946,49042.57204577882,-80970.51996248083,,0.2291666666666666,28.467737404619196,64.99003393082975,5.362618344808036,True,True
2026-08-07,12,25000.0,2.0,7.0,2.0,9.0,-75814.89822945523,-270253.90280239657,-346068.8010318518,-5360895.236838859,960118.5879454615,-4400776.648893397,98014.65249783876,-158398.83700756793,0.14471300980575857,0.22372881355932217,31.052276263648615,34.979415467275665,6.616229072153862,True,True
2026-08-07,12,25200.0,0.0,5.0,0.0,5.0,0.0,-223293.08346337316,-223293.08346337316,0.0,799883.9982369915,799883.9982369915,60660.9847209232,-97348.09255448033,,0.19729206963249507,31.794064053883105,64.98669734288448,7.734617456601951,True,True
2026-08-07,12,25400.0,0.0,9.0,0.0,4.0,0.0,-464236.5545837036,-464236.5545837036,0.0,1690679.5502294726,1690679.5502294726,120153.43396207133,-189738.84816092788,,0.18923327895595424,33.271993983684965,64.97237328171084,8.990334898912302,True,True
2026-08-07,12,25500.0,0.0,5.0,0.0,2.0,0.0,-276418.2109856663,-276418.2109856663,0.0,1010613.3465768283,1010613.3465768283,69785.91913822545,-108410.53536281093,,0.14101592115238815,35.25991506196538,64.98354079196896,9.51398998808344,True,True
2026-08-07,12,25600.0,0.0,39.0,0.0,15.0,0.0,-2322107.083986061,-2322107.083986061,0.0,8583939.927895034,8583939.927895034,568706.7864274725,-873772.7835860664,,0.14809688581314864,36.07454394998542,64.86185403385085,10.707154065426302,True,True
2026-08-07,12,25800.0,0.0,25.0,0.0,7.0,0.0,-1718347.058639081,-1718347.058639081,0.0,6461333.01314142,6461333.01314142,395575.8959946593,-595262.3762265656,,0.1311475409836066,37.58914222263917,64.89777168146784,11.652985863685172,True,True
2026-08-07,12,26000.0,2.0,42.0,2.0,10.0,-160255.97384424723,-3318375.4748040265,-3478631.448648274,-4976853.449824256,12731338.211640058,7754484.761815802,744304.7634141035,-1107807.95070043,0.21162509614328096,0.1206726013847676,37.96697610018072,64.7930511823792,13.194661423684293,True,True
2026-08-07,12,26200.0,0.0,35.0,0.0,6.0,0.0,-3151703.980928212,-3151703.980928212,0.0,12393872.705239324,12393872.705239324,623376.2434873014,-915246.6191454092,,0.10684474123539228,40.81611955428998,64.81250111271324,14.22800689960139,True,True
2026-08-07,12,26400.0,0.0,21.0,0.0,1.0,0.0,-2147790.246077196,-2147790.246077196,0.0,8685896.595721278,8685896.595721278,392926.42303389235,-558579.05369414,,0.09718309859154937,42.112086761372765,64.87222431831191,15.160235554665608,True,True
2026-08-07,12,26500.0,1.0,17.0,1.0,1.0,-108704.45831648262,-1851326.9036357,-1960031.3619521826,-2347832.5040454073,7575993.790177155,5228161.286131748,342363.77150557836,-479995.7474245738,0.21868678585096496,0.07744874715261964,41.13972752833548,64.88339311942342,15.699513227489566,True,True
2026-08-07,12,26600.0,1.0,31.0,1.0,9.0,-115279.59941688404,-3590220.6706240405,-3705500.2700409247,-2312567.7039310094,14922716.756036187,12610149.052105177,614403.7548286717,-850840.9838352205,0.17928343994721896,0.0729665071770336,42.569459942437035,64.77955529897142,16.57006014196182,True,True
2026-08-07,12,26800.0,0.0,51.0,0.0,1.0,0.0,-6632601.368269908,-6632601.368269908,0.0,28608325.97156028,28608325.97156028,965391.8884654142,-1316490.8317550723,,0.06338028169014082,45.879673809550695,64.60542011269806,18.151401396384966,True,True
2026-08-07,12,27000.0,2.0,16.0,1.0,18.0,-285014.2699867344,-2310568.4726327355,-2595582.7426194698,-4299186.663629612,10375975.400807833,6076788.737178221,327619.49038837175,-435765.25930433976,0.2223954089765844,0.05102040816326531,44.44313418908995,64.84558400237769,18.683729588981787,True,True
2026-08-07,12,27200.0,0.0,1307.0,0.0,4.0,0.0,-208515634.48857453,-208515634.48857453,0.0,976765166.8905253,976765166.8905253,22526012.56126901,-28621740.14284214,,0.054249547920433995,64.57594244216438,52.59521916647359,47.00388869407937,True,True
2026-08-07,12,27300.0,1.0,0.0,1.0,0.0,-165133.87356515753,0.0,-165133.87356515753,-2002953.2044735749,0.0,-2002953.2044735749,15779.102401145423,-20004.74741486201,0.12093816631130079,,46.476525188886164,34.990183527716866,20.11312397259527,True,True
2026-08-07,12,27350.0,0.0,1.0,0.0,1.0,0.0,-170817.79808304698,-170817.79808304698,0.0,829942.6810647182,829942.6810647182,15671.611500120705,-19346.552539168613,,0.048,48.96093127050503,64.98981982353109,20.40957828872207,True,True
2026-08-07,12,27400.0,0.0,9.0,0.0,7.0,0.0,-1571297.7985582156,-1571297.7985582156,0.0,7725806.605842353,7725806.605842353,135165.71695084436,-165146.02779726573,,0.04923076923076923,49.32251296663431,64.90652015288255,20.878412909792143,True,True
2026-08-07,12,27500.0,1.0,15.0,1.0,3.0,-177789.32347593177,-2727507.707679952,-2905297.031155884,-1884996.0309026828,13759239.475871665,11874243.444968984,214748.3710104537,-257342.12882621464,0.02007856831078125,0.046908315565031986,50.47661819065582,64.82716002866408,21.62562806074771,True,True
2026-08-07,12,27550.0,0.0,1.0,0.0,1.0,0.0,-185251.9290145981,-185251.9290145981,0.0,947513.2135212338,947513.2135212338,12576.20626009214,-14874.636728919444,,0.04507580931566726,50.23370136015439,64.9889633668441,21.595113343158843,True,True
2026-08-07,12,27600.0,0.0,8.0,0.0,2.0,0.0,-1508561.4520291917,-1508561.4520291917,0.0,7827502.553317232,7827502.553317232,95017.58356190658,-109772.7979073303,,0.046206353373588784,50.58550935137254,64.91025241924089,22.045704007352114,True,True
2026-08-07,12,27700.0,4.0,0.0,2.0,0.0,-761921.3294079909,0.0,-761921.3294079909,-7049251.070096326,0.0,-7049251.070096326,38808.41254889326,-43484.03994348368,0.019973070017953398,,51.91390819621503,34.9546747493644,22.550362064883174,True,True
2026-08-07,12,27775.0,0.0,1.0,0.0,1.0,0.0,-199702.79187874522,-199702.79187874522,0.0,1093740.9109433328,1093740.9109433328,8780.9199978733,-9086.402410893787,,0.04120879120879121,51.68288681861998,64.98810578865104,22.928779512534145,True,True
2026-08-07,12,27800.0,0.0,17.0,0.0,6.0,0.0,-3421068.715151263,-3421068.715151263,0.0,18886633.373683453,18886633.373683453,140432.3053797267,-142012.8973988306,,0.04043126684636119,52.05883045717782,64.79647678081719,23.436348729265717,True,True
2026-08-07,12,27850.0,1.0,6.0,3.0,1.0,-199155.80332851305,-1226173.197052911,-1425329.000381424,-1661713.6266728062,6875134.763397159,5213421.136724353,49799.60319173192,-47677.81665386975,0.020202020202020204,0.03896103896103896,52.55277906643697,64.91520303105455,23.50855943630669,True,True
2026-08-07,12,27900.0,0.0,1.0,0.0,1.0,0.0,-207044.72238356495,-207044.72238356495,0.0,1181694.3521544777,1181694.3521544777,5991.794606921951,-5262.771978086825,,0.02998126171143031,52.76036543424042,64.9876700314261,23.669681830653815,True,True
2026-08-07,12,28000.0,2.0,1318.0,1.0,2.0,-413556.4933884287,-279654223.50624967,-280067779.9996381,-3111608.8234785567,1653650967.7712684,1650539358.94779,4579458.041803313,-2591159.790063997,0.02136047595154466,0.02703224560726009,70.38386151412817,48.3385183056276,54.37953397647427,True,True
2026-08-07,12,28050.0,2.0,2.0,2.0,1.0,-417665.3384093608,-429021.6882457175,-846687.0266550783,-3039323.0510671586,2583427.8983910005,-455895.1526761581,8233.207467984852,-894.9830925355155,0.022764714692226944,0.026418604651162875,53.849178152561706,34.94966273687987,24.62707130331583,True,True
2026-08-07,12,28100.0,1.0,7.0,2.0,1.0,-210936.60173937734,-1516497.0424159544,-1727433.6441553317,-1483360.610778902,9303048.38065354,7819687.769874638,6169.684434144094,11740.54701474236,0.022736181889455115,0.025820333512641163,54.2059631443472,64.89723151566929,25.015755445382844,True,True
2026-08-07,12,28150.0,0.0,1.0,0.0,1.0,0.0,-218508.56203440283,-218508.56203440283,0.0,1366515.0802470115,1366515.0802470115,-588.653197245247,3202.697071153108,,0.02505832541259829,54.13270241083262,64.98698975420231,24.89472042915623,True,True
2026-08-07,12,28200.0,0.0,6.0,0.0,1.0,0.0,-1320952.5793655824,-1320952.5793655824,0.0,8428857.66540374,8428857.66540374,-12038.498357329903,29850.917525672994,,0.024325224925025028,53.922336633662795,64.9214135748961,24.714039506591927,True,True
2026-08-07,12,28250.0,2.0,6.0,1.0,1.0,-431188.29400277906,-1329163.0476510788,-1760351.3416538578,-2743036.421205273,8663535.92800921,5920499.506803937,-27601.25834388023,53970.303731161635,0.02767978290366342,0.023132530120482074,53.619208513964644,64.89527259719101,24.463956809698793,True,True
2026-08-07,12,28275.0,0.0,1.0,0.0,1.0,0.0,-222172.18784128007,-222172.18784128007,0.0,1463782.253061633,1463782.253061633,-4240.808025572895,7683.825109583189,,0.024142011834319455,53.41953908748138,64.98677253124036,24.154192242663704,True,True
2026-08-07,12,28300.0,0.0,8.0,0.0,5.0,0.0,-1782529.3253421835,-1782529.3253421835,0.0,11870833.405727727,11870833.405727727,-40088.66659417287,68769.48909124847,,0.02232558139534898,53.41536467518652,64.89395447915615,24.168449653420833,True,True
2026-08-07,12,28350.0,0.0,8.0,0.0,2.0,0.0,-1790158.540214297,-1790158.540214297,0.0,12195051.157780468,12195051.157780468,-52560.77699686449,83340.98967996013,,0.022592952794194696,53.1110824409413,64.89350064396227,23.872447914734124,True,True
2026-08-07,12,28375.0,2.0,3.0,2.0,4.0,-436193.87442228594,-672114.7067700428,-1108308.5811923286,-2546860.7343782336,4634230.888684353,2087370.1543061193,-36081.42922027055,56127.74213315069,0.029647930821494705,0.022481816178091352,52.82045289334374,64.93405854927505,23.654276332214597,True,True
2026-08-07,12,28400.0,12.0,12.0,3.0,2.0,-2619501.25512766,-2693038.934596777,-5312540.189724437,-15042620.359044,18784471.451645084,3741851.092601083,-190766.70694241673,290191.3997852276,0.03001479602621008,0.021517799119069935,52.924108366853105,64.68394824358566,23.94585846085454,True,True
2026-08-07,12,28425.0,1.0,0.0,1.0,0.0,-218483.00698894117,0.0,-218483.00698894117,-1233540.20968928,0.0,-1233540.20968928,-8496.571460183897,12827.513317739058,0.03127035830618888,,52.31690541648577,34.98701441142656,23.265283552878564,True,True
2026-08-07,12,28500.0,2.0,24.0,3.0,5.0,-437958.01563667716,-5394175.764592439,-5832133.780229116,-2345551.825634289,39553459.03984948,37207907.2142152,-291431.97676180187,408406.2292522201,0.029088329194749938,0.021534320323014805,52.37079628689928,64.65304076366051,23.4022408784011,True,True
2026-08-07,12,28525.0,0.0,1.0,0.0,1.0,0.0,-224690.36314331024,-224690.36314331024,0.0,1668827.6697544737,1668827.6697544737,-12008.076555109697,16580.393942117695,,0.021164021164021163,52.027573346191105,64.98662398182721,22.67297238611684,True,True
2026-08-07,12,28600.0,1.0,14.0,2.0,2.0,-217896.24256554362,-3136309.248358701,-3354205.4909242447,-1092923.686259826,24232646.099701487,23139722.41344166,-212261.35182588265,284805.6943546299,0.04161696487740237,0.020724737800665704,51.46190324387284,64.80045467955728,22.55365584467439,True,True
2026-08-07,12,28650.0,12.0,3.0,3.0,4.0,-2607423.550516312,-670103.851853227,-3277527.4023695393,-12633668.464842614,5316900.15348725,-7316768.311355364,-224881.56123086988,303034.97250580543,0.04737732656514385,0.021617682778722315,51.065842551606025,34.80501902566273,22.254788096517746,True,True
2026-08-07,12,28725.0,2.0,2.0,3.0,2.0,-430946.2749947541,-446100.61245054216,-877046.8874452963,-1985413.72723975,3677998.8472372578,1692585.1199975077,-71545.48078215349,91516.7751312725,0.05083694978301312,0.09283973540675408,49.36064071443555,64.94781483731214,21.556966430119378,True,True
2026-08-07,12,28775.0,0.0,1.0,0.0,1.0,0.0,-216343.3599279773,-216343.3599279773,0.0,1868040.192092686,1868040.192092686,-19258.573232797986,24284.72686966586,,0.15376112308627646,46.568354827124224,64.98712151102185,21.191383170057122,True,True
2026-08-07,12,28800.0,2.0,2.0,1.0,2.0,-426746.6487124488,-436428.6861860813,-863175.33489853,-1859676.4942498053,3795401.4991139974,1935725.004864192,-80512.98833835841,100213.71222594359,0.04029619424832095,0.021949078138718173,50.1377202680567,64.9486411814761,21.112103231118905,True,True
2026-08-07,12,28850.0,2.0,1.0,1.0,1.0,-421967.00343945593,-215627.59241086326,-637594.5958503191,-1778049.2840566845,1939876.061546304,161826.77748961956,-64181.10634508436,78919.81972926433,0.04351032448377585,0.023779193205944894,49.75301503614006,64.96197623846209,20.792553005591323,True,True
2026-08-07,12,28875.0,1.0,1.0,1.0,1.0,-209099.53260514315,-211334.04666888423,-420433.5792740274,-870654.4482746496,1950357.3649270812,1079702.9166524317,-43684.344014774426,53648.50391692131,0.05803148113028641,0.14278323848939473,47.58922600095417,64.9749741391961,20.621419552940353,True,True
2026-08-07,12,28900.0,0.0,144.0,0.0,45.0,0.0,-30637929.04967735,-30637929.04967735,0.0,285459527.2325687,285459527.2325687,-3381023.8356133737,4011786.2296820404,,0.023016851623510047,51.57763603411618,63.17732225944168,23.718646413346637,True,True
2026-08-07,12,28925.0,1.0,2.0,2.0,1.0,-206200.38144216847,-422214.21733692446,-628414.5987790929,-830236.0787034128,4006303.305058772,3176067.2263553594,-71011.37819821022,84663.71117269911,0.06026058631921829,0.15757820791428714,47.05038424956353,64.96261033297661,20.347849295055966,True,True
2026-08-07,12,28950.0,1.0,2.0,2.0,1.0,-205082.12697872106,-418485.56701277936,-623567.6939915004,-808169.9578764237,4046515.1776124155,3238345.2197359917,-72795.24086658584,86235.38564300782,0.04844878878028051,0.15386144518437525,47.13518210745635,64.96289877048605,20.19955397938296,True,True
2026-08-07,12,28975.0,0.0,2.0,0.0,1.0,0.0,-410024.1709878453,-410024.1709878453,0.0,4064372.519575292,4064372.519575292,-48995.424543342764,58209.451546488315,,0.1337601241573307,45.99612088596978,64.9756036062585,20.028543502683245,True,True
2026-08-07,12,29000.0,1.0,8.0,3.0,2.0,-201278.11445364408,-1624051.2632501603,-1825329.3777038043,-770343.6122399832,16409275.502147045,15638931.889907062,-223965.85171389361,265586.86465549155,0.06413463725267224,0.13287547097820382,46.99510566176258,64.89140857037609,20.03786990283553,True,True
2026-08-07,12,29025.0,1.0,2.0,3.0,1.0,-199492.42771750633,-400675.0017982268,-600167.4295157332,-750711.5175071076,4133241.694407522,3382530.1769004147,-75238.1521177228,89474.1959057562,0.06661941885187808,0.13555513948698744,46.69282560342344,64.96429107050704,19.7543668537769,True,True
2026-08-07,12,29050.0,0.0,1.0,0.0,1.0,0.0,-198073.30793305894,-198073.30793305894,0.0,2083986.5719351938,2083986.5719351938,-25476.11813784428,30201.92698519565,,0.13076887682326416,45.62868620747545,64.98820924474981,19.561326075851635,True,True
2026-08-07,12,29100.0,4.0,3.0,6.0,1.0,-775020.7897710736,-587561.3364566016,-1362582.1262276752,-2772946.1670712368,6399868.008191255,3626921.841120018,-185118.48327626125,216675.65092486195,0.07277556440903049,0.13077233765650947,46.2789556494898,64.91893463993742,19.398375595793123,True,True
2026-08-07,12,29125.0,0.0,1.0,0.0,1.0,0.0,-195185.9138247007,-195185.9138247007,0.0,2164430.8064859784,2164430.8064859784,-28283.755950547104,31681.72057184211,,0.13825294509891087,44.95977252078628,64.98838128591147,19.116836281061996,True,True
2026-08-07,12,29150.0,6.0,3.0,1.0,1.0,-1137948.91258972,-577027.2635850523,-1714976.1761747724,-3929580.871342529,6542162.525183947,2612581.6538414177,-249299.6677673984,285110.7787515761,0.07916787055764239,0.13771408598392182,45.80824466026272,64.89796879832494,19.145335191567842,True,True
2026-08-07,12,29200.0,3.0,6.0,2.0,1.0,-554538.8902841775,-1120809.7184348262,-1675348.6087190039,-1855350.961901323,13297682.08600609,11442331.124104768,-260929.06442539208,290318.4108452068,0.08270676691729316,0.1354197504757876,45.493315155210134,64.90033070813226,18.847726968268706,True,True
2026-08-07,12,29250.0,0.0,1.0,0.0,1.0,0.0,-181122.76731096435,-181122.76731096435,0.0,2254093.191270359,2254093.191270359,-30125.420857181256,32614.99007998945,,0.1312228327729025,44.43002315986691,64.98921819069098,18.37570547658411,True,True
2026-08-07,12,29300.0,2.0,6.0,1.0,6.0,-348260.08531857596,-1049732.2977329765,-1397992.3830515523,-1092010.9382249445,13724014.176268708,12632003.238043763,-241802.54154310393,261560.0438675501,0.09381980640357404,0.1241609405409699,44.890199067281934,64.91683100049673,18.23015555342425,True,True
2026-08-07,12,29325.0,1.0,0.0,1.0,0.0,-171254.04421182282,0.0,-171254.04421182282,-528322.2613789756,0.0,-528322.2613789756,-29736.378641400257,32692.280158172372,0.09657320872274136,,45.025120242951985,34.9898403360843,17.93097835294884,True,True
2026-08-07,12,29350.0,1.0,1.0,1.0,1.0,-168316.2767316906,-168696.92795101204,-337013.20468270266,-510932.2654473631,2321389.5305561177,1810457.2651087546,-60602.45154483143,65372.708683503755,0.09942950285248588,0.14150907060046994,44.172887816796525,64.97994249908456,17.804103317775542,True,True
2026-08-07,12,29400.0,1.0,8.0,1.0,2.0,-162306.36027662837,-1295838.8322010792,-1458145.1924777075,-476373.63703437167,19074644.248069305,18598270.611034933,-284247.3287787154,291044.3505119189,0.12998655311519497,0.1507014632674611,43.369848301247124,64.91325283722001,17.655298813610617,True,True
2026-08-07,12,29425.0,2.0,0.0,2.0,0.0,-318493.81796641357,0.0,-318493.81796641357,-920545.2491030307,0.0,-920545.2491030307,-60287.35792797404,65039.34263649535,0.13045518535898645,,43.42891921940149,34.98106881376333,17.359082116606775,True,True
2026-08-07,12,29450.0,1.0,1.0,1.0,1.0,-156172.29898586427,-154709.90223966097,-310882.20122552523,-444248.717053085,2424502.3349875943,1980253.6179345092,-62096.58254943331,64158.37887027246,0.1358267716535433,0.14667057788207685,42.95698399099687,64.98149776616644,17.21069281511857,True,True
2026-08-07,12,29500.0,4.0,3.0,4.0,3.0,-600007.1303851467,-450108.1780331345,-1050115.3084182811,-1651807.4558207106,7195628.804666462,5543821.348845752,-209976.87076420797,224817.62285261083,0.13579576317218903,0.20761197168290466,41.81096941940774,64.93752499926234,17.01766461223892,True,True
2026-08-07,12,29525.0,3.0,0.0,6.0,0.0,-440818.2809744299,0.0,-440818.2809744299,-1195704.1501849967,0.0,-1195704.1501849967,-89853.63085148667,95736.66394795921,0.13439635535307512,,42.73094239511572,34.97378787273185,16.786338889391512,True,True
2026-08-07,12,29550.0,1.0,4.0,1.0,4.0,-143783.84468773546,-575343.1682006143,-719127.0128883497,-383887.3018418049,9711539.758126277,9327652.456284473,-149732.20582614825,158183.7102951616,0.15808383233532922,0.20170986750229905,41.24335793219675,64.95721688536374,16.67891051613088,True,True
2026-08-07,12,29575.0,1.0,0.0,1.0,0.0,-140526.3133868811,0.0,-140526.3133868811,-369245.41271195025,0.0,-369245.41271195025,-29946.03828504938,31285.389311467025,0.1639344262295082,,41.52297825634975,34.99168058773035,16.448628308649273,True,True
2026-08-07,12,29600.0,3.0,1.0,5.0,1.0,-411558.21808393905,-137253.57576226618,-548811.7938462052,-1064403.4604665833,2457140.584295509,1392737.1238289257,-119422.7427398491,123694.14289422611,0.15282392026578073,0.19575370143420226,41.10255755188502,64.96733992741275,16.361239030608733,True,True
2026-08-07,12,29625.0,3.0,0.0,1.0,0.0,-401448.3310264957,0.0,-401448.3310264957,-1023038.3204219551,0.0,-1023038.3204219551,-89146.99934487337,91598.9697623262,0.15944055944055952,,41.387094087931494,34.97613214341492,16.192478331466813,True,True
2026-08-07,12,29650.0,2.0,0.0,1.0,0.0,-260756.38094100152,0.0,-260756.38094100152,-654441.9510908765,0.0,-654441.9510908765,-59059.75316248237,60235.18607812158,0.16519174041297938,,41.053647652522415,34.98451029090119,16.023944429030497,True,True
2026-08-07,12,29700.0,11.0,27.0,4.0,25.0,-1358300.4032081256,-3341337.4104046365,-4699637.813612762,-3311427.2198256026,67756873.01323251,64445445.79340691,-1102333.6206459417,1113649.2006938595,0.19672131147540983,0.18563549761845077,40.43788319970033,64.72041412780057,16.440922443907773,True,True
2026-08-07,12,29750.0,4.0,1.0,1.0,1.0,-466293.1447516253,-116689.2164852736,-582982.3612368989,-1104172.9669863337,2535949.542136263,1431776.5751499294,-141991.59711202787,141732.75018903325,0.2120658135283364,0.18019832189168586,39.57125702934147,64.96530738358683,15.489237937531957,True,True
2026-08-07,12,29775.0,1.0,0.0,2.0,0.0,-113153.73125811493,0.0,-113153.73125811493,-264090.622105389,0.0,-264090.622105389,-28046.61177725139,27879.17322955332,0.21835748792270526,,38.70524203643446,34.99332518221246,15.262653414220587,True,True
2026-08-07,12,29800.0,2.0,3.0,2.0,1.0,-219467.05968142077,-329699.2578642631,-549166.3175456838,-504518.4074043728,7678480.85798303,7173962.450578658,-138367.7543188026,137170.65958604784,0.20675537359263055,0.17541149206726486,39.426454983463515,64.96732751573877,15.19182727578997,True,True
2026-08-07,12,29825.0,1.0,0.0,1.0,0.0,-106398.72918223242,0.0,-106398.72918223242,-241059.34186266802,0.0,-241059.34186266802,-27285.26015410595,26950.402909102355,0.218851570964247,,38.394158452908364,34.99373246991675,14.966162687032117,True,True
2026-08-07,12,29875.0,1.0,0.0,3.0,0.0,-100029.92513667452,0.0,-100029.92513667452,-220504.7207076768,0.0,-220504.7207076768,-26477.172493382277,26082.05174250679,0.25665859564164656,,36.96368662030653,34.994117156104146,14.66968508856639,True,True
2026-08-07,12,29900.0,149.0,0.0,14.0,0.0,-14438459.486584647,0.0,-14438459.486584647,-31365153.30153423,0.0,-31365153.30153423,-3883119.979576854,3820484.2041158653,0.26957637997432604,,38.319530638477616,34.141043663213296,17.32082973774408,True,True
2026-08-07,12,29950.0,2.0,0.0,6.0,0.0,-181495.02168911597,0.0,-181495.02168911597,-383648.5071115646,0.0,-383648.5071115646,-50155.53305724379,48428.89651249406,0.29394812680115256,,35.41338950719815,34.98924179769077,14.24368340171768,True,True
2026-08-07,12,30000.0,10.0,29.0,13.0,1.0,-845241.5421295151,-1423808.1119640863,-2269049.6540936013,-1739814.6569539078,79636642.27516253,77896827.61820863,-744914.145828128,589883.0788021032,0.35064935064935077,0.21720243266724587,35.89067249277678,64.86501202249951,14.596349107136767,True,True
2026-08-07,12,30050.0,4.0,0.0,2.0,0.0,-314240.06276582624,0.0,-314240.06276582624,-631824.6781699636,0.0,-631824.6781699636,-91686.05453621011,86137.37263633157,0.4043715846994536,,31.533724505882553,34.98132931950162,13.686914982254539,True,False
2026-08-07,12,30075.0,3.0,0.0,3.0,0.0,-226786.42956547387,0.0,-226786.42956547387,-450510.7495558347,0.0,-450510.7495558347,-67113.65868198036,62733.569996584716,0.42166344294003877,,30.854057752428517,34.98654156877814,13.520190905469793,True,False
2026-08-07,12,30100.0,3.0,0.0,2.0,0.0,-218127.86352667853,0.0,-218127.86352667853,-428270.0236120074,0.0,-428270.0236120074,-65483.67743997942,60953.79616663098,0.44763860369609865,,29.9266723836068,34.98705840366513,13.371766013155167,True,False
2026-08-07,12,30150.0,3.0,0.0,1.0,0.0,-201699.70937879005,0.0,-201699.70937879005,-387371.4524275397,0.0,-387371.4524275397,-62336.235967210414,57691.947255748935,0.4849884526558892,,28.509915822533237,34.98803942706058,13.07494644914811,True,False
2026-08-07,12,30200.0,8.0,3.0,2.0,2.0,-496395.79847414925,-93251.0361568997,-589646.834631049,-932335.7959934176,8321053.878195801,7388718.082202383,-196567.36547645644,173292.00023591417,0.5208333333333334,0.2357559994111008,31.516711999536064,64.9649193544944,12.916838038459497,True,True
2026-08-07,12,30225.0,1.0,0.0,1.0,0.0,-59627.67125851685,0.0,-59627.67125851685,-110805.34046642276,0.0,-110805.34046642276,-19298.59650061368,17786.51532347432,0.5414364640883977,,26.34652292094508,34.99658806804199,12.594483976282318,True,False
2026-08-07,12,30250.0,1.0,0.0,1.0,0.0,-57218.06696343319,0.0,-57218.06696343319,-105083.22657292722,0.0,-105083.22657292722,-18827.76713203231,17341.354479633173,0.5647058823529413,,25.500309826868854,34.996738788873614,12.446271516139127,True,False
2026-08-07,12,30300.0,1.0,2.0,1.0,2.0,-52925.52585836541,-12899.123605891045,-65824.64946425645,-95249.8874012364,5615008.4665979,5519758.579196664,-25043.954388104954,20229.780346869473,0.6138613861386139,0.22507616592453705,29.586722844423115,64.99608131546447,12.181544127544775,True,True
2026-08-07,12,30400.0,55.0,0.0,1.0,0.0,-2458187.875520421,0.0,-2458187.875520421,-4252602.1739120195,0.0,-4252602.1739120195,-851632.5434521171,761845.9279607098,0.7899159663865548,,18.545368874235344,34.85376374105729,12.482619081345279,True,False
2026-08-07,12,30500.0,104.0,3.0,21.0,1.0,-3892095.7463016957,0.0,-3892095.7463016957,-6517420.621991384,8438502.60848232,1921081.986490936,-1401111.736110919,1235232.1602801883,0.9148936170212767,0.20803914415091093,25.470918188710783,64.76844794931242,12.751111542134176,True,True
2026-08-07,12,30550.0,6.0,0.0,6.0,0.0,-208132.54179721486,0.0,-208132.54179721486,-345797.38368408574,0.0,-345797.38368408574,-76389.76989045378,67419.48941443578,1.0232558139534884,,10.72782204426084,34.987661387584964,10.751938080747351,True,False
2026-08-07,12,30600.0,1.0,0.0,2.0,0.0,-34274.59559008958,0.0,-34274.59559008958,-58298.395655041255,0.0,-58298.395655041255,-12547.668675526518,11315.109609795392,1.2134831460674158,,10.367658651498179,34.99821826632743,10.371663911581653,True,False
2026-08-07,12,30700.0,7.0,0.0,2.0,0.0,-191746.34487387122,0.0,-191746.34487387122,-309871.585188107,0.0,-309871.585188107,-75816.79752900914,67469.1870849649,1.305019305019305,,9.851819227517872,34.988641246150024,9.878218320848083,True,False
2026-08-07,12,30800.0,2.0,0.0,1.0,0.0,-52654.82404085471,0.0,-52654.82404085471,-88144.32462587854,0.0,-88144.32462587854,-20855.759588216817,19218.174591486513,1.5955056179775282,,9.195394742475363,34.997037691136924,9.202864936894855,True,False
2026-08-07,12,30900.0,1.0,0.0,3.0,0.0,-23556.809387340905,0.0,-23556.809387340905,-39394.74010584786,0.0,-39394.74010584786,-9684.906135576295,9084.836954221206,1.7824267782426777,,8.59009209781911,34.99897933625424,8.593733008961205,True,False
2026-08-07,12,31000.0,118.0,0.0,27.0,0.0,-2171711.766184967,0.0,-2171711.766184967,-3434032.094570221,0.0,-3434032.094570221,-897374.4416665925,804710.5558493022,1.9523809523809526,,9.492883744557348,34.87080730075308,9.901842704905217,True,False
2026-08-07,12,31100.0,7.0,0.0,6.0,0.0,-117526.29094444095,0.0,-117526.29094444095,-187958.941103339,0.0,-187958.941103339,-48950.1218201521,44537.058744548536,1.9745222929936306,,7.481730489279112,34.993088060511084,7.505606487114925,True,False
2026-08-07,12,31200.0,8.0,3.0,1.0,2.0,-123769.22821051216,-0.0024066749899547984,-123769.23061718715,-200765.39046669746,8438502.608485496,8237737.218018798,-52032.88648425236,48170.29121448208,1.9731543624161074,0.1611719189180252,6.9403301451056745,64.99263503734261,6.975778779368579,True,True
2026-08-07,12,31300.0,11.0,0.0,4.0,0.0,-156711.3432065681,0.0,-156711.3432065681,-257533.66122935814,0.0,-257533.66122935814,-66671.98364209032,62778.56277779735,1.971631205673759,,6.347807960545987,34.99073534719875,6.38437645516266,True,False
2026-08-07,12,31400.0,5.0,0.0,15.0,0.0,-66142.93078594696,0.0,-66142.93078594696,-110320.20366978983,0.0,-110320.20366978983,-28480.86748294394,27321.410062434854,1.9703703703703705,,5.678603015406916,34.996201064744135,5.695052041976859,True,False
2026-08-07,12,31500.0,8.0,0.0,17.0,0.0,-99211.96920528197,0.0,-99211.96920528197,-168293.45020581008,0.0,-168293.45020581008,-43187.94669275111,42273.49652490617,1.969465648854962,,5.124422211136915,34.994186921083845,5.150515719609198,True,False
2026-08-07,12,31600.0,11.0,0.0,1.0,0.0,-127979.51771898362,0.0,-127979.51771898362,-220605.03244630463,0.0,-220605.03244630463,-56378.1596764435,56281.332123315275,1.968503937007874,,4.570241406866918,34.99245437901521,4.605833168975386,True,False
2026-08-07,12,31700.0,2.0,0.0,3.0,0.0,-21844.046358272088,0.0,-21844.046358272088,-38231.709966589005,0.0,-38231.709966589005,-9747.927678783597,9920.079261482424,1.967479674796748,,3.8626950814381553,34.99909281243431,3.869117869796427,True,False
2026-08-07,12,31800.0,1.0,0.0,1.0,0.0,-10366.33430664228,0.0,-10366.33430664228,-18467.478228982236,0.0,-18467.478228982236,-4672.254092204076,4853.953242231303,1.9669421487603307,,3.2573924367819016,35.00019549223164,3.260584940431911,True,False
2026-08-07,12,32000.0,31.0,0.0,60.0,0.0,-287271.0519384867,0.0,-287271.0519384867,-527405.6630939407,0.0,-527405.6630939407,-132806.5471889553,143323.38287666702,1.965217391304348,,2.4557618705594275,34.98293843030258,2.5535707605414153,True,False
2026-08-07,12,32200.0,12.0,0.0,13.0,0.0,-101945.63817398739,0.0,-101945.63817398739,-193732.8696166158,0.0,-193732.8696166158,-47974.84254692736,53877.68045752601,1.9646017699115046,,1.027888759605343,34.99401258898405,1.0654356075676619,True,False
2026-08-07,12,32400.0,3.0,0.0,1.0,0.0,-23193.546305577565,0.0,-23193.546305577565,-45364.705624368435,0.0,-45364.705624368435,-11172.510710727865,13012.314318392957,1.9633027522935782,,0.03834138028969043,34.99895084151229,0.04765014686526993,True,False
2026-08-07,12,32500.0,3.0,0.0,1.0,0.0,-22151.488755384642,0.0,-22151.488755384642,-43919.69591678576,0.0,-43919.69591678576,-10800.036280938977,12802.154948286347,1.9626168224299068,,0.03834138028969043,34.99902371284703,0.04761472233280736,True,False
2026-08-07,12,33000.0,3.0,0.0,1.0,0.0,-18870.210770077065,0.0,-18870.210770077065,-40544.8380183956,0.0,-40544.8380183956,-9502.963052778547,12329.568376960613,2.0,,0.03834138028969043,34.99924734601181,0.047503175961411945,True,False
2026-08-07,12,33200.0,5.0,0.0,5.0,0.0,-29309.232772839252,0.0,-29309.232772839252,-64621.84419785788,0.0,-64621.84419785788,-14798.128544941525,19743.422222171695,2.0,,0.06390230048281738,34.998488483697244,0.07909917305153444,True,False
2026-08-07,12,33600.0,7.0,0.0,3.0,0.0,-29451.91716264211,0.0,-29451.91716264211,-64646.82596342651,0.0,-64646.82596342651,-14488.506603995793,19270.351370109056,2.0,,0.08946322067594432,34.99847990557953,0.11034514825855818,True,False
2026-08-07,12,33800.0,8.0,0.0,2.0,0.0,-31293.70724783746,0.0,-31293.70724783746,-70274.99085184492,0.0,-70274.99085184492,-15450.43837908821,21040.518902878608,2.0,,0.10224368077250781,34.998351753645224,0.12602832187459057,True,False
2026-08-07,12,34000.0,9.0,0.0,15.0,0.0,-32771.02883585847,0.0,-32771.02883585847,-75216.33209145526,0.0,-75216.33209145526,-16266.209080830955,22664.578950935538,2.0,,0.1150241408690713,34.99824984442809,0.14169910545889453,True,False
2026-08-07,12,34200.0,2.0,0.0,1.0,0.0,-6786.365077470236,0.0,-6786.365077470236,-15904.552036313195,0.0,-15904.552036313195,-3391.983269993644,4832.5160803248855,2.0,,0.025560920193126953,35.0005393400189,0.031471825767914186,True,False
2026-08-07,12,34500.0,2.0,0.0,1.0,0.0,-6559.645452686058,0.0,-6559.645452686058,-16092.539902774191,0.0,-16092.539902774191,-3276.197917021024,4879.97585388983,2.0,,0.025560920193126953,35.0005418118519,0.03146411848081993,True,False
2026-08-07,12,35000.0,2.0,0.0,1.0,0.0,-5163.741559706882,0.0,-5163.741559706882,-13036.860220986422,0.0,-13036.860220986422,-2694.2975379002937,4170.736351197497,2.0,,0.025560920193126953,35.00084329995262,0.03141666501458642,True,False
2026-08-07,12,35500.0,1.0,0.0,1.0,0.0,-2133.138658392789,0.0,-2133.138658392789,-5570.76929179806,0.0,-5570.76929179806,-1168.2478061593015,1890.5841709805914,2.0,,0.012780460096563476,35.00256524073572,0.01569307795095826,True,False
2026-08-07,12,37000.0,6.0,0.0,2.0,0.0,-9867.756264297937,0.0,-9867.756264297937,-29648.183668340916,0.0,-29648.183668340916,-5684.302394854787,10679.664992327438,2.0,,0.07668276057938087,34.999918874512005,0.09405882638961324,True,False
2026-08-07,12,38000.0,8.0,0.0,1.0,0.0,-26053.308423791575,0.0,-26053.308423791575,-103654.13199148636,0.0,-103654.13199148636,-13175.270230521153,31302.09974501718,2.0,,0.10224368077250781,34.998594776111766,0.12585017559253078,True,False
2026-08-07,12,39000.0,3.0,0.0,1.0,0.0,-5482.837868031911,0.0,-5482.837868031911,-20873.311650740605,0.0,-20873.311650740605,-2863.19794286423,6617.1526693279075,2.0,,0.03834138028969043,35.000392407661245,0.04704807496831503,True,False
2026-08-10,15,18000.0,0.0,1.0,0.0,1.0,0.0,-1411.281088617383,-1411.281088617383,0.0,7883.068346715624,7883.068346715624,780.8717027370865,-1987.6138239301208,,2.0,0.012780460096563476,64.99801347060546,0.015668538551086224,True,False
2026-08-10,15,20000.0,0.0,4.0,0.0,2.0,0.0,-10357.527955696862,-10357.527955696862,0.0,48557.73251200409,48557.73251200409,5283.339910050158,-10789.350806598086,,1.982062780269058,0.051121840386253906,64.99907491716286,0.06283435139721344,True,False
2026-08-10,15,20500.0,0.0,6.0,0.0,6.0,0.0,-18618.789029790325,-18618.789029790325,0.0,83418.84033328007,83418.84033328007,9173.900899851102,-17644.650447619377,,1.9835390946502056,0.07668276057938087,64.99871253831843,0.0943563159517058,True,False
2026-08-10,15,21000.0,0.0,2.0,0.0,3.0,0.0,-7521.647318627067,-7521.647318627067,0.0,32162.868641984358,32162.868641984358,3594.4030180155733,-6509.524015078288,,1.98501872659176,0.025560920193126953,64.99908616869146,0.031496821536733464,True,False
2026-08-10,15,21500.0,0.0,4.0,0.0,1.0,0.0,-20150.067652583064,-20150.067652583064,0.0,84634.60668495137,84634.60668495137,9279.299091193789,-16207.499007703778,,1.8017492711370262,0.051121840386253906,64.9986240241566,0.06316724677359555,True,False
2026-08-10,15,22000.0,0.0,4.0,0.0,3.0,0.0,-24983.98223963709,-24983.98223963709,0.0,100339.40812345583,100339.40812345583,11465.866957396443,-18987.66762508572,,1.4728682170542635,0.051121840386253906,64.99836418952353,0.06333157470747852,True,False
2026-08-10,15,25000.0,0.0,3.0,0.0,2.0,0.0,-122832.77804743365,-122832.77804743365,0.0,466120.431050512,466120.431050512,37588.571432043325,-45932.84077437228,,0.3017806935332709,27.448800047547323,64.99266038817267,6.514916835346073,True,True
2026-08-10,15,25200.0,0.0,6.0,0.0,4.0,0.0,-281132.2447180668,-281132.2447180668,0.0,1079645.3402088434,1079645.3402088434,82363.4601363388,-99173.54105995364,,0.2622687047465808,29.8575454605571,64.98326129892203,7.752204249353459,True,True
2026-08-10,15,25400.0,0.0,2.0,0.0,2.0,0.0,-107473.71873383336,-107473.71873383336,0.0,419103.4422437463,419103.4422437463,29854.04380856003,-34964.87424963598,,0.23319615912208502,31.863644358025095,64.99357050214563,8.868862883176758,True,True
2026-08-10,15,25800.0,0.0,6.0,0.0,6.0,0.0,-422371.8523006244,-422371.8523006244,0.0,1698670.69705013,1698670.69705013,103883.56317885211,-116741.46367286994,,0.16465863453815252,36.34098067416808,64.97486389187584,11.312138768171916,True,True
2026-08-10,15,26200.0,0.0,6.0,0.0,1.0,0.0,-541974.4924974844,-541974.4924974844,0.0,2277169.2657135413,2277169.2657135413,115057.93243527159,-124407.91439172384,,0.11196487376509338,40.29188223559862,64.96775086758824,13.686293373607239,True,True
2026-08-10,15,26400.0,0.0,1.0,0.0,5.0,0.0,-101892.22904496352,-101892.22904496352,0.0,438860.47187786695,438860.47187786695,19928.348649593543,-20886.596854510237,,0.09702660406885759,41.861172395122246,64.99390416118955,14.77827442483743,True,True
2026-08-10,15,26500.0,0.0,3.0,0.0,1.0,0.0,-324157.63256110763,-324157.63256110763,0.0,1419312.7887837237,1419312.7887837237,60246.835954099835,-62452.051131573855,,0.09556706966033389,42.523041532130776,64.98070500522803,15.4095936008344,True,True
2026-08-10,15,26600.0,0.0,1.0,0.0,1.0,0.0,-114441.89722117707,-114441.89722117707,0.0,507404.1659631104,507404.1659631104,20151.86000275912,-20628.73861272749,,0.09188034188034197,43.2006046298971,64.99316218742786,15.963745417349754,True,True
2026-08-10,15,26800.0,0.0,4.0,0.0,4.0,0.0,-509769.06833193416,-509769.06833193416,0.0,2336064.927390314,2336064.927390314,78430.86479684335,-79014.72673256481,,0.09441277080957805,44.34801751142909,64.9696669630279,17.209090539502828,True,True
2026-08-10,15,27000.0,0.0,5.0,0.0,2.0,0.0,-703315.9644468521,-703315.9644468521,0.0,3347497.5615155455,3347497.5615155455,95258.92180888234,-92168.356255792,,0.08380432664198012,45.86409566567296,64.95815462588186,18.416335057956644,True,True
2026-08-10,15,27200.0,0.0,5.0,0.0,2.0,0.0,-772184.3574975886,-772184.3574975886,0.0,3832759.2497001635,3832759.2497001635,88682.90206724638,-82162.94751855145,,0.07543391188250989,47.30025247757646,64.9540581511683,19.603720593957664,True,True
2026-08-10,15,27400.0,0.0,5.0,0.0,3.0,0.0,-840227.9477164074,-840227.9477164074,0.0,4368707.14541794,4368707.14541794,76497.54658776252,-67857.12140626987,,0.0684519547472434,48.694755560753826,64.95001065749983,20.791078090955757,True,True
2026-08-10,15,27500.0,0.0,10.0,0.0,4.0,0.0,-1745234.5754869431,-1745234.5754869431,0.0,9302079.809734875,9302079.809734875,136598.26881959641,-118160.10662516973,,0.06773807942621862,49.37259630542708,64.89617282810177,21.492468601710904,True,True
2026-08-10,15,27600.0,0.0,4.0,0.0,1.0,0.0,-720949.8514649633,-720949.8514649633,0.0,3959132.1823810064,3959132.1823810064,48405.02613174937,-40034.803733610395,,0.07461953853706439,49.681991956082015,64.95710626248662,21.956447063343116,True,True
2026-08-10,15,27800.0,0.0,4.0,0.0,4.0,0.0,-768641.9113463995,-768641.9113463995,0.0,4464342.87229808,4464342.87229808,33752.35527176321,-23708.3690271487,,0.058017213898629294,51.36510606435445,64.95426944811739,23.143112714245984,True,True
2026-08-10,15,27900.0,0.0,1.0,0.0,1.0,0.0,-197287.32496813865,-197287.32496813865,0.0,1183731.323384078,1183731.323384078,6130.654660646262,-3588.2916408936917,,0.044444444444444446,52.32646995225,64.9882505295324,23.669350129932077,True,True
2026-08-10,15,28000.0,1.0,5.0,1.0,1.0,-199500.60904311383,-1010902.8546065949,-1210403.4636497088,-1558521.0803860985,6265486.7548515145,4706965.674465416,21539.951926534894,-6658.492920167624,0.031767955801104975,0.04344624447717235,53.18801476645167,64.92798883308951,24.3744158013135,True,True
2026-08-10,15,28050.0,0.0,1.0,0.0,2.0,0.0,-204112.0400719056,-204112.0400719056,0.0,1288419.5469386317,1288419.5469386317,2273.5232955488145,159.81487731400938,,0.03975860844870425,53.355828308961726,64.98784555077447,24.558365411560306,True,True
2026-08-10,15,28100.0,1.0,1.0,1.0,1.0,-203478.27613350982,-206121.69129783742,-409599.96743134724,-1488708.8691024086,1323865.4245448632,-164843.44455754547,1782.5727478310246,2903.849644633484,0.033586866480909805,0.0411381556393555,53.73675278299529,34.975723527988855,24.877232586080005,True,True
2026-08-10,15,28250.0,0.0,5.0,0.0,5.0,0.0,-1054312.9314209034,-1054312.9314209034,0.0,7165472.626573201,7165472.626573201,-16661.860857057596,27093.6576930673,,0.037071362372567196,53.230910957860125,64.9372758912738,24.393093491886667,True,True
2026-08-10,15,28300.0,0.0,11.0,0.0,1.0,0.0,-2322182.546126427,-2322182.546126427,0.0,16174486.144236052,16174486.144236052,-53008.1925088946,74337.17965474102,,0.024977698483496808,53.37414254283177,64.86185036460358,24.23365674088001,True,True
2026-08-10,15,28400.0,4.0,7.0,2.0,7.0,-842973.366144812,-1488495.259869289,-2331468.626014101,-5069389.931884519,10831335.1512295,5761945.219344982,-86540.28953030655,103837.83049596078,0.04474766730209694,0.023614390887623283,52.50552043993119,64.86129625153944,23.641450234699477,True,True
2026-08-10,15,28450.0,0.0,1.0,0.0,1.0,0.0,-214012.97859362687,-214012.97859362687,0.0,1587462.5158782543,1587462.5158782543,-9544.864487651115,10836.21424093517,,0.032353734160150985,52.13627359472698,64.98725872824855,23.11700104904113,True,True
2026-08-10,15,28500.0,0.0,4.0,0.0,1.0,0.0,-852815.711090018,-852815.711090018,0.0,6502143.419807099,6502143.419807099,-44040.533376895255,48408.82415997056,,0.02247191011235949,52.174808604170565,64.94926292682302,22.889317611513647,True,True
2026-08-10,15,28750.0,1.0,0.0,2.0,0.0,-208439.37450103488,0.0,-208439.37450103488,-995919.7798512777,0.0,-995919.7798512777,-18350.62190044162,18086.481983764406,0.0763951059385257,,49.03746588769666,34.98761481739533,21.33924502183531,True,True
2026-08-10,15,28800.0,1.0,1.0,2.0,1.0,-206966.7499333471,-208324.10695554252,-415290.8568888896,-956370.0535145786,1860394.209075649,904024.1555610704,-40224.28508215817,38607.44476378847,0.08463251670378626,0.02231832986277962,49.441575735170666,64.97527738457032,21.065636365568544,True,True
2026-08-10,15,28900.0,0.0,2.0,0.0,1.0,0.0,-407831.56183501467,-407831.56183501467,0.0,3879508.523210848,3879508.523210848,-46444.49290579548,42843.21516057308,,0.023251152535578204,49.75578167304212,64.97573387066747,20.47286060380505,True,True
2026-08-10,15,29000.0,0.0,4.0,0.0,1.0,0.0,-782915.2552971216,-782915.2552971216,0.0,8026562.788689646,8026562.788689646,-99943.00582887247,91489.3960916751,,0.1282553906468776,46.03869326533657,64.95342180533417,19.92433043707255,True,True
2026-08-10,15,29050.0,0.0,3.0,0.0,3.0,0.0,-582160.5868167013,-582160.5868167013,0.0,6156321.19154202,6156321.19154202,-79460.60364735247,71166.8852538659,,0.1486234357224119,45.11861036069414,64.96536431164698,19.60562416871661,True,True
2026-08-10,15,29100.0,3.0,4.0,3.0,1.0,-571104.3306544932,-756075.736719225,-1327180.0673737181,-2173853.5153920515,8320855.123057837,6147001.607665785,-189290.31329108315,169607.73147788562,0.07460890493381468,0.12787993153991317,46.294841633366985,64.92104243547442,19.397172110071168,True,True
2026-08-10,15,29150.0,3.0,0.0,3.0,0.0,-560309.9139221347,0.0,-560309.9139221347,-2063360.042306948,0.0,-2063360.042306948,-84477.3188400697,74520.0905231884,0.0863234529381175,,46.39508765966328,34.966673933851624,19.012359175018272,True,True
2026-08-10,15,29200.0,1.0,9.0,1.0,9.0,-182689.06283982567,-1646097.4913199702,-1828786.5541597959,-652148.1004361858,19462458.735936154,18810310.63549997,-294163.30787051056,253997.06198663276,0.09096013475575514,0.13344419039700686,45.41192849891147,64.89120306157922,18.868563622060183,True,True
2026-08-10,15,29250.0,1.0,0.0,1.0,0.0,-178236.7640093425,0.0,-178236.7640093425,-616222.8091556616,0.0,-616222.8091556616,-30310.41223536747,25789.55035724757,0.10103469263542296,,45.335667363991305,34.989420877961,18.375607367494425,True,True
2026-08-10,15,29300.0,1.0,0.0,1.0,0.0,-173333.5093681646,0.0,-173333.5093681646,-581701.9622212603,0.0,-581701.9622212603,-31062.941124712797,26065.754164966576,0.10214168039538715,,45.006196638912535,34.989714021498116,18.079179590079793,True,True
2026-08-10,15,29450.0,1.0,0.0,1.0,0.0,-157232.65231521855,0.0,-157232.65231521855,-479032.1181851137,0.0,-479032.1181851137,-32365.000776961526,26231.658334302247,0.13757523645743766,,43.05440668021148,34.99067740254357,17.18984896791059,True,True
2026-08-10,15,29500.0,4.0,0.0,4.0,0.0,-606173.8095294756,0.0,-606173.8095294756,-1793126.0242392516,0.0,-1793126.0242392516,-129554.95883645308,104404.18564037759,0.15124471582902765,,42.386402587073626,34.96394654543377,16.955711225113955,True,True
2026-08-10,15,29600.0,1.0,0.0,1.0,0.0,-140081.55953990287,0.0,-140081.55953990287,-390154.9170894159,0.0,-390154.9170894159,-32274.449783468186,25568.479405060916,0.18449349179400112,,40.75807574327504,34.99170486942213,16.300482643193636,True,True
2026-08-10,15,29700.0,1.0,0.0,1.0,0.0,-127845.68332721318,0.0,-127845.68332721318,-336717.666240694,0.0,-336717.666240694,-31910.426428010556,24541.064334909413,0.22465753424657542,,38.96063228513812,34.992438894003094,15.707544502534375,True,True
2026-08-10,15,29825.0,1.0,0.0,1.0,0.0,-111993.42639385108,0.0,-111993.42639385108,-275519.959606967,0.0,-275519.959606967,-30552.873203116564,22931.3484074941,0.2998236331569665,,35.96499658712678,34.99339185363168,14.966352877615115,True,True
2026-08-10,15,29850.0,1.0,0.0,1.0,0.0,-108945.55839102337,0.0,-108945.55839102337,-264803.92471644847,0.0,-264803.92471644847,-30195.699806209366,22610.689273280557,0.32222222222222235,,35.14490836902918,34.99357537716697,14.81811871982823,True,True
2026-08-10,15,29900.0,0.0,2.0,0.0,6.0,0.0,-224200.45069464657,-224200.45069464657,0.0,4989101.999309834,4989101.999309834,-57660.09393588718,48098.703606757124,,0.18346533277754615,39.024134420186186,64.98665910894297,14.541396256288246,True,True
2026-08-10,15,29950.0,1.0,0.0,1.0,0.0,-96709.79858851293,0.0,-96709.79858851293,-221982.31022735676,0.0,-221982.31022735676,-28625.297852354783,21242.78403586122,0.3861271676300579,,32.63523782223442,34.9943142205913,14.22518058312631,True,False
2026-08-10,15,30000.0,8.0,0.0,3.0,0.0,-727322.9437924676,0.0,-727322.9437924676,-1622822.6498605115,0.0,-1622822.6498605115,-221787.80401218715,162702.1695295988,0.4300518134715025,,31.110700575387185,34.95674015340423,14.059700991621298,True,False
2026-08-10,15,30100.0,27.0,0.0,27.0,0.0,-2152305.427113568,0.0,-2152305.427113568,-4582391.575400332,0.0,-4582391.575400332,-692056.2039599835,494494.08885314973,0.5787781350482315,,26.299217485360337,34.871960706506826,13.812411478467993,True,False
2026-08-10,15,30200.0,8.0,6.0,8.0,5.0,-551995.5891862531,-374373.4031612353,-926368.9923474884,-1124874.0144509699,16175639.548237473,15050765.533786504,-322131.7646006801,222059.5586550702,0.7148594377510039,0.23509836546931576,28.654526322687467,64.9448884869122,12.975146526095688,True,True
2026-08-10,15,30400.0,1.0,0.0,2.0,0.0,-50787.96904636687,0.0,-50787.96904636687,-95008.5438358603,0.0,-95008.5438358603,-19386.656019449187,13473.637686927716,0.9936305732484076,,11.74378582316533,34.99713645736128,11.557269649441137,True,False
2026-08-10,15,30500.0,2.0,1.0,1.0,1.0,-87918.47901624942,-36417.072897309146,-124335.55191355856,-160122.8467397449,2752966.41521094,2592843.568471195,-49385.86355761089,33062.994369888445,1.2895752895752899,0.20779833229727132,18.525137428162573,64.99259738212041,10.998488824540646,True,True
2026-08-10,15,30550.0,1.0,0.0,1.0,0.0,-39988.832994592296,0.0,-39988.832994592296,-71190.7638461684,0.0,-71190.7638461684,-15931.610384645543,10759.2294632492,1.3982300884955752,,10.663919743778024,34.997831727237696,10.66811925818881,True,False
2026-08-10,15,30600.0,86.0,2.0,1.0,2.0,-3354305.530518525,-57695.050700678315,-3412000.5812192033,-6073237.074185837,5535780.380848712,-537456.6933371248,-1364713.1030988893,935904.825618419,1.1228070175438596,0.19943207539404914,21.64597228583057,34.797044955567614,11.84547793654646,True,True
2026-08-10,15,30700.0,6.0,0.0,6.0,0.0,-188315.74143275182,0.0,-188315.74143275182,-323349.0785363708,0.0,-323349.0785363708,-80141.1249126134,53867.39428712211,1.7477477477477477,,9.839038767421307,34.98884331816164,9.862481135848231,True,False
2026-08-10,15,30900.0,0.0,1.0,0.0,1.0,0.0,-13182.30454196147,-13182.30454196147,0.0,2795072.6608678536,2795072.6608678536,-6938.57689887362,4068.5179180358064,,0.1781822184713609,33.24462554367828,64.9992104063766,8.593380329799091,True,True
2026-08-10,15,31000.0,2.0,1.0,2.0,1.0,-45163.763631152564,-9499.744398994359,-54663.50803014692,-77466.03628180311,2800796.2105550775,2723330.1742732744,-26662.37114567308,18101.382957285994,1.9834024896265559,0.17189795882238393,8.023130833452548,64.99674251125884,8.033509414915512,True,True
2026-08-10,15,31100.0,1.0,0.0,1.0,0.0,-20712.39438806229,0.0,-20712.39438806229,-35820.05016846921,0.0,-35820.05016846921,-9720.801933463741,6928.969388774428,1.9822222222222219,,7.4050477286997305,34.99918654940175,7.408591944537946,True,False
2026-08-10,15,31200.0,5.0,0.0,1.0,0.0,-95700.96950108735,0.0,-95700.96950108735,-167425.86851802666,0.0,-167425.86851802666,-44929.13363446454,32448.32981288177,1.981220657276995,,6.863647384526293,34.994396255439554,6.8811012305534724,True,False
2026-08-10,15,31400.0,1.0,0.0,1.0,0.0,-16667.13080019514,0.0,-16667.13080019514,-30026.2326294248,0.0,-30026.2326294248,-7871.21177898892,5873.620083789807,2.0,,5.6274811750206615,34.99950800407795,5.6308878729537835,True,False
2026-08-10,15,31600.0,10.0,0.0,1.0,0.0,-146947.96894855527,0.0,-146947.96894855527,-273026.24137250823,0.0,-273026.24137250823,-70120.25012570471,54178.76104379028,1.9783783783783782,,4.557460946770354,34.99131287401519,4.590857435240071,True,False
2026-08-10,15,31800.0,1.0,0.0,1.0,0.0,-13062.551123936277,0.0,-13062.551123936277,-25020.49979624676,0.0,-25020.49979624676,-6318.40821680064,5055.96286496984,2.0,,3.2573924367819016,34.999822381647235,3.260676597769025,True,False
2026-08-10,15,32000.0,1.0,0.0,1.0,0.0,-11457.69204237,0.0,-11457.69204237,-22455.82484420591,0.0,-22455.82484420591,-5664.0282123460165,4671.914923392494,2.0,,2.072348067662523,34.9999863200852,2.0755776717946803,True,False
2026-08-10,15,32600.0,2.0,0.0,2.0,0.0,-17804.332568805003,0.0,-17804.332568805003,-38438.16029400968,0.0,-38438.16029400968,-9174.13623693635,8435.174537985036,2.0,,0.025560920193126953,34.99933103144409,0.03184637931056257,True,False
2026-08-10,15,33000.0,3.0,0.0,1.0,0.0,-22230.310381477128,0.0,-22230.310381477128,-50261.55883585527,0.0,-50261.55883585527,-11972.453616131865,11694.81866488252,2.0,,0.03834138028969043,34.99897593191135,0.04761740185780265,True,False
2026-08-11,16,16000.0,0.0,25.0,0.0,15.0,0.0,-21562.080083456316,-21562.080083456316,0.0,143546.24708397323,143546.24708397323,12197.832933185986,-34196.49338370888,,2.0,0.31951150241408693,64.99861275743885,0.3912470569913966,True,False
2026-08-11,16,18000.0,0.0,1.0,0.0,1.0,0.0,-1527.8780714802951,-1527.8780714802951,0.0,8745.809322705005,8745.809322705005,888.3657093594054,-2111.7262675228003,,2.0,0.012780460096563476,64.99819419411806,0.015672502241578845,True,False
2026-08-11,16,19000.0,0.0,2.0,0.0,2.0,0.0,-4128.9313552286585,-4128.9313552286585,0.0,21793.951222247266,21793.951222247266,2241.4432020443032,-4767.663216132622,,2.0,0.025560920193126953,64.99906613341011,0.031381486854153394,True,False
2026-08-11,16,20000.0,0.0,5.0,0.0,1.0,0.0,-14153.073650885512,-14153.073650885512,0.0,68164.7529875614,68164.7529875614,7247.415672227602,-13710.171617775628,,1.9844357976653695,0.06390230048281738,64.99893796919329,0.07858394253406059,True,False
2026-08-11,16,21000.0,0.0,1.0,0.0,1.0,0.0,-4114.9499307598335,-4114.9499307598335,0.0,18107.671055227776,18107.671055227776,1998.2707176686467,-3368.4561183563214,,1.9870550161812295,0.012780460096563476,64.99892686550584,0.015760449218255004,True,False
2026-08-11,16,25000.0,0.0,2.0,0.0,1.0,0.0,-85270.00762167192,-85270.00762167192,0.0,340992.0196492044,340992.0196492044,26216.53259372207,-30328.846890566783,,0.2745735174654752,28.252234869484628,64.99488322212733,6.498019334337628,True,True
2026-08-11,16,25200.0,0.0,8.0,0.0,6.0,0.0,-387371.15992931376,-387371.15992931376,0.0,1563037.7161007083,1563037.7161007083,113697.22989302449,-127460.73141955932,,0.2376237623762376,30.62245465186052,64.97694534797756,7.787056944143478,True,True
2026-08-11,16,25400.0,0.0,1.0,0.0,1.0,0.0,-55207.3498677914,-55207.3498677914,0.0,225573.87159320674,225573.87159320674,15375.93435519169,-16794.99661979584,,0.1891397193410616,33.17255709135923,64.9966491688154,8.851465536358294,True,True
2026-08-11,16,25500.0,1.0,2.0,1.0,1.0,-59768.49882245457,-117853.056929061,-177621.55575151555,-2560100.527316201,484532.23351201694,-2075568.293804184,47812.07253509228,-51953.65100979251,0.17419133201945497,0.17583664208735109,34.21441216474181,34.98944036237579,9.479390291393289,True,True
2026-08-11,16,25600.0,1.0,0.0,1.0,0.0,-63650.197575165854,0.0,-63650.197575165854,-2541843.420106522,0.0,-2541843.420106522,16422.274878557786,-17907.35034433943,0.18023984584011535,,34.624597665507004,34.9962192942804,10.03679691835199,True,True
2026-08-11,16,25800.0,0.0,6.0,0.0,6.0,0.0,-428681.4273451429,-428681.4273451429,0.0,1809301.1284202887,1809301.1284202887,105274.28280935186,-111122.97208305805,,0.14234234234234244,37.010469440042385,64.97448906957635,11.312353260880066,True,True
2026-08-11,16,26200.0,0.0,3.0,0.0,3.0,0.0,-271575.9156927048,-271575.9156927048,0.0,1195507.3302756182,1195507.3302756182,57822.75544377332,-58207.88868994862,,0.10076743410076738,40.589464045238714,64.98383115992192,13.630239542486521,True,True
2026-08-11,16,26500.0,0.0,5.0,0.0,5.0,0.0,-537152.9495748858,-537152.9495748858,0.0,2461656.288655157,2461656.288655157,99595.55287593817,-96452.2738035791,,0.09119830328738064,42.679665443512505,64.96803819913808,15.448075457584373,True,True
2026-08-11,16,26800.0,0.0,4.0,0.0,4.0,0.0,-502304.9515956404,-502304.9515956404,0.0,2406590.714829954,2406590.714829954,76946.89333364351,-72402.12675768316,,0.1005728835136855,44.16321413030586,64.97011119815132,17.20883679838692,True,True
2026-08-11,16,27500.0,0.0,2.0,0.0,1.0,0.0,-339668.0368257409,-339668.0368257409,0.0,1880592.9624917663,1880592.9624917663,26419.55568476865,-21177.23570380808,,0.07647505697644971,49.00824329814763,64.97978486974745,21.31972215709942,True,True
2026-08-11,16,27600.0,0.0,4.0,0.0,1.0,0.0,-701069.8865218429,-701069.8865218429,0.0,3992918.343419709,3992918.343419709,47122.91814904195,-35882.973693643034,,0.07116852613035808,49.78552232828321,64.95828897136616,21.955771248016646,True,True
2026-08-11,16,28300.0,0.0,1.0,0.0,1.0,0.0,-204094.47917470025,-204094.47917470025,0.0,1464183.3297364558,1464183.3297364558,-4627.471488865908,6237.171571984675,,0.029333140669026904,53.11567467630024,64.98784799303758,24.005447148529395,True,True
2026-08-11,16,28400.0,0.0,1.0,0.0,1.0,0.0,-205636.96807695963,-205636.96807695963,0.0,1538473.5323041943,1538473.5323041943,-7602.006555921343,8682.272231251645,,0.027601136517385983,52.57511261628978,64.987756723693,23.412977400563232,True,True
2026-08-11,16,28600.0,0.0,13.0,0.0,13.0,0.0,-2691338.0752260424,-2691338.0752260424,0.0,21991541.00943846,21991541.00943846,-176832.75911229532,174203.07655756728,,0.03579952267303103,51.2974821836598,64.83988921868095,22.499880678297806,True,True
2026-08-11,16,29200.0,1.0,0.0,2.0,0.0,-179632.52990291268,0.0,-179632.52990291268,-680289.2072730451,0.0,-680289.2072730451,-28360.704784023255,23437.178907579964,0.07918263090676884,,46.28749030813077,34.98933555021286,18.67191590854924,True,True
2026-08-11,16,29250.0,0.0,1.0,0.0,1.0,0.0,-176596.74314794192,-176596.74314794192,0.0,2175046.64476158,2175046.64476158,-29953.176888258145,23998.647546597393,,0.12349433750850372,44.661878017798884,64.98948720605682,18.375551615321974,True,True
2026-08-11,16,29300.0,1.0,0.0,1.0,0.0,-171501.5855633345,0.0,-171501.5855633345,-611611.3199469042,0.0,-611611.3199469042,-30343.313900846126,24250.099191552657,0.09806835066864784,,45.12839653071471,34.98982174326022,18.079117314206183,True,True
2026-08-11,16,29400.0,149.0,149.0,2.0,149.0,-24145807.486734472,-24324016.404158544,-48469823.89089301,-81320416.56744114,343300548.5903296,261980132.02288845,-9672896.600365534,7349986.461066209,0.1111111111111111,0.14836795252225518,47.38153556039332,62.11648694796755,23.767793694811363,True,True
2026-08-11,16,29600.0,4.0,0.0,4.0,0.0,-565291.4001032879,0.0,-565291.4001032879,-1692479.0214293436,0.0,-1692479.0214293436,-128552.70896704547,97433.13107835638,0.16046966731898243,,41.51713185781529,34.96637917384326,16.361799251439834,True,True
2026-08-11,16,29800.0,0.0,1.0,0.0,1.0,0.0,-120773.81460608874,-120773.81460608874,0.0,2473239.388577356,2473239.388577356,-31053.137491936905,23105.497218903576,,0.17408692583661708,39.88522835287718,64.99280899327931,15.114781911249514,True,True
2026-08-11,16,30000.0,1.0,0.0,1.0,0.0,-95523.75400717102,0.0,-95523.75400717102,-229542.57841940338,0.0,-229542.57841940338,-28890.238244554206,20226.89083840333,0.3725910064239828,,32.74506156613683,34.994382553860966,13.928879171504446,True,False
2026-08-11,16,30200.0,96.0,0.0,1.0,0.0,-7116278.277129352,0.0,-7116278.277129352,-15465821.30485402,0.0,-15465821.30485402,-2404563.3132476783,1607820.3522038057,0.543046357615894,,27.66050037043365,34.57664723678802,14.466457333213828,True,False
2026-08-11,16,30450.0,1.0,0.0,1.0,0.0,-50590.70288871387,0.0,-50590.70288871387,-97712.96071051896,0.0,-97712.96071051896,-19936.356452470445,13013.327289708908,1.0390390390390392,,11.256441928337715,34.99714382330711,11.261001851138767,True,False
2026-08-11,16,30500.0,2.0,0.0,1.0,0.0,-94876.8446924181,0.0,-94876.8446924181,-181195.49931509545,0.0,-181195.49931509545,-37714.762818752904,24444.339226197328,1.0718954248366013,,10.972961296154432,34.99443847505983,10.98186681949691,True,False
2026-08-11,16,30800.0,6.0,0.0,6.0,0.0,-180603.96725474318,0.0,-180603.96725474318,-320469.34252694185,0.0,-320469.34252694185,-80001.5616086904,50751.253665996475,1.917888563049853,,9.246516582861616,34.989302515329456,9.269696791108748,True,False
2026-08-11,16,31000.0,8.0,0.0,19.0,0.0,-198104.72014703744,0.0,-198104.72014703744,-354696.0248115168,0.0,-354696.0248115168,-92968.70550719282,61167.704150085294,1.9860627177700347,,8.087033133935366,34.98825686336214,8.11648848117116,True,False
2026-08-11,16,31400.0,2.0,0.0,2.0,0.0,-36714.33141490115,0.0,-36714.33141490115,-68646.99706450859,0.0,-68646.99706450859,-17900.53454324841,12585.029117463906,1.9828326180257507,,5.640261635117224,34.998034337734076,5.647189935762815,True,False
2026-08-11,16,31500.0,1.0,0.0,1.0,0.0,-17134.222507524326,0.0,-17134.222507524326,-32427.097477740976,0.0,-32427.097477740976,-8368.905660184806,5965.467266853226,2.0,,5.034958990460971,34.9994432316683,5.03838156708078,True,False
2026-08-11,16,33000.0,1.0,0.0,1.0,0.0,-5590.415554747708,0.0,-5590.415554747708,-11540.035809043731,0.0,-11540.035809043731,-3320.2694590546557,2799.6146779843707,2.0,,0.012780460096563476,35.00096713122953,0.01581060736919847,True,False
2026-08-12,17,18000.0,0.0,3.0,0.0,2.0,0.0,-4833.024102457434,-4833.024102457434,0.0,28133.300284436304,28133.300284436304,2834.006848789066,-6222.478143203806,,2.0,0.03834138028969043,64.99917932206074,0.0470259846827747,True,False
2026-08-12,17,19000.0,0.0,4.0,0.0,2.0,0.0,-9056.086967602248,-9056.086967602248,0.0,49152.96804526459,49152.96804526459,4897.694207516,-9693.004758358378,,1.9847908745247147,0.051121840386253906,64.99915608175765,0.06279010917803626,True,False
2026-08-12,17,20000.0,0.0,6.0,0.0,2.0,0.0,-18513.489498162333,-18513.489498162333,0.0,91548.67678937312,91548.67678937312,9547.031746729612,-16835.73181141109,,1.9864406779661015,0.07668276057938087,64.99873477054805,0.09435273631574831,True,False
2026-08-12,17,21000.0,0.0,6.0,0.0,2.0,0.0,-26661.279561452797,-26661.279561452797,0.0,120387.63337838296,120387.63337838296,13230.826176837623,-20850.61470225307,,1.9886039886039883,0.07668276057938087,64.99828930025159,0.09462971876603787,True,False
2026-08-12,17,22000.0,0.0,1.0,0.0,1.0,0.0,-7373.4624953958755,-7373.4624953958755,0.0,31861.644153898065,31861.644153898065,3500.9396557324235,-5079.047460936218,,1.3636363636363638,0.012780460096563476,64.99909057542648,0.015871221683848916,True,False
2026-08-12,17,25000.0,0.0,2.0,0.0,2.0,0.0,-88191.76003140166,-88191.76003140166,0.0,370391.3826451606,370391.3826451606,27119.353102219968,-29338.008123559648,,0.27266238401142034,28.309568873106272,64.99471289605125,6.4981186587109,True,True
2026-08-12,17,25400.0,0.0,1.0,0.0,1.0,0.0,-56645.512790927394,-56645.512790927394,0.0,243118.24200955042,243118.24200955042,15748.29196401302,-16188.735147784631,,0.18280151433207145,33.362703241628935,64.99656840987126,8.851514426411581,True,True
2026-08-12,17,25500.0,0.0,5.0,0.0,1.0,0.0,-301774.60188391677,-301774.60188391677,0.0,1306799.8990037572,1306799.8990037572,81389.12066097412,-82991.3940536093,,0.17034068136272545,34.38017225565526,64.98203568173413,9.514851973385827,True,True
2026-08-12,17,25600.0,0.0,1.0,0.0,1.0,0.0,-64156.635216184746,-64156.635216184746,0.0,279590.6058631318,279590.6058631318,16789.62116725236,-16969.33186018589,,0.15427769985974754,35.40346204491804,64.99612961494807,10.036814134595616,True,True
2026-08-12,17,25800.0,0.0,2.0,0.0,1.0,0.0,-144547.79825507698,-144547.79825507698,0.0,640813.628482255,640813.628482255,35306.77874598524,-35277.38554371121,,0.13354917037636593,37.223142758635426,64.99137731502942,11.240211947136757,True,True
2026-08-12,17,26000.0,0.0,4.0,0.0,4.0,0.0,-323719.6144672016,-323719.6144672016,0.0,1462772.5431278425,1462772.5431278425,73973.30003888416,-72103.39150502592,,0.11376404494382014,39.0273018109243,64.98073137730978,12.46258835004103,True,True
2026-08-12,17,26200.0,0.0,3.0,0.0,3.0,0.0,-271738.53259690356,-271738.53259690356,0.0,1254688.119941611,1254688.119941611,57791.821600368625,-54582.7918586282,,0.09975669099756695,40.61978633833473,64.98382207750879,13.63024507061479,True,True
2026-08-12,17,26500.0,1.0,1.0,1.0,1.0,-106326.21815181818,-106665.80286082024,-212992.0210126384,-2293610.4282110794,510553.15453291556,-1783057.273678164,39026.161020046464,-35758.9871769187,0.25451268322421616,0.07560137457044677,40.42556229492429,34.98733732747294,15.390193986354195,True,True
2026-08-12,17,26600.0,1.0,4.0,1.0,4.0,-107926.0550075202,-448654.3934986378,-556580.448506158,-2207251.6568391104,2189295.4895515796,-17956.167287530843,94421.91327569273,-87129.84208935531,0.22495416801466614,0.11360036207286714,40.92981877538061,34.967723854437914,16.04125807598136,True,True
2026-08-12,17,27000.0,0.0,2.0,0.0,1.0,0.0,-270716.6195729073,-270716.6195729073,0.0,1406188.5554088324,1406188.5554088324,36589.947139310636,-30797.75405586231,,0.10666666666666683,45.13988408464268,64.9838841600523,18.35476724502863,True,True
2026-08-12,17,27500.0,0.0,1.0,0.0,1.0,0.0,-164709.25661718813,-164709.25661718813,0.0,951420.3109351755,951420.3109351755,12758.717773698527,-9527.526190963192,,0.08620482650978503,48.70356975205102,64.99018553373315,21.298153906948688,True,True
2026-08-12,17,27800.0,0.0,1.0,0.0,1.0,0.0,-179997.55012250456,-179997.55012250456,0.0,1127217.5854957332,1127217.5854957332,7810.037716195813,-4603.227855416907,,0.08279632884202301,50.583391235762946,64.98927847833076,23.07624018302646,True,True
2026-08-12,17,28000.0,0.0,1.0,0.0,2.0,0.0,-188759.01034356974,-188759.01034356974,0.0,1255383.1387623302,1255383.1387623302,3318.8344890832805,-648.5855270961509,,0.05743589743589728,52.529248547066096,64.98875860981526,24.261582396187144,True,True
2026-08-12,17,28350.0,0.0,1.0,0.0,1.0,0.0,-198643.10438299074,-198643.10438299074,0.0,1494188.9234461426,1494188.9234461426,-5881.712534611894,6905.87957701099,,0.045789043336058904,52.32573650400943,64.9881725059067,23.70900073788279,True,True
2026-08-12,17,28500.0,0.0,1.0,0.0,1.0,0.0,-199636.5111581849,-199636.5111581849,0.0,1602996.5198743222,1602996.5198743222,-10184.895594715084,10182.432243027815,,0.041573867854491485,51.56340849161691,64.98811408866804,22.820251231702606,True,True
2026-08-12,17,28600.0,0.0,3.0,0.0,4.0,0.0,-599173.7922582485,-599173.7922582485,0.0,5030272.306087538,5030272.306087538,-39031.09228563147,36818.94984346725,,0.04072134962187318,51.0220227742289,64.96435163547612,22.27255235966103,True,True
2026-08-12,17,28700.0,0.0,4.0,0.0,4.0,0.0,-795794.9021500945,-795794.9021500945,0.0,7000294.727932259,7000294.727932259,-62619.7379252758,56860.51511049604,,0.042692939244663386,50.38313336108208,64.95265530969922,21.702334831701926,True,True
2026-08-12,17,28750.0,0.0,4.0,0.0,4.0,0.0,-792168.7287139772,-792168.7287139772,0.0,7145467.518703725,7145467.518703725,-68886.89341937788,60993.32281893595,,0.0401273885350318,50.16383879009116,64.95287107752083,21.405950468400647,True,True
2026-08-12,17,28900.0,0.0,12.0,0.0,12.0,0.0,-2323940.894900788,-2323940.894900788,0.0,22771129.64182065,22771129.64182065,-260332.0288104731,216801.8067891551,,0.042198185963040105,49.3151752711839,64.86174602752648,20.694203970567678,True,True
2026-08-12,17,28975.0,0.0,14.0,0.0,14.0,0.0,-2625206.576101796,-2625206.576101796,0.0,27175754.35890704,27175754.35890704,-319865.4421955775,266053.88958692516,,0.12743297833272124,46.339300781866825,64.84382357058425,20.29129492180467,True,True
2026-08-12,17,29000.0,0.0,14.0,0.0,14.0,0.0,-2651770.5011423016,-2651770.5011423016,0.0,27614286.964003514,27614286.964003514,-340459.22716049996,274943.9759532024,,0.04391582799634035,48.69668474581833,64.84224326778892,20.14406741084237,True,True
2026-08-12,17,29200.0,153.0,152.0,4.0,152.0,-26877694.711255874,-26723268.04925637,-53600962.76051225,-108849187.34843212,319556658.79637223,210707471.4479401,-8329288.764322757,6611577.915962018,0.12013808975834303,0.11807521229276183,48.975029573922555,61.81123091243585,25.23661401265485,True,True
2026-08-12,17,29350.0,1.0,0.0,1.0,0.0,-165247.35857543547,0.0,-165247.35857543547,-607586.7681438065,0.0,-607586.7681438065,-30335.483882488497,22889.153639284,0.096895851465042,,44.86731041454304,34.990193975245724,17.78264361076401,True,True
2026-08-12,17,29375.0,1.0,0.0,1.0,0.0,-163183.58738030755,0.0,-163183.58738030755,-590480.1329610429,0.0,-590480.1329610429,-30739.895808762478,23010.81409035123,0.1148036253776435,,44.18194665102507,34.9903174660542,17.63444290714604,True,True
2026-08-12,17,29625.0,1.0,0.0,1.0,0.0,-139495.05078013503,0.0,-139495.05078013503,-437571.9990965111,0.0,-437571.9990965111,-32150.371681414643,23053.75849187148,0.16137805983680867,,41.303408155850896,34.99173559517697,16.152332158808846,True,True
2026-08-12,17,29750.0,4.0,0.0,4.0,0.0,-507672.17660110566,0.0,-507672.17660110566,-1488164.2834830664,0.0,-1488164.2834830664,-128180.42451931325,89522.17436213432,0.20022497187851515,,39.43568944418978,34.96980820956186,15.471057220927777,True,True
2026-08-12,17,30200.0,97.0,0.0,1.0,0.0,-7711643.369355587,0.0,-7711643.369355587,-18033987.37098054,0.0,-18033987.37098054,-2578859.921152695,1666191.4528901102,0.49462365591397844,,29.125961881587674,34.54122829904897,14.502317209623378,True,False
2026-08-12,17,30250.0,27.0,0.0,27.0,0.0,-2012486.2810681276,0.0,-2012486.2810681276,-4598480.370492667,0.0,-4598480.370492667,-690877.6079030111,441066.6226409656,0.5650224215246635,,25.82310561422784,34.88027866058765,12.918875078466444,True,False
2026-08-12,17,30500.0,1.0,0.0,2.0,0.0,-52235.901758811226,0.0,-52235.901758811226,-107101.7465953927,0.0,-107101.7465953927,-20694.150363720066,12879.018790522117,0.9119170984455959,,13.602667882689992,34.997032492109206,10.964796687056715,True,False
2026-08-12,17,30900.0,6.0,0.0,1.0,0.0,-176092.02303081006,0.0,-176092.02303081006,-324839.4831996929,0.0,-324839.4831996929,-80481.6981858753,48574.989261862036,1.988857938718663,,8.653994398301926,34.989570305217335,8.677021223931563,True,False
2026-08-12,17,31000.0,2.0,0.0,20.0,0.0,-53604.98817482385,0.0,-53604.98817482385,-99545.44866571501,0.0,-99545.44866571501,-25119.635067503772,15439.511154548165,1.9879879879879878,,8.010350373355985,34.99696167493484,8.017852868410122,True,False
2026-08-12,17,32500.0,1.0,0.0,1.0,0.0,-6585.9168931625145,0.0,-6585.9168931625145,-12522.227337541502,0.0,-12522.227337541502,-4089.0553804380797,2922.770413737064,2.0,,0.012780460096563476,35.00080597224937,0.015844449232800605,True,False
2026-08-12,17,34500.0,2.0,0.0,2.0,0.0,-7243.418243954006,0.0,-7243.418243954006,-18157.913172623837,0.0,-18157.913172623837,-4489.300021102003,4234.786058880623,2.0,,0.025560920193126953,35.00039512322279,0.03148736319646621,True,False
2026-08-13,18,18000.0,0.0,3.0,0.0,1.0,0.0,-5237.425377461748,-5237.425377461748,0.0,31250.061912519108,31250.061912519108,3053.914213534652,-6247.058287230348,,2.0,0.03834138028969043,64.9992084372098,0.047039732221086414,True,False
2026-08-13,18,20000.0,0.0,3.0,0.0,1.0,0.0,-9448.035789406675,-9448.035789406675,0.0,47028.27571406679,47028.27571406679,5005.968539400675,-8167.56259113554,,1.986885245901639,0.03834138028969043,64.99911897766961,0.04718287105751396,True,False
2026-08-13,18,21000.0,0.0,5.0,0.0,2.0,0.0,-23098.294019957826,-23098.294019957826,0.0,105754.3003560984,105754.3003560984,11787.680092759756,-17295.48913113886,,1.9253333333333331,0.06390230048281738,64.99848402505283,0.07888803346386607,True,False
2026-08-13,18,25500.0,0.0,1.0,0.0,1.0,0.0,-61325.79658476259,-61325.79658476259,0.0,276707.47435016953,276707.47435016953,16545.42031035135,-15916.891334855442,,0.17850637522768664,34.08407959932017,64.99629746506312,9.444195716257884,True,True
2026-08-13,18,25600.0,0.0,1.0,0.0,1.0,0.0,-64964.70846932989,-64964.70846932989,0.0,294491.3343954724,294491.3343954724,17014.696833403625,-16221.106010674652,,0.15568862275449102,35.36113435807573,64.99608425651797,10.036841604879942,True,True
2026-08-13,18,25800.0,0.0,5.0,0.0,1.0,0.0,-363741.864471571,-363741.864471571,0.0,1679538.166939751,1679538.166939751,88660.82925721603,-83807.16344510153,,0.13887857408095064,37.10160202778758,64.9783517414807,11.294525091433387,True,True
2026-08-13,18,26000.0,0.0,1.0,0.0,1.0,0.0,-81161.00538883216,-81161.00538883216,0.0,382322.38803315716,382322.38803315716,18601.26872816093,-17008.809465063205,,0.11886304909560726,38.835990306080994,64.99513242569853,12.407480932907042,True,True
2026-08-13,18,26200.0,0.0,3.0,0.0,3.0,0.0,-271440.2696092772,-271440.2696092772,0.0,1308274.0193913472,1308274.0193913472,57670.91926755456,-51263.891027335056,,0.10426008968609864,40.48468437767877,64.98384031111308,13.630234931225765,True,True
2026-08-13,18,26500.0,1.0,0.0,1.0,0.0,-105444.20451491191,0.0,-105444.20451491191,-2277880.287713331,0.0,-2277880.287713331,19108.37531917792,-16603.46624164056,0.25286993984290856,,37.77839450646041,34.993733615422094,15.37091735807393,True,True
2026-08-13,18,26600.0,1.0,5.0,1.0,5.0,-108310.56504266814,-554561.1651823177,-662871.7302249859,-2214134.217208071,2821479.6016328605,607345.3844247893,112760.70183270049,-97330.02826352841,0.25478326667387313,0.12827004219409274,40.27511755377069,64.9605404727536,16.06049198861981,True,True
2026-08-13,18,26800.0,0.0,5.0,0.0,5.0,0.0,-607501.1869462074,-607501.1869462074,0.0,3186687.125018448,3186687.125018448,93021.1413979256,-76950.87619625778,,0.11799301598970785,43.653390616121754,64.96385450621307,17.228033485148917,True,True
2026-08-13,18,27000.0,0.0,6.0,0.0,2.0,0.0,-795381.6530452843,-795381.6530452843,0.0,4319705.312889688,4319705.312889688,106870.59717108551,-84719.75298646778,,0.10725148071074114,45.17346150370669,64.95267856456488,18.43508537447778,True,True
2026-08-13,18,27200.0,0.0,4.0,0.0,4.0,0.0,-575427.970172418,-575427.970172418,0.0,3244968.0276536136,3244968.0276536136,64824.760008130375,-49263.51754895119,,0.09529132318010329,46.69174967855209,64.96576265498719,19.581411338628506,True,True
2026-08-13,18,27500.0,0.0,2.0,0.0,1.0,0.0,-319437.8545725551,-319437.8545725551,0.0,1924372.493515596,1924372.493515596,24593.925225166222,-17196.972252672538,,0.09206927985414762,48.5404166118167,64.98098856276725,21.319034436207403,True,True
2026-08-13,18,28500.0,0.0,10.0,0.0,10.0,0.0,-1930078.5866100919,-1930078.5866100919,0.0,15920806.440474572,15920806.440474572,-97658.05304500842,93927.49457145711,,0.04390832328106163,51.608398969688885,64.88517696362081,23.019662315823783,True,True
2026-08-13,18,28600.0,0.0,5.0,0.0,5.0,0.0,-966162.2429687794,-966162.2429687794,0.0,8316967.016382909,8316967.016382909,-62476.905267275135,56556.54994769257,,0.04295942720763718,50.980441366849114,64.94252034407448,22.31626918137301,True,True
2026-08-13,18,28800.0,0.0,2.0,0.0,2.0,0.0,-382562.5217054778,-382562.5217054778,0.0,3611226.0309856315,3611226.0309856315,-36031.347393782366,29913.562066727613,,0.04002830284039222,49.84498934845739,64.97723686112695,21.064523772533796,True,True
2026-08-13,18,29300.0,0.0,1.0,0.0,1.0,0.0,-159200.99522976764,-159200.99522976764,0.0,2086364.7650030623,2086364.7650030623,-25106.494242038745,20290.063084999063,,0.21878776780809361,41.50681401653134,64.99052180146016,18.07869915816336,True,True
2026-08-13,18,29350.0,4.0,0.0,4.0,0.0,-653864.5541712156,0.0,-653864.5541712156,-2532858.962560942,0.0,-2532858.962560942,-118684.7155367083,85756.55785024722,0.10425531914893629,,44.6848677643159,34.961106937442054,17.846115739025674,True,True
2026-08-13,18,29400.0,0.0,1.0,0.0,1.0,0.0,-158582.97833042676,-158582.97833042676,0.0,2197459.293471366,2197459.293471366,-29640.11793452047,21584.36919998147,,0.2115899596529439,41.130226076626144,64.99055893130921,17.486155964246073,True,True
2026-08-13,18,29700.0,9.0,0.0,9.0,0.0,-1196484.190746106,0.0,-1196484.190746106,-3796962.7554744873,0.0,-3796962.7554744873,-289035.1801017093,195553.75580886455,0.1723818350324375,,40.631146942334766,34.92882404032293,15.868837147902164,True,True
2026-08-13,18,30200.0,1.0,0.0,1.0,0.0,-83252.21613604936,0.0,-83252.21613604936,-206221.48017091912,0.0,-206221.48017091912,-27780.718797333582,17282.740156686938,0.4349827387802071,,29.688265226330724,34.99511998848827,12.743417633974738,True,False
2026-08-13,18,30500.0,6.0,0.0,10.0,0.0,-340848.37704820087,0.0,-340848.37704820087,-745966.074344494,0.0,-745966.074344494,-132792.60989244093,78700.7218480394,0.7621052631578946,,18.160925241803845,34.97974273458583,11.052710820597213,True,False
2026-08-13,18,30600.0,4.0,0.0,2.0,0.0,-198962.71710868843,0.0,-198962.71710868843,-420726.3599226235,0.0,-420726.3599226235,-81827.6498409764,48546.97115695048,0.90537084398977,,13.244874712094767,34.98819918328774,10.424124137479488,True,False
2026-08-13,18,30800.0,1.0,0.0,1.0,0.0,-37369.33565329632,0.0,-37369.33565329632,-73914.71336363828,0.0,-73914.71336363828,-16372.435440669118,9415.840433973075,1.3846153846153846,,9.1826142823788,34.99797979878365,9.186724747515306,True,False
2026-08-13,18,30900.0,1.0,0.0,1.0,0.0,-31984.65486167092,0.0,-31984.65486167092,-61486.52394351311,0.0,-61486.52394351311,-14598.305532079523,8323.057384291345,1.5933806146572107,,8.59009209781911,34.99834115632169,8.594019511837693,True,False
2026-08-13,18,31300.0,5.0,0.0,5.0,0.0,-109468.60207346246,0.0,-109468.60207346246,-212069.81219962778,0.0,-212069.81219962778,-55901.02230521353,33887.87664621573,1.9865319865319864,,6.271125199966606,34.99355834645164,6.2890470738363,True,False
2026-08-13,18,31400.0,5.0,0.0,5.0,0.0,-102101.84830291789,0.0,-102101.84830291789,-199826.07858419162,0.0,-199826.07858419162,-53250.97657609882,32954.688419110775,1.9858657243816253,,5.678603015406916,34.994000935005175,5.696274457994729,True,False
2026-08-13,18,32200.0,1.0,0.0,1.0,0.0,-13426.919470464105,0.0,-13426.919470464105,-29542.421158331552,0.0,-29542.421158331552,-7085.455273526722,4974.1883900977355,2.0,,0.8873036985431447,34.99970894785216,0.890600246157396,True,False
2026-08-13,18,32400.0,5.0,0.0,4.0,0.0,-33154.15353806196,0.0,-33154.15353806196,-61358.74075370702,0.0,-61358.74075370702,-21229.450023676072,13651.511373086245,2.0,,0.06390230048281738,34.99827208983975,0.07922988034350541,True,False
2026-08-13,18,32500.0,4.0,0.0,4.0,0.0,-25610.35216163755,0.0,-25610.35216163755,-48236.93206322975,0.0,-48236.93206322975,-16373.146616370757,10712.69512079162,2.0,,0.051121840386253906,34.99878737594277,0.06335286802437007,True,False
2026-08-14,19,16000.0,0.0,1.0,0.0,1.0,0.0,-795.7662346285861,-795.7662346285861,0.0,5201.5932098745025,5201.5932098745025,504.9257975223786,-1094.9508543568595,,1.9708029197080292,0.012780460096563476,64.99706948159725,0.01564761425000297,True,False
2026-08-14,19,19000.0,0.0,16.0,0.0,8.0,0.0,-30768.512764458577,-30768.512764458577,0.0,159092.24106429514,159092.24106429514,19104.83066500505,-31510.539379229347,,1.9802955665024629,0.20448736154501562,64.99807526943823,0.2509749667179155,True,False
2026-08-14,19,20000.0,0.0,1.0,0.0,1.0,0.0,-3037.307712562349,-3037.307712562349,0.0,14956.179129595133,14956.179129595133,1678.1775192334626,-2515.3726670933293,,1.4166666666666667,0.012780460096563476,64.9988164449614,0.015723814992309907,True,False
2026-08-14,19,22000.0,0.0,3.0,0.0,1.0,0.0,-24986.064966669215,-24986.064966669215,0.0,114060.26006752645,114060.26006752645,11922.320102430223,-15111.484568711574,,0.6506024096385542,10.520269091133065,64.99838204846144,0.04771108316911211,True,False
2026-08-14,19,22500.0,0.0,4.0,0.0,1.0,0.0,-43903.72805037714,-43903.72805037714,0.0,197398.2382964105,197398.2382964105,19699.827980230362,-23787.130889137326,,0.5273159144893113,14.231644405706914,64.99731213997859,0.06397474758169447,True,False
2026-08-14,19,23000.0,0.0,7.0,0.0,1.0,0.0,-100827.64421631416,-100827.64421631416,0.0,445783.7349462059,445783.7349462059,43452.35067191057,-50327.015205685406,,0.41509433962264153,17.6366330319967,64.99396802511187,0.11277155144481578,True,False
2026-08-14,19,23500.0,0.0,2.0,0.0,1.0,0.0,-38368.41737277683,-38368.41737277683,0.0,169752.1510926572,169752.1510926572,15581.099766050416,-17291.652807422044,,0.32810271041369465,20.182479607782287,64.9976290650735,0.03254545115123619,True,True
2026-08-14,19,23800.0,0.0,6.0,0.0,1.0,0.0,-136852.81384628237,-136852.81384628237,0.0,604104.0834655379,604104.0834655379,52823.60294330267,-56506.981582570355,,0.2669902912621359,22.066974022715304,64.99183367409393,0.0983756573494203,True,True
2026-08-14,19,24000.0,0.0,6.0,0.0,4.0,0.0,-154514.20829249913,-154514.20829249913,0.0,683387.7268698349,683387.7268698349,57583.58088682647,-60380.72153358401,,0.27341227125941864,22.412972250455685,64.99078586268448,0.6376336804862296,True,True
2026-08-14,19,24200.0,0.0,2.0,0.0,2.0,0.0,-57927.3237371765,-57927.3237371765,0.0,256032.66457697487,256032.66457697487,20906.940580435545,-21500.737822640913,,0.23892100192678223,24.5816328591679,64.99649526586988,1.7569123489354836,True,True
2026-08-14,19,24400.0,0.0,5.0,0.0,2.0,0.0,-163278.030313089,-163278.030313089,0.0,724443.0290392404,724443.0290392404,56975.46082712112,-57784.2838823065,,0.2199488491048592,26.374183193234664,64.9902657390135,2.992399780714936,True,True
2026-08-14,19,24500.0,0.0,6.0,0.0,1.0,0.0,-208263.66198707093,-208263.66198707093,0.0,928688.9678303213,928688.9678303213,71352.50987052577,-72107.38009837767,,0.2229299363057325,26.89005322186472,64.98759405746613,3.6020718049271356,True,True
2026-08-14,19,24800.0,0.0,2.0,0.0,1.0,0.0,-82443.57428988809,-82443.57428988809,0.0,371366.61834075366,371366.61834075366,26671.443177108,-26149.558221528136,,0.18013245033112577,29.90042251439573,64.9950549670902,5.312878881197461,True,True
2026-08-14,19,25000.0,0.0,6.0,0.0,1.0,0.0,-278568.1137254967,-278568.1137254967,0.0,1269475.804002304,1269475.804002304,85985.3320568486,-82221.1917523625,,0.1527777777777778,31.957228900501804,64.98341591890573,6.567072713127454,True,True
2026-08-14,19,25200.0,0.0,5.0,0.0,1.0,0.0,-261208.90825941443,-261208.90825941443,0.0,1203113.4441171258,1203113.4441171258,76705.39851099937,-71722.70742261843,,0.14010152284263971,33.50978045757877,64.98444798175007,7.73590639728098,True,True
2026-08-14,19,25400.0,0.0,9.0,0.0,1.0,0.0,-528278.4819191786,-528278.4819191786,0.0,2463838.340890273,2463838.340890273,146743.88506997086,-134785.77187590487,,0.12800000000000006,35.108992352363586,64.96856615451985,8.992511991082921,True,True
2026-08-14,19,25500.0,0.0,9.0,0.0,2.0,0.0,-558847.9775397243,-558847.9775397243,0.0,2619426.095305637,2619426.095305637,150797.5388525351,-137321.42655578125,,0.11027568922305768,36.23324386023155,64.96674790961377,9.586073379369676,True,True
2026-08-14,19,25600.0,0.0,8.0,0.0,11.0,0.0,-525343.2100598126,-525343.2100598126,0.0,2482803.9653993556,2482803.9653993556,137146.82154640323,-124224.84559563156,,0.10378462738977769,37.007717439693074,64.96874082296257,10.161836013897869,True,True
2026-08-14,19,25800.0,0.0,4.0,0.0,11.0,0.0,-292522.81836004474,-292522.81836004474,0.0,1411477.374534998,1411477.374534998,71405.3713975093,-63624.644671872855,,0.09762711864406765,38.3263652307975,64.98258692983372,11.276483452243344,True,True
2026-08-14,19,26000.0,0.0,10.0,0.0,2.0,0.0,-812983.7991380636,-812983.7991380636,0.0,3997224.789462268,3997224.789462268,186244.21641338585,-160772.3713231639,,0.07895517957850985,40.148250532462995,64.95163111707146,12.572944159584193,True,True
2026-08-14,19,26200.0,0.0,20.0,0.0,20.0,0.0,-1804939.8563878685,-1804939.8563878685,0.0,9084052.373798262,9084052.373798262,381957.3782628732,-321401.180867421,,0.0687516154044972,41.767206427768386,64.89262086905934,13.947915494602867,True,True
2026-08-14,19,26400.0,0.0,29.0,0.0,21.0,0.0,-2896935.676557054,-2896935.676557054,0.0,14820172.092317645,14820172.092317645,560184.8059114382,-458640.79508347885,,0.08241758241758242,42.65729592736428,64.82765770420087,15.310667098481476,True,True
2026-08-14,19,26500.0,0.0,11.0,0.0,1.0,0.0,-1151939.5003854982,-1151939.5003854982,0.0,6001674.198274788,6001674.198274788,209666.8220010305,-170798.85011345876,,0.07124681933842232,43.354892722560635,64.93146759380079,15.562698374192088,True,True
2026-08-14,19,26600.0,0.0,26.0,0.0,2.0,0.0,-2851419.4517499637,-2851419.4517499637,0.0,15056923.709498838,15056923.709498838,487534.16604096105,-393994.4021174926,,0.07142857142857142,44.133669245864304,64.83036552086998,16.44730246586324,True,True
2026-08-14,19,26800.0,0.0,9.0,0.0,1.0,0.0,-1077325.7357358402,-1077325.7357358402,0.0,5866375.817267363,5866375.817267363,165156.94028999907,-128493.61493201024,,0.060711188204683436,45.42296729005875,64.93590637547508,17.306487323581173,True,True
2026-08-14,19,27000.0,0.0,11.0,0.0,3.0,0.0,-1431623.7366680172,-1431623.7366680172,0.0,8071524.829127541,8071524.829127541,191833.09638974298,-143226.40418352812,,0.06306852637962405,46.56285243412303,64.91482957039037,18.534817105177925,True,True
2026-08-14,19,27200.0,0.0,20.0,0.0,2.0,0.0,-2817772.310991919,-2817772.310991919,0.0,16457165.34654314,16457165.34654314,315997.7863354059,-225937.4344347165,,0.049820167843346176,48.26037170019982,64.83236730400512,19.907568371538307,True,True
2026-08-14,19,27300.0,0.0,5.0,0.0,5.0,0.0,-730465.0202916967,-730465.0202916967,0.0,4351942.006784875,4351942.006784875,73206.23121742238,-51174.238261632985,,0.04815970056144717,48.711001001768025,64.95654053858985,20.194824538214892,True,True
2026-08-14,19,27400.0,0.0,22.0,0.0,5.0,0.0,-3324974.2255827757,-3324974.2255827757,0.0,20225027.926380847,20225027.926380847,292080.18979904783,-199033.5693705373,,0.04746872442417868,49.54152029208735,64.80219358014901,21.14109609028551,True,True
2026-08-14,19,27500.0,0.0,14.0,0.0,1.0,0.0,-2182128.979895869,-2182128.979895869,0.0,13581227.113504834,13581227.113504834,168002.56755091966,-109752.19631627592,,0.04926108374384237,49.97802801628461,64.8701820989235,21.56980298664619,True,True
2026-08-14,19,27600.0,0.0,11.0,0.0,7.0,0.0,-1767309.1468024466,-1767309.1468024466,0.0,11253043.194797581,11253043.194797581,117335.35852092566,-72212.44466664658,,0.046033703247020205,50.62903023545928,64.89485987176243,22.10136176913034,True,True
2026-08-14,19,27800.0,0.0,7.0,0.0,1.0,0.0,-1186669.762039148,-1186669.762039148,0.0,7954847.837864316,7954847.837864316,50826.15928221439,-25448.764200810598,,0.04180617138720482,51.88977871998688,64.929402073261,23.20418517222114,True,True
2026-08-14,19,27900.0,0.0,12.0,0.0,1.0,0.0,-2081977.3611507602,-2081977.3611507602,0.0,14352606.276178632,14352606.276178632,62860.30250255063,-24154.550901467752,,0.030926083262531937,52.87260584876956,64.8761402672859,23.905245966488447,True,True
2026-08-14,19,27950.0,0.0,2.0,0.0,3.0,0.0,-350943.3649789595,-350943.3649789595,0.0,2452670.925572116,2452670.925572116,8342.59033880145,-2347.596188201877,,0.02999835173891533,53.06889428579227,64.97911595085702,23.98645529008353,True,True
2026-08-14,19,28000.0,2.0,10.0,2.0,2.0,-348395.40889151837,-1773099.367439806,-2121494.776331324,-3108989.73472102,12569626.758221895,9460637.023500875,36471.693523423004,-3732.771067007431,0.023726957473991603,0.03117256814003677,53.569417646994786,64.87378880064864,24.499111537463445,True,True
2026-08-14,19,28100.0,0.0,5.0,0.0,1.0,0.0,-902278.5427819038,-902278.5427819038,0.0,6594623.385973895,6594623.385973895,3821.004412408754,7147.832588076967,,0.028698069266020622,54.03502741710834,64.94632037126104,24.940842780112547,True,True
2026-08-14,19,28200.0,0.0,3.0,0.0,1.0,0.0,-549439.7449402589,-549439.7449402589,0.0,4145712.59588669,4145712.59588669,-4787.027834208546,9635.848877151095,,0.027563785426531907,53.7868384383279,64.96730972199899,24.640950399172652,True,True
2026-08-14,19,28400.0,0.0,28.0,0.0,1.0,0.0,-5236203.376246594,-5236203.376246594,0.0,42410635.98532239,42410635.98532239,-189719.6106860201,193441.71119686443,,0.024462146396537664,53.01435474252244,64.68849324363694,24.005745655914886,True,True
2026-08-14,19,28500.0,0.0,2.0,0.0,1.0,0.0,-376074.705121342,-376074.705121342,0.0,3166960.313191712,3166960.313191712,-18967.04032314616,17497.589904269917,,0.023070097604259095,52.13130205922045,64.97762224442558,22.84186977422017,True,True
2026-08-14,19,28550.0,0.0,1.0,0.0,1.0,0.0,-188185.79058843973,-188185.79058843973,0.0,1618024.0290258492,1618024.0290258492,-10818.15150253717,9643.429480077832,,0.023891569032850855,51.7976163639863,64.98879538914184,22.523600874528068,True,True
2026-08-14,19,28600.0,0.0,2.0,0.0,1.0,0.0,-376569.31638474524,-376569.31638474524,0.0,3305639.0008605295,3305639.0008605295,-24287.328701762213,21043.549810229644,,0.024104452628054933,51.50774922394689,64.97759301826316,22.249364403868828,True,True
2026-08-14,19,28650.0,0.0,1.0,0.0,1.0,0.0,-188347.54667444763,-188347.54667444763,0.0,1687871.2634126942,1687871.2634126942,-13455.836924373903,11381.032010891016,,0.022783986112617987,51.238321667033595,64.98878614976094,21.93108418883331,True,True
2026-08-14,19,28700.0,0.0,2.0,0.0,2.0,0.0,-376124.656749086,-376124.656749086,0.0,3444993.232755496,3444993.232755496,-29409.88190838433,24403.591010450058,,0.022666174687681197,50.95837537759841,64.97761965501644,21.656827103196125,True,True
2026-08-14,19,28750.0,4.0,0.0,4.0,0.0,-736470.6612964432,0.0,-736470.6612964432,-4256546.415930826,0.0,-4256546.415930826,-61549.37412167361,51213.54291637552,0.05280528052805275,,49.78350203030054,34.95619022837647,21.40405702403477,True,True
2026-08-14,19,28800.0,0.0,2.0,0.0,2.0,0.0,-373738.04744070634,-373738.04744070634,0.0,3583193.3921555644,3583193.3921555644,-34971.387335782965,27780.33144599578,,0.022306313483369825,50.37664902916805,64.9777618044648,21.064223786343014,True,True
2026-08-14,19,28900.0,1.0,0.0,1.0,0.0,-181277.98040757191,0.0,-181277.98040757191,-962020.7322131279,0.0,-962020.7322131279,-19565.610471244585,15261.002080502842,0.05980066445182731,,48.646515855458084,34.989231203646725,20.449538398980373,True,True
2026-08-14,19,28950.0,0.0,1.0,0.0,1.0,0.0,-183073.15652738127,-183073.15652738127,0.0,1897258.9410412114,1897258.9410412114,-21706.650081815205,16254.715156383738,,0.023337756829725893,49.444141991841285,64.98910090871848,20.153338333344134,True,True
2026-08-14,19,29000.0,2.0,4.0,2.0,3.0,-356626.9304026325,-725381.9362981548,-1082008.8667007873,-1785109.4435073452,7731296.418697447,5946186.975190101,-136271.63853321827,101192.57688929045,0.06060606060606061,0.02270198085911418,48.66229528295841,64.9356278061627,19.965739187662525,True,True
2026-08-14,19,29100.0,2.0,6.0,2.0,2.0,-348669.48983401,-1056113.3516639753,-1404782.8414979852,-1647912.6457432038,11984728.292432081,10336815.646688877,-198263.48627024615,144213.00571394822,0.06517168885774341,0.13667827327264326,46.317205208613665,64.91642676641186,19.415430762784293,True,True
2026-08-14,19,29150.0,0.0,2.0,0.0,2.0,0.0,-347229.79370942095,-347229.79370942095,0.0,4063105.661544788,4063105.661544788,-51772.20249739675,37154.78797280713,,0.13284343743621133,44.98670766462391,64.9793392985423,18.989494997741208,True,True
2026-08-14,19,29200.0,1.0,1.0,1.0,1.0,-169682.37087152188,-171681.44978070087,-341363.8206522227,-756204.5185313624,2069212.315410535,1313007.7968791728,-53230.125138885785,38003.6225706452,0.07764284292255613,0.12494023904382484,45.637003465934676,64.97968053811782,18.69303449291169,True,True
2026-08-14,19,29300.0,28.0,1.0,28.0,1.0,-4597348.614186925,-158123.8513795298,-4755472.465566454,-19381108.74281818,2075870.420608708,-17305238.322209474,-801476.8670729036,570409.1140892361,0.08250226654578417,0.21946592733109585,43.89877702532472,34.71709357416909,18.67232420861348,True,True
2026-08-14,19,29350.0,0.0,1.0,0.0,1.0,0.0,-159484.23146823357,-159484.23146823357,0.0,2137065.0014155516,2137065.0014155516,-27761.694298449158,19888.531025201533,,0.20703139143343358,41.56324421549129,64.99050512205022,17.782447694441288,True,True
2026-08-14,19,29400.0,4.0,3.0,2.0,2.0,-631089.3511453498,-472793.9616685598,-1103883.3128139097,-2518300.970335313,6543662.868096966,4025361.897761653,-206963.84219236037,142585.01070443046,0.07322773305634897,0.2123397151280502,43.27109590402785,64.9343252721326,17.612014629068344,True,True
2026-08-14,19,29500.0,21.0,6.0,1.0,2.0,-3157165.5789975803,-901227.089018981,-4058392.6680165613,-11925764.012295796,13453034.727623075,1527270.7153272796,-835362.1339519164,560599.0509496261,0.08513189448441257,0.2016194331983807,42.916424728923516,64.75855278398159,17.43234163022099,True,True
2026-08-14,19,29550.0,1.0,0.0,1.0,0.0,-146360.1301528754,0.0,-146360.1301528754,-536798.4922404647,0.0,-536798.4922404647,-31480.065319412188,20856.878994270573,0.10048622366288493,,43.574554879488375,34.99132084889048,16.596957174192347,True,True
2026-08-14,19,29600.0,3.0,2.0,1.0,1.0,-426502.48700877273,-284215.094385327,-710717.5813940997,-1525011.0273366326,4602747.380805112,3077736.3534684796,-158504.15110740977,104393.25228278997,0.10041841004184106,0.1911514645962335,41.970454217910216,64.95771390434479,16.382363546954018,True,True
2026-08-14,19,29700.0,1.0,0.0,2.0,0.0,-133571.9913035457,0.0,-133571.9913035457,-453108.9082075393,0.0,-453108.9082075393,-31965.728603916385,20769.041491626413,0.12042310821806355,,42.08766506599348,34.99208678781719,15.707739167198302,True,True
2026-08-14,19,29800.0,1.0,1.0,3.0,1.0,-124848.90244267973,-124983.22061345438,-249832.1230561341,-400732.9829625902,2407545.5396884037,2006812.5567258135,-63662.60781959543,40950.75201008354,0.14127823161941375,0.1731669720501411,40.403938533028935,64.98512978994091,15.134789784287145,True,True
2026-08-14,19,29900.0,24.0,1.0,1.0,1.0,-2771795.191513937,-115993.71262883063,-2887788.9041427677,-8432497.92384748,2453879.624332508,-5978618.299514972,-795851.064855573,495033.862298127,0.17038307604345346,0.20244531314979616,39.22961914783479,34.828205374913125,14.991217332698326,True,True
2026-08-14,19,29950.0,1.0,0.0,2.0,0.0,-110649.38577296659,0.0,-110649.38577296659,-328515.35214528925,0.0,-328515.35214528925,-31552.537885737092,19404.47309884485,0.19314641744548286,,38.424660327771676,34.99346302931384,14.225654456530556,True,True
2026-08-14,19,30000.0,7.0,30.0,1.0,4.0,-740193.996757521,-3154072.8079502266,-3894266.8047077474,-2144468.6662560715,75373889.18321566,73229420.5169596,-1155010.9783642348,698603.2571686122,0.20558202859087807,0.24558050645007162,37.61545029671836,64.7683263943742,14.620356905800277,True,True
2026-08-14,19,30050.0,5.0,0.0,5.0,0.0,-504177.5608785978,0.0,-504177.5608785978,-1425567.161229978,0.0,-1425567.161229978,-153209.6519568245,92647.09134116211,0.2056631892697466,,37.50775682887033,34.97001654995878,13.708992430844983,True,True
2026-08-14,19,30100.0,1.0,0.0,1.0,0.0,-96003.75844102318,0.0,-96003.75844102318,-265055.31750200846,0.0,-265055.31750200846,-30057.63120859836,18075.372628237277,0.23020408163265296,,36.42414712531704,34.99434524264768,13.336373304596929,True,True
2026-08-14,19,30200.0,3.0,1.0,1.0,1.0,-260213.74481609554,-84131.45612426665,-344345.2009403622,-685572.664081635,2601877.1156460713,1916304.4515644363,-114855.55384653425,68191.71088152578,0.2632612966601178,0.22799086092071363,35.407306406314156,64.97950676972967,12.799155123406033,True,True
2026-08-14,19,30300.0,5.0,0.0,1.0,0.0,-389783.30154150835,0.0,-389783.30154150835,-980565.5350648814,0.0,-980565.5350648814,-135943.5420355654,79773.57436376812,0.2925089179548158,,33.42107950691903,34.97682674149499,12.223798160087131,True,True
2026-08-14,19,30400.0,5.0,1.0,12.0,1.0,-346671.9769751256,-64804.10248175242,-411476.079456878,-837181.9625465788,2666200.0312595204,1829018.0687129416,-151572.70990385965,86537.12418194675,0.4057553956834532,0.20897121178308406,32.395706209102315,64.97551272041882,11.647633979398938,True,True
2026-08-14,19,30450.0,1.0,0.0,2.0,0.0,-65119.553979869605,0.0,-65119.553979869605,-154160.264622397,0.0,-154160.264622397,-24439.91018446199,13943.995796364841,0.438095238095238,,28.113584785480572,34.99622328043925,11.261495756448532,True,False
2026-08-14,19,30500.0,17.0,2.0,80.0,1.0,-1038114.5757627118,-98007.26478831751,-1136121.8405510294,-2410921.386557868,5435269.000629312,3024347.614071444,-442102.82560262654,248605.58212028697,0.4588441330998249,0.2062803385025129,31.213362043760945,64.93240614002946,11.282813289125864,True,True
2026-08-14,19,30550.0,2.0,0.0,1.0,0.0,-114451.68270676362,0.0,-114451.68270676362,-260984.85757679012,0.0,-260984.85757679012,-45221.68787684952,25575.766162750504,0.4942084942084941,,25.850445377619764,34.993248641833645,10.686271169816235,True,False
2026-08-14,19,30600.0,11.0,0.0,4.0,0.0,-590613.7320892029,0.0,-590613.7320892029,-1324746.1653701095,0.0,-1324746.1653701095,-239388.86270825786,135276.14399976408,0.5338983050847457,,24.47851409992144,34.96487518594059,10.546782169701302,True,False
2026-08-14,19,30700.0,1.0,0.0,1.0,0.0,-47131.9842203485,0.0,-47131.9842203485,-102097.01843617432,0.0,-102097.01843617432,-20167.58303183106,11413.71036906957,0.5912596401028278,,22.037347263853654,34.99734299391964,9.779578811308559,True,False
2026-08-14,19,30800.0,1.0,0.0,2.0,0.0,-41393.04510561657,0.0,-41393.04510561657,-86962.1273581468,0.0,-86962.1273581468,-18175.023887978132,10124.909648724677,0.6873065015479877,,18.56341923593917,34.997709977775465,9.186861532691987,True,False
2026-08-14,19,30900.0,5.0,0.0,2.0,0.0,-180207.20549344894,0.0,-180207.20549344894,-368571.8761222556,0.0,-368571.8761222556,-81412.06798888693,44778.539066357305,0.8805970149253731,,12.223303490444168,34.989320010351314,8.661540556374202,True,False
2026-08-14,19,31000.0,14.0,0.0,3.0,0.0,-438678.156639812,0.0,-438678.156639812,-877355.0935349173,0.0,-877355.0935349173,-205489.0585257122,112471.3575915598,1.0000000000000002,,8.163715894514747,34.97391974255688,8.218390099791433,True,False
2026-08-14,19,31100.0,3.0,0.0,2.0,0.0,-82184.93529243162,0.0,-82184.93529243162,-161507.65820727058,0.0,-161507.65820727058,-40110.04587533702,22003.525976728364,1.1157894736842107,,7.430608648892857,34.995203619276154,7.441922815624877,True,False
2026-08-14,19,31200.0,6.0,0.0,1.0,0.0,-144160.70697279536,0.0,-144160.70697279536,-278731.3868806521,0.0,-278731.3868806521,-73651.34573733919,40667.17286638705,1.2839506172839508,,6.876427844622857,34.99147756619948,6.89836917171927,True,False
2026-08-14,19,31300.0,4.0,0.0,2.0,0.0,-85684.50125074234,0.0,-85684.50125074234,-164028.1202596067,0.0,-164028.1202596067,-45685.35487525502,25530.884707035813,1.4647887323943662,,6.258344739870042,34.99499399987945,6.272617975871962,True,False
2026-08-14,19,31400.0,5.0,0.0,2.0,0.0,-95759.19655877266,0.0,-95759.19655877266,-181687.5058311914,0.0,-181687.5058311914,-51419.5760991223,28709.15600995957,1.6480000000000001,,5.678603015406916,34.9943857589876,5.696058840850966,True,False
2026-08-14,19,31500.0,3.0,0.0,1.0,0.0,-51450.619567755704,0.0,-51450.619567755704,-97101.3028571236,0.0,-97101.3028571236,-27725.789849847923,15470.99448872974,1.8198198198198199,,5.060519910654097,34.99709363306945,5.070789270633456,True,False
2026-08-14,19,31600.0,3.0,0.0,1.0,0.0,-46502.910309075596,0.0,-46502.910309075596,-87753.06310185853,0.0,-87753.06310185853,-25288.659442420954,14182.699575902454,1.9800995024875618,,4.46799772609441,34.99740443270235,4.4780988897133875,True,False
2026-08-14,19,31800.0,5.0,0.0,1.0,0.0,-66924.32062355113,0.0,-66924.32062355113,-128823.72024825681,0.0,-128823.72024825681,-37092.624698291416,21379.7222207001,1.9779005524861875,,3.3085142771681557,34.99613504983722,3.3249898669251925,True,False
2026-08-14,19,32000.0,5.0,0.0,3.0,0.0,-59245.17013307649,0.0,-59245.17013307649,-117031.45149084098,0.0,-117031.45149084098,-33485.47276207076,19937.641842417182,1.9763313609467452,,2.123469908048777,34.996603621638485,2.1396844466615805,True,False
2026-08-14,19,32200.0,4.0,0.0,1.0,0.0,-41973.3884617027,0.0,-41973.3884617027,-84852.56317728643,0.0,-84852.56317728643,-24305.652433607822,14930.378676623537,1.9745222929936306,,0.9256450788328352,34.997679740869195,0.9384323645302978,True,False
2026-08-14,19,32400.0,20.0,0.0,1.0,0.0,-188996.2317955653,0.0,-188996.2317955653,-392001.7480791569,0.0,-392001.7480791569,-111928.33206202598,71051.42209402163,1.9731543624161074,,0.2556092019312695,34.988794710871616,0.3188361348998896,True,False
2026-08-14,19,32500.0,7.0,0.0,1.0,0.0,-63352.163673899086,0.0,-63352.163673899086,-133345.60436511599,0.0,-133345.60436511599,-37848.81674026108,24446.491974344204,1.9727891156462587,,0.08946322067594432,34.996343612159684,0.11149758017827759,True,False
2026-08-14,19,32600.0,12.0,0.0,2.0,0.0,-104088.8321850269,0.0,-104088.8321850269,-222231.74087558608,0.0,-222231.74087558608,-62747.20363289511,41222.65369651069,1.9724137931034484,,0.15336552115876173,34.99387515946771,0.19098522656144323,True,False
2026-08-14,19,32800.0,1.0,0.0,2.0,0.0,-7913.914423607333,0.0,-7913.914423607333,-17312.495149136445,0.0,-17312.495149136445,-4879.229040010651,3308.497085154957,1.971223021582734,,0.012780460096563476,35.00039557037425,0.015889594236182362,True,False
2026-08-14,19,33000.0,4.0,0.0,3.0,0.0,-29207.413942078092,0.0,-29207.413942078092,-65538.66495978924,0.0,-65538.66495978924,-18364.984828300574,12854.469205426089,1.9703703703703705,,0.051121840386253906,34.998491293966815,0.063475149401044,True,False
2026-08-14,19,33200.0,6.0,0.0,6.0,0.0,-40898.66503726146,0.0,-40898.66503726146,-94270.83351879346,0.0,-94270.83351879346,-26125.791294013092,18877.552618775415,1.9699248120300752,,0.07668276057938087,34.997726016322915,0.0951137157620545,True,False
2026-08-14,19,33400.0,9.0,0.0,7.0,0.0,-54969.76971771164,0.0,-54969.76971771164,-128123.5047090989,0.0,-128123.5047090989,-36483.14275142095,27033.75029320725,2.0,,0.1150241408690713,34.99684687306186,0.1424537470973066,True,False
2026-08-14,19,33500.0,1.0,0.0,1.0,0.0,-5853.195630621981,0.0,-5853.195630621981,-13762.230417766057,0.0,-13762.230417766057,-3938.8766810029556,2959.1998948509945,2.0,,0.012780460096563476,35.00074164859248,0.015819540523923564,True,False
2026-08-14,19,33800.0,31.0,0.0,15.0,0.0,-166766.58959757432,0.0,-166766.58959757432,-407344.37831806124,0.0,-407344.37831806124,-111747.00357383717,87241.91004317175,2.0,,0.39619426299346777,34.99011573083614,0.48990662852026695,True,False
2026-08-14,19,34000.0,32.0,0.0,1.0,0.0,-162790.16318617432,0.0,-162790.16318617432,-407195.3440985922,0.0,-407195.3440985922,-108587.58015344977,86793.11649869142,2.0,,0.40897472309003124,34.99035230546265,0.5053920130610993,True,False
2026-08-14,19,34500.0,1.0,0.0,1.0,0.0,-4611.881837643523,0.0,-4611.881837643523,-12328.326742866006,0.0,-12328.326742866006,-3066.7474853297376,2616.459291128016,2.0,,0.012780460096563476,35.00094224648474,0.015777342316398987,True,False
2026-08-14,19,35000.0,2.0,0.0,2.0,0.0,-6839.74651923809,0.0,-6839.74651923809,-18380.960643278475,0.0,-18380.960643278475,-4544.690717788813,3930.080283496626,2.0,,0.025560920193126953,35.000409114802125,0.031473640459066754,True,False
2026-08-14,19,36000.0,1.0,0.0,1.0,0.0,-3849.1332134544296,0.0,-3849.1332134544296,-12445.310455105293,0.0,-12445.310455105293,-2568.136999424365,2637.5037286819997,2.0,,0.012780460096563476,35.00097618806667,0.015751412833527947,True,False
2026-08-14,19,36500.0,3.0,0.0,1.0,0.0,-6942.655125463169,0.0,-6942.655125463169,-21126.939716794273,0.0,-21126.939716794273,-4859.821791192437,4816.432669506077,2.0,,0.03834138028969043,35.000296935637635,0.04709770115625034,True,False
2026-08-14,19,37000.0,1.0,0.0,1.0,0.0,-2200.435761734582,0.0,-2200.435761734582,-7043.599822443131,0.0,-7043.599822443131,-1543.1951666296536,1607.2629918591047,2.0,,0.012780460096563476,35.0019983846907,0.015695365702168857,True,False
2026-08-14,19,38000.0,1.0,0.0,1.0,0.0,-2071.985933686583,0.0,-2071.985933686583,-7325.048245619068,0.0,-7325.048245619068,-1444.7629319818016,1654.468625954744,2.0,,0.012780460096563476,35.00192422427501,0.015690999076637808,True,False
2026-08-17,22,19000.0,0.0,5.0,0.0,2.0,0.0,-12355.916315220222,-12355.916315220222,0.0,68931.59159008249,68931.59159008249,7494.563929219335,-10391.618402016751,,1.9867986798679866,0.06390230048281738,64.99904733164426,0.07852284853942869,True,False
2026-08-17,22,20000.0,0.0,3.0,0.0,2.0,0.0,-11385.693965404194,-11385.693965404194,0.0,60281.88105846237,60281.88105846237,6494.743340607521,-8283.319334653055,,1.4698795180722892,0.03834138028969043,64.999073828065,0.04724874134936518,True,False
2026-08-17,22,21000.0,0.0,1.0,0.0,1.0,0.0,-5573.200777660927,-5573.200777660927,0.0,27532.7691555238,27532.7691555238,3166.454017441733,-3697.3506725099646,,1.3460076045627376,0.012780460096563476,64.99912365975624,0.015810022156385963,True,False
2026-08-17,22,23500.0,0.0,2.0,0.0,2.0,0.0,-40780.51414885884,-40780.51414885884,0.0,189049.34065861793,189049.34065861793,17243.39460604825,-15746.463012913466,,0.40686274509803927,17.819678567251945,64.99749458694467,0.032627449885885104,True,False
2026-08-17,22,25400.0,0.0,2.0,0.0,4.0,0.0,-118815.27521123605,-118815.27521123605,0.0,578512.8647441327,578512.8647441327,34447.2023390593,-26066.031289540642,,0.15831987075928913,34.109933008908975,64.99290564494467,8.869248437060548,True,True
2026-08-17,22,25500.0,0.0,2.0,0.0,1.0,0.0,-125367.62338589836,-125367.62338589836,0.0,614264.320959282,614264.320959282,35243.05155355333,-26486.345460431236,,0.14800759013282733,35.01182361226252,64.99251734900595,9.461993367351102,True,True
2026-08-17,22,25600.0,0.0,5.0,0.0,1.0,0.0,-330307.8307999533,-330307.8307999533,0.0,1630624.174162235,1630624.174162235,89788.53712524362,-67130.48719681332,,0.13675213675213665,35.98035077853262,64.98034049401858,10.108344139204046,True,True
2026-08-17,22,25800.0,0.0,6.0,0.0,6.0,0.0,-439257.47414928104,-439257.47414928104,0.0,2206147.3958188365,2206147.3958188365,112611.88110052343,-81787.46152272138,,0.11963670529282805,37.69163855152782,64.97386138244137,11.312712791419688,True,True
2026-08-17,22,26000.0,0.0,2.0,0.0,1.0,0.0,-162234.4124778798,-162234.4124778798,0.0,829695.5024493091,829695.5024493091,38943.86939993966,-27432.359203766726,,0.10143329658213897,39.37166334158162,64.9903304514015,12.425857569075207,True,True
2026-08-17,22,26200.0,0.0,7.0,0.0,4.0,0.0,-627896.0624567427,-627896.0624567427,0.0,3280590.8034591223,3280590.8034591223,139007.48564816383,-95446.34121606161,,0.08948004836759371,40.97920745762017,64.96264133163899,13.70483482207675,True,True
2026-08-17,22,26400.0,0.0,3.0,0.0,1.0,0.0,-296184.3326049944,-296184.3326049944,0.0,1586411.0267345477,1586411.0267345477,59327.92120046101,-39923.5095447932,,0.14276636305867407,40.51454054562088,64.98237027494643,14.816120469686206,True,True
2026-08-17,22,26500.0,1.0,1.0,1.0,1.0,-102744.97181701592,-103262.33134153984,-206007.30315855576,-2243033.8929933803,561782.331439059,-1681251.5615543213,38526.10106345205,-25949.834900714115,0.26160986742569947,0.12685240071132195,39.5503391397889,34.98775336396629,15.389956542304855,True,True
2026-08-17,22,26600.0,1.0,3.0,1.0,2.0,-105901.7416998074,-323520.6866498579,-429422.4283496653,-2194954.628834616,1784801.49348131,-410153.13535330584,75566.6178714682,-50432.10257426741,0.26447333510214904,0.1196074800962784,40.234144038620634,34.97448984887305,16.021314802854096,True,True
2026-08-17,22,26800.0,0.0,4.0,0.0,3.0,0.0,-469855.51648261474,-469855.51648261474,0.0,2662037.33332706,2662037.33332706,75373.26534276787,-47623.963795937096,,0.11876329134631118,43.617501895327095,64.97204224204975,17.2077336865028,True,True
2026-08-17,22,27000.0,0.0,4.0,0.0,3.0,0.0,-509705.3508445921,-509705.3508445921,0.0,2981392.825925903,2981392.825925903,71376.1232853066,-43169.217018246025,,0.10662824207492795,45.16659774258797,64.96967214348582,18.394132742559304,True,True
2026-08-17,22,27200.0,0.0,1.0,0.0,1.0,0.0,-137473.77125058344,-137473.77125058344,0.0,832684.7683683748,832684.7683683748,16068.386013332609,-9284.768002983054,,0.09504447268106729,46.66081381323348,64.99180354890373,19.519661488536595,True,True
2026-08-17,22,27800.0,0.0,1.0,0.0,1.0,0.0,-164677.86881646208,-164677.86881646208,0.0,1137254.208231293,1137254.208231293,7452.711834768488,-2842.9176668020264,,0.07682862655674434,50.762422304321305,64.99018997725582,23.075719393605915,True,True
2026-08-17,22,28000.0,0.0,1.0,0.0,1.0,0.0,-173205.20051754228,-173205.20051754228,0.0,1253718.747992598,1253718.747992598,3279.622450352553,-87.13739659130862,,0.08634333620622113,51.662025383956376,64.989683903953,24.261053647615633,True,True
2026-08-17,22,28100.0,0.0,8.0,0.0,8.0,0.0,-1395538.6200723671,-1395538.6200723671,0.0,10515149.939437423,10515149.939437423,7082.210634086194,11029.207493264938,,0.05689277899343545,53.22752750557558,64.91697673798888,25.00447274218414,True,True
2026-08-17,22,28600.0,1.0,0.0,1.0,0.0,-180133.84321931895,0.0,-180133.84321931895,-1179738.1884750426,0.0,-1179738.1884750426,-11769.00334267741,8851.319038395199,0.078666925014532,,49.858094592256016,34.989296391898456,22.227066057950644,True,True
2026-08-17,22,28700.0,1.0,0.0,1.0,0.0,-180133.5399555287,0.0,-180133.5399555287,-1113069.528543715,0.0,-1113069.528543715,-14315.52215421403,10253.156082087284,0.10382396923734237,,48.51086108101201,34.98929717150019,21.63454386308156,True,True
2026-08-17,22,28750.0,1.0,0.0,1.0,0.0,-179788.24915841487,0.0,-179788.24915841487,-1080149.5408154659,0.0,-1080149.5408154659,-15512.430422347345,10912.602861259586,0.10708272533393194,,48.11683730583448,34.98931812387546,21.338271032711965,True,True
2026-08-17,22,28800.0,2.0,0.0,2.0,0.0,-359665.3407869795,0.0,-359665.3407869795,-2091681.2901558632,0.0,-2091681.2901558632,-34005.90113721442,23294.446853248206,0.10021372595582993,,48.03942665499426,34.97861035978803,21.063745387569742,True,True
2026-08-17,22,28850.0,4.0,0.0,4.0,0.0,-716538.5456928314,0.0,-716538.5456928314,-4049227.9302823106,0.0,-4049227.9302823106,-73880.65257463284,49421.170422713825,0.10115172759138717,,47.74058643384082,34.95737618811319,20.810857251297616,True,True
2026-08-17,22,28900.0,2.0,0.0,2.0,0.0,-355862.92926260375,0.0,-355862.92926260375,-1958630.5348979498,0.0,-1958630.5348979498,-39684.86113700091,26032.39005521824,0.10778758729740408,,47.21968863018734,34.9788370557835,20.471093940811,True,True
2026-08-17,22,29000.0,12.0,0.0,16.0,0.0,-2101354.4512306103,0.0,-2101354.4512306103,-10947325.257076548,0.0,-10947325.257076548,-269791.33867112704,170956.94129452817,0.1178198912883795,,46.454001926864024,34.87498992224197,20.09411500555708,True,True
2026-08-17,22,29400.0,1.0,1.0,1.0,1.0,-156675.4684252536,-154186.12311871882,-310861.59154397243,-653020.2142335697,2135723.595893677,1482703.381660107,-59223.61058151707,34837.892449262115,0.08678881388621022,0.22214453029402512,42.85670516360749,64.98149645038912,17.506953206776522,True,True
2026-08-17,22,29550.0,1.0,0.0,1.0,0.0,-146228.6115972616,0.0,-146228.6115972616,-562241.0561602893,0.0,-562241.0561602893,-32618.074862323014,18085.95231977092,0.10876671619613677,,43.326140103490815,34.991327408552685,16.596952703246053,True,True
2026-08-17,22,29600.0,27.0,0.0,27.0,0.0,-3844147.6150120436,0.0,-3844147.6150120436,-14385713.252901081,0.0,-14385713.252901081,-892929.1424819386,490076.21033655305,0.1164427383237365,,43.13189030989363,34.77130927714657,16.83253622907341,True,True
2026-08-17,22,29950.0,1.0,0.0,1.0,0.0,-113059.45883837575,0.0,-113059.45883837575,-353835.82454580825,0.0,-353835.82454580825,-33425.174230516226,17267.213723987337,0.1878453038674033,,38.58369373511407,34.993316384515005,14.225736386469576,True,True
2026-08-17,22,30000.0,2.0,0.0,2.0,0.0,-216894.40368971144,0.0,-216894.40368971144,-662481.2121846613,0.0,-662481.2121846613,-66310.65696526575,33882.13565338386,0.22008418520745635,,37.33304666272919,34.98711940085655,13.948625704160712,True,True
2026-08-17,22,30050.0,6.0,0.0,2.0,0.0,-622598.0731053217,0.0,-622598.0731053217,-1855731.5429316522,0.0,-1855731.5429316522,-196598.20916070518,99509.10027575915,0.24934383202099736,,36.21011800642937,34.96296916915147,13.728638674184163,True,True
2026-08-17,22,30100.0,2.0,0.0,2.0,0.0,-198239.9313732033,0.0,-198239.9313732033,-577212.2719268276,0.0,-577212.2719268276,-64539.50395045466,32433.69942320401,0.2734430923407303,,35.13975726417129,34.988232516841066,13.355469364644776,True,True
2026-08-17,22,30150.0,1.0,0.0,1.0,0.0,-94530.83341585306,0.0,-94530.83341585306,-268946.24728407065,0.0,-268946.24728407065,-31693.5326119021,15841.060342177743,0.2986708365910868,,34.07388338428417,34.99443204954183,13.040062140533273,True,True
2026-08-17,22,30300.0,1.0,0.0,1.0,0.0,-81745.58779448598,0.0,-81745.58779448598,-218221.45563408002,0.0,-218221.45563408002,-29683.32238141207,14772.36354952494,0.37892603850050666,,30.777444050162046,34.995205619369614,12.15084423189392,True,False
2026-08-17,22,30400.0,85.0,0.0,2.0,0.0,-6249644.2309630355,0.0,-6249644.2309630355,-15991470.090007301,0.0,-15991470.090007301,-2381688.494123264,1155563.614314606,0.4428223844282239,,29.34159013588217,34.62820403621477,13.080125731890464,True,False
2026-08-17,22,30450.0,1.0,0.0,1.0,0.0,-69280.91840868813,0.0,-69280.91840868813,-173365.87987549318,0.0,-173365.87987549318,-27083.143724127123,12992.464427371891,0.49462365591397844,,26.41773225091836,34.99596493817248,11.261637221177875,True,False
2026-08-17,22,30550.0,1.0,0.0,1.0,0.0,-61551.924109916465,0.0,-61551.924109916465,-148694.6381369025,0.0,-148694.6381369025,-25235.29362443393,11965.65357565978,0.5829307568438004,,23.175997038464015,34.996439098413624,10.668852291043923,True,False
2026-08-17,22,30600.0,1.0,0.0,1.0,0.0,-57512.60666129346,0.0,-57512.60666129346,-135809.81200589045,0.0,-135809.81200589045,-24260.009247344384,11426.888611961462,0.6499102333931777,,20.870351649702847,34.99668897156413,10.372453882996767,True,False
2026-08-17,22,30700.0,3.0,0.0,1.0,0.0,-151322.91678286906,0.0,-151322.91678286906,-343882.13234641834,0.0,-343882.13234641834,-67431.75462648255,31628.936973253087,0.7719298245614036,,16.64280265028951,34.9910412843691,9.814361885348928,True,False
2026-08-17,22,31000.0,1.0,0.0,2.0,0.0,-33829.74170704307,0.0,-33829.74170704307,-70158.21158996245,0.0,-70158.21158996245,-16737.237992224356,7608.157731181356,1.3667953667953672,,7.997569913259421,34.99820123797197,8.001560050626479,True,False
2026-08-17,22,31200.0,1.0,0.0,2.0,0.0,-25994.73310403258,0.0,-25994.73310403258,-52004.9086715764,0.0,-52004.9086715764,-13932.22118204648,6350.590525524918,1.9358288770053473,,6.81252554414004,34.99874197893923,6.816249331998329,True,False
2026-08-17,22,31400.0,4.0,0.0,5.0,0.0,-87652.03792821604,0.0,-87652.03792821604,-176582.6116366288,0.0,-176582.6116366288,-49577.07292854338,23355.80906744968,1.9875389408099686,,5.665822555310352,34.994870447788244,5.680162677317645,True,False
2026-08-17,22,31500.0,3.0,0.0,3.0,0.0,-61099.48605002004,0.0,-61099.48605002004,-123970.08238705363,0.0,-123970.08238705363,-35376.43225166127,16980.77132262456,1.9867986798679866,,5.060519910654097,34.99648613311327,5.071117281868406,True,False
2026-08-17,22,31600.0,1.0,0.0,2.0,0.0,-19056.93722789872,0.0,-19056.93722789872,-39021.71520391668,0.0,-39021.71520391668,-11113.267204158727,5409.88642924039,1.9861591695501728,,4.442436805901282,34.99925067732972,4.4459247448132375,True,False
2026-08-17,22,32000.0,5.0,0.0,1.0,0.0,-76243.2423425816,0.0,-76243.2423425816,-164400.38953245274,0.0,-164400.38953245274,-44666.17758710576,23011.162433475005,1.9844357976653695,,2.123469908048777,34.99555546170881,2.1402622926362818,True,False
2026-08-17,22,32600.0,3.0,0.0,3.0,0.0,-20259.812234409008,0.0,-20259.812234409008,-39755.179142617075,0.0,-39755.179142617075,-14721.540817529803,7554.313921120617,2.0,,0.03834138028969043,34.999172025564256,0.047550415177877614,True,False
2026-08-17,22,33000.0,3.0,0.0,3.0,0.0,-16857.742493694426,0.0,-16857.742493694426,-34707.725090003565,0.0,-34707.725090003565,-12102.798482866869,6523.762467158608,2.0,,0.03834138028969043,34.99942928587527,0.04743476251555821,True,False
2026-08-17,22,38000.0,2.0,0.0,2.0,0.0,-4419.149962779026,0.0,-4419.149962779026,-15840.67114377026,0.0,-15840.67114377026,-3318.1396823544083,3121.903919441808,2.0,,0.025560920193126953,35.00068397063341,0.03139135277612911,True,False
2026-08-18,23,18000.0,0.0,1.0,0.0,1.0,0.0,-1856.219262913447,-1856.219262913447,0.0,11294.407180894123,11294.407180894123,1210.7558939802775,-1755.8644581446126,,1.9853479853479852,0.012780460096563476,64.99856159848738,0.01568366413296629,True,False
2026-08-18,23,19000.0,0.0,6.0,0.0,2.0,0.0,-15127.861002203432,-15127.861002203432,0.0,84929.45986834544,84929.45986834544,9342.249574242604,-12188.476293841235,,1.9872204472843449,0.07668276057938087,64.99892341499435,0.09423764257016863,True,False
2026-08-18,23,20000.0,0.0,4.0,0.0,2.0,0.0,-14734.399395083174,-14734.399395083174,0.0,77242.51135298435,77242.51135298435,8653.776153733563,-10264.525075205545,,1.8278481012658225,0.051121840386253906,64.99892924638779,0.06298314224313198,True,False
2026-08-18,23,21000.0,0.0,2.0,0.0,2.0,0.0,-11863.540305581664,-11863.540305581664,0.0,60282.79558827255,60282.79558827255,6681.477827349004,-7392.060730075783,,1.2027027027027024,0.025560920193126953,64.9990454043354,0.0316444232973434,True,False
2026-08-18,23,25500.0,0.0,3.0,0.0,1.0,0.0,-189441.99109254297,-189441.99109254297,0.0,962426.5206751389,962426.5206751389,52994.68337064141,-38250.42951955122,,0.13267813267813272,35.48448779599992,64.9887143416269,9.479792124665725,True,True
2026-08-18,23,25600.0,0.0,6.0,0.0,1.0,0.0,-398190.18312409485,-398190.18312409485,0.0,2034030.2839157819,2034030.2839157819,108172.20871733915,-77239.46772916724,,0.11538461538461542,36.63415687965482,64.97630393682475,10.126272348173881,True,True
2026-08-18,23,25800.0,0.0,6.0,0.0,1.0,0.0,-440203.50368318695,-440203.50368318695,0.0,2289409.972135617,2289409.972135617,112897.21544537874,-78120.26973604276,,0.10280373831775698,38.19662756077995,64.97380534957816,11.312744951499454,True,True
2026-08-18,23,26000.0,0.0,4.0,0.0,2.0,0.0,-324192.05577768193,-324192.05577768193,0.0,1718469.5292549953,1718469.5292549953,77622.33294916998,-52220.958135134635,,0.09214929214929203,39.67574439476015,64.98070479715568,12.462604410586376,True,True
2026-08-18,23,26200.0,0.0,6.0,0.0,4.0,0.0,-535019.0553738675,-535019.0553738675,0.0,2933383.789145739,2933383.789145739,116701.76816266825,-77357.16672349088,,0.1404830489696432,39.436336979462126,64.96816612631392,13.686056924950318,True,True
2026-08-18,23,26400.0,0.0,2.0,0.0,1.0,0.0,-195795.21543883,-195795.21543883,0.0,1086094.159563494,1086094.159563494,38932.34198977985,-25088.90162118509,,0.14205905826017545,40.522979229479276,64.9883381572965,14.797087199919886,True,True
2026-08-18,23,26500.0,1.0,4.0,1.0,1.0,-101847.04552056409,-409038.7843466521,-510885.8298672162,-2232534.57475922,2297740.4742819592,65205.89952273946,95516.12218397927,-61177.62008808471,0.25963447538563367,0.1356821589205397,39.48586502754132,64.96937690993418,15.447182512243101,True,True
2026-08-18,23,26600.0,1.0,1.0,1.0,1.0,-105263.82101037785,-106649.85728965717,-211913.678300035,-2189852.788721975,606972.047635109,-1582880.7410868658,37233.56391406484,-23695.4049851209,0.2650895073137244,0.12929364100757437,40.054048121584444,34.987402542915916,15.982679512874778,True,True
2026-08-18,23,26800.0,0.0,1.0,0.0,1.0,0.0,-115924.71782222627,-115924.71782222627,0.0,676912.6459360609,676912.6459360609,18602.71455792039,-11171.315807183966,,0.11941231634885899,43.55968976496097,64.99308137588433,17.14884019465101,True,True
2026-08-18,23,27000.0,0.0,5.0,0.0,3.0,0.0,-627325.4453926386,-627325.4453926386,0.0,3778735.5617266754,3778735.5617266754,87680.59622407221,-50410.7581954763,,0.10005527915975675,45.376567090139666,64.96267588092137,18.413751775863844,True,True
2026-08-18,23,29000.0,4.0,0.0,4.0,0.0,-688738.1655379535,0.0,-688738.1655379535,-3703940.5264257146,0.0,-3703940.5264257146,-88095.06179389959,53781.896604560825,0.11178375334365759,,46.532842384433174,34.95903040282105,19.921128906242718,True,True
2026-08-18,23,30000.0,1.0,2.0,1.0,4.0,-110085.38736533024,-224822.71187918494,-334908.0992445152,-351239.6930231635,4828567.016836907,4477327.323813743,-97097.85218372798,50532.92139495317,0.20960698689956336,0.2665691753277276,36.805710245640086,64.980072668665,13.968258117850658,True,True
2026-08-18,23,30200.0,7.0,0.0,1.0,0.0,-647619.5563075446,0.0,-647619.5563075446,-1888439.1234441996,0.0,-1888439.1234441996,-221920.98454042713,106443.35880944588,0.2952815829528159,,33.955982661731845,34.961480478831675,12.856326559868897,True,True
2026-08-18,23,30500.0,0.0,1.0,0.0,1.0,0.0,-77511.01922875224,-77511.01922875224,0.0,2575591.936949322,2575591.936949322,-28015.780934172526,14527.088294197272,,0.21631010379156973,34.470877722310775,64.99538297652626,10.965655909485596,True,True
2026-08-18,23,30600.0,84.0,0.0,1.0,0.0,-5110532.819575344,0.0,-5110532.819575344,-12662521.714006143,0.0,-12662521.714006143,-2136358.8182781558,971620.9133297148,0.5984496124031007,,23.474948467419924,34.69597103526954,11.840736941884149,True,False
2026-08-18,23,31600.0,1.0,0.0,1.0,0.0,-20723.499421765704,0.0,-20723.499421765704,-44139.31141622646,0.0,-44139.31141622646,-12029.525292716602,5613.185149895445,1.9882005899705013,,4.442436805901282,34.999106965984254,4.445981399252838,True,False
2026-08-18,23,31800.0,1.0,0.0,1.0,0.0,-18415.34680771982,0.0,-18415.34680771982,-40078.87812846774,0.0,-40078.87812846774,-11023.496811370664,5336.671963471934,1.9873015873015871,,3.2573924367819016,34.99927870725107,3.2608585649592543,True,False
2026-08-18,23,32500.0,1.0,0.0,1.0,0.0,-12172.552446529076,0.0,-12172.552446529076,-28187.326010827233,0.0,-28187.326010827233,-7442.98707060976,3891.153273254316,2.0,,0.012780460096563476,34.99980797919529,0.01603436576138399,True,False
2026-08-19,24,18000.0,0.0,1.0,0.0,1.0,0.0,-1847.0739436876408,-1847.0739436876408,0.0,11224.994500168363,11224.994500168363,1236.3304954878593,-1684.4002274413435,,1.9852398523985237,0.012780460096563476,64.9985539314124,0.015683353239716938,True,False
2026-08-19,24,19000.0,0.0,3.0,0.0,2.0,0.0,-7591.788443651939,-7591.788443651939,0.0,42679.44332537976,42679.44332537976,4794.487734670548,-5883.840972001754,,1.9873015873015871,0.03834138028969043,64.99919690872309,0.04711976831012149,True,False
2026-08-19,24,20000.0,0.0,2.0,0.0,2.0,0.0,-7745.333588413564,-7745.333588413564,0.0,41326.33558466936,41326.33558466936,4625.030180551889,-5225.100825509336,,1.627906976744186,0.025560920193126953,64.99917626731296,0.03150442570554737,True,False
2026-08-19,24,24600.0,0.0,1.0,0.0,1.0,0.0,-39474.93702484088,-39474.93702484088,0.0,196854.61466381385,196854.61466381385,13966.83781027652,-10454.551848889023,,0.21094190637337848,27.778314003912207,64.99757540285749,4.110753239736375,True,True
2026-08-19,24,24800.0,0.0,1.0,0.0,1.0,0.0,-43934.27910546673,-43934.27910546673,0.0,220449.4496001,220449.4496001,14901.274055633869,-10878.779270334222,,0.1774193548387096,29.969034919071653,64.99731826810299,5.295949203274188,True,True
2026-08-19,24,26000.0,0.0,4.0,0.0,4.0,0.0,-323642.3588888197,-323642.3588888197,0.0,1768188.9535161483,1768188.9535161483,77469.54016549408,-49759.042758618416,,0.0817120622568094,39.988861291534626,64.98073774455376,12.462585723753504,True,True
2026-08-19,24,26200.0,0.0,3.0,0.0,3.0,0.0,-266504.64618757635,-266504.64618757635,0.0,1491306.7619635612,1491306.7619635612,58430.283291244654,-36766.93862158399,,0.15391192817443353,38.99512922302873,64.98413534293971,13.63006714572093,True,True
2026-08-19,24,26400.0,0.0,3.0,0.0,1.0,0.0,-291216.172980042,-291216.172980042,0.0,1666586.3477472262,1666586.3477472262,57577.72305643244,-35541.40494002662,,0.14237031427489574,40.52642200913424,64.98266629005823,14.815951578119824,True,True
2026-08-19,24,26500.0,0.0,2.0,0.0,1.0,0.0,-202432.7109934346,-202432.7109934346,0.0,1173103.9320066567,1173103.9320066567,37696.18215856841,-23079.830565834345,,0.1360883505521909,41.2946226452785,64.98794431113859,15.38983502477814,True,True
2026-08-19,24,26600.0,0.0,1.0,0.0,1.0,0.0,-105353.96855966613,-105353.96855966613,0.0,619836.8021391765,619836.8021391765,18741.598688538023,-11241.738667959109,,0.12433155080213898,42.227068362243195,64.99370819869353,15.963436475080847,True,True
2026-08-19,24,26800.0,0.0,1.0,0.0,1.0,0.0,-113980.28908672054,-113980.28908672054,0.0,691407.0702667539,691407.0702667539,18159.334043105107,-10455.11873738777,,0.10715867158671573,43.92729910782527,64.99319751622318,17.14877409419538,True,True
2026-08-19,24,27000.0,0.0,1.0,0.0,1.0,0.0,-123011.19833809456,-123011.19833809456,0.0,768907.715882487,768907.715882487,17023.161904795496,-9386.38577117494,,0.09231576186729608,45.55763076852723,64.99266244607875,18.334125467220524,True,True
2026-08-19,24,27200.0,0.0,2.0,0.0,1.0,0.0,-263918.353232207,-263918.353232207,0.0,1706388.5975356698,1706388.5975356698,30322.139850740634,-15967.42695973857,,0.08197484862598974,47.065682994982375,64.98429047160762,19.539580508479588,True,True
2026-08-19,24,28800.0,1.0,0.0,2.0,0.0,-171565.72289904312,0.0,-171565.72289904312,-1070762.5158072743,0.0,-1070762.5158072743,-15902.081291924995,10277.984976168682,0.09693933122753512,,48.124878036746544,34.98980741102861,21.041730417340187,True,True
2026-08-19,24,28900.0,1.0,0.0,2.0,0.0,-170576.70613576533,0.0,-170576.70613576533,-1006651.3957815382,0.0,-1006651.3957815382,-18712.005100534152,11527.789441582336,0.11237038823245725,,47.06942414203918,34.9898671406948,20.4491746113587,True,True
2026-08-19,24,29000.0,1.0,0.0,4.0,0.0,-168876.40736630454,0.0,-168876.40736630454,-940871.4763373934,0.0,-940871.4763373934,-21443.035078631958,12685.798023369089,0.11312642751578655,,46.45422077897962,34.98996933475891,19.856594625491446,True,True
2026-08-19,24,29200.0,5.0,0.0,4.0,0.0,-811909.1556799838,0.0,-811909.1556799838,-4061867.817465914,0.0,-4061867.817465914,-129693.41794780105,72703.88702486714,0.12743125419181758,,44.89115344996556,34.95170249405203,18.755892271983875,True,True
2026-08-19,24,29350.0,0.0,1.0,0.0,1.0,0.0,-152767.13662085318,-152767.13662085318,0.0,2070248.4103371748,2070248.4103371748,-27062.387373255788,15292.943024102844,,0.2241336764550357,41.05017566484323,64.99090450147071,17.782219348181112,True,True
2026-08-19,24,29400.0,154.0,154.0,1.0,153.0,-23662802.24074725,-23177828.40762043,-46840630.64836768,-105956414.4014095,323224989.2728567,217268574.8714472,-8787583.35269405,4834805.484219418,0.0661796304254405,0.21875107517632897,47.12756553183291,62.21340909328609,23.86861522844166,True,True
2026-08-19,24,29650.0,1.0,0.0,1.0,0.0,-137869.29912256714,0.0,-137869.29912256714,-545173.1390614994,0.0,-545173.1390614994,-32921.77328484245,16686.47729687237,0.10457516339869277,,42.85936450285445,34.99182554674105,16.004146345575126,True,True
2026-08-19,24,29700.0,27.0,0.0,27.0,0.0,-3626547.174751739,0.0,-3626547.174751739,-13916108.139948918,0.0,-13916108.139948918,-900970.2053876937,451428.84450774634,0.09450337512054012,,43.197549021429836,34.78425455633823,16.232616762224996,True,True
2026-08-19,24,29800.0,2.0,0.0,2.0,0.0,-253665.84583227267,0.0,-253665.84583227267,-926957.7979647235,0.0,-926957.7979647235,-67286.20135033417,33324.971373540204,0.10822831727205334,,41.87376706991066,34.984925374843236,15.134920110905778,True,True
2026-08-19,24,29850.0,1.0,0.0,1.0,0.0,-123070.23782977395,0.0,-123070.23782977395,-440871.2022050244,0.0,-440871.2022050244,-33549.05173576712,16594.02344069699,0.15104784499802287,,40.28013968575517,34.992712465399414,14.818598885405656,True,True
2026-08-19,24,29900.0,1.0,0.0,1.0,0.0,-119273.07545052237,0.0,-119273.07545052237,-415142.16493683914,0.0,-415142.16493683914,-33538.26457485009,16485.338536213487,0.12806188225182633,,40.67345747586122,34.99294047061992,14.522208709370366,True,True
2026-08-19,24,30100.0,1.0,0.0,1.0,0.0,-103120.10258103868,0.0,-103120.10258103868,-328435.37744879513,0.0,-328435.37744879513,-33113.848281945604,15557.282726215075,0.23152995927865044,,36.384370795937116,34.99391096419541,13.336615223254833,True,True
2026-08-19,24,30200.0,1.0,0.0,1.0,0.0,-94635.69923539335,0.0,-94635.69923539335,-288107.197764422,0.0,-288107.197764422,-32255.0387456371,14928.164858546897,0.25120109814687713,,35.20171444533062,34.99442210173524,12.743804613145434,True,True
2026-08-19,24,30350.0,7.0,0.0,6.0,0.0,-576452.0441973653,0.0,-576452.0441973653,-1641677.7088157348,0.0,-1641677.7088157348,-213287.72035411902,97625.09898391285,0.34458259325044405,,31.588169075963464,34.9657154914404,11.965123958067357,True,True
2026-08-19,24,30500.0,85.0,0.0,1.0,0.0,-6054374.528418667,0.0,-6054374.528418667,-16272280.527250102,0.0,-16272280.527250102,-2401877.1018274007,1075288.3483255077,0.44925883694412777,,28.555974375845373,34.639820788556534,12.480965393885738,True,False
2026-08-19,24,31400.0,1.0,0.0,1.0,0.0,-23317.99974714915,0.0,-23317.99974714915,-48288.41433746722,0.0,-48288.41433746722,-13447.532781423992,5665.960531069347,1.9777777777777774,,5.6274811750206615,34.99892341851072,5.631113967878072,True,False
2026-08-19,24,31500.0,1.0,0.0,1.0,0.0,-21440.41902035365,0.0,-21440.41902035365,-44490.12879067982,0.0,-44490.12879067982,-12713.670093550598,5441.580121658073,1.9879879879879878,,5.034958990460971,34.99906163623848,5.038527955347081,True,False
2026-08-19,24,31600.0,1.0,0.0,1.0,0.0,-19845.4096077848,0.0,-19845.4096077848,-41335.5937168335,0.0,-41335.5937168335,-12079.951944597957,5258.6861277109,1.9871382636655948,,4.442436805901282,34.99918225350852,4.4459515487699015,True,False
2026-08-20,25,20000.0,0.0,2.0,0.0,2.0,0.0,-8192.739349734988,-8192.739349734988,0.0,44633.681271217225,44633.681271217225,4978.319421376683,-5386.410992500095,,1.5105485232067513,0.025560920193126953,64.99917654509275,0.03151963517254172,True,False
2026-08-20,25,25000.0,0.0,1.0,0.0,2.0,0.0,-49579.7597813817,-49579.7597813817,0.0,258630.34427469588,258630.34427469588,16033.331954011981,-10988.362594222013,,0.1643721318314559,31.545495978408645,64.99699245831987,6.481185489350009,True,True
2026-08-20,25,25200.0,0.0,4.0,0.0,4.0,0.0,-219662.18055334422,-219662.18055334422,0.0,1156223.9667120234,1156223.9667120234,67420.02494312104,-45432.7592440108,,0.13492359299291837,33.65233789297384,64.98691912797449,7.718873462462781,True,True
2026-08-20,25,25500.0,0.0,1.0,0.0,1.0,0.0,-63610.1812434686,-63610.1812434686,0.0,341682.23112160596,341682.23112160596,17869.32477394329,-11764.79068556255,,0.11683848797250869,35.93411621697551,64.9961718733503,9.444273373445323,True,True
2026-08-20,25,25600.0,0.0,2.0,0.0,1.0,0.0,-133476.45196289732,-133476.45196289732,0.0,722721.8429263518,722721.8429263518,36514.457843532255,-23666.22955921301,,0.1094761624484991,36.76028862735205,64.99203861214261,10.054791209873352,True,True
2026-08-20,25,25800.0,0.0,1.0,0.0,1.0,0.0,-73459.71598462366,-73459.71598462366,0.0,405129.03164412326,405129.03164412326,18900.713858858573,-11909.12932218483,,0.10361884925800575,38.10827193208967,64.99559279091683,11.222174760035603,True,True
2026-08-20,25,26200.0,0.0,3.0,0.0,6.0,0.0,-265246.1682936254,-265246.1682936254,0.0,1521201.0703983495,1521201.0703983495,58190.32810373045,-34964.501008282175,,0.1523341523341524,39.04246249823716,64.98421040857362,13.630024364023319,True,True
2026-08-20,25,26400.0,1.0,0.0,1.0,0.0,-96103.84268438602,0.0,-96103.84268438602,-2243743.465137288,0.0,-2243743.465137288,18815.945820806002,-11184.273617514047,0.24565798665478275,,37.4022309175445,34.994289382053395,14.77807764983158,True,True
2026-08-20,25,26500.0,1.0,1.0,1.0,1.0,-100043.9901238892,-100384.64736282222,-200428.63748671144,-2213172.2327025887,595265.3650491162,-1617906.8676534723,37420.38441399906,-21848.7041509424,0.2558209554395824,0.1356223175965665,39.50562406630199,34.98808559306896,15.389766896710757,True,True
2026-08-20,25,27000.0,0.0,4.0,0.0,4.0,0.0,-487428.5727153974,-487428.5727153974,0.0,3096292.62354412,3096292.62354412,67927.6846822013,-35456.666996899694,,0.1033730922149545,45.26425223838717,64.97099759556042,18.39337544806069,True,True
2026-08-20,25,27200.0,0.0,4.0,0.0,4.0,0.0,-520753.49924422434,-520753.49924422434,0.0,3436225.569781042,3436225.569781042,59920.06287624049,-29952.59549574126,,0.10702947845804998,46.33960502021369,64.9690155452474,19.579552691215117,True,True
2026-08-20,25,27500.0,0.0,1.0,0.0,2.0,0.0,-142281.00036120103,-142281.00036120103,0.0,994138.7895865499,994138.7895865499,11443.261046306547,-5049.187463084896,,0.10177244139508285,48.23654130549208,64.99152048813916,21.297391462982258,True,True
2026-08-20,25,28650.0,4.0,0.0,4.0,0.0,-678410.154937096,0.0,-678410.154937096,-4687941.893747401,0.0,-4687941.893747401,-48869.47150345787,32378.34266125823,0.07189723685426481,,49.80326552507387,34.959643975328454,21.994605453601814,True,True
2026-08-20,25,29700.0,1.0,0.0,1.0,0.0,-134025.8267559525,0.0,-134025.8267559525,-536871.7770966488,0.0,-536871.7770966488,-33050.50425042089,16064.752900278236,0.10169491525423727,,42.64951085490827,34.992054623771224,15.707754595241324,True,True
2026-08-20,25,29850.0,6.0,0.0,6.0,0.0,-740393.2730861206,0.0,-740393.2730861206,-2761454.379827268,0.0,-2761454.379827268,-201342.1108653028,96113.12383499804,0.13528336380255943,,40.81697642210188,34.955958776642746,14.917687466941068,True,True
2026-08-20,25,30100.0,3.0,0.0,3.0,0.0,-313954.0076149318,0.0,-313954.0076149318,-1042154.2596841317,0.0,-1042154.2596841317,-100118.27399909713,45637.24522522121,0.2047745358090187,,37.21259442021919,34.981336989700665,13.375023603248332,True,True
2026-08-20,25,30200.0,1.0,0.0,1.0,0.0,-96557.462773536,0.0,-96557.462773536,-306665.2193886934,0.0,-306665.2193886934,-32703.402576249588,14654.184690609616,0.23741454319453068,,35.61531109390101,34.994304623651814,12.743869943102334,True,True
2026-08-20,25,30500.0,1.0,0.0,1.0,0.0,-73812.12224395192,0.0,-73812.12224395192,-207439.839295232,0.0,-207439.839295232,-29145.285755216588,12726.991040439707,0.38220424671385234,,29.494053434642296,34.995681160877105,10.96553016624206,True,False
2026-08-20,25,31200.0,1.0,0.0,1.0,0.0,-32611.951813194566,0.0,-32611.951813194566,-72980.94637524114,0.0,-72980.94637524114,-17163.861040889697,6964.844474895645,1.1724137931034482,,6.81252554414004,34.99826541622128,6.816474282989694,True,False
2026-08-20,25,31400.0,1.0,0.0,1.0,0.0,-25232.53936099969,0.0,-25232.53936099969,-54230.56719160682,0.0,-54230.56719160682,-14355.517943381356,5810.637094751802,1.6172248803827751,,5.6274811750206615,34.998775485433946,5.63117905225915,True,False
2026-08-20,25,35000.0,2.0,0.0,2.0,0.0,-6912.884318110595,0.0,-6912.884318110595,-18580.576752321187,0.0,-18580.576752321187,-5417.537417772578,3185.294899575932,2.0,,0.025560920193126953,35.00039599754763,0.031476126763522703,True,False
2026-08-21,26,5000.0,0.0,11.0,0.0,9.0,0.0,-545.3248860424917,-545.3248860424917,0.0,8356.566679939267,8356.566679939267,492.2440389255212,-1820.3810254929176,,2.0,0.14058506106219823,64.99817277736217,0.17184472395022116,True,False
2026-08-21,26,7000.0,0.0,36.0,0.0,58.0,0.0,-6910.902704662185,-6910.902704662185,0.0,104977.19304450748,104977.19304450748,5110.118001343827,-17316.61264874802,,2.0,0.4600965634762852,64.99944597742429,0.5625751789672849,True,False
2026-08-21,26,8000.0,0.0,5.0,0.0,1.0,0.0,-421.325223321325,-421.325223321325,0.0,4753.796754145984,4753.796754145984,390.85927387952273,-1044.7095978888092,,2.0,0.06390230048281738,64.99682022601105,0.07811713456568116,True,False
2026-08-21,26,9000.0,0.0,4.0,0.0,8.0,0.0,-674.8662877257888,-674.8662877257888,0.0,7708.318293577065,7708.318293577065,610.7655481112779,-1606.8094432855198,,2.0,0.051121840386253906,64.99801415427604,0.06250519130186405,True,False
2026-08-21,26,10000.0,0.0,82.0,0.0,16.0,0.0,-19565.34976388032,-19565.34976388032,0.0,212372.27152477734,212372.27152477734,16208.962764602746,-39389.15818734484,,2.0,1.0479977279182051,64.99876540955884,1.2815512319480753,True,False
2026-08-21,26,11000.0,0.0,43.0,0.0,1.0,0.0,-2146.701349538734,-2146.701349538734,0.0,15625.727003995025,15625.727003995025,2684.157951891002,-4856.812730550018,,2.0,0.5495597841522295,64.99891239692008,0.6717571573021175,True,False
2026-08-21,26,12000.0,0.0,21.0,0.0,8.0,0.0,-7305.508164719804,-7305.508164719804,0.0,67107.34317144883,67107.34317144883,5900.258157487943,-11912.685389720706,,2.0,0.268389662027833,64.99934186965972,0.328280158395215,True,False
2026-08-21,26,13000.0,0.0,27.0,0.0,12.0,0.0,-11703.418730829279,-11703.418730829279,0.0,99447.44450883026,99447.44450883026,9236.783153151155,-17055.682999113862,,2.0,0.3450724226072138,64.99915292127386,0.42215303850339225,True,False
2026-08-21,26,14000.0,0.0,46.0,0.0,46.0,0.0,-25862.273360112325,-25862.273360112325,0.0,204682.39059420655,204682.39059420655,19846.9932592789,-33686.78135734453,,1.9444444444444446,0.58790116444192,64.99838814640854,0.719425050324046,True,False
2026-08-21,26,15000.0,0.0,26.0,0.0,58.0,0.0,-18702.224367312494,-18702.224367312494,0.0,137156.71648819203,137156.71648819203,14155.199387542658,-22029.469066217953,,1.9745222929936306,0.33229196251065035,64.99877802486397,0.40677039912375884,True,False
2026-08-21,26,16000.0,0.0,54.0,0.0,4.0,0.0,-50606.57606139446,-50606.57606139446,0.0,344520.5657688853,344520.5657688853,38216.80151988758,-54671.73600336287,,1.9771428571428569,0.6901448452144276,64.99694583107666,0.8452307265358064,True,False
2026-08-21,26,17000.0,0.0,35.0,0.0,22.0,0.0,-43121.8494390344,-43121.8494390344,0.0,272568.26040955517,272568.26040955517,33119.415183561134,-43628.8776581286,,1.979695431472081,0.44731610337972166,64.99737961088445,0.5481856003264096,True,False
2026-08-21,26,18000.0,0.0,34.0,0.0,31.0,0.0,-56465.11939397097,-56465.11939397097,0.0,332561.47217926395,332561.47217926395,41510.71416654974,-49628.33059929014,,1.9825327510917028,0.4345356432831582,64.99659573544696,0.5330186397086307,True,False
2026-08-21,26,19000.0,0.0,51.0,0.0,1.0,0.0,-130257.99713067504,-130257.99713067504,0.0,734708.8518090259,734708.8518090259,85706.1411586762,-93753.00830765374,,1.4500000000000002,0.6518034649247373,64.99223041950866,0.8010767732202184,True,False
2026-08-21,26,19500.0,0.0,77.0,0.0,1.0,0.0,-247146.32673125458,-247146.32673125458,0.0,1365689.1184110758,1365689.1184110758,156558.40790722112,-164734.09782149023,,1.2291666666666667,0.9840954274353877,64.98528606143445,1.2111849888317179,True,False
2026-08-21,26,20000.0,0.0,25.0,0.0,1.0,0.0,-101372.1796665442,-101372.1796665442,0.0,550364.4258678359,550364.4258678359,62983.54426121102,-64143.66985342345,,1.0214592274678114,0.31951150241408693,64.99394202412161,0.39396018494003826,True,False
2026-08-21,26,20500.0,0.0,33.0,0.0,8.0,0.0,-168188.1357339086,-168188.1357339086,0.0,899572.9692017273,899572.9692017273,104136.42892007253,-103058.3359767546,,0.8551236749116609,4.768044935836768,64.98997766344212,0.5211960783697869,True,False
2026-08-21,26,21000.0,0.0,70.0,0.0,2.0,0.0,-452240.3385303276,-452240.3385303276,0.0,2389020.5872435803,2389020.5872435803,260674.68142767905,-244912.8227258761,,0.7126436781609197,9.515321861931854,64.97308954073463,1.1088131812710205,True,False
2026-08-21,26,21200.0,0.0,2.0,0.0,2.0,0.0,-14196.487065528658,-14196.487065528658,0.0,74469.06951583867,74469.06951583867,7983.741420884011,-7348.602569825269,,0.6382978723404255,10.876624749980362,64.99895401513588,0.03172373134344495,True,False
2026-08-21,26,21400.0,0.0,9.0,0.0,1.0,0.0,-70409.8166325561,-70409.8166325561,0.0,367000.475172648,367000.475172648,38666.1666322106,-34906.952831813214,,0.588235294117647,12.467965317339662,64.995770385525,0.14297862832201166,True,False
2026-08-21,26,21500.0,0.0,40.0,0.0,10.0,0.0,-331433.8143119647,-331433.8143119647,0.0,1728735.476899526,1728735.476899526,179416.01358435492,-160843.55634232264,,0.5740740740740741,13.288996181640316,64.98027403032489,0.636089518077,True,False
2026-08-21,26,21600.0,0.0,6.0,0.0,2.0,0.0,-52022.53336593863,-52022.53336593863,0.0,270015.05238229287,270015.05238229287,27906.899251711628,-24765.40716043954,,0.5324384787472036,14.10352839816327,64.9968495809014,0.0954918693819247,True,False
2026-08-21,26,21800.0,0.0,28.0,0.0,4.0,0.0,-267162.1672923168,-267162.1672923168,0.0,1376057.7317412596,1376057.7317412596,140711.5013022624,-122599.52353097034,,0.5010351966873705,15.32679698208266,64.98409538401204,0.4464578685499516,True,False
2026-08-21,26,22000.0,0.0,106.0,0.0,4.0,0.0,-1113076.7071414383,-1113076.7071414383,0.0,5689520.442724904,5689520.442724904,576890.5294205995,-493923.42559049814,,0.421455938697318,18.71105060931619,64.9337794388621,1.6936184221871982,True,False
2026-08-21,26,22200.0,0.0,6.0,0.0,2.0,0.0,-69885.63974579147,-69885.63974579147,0.0,356204.13280332164,356204.13280332164,35649.8993013382,-30128.91272067405,,0.445993031358885,16.69689181981283,64.99580033047852,0.09609912201563783,True,False
2026-08-21,26,22300.0,1.0,16.0,1.0,6.0,-10408.83531174906,-195881.48256887187,-206290.31788062092,-2764258.1938093305,996351.7767553434,-1767906.417053987,104805.21073485559,-87714.35849527191,0.10452926294770148,0.43333333333333335,22.149328877426054,34.9877360898561,0.2725623567847802,True,True
2026-08-21,26,22400.0,0.0,72.0,0.0,63.0,0.0,-926695.9496823366,-926695.9496823366,0.0,4706479.1787492735,4706479.1787492735,466905.6661686858,-389743.34267950774,,0.3630573248407644,20.028473381729636,64.94486684546101,1.1561833270369457,True,False
2026-08-21,26,22500.0,1.0,54.0,1.0,1.0,-11778.58699540004,-725331.634118275,-737110.221113675,-2757732.70661389,3662416.1312270607,904683.4246131708,370150.6047043394,-305881.3294441265,0.10809154960395606,0.32457496136012365,24.212927640849795,64.95613207604322,0.8841888393360232,True,True
2026-08-21,26,22600.0,0.0,1.0,0.0,4.0,0.0,-14247.96761238983,-14247.96761238983,0.0,72344.74904924737,72344.74904924737,7090.007668585742,-5860.136432349856,,0.37806637806637805,18.670789118105226,64.998945038033,0.016104919073821215,True,False
2026-08-21,26,22700.0,0.0,2.0,0.0,1.0,0.0,-30061.87976362277,-30061.87976362277,0.0,152955.94639063283,152955.94639063283,14693.591905770532,-12009.55425171073,,0.34652114597544337,19.629926540929826,64.99811352518579,0.03226307211071918,True,True
2026-08-21,26,22800.0,0.0,23.0,0.0,2.0,0.0,-363039.2290864059,-363039.2290864059,0.0,1844148.0589437902,1844148.0589437902,174836.82936823298,-141115.92676675878,,0.30287206266318545,21.207788702325395,64.9783943390741,0.3716143778788512,True,True
2026-08-21,26,22900.0,2.0,8.0,2.0,2.0,-30755.36308301375,-133042.7953987372,-163798.15848175093,-5477772.782575467,676008.1251959787,-4801764.6573794875,78285.59367565587,-62162.75399148582,0.11600928074245939,0.28784119106699757,24.070047523823774,34.99025862550971,0.1617739081688363,True,True
2026-08-21,26,23000.0,4.0,54.0,2.0,1.0,-65142.531017645364,-945536.0953029362,-1010678.6263205815,-10937112.99219411,4801672.2554031415,-6135440.736790969,472731.8709197608,-372312.7589492348,0.11825271518109175,0.2742316784869977,24.854000780579337,34.93987627313226,0.9403504281224403,True,True
2026-08-21,26,23100.0,2.0,4.0,1.0,1.0,-38824.40191239999,-73560.57207730989,-112384.97398970988,-5420917.304822655,372551.8771750526,-5048365.427647603,51165.96110728881,-40189.08478788359,0.12512888352819873,0.2857142857142858,23.91403522194211,34.99331708905554,0.09754387815725621,True,True
2026-08-21,26,23200.0,10.0,7.0,5.0,5.0,-197017.9166515762,-136104.50047520385,-333122.41712678,-27118563.397096153,690658.3358091613,-26427905.061286993,149974.15967729577,-116176.33773181133,0.12938502912602085,0.2569593147751606,24.422102663123855,34.980182818278735,0.27687398795736645,True,True
2026-08-21,26,23300.0,2.0,10.0,2.0,10.0,-38159.29503417331,-204824.75454159649,-242984.0495757698,-5442183.651882638,1038472.1038151872,-4403711.5480674505,108942.1699314701,-82811.7501302789,0.12492776251356028,0.253061224489796,24.48353071610842,34.98554806868455,0.19570694095854374,True,True
2026-08-21,26,23400.0,0.0,3.0,0.0,2.0,0.0,-64852.6370713855,-64852.6370713855,0.0,328987.3010201228,328987.3010201228,28441.88854481186,-21523.631971012175,,0.23814133591481118,22.894101302845353,64.99609626453068,0.04906633910236953,True,True
2026-08-21,26,23500.0,3.0,33.0,3.0,17.0,-61908.798397811785,-752350.8458859647,-814259.6442837765,-8147951.021950917,3816799.2268093773,-4331151.7951415405,353289.8775499091,-263918.15970379184,0.13195867576532236,0.22999080036798528,25.030854421476672,34.951562431791174,0.5900208336716574,True,True
2026-08-21,26,23600.0,1.0,10.0,1.0,2.0,-22720.401107462243,-239869.46581499517,-262589.8669224574,-2702851.6008001072,1214720.758047966,-1488130.8427521412,112202.59958390503,-83075.07764271164,0.1328276515967764,0.23746701846965698,24.5861650100657,34.98438837468311,0.18075287435351511,True,True
2026-08-21,26,23700.0,0.0,66.0,0.0,4.0,0.0,-1671344.6711061778,-1671344.6711061778,0.0,8476404.879673952,8476404.879673952,701220.7367084994,-516702.1455154906,,0.20815986677768528,24.59871436304263,64.90056844725073,1.0877741333883015,True,True
2026-08-21,26,23800.0,5.0,21.0,5.0,1.0,-125287.54323367962,-561976.3183143863,-687263.8615480659,-13464017.318173444,2859056.51946107,-10604960.798712373,285702.0429051473,-207687.6193979505,0.1412646096043737,0.19780219780219782,25.24628985141208,34.95911547517085,0.4294980147100089,True,True
2026-08-21,26,23900.0,5.0,86.0,5.0,1.0,-131621.96395569437,-2418840.824161093,-2550462.7881167876,-13436957.848848691,12287088.038592251,-1149869.8102564402,1040978.1379717476,-754261.8252409546,0.14377401025971345,0.18618618618618618,26.213618922098785,34.848283742011176,1.5081736317808176,True,True
2026-08-21,26,24000.0,7.0,120.0,1.0,6.0,-197741.9014145621,-3563494.363167471,-3761236.264582033,-18733252.27565432,18178775.270369068,-554477.0052852519,1509145.5200204677,-1089590.5590108999,0.14784857747472366,0.19081272084805653,27.081856585080722,34.77626775700144,2.650331499423752,True,True
2026-08-21,26,24100.0,0.0,11.0,0.0,6.0,0.0,-343845.0332862269,-343845.0332862269,0.0,1758090.8536362294,1758090.8536362294,135610.8071491123,-97641.09690255474,,0.16744809109176154,26.248322140527904,64.97953582073362,1.314694939269216,True,True
2026-08-21,26,24200.0,0.0,8.0,0.0,2.0,0.0,-262326.56697775394,-262326.56697775394,0.0,1339992.9274578148,1339992.9274578148,101982.46614151623,-72666.54396901907,,0.1794871794871795,26.441330292935366,64.9843827647987,1.8575842332834662,True,True
2026-08-21,26,24300.0,8.0,19.0,1.0,2.0,-267656.8635830741,-657004.5102862479,-924661.373869322,-21188127.73667174,3375572.6782670086,-17812555.05840473,355245.3431644272,-248340.09302595994,0.1583452031311056,0.15421686746987964,27.972865544930364,34.944991913386026,2.7694130380768653,True,True
2026-08-21,26,24400.0,1.0,104.0,2.0,8.0,-35325.67599990978,-3792794.1406248733,-3828119.816624783,-2638366.5206730952,19594817.927379806,16956451.40670671,1428559.7965546707,-993179.3424546578,0.1622543068936127,0.1325779036827194,29.828211517391807,64.7722608578283,4.679041558796235,True,True
2026-08-21,26,24500.0,3.0,110.0,1.0,3.0,-111955.22034581516,-4223285.363211295,-4335240.583557109,-7882369.485034965,21875202.479194004,13992832.99415904,1587353.5449388872,-1088874.4749791077,0.16637102538984935,0.12244897959183665,30.61316046664369,64.74209160435868,5.413767708427226,True,True
2026-08-21,26,24600.0,2.0,27.0,1.0,14.0,-78869.94030689307,-1092704.046334641,-1171573.9866415341,-5231570.722386179,5684277.783628426,452707.061242247,420423.2703242733,-284807.7372173923,0.1706558779206321,0.11860111505321846,30.12556918320958,64.93026888609124,4.586614460011282,True,True
2026-08-21,26,24700.0,1.0,8.0,1.0,2.0,-41673.710078937926,-340220.3387746609,-381894.0488535988,-2603356.950160895,1768293.2326361882,-835063.7175247069,134631.39752603133,-89862.5550103092,0.17517658368046374,0.13669413475521094,30.123276283910638,34.97729874556477,4.839880390418819,True,True
2026-08-21,26,24800.0,6.0,20.0,1.0,4.0,-280440.4306741484,-898584.4024907514,-1179024.8331648996,-15278462.156130116,4711191.765898485,-10567270.390231632,398600.12538818346,-268138.46148422966,0.18036038077969171,0.10593028519692171,31.316767076997827,34.92986018200847,5.7250504321076745,True,True
2026-08-21,26,24900.0,0.0,146.0,0.0,1.0,0.0,-6905254.262233719,-6905254.262233719,0.0,36313509.337744765,36313509.337744765,2313664.6757968254,-1519669.8626973869,,0.09352209352209358,34.93164165713153,64.58919986044086,8.386702091223011,True,True
2026-08-21,26,25000.0,13.0,49.0,2.0,10.0,-640833.9522482146,-2440407.337885178,-3081241.290133393,-33257738.836919863,12895559.94900859,-20362178.887911275,1010494.6834850144,-655654.7968620864,0.14001237978773187,0.08829485621709199,33.83165945917033,34.8166949478841,7.537100503365603,True,True
2026-08-21,26,25100.0,4.0,68.0,2.0,2.0,-207883.95127532334,-3559933.0157435946,-3767816.967018918,-10171021.137254545,18851335.998594586,8680314.86134004,1203164.6392001207,-774746.0963275878,0.14408845956733085,0.10550635348479007,34.232672588986205,64.77584748463369,8.309168310495089,True,True
2026-08-21,26,25200.0,4.0,13.0,1.0,4.0,-221007.7008686942,-716668.8640544567,-937676.5649231509,-10060551.99701157,3832529.340673591,-6228022.656337979,289737.90671732096,-186219.58234480192,0.1537235399132875,0.08495320374370058,34.2860405091619,34.94421919444383,7.9463495244592135,True,True
2026-08-21,26,25300.0,0.0,9.0,0.0,2.0,0.0,-521156.1149108648,-521156.1149108648,0.0,2804973.2644319893,2804973.2644319893,156509.13322643164,-99874.98854729292,,0.07945670628183354,35.97276897934889,64.96899061089363,8.399747683119156,True,True
2026-08-21,26,25400.0,1.0,62.0,1.0,11.0,-60828.49402591846,-3765828.986060062,-3826657.4800859806,-2480492.1927140197,20395649.64826472,17915157.4555507,1113671.376164738,-706926.9326316769,0.16302011946460898,0.06737247353224254,36.183248302625245,64.7723479008707,9.948150074272485,True,True
2026-08-21,26,25500.0,10.0,466.0,1.0,4.0,-635210.4206452816,-29664387.01001707,-30299597.430662353,-24721515.011517208,161428342.8704671,136706827.8589499,8616181.881293628,-5374725.809525799,0.16248205343698569,0.07425441265976881,41.958942410567104,63.19744985162791,17.89190666352375,True,True
2026-08-21,26,25600.0,1.0,124.0,1.0,7.0,-66654.62469885596,-8280611.735394527,-8347266.360093383,-2452204.7763014324,45547928.14158154,43095723.36528011,2306480.586021062,-1419161.1065923108,0.16785669094918737,0.05818596691386205,38.22593022473859,64.50341334136286,12.255346479187155,True,True
2026-08-21,26,25700.0,0.0,5.0,0.0,4.0,0.0,-350079.97013974737,-350079.97013974737,0.0,1938387.784923801,1938387.784923801,94033.07754786291,-56962.26777212715,,0.07175613703803621,38.52275295451532,64.97916569237857,10.701538473580959,True,True
2026-08-21,26,25800.0,5.0,37.0,4.0,6.0,-366911.9619109061,-2716241.718682136,-3083153.680593042,-12035762.280696344,15202756.696472267,3166994.415775923,801758.9258490073,-479180.08532010386,0.17869415807560143,0.05873417721518999,38.17941124442707,64.81657570506209,11.96493174435926,True,True
2026-08-21,26,25900.0,0.0,3.0,0.0,1.0,0.0,-230798.60166043084,-230798.60166043084,0.0,1299075.917842931,1299075.917842931,58039.72836152157,-34194.066411226755,,0.06916426512968303,39.75999256069217,64.9862580389572,11.851286772389358,True,True
2026-08-21,26,26000.0,25.0,353.0,1.0,84.0,-2014408.043528395,-28442924.256940197,-30457332.300468594,-58865772.64826364,161789722.7838691,102923950.13560545,7366720.662580507,-4290515.863424358,0.14266520597780025,0.0650406504065041,44.10452738958908,63.188066027715706,19.32906464149105,True,True
2026-08-21,26,26100.0,0.0,31.0,0.0,1.0,0.0,-2613434.4847425814,-2613434.4847425814,0.0,15037016.2402612,15037016.2402612,605458.7445264818,-349059.243566399,,0.05432937181663842,41.74793661190667,64.84452345720878,13.554704104675896,True,True
2026-08-21,26,26200.0,18.0,204.0,1.0,103.0,-1586622.5054788578,-17982033.848716713,-19568656.354195572,-41422383.70678853,104355357.34096307,62932973.63417453,4336160.662439505,-2470702.6165636354,0.1536887069502537,0.05739514348785876,43.24515007283744,63.835842965566044,17.70714298241205,True,True
2026-08-21,26,26300.0,0.0,2.0,0.0,2.0,0.0,-184029.42945558723,-184029.42945558723,0.0,1080408.1731403007,1080408.1731403007,38749.60432484912,-21879.8324607352,,0.047619047619047485,42.76365736415343,64.98903804169994,14.204165039881461,True,True
2026-08-21,26,26400.0,4.0,120.0,1.0,5.0,-384151.7134441312,-11523307.653462557,-11907459.366906688,-8980373.746356962,68148660.33996747,59168286.59361051,2380653.5315382434,-1328109.8587767167,0.16406701328711726,0.0599318141037143,42.98398469820282,64.29161438291332,17.10093142360884,True,True
2026-08-21,26,26500.0,4.0,132.0,2.0,6.0,-399308.45417602034,-13182767.600098334,-13582076.054274354,-8850178.902602494,79166514.64894949,70316335.746347,2574737.3785559386,-1418400.6096866452,0.1729854259528222,0.059585928294899816,43.60128450106791,64.19198998481275,17.937828606704638,True,True
2026-08-21,26,26600.0,4.0,52.0,1.0,3.0,-415370.81168970733,-5402613.48476007,-5817984.296449778,-8720847.790162286,32865563.999037873,24144716.20887559,1053584.0605744615,-568080.7571344961,0.1804699738903395,0.05714285714285714,43.0957477261204,64.65388231093951,17.016767098868225,True,True
2026-08-21,26,26700.0,0.0,53.0,0.0,1.0,0.0,-5725236.36406155,-5725236.36406155,0.0,35306322.1424319,35306322.1424319,984336.3502453614,-519561.8722618934,,0.054782218230803814,45.57065444896424,64.65940016444763,17.55927464948874,True,True
2026-08-21,26,26800.0,10.0,384.0,1.0,2.0,-1121664.6861052532,-43094629.17285905,-44216293.8589643,-21102706.21155086,269600519.44013745,248497813.22858658,7165125.5288579585,-3703176.3259229367,0.09551490283239294,0.05222300635144672,49.948711435618584,62.36953323503015,24.7869041885905,True,True
2026-08-21,26,26900.0,0.0,197.0,0.0,1.0,0.0,-22947272.34726422,-22947272.34726422,0.0,145715469.37351274,145715469.37351274,3476739.106819602,-1758999.0588884798,,0.050326188257222675,48.72976597119619,63.634846226253,21.579139572807502,True,True
2026-08-21,26,27000.0,13.0,201.0,1.0,89.0,-1568418.5101343729,-24292876.569795467,-25861295.07992984,-26432983.641965654,156433766.18199077,130000782.54002512,3633521.482996362,-1796758.6867405397,0.10466424909340993,0.04356036761928746,48.82597237442368,63.46148840595708,22.536272921638396,True,True
2026-08-21,26,27100.0,1.0,19.0,1.0,11.0,-124878.05679814142,-2374861.779969736,-2499739.8367678775,-1992597.9798234543,15573647.673009431,13581049.693185978,321233.18703173887,-155464.29460462512,0.1092842374716944,0.0459715639810426,46.833617529149464,64.85128714614146,19.304234738316097,True,True
2026-08-21,26,27200.0,3.0,18.0,3.0,3.0,-385036.4197449987,-2325109.88763056,-2710146.3073755587,-5842983.570822889,15511001.053220727,9668017.482397838,314501.14395632606,-148646.18275418034,0.02097156805445732,0.04450408140445049,48.78562245371315,64.83876943077134,19.919530209983485,True,True
2026-08-21,26,27300.0,0.0,18.0,0.0,2.0,0.0,-2403871.853945249,-2403871.853945249,0.0,16269417.041764354,16269417.041764354,249713.67109083186,-114275.66092478219,,0.044538706256627786,48.98577681216793,64.85699060033296,20.454778970362643,True,True
2026-08-21,26,27350.0,0.0,1.0,0.0,2.0,0.0,-135218.9080724998,-135218.9080724998,0.0,926902.1516003086,926902.1516003086,13136.024184733456,-5928.57350942452,,0.04328649092214591,49.10233654284065,64.99193952380038,20.40836811176536,True,True
2026-08-21,26,27400.0,7.0,80.0,2.0,3.0,-953663.0352468699,-10962911.118900774,-11916574.154147644,-13025579.143049654,75975200.10885765,62949620.96580799,1095545.4969515293,-482663.1639258621,0.02100439182738209,0.03940298507462678,50.8902012775592,64.29107215133033,22.448502317937503,True,True
2026-08-21,26,27450.0,1.0,4.0,1.0,2.0,-138128.95387269536,-557293.7144368002,-695422.6683094956,-1837944.7590985005,3886617.3397330963,2048672.5806345958,60391.152463988205,-25835.45345010718,0.021427730465837253,0.047984458474987945,50.00339246133859,64.95862136424678,21.08241655749372,True,True
2026-08-21,26,27500.0,35.0,389.0,5.0,1.0,-4900734.997138855,-54853446.596658796,-59754181.593797654,-63511806.7305868,387348595.7735303,323836789.0429435,4860517.873752806,-2016439.9189445432,0.021628601404244982,0.04160783206250592,55.747302666189654,61.445170468312554,29.93138365400746,True,True
2026-08-21,26,27550.0,3.0,6.0,3.0,10.0,-425735.0185674913,-857389.3138550567,-1283124.332422548,-5372530.6040629195,6118581.188939951,746050.5848770319,96918.67792301642,-38871.84372406445,0.021587512454334108,0.04098810612991782,50.74958504163314,64.92364568475199,21.757399788818446,True,True
2026-08-21,26,27600.0,18.0,52.0,7.0,1.0,-2587192.8472212735,-7536830.852132834,-10124023.699354107,-31796727.60861177,54282227.424564086,22485499.815952316,707289.9631809331,-271808.3506372961,0.02195924296150728,0.036888532477947156,51.88137184697532,64.39771214567901,23.307059742610186,True,True
2026-08-21,26,27650.0,1.0,0.0,1.0,0.0,-145562.0862664861,0.0,-145562.0862664861,-1741748.132945893,0.0,-1741748.132945893,9220.672726466952,-3391.091024992812,0.02208632143957051,,51.51590818099698,34.99134899386998,22.186286279663467,True,True
2026-08-21,26,27700.0,6.0,329.0,2.0,41.0,-883870.0514998027,-48880511.822106846,-49764381.87360665,-10299009.851562578,360022284.8505281,349723274.99896556,2882054.0100376294,-989191.7872147309,0.022661348803480783,0.03587368421052624,55.86540709350605,62.039472554893415,29.386596784472367,True,True
2026-08-21,26,27750.0,2.0,0.0,2.0,0.0,-298055.17054971465,0.0,-298055.17054971465,-3381745.610542472,0.0,-3381745.610542472,15199.523560079653,-4848.157447815095,0.02298421003456966,,52.094274167803256,34.98227286800748,22.799612997653583,True,True
2026-08-21,26,27800.0,12.0,109.0,5.0,7.0,-1808583.0985684497,-16548244.118089778,-18356827.216658227,-19978809.679397453,124978879.55195652,105000069.87255907,827615.9694024326,-235051.03452777772,0.02332080562783083,0.03830565048080747,53.67653947098168,63.907935855812,25.568625256285742,True,True
2026-08-21,26,27850.0,12.0,32.0,1.0,1.0,-1828018.833737803,-4911141.4058900755,-6739160.239627878,-19662879.394380357,37539286.8023276,17876407.407947246,259514.5864209701,-62380.25931270282,0.02386634844868735,0.02705418566901136,53.14929396569023,64.59908051575836,24.26716284483304,True,True
2026-08-21,26,27900.0,2.0,23.0,5.0,1.0,-307818.89155783644,-3566020.3662986746,-3873839.257856511,-3223917.3879863042,27598552.66443795,24374635.276451647,123968.24247774955,-22223.617554893714,0.024336396775684187,0.02646218613742298,53.20455558420425,64.76954123677287,24.169227254183347,True,True
2026-08-21,26,27950.0,2.0,22.0,1.0,5.0,-310813.5445375389,-3452975.862919297,-3763789.4074568357,-3170142.0775620225,26988965.062836025,23818822.985274002,95800.27937429768,-8407.708436066567,0.02482495225970717,0.03197887633856545,53.39795753111004,64.77608818603304,24.44612666205415,True,True
2026-08-21,26,28000.0,129.0,1396.0,9.0,1.0,-20232536.498479586,-221109507.36216617,-241342043.86064574,-200977789.66254953,1750802002.28826,1549824212.6257105,4522981.2231896315,308535.29756994214,0.025335892514395292,0.03096240279660419,72.88527222764077,50.64234684050731,56.26527580738417,True,True
2026-08-21,26,28025.0,1.0,1.0,1.0,1.0,-157529.07101808244,-159094.57193212552,-316623.6429502079,-1544344.9699063045,1267909.619583076,-276435.3503232284,4825.332750660971,970.7123295137831,0.025655326268823202,0.03124560168895151,53.559722557012876,34.98121803950683,24.42968023659949,True,True
2026-08-21,26,28050.0,6.0,15.0,14.0,2.0,-949197.6785451785,-2396757.787986017,-3345955.466531195,-9184105.28189863,19225548.11751452,10041442.83561589,40012.81400281542,16015.615598392,0.02598286719237531,0.030961471711211323,53.95003068080033,64.80094463528346,24.9775829805614,True,True
2026-08-21,26,28075.0,0.0,2.0,0.0,10.0,0.0,-320930.803939196,-320930.803939196,0.0,2591059.6089682505,2591059.6089682505,2787.4546446424224,2083.7780495398274,,0.03054585302376559,53.79312197794638,64.9809017514892,24.726087749932805,True,True
2026-08-21,26,28100.0,6.0,16.0,4.0,5.0,-956984.6526696869,-2577408.2437109738,-3534392.8963806606,-9019612.91178418,20950280.18779249,11930667.276008312,18586.076887611765,29147.374624075404,0.026547633031833693,0.030399243396608797,54.2590341703039,64.78973456128776,25.295870526919074,True,True
2026-08-21,26,28125.0,0.0,6.0,0.0,2.0,0.0,-971443.2530257402,-971443.2530257402,0.0,7939614.133139848,7939614.133139848,1938.9771821027605,9644.652766476154,,0.026424663018817657,54.26414061076091,64.94220608636398,25.10694512871649,True,True
2026-08-21,26,28150.0,11.0,14.0,5.0,5.0,-1767276.8774497646,-2275337.4367882796,-4042614.3142380444,-16232856.03771631,18721269.16070936,2488413.1229930483,-5545.6959646056985,47270.55444421603,0.027617251657643324,0.025939824873263455,54.3878270675645,64.75949524580098,25.39961361519924,True,True
2026-08-21,26,28200.0,18.0,23.0,6.0,7.0,-2911711.851349238,-3759135.0902896887,-6670846.941638926,-26058564.927523147,31407108.462296035,5348543.534772888,-53548.68661735661,101094.57349139912,0.02837505517371839,0.029182132343530103,54.23605167203455,64.60314256929503,25.442627748900577,True,True
2026-08-21,26,28225.0,1.0,2.0,1.0,3.0,-162273.199200417,-327936.3378736595,-490209.5370740765,-1433499.0827769942,2759751.5994738447,1326252.5166968505,-5591.572472170092,8274.449547926255,0.028896166441918707,0.028791514080060556,53.60030624715425,64.97082568796071,24.490806334277526,True,True
2026-08-21,26,28250.0,23.0,7.0,1.0,1.0,-3743597.709462787,-1151330.913477743,-4894928.62294053,-32641086.324488558,9760458.801802177,-22880627.52268638,-72700.44672678472,91333.12175846199,0.0294329256328079,0.028407675056067724,53.79495432111809,34.70879699194181,24.914168492267123,True,True
2026-08-21,26,28275.0,0.0,12.0,0.0,11.0,0.0,-1979432.5984928606,-1979432.5984928606,0.0,16907321.0481417,16907321.0481417,-36234.32393795842,40237.00285499919,,0.027659966808039827,53.45458549933198,64.88224090446855,24.38575613526412,True,True
2026-08-21,26,28300.0,1.0,214.0,1.0,84.0,-163678.65322867956,-35397519.19042459,-35561197.84365327,-1390190.3077677276,304661361.2460181,303271170.93825036,-775943.460852536,784864.8459141921,0.03096143400325904,0.02717127607957299,55.85869670579315,62.88443261687611,28.550204958663112,True,True
2026-08-21,26,28325.0,10.0,10.0,4.0,4.0,-1640890.6630580456,-1658442.8672392548,-3299333.5302973003,-13755420.934219873,14384701.037926987,629280.1037071142,-83562.18679020938,78724.09735885182,0.03182950456684196,0.02669220180740926,53.21254149645206,64.80369587288068,24.25932930287961,True,True
2026-08-21,26,28350.0,1.0,3.0,2.0,1.0,-164489.08056848345,-498678.3462003721,-663167.4267688555,-1360784.7785001271,4360112.691095757,2999327.91259563,-19172.532219194603,16964.688918179934,0.032023700359737665,0.026572187776793623,52.858810862332916,64.9605425779873,23.771653833866452,True,True
2026-08-21,26,28375.0,0.0,2.0,0.0,2.0,0.0,-333193.9781185967,-333193.9781185967,0.0,2936752.686316299,2936752.686316299,-10841.449361131898,9096.506454997263,,0.026337256729984878,52.77394001614829,64.98017288578907,23.581064783409637,True,True
2026-08-21,26,28400.0,45.0,112.0,15.0,110.0,-7434194.470760057,-18697946.167484708,-26132140.638244763,-59895020.15376726,166149111.3033375,106254091.14957026,-943431.0290762365,759582.7519905204,0.033003300330033,0.02610545684549472,54.51026712924234,63.44537553666682,26.73115129465436,True,True
2026-08-21,26,28425.0,10.0,9.0,11.0,1.0,-1654870.515425321,-1505357.1543720425,-3160227.6697973637,-13160204.42722305,13487832.828111714,327628.40088866465,-125365.55387903049,97419.28371469164,0.03365492483733453,0.025761788571752875,52.593813746273256,64.81194945770892,23.646457680813327,True,True
2026-08-21,26,28450.0,3.0,11.0,5.0,1.0,-497307.0057761805,-1845266.941949492,-2342573.9477256727,-3902830.4371168967,16655342.49437118,12752512.057254283,-101692.5336277342,76185.60611252283,0.034332799267566945,0.022310667638320507,52.42337959719852,64.86063701310775,23.39242835257179,True,True
2026-08-21,26,28475.0,4.0,5.0,3.0,2.0,-664072.5087142739,-839022.8828520939,-1503095.3915663678,-5143231.949134235,7646016.377724854,2502784.428590619,-70589.94249778954,51525.295312984264,0.03487466915771443,0.025310859353412644,52.15821582649719,64.91057352304377,23.137657093576546,True,True
2026-08-21,26,28500.0,36.0,181.0,5.0,1.0,-5986356.523605713,-30415561.365851827,-36401917.88945754,-45739881.159376845,279569633.00825995,233829751.8488831,-1846048.1702830917,1309507.6725680816,0.03512675832472387,0.02508999672739173,54.667952582327636,62.83441741784313,27.424981819563893,True,True
2026-08-21,26,28525.0,4.0,5.0,4.0,1.0,-665882.4748617063,-841170.7267450667,-1507053.2016067728,-5021281.622942561,7799970.524007161,2778688.9010646,-81777.46241433454,56836.273715589996,0.035691109669046074,0.02486946223825163,51.85632908327478,64.91033866449428,22.841530546236406,True,True
2026-08-21,26,28550.0,3499.0,22.0,66.0,3.0,-584621213.2150435,-3704152.148161758,-588325365.3632053,-4336525738.999154,34658936.206970684,-4301866802.792184,-33993768.530888215,23207822.283512026,0.025430067314883995,0.025179282868525946,96.7424427221241,3.4868588016934154e-09,97.50158297487526,True,True
2026-08-21,26,28575.0,4.0,11.0,2.0,8.0,-669226.2352084107,-1854164.283941519,-2523390.5191499298,-4895426.834987818,17500770.227985155,12605343.392997336,-155629.50573277654,103683.91115677494,0.02819772379819946,0.024333962659953898,51.75718403331149,64.84988006048981,22.67354300643256,True,True
2026-08-21,26,28600.0,15.0,8.0,2.0,3.0,-2510675.326072148,-1351133.8002243924,-3861809.1262965407,-18127765.788312476,12855023.426852582,-5272742.361459894,-251761.54695930443,165277.3554732044,0.02931737357966862,0.021556637993574417,51.736162291217724,34.77026038022717,22.695876224759168,True,True
2026-08-21,26,28625.0,2.0,7.0,1.0,1.0,-335070.34025410144,-1181248.1100212727,-1516318.450275374,-2385925.3511170843,11354317.01360061,8968391.662483526,-104567.21434087628,67390.89732859204,0.028378857750975525,0.024015124418782893,51.386305744778184,64.90979119228544,22.249323331902854,True,True
2026-08-21,26,28650.0,20.0,38.0,11.0,82.0,-3349493.3110619253,-6412884.254567606,-9762377.56562953,-23554742.61040204,62225895.34447761,38671152.73407557,-707782.4564153105,450210.6575642476,0.030245404328533995,0.024004034291477513,51.83658589661607,64.41922707549881,23.146923426972684,True,True
2026-08-21,26,28675.0,2.0,5.0,1.0,1.0,-334955.28869429807,-843955.1195279115,-1178910.4082222097,-2324692.8073152103,8265481.679321818,5940788.872006608,-89727.85614314623,56304.70566467564,0.030729359496482825,0.02379648528899286,51.03250579306945,64.92986304485633,21.910350997829863,True,True
2026-08-21,26,28700.0,202.0,4.0,4.0,1.0,-33724600.35022096,-675982.8741635663,-34400583.22438453,-231896797.7295752,6676358.274086124,-225220439.45548907,-2722854.443163982,1702177.8378559572,0.03994723949500646,0.021054702872884558,53.33054534240943,32.95347873038442,26.000076303678604,True,True
2026-08-21,26,28725.0,19.0,2.0,15.0,2.0,-3172741.2872418105,-335266.52393419505,-3508007.8111760058,-21517421.672117732,3363505.708075506,-18153915.964042228,-290072.84281843674,179246.24094578467,0.052063247204010794,0.051465263361174095,50.180131155445864,34.79130631703945,21.911954966314365,True,True
2026-08-21,26,28750.0,2.0,4.0,2.0,1.0,-333630.32735658484,-674585.120487217,-1008215.4478438018,-2234792.402976952,6798498.04056805,4563705.6375910975,-87297.97729226862,53063.65205288052,0.054192531283870436,0.023276976866708137,50.23117874407658,64.94001707820004,21.444536056939036,True,True
2026-08-21,26,28775.0,4.0,134.0,2.0,2.0,-670291.5693719337,-22532212.486396093,-23202504.055768028,-4400239.0544515895,229696650.95721713,225296411.90276554,-2091012.7527969943,1257671.7791722452,0.03475963004370367,0.055702416918429,51.57518084850972,63.61966230094359,24.112810023985347,True,True
2026-08-21,26,28800.0,74.0,22.0,12.0,3.0,-12351064.119084101,-3704379.34786228,-16055443.466946382,-80368660.14397049,38069726.126178816,-42298934.01779167,-1496408.124233347,896339.9705919512,0.04967915545435728,0.023340491083932408,51.15190698467178,34.04484772237393,23.065653002279436,True,True
2026-08-21,26,28825.0,2.0,2.0,1.0,4.0,-333842.8597312171,-335421.29186037777,-669264.1515915948,-2140720.43481988,3489069.214203492,1348348.7793836119,-65001.76236348529,38470.80078593024,0.04606729646534336,0.05473025801407349,49.41130549053111,64.96017375480625,20.957380714116493,True,True
2026-08-21,26,28850.0,5.0,10.0,1.0,5.0,-833438.3085490167,-1681627.6019607177,-2515065.9105097344,-5275490.7010359345,17617999.781854317,12342509.080818381,-255873.46345967735,148979.10636064844,0.04694631601825682,0.020402586756535078,49.90548978102275,64.85037527353194,21.04382400553191,True,True
2026-08-21,26,28875.0,2.0,1.0,1.0,3.0,-332810.5671103126,-166649.3904729645,-499459.9575832771,-2079517.0757742298,1773783.286177796,-305733.78959643375,-52635.09095683316,30485.965708071326,0.047629646116180674,0.1350867775988549,47.873480899620425,34.97033574439023,20.639726600785448,True,True
2026-08-21,26,28900.0,7.0,12.0,1002.0,1.0,-1159114.5525875897,-2008582.3752494154,-3167696.927837005,-7180847.608542343,21509726.9992971,14328879.39075476,-348599.8298173717,198873.66681646428,0.05895691609977324,0.023070097604259095,49.44017886519056,64.8115498414954,20.83223122004826,True,True
2026-08-21,26,28925.0,2.0,3.0,1.0,2.0,-330447.79199874215,-498344.7812901791,-828792.5732889213,-2020800.6614968206,5415878.366749389,3395077.7052525682,-94381.91611021583,53509.81931574416,0.05970495992565916,0.12996988609086532,47.49840439301136,64.95068997345943,20.38590222783812,True,True
2026-08-21,26,28950.0,0.0,8.0,0.0,6.0,0.0,-1332445.3257195633,-1332445.3257195633,0.0,14590439.44924732,14590439.44924732,-158733.39204091558,88295.67661269142,,0.023010380622837293,49.54342649872389,64.92073061270902,20.30175494062735,True,True
2026-08-21,26,28975.0,12.0,11.0,1.0,1.0,-1976359.0333958531,-1810991.6846202868,-3787350.71801614,-11738186.12914672,20178796.329559088,8440610.200412368,-462952.1042799986,257800.00434281304,0.04802744425385926,0.12192222788249271,47.72806919067225,64.77468535531361,20.47138683435871,True,True
2026-08-21,26,29000.0,156.0,280.0,1029.0,9.0,-25559222.523780126,-46356458.25477882,-71915680.77855894,-150364724.386077,519500549.2286659,369135824.8425889,-9147503.754635768,5017402.880554687,0.061788617886178974,0.023112610712779494,54.133995317473946,60.72167205538977,29.09055712697445,True,True
2026-08-21,26,29025.0,1.0,2.0,1.0,3.0,-163714.2763376443,-326042.1145333397,-489756.39087098395,-946660.7691555134,3726939.288494137,2780278.5193386236,-63867.00848125687,35040.06050075135,0.05185089642718939,0.13077780990540705,46.986013383517474,64.97085856094579,19.75061345318787,True,True
2026-08-21,26,29050.0,7.0,4.0,1.0,2.0,-1141195.9562721502,-657622.199671157,-1798818.155943307,-6519697.515878907,7548432.917237227,1028735.4013583194,-243700.59889417427,131700.79494205155,0.05022468939994713,0.022954461310625767,48.58186985248041,64.8929721247219,19.771948691695737,True,True
2026-08-21,26,29100.0,2.0,15.0,2.0,2.0,-323914.27261556213,-2445507.6957616177,-2769421.96837718,-1798041.1678704664,28780234.83458684,26982193.666716374,-400645.1510770842,212023.25058323902,0.04415874790385694,0.023270743058899052,48.4485364169972,64.83524406448723,19.60240645077575,True,True
2026-08-21,26,29125.0,2.0,8.0,1.0,2.0,-322082.98984749115,-1289814.610371178,-1611897.600218669,-1768579.5327484715,15435360.233137837,13666780.700389365,-238170.92179313785,126199.25291243999,0.05522964658749466,0.11937354530750718,46.603337136197645,64.90410567851285,19.30558216502257,True,True
2026-08-21,26,29150.0,3.0,46.0,1.0,47.0,-480822.63283462764,-7429525.560549626,-7910348.193384253,-2606241.264564459,89710633.99280842,87104392.72824396,-1210819.208394812,631872.8932738698,0.056135194709772296,0.02340600414889044,48.37957442936879,64.52940616811351,19.980768084862987,True,True
2026-08-21,26,29175.0,2.0,3.0,2.0,4.0,-319726.76463997713,-477094.333501973,-796821.0981419501,-1702403.4420112355,5871961.967956751,4169558.5259455154,-124028.45135165691,65032.46406695627,0.04316109422492415,0.13742802303262955,46.1533848629967,64.95259280564997,18.903509902705686,True,True
2026-08-21,26,29200.0,4.0,44.0,2.0,1.0,-636011.775892981,-7033241.187922724,-7669252.963815705,-3343048.573015987,87193765.70186716,83850717.12885118,-1236828.298468338,637607.6908890904,0.04404185538029039,0.02352581729300333,48.25013576977291,64.54374913137907,19.660690447415615,True,True
2026-08-21,26,29225.0,7.0,2.0,8.0,1.0,-1104135.276589897,-317127.24496674555,-1421262.5215566426,-5757643.891785732,3990093.597658582,-1767550.2941271495,-233106.4681266966,120569.41148608155,0.05867346938775521,0.1239124703401002,45.87829327404859,34.9154563130073,18.690958817764898,True,True
2026-08-21,26,29250.0,6.0,14.0,3.0,2.0,-942689.423397254,-2206797.5871990626,-3149487.0105963163,-4832889.321117357,28145918.171264566,23313028.85014721,-530978.571294634,272050.76164412365,0.0438582028029677,0.12233053054542738,46.116705884662764,64.81263356911126,18.773405094031876,True,True
2026-08-21,26,29275.0,163.0,1.0,1.0,1.0,-25463471.403005935,-156659.35429974628,-25620130.75730568,-128753933.68612279,2025699.0381088753,-126728234.64801392,-4408038.846800108,2254219.1830535787,0.04788588894549167,0.12069979417818291,47.77300734579879,33.47583572005968,21.638520445362612,True,True
2026-08-21,26,29300.0,58.0,39.0,1.0,1.0,-9003261.208043976,-6073217.249631864,-15076478.45767584,-44937572.16298898,79610478.53733233,34672906.37434334,-2655769.2156573934,1349667.867718237,0.049274855844836506,0.11920241165147287,46.7702122075996,64.10308643549487,20.085382927333104,True,True
2026-08-21,26,29325.0,2.0,0.0,1.0,0.0,-307750.26165152364,0.0,-307750.26165152364,-1524149.3323343582,0.0,-1524149.3323343582,-55113.947952986964,28045.7823552592,0.06497679400214204,,45.98579314466652,34.98170150437366,17.95123907617542,True,True
2026-08-21,26,29350.0,4.0,3.0,5.0,1.0,-612735.582235512,-455975.30241422146,-1068710.8846497335,-2979040.533320875,6178729.590264532,3199689.056943657,-195040.76566374098,99049.31766336871,0.0507689457105799,0.07452760477145577,45.97142046184315,64.9364167496298,17.90708004187438,True,True
2026-08-21,26,29375.0,30.0,40.0,2.0,1.0,-4560266.04143553,-6102742.413534114,-10663008.454969645,-21923296.359127093,83450754.24292824,61527457.88380115,-1996895.191971304,1003159.476117763,0.04835332191128875,0.11504238772507533,46.0569715144718,64.36564788580297,19.06920109916259,True,True
2026-08-21,26,29400.0,31.0,32.0,3.0,2.0,-4677960.276098052,-4846481.231843721,-9524441.507941773,-22204671.832825504,67228509.55009985,45023837.717274345,-1816625.45473863,910265.4972687659,0.050196078431372484,0.11359939081374816,45.813381353524576,64.4333821582267,18.7730212670484,True,True
2026-08-21,26,29425.0,17.0,27.0,3.0,15.0,-2547249.7981376047,-4016303.6529795863,-6563553.451117191,-11922673.412311226,56769283.38078752,44846609.968476295,-1266581.5158240406,638346.7514023643,0.0558704453441296,0.07183595871808796,45.9637580432935,64.60952802463908,18.227445254884422,True,True
2026-08-21,26,29450.0,2.0,10.0,1.0,1.0,-297233.55167742923,-1491127.1151123426,-1788360.666789772,-1374485.8095056778,21301484.27306509,19926998.46355941,-359269.4407964174,176873.32083543384,0.059620596205962106,0.11126884337186502,44.758907241329396,64.89360807831314,17.417125015600586,True,True
2026-08-21,26,29475.0,3.0,1.0,2.0,1.0,-442094.755522472,-147868.3889481969,-589963.1444706689,-2018810.2062223935,2144955.2612906112,126145.05506821768,-120985.26025675714,59360.49094394217,0.06146572104018917,0.11030566226824781,44.495303858457824,64.96478365727941,17.103290693023588,True,True
2026-08-21,26,29500.0,62.0,30.0,17.0,2.0,-9049199.751087585,-4395806.085080744,-13445005.83616833,-40905941.28215698,64780441.021443255,23874499.739286274,-2822822.52201843,1375551.7763013993,0.07021417531463903,0.10887003598190992,45.36216138099381,64.20014399921104,18.766774169719863,True,True
2026-08-21,26,29525.0,4.0,2.0,1.0,2.0,-578802.0362295702,-287700.7506714107,-866502.7869009809,-2577540.934326543,4317069.080136362,1739528.1458098195,-185026.8453399099,90132.19201332709,0.06448662245597986,0.0685188783109902,44.80609192449311,64.94844235440024,16.84767163378927,True,True
2026-08-21,26,29550.0,2.0,1.0,1.0,1.0,-286481.9080188288,-143643.87594345905,-430125.7839622878,-1261705.4397533268,2187396.475003952,925691.0352506253,-94588.98490185673,45445.7025032325,0.07864374852837291,0.10674917810868298,43.833808610012206,64.97439522991087,16.637844854011057,True,True
2026-08-21,26,29575.0,1.0,1.0,1.0,1.0,-141855.69247041218,-142157.45773159267,-284013.1502020048,-615742.6286200912,2201637.3176933066,1585894.6890732152,-63977.46532808159,30475.846607957217,0.05951219512195116,0.10550458715596339,43.97853976916285,64.98309434634984,16.469126676546196,True,True
2026-08-21,26,29600.0,86.0,40.0,10.0,2.0,-12066213.791895729,-5625705.92557165,-17691919.71746738,-51813606.52577069,88643018.70551787,36829412.17974719,-4063684.4029023172,1927767.7417333415,0.06480783722682745,0.10397707592026964,45.35866431195905,63.9474915307381,18.84972407014285,True,True
2026-08-21,26,29625.0,3.0,4.0,1.0,3.0,-416387.56883349764,-556223.0108300225,-972610.5796635202,-1763895.4577823337,8919560.2586385,7155664.800856166,-228562.52944481192,107559.67635752173,0.06448257930317215,0.10282584339599157,43.71180637104708,64.94213643408192,16.274377124198633,True,True
2026-08-21,26,29650.0,8.0,5.0,5.0,1.0,-1097485.7878136393,-687148.4623562519,-1784634.2501698912,-4598038.0802273685,11217452.997543719,6619414.91731635,-427007.7732486323,200292.50202559627,0.07077747989276133,0.10181169450339886,43.561147310031586,64.8938282528435,16.247574530053573,True,True
2026-08-21,26,29675.0,3.0,2.0,1.0,1.0,-406780.558181888,-271562.40084017994,-678342.959022068,-1681644.4345113852,4514342.638244027,2832698.2037326423,-165554.23268355156,77229.77662393822,0.06885063853414772,0.10069930069930065,43.35636161055984,64.95963947787283,15.936871339893905,True,True
2026-08-21,26,29700.0,5.0,18.0,6.0,1.0,-669383.5873786625,-2394219.745300175,-3063603.3326788377,-2745391.42519528,40343634.08102411,37598242.65582883,-740543.9656859727,354389.3098149445,0.08547008547008547,0.07506017294149107,43.57357455848613,64.81774311006836,16.150997352536915,True,True
2026-08-21,26,29725.0,7.0,6.0,6.0,4.0,-926073.8406586226,-794434.8095203564,-1720508.650178979,-3728896.786510808,13706191.901525375,9977295.115014566,-436116.758822464,201411.14744245735,0.0697050938337801,0.09811903842153753,43.188231303724464,64.89764390455052,15.801002955028443,True,True
2026-08-21,26,29750.0,62.0,4.0,2.0,1.0,-8095500.90249156,-522719.0341937677,-8618219.936685327,-32265754.03141885,9190781.70782295,-23074972.323595896,-2215966.030236298,1022930.6499919557,0.06633906633906624,0.0968888627750522,43.78640818982039,34.487295069873504,16.715248491861626,True,True
2026-08-21,26,29775.0,12.0,19.0,1.0,3.0,-1546202.201004029,-2449688.0484290225,-3995890.249433052,-6091266.221467784,43902506.67016315,37811240.44869536,-1048553.5390257691,480556.32265609223,0.07939028262940617,0.09584664536741214,43.01082655706024,64.76228053326096,15.863263115156126,True,True
2026-08-21,26,29800.0,131.0,33.0,4.0,2.0,-16651103.352448845,-4188666.9497001567,-20839770.302149,-64913586.95152949,76033838.96750158,11120252.015972093,-5513785.488771676,2540973.901208657,0.08456243854473947,0.060080449604884005,45.02140780147119,63.76022215409457,18.365271604259334,True,True
2026-08-21,26,29825.0,13.0,4.0,1.0,1.0,-1629750.4625433497,-500988.2351795213,-2130738.697722871,-6274412.976674377,9264663.47844405,2990250.501769672,-572540.9513503286,263199.4512848462,0.08152173913043478,0.059405940594059375,43.05027774751338,64.87323544074789,15.284908706067164,True,True
2026-08-21,26,29850.0,13.0,16.0,2.0,10.0,-1606946.9589228558,-1977786.6041709343,-3584733.56309379,-6106498.300333194,37497116.11390142,31390617.813568227,-982813.8516527666,448341.738154787,0.08953119492421564,0.08919911417598751,42.48847328189658,64.78674052960139,15.373653164922851,True,True
2026-08-21,26,29875.0,6.0,0.0,2.0,0.0,-731069.4656693551,0.0,-731069.4656693551,-2740105.0139545184,0.0,-2740105.0139545184,-203567.72442754693,92590.91798514845,0.09893733968486626,,41.75922659949276,34.95651350057303,14.769239959882382,True,True
2026-08-21,26,29900.0,91.0,6.0,2.0,1.0,-10927173.58728878,-720194.6394456474,-11647368.226734428,-40508180.26641991,14236690.497366477,-26271489.769053433,-3289655.3661756045,1493664.551735396,0.08794541319181196,0.1889569204579775,41.58870310793926,34.30708826097763,16.413677921742277,True,True
2026-08-21,26,29925.0,6.0,6.0,1.0,6.0,-709807.6831411563,-709540.6469797108,-1419348.3301208671,-2595559.608763305,14301649.944301734,11706090.335538428,-407466.1167641192,184240.20269644965,0.10567823343848586,0.18725737709368293,40.11373430035575,64.91556042225994,14.590100140322967,True,True
2026-08-21,26,29950.0,5.0,15.0,4.0,2.0,-582697.5493558038,-1751567.5972325313,-2334265.146588335,-2107113.204939738,35613549.2648085,33506436.05986876,-668102.4736332677,307087.14053647255,0.11351572070232753,0.1095217762596072,41.11631913854185,64.86113203965154,14.59803650222922,True,True
2026-08-21,26,29975.0,5.0,2.0,1.0,1.0,-573776.0525928383,-229938.1908460995,-803714.2434389378,-2049178.985820445,4784829.101993896,2735650.116173451,-236425.24393335788,106845.7060442524,0.11365564037319754,0.10797513556407878,40.823143426516474,64.95218084064358,14.19480788196772,True,True
2026-08-21,26,30000.0,237.0,79.0,5.0,1.0,-26783396.36906455,-8958587.134027652,-35741983.5030922,-95069382.56088884,189267088.95991445,94197706.3990256,-10645218.03972773,4805851.833605196,0.1096605744125327,0.10710462414162245,44.69715871096148,62.873677407193554,20.0611503888866,True,True
2026-08-21,26,30025.0,3.0,2.0,2.0,1.0,-333274.5882061633,-222111.17897925107,-555385.7671854144,-1164385.0024380097,4851209.56917839,3686824.5667403806,-169919.32468907483,75388.02546459033,0.12482915717539853,0.17726777091230067,39.294329131787165,64.96695553749377,13.85886378944419,True,True
2026-08-21,26,30050.0,31.0,3.0,2.0,1.0,-3387205.1682897615,-328144.025938282,-3715349.194228044,-11736574.27239747,7294955.904420066,-4441618.367977404,-1152607.8264031203,509856.00672622945,0.11090225563909771,0.0973732813461933,40.9241527949837,34.77897394436382,14.271151859066972,True,True
2026-08-21,26,30075.0,1.0,1.0,1.0,1.0,-107283.97353299154,-107023.05983086536,-214307.0333638569,-366516.5325254542,2450991.270095872,2084474.737570418,-67969.10982350966,29704.623436568007,0.13451153657339227,0.17486394384822743,38.85054837420882,64.9872434876504,13.504146108617956,True,True
2026-08-21,26,30100.0,8.0,38.0,6.0,1.0,-842404.1193895366,-3698071.330172253,-4540475.44956179,-2841944.096177926,96699518.45170999,93857574.35553207,-1619404.3843345796,634597.3546391244,0.11150895140664968,0.13475322547614185,40.211457625400115,64.72988291154041,14.190387512504426,True,True
2026-08-21,26,30125.0,3.0,3.0,3.0,1.0,-310474.3196140438,-313853.49985761015,-624327.819471654,-1041384.0086955389,7340672.561900149,6299288.55320461,-200435.7138842556,88547.2830063852,0.12296374146085132,0.10126707582656896,39.882579069328216,64.96285580071721,13.284305838136964,True,True
2026-08-21,26,30150.0,9.0,3.0,8.0,2.0,-913929.1718325629,-303343.57863640814,-1217272.750468971,-3034256.0103130885,7444557.233959841,4410301.223646753,-402926.55805755046,174242.96615024784,0.13086150490730644,0.16957667397246778,38.66802085988237,64.92757995873649,13.250055707223748,True,True
2026-08-21,26,30200.0,52.0,21.0,24.0,1.0,-5066934.506343704,-2129036.83340598,-7195971.339749684,-16394117.286699237,51180631.578923,34786514.29222377,-2394419.0408031917,1054534.3991987335,0.16299821534800715,0.11559484766386237,39.479044571511466,64.57190482442896,14.109893548689334,True,True
2026-08-21,26,30225.0,4.0,2.0,1.0,1.0,-381898.0675748637,-190188.2328736359,-572086.3004484996,-1223131.6727682138,5022387.888989192,3799256.2162209786,-198315.3101664505,84570.62755256778,0.1631644004944376,0.16428025964108453,37.741849242046996,64.96596212829556,12.69000771386436,True,True
2026-08-21,26,30250.0,33.0,4.0,1.0,4.0,-3091548.140490232,-384291.512434329,-3475839.652924561,-9842874.548455447,9946252.345760576,103377.79730512947,-1210823.475460463,519595.7777792656,0.1450381679389312,0.12884917563732748,38.793272707289496,64.79307410570644,13.124827099288042,True,True
2026-08-21,26,30275.0,2.0,2.0,1.0,2.0,-183086.16360281888,-183783.54676913074,-366869.7103719496,-574363.386371702,5044275.428575088,4469912.042203386,-130149.43579421661,55440.70953404393,0.17379679144385027,0.15768835776304732,37.3594198935034,64.97817123839341,12.355529201059642,True,True
2026-08-21,26,30300.0,159.0,33.0,2.0,1.0,-14245897.22641772,-2939362.5448199217,-17185259.77123764,-44234511.343857996,83805713.01548626,39571201.67162826,-6202487.332657016,2626344.350608462,0.14186369958275385,0.15952794168691417,40.065418464575856,63.977633210435044,15.715802091836965,True,True
2026-08-21,26,30325.0,19.0,1.0,1.0,1.0,-1666991.7552803932,-92079.9879769383,-1759071.7432573314,-5131364.348237067,2496842.952482983,-2634521.3957540845,-639798.124470806,271856.5715697291,0.1802451333813986,0.13641723356009078,37.48998789674969,34.89535694884054,12.3565247284834,True,True
2026-08-21,26,30350.0,23.0,50.0,1.0,1.0,-1974205.13256549,-4284257.134314421,-6258462.266879911,-6016065.550242098,127629510.53392155,121613444.98367946,-2316843.399296101,978395.6245466135,0.18754688672168052,0.21174977909690282,36.77970725257122,64.62767838206233,13.18923984340784,True,True
2026-08-21,26,30375.0,4.0,1.0,3.0,1.0,-335723.51744436397,-83793.80207206111,-419517.3195164251,-1012233.6659154438,2560946.6609557406,1548712.9950402968,-157194.78095041402,66341.48384928504,0.19859265050820946,0.2096314738801786,35.62859354131791,64.9750328555476,11.780417323503405,True,True
2026-08-21,26,30400.0,16.0,5.0,9.0,1.0,-1314343.6063361524,-409584.10361335764,-1723927.7099495102,-3928974.402494233,12845893.011164207,8916918.608669974,-653804.7868537614,275800.59977505973,0.17680454176804528,0.2075949367088607,36.042320045395236,64.89744032285752,11.926558938207386,True,True
2026-08-21,26,30425.0,4.0,1.0,2.0,1.0,-321222.6742736579,-64085.116074783284,-385307.79034844117,-950258.8550437819,2668535.0941791125,1718276.2391353305,-152204.87135794142,62166.78882127891,0.2113271344040576,0.18130766145206578,35.566172377022035,64.9770689666891,11.482993285303426,True,True
2026-08-21,26,30450.0,3.0,5.0,8.0,1.0,-235549.20708640167,-391320.71640903846,-626869.9234954402,-689886.3306320661,12924278.694979578,12234392.364347512,-244036.03295159043,102719.11399699815,0.21830985915492956,0.20352710646636168,35.01835066469429,64.96270572385373,11.389936281302804,True,True
2026-08-21,26,30475.0,1.0,2.0,1.0,1.0,-76834.2005063978,-152990.16607320998,-229824.36657960777,-223154.6002917651,5184577.309837279,4961422.709545514,-90547.03620503443,38114.303150279426,0.25753424657534235,0.20149623784576254,34.24841503607434,64.98632452040457,11.150205441276077,True,True
2026-08-21,26,30500.0,53.0,34.0,2.0,1.0,-3984164.6729131364,-2540634.87686011,-6524799.549773246,-11473826.679344188,88387196.08691312,76913369.40756893,-2596408.2948129755,1089139.0372437024,0.2407582938388626,0.199543096270043,35.454779552728745,64.6118336681965,12.528198520579062,True,True
2026-08-21,26,30525.0,1.0,1.0,1.0,2.0,-73252.5588548678,-72970.10093917964,-146222.65979404745,-208150.09822142258,2606627.905292986,2398477.8070715633,-58936.85839271522,24520.925934167975,0.2532402791625125,0.19765720810250778,34.06136844103921,64.99129482976609,10.835481763798995,True,True
2026-08-21,26,30550.0,9.0,7.0,1.0,1.0,-643654.1141490545,-497955.55629339116,-1141609.6704424457,-1812143.1185960525,18297828.806441553,16485685.6878455,-465344.07309034816,192529.2781890189,0.2637590861889928,0.1957318477873881,33.96326263558076,64.93208371400675,10.939877067475678,True,True
2026-08-21,26,30575.0,6.0,0.0,1.0,0.0,-418634.02212788083,0.0,-418634.02212788083,-1167798.691106716,0.0,-1167798.691106716,-172246.38472234516,71070.16245083752,0.2770562770562771,,32.2680031864326,34.97510793381975,10.610963489210908,True,True
2026-08-21,26,30600.0,85.0,3.0,9.0,1.0,-5753509.593191782,-202754.51761695364,-5956264.110808736,-15810001.577509422,7882354.892974634,-7927646.684534788,-2486603.843547732,1016759.4125726948,0.2568807339449542,0.19203188888203981,34.74586933749429,34.645658434985336,11.931969652844254,True,True
2026-08-21,26,30625.0,95.0,1.0,152.0,1.0,-6259732.985786268,-65893.25274773562,-6325626.2385340035,-17033023.145809766,2633531.588472827,-14399491.55733694,-2671734.27439629,1087281.7917467337,0.26378896882494,0.1900924003744861,34.625451276540396,34.62368390261146,11.921359995120524,True,True
2026-08-21,26,30650.0,5.0,3.0,2.0,2.0,-322198.84886513173,-191830.82501007352,-514029.6738752052,-873098.1969590721,7922939.348447168,7049841.151488096,-219352.333091583,89029.60571185756,0.3308641975308643,0.18858640855011105,32.36910168867965,64.96941778915371,10.20105593106605,True,True
2026-08-21,26,30675.0,2.0,0.0,2.0,0.0,-125380.70275763745,0.0,-125380.70275763745,-336609.3247354011,0.0,-336609.3247354011,-54029.726684456524,21890.58922694275,0.34838709677419355,,29.48443456994917,34.99258555223081,9.945989968909297,True,True
2026-08-21,26,30700.0,41.0,8.0,5.0,1.0,-2502478.122950788,-450344.8131835654,-2952822.9361343533,-6665137.608696461,21389736.48904912,14724598.880352661,-1296252.4393245901,520062.3394664128,0.3655913978494624,0.19066518494999207,32.044749809581724,64.82433291478101,10.628144170951376,True,True
2026-08-21,26,30725.0,3.0,1.0,2.0,1.0,-179000.33947524457,-54465.020146979776,-233465.35962222435,-475019.4907918003,2679708.361888145,2204688.8710963447,-103911.04783158403,41517.72523880353,0.35131396957123096,0.18891073535194638,31.56197672724059,64.98610413413319,9.684644317028008,True,True
2026-08-21,26,30750.0,3.0,3.0,2.0,3.0,-173458.84997169583,-157879.37715407557,-331338.2271257714,-454962.3380436765,8057148.602128669,7602186.264084992,-151611.824003587,59640.74044738307,0.3965014577259476,0.1871882793017457,30.787431619726064,64.98028642063284,9.571082063604008,True,True
2026-08-21,26,30775.0,72.0,1.0,4.0,1.0,-4025876.2020937386,-50856.226665475806,-4076732.4287592145,-10423281.041014634,2691397.949558225,-7731883.09145641,-1843885.2586830985,738082.9028517193,0.2901234567901235,0.18548978725047305,33.11673929486234,34.75747349673381,10.596853101137087,True,True
2026-08-21,26,30800.0,48.0,2.0,1.0,1.0,-2643125.8423094256,-98403.17586910553,-2741529.018178531,-6867571.510443653,5393139.886260341,-1474431.624183312,-1247015.6450985242,501141.3881147082,0.35147744945567644,0.18377302902182843,31.780099649947836,34.83691417026547,10.04405965537409,True,True
2026-08-21,26,30825.0,72.0,0.0,67.0,0.0,-3857986.102486783,0.0,-3857986.102486783,-9953688.003551042,0.0,-9953688.003551042,-1769917.189984328,712046.3606681548,0.3624595469255663,,29.068109995327895,34.77048647747879,10.277535210068573,True,False
2026-08-21,26,30850.0,115.0,10.0,74.0,2.0,-5995673.620362632,-458521.266456976,-6454194.886819608,-15361607.205456724,27070864.144118343,11709256.938661618,-3010998.627320157,1206104.2537495967,0.37710437710437694,0.18054720384846665,32.10635652778017,64.61603291646935,11.045552052528937,True,True
2026-08-21,26,30875.0,52.0,2.0,4.0,2.0,-2637799.9227710487,-88652.61483630909,-2726452.537607358,-6712092.596304109,5423455.869783575,-1288636.7265205346,-1282351.6077141573,514595.1926102543,0.3887915936952715,0.1788720852268494,30.900631845245087,34.83781255031758,9.6616377444538,True,True
2026-08-21,26,30900.0,55.0,2.0,4.0,8.0,-2681438.7646632614,-85535.12958691828,-2766973.8942501796,-6708795.288320639,5432827.9042729065,-1275967.3840477327,-1325006.613839684,529045.1961637555,0.46616541353383456,0.1773002510707428,29.653812894158005,34.83540201429685,9.561746400533796,True,True
2026-08-21,26,30925.0,4.0,0.0,1.0,0.0,-190677.458321683,0.0,-190677.458321683,-475813.99426274706,0.0,-475813.99426274706,-91882.72006794057,36847.35349997798,0.5096525096525096,,23.19072764239359,34.988687953027984,8.49814538198917,True,False
2026-08-21,26,30950.0,3.0,3.0,3.0,2.0,-139247.38040303203,-148926.68666199985,-288174.06706503185,-345379.28990671807,8048130.324567059,7702751.034660341,-137557.36185976953,56011.569174839504,0.5170340681362725,0.16812641083521446,28.080326121449772,64.98285432072107,8.384570337725869,True,True
2026-08-21,26,30975.0,1.0,1.0,1.0,1.0,-45171.640009039686,-48125.2981501651,-93296.93815920479,-111314.06045855362,2687976.269994035,2576662.2095354814,-45092.907921201426,18352.621940758367,0.5416666666666666,0.16642492613483742,27.537107027473347,64.99444386056783,8.167332734240173,True,True
2026-08-21,26,31000.0,303.0,5.0,18.0,1.0,-13324289.422359772,-196963.42792794813,-13521252.85028772,-32627800.453379456,13619674.598132964,-19008125.85524649,-6741423.602325081,2710415.551355034,0.5541125541125541,0.17294331421242032,31.015333138029792,34.19560941385028,13.255574868407155,True,True
2026-08-21,26,31025.0,4.0,1.0,1.0,4.0,-167406.67057846187,-46044.650814568595,-213451.32139303046,-400112.90174299205,2694053.094461689,2293940.192718697,-107372.21844980221,43131.180559994216,0.7238095238095239,0.16387094503018676,24.58535417491009,64.98729505180724,7.922017952568883,True,True
2026-08-21,26,31050.0,6.0,1.0,1.0,2.0,-250116.0429723332,-44677.42684237233,-294793.46981470555,-604792.7806845803,2698660.0746413227,2093867.2939567424,-148979.2619616504,60240.77464661776,0.588785046728972,0.16223576029465667,26.512679476204525,64.98245531013725,7.807893740743799,True,True
2026-08-21,26,31075.0,2.0,0.0,3.0,0.0,-81152.18275636913,0.0,-81152.18275636913,-195039.1468721619,0.0,-195039.1468721619,-41437.05648639973,16625.418240587118,0.6019417475728155,,19.50770630775175,34.99524909160968,7.574397691214137,True,False
2026-08-21,26,31100.0,192.0,0.0,34.0,0.0,-7566919.196104627,0.0,-7566919.196104627,-18057576.353120625,0.0,-18057576.353120625,-3883896.5698560616,1551363.3382501844,0.6227848101265823,,21.162571303345885,34.54983806793325,10.648651102354611,True,False
2026-08-21,26,31125.0,29.0,1.0,16.0,1.0,-1107376.3119715732,-41385.2537871296,-1148761.5657587028,-2621078.6902985577,2708886.0799702103,87807.38967165258,-592741.5878921276,235939.21250383698,0.6312997347480106,0.15838313667398815,25.782307454030168,64.9314883247631,7.751805506233726,True,True
2026-08-21,26,31150.0,22.0,7.0,21.0,2.0,-819725.3842561356,-284587.90224450425,-1104313.2865006397,-1934456.6376199701,18974893.570385285,17040436.932765316,-569731.7535755013,229134.27528509445,0.6557377049180327,0.15730640640302596,25.27097784930778,64.93430253872803,7.5865433876263415,True,True
2026-08-21,26,31175.0,33.0,0.0,11.0,0.0,-1189809.7563617064,0.0,-1189809.7563617064,-2785356.2018856574,0.0,-2785356.2018856574,-621554.4426628727,245704.57801466572,0.6590257879656161,,17.598857174401513,34.92922254315006,7.503801525786109,True,False
2026-08-21,26,31200.0,13.0,1.0,6.0,1.0,-456619.6087856482,-38808.20025186045,-495427.8090375086,-1065296.5299461863,2716091.7655388936,1650795.2355927073,-259692.38987788564,102981.75985304943,0.698224852071006,0.15473560048510618,24.184264737053685,64.97051747184435,7.035274923453418,True,True
2026-08-21,26,31225.0,1047.0,0.0,2.0,0.0,-36007407.21847033,0.0,-36007407.21847033,-83985457.93140619,0.0,-83985457.93140619,-18990367.97242596,7512716.273307866,0.7311178247734139,,28.099221515803098,32.857887451797794,24.230407723456175,True,False
2026-08-21,26,31250.0,125.0,2.0,12.0,1.0,-4139281.1790921967,-73399.83678316668,-4212681.015875364,-9559834.245593492,5445038.250091161,-4114795.9955023313,-2241827.7195955426,883105.1993451072,0.8242811501597446,0.1520651427450211,23.481408030455707,34.74938749956004,8.630504635157672,True,True
2026-08-21,26,31275.0,14.0,0.0,1.0,0.0,-442465.0649146805,0.0,-442465.0649146805,-1007491.7710316627,0.0,-1007491.7710316627,-238682.78903412173,93241.68988727347,0.8041237113402062,,12.410568546769412,34.97369224763405,6.5890828274215565,True,False
2026-08-21,26,31300.0,16.0,5.0,4.0,1.0,-501712.3707246022,-176589.9598483055,-678302.3305729077,-1150909.0494420647,13629614.249633716,12478705.200191652,-362580.0145927468,144499.49249670535,0.8805460750853243,0.1498849390901338,21.019147348879745,64.95964598815054,6.558313457087066,True,True
2026-08-21,26,31325.0,2.0,0.0,2.0,0.0,-60857.38317399928,0.0,-60857.38317399928,-138950.98226838416,0.0,-138950.98226838416,-33100.28488311854,13011.994171737926,0.8936170212765956,,9.276142635239124,34.996487491030884,6.092402312270058,True,False
2026-08-21,26,31350.0,2.0,1.0,6.0,1.0,-58892.52793632231,-33345.52982499852,-92238.05776132083,-133661.1441137171,2731713.420075104,2598052.275961387,-49896.43121250604,19917.014601264174,0.9185185185185184,0.14736174932657264,19.96109916981727,64.99450690223475,5.960959108059867,True,True
2026-08-21,26,31375.0,3.0,0.0,3.0,0.0,-86220.219219044,0.0,-86220.219219044,-195408.0245520429,0.0,-195408.0245520429,-47643.81446191473,18732.510797816776,0.9505703422053232,,7.284062375194013,34.99494744442706,5.812623986734286,True,False
2026-08-21,26,31400.0,200.0,4.0,1.0,4.0,-5619194.067805379,-128709.90090565843,-5747903.968711037,-12727982.67883545,10937498.192705065,-1790484.4861303847,-3192087.5649766745,1259155.8519879242,0.9883268482490272,0.145311012995928,21.21734665594872,34.65806045092641,8.996694247585161,True,True
2026-08-21,26,31425.0,10.0,0.0,5.0,0.0,-272908.9303822962,0.0,-272908.9303822962,-615800.4907719657,0.0,-615800.4907719657,-153051.43697477313,60332.91268989069,1.0161290322580645,,5.594374769749812,34.98378876315376,5.632053275241045,True,False
2026-08-21,26,31450.0,11.0,2.0,3.0,1.0,-291388.0224186272,-37633.16280813622,-329021.1852267634,-654778.9388299363,5553915.9101453805,4899136.971315444,-188942.46598384302,73674.31604943372,1.0460251046025104,0.1496917385943281,17.548832955946995,64.9804231748724,5.53269194070427,True,True
2026-08-21,26,31475.0,2.0,0.0,1.0,0.0,-51500.664565950494,0.0,-51500.664565950494,-115337.32788957216,0.0,-115337.32788957216,-29417.84350513932,11612.55553052532,1.0649350649350648,,5.195869996697458,34.99706623176544,5.2033009557025744,True,False
2026-08-21,26,31500.0,218.0,0.0,7.0,0.0,-5478770.015450083,0.0,-5478770.015450083,-12252707.774648916,0.0,-12252707.774648916,-3153198.9632805884,1247439.0370943402,1.0933333333333333,,7.808318831415245,34.6740643161234,8.613710782306622,True,False
2026-08-21,26,31525.0,1.0,0.0,2.0,0.0,-24345.498216761494,0.0,-24345.498216761494,-54169.224240221374,0.0,-54169.224240221374,-14167.642213163352,5607.037143379955,1.1296296296296298,,4.88682844432105,34.998828569517116,4.890496166777968,True,False
2026-08-21,26,31550.0,7.0,24.0,2.0,25.0,-166178.86890950182,-357272.20615340373,-523451.07506290555,-369052.1046677916,66860037.89281563,66490985.78814784,-332908.6808396507,120727.13068193797,1.161904761904762,0.14500299222022753,15.518495389203185,64.96885920371825,5.227949482453426,True,True
2026-08-21,26,31575.0,1.0,1.0,1.0,2.0,-23081.690889781592,-27275.267309163813,-50356.9581989454,-51088.04533276274,2747231.4861768414,2696143.4408440785,-28738.08594674791,11694.141283101742,1.1921182266009853,0.13765733747963874,14.656714350928407,64.99699865620424,4.610739891079764,True,True
2026-08-21,26,31600.0,44.0,2.0,3.0,2.0,-968396.1503472099,-28059.551208481975,-996455.7015556919,-2116029.546194101,5574867.491668264,3458837.945474163,-604103.1161436659,238486.9938382346,1.195767195767196,0.14317726146951287,14.933390651696005,64.94071562606761,5.18207652043711,True,True
2026-08-21,26,31625.0,7.0,0.0,1.0,0.0,-153317.92460805536,0.0,-153317.92460805536,-337635.82363050326,0.0,-337635.82363050326,-92594.0298591447,36942.744863535736,1.2670157068062826,,4.3709890203407396,34.990923406540404,4.396081747414174,True,False
2026-08-21,26,31650.0,505.0,1.0,2.0,1.0,-10798090.1281745,-29892.76385837994,-10827982.89203288,-23741949.127149403,2734814.7852756497,-21007134.341873754,-6593664.51338079,2638593.3908023024,1.2903225806451613,0.14774618334418638,19.029276602545778,34.35583436743796,12.405494852891403,True,True
2026-08-21,26,31700.0,510.0,3.0,20.0,3.0,-11579238.725467011,-49146.85685269943,-11628385.58231971,-26737904.45120325,8340870.500388934,-18397033.950814314,-6841405.474753456,2817232.153866926,0.7096774193548386,0.1677640996278271,27.231887406042105,34.30821779978913,12.245787222110128,True,True
2026-08-21,26,31750.0,38.0,0.0,1.0,0.0,-732476.7745710141,0.0,-732476.7745710141,-1593032.342617797,0.0,-1593032.342617797,-464501.6472021373,187699.78554946376,1.4285714285714286,,4.026530552634595,34.95643372027102,4.15935483545318,True,False
2026-08-21,26,31800.0,45.0,0.0,5.0,0.0,-828978.5856952833,0.0,-828978.5856952833,-1798008.955751734,0.0,-1798008.955751734,-529441.5566705302,214442.96669024555,1.501597444089457,,3.819732681030695,34.95069166813212,3.975718238810371,True,False
2026-08-21,26,31900.0,1090.0,0.0,2.0,0.0,-18194258.63966053,0.0,-18194258.63966053,-39170008.63068006,0.0,-39170008.63068006,-11628058.78828854,4695670.926826242,1.6571428571428573,,16.58279129737984,33.91760773105861,20.2970128297847,True,False
2026-08-21,26,32000.0,279.0,0.0,10.0,0.0,-4252668.765119398,0.0,-4252668.765119398,-9134897.567324858,0.0,-9134897.567324858,-2733363.937889724,1106466.7300969157,1.8274509803921566,,5.62531597450717,34.74700658941492,6.562273102002355,True,False
2026-08-21,26,32100.0,39.0,0.0,10.0,0.0,-540519.2014071976,0.0,-540519.2014071976,-1157744.9434532279,0.0,-1157744.9434532279,-351201.27201262844,142602.6939747151,1.9826839826839824,,1.9654833667722447,34.9678569874845,2.094622193547717,True,False
2026-08-21,26,32200.0,93.0,0.0,3.0,0.0,-1203350.8078093475,0.0,-1203350.8078093475,-2595895.77527585,0.0,-2595895.77527585,-789250.6619996539,324020.5567667799,1.9817351598173514,,2.0631060274269846,34.92841736698284,2.3681431997276454,True,False
2026-08-21,26,32300.0,8.0,0.0,2.0,0.0,-97622.66295784713,0.0,-97622.66295784713,-212773.19682510497,0.0,-212773.19682510497,-64586.61709055978,26874.989379839106,1.9810426540284358,,0.38424473465939835,34.99426283809926,0.4102842149921188,True,False
2026-08-21,26,32400.0,59.0,0.0,2.0,0.0,-678809.1905820642,0.0,-678809.1905820642,-1493907.1500652242,0.0,-1493907.1500652242,-453575.8380234495,191249.87931935536,1.9802955665024629,,0.7540471456972451,34.95962707742279,0.944689157134501,True,False
2026-08-21,26,32500.0,15.0,0.0,3.0,0.0,-163677.522581015,0.0,-163677.522581015,-364257.38388245954,0.0,-364257.38388245954,-110391.558147801,47215.58073401575,1.979695431472081,,0.19170690144845215,34.990303857956064,0.23987261887738112,True,False
2026-08-21,26,32600.0,20.0,0.0,2.0,0.0,-205666.93344779735,0.0,-205666.93344779735,-461605.82464630384,0.0,-461605.82464630384,-140426.30384898794,60833.18506071474,1.9788359788359786,,0.2556092019312695,34.98779718613086,0.31940285197971297,True,False
2026-08-21,26,32700.0,2.0,0.0,2.0,0.0,-19504.83188971208,0.0,-19504.83188971208,-44218.703536674504,0.0,-44218.703536674504,-13468.40385915507,5915.543760461204,1.978142076502732,,0.025560920193126953,34.99917885547813,0.03190418743582867,True,False
2026-08-21,26,32800.0,95.0,1.0,3.0,1.0,-884794.5737816222,-13232.983506001912,-898027.5572876241,-2029565.0666731864,2778465.9217396905,748900.8550665041,-625341.5845733741,279075.7158202733,2.0,0.13481408895421643,1.2269241692700938,64.94655551142748,1.5301022470895709,True,True
2026-08-21,26,32900.0,3.0,0.0,2.0,0.0,-26694.157835059475,0.0,-26694.157835059475,-61927.02088572783,0.0,-61927.02088572783,-18797.449406818578,8501.226200857123,1.9771428571428569,,0.03834138028969043,34.998654157460386,0.047769149435465785,True,False
2026-08-21,26,33000.0,218.0,0.0,2.0,0.0,-1853892.821507223,0.0,-1853892.821507223,-4347707.204028756,0.0,-4347707.204028756,-1319258.449638763,605192.9113113318,1.9766081871345027,,2.786140301050838,34.88971371490136,3.468305295997351,True,False
2026-08-21,26,33200.0,41.0,0.0,36.0,0.0,-318787.6824731692,0.0,-318787.6824731692,-763008.1697113529,0.0,-763008.1697113529,-231997.2649007407,109417.48967730824,2.0,,0.5239988639591026,34.98105469583278,0.6512801777619003,True,False
2026-08-21,26,33400.0,9.0,0.0,2.0,0.0,-65070.909484051284,0.0,-65070.909484051284,-159484.61321083814,0.0,-159484.61321083814,-48167.88398339857,23386.278928560132,1.9748427672955975,,0.1150241408690713,34.9962229260075,0.1427971332696877,True,False
2026-08-21,26,33500.0,149.0,2.0,2.0,2.0,-1039632.2862861975,-0.0005627294909458473,-1039632.286848927,-2577199.6231724937,5625668.4056563685,3048468.782483875,-776310.4946632509,382272.99680550065,1.9745222929936306,0.1512222853894258,1.929849474581085,64.93814642876555,2.3940469995100235,True,True
2026-08-21,26,33600.0,171.0,0.0,2.0,0.0,-1151997.1923060934,0.0,-1151997.1923060934,-2887466.389776401,0.0,-2887466.389776401,-867859.2929619501,433327.949339571,1.974193548387097,,2.1854586765123547,34.931471855823105,2.710278068205056,True,False
2026-08-21,26,33800.0,159.0,0.0,1.0,0.0,-999961.161818928,0.0,-999961.161818928,-2559989.5665697292,0.0,-2559989.5665697292,-767058.9097306809,393506.2745081595,1.9735099337748345,,2.032093155353593,34.94051727922624,2.517662886481896,True,False
2026-08-21,26,34000.0,63.0,0.0,1.0,0.0,-373603.12553969404,0.0,-373603.12553969404,-978410.2789777666,0.0,-978410.2789777666,-290716.75739217957,153252.89576135064,1.9731543624161074,,0.8051689860834991,34.977789348273866,0.9967959889795615,True,False
2026-08-21,26,34200.0,17.0,0.0,2.0,0.0,-94844.62221803275,0.0,-94844.62221803275,-253477.09739236019,0.0,-253477.09739236019,-75033.8650003034,40589.323472027776,2.0,,0.2172678216415791,34.9944167856578,0.2687737832428665,True,False
2026-08-21,26,34400.0,6.0,0.0,2.0,0.0,-31545.189741337417,0.0,-31545.189741337417,-85947.54323971139,0.0,-85947.54323971139,-25377.616260932355,14075.733615389734,2.0,,0.07668276057938087,34.998297871593145,0.09479574628983398,True,False
2026-08-21,26,34500.0,172.0,0.0,1.0,0.0,-872717.4715598694,0.0,-872717.4715598694,-2394736.203222439,0.0,-2394736.203222439,-705788.5553830712,395340.352520168,2.0,,2.198239136608918,34.94808752403294,2.7164045737805096,True,False
2026-08-21,26,35000.0,127.0,0.0,6.0,0.0,-572955.6616419163,0.0,-572955.6616419163,-1655832.4757074814,0.0,-1655832.4757074814,-459355.6778612495,270918.6046212062,2.0,,1.6231184322635615,34.96592341624595,2.003288927288737,True,False
2026-08-21,26,35500.0,4.0,0.0,1.0,0.0,-15854.753412867,0.0,-15854.753412867,-47811.60943069054,0.0,-47811.60943069054,-12625.940108771973,7777.913515748472,2.0,,0.051121840386253906,34.99937051136999,0.0630212284479344,True,False
2026-08-21,26,36000.0,334.0,0.0,94.0,0.0,-1186305.1485830059,0.0,-1186305.1485830059,-3736681.646829989,0.0,-3736681.646829989,-943773.8192516157,607819.7170864353,2.0,,4.268673672252201,34.929429664338436,5.2575960215943605,True,False
2026-08-21,26,36500.0,6.0,0.0,6.0,0.0,-18265.63814175445,0.0,-18265.63814175445,-59160.02317700013,0.0,-59160.02317700013,-14619.2448208598,9723.183728206717,2.0,,0.07668276057938087,34.99916690622861,0.09434431065977629,True,False
2026-08-21,26,37000.0,32.0,0.0,3.0,0.0,-89051.95181882188,0.0,-89051.95181882188,-300459.4153657392,0.0,-300459.4153657392,-71711.95919030145,49749.18149038561,2.0,,0.40897472309003124,34.994752143450455,0.5028852977056656,True,False
2026-08-21,26,38000.0,100.0,0.0,3.0,0.0,-190579.09339987102,0.0,-190579.09339987102,-659853.2840382877,0.0,-659853.2840382877,-166213.63011266125,121068.84931167525,2.0,,1.2780460096563477,34.98868501227867,1.5685349311746735,True,False
2026-08-21,26,39000.0,40.0,0.0,8.0,0.0,-63617.3380490907,0.0,-63617.3380490907,-233857.9066746888,0.0,-233857.9066746888,-58023.8441944817,45317.84509930625,2.0,,0.511218403862539,34.996279489135134,0.6269851519547766,True,False
2026-08-21,26,40000.0,98.0,0.0,16.0,0.0,-158978.97160616927,0.0,-158978.97160616927,-642723.7156650897,0.0,-642723.7156650897,-140091.23544110107,118851.68152633442,2.0,,1.2524850894632207,34.99056553751937,1.5362195668419751,True,False
2026-08-21,26,41000.0,31.0,0.0,4.0,0.0,-44294.531399993786,0.0,-44294.531399993786,-188920.26270629928,0.0,-188920.26270629928,-40181.63992606086,36173.73049437619,2.0,,0.39619426299346777,34.997444277030986,0.4857432160479193,True,False
2026-08-21,26,42000.0,40.0,0.0,6.0,0.0,-68028.26791748272,0.0,-68028.26791748272,-325375.56929126004,0.0,-325375.56929126004,-57020.39357697854,56101.850852429205,2.0,,0.511218403862539,34.99599903818036,0.6271351006099963,True,False
2026-08-21,26,43000.0,236.0,0.0,2.0,0.0,-78681.23950188162,0.0,-78681.23950188162,-290996.2015821667,0.0,-290996.2015821667,-101543.90669343177,87813.29421960561,2.0,,3.0161885827889803,34.99537072986902,3.6891274648796024,True,False
2026-08-24,29,18000.0,0.0,1.0,0.0,1.0,0.0,-1929.010044217784,-1929.010044217784,0.0,11889.02543369977,11889.02543369977,1405.9773398582659,-1462.846140859612,,1.9862542955326459,0.012780460096563476,64.99862367983313,0.01568613864063126,True,False
2026-08-24,29,19000.0,0.0,2.0,0.0,1.0,0.0,-5501.774255261264,-5501.774255261264,0.0,31771.61705385613,31771.61705385613,3757.291569374066,-3553.425879500688,,1.9889196675900276,0.025560920193126953,64.99920058990718,0.03142815636666659,True,False
2026-08-24,29,21000.0,0.0,1.0,0.0,1.0,0.0,-7162.827447606578,-7162.827447606578,0.0,39658.70534517785,39658.70534517785,4177.744011744926,-3421.331553998209,,0.8368794326241135,4.906397481373159,64.9991956593793,0.015864061188647107,True,False
2026-08-24,29,24500.0,0.0,1.0,0.0,1.0,0.0,-39366.4506974536,-39366.4506974536,0.0,213210.88059240414,213210.88059240414,14771.078759570522,-8800.601883706366,,0.1767531219980787,28.211455350611516,64.99758770223238,3.518227367206259,True,True
2026-08-24,29,25400.0,0.0,1.0,0.0,1.0,0.0,-60955.011512943835,-60955.011512943835,0.0,345030.6734045569,345030.6734045569,18259.11933044621,-10020.183741938456,,0.11081794195250662,35.522210413015884,64.99633025780355,8.851660926935805,True,True
2026-08-24,29,25500.0,0.0,1.0,0.0,1.0,0.0,-63819.63776578144,-63819.63776578144,0.0,363858.6313794657,363858.6313794657,18631.8387933013,-10068.676881468857,,0.10532150776053215,36.2796256233348,64.9961620882173,9.444280493876795,True,True
2026-08-24,29,25600.0,0.0,1.0,0.0,1.0,0.0,-66823.41695624072,-66823.41695624072,0.0,384158.1461500618,384158.1461500618,18962.338816823907,-10102.172589598349,,0.09573633272299246,37.159703059020686,64.99598556908892,10.036904791293324,True,True
2026-08-24,29,25800.0,0.0,1.0,0.0,1.0,0.0,-73200.98588538436,-73200.98588538436,0.0,427888.87824535725,427888.87824535725,19488.388965181693,-10106.567732785867,,0.08261376896149353,38.73842434098504,64.99561015240181,11.222165964559002,True,True
2026-08-24,29,26000.0,0.0,3.0,0.0,3.0,0.0,-240260.04386727614,-240260.04386727614,0.0,1416053.6489536043,1416053.6489536043,59755.466435473056,-30044.22465650599,,0.11280746395250209,39.04321878056729,64.985696123182,12.444130596734238,True,True
2026-08-24,29,26200.0,0.0,1.0,0.0,1.0,0.0,-87090.32023872525,-87090.32023872525,0.0,529890.7789600007,529890.7789600007,19597.813377357437,-9734.74108816585,,0.13777777777777783,39.45359281473527,64.9947906116117,13.59272686786733,True,True
2026-08-24,29,26500.0,0.0,1.0,0.0,1.0,0.0,-98198.11821847071,-98198.11821847071,0.0,614527.650065896,614527.650065896,19154.856292991513,-9090.08502259918,,0.1370382065045784,41.25334650661031,64.99413369753178,15.370671028858055,True,True
2026-08-24,29,27400.0,1.0,0.0,1.0,0.0,-132618.16011065952,0.0,-132618.16011065952,-1854663.4153464395,0.0,-1854663.4153464395,12490.345076543448,-4677.752284981256,0.04708520179372197,,49.28463630897322,34.99211851525007,20.704540792152233,True,True
2026-08-24,29,27500.0,1.0,0.0,1.0,0.0,-136104.67611587117,0.0,-136104.67611587117,-1809382.686955208,0.0,-1809382.686955208,11311.258506229105,-3973.1954609769796,0.04855746492196133,,49.83299059968573,34.99191130170666,21.297181500107666,True,True
2026-08-24,29,28400.0,0.0,1.0,0.0,0.0,0.0,-160309.7288495419,-160309.7288495419,0.0,1472503.7619053482,1472503.7619053482,-5769.87254748323,4304.733877358966,,0.06243032329988852,51.530237012814695,64.99045284472047,23.411436510372326,True,True
2026-08-24,29,28450.0,0.0,1.0,0.0,0.0,0.0,-161548.25779851552,-161548.25779851552,0.0,1502365.7664606199,1502365.7664606199,-7017.183664314965,4833.066869471492,,0.06324972737186478,51.20939379837557,64.990379366008,23.115217521629805,True,True
2026-08-24,29,29400.0,0.0,1.0,0.0,1.0,0.0,-144830.30448855922,-144830.30448855922,0.0,2043503.2883864956,2043503.2883864956,-27192.715625429013,12600.386388382572,,0.2131638247065549,41.08301012501781,64.99137657585527,17.48568844492253,True,True
2026-08-24,29,29450.0,0.0,1.0,0.0,1.0,0.0,-142883.16392099916,-142883.16392099916,0.0,2070232.664901035,2070232.664901035,-27823.942684732297,12822.709744808364,,0.20874137364442977,40.91942256460172,64.99149250775505,17.189361159998874,True,True
2026-08-24,29,29500.0,0.0,1.0,0.0,2.0,0.0,-142893.63775531718,-142893.63775531718,0.0,2114047.9430999174,2114047.9430999174,-29588.095446106512,13185.233740829237,,0.2262020634611642,40.09934077781983,64.99149203482706,16.893100423774882,True,True
2026-08-24,29,29600.0,85.0,0.0,1.0,0.0,-11766028.844971135,0.0,-11766028.844971135,-54514363.781939685,0.0,-54514363.781939685,-2684176.1731908116,1156844.1937584137,0.142288996906761,,43.09776923800357,34.30002873930481,18.007831570691863,True,True
2026-08-24,29,29800.0,1.0,0.0,1.0,0.0,-127166.54257835489,0.0,-127166.54257835489,-528650.0338351927,0.0,-528650.0338351927,-34155.31221706116,13987.962794578421,0.11511627906976751,,41.65434775588267,34.99246312322136,15.114999230724372,True,True
2026-08-24,29,29850.0,1.0,0.0,1.0,0.0,-123962.05210163444,0.0,-123962.05210163444,-504333.6105024928,0.0,-504333.6105024928,-34367.56291941805,13992.472290961367,0.1182296502630764,,41.26468552780356,34.99265512926757,14.818629202448722,True,True
2026-08-24,29,29950.0,1.0,0.0,1.0,0.0,-117456.38244825404,0.0,-117456.38244825404,-456561.7344198419,0.0,-456561.7344198419,-34551.79449937599,13929.64402485462,0.1322957198443579,,40.25018125580543,34.9930452693837,14.225885858984913,True,True
2026-08-24,29,30000.0,1.0,0.0,1.0,0.0,-114190.27042514326,0.0,-114190.27042514326,-434425.80386699917,0.0,-434425.80386699917,-34488.13945460931,13868.9650857563,0.13454270597127727,,39.886510579718006,34.9932412473607,13.929513735897448,True,True
2026-08-24,29,30200.0,1.0,0.0,1.0,0.0,-100352.48403276436,0.0,-100352.48403276436,-349248.06094882137,0.0,-349248.06094882137,-34425.37740180113,13255.61861285114,0.185483870967742,,37.173231260704675,34.99407289063439,12.743998954070845,True,True
2026-08-24,29,30400.0,1.0,0.0,1.0,0.0,-85723.16842358824,0.0,-85723.16842358824,-274922.6536514935,0.0,-274922.6536514935,-32846.7085920105,12321.002414916436,0.25613079019073565,,33.868779314895484,34.994954812959676,11.55845726437104,True,True
2026-08-24,29,34000.0,1.0,0.0,1.0,0.0,-4634.634939975551,0.0,-4634.634939975551,-11215.707044322786,0.0,-11215.707044322786,-3905.351701949546,1667.192512516578,2.0,,0.012780460096563476,35.001061572316374,0.015778115803441073,True,False
2026-08-25,30,25600.0,0.0,1.0,0.0,2.0,0.0,-66858.89260675249,-66858.89260675249,0.0,393927.11783217953,393927.11783217953,18986.789419884746,-9738.921905226929,,0.09371884346959129,37.220227736622725,64.99598442691537,10.036905997280778,True,True
2026-08-25,30,25800.0,0.0,1.0,0.0,2.0,0.0,-73064.30824290702,-73064.30824290702,0.0,442783.4044200345,442783.4044200345,19273.18016535072,-9709.379659784734,,0.13560061042075428,37.148819097207216,64.9956194626932,11.222161318230608,True,True
2026-08-25,30,27000.0,0.0,1.0,0.0,1.0,0.0,-115935.7077798806,-115935.7077798806,0.0,800203.5958508817,800203.5958508817,16491.10838585398,-6780.63881772912,,0.11177278973889146,44.97391993237937,64.99308413627558,18.333884937371746,True,True
2026-08-25,30,27200.0,0.0,1.0,0.0,1.0,0.0,-123381.58368682048,-123381.58368682048,0.0,879464.9629796942,879464.9629796942,14480.28943033429,-5653.6772077001915,,0.10554414784394257,46.34582355834722,64.9926428638869,19.519182427513787,True,True
2026-08-25,30,29300.0,1.0,0.0,1.0,0.0,-149826.09423532535,0.0,-149826.09423532535,-818173.898737252,0.0,-818173.898737252,-26559.591499020073,11783.404386495475,0.12157403154187718,,44.42322610451783,34.99110504569397,18.07838046032892,True,True
2026-08-25,30,29800.0,1.0,0.0,1.0,0.0,-126849.75543007502,0.0,-126849.75543007502,-547844.0615635564,0.0,-547844.0615635564,-33797.69657498347,13525.828932219894,0.1064060803474484,,41.915653717552246,34.99248097506991,15.114988461610308,True,True
2026-08-25,30,30000.0,85.0,0.0,1.0,0.0,-9734063.364394225,0.0,-9734063.364394225,-38452993.02775531,0.0,-38452993.02775531,-2928810.1416718746,1145872.0384735353,0.13483146067415722,,40.951406586742934,34.42091229052211,15.568666583145973,True,True
2026-08-25,30,30200.0,1.0,0.0,1.0,0.0,-101535.57414007212,0.0,-101535.57414007212,-367547.939029016,0.0,-367547.939029016,-34494.03161237985,13010.90269547733,0.17862100879222578,,37.37911712597016,34.9940003691497,12.74403917297613,True,True
2026-08-25,30,33500.0,2.0,0.0,2.0,0.0,-9751.994628130544,0.0,-9751.994628130544,-21557.81366376697,0.0,-21557.81366376697,-8373.690323954777,3126.1172288453204,2.0,,0.025560920193126953,35.00011561627689,0.03157264173558301,True,False
2026-08-25,30,37000.0,2.0,0.0,2.0,0.0,-6445.553874742912,0.0,-6445.553874742912,-22554.02477197191,0.0,-22554.02477197191,-5574.975167723802,3241.7379187599445,2.0,,0.025560920193126953,35.000281588539465,0.03146023996105314,True,False
2026-08-25,30,38000.0,1.0,0.0,1.0,0.0,-3295.8863300352887,0.0,-3295.8863300352887,-13068.570007009042,0.0,-13068.570007009042,-2875.8098776986476,1878.7801679254935,2.0,,0.012780460096563476,35.00095162895684,0.01573260531931929,True,False
2026-08-26,31,17000.0,0.0,1.0,0.0,1.0,0.0,-1464.308635920526,-1464.308635920526,0.0,9770.553812087432,9770.553812087432,1167.4256291952647,-1222.5701516891816,,1.9846743295019156,0.012780460096563476,64.99837781893072,0.015670341211669127,True,False
2026-08-26,31,18000.0,0.0,1.0,0.0,1.0,0.0,-2002.3124962122258,-2002.3124962122258,0.0,12483.771767963042,12483.771767963042,1490.3799924556376,-1414.3180356655037,,1.9870550161812295,0.012780460096563476,64.99867941695274,0.015688630542436282,True,False
2026-08-26,31,26000.0,0.0,1.0,0.0,1.0,0.0,-79307.73310900289,-79307.73310900289,0.0,498395.27238738025,498395.27238738025,19382.036696613053,-9187.617493607633,,0.14628614628614628,38.01329739036483,64.9952518157856,12.407417931296404,True,True
2026-08-26,31,29950.0,3.0,0.0,3.0,0.0,-353209.0677194254,0.0,-353209.0677194254,-1477707.4743475034,0.0,-1477707.4743475034,-102902.85542345452,39398.90961797518,0.11627191633343589,,40.75645628132621,34.97899742881416,14.26514134779623,True,True
2026-08-26,31,30000.0,87.0,0.0,1.0,0.0,-9981960.589732027,0.0,-9981960.589732027,-40861625.27968715,0.0,-40861625.27968715,-2991687.5506011,1140130.7227668269,0.12459016393442623,,41.28420640912799,34.40616464079352,15.608334923103328,True,True
2026-08-26,31,30400.0,1.0,0.0,1.0,0.0,-89079.39979214499,0.0,-89079.39979214499,-308878.1924043098,0.0,-308878.1924043098,-33599.995771786926,12006.387162087709,0.22096317280453256,,34.92380783648158,34.99474914983992,11.558571358767308,True,True
2026-08-26,31,30600.0,2.0,0.0,2.0,0.0,-152183.36070658054,0.0,-152183.36070658054,-490758.34289585944,0.0,-490758.34289585944,-63210.93476556217,22309.97221030537,0.2908816880180859,,31.653988471052163,34.990977041202754,10.39129275818289,True,True
2026-08-26,31,30800.0,2.0,0.0,2.0,0.0,-127860.29898071384,0.0,-127860.29898071384,-382893.5615370454,0.0,-382893.5615370454,-57990.384006084234,19917.19080118895,0.37948717948717947,,27.81077935785998,34.99243265220563,9.205421531574176,True,False
2026-08-28,33,15000.0,0.0,1.0,0.0,1.0,0.0,-966.6626833064342,-966.6626833064342,0.0,7680.641235923899,7680.641235923899,846.931779970114,-997.5382155285373,,2.0,0.012780460096563476,64.99798978467467,0.015653423839687153,True,False
2026-08-28,33,16000.0,0.0,1.0,0.0,1.0,0.0,-785.3371805673434,-785.3371805673434,0.0,5129.3142138641015,5129.3142138641015,688.0422447014208,-673.3586019570113,,1.9703703703703705,0.012780460096563476,64.99702948206682,0.01564725971645146,True,False
2026-08-28,33,17000.0,0.0,7.0,0.0,6.0,0.0,-11531.768718529167,-11531.768718529167,0.0,79717.59508432407,79717.59508432407,9011.973709482269,-8749.496519002203,,1.9873015873015871,0.08946322067594432,64.99912580293679,0.10973595649158244,True,False
2026-08-28,33,18000.0,0.0,3.0,0.0,3.0,0.0,-7219.8556300165,-7219.8556300165,0.0,47618.967486192865,47618.967486192865,5234.385090998094,-4685.490784191767,,1.5469879518072287,0.03834138028969043,64.99925549044274,0.04710712453048756,True,False
2026-08-28,33,21000.0,0.0,5.0,0.0,3.0,0.0,-41637.44240451365,-41637.44240451365,0.0,247904.6440400075,247904.6440400075,24565.510352627625,-17362.41719185258,,0.5679012345679011,13.026865263445785,64.99746244457349,0.07951826800672351,True,False
2026-08-28,33,21500.0,0.0,3.0,0.0,3.0,0.0,-31247.620011633877,-31247.620011633877,0.0,183980.8796707572,183980.8796707572,17823.38342832529,-12182.43976645984,,0.46734397677793904,16.018022076951517,64.99805952148543,0.04792394344723726,True,False
2026-08-28,33,22500.0,0.0,2.0,0.0,2.0,0.0,-32703.853124280195,-32703.853124280195,0.0,190688.46029452988,190688.46029452988,16695.129367721347,-10424.33107789575,,0.3081339712918659,20.78154178143715,64.99797575672382,0.03235288545266225,True,True
2026-08-28,33,23600.0,0.0,7.0,0.0,7.0,0.0,-191714.7179966977,-191714.7179966977,0.0,1123600.748897179,1123600.748897179,84284.37639727857,-48571.919882533875,,0.1862348178137651,24.50241868626299,64.9885813707425,0.11586123885695969,True,True
2026-08-28,33,23800.0,0.0,7.0,0.0,7.0,0.0,-209933.9031221559,-209933.9031221559,0.0,1236156.2262876406,1236156.2262876406,89334.06887589341,-50242.25084808477,,0.16920651602732537,25.013267739856182,64.98749871073882,0.11648059631451928,True,True
2026-08-28,33,24000.0,0.0,2.0,0.0,1.0,0.0,-65793.0388750046,-65793.0388750046,0.0,389517.2003132953,389517.2003132953,27032.460999399595,-14849.177280279404,,0.15340638399237727,25.96202702808067,64.99604740440424,0.5721353731872196,True,True
2026-08-28,33,24200.0,0.0,3.0,0.0,1.0,0.0,-108323.55839102264,-108323.55839102264,0.0,645070.5946252926,645070.5946252926,42875.229944933955,-23044.436448970337,,0.1389728096676738,27.59285908703772,64.99353248179592,1.7742461209253828,True,True
2026-08-28,33,24400.0,0.0,1.0,0.0,1.0,0.0,-39648.08595957647,-39648.08595957647,0.0,237888.24630747095,237888.24630747095,15064.797210690152,-7944.598268708106,,0.12314886983632098,29.227060730904554,64.99757824549955,2.9257147567794792,True,True
2026-08-28,33,24500.0,0.0,1.0,0.0,1.0,0.0,-41506.00558659441,-41506.00558659441,0.0,249755.0039209296,249755.0039209296,15445.773334387364,-8069.287292560922,,0.11362792424805059,30.10521128311236,64.99747071214247,3.5183001009354196,True,True
2026-08-28,33,24600.0,0.0,2.0,0.0,1.0,0.0,-86918.27712435942,-86918.27712435942,0.0,525305.2472083641,525305.2472083641,31620.352933296555,-16388.721394326785,,0.1135802469135804,30.71194424780272,64.994800599505,4.127986628682192,True,True
2026-08-28,33,24800.0,0.0,2.0,0.0,1.0,0.0,-95100.96249907002,-95100.96249907002,0.0,580086.9402570069,580086.9402570069,32961.3146035085,-16844.35681505696,,0.10258043963045553,32.22698283541584,64.9943165008873,5.313309166510806,True,True
2026-08-28,33,25000.0,0.0,6.0,0.0,1.0,0.0,-311155.07798814884,-311155.07798814884,0.0,1918786.4989316673,1918786.4989316673,102157.16134519075,-51632.85665262758,,0.09260857060684494,33.76230511562979,64.98148128983149,6.568180500286777,True,True
2026-08-28,33,25200.0,0.0,6.0,0.0,3.0,0.0,-338510.9048181437,-338510.9048181437,0.0,2111162.081927551,2111162.081927551,106156.22443223189,-52218.171801770986,,0.0796252927400469,35.336847820753114,64.9798545796764,7.754154825122519,True,True
2026-08-28,33,25400.0,0.0,8.0,0.0,2.0,0.0,-491261.96631750825,-491261.96631750825,0.0,3109891.59202717,3109891.59202717,146236.16736882308,-70039.02936269449,,0.08471799672361337,36.39467199055863,64.97076956474476,8.975633059895063,True,True
2026-08-28,33,25500.0,0.0,8.0,0.0,1.0,0.0,-512354.4157653522,-512354.4157653522,0.0,3265370.1669148556,3265370.1669148556,148246.6867205323,-70072.90015017953,,0.08007117437722419,37.12659884550999,64.96951498579952,9.568872277943012,True,True
2026-08-28,33,25600.0,0.0,15.0,0.0,16.0,0.0,-1001601.3479821293,-1001601.3479821293,0.0,6432098.585842916,6432098.585842916,280937.9245708451,-131179.8476459253,,0.07347972972972976,38.00632759017045,64.94041151164046,10.287370247892476,True,True
2026-08-28,33,25800.0,0.0,19.0,0.0,2.0,0.0,-1377048.699772924,-1377048.699772924,0.0,8977968.00607185,8977968.00607185,360390.56080312637,-164404.9680043699,,0.0682554814108674,39.39922124924197,64.91807647557279,11.547660122009756,True,True
2026-08-28,33,26000.0,0.0,31.0,0.0,1.0,0.0,-2431871.356282671,-2431871.356282671,0.0,16106660.314705381,16106660.314705381,587027.5260297732,-262092.8230467847,,0.12657354716330396,38.988089166947006,64.85532487568358,12.956009718842926,True,True
2026-08-28,33,26200.0,0.0,23.0,0.0,1.0,0.0,-1945424.3491817683,-1945424.3491817683,0.0,13107505.088129655,13107505.088129655,426916.0601079876,-186908.58708687927,,0.10552606931002191,40.70231419089234,64.88426382831794,13.999552923111718,True,True
2026-08-28,33,26400.0,0.0,18.0,0.0,1.0,0.0,-1633697.3698966969,-1633697.3698966969,0.0,11270766.774716346,11270766.774716346,329833.01256801374,-139272.7914202341,,0.09905991300687529,42.017440948623296,64.90280855747314,15.095897385873155,True,True
2026-08-28,33,26500.0,0.0,10.0,0.0,1.0,0.0,-939704.0614160271,-939704.0614160271,0.0,6561804.778891014,6561804.778891014,181169.0847899187,-75001.92897942987,,0.09480692410119847,42.635309119580775,64.9440938824468,15.539862911680455,True,True
2026-08-28,33,26600.0,0.0,15.0,0.0,13.0,0.0,-1457474.809282307,-1457474.809282307,0.0,10323696.458200496,10323696.458200496,266489.27199078567,-108287.80413554743,,0.09605445606958267,43.254307645571764,64.91329207247217,16.2280894182059,True,True
2026-08-28,33,26800.0,0.0,3.0,0.0,1.0,0.0,-311906.43108171574,-311906.43108171574,0.0,2260549.4790949197,2260549.4790949197,50602.972111986724,-19689.695396802595,,0.09802353478807274,44.226914131977686,64.98143777305164,17.18674367743461,True,True
2026-08-28,33,27000.0,0.0,13.0,0.0,10.0,0.0,-1439405.330794316,-1439405.330794316,0.0,10717062.937415102,10717062.937415102,200396.4768276207,-74464.95571284292,,0.09317219295527326,45.68530335704668,64.91436709517242,18.56632276355301,True,True
2026-08-28,33,27200.0,0.0,16.0,0.0,16.0,0.0,-1876097.649733263,-1876097.649733263,0.0,14392847.61785246,14392847.61785246,214658.64170257185,-75442.56419736835,,0.09075630252100834,46.98116581948371,64.88838823761482,19.813074085413373,True,True
2026-08-28,33,27400.0,0.0,2.0,0.0,3.0,0.0,-246973.4200401345,-246973.4200401345,0.0,1958316.5710321614,1958316.5710321614,22934.925355331536,-7284.309227999402,,0.08833713368803323,48.05985881224044,64.98529967162935,20.72404883807425,True,True
2026-08-28,33,27500.0,0.0,3.0,0.0,1.0,0.0,-379598.5151488067,-379598.5151488067,0.0,3064268.7646402526,3064268.7646402526,31033.18600179475,-9159.877637212378,,0.08645347902940716,48.721671096655484,64.97741245109945,21.33670014785169,True,True
2026-08-28,33,27600.0,0.0,2.0,0.0,2.0,0.0,-259014.7325326895,-259014.7325326895,0.0,2130422.236282614,2130422.236282614,18137.610693175306,-4842.636508620275,,0.08502829178773515,49.34416843836876,64.98458394200574,21.909502549139482,True,True
2026-08-28,33,27800.0,0.0,1.0,0.0,1.0,0.0,-135621.39396508544,-135621.39396508544,0.0,1156194.399319427,1156194.399319427,6145.048620414282,-1050.1919642055284,,0.06908077994428957,50.99485770269495,64.99191878889101,23.074731624709248,True,True
2026-08-28,33,28000.0,0.0,4.0,0.0,2.0,0.0,-557308.8495664895,-557308.8495664895,0.0,5011262.608524274,5011262.608524274,10327.779581841936,1851.6347185021054,,0.04162239860008758,53.041994892430075,64.96684220689377,24.32097285932126,True,True
2026-08-28,33,28200.0,0.0,5.0,0.0,7.0,0.0,-718011.18825857,-718011.18825857,0.0,6753184.319401427,6753184.319401427,-5508.980504915537,10105.239182369496,,0.04494509870853957,53.29095996006079,64.95728265371226,24.677922075457502,True,True
2026-08-28,33,28400.0,0.0,1.0,0.0,1.0,0.0,-147627.93995562012,-147627.93995562012,0.0,1454750.4470352838,1454750.4470352838,-5200.307557558968,3668.5946890712744,,0.04406479504140848,52.0812028605691,64.9912071713218,23.411005395562714,True,True
2026-08-28,33,28500.0,0.0,1.0,0.0,1.0,0.0,-148709.38112701755,-148709.38112701755,0.0,1508536.3001922155,1508536.3001922155,-7377.320065495437,4499.209371083975,,0.04263777766734569,51.5314911972313,64.99114320305627,22.818519974373604,True,True
2026-08-28,33,28850.0,0.0,2.0,0.0,2.0,0.0,-299948.286097554,-299948.286097554,0.0,3402064.6585966107,3402064.6585966107,-29896.25368045019,14519.913213577607,,0.03722504230118443,49.63282607235377,64.98215140021364,20.765454226276894,True,True
2026-08-28,33,29000.0,0.0,1.0,0.0,1.0,0.0,-148606.16800560243,-148606.16800560243,0.0,1782032.0043337333,1782032.0043337333,-18302.762422420696,8383.664300432763,,0.03991480634219445,48.65056941418738,64.99115086935105,19.855905542866285,True,True
2026-08-28,33,29050.0,0.0,2.0,0.0,2.0,0.0,-296117.14795913413,-296117.14795913413,0.0,3619834.566485172,3619834.566485172,-38998.76920984054,17515.70192926956,,0.03949703000848572,48.37962207201536,64.98237958328518,19.58027961840311,True,True
2026-08-28,33,29100.0,0.0,5.0,0.0,5.0,0.0,-735707.0774036454,-735707.0774036454,0.0,9184976.815455178,9184976.815455178,-102994.23583583615,45523.23708576961,,0.041148541713769034,48.07215700886671,64.95623049757815,19.345823982538445,True,True
2026-08-28,33,29500.0,1.0,8.0,1.0,5.0,-136282.48398301937,-1083313.782450608,-1219596.2664336273,-763166.1967288401,16343403.41945101,15580237.222722169,-245072.72113032773,100675.42154761296,0.11619439607408576,0.18936283574137347,42.40428788519539,64.92744416907163,17.05466720728915,True,True
2026-08-28,33,29600.0,2.0,3.0,1.0,3.0,-265825.98723938427,-396407.1171633792,-662233.1044027635,-1424210.4273184044,6280935.563810767,4856725.136492362,-142744.0548855773,57778.19767895549,0.13006134969325162,0.18140303439987987,41.67203657608436,64.9606000742755,16.380715327113577,True,True
2026-08-28,33,30000.0,1.0,3.0,1.0,3.0,-114637.66575946618,-344045.42638311454,-458683.0921425807,-519235.5005965394,6888648.249645434,6369412.749048895,-133931.30405111666,49527.76370252687,0.08369565217391292,0.2407578084997439,39.09433122904116,64.97271017929995,13.988086385660873,True,True
2026-08-28,33,30200.0,5.0,0.0,5.0,0.0,-519671.4018579803,0.0,-519671.4018579803,-2166375.8740250757,0.0,-2166375.8740250757,-168216.72258222144,61336.10993796692,0.10329289428076241,,39.69008240170032,34.969091209441224,12.820735863948334,True,True
2026-08-28,33,30300.0,5.0,0.0,6.0,0.0,-492196.16027052945,0.0,-492196.16027052945,-1972620.6141132503,0.0,-1972620.6141132503,-168852.3170257458,60392.662957257446,0.12014134275618372,,38.59210676287799,34.970726416126034,12.22727966419212,True,True
2026-08-28,33,30400.0,0.0,1.0,0.0,1.0,0.0,-92392.95569462827,-92392.95569462827,0.0,2459426.9358454435,2459426.9358454435,-33734.124033767446,11764.106072122375,,0.20593138545231193,35.3747614570482,64.99449736179312,11.55868400241987,True,True
2026-08-28,33,30500.0,2.0,1.0,1.0,1.0,-173292.24153862614,-86153.40591854161,-259445.64745716774,-645151.5223997391,2496936.0574959344,1851784.5350961953,-99502.33674675762,34314.04155042211,0.15540883697308278,0.19917521412710146,35.66698098974823,64.98455724705748,11.003081864497718,True,True
2026-08-28,33,30600.0,3.0,0.0,1.0,0.0,-242030.0111707506,0.0,-242030.0111707506,-869650.6243228622,0.0,-869650.6243228622,-97127.98335972961,33269.6756533899,0.1868833430063843,,34.78671928149977,34.98561866734821,10.409967638958266,True,True
2026-08-28,33,30700.0,1.0,0.0,1.0,0.0,-74854.96773058103,0.0,-74854.96773058103,-259699.19420084142,0.0,-259699.19420084142,-31445.7292998635,10707.211884438499,0.2142381902860946,,33.34799075835565,34.99560457020671,9.780521248440879,True,True
2026-08-28,33,30800.0,10.0,0.0,9.0,0.0,-693063.9198171612,0.0,-693063.9198171612,-2322582.472293498,0.0,-2322582.472293498,-304040.9629688955,103308.00817163318,0.24770642201834864,,31.86644576269741,34.9587754684316,9.349600011338321,True,True
2026-08-28,33,31000.0,17.0,0.0,1.0,0.0,-997930.1773464616,0.0,-997930.1773464616,-3133478.86130602,0.0,-3133478.86130602,-474002.7156223147,156313.22908046155,0.3269035532994923,,28.394950675819665,34.94063703191507,8.284263444429932,True,True
2026-08-28,33,31200.0,16.0,0.0,2.0,0.0,-778976.3677009246,0.0,-778976.3677009246,-2311231.010151984,0.0,-2311231.010151984,-400398.70410268044,129787.67528000083,0.435723951285521,,23.932513907022862,34.95366449210541,7.07615522316721,True,False
2026-08-28,33,31400.0,7.0,0.0,1.0,0.0,-279847.4181104502,0.0,-279847.4181104502,-786565.613642718,0.0,-786565.613642718,-156443.7802056161,50616.44814370638,0.5771324863883847,,18.390189343948503,34.98337069806185,5.733558006825935,True,False
2026-08-28,33,31500.0,5.0,0.0,1.0,0.0,-180863.28740393944,0.0,-180863.28740393944,-494563.5633540929,0.0,-494563.5633540929,-104573.93226540856,33651.768873046094,0.6497890295358649,,15.592409944771276,34.98927061164996,5.106429752385904,True,False
2026-08-28,33,31600.0,7.0,0.0,3.0,0.0,-230260.19523419256,0.0,-230260.19523419256,-618133.717196151,0.0,-618133.717196151,-135648.49839448478,43248.34941525259,0.7625899280575539,,11.641421724754048,34.98632588245027,4.546827930246174,True,False
2026-08-28,33,31800.0,3.0,0.0,3.0,0.0,-80461.07835936424,0.0,-80461.07835936424,-208698.41974753918,0.0,-208698.41974753918,-49879.52453589662,15750.34114430671,1.0125000000000002,,3.282953356975028,34.995285172485126,3.2942089215445525,True,False
2026-08-28,33,32000.0,1.0,0.0,1.0,0.0,-21885.10363093637,0.0,-21885.10363093637,-55221.53304925794,0.0,-55221.53304925794,-14474.881297925343,4588.45372317891,1.2931726907630523,,2.072348067662523,34.998969663941956,2.0759321495106677,True,False
2026-08-28,33,32200.0,5.0,0.0,1.0,0.0,-90322.87841899546,0.0,-90322.87841899546,-222743.7712278307,0.0,-222743.7712278307,-64207.16254529838,20633.69459933316,1.6253164556962023,,0.9384255389293985,34.994693953161416,0.955696557854477,True,False
2026-08-28,33,32400.0,6.0,0.0,2.0,0.0,-91064.46282748783,0.0,-91064.46282748783,-221127.71861874618,0.0,-221127.71861874618,-66222.89578718673,21320.59367910447,1.9876160990712073,,0.07668276057938087,34.99465032779058,0.09681909175784405,True,False
2026-08-28,33,32500.0,1.0,0.0,1.0,0.0,-14320.393115283947,0.0,-14320.393115283947,-34999.82081724428,0.0,-34999.82081724428,-10446.944929297711,3393.1255585977797,1.9870550161812295,,0.012780460096563476,34.99957662843654,0.016107381163921627,True,False
2026-08-28,33,32600.0,1.0,0.0,1.0,0.0,-13601.159509727018,0.0,-13601.159509727018,-33542.530377789175,0.0,-33542.530377789175,-9959.013561871747,3270.245416453314,1.986622073578595,,0.012780460096563476,34.99963803502818,0.016082930965174446,True,False
2026-08-28,33,32800.0,12.0,0.0,1.0,0.0,-147087.01872335476,0.0,-147087.01872335476,-368854.9211983043,0.0,-368854.9211983043,-108822.16195223377,36506.9108906392,1.9856630824372759,,0.15336552115876173,34.991290328532415,0.19244694108438523,True,False
2026-08-28,33,33000.0,7.0,0.0,3.0,0.0,-78256.4756624838,0.0,-78256.4756624838,-200163.39432720913,0.0,-200163.39432720913,-58565.92152523859,20124.711566588052,1.9849056603773583,,0.08946322067594432,34.99541939096346,0.11200424920416205,True,False
2026-08-28,33,33200.0,4.0,0.0,5.0,0.0,-41184.87506691124,0.0,-41184.87506691124,-107635.63467967421,0.0,-107635.63467967421,-31181.976340545123,10990.110797595175,1.984313725490196,,0.051121840386253906,34.997689232856565,0.06388232073275901,True,False
2026-08-28,33,33400.0,1.0,0.0,1.0,0.0,-9492.984317832546,0.0,-9492.984317832546,-25316.210087249994,0.0,-25316.210087249994,-7283.691416658841,2630.9474231207323,1.983673469387755,,0.012780460096563476,35.00002773625259,0.015943274393020422,True,False
2026-08-28,33,33500.0,4.0,0.0,3.0,0.0,-39446.84193501937,0.0,-39446.84193501937,-109081.4224015034,0.0,-109081.4224015034,-29816.01425207267,11081.137503628941,2.0,,0.051121840386253906,34.99779078293604,0.06382323665329497,True,False
2026-08-28,33,34000.0,5.0,0.0,4.0,0.0,-40219.852013263706,0.0,-40219.852013263706,-115805.67397978311,0.0,-115805.67397978311,-31582.674280697152,12382.475458571791,2.0,,0.06390230048281738,34.99773681139406,0.07947007731243397,True,False
2026-08-28,33,35000.0,2.0,0.0,2.0,0.0,-11624.11330688699,0.0,-11624.11330688699,-36369.386898798126,0.0,-36369.386898798126,-9860.17431148127,4306.276450103978,2.0,,0.025560920193126953,34.99972089458374,0.031636284025682145,True,False
2026-08-28,33,35500.0,3.0,0.0,2.0,0.0,-12341.961400125248,0.0,-12341.961400125248,-37500.94524750087,0.0,-37500.94524750087,-11253.080633823054,4961.095886661537,2.0,,0.03834138028969043,34.99966574497523,0.04728124946446679,True,False
2026-08-28,33,36000.0,5.0,0.0,1.0,0.0,-22214.04959723353,0.0,-22214.04959723353,-74707.31655885033,0.0,-74707.31655885033,-20371.992328325057,9818.918118098398,2.0,,0.06390230048281738,34.99887924726303,0.07885797375626946,True,False
2026-08-28,33,37000.0,3.0,0.0,2.0,0.0,-11054.124100145007,0.0,-11054.124100145007,-40169.738551176924,0.0,-40169.738551176924,-10172.145726965542,5321.7516202035,2.0,,0.03834138028969043,34.999715786440966,0.047237469699873934,True,False
2026-08-28,33,38000.0,4.0,0.0,2.0,0.0,-14865.681171132408,0.0,-14865.681171132408,-61224.37635964478,0.0,-61224.37635964478,-13638.082076452523,7979.493586549164,2.0,,0.051121840386253906,34.999360623838754,0.06298760514015388,True,False
2026-08-31,36,10000.0,0.0,1.0,0.0,1.0,0.0,-309.8841280714743,-309.8841280714743,0.0,3556.097813221653,3556.097813221653,281.99268256178215,-441.98755619356564,,2.0,0.012780460096563476,64.99576464384867,0.015631096787552336,True,False
2026-08-31,36,11000.0,0.0,1.0,0.0,1.0,0.0,-384.0793275361369,-384.0793275361369,0.0,4080.594719448468,4080.594719448468,346.25934952466986,-497.4956309046767,,2.0,0.012780460096563476,64.99630211662392,0.015633619038124307,True,False
2026-08-31,36,13000.0,0.0,3.0,0.0,1.0,0.0,-1802.7391066298253,-1802.7391066298253,0.0,16512.94211172929,16512.94211172929,1612.892908395801,-1960.2916554023996,,2.0,0.03834138028969043,64.99898443004767,0.04692297076652253,True,False
2026-08-31,36,14000.0,0.0,3.0,0.0,2.0,0.0,-2284.895394933878,-2284.895394933878,0.0,19496.669662413817,19496.669662413817,2061.7039963088864,-2313.763147584647,,2.0,0.03834138028969043,64.99909474683108,0.04693936157054664,True,False
2026-08-31,36,15000.0,0.0,9.0,0.0,4.0,0.0,-8821.2613248231,-8821.2613248231,0.0,70436.66024528565,70436.66024528565,8033.055513864842,-8338.136822815168,,2.0,0.1150241408690713,64.99926226104415,0.14088493802974586,True,False
2026-08-31,36,16000.0,0.0,15.0,0.0,10.0,0.0,-18968.840625772154,-18968.840625772154,0.0,141281.5165101824,141281.5165101824,16341.303986175206,-15404.146328259832,,2.0,0.19170690144845215,64.99876535652655,0.2349532769460365,True,False
2026-08-31,36,17000.0,0.0,13.0,0.0,2.0,0.0,-21698.089582433193,-21698.089582433193,0.0,150670.59489232735,150670.59489232735,17661.63614013506,-15114.0620560496,,1.9751552795031055,0.16614598125532518,64.99860960705875,0.20380493252345772,True,False
2026-08-31,36,18000.0,0.0,12.0,0.0,1.0,0.0,-29992.51015954508,-29992.51015954508,0.0,200351.56680592467,200351.56680592467,22567.52006833473,-17912.798295818262,,1.4570135746606334,0.15336552115876173,64.99814085083652,0.1884663373077141,True,False
2026-08-31,36,19000.0,0.0,2.0,0.0,2.0,0.0,-7458.764070430536,-7458.764070430536,0.0,48048.84706405588,48048.84706405588,5482.616845111344,-4089.7862090777026,,1.0657894736842108,0.025560920193126953,64.9992440956705,0.03149468383362227,True,False
2026-08-31,36,20000.0,0.0,342.0,0.0,100.0,0.0,-1913011.162671561,-1913011.162671561,0.0,11956347.78170863,11956347.78170863,1279501.6636482337,-873683.6937650429,,0.7576470588235295,11.641505588318827,64.88619200747233,5.407264742057287,True,False
2026-08-31,36,20500.0,0.0,3.0,0.0,1.0,0.0,-20806.827403386516,-20806.827403386516,0.0,128097.80921293206,128097.80921293206,13225.237657397392,-8644.011952212153,,0.6377952755905512,10.904483112573155,64.99864508619814,0.047569010846233335,True,False
2026-08-31,36,21000.0,0.0,5.0,0.0,3.0,0.0,-43161.9679432447,-43161.9679432447,0.0,262091.85046210673,262091.85046210673,26330.20681008086,-16557.52240059691,,0.5270049099836335,14.253755000973815,64.99737502445717,0.07957009393939564,True,False
2026-08-31,36,21500.0,0.0,15.0,0.0,10.0,0.0,-161385.84276650546,-161385.84276650546,0.0,971048.4505187009,971048.4505187009,95522.7871463417,-58268.32650649472,,0.43337819650067294,17.190361006428265,64.99038356526425,0.23979471369261676,True,False
2026-08-31,36,22000.0,0.0,683.0,0.0,200.0,0.0,-9198475.751823246,-9198475.751823246,0.0,55321437.182706654,55321437.182706654,5143663.966005043,-3005458.6932545234,,0.3488624052004334,28.263182089939853,64.45277421340631,10.981544372930287,True,True
2026-08-31,36,22200.0,0.0,2.0,0.0,2.0,0.0,-29324.61856648148,-29324.61856648148,0.0,175432.96391683718,175432.96391683718,16006.973772116415,-9143.109789759395,,0.3249243188698285,20.277831354098268,64.99816995006464,0.03223800906769753,True,True
2026-08-31,36,22400.0,2.0,2.0,2.0,1.0,-28964.662697966014,-32138.232782959185,-61102.8954809252,-5465097.42663463,192000.5699719478,-5273096.856662682,33418.38805929447,-18361.131401169234,0.10558151853528933,0.2984244670991659,23.991032055869425,34.996367778951864,0.06455942974714657,True,True
2026-08-31,36,22500.0,2.0,6.0,2.0,2.0,-34354.53537219835,-101669.59667419427,-136024.13204639262,-5417267.367756946,610263.8005896114,-4807003.567167334,70886.01494995462,-39512.291660765244,0.11147313691507811,0.27225130890052346,24.34637699353848,34.99191092367583,0.12958861116226728,True,True
2026-08-31,36,22600.0,0.0,2.0,0.0,1.0,0.0,-35355.01048580078,-35355.01048580078,0.0,211475.65666029116,211475.65666029116,18258.740446495984,-10051.504584561617,,0.2616033755274262,22.17745965437034,64.99782576912153,0.032443011002828995,True,True
2026-08-31,36,22800.0,0.0,4.0,0.0,1.0,0.0,-77456.96995317444,-77456.96995317444,0.0,462442.1657636382,462442.1657636382,38998.97652588119,-21090.301427707473,,0.24844720496894418,22.59770569131793,64.99535957944909,0.0651153831509966,True,True
2026-08-31,36,23000.0,0.0,8.0,0.0,1.0,0.0,-170045.41555414497,-170045.41555414497,0.0,1015955.777705497,1015955.777705497,83376.1917040818,-44423.474986854155,,0.22695035460992907,23.293733042474635,64.98986908236358,0.1307451577098311,True,True
2026-08-31,36,23200.0,0.0,1.0,0.0,1.0,0.0,-23298.219902328747,-23298.219902328747,0.0,139365.83647208425,139365.83647208425,11127.700005711959,-5851.016274981053,,0.2086843810758264,23.75224902782177,64.99850633852405,0.0164125805422113,True,True
2026-08-31,36,23500.0,0.0,6.0,0.0,2.0,0.0,-159981.9387890788,-159981.9387890788,0.0,961654.9536732326,961654.9536732326,73351.1306636031,-37989.49593294848,,0.18161308516638475,24.628290205587835,64.99046693387335,0.09916192720295679,True,True
2026-08-31,36,23600.0,0.0,2.0,0.0,1.0,0.0,-55751.356311918455,-55751.356311918455,0.0,335942.1064938392,335942.1064938392,25156.0116145555,-12866.526251861937,,0.17321140398063467,24.829218800774083,64.99663865173831,0.0331363805913908,True,True
2026-08-31,36,23700.0,0.0,2.0,0.0,1.0,0.0,-58303.59285680417,-58303.59285680417,0.0,352159.1493775025,352159.1493775025,25880.302116598818,-13075.807951801975,,0.16521292970754226,25.069173028966862,64.99648887307336,0.03322314334870656,True,True
2026-08-31,36,23800.0,0.0,2.0,0.0,1.0,0.0,-61001.878928537415,-61001.878928537415,0.0,369442.4010615389,369442.4010615389,26621.54883593038,-13292.826612871222,,0.15745721271393637,25.301844538775036,64.99633034227045,0.033314871029700474,True,True
2026-08-31,36,24000.0,1.0,349.0,2.0,3.0,-32467.31116767441,-11665636.747815166,-11698104.05898284,-2623485.6005693297,71099654.6885852,68476169.08801588,4924657.821829522,-2405565.052823702,0.14547813194959228,0.14266725742135586,30.689637820891857,64.30406915111192,6.403529092363651,True,True
2026-08-31,36,24200.0,0.0,2.0,0.0,2.0,0.0,-73195.53805344358,-73195.53805344358,0.0,448353.89739166,448353.89739166,29686.368461432892,-14198.742081083667,,0.12978637646110436,27.85567162313824,64.99561207660688,1.757431388746281,True,True
2026-08-31,36,24300.0,0.0,2.0,0.0,1.0,0.0,-76613.1504661039,-76613.1504661039,0.0,470956.2451339527,470956.2451339527,30451.234223884352,-14429.60275171103,,0.12351361718450334,28.63637658599596,64.99541036541541,2.3500697543382327,True,True
2026-08-31,36,24400.0,0.0,1.0,0.0,1.0,0.0,-40079.138323471125,-40079.138323471125,0.0,247239.38306630158,247239.38306630158,15601.822139372194,-7327.517008994716,,0.11833455076698311,29.371490302984693,64.99755498666258,2.9257294103160856,True,True
2026-08-31,36,24500.0,0.0,6.0,0.0,6.0,0.0,-251494.86745667335,-251494.86745667335,0.0,1557041.467548144,1557041.467548144,95805.06952725066,-44619.16477054788,,0.11060869565217375,30.259690441471477,64.98502871268285,3.6035414408808024,True,True
2026-08-31,36,24600.0,0.0,1.0,0.0,1.0,0.0,-43815.404143930486,-43815.404143930486,0.0,272321.7202940583,272321.7202940583,16317.4884101975,-7540.51235292752,,0.10400794965220284,30.986332705547483,64.99733830087567,4.110900793024899,True,True
2026-08-31,36,24700.0,0.0,1.0,0.0,1.0,0.0,-45787.177756394696,-45787.177756394696,0.0,286032.29828309495,286032.29828309495,16639.576632844917,-7639.756983170189,,0.10135347812401632,31.658489035952762,64.99722363856634,4.703490007623697,True,True
2026-08-31,36,24800.0,0.0,2.0,0.0,1.0,0.0,-95606.51087911504,-95606.51087911504,0.0,600269.1896329935,600269.1896329935,33870.9559971131,-15456.939808123685,,0.09700598802395202,32.39421638361095,64.99428729476503,5.313326352524186,True,True
2026-08-31,36,24900.0,0.0,3.0,0.0,1.0,0.0,-149569.02761190227,-149569.02761190227,0.0,943536.1033425573,943536.1033425573,51608.89138041414,-23412.824389972076,,0.08899030233884765,33.23998959882034,64.99108610770196,5.923303544100817,True,True
2026-08-31,36,25000.0,1.0,7.0,2.0,19.0,-51977.06627006078,-363634.18334126874,-415611.2496113295,-2482433.4332336797,2303594.7304916754,-178838.7027420043,140002.25353420168,-62872.756841058304,0.14170962010073865,0.08331064524911522,33.19081917378046,34.975358790573665,6.602972591074555,True,True
2026-08-31,36,25100.0,0.0,1.0,0.0,1.0,0.0,-54145.68235933311,-54145.68235933311,0.0,345188.56315250706,345188.56315250706,17846.41524644685,-7897.652072262728,,0.07453416149068326,34.83315727319152,64.99673537074503,7.073862891510258,True,True
2026-08-31,36,25200.0,0.0,10.0,0.0,1.0,0.0,-564383.0917902896,-564383.0917902896,0.0,3620286.9196082586,3620286.9196082586,181716.56585900727,-79280.03061512811,,0.068931560807484,35.70878161911625,64.9664202038631,7.824315553103323,True,True
2026-08-31,36,25300.0,0.0,1.0,0.0,10.0,0.0,-58804.79456168651,-58804.79456168651,0.0,377797.8328934276,377797.8328934276,18523.036731152246,-7947.512463321521,,0.09411208323480731,35.430863989987174,64.99646194672528,8.259065646192342,True,True
2026-08-31,36,25400.0,2.0,5.0,2.0,1.0,-122543.09446842468,-306597.2091349353,-429140.30360335996,-4839572.754961118,2000505.233221561,-2839067.5217395574,131213.70011746266,-55692.68599353379,0.15216604716950097,0.11754308440123726,34.87779445860939,34.9744753445314,8.957900684385733,True,True
2026-08-31,36,25500.0,3.0,6.0,3.0,10.0,-191618.74200373085,-383271.0958455596,-574889.8378492905,-7199385.8931620335,2497021.9997457946,-4702363.893416239,171471.40902299332,-71574.64137553441,0.1567903534472539,0.0713522751548815,36.11937510789125,34.96580248138298,9.586618719117169,True,True
2026-08-31,36,25600.0,0.0,8.0,0.0,1.0,0.0,-532108.4356909334,-532108.4356909334,0.0,3534681.8516473486,3534681.8516473486,152117.48874713734,-63352.38876496602,,0.12343718991863463,36.418140563827365,64.96834015155576,10.162065996354155,True,True
2026-08-31,36,25700.0,0.0,8.0,0.0,8.0,0.0,-554048.2776893177,-554048.2776893177,0.0,3682938.3127976856,3682938.3127976856,153870.8568673667,-63050.93139508151,,0.14378585086042073,36.400202920133474,64.96703510164204,10.755334021337873,True,True
2026-08-31,36,25800.0,0.0,6.0,0.0,4.0,0.0,-432212.9126764542,-432212.9126764542,0.0,2898855.5240944633,2898855.5240944633,115580.89466373925,-46880.63863257552,,0.13139745916515444,37.33881593535803,64.97428209440379,11.312473312998815,True,True
2026-08-31,36,25900.0,0.0,4.0,0.0,1.0,0.0,-299511.5248827811,-299511.5248827811,0.0,2024652.552279191,2024652.552279191,76974.88067987551,-30889.9104298731,,0.12886508896182416,37.981748305824496,64.98217438393839,11.869243216446344,True,True
2026-08-31,36,26000.0,3.0,22.0,3.0,9.0,-233362.48467938643,-1710383.624473423,-1943746.1091528095,-6850353.242510074,11670082.067507308,4819728.824997234,478159.1221725264,-190054.36532920477,0.19012189330378346,0.11718365337272277,38.09902962111915,64.88436170048686,12.845692627247619,True,True
2026-08-31,36,26100.0,0.0,2.0,0.0,2.0,0.0,-161270.12272598027,-161270.12272598027,0.0,1110849.8029131568,1110849.8029131568,37819.0796577318,-14900.502243466362,,0.11639881416757686,39.51521999857817,64.99039239359414,13.018346972802771,True,True
2026-08-31,36,26200.0,2.0,11.0,1.0,1.0,-167156.95200483763,-918838.7703255889,-1085995.7223304266,-4464840.678926253,6392899.369974972,1928058.691048719,243125.332955839,-94643.93442815928,0.2036648660099565,0.11066607328289577,39.02532757983458,64.93538536735272,13.814131199998164,True,True
2026-08-31,36,26300.0,0.0,4.0,0.0,1.0,0.0,-345930.3465743951,-345930.3465743951,0.0,2432573.315357809,2432573.315357809,74572.00822718136,-28456.349320448484,,0.10520377943872519,41.061676329756224,64.97941412925917,14.240909952997752,True,True
2026-08-31,36,26400.0,4.0,12.0,4.0,1.0,-358213.8054749003,-1074085.309567456,-1432299.1150423563,-8707754.995703138,7637536.072774433,-1070218.9229287058,296146.9994822166,-110738.80374215712,0.21883391743662098,0.10001340662287171,40.18096755774404,34.91480526572485,15.057809768870174,True,True
2026-08-31,36,26500.0,5.0,17.0,4.0,3.0,-462882.9417051057,-1574065.6457833345,-2036948.5874884403,-10732751.767867425,11324012.909656048,591261.1417886224,401748.04488419136,-147284.3947925228,0.22607299683648904,0.09533520265103232,40.81175937146268,64.87879474478608,15.76461026213993,True,True
2026-08-31,36,26600.0,1.0,1.0,1.0,2.0,-95709.89852756874,-95725.82138699984,-191435.7199145686,-2115624.9909385336,697060.8704643057,-1418564.1204742277,35829.01284997123,-12872.251573272897,0.23492188074857134,0.09112942317014049,41.079025787623245,34.98862189257787,15.981983368884018,True,True
2026-08-31,36,26700.0,1.0,3.0,1.0,2.0,-98871.77647585359,-297579.2918828326,-396451.06835868617,-2083421.6279966976,2180386.287830463,96964.65983376559,70279.81359636108,-24643.181708523058,0.24420354546613943,0.09865053513261977,41.44506724217535,64.97626007888863,16.612716132800607,True,True
2026-08-31,36,26800.0,1.0,156.0,1.0,1.0,-102002.01047750075,-15947201.604141714,-16049203.614619214,-2049717.0305145264,118799840.36408702,116750123.33357249,2661055.7474177545,-914408.0938306485,0.2535106580658863,0.09465111160026414,43.91338448549838,64.04521845364826,20.127296464389794,True,True
2026-08-31,36,26900.0,0.0,2.0,0.0,1.0,0.0,-210857.80877391284,-210857.80877391284,0.0,1591970.368939418,1591970.368939418,32500.79763145481,-10914.827890035549,,0.08837696335078543,45.096052999559426,64.98744645886744,17.760210172486097,True,True
2026-08-31,36,27000.0,0.0,21.0,0.0,2.0,0.0,-2281125.7177021387,-2281125.7177021387,0.0,17458747.64339748,17458747.64339748,324005.3406345652,-106119.86408264512,,0.08293460925039865,46.09467454896542,64.86429294011371,18.719901374005072,True,True
2026-08-31,36,27100.0,0.0,1.0,0.0,1.0,0.0,-111727.64330270952,-111727.64330270952,0.0,867906.7437528066,867906.7437528066,14462.352520306891,-4608.589657829307,,0.09102977432201773,46.18873257944528,64.99333594004248,18.926264069643537,True,True
2026-08-31,36,27200.0,0.0,1.0,0.0,1.0,0.0,-114700.5394541773,-114700.5394541773,0.0,905426.4591319229,905426.4591319229,13356.484257788272,-4124.687224993323,,0.08708194356801578,46.899689686625024,64.9931597959848,19.518887317197496,True,True
2026-08-31,36,27300.0,0.0,2.0,0.0,1.0,0.0,-235269.76144883997,-235269.76144883997,0.0,1887552.3317731482,1887552.3317731482,24882.653877532655,-7316.028008247994,,0.08458436990649387,47.579919541126934,64.98599564554405,20.131128790043757,True,True
2026-08-31,36,27400.0,0.0,128.0,0.0,1.0,0.0,-15430116.712205049,-15430116.712205049,0.0,125910193.67057486,125910193.67057486,1466084.2509753245,-405057.14847332815,,0.08069258412283563,49.89953327136337,64.08204849423336,23.208387531744783,True,True
2026-08-31,36,27500.0,2.0,4.0,2.0,2.0,-246150.34870581355,-493318.54825321137,-739468.896959025,-3573848.4345089593,4101148.596912786,527300.1624038266,61713.8027390756,-15763.565268259925,0.04175760221155236,0.07894327894327888,49.543103630504916,64.95597988994182,21.395795554613137,True,True
2026-08-31,36,27600.0,0.0,10.0,0.0,9.0,0.0,-1260106.8183552986,-1260106.8183552986,0.0,10682978.748160267,10682978.748160267,90050.81264717928,-20586.992908644603,,0.09581546650894585,49.122796877504946,64.92503371891095,22.0684989677738,True,True
2026-08-31,36,27800.0,3.0,1.0,1.0,2.0,-393585.86375624896,-131695.83433558792,-525281.6980918369,-4965818.935188635,1156954.5327131953,-3808864.40247544,24212.082340588615,-3303.329735322741,0.041872340425531764,0.058684654300168636,51.59726756042782,34.96875446209887,23.134839733763343,True,True
2026-08-31,36,28000.0,0.0,2.0,0.0,9.0,0.0,-270969.9478943551,-270969.9478943551,0.0,2501160.9163289047,2501160.9163289047,5230.360242742293,1021.6225451102287,,0.034818602386169975,53.22054785865448,64.9838737592373,24.279997702469803,True,True
2026-08-31,36,28200.0,0.0,9.0,0.0,1.0,0.0,-1261585.1004850995,-1261585.1004850995,0.0,12111897.93100974,12111897.93100974,-9023.644275467888,17093.397091461185,,0.04954804151322395,53.20399351630651,64.92494594024146,24.758883008357508,True,True
2026-08-31,36,28300.0,0.0,12.0,0.0,1.0,0.0,-1702622.0862702287,-1702622.0862702287,0.0,16745386.04515664,16745386.04515664,-35495.410994208876,31473.20291395193,,0.04914974145743379,52.66176171371022,64.89870859981306,24.228215472596183,True,True
2026-08-31,36,28400.0,3.0,4.0,1.0,1.0,-429447.11718759435,-572339.6727018921,-1001786.7898894865,-4099356.8864704533,5785291.82366705,1685934.937196597,-35090.46314826758,23492.541241526786,0.055460122699386556,0.050249211677347146,51.894189456739724,64.94039391445445,23.533765724330976,True,True
2026-08-31,36,28500.0,9.0,55.0,1.0,4.0,-1294104.3105649056,-7928139.578601057,-9222243.889165962,-11834401.638025215,82409839.08881235,70575437.45078714,-456629.4243612572,261876.9352938122,0.06230366492146585,0.04722573122145578,51.97285257119134,64.45136028434989,24.11106834442306,True,True
2026-08-31,36,28600.0,7.0,2.0,1.0,1.0,-1014728.1374581556,-289603.15633788466,-1304331.2937960404,-8831008.66125418,3101995.5193549367,-5729013.141899244,-83696.39834497655,43410.015913213894,0.06242513915310358,0.04677060133630277,50.68240991612338,34.92240678783092,22.390247418183666,True,True
2026-08-31,36,28700.0,2.0,2.0,2.0,1.0,-289932.2664011857,-290531.6181626352,-580463.8845638209,-2418380.102034315,3208506.828538369,790126.7265040539,-45662.26573784663,22115.752094815274,0.06959015774775458,0.044002838892831714,49.96002658881318,64.96544870222247,21.69501469797105,True,True
2026-08-31,36,28800.0,1.0,13.0,1.0,3.0,-145144.91811273427,-1893167.3673085046,-2038312.285421239,-1155855.117245016,21555937.62660892,20400082.509363905,-189884.73775979909,87161.4217723744,0.07392932747109589,0.03983522317067981,49.49273569520128,64.8787382513482,21.308257393874133,True,True
2026-08-31,36,28850.0,0.0,1.0,0.0,1.0,0.0,-145524.64829833448,-145524.64829833448,0.0,1684661.9863726555,1684661.9863726555,-14578.97050702233,6555.931674169734,,0.039114728231532725,49.56335503434677,64.99133370519763,20.744584064076072,True,True
2026-08-31,36,28900.0,0.0,4.0,0.0,4.0,0.0,-582547.4256191308,-582547.4256191308,0.0,6847521.7139139585,6847521.7139139585,-62461.02854267852,27542.44914862597,,0.040988939492517786,49.24920898452706,64.96534154420848,20.51004115840205,True,True
2026-08-31,36,29000.0,10.0,127.0,1.0,5.0,-1453015.1884839681,-18432115.172226477,-19885130.360710446,-10469177.466084108,224200406.7142029,213731229.24811882,-2459923.770093375,1038214.6198344103,0.07161470900492235,0.041257979137474705,49.89306585544988,63.81701581320599,22.651241108748636,True,True
2026-08-31,36,29100.0,0.0,8.0,0.0,5.0,0.0,-1152436.685116516,-1152436.685116516,0.0,14555358.79964034,14555358.79964034,-162414.95477906938,65938.16126198339,,0.0404574749469135,48.13123039216206,64.93143948459229,19.40685230701006,True,True
2026-08-31,36,29150.0,0.0,1.0,0.0,2.0,0.0,-143308.52241564327,-143308.52241564327,0.0,1846532.830217116,1846532.830217116,-21427.64540561979,8554.086336029231,,0.04016474104311706,47.754288096320174,64.99146632503025,18.96694217365264,True,True
2026-08-31,36,29200.0,1.0,18.0,1.0,7.0,-142084.01520820678,-2558887.214949892,-2700971.2301580985,-940855.4762996433,33702076.934402734,32761221.45810309,-425925.997436672,167876.66164900252,0.07617964752700399,0.04188034188034201,47.12211767596178,64.83931635793594,19.038798422105156,True,True
2026-08-31,36,29300.0,0.0,2.0,0.0,1.0,0.0,-280840.9832028344,-280840.9832028344,0.0,3856045.725622374,3856045.725622374,-49128.63777643094,18799.146660660066,,0.039622899303183495,46.894540531775206,64.98328862977311,18.098454846919516,True,True
2026-08-31,36,29400.0,1.0,10.0,1.0,1.0,-137363.8454483855,-1359315.2329053306,-1496679.078353716,-834998.3507074883,19686527.682658497,18851529.331951007,-281371.67776525003,107420.35775166535,0.10889341479972851,0.19516620229378606,43.04483521077737,64.91096043286277,17.68784988982965,True,True
2026-08-31,36,29500.0,11.0,14.0,15.0,2.0,-1478890.2345010804,-1864683.538849593,-3343573.7733506733,-8621190.622769298,28276234.887825165,19655044.265055865,-682313.8910932129,254991.5707436417,0.11407297096053598,0.18742040689548056,42.669733056132046,64.80108705497837,17.376800383983625,True,True
2026-08-31,36,29600.0,3.0,62.0,3.0,1.0,-394062.24926434347,-8229250.420081985,-8623312.669346329,-2199415.188584352,129694559.40296087,127495144.21437651,-1921457.2501258042,692494.681150848,0.12290502793296082,0.15499848988221077,42.94227717604756,64.486991330965,17.58858433276208,True,True
2026-08-31,36,29700.0,4.0,2.0,4.0,2.0,-511626.1173805916,-254215.3382001721,-765841.4555807636,-2735907.8489541016,4240146.823276903,1504238.974322801,-181736.76892911317,65313.687634520364,0.14293507910529188,0.17055151480442127,41.06196170437251,64.95442943786827,15.807335849519461,True,True
2026-08-31,36,29800.0,0.0,2.0,0.0,2.0,0.0,-249308.51929946546,-249308.51929946546,0.0,4378714.859952909,4378714.859952909,-65464.37060843505,22446.770575677507,,0.20362141746278611,39.01197406418867,64.98516498846881,15.134771984484944,True,True
2026-08-31,36,29900.0,0.0,1.0,0.0,1.0,0.0,-119230.59856350528,-119230.59856350528,0.0,2219799.271604967,2219799.271604967,-32814.711382217705,11314.672940249857,,0.2481666799036349,37.07031354630696,64.99290010812945,14.522207265377313,True,True
2026-08-31,36,29950.0,0.0,1.0,0.0,1.0,0.0,-116875.88579311885,-116875.88579311885,0.0,2241799.127307396,2241799.127307396,-33193.58815788284,11366.878240043143,,0.2468155757905932,36.81458557741837,64.99304025840271,14.225866125120312,True,True
2026-08-31,36,30000.0,13.0,7.0,2.0,1.0,-1490818.1067267638,-801938.3070904542,-2292756.413817218,-7039781.959652035,15867716.549329007,8827934.589676972,-676226.383391223,228241.0048300926,0.0719135026401811,0.2395682171134702,39.493394704386255,64.86360017965912,14.300364329101436,True,True
2026-08-31,36,30050.0,1.0,0.0,1.0,0.0,-112197.22499969974,0.0,-112197.22499969974,-518864.20382730116,0.0,-518864.20382730116,-34157.90242243314,11427.439832189186,0.08579802824407139,,41.05258981925432,34.993354196394506,13.633184890447575,True,True
2026-08-31,36,30100.0,5.0,2.0,1.0,1.0,-548290.0287933801,-219228.80340288457,-767518.8321962648,-2490574.784102577,4620867.56591114,2130292.7818085635,-239603.1986431249,79958.70637912955,0.08377846499859434,0.23028522462969772,38.69599699045163,64.95433257977022,13.452924695694591,True,True
2026-08-31,36,30200.0,6.0,2.0,1.0,1.0,-627285.1148942894,-209127.6275424825,-836412.742436772,-2736208.812349869,4703592.644115735,1967383.831765866,-274913.14315874764,90982.9448376149,0.09813232035454258,0.2214578523300194,38.03335802014445,64.95023343663489,12.87836510780841,True,True
2026-08-31,36,30300.0,10.0,1.0,11.0,1.0,-993796.9002817163,-99506.28940986008,-1093303.1896915764,-4151314.321329417,2390675.301604805,-1760639.0197246121,-379244.1142207742,123805.25139411312,0.10435408420295071,0.21315789473684219,37.510350122045985,34.934966939081974,12.341437548278886,True,True
2026-08-31,36,30400.0,11.0,2.0,1.0,1.0,-1033911.9022296292,-188466.40053410537,-1222378.3027637345,-4170641.911534874,4855164.595201346,684522.6836664723,-448350.98873286525,143655.8150267134,0.13031161473087816,0.20529859228818745,36.67191543649033,64.92725771296297,11.784544370366753,True,True
2026-08-31,36,30500.0,6.0,3.0,2.0,1.0,-529560.0240850307,-266150.50254380656,-795710.5266288372,-2054061.1555114752,7388136.462303192,5334075.306791717,-307715.080445473,97009.79764444518,0.13579676674364885,0.19785870848086332,36.05759238846269,64.95265965993251,11.11503545300021,True,True
2026-08-31,36,30600.0,6.0,0.0,2.0,0.0,-495297.0422941711,0.0,-495297.0422941711,-1856816.0811486696,0.0,-1856816.0811486696,-201852.97552640142,62667.49660438408,0.15932914046121596,,35.65168673814452,34.970542416138784,10.46543908670101,True,True
2026-08-31,36,30700.0,3.0,18.0,2.0,7.0,-230671.38619704632,-1375957.1802957007,-1606628.566492747,-835710.4390432737,45705233.70018889,44869523.261145614,-689929.9828853441,211296.87369663856,0.18399044205495824,0.18943971031035373,34.42929338339008,64.90441990127138,10.145004824230476,True,True
2026-08-31,36,30800.0,5.0,0.0,3.0,0.0,-357180.73797829926,0.0,-357180.73797829926,-1251463.7607683833,0.0,-1251463.7607683833,-159215.778466033,48846.19879852132,0.21009549795361537,,32.930871184156594,34.97876298571571,9.260078919834342,True,True
2026-08-31,36,30900.0,2.0,0.0,1.0,0.0,-132537.17865182576,0.0,-132537.17865182576,-449205.01051454677,0.0,-449205.01051454677,-61568.29698792509,18855.083180623777,0.24199843871975021,,31.342919396323165,34.99214863744401,8.613058336578643,True,True
2026-08-31,36,31000.0,21.0,1.0,26.0,2.0,-1286294.8336911863,-60411.07601317255,-1346705.9097043588,-4227456.959029605,2617765.848892685,-1609691.1101369197,-650251.2317639057,195494.44256155728,0.2750000000000001,0.17100583297766403,31.57587208062229,34.919892584488665,8.374222815541696,True,True
2026-08-31,36,31100.0,1.0,0.0,1.0,0.0,-56205.88480244385,0.0,-56205.88480244385,-179257.45880921005,0.0,-179257.45880921005,-28190.30646271254,8361.404518616484,0.3244353182751541,,27.671988180445105,34.99673993991078,7.409798538457026,True,True
2026-08-31,36,31200.0,8.0,0.0,12.0,0.0,-411144.9620026784,0.0,-411144.9620026784,-1276230.4951589913,0.0,-1276230.4951589913,-214207.3162454117,62980.76043884846,0.37455830388692574,,25.66523964820821,34.97555237336201,6.938686371332037,True,False
2026-08-31,36,31300.0,3.0,60.0,1.0,1.0,-140661.1614152357,-3360397.615620366,-3501058.7770356014,-425751.9949920374,156516120.21626866,156090368.2212766,-1696355.6484284285,558154.4506932459,0.4345479082321188,0.15673579281387223,28.143136369877418,64.79171879890374,7.3103361012037915,True,True
2026-08-31,36,31400.0,1.0,0.0,10.0,0.0,-42623.16575355588,0.0,-42623.16575355588,-125670.28254294956,0.0,-125670.28254294956,-24031.42143848133,7021.965960473992,0.4945567651632971,,20.790778220121748,34.9975836689164,5.6317702430327055,True,False
2026-08-31,36,31500.0,7.0,0.0,1.0,0.0,-271954.9672227455,0.0,-271954.9672227455,-783238.0021074252,0.0,-783238.0021074252,-159537.88661339518,46732.917535460416,0.5765124555160143,,17.816268085559926,34.98384030801522,5.1407675200188025,True,False
2026-08-31,36,31600.0,4.0,0.0,1.0,0.0,-141658.50866164747,0.0,-141658.50866164747,-398609.1093528638,0.0,-398609.1093528638,-85612.25555483886,24974.235120958772,0.6558044806517312,,14.806643766639036,34.99161023990273,4.49695424708219,True,False
2026-08-31,36,31700.0,6.0,0.0,2.0,0.0,-192876.64554159838,0.0,-192876.64554159838,-531415.8333541744,0.0,-531415.8333541744,-118913.13824166714,34299.63863259016,0.7505827505827507,,11.396334404341887,34.988553822993666,3.9374143372500647,True,False
2026-08-31,36,31800.0,2.0,0.0,1.0,0.0,-58207.85399827244,0.0,-58207.85399827244,-157475.89662918274,0.0,-157475.89662918274,-36745.86341489468,10527.70961665899,0.8617021276595745,,7.419109067091228,34.99663241498817,3.277831865411206,True,False
2026-08-31,36,32000.0,28.0,0.0,5.0,0.0,-665891.249040147,0.0,-665891.249040147,-1746265.0870651153,0.0,-1746265.0870651153,-445726.10811012436,127327.43979935421,1.1065292096219932,,2.417420490269737,34.960394126249255,2.5195801893824954,True,False
2026-08-31,36,32100.0,8.0,0.0,1.0,0.0,-172462.35860113133,0.0,-172462.35860113133,-446479.2689500775,0.0,-446479.2689500775,-119331.69926760727,34200.14729746345,1.255813953488372,,1.569289103778777,34.9897736567861,1.5978727441987335,True,False
2026-08-31,36,32200.0,3.0,0.0,3.0,0.0,-58816.29815509806,0.0,-58816.29815509806,-150515.0706965116,0.0,-150515.0706965116,-42130.81006661855,12143.46997686064,1.4086956521739133,,0.9128646187362717,34.996600623168256,0.9233843734468785,True,False
2026-08-31,36,32300.0,8.0,0.0,1.0,0.0,-143492.13651601246,0.0,-143492.13651601246,-363742.90143962705,0.0,-363742.90143962705,-106365.11633868197,30905.652976212456,1.5555555555555554,,0.38424473465939835,34.99150476279668,0.41184353832776477,True,False
2026-08-31,36,32400.0,6.0,0.0,2.0,0.0,-98638.88242339162,0.0,-98638.88242339162,-247652.70283252106,0.0,-247652.70283252106,-74962.83221042217,21889.09583808309,1.7319034852546917,,0.07668276057938087,34.994192453474426,0.09707658259681978,True,False
2026-08-31,36,32500.0,39.0,0.0,2.0,0.0,-588553.7086301751,0.0,-588553.7086301751,-1466795.6338594817,0.0,-1466795.6338594817,-447983.380480451,130415.62729428863,1.9053254437869827,,0.49843794376597556,34.96499664202219,0.6292096937520028,True,False
2026-08-31,36,32600.0,5.0,0.0,1.0,0.0,-70478.98767652719,0.0,-70478.98767652719,-175898.3317308935,0.0,-175898.3317308935,-53866.00550833858,15756.222529362769,1.9873817034700314,,0.06390230048281738,34.99589241829713,0.08049873041647217,True,False
2026-08-31,36,32700.0,1.0,0.0,2.0,0.0,-13354.181053361572,0.0,-13354.181053361572,-33574.793394415065,0.0,-33574.793394415065,-10250.86126806568,3027.5398728740724,1.986885245901639,,0.012780460096563476,34.99965229830066,0.016074534983260152,True,False
2026-08-31,36,32800.0,2.0,0.0,5.0,0.0,-25385.951378818205,0.0,-25385.951378818205,-64362.8997634689,0.0,-64362.8997634689,-19582.51541123309,5845.225852318042,1.9864406779661015,,0.025560920193126953,34.99872281703523,0.0321041148853438,True,False
2026-08-31,36,32900.0,7.0,0.0,10.0,0.0,-84422.80737296958,0.0,-84422.80737296958,-215756.9618324425,0.0,-215756.9618324425,-65507.19466463484,19758.66075150862,1.9859649122807015,,0.08946322067594432,34.99504713434248,0.11221387238458294,True,False
2026-08-31,36,33000.0,81.0,0.0,1.0,0.0,-931833.5195768921,0.0,-931833.5195768921,-2403207.9902789295,0.0,-2403207.9902789295,-727377.8931547975,221899.6103807332,1.9855595667870034,,1.0352172678216416,34.94457063560153,1.2969430387328582,True,False
2026-08-31,36,33200.0,1.0,0.0,1.0,0.0,-10560.656670888986,0.0,-10560.656670888986,-27791.813782427198,0.0,-27791.813782427198,-8341.984520513799,2607.303725960823,1.9849056603773583,,0.012780460096563476,34.999911444986594,0.015979569695447074,True,False
2026-08-31,36,33400.0,4.0,0.0,4.0,0.0,-38803.456456741675,0.0,-38803.456456741675,-104057.09752000945,0.0,-104057.09752000945,-31081.70711472154,9945.48325235718,1.984189723320158,,0.051121840386253906,34.997835698056186,0.06380136489606145,True,False
2026-08-31,36,33500.0,4.0,0.0,4.0,0.0,-37380.779513581685,0.0,-37380.779513581685,-101305.55158004777,0.0,-101305.55158004777,-30129.624327088994,9761.72663254626,1.9839357429718874,,0.051121840386253906,34.997924249580656,0.06375300128548408,True,False
2026-08-31,36,33600.0,5.0,0.0,10.0,0.0,-45027.72386619877,0.0,-45027.72386619877,-123287.7093150862,0.0,-123287.7093150862,-36531.3032792807,11981.861475573414,1.983673469387755,,0.06390230048281738,34.99744292624377,0.07963351992891769,True,False
2026-08-31,36,33900.0,3.0,0.0,3.0,0.0,-25480.26085237969,0.0,-25480.26085237969,-73033.15039429552,0.0,-73033.15039429552,-20752.610075942663,7120.02308020606,2.0,,0.03834138028969043,34.99868953995784,0.04772788325677807,True,False
2026-08-31,36,34000.0,7.0,0.0,1.0,0.0,-57272.775213582405,0.0,-57272.775213582405,-165562.89688411742,0.0,-165562.89688411742,-46998.48552911902,16302.36979573778,2.0,,0.08946322067594432,34.99668339105244,0.11129091261579493,True,False
2026-08-31,36,34400.0,4.0,0.0,4.0,0.0,-27992.140300320523,0.0,-27992.140300320523,-83262.03709148783,0.0,-83262.03709148783,-23840.826964297994,8615.58599078782,2.0,,0.051121840386253906,34.998514874609334,0.06343383642311358,True,False
2026-08-31,36,34500.0,2.0,0.0,1.0,0.0,-13526.63711144933,0.0,-13526.63711144933,-40555.167887473894,0.0,-40555.167887473894,-11618.242049335167,4243.598459285188,2.0,,0.025560920193126953,34.99956514573959,0.03170095993179025,True,False
2026-08-31,36,35000.0,3.0,0.0,2.0,0.0,-17363.454731745638,0.0,-17363.454731745638,-54169.16189800635,0.0,-54169.16189800635,-15529.910660532994,5979.978677680199,2.0,,0.03834138028969043,34.99924393782155,0.04745195409925745,True,False
2026-08-31,36,36000.0,1.0,0.0,1.0,0.0,-4524.511011418056,0.0,-4524.511011418056,-15285.837494980999,0.0,-15285.837494980999,-4326.020366215338,1843.3401504704927,2.0,,0.012780460096563476,35.00071206911901,0.015774372163100514,True,False
2026-08-31,36,36500.0,0.0,1.0,0.0,1.0,0.0,-5.962535750508601e-05,-5.962535750508601e-05,0.0,2812834.2028312646,2812834.2028312646,0.0,0.0,,0.07836754524474684,27.661754102754156,64.9999946672987,0.0156205623422712,True,True
2026-08-31,36,37000.0,44.0,0.0,1.0,0.0,-163529.11609051732,0.0,-163529.11609051732,-595073.181051823,0.0,-595073.181051823,-157882.4325264456,72958.60767244619,2.0,,0.5623402442487929,34.99029671417168,0.6928638816962909,True,False
2026-08-31,36,38000.0,171.0,0.0,2.0,0.0,-535897.6555565541,0.0,-535897.6555565541,-2088897.3621796214,0.0,-2088897.3621796214,-514597.3261819661,255007.43284200592,2.0,,2.1854586765123547,34.968126151971646,2.689333890951397,True,False
2026-08-31,36,39000.0,13.0,0.0,1.0,0.0,-13423.748167356602,0.0,-13423.748167356602,-44468.05342060973,0.0,-44468.05342060973,-16281.931605737454,7543.203460551655,2.0,,0.16614598125532518,34.99953872249415,0.20352364798594783,True,False
2026-08-31,36,40000.0,446.0,0.0,1.0,0.0,-1066066.417937218,0.0,-1066066.417937218,-4709207.174605917,0.0,-4709207.174605917,-1031559.9578462269,580767.5051720064,2.0,,5.700085203067311,34.93658194451285,7.003011512740944,True,False
2026-09-04,40,15000.0,0.0,10.0,0.0,2.0,0.0,-10283.520565354516,-10283.520565354516,0.0,83397.15298725308,83397.15298725308,9646.042193116422,-8617.180875808037,,1.9854545454545451,0.12780460096563476,64.9992083641038,0.15655520957263952,True,False
2026-09-04,40,16000.0,0.0,9.0,0.0,2.0,0.0,-12210.351687765205,-12210.351687765205,0.0,92932.2621170711,92932.2621170711,10755.912032570011,-8758.707125595241,,1.9873817034700314,0.1150241408690713,64.99911218915297,0.14100014946078285,True,False
2026-09-04,40,17000.0,0.0,9.0,0.0,2.0,0.0,-17574.37088300142,-17574.37088300142,0.0,127995.38953921913,127995.38953921913,14290.94300565652,-10746.551715740025,,1.5555555555555554,0.1150241408690713,64.99883729421731,0.1411824981919794,True,False
2026-09-04,40,18000.0,0.0,8.0,0.0,1.0,0.0,-22948.34731072931,-22948.34731072931,0.0,160820.41179165762,160820.41179165762,17841.038361502713,-12542.701962619925,,1.1541218637992834,0.10224368077250781,64.99854151121636,0.1257446230770058,True,False
2026-09-04,40,22500.0,0.0,1.0,0.0,1.0,0.0,-18181.45470105222,-18181.45470105222,0.0,115855.48358464263,115855.48358464263,9596.84447195058,-4725.367178018506,,0.23154848046309687,23.06632604620366,64.9987888985387,0.01623863715977299,True,True
2026-09-04,40,23000.0,0.0,5.0,0.0,5.0,0.0,-113089.38474118774,-113089.38474118774,0.0,722348.9789283499,722348.9789283499,56069.69728316699,-26720.709067378226,,0.18819403857393333,24.418081143264818,64.99325144621689,0.08194726211587816,True,True
2026-09-04,40,23200.0,0.0,5.0,0.0,5.0,0.0,-123134.75779565392,-123134.75779565392,0.0,789186.750539799,789186.750539799,59471.828541841984,-28082.111850574318,,0.17228464419475648,24.89536297464012,64.99265559670008,0.08228875251033921,True,True
2026-09-04,40,23600.0,0.0,1.0,0.0,1.0,0.0,-29200.549091363628,-29200.549091363628,0.0,188850.46234302496,188850.46234302496,13247.684644508223,-5977.343421810539,,0.14215467143495747,25.748140317047834,64.99818340582345,0.016613229011120712,True,True
2026-09-04,40,23800.0,0.0,1.0,0.0,1.0,0.0,-31826.40805681666,-31826.40805681666,0.0,206764.51239953673,206764.51239953673,13959.254010643815,-6165.300310342975,,0.13158970167552111,26.06508940983093,64.99803407268982,0.016702494547507437,True,True
2026-09-04,40,24000.0,0.0,6.0,0.0,4.0,0.0,-208225.3183373867,-208225.3183373867,0.0,1360472.58792151,1360472.58792151,88056.09343014157,-38148.2342993944,,0.12001490868430859,27.014893127708987,64.98760146477588,0.6394595786441896,True,True
2026-09-04,40,24200.0,0.0,2.0,0.0,1.0,0.0,-75635.34302936612,-75635.34302936612,0.0,497392.4634102911,497392.4634102911,30752.712537385756,-13094.623957149324,,0.11005434782608708,28.447632482188755,64.99547022886391,1.7575143294154942,True,True
2026-09-04,40,24500.0,0.0,3.0,0.0,1.0,0.0,-128671.18556672941,-128671.18556672941,0.0,856108.4522893829,856108.4522893829,48992.39104289187,-20413.054718700725,,0.09506938293475047,30.687528442704487,64.99232771544055,3.552504388012496,True,True
2026-09-04,40,24600.0,0.0,2.0,0.0,1.0,0.0,-89348.7681273311,-89348.7681273311,0.0,597214.6216791836,597214.6216791836,33208.430254702675,-13754.096978262514,,0.09126760563380275,31.381323486196045,64.99465944564554,4.128069252724806,True,True
2026-09-04,40,25000.0,0.0,14.0,0.0,1.0,0.0,-732158.6120711458,-732158.6120711458,0.0,4997945.55678324,4997945.55678324,248448.49727086522,-98619.57579719997,,0.07988787666433074,34.246169614677726,64.95644023081017,6.707456927709036,True,True
2026-09-04,40,25200.0,0.0,12.0,0.0,12.0,0.0,-678779.0369304114,-678779.0369304114,0.0,4689518.201775068,4689518.201775068,219402.5462881847,-84848.20883051616,,0.07268862911795972,35.62163048999511,64.95961563189027,7.859445544450966,True,True
2026-09-04,40,25400.0,0.0,16.0,0.0,14.0,0.0,-978099.6850630157,-978099.6850630157,0.0,6848824.354673847,6848824.354673847,298828.5694050506,-112833.59500487596,,0.06992466679544124,36.9407155691763,64.94180978839702,9.117147506907788,True,True
2026-09-04,40,25500.0,0.0,13.0,0.0,1.0,0.0,-825680.283556208,-825680.283556208,0.0,5820851.102142065,5820851.102142065,244530.09076574136,-91280.12798344773,,0.06449235304956698,37.65786578582252,64.95087696756514,9.65762653818742,True,True
2026-09-04,40,25600.0,0.0,5.0,0.0,1.0,0.0,-329698.38130368845,-329698.38130368845,0.0,2346105.7519876887,2346105.7519876887,94250.20414844928,-34855.63416735926,,0.14178190092770876,35.82945785326545,64.98037955606678,10.108323421093553,True,True
2026-09-04,40,25800.0,0.0,27.0,0.0,1.0,0.0,-1915262.26627024,-1915262.26627024,0.0,13847405.284794744,13847405.284794744,507469.3574206877,-183993.85905933558,,0.12824184566427987,37.7018740024121,64.88605825864246,11.690921080418265,True,True
2026-09-04,40,26000.0,0.0,35.0,0.0,1.0,0.0,-2661146.106067594,-2661146.106067594,0.0,19577663.26393893,19577663.26393893,645340.9932855759,-229807.42388654235,,0.1154680943423527,39.3723745919618,64.84168528171898,13.02628611624793,True,True
2026-09-04,40,26200.0,0.0,4.0,0.0,2.0,0.0,-324824.2484576242,-324824.2484576242,0.0,2437688.183199809,2437688.183199809,72953.45705539329,-25120.614625963703,,0.10623192216671043,40.43830986335698,64.98066976277352,13.647670270966108,True,True
2026-09-04,40,26400.0,0.0,3.0,0.0,2.0,0.0,-259868.3194753035,-259868.3194753035,0.0,1991778.6790293078,1991778.6790293078,53635.2120543277,-17763.854023031614,,0.09662760105237989,41.898703405809705,64.9845326712593,14.814885914276301,True,True
2026-09-04,40,26500.0,0.0,1.0,0.0,2.0,0.0,-89482.41073242057,-89482.41073242057,0.0,692056.4928088484,692056.4928088484,17611.77984589619,-5710.052612509237,,0.09842069123369193,42.41187196473691,64.99465493718478,15.370374740171583,True,True
2026-09-04,40,26600.0,0.0,3.0,0.0,2.0,0.0,-277114.33223448694,-277114.33223448694,0.0,2164454.1430662135,2164454.1430662135,51719.03104960705,-16410.951723098653,,0.09871949217467432,43.02099104126025,64.98350729140232,16.00051655805846,True,True
2026-09-04,40,27000.0,0.0,8.0,0.0,2.0,0.0,-830365.7326950344,-830365.7326950344,0.0,6808853.7986125415,6808853.7986125415,116506.32701237794,-33604.62557824014,,0.09827115559599636,45.46843217734217,64.95059859995126,18.467515775762998,True,True
2026-09-04,40,27200.0,0.0,3.0,0.0,3.0,0.0,-327543.4416959819,-327543.4416959819,0.0,2764125.0068833567,2764125.0068833567,37967.374310990526,-10207.577764435313,,0.09381733797447377,46.72318877462441,64.98050872224427,19.557363992638592,True,True
2026-09-04,40,28400.0,0.0,1.0,0.0,1.0,0.0,-134477.47733067683,-134477.47733067683,0.0,1433039.9963246258,1433039.9963246258,-4639.6263705819265,2974.46353938316,,0.04804021071963659,51.96194039022225,64.99198934784494,23.410558348285846,True,True
2026-09-04,40,28500.0,0.0,1.0,0.0,1.0,0.0,-136038.21528042035,-136038.21528042035,0.0,1482518.0344688243,1482518.0344688243,-6647.605309278145,3607.09974075412,,0.05462653288740241,51.17182854062959,64.99189684749138,22.818089220692304,True,True
2026-09-04,40,28600.0,0.0,1.0,0.0,1.0,0.0,-136374.01488160924,-136374.01488160924,0.0,1531535.719118062,1531535.719118062,-8626.377611033211,4218.84802442067,,0.05218317358892434,50.65260713502424,64.99187719430347,22.225578451571113,True,True
2026-09-04,40,29000.0,0.0,1.0,0.0,1.0,0.0,-137349.1053210627,-137349.1053210627,0.0,1733524.3955832687,1733524.3955832687,-16615.870177883677,6559.589920595594,,0.046308825740490084,48.458748832238506,64.99182032650184,19.855522861331636,True,True
2026-09-04,40,29500.0,0.0,5.0,0.0,3.0,0.0,-648834.480003722,-648834.480003722,0.0,9935374.540930884,9935374.540930884,-132481.17604940146,45110.72169899905,,0.04010163161600392,45.7334755735609,64.96139874911856,16.97278202818784,True,True
2026-09-04,40,29600.0,0.0,1.0,0.0,1.0,0.0,-125607.0293333676,-125607.0293333676,0.0,2023166.5289578172,2023166.5289578172,-27113.620650717243,9263.498839507793,,0.17458743950084543,41.05525731206971,64.99252011183162,16.29999058451119,True,True
2026-09-04,40,29800.0,0.0,4.0,0.0,4.0,0.0,-477627.4602678373,-477627.4602678373,0.0,8434915.420692353,8434915.420692353,-116735.14437182891,39103.36889420225,,0.24256268307758444,37.86929701593785,64.97158373864916,15.173774764684989,True,True
2026-09-04,40,30000.0,1.0,3.0,1.0,3.0,-113024.40217198586,-339850.89421002654,-452875.2963820124,-606415.1424758866,6636192.340062795,6029777.197586909,-130113.16393345608,40959.58472357971,0.15335077480378345,0.23675762439807385,38.10950715111815,64.9730555575938,13.987888950836453,True,True
2026-09-04,40,30200.0,0.0,1.0,0.0,2.0,0.0,-104823.08537111277,-104823.08537111277,0.0,2297244.3421739195,2297244.3421739195,-33889.08301355514,10358.426605571103,,0.2193554396423248,36.157084200467196,64.99375745172713,12.744150931245432,True,True
2026-09-04,40,30400.0,5.0,0.0,3.0,0.0,-479706.8011058012,0.0,-479706.8011058012,-2217139.812883004,0.0,-2217139.812883004,-169452.0736639832,51393.10232683084,0.09886398526251146,,38.63790530312847,34.971468580603116,11.634332906431952,True,True
2026-09-04,40,30500.0,1.0,1.0,2.0,2.0,-91472.7201735076,-91303.9459086218,-182776.6660821294,-408034.87647510954,2411355.251531675,2003320.3750565655,-68273.60411536763,20289.421041558977,0.11046312178387666,0.19719606612261972,36.358073477556985,64.98911896577224,10.984854955877378,True,True
2026-09-04,40,30600.0,10.0,0.0,1.0,0.0,-867557.8668746103,0.0,-867557.8668746103,-3741019.2582347905,0.0,-3741019.2582347905,-339775.8303634979,99701.03230502595,0.1228878648233486,,36.796046847666794,34.94839221937734,10.540576266360656,True,True
2026-09-04,40,30800.0,2.0,0.0,2.0,0.0,-153949.804963486,0.0,-153949.804963486,-622395.6928493523,0.0,-622395.6928493523,-66204.9852483002,18951.045824335615,0.15697674418604657,,34.48609241689397,34.99086548936655,9.206308438973338,True,True
2026-09-04,40,31200.0,1.0,0.0,1.0,0.0,-58871.52197727759,0.0,-58871.52197727759,-211904.86530906285,0.0,-211904.86530906285,-29537.55060828549,8272.566827980818,0.2319066147859923,,29.85532710056027,34.996568466869654,6.817366971685781,True,True
2026-09-04,40,31400.0,2.0,0.0,1.0,0.0,-101069.25886366598,0.0,-101069.25886366598,-346002.8590627781,0.0,-346002.8590627781,-54281.4136753587,14868.663959216336,0.29137760158572834,,26.898933587545372,34.994030651886625,5.649377668308021,True,True
2026-09-04,40,31500.0,6.0,0.0,2.0,0.0,-279361.37563540274,0.0,-279361.37563540274,-934130.9920507618,0.0,-934130.9920507618,-155323.74315992233,42285.03301684036,0.32735426008968616,,25.278233488253203,34.983396600627444,5.125398737011856,True,True
2026-09-04,40,31600.0,4.0,0.0,2.0,0.0,-170898.32768583004,0.0,-170898.32768583004,-557654.1102253497,0.0,-557654.1102253497,-98555.29280444689,26723.52481486748,0.37244897959183676,,23.30730879843587,34.98986000461464,4.497948248726369,True,False
2026-09-04,40,31800.0,2.0,0.0,2.0,0.0,-72425.97538323312,0.0,-72425.97538323312,-227027.35693451602,0.0,-227027.35693451602,-44793.292714454146,12192.288412030039,0.481421647819063,,18.827523462306576,34.99575738525701,3.27831520752841,True,False
2026-09-04,40,32000.0,14.0,0.0,14.0,0.0,-425929.35599974747,0.0,-425929.35599974747,-1279175.701640562,0.0,-1279175.701640562,-276406.5749717007,74177.18366511981,0.5862785862785863,,14.650136460560258,34.97467280953364,2.292734861334371,True,False
2026-09-04,40,32200.0,10.0,0.0,10.0,0.0,-258351.7567354749,0.0,-258351.7567354749,-758685.7314294653,0.0,-758685.7314294653,-174257.50518558186,46572.50010674284,0.7582697201017813,,8.254236236358778,34.98465019488702,1.0395114767742182,True,False
2026-09-04,40,32500.0,43.0,0.0,60.0,0.0,-854719.302718957,0.0,-854719.302718957,-2424739.1271894933,0.0,-2424739.1271894933,-625495.1798256749,167979.81789365105,1.0736842105263158,,0.5495597841522295,34.949158173622685,0.7007401878346556,True,False
2026-09-04,40,32600.0,2.0,0.0,1.0,0.0,-36569.83341533719,0.0,-36569.83341533719,-102771.49686146114,0.0,-102771.49686146114,-27583.25368711469,7449.070120920825,1.1937984496124032,,0.025560920193126953,34.99797038148311,0.032484308658889995,True,False
2026-09-04,40,32800.0,1.0,0.0,1.0,0.0,-15555.794786464488,0.0,-15555.794786464488,-42917.496070670524,0.0,-42917.496070670524,-12506.40341274064,3427.3899525026814,1.5011764705882353,,0.012780460096563476,34.999424071577806,0.01614937839007957,True,False
2026-09-04,40,33000.0,12.0,0.0,10.0,0.0,-160499.97667436342,0.0,-160499.97667436342,-437577.56443712994,0.0,-437577.56443712994,-129640.69762318487,35403.76770127666,1.798882681564246,,0.15336552115876173,34.99048599299069,0.19290291183596853,True,False
2026-09-04,40,33500.0,1.0,0.0,1.0,0.0,-10296.719662030653,0.0,-10296.719662030653,-28786.591922344513,0.0,-28786.591922344513,-8573.636014344347,2435.4306012911456,1.9862542955326459,,0.012780460096563476,34.999908496799954,0.01597059721102273,True,False
2026-09-04,40,34000.0,4.0,0.0,2.0,0.0,-34014.84425605607,0.0,-34014.84425605607,-99383.0057730913,0.0,-99383.0057730913,-29260.87225517421,8779.571751772944,1.9847908745247147,,0.051121840386253906,34.99812735633694,0.06363857700750153,True,False
2026-09-04,40,34500.0,4.0,0.0,3.0,0.0,-28834.33746884607,0.0,-28834.33746884607,-88076.72115181987,0.0,-88076.72115181987,-25655.386537429968,8131.477024072872,2.0,,0.051121840386253906,34.99845492371528,0.06346246674293689,True,False
2026-09-04,40,35500.0,4.0,0.0,2.0,0.0,-21488.672661120407,0.0,-21488.672661120407,-70971.35102520415,0.0,-70971.35102520415,-20592.104228624314,7224.9332839789795,2.0,,0.051121840386253906,34.99893296963366,0.06321275237601712,True,False
2026-09-04,40,36000.0,6.0,0.0,8.0,0.0,-28772.966578111787,0.0,-28772.966578111787,-98913.96185527755,0.0,-98913.96185527755,-28393.532399239448,10464.252487403923,2.0,,0.07668276057938087,34.99843991600107,0.09470150513259562,True,False
2026-09-11,47,30000.0,6.0,0.0,6.0,0.0,-665084.1777949875,0.0,-665084.1777949875,-3992909.1986172223,0.0,-3992909.1986172223,-188842.21084816105,51867.573467148424,0.15856095936042647,,39.22986527852635,34.96043730653875,14.026344072869648,True,True
2026-09-11,47,31000.0,49.0,0.0,59.0,0.0,-3554827.969341139,0.0,-3554827.969341139,-15462903.201041592,0.0,-15462903.201041592,-1652718.8956238483,401763.9994738341,0.15412026726057917,,33.98742398007709,34.78852108792364,8.871042654771927,True,True
2026-09-18,54,4000.0,0.0,34.0,0.0,1.0,0.0,-517.5681276251368,-517.5681276251368,0.0,7670.135503620734,7670.135503620734,981.0828317910294,-1315.60562271141,,2.0,0.4345356432831582,64.99801382744803,0.5311167141905356,True,False
2026-09-18,54,5000.0,0.0,12.0,0.0,1.0,0.0,-1334.7198122958603,-1334.7198122958603,0.0,24107.271985835545,24107.271985835545,1515.058032910631,-2157.0882169224737,,2.0,0.15336552115876173,64.99929840324955,0.18749212160890405,True,False
2026-09-18,54,6000.0,0.0,34.0,0.0,1.0,0.0,-4759.104614324738,-4759.104614324738,0.0,77790.38088960576,77790.38088960576,5425.1394998011865,-6917.764368540473,,2.0,0.4345356432831582,64.99952405320903,0.5312609043525246,True,False
2026-09-18,54,7000.0,0.0,12.0,0.0,16.0,0.0,-2087.9447277150853,-2087.9447277150853,0.0,31123.001379083664,31123.001379083664,2378.44391078336,-2737.620345582072,,2.0,0.15336552115876173,64.99939384313484,0.18751772733525088,True,False
2026-09-18,54,8000.0,0.0,1.0,0.0,1.0,0.0,-118.5162934649062,-118.5162934649062,0.0,1427.1186166854607,1427.1186166854607,169.4689076167175,-166.25012365436586,,2.0,0.012780460096563476,64.98948962013752,0.015624591277306709,True,False
2026-09-18,54,9000.0,0.0,23.0,0.0,1.0,0.0,-6164.830333431462,-6164.830333431462,0.0,77790.694995972,77790.694995972,6928.967492955358,-6610.327608232251,,2.0,0.29395058222096,64.99944042611251,0.35948250596703396,True,False
2026-09-18,54,10000.0,0.0,12.0,0.0,4.0,0.0,-4044.5888817687646,-4044.5888817687646,0.0,47351.59954596926,47351.59954596926,4501.74799232746,-3940.0247879398585,,2.0,0.15336552115876173,64.99944261133325,0.1875842430515279,True,False
2026-09-18,54,11000.0,0.0,5.0,0.0,2.0,0.0,-2152.291614564034,-2152.291614564034,0.0,23518.733580205273,23518.733580205273,2379.977557839472,-1921.882964678791,,2.0,0.06390230048281738,64.99923419592862,0.07817597841274779,True,False
2026-09-18,54,12000.0,0.0,40.0,0.0,1.0,0.0,-21852.279082741326,-21852.279082741326,0.0,223005.50646549437,223005.50646549437,24248.392622833748,-18099.342323191915,,2.0,0.511218403862539,64.99863272584233,0.6255653573504572,True,False
2026-09-18,54,13000.0,0.0,8.0,0.0,2.0,0.0,-5623.24076386782,-5623.24076386782,0.0,53909.967602735385,53909.967602735385,6348.427874066632,-4407.623729863001,,1.98501872659176,0.10224368077250781,64.9993872318787,0.12515565963715256,True,False
2026-09-18,54,14000.0,0.0,22.0,0.0,2.0,0.0,-19967.85331856321,-19967.85331856321,0.0,180147.21983818733,180147.21983818733,21610.830708334932,-13768.699794026314,,1.9867986798679866,0.28117012212439646,64.99872882985144,0.3443311745591195,True,False
2026-09-18,54,15000.0,23.0,57.0,23.0,1.0,-12170.414723770022,-71350.12439213645,-83520.53911590647,-64611403.177733146,614817.0182989825,-63996586.15943416,86004.61681037801,-49368.77089307898,0.04883217534777415,1.703703703703704,4.734398621952908,34.99503152312472,1.2524842507982688,True,True
2026-09-18,54,15500.0,0.0,12.0,0.0,1.0,0.0,-18195.895710851975,-18195.895710851975,0.0,154403.76694074465,154403.76694074465,17387.72378686724,-9860.152034074166,,1.4570135746606334,0.15336552115876173,64.99882036269754,0.18806531382162286,True,False
2026-09-18,54,16000.0,0.0,31.0,0.0,1.0,0.0,-56463.399882564496,-56463.399882564496,0.0,470670.44221617543,470670.44221617543,52333.554477014586,-28694.33348114412,,1.2627450980392159,0.39619426299346777,64.99660907268466,0.4861568942334607,True,False
2026-09-18,54,16500.0,0.0,10.0,0.0,1.0,0.0,-21882.779128480506,-21882.779128480506,0.0,179391.05268971843,179391.05268971843,19880.781605133445,-10571.703484396225,,1.0915254237288137,0.12780460096563476,64.99861455823465,0.1569495239859222,True,False
2026-09-18,54,17000.0,0.0,100.0,0.0,3.0,0.0,-262867.0259355443,-262867.0259355443,0.0,2124386.7727868836,2124386.7727868836,236873.81405927186,-122668.45298432253,,0.9154518950437318,3.814489158344393,64.9843547456367,1.5709923445989964,True,False
2026-09-18,54,17500.0,0.0,26.0,0.0,1.0,0.0,-81971.74535702499,-81971.74535702499,0.0,655247.1616953278,655247.1616953278,72671.09115523592,-36564.69334155462,,0.7630922693266832,7.439523882710154,64.99510053576726,0.40892123349924603,True,False
2026-09-18,54,18000.0,0.0,23.0,0.0,4.0,0.0,-86869.2557318999,-86869.2557318999,0.0,685510.7399288587,685510.7399288587,73084.10222227988,-35228.022864462015,,0.6437768240343348,10.980645861190915,64.99481018913974,0.3622260363381457,True,False
2026-09-18,54,18500.0,0.0,38.0,0.0,1.0,0.0,-172918.51808283108,-172918.51808283108,0.0,1346932.3421174213,1346932.3421174213,138607.59365893735,-64162.22142746204,,0.5441176470588235,14.162128071904709,64.98970178693419,0.5994596984477132,True,False
2026-09-18,54,19000.0,1.0,154.0,1.0,5.0,-3819.8065205810276,-842026.9567030652,-845846.7632236462,-2787810.653011331,6458140.43822971,3670329.785218379,652030.5368208062,-290147.39600234077,0.06685806043501544,0.45079365079365086,24.216195646537344,64.94967573584488,2.4499415497835866,True,True
2026-09-18,54,19500.0,0.0,14.0,0.0,2.0,0.0,-92846.52689677734,-92846.52689677734,0.0,704757.9821038443,704757.9821038443,69019.02217888209,-29737.710845053225,,0.3978494623655914,18.243442570384147,64.99445519354555,0.22184417138193846,True,False
2026-09-18,54,20000.0,0.0,119.0,0.0,21.0,0.0,-954220.6114828596,-954220.6114828596,0.0,7183702.495233333,7183702.495233333,690770.6378074781,-289555.7528394192,,0.35454545454545444,20.884511115127417,64.94323047785025,1.8912854522549445,True,False
2026-09-18,54,20400.0,0.0,61.0,0.0,1.0,0.0,-564063.4182386548,-564063.4182386548,0.0,4211357.850522545,4211357.850522545,398301.6694386007,-162240.72690078503,,0.29778672032193165,21.846006456232423,64.96643980304853,0.972029522843886,True,True
2026-09-18,54,20500.0,0.0,41.0,0.0,5.0,0.0,-393161.0811618034,-393161.0811618034,0.0,2930253.3884469573,2930253.3884469573,274637.5618567802,-110747.69048818947,,0.2923976608187135,21.752069039397696,64.97660537808821,0.6538084861799035,True,True
2026-09-18,54,20600.0,0.0,24.0,0.0,25.0,0.0,-238998.76082514983,-238998.76082514983,0.0,1779495.7280202417,1779495.7280202417,165043.42814397707,-65917.21768927395,,0.2787193973634651,21.945149121413568,64.98577332149551,0.38301820996866065,True,True
2026-09-18,54,20700.0,0.0,27.0,0.0,26.0,0.0,-279247.1109110623,-279247.1109110623,0.0,2076834.486992983,2076834.486992983,190658.9305973581,-75425.59160473266,,0.2711555959963603,22.210404542716404,64.98338011812294,0.4312481313867346,True,True
2026-09-18,54,20800.0,0.0,20.0,0.0,19.0,0.0,-214845.57369566572,-214845.57369566572,0.0,1595867.7067808402,1595867.7067808402,145050.27816872264,-56842.96329579649,,0.2620932277924362,22.392812368158186,64.98720924619093,0.3197148779703721,True,True
2026-09-18,54,20900.0,0.0,1.0,0.0,2.0,0.0,-11154.062836532696,-11154.062836532696,0.0,82717.51812390747,82717.51812390747,7449.074931551124,-2891.5896082186805,,0.25361702127659586,22.40426982179869,64.99915509699568,0.015999742416209415,True,True
2026-09-18,54,21000.0,0.0,89.0,0.0,2.0,0.0,-1039906.2258633617,-1039906.2258633617,0.0,7747244.623110501,7747244.623110501,683517.1524425147,-263738.61908226146,,0.20967741935483872,24.847138367948986,64.93813311621905,1.4255814469154304,True,True
2026-09-18,54,21100.0,0.0,2.0,0.0,2.0,0.0,-24101.278796576276,-24101.278796576276,0.0,178349.77801125107,178349.77801125107,15737.547881503884,-6000.341599320192,,0.234920634920635,22.977941872574075,64.99848208953523,0.03206044270468068,True,True
2026-09-18,54,21200.0,0.0,18.0,0.0,2.0,0.0,-225505.2468723416,-225505.2468723416,0.0,1666983.8592541176,1666983.8592541176,145617.27401660444,-55038.926431377186,,0.22835249042145603,23.37947356909446,64.98657549372658,0.28883612669087055,True,True
2026-09-18,54,21300.0,0.0,2.0,0.0,1.0,0.0,-26053.086968253836,-26053.086968253836,0.0,192402.71848495785,192402.71848495785,16637.519163372704,-6235.361816365686,,0.22189349112426027,23.368756186465315,64.99837211757986,0.03212679402272975,True,True
2026-09-18,54,21400.0,0.0,38.0,0.0,2.0,0.0,-514756.2270678315,-514756.2270678315,0.0,3798062.497084538,3798062.497084538,325106.71628196584,-120840.96158791677,,0.21270521056388292,24.104501166752925,64.96937274418332,0.6110804011782156,True,True
2026-09-18,54,21500.0,0.0,34.0,0.0,14.0,0.0,-478964.3066301627,-478964.3066301627,0.0,3531022.9771284275,3531022.9771284275,299192.0290219327,-110319.83739784191,,0.20385674931129474,24.318833163944316,64.97150173873113,0.5473814128307911,True,True
2026-09-18,54,21600.0,0.0,24.0,0.0,4.0,0.0,-351587.69773506006,-351587.69773506006,0.0,2589968.5449122414,2589968.5449122414,217237.18603383368,-79479.35800647289,,0.1980066445182725,24.366531706769347,64.97907794313278,0.3868456477620457,True,True
2026-09-18,54,21700.0,0.0,39.0,0.0,2.0,0.0,-594233.7387877199,-594233.7387877199,0.0,4375175.428853294,4375175.428853294,363145.47093033296,-131879.81472637627,,0.19090326713645106,24.771339929672447,64.96464507716928,0.6294027852109794,True,True
2026-09-18,54,21800.0,1.0,11.0,1.0,3.0,-14917.29645364767,-174296.12960277998,-189213.42605642765,-2708432.6664556316,1282697.795707195,-1425734.8707484365,114707.39236732115,-41249.75422177812,0.09485662546135364,0.18406423718344664,25.969552581486756,34.98875404563651,0.1938790196522391,True,True
2026-09-18,54,21900.0,0.0,9.0,0.0,1.0,0.0,-148268.9116618095,-148268.9116618095,0.0,1090704.0737125864,1090704.0737125864,88659.44033674993,-31745.93127124318,,0.1774865991661704,24.790426165883957,64.9911655978119,0.14562543227142785,True,True
2026-09-18,54,22000.0,0.0,96.0,0.0,1.0,0.0,-1643593.0981816428,-1643593.0981816428,0.0,12084027.630020548,12084027.630020548,972395.7236416672,-345808.4788215168,,0.16091954022988506,26.399337962373544,64.90221994135209,1.5554475945720387,True,True
2026-09-18,54,22100.0,0.0,11.0,0.0,1.0,0.0,-195773.91371168144,-195773.91371168144,0.0,1439474.0052399451,1439474.0052399451,114559.31627574634,-40488.83246275135,,0.16389811738648943,25.22364153946752,64.988342815034,0.17848147974282969,True,True
2026-09-18,54,22200.0,0.0,25.0,0.0,4.0,0.0,-462428.64353330375,-462428.64353330375,0.0,3401142.9268367197,3401142.9268367197,267614.73676969367,-94035.49559615426,,0.15679999999999988,25.61551150241409,64.97248529783553,0.40623422529673314,True,True
2026-09-18,54,22300.0,0.0,3.0,0.0,2.0,0.0,-57627.71011891047,-57627.71011891047,0.0,423845.1759268757,423845.1759268757,32990.560525591776,-11524.822135419125,,0.15432098765432098,25.40871175066006,64.9965362859989,0.048820729194049,True,True
2026-09-18,54,22400.0,0.0,18.0,0.0,4.0,0.0,-359287.5685582243,-359287.5685582243,0.0,2645924.4843961126,2645924.4843961126,203298.72889778332,-70691.05160553924,,0.14441147378832847,25.897704068088288,64.97861999343934,0.2933840292482689,True,True
2026-09-18,54,22500.0,0.0,187.0,0.0,2.0,0.0,-3878114.6488735937,-3878114.6488735937,0.0,28617211.33420675,28617211.33420675,2167896.3224956417,-750924.9060157583,,0.14055080721747384,28.173421821533157,64.76928698118694,3.0528808688559534,True,True
2026-09-18,54,22600.0,0.0,17.0,0.0,1.0,0.0,-365630.9248267112,-365630.9248267112,0.0,2698237.3178861565,2698237.3178861565,201947.408298574,-69189.4620133899,,0.13296652911508483,26.228271948189036,64.97824273143607,0.27797910800194797,True,True
2026-09-18,54,22700.0,0.0,6.0,0.0,1.0,0.0,-133968.3482363073,-133968.3482363073,0.0,989692.3495480051,989692.3495480051,73028.62552653953,-24741.402045090712,,0.1280353200883002,26.235623157930377,64.99201494742962,0.09827760053325041,True,True
2026-09-18,54,22800.0,0.0,19.0,0.0,1.0,0.0,-440596.9576389017,-440596.9576389017,0.0,3259210.1052591163,3259210.1052591163,236932.52444253227,-79400.26259872648,,0.12234494477485136,26.572480398589164,64.97378389221477,0.3117686875757899,True,True
2026-09-18,54,22900.0,1.0,16.0,1.0,3.0,-24321.69303183507,-385344.1736895564,-409665.8667213915,-2630174.460455642,2853573.4535780125,223398.99312237045,217167.0462741219,-72025.1722612846,0.11708029197080298,0.11697341513292443,26.70646221508567,64.97556146856599,0.2794760668103616,True,True
2026-09-18,54,23000.0,1.0,250.0,1.0,4.0,-25255.54073166438,-6263371.342584351,-6288626.883316016,-2622958.552842624,46531906.328123964,43908947.77528134,3283990.4485972626,-1078479.6001253019,0.11913692576224598,0.1064996084573218,29.82334747094391,64.62588364388888,4.134541727112796,True,True
2026-09-18,54,23100.0,4.0,26.0,4.0,4.0,-104920.53853693954,-676611.9282594784,-781532.466796418,-10461530.075648151,5031714.198199199,-5429815.877448953,401872.5256207521,-130728.5330947043,0.1212802751816747,0.09954751131221712,27.070997005488522,34.95350869997253,0.4951849059510842,True,True
2026-09-18,54,23200.0,4.0,43.0,2.0,1.0,-108972.06809982879,-1162841.2649690565,-1271813.3330688854,-10429967.448286034,8661556.669141635,-1768410.7791443989,644471.1549827027,-207522.19534559821,0.12345821547460976,0.09427121102248005,27.334740227082133,34.924347174213764,0.7774014631192363,True,True
2026-09-18,54,23300.0,2.0,10.0,1.0,4.0,-56592.58357615906,-280942.0922714206,-337534.6758475796,-5198483.467018586,2095165.182419371,-3103318.284599215,168343.99695971,-53710.84970452991,0.1257691553987849,0.09284467713787094,26.874158033108923,34.979924595029864,0.1989211700854296,True,True
2026-09-18,54,23400.0,20.0,9.0,20.0,2.0,-577407.0115620769,-262584.8837510161,-839991.895313093,-52024821.1344582,1959645.950653464,-50065175.183804736,416995.47058772895,-130545.80162732137,0.12383572607673446,0.09555854643337812,27.079719255148653,34.95002843358629,0.481551659880319,True,True
2026-09-18,54,23500.0,6.0,206.0,1.0,6.0,-178904.84257758205,-6247873.292102963,-6426778.134680545,-15578622.7442322,46753590.67430071,31174967.930068508,3110298.3221872463,-972553.8320572774,0.1281684966733336,0.0813428018076178,29.56678806325718,64.61766476335626,3.5300362192680623,True,True
2026-09-18,54,23600.0,3.0,11.0,3.0,1.0,-93519.51885539528,-346750.8987792224,-440270.41763461765,-7751777.067075368,2602340.180544927,-5149436.886530441,209937.77868771274,-64957.24814244374,0.12808864957016194,0.0804953560371517,27.050166357242183,34.97381083365049,0.2336547752141685,True,True
2026-09-18,54,23800.0,0.0,69.0,0.0,1.0,0.0,-2346114.532004086,-2346114.532004086,0.0,17694814.201698545,17694814.201698545,1075304.6995386502,-328527.97414450237,,0.0731428571428572,28.687566032377166,64.86042670912828,1.1575744832858705,True,True
2026-09-18,54,24000.0,18.0,169.0,1.0,59.0,-652502.9630125256,-6187691.580327034,-6840194.54333956,-45823893.63661322,46903079.129940815,1079185.4933275953,3023110.957835332,-908336.3403052402,0.14099428584309173,0.06284658040665436,29.870990671970038,64.59305683477668,3.6922337943501344,True,True
2026-09-18,54,24200.0,5.0,50.0,4.0,3.0,-200515.06891305212,-1967686.8932614482,-2168201.9621745003,-12358401.123899098,15005358.568648966,2646957.4447498675,910659.2323236526,-272275.647033913,0.09522266081702112,0.06977311539399846,29.95169065892394,64.87100606719648,2.6565405060185148,True,True
2026-09-18,54,24400.0,0.0,69.0,0.0,1.0,0.0,-2913206.096818787,-2913206.096818787,0.0,22388918.083355684,22388918.083355684,1183420.8078090155,-345075.8274264082,,0.0675067506750675,31.765395592308476,64.82669010456726,4.08559901049359,True,True
2026-09-18,54,24500.0,63.0,168.0,1.0,9.0,-2752523.553729404,-7347026.371305398,-10099549.925034802,-156099850.69725433,56710856.0905938,-99388994.60666053,4032730.4751390014,-1159325.4618228949,0.13205017355237286,0.056155507559395246,33.630469616086955,34.39916893033047,7.45295057710612,True,True
2026-09-18,54,24600.0,10.0,30.0,15.0,2.0,-452674.73882035544,-1358852.973875065,-1811527.7126954205,-24639878.08222054,10524461.99010721,-14115416.09211333,709702.5763435322,-201324.82690492738,0.13505960774259704,0.05776023270309581,31.71271153219414,34.892231665533,4.780195741275264,True,True
2026-09-18,54,24800.0,8.0,11.0,1.0,1.0,-388796.66460890207,-534721.0231115931,-923517.6877204952,-19465966.25503675,4191825.285851423,-15274140.969185326,346172.7929403323,-95903.10201004887,0.1410772783416573,0.053292729349067376,32.60611373061021,34.94506009224297,5.607020582777553,True,True
2026-09-18,54,25000.0,66.0,305.0,1.0,3.0,-3416648.074549319,-15898130.490733283,-19314778.565282602,-161772239.8645932,125740284.91570532,-36031954.948887885,7010477.225622219,-1869742.9910842169,0.11667861752473833,0.08961518186610437,38.11102317821817,33.85094703600042,12.9157100330845,True,True
2026-09-18,54,25200.0,2.0,285.0,2.0,165.0,-111679.35921519628,-15911336.236596335,-16023015.595811531,-4733743.794450861,127428430.57120825,122694686.77675739,5410449.875266538,-1432772.185272847,0.14205901095155524,0.08614292627843195,37.893886831639044,64.04677640843734,12.67672435934409,True,True
2026-09-18,54,25400.0,1.0,33.0,1.0,7.0,-59706.884629908345,-1970210.242879684,-2029917.1275095923,-2329771.6649806304,15946840.717628697,13617069.052648067,644590.7398168861,-166949.87149757455,0.14967600905613246,0.10065515187611679,35.513536440793935,64.87923732050238,9.434073947028002,True,True
2026-09-18,54,25500.0,164.0,184.0,5.0,3.0,-10115697.197223967,-11343746.650926054,-21459443.848150022,-378879452.3694875,92683430.73060729,-286196021.63888025,6572668.908287827,-1687291.193422237,0.15384615384615383,0.06565297712093211,40.58160354515201,33.72335862420877,15.5919554780037,True,True
2026-09-18,54,25600.0,17.0,29.0,1.0,1.0,-1082102.6778217722,-1845178.450478482,-2927281.1283002542,-38922238.82615368,15197506.830541203,-23724731.99561248,862434.0389486721,-219543.62118156085,0.15747668171780765,0.06802721088435375,37.224355356023395,34.82585407063383,10.837070769189562,True,True
2026-09-18,54,25800.0,8.0,17.0,1.0,2.0,-541241.1726029112,-1151338.2688413803,-1692579.4414442915,-17982181.487896744,9582116.499146685,-8400064.98875006,461898.4310570321,-114887.20649637739,0.16672769437324542,0.07216754983598289,37.94013978900894,34.89930872716796,11.652109898829268,True,True
2026-09-18,54,26000.0,208.0,283.0,1.0,2.0,-14930598.983189449,-20318508.734987196,-35249107.71817665,-458216641.98887855,172525083.80902725,-285691558.1798513,9008673.798984619,-2160833.9848973243,0.17686873543662399,0.05585045003461803,45.17351944419669,32.902999238380616,21.25708360741176,True,True
2026-09-18,54,26200.0,5.0,16.0,1.0,3.0,-380335.77712388686,-1217535.2608065384,-1597871.0379304253,-10772216.526216853,10528417.662342938,-243798.86387391575,378155.32353366906,-87274.330485991,0.1881672860260721,0.058998302207130746,40.13505152650183,34.905002754623624,13.956496794975216,True,True
2026-09-18,54,26400.0,49.0,85.0,2.0,10.0,-4048193.904124999,-6843805.674010259,-10891999.578135258,-104111432.91654086,60343284.56817069,-43768148.34837017,2395106.2640287913,-522663.638869488,0.11455286809128372,0.049199531433033836,44.01548571716615,34.352025586434685,17.222616699987164,True,True
2026-09-18,54,26500.0,328.0,186.0,1.0,4.0,-26574583.77942015,-15386572.467096029,-41961156.246516176,-675858284.2841734,137149253.9839824,-538709030.3001909,8377983.980248409,-1852445.2872109995,0.11726495726495711,0.05108055009823195,49.3956861208369,32.503693468426505,24.807142175632556,True,True
2026-09-18,54,26600.0,8.0,95.0,2.0,17.0,-699247.1307308302,-8075074.3056256985,-8774321.43635653,-16539298.288992869,72677060.78092878,56137762.49193591,1701782.8774967482,-359492.19243696413,0.1229545662309169,0.04619394266199343,44.72339418276318,64.47800753536555,17.851433602932893,True,True
2026-09-18,54,26800.0,14.0,22.0,3.0,2.0,-1266237.1845834365,-1968178.7106505432,-3234415.8952339794,-27942154.356999274,18108417.28946233,-9833737.067536943,550179.3764545394,-110107.92328806623,0.10507948817371073,0.04370137394471111,45.357662427030135,34.80758324289695,17.80157234384411,True,True
2026-09-18,54,27000.0,242.0,2402.0,4.0,7.0,-22637635.13117952,-225287616.9947322,-247925252.1259117,-466540380.80001783,2122891810.5057945,1656351429.7057767,35476299.370249435,-6688654.937509877,0.023878437047756895,0.04177466077145903,81.12106319247513,50.25070591784227,68.04325803382775,True,True
2026-09-18,54,27200.0,14.0,203.0,2.0,3.0,-1367985.7898876003,-19874954.383274082,-21242940.17316168,-26101267.849643115,192389870.45841512,166288602.608772,2581110.9554838925,-436210.8542821747,0.024446056817547558,0.042654693419391015,51.26621612096913,63.73623847805487,23.611178950967936,True,True
2026-09-18,54,27400.0,5.0,16.0,2.0,8.0,-510598.80861931876,-1631492.6002198018,-2142091.4088391205,-8987479.443956845,16252331.421620317,7264851.977663472,211761.13001256852,-30098.64849349637,0.020799854461659713,0.04099579696087947,50.02586679337806,64.8725630094168,21.085263669460687,True,True
2026-09-18,54,27500.0,405.0,378.0,2.0,11.0,-42161096.53083362,-39310916.21686985,-81472012.74770346,-713595784.3652335,397324210.98513925,-316271573.3800943,7074405.238236522,-877400.376973995,0.02137211508061978,0.04163818283512523,60.338879874121034,30.15315744289494,36.277458745106486,True,True
2026-09-18,54,27600.0,63.0,6.0,4.0,14.0,-6680140.651815699,-635585.9977929968,-7315726.649608696,-108710382.07365859,6524876.379372073,-102185505.69428651,543793.7656799535,-54626.24811772342,0.02197947262466582,0.03940298507462687,51.83057115298118,34.56478105237421,23.19597169866606,True,True
2026-09-18,54,27700.0,2.0,42.0,1.0,11.0,-215770.2118377284,-4531030.56478569,-4746800.776623419,-3376678.4500517026,47229020.485528335,43852342.03547663,291461.99328933324,-19704.58353909189,0.02269043760129666,0.035946023542922714,52.14477178345288,64.71760825182159,23.3106497171218,True,True
2026-09-18,54,27800.0,5.0,192.0,2.0,21.0,-548291.1045961321,-21094408.185183417,-21642699.289779548,-8252185.590719477,223131344.55921564,214879158.96849614,1046392.3576950963,-18514.292200947566,0.023447927563940697,0.03362459904877777,54.7161633807593,63.71245647254443,26.867490540611694,True,True
2026-09-18,54,27900.0,3.0,10.0,2.0,1.0,-334090.47681986785,-1113263.861599084,-1447354.3384189517,-4835957.833352841,12008797.130921654,7172839.297568813,50302.718528329,3564.018152745922,0.023957979065109807,0.0275657336726039,53.04031311567638,64.91389351004402,23.899292649472322,True,True
2026-09-18,54,27950.0,1.0,30.0,1.0,1.0,-112155.78583883075,-3371132.8263906026,-3483288.6122294334,-1592563.4454924457,36603811.55763588,35011248.112143435,97992.98797359012,14227.720581128824,0.024450634478489736,0.032407648621893416,53.486603934254326,64.7927756295002,24.545935031494796,True,True
2026-09-18,54,28000.0,164.0,274.0,4.0,9.0,-18508500.54754514,-31017891.207165595,-49526391.754710734,-257974869.7158708,339663201.52812016,81688331.81224936,1055308.8900735034,283439.6860775446,0.02376049421827974,0.02943882244710219,59.03939678236052,62.05363065830785,32.76499083396909,True,True
2026-09-18,54,28050.0,0.0,1.0,0.0,1.0,0.0,-113960.11437724066,-113960.11437724066,0.0,1259280.519025493,1259280.519025493,1662.020854595091,835.9432613662273,,0.03277374091706344,53.565374334910956,64.99320849973861,24.555300715356395,True,True
2026-09-18,54,28100.0,1.0,15.0,1.0,2.0,-114374.22658234282,-1720095.1832245223,-1834469.409806865,-1533809.7317264562,19184722.42517317,17650912.693446714,14285.67722657344,16418.099614600593,0.026041016681226308,0.032132855107355224,54.16394647932243,64.89086493105572,25.14435860298143,True,True
2026-09-18,54,28125.0,1.0,1.0,1.0,1.0,-114350.71906364775,-115019.95725277562,-229370.67631642337,-1523946.161422123,1288849.3532412127,-235096.8081809103,983.3138791142442,2242.3577266311204,0.032249937011841846,0.03191592877298819,54.04327067416674,34.98641833740016,25.01923627447332,True,True
2026-09-18,54,28150.0,1.0,1.0,1.0,1.0,-115052.6079749533,-115357.28255405827,-230409.89052901155,-1514091.1295273849,1298750.628159869,-215340.50136751588,250.89634694921827,2434.2754895153203,0.02669623438099702,0.031700149347208155,54.021286877384064,34.98636236718952,24.910745574715058,True,True
2026-09-18,54,28175.0,1.0,0.0,1.0,0.0,-115377.58540886978,0.0,-115377.58540886978,-1504144.979868287,0.0,-1504144.979868287,-258.22049763056424,1313.280943796486,0.027032862633328977,,53.92533574807079,34.99314605711487,24.743083966640874,True,True
2026-09-18,54,28200.0,41.0,21.0,1.0,1.0,-4728775.369922649,-2436071.5610133517,-7164846.930936001,-61262212.21175745,27694053.44424798,-33568158.767509475,-40009.241231160464,87411.90915533224,0.03304992369740579,0.03108318768009834,54.40580247615854,34.57375732128502,25.787452986253314,True,True
2026-09-18,54,28250.0,0.0,5.0,0.0,1.0,0.0,-583025.8280249247,-583025.8280249247,0.0,6695225.991583405,6695225.991583405,-7112.767431111035,8038.343273185389,,0.03075497915701697,53.420402454326634,64.96531303379449,24.377072183571833,True,True
2026-09-18,54,28300.0,4.0,12.0,1.0,1.0,-467188.70063956,-1406388.135874053,-1873576.836513613,-5813832.006830405,16315105.372272588,10501273.365442183,-35721.912254287105,28887.152335841427,0.027417425706136676,0.03007313859991835,53.32501733322867,64.8885378168247,24.296509293591093,True,True
2026-09-18,54,28325.0,1.0,6.0,23.0,23.0,-117148.35498371106,-705614.6834203842,-822763.0384040952,-1443084.2081978475,8220197.693534403,6777113.485336555,-18522.28780031244,13345.217181564793,0.029101762895252355,0.02801170907453268,53.06751903126372,64.95105088068854,23.972071487076324,True,True
2026-09-18,54,28350.0,4.0,5.0,1.0,1.0,-469333.9785442469,-588760.5824444101,-1058094.560988657,-5731005.946236314,6901901.445764693,1170895.4995283792,-27542.233529651465,18041.88356529251,0.028238182934315403,0.02958474425236148,52.93430757706356,64.93704020143753,23.863182112408662,True,True
2026-09-18,54,28375.0,0.0,1.0,0.0,12.0,0.0,-117994.02971650814,-117994.02971650814,0.0,1390843.5444100911,1390843.5444100911,-3484.7508174366353,2106.618385026255,,0.02911850348539663,52.677722153389375,64.99296964526205,23.558128543008518,True,True
2026-09-18,54,28400.0,9.0,20.0,14.0,14.0,-1058213.8575695027,-2364832.975686925,-3423046.8332564277,-12708458.202315193,28027413.5735357,15318955.371220507,-113234.11364908316,63952.1014444403,0.03347847121432018,0.028225630270459174,52.83543807224345,64.7963589158427,23.959728333855203,True,True
2026-09-18,54,28425.0,1.0,4.0,6.0,6.0,-118018.86690549478,-473980.0973228012,-591998.964228296,-1401334.4862290705,5647854.064156775,4246519.577927705,-21688.30241122788,11537.109097814446,0.03025837508596125,0.02813000389492362,52.43031232134441,64.96477792202786,23.340463400515244,True,True
2026-09-18,54,28450.0,3.0,27.0,1.0,29.0,-355070.2607090122,-3205176.8361994172,-3560247.0969084296,-4171897.052462981,38409586.90725581,34237689.85479283,-143177.53111143716,72270.35021840365,0.031996012957886774,0.02759921145110144,52.58359059619703,64.78819729102068,23.683751898708362,True,True
2026-09-18,54,28475.0,1.0,2.0,3.0,1.0,-118449.28086401697,-237840.10642600336,-356289.38729002036,-1380136.458585054,2866479.494991111,1486343.0364060572,-15606.894335460696,7525.480024191527,0.031992733511631476,0.027332144979203842,52.09444281622218,64.97879393513112,23.004948284883003,True,True
2026-09-18,54,28500.0,414.0,128.0,49.0,41.0,-49169141.685850866,-15250747.450109966,-64419889.13596083,-566902174.8008611,184829053.43649194,-382073121.36436915,-3053565.913823232,1413530.6268355292,0.03297828758705453,0.02732585025434061,58.82029137187157,31.16760345651709,33.454129759991716,True,True
2026-09-18,54,28525.0,30.0,30.0,30.0,30.0,-3569039.0838986626,-3579529.5339802736,-7148568.617878936,-40758024.293339096,43640948.79525761,2882924.501918517,-364796.0665501435,162614.69975769136,0.033229491173416406,0.02697527266672206,52.513469669206906,64.5747200827276,23.829961383843738,True,True
2026-09-18,54,28550.0,11.0,16.0,1.0,1.0,-1309777.9263656,-1913950.4742099347,-3223728.4005755344,-14827564.64254975,23450496.411000278,8622931.768450528,-176254.24288952933,75930.19589572433,0.03261441346659653,0.02500722155738039,51.982330872122816,64.8082157865651,23.032928143140445,True,True
2026-09-18,54,28575.0,1.0,1.0,1.0,1.0,-119610.01136309684,-119704.06927993512,-239314.08064303198,-1336625.2044939017,1476350.8825775774,139725.67808367568,-13960.126027650942,5828.867259709773,0.028799314811840886,0.02646626368240491,51.55002967151477,64.98565563974704,22.39282898645109,True,True
2026-09-18,54,28600.0,3.0,38.0,1.0,4.0,-358455.48317160935,-4554400.820612696,-4912856.303784305,-3978714.638723905,56512992.727303684,52534278.08857978,-304542.60316809756,123623.6249138217,0.0346470333477696,0.02596772236379091,51.820099410881106,64.70772951713619,23.012776479880255,True,True
2026-09-18,54,28625.0,13.0,13.0,5.0,5.0,-1555208.523840705,-1559940.7187982954,-3115149.2426390005,-17100175.294978864,19474672.039026525,2374496.7440476604,-204374.8479299703,80930.36993352196,0.03513780608323268,0.02587829988382803,51.47424170946022,64.8146706798029,22.569224816199952,True,True
2026-09-18,54,28650.0,2.0,1.0,6.0,3.0,-238890.73309043076,-120255.35350416682,-359146.08659459755,-2610214.2383556445,1509171.4236238634,-1101042.8147317811,-24851.91659547203,9624.71960093169,0.041962699822380184,0.023985386387101935,50.95818087746302,34.9786477028573,21.968131574809867,True,True
2026-09-18,54,28700.0,22.0,119.0,1.0,1.0,-2640412.7341176043,-14326927.985738881,-16967340.719856486,-28219710.593771804,182172168.07711145,153952457.48333964,-1300150.4174299203,481381.63178073795,0.036563699925497135,0.02522578635938949,52.488002277377866,63.99059769053053,24.392100252031184,True,True
2026-09-18,54,28725.0,30.0,30.0,30.0,30.0,-3603918.305352071,-3615411.131433943,-7219329.436786014,-38153171.11330999,46255513.13992009,8102342.026610106,-579284.353248169,210616.45993102444,0.03686689538873064,0.025142680857627747,51.30135311399423,64.57051381031671,22.647322514234425,True,True
2026-09-18,54,28750.0,42.0,36.0,12.0,35.0,-5049233.891319402,-4342173.309133731,-9391407.200453132,-52955315.29327067,55902435.62429595,2947120.33102528,-787798.7007146226,281426.48530652886,0.03740633665702983,0.024981855685855113,51.37759160814455,64.44129173111575,22.854201427821696,True,True
2026-09-18,54,28775.0,0.0,2.0,0.0,2.0,0.0,-241390.72991454377,-241390.72991454377,0.0,3127652.542073812,3127652.542073812,-21150.088426640898,7420.265414521951,,0.024517593643586903,50.458441170501466,64.98563465454586,21.207855212597316,True,True
2026-09-18,54,28800.0,46.0,169.0,17.0,1.0,-5537248.968815497,-20409931.635680433,-25947180.60449593,-56990735.91542903,266145592.91589057,209154857.00046155,-2366877.254271544,818106.9446678901,0.038281582305401955,0.024286035529570395,52.829562166712584,63.456379043270125,25.260767493778648,True,True
2026-09-18,54,28825.0,31.0,31.0,16.0,17.0,-3733665.9429645557,-3745925.384543414,-7479591.32750797,-38066539.42828693,49161134.7007959,11094595.272508964,-709011.6741290933,241723.2355151189,0.038857706778511074,0.024429181362539514,50.71523217120728,64.55503109793223,22.094889003893098,True,True
2026-09-18,54,28850.0,118.0,114.0,5.0,1.0,-14248097.463470776,-13779149.566374665,-28027247.02984544,-143528135.6234114,182035776.8566393,38507641.23322791,-2759668.8270506803,927292.0219704552,0.03365565741554699,0.023975877031698102,52.82461014689024,63.33263372111931,25.300767392331498,True,True
2026-09-18,54,28900.0,82.0,82.0,7.0,93.0,-9885308.860019514,-9917168.973963555,-19802477.83398307,-97996087.2867678,132742846.59181574,34746759.305047944,-2090564.4639286282,685839.6502835267,0.04026845637583884,0.023600736169752112,51.56571289656888,63.82193252412532,23.66270872081912,True,True
2026-09-18,54,28925.0,1.0,0.0,1.0,0.0,-120566.76741904527,0.0,-120566.76741904527,-1184128.682572348,0.0,-1184128.682572348,-13143.221352591156,4269.48103664968,0.040757486403250144,,49.069680650775474,34.99284004315028,20.29934398762019,True,True
2026-09-18,54,28950.0,8.0,8.0,7.0,7.0,-964556.0925699563,-967684.291873695,-1932240.3844436514,-9385562.751322674,13126204.817816695,3740642.0664940216,-217696.4102686983,69860.08417795866,0.04125632153313814,0.023302758791656244,49.36759539330959,64.88504528849977,20.447109349220135,True,True
2026-09-18,54,28975.0,18.0,19.0,18.0,18.0,-2169994.549130551,-2300659.0652070935,-4470653.614337645,-20921292.617524,31390619.410484985,10469326.792960983,-519604.54427795997,164977.63549361218,0.04162724692526011,0.021840654517363608,49.50422219243006,64.73403540176726,20.71330344878618,True,True
2026-09-18,54,29000.0,511.0,864.0,1.0,2.0,-61718464.57939955,-104496540.74160935,-166215005.3210089,-587975292.7044004,1436581325.4360836,848606032.7316831,-19906957.80013059,6257010.22612464,0.03290877796901906,0.022871841217977747,66.57165648932649,55.11172127001001,46.963951340657616,True,True
2026-09-18,54,29025.0,45.0,46.0,45.0,45.0,-5422665.040578114,-5562069.010299125,-10984734.05087724,-51323288.05334106,76986985.15915254,25663697.105811477,-1352589.4507042011,421790.63397255563,0.059127039464509805,0.022659182478735555,49.62333113785532,64.3465078028556,21.48199754984251,True,True
2026-09-18,54,29050.0,15.0,19.0,13.0,13.0,-1806664.1529078493,-2296262.283731455,-4102926.4366393043,-16945790.14692474,32004944.91886048,15059154.771935739,-519313.1775166523,160565.73525030364,0.059773371104815926,0.02265129289759163,48.73713773532384,64.75591225578381,20.209549313441915,True,True
2026-09-18,54,29075.0,44.0,40.0,4.0,4.0,-5297170.639047872,-4826111.555962697,-10123282.195010569,-49231411.92604449,67793163.10738686,18561751.18134237,-1314980.773968805,403664.37594509847,0.06030078434194428,0.10744555124092514,47.948205120305175,64.39775611741604,21.047107642214883,True,True
2026-09-18,54,29100.0,121.0,121.0,101.0,100.0,-14632267.376880756,-14609254.156209951,-29241521.533090707,-133824428.92160264,206447885.0881487,72623456.16654608,-3916843.101581336,1187740.7635335843,0.04555170634628139,0.022502009107956005,51.314776571351764,63.26039563236933,24.01694656675655,True,True
2026-09-18,54,29125.0,27.0,26.0,1.0,5.0,-3244813.321971267,-3138509.5783006647,-6383322.900271932,-29632905.750025924,44648740.040665425,15015834.290639501,-879678.685377155,264688.57010860567,0.0601380948845497,0.11257135271472199,47.18130308478583,64.62024943616612,20.13946996905481,True,True
2026-09-18,54,29150.0,25.0,34.0,1.0,1.0,-3003528.930791328,-4099003.1463023257,-7102532.077093653,-27160773.043032117,58751292.98707161,31590519.944039494,-1008961.698507243,300394.1659731493,0.06238199531757431,0.02208927749654864,48.43342792100251,64.57746356576521,20.1095121652537,True,True
2026-09-18,54,29175.0,9.0,9.0,8.0,8.0,-1083676.4206837707,-1075743.697579789,-2159420.1182635594,-9666312.224342307,15618176.533398833,5951864.309056526,-315101.8725068689,93155.10882997798,0.05217659771534435,0.06886276034075078,47.212777232273915,64.87153165357586,19.15289848704777,True,True
2026-09-18,54,29200.0,533.0,530.0,526.0,525.0,-64191191.19948468,-63754429.10043076,-127945620.29991543,-566263139.531283,927419976.5719798,361156837.04069674,-19292778.082093723,5621815.492489751,0.048135913166588044,0.02194114610221993,61.184661968852126,57.3884010471527,39.60433163509639,True,True
2026-09-18,54,29225.0,3.0,3.0,3.0,3.0,-360250.7121908079,-361162.14702471957,-721412.8592155275,-3156629.8864736543,5285705.984702567,2129076.0982289123,-111868.01456053197,32293.344534075593,0.0539074960127591,0.10623379118240313,46.176621681749296,64.95707546114508,18.620305885166673,True,True
2026-09-18,54,29250.0,53.0,53.0,1.0,1.0,-6336088.981399516,-6358054.248166355,-12694143.22956587,-55267031.178640984,93908795.63658161,38641764.45794063,-2017120.459085381,578916.5755405165,0.06483870967741943,0.021730178339510253,48.41012313293921,64.24481372456674,20.441242083738878,True,True
2026-09-18,54,29275.0,13.0,14.0,1.0,1.0,-1551665.4531107205,-1664195.734471449,-3215861.1875821697,-13413388.629813712,24903754.847670984,11490366.217857271,-522545.7306006327,149386.4667406428,0.06543665436654382,0.06637320096156844,46.573721729503035,64.80868424817938,18.736874860792284,True,True
2026-09-18,54,29300.0,193.0,200.0,43.0,43.0,-23083226.18390265,-23917202.255622983,-47000428.439525634,-196610811.50586203,358809944.37119997,162199132.86533794,-7882597.485894447,2220046.606631889,0.048878810783572736,0.02158564274828157,52.02342060564922,62.20390255692013,25.79431750502269,True,True
2026-09-18,54,29325.0,93.0,96.0,16.0,93.0,-11090343.959439436,-11478044.84015008,-22568388.799589515,-93767385.42860034,173384638.98766798,79617253.55906764,-3882159.9912795336,1084402.1651052735,0.05660699062233597,0.10250239131105551,47.93840227378728,63.65738626051029,21.62903007032287,True,True
2026-09-18,54,29350.0,15.0,17.0,3.0,5.0,-1781733.2259633755,-2025010.09934885,-3806743.3253122256,-14974979.766875245,30875065.749499366,15900085.982624121,-669723.0361869029,186058.70182318304,0.060993520518358456,0.02149880901484153,46.93299527848976,64.77353250556422,18.390672951025387,True,True
2026-09-18,54,29375.0,57.0,58.0,57.0,57.0,-6767321.848922236,-6901606.03861675,-13668927.887538986,-56217799.84055597,106020712.68531251,49802912.844756536,-2465961.4069651193,679046.4708439516,0.0582010582010582,0.10132945701220432,46.69007013516367,64.18682300402843,19.874312018405547,True,True
2026-09-18,54,29400.0,37.0,44.0,1.0,2.0,-4388708.359093058,-5222636.9275651965,-9611345.286658254,-36051137.3589901,80912494.75595453,44861357.39696443,-1775652.9906386142,485195.1512241338,0.053266150800791834,0.02016322611617867,47.39892102018498,64.42821217382004,19.057145665287095,True,True
2026-09-18,54,29425.0,13.0,13.0,1.0,1.0,-1533955.1823319672,-1525713.6646671465,-3059668.8469991134,-12546096.664665293,23975364.69326105,11429268.028595757,-574467.8370176292,157053.12621474708,0.06517385763699267,0.06329974290020385,45.722201814430676,64.81797626266076,17.827161295063945,True,True
2026-09-18,54,29450.0,39.0,41.0,1.0,2.0,-4601798.8202265045,-4853684.556333492,-9455483.376559995,-37141390.91010189,76370918.08755738,39229527.177455485,-1828519.013745128,492416.274110934,0.05476900149031293,0.0256168102939441,46.98553294479927,64.43748448967462,18.739965517034925,True,True
2026-09-18,54,29475.0,142.0,138.0,2.0,113.0,-16707534.097744675,-16024198.825594408,-32731732.923339084,-133676146.31826097,257011627.70218888,123335481.38392791,-6407737.958386844,1732844.3615764766,0.05553975926452483,0.07535058551395124,48.635926423058756,63.0527599329982,22.50721876318497,True,True
2026-09-18,54,29500.0,941.0,719.0,2.0,3.0,-110326842.12809716,-84630752.06027487,-194957594.18837202,-875907709.8422598,1355187412.8055048,479279702.96324503,-39292993.699621245,10463713.663345376,0.05375204700895864,0.02579186831657345,66.89502725197059,53.401799043980894,49.430299091919174,True,True
2026-09-18,54,29525.0,67.0,69.0,15.0,2.0,-7818597.132016039,-7830260.373020194,-15648857.505036233,-61711963.587230705,129152177.35607007,67440213.76883936,-3157002.016802291,854619.2579257265,0.06720062512209422,0.13662643839461133,45.40522829580033,64.06903530635127,19.380867851536937,True,True
2026-09-18,54,29550.0,29.0,34.0,20.0,1.0,-3371905.944393076,-3977439.2262546085,-7349345.1706476845,-26404994.143952183,64835697.25995981,38430703.116007626,-1540702.5124281864,406037.85367915087,0.06614360909722913,0.025500910746812357,46.006862317701234,64.56278051950922,17.810296036815394,True,True
2026-09-18,54,29575.0,9.0,7.0,2.0,4.0,-1043011.7724063144,-815150.9253687991,-1858162.6977751134,-8096845.55253596,13418546.338272184,5321700.785736224,-396554.26134648593,104128.7279732306,0.0669295318976848,0.09327885021840214,44.22959221294215,64.88945342741827,16.74132743997348,True,True
2026-09-18,54,29600.0,47.0,49.0,3.0,1.0,-5441353.83228602,-5694360.567167946,-11135714.399453966,-41683731.461267464,94519934.5799226,52836203.11865514,-2427556.484549512,632409.1024849341,0.05965202982601494,0.025718439002571845,46.2264671738398,64.33752614802927,18.158230346275957,True,True
2026-09-18,54,29625.0,35.0,33.0,1.0,35.0,-4029351.329409533,-3929884.757818124,-7959236.087227657,-30720984.01004455,64802998.98168115,34082014.97163661,-1793845.5376201882,457055.72197395575,0.07070177278925835,0.1322715463684627,43.956440990059086,64.52649751585724,17.464740326582596,True,True
2026-09-18,54,29650.0,39.0,39.0,4.0,4.0,-4473268.623861609,-4500475.2832561545,-8973743.907117764,-33813173.884016775,76087735.63867415,42274561.75465738,-2025531.9057497494,523479.3084700278,0.07177953428754533,0.025484703685395776,45.521751262656494,64.4661436273332,17.507303388882576,True,True
2026-09-18,54,29675.0,56.0,54.0,8.0,11.0,-6395889.389919516,-6199254.398838469,-12595143.788757984,-47974499.569560856,105873241.239004,57898741.669443145,-2889144.9547125194,744433.5840348732,0.07040417209908731,0.1877906186267846,43.36863714831265,64.25070341858608,17.98213958305757,True,True
2026-09-18,54,29700.0,206.0,201.0,6.0,148.0,-23480821.27215671,-23015560.12728185,-46496381.39943856,-173931037.1541562,396490990.035253,222559952.88109678,-10867332.363783568,2782323.745932048,0.06097018246550965,0.02568114378203394,49.589455218027,62.23388878936508,23.625781663911006,True,True
2026-09-18,54,29725.0,15.0,15.0,10.0,10.0,-1701645.357782528,-1706485.3358057227,-3408130.693588251,-12515198.815162487,29716394.33792134,17201195.522758853,-808196.1186811544,206558.34674445345,0.06990159484221237,0.1827403037663828,42.13323263006687,64.7972463974238,16.123922879674137,True,True
2026-09-18,54,29750.0,20.0,41.0,8.0,21.0,-2256899.2984592183,-4784852.127335253,-7041751.425794471,-16496820.266475884,82845823.55193076,66349003.28545487,-1738946.1186461668,430073.949383225,0.0737337774204662,0.14709217560343424,42.858535530690844,64.58107970959635,16.58355395681468,True,True
2026-09-18,54,29775.0,89.0,89.0,2.0,33.0,-10018116.87270215,-10052073.307131216,-20070190.179833367,-72326733.1373502,178307277.42868507,105980544.29133487,-4916489.758136539,1245905.0353900297,0.06447058823529406,0.18115010104721657,43.8337977719697,63.80600636838194,18.705928304915478,True,True
2026-09-18,54,29800.0,197.0,226.0,2.0,50.0,-22078671.93164333,-25416019.169093158,-47494691.100736484,-158028057.0166419,455181822.1966117,297153765.1799698,-11813592.017971616,2983017.266598236,0.06522781774580347,0.17951920074929764,46.829985011298966,62.174498472970704,23.317125810116952,True,True
2026-09-18,54,29825.0,20.0,20.0,1.0,1.0,-2232107.822554606,-2239146.518416234,-4471254.34097084,-15829639.30368811,40491331.172600046,24661691.868911937,-1128621.1275685332,284075.91751400917,0.06874617737003064,0.1778981302385557,41.75847891147295,64.73400048853078,15.7237469886281,True,True
2026-09-18,54,29850.0,65.0,131.0,12.0,32.0,-7208446.169053784,-14599824.348791726,-21808270.51784551,-50893644.17753151,266588391.31885362,215694747.1413221,-5583717.213889356,1401301.2260101647,0.08107103012272217,0.1763517832033746,43.44242255463428,63.70260649297839,18.601792472846526,True,True
2026-09-18,54,29875.0,11.0,11.0,5.0,2.0,-1216243.5054183465,-1220381.4625611252,-2436624.9679794717,-8480447.343168518,22500879.68134366,14020432.338175142,-632648.2908958038,158307.31667576754,0.0711743772241993,0.17458305875196437,41.24547261194131,64.85504194051438,15.077148966441051,True,True
2026-09-18,54,29900.0,14.0,15.0,1.0,2.0,-1537787.763877795,-1654329.139309032,-3192116.903186827,-10678173.79158069,30818467.792502638,20140294.00092195,-838628.7304788494,209737.19371270557,0.08498583569405099,0.17152899824253082,41.025444317071056,64.81009737747253,15.064045149901894,True,True
2026-09-18,54,29925.0,61.0,64.0,32.0,32.0,-6674690.361231377,-6963556.0270147575,-13638246.388246134,-45840808.68645929,131523195.26663718,85682386.58017789,-3612718.8714996846,906712.5952032884,0.07907221929362152,0.10351823444999754,43.21310364309567,64.18864839987106,16.770602615460795,True,True
2026-09-18,54,29950.0,11.0,3.0,1.0,2.0,-1196028.4255582697,-327632.02825153334,-1523660.4538098031,-8173417.7360493345,6224666.627179541,-1948751.1088697938,-410041.62348183687,102297.99998940728,0.08530552212862676,0.1684392350400988,40.5790274748606,34.909363779729745,14.476756788090873,True,True
2026-09-18,54,29975.0,19.0,18.0,1.0,18.0,-2059274.0305803777,-1957629.4842697743,-4016903.5148501517,-13886816.939502839,37550321.82345159,23663504.883948755,-1103858.8419918641,272719.5120349274,0.07692307692307693,0.16862514688601637,40.84779551133612,64.76103019820496,14.772656461721601,True,True
2026-09-18,54,30000.0,482.0,92.0,68.0,1.0,-51945805.81282666,-9952389.733694853,-61898195.546521515,-347704549.1937554,192854727.02065355,-154849822.17310184,-17266682.704934925,4253422.888711672,0.07583601511123539,0.16718446601941742,47.6006881772274,31.317621311804455,24.980430530667718,True,True
2026-09-18,54,30025.0,27.0,28.0,2.0,1.0,-2894672.3799847667,-3063859.2830575984,-5958531.663042365,-19199096.58144314,59662096.66800658,40463000.08656344,-1730331.2311887804,413912.721080889,0.07974846362726892,0.14182979449550234,41.14113218608925,64.6455212734619,14.823570741807016,True,True
2026-09-18,54,30050.0,12.0,8.0,6.0,4.0,-1277046.515703753,-855683.4584929438,-2132729.9741966967,-8441721.93450834,16931585.34712701,8489863.412618669,-615928.2979951932,150015.53665359947,0.09146164978292337,0.1642567406346933,40.03358355214692,64.87312022742465,13.998663170863468,True,True
2026-09-18,54,30075.0,4.0,4.0,2.0,4.0,-423774.4955523929,-424863.2515113853,-848637.7470637782,-2766476.105090445,8500039.29892799,5733563.193837546,-249600.82576884932,60374.17569582704,0.08382877526753861,0.16127278314933446,39.8913399648594,64.9495111683817,13.619433425030266,True,True
2026-09-18,54,30100.0,42.0,40.0,1.0,10.0,-4419940.874646874,-4226195.314832016,-8646136.18947889,-28671326.42951598,85455330.71442,56784004.284904025,-2585741.4879112025,622055.8353674039,0.086509376890502,0.16147494839557133,40.64572196282717,64.48563339291631,14.892298850628544,True,True
2026-09-18,54,30150.0,3.0,0.0,1.0,0.0,-311770.7418291728,0.0,-311770.7418291728,-1988021.1519402976,0.0,-1988021.1519402976,-95857.2080746752,22934.132986012974,0.08613345953620447,,40.475565616123774,34.98146002606558,13.07868829129637,True,True
2026-09-18,54,30200.0,27.0,18.0,19.0,1.0,-2766237.712865285,-1840371.9095970325,-4606609.622462317,-17403104.73508233,38958487.44532895,21555382.710246623,-1454031.2405200535,346266.2854086978,0.07889998363070887,0.1047550302264729,40.545262426128005,64.7259479946244,13.584492983233515,True,True
2026-09-18,54,30225.0,28.0,27.0,1.0,27.0,-2850846.039956099,-2755115.0829814486,-5605961.122937547,-17732588.95661371,58972941.18268918,41240352.22607547,-1809350.152185542,425652.7167182497,0.09242144177449167,0.15321692622306124,39.595186168848144,64.66649601591082,13.62654080956689,True,True
2026-09-18,54,30250.0,46.0,50.0,4.0,25.0,-4648694.855120071,-5068279.539754813,-9716974.394874884,-28712956.328968886,109775007.46438745,81062051.13541856,-3184829.841370531,745411.599218118,0.0914853520644166,0.153386409758926,39.98255357928048,64.42192835340967,14.258606371479349,True,True
2026-09-18,54,30275.0,9.0,8.0,2.0,7.0,-902780.5219008676,-804287.454262115,-1707067.9761629826,-5532699.032821166,17628370.782926824,12095671.750105657,-566545.2147121144,132305.079768132,0.09270596466678327,0.15077242690123097,38.84566723934198,64.8984437655196,12.604156276357607,True,True
2026-09-18,54,30300.0,91.0,85.0,6.0,60.0,-9050044.040542701,-8567251.334959213,-17617295.375501916,-55311712.93679165,190743548.91424897,135431835.9774573,-6035234.409260463,1377795.6347765462,0.07793127878143818,0.1291854350189717,41.275055015069704,63.951931295835,15.48056005605406,True,True
2026-09-18,54,30325.0,0.0,1.0,0.0,1.0,0.0,-99036.59815452079,-99036.59815452079,0.0,2224221.588645743,2224221.588645743,-33974.19442810642,7827.88530192748,,0.1495627963631617,37.51021076814248,64.99410148063569,12.00330149010098,True,True
2026-09-18,54,30350.0,21.0,20.0,2.0,3.0,-2059544.6253681786,-1964735.0130015875,-4024279.638369766,-12273083.611128833,44671526.40463951,32398442.79351068,-1393883.907586155,321277.2071259556,0.05896713615023491,0.14837025691912767,39.250121620719504,64.76059155694924,12.61343126878832,True,True
2026-09-18,54,30375.0,3.0,4.0,1.0,1.0,-291765.23855840403,-389718.4106729883,-681483.6492313923,-1728054.0123932338,8971616.944950249,7243562.932557015,-239102.76019578095,54934.71607316264,0.057776927491869,0.14715132324939564,38.70359256621789,64.95945585991385,11.82056393977538,True,True
2026-09-18,54,30400.0,334.0,290.0,1.0,1.0,-32206420.80419549,-28018104.498294093,-60224525.30248958,-189689033.50781065,653122467.7794268,463433434.27161616,-21362837.69348605,4901832.08205626,0.05102239532619288,0.14594606064464108,46.56040282121409,61.417189316105336,23.334473833134872,True,True
2026-09-18,54,30425.0,12.0,10.0,9.0,1.0,-1147971.526523361,-957937.8702528169,-2105909.396776178,-6684998.820400945,22614131.56849706,15929132.748096116,-757049.8046678943,173019.88996476875,0.0656788145774929,0.1446761938837791,38.517637009586394,64.87471663260605,11.807034343422536,True,True
2026-09-18,54,30450.0,30.0,25.0,3.0,19.0,-2844281.171546334,-2389254.4303689073,-5233535.601915241,-16498233.737218935,57868820.615770295,41370586.878551364,-1947966.1960343672,433388.7389971559,0.05326285830453342,0.1150487494701143,39.42191265693243,64.6886519430165,12.280705365187197,True,True
2026-09-18,54,30475.0,72.0,70.0,2.0,1.0,-6767715.482289538,-6588919.739118636,-13356635.221408173,-38941855.21898106,159556095.54197586,120614240.3229948,-4912077.54008224,1118004.5403672447,0.05654885654885664,0.14237203909226426,39.926542821196435,64.20540174971576,13.767706846370666,True,True
2026-09-18,54,30500.0,299.0,56.0,35.0,1.0,-27858117.929829236,-5208471.295894019,-33066589.225723255,-159134920.1771789,127190792.34242918,-31944127.834749714,-12222777.613291007,2794385.627997324,0.058186451475897294,0.08570670259896698,43.32606639911838,33.03283962450612,17.616791918213003,True,True
2026-09-18,54,30525.0,9.0,7.0,3.0,1.0,-831332.3652179192,-646961.7461696436,-1478294.111387563,-4694618.904411885,16067484.349480437,11372865.445068553,-555913.8028010554,126010.47900786251,0.07213114754098361,0.13865982530083684,37.84189259873909,64.91205364768552,11.099453132057162,True,True
2026-09-18,54,30550.0,37.0,34.0,2.0,52.0,-3386393.4515319206,-3120335.8870007177,-6506729.338532638,-19021204.791128285,79825171.61675887,60803966.82563058,-2532128.355221602,558768.3285249318,0.07700868016915206,0.1113000020482149,38.73392171727696,64.61290862948832,11.981394137734378,True,True
2026-09-18,54,30600.0,256.0,164.0,1.0,156.0,-23000425.217412543,-14726100.557706103,-37726525.77511865,-127569283.85828376,378472519.8748925,250903236.01660872,-14535014.15886956,3304180.955200553,0.06717627982395181,0.1840563647878404,41.95418176278139,62.75561531927758,18.198019871983295,True,True
2026-09-18,54,30625.0,62.0,19.0,54.0,2.0,-5518571.694754888,-1690496.2323790276,-7209067.927133916,-30392147.126743224,44007734.266529635,13615587.139786411,-2808873.073598477,636850.3327703552,0.07053254437869812,0.18249651461896432,37.4465290281184,64.57112502630362,11.71708397883173,True,True
2026-09-18,54,30650.0,85.0,67.0,5.0,44.0,-7494633.641730555,-5906158.382745012,-13400792.024475567,-41013405.47889297,155738563.5556302,114725158.07673724,-5264277.121092219,1194210.0818667412,0.06763285024154589,0.181067232948236,38.270745785952684,64.20277481578749,12.888499748247611,True,True
2026-09-18,54,30675.0,3.0,2.0,1.0,2.0,-262016.09041914117,-174657.65697555052,-436673.7473946917,-1416025.717384561,4665065.443604246,3249039.726219685,-173538.58289934605,39242.58455212097,0.059850374064837904,0.17961108748598598,36.382466930202305,64.97401727307998,10.003433999067484,True,True
2026-09-18,54,30700.0,11.0,10.0,1.0,9.0,-951506.1748337563,-865062.2840667961,-1816568.4589005522,-5108899.230475863,23404209.964948792,18295310.73447293,-728105.812016715,164647.61804098502,0.06468041762159403,0.17828238272409966,36.38630366368435,64.8919299045015,10.152141687767822,True,True
2026-09-18,54,30725.0,45.0,36.0,1.0,68.0,-3854862.1517831828,-3084641.0344774127,-6939503.186260596,-20542919.107755654,84541240.773767,63998321.66601134,-2808403.368271854,634256.6255045745,0.06670140698280361,0.17686349882966385,36.99596914133663,64.58716254013365,11.115397996253337,True,True
2026-09-18,54,30750.0,18.0,18.0,1.0,26.0,-1526911.4331023989,-1527541.666840378,-3054453.099942777,-8076732.643722627,42413603.44876491,34336870.80504228,-1246974.8143357,281510.4483417076,0.0687816582244735,0.17539089055064583,36.26360324641158,64.81828742767047,10.132270664800222,True,True
2026-09-18,54,30775.0,33.0,26.0,7.0,27.0,-2771781.216476998,-2184707.197541278,-4956488.414018275,-14543664.122386226,61542371.907264315,46998707.78487809,-2045867.529565679,460531.7247983012,0.06610215788036052,0.17239309827456878,36.49458267179546,64.70513377040591,10.408072352460216,True,True
2026-09-18,54,30800.0,14.0,4.0,2.0,2.0,-1164229.3918355894,-332912.307451813,-1497141.6992874024,-6068882.914251023,9486171.109540785,3417288.1952897618,-625081.4190111549,140192.6129589858,0.06307563494278544,0.17262923019709922,35.86430912692211,64.91092931737862,9.501898969079354,True,True
2026-09-18,54,30825.0,15.0,14.0,1.0,14.0,-1234484.0335555314,-1153717.0658763696,-2388201.0994319012,-6378249.153106385,33306546.378982026,26928297.225875642,-1006587.6067954459,225388.7485347798,0.08137535816618904,0.17131047717459508,35.60204908883089,64.8579232324171,9.55588599003687,True,True
2026-09-18,54,30850.0,34.0,34.0,4.0,50.0,-2768893.179460902,-2773647.589600066,-5542540.769060968,-14208365.03908094,81137145.58895692,66928780.54987598,-2362978.5870196186,527055.0426245339,0.08206330597889801,0.17003900313123718,35.96110937991668,64.6702690888533,10.124188504583499,True,True
2026-09-18,54,30900.0,11.0,5.0,1.0,5.0,-876726.0308861132,-399390.83275983017,-1276116.8636459433,-4443591.809783351,12006436.334915195,7562844.525131844,-557644.8949532874,123161.60726231025,0.07221542227662185,0.16737609119111177,35.18792629725155,64.92408068777884,8.870621965932573,True,True
2026-09-18,54,30925.0,5.0,0.0,2.0,0.0,-393913.9719472754,0.0,-393913.9719472754,-1977992.6644021939,0.0,-1977992.6644021939,-174952.31752897493,38287.09971812543,0.09002203336480964,,35.79242239112116,34.97657329039616,8.520674927881403,True,True
2026-09-18,54,30950.0,11.0,7.0,3.0,7.0,-856770.3837018954,-547054.2045443417,-1403824.588246237,-4273929.529169994,16908709.480479863,12634779.951309867,-627150.108678115,137520.79192212957,0.09082125603864749,0.164899003357672,34.67529493623604,64.91648403767599,8.609943396209932,True,True
2026-09-18,54,30975.0,1.0,0.0,2.0,0.0,-76992.42679503947,0.0,-76992.42679503947,-381668.343259287,0.0,-381668.343259287,-34927.2790573833,7596.127751057023,0.08959156785243737,,35.45795342382622,34.99545895298813,8.151157903383762,True,True
2026-09-18,54,31000.0,175.0,1.0,21.0,1.0,-13320016.933121502,-76260.91590682037,-13396277.849028323,-65701728.2543898,2433405.5139551265,-63268322.74043468,-6134560.245848537,1331654.3359608946,0.08333333333333337,0.16081000595592615,36.57200034081913,34.203043735938294,11.189412139987088,True,True
2026-09-18,54,31025.0,21.0,1.0,19.0,2.0,-1579260.94357381,-75501.80132936529,-1654762.7449031752,-7737450.254415538,2436684.1641582916,-5300766.090257246,-765373.9719564897,165722.99066125994,0.08121128699242933,0.1611799246043466,34.481960855195695,34.901559520206945,8.236564598263833,True,True
2026-09-18,54,31050.0,57.0,0.0,3.0,0.0,-4235091.695160245,0.0,-4235091.695160245,-20623340.856554985,0.0,-20623340.856554985,-1979322.8615088305,427302.05078812584,0.09081309398099265,,35.692621766957345,34.74805135023932,8.72287148690086,True,True
2026-09-18,54,31075.0,12.0,1.0,12.0,1.0,-880568.2643948392,-72890.242959671,-953458.5073545101,-4259132.068110347,2468049.9527005395,-1791082.1154098073,-450676.35823639994,96914.87316936844,0.09304002884962141,0.16703901013919917,33.8053582111661,34.943286278983834,7.775877751358776,True,True
2026-09-18,54,31100.0,52.0,0.0,49.0,0.0,-3767829.479410101,0.0,-3767829.479410101,-18100993.853608407,0.0,-18100993.853608407,-1797054.2498194177,385859.88041695993,0.09608277900960827,,35.17436782333622,34.775849296991844,8.332623099834091,True,True
2026-09-18,54,31150.0,8.0,0.0,9.0,0.0,-564474.2868912392,0.0,-564474.2868912392,-2669856.8771382254,0.0,-2669856.8771382254,-274961.15107324795,58677.71654631717,0.10920436817472688,,33.92211881185402,34.966424540178764,7.2401598625297465,True,True
2026-09-18,54,31200.0,5.0,0.0,4.0,0.0,-343799.47331662005,0.0,-343799.47331662005,-1607597.7901702905,0.0,-1607597.7901702905,-170513.5614580079,36280.960597243036,0.10775510204081623,,33.630994323301806,34.97955639380051,6.889535288250862,True,True
2026-09-18,54,31225.0,1.0,0.0,1.0,0.0,-67802.47391861875,0.0,-67802.47391861875,-314506.361636479,0.0,-314506.361636479,-33975.42887354072,7209.701932279492,0.11922753988245174,,33.087568801526565,34.9960140640729,6.669540031423395,True,True
2026-09-18,54,31250.0,1.0,0.0,1.0,0.0,-66895.62604480312,0.0,-66895.62604480312,-308376.9547603042,0.0,-308376.9547603042,-33825.87382375732,7167.610877680465,0.12301075268817215,,32.82594187121502,34.996068961232766,6.521378657176196,True,True
2026-09-18,54,31275.0,2.0,0.0,2.0,0.0,-131984.6570242164,0.0,-131984.6570242164,-604649.1832952177,0.0,-604649.1832952177,-67338.9823975503,14250.132784501588,0.126046716615249,,32.599512867359365,34.99217292292893,6.391081361620521,True,True
2026-09-18,54,31300.0,0.0,3.0,0.0,2.0,0.0,-192155.17185494618,-192155.17185494618,0.0,7593770.4410964195,7593770.4410964195,-101019.74499393735,20939.207913441813,,0.15506573859242082,31.593592122000857,64.98856654237292,6.2606168621182485,True,True
2026-09-18,54,31325.0,6.0,0.0,6.0,0.0,-385193.77948086325,0.0,-385193.77948086325,-1742756.042292687,0.0,-1742756.042292687,-200027.96266994855,42233.59553924762,0.1333333333333334,,32.135775113923245,34.97709308602279,6.165910310830429,True,True
2026-09-18,54,31375.0,8.0,0.0,2.0,0.0,-499419.23956798296,0.0,-499419.23956798296,-2231413.6731729554,0.0,-2231413.6731729554,-263875.1956421655,55615.29860062428,0.1411192214111922,,31.63149829950076,34.97029582680416,5.904773414293854,True,True
2026-09-18,54,31400.0,1.0,1.0,2.0,1.0,-61717.6947932624,-60638.73109812707,-122356.42589138947,-275528.04150584375,2551380.3318462563,2275852.2903404124,-65660.7058294234,13744.879322732517,0.11428571428571423,0.15200137756140322,31.645955257410463,64.99271431630777,5.650101321180427,True,True
2026-09-18,54,31475.0,1.0,0.0,2.0,0.0,-58975.645569787346,0.0,-58975.645569787346,-257006.77622246288,0.0,-257006.77622246288,-32223.932352305448,6778.165299454455,0.15715823466092582,,30.468342496773115,34.996549850308924,5.187934503806785,True,True
2026-09-18,54,31500.0,284.0,1.0,22.0,1.0,-16561994.71800152,-56804.27684248421,-16618798.994844005,-72144618.0375821,2576900.4984982596,-69567717.53908384,-9124968.380632905,1924359.4177242005,0.12955906369080014,0.1464722641193229,34.52413974073315,34.01133306124349,10.038991456976165,True,True
2026-09-18,54,31550.0,2.0,0.0,1.0,0.0,-113021.038607446,0.0,-113021.038607446,-483855.06550234236,0.0,-483855.06550234236,-63239.450633569264,13305.309240284016,0.17275362318840587,,29.56886966262551,34.993307278701494,4.761000689766924,True,True
2026-09-18,54,31600.0,483.0,1.0,12.0,1.0,-26592434.077705156,-53287.38250263463,-26645721.46020779,-113002976.21064521,2597767.109879825,-110405209.10076539,-15104624.105195345,3186128.713768905,0.13381555153707045,0.14254155114386105,36.47004249232747,33.41482243316198,12.89582434859789,True,True
2026-09-18,54,31650.0,2.0,0.0,5.0,0.0,-106719.38907860423,0.0,-106719.38907860423,-446667.6094540499,0.0,-446667.6094540499,-61542.61137203436,12856.763076695346,0.18925831202046034,,28.481206813104187,34.99368475043348,4.168264281925364,True,True
2026-09-18,54,31675.0,7.0,0.0,3.0,0.0,-368954.4813438849,0.0,-368954.4813438849,-1541737.3076331436,0.0,-1541737.3076331436,-213871.30443500972,44671.31624945241,0.17261518494484096,,28.896272379715665,34.978060298559015,4.1071511756058605,True,True
2026-09-18,54,31700.0,5.0,0.0,2.0,0.0,-259271.31861592043,0.0,-259271.31861592043,-1075483.0573782236,0.0,-1075483.0573782236,-151570.00603424097,31520.0504704607,0.1844919786096256,,28.366277103439074,34.98458966553374,3.9240508481887657,True,True
2026-09-18,54,31750.0,6.0,0.0,1.0,0.0,-301854.4938260776,0.0,-301854.4938260776,-1239703.3294950132,0.0,-1239703.3294950132,-178996.12419154248,37040.98909343073,0.1907433380084151,,27.89525568929211,34.982054506963294,3.6448579245472157,True,True
2026-09-18,54,31800.0,18.0,0.0,2.0,0.0,-878120.6800572142,0.0,-878120.6800572142,-3572524.961102968,0.0,-3572524.961102968,-528054.696909917,108825.19423653376,0.19411764705882348,,27.651130846658774,34.94776401732141,3.5556336310317085,True,True
2026-09-18,54,31900.0,25.0,0.0,23.0,0.0,-1137498.0611793394,0.0,-1137498.0611793394,-4513216.051076873,0.0,-4513216.051076873,-706401.7329473195,143983.026156046,0.24567188788128594,,25.60144465810116,34.93233255075578,3.081272863669367,True,True
2026-09-18,54,32000.0,342.0,20.0,32.0,10.0,-14673604.856622625,-785586.9531927253,-15459191.80981535,-57632414.86119277,53416125.45555305,-4216289.405639723,-9856511.084189922,2004860.0050950758,0.2435555555555556,0.17177832123909187,30.456086010602224,34.080322467541905,8.239743226213122,True,True
2026-09-18,54,32100.0,8.0,0.0,1.0,0.0,-317205.3436914526,0.0,-317205.3436914526,-1211489.4702259707,0.0,-1211489.4702259707,-209003.37430956133,42249.07697625249,0.30131445904954496,,22.529855332292428,34.98114155301553,1.6027932522581119,True,True
2026-09-18,54,32200.0,9.0,0.0,2.0,0.0,-333436.9748993406,0.0,-333436.9748993406,-1253354.78188075,0.0,-1253354.78188075,-226053.81063052584,45705.300158836515,0.3225806451612903,,21.312128024476944,34.98017550524556,1.0264434210088864,True,True
2026-09-18,54,32300.0,2.0,0.0,2.0,0.0,-68751.51399751291,0.0,-68751.51399751291,-252961.6289014714,0.0,-252961.6289014714,-48177.06956545125,9732.301535146493,0.3910336239103363,,18.57655325676993,34.99596920849258,0.3155793721695984,True,False
2026-09-18,54,32400.0,12.0,0.0,1.0,0.0,-386440.38195859524,0.0,-386440.38195859524,-1403116.6139297313,0.0,-1403116.6139297313,-278342.11595922004,56480.40269959441,0.40544217687074835,,17.990100215036307,34.977021007958776,0.20058370952330762,True,False
2026-09-18,54,32500.0,38.0,0.0,1.0,0.0,-1136333.5771428759,0.0,-1136333.5771428759,-4040897.911370903,0.0,-4040897.911370903,-841672.6121368633,170389.25715232498,0.471841704718417,,16.330406342116902,34.93240221542205,0.6322107955711656,True,False
2026-09-18,54,32600.0,170.0,0.0,4.0,0.0,-4675459.360088615,0.0,-4675459.360088615,-16229499.18241036,0.0,-16229499.18241036,-3528422.231522734,703769.2183126637,0.44290657439446357,,18.885480984581886,34.721853682534075,2.814436878817984,True,False
2026-09-18,54,32800.0,1.0,0.0,1.0,0.0,-24172.51899836163,0.0,-24172.51899836163,-82709.05024594354,0.0,-82709.05024594354,-18796.378515917637,3745.9024743470804,0.6209677419354838,,11.38374820203205,34.998743311751404,0.01644230216046902,True,False
2026-09-18,54,33000.0,469.0,0.0,11.0,0.0,-9820744.351957865,0.0,-9820744.351957865,-32970420.791183665,0.0,-32970420.791183665,-7952380.770133301,1584891.597233386,0.75,,13.494035785288272,34.41575562623278,7.659897925414814,True,False
2026-09-18,54,33200.0,221.0,0.0,1.0,0.0,-4002323.413525785,0.0,-4002323.413525785,-13197275.226416282,0.0,-13197275.226416282,-3399559.1747458437,680881.4161457027,0.8882521489971347,,6.176917211426488,34.76189935190472,3.5882024398759476,True,False
2026-09-18,54,33400.0,7.0,0.0,2.0,0.0,-110722.20152855862,0.0,-110722.20152855862,-360175.5486735137,0.0,-360175.5486735137,-98800.24447956473,20001.757417539327,1.0469798657718121,,0.08946322067594432,34.99345468385491,0.11310791488908564,True,False
2026-09-18,54,33500.0,89.0,0.0,1.0,0.0,-1278730.7795244814,0.0,-1278730.7795244814,-4070056.4597123493,0.0,-4070056.4597123493,-1190195.9241237314,241145.93085090874,1.0769230769230769,,1.1374609485941494,34.92393085242715,1.4337002385814563,True,False
2026-09-18,54,33600.0,98.0,0.0,1.0,0.0,-1345296.749979876,0.0,-1345296.749979876,-4294050.615549051,0.0,-4294050.615549051,-1265981.0210417423,258758.64010794944,1.2,,1.2524850894632207,34.91997059130797,1.5765481961418975,True,False
2026-09-18,54,33800.0,21.0,0.0,1.0,0.0,-258053.80254782015,0.0,-258053.80254782015,-821336.8306055899,0.0,-821336.8306055899,-243651.4085236289,49929.48781314942,1.4080717488789236,,0.268389662027833,34.984666412327925,0.3368042951788908,True,False
2026-09-18,54,34000.0,487.0,0.0,1.0,0.0,-5299864.802173379,0.0,-5299864.802173379,-16782783.31445587,0.0,-16782783.31445587,-5061769.358925128,1039957.9650601072,1.6122448979591837,,6.224084067026412,34.68470721616396,7.787381675475564,True,False
2026-09-18,54,34200.0,5.0,0.0,7.0,0.0,-48211.73413918902,0.0,-48211.73413918902,-152179.28656135156,0.0,-152179.28656135156,-46930.59071536245,9698.346117308889,1.8381502890173411,,0.06390230048281738,34.99723040829469,0.07974175970440397,True,False
2026-09-18,54,34400.0,3.0,0.0,3.0,0.0,-26192.349124061024,0.0,-26192.349124061024,-83087.61767533474,0.0,-83087.61767533474,-25995.4786889162,5439.667731927233,1.9873817034700314,,0.03834138028969043,34.99862232396403,0.047752090551367234,True,False
2026-09-18,54,34500.0,30.0,0.0,30.0,0.0,-252057.64342811832,0.0,-252057.64342811832,-804523.9921924813,0.0,-804523.9921924813,-252067.26147079145,53207.8040819785,1.9870550161812295,,0.3834138028969043,34.98502351082965,0.4771855180429519,True,False
2026-09-18,54,34600.0,2.0,0.0,2.0,0.0,-15971.472801066162,0.0,-15971.472801066162,-51066.31998074856,0.0,-51066.31998074856,-16169.254324812382,3434.573382251829,1.9864406779661015,,0.025560920193126953,34.99934357278113,0.031784071619082796,True,False
2026-09-18,54,35000.0,197.0,0.0,12.0,0.0,-1481229.5776792571,0.0,-1481229.5776792571,-4990519.498655201,0.0,-4990519.498655201,-1503898.3923311539,335910.1618880219,1.6103896103896105,,2.5177506390230047,34.91188333880845,3.1276048763938613,True,False
2026-09-18,54,35500.0,30.0,0.0,4.0,0.0,-182412.74503367164,0.0,-182412.74503367164,-623148.8567327515,0.0,-623148.8567327515,-196625.2347490569,45485.58266523496,1.9844357976653695,,0.3834138028969043,34.98917217458148,0.4748179540215893,True,False
2026-09-18,54,36000.0,102.0,0.0,1.0,0.0,-542884.6239402622,0.0,-542884.6239402622,-1918766.286575558,0.0,-1918766.286575558,-606398.458984897,146759.7936067909,1.9834024896265559,,1.3036069298494746,34.967711127699936,1.6117526100301767,True,False
2026-09-18,54,36500.0,10.0,0.0,1.0,0.0,-47544.613370243664,0.0,-47544.613370243664,-174049.65534402666,0.0,-174049.65534402666,-54745.78300492786,13852.303027713568,1.9826839826839824,,0.12780460096563476,34.99725771041024,0.1578218927720588,True,False
2026-09-18,54,37000.0,28.0,0.0,2.0,0.0,-119520.5004842314,0.0,-119520.5004842314,-451646.61802740576,0.0,-451646.61802740576,-142029.57817333282,37478.47205513125,1.9819004524886876,,0.3578528827037773,34.992922830703456,0.4414388204007379,True,False
2026-09-18,54,38000.0,174.0,0.0,2.0,0.0,-612455.4085811554,0.0,-612455.4085811554,-2455245.813483847,0.0,-2455245.813483847,-736268.5178923714,207756.32093380738,2.0,,2.2238000568020446,34.96357059160204,2.73879814306729,True,False
2026-09-18,54,39000.0,112.0,0.0,9.0,0.0,-325364.343860502,0.0,-325364.343860502,-1371335.6123591023,0.0,-1371335.6123591023,-389743.35597900813,116027.81219108924,2.0,,1.4314115308151092,34.980654723618954,1.7605636761727779,True,False
2026-09-18,54,40000.0,236.0,0.0,5.0,0.0,-583234.1194995956,0.0,-583234.1194995956,-2586260.204033383,0.0,-2586260.204033383,-704164.662707578,221316.61730975713,2.0,,3.0161885827889803,34.96530868262935,3.7062796364398487,True,False
2026-09-18,54,41000.0,411.0,0.0,2.0,0.0,-887839.1334399125,0.0,-887839.1334399125,-4140395.528272169,0.0,-4140395.528272169,-1085182.8188621132,359753.5328364649,2.0,,5.252769099687589,34.94718528200511,6.450233030889703,True,False
2026-09-18,54,42000.0,99.0,0.0,26.0,0.0,-192366.40954827104,0.0,-192366.40954827104,-943734.43776757,0.0,-943734.43776757,-237873.87782454604,83102.63550457158,2.0,,1.2652655495597842,34.98857184524244,1.5529751282799205,True,False
2026-09-18,54,43000.0,472.0,0.0,12.0,0.0,-828161.64538946,0.0,-828161.64538946,-4252793.601986982,0.0,-4252793.601986982,-1038517.7785876745,380670.02838180197,2.0,,6.0323771655779606,34.950735453174374,7.401058609691366,True,False
2026-09-30,66,7000.0,0.0,1.0,0.0,1.0,0.0,-180.18086676864252,-180.18086676864252,0.0,2707.4816297846583,2707.4816297846583,225.58669898002313,-193.8388808788303,,2.0,0.012780460096563476,64.99445112258654,0.015626687551815142,True,False
2026-09-30,66,9000.0,0.0,2.0,0.0,3.0,0.0,-575.0571160307079,-575.0571160307079,0.0,7375.913532045058,7375.913532045058,707.6804356956204,-506.98689043971285,,2.0,0.025560920193126953,64.99793241861727,0.03126067362907669,True,False
2026-09-30,66,10000.0,0.0,5.0,0.0,1.0,0.0,-1831.1566094440336,-1831.1566094440336,0.0,21877.22728578934,21877.22728578934,2240.8434841132266,-1477.8986987807623,,2.0,0.06390230048281738,64.99920544972721,0.07816506149418448,True,False
2026-09-30,66,11000.0,0.0,15.0,0.0,1.0,0.0,-7005.181134365302,-7005.181134365302,0.0,78227.43516078334,78227.43516078334,8595.104344561914,-5240.4419626155795,,2.0,0.19170690144845215,64.99939150940102,0.23454657479801605,True,False
2026-09-30,66,12000.0,0.0,4.0,0.0,1.0,0.0,-2396.9761132518543,-2396.9761132518543,0.0,25141.179124791786,25141.179124791786,2986.1548775343067,-1692.35813813887,,2.0,0.051121840386253906,64.9992607947585,0.06256373407179758,True,False
2026-09-30,66,13000.0,0.0,7.0,0.0,1.0,0.0,-5348.365218351982,-5348.365218351982,0.0,52701.66396882213,52701.66396882213,6488.873224380897,-3382.5867776374334,,1.9869706840390877,0.08946322067594432,64.99939720539564,0.1095257529591762,True,False
2026-09-30,66,14000.0,0.0,8.0,0.0,4.0,0.0,-8788.400863349525,-8788.400863349525,0.0,84014.66265570109,84014.66265570109,9632.08343133854,-4663.957212962333,,1.5339805825242718,0.10224368077250781,64.9992986320666,0.12526325860486076,True,False
2026-09-30,66,15000.0,0.0,1.0,0.0,1.0,0.0,-1585.3092362988882,-1585.3092362988882,0.0,14696.450209958195,14696.450209958195,1619.5112632811938,-734.7897303226636,,1.1624548736462093,0.012780460096563476,64.99888510335253,0.015674454602235034,True,False
2026-09-30,66,16000.0,1.0,0.0,1.0,0.0,-1649.9939218862667,0.0,-1649.9939218862667,-2799464.615681569,0.0,-2799464.615681569,1741.5975747899993,-693.9755390378047,0.052697124237982354,,28.43186673295709,34.99990719855742,0.015676653544840456,True,True
2026-09-30,66,17000.0,1.0,0.0,1.0,0.0,-2684.3019805048684,0.0,-2684.3019805048684,-2790887.673401452,0.0,-2790887.673401452,2685.066892641656,-1037.8596649870035,0.05732252133829522,,28.293104819947708,34.999845683116455,0.015711814634928083,True,True
2026-09-30,66,17500.0,0.0,5.0,0.0,2.0,0.0,-18902.580372535744,-18902.580372535744,0.0,163963.1751347079,163963.1751347079,16902.071175240693,-6517.483905703404,,0.5653710247349822,13.102771558433352,64.99878398525867,0.07874540103988986,True,False
2026-09-30,66,18000.0,1.0,15.0,1.0,1.0,-4073.279711501735,-67826.08866329699,-71899.36837479872,-2779511.099379912,581235.5300463483,-2198275.5693335636,61836.12815077039,-22957.47860316621,0.0628138747226223,0.471841704718417,22.184653669929425,34.99572946606267,0.2523732017093627,True,True
2026-09-30,66,19000.0,0.0,14.0,0.0,2.0,0.0,-90213.55441505044,-90213.55441505044,0.0,755392.1516335834,755392.1516335834,72792.91199891242,-25402.033582504966,,0.343891402714932,19.862184359903928,64.99461325808628,0.22175466402302654,True,True
2026-09-30,66,20000.0,1.0,7.0,1.0,1.0,-7992.151610773087,-64015.409938812285,-72007.56154958537,-2752458.2560632704,529669.3271600502,-2222788.92890322,54377.59577233975,-17599.716495510806,0.0744468860058396,0.25082508250825086,25.223164153061145,34.99572295430315,0.12741238099217128,True,True
2026-09-30,66,20500.0,0.0,5.0,0.0,1.0,0.0,-54392.179722272085,-54392.179722272085,0.0,445717.45314067474,445717.45314067474,38828.845701449136,-12085.035951814985,,0.22507122507122507,23.311765548346067,64.99673050725035,0.07995186268302594,True,True
2026-09-30,66,21000.0,0.0,2.0,0.0,2.0,0.0,-26224.47145757649,-26224.47145757649,0.0,214793.16037475193,214793.16037475193,17738.514375693074,-5326.257052873244,,0.1753130590339893,24.766169149173447,64.99837004853438,0.03213262020325545,True,True
2026-09-30,66,21500.0,2.0,2.0,2.0,1.0,-29674.013053911272,-31242.846616335974,-60916.85967024724,-5395581.868767816,254128.40348900293,-5141453.465278813,39963.5437165241,-11384.6291865213,0.09017577127853559,0.16470588235294112,26.227897035914104,34.996378919222664,0.06455310549795963,True,True
2026-09-30,66,21600.0,2.0,0.0,2.0,0.0,-30873.27019560525,0.0,-30873.27019560525,-5385911.780098684,0.0,-5385911.780098684,20355.41809742605,-5668.775332465242,0.09145376274095,,27.281948037964632,34.99816610670084,0.03229065516185897,True,True
2026-09-30,66,21700.0,0.0,1.0,0.0,1.0,0.0,-16771.794158562363,-16771.794158562363,0.0,136434.9015951993,136434.9015951993,10609.173648436541,-3038.584165672293,,0.1538461538461539,25.39739584471194,64.99889228929014,0.01619071603906389,True,True
2026-09-30,66,22000.0,0.0,14.0,0.0,2.0,0.0,-260645.20031680196,-260645.20031680196,0.0,2123808.730626534,2123808.730626534,159735.312950197,-45009.72474588519,,0.13873330461008182,26.016927303049435,64.98448692209993,0.22754845283226938,True,True
2026-09-30,66,22100.0,0.0,1.0,0.0,2.0,0.0,-19272.19881671801,-19272.19881671801,0.0,157166.91882550358,157166.91882550358,11671.220683951367,-3253.8390106532706,,0.13399916770703285,25.992805428885575,64.99875804040241,0.01627571678203243,True,True
2026-09-30,66,22500.0,1.0,7.0,1.0,4.0,-21697.07264184972,-155247.55835018234,-176944.63099203206,-2640607.0617923783,1271198.2890824375,-1369408.7727099408,102159.73635424352,-27288.640956829673,0.10445385266723103,0.11492591254065777,26.811547202654175,34.98948435992395,0.13097969512208862,True,True
2026-09-30,66,23000.0,0.0,32.0,0.0,10.0,0.0,-847254.5473063828,-847254.5473063828,0.0,6978952.171619937,6978952.171619937,454854.5582827594,-116244.36909649243,,0.09742813918305611,27.486130547598346,64.94959392302151,0.528660239264389,True,True
2026-09-30,66,23200.0,0.0,1.0,0.0,1.0,0.0,-28415.986480192707,-28415.986480192707,0.0,234896.87265636664,234896.87265636664,14786.849970841657,-3717.6116883552418,,0.09057665260196919,27.29548088203748,64.99824565011578,0.016586557966241096,True,True
2026-09-30,66,23300.0,0.0,1.0,0.0,1.0,0.0,-29432.093634473113,-29432.093634473113,0.0,243820.9119243097,243820.9119243097,15065.091744755286,-3758.8614817997227,,0.08620222282461375,27.426713775358145,64.99818753822325,0.016621100320322775,True,True
2026-09-30,66,23400.0,0.0,2.0,0.0,2.0,0.0,-60943.45152836392,-60943.45152836392,0.0,505854.45068565285,505854.45068565285,30675.13508091571,-7596.245223081939,,0.08418300653594783,27.500070724114696,64.99634476704726,0.033312884802227945,True,True
2026-09-30,66,23500.0,0.0,3.0,0.0,1.0,0.0,-94626.57156989505,-94626.57156989505,0.0,787339.8677475763,787339.8677475763,46796.493500622244,-11507.653158611181,,0.08112874779541444,27.604478946427257,64.99435152950569,0.05007849789243388,True,True
2026-09-30,66,23600.0,0.0,1.0,0.0,1.0,0.0,-32638.64869941129,-32638.64869941129,0.0,272291.1342520029,272291.1342520029,15847.522824647825,-3871.3243709506896,,0.07817431415392083,27.667551035478937,64.99800320982484,0.01673010650138242,True,True
2026-09-30,66,23700.0,0.0,15.0,0.0,3.0,0.0,-506476.5527743945,-506476.5527743945,0.0,4240150.075483715,4240150.075483715,241139.38735746488,-58567.3766311077,,0.08455968231721557,27.654916431931987,64.9698657211529,0.25152600152498295,True,True
2026-09-30,66,23800.0,0.0,5.0,0.0,1.0,0.0,-174523.2691139824,-174523.2691139824,0.0,1465319.8880563856,1465319.8880563856,81465.81917979926,-19667.069325113494,,0.08151317270884934,27.618507119217334,64.98960721860892,0.0840356944014679,True,True
2026-09-30,66,23900.0,0.0,20.0,0.0,20.0,0.0,-721339.0716662602,-721339.0716662602,0.0,6077843.6476637395,6077843.6476637395,329722.72301646223,-79173.46096714643,,0.07764042507048365,27.92639644981676,64.95708442815811,0.336933020440157,True,True
2026-09-30,66,24000.0,0.0,27.0,0.0,2.0,0.0,-1007653.411811987,-1007653.411811987,0.0,8609553.229430223,8609553.229430223,449883.8752574162,-107434.39275190327,,0.11932979158152848,27.303836302820223,64.94005205877568,0.9946677816876532,True,True
2026-09-30,66,24100.0,0.0,7.0,0.0,6.0,0.0,-269568.6566943407,-269568.6566943407,0.0,2298519.3212342574,2298519.3212342574,118826.93572905316,-27935.558499276147,,0.13992425752441684,27.022915307161995,64.98395659457408,1.2496876797364938,True,True
2026-09-30,66,24200.0,0.0,23.0,0.0,20.0,0.0,-914684.3908722305,-914684.3908722305,0.0,7814420.187540092,7814420.187540092,396759.0105421218,-92033.51644807338,,0.14304993252361659,27.726154603290702,64.94558269136033,2.1140694386676953,True,True
2026-09-30,66,24300.0,3.0,2.0,2.0,2.0,-122879.18423821272,-82224.35343226262,-205103.53767047534,-7410341.21876078,710132.2737051768,-6700208.945055603,88079.9135581633,-20041.623934776486,0.1475042988716934,0.10765287440497998,28.552768882670648,34.987800446596474,2.4012994456902095,True,True
2026-09-30,66,24400.0,1.0,0.0,1.0,0.0,-42341.05664858926,0.0,-42341.05664858926,-2456748.550265484,0.0,-2456748.550265484,17985.83235512497,-4014.72106759282,0.15068147096681064,,28.401082696989867,34.997487198455765,2.9258063037651287,True,True
2026-09-30,66,24500.0,3.0,27.0,1.0,1.0,-131319.18477475032,-1183386.624329725,-1314705.8091044754,-7325634.360857147,10219570.57432641,2893936.213469264,539434.5554925012,-120476.63167262932,0.15461738831277333,0.13549948150708604,29.532929306056328,64.92178179717327,4.014578574708502,True,True
2026-09-30,66,24600.0,2.0,24.0,2.0,3.0,-90468.51524383995,-1086401.8158581695,-1176870.3311020094,-4855136.575188201,9421213.217573918,4566076.6423857175,472479.75556325883,-104333.51545479152,0.15801569858712725,0.1315570358034971,30.082491681668287,64.9299836506828,4.539932821133033,True,True
2026-09-30,66,24700.0,3.0,5.0,2.0,5.0,-140206.1504067467,-233717.22759948217,-373923.3780062288,-7237753.136213072,2035977.8586551289,-5201775.277557943,147296.36624968535,-32054.946896820264,0.16161797752808982,0.12798716920609454,30.444479399336434,34.97775784882357,4.823988866759663,True,True
2026-09-30,66,24800.0,0.0,7.0,0.0,2.0,0.0,-337796.76883755747,-337796.76883755747,0.0,2956508.21802239,2956508.21802239,129243.65843911277,-27935.65531126385,,0.12418906394810005,31.642626406369324,64.97989909579931,5.39966237231797,True,True
2026-09-30,66,24900.0,0.0,5.0,0.0,1.0,0.0,-249013.1121562965,-249013.1121562965,0.0,2191097.610757183,2191097.610757183,92822.65102451055,-19854.257460993093,,0.11831153388822833,32.38591357253204,64.9851791422839,5.957925250017438,True,True
2026-09-30,66,25000.0,4.0,57.0,2.0,1.0,-205579.59021482867,-2928694.217771458,-3134273.8079862865,-9438809.767400475,25899340.464944392,16460530.697543917,1137137.4413796335,-240627.45858803642,0.17550219000151032,0.11539012168933416,32.88010286378346,64.81353834823108,7.523282770581082,True,True
2026-09-30,66,25100.0,3.0,1.0,2.0,2.0,-159002.56486753683,-52980.87657155981,-211983.44143909664,-7028046.594313924,471373.3854340934,-6556673.20887983,74793.32086124583,-15649.584006379151,0.17963499339163697,0.10932121712790856,32.773180340408516,34.98739120400282,7.126090240743508,True,True
2026-09-30,66,25200.0,1.0,1.0,2.0,1.0,-54537.64824288876,-54611.312364302314,-109148.96060719108,-2321098.710799382,488420.337154349,-1832678.373645033,37144.26203444821,-7727.659706149211,0.15986198964922368,0.10746981557648931,33.664507684182574,34.993514815853494,7.683875463560902,True,True
2026-09-30,66,25400.0,0.0,28.0,0.0,2.0,0.0,-1621539.2117917354,-1621539.2117917354,0.0,14684893.512790699,14684893.512790699,517206.8474249589,-105234.66130117181,,0.09956976029502151,36.204728285347656,64.90353216654664,9.32646784959025,True,True
2026-09-30,66,25500.0,1.0,37.0,3.0,6.0,-59676.03873536926,-2202800.83618849,-2262476.8749238593,-2272154.081343903,20133937.451249503,17861783.3699056,693454.4925342236,-140027.13257463547,0.1506071867274113,0.11121583411875587,35.98480256703111,64.86540239576729,10.09698420181263,True,True
2026-09-30,66,25600.0,1.0,1.0,1.0,1.0,-61274.00809395107,-61271.58404423127,-122545.59213818234,-2251015.16805021,561871.3893365443,-1689143.7787136657,36514.396834692045,-7246.5219066516565,0.15231566361100035,0.09632503994521796,36.31496294746375,34.992718533807235,10.054419617537945,True,True
2026-09-30,66,25700.0,0.0,2.0,0.0,1.0,0.0,-125995.28811449734,-125995.28811449734,0.0,1163030.6945472874,1163030.6945472874,36515.60298837736,-7112.5845387041145,,0.09194896612406513,37.87862670164476,64.9924915307606,10.647059073804057,True,True
2026-09-30,66,25800.0,3.0,6.0,3.0,1.0,-194179.98866810772,-388478.13657248125,-582658.125240589,-6630814.569922744,3613299.8122040117,-3017514.7577187326,163730.78551193318,-31313.793155960364,0.16070377285495627,0.08977344907897518,37.56192276159337,34.96534212013916,11.364449354131112,True,True
2026-09-30,66,25900.0,0.0,2.0,0.0,1.0,0.0,-133073.28535876246,-133073.28535876246,0.0,1247082.9438508726,1247082.9438508726,36187.292147805376,-6789.375168982248,,0.08686786296900482,39.21610416541594,64.99207132366759,11.832344057986493,True,True
2026-09-30,66,26000.0,2.0,20.0,3.0,2.0,-136850.7132689999,-1367552.0903111887,-1504402.8035801887,-4336361.824628739,12906739.282137642,8570377.457508903,394955.09965737374,-72633.71787222257,0.17278586944909363,0.08218639402280772,38.845687488898534,64.91049998704655,12.783895554760328,True,True
2026-09-30,66,26100.0,0.0,1.0,0.0,1.0,0.0,-70149.4467869745,-70149.4467869745,0.0,669162.0497803752,669162.0497803752,17669.40894964574,-3191.431061464434,,0.10335722368917391,39.8936872528337,64.99580433086797,12.999628781792962,True,True
2026-09-30,66,26200.0,0.0,4.0,0.0,1.0,0.0,-287982.2248071807,-287982.2248071807,0.0,2771626.3860247615,2771626.3860247615,69479.7269664555,-12298.350795476665,,0.09983663096750772,40.63016859933306,64.98286226896091,13.646417833936553,True,True
2026-09-30,66,26300.0,0.0,3.0,0.0,1.0,0.0,-221564.59706583005,-221564.59706583005,0.0,2152017.8356060875,2152017.8356060875,51007.72348566149,-8839.982173707202,,0.09626976500393121,41.316916302703476,64.98681195457632,14.22106160253786,True,True
2026-09-30,66,26400.0,13.0,31.0,8.0,2.0,-986342.02591318,-2347315.8017018666,-3333657.8276150464,-26933541.600532975,23015767.66727589,-3917773.9332570843,730061.2417999122,-123628.51149224414,0.1423389117146008,0.09283551967709391,41.79391383046479,34.80168155528888,15.559821813442145,True,True
2026-09-30,66,26500.0,13.0,29.0,8.0,1.0,-1008364.8666409889,-2250089.5653918316,-3258454.4320328203,-26578583.59758111,22276015.00525466,-4302568.592326451,674133.2469308111,-111561.38474629007,0.19762617401176585,0.08987126548457615,41.57602997326164,34.80615512985976,16.118546349329364,True,True
2026-09-30,66,26600.0,2.0,2.0,1.0,2.0,-158853.4423702497,-158875.13157712837,-317728.5739473781,-4036443.6955717527,1589063.6433169367,-2447380.052254816,61845.27497217772,-9973.205844959539,0.2040311927387394,0.08603491271820456,41.64436468474289,34.98110417313936,16.017517793206782,True,True
2026-09-30,66,26700.0,13.0,17.0,2.0,12.0,-1056460.1758366267,-1381662.0005394197,-2438122.1763760466,-25887537.416927304,13964340.760649277,-11923196.656278027,444009.3404874158,-69571.37501562086,0.21081818581928613,0.0828331332533014,42.51540062757858,34.85495519817218,17.088256943766158,True,True
2026-09-30,66,26800.0,17.0,17.0,1.0,1.0,-1411688.4511293948,-1412534.494022681,-2824222.945152076,-33383520.636976715,14429694.458362075,-18953826.17861464,477924.8066305913,-72509.32669084333,0.03883406848256108,0.08005780346820822,45.780436359351796,34.83198525288735,17.75638679404679,True,True
2026-09-30,66,26900.0,1.0,0.0,1.0,0.0,-84918.73786935533,0.0,-84918.73786935533,-1936442.8856659904,0.0,-1936442.8856659904,13282.507799770745,-1938.8285132439137,0.03614798079638529,,46.65014201609487,34.99495585480587,17.740308337288383,True,True
2026-09-30,66,27000.0,3.0,51.0,2.0,2.0,-260454.01770427558,-4416471.93048954,-4676925.948193816,-5726114.513668665,46163140.324929,40437025.811260335,680616.4653541934,-94434.0054394547,0.039944399736630366,0.07636655948553055,47.259803621331564,64.72176513871139,19.31682466816072,True,True
2026-09-30,66,27100.0,0.0,7.0,0.0,1.0,0.0,-619114.8715606489,-619114.8715606489,0.0,6538265.152958087,6538265.152958087,83737.40793475599,-10899.929724137728,,0.07644053547177135,46.70309250553205,64.96316601066626,19.037235968332404,True,True
2026-09-30,66,27200.0,0.0,4.0,0.0,2.0,0.0,-361072.00523255125,-361072.00523255125,0.0,3855828.617526919,3855828.617526919,44927.47157530629,-5412.282075237839,,0.07776321537789423,47.217592912618365,64.97851561459271,19.57412435161214,True,True
2026-09-30,66,27400.0,0.0,21.0,0.0,21.0,0.0,-1966067.2322303643,-1966067.2322303643,0.0,21571459.64341596,21571459.64341596,198276.49181425574,-18988.819954328348,,0.07747090498523534,48.62867441515908,64.88303621383825,21.079279763718326,True,True
2026-09-30,66,27500.0,0.0,66.0,0.0,1.0,0.0,-6314430.654195652,-6314430.654195652,0.0,69890793.89517567,69890793.89517567,562394.015357581,-44277.46895869141,,0.07973048848961257,49.72852979893282,64.6243486815716,22.522548975308613,True,True
2026-09-30,66,27600.0,1.0,2.0,1.0,1.0,-96888.07834736948,-193636.96339527724,-290525.0417426467,-1719528.8652178366,2186889.9458838524,467361.08066601586,21979.30827540409,-1240.2350057492035,0.04254022428083858,0.07331756611481394,50.169930796162596,64.98268431146946,21.92619429797159,True,True
2026-09-30,66,27800.0,0.0,2.0,0.0,1.0,0.0,-200965.20999482262,-200965.20999482262,0.0,2322454.255475669,2322454.255475669,10027.347280471644,214.1901692646063,,0.06920868382612204,51.00380104633654,64.98803794197802,23.09257353665897,True,True
2026-09-30,66,27900.0,0.0,1.0,0.0,1.0,0.0,-101715.39864712449,-101715.39864712449,0.0,1196618.1990773377,1196618.1990773377,3680.239456268268,382.78692024996104,,0.06841748231417774,51.607278816158,64.9939363250216,23.666101181919714,True,True
2026-09-30,66,28000.0,2.0,53.0,2.0,4.0,-205348.15470151606,-5468822.786999556,-5674170.941701072,-3161014.4011599887,65299650.776480176,62138636.37532019,128469.47044633997,36380.52866180229,0.04896665946568733,0.06074219663999259,53.29683747377224,64.66243827536461,25.291568214896852,True,True
2026-09-30,66,28100.0,0.0,5.0,0.0,4.0,0.0,-523548.5297806416,-523548.5297806416,0.0,6339214.627629792,6339214.627629792,4792.910999676887,4719.945893927079,,0.06590621039290237,52.91878318330189,64.96885126542143,24.927967931081778,True,True
2026-09-30,66,28300.0,0.0,11.0,0.0,1.0,0.0,-1173201.6421113473,-1173201.6421113473,0.0,14752776.936318006,14752776.936318006,-20854.31666067065,16764.039257292403,,0.05613445378151276,52.4394398838913,64.9302041725961,24.19459737095787,True,True
2026-09-30,66,28400.0,4.0,6.0,1.0,2.0,-428597.9673553324,-646267.7193321622,-1074865.6866874946,-5736649.2879909575,8274937.399028798,2538288.11103784,-34117.59977832572,18212.7946803882,0.060175765184640025,0.06023216170143684,51.71205194938927,64.9360493734363,23.58311171344373,True,True
2026-09-30,66,28500.0,13.0,54.0,1.0,1.0,-1401975.2849532014,-5852902.869964186,-7254878.154917387,-18146365.100432165,76551426.90632765,58405061.805895485,-333802.0545376654,142149.41776729838,0.0615524285065821,0.05187590469856418,51.952709895547656,64.56840057990154,24.091049837249415,True,True
2026-09-30,66,28600.0,9.0,4.0,2.0,1.0,-976610.4761640051,-435220.1335697161,-1411830.6097337212,-12212495.696946941,5825400.549956682,-6387095.146990259,-85350.8559813046,31426.641292900837,0.06400534172747664,0.04883195177091197,50.6789084613749,34.916011288010964,22.456384084718085,True,True
2026-09-30,66,28700.0,0.0,22.0,0.0,1.0,0.0,-2409560.679585436,-2409560.679585436,0.0,32915552.343697134,32915552.343697134,-181062.38761535866,59880.05583022592,,0.045678067970713616,50.523627781038705,64.85665263329224,22.038364590090314,True,True
2026-09-30,66,28800.0,2.0,3.0,2.0,1.0,-219010.6590474834,-329549.7127795212,-548560.3718270046,-2555673.5861839475,4607365.429547486,2051691.8433635384,-49204.554987116935,15061.878317949178,0.06989162040708423,0.04773118695300699,49.31983770355748,64.9673583438478,21.117028522386576,True,True
2026-09-30,66,28900.0,0.0,4.0,0.0,1.0,0.0,-441785.5488146554,-441785.5488146554,0.0,6306329.981753178,6306329.981753178,-46158.190102629334,13240.843703858527,,0.04586594079618924,49.10289894541692,64.97371540564566,20.505255987301442,True,True
2026-09-30,66,29000.0,4.0,56.0,2.0,1.0,-439759.4862845067,-6195678.760172199,-6635438.246456706,-4792623.891931356,90540624.78151307,85748000.88958171,-788789.8441376466,215447.7248664566,0.07573170013544558,0.04530659214203524,48.786486365988246,64.60525169367962,20.998037245565126,True,True
2026-09-30,66,29100.0,2.0,3.0,4.0,1.0,-219472.07612831861,-330932.2794840217,-550404.3556123404,-2318398.9965381757,4966801.52015275,2648402.5236145747,-72964.70696227401,19238.594750639455,0.07203179334326874,0.044627575277337614,47.55672273097068,64.9672502908564,19.339524654557678,True,True
2026-09-30,66,29200.0,2.0,1.0,1.0,1.0,-219089.16246698127,-110201.1631948019,-329290.32566178316,-2240272.862397749,1695205.4979453015,-545067.3644524475,-48196.006253343854,12310.633172451106,0.08486600105097217,0.041301550340094285,46.796016884660965,34.980437744715076,18.708244619268672,True,True
2026-09-30,66,29300.0,3.0,2.0,2.0,1.0,-327645.7223467136,-220301.14540066966,-547946.8677473832,-3242507.4236643515,3472158.419102704,229650.9954383527,-89465.38744685693,21959.388904162974,0.08965613253515242,0.041479986944782284,46.15452709896138,64.96733683656895,18.154396743642906,True,True
2026-09-30,66,29400.0,2.0,5.0,1.0,9.0,-217364.8895500241,-548049.425067386,-765414.3146174101,-2082337.2735687322,8881299.522362906,6798962.248794174,-138234.3465289904,32713.333768070224,0.09498485855676204,0.04061962134251301,45.52054042830471,64.95446261445909,17.600508444969428,True,True
2026-09-30,66,29500.0,9.0,15.0,2.0,3.0,-971685.5413366043,-1632813.306523347,-2604498.847859951,-9011198.976456592,27248509.891247254,18237310.91479066,-513962.05528503447,118233.51542826716,0.10047095761381476,0.039887936534354164,45.073969851653196,64.84505522125443,17.33605512129889,True,True
2026-09-30,66,29600.0,9.0,4.0,16.0,2.0,-965428.0716549801,-431708.3741674236,-1397136.4458224038,-8639794.222206248,7428005.76311265,-1211788.4590935977,-298719.7414861327,67085.50034541961,0.09848167100075486,0.03928303101856823,44.37977548796399,34.916895486812805,16.53066271403604,True,True
2026-09-30,66,29700.0,0.0,10.0,0.0,10.0,0.0,-1068130.1056529488,-1068130.1056529488,0.0,18972254.71862169,18972254.71862169,-247062.12618977978,53987.26855157372,,0.038684217358568945,44.654855932647386,64.9364551980155,15.88009433947345,True,True
2026-09-30,66,29800.0,3.0,8.0,2.0,2.0,-313707.07411341957,-844171.9184090196,-1157878.9925224392,-2650097.207831689,15496022.425273228,12845925.21744154,-285660.4189473379,61453.595348446586,0.1124148372445118,0.038242166888615245,42.97578566694442,64.93111557974015,15.306243712235807,True,True
2026-09-30,66,29900.0,0.0,4.0,0.0,2.0,0.0,-416258.25528152275,-416258.25528152275,0.0,7904361.10170719,7904361.10170719,-109443.77623292162,23100.064645904367,,0.03857472941748762,43.39641344118107,64.97523452795059,14.579166346602177,True,True
2026-09-30,66,30000.0,4.0,6.0,2.0,2.0,-408290.2903531733,-609454.6635935149,-1017744.9539466882,-3209519.6236526547,12033453.163722135,8823933.54006948,-280490.7765319613,59003.08896454941,0.09820254274441036,0.22290891214270672,39.22114407641863,64.9394517462742,14.100814952907257,True,True
2026-09-30,66,30100.0,6.0,0.0,4.0,0.0,-601209.8274822063,0.0,-601209.8274822063,-4603379.989536096,0.0,-4603379.989536096,-174396.82964746407,36246.26198324029,0.11319873964289882,,39.99820968549248,34.96423675034709,13.431650492885815,True,True
2026-09-30,66,30200.0,6.0,4.0,1.0,4.0,-589993.8971426267,-393017.19850169675,-983011.0956443234,-4392744.01738657,8318923.472159012,3926179.4547724426,-300538.379630026,61686.78079662561,0.09533316695782378,0.20798873834242476,38.30294295110228,64.94151597385658,12.914589813406474,True,True
2026-09-30,66,30300.0,1.0,0.0,1.0,0.0,-96314.98482532133,0.0,-96314.98482532133,-696932.9352843922,0.0,-696932.9352843922,-31297.84803143885,6298.258443051726,0.10596735349210604,,38.96620460041406,34.99429165860958,12.15133951555458,True,True
2026-09-30,66,30400.0,46.0,4.0,1.0,1.0,-4330425.633346098,-376484.29141457553,-4706909.924760673,-30434242.516384125,8603460.705505464,-21830781.81087866,-1618571.6330057858,320066.09738715616,0.11368542236292992,0.19542963499121083,37.542219705037056,34.719982423289366,12.480961113998235,True,True
2026-09-30,66,30500.0,46.0,7.0,1.0,2.0,-4221895.029145893,-642643.2683436484,-4864538.297489541,-28853725.291951135,15303487.240429355,-13550238.05152178,-1762042.5962202358,343318.5682433573,0.12445820433436547,0.1889988159980735,36.92290945609258,34.71060539088635,11.94065916062579,True,True
2026-09-30,66,30600.0,6.0,6.0,4.0,4.0,-535864.1507405993,-535965.7642193009,-1071829.9149599,-3558324.6130993674,13322019.184250107,9763694.571150739,-407686.85027847753,78371.49166330305,0.1326649958228907,0.1834258447755379,35.76688110358395,64.93623434738909,10.578761577374472,True,True
2026-09-30,66,30700.0,1.0,0.0,1.0,0.0,-86718.16934920216,0.0,-86718.16934920216,-560452.6844658579,0.0,-560452.6844658579,-34458.26401999565,6559.779208181152,0.14054054054054055,,35.55892025072227,34.99486782289794,9.780924535544141,True,True
2026-09-30,66,30800.0,2.0,0.0,1.0,0.0,-168171.72779932275,0.0,-168171.72779932275,-1053996.080291101,0.0,-1053996.080291101,-69750.11349789608,13140.472055137318,0.07053291536050157,,37.079407281660316,34.99000954566309,9.206791910320083,True,True
2026-09-30,66,30900.0,1.0,0.0,2.0,0.0,-81334.59052907756,0.0,-81334.59052907756,-503834.8686065271,0.0,-503834.8686065271,-34743.9336103416,6561.688763772534,0.13404825737265416,,34.56864437663948,34.99519110436576,8.59569715276813,True,True
2026-09-30,66,31000.0,7.0,1.0,3.0,2.0,-550665.8441814071,-78666.19161289265,-629332.0357942998,-3274221.124258803,2345448.6130456263,-928772.5112131769,-280465.587518633,52307.09460103366,0.09174311926605505,0.1629907060618671,34.26602575401653,34.962576626983285,8.131147965226589,True,True
2026-09-30,66,31100.0,4.0,0.0,3.0,0.0,-303875.84347572876,0.0,-303875.84347572876,-1762139.3599506507,0.0,-1762139.3599506507,-140228.95115586155,26000.387298426675,0.0779349714569373,,35.1053399652813,34.98193066778822,7.465079714871026,True,True
2026-09-30,66,31200.0,4.0,0.0,1.0,0.0,-292720.0161653857,0.0,-292720.0161653857,-1655294.36635541,0.0,-1655294.36635541,-140870.73227589382,25732.768541813126,0.08672232695933206,,34.249197115649764,34.98259488734287,6.872178290252445,True,True
2026-09-30,66,31300.0,1.0,0.0,1.0,0.0,-70285.22037562676,0.0,-70285.22037562676,-387735.6341588642,0.0,-387735.6341588642,-35192.62026161158,6346.10913922236,0.0942898975109811,,33.391306434250914,34.99585735569068,6.225232793459674,True,True
2026-09-30,66,31400.0,3.0,1.0,3.0,1.0,-201999.9040392842,-66924.64061152305,-268924.5446508073,-1088131.0968229133,2459920.492738366,1371789.3959154529,-140231.5035264453,24935.147218788374,0.10258043963045553,0.150192954064484,31.87422164988626,64.98399050469565,5.686324998964636,True,True
2026-09-30,66,31500.0,48.0,2.0,6.0,1.0,-3089310.928629059,-129781.7474537885,-3219092.676082847,-16258670.818479378,4925072.695290764,-11333598.123188615,-1731711.779210435,306608.88322854426,0.11242192921582227,0.15481613321668822,31.652630598704924,34.80849463298989,5.912639041952894,True,True
2026-09-30,66,31600.0,52.0,0.0,2.0,0.0,-3193355.0869319933,0.0,-3193355.0869319933,-16431895.218346437,0.0,-16431895.218346437,-1777114.4702866827,312486.92166903516,0.12173913043478267,,31.44206635778254,34.810025374453005,5.3504830380149775,True,True
2026-09-30,66,31700.0,3.0,0.0,2.0,0.0,-175567.6932017909,0.0,-175567.6932017909,-884048.094684121,0.0,-884048.094684121,-100825.15105890311,17656.82402711849,0.12191103789126863,,30.218144404796654,34.9895722889388,3.889964235948431,True,True
2026-09-30,66,31800.0,3.0,0.0,3.0,0.0,-167055.0371299556,0.0,-167055.0371299556,-822604.6740761366,0.0,-822604.6740761366,-98924.41540211199,17274.86421125786,0.14581458145814585,,28.908515913230648,34.99007998178645,3.2971526653934053,True,True
2026-09-30,66,31900.0,2.0,0.0,2.0,0.0,-105924.96013746156,0.0,-105924.96013746156,-510514.70679237,0.0,-510514.70679237,-64575.751496848934,11267.274545010432,0.15823095823095817,,27.93072196539003,34.99372781182917,2.686931814077399,True,True
2026-09-30,66,32000.0,17.0,0.0,2.0,0.0,-855970.0367354595,0.0,-855970.0367354595,-4038098.4031749945,0.0,-4038098.4031749945,-536677.4806511733,93598.68636103671,0.17400644468313645,,27.056642088713446,34.94908129473089,2.354215693000354,True,True
2026-09-30,66,32100.0,2.0,0.0,3.0,0.0,-95562.88847342899,0.0,-95562.88847342899,-441651.81779500097,0.0,-441651.81779500097,-61575.84686941584,10610.224430969822,0.18907809747504412,,25.820263418948073,34.994348841977065,1.5015351884593489,True,True
2026-09-30,66,32300.0,4.0,0.0,2.0,0.0,-170792.93150821744,0.0,-170792.93150821744,-760228.1805784628,0.0,-760228.1805784628,-116041.21383754826,19654.24412405005,0.22752808988764037,,23.507280197643933,34.98985910727349,0.35028937388712267,True,True
2026-09-30,66,32400.0,4.0,0.0,4.0,0.0,-160939.20336387507,0.0,-160939.20336387507,-703821.4358326364,0.0,-703821.4358326364,-112275.05015843031,18909.51348731293,0.2475019215987701,,22.626064192423147,34.99044689563879,0.06795334453514201,True,True
2026-09-30,66,32500.0,71.0,0.0,90.0,0.0,-2689287.523849724,0.0,-2689287.523849724,-11567606.911633655,0.0,-11567606.911633655,-1926024.8961618384,323250.1784773656,0.27226890756302513,,22.73934543996525,34.84001318661359,1.2004817033635475,True,True
2026-09-30,66,32600.0,22.0,0.0,20.0,0.0,-783899.0880022192,0.0,-783899.0880022192,-3318670.4276866023,0.0,-3318670.4276866023,-576401.542221454,96572.36548801334,0.2956841138659321,,21.410646706146434,34.95336966492599,0.3703008600311045,True,True
2026-09-30,66,33000.0,155.0,0.0,70.0,0.0,-4320270.313682475,0.0,-4320270.313682475,-17211325.255480044,0.0,-17211325.255480044,-3530353.711826854,594724.3701928918,0.4209150326797385,,19.353520334575183,34.74298414254376,2.568053865009495,True,False
2026-09-30,66,33200.0,4.0,0.0,4.0,0.0,-98348.31821005074,0.0,-98348.31821005074,-381420.6436735825,0.0,-381420.6436735825,-82623.33288847127,13724.503333633294,0.5007776049766718,,15.0277936910861,34.99418849750896,0.06582558024555768,True,False
2026-09-30,66,33300.0,37.0,0.0,30.0,0.0,-853063.820388902,0.0,-853063.820388902,-3271004.926700585,0.0,-3271004.926700585,-728143.8170084455,120473.02651925366,0.544839255499154,,14.127699358598228,34.949255059256345,0.6069605360112851,True,False
2026-09-30,66,33400.0,2.0,0.0,2.0,0.0,-43176.90309601414,0.0,-43176.90309601414,-163770.7352816771,0.0,-163770.7352816771,-37510.13802845581,6190.071348220101,0.5930018416206262,,12.235505671574339,34.997522958473816,0.03270891463611479,True,False
2026-09-30,66,33500.0,163.0,0.0,90.0,0.0,-3295357.041857089,0.0,-3295357.041857089,-12377630.868783962,0.0,-12377630.868783962,-2917592.333249626,481036.4957275603,0.64,,12.883214995739847,34.803957486307304,2.6581766474919104,True,False
2026-09-30,66,34000.0,116.0,0.0,60.0,0.0,-1718631.5465212069,0.0,-1718631.5465212069,-6227832.067667681,0.0,-6227832.067667681,-1691830.4993527876,283183.50407829904,0.9333333333333335,,3.4825333712013595,34.89775948707477,1.8704097580212617,True,False
2026-09-30,66,34200.0,2.0,0.0,1.0,0.0,-26387.110122763086,0.0,-26387.110122763086,-94487.533621125,0.0,-94487.533621125,-27195.895289683103,4605.200271008682,1.0697674418604652,,0.025560920193126953,34.998588956737066,0.032138149071285343,True,False
2026-09-30,66,34500.0,34.0,0.0,1.0,0.0,-379933.5453686789,0.0,-379933.5453686789,-1342012.25096312,0.0,-1342012.25096312,-398760.5056981411,67576.84989160801,1.2931726907630523,,0.4345356432831582,34.97740859222052,0.5440148824347968,True,False
2026-09-30,66,34600.0,16.0,0.0,3.0,0.0,-169400.52250735325,0.0,-169400.52250735325,-596842.0554036195,0.0,-596842.0554036195,-178676.8862278361,30306.024882928934,1.370212765957447,,0.20448736154501562,34.98994734426809,0.25568773342506945,True,False
2026-09-30,66,34700.0,10.0,0.0,1.0,0.0,-100576.59837772143,0.0,-100576.59837772143,-353977.4452018354,0.0,-353977.4452018354,-106729.18950889757,18144.27298361184,1.443946188340807,,0.12780460096563476,34.99405898404167,0.15962470421381053,True,False
2026-09-30,66,35000.0,43.0,0.0,2.0,0.0,-370710.0529064299,0.0,-370710.0529064299,-1302064.9761451269,0.0,-1302064.9761451269,-403728.0015770299,69298.57375675137,1.6858638743455499,,0.5495597841522295,34.977957648919045,0.6842863927645171,True,False
2026-09-30,66,35500.0,23.0,0.0,30.0,0.0,-159536.47426262838,0.0,-159536.47426262838,-566137.1508521865,0.0,-566137.1508521865,-182893.79724459464,32318.437128493544,1.9873015873015871,,0.29395058222096,34.99053552834857,0.3646963435119956,True,False
2026-09-30,66,36000.0,46.0,0.0,30.0,0.0,-276721.952631319,0.0,-276721.952631319,-1012830.0591629104,0.0,-1012830.0591629104,-328511.1276652897,60515.88975068925,1.9862542955326459,,0.58790116444192,34.98355237453732,0.7279529736141234,True,False
2026-09-30,66,36500.0,2.0,0.0,10.0,0.0,-11189.17198953758,0.0,-11189.17198953758,-42998.73336517965,0.0,-42998.73336517965,-13401.594496508425,2592.2351278926826,2.0,,0.025560920193126953,34.99968318556466,0.03162149828490142,True,False
2026-09-30,66,37000.0,43.0,0.0,1.0,0.0,-215278.78964384133,0.0,-215278.78964384133,-853550.4746052091,0.0,-853550.4746052091,-265353.81666814996,53409.303195385,2.0,,0.5495597841522295,34.987210446690355,0.6790025388831997,True,False
2026-09-30,66,38000.0,65.0,0.0,1.0,0.0,-250869.67926188558,0.0,-250869.67926188558,-1031605.7948183983,0.0,-1031605.7948183983,-338178.57533660985,72863.52180307957,2.0,,0.830729906276626,34.985090079757825,1.0238648153535836,True,False
2026-09-30,66,39000.0,47.0,0.0,1.0,0.0,-149217.87968951027,0.0,-149217.87968951027,-642725.5658382749,0.0,-642725.5658382749,-198940.92211061728,45038.8519761822,2.0,,0.6006816245384834,34.9911462335044,0.739239061173968,True,False
2026-10-16,82,5000.0,0.0,3.0,0.0,1.0,0.0,-341.36548688967264,-341.36548688967264,0.0,6203.532447208854,6203.532447208854,477.8168482254745,-367.3741398431079,,2.0,0.03834138028969043,64.99756210437727,0.04687329167037008,True,False
2026-10-16,82,6000.0,0.0,19.0,0.0,1.0,0.0,-2763.2432006124213,-2763.2432006124213,0.0,45598.805240751484,45598.805240751484,3865.616097332126,-2666.646558528086,,2.0,0.2428287418347061,64.99950666342743,0.2968846203498939,True,False
2026-10-16,82,7000.0,0.0,3.0,0.0,2.0,0.0,-558.4862422786605,-558.4862422786605,0.0,8458.661313948745,8458.661313948745,775.0379659466795,-484.49538157779284,,2.0,0.03834138028969043,64.99819365452583,0.04688067264587009,True,False
2026-10-16,82,8000.0,0.0,22.0,0.0,11.0,0.0,-5330.207329853118,-5330.207329853118,0.0,74913.40537759225,74913.40537759225,7303.010583899393,-4177.950716558291,,2.0,0.28117012212439646,64.99948267270527,0.34383357078914867,True,False
2026-10-16,82,9000.0,0.0,2.0,0.0,2.0,0.0,-619.2433925717753,-619.2433925717753,0.0,8089.412120633585,8089.412120633585,844.2432972218725,-443.48212592341844,,2.0,0.025560920193126953,64.99810911419311,0.031262175732475334,True,False
2026-10-16,82,10000.0,0.0,6.0,0.0,2.0,0.0,-2451.839879717699,-2451.839879717699,0.0,30156.912792184066,30156.912792184066,3351.156757877748,-1635.8418251582507,,2.0,0.07668276057938087,64.99935675596056,0.09380672383476242,True,False
2026-10-16,82,11000.0,0.0,21.0,0.0,1.0,0.0,-10866.119184699804,-10866.119184699804,0.0,125086.24312387139,125086.24312387139,15083.294635233331,-6821.030380988547,,1.9861591695501728,0.268389662027833,64.99923364858637,0.32840120063577116,True,False
2026-10-16,82,12000.0,0.0,1.0,0.0,1.0,0.0,-686.0908148919837,-686.0908148919837,0.0,7513.405889415782,7513.405889415782,907.0512020112268,-379.00626115193376,,1.8604651162790695,0.012780460096563476,64.99796301805216,0.015643885856627685,True,False
2026-10-16,82,13000.0,0.0,6.0,0.0,6.0,0.0,-5910.393154997872,-5910.393154997872,0.0,62875.15042554409,62875.15042554409,7100.378115995053,-2764.4554384212743,,1.393939393939394,0.07668276057938087,64.99940982122344,0.09392429664324213,True,False
2026-10-16,82,14000.0,0.0,8.0,0.0,7.0,0.0,-11254.316132997143,-11254.316132997143,0.0,116215.77243370251,116215.77243370251,12705.434506251278,-4648.715363108117,,1.051948051948052,0.10224368077250781,64.99920140155945,0.12534708688814838,True,False
2026-10-16,82,15000.0,0.0,10.0,0.0,1.0,0.0,-19783.91221781325,-19783.91221781325,0.0,198842.02976924836,198842.02976924836,21861.17090071977,-7595.9468314591995,,0.791154791154791,6.393160866321904,64.99874760105259,0.15687817343623542,True,False
2026-10-16,82,15500.0,0.0,3.0,0.0,3.0,0.0,-6997.1946695434535,-6997.1946695434535,0.0,69577.67431639598,69577.67431639598,7592.267098725055,-2563.4889342654837,,0.6837606837606838,9.525520867469178,64.99936814735993,0.04709955521685323,True,False
2026-10-16,82,16000.0,0.0,3.0,0.0,1.0,0.0,-8260.446661456785,-8260.446661456785,0.0,81232.96178958102,81232.96178958102,8546.840009055908,-2775.8313824412235,,0.5947955390334573,12.19447520928597,64.99932392683696,0.04714249920894623,True,False
2026-10-16,82,16500.0,0.0,1.0,0.0,1.0,0.0,-3253.1606865493295,-3253.1606865493295,0.0,31600.3035858128,31600.3035858128,3224.3305799017044,-1008.8187855970925,,0.5153970826580226,14.550867980355886,64.99933180261007,0.015731152869841454,True,False
2026-10-16,82,17000.0,0.0,5.0,0.0,3.0,0.0,-19282.842456573762,-19282.842456573762,0.0,185179.70831969494,185179.70831969494,18380.808256616074,-5555.645107823294,,0.4472573839662447,16.646180781495477,64.99877184456903,0.07875832797136095,True,False
2026-10-16,82,17500.0,0.0,6.0,0.0,7.0,0.0,-27373.546473043127,-27373.546473043127,0.0,259797.0089229917,259797.0089229917,25262.877956884997,-7393.324272831678,,0.38922888616891066,18.39981617551206,64.99831378617597,0.09465393213345408,True,False
2026-10-16,82,18000.0,0.0,109.0,0.0,100.0,0.0,-587673.1778098075,-587673.1778098075,0.0,5520764.884812385,5520764.884812385,528283.58772067,-150233.60696155066,,0.33368756641870345,21.382443157964314,64.96503608220412,1.7226191241046531,True,True
2026-10-16,82,18500.0,0.0,7.0,0.0,3.0,0.0,-44424.83068354386,-44424.83068354386,0.0,413851.9095875051,413851.9095875051,39140.284954006514,-10857.788740112632,,0.2878228782287823,21.454776873812477,64.99732088249246,0.11085414937944843,True,True
2026-10-16,82,19000.0,0.0,9.0,0.0,10.0,0.0,-67142.66258911787,-67142.66258911787,0.0,621778.480411353,621778.480411353,56803.107480887316,-15166.64866355718,,0.24740622505985643,22.69283738907338,64.9959814988909,0.14286756209112014,True,True
2026-10-16,82,19500.0,0.0,3.0,0.0,1.0,0.0,-26389.932379750768,-26389.932379750768,0.0,242799.85975648405,242799.85975648405,21291.535645951997,-5452.276624189299,,0.21670117322291244,23.537306183602315,64.9983682603941,0.047758807353576425,True,True
2026-10-16,82,20000.0,0.0,228.0,0.0,2.0,0.0,-2369086.8598679416,-2369086.8598679416,0.0,21653823.15747169,21653823.15747169,1825238.2241227303,-449532.2555739615,,0.19200954084675026,27.15365867661396,64.85906021987012,3.6420248349537374,True,True
2026-10-16,82,20500.0,2.0,7.0,1.0,4.0,-24385.545008545778,-86214.90706899404,-110600.45207753981,-5405288.611961471,786040.8286127509,-4619247.7833487205,81396.00434724335,-19367.754571909234,0.07829100331333502,0.161996943453897,26.510704939360586,34.99342352787663,0.14434490072198447,True,True
2026-10-16,82,21000.0,0.0,27.0,0.0,10.0,0.0,-392148.68279752735,-392148.68279752735,0.0,3568844.487435451,3568844.487435451,275300.2731584174,-63715.20875030312,,0.1362445414847161,26.257736178065727,64.97666652253821,0.43508619714195707,True,True
2026-10-16,82,21500.0,0.0,85.0,0.0,14.0,0.0,-1448377.5197866675,-1448377.5197866675,0.0,13202282.85978039,13202282.85978039,967440.8508751695,-216345.7844645688,,0.11281285020545394,27.701953602044277,64.91383359512787,1.3769850953236624,True,True
2026-10-16,82,22000.0,0.0,132.0,0.0,100.0,0.0,-2645213.2557328218,-2645213.2557328218,0.0,24207411.81627305,24207411.81627305,1666765.0561601978,-355568.45462082553,,0.09729729729729737,28.768101813827457,64.84263328771095,2.151837710423183,True,True
2026-10-16,82,22500.0,0.0,139.0,0.0,130.0,0.0,-3277161.691928995,-3277161.691928995,0.0,30120574.02216824,30120574.02216824,1936225.5095048249,-395568.18714592943,,0.07961007311129156,29.388181760083576,64.80503823401898,2.282664604141129,True,True
2026-10-16,82,22600.0,0.0,9.0,0.0,1.0,0.0,-219216.06635499294,-219216.06635499294,0.0,2018040.1219060768,2018040.1219060768,127684.81578621113,-25885.56723219825,,0.0780308981408746,27.774097196642828,64.98695120800873,0.14803726622828553,True,True
2026-10-16,82,22800.0,0.0,1.0,0.0,1.0,0.0,-25975.178418755047,-25975.178418755047,0.0,239805.01773544712,239805.01773544712,14693.39731703111,-2934.0622318587234,,0.07258460029426195,27.835242451268705,64.998392162943,0.01650358319734155,True,True
2026-10-16,82,23000.0,0.0,8.0,0.0,47.0,0.0,-221657.36879639994,-221657.36879639994,0.0,2059388.0768288253,2059388.0768288253,121253.25894500336,-23924.166511783973,,0.069311445508436,28.022900315519422,64.98680612198918,0.13249969546328635,True,True
2026-10-16,82,23100.0,0.0,5.0,0.0,4.0,0.0,-143249.66971444307,-143249.66971444307,0.0,1342627.8130999415,1342627.8130999415,76659.1586537097,-15101.975679124316,,0.1098805646036917,26.767485362372064,64.99146677744548,0.08297255481100566,True,True
2026-10-16,82,23200.0,0.0,7.0,0.0,1.0,0.0,-206320.7061308701,-206320.7061308701,0.0,1923280.8534062537,1923280.8534062537,109214.6188675574,-21259.80508089682,,0.07397904639726326,27.87009182875805,64.98771799825593,0.11635776642466555,True,True
2026-10-16,82,23300.0,0.0,10.0,0.0,1.0,0.0,-304480.6690531956,-304480.6690531956,0.0,2866990.129862608,2866990.129862608,157327.39156869164,-30621.985134012913,,0.10530595649522252,26.968625906108954,64.98188094183469,0.16655638123064606,True,True
2026-10-16,82,23400.0,0.0,70.0,0.0,14.0,0.0,-2192208.033767362,-2192208.033767362,0.0,20536094.039892342,20536094.039892342,1119190.4893389656,-215314.01355064844,,0.06722689075630256,28.877825484070367,64.86958286107581,1.1679630258187856,True,True
2026-10-16,82,23500.0,0.0,3.0,0.0,2.0,0.0,-96943.50576241389,-96943.50576241389,0.0,918548.9750947243,918548.9750947243,48387.90244271903,-9276.466273650223,,0.10522317188983862,26.88164622359453,64.99421641440985,0.05015726159459344,True,True
2026-10-16,82,23600.0,0.0,19.0,0.0,1.0,0.0,-632295.2824553428,-632295.2824553428,0.0,6002608.635446128,6002608.635446128,311291.817604035,-58937.07850251654,,0.09906094641870733,27.271000349273482,64.96238169155558,0.3182854327682429,True,True
2026-10-16,82,23700.0,3.0,0.0,3.0,0.0,-103033.63405168586,0.0,-103033.63405168586,-7444671.484626525,0.0,-7444671.484626525,49527.26134292898,-9335.210681013788,0.1325406682004194,,26.062121334277105,34.993872452203064,0.050364294255356316,True,True
2026-10-16,82,23800.0,1.0,1.0,1.0,1.0,-35370.07363904507,-35275.276748077566,-70645.35038712263,-2470602.141344,334231.7147377629,-2136370.4266062374,33662.83280706637,-6234.280048354625,0.1350006221226826,0.13492202558261782,25.97672120461362,34.995804266433474,0.03364269886192837,True,True
2026-10-16,82,23900.0,0.0,88.0,0.0,88.0,0.0,-3198389.564794041,-3198389.564794041,0.0,30407694.590151653,30407694.590151653,1509856.248244852,-274734.5497465908,,0.13008130081300806,27.222241464107345,64.80972446272594,1.4833380825002878,True,True
2026-10-16,82,24000.0,7.0,32.0,7.0,3.0,-262373.4234534306,-1198816.3686975632,-1461189.7921509938,-17159653.19712888,11492701.2701133,-5666951.92701558,674931.8707530039,-121858.40344793416,0.13232424507045285,0.1034203274436699,27.500926983712997,34.91307516472534,1.197532405899689,True,True
2026-10-16,82,24100.0,0.0,2.0,0.0,2.0,0.0,-77155.94848291052,-77155.94848291052,0.0,738528.8575411532,738528.8575411532,35147.766592508495,-6251.3428659941255,,0.11939825811559793,27.57479298894374,64.99538961328189,1.1650438375259848,True,True
2026-10-16,82,24200.0,2.0,3.0,2.0,1.0,-79514.62234879466,-119220.20127794673,-198734.8236267414,-4853147.578041652,1145199.8662714348,-3707947.7117702174,88503.35352313057,-15611.46554759135,0.13769374740829574,0.11422446792221717,28.008831067303362,34.98818113369505,1.8085607580042327,True,True
2026-10-16,82,24300.0,1.0,2.0,1.0,1.0,-40936.600326436375,-81863.24754774153,-122799.84787417791,-2414337.0880833375,789262.6104833944,-1625074.477599943,53642.567536230024,-9351.166504341556,0.12000411677930627,0.10866025166543315,28.924600034956534,34.99270375801407,2.3672604239737676,True,True
2026-10-16,82,24400.0,1.0,51.0,1.0,1.0,-42145.94521770779,-2149720.1786784735,-2191866.123896181,-2401288.739393444,20805528.255298626,18404239.515905183,939484.8730337559,-161687.9765185707,0.12267762113714871,0.10390725633319024,30.17455712886383,64.86960311699026,3.7955276464361405,True,True
2026-10-16,82,24500.0,3.0,57.0,2.0,3.0,-130141.24955492879,-2473678.94291243,-2603820.192467359,-7162096.416576133,24036091.490705773,16873995.07412964,1090966.8660701322,-185801.8659371863,0.12504615677819747,0.0993496609934967,30.902158889675707,64.84509552861606,4.527018623696063,True,True
2026-10-16,82,24600.0,0.0,29.0,0.0,5.0,0.0,-1295427.8707834051,-1295427.8707834051,0.0,12637260.99956453,12637260.99956453,530314.6232098159,-89332.65118257391,,0.09286765689816671,31.678394370872343,64.92293265517861,4.590824847372888,True,True
2026-10-16,82,24700.0,5.0,4.0,5.0,3.0,-229619.05882245113,-183860.2796318462,-413479.33845429734,-11794818.490469586,1801207.2370420098,-9993611.253427576,164391.51017680494,-27500.338884844183,0.13063303721190292,0.08927416224608617,31.50272906857593,34.975403246832904,4.840954125853672,True,True
2026-10-16,82,24800.0,9.0,15.0,3.0,1.0,-425028.8364270882,-709205.134322104,-1134233.9707491922,-21095968.622452088,6979513.910154577,-14116454.71229751,439717.8302256039,-72731.14086526583,0.13345182175955322,0.08504252126063032,32.30815100115115,34.93252447342083,5.692286651255867,True,True
2026-10-16,82,24900.0,0.0,7.0,0.0,2.0,0.0,-340288.6578516588,-340288.6578516588,0.0,3365226.3428847925,3365226.3428847925,128631.08972375924,-21014.28109433148,,0.08121827411167519,33.52427228602176,64.97975146730211,5.992269268133059,True,True
2026-10-16,82,25000.0,27.0,33.0,1.0,2.0,-1347518.4302481518,-1647110.5749983592,-2994629.0052465107,-62481661.9121777,16451223.417431798,-46030438.494745895,1093568.606753891,-177567.2026133166,0.13839617631439188,0.0597498842056508,34.25851617124893,34.821847179068065,7.502915011843701,True,True
2026-10-16,82,25100.0,1.0,3.0,1.0,1.0,-51222.611665864504,-153958.6664797938,-205181.27814565832,-2296817.4571384555,1538228.7269718843,-758588.7301665712,72808.88083286094,-11679.219008282304,0.14277958740499458,0.07429152083098121,33.85145687466207,34.98781335654478,7.1258590025989745,True,True
2026-10-16,82,25200.0,1.0,5.0,1.0,2.0,-52572.675517430784,-263638.62138581875,-316211.2969032495,-2280284.7249725913,2640576.7238008603,360291.9988282691,108862.52767719647,-17248.69002582035,0.14609893619976114,0.08029837648091273,34.329646912744415,64.98114667551917,7.753396754530028,True,True
2026-10-16,82,25300.0,2.0,8.0,4.0,1.0,-107848.82405063957,-432867.25378205953,-540716.077832699,-4526427.817645492,4360136.780855949,-166291.036789543,180366.82539787784,-28233.93505630507,0.14934114202049772,0.07782843812957267,34.96170692564941,34.967922521676115,8.416033182382856,True,True
2026-10-16,82,25400.0,2.0,5.0,4.0,1.0,-110299.18872994244,-277570.88555175986,-387870.0742817023,-4484286.561345907,2812235.2052649674,-1672051.3560809395,125932.91220745892,-19405.99052484782,0.14088598402323893,0.07544075440754411,35.67853035570872,34.976934234820575,8.956497711413585,True,True
2026-10-16,82,25500.0,0.0,1643.0,0.0,1641.0,0.0,-93454202.088856,-93454202.088856,0.0,956171544.9022818,956171544.9022818,29605335.89203277,-4473711.171844026,,0.060856720827178794,58.59908470989264,59.44032626347829,38.26803073298074,True,True
2026-10-16,82,25600.0,1.0,5.0,1.0,2.0,-57967.68874980938,-291138.2360113099,-349105.9247611193,-2205261.3667211714,3013660.855559754,808399.4888385828,106870.23328856564,-15929.829822086907,0.14557541013600053,0.08493771234428076,36.63799850398906,64.97921282243189,10.124603738888858,True,True
2026-10-16,82,25700.0,1.0,1.0,1.0,1.0,-59435.72514805649,-59733.35848974273,-119169.08363779922,-2186308.187928412,621472.8828018197,-1564835.3051265925,35285.7332032018,-5172.095942955658,0.1500070359772972,0.0918236692884579,37.00963510638039,34.99292011073904,10.646827018384435,True,True
2026-10-16,82,25800.0,1.0,9.0,1.0,6.0,-60875.78477275944,-550680.2131732666,-611555.997946026,-2165949.566190271,5778829.37909004,3612879.812899769,175664.01052927558,-25199.70941638115,0.15319994869821715,0.08040909892435202,37.82772583636038,64.96361383716493,11.38105229372064,True,True
2026-10-16,82,25900.0,0.0,7.0,0.0,1.0,0.0,-438873.41879486927,-438873.41879486927,0.0,4638706.755852639,4638706.755852639,121737.9815307981,-17107.503655117875,,0.07840463610022157,39.53390327196227,64.97388779575726,11.920842482436703,True,True
2026-10-16,82,26000.0,7.0,17.0,2.0,4.0,-446975.18096890376,-1092624.543699971,-1539599.7246688746,-14870213.336042289,11614183.080895975,-3256030.2551463135,409889.57958755374,-56522.63560291605,0.16147935489318596,0.08573552490294868,38.98760916422817,34.90841244791131,12.816333191546562,True,True
2026-10-16,82,26200.0,1.0,12.0,0.0,2.0,-66867.75088751517,-807499.2286302232,-874366.9795177383,-2080419.068813878,8735764.256408107,6655345.187594228,213535.2666609336,-28147.9302765938,0.17034093136818096,0.07093944756482269,40.121085985232305,64.94798087577286,13.806936924338062,True,True
2026-10-16,82,26400.0,0.0,22.0,0.0,1.0,0.0,-1550238.9324334122,-1550238.9324334122,0.0,17014949.732366487,17014949.732366487,342904.67948281456,-42872.57770737066,,0.07861521817526144,42.681903633957965,64.90777402355216,15.155542482788334,True,True
2026-10-16,82,26500.0,8.0,28.0,1.0,5.0,-571130.3607308002,-2013411.3250248472,-2584541.6857556473,-16086725.567742992,22344358.22635294,6257632.658609949,536742.7587084775,-65432.18934787669,0.18564058802994446,0.06977067407922175,41.9806398734899,64.846240916021,16.00191344984661,True,True
2026-10-16,82,26600.0,1.0,9.0,1.0,1.0,-73287.36701738821,-660964.2598873582,-734251.6269047464,-1989584.46427002,7399653.313693063,5410068.849423043,143639.4685989171,-16922.98181163554,0.1405921144941772,0.06868741178842666,42.93284613293737,64.95631594411861,16.125400782912624,True,True
2026-10-16,82,26700.0,0.0,9.0,0.0,16.0,0.0,-675100.5007679686,-675100.5007679686,0.0,7617789.806438291,7617789.806438291,123619.94840549555,-14022.682347313434,,0.04635416666666655,45.261155751639556,64.95983570083035,16.700291574744018,True,True
2026-10-16,82,26800.0,0.0,6.0,0.0,17.0,0.0,-459096.6778052899,-459096.6778052899,0.0,5228056.753804691,5228056.753804691,78177.8262650308,-8492.564959830004,,0.0709201990300434,45.078355585008254,64.97268506059098,17.23860906667147,True,True
2026-10-16,82,27000.0,27.0,103.0,3.0,25.0,-2123108.808101217,-8189393.124503125,-10312501.932604343,-50912464.27275422,95084691.0245291,44172226.75177488,1541027.15322237,-147822.03473531912,0.02654268044960038,0.07111268353086864,48.51095251729577,64.38649973522425,20.69556765450751,True,True
2026-10-16,82,27100.0,1.0,2.0,1.0,1.0,-80064.50948727751,-161942.24828239376,-242006.75776967127,-1858743.1541835703,1900666.411828782,41923.25764521165,33439.235824455274,-2955.6553808845397,0.02694638694638703,0.07071167883211679,47.48031574262138,64.9852450143393,18.9619340060713,True,True
2026-10-16,82,27200.0,1.0,6.0,1.0,5.0,-81476.77456053837,-494839.79956520133,-576316.5741257397,-1831112.3318093752,5868257.376761066,4037145.0449516904,73373.53063026608,-5830.656759130752,0.027556968733439456,0.06824204946996461,48.15184548119382,64.9657106981908,19.62830323355818,True,True
2026-10-16,82,27400.0,1.0,153.0,1.0,1.0,-84239.74773387371,-13020680.8699601,-13104920.617693974,-1773880.7697908492,158587760.5391967,156813879.76940584,1350578.5505855347,-76270.59875010596,0.02876436929738644,0.047555326814204886,51.50780731588522,64.2203765043986,23.5354775887697,True,True
2026-10-16,82,27500.0,0.0,37.0,0.0,2.0,0.0,-3202378.120275431,-3202378.120275431,0.0,39446924.374435686,39446924.374435686,290140.56268180266,-11759.371503929955,,0.05554170613750815,50.08355992669561,64.80948729304619,21.96375908052049,True,True
2026-10-16,82,27600.0,3.0,10.0,3.0,5.0,-260630.3655690384,-880831.9179946268,-1141462.283563665,-5142909.210434852,10961135.076547159,5818225.866112307,88508.2455356182,-1715.1926335502512,0.030308058182622617,0.06357961968355354,50.627287085070385,64.93209081395861,22.111327358194497,True,True
2026-10-16,82,27700.0,1.0,6.0,1.0,3.0,-88136.73510369101,-536606.5724890053,-624743.3075926963,-1683775.1031328554,6761785.491584697,5078010.388451842,40344.615695211476,399.1849006099888,0.031083328554223806,0.06109445277361324,51.16877495712578,64.9628305102675,22.592560413217814,True,True
2026-10-16,82,27800.0,1.0,40.0,1.0,9.0,-89676.43026255771,-3619287.6500421604,-3708964.080304718,-1653234.3147821235,46344105.9023301,44690871.58754798,189645.53730898915,10359.398017484364,0.026085658856886924,0.04792043399638336,52.468408112087126,64.7793500876926,23.82102916925902,True,True
2026-10-16,82,27900.0,0.0,2.0,0.0,2.0,0.0,-183431.39149099958,-183431.39149099958,0.0,2380485.7421167158,2380485.7421167158,6908.147213678426,903.4472546146241,,0.04579083307796695,52.29885875334088,64.98908120190768,23.68449966265868,True,True
2026-10-16,82,28000.0,11.0,102.0,1.0,1.0,-1007473.6148160623,-9471175.78377607,-10478649.398592133,-17489573.241788283,124666480.18687935,107176906.94509107,250856.93049270633,73949.79271812395,0.03429452186757425,0.04441054326637839,54.503161023948834,64.37661567411139,26.360888089312954,True,True
2026-10-16,82,28025.0,0.0,2.0,0.0,2.0,0.0,-186225.19788765718,-186225.19788765718,0.0,2460518.907318209,2460518.907318209,3841.042159695709,1410.376590419538,,0.04463122504727876,53.074299724961136,64.98891520083649,24.425247368233123,True,True
2026-10-16,82,28200.0,1.0,4.0,1.0,1.0,-93881.8575779354,-379668.2091549526,-473550.066732888,-1526064.8118939844,5147741.021219752,3621676.209325767,-1363.7922956974826,5328.180042360247,0.030619006102877135,0.04210024624672333,53.548524136072984,64.97182394301706,24.669611669824228,True,True
2026-10-16,82,28300.0,0.0,2.0,0.0,2.0,0.0,-191590.6631328896,-191590.6631328896,0.0,2640331.4897970576,2640331.4897970576,-3101.864737869472,2556.148580852075,,0.041591389582932854,52.76070766897962,64.98859641969996,24.020642646210597,True,True
2026-10-16,82,28325.0,1.0,1.0,1.0,2.0,-94656.80355598888,-96013.41834587748,-190670.22190186637,-1485044.6185079922,1328585.9936990258,-156458.62480896642,-3786.2369016109424,2655.9179360153753,0.038641686182669756,0.04141086749285047,52.65953050519487,34.988752730050386,23.872480809860008,True,True
2026-10-16,82,28400.0,12.0,7.0,10.0,1.0,-1143006.3387203282,-676642.4746940779,-1819648.813414406,-17518933.891123954,9478810.437843082,-8040123.453280872,-54977.48377058115,28259.518029905736,0.03987313094698683,0.0398406374501992,52.437488467591706,34.89174933699276,23.74901552397943,True,True
2026-10-16,82,28500.0,42.0,61.0,32.0,12.0,-4046088.1512798956,-5942145.021307564,-9988233.17258746,-59869305.29865208,84707910.69205393,24838605.393401846,-441091.9824085142,175856.8123720453,0.03346651370702952,0.038726427000324554,53.03133734649082,64.40579050826133,24.746309924108857,True,True
2026-10-16,82,28550.0,0.0,2.0,0.0,2.0,0.0,-194914.34779562335,-194914.34779562335,0.0,2811441.540585526,2811441.540585526,-9996.926915983942,3635.3561453040784,,0.03340410474168423,51.52502075281785,64.98839903650236,22.539450172789056,True,True
2026-10-16,82,28575.0,2.0,0.0,2.0,0.0,-193308.51896218982,0.0,-193308.51896218982,-2799526.8401099243,0.0,-2799526.8401099243,-10607.970158641445,3723.013807841368,0.03859176763350055,,51.221260319923445,34.98850526207568,22.391265036827654,True,True
2026-10-16,82,28600.0,0.0,8.0,0.0,1.0,0.0,-784573.1989351244,-784573.1989351244,0.0,11389673.635198487,11389673.635198487,-45897.017411047564,15441.697616604644,,0.03687923447649644,51.20118852907303,64.95332372460284,22.356957786125854,True,True
2026-10-16,82,28800.0,0.0,10.0,0.0,1.0,0.0,-990770.7636201903,-990770.7636201903,0.0,14949136.951413939,14949136.951413939,-86875.80529705928,23646.81037762137,,0.035255570117955555,50.09041501090299,64.94105716140193,21.210164185561748,True,True
2026-10-16,82,28850.0,0.0,34.0,0.0,33.0,0.0,-3375538.8596426835,-3375538.8596426835,0.0,51438851.93706508,51438851.93706508,-320708.0626626076,84047.12158470119,,0.03457618371822985,50.12126655293244,64.79918589507838,21.3698662912292,True,True
2026-10-16,82,28900.0,1.0,3.0,1.0,3.0,-97967.43584261573,-298359.42001420475,-396326.8558568205,-1285792.3300409932,4592784.04834015,3306991.718299157,-40481.330024062016,10286.53997645572,0.05016501650164999,0.034036068072136084,49.2158609006958,64.9764176264983,20.503710628367962,True,True
2026-10-16,82,29000.0,66.0,49.0,20.0,3.0,-6482684.466847282,-4886296.5535354605,-11368981.020382743,-82517915.9641016,76784377.9346999,-5733538.029401705,-1322493.0669102336,318596.9541363347,0.05229081203973693,0.03310769230769242,50.02400849025002,34.323651809063804,22.018083988982685,True,True
2026-10-16,82,29100.0,1.0,1.0,2.0,1.0,-98371.31379014114,-99885.71630616579,-198257.03009630693,-1214786.7020214922,1603121.4188861097,388334.71686461754,-25901.390702096563,5948.950210000314,0.054345571458203665,0.032209961228750375,47.96993888968577,64.98816688632198,19.280691791509252,True,True
2026-10-16,82,29125.0,0.0,1.0,0.0,1.0,0.0,-99901.84397634529,-99901.84397634529,0.0,1612098.8406951104,1612098.8406951104,-13462.28999673379,3040.157280877939,,0.03207670000591824,48.14505987357606,64.99404744568581,19.113597118671315,True,True
2026-10-16,82,29200.0,0.0,3.0,0.0,3.0,0.0,-299802.3221570313,-299802.3221570313,0.0,4917124.015371536,4917124.015371536,-43557.699078789265,9560.108968169929,,0.03145417750795033,47.74490483028845,64.98216144226137,18.707242180644034,True,True
2026-10-16,82,29325.0,13.0,0.0,6.0,0.0,-1280072.4424448756,0.0,-1280072.4424448756,-14755629.84335878,0.0,-14755629.84335878,-206321.93884087898,44054.36705378336,0.07750857010051704,,45.750424922777476,34.92384836681443,18.15611915481606,True,True
2026-10-16,82,29350.0,0.0,2.0,0.0,1.0,0.0,-199066.71354873915,-199066.71354873915,0.0,3382665.371943004,3382665.371943004,-33222.14996128397,6944.218500971989,,0.02528716634988836,47.028351428094204,64.98815290953289,17.799413855132748,True,True
2026-10-16,82,29400.0,9.0,10.0,5.0,1.0,-885376.5555107454,-997403.2527966487,-1882779.808307394,-9976402.872606494,17106363.341578048,7129960.468971554,-328949.7725308767,67749.40211649319,0.07287449392712558,0.029527719622610707,46.17193994470655,64.88798964843559,17.825939803591808,True,True
2026-10-16,82,29475.0,2.0,0.0,2.0,0.0,-196179.95793387675,0.0,-196179.95793387675,-2164500.81297477,0.0,-2164500.81297477,-36463.51763928294,7385.593670572964,0.07468775497395343,,44.805681038672645,34.98833600956844,17.05866298976872,True,True
2026-10-16,82,29500.0,6.0,8.0,4.0,1.0,-587973.0776305685,-792740.1664863527,-1380713.2441169212,-6440309.349798666,13960941.09365889,7520631.743860224,-263934.4679618568,52661.87427747306,0.07579804146000257,0.025259169604799243,45.53569049693807,64.91785814480927,17.138247157566024,True,True
2026-10-16,82,29575.0,1.0,0.0,1.0,0.0,-97649.40246888893,0.0,-97649.40246888893,-1046768.9290064285,0.0,-1046768.9290064285,-19766.6343556287,3884.9383645184066,0.079110993517661,,44.06768123770517,34.99420507986838,16.44717071686614,True,True
2026-10-16,82,29600.0,7.0,61.0,3.0,1.0,-682635.0449138146,-6032746.144175622,-6715381.189089436,-7265058.784115387,108758371.06443633,101493312.28032094,-1404441.72489796,270156.73473381577,0.08017160477275768,0.02869785405529843,45.51612944114398,64.60049584395637,17.570586280849778,True,True
2026-10-16,82,29625.0,4.0,0.0,4.0,0.0,-389490.3829834315,0.0,-389490.3829834315,-4116016.5774695952,0.0,-4116016.5774695952,-82060.98443707557,15909.048855003517,0.08123896209754103,,43.74592246831861,34.976832514501076,16.20769238581855,True,True
2026-10-16,82,29675.0,4.0,0.0,2.0,0.0,-388438.72835630766,0.0,-388438.72835630766,-4043730.5630353456,0.0,-4043730.5630353456,-85082.51535643762,16274.505158240467,0.08198896570989585,,43.427161267668126,34.97689514351728,15.911395542755589,True,True
2026-10-16,82,29800.0,5.0,24.0,5.0,1.0,-480759.3334526962,-2340162.7433232307,-2820922.076775927,-4834002.350550003,44536514.044027545,39702511.69347754,-683496.3460286269,125284.18919783528,0.0897886008814522,0.02769816228714554,43.70338756315051,64.83218045528037,15.643948642551816,True,True
2026-10-16,82,29825.0,2.0,0.0,2.0,0.0,-191898.58715967156,0.0,-191898.58715967156,-1915838.3436503825,0.0,-1915838.3436503825,-46713.562850337075,8639.21162923618,0.09119830328738077,,42.23653694331092,34.98859161159456,14.984689799489392,True,True
2026-10-16,82,29900.0,1.0,1.0,1.0,1.0,-95309.68447789254,-96601.13437045006,-191910.8188483426,-931256.5922255287,1891760.1746478272,960503.5824222985,-49394.30423672157,8921.474758694676,0.08899075318106371,0.027445938047925104,42.78154403507774,64.98856743766227,14.54029857688337,True,True
2026-10-16,82,29950.0,2.0,2.0,2.0,4.0,-189524.42958643255,-191643.45381176347,-381167.883398196,-1828527.3097034462,3814679.4937979016,1986152.1840944553,-100939.56900680983,18109.315859471404,0.09673754260671974,0.02317241379310328,42.45874488542851,64.97731643082729,14.281712364334945,True,True
2026-10-16,82,30000.0,67.0,3.0,36.0,1.0,-6314613.634733034,-286749.9850346064,-6601363.619767641,-60092135.1687239,5782673.027505916,-54309462.14121799,-1790100.945805831,320535.54982732056,0.09833875949578424,0.027147267114581316,42.922353106363715,34.60727927469738,15.227862663432612,True,True
2026-10-16,82,30025.0,1.0,0.0,1.0,0.0,-93950.22512403787,0.0,-93950.22512403787,-888530.4857852142,0.0,-888530.4857852142,-25811.442361570924,4609.313709286852,0.09780033840947538,,40.84065106043213,34.99442769921481,13.780695133573218,True,True
2026-10-16,82,30075.0,0.0,3.0,0.0,3.0,0.0,-283440.1098773102,-283440.1098773102,0.0,5854787.519859215,5854787.519859215,-81051.94293281637,14148.58853218788,,0.15110480707431131,38.97081682840033,64.98313533340117,13.522116835699807,True,True
2026-10-16,82,30100.0,0.0,2.0,0.0,2.0,0.0,-188917.7074679711,-188917.7074679711,0.0,3925845.326420481,3925845.326420481,-54917.25486672346,9515.434611016524,,0.02685007605317113,42.537547752798055,64.98875729648374,13.355152457557166,True,True
2026-10-16,82,30200.0,6.0,10.0,1.0,5.0,-551588.4052790467,-929298.0553233956,-1480886.4606024423,-4973303.354912298,19944640.020313915,14971336.665401617,-448923.8250155382,77546.97523324772,0.1026409439970031,0.1449114335163778,39.216168628484674,64.91189974353598,13.025238358255448,True,True
2026-10-16,82,30225.0,6.0,0.0,5.0,0.0,-550721.1820745426,0.0,-550721.1820745426,-4912430.077492561,0.0,-4912430.077492561,-167992.78990798292,29135.040817985886,0.09691293128165916,,39.74613120563005,34.967240159835406,12.689281411051944,True,True
2026-10-16,82,30275.0,3.0,0.0,3.0,0.0,-273046.7119800698,0.0,-273046.7119800698,-2410747.899841259,0.0,-2410747.899841259,-85083.7081261346,14706.776567081642,0.07645559694177612,,40.02524876325702,34.983762430037665,12.336719145152893,True,True
2026-10-16,82,30300.0,47.0,56.0,1.0,1.0,-4265821.761836119,-5129544.642544871,-9395366.40438099,-37342621.06792729,113567605.88653108,76224984.81860378,-2980201.1313626543,509596.1291529832,0.0726256983240223,0.14095032487077824,40.24519178710471,64.44106108747421,14.06075621797723,True,True
2026-10-16,82,30375.0,5.0,0.0,5.0,0.0,-448801.5610494482,0.0,-448801.5610494482,-3850328.174826127,0.0,-3850328.174826127,-146129.67358274994,24994.44576951367,0.07747728933904138,,39.42763672697249,34.97330429116166,11.781412835281651,True,True
2026-10-16,82,30400.0,35.0,44.0,1.0,1.0,-3130473.008841412,-3974341.595037954,-7104814.603879366,-26660018.019259997,90747800.97516866,64087782.95590866,-2360325.7655853652,398584.1817410362,0.07684143493950327,0.13893376413570274,39.31295092202142,64.57732801698573,13.015473699091896,True,True
2026-10-16,82,30450.0,4.0,1.0,3.0,1.0,-354822.35109318583,-89464.04775355682,-444286.39884674264,-2984422.6080473233,2077253.6786053628,-907168.9294419605,-150701.3769610332,25403.533297552374,0.08155679457745711,0.18810423711955448,37.26264829326879,34.973585541351504,11.336867704849862,True,True
2026-10-16,82,30475.0,0.0,10.0,0.0,1.0,0.0,-890786.4740699406,-890786.4740699406,0.0,20854432.26370382,20854432.26370382,-310479.65814484,51369.68161496822,,0.1867888748419721,35.619669277807695,64.94700559997293,11.282018648792553,True,True
2026-10-16,82,30500.0,59.0,2.0,14.0,1.0,-5185944.775121183,-177359.51761458322,-5363304.292735767,-43133280.078683235,4187141.4249026566,-38946138.65378058,-1862780.0360000362,312411.93275637075,0.08973349825705619,0.18544163511896597,37.59938144121134,34.68093263573984,12.082579106949032,True,True
2026-10-16,82,30525.0,5.0,3.0,5.0,3.0,-437550.16441799316,-264810.67674954823,-702360.8411675415,-3615775.0888486174,6305004.424210259,2689229.3353616414,-248798.71333958532,41269.170411552535,0.09090909090909094,0.1841059602649008,36.77628774298402,64.95821035017022,10.948110941129434,True,True
2026-10-16,82,30575.0,2.0,0.0,2.0,0.0,-173520.11399518108,0.0,-173520.11399518108,-1412998.7065185234,0.0,-1412998.7065185234,-62759.63559998196,10381.078802452475,0.08862105636299185,,37.86993796684491,34.98968774957954,10.540148642869978,True,True
2026-10-16,82,30600.0,31.0,12.0,1.0,8.0,-2675224.009999981,-1044001.5538460457,-3719225.563846027,-21683145.80818624,25513147.24162291,3830001.4334366694,-1367957.5432100405,224404.51225250895,0.08452053154555253,0.18031285768790553,36.931937137051975,64.77873604208936,11.152996681440142,True,True
2026-10-16,82,30625.0,2.0,2.0,2.0,2.0,-171895.1111424049,-173114.22828189083,-345009.3394242957,-1380562.831488597,4268326.278857121,2887763.447368524,-129154.07458498268,20990.47463981573,0.08721143275925244,0.1790694149742346,36.26365676964564,64.97946989277237,10.280958416278756,True,True
2026-10-16,82,30675.0,1.0,0.0,1.0,0.0,-85073.29833024165,0.0,-85073.29833024165,-674674.2524996974,0.0,-674674.2524996974,-32369.670502771518,5266.811143911736,0.09002647837599292,,37.22247266179862,34.99496114662718,9.928999164631499,True,True
2026-10-16,82,30700.0,2.0,3.0,2.0,3.0,-169192.324003217,-255545.3009738699,-424737.6249770869,-1335067.8924154385,6474776.996041958,5139709.103626519,-165158.67828342033,26499.33413417338,0.09538422196650048,0.17526538490089835,35.76651420431376,64.97472906192873,9.854897686896711,True,True
2026-10-16,82,30750.0,0.0,1.0,0.0,1.0,0.0,-84222.34518768631,-84222.34518768631,0.0,2174044.784523695,2174044.784523695,-33757.413797436595,5338.953194484472,,0.17280515486563666,34.29472072868954,64.99498263809022,9.48457859823437,True,True
2026-10-16,82,30775.0,0.0,2.0,0.0,2.0,0.0,-167472.46295811047,-167472.46295811047,0.0,4363960.059073036,4363960.059073036,-67900.34904401375,10701.918508520348,,0.17170909090909084,34.19225256134256,64.99003347676862,9.354898685095302,True,True
2026-10-16,82,30800.0,6.0,5.0,1.0,3.0,-496456.57957465446,-416206.75267193164,-912663.3322465861,-3820831.21602071,10949072.264755717,7128241.048735007,-370609.8118709958,58824.420150951526,0.10201854882705955,0.17051015801354416,35.22248828073538,64.94570274116042,9.372685810615744,True,True
2026-10-16,82,30875.0,6.0,0.0,5.0,0.0,-487881.87283660064,0.0,-487881.87283660064,-3680596.283187381,0.0,-3680596.283187381,-203142.60838589293,32206.558233409472,0.10281447443997704,,35.71769071124253,34.97097954825975,8.835751001998647,True,True
2026-10-16,82,30900.0,4.0,7.0,4.0,7.0,-323082.8336953907,-568528.0802233685,-891610.9139187592,-2430297.9705417133,15548561.888936847,13118263.918395134,-379105.6809206371,59267.01293995291,0.11470887178742557,0.16557956363508505,34.513570167447085,64.94695612913962,8.779447953417503,True,True
2026-10-16,82,30925.0,0.0,1.0,0.0,1.0,0.0,-80696.46658034295,-80696.46658034295,0.0,2228861.7040060703,2228861.7040060703,-34911.29652249717,5402.0741274030715,,0.16447494804491716,33.50771311033167,64.9951925654381,8.447544913735593,True,True
2026-10-16,82,31000.0,34.0,10.0,30.0,9.0,-2677759.992581151,-791057.4577969593,-3468817.45037811,-19660082.905600835,22514611.639571734,2854528.733970899,-1522445.929734991,237704.38874355896,0.1225756400310318,0.16118871542043264,34.29066436563969,64.79363170543574,8.790015933138319,True,True
2026-10-16,82,31075.0,0.0,1.0,0.0,1.0,0.0,-77483.8135372725,-77483.8135372725,0.0,2273516.08000246,2273516.08000246,-35512.94431696369,5419.8435408909745,,0.15792565242930268,32.81540870196057,64.99538382121155,7.558652423415483,True,True
2026-10-16,82,31100.0,0.0,2.0,0.0,1.0,0.0,-153734.79651745106,-153734.79651745106,0.0,4550458.020516266,4550458.020516266,-70660.12242917388,10835.094390365535,,0.15366693847664384,32.80782003449698,64.99085088365464,7.428734576126292,True,True
2026-10-16,82,31150.0,6.0,0.0,5.0,0.0,-453989.5375229323,0.0,-453989.5375229323,-3205111.8936693966,0.0,-3205111.8936693966,-209836.66638651054,32478.46058854935,0.125043177892919,,33.42139360011514,34.97299643807193,7.205162831479317,True,True
2026-10-16,82,31200.0,5.0,10.0,4.0,1.0,-372968.69172861497,-746862.7982426877,-1119831.4899713027,-2609508.166282557,23016921.57028036,20407413.4039978,-529733.4172789847,81187.42330965545,0.13907166992708508,0.15077461593310423,32.64375769758908,64.93337949221379,7.072121960723851,True,True
2026-10-16,82,31250.0,46.0,0.0,46.0,0.0,-3380760.654325894,0.0,-3380760.654325894,-23646930.118743453,0.0,-23646930.118743453,-1603098.9538434325,248729.8736773517,0.10097367472051928,,34.062174914589974,34.798876171801844,7.33695812371769,True,True
2026-10-16,82,31300.0,1.0,1.0,1.0,1.0,-72447.58051178821,-72514.86081474133,-144962.44132652954,-501300.9698278279,2330495.614947678,1829194.64511985,-70512.18015864675,10800.884627481282,0.09875163033351976,0.14586197632705955,32.56357971976822,64.99136785492345,6.243391992593347,True,True
2026-10-16,82,31400.0,6.0,2.0,9.0,2.0,-422156.3675253202,-140676.90481563951,-562833.2723409598,-2849969.9661586173,4709070.574182593,1859100.608023976,-280711.2385282676,43066.83133063699,0.1109553374724614,0.14320470573742725,31.904543747548274,64.96650847890618,5.758798615177821,True,True
2026-10-16,82,31500.0,27.0,5.0,6.0,4.0,-1843565.820852639,-340471.9365584879,-2184037.757411127,-12189121.726087347,11907720.997728553,-281400.728358794,-1122326.1906344858,171390.2004845424,0.1138698630136986,0.13853412266730775,31.645093468239345,34.870122953091304,5.59628244038671,True,True
2026-10-16,82,31600.0,4.0,0.0,1.0,0.0,-264680.07433577103,0.0,-264680.07433577103,-1719279.272866977,0.0,-1719279.272866977,-140084.537976358,21281.00282116908,0.15076292416306078,,29.95789046129915,34.98426267121131,4.501136339948377,True,True
2026-10-16,82,31700.0,2.0,2.0,2.0,2.0,-127621.45774382114,-126237.68781780083,-253859.145561622,-799369.6944299204,4874445.288862183,4075075.5944322622,-142923.11177510844,20862.383258827373,0.08016133098058989,0.14870538336987207,30.455255286374356,64.98489401240874,3.9082463001367724,True,True
2026-10-16,82,31800.0,3.0,1.0,3.0,1.0,-184544.32229730886,-60427.80540129166,-244972.12769860053,-1132301.0474361393,2464873.864682407,1332572.8172462678,-141596.20495468983,20621.009440187623,0.08563685636856375,0.1468632309910818,29.80823250667691,64.98541513351732,3.315422003229519,True,True
2026-10-16,82,32000.0,7.0,0.0,2.0,0.0,-397769.2021314099,0.0,-397769.2021314099,-2337862.1611023243,0.0,-2337862.1611023243,-242429.28079224552,35101.269560005785,0.0859671302149178,,29.570016921794373,34.97634277199228,2.1824336263037765,True,True
2026-10-16,82,32200.0,173.0,0.0,9.0,0.0,-9046312.278757736,0.0,-9046312.278757736,-51195652.62962578,0.0,-51195652.62962578,-5828295.764670123,837421.685673121,0.10263929618768328,,30.006363949521557,34.461827118085466,3.884408051827787,True,True
2026-10-16,82,32500.0,5.0,0.0,17.0,0.0,-229859.73531012703,0.0,-229859.73531012703,-1232565.9111281226,0.0,-1232565.9111281226,-159637.42807464526,22906.460305317363,0.13565536205316223,,25.99424143888795,34.986337609337724,0.08591684620807008,True,True
2026-10-16,82,32600.0,15.0,0.0,15.0,0.0,-659900.6532320476,0.0,-659900.6532320476,-3478340.6796118817,0.0,-3478340.6796118817,-469271.8331510333,66754.50214480823,0.14913580246913574,,25.71763282737438,34.96074623477322,0.25674162231885905,True,True
2026-10-16,82,32800.0,23.0,0.0,8.0,0.0,-920749.5629661076,0.0,-920749.5629661076,-4698352.188792466,0.0,-4698352.188792466,-685814.1882536373,96000.71626226393,0.17701149425287363,,24.98360575463475,34.94522698100625,0.39057362616947683,True,True
2026-10-16,82,33000.0,62.0,0.0,50.0,0.0,-2245700.2053316156,0.0,-2245700.2053316156,-11128171.536354406,0.0,-11128171.536354406,-1750177.6550945216,242634.32458151135,0.20588235294117654,,24.61591793775164,34.86640264249605,1.0448169824860951,True,True
2026-10-16,82,33400.0,3.0,0.0,2.0,0.0,-88428.7314407244,0.0,-88428.7314407244,-416418.5099633039,0.0,-416418.5099633039,-75356.9329357124,10417.720054182857,0.2636771300448431,,22.128027478944396,34.994775317371165,0.04986780358978914,True,True
2026-10-16,82,33500.0,1.0,0.0,1.0,0.0,-27879.757968105645,0.0,-27879.757968105645,-129269.67525152545,0.0,-129269.67525152545,-24360.772672218107,3368.8436269109147,0.304093567251462,,20.889973442552705,34.998457443963474,0.016568328988071646,True,True
2026-10-16,82,33600.0,1.0,0.0,2.0,0.0,-26469.4737260539,0.0,-26469.4737260539,-121224.76935343312,0.0,-121224.76935343312,-23663.52077115424,3281.0754745322197,0.329485834207765,,20.128205433863613,34.99854904349966,0.016520386664823992,True,True
2026-10-16,82,33800.0,24.0,0.0,13.0,0.0,-573820.2865953669,0.0,-573820.2865953669,-2569936.362130298,0.0,-2569936.362130298,-529343.2183612526,73096.03022633058,0.37484885126964934,,19.061265504228047,34.96586875677353,0.39440039899134594,True,False
2026-10-16,82,34000.0,70.0,0.0,10.0,0.0,-1500858.4710329107,0.0,-1500858.4710329107,-6579697.567218456,0.0,-6579697.567218456,-1421098.3964590689,194387.54628582133,0.4425770308123249,,17.617321282389696,34.910714872500805,1.1444607393821762,True,False
2026-10-16,82,34500.0,124.0,0.0,3.0,0.0,-2027301.6862362877,0.0,-2027301.6862362877,-8562486.043570776,0.0,-8562486.043570776,-2078221.4637756126,284106.48884376773,0.6301369863013699,,12.680667462932774,34.8793957688193,2.005867434766384,True,False
2026-10-16,82,35000.0,86.0,0.0,16.0,0.0,-1089342.240084683,0.0,-1089342.240084683,-4481648.24549524,0.0,-4481648.24549524,-1225722.3563623605,170792.26539483218,0.849604221635884,,5.610992919227939,34.93519740685508,1.3804003270479022,True,False
2026-10-16,82,35500.0,382.0,0.0,350.0,0.0,-3670389.8932446106,0.0,-3670389.8932446106,-14552570.104802705,0.0,-14552570.104802705,-4339433.08228166,601906.7758170106,1.0185873605947957,,4.882135756887248,34.78164626682309,6.0918289647862185,True,False
2026-10-16,82,36000.0,25.0,0.0,2.0,0.0,-189075.0908623605,0.0,-189075.0908623605,-742764.9910381109,0.0,-742764.9910381109,-233352.36789568132,32693.684637767197,1.2727272727272727,,0.31951150241408693,34.988771949223306,0.3969416273988951,True,False
2026-10-16,82,36500.0,7.0,0.0,2.0,0.0,-42797.62179418675,0.0,-42797.62179418675,-168272.16727777946,0.0,-168272.16727777946,-55965.84163130099,8016.103506673671,1.552941176470588,,0.08946322067594432,34.99754307213189,0.11079883274735482,True,False
2026-10-16,82,37000.0,14.0,0.0,4.0,0.0,-70796.7304316982,0.0,-70796.7304316982,-279747.32351107796,0.0,-279747.32351107796,-98665.24340882472,14528.697774600407,1.873684210526316,,0.17892644135188865,34.995841859073074,0.2210945930783932,True,False
2026-10-16,82,38000.0,67.0,0.0,4.0,0.0,-305680.1937319822,0.0,-305680.1937319822,-1321815.420065201,0.0,-1321815.420065201,-428849.9754053403,68828.72634674134,2.0,,0.8562908264697529,34.98182616102973,1.056969212219736,True,False
2026-10-16,82,39000.0,57.0,0.0,1.0,0.0,-208133.90935219912,0.0,-208133.90935219912,-932273.0183968224,0.0,-932273.0183968224,-314609.42058420135,53688.25541231808,2.0,,0.7284862255041181,34.98763401804024,0.8974475229080984,True,False
2026-10-16,82,40000.0,217.0,0.0,2.0,0.0,-442056.409614856,0.0,-442056.409614856,-1857235.6234129744,0.0,-1857235.6234129744,-705712.088218419,117343.10662312355,2.0,,2.7733598409542743,34.97370974697282,3.4046896447144177,True,False
2026-10-16,82,41000.0,271.0,0.0,1.0,0.0,-691538.3922434459,0.0,-691538.3922434459,-3343341.827131929,0.0,-3343341.827131929,-1038228.9940846849,192625.10259068708,2.0,,3.463504686168702,34.9588642516279,4.256681099863189,True,False
2026-10-16,82,42000.0,116.0,0.0,5.0,0.0,-256582.8661159246,0.0,-256582.8661159246,-1291729.5517625748,0.0,-1291729.5517625748,-389821.4899544826,75587.15300738071,2.0,,1.482533371201363,34.98474726908829,1.8207077133201064,True,False
2026-10-16,82,43000.0,323.0,0.0,4.0,0.0,-628497.3936897346,0.0,-628497.3936897346,-3289805.7144239596,0.0,-3289805.7144239596,-970448.9046152418,196394.72838809006,2.0,,4.1280886111900035,34.96261468979249,5.066807275753694,True,False
