expiry,dte,strike,option_type,moneyness,delta,implied_volatility,bid,ask,mid,spread_pct
2026-08-03,8,18000.0,PUT,0.6399239593244649,-0.0016962590966949527,1.032665720172616,0.0,8.8,4.4,2.0
2026-08-03,8,19000.0,PUT,0.6754752903980463,-0.0018218059042448978,0.9115905493951537,0.0,9.2,4.6,2.0
2026-08-03,8,20000.0,PUT,0.7110266214716277,-0.00225626547461508,0.8099041322743046,0.05,5.0,2.525,1.9603960396039606
2026-08-03,8,21000.0,PUT,0.7465779525452091,-0.00283804420882148,0.7150265904221765,0.05,5.6,2.8249999999999997,1.9646017699115046
2026-08-03,8,23000.0,PUT,0.8176806146923719,-0.0061683398905623245,0.5372804235751802,1.4,8.5,4.95,1.4343434343434343
2026-08-03,8,24000.0,PUT,0.8532319457659532,-0.011460945866210992,0.47109439891215804,4.7,12.2,8.45,0.8875739644970414
2026-08-03,8,24500.0,PUT,0.8710076113027438,-0.01653553741119128,0.43148244625350196,7.9,15.6,11.75,0.6553191489361702
2026-08-03,8,25000.0,PUT,0.8887832768395346,-0.022879028003073912,0.3940184863220211,10.1,20.5,15.3,0.6797385620915033
2026-08-03,8,25400.0,PUT,0.9030038092689672,-0.03596822508508358,0.3783813620735454,21.1,28.2,24.65,0.2880324543610547
2026-08-03,8,25500.0,PUT,0.9065589423763253,-0.03987290110042102,0.3726184429976704,23.7,31.0,27.35,0.26691042047531993
2026-08-03,8,25600.0,PUT,0.9101140754836834,-0.04425741581988268,0.3677306973381522,26.7,34.1,30.4,0.24342105263157904
2026-08-03,8,25800.0,PUT,0.9172243416983997,-0.054800913926164,0.36151823799081656,34.2,41.7,37.95,0.1976284584980237
2026-08-03,8,26000.0,PUT,0.924334607913116,-0.06808849373898229,0.3555699437941075,44.7,51.4,48.05,0.13943808532778348
2026-08-03,8,26200.0,PUT,0.9314448741278323,-0.08415718620414034,0.34422001499693217,55.5,65.0,60.25,0.15767634854771784
2026-08-03,8,26400.0,PUT,0.9385551403425485,-0.10424466687539799,0.3378574590783323,70.8,81.2,76.0,0.13684210526315796
2026-08-03,8,26500.0,PUT,0.9421102734499066,-0.11501979810167945,0.3354892990959858,80.0,88.9,84.45,0.10538780343398467
2026-08-03,8,26600.0,PUT,0.9456654065572648,-0.1280618087344813,0.33432465930518884,90.2,101.3,95.75,0.11592689295039159
2026-08-03,8,26800.0,PUT,0.952775672771981,-0.15592283591909736,0.32235485542066616,114.1,124.1,119.1,0.08396305625524769
2026-08-03,8,27000.0,PUT,0.9598859389866974,-0.19050979399634915,0.3173042076337851,144.5,155.5,150.0,0.07333333333333333
2026-08-03,8,27200.0,PUT,0.9669962052014136,-0.2289231716237544,0.3120561722470514,180.3,191.7,186.0,0.06129032258064504
2026-08-03,8,27400.0,PUT,0.9741064714161299,-0.27362821442487373,0.30157993897908836,223.4,235.4,229.4,0.05231037489102005
2026-08-03,8,27500.0,PUT,0.977661604523488,-0.2981295312130851,0.29814975958660184,246.9,260.5,253.7,0.05360662199448165
2026-08-03,8,27600.0,PUT,0.9812167376308462,-0.32417951248129295,0.2968327543897498,274.5,287.7,281.1,0.04695837780149409
2026-08-03,8,27750.0,PUT,0.9865494372918834,-0.3651546252410017,0.2901549902696968,319.0,333.0,326.0,0.04294478527607362
2026-08-03,8,27800.0,PUT,0.9883270038455625,-0.37972727133015294,0.2871462620363729,335.0,349.6,342.3,0.04265264387963781
2026-08-03,8,27900.0,PUT,0.9918821369529206,-0.41011729885855047,0.2823862039813315,369.0,385.0,377.0,0.042440318302387266
2026-08-03,8,27975.0,PUT,0.9945484867834392,-0.43376171116402396,0.2798430680431005,398.8,410.7,404.75,0.02940086473131557
2026-08-03,8,28000.0,PUT,0.9954372700602787,-0.4417383451133622,0.2789982436408688,408.0,420.0,414.0,0.028985507246376812
2026-08-03,8,28100.0,PUT,0.9989924031676368,-0.47418821294598634,0.27749158458007844,448.2,460.2,454.2,0.026420079260237782
2026-08-03,8,28200.0,PUT,1.002547536274995,-0.5073521429002474,0.2717752879998546,491.4,503.5,497.45,0.024324052668609958
2026-08-03,8,28225.0,PUT,1.0034363195518345,-0.5158774612659816,0.2702165190500248,502.4,515.7,509.05,0.02612709949906702
2026-08-03,8,28300.0,PUT,1.0061026693823532,-0.5420642277667069,0.2654993428001796,537.5,550.0,543.75,0.022988505747126436
2026-08-03,8,28375.0,PUT,1.0087690192128718,-0.568786746829766,0.26204404764389616,573.8,587.4,580.5999999999999,0.023424044092318335
2026-08-03,8,28400.0,PUT,1.0096578024897114,-0.5777431127164089,0.2611932851046347,586.6,600.2,593.4000000000001,0.022918773171553792
2026-08-03,8,28450.0,PUT,1.0114353690433904,-0.5956321108876933,0.2599551111059918,612.2,627.4,619.8,0.02452404001290728
2026-08-03,8,28475.0,PUT,1.0123241523202298,-0.6042790691062356,0.26011096206634404,602.9,665.8,634.3499999999999,0.0991566170095373
2026-08-03,8,28500.0,PUT,1.0132129355970694,-0.613647650119351,0.2588073505740833,638.7,654.0,646.35,0.023671385472267277
2026-08-03,8,28550.0,CALL,1.0149905021507484,0.37078443878859574,0.26217409020122345,277.0,291.5,284.25,0.051011433597185574
2026-08-03,8,28575.0,PUT,1.015879285427588,-0.640692734722851,0.25483463591309913,653.6,721.1,687.35,0.09820324434422055
2026-08-03,8,28600.0,CALL,1.0167680687044276,0.35322699339296776,0.25782431482337587,256.2,269.7,262.95,0.0513405590416429
2026-08-03,8,28625.0,CALL,1.017656851981267,0.34444146296187367,0.25601381900281606,246.0,259.7,252.85,0.05418232153450658
2026-08-03,8,28650.0,PUT,1.0185456352581066,-0.6672145428427422,0.25001352866237786,724.1,741.7,732.9000000000001,0.02401419020330198
2026-08-03,8,28675.0,PUT,1.0194344185349462,-0.6768277430460303,0.2476447512031386,713.4,780.4,746.9,0.08970411032266702
2026-08-03,8,28675.0,CALL,1.0194344185349462,0.32662693559582046,0.25259843977044516,226.3,239.6,232.95,0.05709379695213558
2026-08-03,8,28700.0,PUT,1.0203232018117856,-0.6855014489375293,0.24677241242857637,753.0,773.4,763.2,0.026729559748427643
2026-08-03,8,28750.0,PUT,1.0221007683654648,-0.7033551609527147,0.2446446917919495,784.8,805.6,795.2,0.02615694164989948
2026-08-03,8,28775.0,PUT,1.0229895516423042,-0.7125956458118348,0.24335784073904682,778.3,843.4,810.8499999999999,0.080286119504224
2026-08-03,8,28900.0,PUT,1.027433468026502,-0.7561759402953314,0.24075699584463775,815.8,974.2,895.0,0.1769832402234638
2026-08-03,8,28900.0,CALL,1.027433468026502,0.2481316485459557,0.24486232299053945,149.2,160.8,155.0,0.0748387096774195
2026-08-03,8,28925.0,PUT,1.0283222513033414,-0.7641479195559929,0.23933131078332223,833.9,992.3,913.0999999999999,0.17347497535866827
2026-08-03,8,28950.0,PUT,1.029211034580181,-0.7725479991280805,0.23704200292510222,852.0,1009.6,930.8,0.16931671680275034
2026-08-03,8,28950.0,CALL,1.029211034580181,0.23172530743363953,0.2418992965151201,134.6,145.9,140.25,0.08057040998217477
2026-08-03,8,28975.0,CALL,1.0300998178570206,0.22358603036579053,0.2398419869723566,127.6,138.9,133.25,0.08480300187617269
2026-08-03,8,29000.0,CALL,1.03098860113386,0.2154648473453823,0.23795680203614158,120.9,132.0,126.45,0.08778173190984574
2026-08-03,8,29000.0,PUT,1.03098860113386,-0.7889337922823179,0.23339972344721252,888.6,1046.0,967.3,0.16272097591233328
2026-08-03,8,29025.0,PUT,1.0318773844106996,-0.7969330657680254,0.23196089544141862,907.4,1064.6,986.0,0.1594320486815415
2026-08-03,8,29050.0,PUT,1.0327661676875393,-0.8049427333636534,0.2306088049978108,926.2,1083.4,1004.8000000000001,0.1564490445859873
2026-08-03,8,29100.0,CALL,1.0345437342412183,0.18385022358912484,0.232416875497971,96.3,106.9,101.6,0.10433070866141742
2026-08-03,8,29200.0,CALL,1.0380988673485765,0.15449832702598829,0.22991182184927814,74.3,86.4,80.35,0.15059116365899203
2026-08-03,8,29250.0,PUT,1.0398764339022555,-0.8612026976112238,0.22701610948461595,1091.8,1238.4,1165.1,0.1258261093468373
2026-08-03,8,29300.0,CALL,1.0416540004559345,0.12804657574347952,0.22515771810373603,56.9,68.0,62.45,0.17774219375500402
2026-08-03,8,29300.0,PUT,1.0416540004559345,-0.8818277280486556,0.21529315547872133,1118.7,1282.3,1200.5,0.1362765514369012
2026-08-03,8,29350.0,PUT,1.0434315670096135,-0.8671381429267501,0.23998670502098882,1185.7,1345.0,1265.35,0.12589402141699924
2026-08-03,8,29400.0,CALL,1.0452091335632927,0.1039966358810624,0.21961750735885757,42.6,53.0,47.8,0.21757322175732216
2026-08-03,8,29400.0,PUT,1.0452091335632927,-0.8961317556156173,0.21950040703649562,1200.0,1387.3,1293.65,0.14478413790437902
2026-08-03,8,29425.0,CALL,1.046097916840132,0.09843602906368662,0.21880937640721942,39.5,49.7,44.6,0.22869955156950678
2026-08-03,8,29450.0,PUT,1.0469867001169717,-0.9289934534364633,0.19918416053606167,1223.2,1423.1,1323.15,0.15107886483014007
2026-08-03,8,29450.0,CALL,1.0469867001169717,0.09304727264662963,0.2181872379254618,36.7,46.4,41.55,0.23345367027677488
2026-08-03,8,29500.0,PUT,1.0487642666706507,-0.9405867353832666,0.19273989917711426,1267.5,1467.5,1367.5,0.14625228519195613
2026-08-03,8,29600.0,CALL,1.052319399778009,0.06465701684359718,0.2130175899007738,22.0,30.5,26.25,0.3238095238095238
2026-08-03,8,29650.0,CALL,1.054096966331688,0.05729125136388918,0.21085327361625017,18.2,27.2,22.7,0.39647577092511016
2026-08-03,8,29675.0,PUT,1.0549857496085275,-0.9343968736967397,0.22492718488762928,1404.0,1693.7,1548.85,0.1870419989024115
2026-08-03,8,29700.0,CALL,1.0558745328853671,0.049956650813934085,0.2089093654267928,15.0,23.5,19.25,0.44155844155844154
2026-08-03,8,29700.0,PUT,1.0558745328853671,-0.9630430183583093,0.1950965400418609,1399.6,1717.0,1558.3,0.20368350125136372
2026-08-03,8,29725.0,CALL,1.0567633161622065,0.047125676465488923,0.20893230833130544,13.4,22.6,18.0,0.5111111111111112
2026-08-03,8,29750.0,CALL,1.0576520994390461,0.04391705438324247,0.2085383347853955,12.1,21.0,16.55,0.5377643504531722
2026-08-03,8,29775.0,CALL,1.0585408827158858,0.04108172951990844,0.20856163802037958,11.0,19.6,15.3,0.562091503267974
2026-08-03,8,29800.0,PUT,1.0594296659927251,-0.9745121164713957,0.18839491493605895,1495.8,1811.5,1653.65,0.19091101502736374
2026-08-03,8,29800.0,CALL,1.0594296659927251,0.03716816647614828,0.20744146203428593,10.0,17.0,13.5,0.5185185185185185
2026-08-03,8,29825.0,CALL,1.0603184492695648,0.03561065214474314,0.20881581948630007,9.0,16.8,12.9,0.6046511627906977
2026-08-03,8,29875.0,PUT,1.0620960158232438,-0.9758639201577077,0.19425781099446987,1571.3,1885.4,1728.35,0.18173402377990577
2026-08-03,8,29900.0,CALL,1.0629847991000834,0.028838645870627132,0.20572497584774463,6.4,13.7,10.05,0.7263681592039799
2026-08-03,8,29950.0,CALL,1.0647623656537624,0.025265218681118078,0.20447985310378022,4.6,12.7,8.649999999999999,0.9364161849710984
2026-08-03,8,30000.0,CALL,1.0665399322074416,0.0213029902319508,0.20262481032836063,3.5,10.7,7.1,1.0140845070422535
2026-08-03,8,30100.0,CALL,1.0700950653147996,0.016822402916900098,0.20507878089298837,1.8,9.2,5.5,1.3454545454545455
2026-08-03,8,30125.0,CALL,1.0709838485916392,0.01577847545073176,0.2057916270324135,1.45,8.8,5.125,1.4341463414634148
2026-08-03,8,30200.0,CALL,1.0736501984221578,0.013230742506412251,0.20834830131491772,0.65,7.8,4.225,1.6923076923076923
2026-08-03,8,30225.0,CALL,1.0745389816989972,0.012570212419175424,0.20818114252832845,0.4,7.6,4.0,1.7999999999999998
2026-08-03,8,30250.0,CALL,1.0754277649758368,0.011970397389492368,0.20825210506320946,0.2,7.4,3.8000000000000003,1.894736842105263
2026-08-03,8,30275.0,CALL,1.0763165482526764,0.011433299551541832,0.2085604278119297,0.05,7.2,3.625,1.9724137931034484
2026-08-03,8,30300.0,CALL,1.0772053315295158,0.010960480415646115,0.2091054544737097,0.05,6.9,3.475,1.971223021582734
2026-08-03,8,30325.0,CALL,1.0780941148063554,0.010740957149222987,0.21059836858867234,0.05,6.8,3.425,1.9708029197080292
2026-08-03,8,30350.0,CALL,1.078982898083195,0.010399829529435432,0.21161491316335804,0.05,6.6,3.3249999999999997,1.9699248120300752
2026-08-03,8,30375.0,CALL,1.0798716813600344,0.010061989425389533,0.2126298603448648,0.05,6.4,3.225,1.9689922480620157
2026-08-03,8,30400.0,CALL,1.080760464636874,0.009852456706708647,0.2141171820633197,0.05,6.3,3.175,1.968503937007874
2026-08-03,8,30425.0,CALL,1.0816492479137136,0.009521180133877743,0.21512874993427877,0.05,6.1,3.0749999999999997,1.967479674796748
2026-08-03,8,30450.0,PUT,1.082538031190553,-0.9967967170691443,0.18849950204788393,2053.1,2538.6,2295.85,0.21146851928479649
2026-08-03,8,30450.0,CALL,1.082538031190553,0.009317846698840867,0.2166123970482058,0.05,6.0,3.025,1.9669421487603307
2026-08-03,8,30475.0,CALL,1.0834268144673926,0.009117318142555756,0.2180941829717875,0.05,5.9,2.975,1.9663865546218489
2026-08-03,8,30500.0,CALL,1.0843155977442323,0.008919532519596327,0.2195741242758816,0.05,5.8,2.925,1.965811965811966
2026-08-03,8,30525.0,CALL,1.0852043810210716,0.008724429740751868,0.221052237100256,0.05,5.7,2.875,1.965217391304348
2026-08-03,8,30550.0,CALL,1.0860931642979113,0.008531951502542141,0.22252853715537818,0.05,5.6,2.8249999999999997,1.9646017699115046
2026-08-03,8,30575.0,CALL,1.0869819475747509,0.00834204121991376,0.22400303976138064,0.05,5.5,2.775,1.963963963963964
2026-08-03,8,30600.0,CALL,1.0878707308515903,0.00815464396207502,0.2254757598457557,0.05,5.4,2.725,1.9633027522935782
2026-08-03,8,30625.0,CALL,1.0887595141284299,0.008091227429715601,0.22741977829310436,0.05,5.4,2.725,1.9633027522935782
2026-08-03,8,30650.0,CALL,1.0896482974052695,0.007908305878325927,0.22888887752347387,0.05,5.3,2.675,1.9626168224299068
2026-08-03,8,30675.0,CALL,1.0905370806821089,0.007727742786724238,0.23035623673480185,0.05,5.2,2.625,1.961904761904762
2026-08-03,8,30700.0,CALL,1.0914258639589485,0.007669351953644131,0.23229475217216672,0.05,5.2,2.625,1.961904761904762
2026-08-03,8,30725.0,CALL,1.092314647235788,0.007492976496788622,0.2337585709634283,0.05,5.1,2.5749999999999997,1.9611650485436896
2026-08-03,8,30750.0,CALL,1.0932034305126275,0.007318818096434942,0.2352206891533764,0.05,5.0,2.525,1.9603960396039606
2026-08-03,8,30775.0,CALL,1.094092213789467,0.0072650764496471325,0.23715381013953715,0.05,5.0,2.525,1.9603960396039606
2026-08-03,8,30800.0,CALL,1.0949809970663067,0.007212270412575054,0.23908524578588977,0.05,5.0,2.525,1.9603960396039606
2026-08-03,8,30825.0,CALL,1.095869780343146,0.007043731830290552,0.24054204500196355,0.05,4.9,2.475,1.9595959595959598
2026-08-03,8,30850.0,CALL,1.0967585636199857,0.006993477519621312,0.24246987445777515,0.05,4.9,2.475,1.9595959595959598
2026-08-03,8,30875.0,CALL,1.097647346896825,0.006944058282178206,0.24439595829331107,0.05,4.9,2.475,1.9595959595959598
2026-08-03,8,30900.0,CALL,1.0985361301736647,0.006780841736928506,0.24584771026884894,0.05,4.8,2.425,1.9587628865979383
2026-08-03,8,30950.0,CALL,1.1003136967273437,0.006687553443693021,0.24969122801879196,0.05,4.8,2.425,1.9587628865979383
2026-08-03,8,31000.0,CALL,1.102091263281023,0.006485293238386253,0.2530554258306193,0.05,4.7,2.375,1.9578947368421054
2026-08-03,8,31100.0,CALL,1.105646396388381,0.006206570574279723,0.2602361393914847,0.05,4.6,2.3249999999999997,1.956989247311828
2026-08-03,8,31200.0,CALL,1.1092015294957391,0.005728090449885049,0.2664463761624589,0.0,8.8,4.4,2.0
2026-08-03,8,31400.0,CALL,1.1163117957104554,0.005148175129082267,0.2802064064195675,0.0,8.7,4.35,2.0
2026-08-03,8,31500.0,CALL,1.1198669288178136,0.004417631998764742,0.2836259983491233,0.0,8.7,4.35,2.0
2026-08-03,8,31600.0,CALL,1.1234220619251718,0.0043207347125021785,0.29032344147722,0.0,8.6,4.3,2.0
2026-08-03,8,31700.0,CALL,1.1269771950325298,0.0050097192545949165,0.3037199302949528,0.0,8.6,4.3,2.0
2026-08-03,8,31800.0,CALL,1.130532328139888,0.005511045458871398,0.3142545317727218,0.0,8.5,4.25,2.0
2026-08-03,8,32000.0,CALL,1.1376425943546042,0.005073047663081798,0.3279482053238579,0.0,8.4,4.2,2.0
2026-08-03,8,32200.0,CALL,1.1447528605693205,0.004714016102680897,0.3417833426562316,0.0,8.3,4.15,2.0
2026-08-03,8,32800.0,CALL,1.1660836592134693,0.0031056702568955426,0.3637915476863672,0.0,8.2,4.1,2.0
2026-08-03,8,33000.0,CALL,1.1731939254281856,0.0029231324208229,0.375320335115642,0.0,8.2,4.1,2.0
2026-08-03,8,33200.0,CALL,1.180304191642902,0.002793046820629139,0.3874099815325523,0.0,8.1,4.05,2.0
2026-08-03,8,34500.0,CALL,1.2265209220385578,0.00188725003453886,0.4600774609656368,0.0,8.1,4.05,2.0
2026-08-03,8,37000.0,CALL,1.315399249722511,0.0008925967363004999,0.5719529633733658,0.0,8.1,4.05,2.0
2026-08-03,8,38000.0,CALL,1.3509505807960926,0.0017017492957269367,0.6713668737487528,0.0,8.1,4.05,2.0
2026-08-04,9,16000.0,PUT,0.5688212971773021,-0.0007603032458652725,1.1638857528973496,0.0,8.4,4.2,2.0
2026-08-04,9,19000.0,CALL,0.6754752903980463,0.9959142465400547,0.9575428503875281,8830.3,9475.5,9152.9,0.07049131969102697
2026-08-04,9,19000.0,PUT,0.6754752903980463,-0.001990312506235538,0.8723645744492768,0.05,5.0,2.525,1.9603960396039606
2026-08-04,9,20000.0,CALL,0.7110266214716277,0.9948713274936681,0.8502748816911557,7832.1,8477.3,8154.7,0.07912001667749874
2026-08-04,9,20000.0,PUT,0.7110266214716277,-0.0024787716674686392,0.7775096564528235,0.05,5.6,2.8249999999999997,1.9646017699115046
2026-08-04,9,21000.0,CALL,0.7465779525452091,0.9934350698612278,0.7507178183621087,6834.1,7479.3,7156.700000000001,0.09015328293766676
2026-08-04,9,21000.0,PUT,0.7465779525452091,-0.0032027260075643132,0.6922959480035927,0.05,6.5,3.275,1.969465648854962
2026-08-04,9,24000.0,PUT,0.8532319457659532,-0.014297467537037782,0.45977632754434855,7.3,15.2,11.25,0.7022222222222222
2026-08-04,9,24500.0,PUT,0.8710076113027438,-0.01844203149347107,0.417493649232421,8.2,18.9,13.549999999999999,0.7896678966789668
2026-08-04,9,25000.0,PUT,0.8887832768395346,-0.030874139238821968,0.4023627822478856,19.0,27.3,23.15,0.3585313174946005
2026-08-04,9,25200.0,PUT,0.8958935430542508,-0.03640736149222619,0.3878500934190936,23.3,30.9,27.1,0.2804428044280442
2026-08-04,9,25600.0,PUT,0.9101140754836834,-0.05343833782311275,0.37069804008476265,35.0,45.0,40.0,0.25
2026-08-04,9,25800.0,PUT,0.9172243416983997,-0.06473969215006738,0.365303344682297,45.1,52.9,49.0,0.1591836734693877
2026-08-04,9,26000.0,PUT,0.924334607913116,-0.08025762281449629,0.3557213977894106,57.0,67.4,62.2,0.16720257234726696
2026-08-04,9,26200.0,PUT,0.9314448741278323,-0.09576558274344606,0.34480815742743237,69.2,79.4,74.30000000000001,0.1372812920592194
2026-08-04,9,26400.0,PUT,0.9385551403425485,-0.11633389564728784,0.3412179061383315,86.1,97.8,91.94999999999999,0.12724306688417622
2026-08-04,9,26500.0,CALL,0.9421102734499066,0.8560657151651222,0.3600743505268884,1603.5,1959.5,1781.5,0.19983160258209373
2026-08-04,9,26500.0,PUT,0.9421102734499066,-0.12699335875145007,0.3374200714345181,96.2,105.9,101.05000000000001,0.09599208312716478
2026-08-04,9,26600.0,CALL,0.9456654065572648,0.8567832490053354,0.33614469953011783,1514.9,1829.4,1672.15,0.18808121280985557
2026-08-04,9,26600.0,PUT,0.9456654065572648,-0.14009496468284202,0.3320635053372116,107.1,119.2,113.15,0.10693769332744152
2026-08-04,9,26800.0,PUT,0.952775672771981,-0.1687317492490922,0.32302479070311907,132.8,145.6,139.2,0.09195402298850563
2026-08-04,9,27000.0,PUT,0.9598859389866974,-0.20184854500734065,0.3186023391604257,164.8,176.3,170.55,0.0674289064790384
2026-08-04,9,27200.0,PUT,0.9669962052014136,-0.23929411520896485,0.31042853952980587,202.1,214.2,208.14999999999998,0.058131155416766736
2026-08-04,9,27300.0,PUT,0.9705513383087717,-0.2603004240808974,0.30531992833328503,222.9,236.4,229.65,0.05878510777269758
2026-08-04,9,27400.0,PUT,0.9741064714161299,-0.282721089552106,0.301432595341081,246.5,259.5,253.0,0.05138339920948617
2026-08-04,9,27450.0,PUT,0.9758840379698089,-0.2944959649169348,0.3001242677025406,258.9,272.4,265.65,0.05081874647092039
2026-08-04,9,27500.0,PUT,0.977661604523488,-0.30642304712591456,0.2989163153644662,271.7,285.2,278.45,0.04848267193391992
2026-08-04,9,27550.0,PUT,0.979439171077167,-0.31873785201101856,0.2983204383553311,285.0,299.4,292.2,0.04928131416837775
2026-08-04,9,27600.0,PUT,0.9812167376308462,-0.33131171669694875,0.2982058590910853,299.1,314.3,306.70000000000005,0.049559830453211565
2026-08-04,9,27650.0,PUT,0.9829943041845253,-0.3438654374204768,0.2966004068414141,314.0,328.0,321.0,0.04361370716510903
2026-08-04,9,27675.0,PUT,0.9838830874613648,-0.3503232596955577,0.29480102426121,321.0,336.0,328.5,0.045662100456621
2026-08-04,9,27700.0,PUT,0.9847718707382043,-0.35694219427895274,0.29319961103501513,329.0,343.7,336.35,0.043704474505723165
2026-08-04,9,27725.0,PUT,0.9856606540150439,-0.36358912616710165,0.29148933253615417,336.0,352.0,344.0,0.046511627906976744
2026-08-04,9,27775.0,PUT,0.9874382205687229,-0.3773577648421222,0.2887444802354594,353.0,368.0,360.5,0.04160887656033287
2026-08-04,9,27800.0,PUT,0.9883270038455625,-0.384386924462172,0.28751435317004326,361.0,377.0,369.0,0.04336043360433604
2026-08-04,9,27875.0,PUT,0.990993353676081,-0.4058601685782647,0.2839193127550834,386.4,402.9,394.65,0.04180919802356518
2026-08-04,9,27900.0,PUT,0.9918821369529206,-0.4131652271977336,0.28283575104846564,397.0,409.8,403.4,0.03173029251363414
2026-08-04,9,27925.0,PUT,0.9927709202297601,-0.42062738328635185,0.2822244938661596,406.6,419.4,413.0,0.03099273607748173
2026-08-04,9,27950.0,PUT,0.9936597035065996,-0.428058989062607,0.2812824507718259,415.9,428.1,422.0,0.02890995260663518
2026-08-04,9,27975.0,PUT,0.9945484867834392,-0.43557638298203905,0.28056303635986035,425.0,437.8,431.4,0.029670839128419127
2026-08-04,9,28000.0,PUT,0.9954372700602787,-0.44315490271030766,0.2800104807302987,434.9,447.3,441.1,0.028111539333484547
2026-08-04,9,28025.0,PUT,0.9963260533371182,-0.45077537685380376,0.27956919773130945,444.2,457.8,451.0,0.030155210643015573
2026-08-04,9,28050.0,PUT,0.9972148366139578,-0.45842437524269963,0.2791837880735451,454.6,467.4,461.0,0.027765726681127884
2026-08-04,9,28075.0,PUT,0.9981036198907973,-0.4660896922022671,0.27871643816916,464.3,477.4,470.85,0.0278220239991504
2026-08-04,9,28250.0,PUT,1.0043251028286742,-0.5212433791518292,0.2699076475921975,540.6,553.8,547.2,0.024122807017543733
2026-08-04,9,28450.0,PUT,1.0114353690433904,-0.5883173837220701,0.26116713134594477,637.8,653.1,645.45,0.02370439228445281
2026-08-04,9,28475.0,PUT,1.0123241523202298,-0.5968319940833342,0.26050082582187684,651.3,665.7,658.5,0.021867881548975083
2026-08-04,9,28500.0,CALL,1.0132129355970694,0.3964463020631073,0.26376335735976303,327.1,342.7,334.9,0.04658106897581358
2026-08-04,9,28550.0,CALL,1.0149905021507484,0.3798350676738261,0.26313394871598483,304.7,320.0,312.35,0.04898351208580122
2026-08-04,9,28575.0,CALL,1.015879285427588,0.3714618971703453,0.2626220974022659,293.0,308.9,300.95,0.052832696461206106
2026-08-04,9,28725.0,PUT,1.0212119850886252,-0.6829486836208938,0.24621652246545164,767.7,830.4,799.05,0.07846818096489573
2026-08-04,9,28750.0,PUT,1.0221007683654648,-0.6903046626743197,0.24659097548181183,806.9,827.7,817.3,0.025449651290835762
2026-08-04,9,29050.0,PUT,1.0327661676875393,-0.7884532430724117,0.23342940510434249,942.6,1100.1,1021.3499999999999,0.15420766632398286
2026-08-04,9,29100.0,CALL,1.0345437342412183,0.20090087861536404,0.23510600943989107,115.2,126.8,121.0,0.09586776859504127
2026-08-04,9,29175.0,CALL,1.0372100840717369,0.1786792616035514,0.23173522050723153,97.4,108.7,103.05000000000001,0.10965550703541965
2026-08-04,9,29200.0,PUT,1.0380988673485765,-0.823662882641329,0.2351162669052606,1065.3,1226.7,1146.0,0.14083769633507862
2026-08-04,9,29200.0,CALL,1.0380988673485765,0.17162247337617878,0.23103583369178096,92.1,103.1,97.6,0.11270491803278689
2026-08-04,9,29300.0,CALL,1.0416540004559345,0.1451211704989515,0.22989667009030107,72.1,83.7,77.9,0.14890885750962782
2026-08-04,9,29325.0,CALL,1.042542783732774,0.13866943660518383,0.22847443178604188,67.4,79.0,73.2,0.15846994535519118
2026-08-04,9,29350.0,CALL,1.0434315670096135,0.1324164871328518,0.22629249887968209,62.9,74.7,68.8,0.17151162790697683
2026-08-04,9,29375.0,CALL,1.044320350286453,0.12632633988828693,0.22440847273229145,58.8,70.5,64.65,0.18097447795823668
2026-08-04,9,29400.0,CALL,1.0452091335632927,0.12036863515813291,0.22276271457425048,55.0,66.4,60.7,0.18780889621087324
2026-08-04,9,29425.0,CALL,1.046097916840132,0.11474730490741952,0.221528987349655,51.7,62.5,57.1,0.18914185639229417
2026-08-04,9,29475.0,CALL,1.0478754833938113,0.1035082005484243,0.21924500697703656,44.6,55.5,50.05,0.21778221778221776
2026-08-04,9,29500.0,CALL,1.0487642666706507,0.09809756469189891,0.21836834229712182,42.2,51.3,46.75,0.19465240641711218
2026-08-04,9,29525.0,CALL,1.0496530499474903,0.0930483232614377,0.21784145350869583,38.7,48.8,43.75,0.23085714285714273
2026-08-04,9,29550.0,CALL,1.05054183322433,0.08838724575738272,0.21766304117894736,36.3,45.8,41.05,0.23142509135200975
2026-08-04,9,29700.0,CALL,1.0558745328853671,0.0627319388559307,0.21238248194218365,21.5,31.9,26.7,0.38951310861423216
2026-08-04,9,29725.0,CALL,1.0567633161622065,0.059036391637580156,0.21111635502208034,19.7,29.9,24.799999999999997,0.4112903225806452
2026-08-04,9,29800.0,PUT,1.0594296659927251,-0.9324045975131451,0.2322299501790573,1527.5,1821.1,1674.3,0.17535686555575458
2026-08-04,9,29825.0,CALL,1.0603184492695648,0.04578354057300031,0.20825057558142218,13.8,22.8,18.3,0.4918032786885246
2026-08-04,9,29850.0,CALL,1.0612072325464044,0.03969206106819071,0.2046422817662649,10.0,20.4,15.2,0.6842105263157894
2026-08-04,9,29875.0,CALL,1.0620960158232438,0.04022070785314786,0.20810450277981687,11.4,20.0,15.7,0.5477707006369427
2026-08-04,9,29900.0,CALL,1.0629847991000834,0.037900827055013256,0.20852205724192707,10.3,19.0,14.65,0.5938566552901023
2026-08-04,9,29900.0,PUT,1.0629847991000834,-0.9540573122494695,0.21740915770705208,1600.0,1923.4,1761.7,0.18357268547425787
2026-08-04,9,29925.0,CALL,1.063873582376923,0.03549654633917284,0.20884077682149607,9.3,17.8,13.55,0.6273062730627306
2026-08-04,9,29975.0,CALL,1.065651148930602,0.031246077942710865,0.20729694046544833,7.6,15.7,11.649999999999999,0.6952789699570816
2026-08-04,9,30000.0,CALL,1.0665399322074416,0.02867490228278759,0.20495393522963445,6.9,14.1,10.5,0.6857142857142856
2026-08-04,9,30025.0,CALL,1.067428715484281,0.027493352484665917,0.20534350076866897,5.7,14.4,10.05,0.8656716417910446
2026-08-04,9,30050.0,CALL,1.0683174987611206,0.02559011449541826,0.204370870353896,5.1,13.4,9.25,0.8972972972972973
2026-08-04,9,30075.0,CALL,1.06920628203796,0.023881817973397286,0.20378919349611982,4.5,12.6,8.55,0.9473684210526314
2026-08-04,9,30100.0,CALL,1.0700950653147996,0.022702651389601283,0.20417850123974346,4.0,12.2,8.1,1.0123456790123457
2026-08-04,9,30125.0,CALL,1.0709838485916392,0.021202512856858296,0.2039857983747972,3.5,11.5,7.5,1.0666666666666667
2026-08-04,9,30150.0,CALL,1.0718726318684786,0.01991976785990945,0.20418052341027812,3.0,11.0,7.0,1.1428571428571428
2026-08-04,9,30200.0,CALL,1.0736501984221578,0.017585362560851938,0.20495498306799115,2.3,9.9,6.1,1.2459016393442623
2026-08-04,9,30225.0,CALL,1.0745389816989972,0.01676149321047128,0.2059200851159442,1.9,9.7,5.8,1.3448275862068964
2026-08-04,9,30300.0,CALL,1.0772053315295158,0.014222637672421346,0.20861306749611258,1.1,8.6,4.85,1.5463917525773196
2026-08-04,9,30450.0,CALL,1.082538031190553,0.010901369673568913,0.2108054654883262,0.05,7.3,3.675,1.9727891156462587
2026-08-04,9,30475.0,CALL,1.0834268144673926,0.010695755657287158,0.21221327745957766,0.05,7.2,3.625,1.9724137931034484
2026-08-04,9,30500.0,CALL,1.0843155977442323,0.010375380905114698,0.21317220551034655,0.05,7.0,3.525,1.971631205673759
2026-08-04,9,30525.0,CALL,1.0852043810210716,0.01017556475527823,0.2145764957009634,0.05,6.9,3.475,1.971223021582734
2026-08-04,9,30550.0,CALL,1.0860931642979113,0.009861069963997143,0.21553224606908877,0.05,6.7,3.375,1.9703703703703705
2026-08-04,9,30600.0,CALL,1.0878707308515903,0.009475114290441676,0.21833215436037023,0.05,6.5,3.275,1.969465648854962
2026-08-04,9,30650.0,CALL,1.0896482974052695,0.009099073033084368,0.22112510638716934,0.05,6.3,3.175,1.968503937007874
2026-08-04,9,31000.0,CALL,1.102091263281023,0.007155161317804729,0.24227081708838785,0.05,5.3,2.675,1.9626168224299068
2026-08-04,9,31100.0,CALL,1.105646396388381,0.006861296460883886,0.24908066270313875,0.05,5.2,2.625,1.961904761904762
2026-08-04,9,31150.0,CALL,1.1074239629420601,0.006667365095552477,0.25225333600619654,0.05,5.1,2.5749999999999997,1.9611650485436896
2026-08-04,9,31200.0,CALL,1.1092015294957391,0.006478344713533873,0.25541974766484454,0.05,5.0,2.525,1.9603960396039606
2026-08-04,9,31500.0,CALL,1.1198669288178136,0.005735527396408603,0.2756233548605525,0.0,8.9,4.45,2.0
2026-08-04,9,31800.0,CALL,1.130532328139888,0.004241361078595576,0.28863185121059837,0.0,8.7,4.35,2.0
2026-08-04,9,32000.0,CALL,1.1376425943546042,0.005517582356895459,0.3128124345211634,0.0,8.6,4.3,2.0
2026-08-04,9,32800.0,CALL,1.1660836592134693,0.0033631149996078964,0.34809329347682794,0.0,8.3,4.15,2.0
2026-08-05,10,18000.0,PUT,0.6399239593244649,-0.0017408654750052876,0.9347230470703375,0.0,9.3,4.65,2.0
2026-08-05,10,19000.0,PUT,0.6754752903980463,-0.002155410477538351,0.8391775092517345,0.05,5.5,2.775,1.963963963963964
2026-08-05,10,20000.0,PUT,0.7110266214716277,-0.002731006201145479,0.7518368653270746,0.05,6.3,3.175,1.968503937007874
2026-08-05,10,21000.0,PUT,0.7465779525452091,-0.0035918394774698153,0.6690060410606071,0.05,7.5,3.775,1.9735099337748345
2026-08-05,10,22500.0,PUT,0.7999049491555811,-0.0072655940697414585,0.5523637580858259,2.8,10.7,6.75,1.1703703703703703
2026-08-05,10,23000.0,PUT,0.8176806146923719,-0.009507133864427187,0.5234864027865251,4.5,12.5,8.5,0.9411764705882353
2026-08-05,10,23500.0,PUT,0.8354562802291625,-0.01270507513460753,0.48862746846258853,6.9,15.1,11.0,0.7454545454545454
2026-08-05,10,25000.0,PUT,0.8887832768395346,-0.0368907188873649,0.3979216256854529,25.7,33.7,29.700000000000003,0.26936026936026947
2026-08-05,10,25200.0,PUT,0.8958935430542508,-0.0436269330295842,0.3870470186638545,30.6,39.4,35.0,0.25142857142857133
2026-08-05,10,25400.0,PUT,0.9030038092689672,-0.05198070832532042,0.3794596971609986,37.1,46.4,41.75,0.222754491017964
2026-08-05,10,25500.0,PUT,0.9065589423763253,-0.05679805642231399,0.3770617650746212,41.0,50.5,45.75,0.20765027322404372
2026-08-05,10,25600.0,PUT,0.9101140754836834,-0.06247197954276624,0.3762146574305443,45.3,56.2,50.75,0.2147783251231528
2026-08-05,10,25800.0,PUT,0.9172243416983997,-0.076100266109826,0.3658858039631939,57.8,68.4,63.1,0.16798732171156908
2026-08-05,10,26000.0,PUT,0.924334607913116,-0.08913183850184891,0.35335554829437965,69.1,78.1,73.6,0.12228260869565219
2026-08-05,10,26200.0,PUT,0.9314448741278323,-0.10745132474604537,0.3485397258201469,84.5,95.9,90.2,0.12638580931263865
2026-08-05,10,26400.0,PUT,0.9385551403425485,-0.12803947115991282,0.3437256833673027,103.4,115.6,109.5,0.11141552511415515
2026-08-05,10,26500.0,PUT,0.9421102734499066,-0.13968145035133758,0.3377605613266303,114.3,126.9,120.6,0.10447761194029859
2026-08-05,10,26800.0,PUT,0.952775672771981,-0.1809959622727468,0.325689169590367,155.0,166.6,160.8,0.07213930348258703
2026-08-05,10,27000.0,PUT,0.9598859389866974,-0.21336923270830185,0.3230671109052283,188.1,200.2,194.14999999999998,0.06232294617563737
2026-08-05,10,27200.0,PUT,0.9669962052014136,-0.25009472140166067,0.3118525716687467,226.5,240.9,233.7,0.06161745827984599
2026-08-05,10,27400.0,PUT,0.9741064714161299,-0.292025413545829,0.3041539280087119,273.0,287.0,280.0,0.05
2026-08-05,10,27500.0,PUT,0.977661604523488,-0.3146910002215459,0.30220316055042906,299.0,313.4,306.2,0.047028086218157995
2026-08-05,10,27550.0,PUT,0.979439171077167,-0.3263365650700605,0.30168974017756345,312.8,327.3,320.05,0.04530542102796438
2026-08-05,10,27600.0,PUT,0.9812167376308462,-0.3382938933624911,0.30184755788086165,327.0,343.0,335.0,0.04776119402985075
2026-08-05,10,27650.0,PUT,0.9829943041845253,-0.3502309517296484,0.2980866060414281,341.7,356.9,349.29999999999995,0.04351560263383908
2026-08-05,10,27800.0,PUT,0.9883270038455625,-0.3888044797170553,0.28947457851421043,388.6,406.2,397.4,0.04428787116255654
2026-08-05,10,27900.0,PUT,0.9918821369529206,-0.4161828536109758,0.2854330450277057,425.8,439.4,432.6,0.031437817845584755
2026-08-05,10,27925.0,PUT,0.9927709202297601,-0.423190474232954,0.28463774710708123,435.4,448.2,441.79999999999995,0.02897238569488459
2026-08-05,10,28000.0,PUT,0.9954372700602787,-0.4445120756204275,0.28275947657018385,463.7,477.0,470.35,0.028276815137663464
2026-08-05,10,28050.0,PUT,0.9972148366139578,-0.4589081789849843,0.281836343642497,483.2,496.8,490.0,0.02775510204081637
2026-08-05,10,28075.0,PUT,0.9981036198907973,-0.46615154307340995,0.28157266173990503,493.4,507.0,500.2,0.02718912435025994
2026-08-05,10,28125.0,PUT,0.9998811864444764,-0.48067879320213835,0.2812299259277026,513.9,528.0,520.95,0.027065937230060507
2026-08-05,10,28150.0,CALL,1.000769969721316,0.5121121569645481,0.2835593356323622,541.0,554.6,547.8,0.024826579043446557
2026-08-05,10,28150.0,PUT,1.000769969721316,-0.4879888322877663,0.27956762457335993,524.4,538.8,531.5999999999999,0.02708803611738145
2026-08-05,10,28175.0,CALL,1.0016587529981555,0.5048048926405894,0.2816041620339684,526.6,540.2,533.4000000000001,0.02549681289838774
2026-08-05,10,28225.0,PUT,1.0034363195518345,-0.5104686975637249,0.27439083578906776,557.8,571.4,564.5999999999999,0.024087849805171847
2026-08-05,10,28250.0,PUT,1.0043251028286742,-0.518136845933769,0.2727755548405123,569.0,582.6,575.8,0.02361931226120185
2026-08-05,10,28350.0,PUT,1.0078802359360322,-0.5493616502228024,0.2677977593753395,616.2,630.6,623.4000000000001,0.023099133782483117
2026-08-05,10,28375.0,PUT,1.0087690192128718,-0.5573786587223512,0.26645511225426977,627.9,642.3,635.0999999999999,0.022673594709494534
2026-08-05,10,28400.0,PUT,1.0096578024897114,-0.565328327940242,0.26558157053729853,640.5,654.9,647.7,0.022232515053265366
2026-08-05,10,28400.0,CALL,1.0096578024897114,0.43592073261258174,0.26957997320146804,407.5,421.0,414.25,0.032589016294508145
2026-08-05,10,28425.0,PUT,1.0105465857665508,-0.5733301520921135,0.2647096184673133,653.1,667.5,660.3,0.021808268968650582
2026-08-05,10,28450.0,CALL,1.0114353690433904,0.42013784194720194,0.2679060060201243,383.1,396.2,389.65,0.03361991530861021
2026-08-05,10,28500.0,CALL,1.0132129355970694,0.4043807260231776,0.2667547557159192,357.8,374.3,366.05,0.04507580931566726
2026-08-05,10,28500.0,PUT,1.0132129355970694,-0.5973432460212248,0.2628007120101607,691.8,707.1,699.45,0.02187432983058127
2026-08-05,10,28525.0,CALL,1.014101718873909,0.39638006650279284,0.2660258210777262,345.7,362.2,353.95,0.04661675377878231
2026-08-05,10,28525.0,PUT,1.014101718873909,-0.6054858454862978,0.2620377125831714,680.0,744.5,712.25,0.09055809055809055
2026-08-05,10,28550.0,CALL,1.0149905021507484,0.38862764944986616,0.26589130908281844,334.8,351.2,343.0,0.04781341107871714
2026-08-05,10,28550.0,PUT,1.0149905021507484,-0.6134274786676476,0.261765955950348,718.0,734.0,726.0,0.02203856749311295
2026-08-05,10,28575.0,CALL,1.015879285427588,0.3807869276087559,0.265602452154191,323.7,339.8,331.75,0.04853051996985689
2026-08-05,10,28600.0,PUT,1.0167680687044276,-0.629071479572519,0.2612626423627437,746.0,763.0,754.5,0.02253147779986746
2026-08-05,10,28600.0,CALL,1.0167680687044276,0.37298606298358383,0.26541707628000677,312.7,328.7,320.7,0.049890863735578425
2026-08-05,10,28650.0,PUT,1.0185456352581066,-0.6452151172860389,0.25690705387180074,773.6,791.2,782.4000000000001,0.022494887525562397
2026-08-05,10,28675.0,CALL,1.0194344185349462,0.34949605531964745,0.25975878369735306,280.8,297.3,289.05,0.05708354955889984
2026-08-05,10,28700.0,CALL,1.0203232018117856,0.3408525153835231,0.25692617437953347,271.4,282.4,276.9,0.03972553268327916
2026-08-05,10,28700.0,PUT,1.0203232018117856,-0.6613481285899973,0.2534474110138753,802.2,821.4,811.8,0.02365114560236503
2026-08-05,10,28725.0,CALL,1.0212119850886252,0.33364010796580196,0.25655747893521746,261.6,276.3,268.95000000000005,0.054656999442275464
2026-08-05,10,28750.0,PUT,1.0221007683654648,-0.677590942938305,0.2504692060811782,832.0,852.0,842.0,0.023752969121140142
2026-08-05,10,28800.0,CALL,1.0238783349191438,0.30912696367803366,0.2518084446658469,234.0,243.7,238.85,0.04061126229851367
2026-08-05,10,28900.0,PUT,1.027433468026502,-0.7255516233542232,0.24494616195811408,861.5,1015.2,938.35,0.16379815633825337
2026-08-05,10,28900.0,CALL,1.027433468026502,0.27778863294757405,0.2485905575544905,199.3,208.7,204.0,0.04607843137254891
2026-08-05,10,29000.0,PUT,1.03098860113386,-0.7561747563332925,0.24368201481104815,928.6,1084.8,1006.7,0.15516042515148498
2026-08-05,10,29000.0,CALL,1.03098860113386,0.2474452603231479,0.24713405108083564,166.3,178.0,172.15,0.06796398489689218
2026-08-05,10,29050.0,CALL,1.0327661676875393,0.23288523206240114,0.2442044129688643,151.7,163.5,157.6,0.07487309644670058
2026-08-05,10,29050.0,PUT,1.0327661676875393,-0.7710466314650036,0.23970408742136587,964.0,1120.2,1042.1,0.1498896459073026
2026-08-05,10,29075.0,CALL,1.0336549509643786,0.22581756678119774,0.24257972611614315,144.7,157.1,150.89999999999998,0.08217362491716373
2026-08-05,10,29100.0,PUT,1.0345437342412183,-0.7856337117169169,0.23643468998469455,1000.5,1156.7,1078.6,0.14481735583163366
2026-08-05,10,29100.0,CALL,1.0345437342412183,0.21840927603104984,0.240695012437405,137.9,149.8,143.85000000000002,0.08272506082725063
2026-08-05,10,29125.0,CALL,1.0354325175180579,0.21121297430965125,0.2391530390892248,131.3,143.2,137.25,0.08670309653916194
2026-08-05,10,29150.0,CALL,1.0363213007948973,0.2041126139689752,0.23780231539785734,124.9,136.9,130.9,0.09167303284950343
2026-08-05,10,29200.0,CALL,1.0380988673485765,0.1900323049441223,0.23544710189151657,112.8,124.5,118.65,0.09860935524652341
2026-08-05,10,29225.0,CALL,1.0389876506254159,0.18311581371685778,0.23447924324032343,107.0,118.6,112.8,0.10283687943262407
2026-08-05,10,29300.0,CALL,1.0416540004559345,0.16315615615628629,0.23252076702120297,89.9,103.1,96.5,0.13678756476683926
2026-08-05,10,29325.0,CALL,1.042542783732774,0.1568299757438934,0.2321936230493631,84.9,98.1,91.5,0.14426229508196708
2026-08-05,10,29375.0,CALL,1.044320350286453,0.14441460530418812,0.2317644399514888,76.0,87.6,81.8,0.14180929095354516
2026-08-05,10,29500.0,CALL,1.0487642666706507,0.11620355291732708,0.22392164883839683,55.6,67.3,61.45,0.19039869812855972
2026-08-05,10,29500.0,PUT,1.0487642666706507,-0.8740287780574195,0.23386864216354178,1263.1,1557.7,1410.4,0.20887691435053893
2026-08-05,10,29525.0,CALL,1.0496530499474903,0.11091324378261375,0.22280682540854357,52.1,63.7,57.900000000000006,0.2003454231433506
2026-08-05,10,29550.0,CALL,1.05054183322433,0.10568995199563133,0.22180513928996162,48.8,60.1,54.45,0.20752984389348034
2026-08-05,10,29600.0,PUT,1.052319399778009,-0.8963196601252036,0.2275576306248455,1349.5,1639.4,1494.45,0.19398440897989233
2026-08-05,10,29625.0,CALL,1.0532081830548485,0.09108851529021572,0.21996948831668153,39.9,50.4,45.15,0.23255813953488372
2026-08-05,10,29650.0,CALL,1.054096966331688,0.08649459763596452,0.21963511103757413,37.1,47.5,42.3,0.2458628841607565
2026-08-05,10,29650.0,PUT,1.054096966331688,-0.9052965694840395,0.22676539208496568,1393.7,1683.5,1538.6,0.18835304822565968
2026-08-05,10,29700.0,CALL,1.0558745328853671,0.07807668742201374,0.21962636736909474,32.2,42.2,37.2,0.26881720430107525
2026-08-05,10,29700.0,PUT,1.0558745328853671,-0.9135096068955566,0.22669095058130356,1438.6,1728.2,1583.4,0.18289756220790712
2026-08-05,10,29725.0,CALL,1.0567633161622065,0.07407255185418384,0.21961771194807694,29.9,39.7,34.8,0.281609195402299
2026-08-05,10,29750.0,CALL,1.0576520994390461,0.07023801058442984,0.2177429406978601,27.7,37.4,32.55,0.2980030721966206
2026-08-05,10,29800.0,CALL,1.0594296659927251,0.0630438729116212,0.21485642354872417,23.1,33.9,28.5,0.37894736842105253
2026-08-05,10,29825.0,CALL,1.0603184492695648,0.0595661348195504,0.21365401211171384,21.3,31.9,26.6,0.3984962406015037
2026-08-05,10,29850.0,CALL,1.0612072325464044,0.05628512275195717,0.21273627755295657,19.6,30.1,24.85,0.4225352112676056
2026-08-05,10,29900.0,CALL,1.0629847991000834,0.049965951173461066,0.21128212295549925,16.7,26.4,21.549999999999997,0.45011600928074247
2026-08-05,10,29950.0,CALL,1.0647623656537624,0.04466216249709765,0.21104832449465288,14.0,23.8,18.9,0.5185185185185186
2026-08-05,10,29975.0,CALL,1.065651148930602,0.0419631079073834,0.21088520691278567,13.0,22.1,17.55,0.5185185185185186
2026-08-05,10,30000.0,CALL,1.0665399322074416,0.0395200347797304,0.21100182420602542,11.9,20.8,16.35,0.5443425076452599
2026-08-05,10,30000.0,PUT,1.0665399322074416,-0.9999999999977652,0.001153182290867061,1633.8,2033.8,1833.8,0.2181262951248773
2026-08-05,10,30100.0,PUT,1.0700950653147996,-0.975763147938434,0.19686686696178476,1705.8,2190.5,1948.15,0.24880014372609913
2026-08-05,10,30150.0,CALL,1.0718726318684786,0.027835444485212975,0.2084389074393683,6.3,15.4,10.85,0.838709677419355
2026-08-05,10,30175.0,CALL,1.0727614151453182,0.02624606982374214,0.2078842566315556,5.7,14.6,10.15,0.8768472906403939
2026-08-05,10,30200.0,CALL,1.0736501984221578,0.024747108383107147,0.2075152722994769,5.1,13.9,9.5,0.9263157894736843
2026-08-05,10,30225.0,CALL,1.0745389816989972,0.02334305834763632,0.2073312221831992,4.7,13.1,8.9,0.9438202247191009
2026-08-05,10,30300.0,CALL,1.0772053315295158,0.019220051762928778,0.20696502537213612,3.3,11.0,7.15,1.0769230769230769
2026-08-05,10,30400.0,CALL,1.080760464636874,0.0160196765751557,0.21044023510499435,1.9,9.9,5.9,1.3559322033898304
2026-08-05,10,30500.0,CALL,1.0843155977442323,0.013344660636302066,0.21404365005807546,0.9,8.8,4.8500000000000005,1.6288659793814433
2026-08-05,10,30550.0,CALL,1.0860931642979113,0.012183532724153782,0.213743405592404,0.5,8.3,4.4,1.7727272727272727
2026-08-05,10,30575.0,CALL,1.0869819475747509,0.014468288352919792,0.2231788363925152,0.3,10.8,5.550000000000001,1.8918918918918917
2026-08-05,10,30625.0,CALL,1.0887595141284299,0.01088050752993222,0.21499072940785469,0.05,7.8,3.925,1.9745222929936306
2026-08-05,10,30650.0,CALL,1.0896482974052695,0.0105787078702208,0.21589934745276843,0.05,7.6,3.8249999999999997,1.973856209150327
2026-08-05,10,30700.0,CALL,1.0914258639589485,0.010093239725681297,0.21813589957055485,0.05,7.3,3.675,1.9727891156462587
2026-08-05,10,30800.0,CALL,1.0949809970663067,0.00926156001971834,0.2230136358712592,0.05,6.8,3.425,1.9708029197080292
2026-08-05,10,30950.0,PUT,1.1003136967273437,-0.9789966713911346,0.2702855411442629,2564.9,3032.5,2798.7,0.16707757172973164
2026-08-05,10,31000.0,PUT,1.102091263281023,-0.9794121350833338,0.27386346960165975,2614.8,3082.3,2848.55,0.1641185866493479
2026-08-05,10,31000.0,CALL,1.102091263281023,0.00802539843368808,0.23396207709635722,0.05,6.1,3.0749999999999997,1.967479674796748
2026-08-05,10,31200.0,CALL,1.1092015294957391,0.007108151850576297,0.2456559104824916,0.05,5.6,2.8249999999999997,1.9646017699115046
2026-08-05,10,31300.0,CALL,1.1127566626030974,0.006834098557341996,0.2520992822916597,0.05,5.5,2.775,1.963963963963964
2026-08-05,10,31400.0,CALL,1.1163117957104554,0.006574141486436239,0.2585186346343791,0.05,5.4,2.725,1.9633027522935782
2026-08-05,10,32000.0,CALL,1.1376425943546042,0.0050341980205348925,0.2955005168933856,0.0,8.7,4.35,2.0
2026-08-05,10,32200.0,CALL,1.1447528605693205,0.005315201616774523,0.31115322929356504,0.0,8.6,4.3,2.0
2026-08-05,10,32400.0,CALL,1.151863126784037,0.005087441426604429,0.32419652567246754,0.0,8.5,4.25,2.0
2026-08-05,10,32500.0,CALL,1.155418259891395,0.004960738643481846,0.3305814547524503,0.0,8.5,4.25,2.0
2026-08-05,10,35500.0,CALL,1.262072253112139,0.0033816850350719624,0.5005675741608978,0.0,8.1,4.05,2.0
2026-08-05,10,38000.0,CALL,1.3509505807960926,0.0015514005396337672,0.6023925970301027,0.0,8.1,4.05,2.0
2026-08-06,11,18000.0,PUT,0.6399239593244649,-0.001918378238000482,0.903861489415821,0.05,5.5,2.775,1.963963963963964
2026-08-06,11,19000.0,PUT,0.6754752903980463,-0.0023811402084306914,0.8138030873299681,0.05,6.2,3.125,1.9680000000000002
2026-08-06,11,20000.0,PUT,0.7110266214716277,-0.003009967385159058,0.7315504236897473,0.05,7.1,3.5749999999999997,1.972027972027972
2026-08-06,11,21000.0,PUT,0.7465779525452091,-0.004143376621112343,0.647878317704002,0.5,8.5,4.5,1.7777777777777777
2026-08-06,11,23000.0,PUT,0.8176806146923719,-0.011471040136725891,0.5174151467056224,6.6,15.1,10.85,0.783410138248848
2026-08-06,11,25000.0,PUT,0.8887832768395346,-0.04345333298720335,0.397279659788584,33.2,41.7,37.45,0.2269692923898531
2026-08-06,11,25200.0,PUT,0.8958935430542508,-0.05107763099512611,0.38947492257256444,38.6,49.4,44.0,0.2454545454545454
2026-08-06,11,25400.0,PUT,0.9030038092689672,-0.06010490301077579,0.3847896221277925,46.4,57.6,52.0,0.21538461538461545
2026-08-06,11,25500.0,PUT,0.9065589423763253,-0.06517487426650036,0.37961193046303465,50.9,62.3,56.599999999999994,0.20141342756183744
2026-08-06,11,25600.0,PUT,0.9101140754836834,-0.0707931698660814,0.3733244185286,56.6,66.8,61.7,0.16531604538087513
2026-08-06,11,25800.0,PUT,0.9172243416983997,-0.08333083688554643,0.36204715688992073,68.2,77.6,72.9,0.12894375857338808
2026-08-06,11,26000.0,PUT,0.924334607913116,-0.0992752463488165,0.3554305844038185,82.3,93.5,87.9,0.1274175199089875
2026-08-06,11,26200.0,PUT,0.9314448741278323,-0.11717243737627851,0.35144349247681383,98.9,111.2,105.05000000000001,0.11708710138029506
2026-08-06,11,26400.0,PUT,0.9385551403425485,-0.13794693231354516,0.3419538564342256,119.3,132.3,125.80000000000001,0.10333863275039756
2026-08-06,11,26500.0,PUT,0.9421102734499066,-0.14968398552636913,0.33675316088723095,130.8,144.3,137.55,0.09814612868047981
2026-08-06,11,26600.0,PUT,0.9456654065572648,-0.16239351018240827,0.3324441945705266,143.5,157.3,150.4,0.09175531914893624
2026-08-06,11,26800.0,PUT,0.952775672771981,-0.1906075229769359,0.3267081816966538,173.6,185.8,179.7,0.06789092932665564
2026-08-06,11,27000.0,PUT,0.9598859389866974,-0.22210541030018643,0.32202957180830727,207.8,220.6,214.2,0.05975723622782439
2026-08-06,11,27500.0,PUT,0.977661604523488,-0.320739644765024,0.30306005920639717,321.5,336.9,329.2,0.04678007290400965
2026-08-06,11,27550.0,PUT,0.979439171077167,-0.3317845018881844,0.3023909620669579,335.1,350.4,342.75,0.044638949671772295
2026-08-06,11,27575.0,PUT,0.9803279543540067,-0.33744906204755304,0.30236318973842513,342.4,357.7,350.04999999999995,0.04370804170832742
2026-08-06,11,27600.0,PUT,0.9812167376308462,-0.3431216024672576,0.3006351290798103,349.0,365.5,357.25,0.04618614415675298
2026-08-06,11,28100.0,PUT,0.9989924031676368,-0.4729450204375229,0.28172224381177574,527.2,541.2,534.2,0.026207412953949828
2026-08-06,11,28175.0,PUT,1.0016587529981555,-0.493946944809951,0.2781016645802541,558.6,573.0,565.8,0.025450689289501553
2026-08-06,11,28200.0,PUT,1.002547536274995,-0.5010996101816715,0.27647596653837,569.9,583.8,576.8499999999999,0.024096385542168638
2026-08-06,11,28225.0,PUT,1.0034363195518345,-0.5083162598706715,0.27505279616515,581.1,595.5,588.3,0.024477307496175382
2026-08-06,11,28275.0,PUT,1.0052138861055135,-0.5230064648957876,0.272014620315684,603.6,618.0,610.8,0.023575638506876193
2026-08-06,11,28300.0,CALL,1.0061026693823532,0.47029068538681457,0.2746816163133775,484.8,499.2,492.0,0.029268292682926782
2026-08-06,11,28400.0,PUT,1.0096578024897114,-0.5606550187840422,0.2662525271109717,663.0,678.3,670.65,0.022813688212927688
2026-08-06,11,28500.0,PUT,1.0132129355970694,-0.591229266950432,0.2633954068101175,714.0,730.0,722.0,0.0221606648199446
2026-08-06,11,28600.0,CALL,1.0167680687044276,0.3803296385954526,0.2657777048149345,337.4,354.3,345.85,0.04886511493422013
2026-08-06,11,28600.0,PUT,1.0167680687044276,-0.6220107892404647,0.2613962111518316,765.6,784.5,775.05,0.024385523514611932
2026-08-06,11,28675.0,PUT,1.0194344185349462,-0.6452073986536363,0.25607479229677604,783.5,849.6,816.55,0.0809503398444676
2026-08-06,11,28675.0,CALL,1.0194344185349462,0.3578561585332951,0.2615225257768031,305.0,321.5,313.25,0.052673583399840386
2026-08-06,11,28700.0,CALL,1.0203232018117856,0.3497606176590137,0.2588666388627363,295.3,307.1,301.20000000000005,0.03917662682602925
2026-08-06,11,28700.0,PUT,1.0203232018117856,-0.6523711978993387,0.25529074285722225,822.6,843.0,832.8,0.02449567723342937
2026-08-06,11,28800.0,CALL,1.0238783349191438,0.31930451380364433,0.25323712124536446,256.1,267.6,261.85,0.043918273820889815
2026-08-06,11,28800.0,PUT,1.0238783349191438,-0.6832790115784867,0.24971396435931886,882.6,904.2,893.4000000000001,0.024177300201477524
2026-08-06,11,28875.0,CALL,1.0265446847496624,0.29724862187188666,0.25108247203710066,228.8,243.2,236.0,0.06101694915254228
2026-08-06,11,28925.0,PUT,1.0283222513033414,-0.7223199609620847,0.2444992748648382,894.7,1049.7,972.2,0.15943221559349927
2026-08-06,11,28950.0,CALL,1.029211034580181,0.27412404132074375,0.24819141401151407,203.3,214.3,208.8,0.05268199233716475
2026-08-06,11,29000.0,CALL,1.03098860113386,0.25957991849783507,0.24745477613210112,187.3,198.3,192.8,0.05705394190871369
2026-08-06,11,29000.0,PUT,1.03098860113386,-0.7445999783004784,0.24328814306558819,945.7,1100.1,1022.9,0.15094339622641498
2026-08-06,11,29050.0,CALL,1.0327661676875393,0.24535543071909194,0.24710779976934513,171.9,183.1,177.5,0.06309859154929572
2026-08-06,11,29050.0,PUT,1.0327661676875393,-0.758537163560839,0.24272600350718782,980.6,1136.3,1058.45,0.1471018942793707
2026-08-06,11,29075.0,CALL,1.0336549509643786,0.2384300195763436,0.2455530780665301,164.7,175.8,170.25,0.0651982378854627
2026-08-06,11,29125.0,CALL,1.0354325175180579,0.22454190149061137,0.24198086797255713,150.6,161.8,156.2,0.07170294494238168
2026-08-06,11,29175.0,CALL,1.0372100840717369,0.2108010352805923,0.23899915379533868,137.3,148.6,142.95,0.07904861839804116
2026-08-06,11,29200.0,PUT,1.0380988673485765,-0.8014018849745996,0.23248217204452798,1085.7,1247.7,1166.7,0.13885317562355362
2026-08-06,11,29225.0,CALL,1.0389876506254159,0.19735225774339557,0.2366396730141603,124.9,136.2,130.55,0.08655687476062797
2026-08-06,11,29300.0,CALL,1.0416540004559345,0.1775738516909737,0.23390521534178138,106.8,119.3,113.05,0.11057054400707651
2026-08-06,11,29300.0,PUT,1.0416540004559345,-0.818819045235278,0.23710040388340797,1185.4,1324.2,1254.8000000000002,0.11061523748804584
2026-08-06,11,29325.0,CALL,1.042542783732774,0.17149359016567736,0.2335206142692704,102.2,113.7,107.95,0.10653080129689671
2026-08-06,11,29375.0,CALL,1.044320350286453,0.15887823678346077,0.2324336290080383,91.0,103.6,97.3,0.12949640287769779
2026-08-06,11,29400.0,CALL,1.0452091335632927,0.15299851422402297,0.2322649930209115,86.2,98.8,92.5,0.13621621621621616
2026-08-06,11,29800.0,CALL,1.0594296659927251,0.07510385419345215,0.22042982358670027,32.4,41.8,37.099999999999994,0.25336927223719674
2026-08-06,11,30000.0,CALL,1.0665399322074416,0.049282954467512755,0.2121387896519544,17.2,27.3,22.25,0.453932584269663
2026-08-06,11,30100.0,PUT,1.0700950653147996,-0.9682222806327797,0.20160973841911584,1706.5,2191.5,1949.0,0.24884556182657774
2026-08-06,11,30100.0,CALL,1.0700950653147996,0.03949609238057232,0.21205415316630263,12.5,21.8,17.15,0.5422740524781342
2026-08-06,11,30125.0,CALL,1.0709838485916392,0.03750650569769634,0.21252077867159513,11.4,20.9,16.15,0.588235294117647
2026-08-06,11,30150.0,PUT,1.0718726318684786,-0.9723858104520925,0.1986679484889475,1754.7,2239.3,1997.0,0.24266399599399105
2026-08-06,11,30200.0,CALL,1.0736501984221578,0.03190198345013951,0.21182001421079233,8.9,17.8,13.350000000000001,0.6666666666666666
2026-08-06,11,30200.0,PUT,1.0736501984221578,-0.976775536480655,0.19557053907954236,1802.5,2287.4,2044.95,0.2371207119978484
2026-08-06,11,30300.0,CALL,1.0772053315295158,0.02563436777985695,0.20917341858821784,5.8,15.0,10.4,0.8846153846153845
2026-08-06,11,30400.0,CALL,1.080760464636874,0.020294122482742483,0.2084761017640547,3.9,12.1,8.0,1.025
2026-08-06,11,30500.0,CALL,1.0843155977442323,0.016989125428227357,0.2113561264469456,2.45,10.8,6.625,1.2603773584905662
2026-08-06,11,30550.0,CALL,1.0860931642979113,0.015544758233999855,0.21309357830836376,1.85,10.2,6.0249999999999995,1.3858921161825726
2026-08-06,11,30600.0,CALL,1.0878707308515903,0.014273556758798541,0.21508656358801553,1.4,9.6,5.5,1.4909090909090907
2026-08-06,11,30900.0,CALL,1.0985361301736647,0.00974813489307926,0.22261481542602515,0.05,7.5,3.775,1.9735099337748345
2026-08-06,11,31000.0,CALL,1.102091263281023,0.009079059829833858,0.2276486171509499,0.05,7.1,3.5749999999999997,1.972027972027972
2026-08-06,11,31100.0,CALL,1.105646396388381,0.008439334625658148,0.23265854640799033,0.05,6.7,3.375,1.9703703703703705
2026-08-06,11,31200.0,CALL,1.1092015294957391,0.007927652074058147,0.23804726386318031,0.05,6.4,3.225,1.9689922480620157
2026-08-06,11,31300.0,CALL,1.1127566626030974,0.007538019664198814,0.24381457388753075,0.05,6.2,3.125,1.9680000000000002
2026-08-06,11,31400.0,CALL,1.1163117957104554,0.007166794090491185,0.24955873025393724,0.05,6.0,3.025,1.9669421487603307
2026-08-06,11,31500.0,CALL,1.1198669288178136,0.006812632195175118,0.25528021016787944,0.05,5.8,2.925,1.965811965811966
2026-08-06,11,31600.0,CALL,1.1234220619251718,0.006568299630798088,0.26138073703630305,0.05,5.7,2.875,1.965217391304348
2026-08-06,11,32000.0,CALL,1.1376425943546042,0.005698322954106617,0.2855639941106155,0.05,5.3,2.675,1.9626168224299068
2026-08-06,11,32800.0,CALL,1.1660836592134693,0.0051027710217684905,0.3369265946387507,0.0,8.5,4.25,2.0
2026-08-06,11,35500.0,CALL,1.262072253112139,0.0030092447558072908,0.4717012219600469,0.0,8.1,4.05,2.0
2026-08-07,12,15000.0,PUT,0.5332699661037208,-0.0006876818371909068,1.1247052624319904,0.0,4.6,2.3,2.0
2026-08-07,12,16000.0,PUT,0.5688212971773021,-0.001379647782864855,1.0679906622621065,0.0,4.9,2.45,2.0
2026-08-07,12,17000.0,PUT,0.6043726282508836,-0.0016392451394736409,0.9657432447753604,0.0,5.3,2.65,2.0
2026-08-07,12,18000.0,PUT,0.6399239593244649,-0.002034454939880024,0.8740559260865561,0.05,5.9,2.975,1.9663865546218489
2026-08-07,12,19000.0,PUT,0.6754752903980463,-0.002538409524932382,0.7889643243412104,0.05,6.7,3.375,1.9703703703703705
2026-08-07,12,20000.0,PUT,0.7110266214716277,-0.003246093722469684,0.7127735515778725,0.05,7.8,3.925,1.9745222929936306
2026-08-07,12,20500.0,PUT,0.7288022870084183,-0.0038864608064205354,0.6702980366217383,0.45,8.6,4.5249999999999995,1.801104972375691
2026-08-07,12,21500.0,PUT,0.7643536180819998,-0.006148535603381121,0.597631729941867,2.55,10.8,6.675000000000001,1.2359550561797752
2026-08-07,12,22000.0,PUT,0.7821292836187904,-0.00783128768464011,0.5671911975889709,4.0,12.4,8.2,1.024390243902439
2026-08-07,12,22500.0,PUT,0.7999049491555811,-0.010096006367459835,0.5427553756404292,6.0,14.5,10.25,0.8292682926829268
2026-08-07,12,23000.0,PUT,0.8176806146923719,-0.013266578766387056,0.5064374542318995,8.7,17.5,13.1,0.6717557251908398
2026-08-07,12,23400.0,PUT,0.8319011471218044,-0.01672602168760924,0.48014408062568464,11.6,20.6,16.1,0.5590062111801243
2026-08-07,12,23500.0,PUT,0.8354562802291625,-0.017769266914237827,0.47427970293320587,12.5,21.5,17.0,0.5294117647058824
2026-08-07,12,23600.0,PUT,0.8390114133365206,-0.018637407113093404,0.4673970367798601,13.5,21.8,17.65,0.47025495750708224
2026-08-07,12,23800.0,PUT,0.846121679551237,-0.02141421119668875,0.45873597171088915,15.5,24.8,20.15,0.4615384615384616
2026-08-07,12,24000.0,PUT,0.8532319457659532,-0.024059444193643375,0.4489181828173127,18.0,26.7,22.35,0.3892617449664429
2026-08-07,12,24200.0,PUT,0.8603422119806695,-0.027671894030416422,0.4420833367989983,20.7,30.6,25.65,0.38596491228070184
2026-08-07,12,24400.0,PUT,0.8674524781953857,-0.03170797452412397,0.42810048186967636,24.6,33.9,29.25,0.3179487179487179
2026-08-07,12,24500.0,PUT,0.8710076113027438,-0.0339806530873491,0.42157003085849787,26.5,36.0,31.25,0.304
2026-08-07,12,24800.0,PUT,0.8816730106248183,-0.042124901232738904,0.4045163297813989,34.0,42.8,38.4,0.2291666666666666
2026-08-07,12,25000.0,CALL,0.8887832768395346,0.9529348070782186,0.3909835947028592,2970.5,3433.9,3202.2,0.14471300980575857
2026-08-07,12,25000.0,PUT,0.8887832768395346,-0.04876213398564081,0.39549031026193593,39.3,49.2,44.25,0.22372881355932217
2026-08-07,12,25200.0,PUT,0.8958935430542508,-0.056873881683566545,0.3897921043487987,46.6,56.8,51.7,0.19729206963249507
2026-08-07,12,25400.0,PUT,0.9030038092689672,-0.06678434269949071,0.3821346195735688,55.5,67.1,61.3,0.18923327895595424
2026-08-07,12,25500.0,PUT,0.9065589423763253,-0.07185729934306573,0.3755381043658695,61.3,70.6,65.94999999999999,0.14101592115238815
2026-08-07,12,25600.0,PUT,0.9101140754836834,-0.07824884366470015,0.3708872962747842,66.9,77.6,72.25,0.14809688581314864
2026-08-07,12,25800.0,PUT,0.9172243416983997,-0.09188359565074071,0.3622945480074947,79.8,91.0,85.4,0.1311475409836066
2026-08-07,12,26000.0,PUT,0.924334607913116,-0.10776571899327457,0.35672096670749115,95.0,107.2,101.1,0.1206726013847676
2026-08-07,12,26000.0,CALL,0.924334607913116,0.8846688234969888,0.37128619847637323,2034.5,2516.0,2275.25,0.21162509614328096
2026-08-07,12,26200.0,PUT,0.9314448741278323,-0.1258910490936534,0.35193989840321316,113.4,126.2,119.80000000000001,0.10684474123539228
2026-08-07,12,26400.0,PUT,0.9385551403425485,-0.14704532645018126,0.3408691928528652,135.1,148.9,142.0,0.09718309859154937
2026-08-07,12,26500.0,CALL,0.9421102734499066,0.8346857065663387,0.34588475720747214,1629.1,2029.1,1829.1,0.21868678585096496
2026-08-07,12,26500.0,PUT,0.9421102734499066,-0.15843333143881452,0.3357946269005041,147.7,159.6,153.64999999999998,0.07744874715261964
2026-08-07,12,26600.0,PUT,0.9456654065572648,-0.17113627222939448,0.3321793057299573,161.1,173.3,167.2,0.0729665071770336
2026-08-07,12,26600.0,CALL,0.9456654065572648,0.8221486007252325,0.34244742067603023,1586.8,1899.3,1743.05,0.17928343994721896
2026-08-07,12,26800.0,PUT,0.952775672771981,-0.19942432707370125,0.32838101138774684,192.5,205.1,198.8,0.06338028169014082
2026-08-07,12,27000.0,CALL,0.9598859389866974,0.7642090421291106,0.32919606191012113,1254.5,1568.4,1411.45,0.2223954089765844
2026-08-07,12,27000.0,PUT,0.9598859389866974,-0.2305498354284097,0.32149423182927367,229.2,241.2,235.2,0.05102040816326531
2026-08-07,12,27200.0,PUT,0.9669962052014136,-0.2656870836210179,0.31147401016277854,269.0,284.0,276.5,0.054249547920433995
2026-08-07,12,27300.0,CALL,0.9705513383087717,0.7120765249713081,0.31342364465881933,1101.6,1243.4,1172.5,0.12093816631130079
2026-08-07,12,27350.0,PUT,0.9723289048624508,-0.2950556702662756,0.30686966415004346,305.0,320.0,312.5,0.048
2026-08-07,12,27400.0,PUT,0.9741064714161299,-0.3051807871719595,0.3056257878480565,317.0,333.0,325.0,0.04923076923076923
2026-08-07,12,27500.0,PUT,0.977661604523488,-0.32610618528493596,0.3041314122551764,343.5,360.0,351.75,0.046908315565031986
2026-08-07,12,27500.0,CALL,0.977661604523488,0.6701411796700811,0.3130185620761811,1020.6,1041.3,1030.95,0.02007856831078125
2026-08-07,12,27550.0,PUT,0.979439171077167,-0.3368535595048639,0.3039058010566526,357.8,374.3,366.05,0.04507580931566726
2026-08-07,12,27600.0,PUT,0.9812167376308462,-0.3478476684403557,0.3006904610416517,372.1,389.7,380.9,0.046206353373588784
2026-08-07,12,27700.0,CALL,0.9847718707382043,0.6265256465344808,0.3025217394797397,882.3,900.1,891.2,0.019973070017953398
2026-08-07,12,27775.0,PUT,0.9874382205687229,-0.38883945233666917,0.29132748224862065,427.8,445.8,436.8,0.04120879120879121
2026-08-07,12,27800.0,PUT,0.9883270038455625,-0.3949676211371599,0.2901999390295665,436.2,454.2,445.2,0.04043126684636119
2026-08-07,12,27850.0,CALL,0.9901045703992415,0.5907613129132655,0.2958157362461549,784.0,800.0,792.0,0.020202020202020204
2026-08-07,12,27850.0,PUT,0.9901045703992415,-0.40736698691503503,0.28795039379961873,453.0,471.0,462.0,0.03896103896103896
2026-08-07,12,27900.0,PUT,0.9918821369529206,-0.4201080714122511,0.28643528856211103,473.1,487.5,480.3,0.02998126171143031
2026-08-07,12,28000.0,PUT,0.9954372700602787,-0.4460507817555738,0.2839033288108153,510.9,524.9,517.9,0.02703224560726009
2026-08-07,12,28000.0,CALL,0.9954372700602787,0.5531091772748161,0.29146870766270044,690.1,705.0,697.55,0.02136047595154466
2026-08-07,12,28050.0,PUT,0.9972148366139578,-0.45922150260212513,0.28302953977019846,530.4,544.6,537.5,0.026418604651162875
2026-08-07,12,28050.0,CALL,0.9972148366139578,0.5402599001402802,0.2908168130878092,660.1,675.3,667.7,0.022764714692226944
2026-08-07,12,28100.0,PUT,0.9989924031676368,-0.4724796471059416,0.28244756653973313,550.5,564.9,557.7,0.025820333512641163
2026-08-07,12,28100.0,CALL,0.9989924031676368,0.5273544417531063,0.2901189338679014,630.5,645.0,637.75,0.022736181889455115
2026-08-07,12,28150.0,PUT,1.000769969721316,-0.4858143003490314,0.28072622764150423,571.4,585.9,578.65,0.02505832541259829
2026-08-07,12,28200.0,PUT,1.002547536274995,-0.499428515724771,0.2773367526251774,592.9,607.5,600.2,0.024325224925025028
2026-08-07,12,28250.0,PUT,1.0043251028286742,-0.5133337234075376,0.2743182452980233,615.3,629.7,622.5,0.023132530120482074
2026-08-07,12,28250.0,CALL,1.0043251028286742,0.4875929797858024,0.2819545857325262,545.1,560.4,552.75,0.02767978290366342
2026-08-07,12,28275.0,PUT,1.0052138861055135,-0.52039407498227,0.2728608204327291,626.1,641.4,633.75,0.024142011834319455
2026-08-07,12,28300.0,PUT,1.0061026693823532,-0.5275299106579451,0.27140598185446196,637.8,652.2,645.0,0.02232558139534898
2026-08-07,12,28350.0,PUT,1.0078802359360322,-0.5419378764618942,0.2689097233092376,660.8,675.9,668.3499999999999,0.022592952794194696
2026-08-07,12,28375.0,CALL,1.0087690192128718,0.452721445830926,0.2753938657169137,478.5,492.9,485.7,0.029647930821494705
2026-08-07,12,28375.0,PUT,1.0087690192128718,-0.5491769219834489,0.26791525559883556,672.9,688.2,680.55,0.022481816178091352
2026-08-07,12,28400.0,CALL,1.0096578024897114,0.4456543138321407,0.274474515195914,466.0,480.2,473.1,0.03001479602621008
2026-08-07,12,28400.0,PUT,1.0096578024897114,-0.5565108030163936,0.26677969245873795,685.0,699.9,692.45,0.021517799119069935
2026-08-07,12,28425.0,CALL,1.0105465857665508,0.438539963872386,0.27355678344107537,453.3,467.7,460.5,0.03127035830618888
2026-08-07,12,28500.0,CALL,1.0132129355970694,0.4169374475168392,0.270884545651885,416.7,429.0,422.85,0.029088329194749938
2026-08-07,12,28500.0,PUT,1.0132129355970694,-0.5859075489295955,0.2636580318167677,735.0,751.0,743.0,0.021534320323014805
2026-08-07,12,28525.0,PUT,1.014101718873909,-0.5932904499219464,0.2630530383090189,748.0,764.0,756.0,0.021164021164021163
2026-08-07,12,28600.0,PUT,1.0167680687044276,-0.6153591601995845,0.2617883930337254,787.9,804.4,796.15,0.020724737800665704
2026-08-07,12,28600.0,CALL,1.0167680687044276,0.3885489180838206,0.26951957304490176,369.4,385.1,377.25,0.04161696487740237
2026-08-07,12,28650.0,CALL,1.0185456352581066,0.37428644188957033,0.268897824069927,346.2,363.0,354.6,0.04737732656514385
2026-08-07,12,28650.0,PUT,1.0185456352581066,-0.630076258806003,0.26005898978359343,814.5,832.3,823.4,0.021617682778722315
2026-08-07,12,28725.0,PUT,1.0212119850886252,-0.6537887735319121,0.2521777765374157,821.7,901.7,861.7,0.09283973540675408
2026-08-07,12,28725.0,CALL,1.0212119850886252,0.3529205036756678,0.2634638981614496,314.4,330.8,322.6,0.05083694978301312
2026-08-07,12,28775.0,PUT,1.0229895516423042,-0.6641131532784365,0.25629345956159877,835.1,974.2,904.6500000000001,0.15376112308627646
2026-08-07,12,28800.0,CALL,1.0238783349191438,0.33056987368415996,0.2579273517836002,284.5,296.2,290.35,0.04029619424832095
2026-08-07,12,28800.0,PUT,1.0238783349191438,-0.6746578762608441,0.25034568000792456,901.2,921.2,911.2,0.021949078138718173
2026-08-07,12,28850.0,CALL,1.0256559014728228,0.3160600938132177,0.2555121658011323,265.3,277.1,271.20000000000005,0.04351032448377585
2026-08-07,12,28850.0,PUT,1.0256559014728228,-0.6896517610574779,0.2479538393759519,930.8,953.2,942.0,0.023779193205944894
2026-08-07,12,28875.0,PUT,1.0265446847496624,-0.6933780039232045,0.25162319046047726,897.5,1035.5,966.5,0.14278323848939473
2026-08-07,12,28875.0,CALL,1.0265446847496624,0.30952924541298404,0.2553906952856838,256.0,271.3,263.65,0.05803148113028641
2026-08-07,12,28900.0,PUT,1.027433468026502,-0.7047545944967408,0.24578512050975415,962.0,984.4,973.2,0.023016851623510047
2026-08-07,12,28925.0,PUT,1.0283222513033414,-0.7121470758966386,0.2449971965211632,911.4,1067.3,989.3499999999999,0.15757820791428714
2026-08-07,12,28925.0,CALL,1.0283222513033414,0.29515997703216995,0.2535743271077196,238.2,253.0,245.6,0.06026058631921829
2026-08-07,12,28950.0,CALL,1.029211034580181,0.28731517736187057,0.25198926937224,229.6,241.0,235.3,0.04844878878028051
2026-08-07,12,28950.0,PUT,1.029211034580181,-0.7192950038678547,0.24453029488344596,928.7,1083.5,1006.1,0.15386144518437525
2026-08-07,12,28975.0,PUT,1.0300998178570206,-0.7224692652489367,0.24837367782371625,962.0,1099.9,1030.95,0.1337601241573307
2026-08-07,12,29000.0,PUT,1.03098860113386,-0.7292144825680476,0.24824981897332463,978.7,1118.0,1048.35,0.13287547097820382
2026-08-07,12,29000.0,CALL,1.03098860113386,0.2738674079916224,0.25156784469966537,212.8,226.9,219.85000000000002,0.06413463725267224
2026-08-07,12,29025.0,CALL,1.0318773844106996,0.2668879369964587,0.25110530871928033,204.6,218.7,211.64999999999998,0.06661941885187808
2026-08-07,12,29025.0,PUT,1.0318773844106996,-0.7347112194250616,0.24942767437080218,995.8,1140.6,1068.1999999999998,0.13555513948698744
2026-08-07,12,29050.0,PUT,1.0327661676875393,-0.7408849657176599,0.24986036473494277,1015.6,1157.7,1086.65,0.13076887682326416
2026-08-07,12,29100.0,CALL,1.0345437342412183,0.2464548180869201,0.2503588284755627,181.4,195.1,188.25,0.07277556440903049
2026-08-07,12,29100.0,PUT,1.0345437342412183,-0.7584127546214305,0.24487276393768823,1041.3,1187.0,1114.15,0.13077233765650947
2026-08-07,12,29125.0,PUT,1.0354325175180579,-0.7694839618724176,0.23808408568002043,1047.0,1202.5,1124.75,0.13825294509891087
2026-08-07,12,29150.0,PUT,1.0363213007948973,-0.7752752862333057,0.2375582390490467,1065.6,1223.2,1144.4,0.13771408598392182
2026-08-07,12,29150.0,CALL,1.0363213007948973,0.23283638422918443,0.24667319803852258,166.2,179.9,173.05,0.07916787055764239
2026-08-07,12,29200.0,CALL,1.0380988673485765,0.21986732101413867,0.24366504890232232,153.0,166.2,159.6,0.08270676691729316
2026-08-07,12,29200.0,PUT,1.0380988673485765,-0.787917163918058,0.23551153385922347,1102.2,1262.3,1182.25,0.1354197504757876
2026-08-07,12,29250.0,PUT,1.0398764339022555,-0.8013601331355813,0.23292443861502887,1139.3,1299.3,1219.3,0.1312228327729025
2026-08-07,12,29300.0,CALL,1.0416540004559345,0.19411221200403617,0.2387861127543157,128.0,140.6,134.3,0.09381980640357404
2026-08-07,12,29300.0,PUT,1.0416540004559345,-0.8131782860650886,0.23206164048345118,1180.7,1337.0,1258.85,0.1241609405409699
2026-08-07,12,29325.0,CALL,1.042542783732774,0.18782559627827158,0.2378643083807831,122.2,134.6,128.4,0.09657320872274136
2026-08-07,12,29350.0,CALL,1.0434315670096135,0.1816432212509417,0.23708140169172276,116.6,128.8,122.7,0.09942950285248588
2026-08-07,12,29350.0,PUT,1.0434315670096135,-0.8252848775154621,0.23103157310718206,1206.3,1390.0,1298.15,0.14150907060046994
2026-08-07,12,29400.0,CALL,1.0452091335632927,0.16935716884935037,0.23569135099912253,104.3,118.8,111.55,0.12998655311519497
2026-08-07,12,29400.0,PUT,1.0452091335632927,-0.8476612409673709,0.22206886996250355,1225.9,1425.7,1325.8000000000002,0.1507014632674611
2026-08-07,12,29425.0,CALL,1.046097916840132,0.16363304459537142,0.23539083973597466,99.6,113.5,106.55,0.13045518535898645
2026-08-07,12,29450.0,PUT,1.0469867001169717,-0.8619428519981508,0.21804405838619637,1263.6,1463.6,1363.6,0.14667057788207685
2026-08-07,12,29450.0,CALL,1.0469867001169717,0.15793633218968003,0.2351250192187207,94.7,108.5,101.6,0.1358267716535433
2026-08-07,12,29500.0,PUT,1.0487642666706507,-0.8527139397243202,0.2352053170465729,1278.6,1574.8,1426.6999999999998,0.20761197168290466
2026-08-07,12,29500.0,CALL,1.0487642666706507,0.1468098843292306,0.23483305367235188,85.8,98.3,92.05,0.13579576317218903
2026-08-07,12,29525.0,CALL,1.0496530499474903,0.1416962470309403,0.2343309952142395,81.9,93.7,87.80000000000001,0.13439635535307512
2026-08-07,12,29550.0,CALL,1.05054183322433,0.13647704562721874,0.232533964395714,76.9,90.1,83.5,0.15808383233532922
2026-08-07,12,29550.0,PUT,1.05054183322433,-0.8631454129384893,0.23295213742521687,1319.9,1616.0,1467.95,0.20170986750229905
2026-08-07,12,29575.0,CALL,1.0514306165011693,0.1312716591472374,0.23084302465863238,72.8,85.8,79.3,0.1639344262295082
2026-08-07,12,29600.0,CALL,1.052319399778009,0.12613653272971065,0.2293084973292822,69.5,81.0,75.25,0.15282392026578073
2026-08-07,12,29600.0,PUT,1.052319399778009,-0.8735461840662285,0.2296378195048915,1361.8,1657.3,1509.55,0.19575370143420226
2026-08-07,12,29625.0,CALL,1.0532081830548485,0.12123458010093853,0.22808172513443947,65.8,77.2,71.5,0.15944055944055952
2026-08-07,12,29650.0,CALL,1.054096966331688,0.11633141235836153,0.22690849974889055,62.2,73.4,67.80000000000001,0.16519174041297938
2026-08-07,12,29700.0,CALL,1.0558745328853671,0.1070233140164447,0.22517599157943413,55.0,67.0,61.0,0.19672131147540983
2026-08-07,12,29700.0,PUT,1.0558745328853671,-0.8921655648163115,0.2259348309609033,1447.5,1743.7,1595.6,0.18563549761845077
2026-08-07,12,29750.0,CALL,1.0576520994390461,0.0981370467795745,0.22395487282668114,48.9,60.5,54.7,0.2120658135283364
2026-08-07,12,29750.0,PUT,1.0576520994390461,-0.9015638175838341,0.22422216775555404,1491.1,1786.4,1638.75,0.18019832189168586
2026-08-07,12,29775.0,CALL,1.0585408827158858,0.09388773139896756,0.22354747734600278,46.1,57.4,51.75,0.21835748792270526
2026-08-07,12,29800.0,CALL,1.0594296659927251,0.08968150467174436,0.22319119526839168,43.8,53.9,48.849999999999994,0.20675537359263055
2026-08-07,12,29800.0,PUT,1.0594296659927251,-0.9099340504143733,0.22352179781590595,1535.3,1830.5,1682.9,0.17541149206726486
2026-08-07,12,29825.0,CALL,1.0603184492695648,0.08569980470939348,0.22303632471916854,41.1,51.2,46.150000000000006,0.218851570964247
2026-08-07,12,29875.0,CALL,1.0620960158232438,0.07839236329166215,0.22327817780031892,36.0,46.6,41.3,0.25665859564164656
2026-08-07,12,29900.0,CALL,1.0629847991000834,0.07483711068432736,0.2234224306289388,33.7,44.2,38.95,0.26957637997432604
2026-08-07,12,29950.0,CALL,1.0647623656537624,0.06819607546104238,0.2204321114760124,29.6,39.8,34.7,0.29394812680115256
2026-08-07,12,30000.0,PUT,1.0665399322074416,-0.9762719431423001,0.17056865532827387,1641.6,2041.6,1841.6,0.21720243266724587
2026-08-07,12,30000.0,CALL,1.0665399322074416,0.06185272687603779,0.21805875592276755,25.4,36.2,30.8,0.35064935064935077
2026-08-07,12,30050.0,CALL,1.0683174987611206,0.05615552078519846,0.21663922968000457,21.9,33.0,27.45,0.4043715846994536
2026-08-07,12,30075.0,CALL,1.06920628203796,0.05338752269888928,0.21606028663708382,20.4,31.3,25.85,0.42166344294003877
2026-08-07,12,30100.0,CALL,1.0700950653147996,0.0507518979944033,0.2156534689068153,18.9,29.8,24.35,0.44763860369609865
2026-08-07,12,30150.0,CALL,1.0718726318684786,0.04590523584568515,0.21535369311276073,16.4,26.9,21.65,0.4849884526558892
2026-08-07,12,30200.0,CALL,1.0736501984221578,0.041432223193891275,0.2154801680325689,14.2,24.2,19.2,0.5208333333333334
2026-08-07,12,30200.0,PUT,1.0736501984221578,-0.9860818043494907,0.17345837447283974,1797.5,2277.9,2037.7,0.2357559994111008
2026-08-07,12,30225.0,CALL,1.0745389816989972,0.039392773436427,0.21575550366432322,13.2,23.0,18.1,0.5414364640883977
2026-08-07,12,30250.0,CALL,1.0754277649758368,0.037358485781743,0.21603029605956964,12.2,21.8,17.0,0.5647058823529413
2026-08-07,12,30300.0,PUT,1.0772053315295158,-0.9981051248849223,0.13851726581086804,1893.4,2373.6,2133.5,0.22507616592453705
2026-08-07,12,30300.0,CALL,1.0772053315295158,0.033862602817227035,0.21659817660271743,10.5,19.8,15.15,0.6138613861386139
2026-08-07,12,30400.0,CALL,1.080760464636874,0.02748830323799602,0.21303822192927027,7.2,16.6,11.9,0.7899159663865548
2026-08-07,12,30500.0,PUT,1.0843155977442323,-0.9999999999981167,0.001256173014508082,2087.5,2572.2,2329.85,0.20803914415091093
2026-08-07,12,30500.0,CALL,1.0843155977442323,0.02227913252675023,0.21202661130788647,5.1,13.7,9.399999999999999,0.9148936170212767
2026-08-07,12,30550.0,CALL,1.0860931642979113,0.02048926211955197,0.21302887824398758,4.2,13.0,8.6,1.0232558139534884
2026-08-07,12,30600.0,CALL,1.0878707308515903,0.020725855649910103,0.2177057383258076,3.5,14.3,8.9,1.2134831460674158
2026-08-07,12,30700.0,CALL,1.0914258639589485,0.01573763902188267,0.2169300964544882,2.25,10.7,6.475,1.305019305019305
2026-08-07,12,30800.0,CALL,1.0949809970663067,0.015668240335159202,0.2248914858142069,1.35,12.0,6.675,1.5955056179775282
2026-08-07,12,30900.0,CALL,1.0985361301736647,0.014005354480606915,0.22982619647676586,0.65,11.3,5.9750000000000005,1.7824267782426777
2026-08-07,12,31000.0,CALL,1.102091263281023,0.01034613660265848,0.22317452112781713,0.1,8.3,4.2,1.9523809523809526
2026-08-07,12,31100.0,CALL,1.105646396388381,0.009545986490577984,0.22741637990745817,0.05,7.8,3.925,1.9745222929936306
2026-08-07,12,31200.0,CALL,1.1092015294957391,0.008921846080748001,0.23221356470836838,0.05,7.4,3.725,1.9731543624161074
2026-08-07,12,31200.0,PUT,1.1092015294957391,-0.9999999999984933,0.0012561730144491823,2780.4,3267.8,3024.1000000000004,0.1611719189180252
2026-08-07,12,31300.0,CALL,1.1127566626030974,0.008323331320869511,0.23698846661420242,0.05,7.0,3.525,1.971631205673759
2026-08-07,12,31400.0,CALL,1.1163117957104554,0.007844060169539252,0.24212574050463245,0.05,6.7,3.375,1.9703703703703705
2026-08-07,12,31500.0,CALL,1.1198669288178136,0.007478820207227546,0.24762512440040985,0.05,6.5,3.275,1.969465648854962
2026-08-07,12,31600.0,CALL,1.1234220619251718,0.007129820495451582,0.25310273099699343,0.05,6.3,3.175,1.968503937007874
2026-08-07,12,31700.0,CALL,1.1269771950325298,0.006795940892656734,0.258558982325906,0.05,6.1,3.0749999999999997,1.967479674796748
2026-08-07,12,31800.0,CALL,1.130532328139888,0.006565434326127039,0.26437762677185894,0.05,6.0,3.025,1.9669421487603307
2026-08-07,12,32000.0,CALL,1.1376425943546042,0.006048378496365937,0.27556924910337743,0.05,5.7,2.875,1.965217391304348
2026-08-07,12,32200.0,CALL,1.1447528605693205,0.005739551156312736,0.2874453476532008,0.05,5.6,2.8249999999999997,1.9646017699115046
2026-08-07,12,32400.0,CALL,1.151863126784037,0.0053759188956916054,0.2988589973186673,0.05,5.4,2.725,1.9633027522935782
2026-08-07,12,32500.0,CALL,1.155418259891395,0.005204678833962236,0.3045366435576895,0.05,5.3,2.675,1.9626168224299068
2026-08-07,12,33000.0,CALL,1.1731939254281856,0.004804743199055704,0.3345456576583854,0.0,5.0,2.5,2.0
2026-08-07,12,33200.0,CALL,1.180304191642902,0.004594785155326879,0.34490547282810585,0.0,8.5,4.25,2.0
2026-08-07,12,33600.0,CALL,1.1945247240723345,0.0032832581609742464,0.35017279199973933,0.0,8.4,4.2,2.0
2026-08-07,12,33800.0,CALL,1.2016349902870507,0.0031229618324585522,0.35949488436549104,0.0,8.3,4.15,2.0
2026-08-07,12,34000.0,CALL,1.2087452565017671,0.0029711563603597446,0.36875607128791826,0.0,8.3,4.15,2.0
2026-08-07,12,34200.0,CALL,1.2158555227164833,0.0028271399750998665,0.37795753471836546,0.0,8.2,4.1,2.0
2026-08-07,12,34500.0,CALL,1.2265209220385578,0.002860556069491722,0.39525042248656606,0.0,8.2,4.1,2.0
2026-08-07,12,35000.0,CALL,1.2442965875753484,0.0023173886693814583,0.41418749185606857,0.0,8.1,4.05,2.0
2026-08-07,12,35500.0,CALL,1.262072253112139,0.0019804826342725334,0.43536502886169914,0.0,8.1,4.05,2.0
2026-08-07,12,37000.0,CALL,1.315399249722511,0.0017567206555392273,0.5080567102544797,0.0,8.1,4.05,2.0
2026-08-07,12,38000.0,CALL,1.3509505807960926,0.004606302954467544,0.6203431301150027,0.0,8.1,4.05,2.0
2026-08-07,12,39000.0,CALL,1.386501911869674,0.0024735800436584093,0.6204858626621146,0.0,8.1,4.05,2.0
2026-08-10,15,18000.0,PUT,0.6399239593244649,-0.00280253572669757,0.8257705002571776,0.0,9.0,4.5,2.0
2026-08-10,15,20000.0,PUT,0.7110266214716277,-0.00431573006179166,0.6577476109272309,0.05,11.1,5.575,1.982062780269058
2026-08-10,15,20500.0,PUT,0.7288022870084183,-0.004942751350771106,0.6181878542026819,0.05,12.1,6.075,1.9835390946502056
2026-08-10,15,21000.0,PUT,0.7465779525452091,-0.005717163956836475,0.5805564184657298,0.05,13.3,6.675000000000001,1.98501872659176
2026-08-10,15,21500.0,PUT,0.7643536180819998,-0.007522182306347626,0.5558852275662794,0.85,16.3,8.575000000000001,1.8017492711370262
2026-08-10,15,22000.0,PUT,0.7821292836187904,-0.008917998794810448,0.524537442572173,2.55,16.8,9.675,1.4728682170542635
2026-08-10,15,25000.0,PUT,0.8887832768395346,-0.055237339214790716,0.37338975973639704,45.3,61.4,53.349999999999994,0.3017806935332709
2026-08-10,15,25200.0,PUT,0.8958935430542508,-0.06397138155302333,0.3670985215139458,54.0,70.3,62.15,0.2622687047465808
2026-08-10,15,25400.0,PUT,0.9030038092689672,-0.07449842614642509,0.3567026033656193,64.4,81.4,72.9,0.23319615912208502
2026-08-10,15,25800.0,PUT,0.9172243416983997,-0.1006500072263674,0.34165988096210625,91.4,107.8,99.6,0.16465863453815252
2026-08-10,15,26200.0,PUT,0.9314448741278323,-0.1349273307932772,0.32903965666735924,129.0,144.3,136.65,0.11196487376509338
2026-08-10,15,26400.0,PUT,0.9385551403425485,-0.156020739308382,0.31975593577754463,152.0,167.5,159.75,0.09702660406885759
2026-08-10,15,26500.0,PUT,0.9421102734499066,-0.1681948628367275,0.3167895389989698,165.4,182.0,173.7,0.09556706966033389
2026-08-10,15,26600.0,PUT,0.9456654065572648,-0.18038893492268973,0.3135355436860988,178.6,195.8,187.2,0.09188034188034197
2026-08-10,15,26800.0,PUT,0.952775672771981,-0.20762554410758727,0.3104972062121173,208.9,229.6,219.25,0.09441277080957805
2026-08-10,15,27000.0,PUT,0.9598859389866974,-0.238015988154891,0.30130866852212984,245.8,267.3,256.55,0.08380432664198012
2026-08-10,15,27200.0,PUT,0.9669962052014136,-0.27251938602284376,0.2932712641934947,288.3,310.9,299.6,0.07543391188250989
2026-08-10,15,27400.0,PUT,0.9741064714161299,-0.31062670818054766,0.2886328134536923,337.2,361.1,349.15,0.0684519547472434
2026-08-10,15,27500.0,PUT,0.977661604523488,-0.33070131898876143,0.28761282220239054,363.7,389.2,376.45,0.06773807942621862
2026-08-10,15,27600.0,PUT,0.9812167376308462,-0.35188104744974485,0.28361394016112357,392.2,422.6,407.4,0.07461953853706439
2026-08-10,15,27800.0,PUT,0.9883270038455625,-0.39678332869763067,0.273765606205925,456.9,484.2,470.54999999999995,0.058017213898629294
2026-08-10,15,27900.0,PUT,0.9918821369529206,-0.42083224179795986,0.27069225619884396,495.0,517.5,506.25,0.044444444444444446
2026-08-10,15,28000.0,CALL,0.9954372700602787,0.5540749891396193,0.2718580492792973,712.5,735.5,724.0,0.031767955801104975
2026-08-10,15,28000.0,PUT,0.9954372700602787,-0.4454927879177305,0.2681841563770317,531.4,555.0,543.2,0.04344624447717235
2026-08-10,15,28050.0,PUT,0.9972148366139578,-0.45805029874889025,0.26768572397944995,552.2,574.6,563.4000000000001,0.03975860844870425
2026-08-10,15,28100.0,PUT,0.9989924031676368,-0.4706517800486181,0.2671024006432647,571.4,595.4,583.4,0.0411381556393555
2026-08-10,15,28100.0,CALL,0.9989924031676368,0.5292558187763666,0.2705867816275972,652.8,675.1,663.95,0.033586866480909805
2026-08-10,15,28250.0,PUT,1.0043251028286742,-0.5094841792919773,0.25952563843243726,635.4,659.4,647.4,0.037071362372567196
2026-08-10,15,28300.0,PUT,1.0061026693823532,-0.5227495562352643,0.25809585143462327,664.2,681.0,672.6,0.024977698483496808
2026-08-10,15,28400.0,PUT,1.0096578024897114,-0.550097688471828,0.25392379225285294,711.4,728.4,719.9,0.023614390887623283
2026-08-10,15,28400.0,CALL,1.0096578024897114,0.4505588995237667,0.25626734840157184,487.2,509.5,498.35,0.04474766730209694
2026-08-10,15,28450.0,PUT,1.0114353690433904,-0.5643640546888826,0.2511012530565333,729.8,753.8,741.8,0.032353734160150985
2026-08-10,15,28500.0,PUT,1.0132129355970694,-0.577899633513677,0.25091475679040215,761.2,778.5,769.85,0.02247191011235949
2026-08-10,15,28750.0,CALL,1.0221007683654648,0.35406273816221057,0.24528586075571746,322.3,347.9,335.1,0.0763951059385257
2026-08-10,15,28800.0,PUT,1.0238783349191438,-0.6613949045422198,0.24029634713171033,926.0,946.9,936.45,0.02231832986277962
2026-08-10,15,28800.0,CALL,1.0238783349191438,0.3400022840135553,0.2423392179271616,301.0,327.6,314.3,0.08463251670378626
2026-08-10,15,28900.0,PUT,1.027433468026502,-0.6896084595572481,0.23594033126860395,986.2,1009.4,997.8,0.023251152535578204
2026-08-10,15,29000.0,PUT,1.03098860113386,-0.7133874777089856,0.23742413131628035,1002.6,1140.0,1071.3,0.1282553906468776
2026-08-10,15,29050.0,PUT,1.0327661676875393,-0.7295513762527179,0.2337281834680035,1017.1,1180.4,1098.75,0.1486234357224119
2026-08-10,15,29100.0,CALL,1.0345437342412183,0.25761128677057193,0.23359999674332182,200.0,215.5,207.75,0.07460890493381468
2026-08-10,15,29100.0,PUT,1.0345437342412183,-0.7395436882378372,0.23630278842320068,1066.5,1212.2,1139.35,0.12787993153991317
2026-08-10,15,29150.0,CALL,1.0363213007948973,0.2445173199601773,0.23272442552054506,184.0,200.6,192.3,0.0863234529381175
2026-08-10,15,29200.0,PUT,1.0380988673485765,-0.7687959044746472,0.22890180668474774,1122.5,1283.0,1202.75,0.13344419039700686
2026-08-10,15,29200.0,CALL,1.0380988673485765,0.23184733027614043,0.22958938834543405,170.0,186.2,178.1,0.09096013475575514
2026-08-10,15,29250.0,CALL,1.0398764339022555,0.21907541103385286,0.22671617332263555,156.0,172.6,164.3,0.10103469263542296
2026-08-10,15,29300.0,CALL,1.0416540004559345,0.20680279045079955,0.2246262163239524,144.0,159.5,151.75,0.10214168039538715
2026-08-10,15,29450.0,CALL,1.0469867001169717,0.17030229428477942,0.21975934997548346,108.3,124.3,116.3,0.13757523645743766
2026-08-10,15,29500.0,CALL,1.0487642666706507,0.15937004236096086,0.21935074926089465,98.4,114.5,106.45,0.15124471582902765
2026-08-10,15,29600.0,CALL,1.052319399778009,0.13870526627431518,0.21729746008985398,80.2,96.5,88.35,0.18449349179400112
2026-08-10,15,29700.0,CALL,1.0558745328853671,0.1197076123084659,0.21266001690921982,64.8,81.2,73.0,0.22465753424657542
2026-08-10,15,29825.0,CALL,1.0603184492695648,0.09795101301367053,0.2095245187489346,48.2,65.2,56.7,0.2998236331569665
2026-08-10,15,29850.0,CALL,1.0612072325464044,0.0941413199717818,0.20940424587660092,45.3,62.7,54.0,0.32222222222222235
2026-08-10,15,29900.0,PUT,1.0629847991000834,-0.8868460846866536,0.2325375615814563,1634.2,1964.3,1799.25,0.18346533277754615
2026-08-10,15,29950.0,CALL,1.0647623656537624,0.07891766603371211,0.20897052432626648,34.9,51.6,43.25,0.3861271676300579
2026-08-10,15,30000.0,CALL,1.0665399322074416,0.0721168816236221,0.20739478365592234,30.3,46.9,38.6,0.4300518134715025
2026-08-10,15,30100.0,CALL,1.0700950653147996,0.06033708148364717,0.20370005456383422,22.1,40.1,31.1,0.5787781350482315
2026-08-10,15,30200.0,PUT,1.0736501984221578,-0.9584425281771779,0.1934036290717106,1803.2,2283.6,2043.4,0.23509836546931576
2026-08-10,15,30200.0,CALL,1.0736501984221578,0.04998846062976875,0.2020197957359331,16.0,33.8,24.9,0.7148594377510039
2026-08-10,15,30400.0,CALL,1.080760464636874,0.033776801967275394,0.2024190995212697,7.9,23.5,15.7,0.9936305732484076
2026-08-10,15,30500.0,CALL,1.0843155977442323,0.028462901684445013,0.2008319587541612,4.6,21.3,12.95,1.2895752895752899
2026-08-10,15,30500.0,PUT,1.0843155977442323,-0.9787162046161464,0.18856417446520324,2090.2,2574.9,2332.55,0.20779833229727132
2026-08-10,15,30550.0,CALL,1.0860931642979113,0.025309264148762806,0.1992239697169265,3.4,19.2,11.299999999999999,1.3982300884955752
2026-08-10,15,30600.0,PUT,1.0878707308515903,-0.9840218053509451,0.18782530954998924,2187.6,2672.2,2429.8999999999996,0.19943207539404914
2026-08-10,15,30600.0,CALL,1.0878707308515903,0.025106007199154585,0.20283727264403895,5.0,17.8,11.4,1.1228070175438596
2026-08-10,15,30700.0,CALL,1.0914258639589485,0.019159150238973313,0.20029822044296,1.05,15.6,8.325,1.7477477477477477
2026-08-10,15,30900.0,PUT,1.0985361301736647,-0.9936855354122912,0.1810054734326968,2482.5,2968.1,2725.3,0.1781822184713609
2026-08-10,15,31000.0,PUT,1.102091263281023,-0.9957203335107572,0.17879158009952453,2581.6,3067.1,2824.35,0.17189795882238393
2026-08-10,15,31000.0,CALL,1.102091263281023,0.013770103514062248,0.2127597772228351,0.05,12.0,6.025,1.9834024896265559
2026-08-10,15,31100.0,CALL,1.105646396388381,0.012734504626115434,0.215747658108441,0.05,11.2,5.625,1.9822222222222219
2026-08-10,15,31200.0,CALL,1.1092015294957391,0.011904424963932545,0.21940406968586323,0.05,10.6,5.325,1.981220657276995
2026-08-10,15,31400.0,CALL,1.1163117957104554,0.01067472537101053,0.22802816915355975,0.0,9.8,4.9,2.0
2026-08-10,15,31600.0,CALL,1.1234220619251718,0.009706446298809583,0.23725502583706912,0.05,9.2,4.625,1.9783783783783782
2026-08-10,15,31800.0,CALL,1.130532328139888,0.00889512071882844,0.24674373798801924,0.0,8.7,4.35,2.0
2026-08-10,15,32000.0,CALL,1.1376425943546042,0.007983344635667184,0.2554722361150431,0.0,8.4,4.2,2.0
2026-08-10,15,32600.0,CALL,1.1589733929987531,0.006832638812358642,0.28684264228065565,0.0,7.9,3.95,2.0
2026-08-10,15,33000.0,CALL,1.1731939254281856,0.005956217728159268,0.30621028188119087,0.0,7.6,3.8,2.0
2026-08-11,16,16000.0,PUT,0.5688212971773021,-0.0020413040617809795,0.9729664185394615,0.0,8.9,4.45,2.0
2026-08-11,16,18000.0,PUT,0.6399239593244649,-0.003109251627379002,0.8155660118466724,0.0,10.4,5.2,2.0
2026-08-11,16,19000.0,PUT,0.6754752903980463,-0.0038740198765179813,0.7281802133232946,0.0,11.3,5.65,2.0
2026-08-11,16,20000.0,PUT,0.7110266214716277,-0.004846695402019382,0.6458525879375354,0.05,12.8,6.425000000000001,1.9844357976653695
2026-08-11,16,21000.0,PUT,0.7465779525452091,-0.006437518086559094,0.5726770638119579,0.05,15.4,7.7250000000000005,1.9870550161812295
2026-08-11,16,25000.0,PUT,0.8887832768395346,-0.06061360091999017,0.3767929430366218,53.1,70.0,61.55,0.2745735174654752
2026-08-11,16,25200.0,PUT,0.8958935430542508,-0.06946008915698848,0.3649477743664228,62.3,79.1,70.69999999999999,0.2376237623762376
2026-08-11,16,25400.0,PUT,0.9030038092689672,-0.08019451390559627,0.35536745375618695,74.2,89.7,81.95,0.1891397193410616
2026-08-11,16,25500.0,CALL,0.9065589423763253,0.9101498142826854,0.35754678641599746,2524.5,3006.2,2765.35,0.17419133201945497
2026-08-11,16,25500.0,PUT,0.9065589423763253,-0.0861288292470378,0.3512012893404454,80.4,95.9,88.15,0.17583664208735109
2026-08-11,16,25600.0,CALL,0.9101140754836834,0.9036591696541135,0.354232864685814,2431.7,2913.4,2672.55,0.18023984584011535
2026-08-11,16,25800.0,PUT,0.9172243416983997,-0.1072051057137901,0.3431335480969524,103.1,118.9,111.0,0.14234234234234244
2026-08-11,16,26200.0,PUT,0.9314448741278323,-0.14167292299840634,0.32813945632349784,142.3,157.4,149.85000000000002,0.10076743410076738
2026-08-11,16,26500.0,PUT,0.9421102734499066,-0.17503031541468622,0.3173746156685,180.0,197.2,188.6,0.09119830328738064
2026-08-11,16,26800.0,PUT,0.952775672771981,-0.2138937581538164,0.31147644568601685,223.8,247.5,235.65,0.1005728835136855
2026-08-11,16,27500.0,PUT,0.977661604523488,-0.33428791512095996,0.2884266421216409,379.8,410.0,394.9,0.07647505697644971
2026-08-11,16,27600.0,PUT,0.9812167376308462,-0.3548839049417255,0.28331643350985986,410.6,440.9,425.75,0.07116852613035808
2026-08-11,16,28300.0,PUT,1.0061026693823532,-0.5205366630787952,0.2590375188118928,681.9,702.2,692.05,0.029333140669026904
2026-08-11,16,28400.0,PUT,1.0096578024897114,-0.5469478189488861,0.2548874363237924,728.9,749.3,739.0999999999999,0.027601136517385983
2026-08-11,16,28600.0,PUT,1.0167680687044276,-0.6014065809575299,0.2486616234646635,823.0,853.0,838.0,0.03579952267303103
2026-08-11,16,29200.0,CALL,1.0380988673485765,0.24185186833548253,0.23284968260565647,188.0,203.5,195.75,0.07918263090676884
2026-08-11,16,29250.0,PUT,1.0398764339022555,-0.7732580336840128,0.2269001248708412,1172.3,1326.6,1249.4499999999998,0.12349433750850372
2026-08-11,16,29300.0,CALL,1.0416540004559345,0.217435965237825,0.22733545779985187,160.0,176.5,168.25,0.09806835066864784
2026-08-11,16,29400.0,PUT,1.0452091335632927,-0.8191135208508,0.21281513488670378,1248.0,1448.0,1348.0,0.14836795252225518
2026-08-11,16,29400.0,CALL,1.0452091335632927,0.19403013774702366,0.2238052493351673,136.0,152.0,144.0,0.1111111111111111
2026-08-11,16,29600.0,CALL,1.052319399778009,0.1504247050648141,0.2207867115145423,94.0,110.4,102.2,0.16046966731898243
2026-08-11,16,29800.0,PUT,1.0594296659927251,-0.8792695232753557,0.21967619366701707,1552.3,1848.3,1700.3,0.17408692583661708
2026-08-11,16,30000.0,CALL,1.0665399322074416,0.08160544200871726,0.20987968195322176,38.0,55.4,46.7,0.3725910064239828
2026-08-11,16,30200.0,CALL,1.0736501984221578,0.05727401390976184,0.20349697641346548,22.0,38.4,30.2,0.543046357615894
2026-08-11,16,30450.0,CALL,1.082538031190553,0.034738258163995096,0.20202592420280735,8.0,25.3,16.65,1.0390390390390392
2026-08-11,16,30500.0,CALL,1.0843155977442323,0.032208705925969236,0.20133335818371006,7.1,23.5,15.3,1.0718954248366013
2026-08-11,16,30800.0,CALL,1.0949809970663067,0.018988519491847107,0.20104055112753355,0.35,16.7,8.525,1.917888563049853
2026-08-11,16,31000.0,CALL,1.102091263281023,0.015762394760696838,0.20986954447252962,0.05,14.3,7.175000000000001,1.9860627177700347
2026-08-11,16,31400.0,CALL,1.1163117957104554,0.012202460599237571,0.2268981179602944,0.05,11.6,5.825,1.9828326180257507
2026-08-11,16,31500.0,CALL,1.1198669288178136,0.011528264781864653,0.23072310391221532,0.0,11.1,5.55,2.0
2026-08-11,16,33000.0,CALL,1.1731939254281856,0.004102636336482983,0.2832182718804823,0.0,8.9,4.45,2.0
2026-08-12,17,18000.0,PUT,0.6399239593244649,-0.0033339209086815876,0.7966456997208511,0.0,12.1,6.05,2.0
2026-08-12,17,19000.0,PUT,0.6754752903980463,-0.004368633600565919,0.7158268064992054,0.05,13.1,6.575,1.9847908745247147
2026-08-12,17,20000.0,PUT,0.7110266214716277,-0.005424462196478832,0.6361309825970096,0.05,14.7,7.375,1.9864406779661015
2026-08-12,17,21000.0,PUT,0.7465779525452091,-0.007133234352333049,0.5657765783106167,0.05,17.5,8.775,1.9886039886039883
2026-08-12,17,22000.0,PUT,0.7821292836187904,-0.011327238598638689,0.5154637956168485,4.2,22.2,13.2,1.3636363636363638
2026-08-12,17,25000.0,PUT,0.8887832768395346,-0.06583953335609835,0.3747247953209116,60.5,79.6,70.05,0.27266238401142034
2026-08-12,17,25400.0,PUT,0.9030038092689672,-0.08643177111708608,0.3558730726651723,84.0,100.9,92.45,0.18280151433207145
2026-08-12,17,25500.0,PUT,0.9065589423763253,-0.09291695171281057,0.35295368170732366,91.3,108.3,99.8,0.17034068136272545
2026-08-12,17,25600.0,PUT,0.9101140754836834,-0.09939818194103403,0.3498538441902146,98.7,115.2,106.95,0.15427769985974754
2026-08-12,17,25800.0,PUT,0.9172243416983997,-0.11390888731317815,0.3459627860834292,115.3,131.8,123.55000000000001,0.13354917037636593
2026-08-12,17,26000.0,PUT,0.924334607913116,-0.13000877741520633,0.33804326447282784,134.3,150.5,142.4,0.11376404494382014
2026-08-12,17,26200.0,PUT,0.9314448741278323,-0.14868610915377867,0.32846315135088167,156.2,172.6,164.39999999999998,0.09975669099756695
2026-08-12,17,26500.0,CALL,0.9421102734499066,0.8154090368715085,0.32307492097342333,1646.3,2126.4,1886.35,0.25451268322421616
2026-08-12,17,26500.0,PUT,0.9421102734499066,-0.1815084422746104,0.31834130158070945,196.0,211.4,203.7,0.07560137457044677
2026-08-12,17,26600.0,CALL,0.9456654065572648,0.7847073441499826,0.35290090457196893,1646.0,2063.2,1854.6,0.22495416801466614
2026-08-12,17,26600.0,PUT,0.9456654065572648,-0.19458092191736662,0.3176630359804878,208.4,233.5,220.95,0.11360036207286714
2026-08-12,17,27000.0,PUT,0.9598859389866974,-0.2499593744261027,0.30192773908178855,276.9,308.1,292.5,0.10666666666666683
2026-08-12,17,27500.0,PUT,0.977661604523488,-0.33824258464186163,0.2896059682247988,398.5,434.4,416.45,0.08620482650978503
2026-08-12,17,27800.0,PUT,0.9883270038455625,-0.4007408557392184,0.2760115516011369,490.9,533.3,512.0999999999999,0.08279632884202301
2026-08-12,17,28000.0,PUT,0.9954372700602787,-0.4463054159033135,0.2708446929531127,568.2,601.8,585.0,0.05743589743589728
2026-08-12,17,28350.0,PUT,1.0078802359360322,-0.5312040510391196,0.2576320328168438,717.0,750.6,733.8,0.045789043336058904
2026-08-12,17,28500.0,PUT,1.0132129355970694,-0.5698865998785081,0.2531584539576998,791.4,825.0,808.2,0.041573867854491485
2026-08-12,17,28600.0,PUT,1.0167680687044276,-0.5961095871466192,0.25088560207250954,842.0,877.0,859.5,0.04072134962187318
2026-08-12,17,28700.0,PUT,1.0203232018117856,-0.6221744887134152,0.24970783035418534,894.0,933.0,913.5,0.042692939244663386
2026-08-12,17,28750.0,PUT,1.0221007683654648,-0.6350772035823955,0.24664146179945265,923.1,960.9,942.0,0.0401273885350318
2026-08-12,17,28900.0,PUT,1.027433468026502,-0.6746199740131739,0.23902683760153623,1009.1,1052.6,1030.85,0.042198185963040105
2026-08-12,17,28975.0,PUT,1.0300998178570206,-0.6900958859913047,0.24153208322074782,1019.8,1158.6,1089.1999999999998,0.12743297833272124
2026-08-12,17,29000.0,PUT,1.03098860113386,-0.7012318987272653,0.23531686473769073,1069.0,1117.0,1093.0,0.04391582799634035
2026-08-12,17,29200.0,PUT,1.0380988673485765,-0.7474121430024547,0.2365596372114443,1163.5,1309.5,1236.5,0.11807521229276183
2026-08-12,17,29200.0,CALL,1.0380988673485765,0.2529237579421174,0.23687086061854348,204.2,230.3,217.25,0.12013808975834303
2026-08-12,17,29350.0,CALL,1.0434315670096135,0.21600518350207792,0.2281924909365603,164.0,180.7,172.35,0.096895851465042
2026-08-12,17,29375.0,CALL,1.044320350286453,0.2099235469927039,0.22687795713985356,156.0,175.0,165.5,0.1148036253776435
2026-08-12,17,29625.0,CALL,1.0532081830548485,0.1555626700840892,0.22150369449906807,101.4,119.2,110.30000000000001,0.16137805983680867
2026-08-12,17,29750.0,CALL,1.0576520994390461,0.13226555283496377,0.21765468490070947,80.0,97.8,88.9,0.20022497187851515
2026-08-12,17,30200.0,CALL,1.0736501984221578,0.06609610882500151,0.20748348855089385,28.0,46.4,37.2,0.49462365591397844
2026-08-12,17,30250.0,CALL,1.0754277649758368,0.06054892521731481,0.20575963242985343,24.0,42.9,33.45,0.5650224215246635
2026-08-12,17,30500.0,CALL,1.0843155977442323,0.038076096517716235,0.20376884622966138,10.5,28.1,19.3,0.9119170984455959
2026-08-12,17,30900.0,CALL,1.0985361301736647,0.019247460021672266,0.20258647357959497,0.05,17.9,8.975,1.988857938718663
2026-08-12,17,31000.0,CALL,1.102091263281023,0.01769486601191517,0.20694212215634575,0.05,16.6,8.325000000000001,1.9879879879879878
2026-08-12,17,32500.0,CALL,1.155418259891395,0.004451818498555895,0.25223170786680355,0.0,11.1,5.55,2.0
2026-08-12,17,34500.0,CALL,1.2265209220385578,0.0032276899140264727,0.3391112349479743,0.0,10.0,5.0,2.0
2026-08-13,18,18000.0,PUT,0.6399239593244649,-0.0037032709904062755,0.7821588932692969,0.0,12.2,6.1,2.0
2026-08-13,18,20000.0,PUT,0.7110266214716277,-0.005573059332434851,0.6212975925455902,0.05,15.2,7.625,1.986885245901639
2026-08-13,18,21000.0,PUT,0.7465779525452091,-0.0075194122888292405,0.5558451131987602,0.35,18.4,9.375,1.9253333333333331
2026-08-13,18,25500.0,PUT,0.9065589423763253,-0.09837319031157406,0.3533118915767043,100.0,119.6,109.8,0.17850637522768664
2026-08-13,18,25600.0,PUT,0.9101140754836834,-0.10469558927394206,0.3502397690558961,107.8,126.0,116.9,0.15568862275449102
2026-08-13,18,25800.0,PUT,0.9172243416983997,-0.11941963484718217,0.3475352730955695,125.3,144.0,134.65,0.13887857408095064
2026-08-13,18,26000.0,PUT,0.924334607913116,-0.1359206979380902,0.33700930317359934,145.6,164.0,154.8,0.11886304909560726
2026-08-13,18,26200.0,PUT,0.9314448741278323,-0.15503627599448938,0.32868932386469724,169.1,187.7,178.39999999999998,0.10426008968609864
2026-08-13,18,26500.0,CALL,0.9421102734499066,0.8098167625448144,0.32365707799094745,1662.7,2144.0,1903.35,0.25286993984290856
2026-08-13,18,26600.0,PUT,0.9456654065572648,-0.20061471087001267,0.31943612730493676,221.8,252.2,237.0,0.12827004219409274
2026-08-13,18,26600.0,CALL,0.9456654065572648,0.787154185973091,0.34032709555652996,1614.5,2085.9,1850.2,0.25478326667387313
2026-08-13,18,26800.0,PUT,0.952775672771981,-0.22658193801890014,0.31225347960949185,256.0,288.1,272.05,0.11799301598970785
2026-08-13,18,27000.0,PUT,0.9598859389866974,-0.25595212286474955,0.3034668613445785,295.6,329.1,312.35,0.10725148071074114
2026-08-13,18,27200.0,PUT,0.9669962052014136,-0.28840733168575,0.2972207912799928,340.8,374.9,357.85,0.09529132318010329
2026-08-13,18,27500.0,PUT,0.977661604523488,-0.3420700181293315,0.29125196463209024,418.6,459.0,438.8,0.09206927985414762
2026-08-13,18,28500.0,PUT,1.0132129355970694,-0.5660058607237183,0.2551213545839601,810.8,847.2,829.0,0.04390832328106163
2026-08-13,18,28600.0,PUT,1.0167680687044276,-0.5913584958549704,0.2527498735167062,861.0,898.8,879.9,0.04295942720763718
2026-08-13,18,28800.0,PUT,1.0238783349191438,-0.6419194610455272,0.2461610374679901,969.5,1009.1,989.3,0.04002830284039222
2026-08-13,18,29300.0,PUT,1.0416540004559345,-0.7417304450087869,0.2564731023479243,1215.9,1514.6,1365.25,0.21878776780809361
2026-08-13,18,29350.0,CALL,1.0434315670096135,0.2251162688517298,0.23051871373408941,178.2,197.8,188.0,0.10425531914893629
2026-08-13,18,29400.0,PUT,1.0452091335632927,-0.7812260286291877,0.23324187706460037,1252.2,1548.5,1400.35,0.2115899596529439
2026-08-13,18,29700.0,CALL,1.0558745328853671,0.1499856444377015,0.22160893277996088,98.6,117.2,107.9,0.1723818350324375
2026-08-13,18,30200.0,CALL,1.0736501984221578,0.07331448116040344,0.2103524961876594,34.0,52.9,43.45,0.4349827387802071
2026-08-13,18,30500.0,CALL,1.0843155977442323,0.04420014479780155,0.20423197275832836,14.7,32.8,23.75,0.7621052631578946
2026-08-13,18,30600.0,CALL,1.0878707308515903,0.03739345528247987,0.2054735152305172,10.7,28.4,19.549999999999997,0.90537084398977
2026-08-13,18,30800.0,CALL,1.0949809970663067,0.026277664459995746,0.20181031869826452,4.0,22.0,13.0,1.3846153846153846
2026-08-13,18,30900.0,CALL,1.0985361301736647,0.02185927769279523,0.20127983531382268,2.15,19.0,10.575,1.5933806146572107
2026-08-13,18,31300.0,CALL,1.1127566626030974,0.015078728208442391,0.2166535718196461,0.05,14.8,7.425000000000001,1.9865319865319864
2026-08-13,18,31400.0,CALL,1.1163117957104554,0.014208166153764173,0.22161848810633414,0.05,14.1,7.075,1.9858657243816253
2026-08-13,18,32200.0,CALL,1.1447528605693205,0.010502723953150207,0.2555156560404331,0.0,12.0,6.0,2.0
2026-08-13,18,32400.0,CALL,1.151863126784037,0.0043627698135861774,0.23906454191316476,0.0,11.8,5.9,2.0
2026-08-13,18,32500.0,CALL,1.155418259891395,0.004287217854384335,0.24353481581948908,0.0,11.7,5.85,2.0
2026-08-14,19,16000.0,PUT,0.5688212971773021,-0.0018492356231434132,0.8854376684939038,0.05,6.8,3.425,1.9708029197080292
2026-08-14,19,19000.0,PUT,0.6754752903980463,-0.003534963083321735,0.6656916069885261,0.05,10.1,5.075,1.9802955665024629
2026-08-14,19,20000.0,PUT,0.7110266214716277,-0.0053171207583202484,0.6018730404265182,2.1,12.3,7.2,1.4166666666666667
2026-08-14,19,22000.0,PUT,0.7821292836187904,-0.013516646893331425,0.5008889654690123,11.2,22.0,16.6,0.6506024096385542
2026-08-14,19,22500.0,PUT,0.7999049491555811,-0.017544425307543503,0.4754915351640501,15.5,26.6,21.05,0.5273159144893113
2026-08-14,19,23000.0,PUT,0.8176806146923719,-0.022640293068986024,0.454175168719065,21.0,32.0,26.5,0.41509433962264153
2026-08-14,19,23500.0,PUT,0.8354562802291625,-0.030174574619738333,0.4335016633325718,29.3,40.8,35.05,0.32810271041369465
2026-08-14,19,23800.0,PUT,0.846121679551237,-0.03579450712364296,0.41732521580076465,35.7,46.7,41.2,0.2669902912621359
2026-08-14,19,24000.0,PUT,0.8532319457659532,-0.04049223888261951,0.40860846815754476,40.1,52.8,46.45,0.27341227125941864
2026-08-14,19,24200.0,PUT,0.8603422119806695,-0.04551151012013623,0.40031736109938154,45.7,58.1,51.900000000000006,0.23892100192678223
2026-08-14,19,24400.0,PUT,0.8674524781953857,-0.05150982793864434,0.39427674595793244,52.2,65.1,58.65,0.2199488491048592
2026-08-14,19,24500.0,PUT,0.8710076113027438,-0.055026881599530536,0.3925670008052876,55.8,69.8,62.8,0.2229299363057325
2026-08-14,19,24800.0,PUT,0.8816730106248183,-0.06601288799154237,0.3805586393908193,68.7,82.3,75.5,0.18013245033112577
2026-08-14,19,25000.0,PUT,0.8887832768395346,-0.07521925766331136,0.3711725748353859,79.8,93.0,86.4,0.1527777777777778
2026-08-14,19,25200.0,PUT,0.8958935430542508,-0.08554456874176938,0.36301986606695513,91.6,105.4,98.5,0.14010152284263971
2026-08-14,19,25400.0,PUT,0.9030038092689672,-0.0973252584097484,0.35674207206005093,105.3,119.7,112.5,0.12800000000000006
2026-08-14,19,25500.0,PUT,0.9065589423763253,-0.10347120481887694,0.3538173023241607,113.1,126.3,119.69999999999999,0.11027568922305768
2026-08-14,19,25600.0,PUT,0.9101140754836834,-0.11033373220589147,0.3520777015621424,121.5,134.8,128.15,0.10378462738977769
2026-08-14,19,25800.0,PUT,0.9172243416983997,-0.12544974861240785,0.3468986800568307,140.3,154.7,147.5,0.09762711864406765
2026-08-14,19,26000.0,PUT,0.924334607913116,-0.14210666186569973,0.33704570126159966,161.8,175.1,168.45,0.07895517957850985
2026-08-14,19,26200.0,PUT,0.9314448741278323,-0.16147507671532746,0.32978725884844434,186.8,200.1,193.45,0.0687516154044972
2026-08-14,19,26400.0,PUT,0.9385551403425485,-0.18168167055911583,0.32258289335163354,209.4,227.4,218.4,0.08241758241758242
2026-08-14,19,26500.0,PUT,0.9421102734499066,-0.1939704603805801,0.3220089670616632,227.4,244.2,235.8,0.07124681933842232
2026-08-14,19,26600.0,PUT,0.9456654065572648,-0.20588218451771167,0.3207110196475461,243.0,261.0,252.0,0.07142857142857142
2026-08-14,19,26800.0,PUT,0.952775672771981,-0.23173052097969288,0.31203581645947914,279.5,297.0,288.25,0.060711188204683436
2026-08-14,19,27000.0,PUT,0.9598859389866974,-0.26086677406267783,0.3040431463575155,319.4,340.2,329.79999999999995,0.06306852637962405
2026-08-14,19,27200.0,PUT,0.9669962052014136,-0.2925370668838129,0.2979724839451547,366.0,384.7,375.35,0.049820167843346176
2026-08-14,19,27300.0,PUT,0.9705513383087717,-0.3094346621924705,0.2961589271068463,391.1,410.4,400.75,0.04815970056144717
2026-08-14,19,27400.0,PUT,0.9741064714161299,-0.32683030171963395,0.29503656461483213,417.5,437.8,427.65,0.04746872442417868
2026-08-14,19,27500.0,PUT,0.977661604523488,-0.34487907249836464,0.29128072761384394,445.5,468.0,456.75,0.04926108374384237
2026-08-14,19,27600.0,PUT,0.9812167376308462,-0.36369151291232793,0.2861488882093106,475.4,497.8,486.6,0.046033703247020205
2026-08-14,19,27800.0,PUT,0.9883270038455625,-0.4040077558912533,0.27843166529897967,541.0,564.1,552.55,0.04180617138720482
2026-08-14,19,27900.0,PUT,0.9918821369529206,-0.4252118812443238,0.2757722463662233,579.4,597.6,588.5,0.030926083262531937
2026-08-14,19,27950.0,PUT,0.9936597035065996,-0.43597858044780785,0.2745370160261531,597.6,615.8,606.7,0.02999835173891533
2026-08-14,19,28000.0,CALL,0.9954372700602787,0.5526436168171647,0.27853147917781423,812.1,831.6,821.85,0.023726957473991603
2026-08-14,19,28000.0,PUT,0.9954372700602787,-0.446866962352894,0.2735586683091921,615.8,635.3,625.55,0.03117256814003677
2026-08-14,19,28100.0,PUT,0.9989924031676368,-0.4688952786006804,0.27250285612054953,656.0,675.1,665.55,0.028698069266020622
2026-08-14,19,28200.0,PUT,1.002547536274995,-0.4912853367742807,0.2682011086795755,697.7,717.2,707.45,0.027563785426531907
2026-08-14,19,28400.0,PUT,1.0096578024897114,-0.5384837717697646,0.2588199357199084,787.4,806.9,797.15,0.024462146396537664
2026-08-14,19,28500.0,PUT,1.0132129355970694,-0.5629482729558577,0.2554215052840969,835.5,855.0,845.25,0.023070097604259095
2026-08-14,19,28550.0,PUT,1.0149905021507484,-0.5752290794090802,0.254226926567484,860.2,881.0,870.6,0.023891569032850855
2026-08-14,19,28600.0,PUT,1.0167680687044276,-0.5875993326466773,0.2530938830703806,885.3,906.9,896.0999999999999,0.024104452628054933
2026-08-14,19,28650.0,PUT,1.0185456352581066,-0.6000607009516878,0.2520030844799082,911.2,932.2,921.7,0.022783986112617987
2026-08-14,19,28700.0,PUT,1.0203232018117856,-0.6123704748196903,0.2513896395625994,937.8,959.3,948.55,0.022666174687681197
2026-08-14,19,28750.0,CALL,1.0221007683654648,0.37831472715705766,0.25582903389440226,413.0,435.4,424.2,0.05280528052805275
2026-08-14,19,28800.0,PUT,1.0238783349191438,-0.636936472925958,0.2470896902332538,993.0,1015.4,1004.2,0.022306313483369825
2026-08-14,19,28900.0,CALL,1.027433468026502,0.34201117550558086,0.24764288155441405,350.4,372.0,361.2,0.05980066445182731
2026-08-14,19,28950.0,PUT,1.029211034580181,-0.6745008074526853,0.23972405034234956,1079.9,1105.4,1092.65,0.023337756829725893
2026-08-14,19,29000.0,PUT,1.03098860113386,-0.6871446965227674,0.23776630629905465,1110.5,1136.0,1123.25,0.02270198085911418
2026-08-14,19,29000.0,CALL,1.03098860113386,0.31731508414353127,0.2433308427311877,312.0,331.5,321.75,0.06060606060606061
2026-08-14,19,29100.0,CALL,1.0345437342412183,0.29292744024579037,0.2403734096058697,276.1,294.7,285.4,0.06517168885774341
2026-08-14,19,29100.0,PUT,1.0345437342412183,-0.7101217389186177,0.23702145393447396,1110.4,1273.3,1191.85,0.13667827327264326
2026-08-14,19,29150.0,PUT,1.0363213007948973,-0.7222440728026083,0.23605722620374173,1143.4,1306.1,1224.75,0.13284343743621133
2026-08-14,19,29200.0,CALL,1.0380988673485765,0.2688407719764667,0.2383299432492557,241.4,260.9,251.14999999999998,0.07764284292255613
2026-08-14,19,29200.0,PUT,1.0380988673485765,-0.7356325208669183,0.23397519380389156,1176.6,1333.4,1255.0,0.12494023904382484
2026-08-14,19,29300.0,PUT,1.0416540004559345,-0.7379995658891481,0.25310500967409066,1220.2,1521.0,1370.6,0.21946592733109585
2026-08-14,19,29300.0,CALL,1.0416540004559345,0.2460800762460756,0.23718046379892038,211.5,229.7,220.6,0.08250226654578417
2026-08-14,19,29350.0,PUT,1.0434315670096135,-0.7597550539108794,0.24028784897146954,1238.0,1523.9,1380.95,0.20703139143343358
2026-08-14,19,29400.0,PUT,1.0452091335632927,-0.7754530835253879,0.23255018183881174,1258.2,1557.1,1407.65,0.2123397151280502
2026-08-14,19,29400.0,CALL,1.0452091335632927,0.2238223788482799,0.23180361176848124,185.5,199.6,192.55,0.07322773305634897
2026-08-14,19,29500.0,CALL,1.0487642666706507,0.20189370700310957,0.22773257156021126,159.7,173.9,166.8,0.08513189448441257
2026-08-14,19,29500.0,PUT,1.0487642666706507,-0.7971221525768595,0.22863751237088273,1332.6,1631.4,1482.0,0.2016194331983807
2026-08-14,19,29550.0,CALL,1.05054183322433,0.19083900917440064,0.22588816400892567,146.5,162.0,154.25,0.10048622366288493
2026-08-14,19,29600.0,PUT,1.052319399778009,-0.8181689799153107,0.22590186981378266,1409.5,1707.4,1558.45,0.1911514645962335
2026-08-14,19,29600.0,CALL,1.052319399778009,0.18072057307902362,0.22497583363600124,136.2,150.6,143.39999999999998,0.10041841004184106
2026-08-14,19,29700.0,CALL,1.0558745328853671,0.16108624808075225,0.22381217593399413,115.5,130.3,122.9,0.12042310821806355
2026-08-14,19,29800.0,PUT,1.0594296659927251,-0.8559144855618661,0.22384570792535805,1570.3,1868.0,1719.15,0.1731669720501411
2026-08-14,19,29800.0,CALL,1.0594296659927251,0.1424659094940689,0.2221106052195755,96.7,111.4,104.05000000000001,0.14127823161941375
2026-08-14,19,29900.0,PUT,1.0629847991000834,-0.8723868693936051,0.21959362138778005,1620.9,1986.0,1803.45,0.20244531314979616
2026-08-14,19,29900.0,CALL,1.0629847991000834,0.12491105227832892,0.2169883121868894,80.0,94.9,87.45,0.17038307604345346
2026-08-14,19,29950.0,CALL,1.0647623656537624,0.11679158046871352,0.21532751084896043,72.5,88.0,80.25,0.19314641744548286
2026-08-14,19,30000.0,CALL,1.0665399322074416,0.10891245075855872,0.21399406532943768,65.9,81.0,73.45,0.20558202859087807
2026-08-14,19,30000.0,PUT,1.0665399322074416,-0.8932140295519782,0.21215358272556617,1652.4,2115.0,1883.7,0.24558050645007162
2026-08-14,19,30050.0,CALL,1.0683174987611206,0.10136162023302504,0.21302531951310694,60.2,74.0,67.1,0.2056631892697466
2026-08-14,19,30100.0,CALL,1.0700950653147996,0.09423069345327131,0.21245808530927576,54.2,68.3,61.25,0.23020408163265296
2026-08-14,19,30200.0,PUT,1.0736501984221578,-0.9250019475110848,0.2067115992679423,1822.6,2291.6,2057.1,0.22799086092071363
2026-08-14,19,30200.0,CALL,1.0736501984221578,0.08124340251921132,0.21239814411506855,44.2,57.6,50.900000000000006,0.2632612966601178
2026-08-14,19,30300.0,CALL,1.0772053315295158,0.06972081995287013,0.2097164638855378,35.9,48.2,42.05,0.2925089179548158
2026-08-14,19,30400.0,PUT,1.080760464636874,-0.9478696001970025,0.1986385355017979,2006.4,2474.6,2240.5,0.20897121178308406
2026-08-14,19,30400.0,CALL,1.080760464636874,0.059525866238648056,0.2067361198547739,27.7,41.8,34.75,0.4057553956834532
2026-08-14,19,30450.0,CALL,1.082538031190553,0.05480602605981751,0.20579578826698403,24.6,38.4,31.5,0.438095238095238
2026-08-14,19,30500.0,CALL,1.0843155977442323,0.05041850847405685,0.2052626072532403,22.0,35.1,28.55,0.4588441330998249
2026-08-14,19,30500.0,PUT,1.0843155977442323,-0.9661552385767326,0.18743855011424404,2087.8,2568.0,2327.9,0.2062803385025129
2026-08-14,19,30550.0,CALL,1.0860931642979113,0.04639179538451975,0.2051334458574833,19.5,32.3,25.9,0.4942084942084941
2026-08-14,19,30600.0,CALL,1.0878707308515903,0.042814990466845594,0.20547228840186577,17.3,29.9,23.6,0.5338983050847457
2026-08-14,19,30700.0,CALL,1.0914258639589485,0.036296849040499755,0.20674454608559484,13.7,25.2,19.45,0.5912596401028278
2026-08-14,19,30800.0,CALL,1.0949809970663067,0.03091619380572426,0.20475872774873388,10.6,21.7,16.15,0.6873065015479877
2026-08-14,19,30900.0,CALL,1.0985361301736647,0.026206441584866663,0.20337775396738292,7.5,19.3,13.4,0.8805970149253731
2026-08-14,19,31000.0,CALL,1.102091263281023,0.022279386713823433,0.20345080735690027,5.6,16.8,11.2,1.0000000000000002
2026-08-14,19,31100.0,CALL,1.105646396388381,0.019139374092818334,0.20482831465080104,4.2,14.8,9.5,1.1157894736842107
2026-08-14,19,31200.0,CALL,1.1092015294957391,0.0165154530259876,0.20697660991849606,2.9,13.3,8.1,1.2839506172839508
2026-08-14,19,31300.0,CALL,1.1127566626030974,0.014578545021816247,0.21015017537634562,1.9,12.3,7.1000000000000005,1.4647887323943662
2026-08-14,19,31400.0,CALL,1.1163117957104554,0.012918465343475868,0.21093161281534498,1.1,11.4,6.25,1.6480000000000001
2026-08-14,19,31500.0,CALL,1.1198669288178136,0.011506935218498982,0.21177146999358692,0.5,10.6,5.55,1.8198198198198199
2026-08-14,19,31600.0,CALL,1.1234220619251718,0.010399127330183503,0.2136563987166137,0.05,10.0,5.025,1.9800995024875618
2026-08-14,19,31800.0,CALL,1.130532328139888,0.009159709457352415,0.22068400156971654,0.05,9.0,4.525,1.9779005524861875
2026-08-14,19,32000.0,CALL,1.1376425943546042,0.008321247755945334,0.22884015675965028,0.05,8.4,4.2250000000000005,1.9763313609467452
2026-08-14,19,32200.0,CALL,1.1447528605693205,0.007541553914894226,0.2369264963211859,0.05,7.8,3.925,1.9745222929936306
2026-08-14,19,32400.0,CALL,1.151863126784037,0.006968091963692376,0.24554372677139022,0.05,7.4,3.725,1.9731543624161074
2026-08-14,19,32500.0,CALL,1.155418259891395,0.006772305325701481,0.25012643228268805,0.05,7.3,3.675,1.9727891156462587
2026-08-14,19,32600.0,CALL,1.1589733929987531,0.006583861829105257,0.25469273393178055,0.05,7.2,3.625,1.9724137931034484
2026-08-14,19,32800.0,CALL,1.1660836592134693,0.006154822467567215,0.2634783936720551,0.05,6.9,3.475,1.971223021582734
2026-08-14,19,33000.0,CALL,1.1731939254281856,0.005824966940264986,0.2724998912972862,0.05,6.7,3.375,1.9703703703703705
2026-08-14,19,33200.0,CALL,1.180304191642902,0.005585756021681832,0.281758066617512,0.05,6.6,3.3249999999999997,1.9699248120300752
2026-08-14,19,33400.0,CALL,1.1874144578576182,0.005061067926911932,0.2896155359715055,0.0,6.4,3.2,2.0
2026-08-14,19,33500.0,CALL,1.1909695909649762,0.0048926560989291335,0.2938950463163049,0.0,9.3,4.65,2.0
2026-08-14,19,33800.0,CALL,1.2016349902870507,0.004671495114370187,0.30624097606636247,0.0,6.2,3.1,2.0
2026-08-14,19,34000.0,CALL,1.2087452565017671,0.004523855153021858,0.31411336781409865,0.0,6.1,3.05,2.0
2026-08-14,19,34500.0,CALL,1.2265209220385578,0.0043828842561891655,0.3362065376601539,0.0,5.9,2.95,2.0
2026-08-14,19,35000.0,CALL,1.2442965875753484,0.0032673380863983124,0.3442330726115092,0.0,5.7,2.85,2.0
2026-08-14,19,36000.0,CALL,1.2798479186489298,0.004424473523029521,0.40616907375267347,0.0,5.4,2.7,2.0
2026-08-14,19,36500.0,CALL,1.2976235841857204,0.002503636094811163,0.3982401940898233,0.0,5.3,2.65,2.0
2026-08-14,19,37000.0,CALL,1.315399249722511,0.002504093492374948,0.4188799285338571,0.0,5.2,2.6,2.0
2026-08-14,19,38000.0,CALL,1.3509505807960926,0.0026041521530995996,0.4609096988243065,0.0,5.1,2.55,2.0
2026-08-17,22,19000.0,PUT,0.6754752903980463,-0.004901219668095843,0.6411415322956293,0.05,15.1,7.575,1.9867986798679866
2026-08-17,22,20000.0,PUT,0.7110266214716277,-0.007143670370825501,0.5867241136929026,2.75,18.0,10.375,1.4698795180722892
2026-08-17,22,21000.0,PUT,0.7465779525452091,-0.009788265916205163,0.5344532964914048,4.3,22.0,13.15,1.3460076045627376
2026-08-17,22,23500.0,PUT,0.8354562802291625,-0.03360477849498398,0.4134975859104554,32.5,49.1,40.8,0.40686274509803927
2026-08-17,22,25400.0,PUT,0.9030038092689672,-0.10283451192422335,0.34309393900355617,114.0,133.6,123.8,0.15831987075928913
2026-08-17,22,25500.0,PUT,0.9065589423763253,-0.10918957120556044,0.34104335356070287,122.0,141.5,131.75,0.14800759013282733
2026-08-17,22,25600.0,PUT,0.9101140754836834,-0.11594171974445372,0.33961618092566587,130.8,150.0,140.4,0.13675213675213665
2026-08-17,22,25800.0,PUT,0.9172243416983997,-0.13071912744312475,0.3309197741353497,150.1,169.2,159.64999999999998,0.11963670529282805
2026-08-17,22,26000.0,PUT,0.924334607913116,-0.1474838974891842,0.3222460391854667,172.2,190.6,181.39999999999998,0.10143329658213897
2026-08-17,22,26200.0,PUT,0.9314448741278323,-0.16661338538674514,0.31573588296687327,197.5,216.0,206.75,0.08948004836759371
2026-08-17,22,26400.0,PUT,0.9385551403425485,-0.18799674543406691,0.311554899577521,219.2,252.9,236.05,0.14276636305867407
2026-08-17,22,26500.0,CALL,0.9421102734499066,0.7974284053907178,0.31555341879593274,1694.8,2204.9,1949.85,0.26160986742569947
2026-08-17,22,26500.0,PUT,0.9421102734499066,-0.19972109656278414,0.3108186135112428,237.0,269.1,253.05,0.12685240071132195
2026-08-17,22,26600.0,PUT,0.9456654065572648,-0.21150689598458852,0.30918540174684644,253.9,286.2,270.05,0.1196074800962784
2026-08-17,22,26600.0,CALL,0.9456654065572648,0.7803355870118938,0.3203301027539356,1635.3,2133.7,1884.5,0.26447333510214904
2026-08-17,22,26800.0,PUT,0.952775672771981,-0.23659742641836007,0.29912884248459226,287.5,323.8,305.65,0.11876329134631118
2026-08-17,22,27000.0,PUT,0.9598859389866974,-0.2649812085372304,0.2916561149906956,328.5,365.5,347.0,0.10662824207492795
2026-08-17,22,27200.0,PUT,0.9669962052014136,-0.29603051880192516,0.286469643592721,374.8,412.2,393.5,0.09504447268106729
2026-08-17,22,27800.0,PUT,0.9883270038455625,-0.4043090087165435,0.2671479498440425,548.2,592.0,570.1,0.07682862655674434
2026-08-17,22,28000.0,PUT,0.9954372700602787,-0.4457137028304079,0.2608967245750232,610.6,665.7,638.1500000000001,0.08634333620622113
2026-08-17,22,28100.0,PUT,0.9989924031676368,-0.46728447098161136,0.26261468730967125,666.0,705.0,685.5,0.05689277899343545
2026-08-17,22,28600.0,CALL,1.0167680687044276,0.41941262918623384,0.24715324396684818,495.8,536.4,516.1,0.078666925014532
2026-08-17,22,28700.0,CALL,1.0203232018117856,0.3957110331717275,0.24535939538451185,443.8,492.4,468.1,0.10382396923734237
2026-08-17,22,28750.0,CALL,1.0221007683654648,0.38400753934507537,0.2449428632477388,421.6,469.3,445.45000000000005,0.10708272533393194
2026-08-17,22,28800.0,CALL,1.0238783349191438,0.3718102702337347,0.24182005990295513,400.0,442.2,421.1,0.10021372595582993
2026-08-17,22,28850.0,CALL,1.0256559014728228,0.35988860685464785,0.23902147042374128,379.2,419.6,399.4,0.10115172759138717
2026-08-17,22,28900.0,CALL,1.027433468026502,0.34815961298491405,0.2369339798311351,359.0,399.9,379.45,0.10778758729740408
2026-08-17,22,29000.0,CALL,1.03098860113386,0.3243266538204232,0.23310393310286226,320.3,360.4,340.35,0.1178198912883795
2026-08-17,22,29400.0,CALL,1.0452091335632927,0.23215737833958677,0.2226328095554501,198.4,216.4,207.4,0.08678881388621022
2026-08-17,22,29400.0,PUT,1.0452091335632927,-0.7592781663927585,0.23172075370287998,1271.3,1589.0,1430.15,0.22214453029402512
2026-08-17,22,29550.0,CALL,1.05054183322433,0.19988417930714508,0.21677035631910324,159.1,177.4,168.25,0.10876671619613677
2026-08-17,22,29600.0,CALL,1.052319399778009,0.18941898317907174,0.21539059351655004,147.2,165.4,156.3,0.1164427383237365
2026-08-17,22,29950.0,CALL,1.0647623656537624,0.12579334544121681,0.2075313505744321,82.0,99.0,90.5,0.1878453038674033
2026-08-17,22,30000.0,CALL,1.0665399322074416,0.11776044452202206,0.20590871994509524,74.0,92.3,83.15,0.22008418520745635
2026-08-17,22,30050.0,CALL,1.0683174987611206,0.10995621077741861,0.20459017358076828,66.7,85.7,76.2,0.24934383202099736
2026-08-17,22,30100.0,CALL,1.0700950653147996,0.10260332289502366,0.2037203735283,60.3,79.4,69.85,0.2734430923407303
2026-08-17,22,30150.0,CALL,1.0718726318684786,0.09561397078193282,0.2031854669846895,54.4,73.5,63.95,0.2986708365910868
2026-08-17,22,30300.0,CALL,1.0772053315295158,0.0775806321660603,0.2038571631688949,40.0,58.7,49.35,0.37892603850050666
2026-08-17,22,30400.0,CALL,1.080760464636874,0.06688447617919104,0.19994877936416033,32.0,50.2,41.1,0.4428223844282239
2026-08-17,22,30450.0,CALL,1.082538031190553,0.06163387792316397,0.19828799041500045,28.0,46.4,37.2,0.49462365591397844
2026-08-17,22,30550.0,CALL,1.0860931642979113,0.05286292309271401,0.1970403491616105,22.0,40.1,31.05,0.5829307568438004
2026-08-17,22,30600.0,CALL,1.0878707308515903,0.04828219589662259,0.19626679378570333,18.8,36.9,27.85,0.6499102333931777
2026-08-17,22,30700.0,CALL,1.0914258639589485,0.04075155845778883,0.19639239866938354,14.0,31.6,22.8,0.7719298245614036
2026-08-17,22,31000.0,CALL,1.102091263281023,0.024942178077651294,0.1933567708165569,4.1,21.8,12.95,1.3667953667953672
2026-08-17,22,31200.0,CALL,1.1092015294957391,0.01848843725634576,0.19553196862343064,0.3,18.4,9.35,1.9358288770053473
2026-08-17,22,31400.0,CALL,1.1163117957104554,0.01569436722032859,0.203114465504806,0.05,16.0,8.025,1.9875389408099686
2026-08-17,22,31500.0,CALL,1.1198669288178136,0.014691004807204346,0.20738540065099023,0.05,15.1,7.575,1.9867986798679866
2026-08-17,22,31600.0,CALL,1.1234220619251718,0.013872739162734462,0.2108324913930654,0.05,14.4,7.2250000000000005,1.9861591695501728
2026-08-17,22,32000.0,CALL,1.1376425943546042,0.011689305353787942,0.22503901729558487,0.05,12.8,6.425000000000001,1.9844357976653695
2026-08-17,22,32600.0,CALL,1.1589733929987531,0.004711165118629057,0.22895512854412764,0.0,11.9,5.95,2.0
2026-08-17,22,33000.0,CALL,1.1731939254281856,0.004113019418285214,0.2420337189424643,0.0,11.7,5.85,2.0
2026-08-17,22,38000.0,CALL,1.3509505807960926,0.002815784721299518,0.43244217633832205,0.0,9.4,4.7,2.0
2026-08-18,23,18000.0,PUT,0.6399239593244649,-0.004015312089678019,0.7008852664393773,0.05,13.6,6.825,1.9853479853479852
2026-08-18,23,19000.0,PUT,0.6754752903980463,-0.005032258909466653,0.6296450862846711,0.05,15.6,7.825,1.9872204472843449
2026-08-18,23,20000.0,PUT,0.7110266214716277,-0.006865185235162038,0.5704831367260559,0.85,18.9,9.875,1.8278481012658225
2026-08-18,23,21000.0,PUT,0.7465779525452091,-0.010715668119998542,0.5286174989937192,5.9,23.7,14.8,1.2027027027027024
2026-08-18,23,25500.0,PUT,0.9065589423763253,-0.11405181290172293,0.3432412259199132,133.0,151.9,142.45,0.13267813267813272
2026-08-18,23,25600.0,PUT,0.9101140754836834,-0.12052080672863451,0.3400159300271993,142.1,159.5,150.8,0.11538461538461542
2026-08-18,23,25800.0,PUT,0.9172243416983997,-0.13565261980425342,0.33065339143497724,162.4,180.0,171.2,0.10280373831775698
2026-08-18,23,26000.0,PUT,0.924334607913116,-0.1527346979360147,0.32289080061053577,185.3,203.2,194.25,0.09214929214929203
2026-08-18,23,26200.0,PUT,0.9314448741278323,-0.17380949708966134,0.319901386930817,209.8,241.5,225.65,0.1404830489696432
2026-08-18,23,26400.0,PUT,0.9385551403425485,-0.1930604652186245,0.3133549082076684,232.8,268.4,250.6,0.14205905826017545
2026-08-18,23,26500.0,PUT,0.9421102734499066,-0.20421933080591462,0.3121817919072509,248.7,284.9,266.79999999999995,0.1356821589205397
2026-08-18,23,26500.0,CALL,0.9421102734499066,0.7936957580048225,0.3157400183825772,1709.3,2219.3,1964.3000000000002,0.25963447538563367
2026-08-18,23,26600.0,CALL,0.9456654065572648,0.7785218149426039,0.3165684779561863,1642.7,2144.7,1893.6999999999998,0.2650895073137244
2026-08-18,23,26600.0,PUT,0.9456654065572648,-0.2157866421788537,0.3087256916940637,265.5,302.2,283.85,0.12929364100757437
2026-08-18,23,26800.0,PUT,0.952775672771981,-0.24065145583566874,0.29907078999120246,300.8,339.0,319.9,0.11941231634885899
2026-08-18,23,27000.0,PUT,0.9598859389866974,-0.26867815798892114,0.2919850831470632,343.7,379.9,361.79999999999995,0.10005527915975675
2026-08-18,23,29000.0,CALL,1.03098860113386,0.3292000398295397,0.23356582474474497,335.3,375.0,355.15,0.11178375334365759
2026-08-18,23,30000.0,PUT,1.0665399322074416,-0.8583099231327204,0.2237974810200308,1659.5,2169.9,1914.7,0.2665691753277276
2026-08-18,23,30000.0,CALL,1.0665399322074416,0.12487038612849577,0.20741944425082695,82.0,101.2,91.6,0.20960698689956336
2026-08-18,23,30200.0,CALL,1.0736501984221578,0.09590932069981224,0.2036511284642105,56.0,75.4,65.7,0.2952815829528159
2026-08-18,23,30500.0,PUT,1.0843155977442323,-0.9156572166093209,0.2224633122757307,2105.2,2615.8,2360.5,0.21631010379156973
2026-08-18,23,30600.0,CALL,1.0878707308515903,0.05359160734298162,0.197252227643978,22.6,41.9,32.25,0.5984496124031007
2026-08-18,23,31600.0,CALL,1.1234220619251718,0.015692112735181774,0.2102081092672351,0.05,16.9,8.475,1.9882005899705013
2026-08-18,23,31800.0,CALL,1.130532328139888,0.014248574654028765,0.2188697092377095,0.05,15.7,7.875,1.9873015873015871
2026-08-18,23,32500.0,CALL,1.155418259891395,0.010020969590898909,0.23983681766133227,0.0,13.7,6.85,2.0
2026-08-19,24,18000.0,PUT,0.6399239593244649,-0.0039906349577461565,0.686285177508987,0.05,13.5,6.775,1.9852398523985237
2026-08-19,24,19000.0,PUT,0.6754752903980463,-0.005057703398989096,0.617319512949102,0.05,15.7,7.875,1.9873015873015871
2026-08-19,24,20000.0,PUT,0.7110266214716277,-0.007346031192142539,0.5657611952074955,2.0,19.5,10.75,1.627906976744186
2026-08-19,24,24600.0,PUT,0.8745627444101021,-0.06998443579275535,0.3698903739911396,79.3,98.0,88.65,0.21094190637337848
2026-08-19,24,24800.0,PUT,0.8816730106248183,-0.07837271367721947,0.36112722459976526,90.4,108.0,99.2,0.1774193548387096
2026-08-19,24,26000.0,PUT,0.924334607913116,-0.15715367721775497,0.32282880399413216,197.2,214.0,205.6,0.0817120622568094
2026-08-19,24,26200.0,PUT,0.9314448741278323,-0.1767264680894573,0.3181921678658587,215.9,251.9,233.9,0.15391192817443353
2026-08-19,24,26400.0,PUT,0.9385551403425485,-0.19749787670490826,0.3146502118719396,245.3,282.9,264.1,0.14237031427489574
2026-08-19,24,26500.0,PUT,0.9421102734499066,-0.20852703135244377,0.31364560995665175,261.6,299.8,280.70000000000005,0.1360883505521909
2026-08-19,24,26600.0,PUT,0.9456654065572648,-0.2203602336443982,0.30906862696426085,280.6,317.8,299.20000000000005,0.12433155080213898
2026-08-19,24,26800.0,PUT,0.952775672771981,-0.24580441661668315,0.3010496986738751,320.6,356.9,338.75,0.10715867158671573
2026-08-19,24,27000.0,PUT,0.9598859389866974,-0.27335692772369546,0.294361041518539,363.7,398.9,381.29999999999995,0.09231576186729608
2026-08-19,24,27200.0,PUT,0.9669962052014136,-0.3033219298558741,0.2900211184374759,411.8,447.0,429.4,0.08197484862598974
2026-08-19,24,28800.0,CALL,1.0238783349191438,0.3806703270064533,0.24568151119312345,436.8,481.3,459.05,0.09693933122753512
2026-08-19,24,28900.0,CALL,1.027433468026502,0.35787797047112274,0.23994554120331832,391.4,438.0,414.7,0.11237038823245725
2026-08-19,24,29000.0,CALL,1.03098860113386,0.3344923335295996,0.23494551668659158,351.1,393.2,372.15,0.11312642751578655
2026-08-19,24,29200.0,CALL,1.0380988673485765,0.28880961511171227,0.2292908554013699,279.2,317.2,298.2,0.12743125419181758
2026-08-19,24,29350.0,PUT,1.0434315670096135,-0.7360008664045246,0.23502472634967506,1259.4,1577.3,1418.35,0.2241336764550357
2026-08-19,24,29400.0,PUT,1.0452091335632927,-0.7461739353827351,0.23493930303300545,1294.3,1612.2,1453.25,0.21875107517632897
2026-08-19,24,29400.0,CALL,1.0452091335632927,0.2446033485554608,0.22520739023150196,225.0,240.4,232.7,0.0661796304254405
2026-08-19,24,29650.0,CALL,1.054096966331688,0.19381630759198987,0.2162721045910927,159.5,177.1,168.3,0.10457516339869277
2026-08-19,24,29700.0,CALL,1.0558745328853671,0.1832356176811425,0.21457371215927232,148.2,162.9,155.55,0.09450337512054012
2026-08-19,24,29800.0,CALL,1.0594296659927251,0.16477291783340925,0.21352687294078707,127.6,142.2,134.89999999999998,0.10822831727205334
2026-08-19,24,29850.0,CALL,1.0612072325464044,0.15673558070398666,0.21390411070973334,116.9,136.0,126.45,0.15104784499802287
2026-08-19,24,29900.0,CALL,1.0629847991000834,0.14758856548272897,0.21322516197322153,108.9,123.8,116.35,0.12806188225182633
2026-08-19,24,30100.0,CALL,1.0700950653147996,0.1167631483995878,0.20627680455077965,76.0,95.9,85.95,0.23152995927865044
2026-08-19,24,30200.0,CALL,1.0736501984221578,0.10242594372404754,0.20433478162215388,63.7,82.0,72.85,0.25120109814687713
2026-08-19,24,30350.0,CALL,1.078982898083195,0.0833768967746096,0.2036216756709726,46.6,66.0,56.3,0.34458259325044405
2026-08-19,24,30500.0,CALL,1.0843155977442323,0.06805896851134821,0.2007150062083042,34.0,53.7,43.85,0.44925883694412777
2026-08-19,24,31400.0,CALL,1.1163117957104554,0.01716717405129571,0.19677119428352835,0.1,17.9,9.0,1.9777777777777774
2026-08-19,24,31500.0,CALL,1.1198669288178136,0.01581683298143733,0.20036422853153824,0.05,16.6,8.325000000000001,1.9879879879879878
2026-08-19,24,31600.0,CALL,1.1234220619251718,0.014695353773501982,0.20422369733351453,0.05,15.5,7.775,1.9871382636655948
2026-08-20,25,20000.0,PUT,0.7110266214716277,-0.007933933899528761,0.5631710083012885,2.9,20.8,11.85,1.5105485232067513
2026-08-20,25,25000.0,PUT,0.8887832768395346,-0.09194652994984047,0.354201622249594,110.0,129.7,119.85,0.1643721318314559
2026-08-20,25,25200.0,PUT,0.8958935430542508,-0.10276325258947172,0.34889110744766344,125.1,143.2,134.14999999999998,0.13492359299291837
2026-08-20,25,25500.0,PUT,0.9065589423763253,-0.12147258120564165,0.3421378375416832,150.7,169.4,160.05,0.11683848797250869
2026-08-20,25,25600.0,PUT,0.9101140754836834,-0.12846861755991806,0.33740960494039607,160.6,179.2,169.89999999999998,0.1094761624484991
2026-08-20,25,25800.0,PUT,0.9172243416983997,-0.14402876331499653,0.32936662435022607,182.1,202.0,192.05,0.10361884925800575
2026-08-20,25,26200.0,PUT,0.9314448741278323,-0.18026907627739366,0.3177885401900135,225.6,262.8,244.2,0.1523341523341524
2026-08-20,25,26400.0,CALL,0.9385551403425485,0.7976806677328042,0.31706430652067114,1820.7,2330.6,2075.65,0.24565798665478275
2026-08-20,25,26500.0,CALL,0.9421102734499066,0.7868121876766702,0.31417410138743235,1737.9,2247.7,1992.8,0.2558209554395824
2026-08-20,25,26500.0,PUT,0.9421102734499066,-0.2116247606949741,0.31205892453638395,271.5,311.0,291.25,0.1356223175965665
2026-08-20,25,27000.0,PUT,0.9598859389866974,-0.2751933104007623,0.2923594297369975,369.7,410.0,389.85,0.1033730922149545
2026-08-20,25,27200.0,PUT,0.9669962052014136,-0.3054059821869791,0.2893353667016849,417.4,464.6,441.0,0.10702947845804998
2026-08-20,25,27500.0,PUT,0.977661604523488,-0.35342957241680895,0.280799355088105,498.0,551.4,524.7,0.10177244139508285
2026-08-20,25,28650.0,CALL,1.0185456352581066,0.41665643579581485,0.24663991820618447,521.6,560.5,541.05,0.07189723685426481
2026-08-20,25,29700.0,CALL,1.0558745328853671,0.1908650629162495,0.21608328242191224,159.6,176.7,168.14999999999998,0.10169491525423727
2026-08-20,25,29850.0,CALL,1.0612072325464044,0.1636222981697176,0.21434176805966199,127.5,146.0,136.75,0.13528336380255943
2026-08-20,25,30100.0,CALL,1.0700950653147996,0.12349990371924557,0.20776567070378438,84.6,103.9,94.25,0.2047745358090187
2026-08-20,25,30200.0,CALL,1.0736501984221578,0.10902356743239908,0.2053741588980874,70.9,90.0,80.45,0.23741454319453068
2026-08-20,25,30500.0,CALL,1.0843155977442323,0.0737476240463531,0.2031234275060977,40.0,58.9,49.45,0.38220424671385234
2026-08-20,25,31200.0,CALL,1.1092015294957391,0.02594569786649487,0.19501442094441818,6.0,23.0,14.5,1.1724137931034482
2026-08-20,25,31400.0,CALL,1.1163117957104554,0.019279688485369144,0.19605228691404689,2.0,18.9,10.45,1.6172248803827751
2026-08-20,25,35000.0,CALL,1.2442965875753484,0.0033028211782993003,0.3011103239729076,0.0,10.7,5.35,2.0
2026-08-21,26,5000.0,PUT,0.1777566553679069,-0.0002700791533427088,2.0593574539343393,0.0,8.0,4.0,2.0
2026-08-21,26,7000.0,PUT,0.24885931751506968,-0.001036688595861264,1.8532474436242194,0.0,8.1,4.05,2.0
2026-08-21,26,8000.0,PUT,0.28441064858865106,-0.00033800760452632085,1.4927206773807384,0.0,8.1,4.05,2.0
2026-08-21,26,9000.0,PUT,0.31996197966223244,-0.0006851024391887553,1.4514842557528604,0.0,8.2,4.1,2.0
2026-08-21,26,10000.0,PUT,0.3555133107358138,-0.0009207459677836437,1.3381441577491429,0.0,8.3,4.15,2.0
2026-08-21,26,11000.0,PUT,0.3910646418093952,-0.00012918962650800654,1.0295260423522692,0.0,0.4,0.2,2.0
2026-08-21,26,12000.0,PUT,0.4266159728829766,-0.001136073987884104,1.111864840033863,0.0,8.7,4.35,2.0
2026-08-21,26,13000.0,PUT,0.462167303956558,-0.0013094403793166805,1.0162713638462506,0.0,9.1,4.55,2.0
2026-08-21,26,14000.0,PUT,0.49771863503013936,-0.0015818981375971166,0.9327920878205219,0.1,7.1,3.5999999999999996,1.9444444444444446
2026-08-21,26,15000.0,PUT,0.5332699661037208,-0.001875424552629636,0.8540741579607958,0.05,7.8,3.925,1.9745222929936306
2026-08-21,26,16000.0,PUT,0.5688212971773021,-0.0022681786472791127,0.7834601522296333,0.05,8.7,4.375,1.9771428571428569
2026-08-21,26,17000.0,PUT,0.6043726282508836,-0.0027686184188486403,0.7195314794379443,0.05,9.8,4.925000000000001,1.979695431472081
2026-08-21,26,18000.0,PUT,0.6399239593244649,-0.003477353823459599,0.6521236910861264,0.05,11.4,5.7250000000000005,1.9825327510917028
2026-08-21,26,19000.0,PUT,0.6754752903980463,-0.005121544633990886,0.5949973185820864,2.2,13.8,8.0,1.4500000000000002
2026-08-21,26,19500.0,PUT,0.693250955934837,-0.006305463115872681,0.5711120227235044,3.7,15.5,9.6,1.2291666666666667
2026-08-21,26,20000.0,PUT,0.7110266214716277,-0.007826475166059589,0.5512402462844868,5.7,17.6,11.65,1.0214592274678114
2026-08-21,26,20500.0,PUT,0.7288022870084183,-0.00969121710695007,0.5340371664505302,8.1,20.2,14.149999999999999,0.8551236749116609
2026-08-21,26,21000.0,PUT,0.7465779525452091,-0.012133265976956903,0.5065116840428581,11.2,23.6,17.4,0.7126436781609197
2026-08-21,26,21200.0,PUT,0.7536882187599253,-0.013237372725495638,0.496012213445276,12.8,24.8,18.8,0.6382978723404255
2026-08-21,26,21400.0,PUT,0.7607984849746416,-0.014497061552249436,0.4862394028405092,14.4,26.4,20.4,0.588235294117647
2026-08-21,26,21500.0,PUT,0.7643536180819998,-0.015364711819475164,0.48262241284174306,15.4,27.8,21.6,0.5740740740740741
2026-08-21,26,21600.0,PUT,0.7679087511893579,-0.01599899087015552,0.4776440690100997,16.4,28.3,22.35,0.5324384787472036
2026-08-21,26,21800.0,PUT,0.7750190174040742,-0.017471672856248198,0.46868242412747757,18.1,30.2,24.15,0.5010351966873705
2026-08-21,26,22000.0,PUT,0.7821292836187904,-0.019082077821624757,0.46027221934344953,20.6,31.6,26.1,0.421455938697318
2026-08-21,26,22200.0,PUT,0.7892395498335067,-0.021105885091781396,0.4539194696737289,22.3,35.1,28.700000000000003,0.445993031358885
2026-08-21,26,22300.0,PUT,0.7927946829408649,-0.022138519925737662,0.4507694608548735,23.5,36.5,30.0,0.43333333333333335
2026-08-21,26,22300.0,CALL,0.7927946829408649,0.9827305822097561,0.4251860841199611,5600.5,6218.2,5909.35,0.10452926294770148
2026-08-21,26,22400.0,PUT,0.796349816048223,-0.023239111038143447,0.4479380186857936,25.7,37.1,31.4,0.3630573248407644
2026-08-21,26,22500.0,PUT,0.7999049491555811,-0.024111808964903392,0.44377072296095377,27.1,37.6,32.35,0.32457496136012365
2026-08-21,26,22500.0,CALL,0.7999049491555811,0.9804106846527408,0.4198707433330823,5404.0,6021.5,5712.75,0.10809154960395606
2026-08-21,26,22600.0,PUT,0.8034600822629393,-0.02571952124884955,0.44310690340954695,28.1,41.2,34.650000000000006,0.37806637806637805
2026-08-21,26,22700.0,PUT,0.8070152153702974,-0.027188937449031766,0.43814671310605685,30.3,43.0,36.65,0.34652114597544337
2026-08-21,26,22800.0,PUT,0.8105703484776555,-0.02850518182270137,0.43269011819219383,32.5,44.1,38.3,0.30287206266318545
2026-08-21,26,22900.0,PUT,0.8141254815850136,-0.03004123583409161,0.4277820589048128,34.5,46.1,40.3,0.28784119106699757
2026-08-21,26,22900.0,CALL,0.8141254815850136,0.9737105686959677,0.4175719501540855,5014.1,5631.6,5322.85,0.11600928074245939
2026-08-21,26,23000.0,CALL,0.8176806146923719,0.9720723124366529,0.41290938465423843,4916.3,5534.2,5225.25,0.11825271518109175
2026-08-21,26,23000.0,PUT,0.8176806146923719,-0.03161219260345691,0.42289936009376883,36.5,48.1,42.3,0.2742316784869977
2026-08-21,26,23100.0,PUT,0.82123574779973,-0.0331117878188363,0.41774555853268946,37.8,50.4,44.099999999999994,0.2857142857142858
2026-08-21,26,23100.0,CALL,0.82123574779973,0.9636041291312836,0.4270181546828461,4818.7,5461.9,5140.299999999999,0.12512888352819873
2026-08-21,26,23200.0,CALL,0.8247908809070881,0.9641010255700712,0.41608621778335236,4712.5,5364.4,5038.45,0.12938502912602085
2026-08-21,26,23200.0,PUT,0.8247908809070881,-0.0350768902215432,0.41380112540969993,40.7,52.7,46.7,0.2569593147751606
2026-08-21,26,23300.0,PUT,0.8283460140144462,-0.0369190655734123,0.40943530873478656,42.8,55.2,49.0,0.253061224489796
2026-08-21,26,23300.0,CALL,0.8283460140144462,0.9673843638565591,0.3978849115157571,4623.6,5239.7,4931.65,0.12492776251356028
2026-08-21,26,23400.0,PUT,0.8319011471218044,-0.03898645485856788,0.4056077347889391,45.5,57.8,51.65,0.23814133591481118
2026-08-21,26,23500.0,PUT,0.8354562802291625,-0.04111887665263322,0.4018742554212322,48.1,60.6,54.35,0.22999080036798528
2026-08-21,26,23500.0,CALL,0.8354562802291625,0.9655683478423428,0.3841432303123662,4421.0,5045.6,4733.3,0.13195867576532236
2026-08-21,26,23600.0,PUT,0.8390114133365206,-0.043184939831314995,0.3978680732964121,50.1,63.6,56.85,0.23746701846965698
2026-08-21,26,23600.0,CALL,0.8390114133365206,0.9608997210280404,0.38683856986658327,4332.4,4948.8,4640.6,0.1328276515967764
2026-08-21,26,23700.0,PUT,0.8425665464438787,-0.0456587085137893,0.3949064632876897,53.8,66.3,60.05,0.20815986677768528
2026-08-21,26,23800.0,PUT,0.846121679551237,-0.04840155470544846,0.39261727565617843,57.4,70.0,63.7,0.19780219780219782
2026-08-21,26,23800.0,CALL,0.846121679551237,0.9573274745176348,0.37706578051577977,4130.9,4758.8,4444.85,0.1412646096043737
2026-08-21,26,23900.0,CALL,0.8496768126585951,0.9554034742123555,0.372400257233121,4034.6,4659.6,4347.1,0.14377401025971345
2026-08-21,26,23900.0,PUT,0.8496768126585951,-0.05079329474305056,0.38925097049190815,60.4,72.8,66.6,0.18618618618618618
2026-08-21,26,24000.0,PUT,0.8532319457659532,-0.05385663817909372,0.3877158056057575,64.0,77.5,70.75,0.19081272084805653
2026-08-21,26,24000.0,CALL,0.8532319457659532,0.9514172196238695,0.373070214980559,3938.6,4567.4,4253.0,0.14784857747472366
2026-08-21,26,24100.0,PUT,0.8567870788733113,-0.05682042726823354,0.3858282546560506,68.4,80.9,74.65,0.16744809109176154
2026-08-21,26,24200.0,PUT,0.8603422119806695,-0.05954816525038786,0.38193941172944895,71.0,85.0,78.0,0.1794871794871795
2026-08-21,26,24300.0,PUT,0.8638973450880276,-0.06316110623579275,0.37739097348342154,76.6,89.4,83.0,0.15421686746987964
2026-08-21,26,24300.0,CALL,0.8638973450880276,0.9415826799946869,0.36921958066531024,3652.6,4280.7,3966.6499999999996,0.1583452031311056
2026-08-21,26,24400.0,PUT,0.8674524781953857,-0.06698287110219492,0.37307452357646625,82.4,94.1,88.25,0.1325779036827194
2026-08-21,26,24400.0,CALL,0.8674524781953857,0.9379744166990222,0.36479290471691295,3557.6,4185.8,3871.7,0.1622543068936127
2026-08-21,26,24500.0,PUT,0.8710076113027438,-0.0706993241490413,0.36844950065434384,87.4,98.8,93.1,0.12244897959183665
2026-08-21,26,24500.0,CALL,0.8710076113027438,0.9340957573559107,0.36042161849366544,3462.9,4091.3,3777.1000000000004,0.16637102538984935
2026-08-21,26,24600.0,CALL,0.8745627444101021,0.9299465139320316,0.35636415940475125,3368.6,3997.1,3682.85,0.1706558779206321
2026-08-21,26,24600.0,PUT,0.8745627444101021,-0.0748457931111028,0.36442847798899264,92.8,104.5,98.65,0.11860111505321846
2026-08-21,26,24700.0,CALL,0.8781178775174602,0.9255280483787908,0.3526184955543351,3274.6,3903.3,3588.95,0.17517658368046374
2026-08-21,26,24700.0,PUT,0.8781178775174602,-0.07858147268577824,0.35956256482031296,96.1,110.2,103.15,0.13669413475521094
2026-08-21,26,24800.0,PUT,0.8816730106248183,-0.08374456911029377,0.3570290372971973,104.6,116.3,110.44999999999999,0.10593028519692171
2026-08-21,26,24800.0,CALL,0.8816730106248183,0.9052827773462764,0.37731486845584183,3211.3,3847.9,3529.6000000000004,0.18036038077969171
2026-08-21,26,24900.0,PUT,0.8852281437321764,-0.08842421869244883,0.353524572409509,111.1,122.0,116.55,0.09352209352209358
2026-08-21,26,25000.0,PUT,0.8887832768395346,-0.09356210635233074,0.3506954210610299,118.0,128.9,123.45,0.08829485621709199
2026-08-21,26,25000.0,CALL,0.8887832768395346,0.9095052955000336,0.34528190402196235,3080.0,3543.7,3311.85,0.14001237978773187
2026-08-21,26,25100.0,CALL,0.8923384099468927,0.9039833495173264,0.3429197921003018,2987.6,3451.5,3219.55,0.14408845956733085
2026-08-21,26,25100.0,PUT,0.8923384099468927,-0.0985573657743175,0.3474741015114804,123.0,136.7,129.85,0.10550635348479007
2026-08-21,26,25200.0,CALL,0.8958935430542508,0.8941650370718468,0.3483558332205079,2895.7,3377.9,3136.8,0.1537235399132875
2026-08-21,26,25200.0,PUT,0.8958935430542508,-0.10480886110730878,0.34643092462683767,133.0,144.8,138.9,0.08495320374370058
2026-08-21,26,25300.0,PUT,0.899448676161609,-0.11080059241818443,0.3448255212432663,141.4,153.1,147.25,0.07945670628183354
2026-08-21,26,25400.0,CALL,0.9030038092689672,0.8818479916860994,0.3451677896784547,2714.0,3195.7,2954.85,0.16302011946460898
2026-08-21,26,25400.0,PUT,0.9030038092689672,-0.11695040211390852,0.3434323835103369,150.6,161.1,155.85,0.06737247353224254
2026-08-21,26,25500.0,PUT,0.9065589423763253,-0.12315434467913276,0.33817016645484976,158.2,170.4,164.3,0.07425441265976881
2026-08-21,26,25500.0,CALL,0.9065589423763253,0.8788827648149603,0.3355093752352264,2623.7,3087.7,2855.7,0.16248205343698569
2026-08-21,26,25600.0,CALL,0.9101140754836834,0.8717914386250979,0.33100727458802803,2533.9,2998.2,2766.05,0.16785669094918737
2026-08-21,26,25600.0,PUT,0.9101140754836834,-0.13058786073202094,0.3341543870746347,170.2,180.4,175.3,0.05818596691386205
2026-08-21,26,25700.0,PUT,0.9136692085910415,-0.1378245317816242,0.3296521731235573,178.7,192.0,185.35,0.07175613703803621
2026-08-21,26,25800.0,CALL,0.9172243416983997,0.8557747391279173,0.3237648739604488,2358.5,2821.3,2589.9,0.17869415807560143
2026-08-21,26,25800.0,PUT,0.9172243416983997,-0.1460751990668627,0.3262985659651952,191.7,203.3,197.5,0.05873417721518999
2026-08-21,26,25900.0,PUT,0.9207794748057578,-0.1539462601498355,0.3221914072998514,201.0,215.4,208.2,0.06916426512968303
2026-08-21,26,26000.0,PUT,0.924334607913116,-0.16294164303094286,0.31943808319409006,214.2,228.6,221.39999999999998,0.0650406504065041
2026-08-21,26,26000.0,CALL,0.924334607913116,0.8371026289282368,0.3193741129920015,2246.4,2591.5,2418.95,0.14266520597780025
2026-08-21,26,26100.0,PUT,0.9278897410204741,-0.17244707829559547,0.3172319193672331,229.2,242.0,235.6,0.05432937181663842
2026-08-21,26,26200.0,PUT,0.9314448741278323,-0.18186136559463084,0.3146957530363207,242.0,256.3,249.15,0.05739514348785876
2026-08-21,26,26200.0,CALL,0.9314448741278323,0.818122709453868,0.314720311374023,2074.7,2420.1,2247.3999999999996,0.1536887069502537
2026-08-21,26,26300.0,PUT,0.9350000072351904,-0.19204974328957033,0.31317705013290253,258.3,270.9,264.6,0.047619047619047485
2026-08-21,26,26400.0,CALL,0.9385551403425485,0.7981606005530868,0.31083397628114723,1906.8,2247.6,2077.2,0.16406701328711726
2026-08-21,26,26400.0,PUT,0.9385551403425485,-0.20189796549726907,0.31093219192751925,270.3,287.0,278.65,0.0599318141037143
2026-08-21,26,26500.0,PUT,0.9421102734499066,-0.21321780092623738,0.30874991526870327,288.2,305.9,297.04999999999995,0.059585928294899816
2026-08-21,26,26500.0,CALL,0.9421102734499066,0.7865891005671161,0.3090089854397486,1824.0,2169.4,1996.7,0.1729854259528222
2026-08-21,26,26600.0,CALL,0.9456654065572648,0.775094367575925,0.3044279352698687,1742.2,2087.8,1915.0,0.1804699738903395
2026-08-21,26,26600.0,PUT,0.9456654065572648,-0.2246951051249563,0.30413624417180307,306.0,324.0,315.0,0.05714285714285714
2026-08-21,26,26700.0,PUT,0.9492205396646229,-0.23682768820304032,0.29998886598356345,324.9,343.2,334.04999999999995,0.054782218230803814
2026-08-21,26,26800.0,CALL,0.952775672771981,0.750229295075367,0.29658108686286555,1670.9,1838.5,1754.7,0.09551490283239294
2026-08-21,26,26800.0,PUT,0.952775672771981,-0.2496004511517146,0.29632414952545283,345.0,363.5,354.25,0.05222300635144672
2026-08-21,26,26900.0,PUT,0.9563308058793392,-0.2629633956467035,0.2931184270119561,366.1,385.0,375.55,0.050326188257222675
2026-08-21,26,27000.0,PUT,0.9598859389866974,-0.2766879906777698,0.29005184982948856,388.5,405.8,397.15,0.04356036761928746
2026-08-21,26,27000.0,CALL,0.9598859389866974,0.7228675020908322,0.2908075563437986,1515.7,1683.1,1599.4,0.10466424909340993
2026-08-21,26,27100.0,PUT,0.9634410720940555,-0.29140205497182553,0.28828494953749234,412.3,431.7,422.0,0.0459715639810426
2026-08-21,26,27100.0,CALL,0.9634410720940555,0.7083951047725305,0.2886576561785531,1440.3,1606.8,1523.55,0.1092842374716944
2026-08-21,26,27200.0,CALL,0.9669962052014136,0.6924194779460711,0.28913137552635637,1439.1,1469.6,1454.35,0.02097156805445732
2026-08-21,26,27200.0,PUT,0.9669962052014136,-0.30635374095873313,0.2866476260804185,437.2,457.1,447.15,0.04450408140445049
2026-08-21,26,27300.0,PUT,0.9705513383087717,-0.321333017569962,0.2847084425611694,461.0,482.0,471.5,0.044538706256627786
2026-08-21,26,27350.0,PUT,0.9723289048624508,-0.32952605264357493,0.28503374544978055,476.9,498.0,487.45,0.04328649092214591
2026-08-21,26,27400.0,PUT,0.9741064714161299,-0.33762743655644933,0.2828642784712197,492.6,512.4,502.5,0.03940298507462678
2026-08-21,26,27400.0,CALL,0.9741064714161299,0.661538109342421,0.2846879767167447,1295.5,1323.0,1309.25,0.02100439182738209
2026-08-21,26,27450.0,CALL,0.9758840379698089,0.6534138262566457,0.2823922742225326,1260.4,1287.7,1274.0500000000002,0.021427730465837253
2026-08-21,26,27450.0,PUT,0.9758840379698089,-0.34543604950293355,0.2797483078021693,502.4,527.1,514.75,0.047984458474987945
2026-08-21,26,27500.0,PUT,0.977661604523488,-0.3540040660470854,0.2780537793464824,520.1,542.2,531.1500000000001,0.04160783206250592
2026-08-21,26,27500.0,CALL,0.977661604523488,0.6451226480458302,0.28018914438923403,1225.7,1252.5,1239.1,0.021628601404244982
2026-08-21,26,27550.0,CALL,0.979439171077167,0.6366687140266301,0.27807822548693495,1191.4,1217.4,1204.4,0.021587512454334108
2026-08-21,26,27550.0,PUT,0.979439171077167,-0.3625395092476524,0.27600853383949414,535.3,557.7,546.5,0.04098810612991782
2026-08-21,26,27600.0,PUT,0.9812167376308462,-0.3711164304965609,0.2737329741103905,550.8,571.5,561.15,0.036888532477947156
2026-08-21,26,27600.0,CALL,0.9812167376308462,0.6280088834834682,0.2761947051544941,1157.5,1183.2,1170.35,0.02195924296150728
2026-08-21,26,27650.0,CALL,0.9829943041845253,0.6192146452115168,0.2743683622577785,1123.9,1149.0,1136.45,0.02208632143957051
2026-08-21,26,27700.0,PUT,0.9847718707382043,-0.38903560615770055,0.2703200109943111,583.1,604.4,593.75,0.03587368421052624
2026-08-21,26,27700.0,CALL,0.9847718707382043,0.6102391816049625,0.27276785168260537,1090.7,1115.7,1103.2,0.022661348803480783
2026-08-21,26,27750.0,CALL,0.9865494372918834,0.6011277890351302,0.27129092231421426,1058.0,1082.6,1070.3,0.02298421003456966
2026-08-21,26,27800.0,CALL,0.9883270038455625,0.5918943978069426,0.2699201509520913,1025.6,1049.8,1037.6999999999998,0.02332080562783083
2026-08-21,26,27800.0,PUT,0.9883270038455625,-0.4076298646015465,0.2678734929959899,617.1,641.2,629.1500000000001,0.03830565048080747
2026-08-21,26,27850.0,CALL,0.9901045703992415,0.5825346126745978,0.26872222494083153,993.6,1017.6,1005.6,0.02386634844868735
2026-08-21,26,27850.0,PUT,0.9901045703992415,-0.41705362917989774,0.26665675705536984,638.1,655.6,646.85,0.02705418566901136
2026-08-21,26,27900.0,PUT,0.9918821369529206,-0.4265936012717848,0.26562886936853336,656.3,673.9,665.0999999999999,0.02646218613742298
2026-08-21,26,27900.0,CALL,0.9918821369529206,0.5730727720708841,0.2676459532852167,962.0,985.7,973.85,0.024336396775684187
2026-08-21,26,27950.0,CALL,0.9936597035065996,0.5635138527484929,0.26674093806439314,930.9,954.3,942.5999999999999,0.02482495225970717
2026-08-21,26,27950.0,PUT,0.9936597035065996,-0.43613346921918394,0.2640521988260946,670.8,692.6,681.7,0.03197887633856545
2026-08-21,26,28000.0,CALL,0.9954372700602787,0.5538781347852636,0.2659728602166303,900.2,923.3,911.75,0.025335892514395292
2026-08-21,26,28000.0,PUT,0.9954372700602787,-0.44586920936704244,0.2633335265841501,690.0,711.7,700.85,0.03096240279660419
2026-08-21,26,28025.0,CALL,0.9963260533371182,0.549035193169591,0.26564829494379766,885.0,908.0,896.5,0.025655326268823202
2026-08-21,26,28025.0,PUT,0.9963260533371182,-0.4507587465717656,0.2630002164690446,699.4,721.6,710.5,0.03124560168895151
2026-08-21,26,28050.0,PUT,0.9972148366139578,-0.4556625507978854,0.26270087698746764,709.1,731.4,720.25,0.030961471711211323
2026-08-21,26,28050.0,CALL,0.9972148366139578,0.5441786124856762,0.2653576774794182,869.9,892.8,881.3499999999999,0.02598286719237531
2026-08-21,26,28075.0,PUT,0.9981036198907973,-0.46057808994907296,0.2624187501917141,718.9,741.2,730.05,0.03054585302376559
2026-08-21,26,28100.0,CALL,0.9989924031676368,0.5344320746373146,0.2648612715220051,840.0,862.6,851.3,0.026547633031833693
2026-08-21,26,28100.0,PUT,0.9989924031676368,-0.4655064669003147,0.26223704441557155,728.9,751.4,740.15,0.030399243396608797
2026-08-21,26,28125.0,PUT,0.9998811864444764,-0.470439751072901,0.26173959283275905,739.4,759.2,749.3,0.026424663018817657
2026-08-21,26,28150.0,PUT,1.000769969721316,-0.47540431289286245,0.26053819502300724,749.6,769.3,759.45,0.025939824873263455
2026-08-21,26,28150.0,CALL,1.000769969721316,0.5246360356969427,0.26356207342817545,810.6,833.3,821.95,0.027617251657643324
2026-08-21,26,28200.0,PUT,1.002547536274995,-0.4854628308725938,0.25833680071190784,769.9,792.7,781.3,0.029182132343530103
2026-08-21,26,28200.0,CALL,1.002547536274995,0.5146759272448843,0.261028823170891,781.7,804.2,792.95,0.02837505517371839
2026-08-21,26,28225.0,CALL,1.0034363195518345,0.5096280048548016,0.25983199281440517,767.4,789.9,778.65,0.028896166441918707
2026-08-21,26,28225.0,PUT,1.0034363195518345,-0.49056421396870215,0.257131443713023,780.5,803.3,791.9,0.028791514080060556
2026-08-21,26,28250.0,CALL,1.0043251028286742,0.5045365506622793,0.2586705016773106,753.2,775.7,764.45,0.0294329256328079
2026-08-21,26,28250.0,PUT,1.0043251028286742,-0.4957104318470295,0.25596146515296375,791.2,814.0,802.6,0.028407675056067724
2026-08-21,26,28275.0,PUT,1.0052138861055135,-0.5008981401248471,0.25484332246219804,802.2,824.7,813.45,0.027659966808039827
2026-08-21,26,28300.0,PUT,1.0061026693823532,-0.5061269588310825,0.2537603554353975,813.2,835.6,824.4000000000001,0.02717127607957299
2026-08-21,26,28300.0,CALL,1.0061026693823532,0.49423115886734476,0.25646972620236314,725.0,747.8,736.4,0.03096143400325904
2026-08-21,26,28325.0,CALL,1.0069914526591928,0.4890235236889228,0.25544674951318525,711.1,734.1,722.6,0.03182950456684196
2026-08-21,26,28325.0,PUT,1.0069914526591928,-0.5113952689938321,0.25271247649964035,824.3,846.6,835.45,0.02669220180740926
2026-08-21,26,28350.0,PUT,1.0078802359360322,-0.5166926993308971,0.2517490790234602,835.5,858.0,846.75,0.026572187776793623
2026-08-21,26,28350.0,CALL,1.0078802359360322,0.4837771018034813,0.25444220834152287,697.5,720.2,708.85,0.032023700359737665
2026-08-21,26,28375.0,PUT,1.0087690192128718,-0.5220273351623012,0.25080401579748957,846.8,869.4,858.0999999999999,0.026337256729984878
2026-08-21,26,28400.0,PUT,1.0096578024897114,-0.5273948271005602,0.2498937055687287,858.2,880.9,869.55,0.02610545684549472
2026-08-21,26,28400.0,CALL,1.0096578024897114,0.47318837581009093,0.25257058400131843,670.5,693.0,681.75,0.033003300330033
2026-08-21,26,28425.0,PUT,1.0105465857665508,-0.5327893448192433,0.24903450106822259,869.8,892.5,881.15,0.025761788571752875
2026-08-21,26,28425.0,CALL,1.0105465857665508,0.4678627845882181,0.2517525965672654,657.3,679.8,668.55,0.03365492483733453
2026-08-21,26,28450.0,CALL,1.0114353690433904,0.4625027233133105,0.250936184901019,644.1,666.6,655.35,0.034332799267566945
2026-08-21,26,28450.0,PUT,1.0114353690433904,-0.5382905410557078,0.24791411562045765,882.0,901.9,891.95,0.022310667638320507
2026-08-21,26,28475.0,CALL,1.0123241523202298,0.45712185452973114,0.2501705971958298,631.1,653.5,642.3,0.03487466915771443
2026-08-21,26,28475.0,PUT,1.0123241523202298,-0.5436521192770435,0.24745242518139085,893.3,916.2,904.75,0.025310859353412644
2026-08-21,26,28500.0,CALL,1.0132129355970694,0.45169823843424267,0.24937369774027532,618.1,640.2,629.1500000000001,0.03512675832472387
2026-08-21,26,28500.0,PUT,1.0132129355970694,-0.5491200321102926,0.24671290225723155,905.2,928.2,916.7,0.02508999672739173
2026-08-21,26,28525.0,PUT,1.014101718873909,-0.5545986689263093,0.2460403533170612,917.3,940.4,928.8499999999999,0.02486946223825163
2026-08-21,26,28525.0,CALL,1.014101718873909,0.4462831134773026,0.24870940912808145,605.4,627.4,616.4,0.035691109669046074
2026-08-21,26,28550.0,CALL,1.0149905021507484,0.44060949487358125,0.24739179755236476,594.0,609.3,601.65,0.025430067314883995
2026-08-21,26,28550.0,PUT,1.0149905021507484,-0.5600778707964326,0.24545094516319,929.4,953.1,941.25,0.025179282868525946
2026-08-21,26,28575.0,CALL,1.015879285427588,0.43509735039286646,0.2466653637098628,580.4,597.0,588.7,0.02819772379819946
2026-08-21,26,28575.0,PUT,1.015879285427588,-0.5656142512888878,0.2447809689851582,941.8,965.0,953.4,0.024333962659953898
2026-08-21,26,28600.0,CALL,1.0167680687044276,0.4296441354430926,0.24616901184154066,568.0,584.9,576.45,0.02931737357966862
2026-08-21,26,28600.0,PUT,1.0167680687044276,-0.571266492258351,0.24390004214843744,954.5,975.3,964.9,0.021556637993574417
2026-08-21,26,28625.0,PUT,1.017656851981267,-0.5766586903784474,0.2437223304669812,966.8,990.3,978.55,0.024015124418782893
2026-08-21,26,28625.0,CALL,1.017656851981267,0.4241141103720718,0.24554310749220817,555.8,571.8,563.8,0.028378857750975525
2026-08-21,26,28650.0,PUT,1.0185456352581066,-0.5821614228267237,0.2433168105689344,979.6,1003.4,991.5,0.024004034291477513
2026-08-21,26,28650.0,CALL,1.0185456352581066,0.4187012264476987,0.2452444261141901,543.8,560.5,552.15,0.030245404328533995
2026-08-21,26,28675.0,PUT,1.0194344185349462,-0.5876977513283828,0.2428795328235106,992.4,1016.3,1004.3499999999999,0.02379648528899286
2026-08-21,26,28675.0,CALL,1.0194344185349462,0.4132296181861819,0.24484862816643346,531.9,548.5,540.2,0.030729359496482825
2026-08-21,26,28700.0,CALL,1.0203232018117856,0.4081306847023497,0.24525071581194197,520.1,541.3,530.7,0.03994723949500646
2026-08-21,26,28700.0,PUT,1.0203232018117856,-0.5933835584197005,0.24218290881238907,1005.7,1027.1,1016.4,0.021054702872884558
2026-08-21,26,28725.0,CALL,1.0212119850886252,0.4026173587975329,0.24480691748696976,505.1,532.1,518.6,0.052063247204010794
2026-08-21,26,28725.0,PUT,1.0212119850886252,-0.5978855249783654,0.24382742671822152,1009.0,1062.3,1035.65,0.051465263361174095
2026-08-21,26,28750.0,CALL,1.0221007683654648,0.3972492229947906,0.24467247031370296,493.7,521.2,507.45000000000005,0.054192531283870436
2026-08-21,26,28750.0,PUT,1.0221007683654648,-0.6042391366083226,0.24191375614177063,1031.8,1056.1,1043.9499999999998,0.023276976866708137
2026-08-21,26,28775.0,CALL,1.0229895516423042,0.3910858885692779,0.24312724947642042,483.4,500.5,491.95,0.03475963004370367
2026-08-21,26,28775.0,PUT,1.0229895516423042,-0.6094046033337978,0.2422579317737402,1029.7,1088.7,1059.2,0.055702416918429
2026-08-21,26,28800.0,PUT,1.0238783349191438,-0.6151951988147064,0.2415160676624298,1058.6,1083.6,1071.1,0.023340491083932408
2026-08-21,26,28800.0,CALL,1.0238783349191438,0.38610984388087016,0.24374000947515115,471.1,495.1,483.1,0.04967915545435728
2026-08-21,26,28825.0,CALL,1.0247671181959834,0.38052730457131323,0.24273429408478803,460.2,481.9,471.04999999999995,0.04606729646534336
2026-08-21,26,28825.0,PUT,1.0247671181959834,-0.6202052738639439,0.24136670096359117,1057.4,1116.9,1087.15,0.05473025801407349
2026-08-21,26,28850.0,PUT,1.0256559014728228,-0.6263433430989873,0.23884548511580594,1086.7,1109.1,1097.9,0.020402586756535078
2026-08-21,26,28850.0,CALL,1.0256559014728228,0.37510143297625687,0.24140602202595107,449.3,470.9,460.1,0.04694631601825682
2026-08-21,26,28875.0,PUT,1.0265446847496624,-0.6306035685969198,0.23970642509157902,1042.3,1193.3,1117.8,0.1350867775988549
2026-08-21,26,28875.0,CALL,1.0265446847496624,0.3696480001700773,0.24013593214431211,438.6,460.0,449.3,0.047629646116180674
2026-08-21,26,28900.0,CALL,1.027433468026502,0.36469812960031994,0.23979030558043707,428.0,454.0,441.0,0.05895691609977324
2026-08-21,26,28900.0,PUT,1.027433468026502,-0.6372495215453029,0.2366210719707236,1114.0,1140.0,1127.0,0.023070097604259095
2026-08-21,26,28925.0,PUT,1.0283222513033414,-0.6418056162351825,0.237021954280317,1071.2,1220.1,1145.65,0.12996988609086532
2026-08-21,26,28925.0,CALL,1.0283222513033414,0.3592107667529287,0.2386166433315453,417.6,443.3,430.45000000000005,0.05970495992565916
2026-08-21,26,28950.0,PUT,1.029211034580181,-0.6483869292115424,0.23436945336356257,1142.7,1169.3,1156.0,0.023010380622837293
2026-08-21,26,28975.0,PUT,1.0300998178570206,-0.6521664263441127,0.23592890707670425,1106.0,1249.6,1177.8,0.12192222788249271
2026-08-21,26,28975.0,CALL,1.0300998178570206,0.34775678440051305,0.23581759018943493,398.3,417.9,408.1,0.04802744425385926
2026-08-21,26,29000.0,PUT,1.03098860113386,-0.6596048578048451,0.2323110859379151,1171.8,1199.2,1185.5,0.023112610712779494
2026-08-21,26,29000.0,CALL,1.03098860113386,0.34267090374597686,0.235459459928598,387.4,412.1,399.75,0.061788617886178974
2026-08-21,26,29025.0,PUT,1.0318773844106996,-0.6624882626819646,0.23502371327300828,1131.3,1289.6,1210.4499999999998,0.13077780990540705
2026-08-21,26,29025.0,CALL,1.0318773844106996,0.3365505041861886,0.23372733987716068,377.6,397.7,387.65,0.05185089642718939
2026-08-21,26,29050.0,PUT,1.0327661676875393,-0.670892094318551,0.2304264556670841,1201.5,1229.4,1215.45,0.022954461310625767
2026-08-21,26,29050.0,CALL,1.0327661676875393,0.33111989269516734,0.23300599826794507,368.8,387.8,378.3,0.05022468939994713
2026-08-21,26,29100.0,CALL,1.0345437342412183,0.31961378421445935,0.23091047157275124,349.9,365.7,357.79999999999995,0.04415874790385694
2026-08-21,26,29100.0,PUT,1.0345437342412183,-0.682117104653211,0.22884223793070488,1231.7,1260.7,1246.2,0.023270743058899052
2026-08-21,26,29125.0,PUT,1.0354325175180579,-0.6859345023603445,0.23019561631266486,1191.8,1343.1,1267.4499999999998,0.11937354530750718
2026-08-21,26,29125.0,CALL,1.0354325175180579,0.31437678249350387,0.23055938057301398,339.8,359.1,349.45000000000005,0.05522964658749466
2026-08-21,26,29150.0,PUT,1.0363213007948973,-0.6933331412824383,0.2274471345591429,1262.5,1292.4,1277.45,0.02340600414889044
2026-08-21,26,29150.0,CALL,1.0363213007948973,0.3088511535138683,0.22989925253037893,330.7,349.8,340.25,0.056135194709772296
2026-08-21,26,29175.0,PUT,1.0372100840717369,-0.6958535465810297,0.23018207375961838,1213.0,1392.0,1302.5,0.13742802303262955
2026-08-21,26,29175.0,CALL,1.0372100840717369,0.3026135419387297,0.22849440674204333,321.9,336.1,329.0,0.04316109422492415
2026-08-21,26,29200.0,CALL,1.0380988673485765,0.29712456653588787,0.22796525938551884,313.1,327.2,320.15,0.04404185538029039
2026-08-21,26,29200.0,PUT,1.0380988673485765,-0.704512370913492,0.22623988749766827,1293.8,1324.6,1309.1999999999998,0.02352581729300333
2026-08-21,26,29225.0,PUT,1.0389876506254159,-0.7092656925246884,0.2265366830950799,1245.3,1409.8,1327.55,0.1239124703401002
2026-08-21,26,29225.0,CALL,1.0389876506254159,0.29241700600094017,0.22827279419570498,304.4,322.8,313.6,0.05867346938775521
2026-08-21,26,29250.0,CALL,1.0398764339022555,0.2863594138283653,0.22720057853658474,296.6,309.9,303.25,0.0438582028029677
2026-08-21,26,29250.0,PUT,1.0398764339022555,-0.7147320394832549,0.2261075729195546,1261.7,1426.1,1343.9,0.12233053054542738
2026-08-21,26,29275.0,CALL,1.0407652171790949,0.2808204738344352,0.22669266014360417,287.4,301.5,294.45,0.04788588894549167
2026-08-21,26,29275.0,PUT,1.0407652171790949,-0.7201629715924397,0.2257337263765185,1278.3,1442.5,1360.4,0.12069979417818291
2026-08-21,26,29300.0,PUT,1.0416540004559345,-0.7257073024120375,0.2252702371120163,1294.6,1458.7,1376.65,0.11920241165147287
2026-08-21,26,29300.0,CALL,1.0416540004559345,0.27544663889816823,0.226366796459225,279.1,293.2,286.15,0.049274855844836506
2026-08-21,26,29325.0,CALL,1.042542783732774,0.27092768759698393,0.22685508365316912,271.0,289.2,280.1,0.06497679400214204
2026-08-21,26,29350.0,PUT,1.0434315670096135,-0.7322068709254274,0.22860804577441393,1368.0,1473.9,1420.95,0.07452760477145577
2026-08-21,26,29350.0,CALL,1.0434315670096135,0.2647721407042722,0.22582549217702624,263.0,276.7,269.85,0.0507689457105799
2026-08-21,26,29375.0,PUT,1.044320350286453,-0.7416963481076045,0.22457095236914118,1345.2,1509.4,1427.3000000000002,0.11504238772507533
2026-08-21,26,29375.0,CALL,1.044320350286453,0.25980078902918957,0.225898390990845,256.3,269.0,262.65,0.04835332191128875
2026-08-21,26,29400.0,PUT,1.0452091335632927,-0.746894687687196,0.22447093210933733,1362.5,1526.6,1444.55,0.11359939081374816
2026-08-21,26,29400.0,CALL,1.0452091335632927,0.2546469805512925,0.22580897633499614,248.6,261.4,255.0,0.050196078431372484
2026-08-21,26,29425.0,CALL,1.046097916840132,0.24933347633133102,0.22489939302727888,240.1,253.9,247.0,0.0558704453441296
2026-08-21,26,29425.0,PUT,1.046097916840132,-0.7474902178816069,0.22833157434052656,1419.9,1525.7,1472.8000000000002,0.07183595871808796
2026-08-21,26,29450.0,PUT,1.0469867001169717,-0.7572961197504241,0.2219699153551622,1397.0,1561.6,1479.3,0.11126884337186502
2026-08-21,26,29450.0,CALL,1.0469867001169717,0.2443240003483793,0.22369920704286245,232.7,247.0,239.85,0.059620596205962106
2026-08-21,26,29475.0,CALL,1.0478754833938113,0.23923796672045805,0.22247848217087365,225.5,239.8,232.65,0.06146572104018917
2026-08-21,26,29475.0,PUT,1.0478754833938113,-0.7625601463216278,0.22061874648773658,1414.2,1579.3,1496.75,0.11030566226824781
2026-08-21,26,29500.0,PUT,1.0487642666706507,-0.7676769686153139,0.21948177150565615,1432.2,1597.1,1514.65,0.10887003598190992
2026-08-21,26,29500.0,CALL,1.0487642666706507,0.23455817119329725,0.22172944828725977,218.5,234.4,226.45,0.07021417531463903
2026-08-21,26,29525.0,CALL,1.0496530499474903,0.22908752777987804,0.22023328618461965,211.6,225.7,218.64999999999998,0.06448662245597986
2026-08-21,26,29525.0,PUT,1.0496530499474903,-0.7673877606772462,0.22375435526510212,1491.2,1597.0,1544.1,0.0685188783109902
2026-08-21,26,29550.0,PUT,1.05054183322433,-0.7776485627205039,0.21761334757022108,1468.5,1634.1,1551.3,0.10674917810868298
2026-08-21,26,29550.0,CALL,1.05054183322433,0.22427653903004555,0.2194419988166548,204.0,220.7,212.35,0.07864374852837291
2026-08-21,26,29575.0,PUT,1.0514306165011693,-0.7827113718526642,0.21667092157521356,1486.8,1652.4,1569.6,0.10550458715596339
2026-08-21,26,29575.0,CALL,1.0514306165011693,0.21890470046190133,0.2181625558044421,198.9,211.1,205.0,0.05951219512195116
2026-08-21,26,29600.0,CALL,1.052319399778009,0.21419100926906404,0.2175388359105135,192.6,205.5,199.05,0.06480783722682745
2026-08-21,26,29600.0,PUT,1.052319399778009,-0.7878443263403833,0.21570755246458545,1505.3,1670.4,1587.85,0.10397707592026964
2026-08-21,26,29625.0,CALL,1.0532081830548485,0.20902943799602047,0.21654424410885573,186.1,198.5,192.3,0.06448257930317215
2026-08-21,26,29625.0,PUT,1.0532081830548485,-0.7927555994640412,0.21497916228572916,1524.0,1689.2,1606.6,0.10282584339599157
2026-08-21,26,29650.0,CALL,1.054096966331688,0.20433296759887215,0.2159936828189496,179.9,193.1,186.5,0.07077747989276133
2026-08-21,26,29650.0,PUT,1.054096966331688,-0.7975907706360292,0.2143454531291062,1542.8,1708.3,1625.55,0.10181169450339886
2026-08-21,26,29675.0,CALL,1.0549857496085275,0.199282326797866,0.2151659138739209,173.9,186.3,180.10000000000002,0.06885063853414772
2026-08-21,26,29675.0,PUT,1.0549857496085275,-0.8024544485589913,0.21371327727670877,1561.7,1727.3,1644.5,0.10069930069930065
2026-08-21,26,29700.0,PUT,1.0558745328853671,-0.7968166066255052,0.22199278144308343,1619.5,1745.8,1682.65,0.07506017294149107
2026-08-21,26,29700.0,CALL,1.0558745328853671,0.19520463896737766,0.21517464295263974,168.0,183.0,175.5,0.08547008547008547
2026-08-21,26,29725.0,CALL,1.0567633161622065,0.1893817774235135,0.21377112761279643,162.0,173.7,167.85,0.0697050938337801
2026-08-21,26,29725.0,PUT,1.0567633161622065,-0.8121222767486143,0.21256920170573843,1600.1,1765.2,1682.65,0.09811903842153753
2026-08-21,26,29750.0,PUT,1.0576520994390461,-0.8168613082995736,0.2121032056392726,1619.5,1784.4,1701.95,0.0968888627750522
2026-08-21,26,29750.0,CALL,1.0576520994390461,0.1850145974047927,0.2135732776600125,157.4,168.2,162.8,0.06633906633906624
2026-08-21,26,29775.0,PUT,1.0585408827158858,-0.8214697629426763,0.21175369384135745,1639.0,1804.0,1721.5,0.09584664536741214
2026-08-21,26,29775.0,CALL,1.0585408827158858,0.18046051841393687,0.21323733561217598,151.2,163.7,157.45,0.07939028262940617
2026-08-21,26,29800.0,PUT,1.0594296659927251,-0.8191224793724309,0.2167577300728414,1700.0,1805.3,1752.65,0.060080449604884005
2026-08-21,26,29800.0,CALL,1.0594296659927251,0.1761652229685143,0.21310972829521885,146.1,159.0,152.55,0.08456243854473947
2026-08-21,26,29825.0,PUT,1.0603184492695648,-0.8234277965187062,0.21656474863060932,1719.9,1825.2,1772.5500000000002,0.059405940594059375
2026-08-21,26,29825.0,CALL,1.0603184492695648,0.17158748694317386,0.21277508808457712,141.2,153.2,147.2,0.08152173913043478
2026-08-21,26,29850.0,CALL,1.0612072325464044,0.16699549444262107,0.2124412259935723,135.5,148.2,141.85,0.08953119492421564
2026-08-21,26,29850.0,PUT,1.0612072325464044,-0.8331702432936455,0.2123198139449873,1704.1,1863.2,1783.65,0.08919911417598751
2026-08-21,26,29875.0,CALL,1.0620960158232438,0.16235730087912903,0.21208516451277018,129.7,143.2,136.45,0.09893733968486626
2026-08-21,26,29900.0,PUT,1.0629847991000834,-0.843555495439976,0.21084406596452315,1649.0,1993.1,1821.05,0.1889569204579775
2026-08-21,26,29900.0,CALL,1.0629847991000834,0.1582549151472319,0.21212009098767934,126.1,137.7,131.89999999999998,0.08794541319181196
2026-08-21,26,29925.0,CALL,1.063873582376923,0.1537926649539327,0.2119027531155595,120.1,133.5,126.8,0.10567823343848586
2026-08-21,26,29925.0,PUT,1.063873582376923,-0.8474044867805628,0.21107124749287445,1669.4,2014.3,1841.85,0.18725737709368293
2026-08-21,26,29950.0,PUT,1.0647623656537624,-0.8440727204123385,0.21631745777663455,1771.0,1976.2,1873.6,0.1095217762596072
2026-08-21,26,29950.0,CALL,1.0647623656537624,0.14982135831665552,0.21202940242278093,115.5,129.4,122.45,0.11351572070232753
2026-08-21,26,29975.0,CALL,1.065651148930602,0.14570208110785673,0.21093709108934253,111.2,124.6,117.9,0.11365564037319754
2026-08-21,26,29975.0,PUT,1.065651148930602,-0.8505352176774604,0.2146369184481214,1788.2,1992.3,1890.25,0.10797513556407878
2026-08-21,26,30000.0,CALL,1.0665399322074416,0.1426094132651107,0.21064956178104846,108.6,121.2,114.9,0.1096605744125327
2026-08-21,26,30000.0,PUT,1.0665399322074416,-0.8517337899932782,0.21640260913507178,1812.4,2017.5,1914.95,0.10710462414162245
2026-08-21,26,30025.0,CALL,1.067428715484281,0.13798478906262182,0.2088921919988128,102.9,116.6,109.75,0.12482915717539853
2026-08-21,26,30025.0,PUT,1.067428715484281,-0.8623347875059353,0.2085864250194371,1755.2,2096.6,1925.9,0.17726777091230067
2026-08-21,26,30050.0,PUT,1.0683174987611206,-0.8644846417507168,0.20923576711871616,1854.3,2044.1,1949.1999999999998,0.0973732813461933
2026-08-21,26,30050.0,CALL,1.0683174987611206,0.1345970443960258,0.2083688775504116,100.5,112.3,106.4,0.11090225563909771
2026-08-21,26,30075.0,PUT,1.06920628203796,-0.8713600210163608,0.20552070782978213,1794.2,2138.0,1966.1,0.17486394384822743
2026-08-21,26,30075.0,CALL,1.06920628203796,0.1303015059175348,0.20702888851313486,95.0,108.7,101.85,0.13451153657339227
2026-08-21,26,30100.0,PUT,1.0700950653147996,-0.9046833145085877,0.18172915373890872,1821.6,2084.8,1953.2,0.13475322547614185
2026-08-21,26,30100.0,CALL,1.0700950653147996,0.1262936193197893,0.20599900936354812,92.3,103.2,97.75,0.11150895140664968
2026-08-21,26,30125.0,PUT,1.0709838485916392,-0.86990226850289,0.21206265899054896,1918.1,2122.7,2020.3999999999999,0.10126707582656896
2026-08-21,26,30125.0,CALL,1.0709838485916392,0.12340862555956153,0.20599111771600556,89.3,101.0,95.15,0.12296374146085132
2026-08-21,26,30150.0,CALL,1.0718726318684786,0.11985759998293864,0.2054063498877752,85.7,97.7,91.7,0.13086150490730644
2026-08-21,26,30150.0,PUT,1.0718726318684786,-0.882213063069105,0.20363347369494633,1858.2,2202.5,2030.35,0.16957667397246778
2026-08-21,26,30200.0,CALL,1.0736501984221578,0.11208320986895545,0.20373400643812056,77.2,90.9,84.05000000000001,0.16299821534800715
2026-08-21,26,30200.0,PUT,1.0736501984221578,-0.8664474180082313,0.22326416644123884,1982.3,2225.5,2103.9,0.11559484766386237
2026-08-21,26,30225.0,PUT,1.0745389816989972,-0.8927628731070014,0.20216614124179247,1923.1,2267.3,2095.2,0.16428025964108453
2026-08-21,26,30225.0,CALL,1.0745389816989972,0.10870989761291544,0.2033571781404949,74.3,87.5,80.9,0.1631644004944376
2026-08-21,26,30250.0,PUT,1.0754277649758368,-0.8840062752137993,0.21191070014145513,1994.6,2269.3,2131.95,0.12884917563732748
2026-08-21,26,30250.0,CALL,1.0754277649758368,0.10603857326905074,0.20355474491306694,72.9,84.3,78.6,0.1450381679389312
2026-08-21,26,30275.0,CALL,1.0763165482526764,0.1020969145272186,0.20274108401365934,68.3,81.3,74.8,0.17379679144385027
2026-08-21,26,30275.0,PUT,1.0763165482526764,-0.8966535289380229,0.20373123234554977,1973.3,2311.1,2142.2,0.15768835776304732
2026-08-21,26,30300.0,CALL,1.0772053315295158,0.0989053935637476,0.20253509651471907,66.8,77.0,71.9,0.14186369958275385
2026-08-21,26,30300.0,PUT,1.0772053315295158,-0.9028498937185153,0.20118069451817336,1988.4,2333.1,2160.75,0.15952794168691417
2026-08-21,26,30325.0,CALL,1.0780941148063554,0.09601412252807796,0.2025648026495736,63.1,75.6,69.35,0.1802451333813986
2026-08-21,26,30325.0,PUT,1.0780941148063554,-0.8876609044246094,0.21596123582697024,2054.6,2355.4,2205.0,0.13641723356009078
2026-08-21,26,30350.0,CALL,1.078982898083195,0.0929909296247932,0.20249375184599397,60.4,72.9,66.65,0.18754688672168052
2026-08-21,26,30350.0,PUT,1.078982898083195,-0.9074797967501175,0.20213759470920772,1973.2,2440.5,2206.85,0.21174977909690282
2026-08-21,26,30375.0,CALL,1.0798716813600344,0.08996563545196228,0.2024228662336502,57.6,70.3,63.95,0.19859265050820946
2026-08-21,26,30375.0,PUT,1.0798716813600344,-0.9104506260542031,0.20211181520894103,1995.5,2462.8,2229.15,0.2096314738801786
2026-08-21,26,30400.0,CALL,1.080760464636874,0.08730016860168692,0.20262003010299884,56.2,67.1,61.65,0.17680454176804528
2026-08-21,26,30400.0,PUT,1.080760464636874,-0.9133771907514079,0.20211928190095374,2017.8,2485.2,2251.5,0.2075949367088607
2026-08-21,26,30425.0,PUT,1.0816492479137136,-0.9486997461463229,0.1704181925168684,2040.3,2447.1,2243.7,0.18130766145206578
2026-08-21,26,30425.0,CALL,1.0816492479137136,0.08445741790315968,0.20268295805454942,52.9,65.4,59.150000000000006,0.2113271344040576
2026-08-21,26,30450.0,CALL,1.082538031190553,0.08175459114479604,0.20284599587290353,50.6,63.0,56.8,0.21830985915492956
2026-08-21,26,30450.0,PUT,1.082538031190553,-0.9189506215449067,0.20233545530359637,2062.8,2530.2,2296.5,0.20352710646636168
2026-08-21,26,30475.0,PUT,1.0834268144673926,-0.9215931220930151,0.20253113436673698,2085.5,2552.8,2319.15,0.20149623784576254
2026-08-21,26,30475.0,CALL,1.0834268144673926,0.07933443075565261,0.203208998774142,47.7,61.8,54.75,0.25753424657534235
2026-08-21,26,30500.0,CALL,1.0843155977442323,0.07696411527514266,0.2028574877697899,46.4,59.1,52.75,0.2407582938388626
2026-08-21,26,30500.0,PUT,1.0843155977442323,-0.9242007266915899,0.20144065527840496,2108.2,2575.5,2341.85,0.199543096270043
2026-08-21,26,30525.0,CALL,1.0852043810210716,0.07400013054868278,0.20134617284711723,43.8,56.5,50.15,0.2532402791625125
2026-08-21,26,30525.0,PUT,1.0852043810210716,-0.9266909164670688,0.20052580279357107,2131.0,2598.4,2364.7,0.19765720810250778
2026-08-21,26,30550.0,PUT,1.0860931642979113,-0.9293030997507401,0.1994990269033822,2153.8,2621.1,2387.45,0.1957318477873881
2026-08-21,26,30550.0,CALL,1.0860931642979113,0.07158233329102279,0.20052815111296812,41.8,54.5,48.15,0.2637590861889928
2026-08-21,26,30575.0,CALL,1.0869819475747509,0.06919466315804976,0.19976976945773778,39.8,52.6,46.2,0.2770562770562771
2026-08-21,26,30600.0,CALL,1.0878707308515903,0.06612548239480959,0.19827064073928272,38.0,49.2,43.6,0.2568807339449542
2026-08-21,26,30600.0,PUT,1.0878707308515903,-0.9340940281320177,0.19802608581558168,2199.8,2667.1,2433.45,0.19203188888203981
2026-08-21,26,30625.0,PUT,1.0887595141284299,-0.9362555339453215,0.19757795861717153,2223.2,2690.2,2456.7,0.1900924003744861
2026-08-21,26,30625.0,CALL,1.0887595141284299,0.0637417521095429,0.19757497488544404,36.2,47.2,41.7,0.26378896882494
2026-08-21,26,30650.0,PUT,1.0896482974052695,-0.9389034661751682,0.1966186205955513,2245.7,2713.3,2479.5,0.18858640855011105
2026-08-21,26,30650.0,CALL,1.0896482974052695,0.06207960611967788,0.1976786749610298,33.8,47.2,40.5,0.3308641975308643
2026-08-21,26,30675.0,CALL,1.0905370806821089,0.05983454773061456,0.197156284740769,32.0,45.5,38.75,0.34838709677419355
2026-08-21,26,30700.0,PUT,1.0914258639589485,-0.9505420043735621,0.18848918817721674,2279.4,2759.8,2519.6000000000004,0.19066518494999207
2026-08-21,26,30700.0,CALL,1.0914258639589485,0.057793783848230834,0.19686252221636147,30.4,44.0,37.2,0.3655913978494624
2026-08-21,26,30725.0,CALL,1.092314647235788,0.05629191727847779,0.19713686207840916,29.8,42.5,36.15,0.35131396957123096
2026-08-21,26,30725.0,PUT,1.092314647235788,-0.9526719915412989,0.18822716010424456,2302.8,2783.2,2543.0,0.18891073535194638
2026-08-21,26,30750.0,CALL,1.0932034305126275,0.05391505568600465,0.1965038565961445,27.5,41.1,34.3,0.3965014577259476
2026-08-21,26,30750.0,PUT,1.0932034305126275,-0.9548078582110658,0.1879658460529254,2326.2,2806.6,2566.3999999999996,0.1871882793017457
2026-08-21,26,30775.0,PUT,1.094092213789467,-0.9568277955550254,0.18781751565079688,2349.7,2830.1,2589.8999999999996,0.18548978725047305
2026-08-21,26,30775.0,CALL,1.094092213789467,0.05146687710584656,0.19581611777033778,27.7,37.1,32.4,0.2901234567901235
2026-08-21,26,30800.0,PUT,1.0949809970663067,-0.9586665081128921,0.18783776994742923,2373.4,2853.7,2613.55,0.18377302902182843
2026-08-21,26,30800.0,CALL,1.0949809970663067,0.05086485592484952,0.19699480757843807,26.5,37.8,32.15,0.35147744945567644
2026-08-21,26,30825.0,CALL,1.095869780343146,0.049148174669080336,0.19704180834520071,25.3,36.5,30.9,0.3624595469255663
2026-08-21,26,30850.0,PUT,1.0967585636199857,-0.9624052536354945,0.18782219754073962,2420.6,2901.0,2660.8,0.18054720384846665
2026-08-21,26,30850.0,CALL,1.0967585636199857,0.04748918118117437,0.19714511883598138,24.1,35.3,29.7,0.37710437710437694
2026-08-21,26,30875.0,CALL,1.097647346896825,0.045889197324565735,0.19730455826580778,23.0,34.1,28.55,0.3887915936952715
2026-08-21,26,30875.0,PUT,1.097647346896825,-0.9640553759481707,0.18760086369076165,2444.5,2924.7,2684.6,0.1788720852268494
2026-08-21,26,30900.0,PUT,1.0985361301736647,-0.9657213174529871,0.18634207272559392,2468.3,2948.5,2708.4,0.1773002510707428
2026-08-21,26,30900.0,CALL,1.0985361301736647,0.04336483679999453,0.19656315253756707,20.4,32.8,26.599999999999998,0.46616541353383456
2026-08-21,26,30925.0,CALL,1.0994249134505043,0.042289552098695185,0.1972287416795561,19.3,32.5,25.9,0.5096525096525096
2026-08-21,26,30950.0,CALL,1.1003136967273437,0.0409289782714406,0.19761224477194056,18.5,31.4,24.95,0.5170340681362725
2026-08-21,26,30950.0,PUT,1.1003136967273437,-0.9537391523067118,0.20287065404569035,2536.0,3001.5,2768.75,0.16812641083521446
2026-08-21,26,30975.0,PUT,1.1012024800041833,-0.9556113429248833,0.2027041883817064,2559.9,3024.6,2792.25,0.16642492613483742
2026-08-21,26,30975.0,CALL,1.1012024800041833,0.03957363016506694,0.1979949951188644,17.5,30.5,24.0,0.5416666666666666
2026-08-21,26,31000.0,PUT,1.102091263281023,-0.9683951215053429,0.18821653549160877,2564.0,3049.4,2806.7,0.17294331421242032
2026-08-21,26,31000.0,CALL,1.102091263281023,0.03828256554854263,0.1984330891264042,16.7,29.5,23.1,0.5541125541125541
2026-08-21,26,31025.0,CALL,1.1029800465578623,0.03556136559169112,0.19683176545586348,13.4,28.6,21.0,0.7238095238095239
2026-08-21,26,31025.0,PUT,1.1029800465578623,-0.9577717349101391,0.20394772186771087,2607.9,3073.4,2840.65,0.16387094503018676
2026-08-21,26,31050.0,CALL,1.103868829834702,0.03583531396171569,0.19898828562411605,15.1,27.7,21.4,0.588785046728972
2026-08-21,26,31050.0,PUT,1.103868829834702,-0.959409577686295,0.20400539705798848,2632.0,3096.7,2864.35,0.16223576029465667
2026-08-21,26,31075.0,CALL,1.1047576131115415,0.03466950641380546,0.19845752574113665,14.4,26.8,20.6,0.6019417475728155
2026-08-21,26,31100.0,CALL,1.105646396388381,0.03343598308938883,0.19781663016368747,13.6,25.9,19.75,0.6227848101265823
2026-08-21,26,31125.0,CALL,1.1065351796652205,0.03213201251334935,0.19706618932361394,12.9,24.8,18.85,0.6312997347480106
2026-08-21,26,31125.0,PUT,1.1065351796652205,-0.9630450586963699,0.2054116580635235,2704.0,3169.1,2936.55,0.15838313667398815
2026-08-21,26,31150.0,PUT,1.1074239629420601,-0.9636896048667686,0.20642096473438798,2728.2,3194.0,2961.1,0.15730640640302596
2026-08-21,26,31150.0,CALL,1.1074239629420601,0.031260231077961186,0.197096645572833,12.3,24.3,18.3,0.6557377049180327
2026-08-21,26,31175.0,CALL,1.1083127462188995,0.030007006209421264,0.19646035528447242,11.7,23.2,17.45,0.6590257879656161
2026-08-21,26,31200.0,PUT,1.1092015294957391,-0.9656067758290139,0.20604465490885748,2776.8,3242.5,3009.65,0.15473560048510618
2026-08-21,26,31200.0,CALL,1.1092015294957391,0.029132853559734054,0.1964914231866935,11.0,22.8,16.9,0.698224852071006
2026-08-21,26,31225.0,CALL,1.1100903127725787,0.02851762006003594,0.19696582393995551,10.5,22.6,16.55,0.7311178247734139
2026-08-21,26,31250.0,CALL,1.1109790960494181,0.027189186581892424,0.19622129578942277,9.2,22.1,15.65,0.8242811501597446
2026-08-21,26,31250.0,PUT,1.1109790960494181,-0.9678917876865254,0.2049320319884145,2825.4,3290.4,3057.9,0.1520651427450211
2026-08-21,26,31275.0,CALL,1.1118678793262577,0.02558405250418249,0.19503732948956626,8.7,20.4,14.549999999999999,0.8041237113402062
2026-08-21,26,31300.0,CALL,1.1127566626030974,0.025572717907684808,0.1965045406891366,8.2,21.1,14.65,0.8805460750853243
2026-08-21,26,31300.0,PUT,1.1127566626030974,-0.9691018571878616,0.20582918951992074,2874.2,3339.9,3107.05,0.1498849390901338
2026-08-21,26,31325.0,CALL,1.1136454458799367,0.024699461868113306,0.19653538029126646,7.8,20.4,14.1,0.8936170212765956
2026-08-21,26,31350.0,PUT,1.1145342291567764,-0.9711604819523532,0.20516645768390315,2923.0,3388.0,3155.5,0.14736174932657264
2026-08-21,26,31350.0,CALL,1.1145342291567764,0.023759157930302154,0.196455961687817,7.3,19.7,13.5,0.9185185185185184
2026-08-21,26,31375.0,CALL,1.115423012433616,0.023156717917613985,0.1969271210917256,6.9,19.4,13.149999999999999,0.9505703422053232
2026-08-21,26,31400.0,CALL,1.1163117957104554,0.022624836305704416,0.19750747398134555,6.5,19.2,12.85,0.9883268482490272
2026-08-21,26,31400.0,PUT,1.1163117957104554,-0.9721065484138894,0.2065033446893977,2972.0,3437.7,3204.85,0.145311012995928
2026-08-21,26,31425.0,CALL,1.117200578987295,0.02189252712270805,0.19775693816773895,6.1,18.7,12.399999999999999,1.0161290322580645
2026-08-21,26,31450.0,PUT,1.1180893622641346,-0.9872455163820474,0.181948461204743,3001.2,3486.8,3244.0,0.1496917385943281
2026-08-21,26,31450.0,CALL,1.1180893622641346,0.0211620571221376,0.19800590001518334,5.7,18.2,11.95,1.0460251046025104
2026-08-21,26,31475.0,CALL,1.118978145540974,0.020501977644721957,0.19836412840088372,5.4,17.7,11.55,1.0649350649350648
2026-08-21,26,31500.0,CALL,1.1198669288178136,0.019981654616715055,0.1989410852530144,5.1,17.4,11.25,1.0933333333333333
2026-08-21,26,31525.0,CALL,1.1207557120946532,0.0192578802496318,0.19918817550287837,4.7,16.9,10.799999999999999,1.1296296296296298
2026-08-21,26,31550.0,PUT,1.1216444953714926,-0.9904013927998688,0.17764506235777977,3099.7,3584.3,3342.0,0.14500299222022753
2026-08-21,26,31550.0,CALL,1.1216444953714926,0.01874327650920952,0.19976340660364897,4.4,16.6,10.5,1.161904761904762
2026-08-21,26,31575.0,CALL,1.1225332786483322,0.018162480135271823,0.20022819810074996,4.1,16.2,10.149999999999999,1.1921182266009853
2026-08-21,26,31575.0,PUT,1.1225332786483322,-0.9766773610083991,0.20877375552833338,3144.1,3608.9,3376.5,0.13765733747963874
2026-08-21,26,31600.0,PUT,1.1234220619251718,-0.9909697994382233,0.1784940031327593,3148.8,3634.4,3391.6000000000004,0.14317726146951287
2026-08-21,26,31600.0,CALL,1.1234220619251718,0.017097197035960607,0.19992651463808234,3.8,15.1,9.45,1.195767195767196
2026-08-21,26,31625.0,CALL,1.1243108452020112,0.017147718497413363,0.2013740971639571,3.5,15.6,9.55,1.2670157068062826
2026-08-21,26,31650.0,PUT,1.1251996284788508,-0.9722630585626,0.22122075185215812,3200.0,3710.5,3455.25,0.14774618334418638
2026-08-21,26,31650.0,CALL,1.1251996284788508,0.016714017698047822,0.20205499245572756,3.3,15.3,9.3,1.2903225806451613
2026-08-21,26,31700.0,CALL,1.1269771950325298,0.018638590065853177,0.20790315997595202,7.0,14.7,10.85,0.7096774193548386
2026-08-21,26,31700.0,PUT,1.1269771950325298,-0.9884301620039847,0.1911650051523497,3200.0,3786.0,3493.0,0.1677640996278271
2026-08-21,26,31750.0,CALL,1.1287547615862088,0.014903794795612692,0.20460476488187943,2.35,14.1,8.225,1.4285714285714286
2026-08-21,26,31800.0,CALL,1.130532328139888,0.01420480259093205,0.20538667564995539,1.95,13.7,7.824999999999999,1.501597444089457
2026-08-21,26,31900.0,CALL,1.134087461247246,0.012775650871416029,0.20550947339463396,1.2,12.8,7.0,1.6571428571428573
2026-08-21,26,32000.0,CALL,1.1376425943546042,0.011640063359828647,0.20664072158200308,0.55,12.2,6.375,1.8274509803921566
2026-08-21,26,32100.0,CALL,1.1411977274619625,0.010553685585505245,0.20788965440163182,0.05,11.5,5.775,1.9826839826839824
2026-08-21,26,32200.0,CALL,1.1447528605693205,0.009923392488101394,0.21063742253724063,0.05,10.9,5.4750000000000005,1.9817351598173514
2026-08-21,26,32300.0,CALL,1.1483079936766787,0.009455462954892002,0.21387302502453232,0.05,10.5,5.275,1.9810426540284358
2026-08-21,26,32400.0,CALL,1.151863126784037,0.009001760624603256,0.21709339591742635,0.05,10.1,5.075,1.9802955665024629
2026-08-21,26,32500.0,CALL,1.155418259891395,0.008633223233601299,0.22054983463226938,0.05,9.8,4.925000000000001,1.979695431472081
2026-08-21,26,32600.0,CALL,1.1589733929987531,0.008205350748747151,0.22374055204422436,0.05,9.4,4.7250000000000005,1.9788359788359786
2026-08-21,26,32700.0,CALL,1.1625285261061111,0.007860168845384296,0.22716765080986595,0.05,9.1,4.575,1.978142076502732
2026-08-21,26,32800.0,PUT,1.1660836592134693,-0.9877816186043119,0.24889772763434684,4282.7,4901.8,4592.25,0.13481408895421643
2026-08-21,26,32800.0,CALL,1.1660836592134693,0.007595130486386707,0.23083103552655548,0.0,8.9,4.45,2.0
2026-08-21,26,32900.0,CALL,1.1696387923208276,0.007338626739696997,0.2344801702593759,0.05,8.7,4.375,1.9771428571428569
2026-08-21,26,33000.0,CALL,1.1731939254281856,0.007090219184468861,0.23811528900286322,0.05,8.5,4.275,1.9766081871345027
2026-08-21,26,33200.0,CALL,1.180304191642902,0.006616086842257483,0.24534435665888982,0.0,8.1,4.05,2.0
2026-08-21,26,33400.0,CALL,1.1874144578576182,0.006299878094889531,0.2530201251591486,0.05,7.9,3.975,1.9748427672955975
2026-08-21,26,33500.0,PUT,1.1909695909649762,-0.9999999999983814,0.0018178976113220817,4878.0,5676.0,5277.0,0.1512222853894258
2026-08-21,26,33500.0,CALL,1.1909695909649762,0.006149186378933858,0.25683814380708103,0.05,7.8,3.925,1.9745222929936306
2026-08-21,26,33600.0,CALL,1.1945247240723345,0.0060031154144315575,0.26064313146083307,0.05,7.7,3.875,1.974193548387097
2026-08-21,26,33800.0,CALL,1.2016349902870507,0.00572396456767513,0.2682146142391128,0.05,7.5,3.775,1.9735099337748345
2026-08-21,26,34000.0,CALL,1.2087452565017671,0.005521236151386302,0.27598540341020156,0.05,7.4,3.725,1.9731543624161074
2026-08-21,26,34200.0,CALL,1.2158555227164833,0.005300851887627194,0.2835817251272491,0.0,9.7,4.85,2.0
2026-08-21,26,34400.0,CALL,1.2229657889311996,0.005092582607793218,0.2911294750039115,0.0,9.4,4.7,2.0
2026-08-21,26,34500.0,CALL,1.2265209220385578,0.004949770906665825,0.2942662736195913,0.0,9.3,4.65,2.0
2026-08-21,26,35000.0,CALL,1.2442965875753484,0.004635200672934218,0.31094005676113234,0.0,8.9,4.45,2.0
2026-08-21,26,35500.0,CALL,1.262072253112139,0.004249415890078113,0.32598601928307136,0.0,8.5,4.25,2.0
2026-08-21,26,36000.0,CALL,1.2798479186489298,0.003977365459372103,0.34180245911307255,0.0,8.3,4.15,2.0
2026-08-21,26,36500.0,CALL,1.2976235841857204,0.0035053626171437993,0.3543467237629678,0.0,8.3,4.15,2.0
2026-08-21,26,37000.0,CALL,1.315399249722511,0.003338041296825656,0.37037250746946065,0.0,8.3,4.15,2.0
2026-08-21,26,38000.0,CALL,1.3509505807960926,0.00234586625608351,0.3917920136331149,0.0,8.1,4.05,2.0
2026-08-21,26,39000.0,CALL,1.386501911869674,0.00207848996609164,0.4214103919534011,0.0,8.1,4.05,2.0
2026-08-21,26,40000.0,CALL,1.4220532429432553,0.002331600367801223,0.4577430230748182,0.0,8.1,4.05,2.0
2026-08-21,26,41000.0,CALL,1.4576045740168366,0.0021665699374127795,0.48674502511810636,0.0,8.1,4.05,2.0
2026-08-21,26,42000.0,CALL,1.4931559050904182,0.0028918836467821513,0.5304442316790494,0.0,8.1,4.05,2.0
2026-08-21,26,43000.0,CALL,1.5287072361639995,0.0004383602671017896,0.4800087684211391,0.0,0.6,0.3,2.0
2026-08-24,29,18000.0,PUT,0.6399239593244649,-0.0042267067933568995,0.6301779754203455,0.05,14.5,7.275,1.9862542955326459
2026-08-24,29,19000.0,PUT,0.6754752903980463,-0.005647616383123418,0.5720040537692371,0.05,18.0,9.025,1.9889196675900276
2026-08-24,29,21000.0,PUT,0.7465779525452091,-0.014099197636760293,0.49174142373237634,12.3,30.0,21.15,0.8368794326241135
2026-08-24,29,24500.0,PUT,0.8710076113027438,-0.07579930604430386,0.35856578715110077,94.9,113.3,104.1,0.1767531219980787
2026-08-24,29,25400.0,PUT,0.9030038092689672,-0.1226629970074613,0.3338944028190658,161.1,180.0,170.55,0.11081794195250662
2026-08-24,29,25500.0,PUT,0.9065589423763253,-0.12935658668151592,0.32948528591120496,170.9,189.9,180.4,0.10532150776053215
2026-08-24,29,25600.0,PUT,0.9101140754836834,-0.1365733343839411,0.32556075757243963,182.0,200.3,191.15,0.09573633272299246
2026-08-24,29,25800.0,PUT,0.9172243416983997,-0.1521201917320405,0.31859289747578196,205.4,223.1,214.25,0.08261376896149353
2026-08-24,29,26000.0,PUT,0.924334607913116,-0.1678086403063419,0.31092485739001857,222.5,249.1,235.8,0.11280746395250209
2026-08-24,29,26200.0,PUT,0.9314448741278323,-0.18838322515644917,0.3097030659765211,251.4,288.6,270.0,0.13777777777777783
2026-08-24,29,26500.0,PUT,0.9421102734499066,-0.21847275941362637,0.30098100456603183,295.0,338.4,316.7,0.1370382065045784
2026-08-24,29,27400.0,CALL,0.9741064714161299,0.6593575310904045,0.2775971627572146,1306.5,1369.5,1338.0,0.04708520179372197
2026-08-24,29,27500.0,CALL,0.977661604523488,0.6432596294275086,0.2735860537298036,1237.8,1299.4,1268.6,0.04855746492196133
2026-08-24,29,28400.0,PUT,1.0096578024897114,-0.5234946874659109,0.24700362849325624,869.0,925.0,897.0,0.06243032329988852
2026-08-24,29,28450.0,PUT,1.0114353690433904,-0.5341110275705635,0.2443883205682213,888.0,946.0,917.0,0.06324972737186478
2026-08-24,29,29400.0,PUT,1.0452091335632927,-0.7264926195538055,0.2295238180831621,1328.2,1645.1,1486.65,0.2131638247065549
2026-08-24,29,29450.0,PUT,1.0469867001169717,-0.7359952686923936,0.22945153077114971,1362.7,1680.3,1521.5,0.20874137364442977
2026-08-24,29,29500.0,PUT,1.0487642666706507,-0.751572183305689,0.22293059218442285,1366.8,1715.4,1541.1,0.2262020634611642
2026-08-24,29,29600.0,CALL,1.052319399778009,0.22800684647969316,0.2175388037220944,210.2,242.4,226.3,0.142288996906761
2026-08-24,29,29800.0,CALL,1.0594296659927251,0.18794212374934935,0.20994210173188263,162.1,181.9,172.0,0.11511627906976751
2026-08-24,29,29850.0,CALL,1.0612072325464044,0.1792973115850876,0.20942913804625882,152.0,171.1,161.55,0.1182296502630764
2026-08-24,29,29950.0,CALL,1.0647623656537624,0.16231377375888334,0.20871401782876636,132.0,150.7,141.35,0.1322957198443579
2026-08-24,29,30000.0,CALL,1.0665399322074416,0.1544441558018242,0.20881335241918092,123.4,141.2,132.3,0.13454270597127727
2026-08-24,29,30200.0,CALL,1.0736501984221578,0.12416233441597879,0.2022913028246387,90.0,108.4,99.2,0.185483870967742
2026-08-24,29,30400.0,CALL,1.080760464636874,0.09773866279591793,0.19911427260806214,64.0,82.8,73.4,0.25613079019073565
2026-08-24,29,34000.0,CALL,1.2087452565017671,0.003987333143570183,0.24892743263556802,0.0,11.0,5.5,2.0
2026-08-25,30,25600.0,PUT,0.9101140754836834,-0.14004633384913517,0.32517934605997395,191.2,210.0,200.6,0.09371884346959129
2026-08-25,30,25800.0,PUT,0.9172243416983997,-0.15741539404424124,0.32114510041145566,213.8,244.9,229.35000000000002,0.13560061042075428
2026-08-25,30,27000.0,PUT,0.9598859389866974,-0.2844830296236501,0.28630883525505785,412.2,461.0,436.6,0.11177278973889146
2026-08-25,30,27200.0,PUT,0.9669962052014136,-0.31266150066506104,0.2833023898198463,461.3,512.7,487.0,0.10554414784394257
2026-08-25,30,29300.0,CALL,1.0416540004559345,0.2908717114977089,0.2237468661938011,306.7,346.4,326.54999999999995,0.12157403154187718
2026-08-25,30,29800.0,CALL,1.0594296659927251,0.19476585609341496,0.2115250248442101,174.4,194.0,184.2,0.1064060803474484
2026-08-25,30,30000.0,CALL,1.0665399322074416,0.16083001010586417,0.20951109885638255,132.8,152.0,142.4,0.13483146067415722
2026-08-25,30,30200.0,CALL,1.0736501984221578,0.13066818465833052,0.20434243974176494,98.4,117.7,108.05000000000001,0.17862100879222578
2026-08-25,30,33500.0,CALL,1.1909695909649762,0.00383204485391578,0.22416369915527246,0.0,11.2,5.6,2.0
2026-08-25,30,37000.0,CALL,1.315399249722511,0.004009128008550646,0.3536901878605435,0.0,10.7,5.35,2.0
2026-08-25,30,38000.0,CALL,1.3509505807960926,0.004646050589774542,0.39713938818361877,0.0,10.5,5.25,2.0
2026-08-26,31,17000.0,PUT,0.6043726282508836,-0.0034735619334576293,0.6772807620131265,0.05,13.0,6.525,1.9846743295019156
2026-08-26,31,18000.0,PUT,0.6399239593244649,-0.004438147031698825,0.6134563339437057,0.05,15.4,7.7250000000000005,1.9870550161812295
2026-08-26,31,26000.0,PUT,0.924334607913116,-0.1771861533415153,0.3155367887625409,245.2,283.9,264.54999999999995,0.14628614628614628
2026-08-26,31,29950.0,CALL,1.0647623656537624,0.17511489216811285,0.21056017048112877,153.1,172.0,162.55,0.11627191633343589
2026-08-26,31,30000.0,CALL,1.0665399322074416,0.16697530672675637,0.21023589035333756,143.0,162.0,152.5,0.12459016393442623
2026-08-26,31,30400.0,CALL,1.080760464636874,0.10981030879574988,0.20151732560536711,78.5,98.0,88.25,0.22096317280453256
2026-08-26,31,30600.0,CALL,1.0878707308515903,0.08723556162706438,0.2008640375568506,56.7,76.0,66.35,0.2908816880180859
2026-08-26,31,30800.0,CALL,1.0949809970663067,0.06806187886073103,0.19722013691641063,39.5,58.0,48.75,0.37948717948717947
2026-08-28,33,15000.0,PUT,0.5332699661037208,-0.0027305701943573187,0.8088252011720248,0.0,12.1,6.05,2.0
2026-08-28,33,16000.0,PUT,0.5688212971773021,-0.001823539477975095,0.6780507528794437,0.05,6.7,3.375,1.9703703703703705
2026-08-28,33,17000.0,PUT,0.6043726282508836,-0.004048666593189298,0.6668042908511806,0.05,15.7,7.875,1.9873015873015871
2026-08-28,33,18000.0,PUT,0.6399239593244649,-0.0056430589282791665,0.6138034421056421,2.35,18.4,10.375,1.5469879518072287
2026-08-28,33,21000.0,PUT,0.7465779525452091,-0.0176266801498893,0.4822561274353972,20.3,36.4,28.35,0.5679012345679011
2026-08-28,33,21500.0,PUT,0.7643536180819998,-0.02180255054794609,0.46603798108200106,26.4,42.5,34.45,0.46734397677793904
2026-08-28,33,22500.0,PUT,0.7999049491555811,-0.03389614291921155,0.4260330027445369,44.2,60.3,52.25,0.3081339712918659
2026-08-28,33,23600.0,PUT,0.8390114133365206,-0.057065003169382275,0.3942425982951925,78.4,94.5,86.45,0.1862348178137651
2026-08-28,33,23800.0,PUT,0.846121679551237,-0.06278142751345843,0.3852448831325863,87.1,103.2,95.15,0.16920651602732537
2026-08-28,33,24000.0,PUT,0.8532319457659532,-0.06923927473596239,0.37681860353719926,96.9,113.0,104.95,0.15340638399237727
2026-08-28,33,24200.0,PUT,0.8603422119806695,-0.07644372758451928,0.36930370004104607,107.8,123.9,115.85,0.1389728096676738
2026-08-28,33,24400.0,PUT,0.8674524781953857,-0.08457243802990574,0.3630222709178421,120.4,136.2,128.3,0.12314886983632098
2026-08-28,33,24500.0,PUT,0.8710076113027438,-0.08879122831676585,0.3600008443151319,127.0,142.3,134.65,0.11362792424805059
2026-08-28,33,24600.0,PUT,0.8745627444101021,-0.09337650379097032,0.3575505516364767,133.7,149.8,141.75,0.1135802469135804
2026-08-28,33,24800.0,PUT,0.8816730106248183,-0.10311431432268837,0.3534273733716682,148.9,165.0,156.95,0.10258043963045553
2026-08-28,33,25000.0,PUT,0.8887832768395346,-0.11369235680506304,0.35059444340360846,165.8,181.9,173.85000000000002,0.09260857060684494
2026-08-28,33,25200.0,PUT,0.8958935430542508,-0.12509103687432951,0.34251993672278214,184.5,199.8,192.15,0.0796252927400469
2026-08-28,33,25400.0,PUT,0.9030038092689672,-0.13820098198888126,0.3350117338787186,204.6,222.7,213.64999999999998,0.08471799672361337
2026-08-28,33,25500.0,PUT,0.9065589423763253,-0.14511031985223216,0.3314821636482286,215.8,233.8,224.8,0.08007117437722419
2026-08-28,33,25600.0,PUT,0.9101140754836834,-0.15244644421547743,0.3283806636508468,228.1,245.5,236.8,0.07347972972972976
2026-08-28,33,25800.0,PUT,0.9172243416983997,-0.16798879629046404,0.3229242702268828,253.3,271.2,262.25,0.0682554814108674
2026-08-28,33,26000.0,PUT,0.924334607913116,-0.18471393978638886,0.3186005067138089,271.6,308.3,289.95000000000005,0.12657354716330396
2026-08-28,33,26200.0,PUT,0.9314448741278323,-0.20260402301597819,0.3155789212902063,303.4,337.2,320.29999999999995,0.10552606931002191
2026-08-28,33,26400.0,PUT,0.9385551403425485,-0.22260597836725654,0.308263867595285,338.7,374.0,356.35,0.09905991300687529
2026-08-28,33,26500.0,PUT,0.9421102734499066,-0.23328089413456288,0.304561848109408,357.7,393.3,375.5,0.09480692410119847
2026-08-28,33,26600.0,PUT,0.9456654065572648,-0.2446807671257636,0.30159509313177163,377.6,415.7,396.65,0.09605445606958267
2026-08-28,33,26800.0,PUT,0.952775672771981,-0.2678851431317181,0.29525756867014685,416.2,459.1,437.65,0.09802353478807274
2026-08-28,33,27000.0,PUT,0.9598859389866974,-0.29308142509573304,0.2909014395612195,461.5,506.6,484.05,0.09317219295527326
2026-08-28,33,27200.0,PUT,0.9669962052014136,-0.319803056721175,0.2883683007748267,511.2,559.8,535.5,0.09075630252100834
2026-08-28,33,27400.0,PUT,0.9741064714161299,-0.3481038038182251,0.28122348245607814,565.9,618.2,592.05,0.08833713368803323
2026-08-28,33,27500.0,PUT,0.977661604523488,-0.3631294445005328,0.27743145972448685,595.4,649.2,622.3,0.08645347902940716
2026-08-28,33,27600.0,PUT,0.9812167376308462,-0.37869673124301423,0.27407278185588896,626.1,681.7,653.9000000000001,0.08502829178773515
2026-08-28,33,27800.0,PUT,0.9883270038455625,-0.41104249875625515,0.2676949452364518,693.2,742.8,718.0,0.06908077994428957
2026-08-28,33,28000.0,PUT,0.9954372700602787,-0.44539264023076375,0.26675257869531427,783.4,816.7,800.05,0.04162239860008758
2026-08-28,33,28200.0,PUT,1.002547536274995,-0.48016938307991697,0.2618127738286653,859.1,898.6,878.85,0.04494509870853957
2026-08-28,33,28400.0,PUT,1.0096578024897114,-0.5171831477199189,0.25219822903535233,938.8,981.1,959.95,0.04406479504140848
2026-08-28,33,28500.0,PUT,1.0132129355970694,-0.5363047344464901,0.24909701985773686,984.7,1027.6,1006.15,0.04263777766734569
2026-08-28,33,28850.0,PUT,1.0256559014728228,-0.6047396350574936,0.24251021822583202,1160.0,1204.0,1182.0,0.03722504230118443
2026-08-28,33,29000.0,PUT,1.03098860113386,-0.6335360976978637,0.23813585821480274,1242.4,1293.0,1267.7,0.03991480634219445
2026-08-28,33,29050.0,PUT,1.0327661676875393,-0.6434496855235414,0.2360182601355345,1270.7,1321.9,1296.3000000000002,0.03949703000848572
2026-08-28,33,29100.0,PUT,1.0345437342412183,-0.6530763033388325,0.23456112751016334,1299.6,1354.2,1326.9,0.041148541713769034
2026-08-28,33,29500.0,PUT,1.0487642666706507,-0.7262871822925061,0.23069504397616794,1444.3,1746.4,1595.35,0.18936283574137347
2026-08-28,33,29500.0,CALL,1.0487642666706507,0.2713157412407294,0.2284431565784598,297.5,334.2,315.85,0.11619439607408576
2026-08-28,33,29600.0,CALL,1.052319399778009,0.25316288210021703,0.2276862531428137,266.7,303.8,285.25,0.13006134969325162
2026-08-28,33,29600.0,PUT,1.052319399778009,-0.7443187322695604,0.23031770148867556,1513.3,1815.2,1664.25,0.18140303439987987
2026-08-28,33,30000.0,PUT,1.0665399322074416,-0.8163353819086391,0.2156330086901536,1717.9,2188.1,1953.0,0.2407578084997439
2026-08-28,33,30000.0,CALL,1.0665399322074416,0.18459513186864335,0.2163610851730923,176.3,191.7,184.0,0.08369565217391292
2026-08-28,33,30200.0,CALL,1.0736501984221578,0.1540350918545694,0.2152527971438437,136.8,151.7,144.25,0.10329289428076241
2026-08-28,33,30300.0,CALL,1.0772053315295158,0.14025857706982317,0.21227378696283744,119.7,135.0,127.35,0.12014134275618372
2026-08-28,33,30400.0,PUT,1.080760464636874,-0.8743590124752517,0.20804941861009632,2044.7,2514.1,2279.4,0.20593138545231193
2026-08-28,33,30500.0,CALL,1.0843155977442323,0.11467997682729092,0.20737295093652103,90.8,106.1,98.44999999999999,0.15540883697308278
2026-08-28,33,30500.0,PUT,1.0843155977442323,-0.8876940044960101,0.20540547600341988,2128.8,2599.7,2364.25,0.19917521412710146
2026-08-28,33,30600.0,CALL,1.0878707308515903,0.10305745754549608,0.20623446375110657,78.1,94.2,86.15,0.1868833430063843
2026-08-28,33,30700.0,CALL,1.0914258639589485,0.09232652032576419,0.2058738423568532,67.1,83.2,75.15,0.2142381902860946
2026-08-28,33,30800.0,CALL,1.0949809970663067,0.0825708984182033,0.20625090689403783,57.3,73.5,65.4,0.24770642201834864
2026-08-28,33,31000.0,CALL,1.102091263281023,0.06552902612374066,0.20183620314682887,41.2,57.3,49.25,0.3269035532994923
2026-08-28,33,31200.0,CALL,1.1092015294957391,0.051354586768400705,0.1998928830266036,28.9,45.0,36.95,0.435723951285521
2026-08-28,33,31400.0,CALL,1.1163117957104554,0.03994779220243853,0.20083701616147895,19.6,35.5,27.55,0.5771324863883847
2026-08-28,33,31500.0,CALL,1.1198669288178136,0.035164785955463,0.20042968760756677,16.0,31.4,23.7,0.6497890295358649
2026-08-28,33,31600.0,CALL,1.1234220619251718,0.03139353775397699,0.1992816671268667,12.9,28.8,20.85,0.7625899280575539
2026-08-28,33,31800.0,CALL,1.130532328139888,0.0247316887165934,0.19865815810373183,7.9,24.1,16.0,1.0125000000000002
2026-08-28,33,32000.0,CALL,1.1376425943546042,0.01963199003824885,0.20053269402553758,4.4,20.5,12.45,1.2931726907630523
2026-08-28,33,32200.0,CALL,1.1447528605693205,0.01583767511099736,0.2042361084046981,1.85,17.9,9.875,1.6253164556962023
2026-08-28,33,32400.0,CALL,1.151863126784037,0.013102307890267988,0.20567666239672278,0.05,16.1,8.075000000000001,1.9876160990712073
2026-08-28,33,32500.0,CALL,1.155418259891395,0.012442902173898774,0.20789821571621536,0.05,15.4,7.7250000000000005,1.9870550161812295
2026-08-28,33,32600.0,CALL,1.1589733929987531,0.011924816025064438,0.2105478665646666,0.05,14.9,7.4750000000000005,1.986622073578595
2026-08-28,33,32800.0,CALL,1.1660836592134693,0.010927736184700573,0.21580708509979035,0.05,13.9,6.9750000000000005,1.9856630824372759
2026-08-28,33,33000.0,CALL,1.1731939254281856,0.010165821572197762,0.22167356023112889,0.05,13.2,6.625,1.9849056603773583
2026-08-28,33,33200.0,CALL,1.180304191642902,0.00956647520953039,0.22792727102679472,0.05,12.7,6.375,1.984313725490196
2026-08-28,33,33400.0,CALL,1.1874144578576182,0.009000249663401651,0.23413024354060297,0.05,12.2,6.125,1.983673469387755
2026-08-28,33,33500.0,CALL,1.1909695909649762,0.00969497440443256,0.24083564859301312,0.0,12.0,6.0,2.0
2026-08-28,33,34000.0,CALL,1.2087452565017671,0.008234091711708998,0.2554053559342514,0.0,11.2,5.6,2.0
2026-08-28,33,35000.0,CALL,1.2442965875753484,0.006464900572911727,0.2866709623118813,0.0,9.9,4.95,2.0
2026-08-28,33,35500.0,CALL,1.262072253112139,0.004444028400220506,0.29134693286528296,0.0,6.7,3.35,2.0
2026-08-28,33,36000.0,CALL,1.2798479186489298,0.005311889089205073,0.31810775913872946,0.0,9.1,4.55,2.0
2026-08-28,33,37000.0,CALL,1.315399249722511,0.004760292247906988,0.3469613446613774,0.0,8.7,4.35,2.0
2026-08-28,33,38000.0,CALL,1.3509505807960926,0.005441520184338203,0.38816877035872005,0.0,8.4,4.2,2.0
2026-08-31,36,10000.0,PUT,0.3555133107358138,-0.0012642401068788177,1.1758999471098939,0.0,8.6,4.3,2.0
2026-08-31,36,11000.0,PUT,0.3910646418093952,-0.0014507057384822043,1.0777611621514345,0.0,9.0,4.5,2.0
2026-08-31,36,13000.0,PUT,0.462167303956558,-0.001956856906709907,0.9108830522316238,0.0,10.3,5.15,2.0
2026-08-31,36,14000.0,PUT,0.49771863503013936,-0.0023104418600024125,0.8403563953829871,0.0,11.2,5.6,2.0
2026-08-31,36,15000.0,PUT,0.5332699661037208,-0.002782352253441687,0.7764154727610522,0.0,12.4,6.2,2.0
2026-08-31,36,16000.0,PUT,0.5688212971773021,-0.0033484973120207658,0.7053745551133107,0.0,14.1,7.05,2.0
2026-08-31,36,17000.0,PUT,0.6043726282508836,-0.0041204155400542996,0.6404918104083062,0.1,16.0,8.05,1.9751552795031055
2026-08-31,36,18000.0,PUT,0.6399239593244649,-0.005935637402190155,0.5931263718888786,3.0,19.1,11.05,1.4570135746606334
2026-08-31,36,19000.0,PUT,0.6754752903980463,-0.008541002348390647,0.5560936039480505,7.1,23.3,15.2,1.0657894736842108
2026-08-31,36,20000.0,PUT,0.7110266214716277,-0.012428774222760345,0.5088569702595747,13.2,29.3,21.25,0.7576470588235295
2026-08-31,36,20500.0,PUT,0.7288022870084183,-0.01518015875043137,0.48702956215810317,17.3,33.5,25.4,0.6377952755905512
2026-08-31,36,21000.0,PUT,0.7465779525452091,-0.01863542829493188,0.46847787526522694,22.5,38.6,30.55,0.5270049099836335
2026-08-31,36,21500.0,PUT,0.7643536180819998,-0.023014709968585696,0.4542741159949012,29.1,45.2,37.150000000000006,0.43337819650067294
2026-08-31,36,22000.0,PUT,0.7821292836187904,-0.02879576469617481,0.43539841948750363,38.1,54.2,46.150000000000006,0.3488624052004334
2026-08-31,36,22200.0,PUT,0.7892395498335067,-0.031184376907135672,0.42587376252739595,41.5,57.6,49.55,0.3249243188698285
2026-08-31,36,22400.0,CALL,0.796349816048223,0.971457439818327,0.4022683087650638,5543.4,6161.3,5852.35,0.10558151853528933
2026-08-31,36,22400.0,PUT,0.796349816048223,-0.03412937914694523,0.41774327409304884,45.9,62.0,53.95,0.2984244670991659
2026-08-31,36,22500.0,PUT,0.7999049491555811,-0.036159484028305544,0.4151953907854155,49.5,65.1,57.3,0.27225130890052346
2026-08-31,36,22500.0,CALL,0.7999049491555811,0.9629553285261797,0.41776948469868525,5448.4,6091.6,5770.0,0.11147313691507811
2026-08-31,36,22600.0,PUT,0.8034600822629393,-0.03759120541966519,0.41085970337163,51.5,67.0,59.25,0.2616033755274262
2026-08-31,36,22800.0,PUT,0.8105703484776555,-0.04110108634361776,0.4038601706410904,56.4,72.4,64.4,0.24844720496894418
2026-08-31,36,23000.0,PUT,0.8176806146923719,-0.045148225261657474,0.3981496371563766,62.5,78.5,70.5,0.22695035460992907
2026-08-31,36,23200.0,PUT,0.8247908809070881,-0.0495464099276567,0.3932017245146358,69.1,85.2,77.15,0.2086843810758264
2026-08-31,36,23500.0,PUT,0.8354562802291625,-0.0569801893943111,0.3877941216691518,80.6,96.7,88.65,0.18161308516638475
2026-08-31,36,23600.0,PUT,0.8390114133365206,-0.05971594524759405,0.3832492490978414,84.9,101.0,92.95,0.17321140398063467
2026-08-31,36,23700.0,PUT,0.8425665464438787,-0.06259863255055197,0.37887349904767825,89.4,105.5,97.45,0.16521292970754226
2026-08-31,36,23800.0,PUT,0.846121679551237,-0.06567084556378802,0.37473821932402807,94.2,110.3,102.25,0.15745721271393637
2026-08-31,36,24000.0,CALL,0.8532319457659532,0.9326840515261372,0.3584284062259891,4002.8,4630.8,4316.8,0.14547813194959228
2026-08-31,36,24000.0,PUT,0.8532319457659532,-0.07242657200719788,0.3672550205978119,104.8,120.9,112.85,0.14266725742135586
2026-08-31,36,24200.0,PUT,0.8603422119806695,-0.07969788922150721,0.3602845703540259,116.0,132.1,124.05,0.12978637646110436
2026-08-31,36,24300.0,PUT,0.8638973450880276,-0.08371560695963952,0.35732911434473885,122.3,138.4,130.35,0.12351361718450334
2026-08-31,36,24400.0,PUT,0.8674524781953857,-0.08789689161818098,0.35456894937721967,128.8,145.0,136.9,0.11833455076698311
2026-08-31,36,24500.0,PUT,0.8710076113027438,-0.09225816118016515,0.35203818991347813,135.8,151.7,143.75,0.11060869565217375
2026-08-31,36,24600.0,PUT,0.8745627444101021,-0.09681399636701293,0.34977053661784985,143.1,158.8,150.95,0.10400794965220284
2026-08-31,36,24700.0,PUT,0.8781178775174602,-0.1016882893399969,0.3480113665522431,150.8,166.9,158.85000000000002,0.10135347812401632
2026-08-31,36,24800.0,PUT,0.8816730106248183,-0.10670184346956478,0.3464391601331449,158.9,175.1,167.0,0.09700598802395202
2026-08-31,36,24900.0,PUT,0.8852281437321764,-0.11181321463269386,0.34498204239763924,167.5,183.1,175.3,0.08899030233884765
2026-08-31,36,25000.0,CALL,0.8887832768395346,0.8825381285301783,0.34270263339192014,3163.6,3646.1,3404.85,0.14170962010073865
2026-08-31,36,25000.0,PUT,0.8887832768395346,-0.11699408417581003,0.34207469582965866,176.0,191.3,183.65,0.08331064524911522
2026-08-31,36,25100.0,PUT,0.8923384099468927,-0.12271912891448634,0.3378756872560068,186.0,200.4,193.2,0.07453416149068326
2026-08-31,36,25200.0,PUT,0.8958935430542508,-0.12870601886034932,0.33386305504435815,196.1,210.1,203.1,0.068931560807484
2026-08-31,36,25300.0,PUT,0.899448676161609,-0.1343121583607582,0.32915401251902926,201.5,221.4,211.45,0.09411208323480731
2026-08-31,36,25400.0,PUT,0.9030038092689672,-0.14224124772138372,0.32747977727508976,213.0,239.6,226.3,0.11754308440123726
2026-08-31,36,25400.0,CALL,0.9030038092689672,0.8602662663315352,0.3239987591852438,2808.8,3271.4,3040.1000000000004,0.15216604716950097
2026-08-31,36,25500.0,PUT,0.9065589423763253,-0.14795409301829832,0.3225394548879523,225.7,242.4,234.05,0.0713522751548815
2026-08-31,36,25500.0,CALL,0.9065589423763253,0.8531591713809162,0.32097580023944494,2720.9,3183.8,2952.3500000000004,0.1567903534472539
2026-08-31,36,25600.0,PUT,0.9101140754836834,-0.1570783059346182,0.3222994235598151,236.4,267.5,251.95,0.12343718991863463
2026-08-31,36,25700.0,PUT,0.9136692085910415,-0.1636666991023097,0.31823001112898625,242.7,280.3,261.5,0.14378585086042073
2026-08-31,36,25800.0,PUT,0.9172243416983997,-0.17176362078593757,0.31622126394911176,257.4,293.6,275.5,0.13139745916515444
2026-08-31,36,25900.0,PUT,0.9207794748057578,-0.17994773298762265,0.3142023435210765,270.8,308.1,289.45000000000005,0.12886508896182416
2026-08-31,36,26000.0,PUT,0.924334607913116,-0.18858497783537156,0.31276476807876885,286.8,322.5,304.65,0.11718365337272277
2026-08-31,36,26000.0,CALL,0.924334607913116,0.8117972536515246,0.31214298557016723,2286.6,2767.0,2526.8,0.19012189330378346
2026-08-31,36,26100.0,PUT,0.9278897410204741,-0.19746094558194136,0.31160850424183434,301.8,339.1,320.45000000000005,0.11639881416757686
2026-08-31,36,26200.0,CALL,0.9314448741278323,0.7936551458365053,0.30941207517508507,2119.9,2600.6,2360.25,0.2036648660099565
2026-08-31,36,26200.0,PUT,0.9314448741278323,-0.20661462002006367,0.30977472100948883,318.4,355.7,337.04999999999995,0.11066607328289577
2026-08-31,36,26300.0,PUT,0.9350000072351904,-0.21620304823761238,0.30562629101490557,335.9,373.2,354.54999999999995,0.10520377943872519
2026-08-31,36,26400.0,PUT,0.9385551403425485,-0.22627047792468702,0.3018123715184885,354.3,391.6,372.95000000000005,0.10001340662287171
2026-08-31,36,26400.0,CALL,0.9385551403425485,0.7739307018996863,0.3015266026664564,1956.7,2437.5,2197.1,0.21883391743662098
2026-08-31,36,26500.0,CALL,0.9421102734499066,0.7631272228600415,0.29843405957205954,1878.5,2357.3,2117.9,0.22607299683648904
2026-08-31,36,26500.0,PUT,0.9421102734499066,-0.23681396001923047,0.29834742445746126,373.6,411.0,392.3,0.09533520265103232
2026-08-31,36,26600.0,CALL,0.9456654065572648,0.7521328448039841,0.29531037948826805,1799.1,2278.0,2038.55,0.23492188074857134
2026-08-31,36,26600.0,PUT,0.9456654065572648,-0.24781441784315358,0.29522945582343546,393.8,431.4,412.6,0.09112942317014049
2026-08-31,36,26700.0,PUT,0.9492205396646229,-0.2583854492898597,0.2910745953537495,408.6,451.0,429.8,0.09865053513261977
2026-08-31,36,26700.0,CALL,0.9492205396646229,0.7406841206277051,0.2925642353321352,1720.9,2199.6,1960.25,0.24420354546613943
2026-08-31,36,26800.0,PUT,0.952775672771981,-0.2707366959148894,0.2894266723901879,432.8,475.8,454.3,0.09465111160026414
2026-08-31,36,26800.0,CALL,0.952775672771981,0.7287016875898004,0.29037950868066703,1644.8,2122.3,1883.5500000000002,0.2535106580658863
2026-08-31,36,26900.0,PUT,0.9563308058793392,-0.2829833282274838,0.2873495567345106,456.4,498.6,477.5,0.08837696335078543
2026-08-31,36,27000.0,PUT,0.9598859389866974,-0.2955627226669203,0.2855901643243934,480.8,522.4,501.6,0.08293460925039865
2026-08-31,36,27100.0,PUT,0.9634410720940555,-0.30855239988149985,0.28438099275326717,503.3,551.3,527.3,0.09102977432201773
2026-08-31,36,27200.0,PUT,0.9669962052014136,-0.32189115811379493,0.28373333716432114,530.5,578.8,554.65,0.08708194356801578
2026-08-31,36,27300.0,PUT,0.9705513383087717,-0.33552498932788855,0.28019349152181516,558.2,607.5,582.85,0.08458436990649387
2026-08-31,36,27400.0,PUT,0.9741064714161299,-0.3497089828688561,0.2762885067729449,587.5,636.9,612.2,0.08069258412283563
2026-08-31,36,27500.0,CALL,0.977661604523488,0.6352753445101427,0.27358441170305475,1345.9,1403.3,1374.6,0.04175760221155236
2026-08-31,36,27500.0,PUT,0.977661604523488,-0.36450322887700054,0.2729765121376137,618.1,668.9,643.5,0.07894327894327888
2026-08-31,36,27600.0,PUT,0.9812167376308462,-0.3797941143278797,0.2701217402487934,643.9,708.7,676.3,0.09581546650894585
2026-08-31,36,27800.0,PUT,0.9883270038455625,-0.4113127362956745,0.26428545840857176,719.5,763.0,741.25,0.058684654300168636
2026-08-31,36,27800.0,CALL,0.9883270038455625,0.5884715767211685,0.2653333494422813,1150.4,1199.6,1175.0,0.041872340425531764
2026-08-31,36,28000.0,PUT,0.9954372700602787,-0.44459799902355535,0.2628722248270007,807.1,835.7,821.4000000000001,0.034818602386169975
2026-08-31,36,28200.0,PUT,1.002547536274995,-0.47843788141639176,0.2570121233776108,873.9,918.3,896.0999999999999,0.04954804151322395
2026-08-31,36,28300.0,PUT,1.0061026693823532,-0.4961006360385777,0.2527775283771118,914.9,961.0,937.95,0.04914974145743379
2026-08-31,36,28400.0,PUT,1.0096578024897114,-0.5141870624511767,0.24950324208011193,958.4,1007.8,983.0999999999999,0.050249211677347146
2026-08-31,36,28400.0,CALL,1.0096578024897114,0.48579197953225617,0.24939011945144002,792.4,837.6,815.0,0.055460122699386556
2026-08-31,36,28500.0,CALL,1.0132129355970694,0.46747636743463133,0.24711745330686646,740.2,787.8,764.0,0.06230366492146585
2026-08-31,36,28500.0,PUT,1.0132129355970694,-0.532687176939443,0.24649240576697196,1004.8,1053.4,1029.1,0.04722573122145578
2026-08-31,36,28600.0,PUT,1.0167680687044276,-0.5514003484867669,0.2442026141893989,1052.4,1102.8,1077.6,0.04677060133630277
2026-08-31,36,28600.0,CALL,1.0167680687044276,0.4485058751855887,0.2439280182174034,687.5,731.8,709.65,0.06242513915310358
2026-08-31,36,28700.0,CALL,1.0203232018117856,0.42988315834591734,0.24275038995571863,639.4,685.5,662.45,0.06959015774775458
2026-08-31,36,28700.0,PUT,1.0203232018117856,-0.5703334425660708,0.24223654168997458,1102.4,1152.0,1127.2,0.044002838892831714
2026-08-31,36,28800.0,PUT,1.0238783349191438,-0.5894940578192644,0.24043830252403425,1153.9,1200.8,1177.35,0.03983522317067981
2026-08-31,36,28800.0,CALL,1.0238783349191438,0.41092187946270786,0.24126381045285059,591.4,636.8,614.0999999999999,0.07392932747109589
2026-08-31,36,28850.0,PUT,1.0256559014728228,-0.5989197602461153,0.24002088695385818,1180.6,1227.7,1204.15,0.039114728231532725
2026-08-31,36,28900.0,PUT,1.027433468026502,-0.6085962787122314,0.23923311958839974,1204.4,1254.8,1229.6,0.040988939492517786
2026-08-31,36,29000.0,CALL,1.03098860113386,0.37219319416483393,0.23496840424713603,499.5,536.6,518.05,0.07161470900492235
2026-08-31,36,29000.0,PUT,1.03098860113386,-0.6276081012541911,0.23529712029657945,1258.1,1311.1,1284.6,0.041257979137474705
2026-08-31,36,29100.0,PUT,1.0345437342412183,-0.6468279744759748,0.2313798064388355,1315.0,1369.3,1342.15,0.0404574749469135
2026-08-31,36,29150.0,PUT,1.0363213007948973,-0.6564669998528594,0.2297220083271324,1344.3,1399.4,1371.85,0.04016474104311706
2026-08-31,36,29200.0,CALL,1.0380988673485765,0.3344866453032072,0.22899363183467886,423.0,456.5,439.75,0.07617964752700399
2026-08-31,36,29200.0,PUT,1.0380988673485765,-0.6656409416457012,0.22883236364097218,1374.6,1433.4,1404.0,0.04188034188034201
2026-08-31,36,29300.0,PUT,1.0416540004559345,-0.6854377911323469,0.22567350583353774,1434.8,1492.8,1463.8,0.039622899303183495
2026-08-31,36,29400.0,CALL,1.0452091335632927,0.2968530281189633,0.2252156292900267,348.2,388.3,368.25,0.10889341479972851
2026-08-31,36,29400.0,PUT,1.0452091335632927,-0.699882263335417,0.22860632130719316,1392.7,1693.9,1543.3000000000002,0.19516620229378606
2026-08-31,36,29500.0,PUT,1.0487642666706507,-0.7180412771510177,0.22751315867028074,1458.9,1760.6,1609.75,0.18742040689548056
2026-08-31,36,29500.0,CALL,1.0487642666706507,0.27863163825320597,0.22434694093401958,316.6,354.9,335.75,0.11407297096053598
2026-08-31,36,29600.0,CALL,1.052319399778009,0.26064045845875244,0.2238059538798385,285.6,323.0,304.3,0.12290502793296082
2026-08-31,36,29600.0,PUT,1.052319399778009,-0.7436797128672467,0.2201152023789931,1527.2,1783.8,1655.5,0.15499848988221077
2026-08-31,36,29700.0,CALL,1.0558745328853671,0.24316291431244288,0.22064103288271467,255.3,294.6,274.95000000000005,0.14293507910529188
2026-08-31,36,29700.0,PUT,1.0558745328853671,-0.7537143175745576,0.2239015100527631,1597.2,1895.0,1746.1,0.17055151480442127
2026-08-31,36,29800.0,PUT,1.0594296659927251,-0.778345708314982,0.2132822644836839,1617.1,1983.7,1800.4,0.20362141746278611
2026-08-31,36,29900.0,PUT,1.0629847991000834,-0.7891681882172299,0.21609706985885713,1654.3,2123.0,1888.65,0.2481666799036349
2026-08-31,36,29950.0,PUT,1.0647623656537624,-0.7969894297537106,0.21537006306221118,1689.5,2165.2,1927.35,0.2468155757905932
2026-08-31,36,30000.0,PUT,1.0665399322074416,-0.8058834920384884,0.21382577239454678,1728.7,2199.2,1963.9499999999998,0.2395682171134702
2026-08-31,36,30000.0,CALL,1.0665399322074416,0.1925181685641654,0.2125527876631216,191.7,206.0,198.85,0.0719135026401811
2026-08-31,36,30050.0,CALL,1.0683174987611206,0.18446313092494596,0.21180538378366806,179.6,195.7,187.64999999999998,0.08579802824407139
2026-08-31,36,30100.0,PUT,1.0700950653147996,-0.8213899634144055,0.21274249323855654,1807.1,2277.4,2042.25,0.23028522462969772
2026-08-31,36,30100.0,CALL,1.0700950653147996,0.17708649742628838,0.21160545219596738,170.4,185.3,177.85000000000002,0.08377846499859434
2026-08-31,36,30200.0,CALL,1.0736501984221578,0.16212644229050185,0.2110922083991991,150.2,165.7,157.95,0.09813232035454258
2026-08-31,36,30200.0,PUT,1.0736501984221578,-0.8360948966311027,0.21234635304009722,1887.3,2357.3,2122.3,0.2214578523300194
2026-08-31,36,30300.0,CALL,1.0772053315295158,0.14758474982808192,0.20945323074483396,131.7,146.2,138.95,0.10435408420295071
2026-08-31,36,30300.0,PUT,1.0772053315295158,-0.8499168913678644,0.2119409232836125,1969.1,2438.9,2204.0,0.21315789473684219
2026-08-31,36,30400.0,CALL,1.080760464636874,0.13479261035120965,0.20657049786759496,115.5,131.6,123.55,0.13031161473087816
2026-08-31,36,30400.0,PUT,1.080760464636874,-0.863037819703669,0.2085640059415218,2052.6,2522.2,2287.3999999999996,0.20529859228818745
2026-08-31,36,30500.0,PUT,1.0843155977442323,-0.8755269512937971,0.20613674699868056,2137.7,2607.1,2372.3999999999996,0.19785870848086332
2026-08-31,36,30500.0,CALL,1.0843155977442323,0.12170768030828596,0.20377554531450864,100.9,115.6,108.25,0.13579676674364885
2026-08-31,36,30600.0,CALL,1.0878707308515903,0.11002047207277718,0.20239903536162135,87.8,103.0,95.4,0.15932914046121596
2026-08-31,36,30700.0,CALL,1.0914258639589485,0.09903539500025159,0.20168471036807023,76.0,91.4,83.7,0.18399044205495824
2026-08-31,36,30700.0,PUT,1.0914258639589485,-0.9027121639282356,0.20037222474408722,2300.0,2781.3,2540.65,0.18943971031035373
2026-08-31,36,30800.0,CALL,1.0949809970663067,0.08898240497133209,0.2017068639748179,65.6,81.0,73.3,0.21009549795361537
2026-08-31,36,30900.0,CALL,1.0985361301736647,0.0798491802435713,0.20212505397784275,56.3,71.8,64.05,0.24199843871975021
2026-08-31,36,31000.0,PUT,1.102091263281023,-0.9306506036709867,0.1968964906104832,2571.2,3052.0,2811.6,0.17100583297766403
2026-08-31,36,31000.0,CALL,1.102091263281023,0.07156748664275098,0.19936869522896852,48.3,63.7,56.0,0.2750000000000001
2026-08-31,36,31100.0,CALL,1.105646396388381,0.06372841265535104,0.19735852918395272,40.8,56.6,48.7,0.3244353182751541
2026-08-31,36,31200.0,CALL,1.1092015294957391,0.0567146160744975,0.19636509854889217,34.5,50.4,42.45,0.37455830388692574
2026-08-31,36,31300.0,PUT,1.1127566626030974,-0.9273927346935052,0.2207558185653983,2875.4,3364.4,3119.9,0.15673579281387223
2026-08-31,36,31300.0,CALL,1.1127566626030974,0.05045350043066562,0.19618306894576698,29.0,45.1,37.05,0.4345479082321188
2026-08-31,36,31400.0,CALL,1.1163117957104554,0.04467745820794915,0.19647214919015793,24.2,40.1,32.15,0.4945567651632971
2026-08-31,36,31500.0,CALL,1.1198669288178136,0.03977879074618786,0.19755380455582786,20.0,36.2,28.1,0.5765124555160143
2026-08-31,36,31600.0,CALL,1.1234220619251718,0.03542771103887266,0.19736621993707232,16.5,32.6,24.55,0.6558044806517312
2026-08-31,36,31700.0,CALL,1.1269771950325298,0.03148756704886234,0.19583447334875792,13.4,29.5,21.45,0.7505827505827507
2026-08-31,36,31800.0,CALL,1.130532328139888,0.027992388685865767,0.1951474766389991,10.7,26.9,18.799999999999997,0.8617021276595745
2026-08-31,36,32000.0,CALL,1.1376425943546042,0.022172160090174406,0.1957086200556639,6.5,22.6,14.55,1.1065292096219932
2026-08-31,36,32100.0,CALL,1.1411977274619625,0.019841165384918487,0.19684963327817395,4.8,21.0,12.9,1.255813953488372
2026-08-31,36,32200.0,CALL,1.1447528605693205,0.01783670369965064,0.19843587360817463,3.4,19.6,11.5,1.4086956521739133
2026-08-31,36,32300.0,CALL,1.1483079936766787,0.01616443039343158,0.20046423001221286,2.3,18.4,10.35,1.5555555555555554
2026-08-31,36,32400.0,CALL,1.151863126784037,0.014673972049443705,0.20190876426666768,1.25,17.4,9.325,1.7319034852546917
2026-08-31,36,32500.0,CALL,1.155418259891395,0.013370906973492842,0.201845302748895,0.4,16.5,8.45,1.9053254437869827
2026-08-31,36,32600.0,CALL,1.1589733929987531,0.012506839653311279,0.20324717271521292,0.05,15.8,7.925000000000001,1.9873817034700314
2026-08-31,36,32700.0,CALL,1.1625285261061111,0.011936285956919432,0.20558044327405925,0.05,15.2,7.625,1.986885245901639
2026-08-31,36,32800.0,CALL,1.1660836592134693,0.011440933791734078,0.20811005217579046,0.05,14.7,7.375,1.9864406779661015
2026-08-31,36,32900.0,CALL,1.1696387923208276,0.010957781687907465,0.21062686555181884,0.05,14.2,7.125,1.9859649122807015
2026-08-31,36,33000.0,CALL,1.1731939254281856,0.010547807765565725,0.21333975985156112,0.05,13.8,6.925000000000001,1.9855595667870034
2026-08-31,36,33200.0,CALL,1.180304191642902,0.009880359729143914,0.21914472469852467,0.05,13.2,6.625,1.9849056603773583
2026-08-31,36,33400.0,CALL,1.1874144578576182,0.009248420811224501,0.22490017358450104,0.05,12.6,6.325,1.984189723320158
2026-08-31,36,33500.0,CALL,1.1909695909649762,0.009003868009535135,0.22796801206756812,0.05,12.4,6.2250000000000005,1.9839357429718874
2026-08-31,36,33600.0,CALL,1.1945247240723345,0.008766084342328185,0.23102393595844709,0.05,12.2,6.125,1.983673469387755
2026-08-31,36,33900.0,CALL,1.205190123394409,0.008654752363380869,0.24220275476947506,0.0,11.7,5.85,2.0
2026-08-31,36,34000.0,CALL,1.2087452565017671,0.008408544800897819,0.24510784002969818,0.0,11.5,5.75,2.0
2026-08-31,36,34400.0,CALL,1.2229657889311996,0.007400190616250742,0.2563081643726062,0.0,10.9,5.45,2.0
2026-08-31,36,34500.0,CALL,1.2265209220385578,0.007208951001561302,0.259263689442129,0.0,10.8,5.4,2.0
2026-08-31,36,35000.0,CALL,1.2442965875753484,0.006419286028714846,0.2743018852467438,0.0,10.1,5.05,2.0
2026-08-31,36,36000.0,CALL,1.2798479186489298,0.005434318695210334,0.3051918970591721,0.0,9.3,4.65,2.0
2026-08-31,36,36500.0,PUT,1.2976235841857204,-0.9999999999994764,0.0021308111511566417,7910.4,8555.6,8233.0,0.07836754524474684
2026-08-31,36,37000.0,CALL,1.315399249722511,0.004808100834677862,0.33263271703005,0.0,8.9,4.45,2.0
2026-08-31,36,38000.0,CALL,1.3509505807960926,0.004342870274946115,0.35826127772443417,0.0,8.5,4.25,2.0
2026-08-31,36,39000.0,CALL,1.386501911869674,0.0012160757610413843,0.3407217394463053,0.0,8.2,4.1,2.0
2026-08-31,36,40000.0,CALL,1.4220532429432553,0.0037537798959304865,0.40956489817905234,0.0,8.1,4.05,2.0
2026-09-04,40,15000.0,PUT,0.5332699661037208,-0.0029648797964439513,0.7412623965068496,0.05,13.7,6.875,1.9854545454545451
2026-09-04,40,16000.0,PUT,0.5688212971773021,-0.003670961797712044,0.6759349463433726,0.05,15.8,7.925000000000001,1.9873817034700314
2026-09-04,40,17000.0,PUT,0.6043726282508836,-0.005056007188223105,0.6237907215597976,2.3,18.4,10.35,1.5555555555555554
2026-09-04,40,18000.0,PUT,0.6399239593244649,-0.00714672462874364,0.5823730301787117,5.9,22.0,13.95,1.1541218637992834
2026-09-04,40,22500.0,PUT,0.7999049491555811,-0.04118816653607503,0.4093434168635727,61.1,77.1,69.1,0.23154848046309687
2026-09-04,40,23000.0,PUT,0.8176806146923719,-0.05136093540109046,0.39704149236154596,77.5,93.6,85.55,0.18819403857393333
2026-09-04,40,23200.0,PUT,0.8247908809070881,-0.05611327889464855,0.3938110518580151,85.4,101.5,93.45,0.17228464419475648
2026-09-04,40,23600.0,PUT,0.8390114133365206,-0.06713885310155794,0.37754031282368916,103.9,119.8,111.85,0.14215467143495747
2026-09-04,40,23800.0,PUT,0.846121679551237,-0.07350753634583554,0.37027071755222013,114.3,130.4,122.35,0.13158970167552111
2026-09-04,40,24000.0,PUT,0.8532319457659532,-0.08061101898288275,0.36397199315718637,126.1,142.2,134.14999999999998,0.12001490868430859
2026-09-04,40,24200.0,PUT,0.8603422119806695,-0.08841482070101736,0.35859642307925554,139.1,155.3,147.2,0.11005434782608708
2026-09-04,40,24500.0,PUT,0.8710076113027438,-0.101452650074104,0.35239000009789095,161.3,177.4,169.35000000000002,0.09506938293475047
2026-09-04,40,24600.0,PUT,0.8745627444101021,-0.10615887368650155,0.35086235583408715,169.4,185.6,177.5,0.09126760563380275
2026-09-04,40,25000.0,PUT,0.8887832768395346,-0.12691686941209718,0.33900637486638774,205.5,222.6,214.05,0.07988787666433074
2026-09-04,40,25200.0,PUT,0.8958935430542508,-0.13893217847240957,0.3319743002260725,226.7,243.8,235.25,0.07268862911795972
2026-09-04,40,25400.0,PUT,0.9030038092689672,-0.1521780138111358,0.3260793036794105,249.8,267.9,258.85,0.06992466679544124
2026-09-04,40,25500.0,PUT,0.9065589423763253,-0.1591838497402105,0.32346522164680475,262.6,280.1,271.35,0.06449235304956698
2026-09-04,40,25600.0,PUT,0.9101140754836834,-0.1668143646450959,0.3216541206710107,265.4,305.9,285.65,0.14178190092770876
2026-09-04,40,25800.0,PUT,0.9172243416983997,-0.18233099621844387,0.3180659803830639,294.1,334.4,314.25,0.12824184566427987
2026-09-04,40,26000.0,PUT,0.924334607913116,-0.19886056809810995,0.3156892979956347,325.6,365.5,345.55,0.1154680943423527
2026-09-04,40,26200.0,PUT,0.9314448741278323,-0.21665764913773378,0.3092171873534249,360.1,400.5,380.3,0.10623192216671043
2026-09-04,40,26400.0,PUT,0.9385551403425485,-0.2360346108115717,0.30226974427819936,397.9,438.3,418.1,0.09662760105237989
2026-09-04,40,26500.0,PUT,0.9421102734499066,-0.24603529497468962,0.29879570561972885,415.4,458.4,436.9,0.09842069123369193
2026-09-04,40,26600.0,PUT,0.9456654065572648,-0.25649741944577276,0.29571692664515276,434.3,479.4,456.85,0.09871949217467432
2026-09-04,40,27000.0,PUT,0.9598859389866974,-0.30257976953260834,0.2877204019922902,522.5,576.5,549.5,0.09827115559599636
2026-09-04,40,27200.0,PUT,0.9669962052014136,-0.3275610774949188,0.28478433396793357,575.0,631.6,603.3,0.09381733797447377
2026-09-04,40,28400.0,PUT,1.0096578024897114,-0.5094647935102062,0.25233362929847075,1009.7,1059.4,1034.5500000000002,0.04804021071963659
2026-09-04,40,28500.0,PUT,1.0132129355970694,-0.527054894659563,0.24836725894192094,1047.0,1105.8,1076.4,0.05462653288740241
2026-09-04,40,28600.0,PUT,1.0167680687044276,-0.5444813340138177,0.24669823028715515,1097.4,1156.2,1126.8000000000002,0.05218317358892434
2026-09-04,40,29000.0,PUT,1.03098860113386,-0.6162909971151085,0.2392739331262439,1299.4,1361.0,1330.2,0.046308825740490084
2026-09-04,40,29500.0,PUT,1.0487642666706507,-0.7064315792893311,0.22545344904921047,1600.6,1666.1,1633.35,0.04010163161600392
2026-09-04,40,29600.0,PUT,1.052319399778009,-0.7192626308796783,0.22882920886664593,1565.2,1864.6,1714.9,0.17458743950084543
2026-09-04,40,29800.0,PUT,1.0594296659927251,-0.7496811767467272,0.22862221172776295,1634.9,2086.2,1860.55,0.24256268307758444
2026-09-04,40,30000.0,CALL,1.0665399322074416,0.2155886549819327,0.21946510115458245,229.4,267.5,248.45,0.15335077480378345
2026-09-04,40,30000.0,PUT,1.0665399322074416,-0.7864182364984572,0.21769069013938472,1757.6,2229.6,1993.6,0.23675762439807385
2026-09-04,40,30200.0,PUT,1.0736501984221578,-0.816700941655367,0.21454496619252372,1911.7,2382.7,2147.2,0.2193554396423248
2026-09-04,40,30400.0,CALL,1.080760464636874,0.1576445430484439,0.21523180158762664,154.8,170.9,162.85000000000002,0.09886398526251146
2026-09-04,40,30500.0,CALL,1.0843155977442323,0.14506182983134502,0.21309964340023527,137.7,153.8,145.75,0.11046312178387666
2026-09-04,40,30500.0,PUT,1.0843155977442323,-0.857268888832217,0.21084533746519682,2153.9,2625.1,2389.5,0.19719606612261972
2026-09-04,40,30600.0,CALL,1.0878707308515903,0.13299821420214888,0.2102903840375982,122.2,138.2,130.2,0.1228878648233486
2026-09-04,40,30800.0,CALL,1.0949809970663067,0.11063497667629196,0.20695400205827155,95.1,111.3,103.19999999999999,0.15697674418604657
2026-09-04,40,31200.0,CALL,1.1092015294957391,0.07533500022705164,0.2055395623977545,56.8,71.7,64.25,0.2319066147859923
2026-09-04,40,31400.0,CALL,1.1163117957104554,0.06150431097473272,0.20243842340942994,43.1,57.8,50.45,0.29137760158572834
2026-09-04,40,31500.0,CALL,1.1198669288178136,0.05534933360748275,0.2018488267491033,37.3,51.9,44.599999999999994,0.32735426008968616
2026-09-04,40,31600.0,CALL,1.1234220619251718,0.049563364742912126,0.20166469198530906,31.9,46.5,39.2,0.37244897959183676
2026-09-04,40,31800.0,CALL,1.130532328139888,0.04035562364569556,0.20355012858097063,23.5,38.4,30.95,0.481421647819063
2026-09-04,40,32000.0,CALL,1.1376425943546042,0.03248314205021741,0.2018747469200014,17.0,31.1,24.05,0.5862785862785863
2026-09-04,40,32200.0,CALL,1.1447528605693205,0.026972287618851173,0.20211263411243766,12.2,27.1,19.65,0.7582697201017813
2026-09-04,40,32500.0,CALL,1.155418259891395,0.02004714034366987,0.20451813709583624,6.6,21.9,14.25,1.0736842105263158
2026-09-04,40,32600.0,CALL,1.1589733929987531,0.018268317549246675,0.20607793403856337,5.2,20.6,12.9,1.1937984496124032
2026-09-04,40,32800.0,CALL,1.1660836592134693,0.015257741116575359,0.20989238710753993,2.65,18.6,10.625,1.5011764705882353
2026-09-04,40,33000.0,CALL,1.1731939254281856,0.012963720719729831,0.21010498411714368,0.9,17.0,8.95,1.798882681564246
2026-09-04,40,33500.0,CALL,1.1909695909649762,0.010234016599113533,0.22021674264580116,0.05,14.5,7.275,1.9862542955326459
2026-09-04,40,34000.0,CALL,1.2087452565017671,0.008832995353317045,0.233879007608046,0.05,13.1,6.575,1.9847908745247147
2026-09-04,40,34500.0,CALL,1.2265209220385578,0.007828111683859641,0.2481520274046295,0.0,12.1,6.05,2.0
2026-09-04,40,35500.0,CALL,1.262072253112139,0.00630781499259098,0.2766331070815863,0.0,10.4,5.2,2.0
2026-09-04,40,36000.0,CALL,1.2798479186489298,0.0058608716761942865,0.2913496651293966,0.0,9.9,4.95,2.0
2026-09-11,47,30000.0,CALL,1.0665399322074416,0.23658872811131562,0.2190835699663746,276.4,324.0,300.2,0.15856095936042647
2026-09-11,47,31000.0,CALL,1.102091263281023,0.11218914103244307,0.20488772356661303,103.6,120.9,112.25,0.15412026726057917
2026-09-18,54,4000.0,PUT,0.14220532429432553,-8.020103725542693e-05,1.5130262253803102,0.0,8.1,4.05,2.0
2026-09-18,54,5000.0,PUT,0.1777566553679069,-0.0007142046730410943,1.583998878207712,0.0,8.2,4.1,2.0
2026-09-18,54,6000.0,PUT,0.2133079864414883,-0.0008133975251018743,1.4198385005883987,0.0,8.3,4.15,2.0
2026-09-18,54,7000.0,PUT,0.24885931751506968,-0.0009220534383594443,1.2825966295947322,0.0,8.5,4.25,2.0
2026-09-18,54,8000.0,PUT,0.28441064858865106,-0.000507359664230563,1.0989001755716037,0.0,3.6,1.8,2.0
2026-09-18,54,9000.0,PUT,0.31996197966223244,-0.0012024185879329526,1.0643344705219266,0.0,9.2,4.6,2.0
2026-09-18,54,10000.0,PUT,0.3555133107358138,-0.0014028436602686659,0.9767790777732616,0.0,9.7,4.85,2.0
2026-09-18,54,11000.0,PUT,0.3910646418093952,-0.0016722445678824672,0.9013295254152067,0.0,10.6,5.3,2.0
2026-09-18,54,12000.0,PUT,0.4266159728829766,-0.001982035647896621,0.8332206050656116,0.0,11.8,5.9,2.0
2026-09-18,54,13000.0,PUT,0.462167303956558,-0.002395713883013615,0.7749114134842462,0.05,13.3,6.675000000000001,1.98501872659176
2026-09-18,54,14000.0,PUT,0.49771863503013936,-0.002911124297478475,0.7116289112019454,0.05,15.1,7.575,1.9867986798679866
2026-09-18,54,15000.0,CALL,0.5332699661037208,0.9987049502174954,0.5762789563304047,12890.0,13535.2,13212.6,0.04883217534777415
2026-09-18,54,15000.0,PUT,0.5332699661037208,-0.0038346602398630298,0.6560990716064308,1.4,17.5,9.45,1.703703703703704
2026-09-18,54,15500.0,PUT,0.5510456316405115,-0.00457438286459876,0.6337654129772733,3.0,19.1,11.05,1.4570135746606334
2026-09-18,54,16000.0,PUT,0.5688212971773021,-0.005397729263798777,0.6127877245257205,4.7,20.8,12.75,1.2627450980392159
2026-09-18,54,16500.0,PUT,0.5865969627140928,-0.006377590705810462,0.5942653929982645,6.7,22.8,14.75,1.0915254237288137
2026-09-18,54,17000.0,PUT,0.6043726282508836,-0.007552477748768362,0.5786574182557934,9.3,25.0,17.15,0.9154518950437318
2026-09-18,54,17500.0,PUT,0.6221482937876742,-0.008959580300175045,0.5622694495578838,12.4,27.7,20.05,0.7630922693266832
2026-09-18,54,18000.0,PUT,0.6399239593244649,-0.010596008378133305,0.5390780656389389,15.8,30.8,23.3,0.6437768240343348
2026-09-18,54,18500.0,PUT,0.6576996248612555,-0.012601378323244955,0.5181137889862227,19.8,34.6,27.200000000000003,0.5441176470588235
2026-09-18,54,19000.0,CALL,0.6754752903980463,0.9911037949566294,0.46263603234423345,8938.8,9557.1,9247.95,0.06685806043501544
2026-09-18,54,19000.0,PUT,0.6754752903980463,-0.014908797976570673,0.49870419367926433,24.4,38.6,31.5,0.45079365079365086
2026-09-18,54,19500.0,PUT,0.693250955934837,-0.017896488820373507,0.4830907791780581,29.8,44.6,37.2,0.3978494623655914
2026-09-18,54,20000.0,PUT,0.7110266214716277,-0.021461360146399405,0.4704419104945959,36.2,51.8,44.0,0.35454545454545444
2026-09-18,54,20400.0,PUT,0.7252471539010602,-0.024544160198893945,0.4576966349204916,42.3,57.1,49.7,0.29778672032193165
2026-09-18,54,20500.0,PUT,0.7288022870084183,-0.025408392278575966,0.4532986904253173,43.8,58.8,51.3,0.2923976608187135
2026-09-18,54,20600.0,PUT,0.7323574201157765,-0.026359767404529725,0.4491487023647834,45.7,60.5,53.1,0.2787193973634651
2026-09-18,54,20700.0,PUT,0.7359125532231346,-0.027346011271155216,0.4450776408446339,47.5,62.4,54.95,0.2711555959963603
2026-09-18,54,20800.0,PUT,0.7394676863304928,-0.02836761059670137,0.44108497423026466,49.4,64.3,56.849999999999994,0.2620932277924362
2026-09-18,54,20900.0,PUT,0.7430228194378509,-0.029407178724080028,0.4371146604641643,51.3,66.2,58.75,0.25361702127659586
2026-09-18,54,21000.0,PUT,0.7465779525452091,-0.030946613315081417,0.43466174200653784,55.5,68.5,62.0,0.20967741935483872
2026-09-18,54,21100.0,PUT,0.7501330856525672,-0.03170286002488866,0.42973786069351927,55.6,70.4,63.0,0.234920634920635
2026-09-18,54,21200.0,PUT,0.7536882187599253,-0.0329241639303664,0.4262185202539521,57.8,72.7,65.25,0.22835249042145603
2026-09-18,54,21300.0,PUT,0.7572433518672834,-0.034200863721579065,0.422829174953472,60.1,75.1,67.6,0.22189349112426027
2026-09-18,54,21400.0,PUT,0.7607984849746416,-0.03553320454526464,0.4195689108317218,62.6,77.5,70.05,0.21270521056388292
2026-09-18,54,21500.0,PUT,0.7643536180819998,-0.0369213432024458,0.41643681172994407,65.2,80.0,72.6,0.20385674931129474
2026-09-18,54,21600.0,PUT,0.7679087511893579,-0.03836534550430706,0.4134319586678074,67.8,82.7,75.25,0.1980066445182725
2026-09-18,54,21700.0,PUT,0.771463884296716,-0.03988290004516971,0.410607863625295,70.6,85.5,78.05,0.19090326713645106
2026-09-18,54,21800.0,CALL,0.7750190174040742,0.9628838641566698,0.3949681793561861,6207.1,6825.2,6516.15,0.09485662546135364
2026-09-18,54,21800.0,PUT,0.7750190174040742,-0.04145601272958141,0.4079088843200737,73.5,88.4,80.95,0.18406423718344664
2026-09-18,54,21900.0,PUT,0.7785741505114323,-0.04308442403095563,0.4053340863968218,76.5,91.4,83.95,0.1774865991661704
2026-09-18,54,22000.0,PUT,0.7821292836187904,-0.044750340310121414,0.40282852412478193,80.0,94.0,87.0,0.16091954022988506
2026-09-18,54,22100.0,PUT,0.7856844167261485,-0.04652292448372682,0.4006071347150574,82.9,97.7,90.30000000000001,0.16389811738648943
2026-09-18,54,22200.0,PUT,0.7892395498335067,-0.04836606328821672,0.3985602198606877,86.4,101.1,93.75,0.15679999999999988
2026-09-18,54,22300.0,PUT,0.7927946829408649,-0.05022753391105567,0.3965256814243612,89.7,104.7,97.2,0.15432098765432098
2026-09-18,54,22400.0,PUT,0.796349816048223,-0.05225896518914517,0.39498415481945587,93.8,108.4,101.1,0.14441147378832847
2026-09-18,54,22500.0,PUT,0.7999049491555811,-0.054405345162835815,0.39377165202243397,97.9,112.7,105.30000000000001,0.14055080721747384
2026-09-18,54,22600.0,PUT,0.8034600822629393,-0.056427016590154706,0.38984317096240567,101.8,116.3,109.05,0.13296652911508483
2026-09-18,54,22700.0,PUT,0.8070152153702974,-0.0586414672996196,0.3858690854336492,106.0,120.5,113.25,0.1280353200883002
2026-09-18,54,22800.0,PUT,0.8105703484776555,-0.06098381973180467,0.3820698945318911,110.5,124.9,117.7,0.12234494477485136
2026-09-18,54,22900.0,PUT,0.8141254815850136,-0.06340520911933434,0.3783528335097354,115.1,129.4,122.25,0.11697341513292443
2026-09-18,54,22900.0,CALL,0.8141254815850136,0.9350620302493682,0.3811997105039426,5159.2,5800.8,5480.0,0.11708029197080298
2026-09-18,54,23000.0,CALL,0.8176806146923719,0.9324966790439004,0.37768271494432154,5064.6,5706.2,5385.4,0.11913692576224598
2026-09-18,54,23000.0,PUT,0.8176806146923719,-0.06617084829424047,0.37520506118222696,120.9,134.5,127.7,0.1064996084573218
2026-09-18,54,23100.0,CALL,0.82123574779973,0.9298032981389908,0.37433739290988494,4970.2,5611.9,5291.049999999999,0.1212802751816747
2026-09-18,54,23100.0,PUT,0.82123574779973,-0.06880159127993069,0.37174087779477094,126.0,139.2,132.6,0.09954751131221712
2026-09-18,54,23200.0,CALL,0.8247908809070881,0.9269980646017341,0.3711322804144661,4876.1,5517.7,5196.9,0.12345821547460976
2026-09-18,54,23200.0,PUT,0.8247908809070881,-0.0716115973854049,0.3685389117762331,131.4,144.4,137.9,0.09427121102248005
2026-09-18,54,23300.0,CALL,0.8283460140144462,0.9240650340825846,0.3680966647657196,4782.1,5423.9,5103.0,0.1257691553987849
2026-09-18,54,23300.0,PUT,0.8283460140144462,-0.0744859110540316,0.36538554975154586,136.6,149.9,143.25,0.09284467713787094
2026-09-18,54,23400.0,PUT,0.8319011471218044,-0.07740891330964936,0.36225033531313644,141.5,155.7,148.6,0.09555854643337812
2026-09-18,54,23400.0,CALL,0.8319011471218044,0.9247758200974886,0.3582264233209112,4688.3,5307.2,4997.75,0.12383572607673446
2026-09-18,54,23500.0,CALL,0.8354562802291625,0.9230679580843731,0.3528009035088647,4585.8,5213.8,4899.8,0.1281684966733336
2026-09-18,54,23500.0,PUT,0.8354562802291625,-0.0806870087835326,0.3597051883918583,148.6,161.2,154.89999999999998,0.0813428018076178
2026-09-18,54,23600.0,PUT,0.8390114133365206,-0.08410605211330567,0.35735529052567966,155.0,168.0,161.5,0.0804953560371517
2026-09-18,54,23600.0,CALL,0.8390114133365206,0.9186199764006404,0.35227696930943037,4501.9,5118.0,4809.95,0.12808864957016194
2026-09-18,54,23800.0,PUT,0.846121679551237,-0.0911701736188543,0.3528769109325935,168.6,181.4,175.0,0.0731428571428572
2026-09-18,54,24000.0,CALL,0.8532319457659532,0.9050557854198976,0.3417766896683869,4123.6,4749.1,4436.35,0.14099428584309173
2026-09-18,54,24000.0,PUT,0.8532319457659532,-0.09866668014904802,0.34895734551471447,183.4,195.3,189.35000000000002,0.06284658040665436
2026-09-18,54,24200.0,CALL,0.8603422119806695,0.8787152197917141,0.3699839722452498,4113.7,4525.0,4319.35,0.09522266081702112
2026-09-18,54,24200.0,PUT,0.8603422119806695,-0.10669209407036814,0.34582376504974277,197.8,212.1,204.95,0.06977311539399846
2026-09-18,54,24400.0,PUT,0.8674524781953857,-0.11535591871893784,0.34082831451207596,214.7,229.7,222.2,0.0675067506750675
2026-09-18,54,24500.0,CALL,0.8710076113027438,0.8808821385197955,0.33595166311091645,3726.7,4253.6,3990.15,0.13205017355237286
2026-09-18,54,24500.0,PUT,0.8710076113027438,-0.12000871549660293,0.3371838311282691,225.0,238.0,231.5,0.056155507559395246
2026-09-18,54,24600.0,PUT,0.8745627444101021,-0.12471954419387488,0.333501816759359,233.7,247.6,240.64999999999998,0.05776023270309581
2026-09-18,54,24600.0,CALL,0.8745627444101021,0.8759804633137039,0.3325279424180184,3637.1,4163.9,3900.5,0.13505960774259704
2026-09-18,54,24800.0,PUT,0.8816730106248183,-0.13547724412719442,0.32765483193970196,255.7,269.7,262.7,0.053292729349067376
2026-09-18,54,24800.0,CALL,0.8816730106248183,0.8650512637499682,0.32690330830279885,3461.5,3986.9,3724.2,0.1410772783416573
2026-09-18,54,25000.0,PUT,0.8887832768395346,-0.14656506551884232,0.3218007412245898,271.8,297.3,284.55,0.08961518186610437
2026-09-18,54,25000.0,CALL,0.8887832768395346,0.8713967360516627,0.297599301098966,3283.1,3689.9,3486.5,0.11667861752473833
2026-09-18,54,25200.0,CALL,0.8958935430542508,0.8414544642701698,0.3167579851456143,3134.3,3613.6,3373.95,0.14205901095155524
2026-09-18,54,25200.0,PUT,0.8958935430542508,-0.15895615169908436,0.3173782039143652,296.6,323.3,309.95000000000005,0.08614292627843195
2026-09-18,54,25400.0,CALL,0.9030038092689672,0.8282648378757531,0.3130843618820576,2962.6,3441.9,3202.25,0.14967600905613246
2026-09-18,54,25400.0,PUT,0.9030038092689672,-0.17179739816063208,0.3131825275571897,318.9,352.7,335.79999999999995,0.10065515187611679
2026-09-18,54,25500.0,PUT,0.9065589423763253,-0.17907713755104165,0.3122916818722835,340.3,363.4,351.85,0.06565297712093211
2026-09-18,54,25500.0,CALL,0.9065589423763253,0.8213212712295647,0.31164506673496867,2877.6,3357.2,3117.3999999999996,0.15384615384615383
2026-09-18,54,25600.0,PUT,0.9101140754836834,-0.1863074471812361,0.3112553121367381,355.0,380.0,367.5,0.06802721088435375
2026-09-18,54,25600.0,CALL,0.9101140754836834,0.8139631756668195,0.3108020690388604,2795.2,3273.0,3034.1,0.15747668171780765
2026-09-18,54,25800.0,CALL,0.9172243416983997,0.7991131093768042,0.30827285235773766,2628.5,3106.6,2867.55,0.16672769437324542
2026-09-18,54,25800.0,PUT,0.9172243416983997,-0.20038646826281786,0.3075928154126319,382.0,410.6,396.3,0.07216754983598289
2026-09-18,54,26000.0,CALL,0.924334607913116,0.7831832472486219,0.30139474206436145,2464.6,2942.8,2703.7,0.17686873543662399
2026-09-18,54,26000.0,PUT,0.924334607913116,-0.21673132060042766,0.3012734433987198,421.2,445.4,433.29999999999995,0.05585045003461803
2026-09-18,54,26200.0,PUT,0.9314448741278323,-0.23393703874680968,0.29528900305410205,457.3,485.1,471.20000000000005,0.058998302207130746
2026-09-18,54,26200.0,CALL,0.9314448741278323,0.7659332722396803,0.29548372272324536,2303.7,2782.2,2542.95,0.1881672860260721
2026-09-18,54,26400.0,CALL,0.9385551403425485,0.7553673510532454,0.27830821205313283,2208.0,2476.3,2342.15,0.11455286809128372
2026-09-18,54,26400.0,PUT,0.9385551403425485,-0.25238636326474945,0.29025759135014123,499.6,524.8,512.2,0.049199531433033836
2026-09-18,54,26500.0,PUT,0.9421102734499066,-0.2621418567139387,0.28825996163265205,520.8,548.1,534.45,0.05108055009823195
2026-09-18,54,26500.0,CALL,0.9421102734499066,0.7325506592502846,0.2975131430729649,2202.8,2477.2,2340.0,0.11726495726495711
2026-09-18,54,26600.0,PUT,0.9456654065572648,-0.27197539466079956,0.2861773711777794,543.5,569.2,556.35,0.04619394266199343
2026-09-18,54,26600.0,CALL,0.9456654065572648,0.7349925864958794,0.2744204541525519,2053.3,2322.3,2187.8,0.1229545662309169
2026-09-18,54,26800.0,PUT,0.952775672771981,-0.29262651739829115,0.28315694840395017,590.9,617.3,604.0999999999999,0.04370137394471111
2026-09-18,54,26800.0,CALL,0.952775672771981,0.7095577003248541,0.27890291939808165,1954.8,2171.6,2063.2,0.10507948817371073
2026-09-18,54,27000.0,PUT,0.9598859389866974,-0.3142032872135141,0.2813008106148282,642.2,669.6,655.9000000000001,0.04177466077145903
2026-09-18,54,27000.0,CALL,0.9598859389866974,0.6853773362403374,0.28226456974620334,1911.7,1957.9,1934.8000000000002,0.023878437047756895
2026-09-18,54,27200.0,CALL,0.9669962052014136,0.6628105819734914,0.2760117708533297,1769.8,1813.6,1791.6999999999998,0.024446056817547558
2026-09-18,54,27200.0,PUT,0.9669962052014136,-0.3369318216685,0.2754123531075462,697.5,727.9,712.7,0.042654693419391015
2026-09-18,54,27400.0,CALL,0.9741064714161299,0.6390337144582338,0.2690666268282446,1631.9,1666.2,1649.0500000000002,0.020799854461659713
2026-09-18,54,27400.0,PUT,0.9741064714161299,-0.36112000942974587,0.26949824957600155,757.4,789.1,773.25,0.04099579696087947
2026-09-18,54,27500.0,PUT,0.977661604523488,-0.3736879515418568,0.2668166770474891,787.8,821.3,804.55,0.04163818283512523
2026-09-18,54,27500.0,CALL,0.977661604523488,0.6264019748809977,0.26653096314862856,1564.6,1598.4,1581.5,0.02137211508061978
2026-09-18,54,27600.0,CALL,0.9812167376308462,0.6134601244819307,0.2642749300999273,1498.4,1531.7,1515.0500000000002,0.02197947262466582
2026-09-18,54,27600.0,PUT,0.9812167376308462,-0.386613400628746,0.2645465049141515,821.0,854.0,837.5,0.03940298507462687
2026-09-18,54,27700.0,PUT,0.9847718707382043,-0.3997748913242798,0.2623637569120904,855.1,886.4,870.75,0.035946023542922714
2026-09-18,54,27700.0,CALL,0.9847718707382043,0.6002270675340786,0.26235503662976806,1433.5,1466.4,1449.95,0.02269043760129666
2026-09-18,54,27800.0,PUT,0.9883270038455625,-0.41315709913114773,0.2602204776225741,888.9,919.3,904.0999999999999,0.03362459904877777
2026-09-18,54,27800.0,CALL,0.9883270038455625,0.5867523640326119,0.2607324341346602,1369.8,1402.3,1386.05,0.023447927563940697
2026-09-18,54,27900.0,CALL,0.9918821369529206,0.5730824599713539,0.2593569701597857,1307.3,1339.0,1323.15,0.023957979065109807
2026-09-18,54,27900.0,PUT,0.9918821369529206,-0.42692872259687,0.25944548417647656,930.2,956.2,943.2,0.0275657336726039
2026-09-18,54,27950.0,CALL,0.9936597035065996,0.5661775030638542,0.25883740329023397,1276.6,1308.2,1292.4,0.024450634478489736
2026-09-18,54,27950.0,PUT,0.9936597035065996,-0.4337714077468326,0.2583322862112012,944.1,975.2,959.6500000000001,0.032407648621893416
2026-09-18,54,28000.0,PUT,0.9954372700602787,-0.4407109098919268,0.25773880040448843,963.9,992.7,978.3,0.02943882244710219
2026-09-18,54,28000.0,CALL,0.9954372700602787,0.5592286586544479,0.2585424017956081,1247.6,1277.6,1262.6,0.02376049421827974
2026-09-18,54,28050.0,PUT,0.9972148366139578,-0.44769098646386696,0.2573346615941664,981.4,1014.1,997.75,0.03277374091706344
2026-09-18,54,28100.0,CALL,0.9989924031676368,0.5452897757648829,0.25771052265978184,1186.3,1217.6,1201.9499999999998,0.026041016681226308
2026-09-18,54,28100.0,PUT,0.9989924031676368,-0.45469494566139507,0.257037098128237,1001.3,1034.0,1017.65,0.032132855107355224
2026-09-18,54,28125.0,PUT,0.9998811864444764,-0.4582031006104959,0.2569120595676032,1011.3,1044.1,1027.6999999999998,0.03191592877298819
2026-09-18,54,28125.0,CALL,0.9998811864444764,0.5417831452303139,0.2584161818133322,1171.5,1209.9,1190.7,0.032249937011841846
2026-09-18,54,28150.0,CALL,1.000769969721316,0.5382795502140085,0.2567639767731555,1156.8,1188.1,1172.4499999999998,0.02669623438099702
2026-09-18,54,28150.0,PUT,1.000769969721316,-0.4617231356373329,0.25608536977241275,1021.4,1054.3,1037.85,0.031700149347208155
2026-09-18,54,28175.0,CALL,1.0016587529981555,0.5347435616196288,0.25585290011616224,1142.2,1173.5,1157.85,0.027032862633328977
2026-09-18,54,28200.0,CALL,1.002547536274995,0.5312080947902901,0.25575768055249326,1127.8,1165.7,1146.75,0.03304992369740579
2026-09-18,54,28200.0,PUT,1.002547536274995,-0.46883831560281747,0.25428304270643143,1042.0,1074.9,1058.45,0.03108318768009834
2026-09-18,54,28250.0,PUT,1.0043251028286742,-0.4760483916784577,0.2525920067557222,1062.9,1096.1,1079.5,0.03075497915701697
2026-09-18,54,28300.0,CALL,1.0061026693823532,0.5167236662025295,0.2517983177020169,1072.0,1101.8,1086.9,0.027417425706136676
2026-09-18,54,28300.0,PUT,1.0061026693823532,-0.48335309382502417,0.2509305930273229,1084.1,1117.2,1100.65,0.03007313859991835
2026-09-18,54,28325.0,CALL,1.0069914526591928,0.5130356445269872,0.25085082241331835,1056.5,1087.7,1072.1,0.029101762895252355
2026-09-18,54,28325.0,PUT,1.0069914526591928,-0.4870649494885528,0.249876578830517,1094.7,1125.8,1110.25,0.02801170907453268
2026-09-18,54,28350.0,CALL,1.0078802359360322,0.5093622244482768,0.2502636246808244,1043.9,1073.8,1058.85,0.028238182934315403
2026-09-18,54,28350.0,PUT,1.0078802359360322,-0.4907435666712212,0.24936807727033972,1105.6,1138.8,1122.1999999999998,0.02958474425236148
2026-09-18,54,28375.0,PUT,1.0087690192128718,-0.4944633931887654,0.2486641761867863,1116.8,1149.8,1133.3,0.02911850348539663
2026-09-18,54,28400.0,PUT,1.0096578024897114,-0.49820592954447823,0.24795010380225546,1128.2,1160.5,1144.35,0.028225630270459174
2026-09-18,54,28400.0,CALL,1.0096578024897114,0.502002894428087,0.2493580668833309,1016.2,1050.8,1033.5,0.03347847121432018
2026-09-18,54,28425.0,PUT,1.0105465857665508,-0.5019718242252742,0.2472258969143644,1139.1,1171.6,1155.35,0.02813000389492362
2026-09-18,54,28425.0,CALL,1.0105465857665508,0.4981930626475676,0.2482321140893362,1002.5,1033.3,1017.9,0.03025837508596125
2026-09-18,54,28450.0,CALL,1.0114353690433904,0.4943883110566992,0.24732721817210163,987.2,1019.3,1003.25,0.031996012957886774
2026-09-18,54,28450.0,PUT,1.0114353690433904,-0.5057451631627216,0.24658373170254713,1150.6,1182.8,1166.6999999999998,0.02759921145110144
2026-09-18,54,28475.0,CALL,1.0123241523202298,0.4906568816587739,0.24694189129520536,975.0,1006.7,990.85,0.031992733511631476
2026-09-18,54,28475.0,PUT,1.0123241523202298,-0.5095358077103068,0.24595433321247345,1162.0,1194.2,1178.1,0.027332144979203842
2026-09-18,54,28500.0,CALL,1.0132129355970694,0.48681465948499325,0.24608601888415693,960.3,992.5,976.4,0.03297828758705453
2026-09-18,54,28500.0,PUT,1.0132129355970694,-0.5133530367763586,0.2452916912102262,1173.1,1205.6,1189.35,0.02732585025434061
2026-09-18,54,28525.0,CALL,1.014101718873909,0.48300067185252366,0.24547299062717665,947.0,979.0,963.0,0.033229491173416406
2026-09-18,54,28525.0,PUT,1.014101718873909,-0.517164606328472,0.24474518697938047,1184.9,1217.3,1201.1,0.02697527266672206
2026-09-18,54,28550.0,CALL,1.0149905021507484,0.47921787238383223,0.2450676646718409,935.0,966.0,950.5,0.03261441346659653
2026-09-18,54,28550.0,PUT,1.0149905021507484,-0.5210602260920643,0.24392445753830438,1196.5,1226.8,1211.65,0.02500722155738039
2026-09-18,54,28575.0,PUT,1.015879285427588,-0.5248623900728953,0.24356374351461002,1208.0,1240.4,1224.2,0.02646626368240491
2026-09-18,54,28575.0,CALL,1.015879285427588,0.4751880516625612,0.24375779255889926,920.6,947.5,934.05,0.028799314811840886
2026-09-18,54,28600.0,CALL,1.0167680687044276,0.47149533789526105,0.24382434831770125,907.6,939.6,923.6,0.0346470333477696
2026-09-18,54,28600.0,PUT,1.0167680687044276,-0.5287137143177026,0.24306636653914224,1220.1,1252.2,1236.15,0.02596772236379091
2026-09-18,54,28625.0,CALL,1.017656851981267,0.46764153332928515,0.24333035105657716,894.7,926.7,910.7,0.03513780608323268
2026-09-18,54,28625.0,PUT,1.017656851981267,-0.5325773178529617,0.24258141524250496,1232.0,1264.3,1248.15,0.02587829988382803
2026-09-18,54,28650.0,CALL,1.0185456352581066,0.4639829528037879,0.2435228760303942,881.9,919.7,900.8,0.041962699822380184
2026-09-18,54,28650.0,PUT,1.0185456352581066,-0.536530529280401,0.24185751710746933,1244.0,1274.2,1259.1,0.023985386387101935
2026-09-18,54,28700.0,CALL,1.0203232018117856,0.4560219427817424,0.2419568684756209,856.5,888.4,872.45,0.036563699925497135
2026-09-18,54,28700.0,PUT,1.0203232018117856,-0.5442405932522272,0.2411893680263191,1268.2,1300.6,1284.4,0.02522578635938949
2026-09-18,54,28725.0,PUT,1.0212119850886252,-0.5481483538718978,0.24075378434538633,1280.3,1312.9,1296.6,0.025142680857627747
2026-09-18,54,28725.0,CALL,1.0212119850886252,0.45213200591876157,0.24153503695604953,844.0,875.7,859.85,0.03686689538873064
2026-09-18,54,28750.0,PUT,1.0221007683654648,-0.5520572213052543,0.2403532081078326,1292.6,1325.3,1308.9499999999998,0.024981855685855113
2026-09-18,54,28750.0,CALL,1.0221007683654648,0.4482457014516555,0.24115956342706357,831.6,863.3,847.45,0.03740633665702983
2026-09-18,54,28775.0,PUT,1.0229895516423042,-0.5559610550319726,0.2399989004196289,1305.3,1337.7,1321.5,0.024517593643586903
2026-09-18,54,28800.0,PUT,1.0238783349191438,-0.5598716028122747,0.23965665743972137,1317.9,1350.3,1334.1,0.024286035529570395
2026-09-18,54,28800.0,CALL,1.0238783349191438,0.4404557653601006,0.24045628696192844,807.1,838.6,822.85,0.038281582305401955
2026-09-18,54,28825.0,CALL,1.0247671181959834,0.43655359549695744,0.24012839057857205,794.9,826.4,810.65,0.038857706778511074
2026-09-18,54,28825.0,PUT,1.0247671181959834,-0.5637883147422339,0.23932644387745095,1330.3,1363.2,1346.75,0.024429181362539514
2026-09-18,54,28850.0,PUT,1.0256559014728228,-0.5676854535321901,0.23906488161090128,1343.4,1376.0,1359.7,0.023975877031698102
2026-09-18,54,28850.0,CALL,1.0256559014728228,0.43242510745099905,0.2393138648705782,782.9,809.7,796.3,0.03365565741554699
2026-09-18,54,28900.0,PUT,1.027433468026502,-0.5755103520530811,0.23853201750845932,1369.2,1401.9,1385.5500000000002,0.023600736169752112
2026-09-18,54,28900.0,CALL,1.027433468026502,0.4248647979326172,0.2393182746428828,759.2,790.4,774.8,0.04026845637583884
2026-09-18,54,28925.0,CALL,1.0283222513033414,0.420973508278533,0.23909450588862463,747.5,778.6,763.05,0.040757486403250144
2026-09-18,54,28950.0,CALL,1.029211034580181,0.41708656085518214,0.23889375641365276,735.9,766.9,751.4,0.04125632153313814
2026-09-18,54,28950.0,PUT,1.029211034580181,-0.5833175665223004,0.23810285546154453,1395.4,1428.3,1411.85,0.023302758791656244
2026-09-18,54,28975.0,PUT,1.0300998178570206,-0.587357001719443,0.23765216871094863,1408.4,1439.5,1423.95,0.021840654517363608
2026-09-18,54,28975.0,CALL,1.0300998178570206,0.41321100018492773,0.23872723254393982,724.5,755.3,739.9,0.04162724692526011
2026-09-18,54,29000.0,CALL,1.03098860113386,0.4090666202352263,0.2380767026032599,714.3,738.2,726.25,0.03290877796901906
2026-09-18,54,29000.0,PUT,1.03098860113386,-0.5911154897535019,0.23774298299979874,1422.0,1454.9,1438.45,0.022871841217977747
2026-09-18,54,29025.0,CALL,1.0318773844106996,0.4054691567486916,0.2384401869979841,695.9,738.3,717.0999999999999,0.059127039464509805
2026-09-18,54,29025.0,PUT,1.0318773844106996,-0.5949977821195496,0.2376085900579277,1435.5,1468.4,1451.95,0.022659182478735555
2026-09-18,54,29050.0,CALL,1.0327661676875393,0.4016302638778365,0.23836454026860385,684.9,727.1,706.0,0.059773371104815926
2026-09-18,54,29050.0,PUT,1.0327661676875393,-0.5988517856853396,0.23753066442631482,1449.1,1482.3,1465.6999999999998,0.02265129289759163
2026-09-18,54,29075.0,CALL,1.0336549509643786,0.3977823237733342,0.23827781204799864,673.9,715.8,694.8499999999999,0.06030078434194428
2026-09-18,54,29075.0,PUT,1.0336549509643786,-0.6025342965390033,0.23774485140096516,1401.2,1560.3,1480.75,0.10744555124092514
2026-09-18,54,29100.0,PUT,1.0345437342412183,-0.6065700092735091,0.2369882559264528,1476.4,1510.0,1493.2,0.022502009107956005
2026-09-18,54,29100.0,CALL,1.0345437342412183,0.3931931056466822,0.23654902077941642,662.9,693.8,678.3499999999999,0.04555170634628139
2026-09-18,54,29125.0,CALL,1.0354325175180579,0.3901812011079278,0.23718618704485,653.2,693.7,673.45,0.0601380948845497
2026-09-18,54,29125.0,PUT,1.0354325175180579,-0.6105085150784485,0.23594389339637128,1421.8,1591.4,1506.6,0.11257135271472199
2026-09-18,54,29150.0,CALL,1.0363213007948973,0.3862406538668957,0.2361589490836719,641.4,682.7,662.05,0.06238199531757431
2026-09-18,54,29150.0,PUT,1.0363213007948973,-0.614319608230695,0.2351831694190495,1504.3,1537.9,1521.1,0.02208927749654864
2026-09-18,54,29175.0,PUT,1.0372100840717369,-0.6169410718938905,0.23648125567487285,1490.5,1596.8,1543.65,0.06886276034075078
2026-09-18,54,29175.0,CALL,1.0372100840717369,0.38183362905355583,0.2344057245551908,630.9,664.7,647.8,0.05217659771534435
2026-09-18,54,29200.0,PUT,1.0380988673485765,-0.6220946156861045,0.2335390001372627,1532.6,1566.6,1549.6,0.02194114610221993
2026-09-18,54,29200.0,CALL,1.0380988673485765,0.37769996901017355,0.23320521611617295,620.4,651.0,635.7,0.048135913166588044
2026-09-18,54,29225.0,CALL,1.0389876506254159,0.37407464723595496,0.23287401225887705,610.1,643.9,627.0,0.0539074960127591
2026-09-18,54,29225.0,PUT,1.0389876506254159,-0.626379611399238,0.2321588468284066,1478.7,1644.6,1561.65,0.10623379118240313
2026-09-18,54,29250.0,CALL,1.0398764339022555,0.3707200986577001,0.23297639047090543,599.9,640.1,620.0,0.06483870967741943
2026-09-18,54,29250.0,PUT,1.0398764339022555,-0.629921261207058,0.23199107175053968,1561.3,1595.6,1578.4499999999998,0.021730178339510253
2026-09-18,54,29275.0,CALL,1.0407652171790949,0.3668183230747073,0.2322518210399677,589.8,629.7,609.75,0.06543665436654382
2026-09-18,54,29275.0,PUT,1.0407652171790949,-0.6324011668320416,0.23342623891408876,1548.4,1654.7,1601.5500000000002,0.06637320096156844
2026-09-18,54,29300.0,CALL,1.0416540004559345,0.3621645623052023,0.2304745998770231,580.8,609.9,595.3499999999999,0.048878810783572736
2026-09-18,54,29300.0,PUT,1.0416540004559345,-0.6378085562416924,0.23051339492413697,1590.2,1624.9,1607.5500000000002,0.02158564274828157
2026-09-18,54,29325.0,CALL,1.042542783732774,0.3584468132555141,0.23010961847355638,569.9,603.1,586.5,0.05660699062233597
2026-09-18,54,29325.0,PUT,1.042542783732774,-0.6420890316379135,0.22935840490077444,1537.4,1703.5,1620.45,0.10250239131105551
2026-09-18,54,29350.0,PUT,1.0434315670096135,-0.6456762849288501,0.2292069135953221,1619.7,1654.9,1637.3000000000002,0.02149880901484153
2026-09-18,54,29350.0,CALL,1.0434315670096135,0.3549203090082429,0.2300242014328496,561.1,596.4,578.75,0.060993520518358456
2026-09-18,54,29375.0,CALL,1.044320350286453,0.35063466918595365,0.22892630954296886,550.5,583.5,567.0,0.0582010582010582
2026-09-18,54,29375.0,PUT,1.044320350286453,-0.6498581822987232,0.22827108685090497,1567.4,1734.7,1651.0500000000002,0.10132945701220432
2026-09-18,54,29400.0,PUT,1.0452091335632927,-0.653760656604172,0.2277418426413882,1649.6,1683.2,1666.4,0.02016322611617867
2026-09-18,54,29400.0,CALL,1.0452091335632927,0.34639619454827447,0.22794471928346136,540.9,570.5,555.7,0.053266150800791834
2026-09-18,54,29425.0,PUT,1.046097916840132,-0.6556585598615211,0.22979013777954388,1638.4,1745.5,1691.95,0.06329974290020385
2026-09-18,54,29425.0,CALL,1.046097916840132,0.3431003355435931,0.22820275631363426,531.4,567.2,549.3,0.06517385763699267
2026-09-18,54,29450.0,CALL,1.0469867001169717,0.33857073968675344,0.2269214154879739,522.1,551.5,536.8,0.05476900149031293
2026-09-18,54,29450.0,PUT,1.0469867001169717,-0.6622165349571018,0.22595550659300012,1672.5,1715.9,1694.2,0.0256168102939441
2026-09-18,54,29475.0,CALL,1.0478754833938113,0.3346735869296481,0.22646182737245757,512.9,542.2,527.55,0.05553975926452483
2026-09-18,54,29475.0,PUT,1.0478754833938113,-0.6621090917536636,0.23039561168867417,1664.1,1794.4,1729.25,0.07535058551395124
2026-09-18,54,29500.0,PUT,1.0487642666706507,-0.670079504581345,0.22502004426990546,1703.1,1747.6,1725.35,0.02579186831657345
2026-09-18,54,29500.0,CALL,1.0487642666706507,0.33092120066423625,0.22619197470595714,505.1,533.0,519.05,0.05375204700895864
2026-09-18,54,29525.0,CALL,1.0496530499474903,0.32745409681946835,0.22626206683001543,494.7,529.1,511.9,0.06720062512209422
2026-09-18,54,29525.0,PUT,1.0496530499474903,-0.6654393936318186,0.23476423410555974,1659.8,1903.2,1781.5,0.13662643839461133
2026-09-18,54,29550.0,PUT,1.05054183322433,-0.6779398054927425,0.22416398965177103,1734.4,1779.2,1756.8000000000002,0.025500910746812357
2026-09-18,54,29550.0,CALL,1.05054183322433,0.32370092717504195,0.22600554353184177,486.8,520.1,503.45000000000005,0.06614360909722913
2026-09-18,54,29575.0,CALL,1.0514306165011693,0.31983737432206766,0.2256366880506163,478.0,511.1,494.55,0.0669295318976848
2026-09-18,54,29575.0,PUT,1.0514306165011693,-0.6814959762830108,0.22416983631463397,1691.5,1857.0,1774.25,0.09327885021840214
2026-09-18,54,29600.0,CALL,1.052319399778009,0.3153004548003787,0.2245546483080129,468.4,497.2,482.79999999999995,0.05965202982601494
2026-09-18,54,29600.0,PUT,1.052319399778009,-0.6857774463885881,0.22339933756542074,1765.6,1811.6,1788.6,0.025718439002571845
2026-09-18,54,29625.0,PUT,1.0532081830548485,-0.6981311731390012,0.21455194996877422,1653.5,1887.7,1770.6,0.1322715463684627
2026-09-18,54,29625.0,CALL,1.0532081830548485,0.31204910669922675,0.22487634629108688,459.8,493.5,476.65,0.07070177278925835
2026-09-18,54,29650.0,PUT,1.054096966331688,-0.6935949436742671,0.2227129862464384,1797.5,1843.9,1820.7,0.025484703685395776
2026-09-18,54,29650.0,CALL,1.054096966331688,0.3082316254869888,0.2245974059845708,451.3,484.9,468.1,0.07177953428754533
2026-09-18,54,29675.0,CALL,1.0549857496085275,0.3045638066583653,0.2244813737580938,444.0,476.4,460.2,0.07040417209908731
2026-09-18,54,29675.0,PUT,1.0549857496085275,-0.6970249353927742,0.22287004812836317,1666.1,2011.4,1838.75,0.1877906186267846
2026-09-18,54,29700.0,CALL,1.0558745328853671,0.3001689264970287,0.22364227871374767,435.7,463.1,449.4,0.06097018246550965
2026-09-18,54,29700.0,PUT,1.0558745328853671,-0.7012827091758873,0.22220411650178157,1829.7,1877.3,1853.5,0.02568114378203394
2026-09-18,54,29725.0,CALL,1.0567633161622065,0.2966213176863567,0.22366452303381454,426.6,457.5,442.05,0.06990159484221237
2026-09-18,54,29725.0,PUT,1.0567633161622065,-0.7043049156136939,0.22275980494797812,1702.0,2044.3,1873.15,0.1827403037663828
2026-09-18,54,29750.0,CALL,1.0576520994390461,0.2932419594774256,0.2238484951779975,419.3,451.4,435.35,0.0737337774204662
2026-09-18,54,29750.0,PUT,1.0576520994390461,-0.7183608051605356,0.21315609331314286,1715.7,1988.1,1851.9,0.14709217560343424
2026-09-18,54,29775.0,CALL,1.0585408827158858,0.2889114196894951,0.22312467694893898,411.3,438.7,425.0,0.06447058823529406
2026-09-18,54,29775.0,PUT,1.0585408827158858,-0.7122540508647311,0.22202877847530952,1732.5,2077.6,1905.05,0.18115010104721657
2026-09-18,54,29800.0,CALL,1.0594296659927251,0.28518313573164633,0.22298598141802836,403.4,430.6,417.0,0.06522781774580347
2026-09-18,54,29800.0,PUT,1.0594296659927251,-0.7160318433445929,0.2218630233777126,1749.3,2094.3,1921.8000000000002,0.17951920074929764
2026-09-18,54,29825.0,CALL,1.0603184492695648,0.2813823738303961,0.22278557165193097,394.7,422.8,408.75,0.06874617737003064
2026-09-18,54,29825.0,PUT,1.0603184492695648,-0.7197603600635653,0.22174720716343435,1766.3,2111.2,1938.75,0.1778981302385557
2026-09-18,54,29850.0,PUT,1.0612072325464044,-0.7234787908511476,0.22164401897999567,1783.3,2128.2,1955.75,0.1763517832033746
2026-09-18,54,29850.0,CALL,1.0612072325464044,0.27835950672253384,0.22329177491072716,387.0,419.7,403.35,0.08107103012272217
2026-09-18,54,29875.0,CALL,1.0620960158232438,0.2740829010445978,0.22267064896315675,379.4,407.4,393.4,0.0711743772241993
2026-09-18,54,29875.0,PUT,1.0620960158232438,-0.7272147481802445,0.22152867882451716,1800.5,2144.9,1972.7,0.17458305875196437
2026-09-18,54,29900.0,CALL,1.0629847991000834,0.2711594940898035,0.22325009877197874,371.8,404.8,388.3,0.08498583569405099
2026-09-18,54,29900.0,PUT,1.0629847991000834,-0.730425034447844,0.22187080803204387,1820.7,2162.3,1991.5,0.17152899824253082
2026-09-18,54,29925.0,PUT,1.063873582376923,-0.7305976029342984,0.2248313043617862,1916.3,2125.5,2020.9,0.10351823444999754
2026-09-18,54,29925.0,CALL,1.063873582376923,0.2671642239824622,0.22288965418500706,364.4,394.4,379.4,0.07907221929362152
2026-09-18,54,29950.0,PUT,1.0647623656537624,-0.7376506136184434,0.22185001020253095,1855.6,2196.9,2026.25,0.1684392350400988
2026-09-18,54,29950.0,CALL,1.0647623656537624,0.26415989085179264,0.22338135637532816,358.0,389.9,373.95,0.08530552212862676
2026-09-18,54,29975.0,PUT,1.065651148930602,-0.741646623925031,0.22054662215018567,1870.2,2214.6,2042.4,0.16862514688601637
2026-09-18,54,29975.0,CALL,1.065651148930602,0.25983938240762294,0.22214779552557481,350.0,378.0,364.0,0.07692307692307693
2026-09-18,54,30000.0,PUT,1.0665399322074416,-0.7452437227626538,0.2197014968516393,1887.8,2232.2,2060.0,0.16718446601941742
2026-09-18,54,30000.0,CALL,1.0665399322074416,0.2564597415804473,0.22149796974377425,343.8,370.9,357.35,0.07583601511123539
2026-09-18,54,30025.0,PUT,1.067428715484281,-0.7575239111386851,0.21034905732451079,1905.6,2196.5,2051.05,0.14182979449550234
2026-09-18,54,30025.0,CALL,1.067428715484281,0.25279756995575914,0.22057648372287264,335.9,363.8,349.85,0.07974846362726892
2026-09-18,54,30050.0,CALL,1.0683174987611206,0.2500953761040166,0.2206683825760022,329.7,361.3,345.5,0.09146164978292337
2026-09-18,54,30050.0,PUT,1.0683174987611206,-0.7524254953453895,0.21811369603858594,1923.4,2267.6,2095.5,0.1642567406346933
2026-09-18,54,30075.0,CALL,1.06920628203796,0.24587976979805581,0.2192371245176019,322.3,350.5,336.4,0.08382877526753861
2026-09-18,54,30075.0,PUT,1.06920628203796,-0.755469278136604,0.21789922546289633,1944.5,2285.6,2115.05,0.16127278314933446
2026-09-18,54,30100.0,PUT,1.0700950653147996,-0.7595126885576833,0.2167255971121015,1959.5,2303.7,2131.6,0.16147494839557133
2026-09-18,54,30100.0,CALL,1.0700950653147996,0.24269138528915396,0.21886594244315835,316.3,344.9,330.6,0.086509376890502
2026-09-18,54,30150.0,CALL,1.0718726318684786,0.23558932717970718,0.21747155254937603,303.3,330.6,316.95000000000005,0.08613345953620447
2026-09-18,54,30200.0,CALL,1.0736501984221578,0.229149458572268,0.21676853441050078,293.4,317.5,305.45,0.07889998363070887
2026-09-18,54,30200.0,PUT,1.0736501984221578,-0.7694589362749186,0.21804450838538222,2100.5,2332.7,2216.6,0.1047550302264729
2026-09-18,54,30225.0,CALL,1.0745389816989972,0.22514897885296675,0.2157345046979119,283.8,311.3,297.55,0.09242144177449167
2026-09-18,54,30225.0,PUT,1.0745389816989972,-0.7765061319883797,0.2142697982467532,2054.5,2395.4,2224.95,0.15321692622306124
2026-09-18,54,30250.0,PUT,1.0754277649758368,-0.7805295267942611,0.21328405783780136,2070.1,2414.0,2242.05,0.153386409758926
2026-09-18,54,30250.0,CALL,1.0754277649758368,0.2219095253374906,0.21540172671506988,278.5,305.2,291.85,0.0914853520644166
2026-09-18,54,30275.0,CALL,1.0763165482526764,0.21854979449589865,0.21497456347675653,272.6,299.1,285.85,0.09270596466678327
2026-09-18,54,30275.0,PUT,1.0763165482526764,-0.7833900574896007,0.21331467204343327,2091.8,2432.9,2262.3500000000004,0.15077242690123097
2026-09-18,54,30300.0,PUT,1.0772053315295158,-0.7977867126588624,0.20409504879998017,2107.8,2398.9,2253.3500000000004,0.1291854350189717
2026-09-18,54,30300.0,CALL,1.0772053315295158,0.21608846361129389,0.21532459371937537,271.3,293.3,282.3,0.07793127878143818
2026-09-18,54,30325.0,PUT,1.0780941148063554,-0.7907403807895196,0.2120323314309247,2126.8,2470.6,2298.7,0.1495627963631617
2026-09-18,54,30350.0,PUT,1.078982898083195,-0.7940661123867858,0.21170123182685394,2145.9,2489.8,2317.8500000000004,0.14837025691912767
2026-09-18,54,30350.0,CALL,1.078982898083195,0.2077735517871366,0.21319369189407708,258.4,274.1,266.25,0.05896713615023491
2026-09-18,54,30375.0,PUT,1.0798716813600344,-0.7973823106881975,0.21138666458731162,2165.1,2509.0,2337.05,0.14715132324939564
2026-09-18,54,30375.0,CALL,1.0798716813600344,0.2047820676920752,0.21311820563295317,253.8,268.9,261.35,0.057776927491869
2026-09-18,54,30400.0,CALL,1.080760464636874,0.20190711470849848,0.21313742646489464,250.2,263.3,256.75,0.05102239532619288
2026-09-18,54,30400.0,PUT,1.080760464636874,-0.8006680373662377,0.21110431161753565,2184.4,2528.3,2356.3500000000004,0.14594606064464108
2026-09-18,54,30425.0,CALL,1.0816492479137136,0.19805050524214585,0.21238547797182078,241.5,257.9,249.7,0.0656788145774929
2026-09-18,54,30425.0,PUT,1.0816492479137136,-0.8039624783331674,0.2108226156689554,2203.8,2547.5,2375.65,0.1446761938837791
2026-09-18,54,30450.0,PUT,1.082538031190553,-0.8229254402195766,0.19929404374872917,2223.3,2494.7,2359.0,0.1150487494701143
2026-09-18,54,30450.0,CALL,1.082538031190553,0.19551138990706676,0.21267264486771884,239.4,252.5,245.95,0.05326285830453342
2026-09-18,54,30475.0,PUT,1.0834268144673926,-0.8103473682029666,0.21043368065589046,2242.9,2586.7,2414.8,0.14237203909226426
2026-09-18,54,30475.0,CALL,1.0834268144673926,0.19228260937631508,0.21242534552931877,233.7,247.3,240.5,0.05654885654885664
2026-09-18,54,30500.0,CALL,1.0843155977442323,0.1892126499192921,0.21230406687295347,228.6,242.3,235.45,0.058186451475897294
2026-09-18,54,30500.0,PUT,1.0843155977442323,-0.8074646371565785,0.2148433267888044,2344.1,2554.0,2449.05,0.08570670259896698
2026-09-18,54,30525.0,PUT,1.0852043810210716,-0.8160292223256664,0.21057850000422504,2285.4,2625.9,2455.65,0.13865982530083684
2026-09-18,54,30525.0,CALL,1.0852043810210716,0.18544438992782317,0.21166620543285436,220.5,237.0,228.75,0.07213114754098361
2026-09-18,54,30550.0,CALL,1.0860931642979113,0.18276463485075517,0.21184327387023666,216.0,233.3,224.65,0.07700868016915206
2026-09-18,54,30550.0,PUT,1.0860931642979113,-0.8346738541626019,0.19977036036948445,2305.3,2577.0,2441.15,0.1113000020482149
2026-09-18,54,30600.0,CALL,1.0878707308515903,0.17715850958068466,0.21200896959709992,208.6,223.1,215.85,0.06717627982395181
2026-09-18,54,30600.0,PUT,1.0878707308515903,-0.8204391375807873,0.21375369712611053,2293.9,2758.9,2526.4,0.1840563647878404
2026-09-18,54,30625.0,PUT,1.0887595141284299,-0.8234387003724143,0.21367407886674908,2314.0,2778.7,2546.35,0.18249651461896432
2026-09-18,54,30625.0,CALL,1.0887595141284299,0.1742711749257812,0.21202917219122389,203.8,218.7,211.25,0.07053254437869812
2026-09-18,54,30650.0,CALL,1.0896482974052695,0.1715389596041365,0.21215839561591004,200.0,214.0,207.0,0.06763285024154589
2026-09-18,54,30650.0,PUT,1.0896482974052695,-0.8263751095358516,0.21364141897314495,2334.1,2798.8,2566.45,0.181067232948236
2026-09-18,54,30675.0,PUT,1.0905370806821089,-0.8292464303274917,0.21365556614916864,2354.4,2819.0,2586.7,0.17961108748598598
2026-09-18,54,30675.0,CALL,1.0905370806821089,0.16780533029148037,0.21158705303614,194.5,206.5,200.5,0.059850374064837904
2026-09-18,54,30700.0,CALL,1.0914258639589485,0.16511651633110236,0.21174752218670795,190.0,202.7,196.35,0.06468041762159403
2026-09-18,54,30700.0,PUT,1.0914258639589485,-0.8320508169795071,0.21371637382010503,2374.7,2839.5,2607.1,0.17828238272409966
2026-09-18,54,30725.0,PUT,1.092314647235788,-0.8348760111443189,0.2137615081989535,2395.1,2859.8,2627.45,0.17686349882966385
2026-09-18,54,30725.0,CALL,1.092314647235788,0.16229513742613827,0.2118144963911446,185.5,198.3,191.9,0.06670140698280361
2026-09-18,54,30750.0,PUT,1.0932034305126275,-0.8377000323503526,0.21380654910432917,2415.6,2880.0,2647.8,0.17539089055064583
2026-09-18,54,30750.0,CALL,1.0932034305126275,0.15952144233876964,0.21191235602950687,181.1,194.0,187.55,0.0687816582244735
2026-09-18,54,30775.0,CALL,1.094092213789467,0.15668079340543037,0.211963524138645,177.0,189.1,183.05,0.06610215788036052
2026-09-18,54,30775.0,PUT,1.094092213789467,-0.8415050918187029,0.213184454757039,2436.2,2895.8,2666.0,0.17239309827456878
2026-09-18,54,30800.0,CALL,1.0949809970663067,0.1541120469509568,0.2113896951818155,173.5,184.8,179.15,0.06307563494278544
2026-09-18,54,30800.0,PUT,1.0949809970663067,-0.8431150243398182,0.21405136188078827,2456.9,2921.1,2689.0,0.17262923019709922
2026-09-18,54,30825.0,CALL,1.095869780343146,0.15117016487458343,0.21044280209167443,167.4,181.6,174.5,0.08137535816618904
2026-09-18,54,30825.0,PUT,1.095869780343146,-0.8457800408834166,0.2134396242525457,2477.6,2941.8,2709.7,0.17131047717459508
2026-09-18,54,30850.0,CALL,1.0967585636199857,0.148566555740784,0.20984557030262055,163.6,177.6,170.6,0.08206330597889801
2026-09-18,54,30850.0,PUT,1.0967585636199857,-0.8483922132936416,0.21278517021278084,2498.4,2962.7,2730.55,0.17003900313123718
2026-09-18,54,30900.0,PUT,1.0985361301736647,-0.8536895863128942,0.2114581949615989,2540.2,3004.2,2772.2,0.16737609119111177
2026-09-18,54,30900.0,CALL,1.0985361301736647,0.14361418507769322,0.2089325557439113,157.5,169.3,163.4,0.07221542227662185
2026-09-18,54,30925.0,CALL,1.0994249134505043,0.14064054414655552,0.20804010979685958,151.7,166.0,158.85,0.09002203336480964
2026-09-18,54,30950.0,PUT,1.1003136967273437,-0.8587530410964911,0.21041464225520015,2582.4,3046.5,2814.45,0.164899003357672
2026-09-18,54,30950.0,CALL,1.1003136967273437,0.13813080334243477,0.20758707625153364,148.2,162.3,155.25,0.09082125603864749
2026-09-18,54,30975.0,CALL,1.1012024800041833,0.13568817631516217,0.20720407945121816,145.0,158.6,151.8,0.08959156785243737
2026-09-18,54,31000.0,CALL,1.102091263281023,0.1334733653301879,0.2070284493005543,142.6,155.0,148.8,0.08333333333333337
2026-09-18,54,31000.0,PUT,1.102091263281023,-0.8651080506289717,0.20827382205168943,2624.8,3083.8,2854.3,0.16081000595592615
2026-09-18,54,31025.0,PUT,1.1029800465578623,-0.8662736544174435,0.20900832493725635,2646.2,3110.1,2878.1499999999996,0.1611799246043466
2026-09-18,54,31025.0,CALL,1.1029800465578623,0.13098888364766348,0.20662416129307262,139.4,151.2,145.3,0.08121128699242933
2026-09-18,54,31050.0,CALL,1.103868829834702,0.1286293366025796,0.20633524666362363,135.6,148.5,142.05,0.09081309398099265
2026-09-18,54,31075.0,CALL,1.1047576131115415,0.1261815118662486,0.2059784983612024,132.2,145.1,138.64999999999998,0.09304002884962141
2026-09-18,54,31075.0,PUT,1.1047576131115415,-0.8774246097459375,0.20299976449697693,2666.5,3152.5,2909.5,0.16703901013919917
2026-09-18,54,31100.0,CALL,1.105646396388381,0.12375277408663352,0.20564544455099515,128.8,141.8,135.3,0.09608277900960827
2026-09-18,54,31150.0,CALL,1.1074239629420601,0.11864620719777393,0.20479981495174168,121.2,135.2,128.2,0.10920436817472688
2026-09-18,54,31200.0,CALL,1.1092015294957391,0.11430448254300363,0.20459369171265024,115.9,129.1,122.5,0.10775510204081623
2026-09-18,54,31225.0,CALL,1.1100903127725787,0.1118111978728598,0.2042416942202016,112.0,126.2,119.1,0.11922753988245174
2026-09-18,54,31250.0,CALL,1.1109790960494181,0.10963211214146402,0.20413951455802304,109.1,123.4,116.25,0.12301075268817215
2026-09-18,54,31275.0,CALL,1.1118678793262577,0.1074804164934944,0.20406017462159523,106.3,120.6,113.44999999999999,0.126046716615249
2026-09-18,54,31300.0,PUT,1.1127566626030974,-0.8998954901606498,0.20010301823133503,2862.6,3343.8,3103.2,0.15506573859242082
2026-09-18,54,31325.0,CALL,1.1136454458799367,0.1032621617333862,0.2039696967886396,100.8,115.2,108.0,0.1333333333333334
2026-09-18,54,31375.0,CALL,1.115423012433616,0.09916215782136009,0.20396964271020343,95.5,110.0,102.75,0.1411192214111922
2026-09-18,54,31400.0,PUT,1.1163117957104554,-0.9070496687209019,0.20096912604849684,2951.3,3436.8,3194.05,0.15200137756140322
2026-09-18,54,31400.0,CALL,1.1163117957104554,0.09795388623629722,0.20458803774785134,95.7,107.3,101.5,0.11428571428571423
2026-09-18,54,31475.0,CALL,1.118978145540974,0.09136932989638621,0.20426088331135242,85.6,100.2,92.9,0.15715823466092582
2026-09-18,54,31500.0,CALL,1.1198669288178136,0.09031116905039269,0.20496606541215173,85.9,97.8,91.85,0.12955906369080014
2026-09-18,54,31500.0,PUT,1.1198669288178136,-0.9161224276578852,0.2004666059824622,3041.5,3522.2,3281.85,0.1464722641193229
2026-09-18,54,31550.0,CALL,1.1216444953714926,0.0860084581265159,0.2048073715691378,78.8,93.7,86.25,0.17275362318840587
2026-09-18,54,31600.0,CALL,1.1234220619251718,0.08317611220630826,0.20566734648465895,77.4,88.5,82.95,0.13381555153707045
2026-09-18,54,31600.0,PUT,1.1234220619251718,-0.9235407857539831,0.19789471232077885,3132.0,3612.7,3372.35,0.14254155114386105
2026-09-18,54,31650.0,CALL,1.1251996284788508,0.07939814031773039,0.20401763418849073,70.8,85.6,78.19999999999999,0.18925831202046034
2026-09-18,54,31675.0,CALL,1.1260884117556902,0.07830116207451125,0.20413624316434226,70.4,83.7,77.05000000000001,0.17261518494484096
2026-09-18,54,31700.0,CALL,1.1269771950325298,0.0764697084737615,0.20341151459944992,67.9,81.7,74.80000000000001,0.1844919786096256
2026-09-18,54,31750.0,CALL,1.1287547615862088,0.07345517249983062,0.20273201607331187,64.5,78.1,71.3,0.1907433380084151
2026-09-18,54,31800.0,CALL,1.130532328139888,0.07056000981155837,0.20220831595233105,61.4,74.6,68.0,0.19411764705882348
2026-09-18,54,31900.0,CALL,1.134087461247246,0.06418033521537421,0.20060061183452585,53.2,68.1,60.65,0.24567188788128594
2026-09-18,54,32000.0,PUT,1.1376425943546042,-0.9495071803691623,0.192124513430583,3420.1,4062.8,3741.45,0.17177832123909187
2026-09-18,54,32000.0,CALL,1.1376425943546042,0.059909621675446084,0.20123240972488385,49.4,63.1,56.25,0.2435555555555556
2026-09-18,54,32100.0,CALL,1.1411977274619625,0.05383757906020149,0.20005713310338671,42.0,56.9,49.45,0.30131445904954496
2026-09-18,54,32200.0,CALL,1.1447528605693205,0.04950936755922103,0.20061067344878972,37.7,52.2,44.95,0.3225806451612903
2026-09-18,54,32300.0,CALL,1.1483079936766787,0.044965613089943214,0.2009364518161276,32.3,48.0,40.15,0.3910336239103363
2026-09-18,54,32400.0,CALL,1.151863126784037,0.041568886063881955,0.20229822578524712,29.3,44.2,36.75,0.40544217687074835
2026-09-18,54,32500.0,CALL,1.155418259891395,0.037805078810971185,0.20230557924035264,25.1,40.6,32.85,0.471841704718417
2026-09-18,54,32600.0,CALL,1.1589733929987531,0.033940017564252294,0.19986138250084914,22.5,35.3,28.9,0.44290657439446357
2026-09-18,54,32800.0,CALL,1.1660836592134693,0.029404168280750164,0.2005718630406146,17.1,32.5,24.8,0.6209677419354838
2026-09-18,54,33000.0,CALL,1.1731939254281856,0.024992374097711333,0.20141559403734682,13.0,28.6,20.8,0.75
2026-09-18,54,33200.0,CALL,1.180304191642902,0.021229895965769182,0.2031796151419075,9.7,25.2,17.45,0.8882521489971347
2026-09-18,54,33400.0,CALL,1.1874144578576182,0.01829245739357273,0.2060629129502653,7.1,22.7,14.899999999999999,1.0469798657718121
2026-09-18,54,33500.0,CALL,1.1909695909649762,0.016257969066000258,0.20659930729038017,6.0,20.0,13.0,1.0769230769230769
2026-09-18,54,33600.0,CALL,1.1945247240723345,0.015577470926540842,0.2087146770135723,5.0,20.0,12.5,1.2
2026-09-18,54,33800.0,CALL,1.2016349902870507,0.013904579803707313,0.20995532938855238,3.3,19.0,11.15,1.4080717488789236
2026-09-18,54,34000.0,CALL,1.2087452565017671,0.012251545912698114,0.21117876973611718,1.9,17.7,9.799999999999999,1.6122448979591837
2026-09-18,54,34200.0,CALL,1.2158555227164833,0.010820352398168049,0.2130388988287891,0.7,16.6,8.65,1.8381502890173411
2026-09-18,54,34400.0,CALL,1.2229657889311996,0.009846251346969925,0.21625962364470364,0.05,15.8,7.925000000000001,1.9873817034700314
2026-09-18,54,34500.0,CALL,1.2265209220385578,0.009533966267691435,0.21838667199676243,0.05,15.4,7.7250000000000005,1.9870550161812295
2026-09-18,54,34600.0,CALL,1.2300760551459158,0.00907737824172518,0.2200164984982307,0.05,14.7,7.375,1.9864406779661015
2026-09-18,54,35000.0,CALL,1.2442965875753484,0.009006071620601748,0.2320591664508874,1.5,13.9,7.7,1.6103896103896105
2026-09-18,54,35500.0,CALL,1.262072253112139,0.00738459043794326,0.24144405340723912,0.05,12.8,6.425000000000001,1.9844357976653695
2026-09-18,54,36000.0,CALL,1.2798479186489298,0.0066877152457719595,0.2534683398128006,0.05,12.0,6.025,1.9834024896265559
2026-09-18,54,36500.0,CALL,1.2976235841857204,0.006187696920378225,0.26578104536384456,0.05,11.5,5.775,1.9826839826839824
2026-09-18,54,37000.0,CALL,1.315399249722511,0.005734513730627019,0.27790460140943407,0.05,11.0,5.525,1.9819004524886876
2026-09-18,54,38000.0,CALL,1.3509505807960926,0.005016509010470625,0.2986878641039354,0.0,10.2,5.1,2.0
2026-09-18,54,39000.0,CALL,1.386501911869674,0.004352929139997402,0.3166058203900031,0.0,9.3,4.65,2.0
2026-09-18,54,40000.0,CALL,1.4220532429432553,0.0038959742693228366,0.33549553104336804,0.0,8.7,4.35,2.0
2026-09-18,54,41000.0,CALL,1.4576045740168366,0.0035814251143839364,0.35493288349270125,0.0,8.3,4.15,2.0
2026-09-18,54,42000.0,CALL,1.4931559050904182,0.0033889914588500067,0.3749299823348994,0.0,8.3,4.15,2.0
2026-09-18,54,43000.0,CALL,1.5287072361639995,0.0032032303672001666,0.3942206525847795,0.0,8.3,4.15,2.0
2026-09-30,66,7000.0,PUT,0.24885931751506968,-0.0009625457579611409,1.167518524509504,0.0,8.8,4.4,2.0
2026-09-30,66,9000.0,PUT,0.31996197966223244,-0.0013111177197392143,0.9747660165948475,0.0,10.0,5.0,2.0
2026-09-30,66,10000.0,PUT,0.3555133107358138,-0.00155552910041817,0.8978600644196622,0.0,10.9,5.45,2.0
2026-09-30,66,11000.0,PUT,0.3910646418093952,-0.001854059630958753,0.8304289116070128,0.0,11.8,5.9,2.0
2026-09-30,66,12000.0,PUT,0.4266159728829766,-0.0022345059566142144,0.7721949501968283,0.0,13.2,6.6,2.0
2026-09-30,66,13000.0,PUT,0.462167303956558,-0.0026765918626917577,0.7110025974105438,0.05,15.3,7.675000000000001,1.9869706840390877
2026-09-30,66,14000.0,PUT,0.49771863503013936,-0.003733541358885104,0.6609129624584171,2.4,18.2,10.299999999999999,1.5339805825242718
2026-09-30,66,15000.0,PUT,0.5332699661037208,-0.005224783670206285,0.6196515041795285,5.8,21.9,13.85,1.1624548736462093
2026-09-30,66,16000.0,CALL,0.5688212971773021,0.9952469338087172,0.5460832157895474,11922.8,12568.1,12245.45,0.052697124237982354
2026-09-30,66,17000.0,CALL,0.6043726282508836,0.9921977166627229,0.5296365243812906,10936.4,11581.8,11259.099999999999,0.05732252133829522
2026-09-30,66,17500.0,PUT,0.6221482937876742,-0.011658218246179216,0.5282932563882464,20.3,36.3,28.299999999999997,0.5653710247349822
2026-09-30,66,18000.0,PUT,0.6399239593244649,-0.01377579784027086,0.5100129762292682,25.1,40.6,32.85,0.471841704718417
2026-09-30,66,18000.0,CALL,0.6399239593244649,0.9881531931674943,0.4971874616853645,9952.1,10597.5,10274.8,0.0628138747226223
2026-09-30,66,19000.0,PUT,0.6754752903980463,-0.019182283195078934,0.4799136315037046,36.6,51.8,44.2,0.343891402714932
2026-09-30,66,20000.0,CALL,0.7110266214716277,0.9785355472751777,0.4280318518167357,7996.1,8614.4,8305.25,0.0744468860058396
2026-09-30,66,20000.0,PUT,0.7110266214716277,-0.02690064229912576,0.44942618788093985,53.0,68.2,60.6,0.25082508250825086
2026-09-30,66,20500.0,PUT,0.7288022870084183,-0.03169169748375525,0.4308625965649947,62.3,78.1,70.19999999999999,0.22507122507122507
2026-09-30,66,21000.0,PUT,0.7465779525452091,-0.03818091378411834,0.4169171110604443,76.5,91.2,83.85,0.1753130590339893
2026-09-30,66,21500.0,CALL,0.7643536180819998,0.9591005867558877,0.39037510943316106,6546.4,7164.6,6855.5,0.09017577127853559
2026-09-30,66,21500.0,PUT,0.7643536180819998,-0.04517301503819109,0.403632575069173,89.7,105.8,97.75,0.16470588235294112
2026-09-30,66,21600.0,CALL,0.7679087511893579,0.9573816641369518,0.3885547576971366,6450.6,7068.8,6759.700000000001,0.09145376274095
2026-09-30,66,21700.0,PUT,0.771463884296716,-0.048504423566024274,0.39975679831061056,96.6,112.7,104.65,0.1538461538461539
2026-09-30,66,22000.0,PUT,0.7821292836187904,-0.053931590942476106,0.39434315932489866,108.0,124.1,116.05,0.13873330461008182
2026-09-30,66,22100.0,PUT,0.7856844167261485,-0.05587493164980169,0.3905641426243745,112.1,128.2,120.14999999999999,0.13399916770703285
2026-09-30,66,22500.0,PUT,0.7999049491555811,-0.06456113033619992,0.37666938261694066,130.4,146.3,138.35000000000002,0.11492591254065777
2026-09-30,66,22500.0,CALL,0.7999049491555811,0.938770958890178,0.3704705175311388,5596.6,6213.4,5905.0,0.10445385266723103
2026-09-30,66,23000.0,PUT,0.8176806146923719,-0.07753469974998442,0.3620446318941448,157.2,173.3,165.25,0.09742813918305611
2026-09-30,66,23200.0,PUT,0.8247908809070881,-0.08350896487955377,0.35727465948621606,169.7,185.8,177.75,0.09057665260196919
2026-09-30,66,23300.0,PUT,0.8283460140144462,-0.08668157962483662,0.35515895613420173,176.5,192.4,184.45,0.08620222282461375
2026-09-30,66,23400.0,PUT,0.8319011471218044,-0.08991899525685146,0.3531111174874667,183.2,199.3,191.25,0.08418300653594783
2026-09-30,66,23500.0,PUT,0.8354562802291625,-0.09330326768574623,0.3512948059380676,190.4,206.5,198.45,0.08112874779541444
2026-09-30,66,23600.0,PUT,0.8390114133365206,-0.09680312262193952,0.34965351987060644,197.9,214.0,205.95,0.07817431415392083
2026-09-30,66,23700.0,PUT,0.8425665464438787,-0.10049531942346177,0.34834897947168475,205.0,223.1,214.05,0.08455968231721557
2026-09-30,66,23800.0,PUT,0.846121679551237,-0.10418814493799153,0.34699852985774515,213.0,231.1,222.05,0.08151317270884934
2026-09-30,66,23900.0,PUT,0.8496768126585951,-0.10803771586577857,0.3459270516276501,221.6,239.5,230.55,0.07764042507048365
2026-09-30,66,24000.0,PUT,0.8532319457659532,-0.1133633619463317,0.34486143302956324,230.1,259.3,244.7,0.11932979158152848
2026-09-30,66,24100.0,PUT,0.8567870788733113,-0.11673631624031804,0.3403558473591522,233.3,268.4,250.85,0.13992425752441684
2026-09-30,66,24200.0,PUT,0.8603422119806695,-0.12078827792839814,0.3367158000456113,240.8,277.9,259.35,0.14304993252361659
2026-09-30,66,24300.0,CALL,0.8638973450880276,0.8781583134545701,0.3287505005416764,3932.2,4558.4,4245.299999999999,0.1475042988716934
2026-09-30,66,24300.0,PUT,0.8638973450880276,-0.12623073784263925,0.3349699409202955,258.4,287.8,273.1,0.10765287440497998
2026-09-30,66,24400.0,CALL,0.8674524781953857,0.873406810750293,0.3258707190957457,3843.3,4469.6,4156.450000000001,0.15068147096681064
2026-09-30,66,24500.0,CALL,0.8710076113027438,0.8681201749561205,0.3236481501551744,3754.8,4384.0,4069.4,0.15461738831277333
2026-09-30,66,24500.0,PUT,0.8710076113027438,-0.13456271737692907,0.3275013469817179,269.7,308.9,289.29999999999995,0.13549948150708604
2026-09-30,66,24600.0,PUT,0.8745627444101021,-0.13955694592198803,0.32480869327753126,280.5,320.0,300.25,0.1315570358034971
2026-09-30,66,24600.0,CALL,0.8745627444101021,0.8630328389598488,0.3210495894869573,3666.7,4295.8,3981.25,0.15801569858712725
2026-09-30,66,24700.0,CALL,0.8781178775174602,0.857705859914543,0.3186968141844193,3579.1,4208.4,3893.75,0.16161797752808982
2026-09-30,66,24700.0,PUT,0.8781178775174602,-0.14476344582305953,0.3223266890481942,291.8,331.7,311.75,0.12798716920609454
2026-09-30,66,24800.0,PUT,0.8816730106248183,-0.15015400354382585,0.3200184895256079,303.6,343.8,323.70000000000005,0.12418906394810005
2026-09-30,66,24900.0,PUT,0.8852281437321764,-0.15579287314912352,0.3179880544369964,316.5,356.3,336.4,0.11831153388822833
2026-09-30,66,25000.0,CALL,0.8887832768395346,0.8389056274535199,0.3153348395692762,3322.0,3961.1,3641.55,0.17550219000151032
2026-09-30,66,25000.0,PUT,0.8887832768395346,-0.1615361451678318,0.31602301593647053,329.1,369.4,349.25,0.11539012168933416
2026-09-30,66,25100.0,PUT,0.8923384099468927,-0.16757951284842337,0.31443698884929794,343.3,383.0,363.15,0.10932121712790856
2026-09-30,66,25100.0,CALL,0.8923384099468927,0.8328547042500348,0.3137461263847703,3236.7,3875.5,3556.1,0.17963499339163697
2026-09-30,66,25200.0,PUT,0.8958935430542508,-0.17363993109244502,0.3127916733110373,356.6,397.1,376.85,0.10746981557648931
2026-09-30,66,25200.0,CALL,0.8958935430542508,0.8251814872209176,0.31472470070121783,3200.0,3756.0,3478.0,0.15986198964922368
2026-09-30,66,25400.0,PUT,0.9030038092689672,-0.1864526825191106,0.3103975031345712,386.5,427.0,406.75,0.09956976029502151
2026-09-30,66,25500.0,CALL,0.9065589423763253,0.8077810199604626,0.3079595990030205,2973.5,3457.8,3215.65,0.1506071867274113
2026-09-30,66,25500.0,PUT,0.9065589423763253,-0.19345629084977037,0.3101427316215086,400.8,448.0,424.4,0.11121583411875587
2026-09-30,66,25600.0,CALL,0.9101140754836834,0.8002658549100644,0.3068601850944364,2897.4,3375.1,3136.25,0.15231566361100035
2026-09-30,66,25600.0,PUT,0.9101140754836834,-0.1997527578307663,0.3068858947785954,417.0,459.2,438.1,0.09632503994521796
2026-09-30,66,25700.0,PUT,0.9136692085910415,-0.20673644635293956,0.3034661035194075,433.7,475.5,454.6,0.09194896612406513
2026-09-30,66,25800.0,PUT,0.9172243416983997,-0.21409602981962375,0.30038099235734256,451.1,493.5,472.3,0.08977344907897518
2026-09-30,66,25800.0,CALL,0.9172243416983997,0.7857809468761687,0.30055734602128714,2733.7,3211.4,2972.55,0.16070377285495627
2026-09-30,66,25900.0,PUT,0.9207794748057578,-0.22167729306529435,0.29741949177285587,469.1,511.7,490.4,0.08686786296900482
2026-09-30,66,26000.0,CALL,0.924334607913116,0.7708171744110787,0.29413828365424716,2565.5,3050.7,2808.1,0.17278586944909363
2026-09-30,66,26000.0,PUT,0.924334607913116,-0.22942588064983668,0.2945027886106651,487.7,529.5,508.6,0.08218639402280772
2026-09-30,66,26100.0,PUT,0.9278897410204741,-0.23789601573618466,0.2924856721516425,502.8,557.6,530.2,0.10335722368917391
2026-09-30,66,26200.0,PUT,0.9314448741278323,-0.2463375181546004,0.2902495135728147,523.4,578.4,550.9,0.09983663096750772
2026-09-30,66,26300.0,PUT,0.9350000072351904,-0.25502366183294684,0.28822127307238443,544.8,599.9,572.3499999999999,0.09626976500393121
2026-09-30,66,26400.0,PUT,0.9385551403425485,-0.2639487665328887,0.2864119401561097,567.0,622.2,594.6,0.09283551967709391
2026-09-30,66,26400.0,CALL,0.9385551403425485,0.7365563495574037,0.2855374439652354,2317.2,2672.3,2494.75,0.1423389117146008
2026-09-30,66,26500.0,PUT,0.9421102734499066,-0.2730834429144397,0.28479392847119117,589.8,645.3,617.55,0.08987126548457615
2026-09-30,66,26500.0,CALL,0.9421102734499066,0.7268492499572814,0.28491642786029553,2182.9,2661.6,2422.25,0.19762617401176585
2026-09-30,66,26600.0,CALL,0.9456654065572648,0.7175047309057087,0.2835222875473073,2107.3,2586.1,2346.7,0.2040311927387394
2026-09-30,66,26600.0,PUT,0.9456654065572648,-0.28246663840275926,0.28346742034880174,614.0,669.2,641.6,0.08603491271820456
2026-09-30,66,26700.0,PUT,0.9492205396646229,-0.29202994212126454,0.28234063738230397,638.8,694.0,666.4,0.0828331332533014
2026-09-30,66,26700.0,CALL,0.9492205396646229,0.7079510872222372,0.28237913611735294,2032.6,2511.6,2272.1,0.21081818581928613
2026-09-30,66,26800.0,PUT,0.952775672771981,-0.3017616735175604,0.2814242577319305,664.3,719.7,692.0,0.08005780346820822
2026-09-30,66,26800.0,CALL,0.952775672771981,0.6981344673922916,0.2816490515795852,2156.4,2241.8,2199.1000000000004,0.03883406848256108
2026-09-30,66,26900.0,CALL,0.9563308058793392,0.6884312213339292,0.28054561615473134,2086.2,2163.0,2124.6,0.03614798079638529
2026-09-30,66,27000.0,CALL,0.9598859389866974,0.6785699761355805,0.277343407705863,2009.4,2091.3,2050.3500000000004,0.039944399736630366
2026-09-30,66,27000.0,PUT,0.9598859389866974,-0.32179629119367564,0.27813340422692584,717.9,774.9,746.4,0.07636655948553055
2026-09-30,66,27100.0,PUT,0.9634410720940555,-0.3320628987138188,0.27465033234903036,743.6,802.7,773.1500000000001,0.07644053547177135
2026-09-30,66,27200.0,PUT,0.9669962052014136,-0.3426995993617228,0.2714642060385033,770.0,832.3,801.15,0.07776321537789423
2026-09-30,66,27400.0,PUT,0.9741064714161299,-0.3651876683445146,0.26654812966254743,830.1,897.0,863.55,0.07747090498523534
2026-09-30,66,27500.0,PUT,0.977661604523488,-0.37647132617618645,0.26319634162758615,855.0,926.0,890.5,0.07973048848961257
2026-09-30,66,27600.0,CALL,0.9812167376308462,0.6113153997793901,0.2624195989777914,1605.9,1675.7,1640.8000000000002,0.04254022428083858
2026-09-30,66,27600.0,PUT,0.9812167376308462,-0.3887342424380166,0.2626183766194528,896.1,964.3,930.2,0.07331756611481394
2026-09-30,66,27800.0,PUT,0.9883270038455625,-0.4128317006983173,0.25784630951807863,958.3,1027.0,992.65,0.06920868382612204
2026-09-30,66,27900.0,PUT,0.9918821369529206,-0.4254136976407115,0.25719849145977014,996.6,1067.2,1031.9,0.06841748231417774
2026-09-30,66,28000.0,PUT,0.9954372700602787,-0.43801688749884765,0.25598171022834654,1036.0,1100.9,1068.45,0.06074219663999259
2026-09-30,66,28000.0,CALL,0.9954372700602787,0.5618913475199867,0.25727244053092996,1354.7,1422.7,1388.7,0.04896665946568733
2026-09-30,66,28100.0,PUT,0.9989924031676368,-0.4507350359467133,0.25468933785955894,1068.2,1141.0,1104.6,0.06590621039290237
2026-09-30,66,28300.0,PUT,1.0061026693823532,-0.4768007791979427,0.24971034560455238,1156.6,1223.4,1190.0,0.05613445378151276
2026-09-30,66,28400.0,CALL,1.0096578024897114,0.5098637952259786,0.2479579283282738,1120.2,1189.7,1154.95,0.060175765184640025
2026-09-30,66,28400.0,PUT,1.0096578024897114,-0.49030839847672203,0.24665642412069497,1194.8,1269.0,1231.9,0.06023216170143684
2026-09-30,66,28500.0,CALL,1.0132129355970694,0.4962518718981129,0.24575369127332244,1067.6,1135.4,1101.5,0.0615524285065821
2026-09-30,66,28500.0,PUT,1.0132129355970694,-0.5039824300188741,0.24451232895049646,1244.9,1311.2,1278.0500000000002,0.05187590469856418
2026-09-30,66,28600.0,CALL,1.0167680687044276,0.4824116419520541,0.24362903302546576,1014.8,1081.9,1048.35,0.06400534172747664
2026-09-30,66,28600.0,PUT,1.0167680687044276,-0.5177518589693326,0.24296644808770135,1294.6,1359.4,1327.0,0.04883195177091197
2026-09-30,66,28700.0,PUT,1.0203232018117856,-0.5319053176548065,0.24075044569321666,1341.3,1404.0,1372.65,0.045678067970713616
2026-09-30,66,28800.0,CALL,1.0238783349191438,0.45428798889216265,0.2401922012743904,912.7,978.8,945.75,0.06989162040708423
2026-09-30,66,28800.0,PUT,1.0238783349191438,-0.5459932458760539,0.2394273900429909,1388.6,1456.5,1422.55,0.04773118695300699
2026-09-30,66,28900.0,PUT,1.027433468026502,-0.5604960626013992,0.23750997527383358,1435.8,1503.2,1469.5,0.04586594079618924
2026-09-30,66,29000.0,PUT,1.03098860113386,-0.5747928084315139,0.23648625537883877,1486.3,1555.2,1520.75,0.04530659214203524
2026-09-30,66,29000.0,CALL,1.03098860113386,0.4259603967330194,0.23801531602648954,816.9,881.2,849.05,0.07573170013544558
2026-09-30,66,29100.0,CALL,1.0345437342412183,0.41211085143293774,0.23785540338794608,776.2,834.2,805.2,0.07203179334326874
2026-09-30,66,29100.0,PUT,1.0345437342412183,-0.5885880173990591,0.2365894441663392,1542.3,1612.7,1577.5,0.044627575277337614
2026-09-30,66,29200.0,PUT,1.0380988673485765,-0.6026681189520879,0.2357595515472865,1598.2,1665.6,1631.9,0.041301550340094285
2026-09-30,66,29200.0,CALL,1.0380988673485765,0.398223411131311,0.23741732172962193,728.9,793.5,761.2,0.08486600105097217
2026-09-30,66,29300.0,PUT,1.0416540004559345,-0.6171992674872159,0.2319544252179163,1650.2,1720.1,1685.15,0.041479986944782284
2026-09-30,66,29300.0,CALL,1.0416540004559345,0.38425151642412253,0.23433876138512966,686.1,750.5,718.3,0.08965613253515242
2026-09-30,66,29400.0,CALL,1.0452091335632927,0.37014930909750404,0.23164234938442688,644.8,709.1,676.95,0.09498485855676204
2026-09-30,66,29400.0,PUT,1.0452091335632927,-0.6314840393663278,0.22923785939931707,1707.6,1778.4,1743.0,0.04061962134251301
2026-09-30,66,29500.0,PUT,1.0487642666706507,-0.6458138642703254,0.2269331733485073,1766.6,1838.5,1802.55,0.039887936534354164
2026-09-30,66,29500.0,CALL,1.0487642666706507,0.3559556868688067,0.2292890565989335,605.0,669.0,637.0,0.10047095761381476
2026-09-30,66,29600.0,CALL,1.052319399778009,0.3412846497791888,0.22672894853400055,566.7,625.4,596.05,0.09848167100075486
2026-09-30,66,29600.0,PUT,1.052319399778009,-0.6601887302522209,0.224944112557593,1826.8,1900.0,1863.4,0.03928303101856823
2026-09-30,66,29700.0,PUT,1.0558745328853671,-0.6744889087140362,0.22333438397187091,1888.6,1963.1,1925.85,0.038684217358568945
2026-09-30,66,29800.0,PUT,1.0594296659927251,-0.6886302794556626,0.22211017368056615,1951.9,2028.0,1989.95,0.038242166888615245
2026-09-30,66,29800.0,CALL,1.0594296659927251,0.3140482773759933,0.2248862311931811,498.7,558.1,528.4,0.1124148372445118
2026-09-30,66,29900.0,PUT,1.0629847991000834,-0.702526396129827,0.22127754024032717,2016.1,2095.4,2055.75,0.03857472941748762
2026-09-30,66,30000.0,PUT,1.0665399322074416,-0.7130087956365349,0.223644220289658,1897.8,2373.9,2135.85,0.22290891214270672
2026-09-30,66,30000.0,CALL,1.0665399322074416,0.2852567368190796,0.22205868690014804,433.8,478.6,456.20000000000005,0.09820254274441036
2026-09-30,66,30100.0,CALL,1.0700950653147996,0.27276047677582893,0.22251939657659173,404.2,452.7,428.45,0.11319873964289882
2026-09-30,66,30200.0,PUT,1.0736501984221578,-0.7393720063362805,0.221954063628051,2036.8,2509.6,2273.2,0.20798873834242476
2026-09-30,66,30200.0,CALL,1.0736501984221578,0.26027982813933975,0.22158416522054078,381.6,419.8,400.70000000000005,0.09533316695782378
2026-09-30,66,30300.0,CALL,1.0772053315295158,0.24776893518378296,0.21915479609861335,353.9,393.5,373.7,0.10596735349210604
2026-09-30,66,30400.0,CALL,1.080760464636874,0.2352125721029649,0.2169632896634294,327.7,367.2,347.45,0.11368542236292992
2026-09-30,66,30400.0,PUT,1.080760464636874,-0.7646611997999321,0.21707932877021627,2181.5,2654.0,2417.75,0.19542963499121083
2026-09-30,66,30500.0,CALL,1.0843155977442323,0.22299746533920076,0.21530546707073916,302.9,343.1,323.0,0.12445820433436547
2026-09-30,66,30500.0,PUT,1.0843155977442323,-0.7772276306640461,0.21511139617352254,2256.1,2727.0,2491.55,0.1889988159980735
2026-09-30,66,30600.0,CALL,1.0878707308515903,0.210838627312615,0.2138615644963857,279.4,319.1,299.25,0.1326649958228907
2026-09-30,66,30600.0,PUT,1.0878707308515903,-0.7893591909797968,0.21370070589418289,2331.8,2802.7,2567.25,0.1834258447755379
2026-09-30,66,30700.0,CALL,1.0914258639589485,0.19924838936523154,0.2129952645068782,258.0,297.0,277.5,0.14054054054054055
2026-09-30,66,30800.0,CALL,1.0949809970663067,0.18735481800342998,0.21198232894535618,246.2,264.2,255.2,0.07053291536050157
2026-09-30,66,30900.0,CALL,1.0985361301736647,0.1791200022024502,0.21364911270415993,226.2,258.7,242.45,0.13404825737265416
2026-09-30,66,31000.0,CALL,1.102091263281023,0.16628988456662652,0.212042778366599,208.0,228.0,218.0,0.09174311926605505
2026-09-30,66,31000.0,PUT,1.102091263281023,-0.8338382015845732,0.21195573012231836,2648.6,3118.6,2883.6,0.1629907060618671
2026-09-30,66,31100.0,CALL,1.105646396388381,0.15661599945848595,0.21178895869520345,193.6,209.3,201.45,0.0779349714569373
2026-09-30,66,31200.0,CALL,1.1092015294957391,0.14711979510633824,0.209580733549577,177.6,193.7,185.64999999999998,0.08672232695933206
2026-09-30,66,31300.0,CALL,1.1127566626030974,0.13784517899006812,0.20776493220582948,162.7,178.8,170.75,0.0942898975109811
2026-09-30,66,31400.0,PUT,1.1163117957104554,-0.874534478520291,0.20355678712270556,2971.9,3454.5,3213.2,0.150192954064484
2026-09-30,66,31400.0,CALL,1.1163117957104554,0.12894836291536876,0.2064168848860027,148.9,165.0,156.95,0.10258043963045553
2026-09-30,66,31500.0,PUT,1.1198669288178136,-0.8754644497586889,0.20880927215334788,3058.3,3571.5,3314.9,0.15481613321668822
2026-09-30,66,31500.0,CALL,1.1198669288178136,0.1204202893925285,0.2054681738184322,136.0,152.2,144.1,0.11242192921582227
2026-09-30,66,31600.0,CALL,1.1234220619251718,0.11234148982189096,0.20493296049232457,124.2,140.3,132.25,0.12173913043478267
2026-09-30,66,31700.0,CALL,1.1269771950325298,0.10476362166361336,0.20480533279052324,114.0,128.8,121.4,0.12191103789126863
2026-09-30,66,31800.0,CALL,1.130532328139888,0.09748230370252078,0.20489939687912656,103.0,119.2,111.1,0.14581458145814585
2026-09-30,66,31900.0,CALL,1.134087461247246,0.09074738679553937,0.20537220298862832,93.7,109.8,101.75,0.15823095823095817
2026-09-30,66,32000.0,CALL,1.1376425943546042,0.0844469254346909,0.20589766573095744,85.0,101.2,93.1,0.17400644468313645
2026-09-30,66,32100.0,CALL,1.1411977274619625,0.07850654996839561,0.20403922068261238,77.1,93.2,85.15,0.18907809747504412
2026-09-30,66,32300.0,CALL,1.1483079936766787,0.06756780934802836,0.201697928721037,63.1,79.3,71.2,0.22752808988764037
2026-09-30,66,32400.0,CALL,1.151863126784037,0.06255447220492368,0.20109915743312107,57.0,73.1,65.05,0.2475019215987701
2026-09-30,66,32500.0,CALL,1.155418259891395,0.05792166521754032,0.20090737013306212,51.4,67.6,59.5,0.27226890756302513
2026-09-30,66,32600.0,CALL,1.1589733929987531,0.05362870504490469,0.2010504071205381,46.4,62.5,54.45,0.2956841138659321
2026-09-30,66,33000.0,CALL,1.1731939254281856,0.0394764853143654,0.20393077138210527,30.2,46.3,38.25,0.4209150326797385
2026-09-30,66,33200.0,CALL,1.180304191642902,0.03390002895384512,0.20196668274198434,24.1,40.2,32.150000000000006,0.5007776049766718
2026-09-30,66,33300.0,CALL,1.18385932475026,0.0314293457006617,0.20158138086546487,21.5,37.6,29.55,0.544839255499154
2026-09-30,66,33400.0,CALL,1.1874144578576182,0.02911133815081379,0.20145728891061548,19.1,35.2,27.150000000000002,0.5930018416206262
2026-09-30,66,33500.0,CALL,1.1909695909649762,0.02699639588482941,0.20165520553489438,17.0,33.0,25.0,0.64
2026-09-30,66,34000.0,CALL,1.2087452565017671,0.01908687238864833,0.20641281541840495,9.2,25.3,17.25,0.9333333333333335
2026-09-30,66,34200.0,CALL,1.2158555227164833,0.016795787950453833,0.2094087515888996,7.0,23.1,15.05,1.0697674418604652
2026-09-30,66,34500.0,CALL,1.2265209220385578,0.014032447599644724,0.21052141651900727,4.4,20.5,12.45,1.2931726907630523
2026-09-30,66,34600.0,CALL,1.2300760551459158,0.013261580943931801,0.21100440541562562,3.7,19.8,11.75,1.370212765957447
2026-09-30,66,34700.0,CALL,1.233631188253274,0.012584369346950963,0.2117742906493868,3.1,19.2,11.15,1.443946188340807
2026-09-30,66,35000.0,CALL,1.2442965875753484,0.010765149545639594,0.21463144062498885,1.5,17.6,9.55,1.6858638743455499
2026-09-30,66,35500.0,CALL,1.262072253112139,0.008750838818695726,0.22211922639060594,0.05,15.7,7.875,1.9873015873015871
2026-09-30,66,36000.0,CALL,1.2798479186489298,0.007827707990125141,0.23250239981755105,0.05,14.5,7.275,1.9862542955326459
2026-09-30,66,36500.0,CALL,1.2976235841857204,0.00764331102805076,0.24491765421676806,0.0,13.6,6.8,2.0
2026-09-30,66,37000.0,CALL,1.315399249722511,0.0070569431420237924,0.2556517312020149,0.0,12.9,6.45,2.0
2026-09-30,66,38000.0,CALL,1.3509505807960926,0.005642301407540607,0.2751967276349413,0.0,11.6,5.8,2.0
2026-09-30,66,39000.0,CALL,1.386501911869674,0.0048616488043769016,0.2906736279718662,0.0,10.5,5.25,2.0
2026-10-16,82,5000.0,PUT,0.1777566553679069,-0.0007351461195214217,1.2938162594153932,0.0,8.5,4.25,2.0
2026-10-16,82,6000.0,PUT,0.2133079864414883,-0.0008532095903545862,1.1621754242513531,0.0,8.8,4.4,2.0
2026-10-16,82,7000.0,PUT,0.24885931751506968,-0.001002388896038289,1.0542398515152134,0.0,9.4,4.7,2.0
2026-10-16,82,8000.0,PUT,0.28441064858865106,-0.0012105778529219065,0.9656189638115308,0.0,10.1,5.05,2.0
2026-10-16,82,9000.0,PUT,0.31996197966223244,-0.0014379468424564332,0.8874764228294179,0.0,11.2,5.6,2.0
2026-10-16,82,10000.0,PUT,0.3555133107358138,-0.0017868639847200955,0.8252265291348346,0.0,12.6,6.3,2.0
2026-10-16,82,11000.0,PUT,0.3910646418093952,-0.002117610686689164,0.7652443604632276,0.05,14.4,7.2250000000000005,1.9861591695501728
2026-10-16,82,12000.0,PUT,0.4266159728829766,-0.0026711158026481666,0.7079583299817345,0.6,16.6,8.600000000000001,1.8604651162790695
2026-10-16,82,13000.0,PUT,0.462167303956558,-0.003725492148466249,0.660437430052942,3.5,19.6,11.55,1.393939393939394
2026-10-16,82,14000.0,PUT,0.49771863503013936,-0.005164531752203189,0.6213826409138096,7.3,23.5,15.4,1.051948051948052
2026-10-16,82,15000.0,PUT,0.5332699661037208,-0.007069098831669473,0.5908434266774698,12.3,28.4,20.35,0.791154791154791
2026-10-16,82,15500.0,PUT,0.5510456316405115,-0.008245263116506711,0.574661793974058,15.4,31.4,23.4,0.6837606837606838
2026-10-16,82,16000.0,PUT,0.5688212971773021,-0.00962646639556327,0.5534696662649479,18.9,34.9,26.9,0.5947955390334573
2026-10-16,82,16500.0,PUT,0.5865969627140928,-0.011234328548049118,0.533915645382661,22.9,38.8,30.849999999999998,0.5153970826580226
2026-10-16,82,17000.0,PUT,0.6043726282508836,-0.013166770237165414,0.5165348370100324,27.6,43.5,35.55,0.4472573839662447
2026-10-16,82,17500.0,PUT,0.6221482937876742,-0.015393549126912421,0.5009285040666125,32.9,48.8,40.849999999999994,0.38922888616891066
2026-10-16,82,18000.0,PUT,0.6399239593244649,-0.018006471577923622,0.4876118533137663,39.2,54.9,47.05,0.33368756641870345
2026-10-16,82,18500.0,PUT,0.6576996248612555,-0.02101855179025609,0.4765813757169026,46.4,62.0,54.2,0.2878228782287823
2026-10-16,82,19000.0,PUT,0.6754752903980463,-0.024561169568369276,0.4598417670517496,54.9,70.4,62.650000000000006,0.24740622505985643
2026-10-16,82,19500.0,PUT,0.693250955934837,-0.02877286066273965,0.4422825710618321,64.6,80.3,72.44999999999999,0.21670117322291244
2026-10-16,82,20000.0,PUT,0.7110266214716277,-0.03376413316140612,0.4267436076441312,75.8,91.9,83.85,0.19200954084675026
2026-10-16,82,20500.0,CALL,0.7288022870084183,0.9608260249605071,0.4118856317059293,7583.4,8201.3,7892.349999999999,0.07829100331333502
2026-10-16,82,20500.0,PUT,0.7288022870084183,-0.03992113962194878,0.41435163111175594,90.2,106.1,98.15,0.161996943453897
2026-10-16,82,21000.0,PUT,0.7465779525452091,-0.04699154515664576,0.40420791292930797,106.7,122.3,114.5,0.1362445414847161
2026-10-16,82,21500.0,PUT,0.7643536180819998,-0.055218673985308414,0.3925623087315215,126.3,141.4,133.85,0.11281285020545394
2026-10-16,82,22000.0,PUT,0.7821292836187904,-0.06519740241779161,0.3767826705777254,149.6,164.9,157.25,0.09729729729729737
2026-10-16,82,22500.0,PUT,0.7999049491555811,-0.07703787763945454,0.3634902224380759,177.3,192.0,184.65,0.07961007311129156
2026-10-16,82,22600.0,PUT,0.8034600822629393,-0.07971556943739275,0.3612945955183971,183.5,198.4,190.95,0.0780308981408746
2026-10-16,82,22800.0,PUT,0.8105703484776555,-0.08525387578618936,0.35712009940547607,196.5,211.3,203.9,0.07258460029426195
2026-10-16,82,23000.0,PUT,0.8176806146923719,-0.09151748416040953,0.35422351191331464,211.7,226.9,219.3,0.069311445508436
2026-10-16,82,23100.0,PUT,0.82123574779973,-0.09546441178422913,0.3544101314871989,217.6,242.9,230.25,0.1098805646036917
2026-10-16,82,23200.0,PUT,0.8247908809070881,-0.09767884909560838,0.35094114637891255,225.2,242.5,233.85,0.07397904639726326
2026-10-16,82,23300.0,PUT,0.8283460140144462,-0.10192531529143564,0.35170795142130534,233.0,258.9,245.95,0.10530595649522252
2026-10-16,82,23400.0,PUT,0.8319011471218044,-0.1042979254529163,0.3484421239956168,241.5,258.3,249.9,0.06722689075630256
2026-10-16,82,23500.0,PUT,0.8354562802291625,-0.10885212906963802,0.3480943977956586,249.4,277.1,263.25,0.10522317188983862
2026-10-16,82,23600.0,PUT,0.8390114133365206,-0.11231617205467571,0.34465051723585827,258.1,285.0,271.55,0.09906094641870733
2026-10-16,82,23700.0,CALL,0.8425665464438787,0.8822266022800275,0.3440625336840004,4586.2,5237.2,4911.7,0.1325406682004194
2026-10-16,82,23800.0,CALL,0.846121679551237,0.8783319467801965,0.34110058295617074,4496.7,5147.7,4822.2,0.1350006221226826
2026-10-16,82,23800.0,PUT,0.846121679551237,-0.11882382345933018,0.3369087838811757,266.1,304.6,285.35,0.13492202558261782
2026-10-16,82,23900.0,PUT,0.8496768126585951,-0.12284477472259443,0.3340310393209889,276.0,314.4,295.2,0.13008130081300806
2026-10-16,82,24000.0,PUT,0.8532319457659532,-0.12768150868236475,0.3322740543407617,292.5,324.4,308.45,0.1034203274436699
2026-10-16,82,24000.0,CALL,0.8532319457659532,0.8714978741699545,0.3334942848952409,4331.0,4944.7,4637.85,0.13232424507045285
2026-10-16,82,24100.0,PUT,0.8567870788733113,-0.13127841960919678,0.3286025027475736,296.9,334.6,315.75,0.11939825811559793
2026-10-16,82,24200.0,PUT,0.8603422119806695,-0.135711265304123,0.3260824858269234,307.9,345.2,326.54999999999995,0.11422446792221717
2026-10-16,82,24200.0,CALL,0.8603422119806695,0.8626792814795421,0.3285085686035833,4154.2,4768.5,4461.35,0.13769374740829574
2026-10-16,82,24300.0,PUT,0.8638973450880276,-0.1402966818464713,0.32370680694595033,319.4,356.1,337.75,0.10866025166543315
2026-10-16,82,24300.0,CALL,0.8638973450880276,0.8583289714167716,0.32579734876671107,4110.0,4634.7,4372.35,0.12000411677930627
2026-10-16,82,24400.0,CALL,0.8674524781953857,0.8536901097743921,0.3234396483742808,4021.6,4547.2,4284.4,0.12267762113714871
2026-10-16,82,24400.0,PUT,0.8674524781953857,-0.14503220062056343,0.3214743640703842,331.2,367.5,349.35,0.10390725633319024
2026-10-16,82,24500.0,PUT,0.8710076113027438,-0.1499149204036795,0.3193840348652765,343.4,379.3,361.35,0.0993496609934967
2026-10-16,82,24500.0,CALL,0.8710076113027438,0.8487402029553631,0.321480621454643,3935.2,4460.1,4197.65,0.12504615677819747
2026-10-16,82,24600.0,PUT,0.8745627444101021,-0.15492118953750916,0.31740275452167027,356.3,391.0,373.65,0.09286765689816671
2026-10-16,82,24700.0,PUT,0.8781178775174602,-0.16008828704052816,0.31559330145637143,369.2,403.7,386.45,0.08927416224608617
2026-10-16,82,24700.0,CALL,0.8781178775174602,0.8386429942149674,0.31763175480896283,3761.4,4287.1,4024.25,0.13063303721190292
2026-10-16,82,24800.0,CALL,0.8816730106248183,0.8333219609051986,0.31602707165221355,3675.7,4201.3,3938.5,0.13345182175955322
2026-10-16,82,24800.0,PUT,0.8816730106248183,-0.16542067316838127,0.3139700771555765,382.8,416.8,399.8,0.08504252126063032
2026-10-16,82,24900.0,PUT,0.8852281437321764,-0.17091182264776394,0.31253144415904194,396.9,430.5,413.7,0.08121827411167519
2026-10-16,82,25000.0,CALL,0.8887832768395346,0.8227060180249665,0.31253379094234135,3505.4,4026.6,3766.0,0.13839617631439188
2026-10-16,82,25000.0,PUT,0.8887832768395346,-0.17723117887229478,0.3124265232882508,418.9,444.7,431.79999999999995,0.0597498842056508
2026-10-16,82,25100.0,PUT,0.8923384099468927,-0.1822869291315703,0.31010696489925177,426.4,459.3,442.85,0.07429152083098121
2026-10-16,82,25100.0,CALL,0.8923384099468927,0.8165491783431055,0.31213956243612273,3421.0,3947.0,3684.0,0.14277958740499458
2026-10-16,82,25200.0,CALL,0.8958935430542508,0.8106715719953106,0.3112157330750961,3337.3,3863.3,3600.3,0.14609893619976114
2026-10-16,82,25200.0,PUT,0.8958935430542508,-0.1877520346660745,0.3083976391563087,437.5,474.1,455.8,0.08029837648091273
2026-10-16,82,25300.0,PUT,0.899448676161609,-0.19376083277788653,0.30690222820585916,453.2,489.9,471.54999999999995,0.07782843812957267
2026-10-16,82,25300.0,CALL,0.899448676161609,0.8046026696289167,0.3091887264450014,3254.8,3780.1,3517.45,0.14934114202049772
2026-10-16,82,25400.0,PUT,0.9030038092689672,-0.1999574096783119,0.30373117764296803,469.4,506.2,487.79999999999995,0.07544075440754411
2026-10-16,82,25400.0,CALL,0.9030038092689672,0.7971117808561007,0.30791075429101955,3200.0,3685.0,3442.5,0.14088598402323893
2026-10-16,82,25500.0,PUT,0.9065589423763253,-0.20689696382202563,0.30145881050254264,492.3,523.2,507.75,0.060856720827178794
2026-10-16,82,25600.0,CALL,0.9101140754836834,0.7839997695208294,0.30225718385536854,3040.7,3518.1,3279.3999999999996,0.14557541013600053
2026-10-16,82,25600.0,PUT,0.9101140754836834,-0.2142793096389947,0.2996984642273616,507.3,552.3,529.8,0.08493771234428076
2026-10-16,82,25700.0,CALL,0.9136692085910415,0.7772616621792475,0.2994570683341232,2958.0,3437.7,3197.85,0.1500070359772972
2026-10-16,82,25700.0,PUT,0.9136692085910415,-0.22094188209740534,0.2967337208532947,521.6,571.8,546.7,0.0918236692884579
2026-10-16,82,25800.0,PUT,0.9172243416983997,-0.22827230719307637,0.29461193946127673,544.3,589.9,567.0999999999999,0.08040909892435202
2026-10-16,82,25800.0,CALL,0.9172243416983997,0.770023901163103,0.29726302500846585,2879.9,3357.7,3118.8,0.15319994869821715
2026-10-16,82,25900.0,PUT,0.9207794748057578,-0.23558885661510828,0.29231636668533423,563.7,609.7,586.7,0.07840463610022157
2026-10-16,82,26000.0,CALL,0.924334607913116,0.7552226820634635,0.29292961874002743,2721.7,3199.8,2960.75,0.16147935489318596
2026-10-16,82,26000.0,PUT,0.924334607913116,-0.24288215756360018,0.2898135982844328,579.4,631.3,605.3499999999999,0.08573552490294868
2026-10-16,82,26200.0,PUT,0.9314448741278323,-0.25880670605026923,0.2865319385033167,626.8,672.9,649.8499999999999,0.07093944756482269
2026-10-16,82,26200.0,CALL,0.9314448741278323,0.7396166708719407,0.2893156300669736,2566.6,3044.5,2805.55,0.17034093136818096
2026-10-16,82,26400.0,PUT,0.9385551403425485,-0.27495641415259364,0.2830408347427867,666.0,720.5,693.25,0.07861521817526144
2026-10-16,82,26500.0,PUT,0.9421102734499066,-0.28370417033277684,0.2823607716596509,694.4,744.6,719.5,0.06977067407922175
2026-10-16,82,26500.0,CALL,0.9421102734499066,0.7148806331858469,0.2852167509854719,2338.8,2817.4,2578.1000000000004,0.18564058802994446
2026-10-16,82,26600.0,PUT,0.9456654065572648,-0.2922972497609174,0.28127256258769867,718.4,769.5,743.95,0.06868741178842666
2026-10-16,82,26600.0,CALL,0.9456654065572648,0.7073237598811752,0.28207255346620724,2319.1,2669.8,2494.45,0.1405921144941772
2026-10-16,82,26700.0,PUT,0.9492205396646229,-0.30091396384182345,0.28010051745464276,750.2,785.8,768.0,0.04635416666666655
2026-10-16,82,26800.0,PUT,0.952775672771981,-0.3097739608766396,0.27920365253225987,765.7,822.0,793.85,0.0709201990300434
2026-10-16,82,27000.0,PUT,0.9598859389866974,-0.32819294472254623,0.2730458897077701,817.8,878.1,847.95,0.07111268353086864
2026-10-16,82,27000.0,CALL,0.9598859389866974,0.6703725456046553,0.2764227522901632,2185.9,2244.7,2215.3,0.02654268044960038
2026-10-16,82,27100.0,PUT,0.9634410720940555,-0.337856104336805,0.27035393962160753,845.8,907.8,876.8,0.07071167883211679
2026-10-16,82,27100.0,CALL,0.9634410720940555,0.6608079325513303,0.2737252685714843,2116.1,2173.9,2145.0,0.02694638694638703
2026-10-16,82,27200.0,CALL,0.9669962052014136,0.6509848074107271,0.2712431186825514,2047.1,2104.3,2075.7,0.027556968733439456
2026-10-16,82,27200.0,PUT,0.9669962052014136,-0.3477072680436981,0.2676709261099204,874.7,936.5,905.6,0.06824204946996461
2026-10-16,82,27400.0,CALL,0.9741064714161299,0.6306382253189388,0.2668779761939915,1912.0,1967.8,1939.9,0.02876436929738644
2026-10-16,82,27400.0,PUT,0.9741064714161299,-0.3684971228200541,0.26398393341423276,948.4,994.6,971.5,0.047555326814204886
2026-10-16,82,27500.0,PUT,0.977661604523488,-0.37902450493786216,0.26184882007119653,975.0,1030.7,1002.85,0.05554170613750815
2026-10-16,82,27600.0,PUT,0.9812167376308462,-0.38968294204857384,0.2595642955028596,1000.5,1066.2,1033.35,0.06357961968355354
2026-10-16,82,27600.0,CALL,0.9812167376308462,0.6094575600718014,0.2633509303566123,1780.7,1835.5,1808.1,0.030308058182622617
2026-10-16,82,27700.0,PUT,0.9847718707382043,-0.400650791099778,0.2579442273809695,1034.6,1099.8,1067.1999999999998,0.06109445277361324
2026-10-16,82,27700.0,CALL,0.9847718707382043,0.5986044614492978,0.2618965098639233,1716.6,1770.8,1743.6999999999998,0.031083328554223806
2026-10-16,82,27800.0,CALL,0.9883270038455625,0.5877468046702473,0.2596727278808574,1653.4,1697.1,1675.25,0.026085658856886924
2026-10-16,82,27800.0,PUT,0.9883270038455625,-0.41189866306071354,0.25728968960204407,1079.5,1132.5,1106.0,0.04792043399638336
2026-10-16,82,27900.0,PUT,0.9918821369529206,-0.42314718366965715,0.25613150463225387,1116.0,1168.3,1142.15,0.04579083307796695
2026-10-16,82,28000.0,PUT,0.9954372700602787,-0.4345156187158649,0.2552878931174761,1153.7,1206.1,1179.9,0.04441054326637839
2026-10-16,82,28000.0,CALL,0.9954372700602787,0.5652523715040594,0.2588587862845558,1530.4,1583.8,1557.1,0.03429452186757425
2026-10-16,82,28025.0,PUT,0.9963260533371182,-0.4373736114343817,0.25515677118945124,1163.2,1216.3,1189.75,0.04463122504727876
2026-10-16,82,28200.0,PUT,1.002547536274995,-0.4575226133160983,0.25233565611743614,1232.4,1285.4,1258.9,0.04210024624672333
2026-10-16,82,28200.0,CALL,1.002547536274995,0.5425363536738574,0.25512196720016483,1411.8,1455.7,1433.75,0.030619006102877135
2026-10-16,82,28300.0,PUT,1.0061026693823532,-0.46933649468888783,0.24958264557853035,1273.7,1327.8,1300.75,0.041591389582932854
2026-10-16,82,28325.0,PUT,1.0069914526591928,-0.4723300052171717,0.2489047852519117,1284.1,1338.4,1311.25,0.04141086749285047
2026-10-16,82,28325.0,CALL,1.0069914526591928,0.52795312891618,0.25248455928199887,1340.0,1392.8,1366.4,0.038641686182669756
2026-10-16,82,28400.0,PUT,1.0096578024897114,-0.4814061829421119,0.24689792812871808,1316.1,1369.6,1342.85,0.0398406374501992
2026-10-16,82,28400.0,CALL,1.0096578024897114,0.5190178490162776,0.25057706194650325,1297.8,1350.6,1324.1999999999998,0.03987313094698683
2026-10-16,82,28500.0,PUT,1.0132129355970694,-0.4936850782892744,0.24455297913670282,1359.8,1413.5,1386.65,0.038726427000324554
2026-10-16,82,28500.0,CALL,1.0132129355970694,0.5067698794804049,0.24730375307336364,1242.8,1285.1,1263.9499999999998,0.03346651370702952
2026-10-16,82,28550.0,PUT,1.0149905021507484,-0.4997524450168786,0.24422025490689797,1389.4,1436.6,1413.0,0.03340410474168423
2026-10-16,82,28575.0,CALL,1.015879285427588,0.4976345277106253,0.24615351503046282,1202.0,1249.3,1225.65,0.03859176763350055
2026-10-16,82,28600.0,PUT,1.0167680687044276,-0.5061475727812282,0.24245999837286838,1405.3,1458.1,1431.6999999999998,0.03687923447649644
2026-10-16,82,28800.0,PUT,1.0238783349191438,-0.531461717024026,0.23910205656768474,1499.1,1552.9,1526.0,0.035255570117955555
2026-10-16,82,28850.0,PUT,1.0256559014728228,-0.537858722135157,0.2383865282926733,1523.4,1577.0,1550.2,0.03457618371822985
2026-10-16,82,28900.0,PUT,1.027433468026502,-0.5442652875066804,0.2377476780701128,1548.0,1601.6,1574.8,0.034036068072136084
2026-10-16,82,28900.0,CALL,1.027433468026502,0.45711628817158967,0.24139749917463685,1033.9,1087.1,1060.5,0.05016501650164999
2026-10-16,82,29000.0,PUT,1.03098860113386,-0.5570993553541863,0.23666142536294923,1598.1,1651.9,1625.0,0.03310769230769242
2026-10-16,82,29000.0,CALL,1.03098860113386,0.444488143930567,0.2403198897501428,985.2,1038.1,1011.65,0.05229081203973693
2026-10-16,82,29100.0,CALL,1.0345437342412183,0.4318728422735012,0.23950712932496704,938.0,990.4,964.2,0.054345571458203665
2026-10-16,82,29100.0,PUT,1.0345437342412183,-0.5699310031396962,0.23582178035608364,1649.5,1703.5,1676.5,0.032209961228750375
2026-10-16,82,29125.0,PUT,1.0354325175180579,-0.573122596088886,0.23567232912958136,1662.6,1716.8,1689.6999999999998,0.03207670000591824
2026-10-16,82,29200.0,PUT,1.0380988673485765,-0.5827010126677712,0.2352622159745852,1702.3,1756.7,1729.5,0.03145417750795033
2026-10-16,82,29325.0,CALL,1.042542783732774,0.40352483212343526,0.2380767171453973,827.2,893.9,860.55,0.07750857010051704
2026-10-16,82,29350.0,PUT,1.0434315670096135,-0.6012912827454252,0.23426806324208907,1792.2,1838.1,1815.15,0.02528716634988836
2026-10-16,82,29400.0,CALL,1.0452091335632927,0.3940826682749575,0.23581576998796583,797.3,857.6,827.45,0.07287449392712558
2026-10-16,82,29400.0,PUT,1.0452091335632927,-0.6081539866214171,0.23200091311866033,1811.8,1866.1,1838.9499999999998,0.029527719622610707
2026-10-16,82,29475.0,CALL,1.0478754833938113,0.3847544250555106,0.23404298557337408,766.9,826.4,796.65,0.07468775497395343
2026-10-16,82,29500.0,PUT,1.0487642666706507,-0.6204125486492932,0.23032280937279168,1876.3,1924.3,1900.3,0.025259169604799243
2026-10-16,82,29500.0,CALL,1.0487642666706507,0.38160261651829,0.23343742362633266,756.5,816.1,786.3,0.07579804146000257
2026-10-16,82,29575.0,CALL,1.0514306165011693,0.37214028752645745,0.2317617743386536,726.0,785.8,755.9,0.079110993517661
2026-10-16,82,29600.0,PUT,1.052319399778009,-0.6338532552024901,0.22726787174384677,1926.8,1982.9,1954.85,0.02869785405529843
2026-10-16,82,29600.0,CALL,1.052319399778009,0.36897501443302394,0.23123292200832266,716.0,775.8,745.9,0.08017160477275768
2026-10-16,82,29625.0,CALL,1.0532081830548485,0.3658246701249273,0.2307461126841638,706.2,766.0,736.1,0.08123896209754103
2026-10-16,82,29675.0,CALL,1.0549857496085275,0.35940001004707306,0.22966339152281998,686.6,745.3,715.95,0.08198896570989585
2026-10-16,82,29800.0,CALL,1.0594296659927251,0.3437104359497475,0.22774304285838784,639.3,699.4,669.3499999999999,0.0897886008814522
2026-10-16,82,29800.0,PUT,1.0594296659927251,-0.6597218148510126,0.22367144267615505,2047.2,2104.7,2075.95,0.02769816228714554
2026-10-16,82,29825.0,CALL,1.0603184492695648,0.34055301619288264,0.2273756236178649,630.0,690.2,660.1,0.09119830328738077
2026-10-16,82,29900.0,CALL,1.0629847991000834,0.33107411424664945,0.2263386896699869,604.5,660.8,632.65,0.08899075318106371
2026-10-16,82,29900.0,PUT,1.0629847991000834,-0.6725459228072104,0.22235071251317004,2109.4,2168.1,2138.75,0.027445938047925104
2026-10-16,82,29950.0,PUT,1.0647623656537624,-0.6780846681180552,0.22267073315669048,2149.8,2200.2,2175.0,0.02317241379310328
2026-10-16,82,29950.0,CALL,1.0647623656537624,0.3250328988217615,0.22600379779052532,586.3,645.9,616.0999999999999,0.09673754260671974
2026-10-16,82,30000.0,PUT,1.0665399322074416,-0.6852724109704399,0.22129246096176228,2172.9,2232.7,2202.8,0.027147267114581316
2026-10-16,82,30000.0,CALL,1.0665399322074416,0.3188590137763741,0.22554963307878528,569.5,628.4,598.95,0.09833875949578424
2026-10-16,82,30025.0,CALL,1.067428715484281,0.3158844146912025,0.2254488266253498,562.1,619.9,591.0,0.09780033840947538
2026-10-16,82,30075.0,PUT,1.06920628203796,-0.6938182982799581,0.2215479038660133,2085.6,2426.5,2256.05,0.15110480707431131
2026-10-16,82,30100.0,PUT,1.0700950653147996,-0.6978451347162334,0.2205031999248448,2237.7,2298.6,2268.1499999999996,0.02685007605317113
2026-10-16,82,30200.0,CALL,1.0736501984221578,0.29467925683306684,0.22445982638781073,506.5,561.3,533.9,0.1026409439970031
2026-10-16,82,30200.0,PUT,1.0736501984221578,-0.709058500505581,0.22102434408150765,2170.5,2509.6,2340.05,0.1449114335163778
2026-10-16,82,30225.0,CALL,1.0745389816989972,0.2910723801012618,0.22380331677325807,497.8,548.5,523.15,0.09691293128165916
2026-10-16,82,30275.0,CALL,1.0763165482526764,0.28568432240732533,0.22417381394637814,490.6,529.6,510.1,0.07645559694177612
2026-10-16,82,30300.0,CALL,1.0772053315295158,0.2824638052640805,0.22388693498958134,483.0,519.4,501.2,0.0726256983240223
2026-10-16,82,30300.0,PUT,1.0772053315295158,-0.7209784921617993,0.22088698686273012,2238.9,2578.4,2408.65,0.14095032487077824
2026-10-16,82,30375.0,CALL,1.0798716813600344,0.2737685833703639,0.22389087278682104,460.3,497.4,478.85,0.07747728933904138
2026-10-16,82,30400.0,PUT,1.080760464636874,-0.7332284356062938,0.21963858702625672,2304.0,2648.0,2476.0,0.13893376413570274
2026-10-16,82,30400.0,CALL,1.080760464636874,0.27079975058010214,0.22383285714733225,453.0,489.2,471.1,0.07684143493950327
2026-10-16,82,30450.0,PUT,1.082538031190553,-0.7384913325191407,0.2189255525128354,2277.1,2749.9,2513.5,0.18810423711955448
2026-10-16,82,30450.0,CALL,1.082538031190553,0.265250490505429,0.2228389005331459,438.7,476.0,457.35,0.08155679457745711
2026-10-16,82,30475.0,PUT,1.0834268144673926,-0.7414028257585118,0.21830032319595963,2294.8,2767.6,2531.2,0.1867888748419721
2026-10-16,82,30500.0,CALL,1.0843155977442323,0.2599060204011492,0.221962351599163,424.7,464.6,444.65,0.08973349825705619
2026-10-16,82,30500.0,PUT,1.0843155977442323,-0.7442922552431083,0.21771511153593756,2312.7,2785.4,2549.05,0.18544163511896597
2026-10-16,82,30525.0,CALL,1.0852043810210716,0.2570912345425307,0.22139708540836195,417.9,457.7,437.79999999999995,0.09090909090909094
2026-10-16,82,30525.0,PUT,1.0852043810210716,-0.7471709990183143,0.21715694448044046,2330.7,2803.3,2567.0,0.1841059602649008
2026-10-16,82,30575.0,CALL,1.0869819475747509,0.2511699241099114,0.22002708934443477,404.4,441.9,423.15,0.08862105636299185
2026-10-16,82,30600.0,CALL,1.0878707308515903,0.2486660307559895,0.21981161130912458,400.0,435.3,417.65,0.08452053154555253
2026-10-16,82,30600.0,PUT,1.0878707308515903,-0.7558552869299714,0.21552879599709862,2384.7,2857.3,2621.0,0.18031285768790553
2026-10-16,82,30625.0,CALL,1.0887595141284299,0.2454042314506603,0.21888094191852023,391.5,427.2,409.35,0.08721143275925244
2026-10-16,82,30625.0,PUT,1.0887595141284299,-0.7587234033485859,0.21503969260058436,2402.9,2875.5,2639.2,0.1790694149742346
2026-10-16,82,30675.0,CALL,1.0905370806821089,0.2398556771743778,0.21799512568281684,378.7,414.4,396.54999999999995,0.09002647837599292
2026-10-16,82,30700.0,PUT,1.0914258639589485,-0.7672898020463212,0.2136810027094239,2458.1,2930.3,2694.2,0.17526538490089835
2026-10-16,82,30700.0,CALL,1.0914258639589485,0.23731720324484892,0.2177828729292395,372.4,409.7,391.04999999999995,0.09538422196650048
2026-10-16,82,30750.0,PUT,1.0932034305126275,-0.7729018590339477,0.212915706329156,2495.4,2967.4,2731.4,0.17280515486563666
2026-10-16,82,30775.0,PUT,1.094092213789467,-0.7757229442599564,0.21253441584508664,2513.9,2986.1,2750.0,0.17170909090909084
2026-10-16,82,30800.0,PUT,1.0949809970663067,-0.7785081860657959,0.2121919225981995,2532.7,3004.8,2768.75,0.17051015801354416
2026-10-16,82,30800.0,CALL,1.0949809970663067,0.22639272589504467,0.2163177987898623,347.9,385.3,366.6,0.10201854882705955
2026-10-16,82,30875.0,CALL,1.097647346896825,0.2180834950196461,0.21521206129234557,330.3,366.1,348.20000000000005,0.10281447443997704
2026-10-16,82,30900.0,CALL,1.0985361301736647,0.21600081939545343,0.215420718368516,324.6,364.1,344.35,0.11470887178742557
2026-10-16,82,30900.0,PUT,1.0985361301736647,-0.7896743877595196,0.2108802667596917,2608.5,3079.4,2843.95,0.16557956363508505
2026-10-16,82,30925.0,PUT,1.0994249134505043,-0.7923900035634656,0.210629581851216,2627.6,3098.5,2863.05,0.16447494804491716
2026-10-16,82,31000.0,PUT,1.102091263281023,-0.8004244123915237,0.20999353293495418,2685.4,3156.2,2920.8,0.16118871542043264
2026-10-16,82,31000.0,CALL,1.102091263281023,0.20557121067972742,0.21456923100691166,302.5,342.0,322.25,0.1225756400310318
2026-10-16,82,31075.0,PUT,1.1047576131115415,-0.8082652286127839,0.2095362692564783,2744.0,3214.5,2979.25,0.15792565242930268
2026-10-16,82,31100.0,PUT,1.105646396388381,-0.8088741981190378,0.2108331422508369,2773.7,3235.4,3004.55,0.15366693847664384
2026-10-16,82,31150.0,CALL,1.1074239629420601,0.18990999009952347,0.21340580052709943,271.4,307.6,289.5,0.125043177892919
2026-10-16,82,31200.0,CALL,1.1092015294957391,0.18554297751745089,0.21365953030351967,261.6,300.7,281.15,0.13907166992708508
2026-10-16,82,31200.0,PUT,1.1092015294957391,-0.8182821990396937,0.21094635638917694,2852.8,3318.0,3085.4,0.15077461593310423
2026-10-16,82,31250.0,CALL,1.1109790960494181,0.1827564872881069,0.21502966144104046,263.3,291.3,277.3,0.10097367472051928
2026-10-16,82,31300.0,CALL,1.1127566626030974,0.1782191674585654,0.21513055043077223,255.1,281.6,268.35,0.09875163033351976
2026-10-16,82,31300.0,PUT,1.1127566626030974,-0.8285222117253455,0.2104903453066387,2933.2,3394.7,3163.95,0.14586197632705955
2026-10-16,82,31400.0,PUT,1.1163117957104554,-0.8370686351581267,0.21116997998137443,3014.6,3479.6,3247.1,0.14320470573742725
2026-10-16,82,31400.0,CALL,1.1163117957104554,0.16886704302778088,0.21513356921370239,235.8,263.5,249.65,0.1109553374724614
2026-10-16,82,31500.0,CALL,1.1198669288178136,0.16049611184456114,0.215174475159102,220.3,246.9,233.60000000000002,0.1138698630136986
2026-10-16,82,31500.0,PUT,1.1198669288178136,-0.8466706630441692,0.20833094118170373,3097.2,3558.2,3327.7,0.13853412266730775
2026-10-16,82,31600.0,CALL,1.1234220619251718,0.1528066665941004,0.21385821652500997,203.0,236.1,219.55,0.15076292416306078
2026-10-16,82,31700.0,PUT,1.1269771950325298,-0.8664650913219925,0.20270288841454526,3230.0,3748.9,3489.45,0.14870538336987207
2026-10-16,82,31700.0,CALL,1.1269771950325298,0.14209328328432844,0.209947262252353,190.4,206.3,198.35000000000002,0.08016133098058989
2026-10-16,82,31800.0,PUT,1.130532328139888,-0.876295468179423,0.20030512527312577,3309.1,3833.6,3571.35,0.1468632309910818
2026-10-16,82,31800.0,CALL,1.130532328139888,0.13418269804121724,0.20874185940319467,176.6,192.4,184.5,0.08563685636856375
2026-10-16,82,32000.0,CALL,1.1376425943546042,0.1187344452767817,0.20686725179711596,151.4,165.0,158.2,0.0859671302149178
2026-10-16,82,32200.0,CALL,1.1447528605693205,0.10520656625224817,0.20662559233032993,129.4,143.4,136.4,0.10263929618768328
2026-10-16,82,32500.0,CALL,1.155418259891395,0.08763871755305273,0.20816754768925955,101.7,116.5,109.1,0.13565536205316223
2026-10-16,82,32600.0,CALL,1.1589733929987531,0.08243976072505871,0.2069365745419978,93.7,108.8,101.25,0.14913580246913574
2026-10-16,82,32800.0,CALL,1.1660836592134693,0.0726229018104551,0.20470049217400244,79.3,94.7,87.0,0.17701149425287363
2026-10-16,82,33000.0,CALL,1.1731939254281856,0.06380988879557101,0.20371951840406535,67.1,82.5,74.8,0.20588235294117654
2026-10-16,82,33400.0,CALL,1.1874144578576182,0.04934744104290956,0.20492118994818512,48.4,63.1,55.75,0.2636771300448431
2026-10-16,82,33500.0,CALL,1.1909695909649762,0.04595709022641331,0.20539732391218582,43.5,59.1,51.3,0.304093567251462
2026-10-16,82,33600.0,CALL,1.1945247240723345,0.043097019096024425,0.20633327798477447,39.8,55.5,47.65,0.329485834207765
2026-10-16,82,33800.0,CALL,1.2016349902870507,0.03806860768672064,0.20626916785485452,33.6,49.1,41.35,0.37484885126964934
2026-10-16,82,34000.0,CALL,1.2087452565017671,0.033416715225174476,0.20508321376730276,27.8,43.6,35.7,0.4425770308123249
2026-10-16,82,34500.0,CALL,1.2265209220385578,0.024549014205476182,0.20663919380823528,17.5,33.6,25.55,0.6301369863013699
2026-10-16,82,35000.0,CALL,1.2442965875753484,0.01852657680592284,0.21205697084887368,10.9,27.0,18.95,0.849604221635884
2026-10-16,82,35500.0,CALL,1.262072253112139,0.01354354025568963,0.21250343289618925,6.6,20.3,13.45,1.0185873605947957
2026-10-16,82,36000.0,CALL,1.2798479186489298,0.010562513642504635,0.21587040125346746,3.8,17.1,10.450000000000001,1.2727272727272727
2026-10-16,82,36500.0,CALL,1.2976235841857204,0.008546142184802008,0.22174670087392598,1.9,15.1,8.5,1.552941176470588
2026-10-16,82,37000.0,CALL,1.315399249722511,0.007103849796493292,0.22890747040082673,0.45,13.8,7.125,1.873684210526316
2026-10-16,82,38000.0,CALL,1.3509505807960926,0.007013775763716866,0.2509571898210018,0.0,12.3,6.15,2.0
2026-10-16,82,39000.0,CALL,1.386501911869674,0.0058146573207004315,0.2682649048407555,0.0,11.7,5.85,2.0
2026-10-16,82,40000.0,CALL,1.4220532429432553,0.0030427280428388928,0.26344300692723954,0.0,6.4,3.2,2.0
2026-10-16,82,41000.0,CALL,1.4576045740168366,0.004385987165628033,0.2943752799974847,0.0,10.7,5.35,2.0
2026-10-16,82,42000.0,CALL,1.4931559050904182,0.0039588538751931185,0.30872784541343934,0.0,10.0,5.0,2.0
2026-10-16,82,43000.0,CALL,1.5287072361639995,0.003620958889202666,0.3231808020290816,0.0,9.5,4.75,2.0
