expiry,dte,strike,option_type,moneyness,delta,implied_volatility,bid,ask,mid,spread_pct
2026-08-03,8,2535.0,PUT,0.8651880676538161,-0.007925009341557395,0.4002938114001574,0.35,0.65,0.5,0.6000000000000001
2026-08-03,8,2565.0,PUT,0.8754269796970564,-0.01044085720489656,0.3888644273340553,0.5,0.8,0.65,0.46153846153846156
2026-08-03,8,2575.0,PUT,0.8788399503781366,-0.011316013268069393,0.38231162759583964,0.55,0.85,0.7,0.4285714285714285
2026-08-03,8,2705.0,PUT,0.9232085692321784,-0.03915133920761376,0.3018119317078901,2.05,2.45,2.25,0.17777777777777792
2026-08-03,8,2715.0,PUT,0.9266215399132586,-0.043660002677786455,0.2960795463872507,2.3,2.7,2.5,0.16000000000000014
2026-08-03,8,2720.0,PUT,0.9283280252537986,-0.04628544951442181,0.2938025628588367,2.45,2.85,2.6500000000000004,0.15094339622641503
2026-08-03,8,2725.0,PUT,0.9300345105943387,-0.048951563168169024,0.29153218371929973,2.6,3.0,2.8,0.14285714285714282
2026-08-03,8,2735.0,PUT,0.9334474812754189,-0.055292106645406,0.28873672640352815,2.95,3.4,3.175,0.14173228346456684
2026-08-03,8,2745.0,PUT,0.936860451956499,-0.06175521399376102,0.2859587472942419,3.3,3.8,3.55,0.14084507042253522
2026-08-03,8,2750.0,PUT,0.9385669372970391,-0.0657502247130747,0.2834699650935189,3.5,4.1,3.8,0.15789473684210517
2026-08-03,8,2755.0,CALL,0.9402734226375792,0.9058439340257183,0.3123776762219514,177.7,190.1,183.89999999999998,0.06742794997281135
2026-08-03,8,2760.0,PUT,0.9419799079781193,-0.07402329625449837,0.27678860843339276,4.0,4.6,4.3,0.13953488372093015
2026-08-03,8,2765.0,PUT,0.9436863933186593,-0.0788591118693447,0.2741230475899017,4.3,4.9,4.6,0.1304347826086958
2026-08-03,8,2770.0,CALL,0.9453928786591993,0.8927640343272324,0.3034325142629546,163.4,176.1,169.75,0.07481590574374072
2026-08-03,8,2770.0,PUT,0.9453928786591993,-0.08378949945912331,0.27146551247994627,4.6,5.2,4.9,0.12244897959183683
2026-08-03,8,2775.0,PUT,0.9470993639997394,-0.08881682652328918,0.26881606096171073,4.9,5.5,5.2,0.11538461538461531
2026-08-03,8,2780.0,PUT,0.9488058493402795,-0.0944687479534757,0.2668330857040298,5.3,5.8,5.55,0.0900900900900901
2026-08-03,8,2785.0,PUT,0.9505123346808195,-0.10071716033663318,0.26551382912752614,5.7,6.2,5.95,0.08403361344537814
2026-08-03,8,2790.0,PUT,0.9522188200213596,-0.10652820300215123,0.2635427625917491,6.0,6.6,6.3,0.09523809523809519
2026-08-03,8,2790.0,CALL,0.9522188200213596,0.8719190205067029,0.29283048565035724,145.3,157.0,151.15,0.07740654978498172
2026-08-03,8,2795.0,PUT,0.9539253053618997,-0.11340058706146304,0.26288871560609456,6.5,7.0,6.75,0.07407407407407407
2026-08-03,8,2800.0,PUT,0.9556317907024398,-0.12030696985364296,0.2622369859781625,6.9,7.5,7.2,0.08333333333333329
2026-08-03,8,2805.0,PUT,0.9573382760429798,-0.1277268128963539,0.2603967079851399,7.4,8.0,7.7,0.07792207792207788
2026-08-03,8,2810.0,PUT,0.9590447613835199,-0.13532577735846632,0.2569082516735274,7.9,8.5,8.2,0.07317073170731704
2026-08-03,8,2815.0,PUT,0.96075124672406,-0.1431332229709239,0.2534306511084282,8.4,9.0,8.7,0.06896551724137928
2026-08-03,8,2820.0,PUT,0.9624577320646001,-0.1520256113234613,0.2508315080200612,9.0,9.6,9.3,0.06451612903225802
2026-08-03,8,2825.0,PUT,0.9641642174051401,-0.16110346537900125,0.24824107036532336,9.6,10.2,9.899999999999999,0.06060606060606058
2026-08-03,8,2830.0,PUT,0.9658707027456802,-0.17078088517221515,0.24609183722609124,10.2,10.9,10.55,0.06635071090047404
2026-08-03,8,2830.0,CALL,0.9658707027456802,0.810986277920292,0.26703724175717547,110.5,120.4,115.45,0.0857514075357298
2026-08-03,8,2835.0,PUT,0.9675771880862203,-0.18102181845937476,0.24438183207536787,10.9,11.6,11.25,0.06222222222222216
2026-08-03,8,2840.0,PUT,0.9692836734267604,-0.19140605734283844,0.2426780251981617,11.6,12.3,11.95,0.058577405857740676
2026-08-03,8,2845.0,PUT,0.9709901587673004,-0.20265696724848714,0.24184076617856765,12.4,13.1,12.75,0.05490196078431367
2026-08-03,8,2850.0,PUT,0.9726966441078405,-0.21398535270080685,0.2410066956973476,13.2,13.9,13.55,0.05166051660516613
2026-08-03,8,2855.0,PUT,0.9744031294483806,-0.22614314720011894,0.23820694037898232,14.1,14.8,14.45,0.04844290657439454
2026-08-03,8,2860.0,CALL,0.9761096147889207,0.7525803883876852,0.24408379563234328,88.2,90.4,89.30000000000001,0.02463605823068312
2026-08-03,8,2860.0,PUT,0.9761096147889207,-0.2386659939143594,0.23459864911228562,15.0,15.7,15.35,0.04560260586319214
2026-08-03,8,2865.0,PUT,0.9778161001294607,-0.2515786247827588,0.23100321291543835,15.9,16.6,16.25,0.043076923076923145
2026-08-03,8,2870.0,PUT,0.9795225854700008,-0.26603901915368494,0.22872581065947054,17.0,17.7,17.35,0.04034582132564837
2026-08-03,8,2875.0,PUT,0.9812290708105409,-0.2807889694603655,0.22645722498999463,18.1,18.8,18.450000000000003,0.037940379403793995
2026-08-03,8,2875.0,CALL,0.9812290708105409,0.7116497599693645,0.23613434638344497,76.4,78.5,77.45,0.027114267269205863
2026-08-03,8,2880.0,PUT,0.982935556151081,-0.2958355237194537,0.224197551175798,19.2,19.9,19.549999999999997,0.035805626598465444
2026-08-03,8,2885.0,CALL,0.9846420414916209,0.6815694970187467,0.23282819894957435,68.9,70.8,69.85,0.027201145311381413
2026-08-03,8,2885.0,PUT,0.9846420414916209,-0.3118633591354878,0.22292003865561058,20.4,21.2,20.799999999999997,0.0384615384615385
2026-08-03,8,2890.0,PUT,0.986348526832161,-0.3280743793773061,0.2216478006410971,21.7,22.4,22.049999999999997,0.031746031746031717
2026-08-03,8,2895.0,PUT,0.9880550121727011,-0.3450343823615323,0.2202148911181374,23.1,23.8,23.450000000000003,0.02985074626865668
2026-08-03,8,2900.0,PUT,0.9897614975132412,-0.3626490647317785,0.21643426935111226,24.5,25.3,24.9,0.03212851405622493
2026-08-03,8,2900.0,CALL,0.9897614975132412,0.6326842158629296,0.22498024728846577,58.2,59.7,58.95,0.02544529262086514
2026-08-03,8,2905.0,PUT,0.9914679828537812,-0.38102736551612,0.21295079667881664,26.0,26.8,26.4,0.03030303030303033
2026-08-03,8,2910.0,PUT,0.9931744681943213,-0.4004754289102617,0.21060613374504594,27.7,28.5,28.1,0.028469750889679738
2026-08-03,8,2915.0,PUT,0.9948809535348614,-0.4201801740128043,0.20771101012791648,29.3,30.1,29.700000000000003,0.026936026936026956
2026-08-03,8,2920.0,PUT,0.9965874388754015,-0.4406909079242808,0.20594790550226882,31.1,31.9,31.5,0.025396825396825307
2026-08-03,8,2925.0,PUT,0.9982939242159415,-0.4616230720348323,0.2047511237163801,33.0,33.8,33.4,0.023952095808383148
2026-08-03,8,2930.0,PUT,1.0000004095564816,-0.4827989839701091,0.20355893029505803,34.9,35.7,35.3,0.02266288951841372
2026-08-03,8,2930.0,CALL,1.0000004095564816,0.5170106477692419,0.212685401870364,39.0,40.0,39.5,0.02531645569620253
2026-08-03,8,2935.0,CALL,1.0017068948970218,0.4961444649571296,0.2080001895402795,36.1,36.9,36.5,0.021917808219178006
2026-08-03,8,2935.0,PUT,1.0017068948970218,-0.5045611877423934,0.1994749974632062,37.0,37.8,37.4,0.021390374331550728
2026-08-03,8,2940.0,PUT,1.0034133802375618,-0.5271747274283347,0.19568805442331225,39.1,40.0,39.55,0.022756005056889978
2026-08-03,8,2945.0,PUT,1.0051198655781017,-0.5506766309614246,0.1919202009435696,41.2,42.2,41.7,0.023980815347721823
2026-08-03,8,2945.0,CALL,1.0051198655781017,0.4521514151855623,0.2009072883764698,30.5,31.3,30.9,0.02588996763754048
2026-08-03,8,2950.0,CALL,1.006826350918642,0.4294428593999062,0.19848974025332045,27.9,28.7,28.299999999999997,0.028268551236749144
2026-08-03,8,2950.0,PUT,1.006826350918642,-0.5742259954939258,0.19010138123543144,43.7,44.7,44.2,0.02262443438914027
2026-08-03,8,2955.0,PUT,1.0085328362591819,-0.5985510250351436,0.1877422781590764,46.0,47.2,46.6,0.02575107296137345
2026-08-03,8,2960.0,PUT,1.010239321599722,-0.6222929951899883,0.18704059666694892,48.7,49.9,49.3,0.024340770791074967
2026-08-03,8,2960.0,CALL,1.010239321599722,0.3834426094768317,0.19533696645585882,23.0,23.8,23.4,0.03418803418803422
2026-08-03,8,2965.0,CALL,1.011945806940262,0.360405219931947,0.19242888718542472,20.7,21.5,21.1,0.03791469194312799
2026-08-03,8,2965.0,PUT,1.011945806940262,-0.6465485386398742,0.18300266723757055,51.3,52.7,52.0,0.026923076923077032
2026-08-03,8,2970.0,CALL,1.0136522922808022,0.33730563200515207,0.18859575192647038,18.6,19.4,19.0,0.04210526315789459
2026-08-03,8,2970.0,PUT,1.0136522922808022,-0.6709794555653096,0.17922652920130547,54.1,55.7,54.900000000000006,0.029143897996357037
2026-08-03,8,2975.0,PUT,1.0153587776213422,-0.6961171208831757,0.17578372357291777,56.9,58.8,57.849999999999994,0.032843560933448555
2026-08-03,8,2975.0,CALL,1.0153587776213422,0.31386495490698446,0.1854059075299132,16.6,17.4,17.0,0.0470588235294116
2026-08-03,8,2980.0,PUT,1.0170652629618824,-0.7203058703651621,0.17390854659514235,60.0,62.1,61.05,0.034398034398034426
2026-08-03,8,2980.0,CALL,1.0170652629618824,0.2906596813426947,0.1831639176222298,14.8,15.5,15.15,0.04620462046204616
2026-08-03,8,2985.0,CALL,1.0187717483024223,0.26805762884758605,0.18186151025274114,13.1,13.8,13.45,0.052044609665427594
2026-08-03,8,2985.0,PUT,1.0187717483024223,-0.745017270647838,0.17204484150457416,63.2,65.3,64.25,0.03268482490272365
2026-08-03,8,2990.0,CALL,1.0204782336429625,0.2459915804801982,0.18118250569996702,11.5,12.2,11.85,0.05907172995780585
2026-08-03,8,2995.0,CALL,1.0221847189835025,0.22525723191439578,0.17803373559271157,10.1,10.8,10.45,0.06698564593301445
2026-08-03,8,2995.0,PUT,1.0221847189835025,-0.7916615592567297,0.1649582129446552,70.1,72.3,71.19999999999999,0.030898876404494426
2026-08-03,8,3000.0,PUT,1.0238912043240427,-0.8147413173744917,0.16166163825371632,73.7,76.0,74.85,0.030728122912491614
2026-08-03,8,3000.0,CALL,1.0238912043240427,0.20470658822708948,0.17504917542002268,8.8,9.5,9.15,0.07650273224043708
2026-08-03,8,3005.0,CALL,1.0255976896645826,0.1846292981558049,0.17288111570408896,7.6,8.3,7.95,0.08805031446540894
2026-08-03,8,3010.0,CALL,1.0273041750051228,0.16596393095964454,0.17191852777483235,6.6,7.2,6.9,0.0869565217391305
2026-08-03,8,3015.0,CALL,1.0290106603456628,0.14844811031276203,0.17175384964741858,5.6,6.3,5.949999999999999,0.11764705882352945
2026-08-03,8,3020.0,CALL,1.030717145686203,0.13215301981230235,0.1695054147541495,4.8,5.4,5.1,0.11764705882352952
2026-08-03,8,3025.0,CALL,1.032423631026743,0.11755827674799074,0.16736771821496135,4.1,4.7,4.4,0.13636363636363646
2026-08-03,8,3030.0,CALL,1.0341301163672831,0.10344331723860206,0.16583212381850454,3.5,4.0,3.75,0.13333333333333333
2026-08-03,8,3035.0,CALL,1.035836601707823,0.09132624317088756,0.1657701306452407,2.95,3.5,3.225,0.17054263565891467
2026-08-03,8,3040.0,CALL,1.0375430870483633,0.0792001697155511,0.165708510448501,2.45,2.95,2.7,0.18518518518518517
2026-08-03,8,3045.0,CALL,1.0392495723889033,0.06943688513800662,0.1649911188734794,2.05,2.55,2.3,0.2173913043478261
2026-08-03,8,3050.0,CALL,1.0409560577294434,0.0604564378654641,0.1631440064583659,1.7,2.2,1.9500000000000002,0.2564102564102565
2026-08-03,8,3055.0,CALL,1.0426625430699834,0.05238937326592244,0.16230699414470307,1.4,1.9,1.65,0.30303030303030304
2026-08-03,8,3060.0,CALL,1.0443690284105234,0.04482101142090685,0.16197231989781688,1.15,1.6,1.375,0.3272727272727274
2026-08-03,8,3065.0,CALL,1.0460755137510636,0.039018744211041706,0.16312607687091507,0.95,1.4,1.1749999999999998,0.3829787234042553
2026-08-03,8,3070.0,CALL,1.0477819990916035,0.03390214532938529,0.16464209038150743,0.8,1.2,1.0,0.3999999999999999
2026-08-03,8,3075.0,CALL,1.0494884844321437,0.029391758193909948,0.1631611818464277,0.65,1.05,0.8500000000000001,0.47058823529411764
2026-08-03,8,3080.0,CALL,1.0511949697726837,0.025465468888411946,0.16267263698392942,0.55,0.9,0.7250000000000001,0.4827586206896551
2026-08-03,8,3085.0,CALL,1.0529014551132239,0.02219997743530619,0.16316631659639025,0.45,0.8,0.625,0.56
2026-08-03,8,3090.0,CALL,1.0546079404537638,0.01964766402153757,0.1646345824375654,0.4,0.7,0.55,0.5454545454545453
2026-08-03,8,3095.0,CALL,1.056314425794304,0.016438055533332083,0.16512027112424807,0.3,0.6,0.44999999999999996,0.6666666666666667
2026-08-03,8,3100.0,CALL,1.058020911134844,0.014676431091867802,0.167550645522587,0.25,0.55,0.4,0.7500000000000001
2026-08-03,8,3105.0,CALL,1.0597273964753842,0.012961107553066146,0.1688876240245062,0.2,0.5,0.35,0.8571428571428572
2026-08-03,8,3110.0,CALL,1.0614338818159241,0.011245267763204472,0.1682136863585592,0.15,0.45,0.3,1.0000000000000002
2026-08-03,8,3115.0,CALL,1.0631403671564643,0.009515623840716811,0.16754402407469243,0.1,0.4,0.25,1.2000000000000002
2026-08-03,8,3120.0,CALL,1.0648468524970043,0.0077721424898750625,0.16687863328401825,0.05,0.35,0.19999999999999998,1.5
2026-08-03,8,3125.0,CALL,1.0665533378375445,0.007614185837794936,0.1707039383542566,0.05,0.35,0.19999999999999998,1.5
2026-08-03,8,3130.0,CALL,1.0682598231780844,0.006689566942859272,0.17227410544661725,0.0,0.75,0.375,2.0
2026-08-03,8,3135.0,CALL,1.0699663085186246,0.006560163962297847,0.17608252306657282,0.0,0.3,0.15,2.0
2026-08-03,8,3140.0,CALL,1.0716727938591646,0.006436437102736105,0.1798836323704579,0.0,0.3,0.15,2.0
2026-08-03,8,3145.0,CALL,1.0733792791997048,0.006318019746708274,0.18367753342944687,0.0,0.25,0.125,2.0
2026-08-03,8,3165.0,CALL,1.080205220561865,0.005891149763457572,0.19878288171743277,0.0,0.25,0.125,2.0
2026-08-03,8,3170.0,CALL,1.081911705902405,0.0057947487410699135,0.2025419826322611,0.0,0.25,0.125,2.0
2026-08-03,8,3175.0,CALL,1.083618191242945,0.0057020238722795095,0.20629440215819536,0.0,0.25,0.125,2.0
2026-08-03,8,3185.0,CALL,1.0870311619240252,0.005526755029930294,0.21377931220996793,0.0,0.2,0.1,2.0
2026-08-03,8,3190.0,CALL,1.0887376472645653,0.004801579858650811,0.21525495252788707,0.0,0.2,0.1,2.0
2026-08-03,8,3375.0,PUT,1.151877604864548,-0.9999999999963819,0.001041262588940651,434.2,442.1,438.15,0.01803035490128959
2026-08-04,9,2520.0,PUT,0.8600686116321958,-0.009442308234287192,0.40891282195138867,0.5,0.8,0.65,0.46153846153846156
2026-08-04,9,2525.0,PUT,0.8617750969727359,-0.00954372486727062,0.4044133697955756,0.5,0.8,0.65,0.46153846153846156
2026-08-04,9,2540.0,PUT,0.8668945529943561,-0.011012549506134653,0.39976670549082766,0.6,0.9,0.75,0.4000000000000001
2026-08-04,9,2555.0,PUT,0.8720140090159763,-0.011968410490651208,0.3869123355718701,0.65,0.95,0.8,0.3749999999999999
2026-08-04,9,2650.0,PUT,0.9044372304862377,-0.026760532063879787,0.3323125214096223,1.5,1.85,1.675,0.20895522388059706
2026-08-04,9,2650.0,CALL,0.9044372304862377,0.9377168516674363,0.420826603457748,280.5,295.9,288.2,0.053435114503816716
2026-08-04,9,2670.0,PUT,0.9112631718483979,-0.032473650621164675,0.31976239554174213,1.85,2.2,2.0250000000000004,0.17283950617283952
2026-08-04,9,2695.0,PUT,0.9197955985510983,-0.04195389116274328,0.30487307952868836,2.4,2.8,2.5999999999999996,0.15384615384615383
2026-08-04,9,2715.0,PUT,0.9266215399132586,-0.05150662423596559,0.2956244263424046,2.95,3.4,3.175,0.14173228346456684
2026-08-04,9,2720.0,PUT,0.9283280252537986,-0.054330273186376024,0.2940126414583356,3.1,3.6,3.35,0.14925373134328357
2026-08-04,9,2740.0,PUT,0.935153966615959,-0.06754161765375237,0.28651577838407194,3.9,4.5,4.2,0.14285714285714288
2026-08-04,9,2745.0,PUT,0.936860451956499,-0.0713943748261929,0.2833309382310281,4.2,4.7,4.45,0.11235955056179775
2026-08-04,9,2750.0,PUT,0.9385669372970391,-0.07533430765989162,0.2801550349782852,4.4,5.0,4.7,0.127659574468085
2026-08-04,9,2755.0,PUT,0.9402734226375792,-0.07987377488361315,0.27761616177546705,4.7,5.3,5.0,0.11999999999999993
2026-08-04,9,2760.0,PUT,0.9419799079781193,-0.08449663036957107,0.2750848900791285,5.0,5.6,5.3,0.11320754716981125
2026-08-04,9,2765.0,PUT,0.9436863933186593,-0.0892048143887596,0.272561268170561,5.3,5.9,5.6,0.10714285714285725
2026-08-04,9,2770.0,PUT,0.9453928786591993,-0.09448962436088269,0.27067092391293984,5.7,6.2,5.95,0.08403361344537814
2026-08-04,9,2775.0,PUT,0.9470993639997394,-0.0998482491736162,0.26878663785229406,6.0,6.6,6.3,0.09523809523809519
2026-08-04,9,2780.0,PUT,0.9488058493402795,-0.10575083831156726,0.26753215350503373,6.4,7.0,6.7,0.08955223880597009
2026-08-04,9,2790.0,PUT,0.9522188200213596,-0.11772197414227953,0.26503588142432727,7.2,7.8,7.5,0.07999999999999995
2026-08-04,9,2795.0,PUT,0.9539253053618997,-0.12465534260594485,0.26440507402350133,7.7,8.3,8.0,0.07500000000000007
2026-08-04,9,2800.0,PUT,0.9556317907024398,-0.13170724715391458,0.26108404961933124,8.2,8.8,8.5,0.07058823529411781
2026-08-04,9,2810.0,PUT,0.9590447613835199,-0.1467724493327594,0.2548849491444053,9.2,9.9,9.55,0.07329842931937183
2026-08-04,9,2815.0,PUT,0.96075124672406,-0.15518539603581638,0.25241764099798764,9.8,10.5,10.15,0.06896551724137924
2026-08-04,9,2820.0,PUT,0.9624577320646001,-0.1637636159135805,0.2499586064810938,10.4,11.1,10.75,0.06511627906976737
2026-08-04,9,2825.0,PUT,0.9641642174051401,-0.17289146173361156,0.24791829276859007,11.1,11.7,11.399999999999999,0.0526315789473684
2026-08-04,9,2830.0,PUT,0.9658707027456802,-0.18253656673399907,0.24629482102929606,11.8,12.4,12.100000000000001,0.0495867768595041
2026-08-04,9,2835.0,PUT,0.9675771880862203,-0.19266052953843021,0.24508617969404553,12.5,13.2,12.85,0.05447470817120617
2026-08-04,9,2840.0,PUT,0.9692836734267604,-0.20321943309549317,0.24429023718073586,13.3,14.0,13.65,0.05128205128205123
2026-08-04,9,2845.0,PUT,0.9709901587673004,-0.21384671073120945,0.243497299012002,14.1,14.8,14.45,0.04844290657439454
2026-08-04,9,2850.0,PUT,0.9726966441078405,-0.22524964122213587,0.24072966218128872,15.0,15.7,15.35,0.04560260586319214
2026-08-04,9,2855.0,PUT,0.9744031294483806,-0.2369760824295691,0.23730395572206311,15.9,16.6,16.25,0.043076923076923145
2026-08-04,9,2860.0,PUT,0.9761096147889207,-0.24904476029599096,0.23389032640775323,16.8,17.5,17.15,0.04081632653061221
2026-08-04,9,2865.0,PUT,0.9778161001294607,-0.26228139021237584,0.23141793568536104,17.8,18.6,18.200000000000003,0.04395604395604399
2026-08-04,9,2870.0,PUT,0.9795225854700008,-0.276056610428117,0.22926398501252873,18.9,19.7,19.299999999999997,0.04145077720207258
2026-08-04,9,2875.0,PUT,0.9812290708105409,-0.2903284420582331,0.22742689449108913,20.1,20.8,20.450000000000003,0.03422982885085571
2026-08-04,9,2880.0,PUT,0.982935556151081,-0.3050495729871583,0.22590499670727254,21.3,22.0,21.65,0.03233256351039258
2026-08-04,9,2885.0,PUT,0.9846420414916209,-0.32016786668082514,0.22469654611156648,22.5,23.3,22.9,0.03493449781659392
2026-08-04,9,2890.0,CALL,0.986348526832161,0.6597731445279528,0.2317464241968901,67.5,69.2,68.35,0.024871982443306555
2026-08-04,9,2890.0,PUT,0.986348526832161,-0.33598342118639046,0.22441307053197784,23.9,24.7,24.299999999999997,0.03292181069958851
2026-08-04,9,2900.0,CALL,0.9897614975132412,0.6277498041716053,0.22449847497586276,60.5,62.0,61.25,0.024489795918367346
2026-08-04,9,2905.0,CALL,0.9914679828537812,0.6109536043543171,0.22089586739293993,57.0,58.4,57.7,0.02426343154246098
2026-08-04,9,2910.0,PUT,0.9931744681943213,-0.4043776577203229,0.211897362804398,29.9,30.7,30.299999999999997,0.026402640264026427
2026-08-04,9,2915.0,CALL,0.9948809535348614,0.5748507560823387,0.21665663722334838,50.5,51.8,51.15,0.025415444770283426
2026-08-04,9,2915.0,PUT,0.9948809535348614,-0.42313763003347893,0.20968984662404822,31.6,32.4,32.0,0.02499999999999991
2026-08-04,9,2920.0,PUT,0.9965874388754015,-0.44240567044442886,0.20802230972879793,33.4,34.2,33.8,0.023668639053254566
2026-08-04,9,2925.0,PUT,0.9982939242159415,-0.4620449033401764,0.20689127549732567,35.3,36.1,35.7,0.022408963585434292
2026-08-04,9,2930.0,PUT,1.0000004095564816,-0.48189168289084694,0.20550064070404384,37.1,38.0,37.55,0.023968042609853493
2026-08-04,9,2935.0,PUT,1.0017068948970218,-0.5022666039002546,0.20189785318425973,39.3,40.1,39.7,0.020151133501259553
2026-08-04,9,2935.0,CALL,1.0017068948970218,0.4982455504537921,0.2086997680216009,38.4,39.3,38.849999999999994,0.023166023166023134
2026-08-04,9,2945.0,PUT,1.0051198655781017,-0.5452682283503815,0.19474450638468135,43.5,44.5,44.0,0.022727272727272728
2026-08-04,9,2955.0,CALL,1.0085328362591819,0.41379579025503443,0.19768284130172753,27.7,28.5,28.1,0.028469750889679738
2026-08-04,9,2960.0,CALL,1.010239321599722,0.39181683521275784,0.19593736991316835,25.2,26.0,25.6,0.03125000000000003
2026-08-04,9,2960.0,PUT,1.010239321599722,-0.6122448656973126,0.18960789525936422,50.9,52.1,51.5,0.023300970873786464
2026-08-04,9,2965.0,CALL,1.011945806940262,0.37020733655273264,0.19473795847050632,22.9,23.7,23.299999999999997,0.03433476394849789
2026-08-04,9,2965.0,PUT,1.011945806940262,-0.6346149108887162,0.18755255094657886,53.5,54.9,54.2,0.025830258302583
2026-08-04,9,2970.0,PUT,1.0136522922808022,-0.6576854187958006,0.1830858376064668,56.2,57.7,56.95,0.026338893766461806
2026-08-04,9,2970.0,CALL,1.0136522922808022,0.348324053195894,0.19051522406246596,20.7,21.5,21.1,0.03791469194312799
2026-08-04,9,2975.0,CALL,1.0153587776213422,0.32652951138752334,0.18749460063014028,18.7,19.5,19.1,0.04188481675392674
2026-08-04,9,2980.0,CALL,1.0170652629618824,0.3040244948056123,0.18449103087281343,16.7,17.5,17.1,0.04678362573099419
2026-08-04,9,2985.0,PUT,1.0187717483024223,-0.7282748326747545,0.1742330239509132,65.0,66.9,65.95,0.028809704321455732
2026-08-04,9,2985.0,CALL,1.0187717483024223,0.2821712849950036,0.18267597224738505,14.9,15.7,15.3,0.05228758169934633
2026-08-04,9,2990.0,CALL,1.0204782336429625,0.26103208677861084,0.181747016926662,13.3,14.0,13.65,0.05128205128205123
2026-08-04,9,2995.0,CALL,1.0221847189835025,0.24049767234031508,0.18072687701347656,11.7,12.5,12.1,0.0661157024793389
2026-08-04,9,3000.0,PUT,1.0238912043240427,-0.7952147087499111,0.16519040372283314,75.2,77.2,76.2,0.026246719160104987
2026-08-04,9,3000.0,CALL,1.0238912043240427,0.22063934099556037,0.17713996160215625,10.3,11.1,10.7,0.07476635514018683
2026-08-04,9,3005.0,CALL,1.0255976896645826,0.20152231656469702,0.174710175240708,9.1,9.8,9.45,0.0740740740740742
2026-08-04,9,3015.0,CALL,1.0290106603456628,0.16472206710627882,0.17177376796621002,6.9,7.5,7.2,0.08333333333333329
2026-08-04,9,3020.0,PUT,1.030717145686203,-0.8942646546649453,0.14230211366610518,87.6,93.5,90.55,0.06515737161789073
2026-08-04,9,3020.0,CALL,1.030717145686203,0.14811535323368463,0.17162879720767943,5.9,6.6,6.25,0.11199999999999989
2026-08-04,9,3030.0,CALL,1.0341301163672831,0.11882804498825456,0.1673390612599995,4.4,5.0,4.7,0.127659574468085
2026-08-04,9,3035.0,CALL,1.035836601707823,0.1054682317693759,0.16589936651432616,3.7,4.4,4.050000000000001,0.17283950617283952
2026-08-04,9,3040.0,CALL,1.0375430870483633,0.09357362812573071,0.16557523207802843,3.2,3.8,3.5,0.17142857142857132
2026-08-04,9,3045.0,CALL,1.0392495723889033,0.08251435909661543,0.1658045098519993,2.7,3.3,3.0,0.19999999999999987
2026-08-04,9,3050.0,CALL,1.0409560577294434,0.07238272329992777,0.16559354230255843,2.3,2.8,2.55,0.19607843137254904
2026-08-04,9,3055.0,CALL,1.0426625430699834,0.06393940242055073,0.16385736816330043,1.95,2.45,2.2,0.22727272727272735
2026-08-04,9,3060.0,CALL,1.0443690284105234,0.05531551280181082,0.16213377434862486,1.6,2.1,1.85,0.27027027027027023
2026-08-04,9,3065.0,CALL,1.0460755137510636,0.04868328647521326,0.16229928448121736,1.35,1.85,1.6,0.3125
2026-08-04,9,3070.0,CALL,1.0477819990916035,0.04261917932128536,0.1629319425164934,1.15,1.6,1.375,0.3272727272727274
2026-08-04,9,3075.0,CALL,1.0494884844321437,0.036601640236420416,0.16356107412911633,0.95,1.35,1.15,0.3478260869565219
2026-08-04,9,3080.0,CALL,1.0511949697726837,0.03234598346702763,0.16405524499261653,0.8,1.2,1.0,0.3999999999999999
2026-08-04,9,3085.0,CALL,1.0529014551132239,0.02804461249877731,0.16267419003888392,0.65,1.05,0.8500000000000001,0.47058823529411764
2026-08-04,9,3090.0,CALL,1.0546079404537638,0.024309979283778666,0.16222731871648577,0.55,0.9,0.7250000000000001,0.4827586206896551
2026-08-04,9,3095.0,CALL,1.056314425794304,0.021210843100139907,0.16270509645240883,0.45,0.8,0.625,0.56
2026-08-04,9,3100.0,CALL,1.058020911134844,0.01879388537766147,0.16410037127351837,0.4,0.7,0.55,0.5454545454545453
2026-08-04,9,3105.0,CALL,1.0597273964753842,0.016417491650418274,0.16548913304539392,0.3,0.65,0.475,0.736842105263158
2026-08-04,9,3110.0,CALL,1.0614338818159241,0.014080379411469205,0.1668715291812646,0.25,0.55,0.4,0.7500000000000001
2026-08-04,9,3115.0,CALL,1.0631403671564643,0.012444717878257398,0.1670104765189981,0.2,0.5,0.35,0.8571428571428572
2026-08-04,9,3130.0,CALL,1.0682598231780844,0.007470019862213782,0.16516901008858229,0.05,0.35,0.19999999999999998,1.5
2026-08-04,9,3135.0,CALL,1.0699663085186246,0.0073256574620903896,0.16878234059638755,0.05,0.35,0.19999999999999998,1.5
2026-08-04,9,3140.0,CALL,1.0716727938591646,0.006442162093998626,0.1702747140277722,0.0,0.3,0.15,2.0
2026-08-04,9,3150.0,CALL,1.0750857645402447,0.006209948596959709,0.17746265961399907,0.0,0.3,0.15,2.0
2026-08-04,9,3155.0,CALL,1.076792249880785,0.006101014242688316,0.18104644408674758,0.0,0.5,0.25,2.0
2026-08-04,9,3165.0,CALL,1.080205220561865,0.005896068235267913,0.1881940543510636,0.0,0.25,0.125,2.0
2026-08-04,9,3175.0,CALL,1.083618191242945,0.006366659447215797,0.1974386551022951,0.0,0.25,0.125,2.0
2026-08-04,9,3195.0,CALL,1.0904441326051053,0.0053681426378059255,0.20948236317605157,0.0,0.25,0.125,2.0
2026-08-05,10,2505.0,PUT,0.8549491556105756,-0.010226086070563722,0.41283153275375534,0.6,0.9,0.75,0.4000000000000001
2026-08-05,10,2650.0,PUT,0.9044372304862377,-0.03199175918166457,0.3286023399560659,1.95,2.35,2.15,0.18604651162790706
2026-08-05,10,2650.0,CALL,0.9044372304862377,0.9415146277677267,0.3908436161202984,277.9,298.0,287.95,0.06980378537940622
2026-08-05,10,2705.0,PUT,0.9232085692321784,-0.05372615093394475,0.30013650134477005,3.3,3.8,3.55,0.14084507042253522
2026-08-05,10,2715.0,PUT,0.9266215399132586,-0.059572551812929954,0.29808787634399847,3.7,4.2,3.95,0.12658227848101264
2026-08-05,10,2720.0,PUT,0.9283280252537986,-0.06252594188547407,0.29677467401646557,3.9,4.4,4.15,0.12048192771084347
2026-08-05,10,2750.0,PUT,0.9385669372970391,-0.08461919847196056,0.2785040521138972,5.4,5.9,5.65,0.08849557522123894
2026-08-05,10,2755.0,PUT,0.9402734226375792,-0.08951636483691044,0.27668579831061246,5.7,6.3,6.0,0.09999999999999994
2026-08-05,10,2760.0,PUT,0.9419799079781193,-0.09402012971236155,0.2742757654994213,6.0,6.6,6.3,0.09523809523809519
2026-08-05,10,2765.0,PUT,0.9436863933186593,-0.0995048803747729,0.2730665053568319,6.4,7.0,6.7,0.08955223880597009
2026-08-05,10,2770.0,PUT,0.9453928786591993,-0.10459818811034874,0.2712655082562057,6.8,7.3,7.05,0.07092198581560284
2026-08-05,10,2775.0,PUT,0.9470993639997394,-0.1101904682587613,0.2700652027115786,7.2,7.7,7.45,0.06711409395973154
2026-08-05,10,2780.0,PUT,0.9488058493402795,-0.11625146414235506,0.26946281911580633,7.6,8.2,7.8999999999999995,0.07594936708860756
2026-08-05,10,2785.0,PUT,0.9505123346808195,-0.12193244979924066,0.26826963588219327,8.0,8.6,8.3,0.07228915662650598
2026-08-05,10,2790.0,PUT,0.9522188200213596,-0.12851075141282972,0.2655603410729471,8.5,9.1,8.8,0.06818181818181814
2026-08-05,10,2795.0,PUT,0.9539253053618997,-0.1352463138098512,0.2623908713574304,9.0,9.6,9.3,0.06451612903225802
2026-08-05,10,2800.0,PUT,0.9556317907024398,-0.1421459195195328,0.2592311457603763,9.5,10.1,9.8,0.061224489795918324
2026-08-05,10,2805.0,PUT,0.9573382760429798,-0.1499825792354001,0.2568678023842699,10.1,10.7,10.399999999999999,0.05769230769230767
2026-08-05,10,2810.0,PUT,0.9590447613835199,-0.15796416824487908,0.25451226261365695,10.7,11.3,11.0,0.054545454545454675
2026-08-05,10,2815.0,PUT,0.96075124672406,-0.166094012489557,0.2521645878703092,11.3,11.9,11.600000000000001,0.05172413793103445
2026-08-05,10,2820.0,PUT,0.9624577320646001,-0.1747305198745926,0.2502163391953402,11.9,12.6,12.25,0.057142857142857086
2026-08-05,10,2825.0,PUT,0.9641642174051401,-0.18384449400587094,0.2486657256346442,12.6,13.3,12.95,0.05405405405405414
2026-08-05,10,2830.0,PUT,0.9658707027456802,-0.1937300499646292,0.24790098482391287,13.4,14.1,13.75,0.050909090909090855
2026-08-05,10,2835.0,PUT,0.9675771880862203,-0.20304727849800344,0.24636017811341893,14.1,14.8,14.45,0.04844290657439454
2026-08-05,10,2840.0,PUT,0.9692836734267604,-0.21338410822634202,0.24599130710644276,14.9,15.7,15.3,0.05228758169934633
2026-08-05,10,2845.0,PUT,0.9709901587673004,-0.22384053587237654,0.24303942692836028,15.8,16.5,16.15,0.04334365325077395
2026-08-05,10,2850.0,PUT,0.9726966441078405,-0.23488407505407075,0.23976976139163586,16.7,17.4,17.049999999999997,0.04105571847507328
2026-08-05,10,2855.0,PUT,0.9744031294483806,-0.24677105085560427,0.23710336535641788,17.7,18.4,18.049999999999997,0.03878116343490302
2026-08-05,10,2860.0,PUT,0.9761096147889207,-0.25867030638764,0.234151229902166,18.6,19.4,19.0,0.04210526315789459
2026-08-05,10,2865.0,PUT,0.9778161001294607,-0.27160461445556466,0.232094691400918,19.7,20.5,20.1,0.039800995024875656
2026-08-05,10,2870.0,PUT,0.9795225854700008,-0.28476884530120267,0.23004602169671237,20.8,21.6,21.200000000000003,0.0377358490566038
2026-08-05,10,2875.0,PUT,0.9812290708105409,-0.2985943108117188,0.2285929675186495,22.0,22.8,22.4,0.03571428571428575
2026-08-05,10,2880.0,CALL,0.982935556151081,0.6822640267118069,0.23511076913318824,77.1,79.0,78.05,0.02434336963484953
2026-08-05,10,2880.0,PUT,0.982935556151081,-0.31259520598652046,0.22714570021732225,23.2,24.0,23.6,0.03389830508474579
2026-08-05,10,2885.0,CALL,0.9846420414916209,0.6687153777973774,0.23333021561087605,73.4,75.0,74.2,0.02156334231805922
2026-08-05,10,2885.0,PUT,0.9846420414916209,-0.3271312149260516,0.22628961797328578,24.5,25.3,24.9,0.03212851405622493
2026-08-05,10,2890.0,PUT,0.986348526832161,-0.34211034021195197,0.22515725713007945,25.9,26.7,26.299999999999997,0.030418250950570373
2026-08-05,10,2895.0,CALL,0.9880550121727011,0.6388944985130995,0.2280775389279166,66.3,67.9,67.1,0.023845007451564957
2026-08-05,10,2895.0,PUT,0.9880550121727011,-0.3574583732624033,0.2214846519476233,27.3,28.1,27.700000000000003,0.0288808664259928
2026-08-05,10,2900.0,PUT,0.9897614975132412,-0.37358090821352186,0.21833595478785855,28.8,29.6,29.200000000000003,0.027397260273972626
2026-08-05,10,2900.0,CALL,0.9897614975132412,0.6232020991275251,0.22488906353346186,62.9,64.3,63.599999999999994,0.022012578616352182
2026-08-05,10,2905.0,PUT,0.9914679828537812,-0.3903956598856569,0.21570847624766407,30.4,31.2,30.799999999999997,0.025974025974026
2026-08-05,10,2910.0,PUT,0.9931744681943213,-0.407623016061221,0.21309213549757455,32.0,32.8,32.4,0.02469135802469127
2026-08-05,10,2915.0,PUT,0.9948809535348614,-0.42541927448779604,0.21099321128065188,33.7,34.5,34.1,0.023460410557184667
2026-08-05,10,2920.0,PUT,0.9965874388754015,-0.443721448858779,0.20966104032426885,35.5,36.4,35.95,0.025034770514603576
2026-08-05,10,2925.0,PUT,0.9982939242159415,-0.462255593174453,0.20833485635779825,37.4,38.2,37.8,0.021164021164021277
2026-08-05,10,2930.0,CALL,1.0000004095564816,0.5188115357429491,0.21457872721931612,43.8,44.8,44.3,0.022573363431151242
2026-08-05,10,2935.0,PUT,1.0017068948970218,-0.5002497201316966,0.2038365862259659,41.4,42.3,41.849999999999994,0.021505376344085992
2026-08-05,10,2940.0,CALL,1.0034133802375618,0.4808666743222226,0.2063989772556347,37.9,38.8,38.349999999999994,0.023468057366362417
2026-08-05,10,2950.0,CALL,1.006826350918642,0.4406465967342009,0.20053656179384752,32.4,33.3,32.849999999999994,0.027397260273972563
2026-08-05,10,2955.0,PUT,1.0085328362591819,-0.5826059203659157,0.19301874916382872,50.4,51.6,51.0,0.023529411764705938
2026-08-05,10,2960.0,CALL,1.010239321599722,0.3996350106228241,0.19745618220526812,27.5,28.3,27.9,0.028673835125448056
2026-08-05,10,2965.0,PUT,1.011945806940262,-0.6253716571514305,0.19028464979312734,55.4,56.8,56.099999999999994,0.02495543672014258
2026-08-05,10,2965.0,CALL,1.011945806940262,0.3787363978435704,0.1960509414075276,25.0,25.9,25.45,0.035363457760314285
2026-08-05,10,2970.0,CALL,1.0136522922808022,0.3580972813950539,0.19271251990904628,22.8,23.6,23.200000000000003,0.03448275862068968
2026-08-05,10,2975.0,PUT,1.0153587776213422,-0.6691924898040762,0.18194324376935425,60.8,62.4,61.599999999999994,0.025974025974026
2026-08-05,10,2975.0,CALL,1.0153587776213422,0.3372595322582235,0.18927401504607047,20.7,21.5,21.1,0.03791469194312799
2026-08-05,10,2980.0,CALL,1.0170652629618824,0.3162009886415438,0.18641455578211819,18.7,19.5,19.1,0.04188481675392674
2026-08-05,10,2985.0,PUT,1.0187717483024223,-0.713522449500116,0.17662616955241822,66.7,68.6,67.65,0.028085735402808443
2026-08-05,10,2985.0,CALL,1.0187717483024223,0.2951080642725624,0.18412936987538323,16.8,17.6,17.200000000000003,0.04651162790697678
2026-08-05,10,2990.0,PUT,1.0204782336429625,-0.7353862371460315,0.17496363490852884,69.9,71.8,70.85,0.02681721947776982
2026-08-05,10,2990.0,CALL,1.0204782336429625,0.2748594693919796,0.1829698755136942,15.1,15.9,15.5,0.0516129032258065
2026-08-05,10,2995.0,CALL,1.0221847189835025,0.2547281405271764,0.182094199230679,13.5,14.2,13.85,0.05054151624548731
2026-08-05,10,3005.0,CALL,1.0255976896645826,0.21646122857401956,0.1767735173508473,10.6,11.3,10.95,0.06392694063926951
2026-08-05,10,3015.0,CALL,1.0290106603456628,0.1804733556229933,0.1729070395767249,8.2,8.9,8.55,0.08187134502923989
2026-08-05,10,3020.0,CALL,1.030717145686203,0.16419896523724112,0.1724182568784927,7.2,7.9,7.550000000000001,0.09271523178807949
2026-08-05,10,3025.0,CALL,1.032423631026743,0.14783288619958995,0.1719323509044442,6.2,6.9,6.550000000000001,0.1068702290076336
2026-08-05,10,3030.0,CALL,1.0341301163672831,0.13378816584140418,0.170145261976741,5.4,6.1,5.75,0.12173913043478249
2026-08-05,10,3045.0,CALL,1.0392495723889033,0.09521413206636913,0.16553164115493013,3.4,4.1,3.75,0.1866666666666666
2026-08-05,10,3050.0,CALL,1.0409560577294434,0.08426091971554095,0.16549775277457912,2.95,3.5,3.225,0.17054263565891467
2026-08-05,10,3055.0,CALL,1.0426625430699834,0.07545661064082645,0.1667698941104634,2.55,3.1,2.825,0.19469026548672574
2026-08-05,10,3060.0,CALL,1.0443690284105234,0.06614583518100854,0.16398339664534506,2.15,2.65,2.4,0.20833333333333334
2026-08-05,10,3065.0,CALL,1.0460755137510636,0.05796305209435417,0.1623563538362687,1.8,2.3,2.05,0.24390243902439016
2026-08-05,10,3070.0,CALL,1.0477819990916035,0.051652344906062096,0.1625235070976655,1.55,2.05,1.7999999999999998,0.2777777777777777
2026-08-05,10,3075.0,CALL,1.0494884844321437,0.04483273357367528,0.16224516606658512,1.3,1.75,1.525,0.29508196721311475
2026-08-05,10,3080.0,CALL,1.0511949697726837,0.03960499714919618,0.16329820465104652,1.1,1.55,1.3250000000000002,0.3396226415094339
2026-08-05,10,3090.0,CALL,1.0546079404537638,0.030939621076732052,0.16392734440825416,0.8,1.2,1.0,0.3999999999999999
2026-08-05,10,3095.0,CALL,1.056314425794304,0.026828916375201864,0.162630521487065,0.65,1.05,0.8500000000000001,0.47058823529411764
2026-08-05,10,3100.0,CALL,1.058020911134844,0.023268060238316568,0.1622180693603787,0.55,0.9,0.7250000000000001,0.4827586206896551
2026-08-05,10,3105.0,CALL,1.0597273964753842,0.02031902785871504,0.16268100639166727,0.45,0.8,0.625,0.56
2026-08-05,10,3110.0,CALL,1.0614338818159241,0.018023677556615898,0.16401261816001156,0.4,0.7,0.55,0.5454545454545453
2026-08-05,10,3140.0,CALL,1.0716727938591646,0.008632493145406853,0.1680309323335267,0.1,0.4,0.25,1.2000000000000002
2026-08-05,10,3150.0,CALL,1.0750857645402447,0.006934352994932643,0.1708812820021239,0.05,0.35,0.19999999999999998,1.5
2026-08-05,10,3180.0,CALL,1.0853246765834852,0.008141471190562898,0.1973327149585481,0.0,0.25,0.125,2.0
2026-08-05,10,3200.0,CALL,1.0921506179456455,0.0052950751484104755,0.20275877427508732,0.0,0.25,0.125,2.0
2026-08-05,10,3240.0,CALL,1.105802500669966,0.004199984353505763,0.22462507811890392,0.0,0.2,0.1,2.0
2026-08-06,11,2720.0,PUT,0.9283280252537986,-0.07000581948411613,0.2933540383725349,4.7,5.2,4.95,0.10101010101010101
2026-08-06,11,2725.0,PUT,0.9300345105943387,-0.07300755300515056,0.2898460548111588,4.9,5.4,5.15,0.0970873786407767
2026-08-06,11,2730.0,PUT,0.9317409959348788,-0.0769884383036915,0.287499706691382,5.2,5.7,5.45,0.09174311926605504
2026-08-06,11,2735.0,PUT,0.9334474812754189,-0.08058664484252942,0.2845848347192253,5.4,6.0,5.7,0.10526315789473678
2026-08-06,11,2740.0,PUT,0.935153966615959,-0.08470383042847361,0.28225299606128956,5.7,6.3,6.0,0.09999999999999994
2026-08-06,11,2745.0,PUT,0.936860451956499,-0.08888911379005654,0.2799281143513745,6.0,6.6,6.3,0.09523809523809519
2026-08-06,11,2755.0,PUT,0.9402734226375792,-0.09832456213885314,0.27644434509850124,6.7,7.3,7.0,0.08571428571428566
2026-08-06,11,2760.0,PUT,0.9419799079781193,-0.10354880624466323,0.2752823028667462,7.1,7.7,7.4,0.08108108108108115
2026-08-06,11,2770.0,PUT,0.9453928786591993,-0.11412936512929439,0.2729697430519656,7.9,8.5,8.2,0.07317073170731704
2026-08-06,11,2775.0,PUT,0.9470993639997394,-0.11948635589766032,0.2718192310482966,8.3,8.9,8.600000000000001,0.06976744186046506
2026-08-06,11,2780.0,PUT,0.9488058493402795,-0.12528120017267297,0.26986263635669944,8.8,9.3,9.05,0.055248618784530384
2026-08-06,11,2785.0,PUT,0.9505123346808195,-0.13120832794329837,0.26643686718655474,9.2,9.8,9.5,0.06315789473684226
2026-08-06,11,2800.0,PUT,0.9556317907024398,-0.1517512603359121,0.25810538520459253,10.8,11.4,11.100000000000001,0.054054054054054015
2026-08-06,11,2805.0,PUT,0.9573382760429798,-0.15971891427289195,0.25622382914226083,11.4,12.1,11.75,0.05957446808510632
2026-08-06,11,2810.0,PUT,0.9590447613835199,-0.1678038383402628,0.25434866796264827,12.1,12.7,12.399999999999999,0.048387096774193526
2026-08-06,11,2815.0,PUT,0.96075124672406,-0.17600803325071265,0.2524799363900521,12.7,13.4,13.05,0.0536398467432951
2026-08-06,11,2820.0,PUT,0.9624577320646001,-0.18465642287170012,0.2509921580297556,13.4,14.1,13.75,0.050909090909090855
2026-08-06,11,2825.0,PUT,0.9641642174051401,-0.19371787968735824,0.2498835087235353,14.2,14.8,14.5,0.04137931034482768
2026-08-06,11,2835.0,PUT,0.9675771880862203,-0.21236672876147203,0.24805083223024138,15.7,16.4,16.049999999999997,0.043613707165109
2026-08-06,11,2840.0,PUT,0.9692836734267604,-0.22254591024605452,0.2456681242081523,16.6,17.3,16.950000000000003,0.04129793510324479
2026-08-06,11,2845.0,PUT,0.9709901587673004,-0.23298095176215328,0.2425330188993265,17.5,18.2,17.85,0.03921568627450976
2026-08-06,11,2850.0,PUT,0.9726966441078405,-0.24368830305342506,0.23940874848004706,18.4,19.1,18.75,0.03733333333333348
2026-08-06,11,2855.0,PUT,0.9744031294483806,-0.2554184379653788,0.23714480198389892,19.4,20.2,19.799999999999997,0.04040404040404045
2026-08-06,11,2860.0,PUT,0.9761096147889207,-0.2671391737130623,0.2346065929846377,20.4,21.2,20.799999999999997,0.0384615384615385
2026-08-06,11,2865.0,PUT,0.9778161001294607,-0.2795593256867188,0.23264205651969883,21.5,22.3,21.9,0.036529680365296836
2026-08-06,11,2870.0,PUT,0.9795225854700008,-0.29260537485167754,0.2312482487863429,22.7,23.5,23.1,0.03463203463203466
2026-08-06,11,2875.0,PUT,0.9812290708105409,-0.3058084168762958,0.22985992328825425,23.9,24.7,24.299999999999997,0.03292181069958851
2026-08-06,11,2880.0,PUT,0.982935556151081,-0.31934773816757733,0.22875762110555883,25.1,26.0,25.55,0.035225048923679
2026-08-06,11,2885.0,PUT,0.9846420414916209,-0.33301673504180074,0.2276597525327618,26.4,27.2,26.799999999999997,0.029850746268656747
2026-08-06,11,2900.0,PUT,0.9897614975132412,-0.37793555741663604,0.21939442004726276,30.8,31.7,31.25,0.028799999999999954
2026-08-06,11,2910.0,PUT,0.9931744681943213,-0.4104210502226297,0.21438406831296064,34.0,34.9,34.45,0.02612481857764872
2026-08-06,11,2915.0,CALL,0.9948809535348614,0.5710225265229028,0.21857839763675987,55.3,56.4,55.849999999999994,0.019695613249776214
2026-08-06,11,2920.0,CALL,0.9965874388754015,0.5541073360994003,0.21726512004783302,52.1,53.3,52.7,0.02277039848197335
2026-08-06,11,2925.0,CALL,0.9982939242159415,0.537036484713959,0.21547552798945824,48.9,50.0,49.45,0.022244691607684556
2026-08-06,11,2930.0,CALL,1.0000004095564816,0.5196438193404322,0.21561654950074988,46.1,47.1,46.6,0.02145922746781116
2026-08-06,11,2935.0,CALL,1.0017068948970218,0.501929843564078,0.2113362723508087,43.1,44.0,43.55,0.020665901262916158
2026-08-06,11,2945.0,CALL,1.0051198655781017,0.46474544714995303,0.20474465348873194,37.4,38.3,37.849999999999994,0.02377807133421397
2026-08-06,11,2950.0,CALL,1.006826350918642,0.4454931478322108,0.20218677729309986,34.7,35.6,35.150000000000006,0.025604551920341348
2026-08-06,11,2955.0,CALL,1.0085328362591819,0.42596311725006814,0.20011649842558477,32.1,33.0,32.55,0.027649769585253416
2026-08-06,11,2960.0,CALL,1.010239321599722,0.4062887733866883,0.19853037617889277,29.6,30.5,30.05,0.029950083194675493
2026-08-06,11,2965.0,CALL,1.011945806940262,0.3866094652459267,0.19742488890563922,27.2,28.1,27.65,0.032549728752260476
2026-08-06,11,2970.0,CALL,1.0136522922808022,0.36701298893800743,0.19537318955919883,24.9,25.8,25.35,0.03550295857988174
2026-08-06,11,2975.0,CALL,1.0153587776213422,0.34709097240902675,0.19154428722372221,22.7,23.6,23.15,0.03887688984881219
2026-08-06,11,2980.0,CALL,1.0170652629618824,0.3270926518320181,0.18854026193829554,20.7,21.5,21.1,0.03791469194312799
2026-08-06,11,2985.0,CALL,1.0187717483024223,0.30727730163999295,0.18635421656487108,18.8,19.6,19.200000000000003,0.0416666666666667
2026-08-06,11,2995.0,CALL,1.0221847189835025,0.26825823899214135,0.18361168967196614,15.3,16.1,15.700000000000001,0.0509554140127389
2026-08-06,11,3000.0,CALL,1.0238912043240427,0.24940643664076534,0.18304599839682895,13.7,14.5,14.1,0.056737588652482324
2026-08-06,11,3005.0,CALL,1.0255976896645826,0.2309893661554912,0.18003417943673158,12.2,13.0,12.6,0.06349206349206354
2026-08-06,11,3010.0,CALL,1.0273041750051228,0.2135523369273994,0.17748805387717256,10.9,11.7,11.3,0.07079646017699105
2026-08-06,11,3025.0,CALL,1.032423631026743,0.1631947345575334,0.17300872119095564,7.5,8.2,7.85,0.0891719745222929
2026-08-06,11,3030.0,CALL,1.0341301163672831,0.14875720086867442,0.1732302503960554,6.6,7.3,6.949999999999999,0.1007194244604317
2026-08-06,11,3035.0,CALL,1.035836601707823,0.13544524507457928,0.17171462455930403,5.8,6.5,6.15,0.11382113821138214
2026-08-06,11,3040.0,CALL,1.0375430870483633,0.12172233419424984,0.16889348100901655,5.0,5.7,5.35,0.13084112149532715
2026-08-06,11,3045.0,CALL,1.0392495723889033,0.10969103908424298,0.16760188444613613,4.4,5.0,4.7,0.127659574468085
2026-08-06,11,3050.0,CALL,1.0409560577294434,0.09822605286215393,0.1668201968433228,3.8,4.4,4.1,0.14634146341463428
2026-08-06,11,3055.0,CALL,1.0426625430699834,0.08822086662050081,0.16704320151362892,3.3,3.9,3.5999999999999996,0.1666666666666667
2026-08-06,11,3060.0,CALL,1.0443690284105234,0.07864523750497908,0.16751425820199684,2.85,3.4,3.125,0.17599999999999993
2026-08-06,11,3070.0,CALL,1.0477819990916035,0.062186684097995354,0.16457884745595824,2.1,2.6,2.35,0.2127659574468085
2026-08-06,11,3080.0,CALL,1.0511949697726837,0.04834428229416355,0.1632051142188219,1.5,2.0,1.75,0.2857142857142857
2026-08-06,11,3085.0,CALL,1.0529014551132239,0.04285125104293195,0.1637937862480115,1.3,1.75,1.525,0.29508196721311475
2026-08-06,11,3095.0,CALL,1.056314425794304,0.03406058930214286,0.166215253428533,0.95,1.4,1.1749999999999998,0.3829787234042553
2026-08-07,12,2100.0,PUT,0.7167238430268298,-0.0018252171196469354,0.6401459512194706,0.05,0.35,0.19999999999999998,1.5
2026-08-07,12,2195.0,PUT,0.7491470644970912,-0.0025013580415563824,0.5752781503529061,0.1,0.4,0.25,1.2000000000000002
2026-08-07,12,2200.0,PUT,0.7508535498376313,-0.0029302222549593003,0.5848987969511901,0.15,0.45,0.3,1.0000000000000002
2026-08-07,12,2205.0,PUT,0.7525600351781713,-0.002950384287902649,0.580843914709625,0.15,0.45,0.3,1.0000000000000002
2026-08-07,12,2210.0,PUT,0.7542665205187113,-0.0029707805432133464,0.5767985797261084,0.15,0.45,0.3,1.0000000000000002
2026-08-07,12,2230.0,PUT,0.7610924618808717,-0.003054792634486494,0.5607119406847759,0.15,0.45,0.3,1.0000000000000002
2026-08-07,12,2240.0,PUT,0.7645054325619518,-0.00351087771288677,0.5632847765972153,0.2,0.5,0.35,0.8571428571428572
2026-08-07,12,2250.0,PUT,0.767918403243032,-0.0035610874492809715,0.5544567321980737,0.2,0.5,0.35,0.8571428571428572
2026-08-07,12,2255.0,PUT,0.769624888583572,-0.0035866991254134024,0.550057678551738,0.2,0.5,0.35,0.8571428571428572
2026-08-07,12,2285.0,PUT,0.7798638006268125,-0.0041793147863409185,0.5287543314568155,0.25,0.55,0.4,0.7500000000000001
2026-08-07,12,2300.0,PUT,0.7849832566484327,-0.0047088909205117635,0.5206480492712973,0.3,0.6,0.44999999999999996,0.6666666666666667
2026-08-07,12,2315.0,PUT,0.7901027126700529,-0.004819755516865342,0.5077471335177265,0.3,0.6,0.44999999999999996,0.6666666666666667
2026-08-07,12,2325.0,PUT,0.793515683351133,-0.00533849221417377,0.5040394298833987,0.35,0.65,0.5,0.6000000000000001
2026-08-07,12,2340.0,PUT,0.7986351393727532,-0.005691503246564831,0.4936842289531924,0.4,0.65,0.525,0.47619047619047616
2026-08-07,12,2345.0,PUT,0.8003416247132933,-0.0059604700003790196,0.4918569047030404,0.4,0.7,0.55,0.5454545454545453
2026-08-07,12,2350.0,PUT,0.8020481100538334,-0.006009354164019587,0.48762419916674077,0.4,0.7,0.55,0.5454545454545453
2026-08-07,12,2370.0,PUT,0.8088740514159937,-0.006668580908054198,0.47558986229074196,0.45,0.75,0.6,0.5
2026-08-07,12,2380.0,PUT,0.8122870220970738,-0.0072362128394055465,0.47201116709738605,0.5,0.8,0.65,0.46153846153846156
2026-08-07,12,2385.0,PUT,0.8139935074376139,-0.007298029427885771,0.4678355326110989,0.5,0.8,0.65,0.46153846153846156
2026-08-07,12,2395.0,PUT,0.817406478118694,-0.00787971254418678,0.4642894644082635,0.55,0.85,0.7,0.4285714285714285
2026-08-07,12,2400.0,PUT,0.8191129634592341,-0.007948102912307239,0.4601374821274547,0.55,0.85,0.7,0.4285714285714285
2026-08-07,12,2410.0,PUT,0.8225259341403143,-0.008544312135153794,0.4566238340098257,0.6,0.9,0.75,0.4000000000000001
2026-08-07,12,2420.0,PUT,0.8259389048213944,-0.009149582025102842,0.45312805409406226,0.65,0.95,0.8,0.3749999999999999
2026-08-07,12,2425.0,PUT,0.8276453901619345,-0.009230851737391113,0.4490139515214427,0.65,0.95,0.8,0.3749999999999999
2026-08-07,12,2440.0,PUT,0.8327648461835546,-0.009940214717296957,0.44145951561593527,0.7,1.0,0.85,0.3529411764705883
2026-08-07,12,2445.0,CALL,0.8344713315240947,0.9533698604667425,0.6038578716272575,489.0,500.8,494.9,0.023843200646595297
2026-08-07,12,2445.0,PUT,0.8344713315240947,-0.0104815191209678,0.44176709389736507,0.75,1.05,0.9,0.33333333333333337
2026-08-07,12,2450.0,PUT,0.8361778168646348,-0.01057690056976777,0.43717179917975724,0.75,1.05,0.9,0.33333333333333337
2026-08-07,12,2455.0,PUT,0.8378843022051748,-0.01112760106609093,0.4346080484875121,0.8,1.1,0.9500000000000001,0.31578947368421056
2026-08-07,12,2460.0,PUT,0.8395907875457149,-0.01123114045627799,0.43003068753131585,0.8,1.1,0.9500000000000001,0.31578947368421056
2026-08-07,12,2465.0,PUT,0.841297272886255,-0.011794836309807682,0.42748136805935333,0.85,1.15,1.0,0.29999999999999993
2026-08-07,12,2470.0,PUT,0.8430037582267951,-0.012136674784095473,0.423930132066264,0.85,1.2,1.025,0.34146341463414637
2026-08-07,12,2475.0,PUT,0.8447102435673352,-0.012484154271531371,0.4203869493998565,0.9,1.2,1.05,0.28571428571428564
2026-08-07,12,2480.0,PUT,0.8464167289078752,-0.013068286582622877,0.4178581886604475,0.95,1.25,1.1,0.27272727272727276
2026-08-07,12,2485.0,PUT,0.8481232142484153,-0.013196538711356658,0.41332469949397554,0.95,1.25,1.1,0.27272727272727276
2026-08-07,12,2490.0,PUT,0.8498296995889554,-0.01379490312646187,0.41081028808050896,1.0,1.3,1.15,0.26086956521739135
2026-08-07,12,2495.0,PUT,0.8515361849294955,-0.014167389141265337,0.4072983651300671,1.0,1.35,1.175,0.29787234042553196
2026-08-07,12,2500.0,PUT,0.8532426702700355,-0.014546178604573431,0.4037944487025266,1.05,1.35,1.2000000000000002,0.25
2026-08-07,12,2505.0,PUT,0.8549491556105756,-0.015166888104316881,0.4013004987886764,1.1,1.4,1.25,0.23999999999999985
2026-08-07,12,2510.0,PUT,0.8566556409511157,-0.015559866246878959,0.3978117314660119,1.1,1.45,1.275,0.27450980392156854
2026-08-07,12,2520.0,PUT,0.8600686116321958,-0.016603891364381937,0.3918574265312226,1.2,1.5,1.35,0.22222222222222224
2026-08-07,12,2525.0,PUT,0.8617750969727359,-0.01725626616489513,0.38939002558648916,1.25,1.55,1.4,0.21428571428571433
2026-08-07,12,2530.0,PUT,0.863481582313276,-0.017916841067224788,0.3869287468570731,1.3,1.6,1.4500000000000002,0.20689655172413793
2026-08-07,12,2535.0,PUT,0.8651880676538161,-0.018585742643022013,0.3844735884385898,1.35,1.65,1.5,0.19999999999999987
2026-08-07,12,2540.0,PUT,0.8668945529943561,-0.019026050478938926,0.3810293506500314,1.35,1.7,1.525,0.2295081967213114
2026-08-07,12,2540.0,CALL,0.8668945529943561,0.9416991155094127,0.5147577628003287,394.8,406.4,400.6,0.028956565152271505
2026-08-07,12,2545.0,PUT,0.8686010383348961,-0.01994904449401251,0.3795816270338436,1.45,1.75,1.6,0.18750000000000003
2026-08-07,12,2550.0,PUT,0.8703075236754362,-0.020407119316873668,0.37615166703872954,1.45,1.8,1.625,0.21538461538461545
2026-08-07,12,2555.0,PUT,0.8720140090159763,-0.021110912595568018,0.37372200273515527,1.5,1.85,1.675,0.20895522388059706
2026-08-07,12,2560.0,PUT,0.8737204943565163,-0.022059756498584892,0.3722895642556573,1.6,1.9,1.75,0.17142857142857132
2026-08-07,12,2565.0,PUT,0.8754269796970564,-0.02254571834931723,0.36888103112413895,1.6,1.95,1.775,0.19718309859154923
2026-08-07,12,2570.0,PUT,0.8771334650375965,-0.02374642627615467,0.3684476448062911,1.7,2.05,1.875,0.1866666666666666
2026-08-07,12,2575.0,PUT,0.8788399503781366,-0.02448641631648393,0.3660404017346117,1.75,2.1,1.925,0.18181818181818185
2026-08-07,12,2575.0,CALL,0.8788399503781366,0.9566833038926246,0.4182579601635191,354.5,370.6,362.55,0.044407667907874836
2026-08-07,12,2580.0,PUT,0.8805464357186766,-0.025235959142034546,0.36363927967913334,1.8,2.15,1.975,0.17721518987341764
2026-08-07,12,2585.0,PUT,0.8822529210592167,-0.026226719742285277,0.3622298630122206,1.85,2.25,2.05,0.19512195121951217
2026-08-07,12,2590.0,PUT,0.8839594063997568,-0.027225083320845785,0.36082431243014595,1.95,2.3,2.125,0.16470588235294112
2026-08-07,12,2595.0,PUT,0.8856658917402969,-0.02800604635309411,0.3569639408475348,2.0,2.35,2.175,0.1609195402298851
2026-08-07,12,2600.0,PUT,0.8873723770808369,-0.029036092695679236,0.3534487384107811,2.05,2.45,2.25,0.17777777777777792
2026-08-07,12,2605.0,PUT,0.889078862421377,-0.03031854908599896,0.3504327108914131,2.15,2.55,2.3499999999999996,0.1702127659574468
2026-08-07,12,2605.0,CALL,0.889078862421377,0.9453779347206702,0.41070162210296446,324.4,343.1,333.75,0.056029962546816615
2026-08-07,12,2610.0,PUT,0.8907853477619171,-0.03139087178367498,0.34693364394121645,2.25,2.6,2.425,0.14432989690721654
2026-08-07,12,2615.0,PUT,0.8924918331024572,-0.03248471102961813,0.34344287011163216,2.3,2.7,2.5,0.16000000000000014
2026-08-07,12,2620.0,PUT,0.8941983184429972,-0.033834591589626546,0.3404500304289473,2.4,2.8,2.5999999999999996,0.15384615384615383
2026-08-07,12,2625.0,PUT,0.8959048037835373,-0.03520815532489649,0.33746464253873826,2.5,2.9,2.7,0.1481481481481481
2026-08-07,12,2630.0,PUT,0.8976112891240774,-0.03660594710937486,0.3344867221965347,2.6,3.0,2.8,0.14285714285714282
2026-08-07,12,2635.0,PUT,0.8993177744646175,-0.03849492764446774,0.3324926113855513,2.7,3.2,2.95,0.1694915254237288
2026-08-07,12,2640.0,PUT,0.9010242598051575,-0.03994291972516166,0.32952874545958705,2.8,3.3,3.05,0.1639344262295082
2026-08-07,12,2645.0,PUT,0.9027307451456976,-0.04164893646087428,0.32705955059280273,2.95,3.4,3.175,0.14173228346456684
2026-08-07,12,2645.0,CALL,0.9027307451456976,0.9177408419831827,0.4109384301044628,291.1,303.4,297.25,0.04137931034482743
2026-08-07,12,2650.0,PUT,0.9044372304862377,-0.04291715824317463,0.32362359012001213,3.0,3.5,3.25,0.15384615384615385
2026-08-07,12,2655.0,PUT,0.9061437158267778,-0.04536822933582332,0.32262687629656983,3.2,3.7,3.45,0.14492753623188406
2026-08-07,12,2660.0,PUT,0.9078502011673177,-0.04692281977790903,0.31969131256604694,3.3,3.8,3.55,0.14084507042253522
2026-08-07,12,2665.0,PUT,0.9095566865078578,-0.048962394425015966,0.3177334039789079,3.4,4.0,3.7,0.16216216216216217
2026-08-07,12,2670.0,PUT,0.9112631718483979,-0.051026932773158264,0.3157809941970554,3.6,4.1,3.8499999999999996,0.12987012987012977
2026-08-07,12,2675.0,PUT,0.912969657188938,-0.05356381156992654,0.3148016140496339,3.8,4.3,4.05,0.1234567901234568
2026-08-07,12,2680.0,PUT,0.914676142529478,-0.05567573760975694,0.3128590557213394,3.9,4.5,4.2,0.14285714285714288
2026-08-07,12,2680.0,CALL,0.914676142529478,0.9078413832783938,0.37461575874057473,256.7,268.6,262.65,0.04530744336569593
2026-08-07,12,2685.0,PUT,0.9163826278700181,-0.058250496768168396,0.3118869888588692,4.1,4.7,4.4,0.13636363636363646
2026-08-07,12,2685.0,CALL,0.9163826278700181,0.9026933664880858,0.3760319293197087,251.8,264.8,258.3,0.05032907471931862
2026-08-07,12,2690.0,PUT,0.9180891132105582,-0.06084114546968799,0.31091788904447776,4.3,4.9,4.6,0.1304347826086958
2026-08-07,12,2695.0,PUT,0.9197955985510983,-0.06345740057411653,0.3082780047874902,4.5,5.1,4.8,0.12499999999999993
2026-08-07,12,2700.0,PUT,0.9215020838916383,-0.06612981410940078,0.30486613305673227,4.7,5.3,5.0,0.11999999999999993
2026-08-07,12,2700.0,CALL,0.9215020838916383,0.895113358068505,0.36538134559934937,237.6,250.2,243.89999999999998,0.05166051660516603
2026-08-07,12,2705.0,PUT,0.9232085692321784,-0.06928832606488945,0.3020192069629281,5.0,5.5,5.25,0.09523809523809523
2026-08-07,12,2705.0,CALL,0.9232085692321784,0.8966937860545783,0.3541335341268044,232.5,244.3,238.4,0.04949664429530206
2026-08-07,12,2710.0,PUT,0.9249150545727185,-0.07250661644847689,0.2991800262311992,5.2,5.8,5.5,0.10909090909090903
2026-08-07,12,2710.0,CALL,0.9249150545727185,0.892790657609042,0.3528198377653417,228.0,239.6,233.8,0.04961505560307953
2026-08-07,12,2715.0,PUT,0.9266215399132586,-0.07578615711679189,0.2963486289468272,5.5,6.0,5.75,0.08695652173913043
2026-08-07,12,2715.0,CALL,0.9266215399132586,0.8897545227397995,0.3498598860305059,223.2,234.9,229.05,0.0510805500982319
2026-08-07,12,2720.0,PUT,0.9283280252537986,-0.07954705914255518,0.2940793205211,5.8,6.3,6.05,0.08264462809917356
2026-08-07,12,2720.0,CALL,0.9283280252537986,0.8851903777115468,0.3496541035862361,218.4,230.7,224.55,0.05477621910487634
2026-08-07,12,2725.0,PUT,0.9300345105943387,-0.08295141033661228,0.291263002516817,6.0,6.6,6.3,0.09523809523809519
2026-08-07,12,2725.0,CALL,0.9300345105943387,0.8809075441661062,0.34890047014359626,213.8,226.2,220.0,0.05636363636363626
2026-08-07,12,2730.0,PUT,0.9317409959348788,-0.08683376714815158,0.28900756365450325,6.3,6.9,6.6,0.090909090909091
2026-08-07,12,2730.0,CALL,0.9317409959348788,0.8707958974879058,0.35476555369170687,208.8,224.2,216.5,0.07113163972286364
2026-08-07,12,2735.0,PUT,0.9334474812754189,-0.09118305131387267,0.287310991540232,6.7,7.2,6.95,0.07194244604316546
2026-08-07,12,2735.0,CALL,0.9334474812754189,0.8859504318116137,0.32219913285244256,204.2,213.0,208.6,0.042186001917545596
2026-08-07,12,2740.0,PUT,0.935153966615959,-0.09558362382449727,0.2856196428102651,7.0,7.6,7.3,0.08219178082191776
2026-08-07,12,2740.0,CALL,0.935153966615959,0.8782253271330968,0.32696533851556875,199.5,209.6,204.55,0.049376680518210675
2026-08-07,12,2745.0,CALL,0.936860451956499,0.8772615534577879,0.3192102388896913,194.9,203.9,199.4,0.045135406218655964
2026-08-07,12,2745.0,PUT,0.936860451956499,-0.09964194284606359,0.28338282182985836,7.3,7.9,7.6,0.07894736842105271
2026-08-07,12,2750.0,CALL,0.9385669372970391,0.8688703313666912,0.3201536358069414,190.7,200.2,195.45,0.04860578152980302
2026-08-07,12,2750.0,PUT,0.9385669372970391,-0.10454134293047315,0.28225266855227155,7.7,8.3,8.0,0.07500000000000007
2026-08-07,12,2755.0,CALL,0.9402734226375792,0.8655351695201214,0.31490928410529634,185.8,195.5,190.65,0.05087857330186199
2026-08-07,12,2755.0,PUT,0.9402734226375792,-0.1094797631714789,0.2811261814635705,8.1,8.7,8.399999999999999,0.0714285714285714
2026-08-07,12,2760.0,CALL,0.9419799079781193,0.8636079089703395,0.3078589605335698,181.4,189.8,185.60000000000002,0.0452586206896552
2026-08-07,12,2760.0,PUT,0.9419799079781193,-0.11445748115896028,0.2800033618514124,8.5,9.1,8.8,0.06818181818181814
2026-08-07,12,2765.0,PUT,0.9436863933186593,-0.1194747757673587,0.27888421107762046,8.9,9.5,9.2,0.0652173913043478
2026-08-07,12,2765.0,CALL,0.9436863933186593,0.8603606296089554,0.30227790767885127,176.8,184.7,180.75,0.043706777316735695
2026-08-07,12,2770.0,PUT,0.9453928786591993,-0.12525648853478907,0.27724903637486153,9.4,10.0,9.7,0.06185567010309275
2026-08-07,12,2770.0,CALL,0.9453928786591993,0.8542416624730934,0.2999781452841094,172.4,180.3,176.35000000000002,0.0447972781400624
2026-08-07,12,2775.0,CALL,0.9470993639997394,0.8419445398701816,0.30529423801786326,168.3,177.7,173.0,0.054335260115606805
2026-08-07,12,2775.0,PUT,0.9470993639997394,-0.13079760091204717,0.27394020355649784,9.9,10.4,10.15,0.04926108374384236
2026-08-07,12,2780.0,PUT,0.9488058493402795,-0.13717081617998178,0.271368117255148,10.4,11.0,10.7,0.05607476635514016
2026-08-07,12,2780.0,CALL,0.9488058493402795,0.8405575047017882,0.29684687352455236,163.5,172.0,167.75,0.05067064083457526
2026-08-07,12,2785.0,PUT,0.9505123346808195,-0.14332270167695285,0.2684408827824563,10.9,11.5,11.2,0.05357142857142854
2026-08-07,12,2790.0,PUT,0.9522188200213596,-0.14994753061051638,0.26588518203290157,11.5,12.0,11.75,0.0425531914893617
2026-08-07,12,2795.0,PUT,0.9539253053618997,-0.15670012947301878,0.2633375292485996,12.0,12.6,12.3,0.048780487804878016
2026-08-07,12,2800.0,CALL,0.9556317907024398,0.8092330778972683,0.29495945541524077,146.6,155.7,151.14999999999998,0.06020509427720804
2026-08-07,12,2800.0,PUT,0.9556317907024398,-0.1642331108196691,0.2615211821885481,12.7,13.2,12.95,0.03861003861003861
2026-08-07,12,2805.0,PUT,0.9573382760429798,-0.17187077066049328,0.25971091228218907,13.3,13.9,13.600000000000001,0.0441176470588235
2026-08-07,12,2805.0,CALL,0.9573382760429798,0.8013397180906029,0.2944913868066714,142.0,152.0,147.0,0.06802721088435375
2026-08-07,12,2810.0,PUT,0.9590447613835199,-0.1799214195489879,0.2582672085277577,14.0,14.6,14.3,0.04195804195804193
2026-08-07,12,2810.0,CALL,0.9590447613835199,0.7999745386106195,0.2843374361938473,137.7,145.3,141.5,0.053710247349823485
2026-08-07,12,2815.0,PUT,0.96075124672406,-0.18806180432745062,0.2568284999694439,14.7,15.3,15.0,0.0400000000000001
2026-08-07,12,2815.0,CALL,0.96075124672406,0.792988815282276,0.2820956031567109,133.5,140.7,137.1,0.05251641137855572
2026-08-07,12,2820.0,PUT,0.9624577320646001,-0.19657941544176857,0.2557540730502631,15.4,16.1,15.75,0.044444444444444516
2026-08-07,12,2820.0,CALL,0.9624577320646001,0.7794262182270509,0.28757590454920473,129.2,139.0,134.1,0.07307979120059666
2026-08-07,12,2825.0,PUT,0.9641642174051401,-0.20516811889999917,0.2546834710320021,16.2,16.8,16.5,0.03636363636363645
2026-08-07,12,2825.0,CALL,0.9641642174051401,0.7846439769448796,0.26832128259288845,126.0,128.1,127.05,0.016528925619834666
2026-08-07,12,2830.0,PUT,0.9658707027456802,-0.21435567394647753,0.2542961697658537,17.0,17.7,17.35,0.04034582132564837
2026-08-07,12,2830.0,CALL,0.9658707027456802,0.7760673990222212,0.26468286339751296,121.8,123.9,122.85,0.017094017094017165
2026-08-07,12,2835.0,CALL,0.9675771880862203,0.7670170496725117,0.26132872023537407,117.6,119.8,118.69999999999999,0.018534119629317634
2026-08-07,12,2835.0,PUT,0.9675771880862203,-0.22393561509868493,0.25126440295195857,17.9,18.6,18.25,0.0383561643835618
2026-08-07,12,2840.0,CALL,0.9692836734267604,0.757732707140025,0.25798527174914004,113.5,115.6,114.55,0.0183326058489742
2026-08-07,12,2840.0,PUT,0.9692836734267604,-0.23374895065317255,0.2482427440130523,18.8,19.5,19.15,0.03655352480417751
2026-08-07,12,2845.0,PUT,0.9709901587673004,-0.2438031222784444,0.24523131787800032,19.7,20.4,20.049999999999997,0.03491271820448875
2026-08-07,12,2845.0,CALL,0.9709901587673004,0.7475420777868652,0.25546926362122047,109.5,111.6,110.55,0.018995929443690586
2026-08-07,12,2850.0,PUT,0.9726966441078405,-0.2545684009496361,0.24277454947558733,20.7,21.4,21.049999999999997,0.03325415676959617
2026-08-07,12,2850.0,CALL,0.9726966441078405,0.7373619322338104,0.25269000999963165,105.5,107.5,106.5,0.018779342723004695
2026-08-07,12,2855.0,PUT,0.9744031294483806,-0.26577311011426114,0.24059823683361545,21.7,22.5,22.1,0.036199095022624465
2026-08-07,12,2860.0,CALL,0.9761096147889207,0.7155477946039015,0.24824361918321522,97.6,99.6,98.6,0.02028397565922921
2026-08-07,12,2860.0,PUT,0.9761096147889207,-0.2773902601047485,0.2387010888396552,22.8,23.6,23.200000000000003,0.03448275862068968
2026-08-07,12,2865.0,CALL,0.9778161001294607,0.7041659641763673,0.24630265247866728,93.7,95.7,94.7,0.021119324181626188
2026-08-07,12,2865.0,PUT,0.9778161001294607,-0.2891921796741492,0.23681101284291123,23.9,24.7,24.299999999999997,0.03292181069958851
2026-08-07,12,2870.0,CALL,0.9795225854700008,0.6922648628664605,0.24490864043122712,89.9,91.9,90.9,0.022002200220022
2026-08-07,12,2870.0,PUT,0.9795225854700008,-0.30155181305094714,0.23546855236268163,25.1,25.9,25.5,0.03137254901960773
2026-08-07,12,2875.0,PUT,0.9812290708105409,-0.31422277171933305,0.23440100864439362,26.4,27.1,26.75,0.026168224299065526
2026-08-07,12,2875.0,CALL,0.9812290708105409,0.6800715398976277,0.24378926291890948,86.2,88.1,87.15,0.021801491681009654
2026-08-07,12,2880.0,PUT,0.982935556151081,-0.3270084369204636,0.23333764639502155,27.6,28.4,28.0,0.02857142857142847
2026-08-07,12,2880.0,CALL,0.982935556151081,0.6682020147750204,0.2418671353720416,82.5,84.0,83.25,0.018018018018018018
2026-08-07,12,2885.0,PUT,0.9846420414916209,-0.3403489674952359,0.23227096176715184,29.0,29.8,29.4,0.027210884353741523
2026-08-07,12,2890.0,CALL,0.986348526832161,0.6417869087288001,0.23673258048999993,75.4,76.9,76.15,0.01969796454366382
2026-08-07,12,2890.0,PUT,0.986348526832161,-0.3539842157861507,0.22888656238884658,30.4,31.2,30.799999999999997,0.025974025974026
2026-08-07,12,2895.0,CALL,0.9880550121727011,0.6279427459755398,0.2337856727383206,71.9,73.4,72.65,0.02064693737095664
2026-08-07,12,2895.0,PUT,0.9880550121727011,-0.3682640922387386,0.22598370147549715,31.9,32.7,32.3,0.024767801857585273
2026-08-07,12,2900.0,PUT,0.9897614975132412,-0.3829141517743046,0.22309233630215358,33.4,34.2,33.8,0.023668639053254566
2026-08-07,12,2900.0,CALL,0.9897614975132412,0.6137467844872253,0.23085001483032855,68.5,69.8,69.15,0.018799710773680364
2026-08-07,12,2905.0,PUT,0.9914679828537812,-0.3981263302996945,0.22067936731697088,35.0,35.8,35.4,0.022598870056497095
2026-08-07,12,2905.0,CALL,0.9914679828537812,0.5989379764812581,0.2286255374266356,65.2,66.4,65.80000000000001,0.01823708206686934
2026-08-07,12,2910.0,CALL,0.9931744681943213,0.583771820754429,0.22664272960802778,61.9,63.1,62.5,0.019200000000000047
2026-08-07,12,2910.0,PUT,0.9931744681943213,-0.41382063443591477,0.21874215019359294,36.7,37.5,37.1,0.02156334231805922
2026-08-07,12,2915.0,CALL,0.9948809535348614,0.5682871602812422,0.22490028619880237,58.7,59.8,59.25,0.01856540084388176
2026-08-07,12,2915.0,PUT,0.9948809535348614,-0.4297933087957341,0.21681312047806867,38.4,39.2,38.8,0.02061855670103104
2026-08-07,12,2920.0,PUT,0.9965874388754015,-0.4461716331619764,0.21558803668008447,40.2,41.1,40.650000000000006,0.022140221402213982
2026-08-07,12,2920.0,CALL,0.9965874388754015,0.5524888986479776,0.22362869836059282,55.6,56.6,56.1,0.017825311942959002
2026-08-07,12,2925.0,PUT,0.9982939242159415,-0.4627352803950856,0.2143682778081705,42.1,42.9,42.5,0.01882352941176464
2026-08-07,12,2925.0,CALL,0.9982939242159415,0.5365325397990576,0.2221310407030081,52.4,53.4,52.9,0.01890359168241966
2026-08-07,12,2930.0,PUT,1.0000004095564816,-0.47950145908689007,0.21384570234926725,44.1,44.9,44.5,0.017977528089887576
2026-08-07,12,2930.0,CALL,1.0000004095564816,0.5203415668662063,0.22179324174822362,49.5,50.4,49.95,0.01801801801801799
2026-08-07,12,2935.0,PUT,1.0017068948970218,-0.4966026616667572,0.21023312714562584,46.1,47.0,46.55,0.01933404940923735
2026-08-07,12,2940.0,PUT,1.0034133802375618,-0.5142669703784579,0.20686679302418517,48.2,49.1,48.650000000000006,0.018499486125385375
2026-08-07,12,2940.0,CALL,1.0034133802375618,0.48680506700320786,0.21449039430324127,43.6,44.5,44.05,0.02043132803632233
2026-08-07,12,2945.0,PUT,1.0051198655781017,-0.532405026115745,0.20397472142328263,50.4,51.3,50.849999999999994,0.017699115044247763
2026-08-07,12,2945.0,CALL,1.0051198655781017,0.46932274179194033,0.2115511962220297,40.8,41.7,41.25,0.021818181818181955
2026-08-07,12,2950.0,CALL,1.006826350918642,0.4514922859442913,0.20908298595362879,38.1,39.0,38.55,0.02334630350194549
2026-08-07,12,2950.0,PUT,1.006826350918642,-0.5510617888451347,0.20109646604740988,52.6,53.5,53.05,0.016965127238454263
2026-08-07,12,2955.0,CALL,1.0085328362591819,0.4332388417137829,0.20662621216456314,35.4,36.3,35.849999999999994,0.025104602510460216
2026-08-07,12,2955.0,PUT,1.0085328362591819,-0.5697652363271737,0.19937289786040596,55.0,56.0,55.5,0.018018018018018018
2026-08-07,12,2960.0,CALL,1.010239321599722,0.41500110036557397,0.20509179598307384,32.9,33.8,33.349999999999994,0.02698650674662665
2026-08-07,12,2960.0,PUT,1.010239321599722,-0.5889124800943887,0.19743023612955102,57.4,58.4,57.9,0.017271157167530225
2026-08-07,12,2965.0,CALL,1.011945806940262,0.3966245086924165,0.20379176573278912,30.5,31.3,30.9,0.02588996763754048
2026-08-07,12,2965.0,PUT,1.011945806940262,-0.6080053863343471,0.19617815460057347,59.9,61.0,60.45,0.01819685690653435
2026-08-07,12,2970.0,PUT,1.0136522922808022,-0.6270143221928782,0.19493902425262413,62.5,63.7,63.1,0.019017432646592756
2026-08-07,12,2970.0,CALL,1.0136522922808022,0.37832343428480586,0.20295108985540053,28.1,29.0,28.55,0.03152364273204899
2026-08-07,12,2975.0,PUT,1.0153587776213422,-0.6462343510427158,0.19104399339308445,65.1,66.6,65.85,0.022779043280182234
2026-08-07,12,2975.0,CALL,1.0153587776213422,0.360001846249287,0.1996326927375542,25.9,26.7,26.299999999999997,0.030418250950570373
2026-08-07,12,2980.0,CALL,1.0170652629618824,0.34157459850712324,0.19647277539696706,23.8,24.6,24.200000000000003,0.03305785123966945
2026-08-07,12,2980.0,PUT,1.0170652629618824,-0.6657992711426592,0.1876851200265412,67.9,69.5,68.7,0.02328966521106251
2026-08-07,12,2985.0,CALL,1.0187717483024223,0.3227820706492792,0.1935864646181622,21.7,22.6,22.15,0.04063205417607233
2026-08-07,12,2985.0,PUT,1.0187717483024223,-0.685559438878755,0.18485814786812096,70.8,72.5,71.65,0.023726448011165423
2026-08-07,12,2990.0,CALL,1.0204782336429625,0.3042124748588699,0.19148384559520315,19.8,20.7,20.25,0.04444444444444438
2026-08-07,12,2990.0,PUT,1.0204782336429625,-0.705066508604999,0.1828141314072725,73.8,75.7,74.75,0.025418060200668974
2026-08-07,12,2995.0,CALL,1.0221847189835025,0.2858121209538819,0.1899031396435574,18.1,18.8,18.450000000000003,0.037940379403793995
2026-08-07,12,2995.0,PUT,1.0221847189835025,-0.7246939012509941,0.18103664125070357,76.9,78.9,77.9,0.025673940949935813
2026-08-07,12,3000.0,CALL,1.0238912043240427,0.26804987040725486,0.18909464739515267,16.4,17.2,16.799999999999997,0.04761904761904767
2026-08-07,12,3000.0,PUT,1.0238912043240427,-0.7436675235968525,0.1800313394496014,80.2,82.2,81.2,0.02463054187192118
2026-08-07,12,3005.0,PUT,1.0255976896645826,-0.7625616542087613,0.17752595287733805,83.5,85.6,84.55,0.02483737433471312
2026-08-07,12,3005.0,CALL,1.0255976896645826,0.25047497864599694,0.1885442959916163,14.8,15.6,15.2,0.052631578947368356
2026-08-07,12,3010.0,CALL,1.0273041750051228,0.233347994224648,0.18583864892823132,13.3,14.1,13.7,0.058394160583941535
2026-08-07,12,3010.0,PUT,1.0273041750051228,-0.7806525140282249,0.1741497886505673,87.0,89.2,88.1,0.024971623155505142
2026-08-07,12,3015.0,PUT,1.0290106603456628,-0.7989908209924639,0.17112511396268718,90.6,92.8,91.69999999999999,0.02399127589967288
2026-08-07,12,3015.0,CALL,1.0290106603456628,0.21676436643306796,0.18305741111584298,12.0,12.7,12.35,0.05668016194331978
2026-08-07,12,3020.0,PUT,1.030717145686203,-0.826931202096539,0.1625706499059038,91.5,97.4,94.45,0.062466913710958236
2026-08-07,12,3020.0,CALL,1.030717145686203,0.20055552759821654,0.18095061385704928,10.7,11.5,11.1,0.07207207207207214
2026-08-07,12,3025.0,PUT,1.032423631026743,-0.845086224333177,0.16091284208731035,95.3,101.2,98.25,0.06005089058524179
2026-08-07,12,3025.0,CALL,1.032423631026743,0.18491578264052366,0.17951178126866824,9.6,10.3,9.95,0.07035175879396996
2026-08-07,12,3030.0,CALL,1.0341301163672831,0.16952973550695774,0.1784080415478101,8.5,9.2,8.85,0.07909604519774004
2026-08-07,12,3030.0,PUT,1.0341301163672831,-0.867026480329997,0.15460006696866335,98.1,105.5,101.8,0.07269155206286843
2026-08-07,12,3035.0,PUT,1.035836601707823,-0.8809023130541453,0.15251400231214743,103.0,109.1,106.05,0.05752003771805747
2026-08-07,12,3035.0,CALL,1.035836601707823,0.15555076117166455,0.1782876018465023,7.6,8.2,7.8999999999999995,0.07594936708860756
2026-08-07,12,3040.0,CALL,1.0375430870483633,0.14209828760720547,0.17781605019643879,6.7,7.3,7.0,0.08571428571428566
2026-08-07,12,3040.0,PUT,1.0375430870483633,-0.900715744017325,0.14709614637187823,104.0,115.9,109.95,0.10823101409731702
2026-08-07,12,3045.0,CALL,1.0392495723889033,0.12948826438993633,0.17509699994223887,5.9,6.5,6.2,0.09677419354838704
2026-08-07,12,3045.0,PUT,1.0392495723889033,-0.9401705492746982,0.1277303439106384,108.0,117.9,112.95,0.0876494023904383
2026-08-07,12,3050.0,PUT,1.0409560577294434,-0.9374648782740992,0.13538074557163762,112.5,123.8,118.15,0.0956411341515023
2026-08-07,12,3050.0,CALL,1.0409560577294434,0.11776790694946522,0.17336313762158004,5.2,5.8,5.5,0.10909090909090903
2026-08-07,12,3055.0,CALL,1.0426625430699834,0.10648943538370406,0.17212216911468997,4.6,5.1,4.85,0.10309278350515465
2026-08-07,12,3060.0,CALL,1.0443690284105234,0.09575896794948958,0.17136904838446967,4.0,4.5,4.25,0.11764705882352941
2026-08-07,12,3060.0,PUT,1.0443690284105234,-0.9724559519182836,0.11807335693163902,121.3,132.3,126.80000000000001,0.08675078864353322
2026-08-07,12,3065.0,CALL,1.0460755137510636,0.08714257029635143,0.1720564984057585,3.5,4.1,3.8,0.15789473684210517
2026-08-07,12,3065.0,PUT,1.0460755137510636,-0.9999228021965975,0.06576181136847711,125.4,136.8,131.10000000000002,0.08695652173913046
2026-08-07,12,3070.0,CALL,1.0477819990916035,0.07784152615246777,0.17226271916437833,3.0,3.6,3.3,0.18181818181818185
2026-08-07,12,3075.0,PUT,1.0494884844321437,-0.99999999999887,0.001256167867895285,134.0,144.8,139.4,0.07747489239598286
2026-08-07,12,3075.0,CALL,1.0494884844321437,0.0704310823646144,0.17139323936375062,2.65,3.2,2.925,0.18803418803418814
2026-08-07,12,3080.0,CALL,1.0511949697726837,0.06286729009711797,0.16949028185979026,2.3,2.8,2.55,0.19607843137254904
2026-08-07,12,3085.0,CALL,1.0529014551132239,0.0560100167778487,0.1684162668361014,2.0,2.45,2.225,0.20224719101123603
2026-08-07,12,3090.0,CALL,1.0546079404537638,0.049973592197891194,0.16816219283788048,1.7,2.2,1.9500000000000002,0.2564102564102565
2026-08-07,12,3095.0,CALL,1.056314425794304,0.0448491849107733,0.16872052229193396,1.5,1.95,1.725,0.26086956521739124
2026-08-07,12,3100.0,CALL,1.058020911134844,0.039758350543354956,0.16927591332429237,1.3,1.7,1.5,0.2666666666666666
2026-08-07,12,3105.0,CALL,1.0597273964753842,0.03566383538587255,0.17063598827636026,1.1,1.55,1.3250000000000002,0.3396226415094339
2026-08-07,12,3110.0,CALL,1.0614338818159241,0.031586757893028096,0.1694243385612697,0.95,1.35,1.15,0.3478260869565219
2026-08-07,12,3115.0,CALL,1.0631403671564643,0.02897259061063016,0.16984692066596768,0.85,1.25,1.05,0.38095238095238093
2026-08-07,12,3120.0,CALL,1.0648468524970043,0.025846657835855432,0.16946678695953774,0.75,1.1,0.925,0.37837837837837845
2026-08-07,12,3125.0,CALL,1.0665533378375445,0.022706702098155136,0.16908893692240765,0.65,0.95,0.8,0.3749999999999999
2026-08-07,12,3130.0,CALL,1.0682598231780844,0.02066094155004381,0.17030477956950313,0.55,0.9,0.7250000000000001,0.4827586206896551
2026-08-07,12,3135.0,CALL,1.0699663085186246,0.018087070474454025,0.17072051301923297,0.45,0.8,0.625,0.56
2026-08-07,12,3140.0,CALL,1.0716727938591646,0.016093063683688746,0.17192697244011715,0.4,0.7,0.55,0.5454545454545453
2026-08-07,12,3145.0,CALL,1.0733792791997048,0.014694024573050857,0.17392049134872686,0.35,0.65,0.5,0.6000000000000001
2026-08-07,12,3150.0,PUT,1.0750857645402447,-0.999999999997627,0.0012561678677671783,204.5,217.9,211.2,0.06344696969696972
2026-08-07,12,3150.0,CALL,1.0750857645402447,0.013323501184242697,0.17491902817751817,0.3,0.6,0.44999999999999996,0.6666666666666667
2026-08-07,12,3155.0,CALL,1.076792249880785,0.011951864811013542,0.1743885634485772,0.25,0.55,0.4,0.7500000000000001
2026-08-07,12,3160.0,CALL,1.078498735221325,0.010571843395201978,0.1738612328856483,0.2,0.5,0.35,0.8571428571428572
2026-08-07,12,3165.0,CALL,1.080205220561865,0.009183435240466978,0.1733370287234761,0.15,0.45,0.3,1.0000000000000002
2026-08-07,12,3170.0,CALL,1.081911705902405,0.008416976658031507,0.1746400569173378,0.1,0.45,0.275,1.2727272727272725
2026-08-07,12,3175.0,CALL,1.083618191242945,0.0076618668050006415,0.1759379504533365,0.1,0.4,0.25,1.2000000000000002
2026-08-07,12,3175.0,PUT,1.083618191242945,-0.9692484518114705,0.22711272391739112,233.7,251.2,242.45,0.07217983089296763
2026-08-07,12,3180.0,CALL,1.0853246765834852,0.006281127454569652,0.1754112487533079,0.05,0.35,0.19999999999999998,1.5
2026-08-07,12,3185.0,CALL,1.0870311619240252,0.006184450622373275,0.17851871024807475,0.05,0.35,0.19999999999999998,1.5
2026-08-07,12,3185.0,PUT,1.0870311619240252,-0.999999999998192,0.0012561678676729136,243.9,257.4,250.64999999999998,0.053859964093357166
2026-08-07,12,3190.0,CALL,1.0887376472645653,0.006091228307056545,0.18162041799495368,0.0,0.35,0.175,2.0
2026-08-07,12,3195.0,PUT,1.0904441326051053,-0.999999999996384,0.0012561678676585736,250.9,261.9,256.4,0.04290171606864264
2026-08-07,12,3195.0,CALL,1.0904441326051053,0.005381196988767941,0.18289654145428505,0.0,0.3,0.15,2.0
2026-08-07,12,3200.0,CALL,1.0921506179456455,0.0053036362977572325,0.18598577632189459,0.0,0.3,0.15,2.0
2026-08-07,12,3205.0,CALL,1.0938571032861855,0.005830526744109127,0.190891625340088,0.0,0.3,0.15,2.0
2026-08-07,12,3210.0,CALL,1.0955635886267256,0.005156338138410998,0.19214780127800857,0.0,0.3,0.15,2.0
2026-08-07,12,3215.0,CALL,1.0972700739672656,0.005086341905997245,0.1952206883706524,0.0,0.3,0.15,2.0
2026-08-07,12,3220.0,CALL,1.0989765593078058,0.005018622494537923,0.19828821957214568,0.0,0.25,0.125,2.0
2026-08-07,12,3225.0,CALL,1.1006830446483458,0.004953070645404733,0.20135043817519516,0.0,0.25,0.125,2.0
2026-08-07,12,3230.0,CALL,1.102389529988886,0.004889584011112955,0.2044073856657562,0.0,0.25,0.125,2.0
2026-08-07,12,3235.0,CALL,1.104096015329426,0.004828066615134167,0.20745910184653313,0.0,0.25,0.125,2.0
2026-08-07,12,3240.0,CALL,1.105802500669966,0.004768428361777072,0.21050562496677794,0.0,0.25,0.125,2.0
2026-08-07,12,3245.0,CALL,1.107508986010506,0.004710584509592699,0.21353691514785053,0.0,0.25,0.125,2.0
2026-08-07,12,3250.0,CALL,1.1092154713510463,0.004654370164690508,0.21625181468723412,0.0,0.25,0.125,2.0
2026-08-07,12,3255.0,PUT,1.1109219566915862,-0.999999999997514,0.0012561678675497411,308.0,325.4,316.7,0.05494158509630558
2026-08-07,12,3255.0,CALL,1.1109219566915862,0.004599643478125384,0.2189615026357482,0.0,0.25,0.125,2.0
2026-08-07,12,3260.0,CALL,1.1126284420321264,0.004006595587268555,0.21665036582564037,0.0,0.25,0.125,2.0
2026-08-07,12,3265.0,CALL,1.1143349273726664,0.003960022089703487,0.2193495423068579,0.0,0.25,0.125,2.0
2026-08-07,12,3270.0,CALL,1.1160414127132066,0.003914655893022247,0.22204374786465805,0.0,0.25,0.125,2.0
2026-08-07,12,3275.0,CALL,1.1177478980537465,0.003870450226955077,0.22473302899774936,0.0,0.25,0.125,2.0
2026-08-07,12,3280.0,CALL,1.1194543833942865,0.0038273607288641168,0.22741743045652665,0.0,0.25,0.125,2.0
2026-08-07,12,3285.0,CALL,1.1211608687348267,0.0037853452894634045,0.2300969953511412,0.0,0.25,0.125,2.0
2026-08-07,12,3290.0,CALL,1.1228673540753666,0.005217790083995482,0.2443571456335945,0.0,0.25,0.125,2.0
2026-08-07,12,3290.0,PUT,1.1228673540753666,-0.999999999998192,0.0012561678674985776,344.3,360.2,352.25,0.04513839602554997
2026-08-07,12,3295.0,CALL,1.1245738394159068,0.0046929026924162134,0.24548894910943964,0.0,0.2,0.1,2.0
2026-08-07,12,3300.0,CALL,1.1262803247564468,0.006021329143196182,0.2540080063602583,0.0,0.2,0.1,2.0
2026-08-07,12,3300.0,PUT,1.1262803247564468,-0.9999999999966099,0.001256167867484431,353.0,369.7,361.35,0.04621558046215577
2026-08-07,12,3305.0,CALL,1.127986810096987,0.00505884392996434,0.25331785092816556,0.0,0.2,0.1,2.0
2026-08-07,12,3310.0,CALL,1.129693295437527,0.0030786226381173797,0.23842389828141292,0.05,0.2,0.125,1.2000000000000002
2026-08-07,12,3315.0,CALL,1.1313997807780671,0.004507824447322868,0.2561182031503111,0.0,0.2,0.1,2.0
2026-08-14,19,2200.0,PUT,0.7508535498376313,-0.0054988803366770355,0.5062733751652008,0.5,0.8,0.65,0.46153846153846156
2026-08-14,19,2205.0,PUT,0.7525600351781713,-0.005710075091200369,0.5046544975394773,0.5,0.85,0.675,0.5185185185185185
2026-08-14,19,2210.0,PUT,0.7542665205187113,-0.0057494467177930525,0.5010261021260577,0.5,0.85,0.675,0.5185185185185185
2026-08-14,19,2250.0,PUT,0.767918403243032,-0.007155643211842817,0.4842911290388957,0.65,1.0,0.825,0.42424242424242425
2026-08-14,19,2260.0,PUT,0.7713313739241121,-0.007434633767193392,0.4791651957936831,0.65,1.05,0.8500000000000001,0.47058823529411764
2026-08-14,19,2285.0,PUT,0.7798638006268125,-0.008245876277786788,0.4674522832713569,0.75,1.1,0.925,0.37837837837837845
2026-08-14,19,2300.0,PUT,0.7849832566484327,-0.008962769232727348,0.4628648569426882,0.8,1.2,1.0,0.3999999999999999
2026-08-14,19,2305.0,PUT,0.7866897419889728,-0.009204812910477948,0.4613438359217231,0.85,1.2,1.025,0.34146341463414637
2026-08-14,19,2330.0,PUT,0.7952221686916731,-0.010265986982169802,0.45040936506658774,0.95,1.3,1.125,0.31111111111111117
2026-08-14,19,2350.0,PUT,0.8020481100538334,-0.011482088246090434,0.43912117828038344,1.05,1.45,1.25,0.31999999999999995
2026-08-14,19,2360.0,PUT,0.8054610807349135,-0.01202390251609381,0.433099718973521,1.1,1.5,1.3,0.3076923076923076
2026-08-14,19,2370.0,PUT,0.8088740514159937,-0.012580496312216305,0.4271066840588191,1.15,1.55,1.35,0.2962962962962964
2026-08-14,19,2395.0,PUT,0.817406478118694,-0.014407379719729455,0.41390874203736394,1.35,1.7,1.525,0.2295081967213114
2026-08-14,19,2400.0,PUT,0.8191129634592341,-0.014713079559019638,0.41095654514847574,1.35,1.75,1.55,0.2580645161290322
2026-08-14,19,2405.0,PUT,0.8208194487997742,-0.015207017451351902,0.4088402004213606,1.4,1.8,1.6,0.25000000000000006
2026-08-14,19,2435.0,PUT,0.8310583608430145,-0.01791089974471595,0.39460750545355155,1.65,2.05,1.8499999999999999,0.21621621621621617
2026-08-14,19,2440.0,PUT,0.8327648461835546,-0.018256574851074125,0.39170739252702524,1.7,2.05,1.875,0.1866666666666666
2026-08-14,19,2450.0,PUT,0.8361778168646348,-0.019149343069955086,0.386749520664104,1.75,2.15,1.95,0.2051282051282051
2026-08-14,19,2455.0,PUT,0.8378843022051748,-0.019697194925836024,0.3846901523254385,1.8,2.2,2.0,0.20000000000000007
2026-08-14,19,2460.0,PUT,0.8395907875457149,-0.020250800934788833,0.38263609793177905,1.85,2.25,2.05,0.19512195121951217
2026-08-14,19,2465.0,PUT,0.841297272886255,-0.02081023167917505,0.38058735234769214,1.9,2.3,2.0999999999999996,0.19047619047619047
2026-08-14,19,2470.0,PUT,0.8430037582267951,-0.0213755588064427,0.37854391069703275,1.95,2.35,2.15,0.18604651162790706
2026-08-14,19,2475.0,PUT,0.8447102435673352,-0.02213182299495976,0.37732282852041754,2.0,2.45,2.225,0.20224719101123603
2026-08-14,19,2480.0,PUT,0.8464167289078752,-0.022708963721644673,0.37528910654674724,2.05,2.5,2.275,0.19780219780219788
2026-08-14,19,2485.0,PUT,0.8481232142484153,-0.023475941297230195,0.37407583389016535,2.15,2.55,2.3499999999999996,0.1702127659574468
2026-08-14,19,2490.0,PUT,0.8498296995889554,-0.024065130116428565,0.3720518123310113,2.2,2.6,2.4000000000000004,0.1666666666666666
2026-08-14,19,2500.0,PUT,0.8532426702700355,-0.025444467978250708,0.36883198846640997,2.3,2.75,2.525,0.1782178217821783
2026-08-14,19,2505.0,PUT,0.8549491556105756,-0.026052322751455824,0.3668229240875667,2.35,2.8,2.575,0.17475728155339795
2026-08-14,19,2510.0,PUT,0.8566556409511157,-0.027029044211782316,0.3652651840225791,2.45,2.9,2.675,0.16822429906542047
2026-08-14,19,2515.0,PUT,0.8583621262916558,-0.027655480789175967,0.3619240998739647,2.5,2.95,2.725,0.16513761467889915
2026-08-14,19,2520.0,PUT,0.8600686116321958,-0.028657960502946146,0.3593998699684021,2.55,3.1,2.825,0.19469026548672574
2026-08-14,19,2525.0,PUT,0.8617750969727359,-0.029309417451520676,0.3560736181899195,2.65,3.1,2.875,0.15652173913043485
2026-08-14,19,2530.0,PUT,0.863481582313276,-0.030156557980180076,0.3531589741268614,2.7,3.2,2.95,0.1694915254237288
2026-08-14,19,2535.0,PUT,0.8651880676538161,-0.03120146025620337,0.3506548930136871,2.8,3.3,3.05,0.1639344262295082
2026-08-14,19,2540.0,PUT,0.8668945529943561,-0.03226121047350091,0.3481571433198028,2.9,3.4,3.15,0.15873015873015872
2026-08-14,19,2545.0,PUT,0.8686010383348961,-0.033151879534498344,0.34526301243598,2.95,3.5,3.225,0.17054263565891467
2026-08-14,19,2550.0,PUT,0.8703075236754362,-0.034057276873107466,0.34237596147736665,3.0,3.6,3.3,0.18181818181818185
2026-08-14,19,2555.0,PUT,0.8720140090159763,-0.0351630092477077,0.339898011309672,3.1,3.7,3.4000000000000004,0.17647058823529413
2026-08-14,19,2560.0,PUT,0.8737204943565163,-0.03628472609599487,0.3374264114953919,3.2,3.8,3.5,0.17142857142857132
2026-08-14,19,2565.0,PUT,0.8754269796970564,-0.03742271942217122,0.33496116813737975,3.3,3.9,3.5999999999999996,0.1666666666666667
2026-08-14,19,2570.0,PUT,0.8771334650375965,-0.0385772879527986,0.33250228800406967,3.4,4.0,3.7,0.16216216216216217
2026-08-14,19,2575.0,PUT,0.8788399503781366,-0.0397487373156164,0.3300497785449271,3.5,4.1,3.8,0.15789473684210517
2026-08-14,19,2580.0,PUT,0.8805464357186766,-0.04130690996458776,0.32840362233358306,3.7,4.2,3.95,0.12658227848101264
2026-08-14,19,2585.0,PUT,0.8822529210592167,-0.042880610564195634,0.3267621017343348,3.8,4.4,4.1,0.14634146341463428
2026-08-14,19,2590.0,PUT,0.8839594063997568,-0.0441043671009224,0.3243271649121414,3.9,4.5,4.2,0.14285714285714288
2026-08-14,19,2595.0,PUT,0.8856658917402969,-0.04534620276571296,0.3218986307260246,4.0,4.6,4.3,0.13953488372093015
2026-08-14,19,2600.0,PUT,0.8873723770808369,-0.04733504700322652,0.32106924665353,4.2,4.8,4.5,0.13333333333333325
2026-08-14,19,2605.0,PUT,0.889078862421377,-0.04861348348916641,0.3186519402884996,4.3,4.9,4.6,0.1304347826086958
2026-08-14,19,2610.0,PUT,0.8907853477619171,-0.05063081939389968,0.31782990765184505,4.5,5.1,4.8,0.12499999999999993
2026-08-14,19,2615.0,PUT,0.8924918331024572,-0.052303561867204064,0.3162172108666816,4.6,5.3,4.949999999999999,0.14141414141414146
2026-08-14,19,2620.0,PUT,0.8941983184429972,-0.0539931176792587,0.3146091659282237,4.8,5.4,5.1,0.11764705882352952
2026-08-14,19,2625.0,PUT,0.8959048037835373,-0.05604990909932835,0.31379700650979775,5.0,5.6,5.3,0.11320754716981125
2026-08-14,19,2630.0,PUT,0.8976112891240774,-0.05811720989184927,0.31298736791607246,5.2,5.8,5.5,0.10909090909090903
2026-08-14,19,2635.0,PUT,0.8993177744646175,-0.05985331790783612,0.31139131310902235,5.3,6.0,5.65,0.12389380530973454
2026-08-14,19,2640.0,PUT,0.9010242598051575,-0.06229714412826489,0.3093555653127429,5.6,6.2,5.9,0.10169491525423738
2026-08-14,19,2645.0,PUT,0.9027307451456976,-0.06443745488709952,0.3065498606582207,5.8,6.4,6.1,0.09836065573770501
2026-08-14,19,2650.0,CALL,0.9044372304862377,0.9044446916893978,0.3479839844247969,290.7,302.1,296.4,0.03846153846153858
2026-08-14,19,2650.0,PUT,0.9044372304862377,-0.06661689518877775,0.3037515306362912,6.0,6.6,6.3,0.09523809523809519
2026-08-14,19,2655.0,PUT,0.9061437158267778,-0.06917684988818426,0.301415536304948,6.2,6.9,6.550000000000001,0.1068702290076336
2026-08-14,19,2660.0,PUT,0.9078502011673177,-0.0714372528829655,0.2986315943029636,6.4,7.1,6.75,0.1037037037037036
2026-08-14,19,2665.0,PUT,0.9095566865078578,-0.07441660935806017,0.29676304054524033,6.7,7.4,7.050000000000001,0.09929078014184399
2026-08-14,19,2670.0,PUT,0.9112631718483979,-0.0770979695711342,0.29444658162627446,7.0,7.6,7.3,0.08219178082191776
2026-08-14,19,2675.0,PUT,0.912969657188938,-0.07982138455018033,0.29213667862860226,7.2,7.9,7.550000000000001,0.09271523178807949
2026-08-14,19,2680.0,PUT,0.914676142529478,-0.08292022054160329,0.29028572180752615,7.5,8.2,7.85,0.0891719745222929
2026-08-14,19,2685.0,PUT,0.9163826278700181,-0.0860584506983167,0.28844028859956045,7.8,8.5,8.15,0.08588957055214726
2026-08-14,19,2690.0,PUT,0.9180891132105582,-0.08923665683968278,0.286600393366787,8.1,8.8,8.45,0.08284023668639066
2026-08-14,19,2695.0,PUT,0.9197955985510983,-0.09310062816498887,0.28566719779755667,8.5,9.2,8.85,0.07909604519774004
2026-08-14,19,2700.0,PUT,0.9215020838916383,-0.09635462525181997,0.28383726705346224,8.8,9.5,9.15,0.07650273224043708
2026-08-14,19,2700.0,CALL,0.9215020838916383,0.8750951361744688,0.32732924288573545,243.1,256.3,249.7,0.05286343612334809
2026-08-14,19,2705.0,PUT,0.9232085692321784,-0.10027919267045142,0.28291152940149333,9.2,9.9,9.55,0.07329842931937183
2026-08-14,19,2710.0,PUT,0.9249150545727185,-0.10361065294198095,0.2810915957847534,9.5,10.2,9.85,0.07106598984771567
2026-08-14,19,2715.0,PUT,0.9266215399132586,-0.10759683736002974,0.28017332461689254,9.9,10.6,10.25,0.0682926829268292
2026-08-14,19,2720.0,PUT,0.9283280252537986,-0.11160888379064744,0.2792580969017436,10.3,11.0,10.65,0.06572769953051637
2026-08-14,19,2725.0,PUT,0.9300345105943387,-0.11564691653805491,0.27834591057847347,10.7,11.4,11.05,0.06334841628959285
2026-08-14,19,2730.0,PUT,0.9317409959348788,-0.12028777840600634,0.2779825424440755,11.2,11.9,11.55,0.0606060606060607
2026-08-14,19,2735.0,PUT,0.9334474812754189,-0.12440838006392575,0.2749867293061351,11.6,12.3,11.95,0.058577405857740676
2026-08-14,19,2740.0,PUT,0.935153966615959,-0.12918817473351357,0.272592626958679,12.1,12.8,12.45,0.05622489959839366
2026-08-14,19,2745.0,PUT,0.936860451956499,-0.1340522811370834,0.270205784478279,12.6,13.3,12.95,0.05405405405405414
2026-08-14,19,2750.0,PUT,0.9385669372970391,-0.13900256816397555,0.26782624542614597,13.1,13.8,13.45,0.052044609665427594
2026-08-14,19,2755.0,PUT,0.9402734226375792,-0.1445904126012195,0.2660448775360136,13.7,14.4,14.05,0.04982206405693958
2026-08-14,19,2760.0,PUT,0.9419799079781193,-0.14971256741069228,0.26367932370134456,14.2,14.9,14.55,0.048109965635738904
2026-08-14,19,2765.0,PUT,0.9436863933186593,-0.15546055934783673,0.26191041825630884,14.8,15.5,15.15,0.04620462046204616
2026-08-14,19,2770.0,PUT,0.9453928786591993,-0.16128610603467108,0.26014736281173395,15.4,16.1,15.75,0.044444444444444516
2026-08-14,19,2775.0,PUT,0.9470993639997394,-0.16744700476375654,0.2586838970212137,16.1,16.7,16.4,0.03658536585365841
2026-08-14,19,2780.0,PUT,0.9488058493402795,-0.1739278119464395,0.257518678018619,16.7,17.5,17.1,0.04678362573099419
2026-08-14,19,2785.0,PUT,0.9505123346808195,-0.18046697755863736,0.25635754354309925,17.4,18.2,17.799999999999997,0.04494382022471915
2026-08-14,19,2790.0,PUT,0.9522188200213596,-0.18706498531758065,0.2552004990066157,18.1,18.9,18.5,0.04324324324324309
2026-08-14,19,2790.0,CALL,0.9522188200213596,0.8016990406290381,0.2698210052445448,162.3,170.7,166.5,0.05045045045045032
2026-08-14,19,2795.0,PUT,0.9539253053618997,-0.1939531791303746,0.25433932908928714,18.9,19.6,19.25,0.036363636363636515
2026-08-14,19,2795.0,CALL,0.9539253053618997,0.7947732391294324,0.26945993950558483,157.9,166.8,162.35000000000002,0.05481983369263939
2026-08-14,19,2800.0,PUT,0.9556317907024398,-0.20111081033563366,0.2537725303039848,19.7,20.4,20.049999999999997,0.03491271820448875
2026-08-14,19,2800.0,CALL,0.9556317907024398,0.7862516430301592,0.27038012766539,153.7,163.5,158.6,0.061790668348045474
2026-08-14,19,2805.0,PUT,0.9573382760429798,-0.20830005361885204,0.25320781771903467,20.5,21.2,20.85,0.033573141486810516
2026-08-14,19,2810.0,PUT,0.9590447613835199,-0.2157610166298824,0.2513080769484524,21.3,22.1,21.700000000000003,0.036866359447004636
2026-08-14,19,2815.0,CALL,0.96075124672406,0.7725702928718113,0.25310052391149,142.9,145.3,144.10000000000002,0.01665510062456631
2026-08-14,19,2815.0,PUT,0.96075124672406,-0.22357967886255956,0.2488656386764766,22.2,23.0,22.6,0.0353982300884956
2026-08-14,19,2820.0,CALL,0.9624577320646001,0.7647302280209809,0.2506165710988701,138.8,141.2,140.0,0.01714285714285698
2026-08-14,19,2820.0,PUT,0.9624577320646001,-0.23155280765423727,0.24643149708472073,23.1,23.9,23.5,0.03404255319148924
2026-08-14,19,2825.0,PUT,0.9641642174051401,-0.23968423169567832,0.24400572808536058,24.0,24.8,24.4,0.03278688524590167
2026-08-14,19,2825.0,CALL,0.9641642174051401,0.7565463450201902,0.2483618487691061,134.8,137.1,135.95,0.016917984553144413
2026-08-14,19,2830.0,CALL,0.9658707027456802,0.7485781874396193,0.2456739524887756,130.7,132.9,131.8,0.016691957511381007
2026-08-14,19,2830.0,PUT,0.9658707027456802,-0.24854396019797717,0.2422503408710155,25.0,25.9,25.45,0.035363457760314285
2026-08-14,19,2835.0,PUT,0.9675771880862203,-0.25735084758598964,0.24028107727409223,26.0,26.9,26.45,0.03402646502835534
2026-08-14,19,2840.0,CALL,0.9692836734267604,0.7305787140379388,0.24230408044541396,122.8,125.1,123.94999999999999,0.01855586930213794
2026-08-14,19,2840.0,PUT,0.9692836734267604,-0.2666516558445757,0.23875876921729142,27.1,28.0,27.55,0.03266787658802173
2026-08-14,19,2845.0,PUT,0.9709901587673004,-0.276070952142708,0.23724216391776257,28.2,29.1,28.65,0.0314136125654451
2026-08-14,19,2850.0,PUT,0.9726966441078405,-0.2854509593600244,0.2355121737043658,29.3,30.1,29.700000000000003,0.026936026936026956
2026-08-14,19,2850.0,CALL,0.9726966441078405,0.7119223379104008,0.2391778741780593,115.1,117.2,116.15,0.018080068876452936
2026-08-14,19,2855.0,PUT,0.9744031294483806,-0.2955735819532117,0.23466358260603193,30.5,31.4,30.95,0.0290791599353796
2026-08-14,19,2860.0,PUT,0.9761096147889207,-0.30562690444098217,0.23360004039843454,31.7,32.6,32.15,0.027993779160186694
2026-08-14,19,2865.0,PUT,0.9778161001294607,-0.315904338547233,0.23275854074913344,32.9,33.9,33.4,0.029940119760479042
2026-08-14,19,2870.0,PUT,0.9795225854700008,-0.32637931759808614,0.23213782447033682,34.2,35.2,34.7,0.02881844380403458
2026-08-14,19,2875.0,PUT,0.9812290708105409,-0.33704619659947843,0.23064012327173763,35.6,36.5,36.05,0.024965325936199684
2026-08-14,19,2880.0,PUT,0.982935556151081,-0.3480556469147758,0.2279292493573606,37.0,37.9,37.45,0.024032042723631467
2026-08-14,19,2885.0,PUT,0.9846420414916209,-0.35942872767538775,0.2254181001675188,38.4,39.4,38.9,0.02570694087403599
2026-08-14,19,2890.0,PUT,0.986348526832161,-0.37114763116135036,0.22310575922526177,39.9,40.9,40.4,0.024752475247524754
2026-08-14,19,2895.0,PUT,0.9880550121727011,-0.38327327717965215,0.22117975288430677,41.5,42.5,42.0,0.023809523809523808
2026-08-14,19,2900.0,CALL,0.9897614975132412,0.6034194399867352,0.22185067659165983,79.3,80.7,80.0,0.01750000000000007
2026-08-14,19,2900.0,PUT,0.9897614975132412,-0.39561069650047287,0.21926170040500623,43.1,44.1,43.6,0.02293577981651376
2026-08-14,19,2905.0,PUT,0.9914679828537812,-0.4081641469592356,0.21735167422325288,44.7,45.7,45.2,0.022123893805309734
2026-08-14,19,2910.0,PUT,0.9931744681943213,-0.4210395919394295,0.21582442326978343,46.4,47.4,46.9,0.021321961620469083
2026-08-14,19,2915.0,CALL,0.9948809535348614,0.5651548980848522,0.21788763509643588,69.7,70.9,70.30000000000001,0.017069701280227632
2026-08-14,19,2915.0,PUT,0.9948809535348614,-0.43417610576942633,0.2146776239495949,48.2,49.2,48.7,0.02053388090349076
2026-08-14,19,2920.0,PUT,0.9965874388754015,-0.44750884887841735,0.213908879737132,50.1,51.1,50.6,0.019762845849802372
2026-08-14,19,2920.0,CALL,0.9965874388754015,0.5520470516089611,0.21688869689180906,66.6,67.7,67.15,0.01638123603871941
2026-08-14,19,2925.0,PUT,0.9982939242159415,-0.46091974377855555,0.21295739988893264,51.9,53.0,52.45,0.020972354623450932
2026-08-14,19,2925.0,CALL,0.9982939242159415,0.5388033258102909,0.2160801785653765,63.5,64.6,64.05,0.01717408274785315
2026-08-14,19,2930.0,PUT,1.0000004095564816,-0.4744597234330507,0.21238088877042585,53.9,54.9,54.4,0.01838235294117647
2026-08-14,19,2930.0,CALL,1.0000004095564816,0.5254518744788924,0.21564593180799405,60.5,61.6,61.05,0.018018018018018042
2026-08-14,19,2935.0,CALL,1.0017068948970218,0.5118782875782946,0.21254295685235658,57.5,58.6,58.05,0.01894918173987944
2026-08-14,19,2935.0,PUT,1.0017068948970218,-0.48824005089735406,0.2093217179337152,55.9,56.9,56.4,0.01773049645390071
2026-08-14,19,2940.0,PUT,1.0034133802375618,-0.5023891040770027,0.20664620654018898,58.0,59.0,58.5,0.017094017094017096
2026-08-14,19,2940.0,CALL,1.0034133802375618,0.4979419624280908,0.20982360123994565,54.6,55.7,55.150000000000006,0.019945602901178628
2026-08-14,19,2945.0,PUT,1.0051198655781017,-0.5168752952712304,0.20416757279617825,60.1,61.2,60.650000000000006,0.018136850783182213
2026-08-14,19,2945.0,CALL,1.0051198655781017,0.4836730343301627,0.20730110821155173,51.8,52.8,52.3,0.019120458891013385
2026-08-14,19,2950.0,CALL,1.006826350918642,0.4691449737185309,0.20515835352315817,49.0,50.1,49.55,0.022199798183652905
2026-08-14,19,2950.0,PUT,1.006826350918642,-0.5316228909701589,0.20206863793607768,62.3,63.5,62.9,0.019077901430842654
2026-08-14,19,2955.0,CALL,1.0085328362591819,0.45442988951505525,0.20339281887095872,46.4,47.4,46.9,0.021321961620469083
2026-08-14,19,2955.0,PUT,1.0085328362591819,-0.5466780403917209,0.19997982565703384,64.6,65.7,65.15,0.016884113584036967
2026-08-14,19,2960.0,CALL,1.010239321599722,0.439386378225161,0.2014526326365324,43.7,44.7,44.2,0.02262443438914027
2026-08-14,19,2960.0,PUT,1.010239321599722,-0.5618233731514668,0.19845037230767068,67.0,68.1,67.55,0.016284233900814127
2026-08-14,19,2965.0,CALL,1.011945806940262,0.4244016143240848,0.2002524027662307,41.2,42.2,41.7,0.023980815347721823
2026-08-14,19,2965.0,PUT,1.011945806940262,-0.5772016887843475,0.19692846133017233,69.3,70.6,69.94999999999999,0.018584703359542494
2026-08-14,19,2970.0,PUT,1.0136522922808022,-0.592400251891646,0.1961425665159775,71.9,73.2,72.55000000000001,0.01791867677463814
2026-08-14,19,2970.0,CALL,1.0136522922808022,0.4092381100637249,0.19905799547017017,38.7,39.7,39.2,0.02551020408163265
2026-08-14,19,2975.0,CALL,1.0153587776213422,0.3941245480002429,0.19823287344944007,36.3,37.3,36.8,0.027173913043478264
2026-08-14,19,2975.0,PUT,1.0153587776213422,-0.6077195834846307,0.1953605562655085,74.4,75.9,75.15,0.01996007984031936
2026-08-14,19,2980.0,PUT,1.0170652629618824,-0.6230379586884924,0.19414460836189543,77.1,78.5,77.8,0.017994858611825267
2026-08-14,19,2980.0,CALL,1.0170652629618824,0.3791438152085412,0.19758518329927385,34.0,35.0,34.5,0.028985507246376812
2026-08-14,19,2985.0,CALL,1.0187717483024223,0.3641366795563262,0.1946649342540964,31.8,32.8,32.3,0.030959752321981317
2026-08-14,19,2985.0,PUT,1.0187717483024223,-0.6381648352596849,0.19148162118937279,79.8,81.5,80.65,0.02107873527588348
2026-08-14,19,2990.0,PUT,1.0204782336429625,-0.6538885443891079,0.1886274534150822,82.5,84.4,83.45,0.022768124625524334
2026-08-14,19,2990.0,CALL,1.0204782336429625,0.34900407554966223,0.1921723784241772,29.7,30.7,30.2,0.033112582781456956
2026-08-14,19,2995.0,PUT,1.0221847189835025,-0.6697111458969666,0.18619984599141662,85.4,87.3,86.35,0.022003474232773497
2026-08-14,19,2995.0,CALL,1.0221847189835025,0.3336588556068928,0.1898987804204735,27.7,28.6,28.15,0.031971580817051586
2026-08-14,19,3000.0,CALL,1.0238912043240427,0.3183484515395883,0.18804722809356827,25.7,26.7,26.2,0.03816793893129771
2026-08-14,19,3000.0,PUT,1.0238912043240427,-0.6853181694284785,0.18439975073144416,88.4,90.4,89.4,0.022371364653243846
2026-08-14,19,3005.0,PUT,1.0255976896645826,-0.7010014700348426,0.1828138141235079,91.4,93.6,92.5,0.023783783783783662
2026-08-14,19,3005.0,CALL,1.0255976896645826,0.30317652210927865,0.18661418695141427,23.9,24.8,24.35,0.03696098562628345
2026-08-14,19,3010.0,PUT,1.0273041750051228,-0.7164606402268746,0.18164353613149567,94.6,96.8,95.69999999999999,0.022988505747126468
2026-08-14,19,3010.0,CALL,1.0273041750051228,0.28800998993185173,0.1853925793670584,22.1,23.0,22.55,0.03991130820399107
2026-08-14,19,3015.0,CALL,1.0290106603456628,0.2734105287512335,0.18478656856338838,20.4,21.4,20.9,0.04784688995215311
2026-08-14,19,3015.0,PUT,1.0290106603456628,-0.731321473016256,0.18108799969082576,97.9,100.2,99.05000000000001,0.023220595658758173
2026-08-14,19,3020.0,PUT,1.030717145686203,-0.7462725716631579,0.18053551622009617,101.2,103.6,102.4,0.023437499999999917
2026-08-14,19,3020.0,CALL,1.030717145686203,0.2589872057612926,0.18438621777625105,18.8,19.8,19.3,0.05181347150259067
2026-08-14,19,3025.0,CALL,1.032423631026743,0.24533681447093547,0.18363133377512203,17.4,18.3,17.85,0.050420168067227
2026-08-14,19,3025.0,PUT,1.032423631026743,-0.7611592906207252,0.17787331293610542,104.7,106.9,105.80000000000001,0.02079395085066165
2026-08-14,19,3030.0,CALL,1.0341301163672831,0.2310613789964568,0.18065985050680183,15.9,16.8,16.35,0.055045871559633044
2026-08-14,19,3030.0,PUT,1.0341301163672831,-0.7756125752732882,0.17523827190274108,108.2,110.5,109.35,0.02103337905807039
2026-08-14,19,3035.0,CALL,1.035836601707823,0.21766466449719843,0.1787556302316485,14.6,15.5,15.05,0.059800664451827266
2026-08-14,19,3040.0,PUT,1.0375430870483633,-0.8039215853135154,0.17132314066996135,115.5,117.9,116.7,0.02056555269922884
2026-08-14,19,3040.0,CALL,1.0375430870483633,0.2043404281835321,0.17712437010418008,13.4,14.2,13.8,0.05797101449275354
2026-08-14,19,3045.0,CALL,1.0392495723889033,0.19153328448454862,0.17602371170574213,12.2,13.1,12.649999999999999,0.07114624505928857
2026-08-14,19,3050.0,PUT,1.0409560577294434,-0.848252399884324,0.1592165547095359,117.0,127.9,122.45,0.08901592486729282
2026-08-14,19,3050.0,CALL,1.0409560577294434,0.1789676510263389,0.1751891115006661,11.1,12.0,11.55,0.07792207792207795
2026-08-14,19,3055.0,CALL,1.0426625430699834,0.16712331172244735,0.1748767565546326,10.1,11.0,10.55,0.08530805687203795
2026-08-14,19,3055.0,PUT,1.0426625430699834,-0.8582904983356527,0.15888868882995996,121.0,132.5,126.75,0.09072978303747535
2026-08-14,19,3060.0,PUT,1.0443690284105234,-0.8728225898810315,0.15461939670499417,125.0,136.3,130.65,0.08649062380405673
2026-08-14,19,3060.0,CALL,1.0443690284105234,0.15567356503997798,0.17482411528485192,9.2,10.0,9.6,0.08333333333333341
2026-08-14,19,3065.0,CALL,1.0460755137510636,0.14465525968593065,0.1742086731022918,8.3,9.1,8.7,0.09195402298850563
2026-08-14,19,3070.0,CALL,1.0477819990916035,0.13434517964914647,0.1720995758198789,7.5,8.3,7.9,0.10126582278481021
2026-08-14,19,3075.0,CALL,1.0494884844321437,0.12429249523838605,0.17038780869398615,6.8,7.5,7.15,0.09790209790209792
2026-08-14,19,3075.0,PUT,1.0494884844321437,-0.9130522135801991,0.14656582694056974,138.4,147.5,142.95,0.06365862189576772
2026-08-14,19,3080.0,CALL,1.0511949697726837,0.1145754275465559,0.16906891794928336,6.1,6.8,6.449999999999999,0.10852713178294578
2026-08-14,19,3085.0,CALL,1.0529014551132239,0.10526939319719328,0.16813860012114878,5.4,6.2,5.800000000000001,0.13793103448275856
2026-08-14,19,3090.0,CALL,1.0546079404537638,0.09702732663180959,0.167971350770908,4.9,5.6,5.25,0.1333333333333332
2026-08-14,19,3095.0,PUT,1.056314425794304,-0.9621014754188227,0.12970853766679488,155.6,164.9,160.25,0.05803432137285498
2026-08-14,19,3095.0,CALL,1.056314425794304,0.08936744755442066,0.16818263612677956,4.4,5.1,4.75,0.14736842105263143
2026-08-14,19,3100.0,PUT,1.058020911134844,-0.9656811891414749,0.1299959082791607,161.3,168.9,165.10000000000002,0.04603270745003024
2026-08-14,19,3100.0,CALL,1.058020911134844,0.0817265846569469,0.1683927461125469,3.9,4.6,4.25,0.16470588235294112
2026-08-14,19,3105.0,CALL,1.0597273964753842,0.07534582690400671,0.16841543837616252,3.5,4.2,3.85,0.18181818181818185
2026-08-14,19,3110.0,PUT,1.0614338818159241,-0.9999999999994889,0.0015626860999485577,168.9,177.9,173.4,0.05190311418685121
2026-08-14,19,3110.0,CALL,1.0614338818159241,0.06887324674455905,0.16663716286536018,3.1,3.8,3.45,0.20289855072463758
2026-08-14,19,3115.0,CALL,1.0631403671564643,0.06260840545036493,0.16519356353783457,2.75,3.4,3.075,0.21138211382113817
2026-08-14,19,3120.0,CALL,1.0648468524970043,0.05731355375914142,0.16472111397200595,2.45,3.1,2.7750000000000004,0.23423423423423417
2026-08-14,19,3125.0,CALL,1.0665533378375445,0.051988365806799275,0.16425165609933007,2.15,2.8,2.4749999999999996,0.26262626262626265
2026-08-14,19,3130.0,CALL,1.0682598231780844,0.047391374923620236,0.16442174825957726,1.95,2.5,2.225,0.24719101123595508
2026-08-14,19,3135.0,CALL,1.0699663085186246,0.04318930196096168,0.1649084389839863,1.7,2.3,2.0,0.29999999999999993
2026-08-14,19,3140.0,CALL,1.0716727938591646,0.039011718826735396,0.16539254870618636,1.5,2.05,1.775,0.3098591549295774
2026-08-14,19,3145.0,CALL,1.0733792791997048,0.035651783729200553,0.1663764661210372,1.35,1.85,1.6,0.3125
2026-08-14,19,3150.0,CALL,1.0750857645402447,0.032689146869340414,0.16549459103886954,1.2,1.7,1.45,0.3448275862068966
2026-08-14,19,3155.0,CALL,1.076792249880785,0.029694664207406202,0.16461873067423496,1.05,1.55,1.3,0.3846153846153846
2026-08-14,19,3160.0,CALL,1.078498735221325,0.02710349640343492,0.16437426767908708,0.95,1.4,1.1749999999999998,0.3829787234042553
2026-08-14,19,3165.0,CALL,1.080205220561865,0.024947181923106156,0.16475514678678982,0.85,1.3,1.075,0.4186046511627908
2026-08-14,19,3170.0,CALL,1.081911705902405,0.02280079693934548,0.16513399586957467,0.75,1.2,0.975,0.4615384615384615
2026-08-14,19,3175.0,CALL,1.083618191242945,0.020664194961160946,0.16551084037986225,0.65,1.1,0.875,0.5142857142857143
2026-08-14,19,3180.0,CALL,1.0853246765834852,0.01853723283282917,0.1658857052317638,0.6,0.95,0.7749999999999999,0.4516129032258065
2026-08-14,19,3185.0,CALL,1.0870311619240252,0.016886750512897147,0.16687700061807287,0.5,0.9,0.7,0.5714285714285715
2026-08-14,19,3190.0,CALL,1.0887376472645653,0.015722445569990796,0.1684819007592139,0.45,0.85,0.65,0.6153846153846153
2026-08-14,19,3195.0,CALL,1.0904441326051053,0.014579971966288924,0.17008117109234297,0.4,0.8,0.6000000000000001,0.6666666666666666
2026-08-14,19,3195.0,PUT,1.0904441326051053,-0.9999999999989773,0.0015622775578028008,247.3,263.5,255.4,0.06342991386061075
2026-08-14,19,3200.0,CALL,1.0921506179456455,0.012972674568289575,0.1686587994150061,0.35,0.7,0.5249999999999999,0.6666666666666667
2026-08-14,19,3200.0,PUT,1.0921506179456455,-0.9754370113331475,0.18794385725607957,254.7,275.1,264.9,0.07701019252548146
2026-08-14,19,3205.0,CALL,1.0938571032861855,0.011827779316383409,0.16829837396171113,0.3,0.65,0.475,0.736842105263158
2026-08-14,19,3210.0,CALL,1.0955635886267256,0.010677961501448464,0.16794013070233285,0.25,0.6,0.425,0.8235294117647058
2026-08-14,19,3215.0,CALL,1.0972700739672656,0.010033138994853297,0.1690061221121237,0.2,0.6,0.4,0.9999999999999999
2026-08-14,19,3220.0,CALL,1.0989765593078058,0.008884323819316451,0.16864755196189776,0.15,0.55,0.35000000000000003,1.1428571428571428
2026-08-14,19,3225.0,CALL,1.1006830446483458,0.008253424203001609,0.16970678208342616,0.15,0.5,0.325,1.0769230769230769
2026-08-14,19,3230.0,CALL,1.102389529988886,0.007105580228672091,0.16934790227469243,0.1,0.45,0.275,1.2727272727272725
2026-08-14,19,3235.0,CALL,1.104096015329426,0.0075330510631237795,0.17322777470904413,0.15,0.45,0.3,1.0000000000000002
2026-08-14,19,3240.0,CALL,1.105802500669966,0.00587841167767615,0.17144904637930705,0.05,0.4,0.225,1.5555555555555556
2026-08-14,19,3245.0,CALL,1.107508986010506,0.005806127236074782,0.17390247632889863,0.05,0.4,0.225,1.5555555555555556
2026-08-14,19,3250.0,CALL,1.1092154713510463,0.005735961724800601,0.17635149267821598,0.0,0.4,0.2,2.0
2026-08-14,19,3250.0,PUT,1.1092154713510463,-0.9999999999979555,0.0015626859868545508,301.9,315.1,308.5,0.04278768233387373
2026-08-14,19,3255.0,CALL,1.1109219566915862,0.005150872318954483,0.1773849706480028,0.0,0.35,0.175,2.0
2026-08-14,19,3260.0,CALL,1.1126284420321264,0.005091056118505196,0.17982431665407816,0.0,0.35,0.175,2.0
2026-08-14,19,3265.0,CALL,1.1143349273726664,0.005032874653548062,0.18225926067302262,0.0,0.35,0.175,2.0
2026-08-14,19,3270.0,CALL,1.1160414127132066,0.004976341671017783,0.18469006723956624,0.0,0.35,0.175,2.0
2026-08-14,19,3275.0,CALL,1.1177478980537465,0.00492136329317279,0.187116693988756,0.0,0.35,0.175,2.0
2026-08-14,19,3280.0,CALL,1.1194543833942865,0.004867818140360358,0.1893054154501933,0.0,0.35,0.175,2.0
2026-08-14,19,3285.0,CALL,1.1211608687348267,0.004815580084887028,0.19147541680209412,0.0,0.35,0.175,2.0
2026-08-14,19,3290.0,CALL,1.1228673540753666,0.004764600864851216,0.1936410829832579,0.0,0.3,0.15,2.0
2026-08-14,19,3295.0,CALL,1.1245738394159068,0.004714834801829693,0.19580246249940783,0.0,0.3,0.15,2.0
2026-08-14,19,3300.0,CALL,1.1262803247564468,0.004666238433374677,0.19795960203234197,0.0,0.3,0.15,2.0
2026-08-14,19,3305.0,CALL,1.127986810096987,0.004618770378518157,0.20011254653731528,0.0,0.3,0.15,2.0
2026-08-14,19,3310.0,CALL,1.129693295437527,0.004572391213057283,0.20226133934099882,0.0,0.3,0.15,2.0
2026-08-14,19,3315.0,CALL,1.1313997807780671,0.00405579474481276,0.20051849899472135,0.0,0.3,0.15,2.0
2026-08-21,26,1450.0,PUT,0.4948807487566206,-0.0006182050500161012,0.8637772189919325,0.0,0.25,0.125,2.0
2026-08-21,26,1500.0,PUT,0.5119456021620213,-0.0006474837670267153,0.8253113533773467,0.0,0.25,0.125,2.0
2026-08-21,26,1550.0,PUT,0.529010455567422,-0.0006784683821170514,0.7881470478202052,0.0,0.25,0.125,2.0
2026-08-21,26,1650.0,PUT,0.5631401623782234,-0.0009909640675102552,0.7342834933401537,0.0,0.3,0.15,2.0
2026-08-21,26,1700.0,PUT,0.5802050157836242,-0.0011662701509771987,0.7030642474640147,0.0,0.35,0.175,2.0
2026-08-21,26,1750.0,PUT,0.5972698691890249,-0.0012264277295215606,0.6674122939490867,0.0,0.4,0.2,2.0
2026-08-21,26,1800.0,PUT,0.6143347225944256,-0.001428087098799295,0.6380855494882122,0.05,0.4,0.225,1.5555555555555556
2026-08-21,26,1850.0,PUT,0.6313995759998263,-0.0017865796605807316,0.6148312753011742,0.1,0.45,0.275,1.2727272727272725
2026-08-21,26,1900.0,PUT,0.648464429405227,-0.0023105306428346612,0.5974078953826396,0.15,0.55,0.35000000000000003,1.1428571428571428
2026-08-21,26,1950.0,PUT,0.6655292828106277,-0.0027258554228506713,0.5753960203020897,0.2,0.6,0.4,0.9999999999999999
2026-08-21,26,2000.0,PUT,0.6825941362160284,-0.0033134402465238326,0.5543025471914569,0.3,0.65,0.475,0.736842105263158
2026-08-21,26,2050.0,PUT,0.6996589896214291,-0.00410347625429418,0.5276452349910203,0.4,0.75,0.575,0.6086956521739131
2026-08-21,26,2100.0,CALL,0.7167238430268298,0.981195996583175,0.6276679049115336,834.8,843.8,839.3,0.010723221732396045
2026-08-21,26,2100.0,PUT,0.7167238430268298,-0.0051232074359870775,0.503468227754423,0.5,0.9,0.7,0.5714285714285715
2026-08-21,26,2150.0,PUT,0.7337886964322305,-0.006240278073422714,0.47991786596181135,0.65,1.0,0.825,0.42424242424242425
2026-08-21,26,2200.0,PUT,0.7508535498376313,-0.007776648203948288,0.4604755523793517,0.8,1.2,1.0,0.3999999999999999
2026-08-21,26,2250.0,PUT,0.767918403243032,-0.009748203143972652,0.44500499927846776,1.05,1.4,1.225,0.2857142857142856
2026-08-21,26,2255.0,PUT,0.769624888583572,-0.010273445247647884,0.4437867705555271,1.1,1.5,1.3,0.3076923076923076
2026-08-21,26,2285.0,PUT,0.7798638006268125,-0.01134683610218086,0.42614536054010077,1.2,1.6,1.4,0.2857142857142858
2026-08-21,26,2300.0,PUT,0.7849832566484327,-0.012232718854345648,0.4188879959710332,1.3,1.7,1.5,0.2666666666666666
2026-08-21,26,2300.0,CALL,0.7849832566484327,0.9696640606652376,0.506158932004629,635.7,646.7,641.2,0.017155333749220212
2026-08-21,26,2310.0,PUT,0.7883962273295129,-0.01273408871039974,0.41359138336106455,1.35,1.75,1.55,0.2580645161290322
2026-08-21,26,2315.0,PUT,0.7901027126700529,-0.01362402285175608,0.41388078491763214,1.45,1.9,1.6749999999999998,0.26865671641791045
2026-08-21,26,2330.0,PUT,0.7952221686916731,-0.014096804585842348,0.4045359286946681,1.5,1.9,1.7,0.23529411764705876
2026-08-21,26,2345.0,PUT,0.8003416247132933,-0.015719424097066823,0.4003510878957446,1.7,2.1,1.9,0.21052631578947376
2026-08-21,26,2350.0,PUT,0.8020481100538334,-0.01552002296634766,0.3955720702454231,1.65,2.05,1.8499999999999999,0.21621621621621617
2026-08-21,26,2355.0,PUT,0.8037545953943734,-0.015966544172653696,0.3937085107901923,1.7,2.1,1.9,0.21052631578947376
2026-08-21,26,2360.0,PUT,0.8054610807349135,-0.01625532563073862,0.39112428321944737,1.7,2.15,1.9249999999999998,0.23376623376623376
2026-08-21,26,2375.0,PUT,0.8105805367565337,-0.01747051596156444,0.3848568023976037,1.85,2.25,2.05,0.19512195121951217
2026-08-21,26,2380.0,PUT,0.8122870220970738,-0.017938397261522552,0.3830193358657438,1.9,2.3,2.0999999999999996,0.19047619047619047
2026-08-21,26,2390.0,PUT,0.815699992778154,-0.018887399968039318,0.37935903722048425,2.0,2.4,2.2,0.18181818181818177
2026-08-21,26,2395.0,PUT,0.817406478118694,-0.0193686140824184,0.3775361909877149,2.05,2.45,2.25,0.17777777777777792
2026-08-21,26,2400.0,PUT,0.8191129634592341,-0.01985436615260904,0.37571820440125364,2.1,2.5,2.3,0.17391304347826084
2026-08-21,26,2405.0,PUT,0.8208194487997742,-0.02034470400888146,0.373905070901546,2.15,2.55,2.3499999999999996,0.1702127659574468
2026-08-21,26,2410.0,PUT,0.8225259341403143,-0.02083967608612148,0.37209678413233394,2.2,2.6,2.4000000000000004,0.1666666666666666
2026-08-21,26,2415.0,PUT,0.8242324194808544,-0.021339331431695092,0.3702933379357887,2.25,2.65,2.45,0.16326530612244894
2026-08-21,26,2420.0,PUT,0.8259389048213944,-0.0220051894384125,0.36921101330030226,2.3,2.75,2.525,0.1782178217821783
2026-08-21,26,2425.0,PUT,0.8276453901619345,-0.022352891228060244,0.36670094366133793,2.35,2.75,2.55,0.15686274509803919
2026-08-21,26,2430.0,PUT,0.8293518755024746,-0.023028050410974967,0.36562669707136425,2.4,2.85,2.625,0.17142857142857149
2026-08-21,26,2435.0,PUT,0.8310583608430145,-0.023546766993556206,0.3638417680614107,2.45,2.9,2.675,0.16822429906542047
2026-08-21,26,2440.0,PUT,0.8327648461835546,-0.024230556059586888,0.3627746475836304,2.5,3.0,2.75,0.18181818181818182
2026-08-21,26,2445.0,PUT,0.8344713315240947,-0.025860796288768265,0.3659681960215684,2.75,3.2,2.975,0.15126050420168072
2026-08-21,26,2450.0,PUT,0.8361778168646348,-0.025451531607262105,0.35993861720369813,2.65,3.1,2.875,0.15652173913043485
2026-08-21,26,2450.0,CALL,0.8361778168646348,0.9564418779321123,0.4067508280537825,487.3,498.0,492.65,0.021719273317771216
2026-08-21,26,2455.0,CALL,0.8378843022051748,0.9591900296495375,0.3944308928061969,482.0,492.1,487.05,0.02073709064777748
2026-08-21,26,2455.0,PUT,0.8378843022051748,-0.026148466301419124,0.3582917115179023,2.7,3.2,2.95,0.1694915254237288
2026-08-21,26,2460.0,PUT,0.8395907875457149,-0.02701302726040255,0.3560629163346512,2.8,3.3,3.05,0.1639344262295082
2026-08-21,26,2465.0,PUT,0.841297272886255,-0.027729453473796968,0.35348533041487545,2.85,3.4,3.125,0.17599999999999993
2026-08-21,26,2470.0,PUT,0.8430037582267951,-0.029407652213424125,0.3530388859117587,3.1,3.6,3.35,0.14925373134328357
2026-08-21,26,2470.0,CALL,0.8430037582267951,0.9570102152778338,0.3863884257776786,467.2,477.4,472.29999999999995,0.021596442938810058
2026-08-21,26,2475.0,PUT,0.8447102435673352,-0.02903324204027725,0.3479953869180094,3.0,3.5,3.25,0.15384615384615385
2026-08-21,26,2475.0,CALL,0.8447102435673352,0.9662917125693375,0.35862243650413816,455.7,475.5,465.6,0.04252577319587631
2026-08-21,26,2480.0,PUT,0.8464167289078752,-0.02961970602085884,0.3450836131520353,3.1,3.5,3.3,0.12121212121212119
2026-08-21,26,2485.0,PUT,0.8481232142484153,-0.03053912399090405,0.34288553469301547,3.1,3.7,3.4000000000000004,0.17647058823529413
2026-08-21,26,2490.0,PUT,0.8498296995889554,-0.03147024407529053,0.34069318186305847,3.2,3.8,3.5,0.17142857142857132
2026-08-21,26,2495.0,PUT,0.8515361849294955,-0.03208947122785771,0.3378012180850252,3.3,3.8,3.55,0.14084507042253522
2026-08-21,26,2500.0,PUT,0.8532426702700355,-0.033368321398387406,0.3363256555929941,3.4,4.0,3.7,0.16216216216216217
2026-08-21,26,2505.0,PUT,0.8549491556105756,-0.034335652916065204,0.3341504845146036,3.5,4.1,3.8,0.15789473684210517
2026-08-21,26,2510.0,PUT,0.8566556409511157,-0.035315435261863946,0.3319810438046709,3.6,4.2,3.9000000000000004,0.15384615384615385
2026-08-21,26,2510.0,CALL,0.8566556409511157,0.9454743474539454,0.3796128699182098,427.9,440.1,434.0,0.02811059907834112
2026-08-21,26,2515.0,CALL,0.8583621262916558,0.9529180729317669,0.35494700051860084,423.0,432.0,427.5,0.021052631578947368
2026-08-21,26,2515.0,PUT,0.8583621262916558,-0.03630786480248452,0.329817335789925,3.7,4.3,4.0,0.1499999999999999
2026-08-21,26,2520.0,PUT,0.8600686116321958,-0.03827800264092378,0.3297640322807167,4.0,4.5,4.25,0.11764705882352941
2026-08-21,26,2520.0,CALL,0.8600686116321958,0.9402705201059506,0.3830679973779383,418.1,431.7,424.9,0.03200753118380788
2026-08-21,26,2525.0,PUT,0.8617750969727359,-0.03800695789111786,0.3248059844638502,3.9,4.4,4.15,0.12048192771084347
2026-08-21,26,2525.0,CALL,0.8617750969727359,0.957770555382742,0.3341664849396586,406.8,426.3,416.55,0.04681310767014764
2026-08-21,26,2530.0,CALL,0.863481582313276,0.9437188780638412,0.3645178365909033,408.3,419.7,414.0,0.027536231884057915
2026-08-21,26,2530.0,PUT,0.863481582313276,-0.03903852231821045,0.32266019630004866,4.0,4.5,4.25,0.11764705882352941
2026-08-21,26,2535.0,PUT,0.8651880676538161,-0.040083589363877396,0.3205201564728483,4.1,4.6,4.35,0.1149425287356322
2026-08-21,26,2540.0,PUT,0.8668945529943561,-0.04178990059782285,0.3197837774186317,4.2,4.9,4.550000000000001,0.15384615384615385
2026-08-21,26,2545.0,PUT,0.8686010383348961,-0.042862478907737915,0.3176538326624399,4.4,4.9,4.65,0.1075268817204301
2026-08-21,26,2550.0,PUT,0.8703075236754362,-0.04394915754161076,0.3155296486683274,4.5,5.0,4.75,0.10526315789473684
2026-08-21,26,2550.0,CALL,0.8703075236754362,0.9390093688637581,0.35462595294532834,388.9,400.2,394.54999999999995,0.028640223038905115
2026-08-21,26,2555.0,PUT,0.8720140090159763,-0.04569116103450428,0.31480425390082534,4.6,5.3,4.949999999999999,0.14141414141414146
2026-08-21,26,2560.0,PUT,0.8737204943565163,-0.046806342394315414,0.31269017899507273,4.8,5.3,5.05,0.09900990099009901
2026-08-21,26,2565.0,PUT,0.8754269796970564,-0.04825412583666939,0.3112767249299219,4.9,5.5,5.2,0.11538461538461531
2026-08-21,26,2570.0,PUT,0.8771334650375965,-0.04971485992053703,0.3098674577805759,5.1,5.6,5.35,0.09345794392523366
2026-08-21,26,2575.0,PUT,0.8788399503781366,-0.05118866348558058,0.30846237753020217,5.2,5.8,5.5,0.10909090909090903
2026-08-21,26,2580.0,PUT,0.8805464357186766,-0.05298676027353033,0.3077535411377151,5.4,6.0,5.7,0.10526315789473678
2026-08-21,26,2585.0,PUT,0.8822529210592167,-0.055099433610105705,0.30773784872065607,5.6,6.3,5.949999999999999,0.11764705882352945
2026-08-21,26,2590.0,PUT,0.8839594063997568,-0.05630296536330439,0.3056526857101008,5.8,6.3,6.05,0.08264462809917356
2026-08-21,26,2595.0,PUT,0.8856658917402969,-0.057826372494111995,0.30426257897434894,5.9,6.5,6.2,0.09677419354838704
2026-08-21,26,2600.0,PUT,0.8873723770808369,-0.059665352922345045,0.30293261264146026,6.1,6.7,6.4,0.09375000000000008
2026-08-21,26,2600.0,CALL,0.8873723770808369,0.9266663675859488,0.32215212338694893,340.1,351.4,345.75,0.032682574114244266
2026-08-21,26,2605.0,PUT,0.889078862421377,-0.06183054185772088,0.30088425743846414,6.3,7.0,6.65,0.10526315789473686
2026-08-21,26,2610.0,PUT,0.8907853477619171,-0.06432450118221462,0.29923925220409503,6.6,7.3,6.949999999999999,0.1007194244604317
2026-08-21,26,2615.0,PUT,0.8924918331024572,-0.06595082349915357,0.29640767601070367,6.8,7.4,7.1,0.08450704225352121
2026-08-21,26,2620.0,CALL,0.8941983184429972,0.9214696355378333,0.308749468211345,320.5,331.8,326.15,0.03464663498390315
2026-08-21,26,2620.0,PUT,0.8941983184429972,-0.06790784641572756,0.2939803051014344,7.0,7.6,7.3,0.08219178082191776
2026-08-21,26,2625.0,CALL,0.8959048037835373,0.9271395974780958,0.2955352755397407,310.5,329.5,320.0,0.059375
2026-08-21,26,2625.0,PUT,0.8959048037835373,-0.07049426248333018,0.29235234989507025,7.2,8.0,7.6,0.10526315789473682
2026-08-21,26,2630.0,CALL,0.8976112891240774,0.918433763976335,0.30249156484674294,310.4,322.4,316.4,0.03792667509481669
2026-08-21,26,2630.0,PUT,0.8976112891240774,-0.07281312515533735,0.2903334178688907,7.5,8.2,7.85,0.0891719745222929
2026-08-21,26,2635.0,PUT,0.8993177744646175,-0.07516411588091815,0.2883203263529675,7.7,8.5,8.1,0.09876543209876541
2026-08-21,26,2640.0,PUT,0.9010242598051575,-0.07754749579892112,0.28631272060467466,8.0,8.7,8.35,0.08383233532934124
2026-08-21,26,2645.0,PUT,0.9027307451456976,-0.08025766961070945,0.2847062437902502,8.3,9.0,8.65,0.0809248554913294
2026-08-21,26,2650.0,PUT,0.9044372304862377,-0.08299802359272183,0.28310432488442594,8.6,9.3,8.95,0.07821229050279342
2026-08-21,26,2650.0,CALL,0.9044372304862377,0.9320800180081776,0.26401278054657457,283.9,303.3,293.6,0.06607629427792927
2026-08-21,26,2655.0,PUT,0.9061437158267778,-0.08576921214468695,0.2815073431905773,8.9,9.6,9.25,0.0756756756756756
2026-08-21,26,2660.0,CALL,0.9078502011673177,0.9050125005168594,0.28900683587301135,281.7,293.9,287.79999999999995,0.04239054899235577
2026-08-21,26,2660.0,PUT,0.9078502011673177,-0.08857161838949265,0.27991530791111824,9.2,9.9,9.55,0.07329842931937183
2026-08-21,26,2665.0,PUT,0.9095566865078578,-0.09168914879650865,0.2787206552600153,9.5,10.3,9.9,0.08080808080808087
2026-08-21,26,2670.0,CALL,0.9112631718483979,0.8931845370270021,0.2953641550869099,274.9,284.4,279.65,0.03397103522259968
2026-08-21,26,2670.0,PUT,0.9112631718483979,-0.09483320111918,0.27752988554030183,9.9,10.6,10.25,0.0682926829268292
2026-08-21,26,2675.0,PUT,0.912969657188938,-0.09800398677941474,0.2763430006253929,10.2,11.0,10.6,0.07547169811320761
2026-08-21,26,2680.0,PUT,0.914676142529478,-0.10120171849043924,0.2751600024803626,10.6,11.3,10.95,0.06392694063926951
2026-08-21,26,2680.0,CALL,0.914676142529478,0.8874654715299807,0.29234720532040154,265.5,275.1,270.3,0.03551609322974481
2026-08-21,26,2685.0,PUT,0.9163826278700181,-0.10442661024742272,0.27398089316071084,10.9,11.7,11.3,0.07079646017699105
2026-08-21,26,2690.0,CALL,0.9180891132105582,0.8825812374043268,0.2877974053426531,255.6,265.9,260.75,0.039501438159156216
2026-08-21,26,2690.0,PUT,0.9180891132105582,-0.10794530787074968,0.27319520237110356,11.3,12.1,11.7,0.06837606837606829
2026-08-21,26,2695.0,PUT,0.9197955985510983,-0.11174543675964883,0.2728010634031857,11.8,12.5,12.15,0.057613168724279774
2026-08-21,26,2700.0,CALL,0.9215020838916383,0.8753542205952132,0.2830221579982479,244.7,258.6,251.65,0.055235446056030334
2026-08-21,26,2700.0,PUT,0.9215020838916383,-0.1155563962772049,0.27240832225750167,12.2,13.0,12.6,0.06349206349206354
2026-08-21,26,2705.0,PUT,0.9232085692321784,-0.11913102600577354,0.270855975115255,12.6,13.4,13.0,0.06153846153846159
2026-08-21,26,2710.0,PUT,0.9249150545727185,-0.12327010447529177,0.26878174109048136,13.1,13.9,13.5,0.05925925925925931
2026-08-21,26,2710.0,CALL,0.9249150545727185,0.8674101677963361,0.2787052228502332,237.0,248.3,242.65,0.046569132495363735
2026-08-21,26,2715.0,PUT,0.9266215399132586,-0.12747333741831307,0.2667139239730394,13.6,14.4,14.0,0.0571428571428572
2026-08-21,26,2720.0,CALL,0.9283280252537986,0.8587609327812586,0.2749276834974442,228.3,239.2,233.75,0.04663101604278065
2026-08-21,26,2720.0,PUT,0.9283280252537986,-0.1317419098756627,0.26465253142505596,14.1,14.9,14.5,0.055172413793103496
2026-08-21,26,2725.0,PUT,0.9300345105943387,-0.13607712099097424,0.2625976634380058,14.6,15.4,15.0,0.05333333333333338
2026-08-21,26,2730.0,PUT,0.9317409959348788,-0.1404801653887556,0.26054928407611716,15.1,15.9,15.5,0.0516129032258065
2026-08-21,26,2730.0,CALL,0.9317409959348788,0.8498731290635012,0.27117363618182977,215.8,233.9,224.85000000000002,0.08049810985101175
2026-08-21,26,2735.0,PUT,0.9334474812754189,-0.14543191363653699,0.25902031975854833,15.7,16.5,16.1,0.04968944099378886
2026-08-21,26,2735.0,CALL,0.9334474812754189,0.8464462652070044,0.26802677334516456,211.3,229.0,220.15,0.08039972745855094
2026-08-21,26,2740.0,PUT,0.935153966615959,-0.1502060606583518,0.25724045329416956,16.2,17.1,16.65,0.05405405405405419
2026-08-21,26,2745.0,PUT,0.936860451956499,-0.15527901786880588,0.2557221770457028,16.8,17.7,17.25,0.05217391304347818
2026-08-21,26,2750.0,CALL,0.9385669372970391,0.8332775196624651,0.26144425362803225,202.4,210.8,206.60000000000002,0.04065827686350438
2026-08-21,26,2750.0,PUT,0.9385669372970391,-0.16064079044180332,0.2544643665554622,17.5,18.3,17.9,0.04469273743016764
2026-08-21,26,2755.0,CALL,0.9402734226375792,0.8267677348449253,0.2616381946319979,197.1,208.0,202.55,0.053813873117748726
2026-08-21,26,2755.0,PUT,0.9402734226375792,-0.16605535022597492,0.25321096283880823,18.1,19.0,18.55,0.048517520215633346
2026-08-21,26,2760.0,CALL,0.9419799079781193,0.8210833094421798,0.26081600067627153,192.6,204.0,198.3,0.05748865355521939
2026-08-21,26,2760.0,PUT,0.9419799079781193,-0.17174296075931578,0.2522164299884353,18.8,19.7,19.25,0.04675324675324668
2026-08-21,26,2765.0,PUT,0.9436863933186593,-0.17747512283057384,0.2512254847590379,19.5,20.4,19.95,0.045112781954887146
2026-08-21,26,2765.0,CALL,0.9436863933186593,0.8161662666301868,0.25898276952038574,187.8,199.9,193.85000000000002,0.062419396440546775
2026-08-21,26,2770.0,PUT,0.9453928786591993,-0.18325212041019534,0.2502381287719745,20.2,21.1,20.65,0.043583535108958946
2026-08-21,26,2770.0,CALL,0.9453928786591993,0.809802943319465,0.2589273097783347,183.6,195.9,189.75,0.06482213438735183
2026-08-21,26,2775.0,CALL,0.9470993639997394,0.8043882321283061,0.25760901096409833,179.8,191.0,185.4,0.06040992448759433
2026-08-21,26,2775.0,PUT,0.9470993639997394,-0.18948294801418836,0.24976065531470779,21.0,21.9,21.45,0.04195804195804189
2026-08-21,26,2780.0,CALL,0.9488058493402795,0.799293670591952,0.25579076126542044,174.9,187.0,180.95,0.06686930091185407
2026-08-21,26,2780.0,PUT,0.9488058493402795,-0.19534038926555114,0.24877961926194764,21.7,22.6,22.15,0.04063205417607233
2026-08-21,26,2785.0,PUT,0.9505123346808195,-0.2016301554949182,0.24830667200641027,22.5,23.4,22.95,0.03921568627450974
2026-08-21,26,2785.0,CALL,0.9505123346808195,0.7932121584067162,0.25523796148742367,170.5,183.0,176.75,0.07072135785007072
2026-08-21,26,2790.0,PUT,0.9522188200213596,-0.20850365402081603,0.24834270079723045,23.4,24.4,23.9,0.041841004184100423
2026-08-21,26,2790.0,CALL,0.9522188200213596,0.7927633698133871,0.2468876204918406,169.7,172.3,171.0,0.015204678362573233
2026-08-21,26,2795.0,CALL,0.9539253053618997,0.7860381733397915,0.24488733854042935,165.6,168.2,166.89999999999998,0.015578190533253414
2026-08-21,26,2795.0,PUT,0.9539253053618997,-0.21470412927483348,0.24566239982143034,24.2,25.1,24.65,0.036511156186612666
2026-08-21,26,2800.0,CALL,0.9556317907024398,0.7790133178435037,0.24293381880794063,161.7,164.0,162.85,0.014123426466073143
2026-08-21,26,2800.0,PUT,0.9556317907024398,-0.2215811636810745,0.2435669214801975,25.1,26.0,25.55,0.035225048923679
2026-08-21,26,2805.0,PUT,0.9573382760429798,-0.22857713132485766,0.24147876074744484,26.0,26.9,26.45,0.03402646502835534
2026-08-21,26,2805.0,CALL,0.9573382760429798,0.7720516085485994,0.24079550412752287,157.5,160.0,158.75,0.015748031496062992
2026-08-21,26,2810.0,PUT,0.9590447613835199,-0.23586618099622944,0.23958934342550497,26.9,27.9,27.4,0.03649635036496351
2026-08-21,26,2810.0,CALL,0.9590447613835199,0.7656598449804064,0.23789904089330463,153.3,155.6,154.45,0.014891550663645083
2026-08-21,26,2815.0,CALL,0.96075124672406,0.7572482621848464,0.23711485456976544,149.5,151.9,150.7,0.01592568015925684
2026-08-21,26,2815.0,PUT,0.96075124672406,-0.24343735266271171,0.23789780301323254,27.9,28.9,28.4,0.035211267605633804
2026-08-21,26,2820.0,PUT,0.9624577320646001,-0.2511163220108157,0.23621249927618362,28.9,29.9,29.4,0.034013605442176874
2026-08-21,26,2820.0,CALL,0.9624577320646001,0.7499191351807228,0.23499844743030252,145.3,147.9,146.60000000000002,0.017735334242837613
2026-08-21,26,2825.0,PUT,0.9641642174051401,-0.25906142224867934,0.2347238718565941,30.0,30.9,30.45,0.029556650246305372
2026-08-21,26,2825.0,CALL,0.9641642174051401,0.7416661256734978,0.233842033908245,141.6,143.9,142.75,0.016112084063047365
2026-08-21,26,2830.0,PUT,0.9658707027456802,-0.2672579919381004,0.2334309540922325,31.1,32.0,31.55,0.02852614896988902
2026-08-21,26,2830.0,CALL,0.9658707027456802,0.7340937277943884,0.23173957055878736,137.6,139.7,138.64999999999998,0.015146051208077856
2026-08-21,26,2835.0,PUT,0.9675771880862203,-0.27554504999271034,0.2321430265061254,32.2,33.1,32.650000000000006,0.0275650842266462
2026-08-21,26,2835.0,CALL,0.9675771880862203,0.725646481209449,0.230593889471234,133.7,135.9,134.8,0.016320474777448198
2026-08-21,26,2840.0,CALL,0.9692836734267604,0.7173977149311311,0.22907387358300976,129.7,132.0,130.85,0.017577378677875517
2026-08-21,26,2840.0,PUT,0.9692836734267604,-0.2840624088657938,0.23104947008266968,33.3,34.3,33.8,0.02958579881656805
2026-08-21,26,2845.0,CALL,0.9709901587673004,0.7086351694955533,0.2281270221664347,125.9,128.2,127.05,0.01810310901219979
2026-08-21,26,2845.0,PUT,0.9709901587673004,-0.29279213287838407,0.2301492318630696,34.5,35.5,35.0,0.02857142857142857
2026-08-21,26,2850.0,PUT,0.9726966441078405,-0.3015895655432446,0.22925259495606462,35.7,36.7,36.2,0.027624309392265192
2026-08-21,26,2850.0,CALL,0.9726966441078405,0.6994174764347337,0.22775006429978098,122.4,124.4,123.4,0.01620745542949757
2026-08-21,26,2855.0,PUT,0.9744031294483806,-0.3106924080233029,0.22873608589509964,37.0,38.0,37.5,0.02666666666666667
2026-08-21,26,2855.0,CALL,0.9744031294483806,0.6901695662109062,0.22737466607730766,118.7,120.8,119.75,0.017536534446764045
2026-08-21,26,2860.0,CALL,0.9761096147889207,0.6810041633272292,0.22681290606021484,115.0,117.1,116.05,0.018095648427401932
2026-08-21,26,2860.0,PUT,0.9761096147889207,-0.31972446500265594,0.22803380838468096,38.2,39.3,38.75,0.0283870967741934
2026-08-21,26,2865.0,PUT,0.9778161001294607,-0.32902017858040356,0.22760102774607507,39.6,40.6,40.1,0.024937655860349125
2026-08-21,26,2865.0,CALL,0.9778161001294607,0.6716885292106477,0.22644099624957514,111.4,113.4,112.4,0.01779359430604982
2026-08-21,26,2870.0,CALL,0.9795225854700008,0.6621570412951326,0.2241291596669498,107.8,109.8,108.8,0.01838235294117647
2026-08-21,26,2870.0,PUT,0.9795225854700008,-0.33844049029499945,0.22511693250839884,40.9,42.0,41.45,0.026537997587454797
2026-08-21,26,2875.0,CALL,0.9812290708105409,0.6524230130675848,0.22177646318955577,104.3,106.1,105.19999999999999,0.017110266159695794
2026-08-21,26,2875.0,PUT,0.9812290708105409,-0.34816303505231977,0.2228060217404,42.3,43.4,42.849999999999994,0.02567094515752629
2026-08-21,26,2880.0,PUT,0.982935556151081,-0.3582609254413454,0.22083066776026947,43.8,44.9,44.349999999999994,0.024802705749718185
2026-08-21,26,2880.0,CALL,0.982935556151081,0.6423068695715767,0.21975956637856942,100.8,102.6,101.69999999999999,0.017699115044247763
2026-08-21,26,2885.0,CALL,0.9846420414916209,0.6320040883769565,0.21775094739064058,97.4,99.0,98.2,0.0162932790224032
2026-08-21,26,2885.0,PUT,0.9846420414916209,-0.36854036524250394,0.2188633879621925,45.3,46.4,45.849999999999994,0.02399127589967288
2026-08-21,26,2890.0,CALL,0.986348526832161,0.621364655800105,0.21607576823824132,94.0,95.6,94.8,0.016877637130801627
2026-08-21,26,2890.0,PUT,0.986348526832161,-0.3790051626152677,0.21690425879629918,46.8,47.9,47.349999999999994,0.02323125659978884
2026-08-21,26,2895.0,CALL,0.9880550121727011,0.6106254345259898,0.21424550084147112,90.6,92.1,91.35,0.016420361247947456
2026-08-21,26,2895.0,PUT,0.9880550121727011,-0.38978894837656175,0.21527774323187981,48.4,49.5,48.95,0.022471910112359578
2026-08-21,26,2900.0,CALL,0.9897614975132412,0.5995873802461456,0.2127468114365829,87.3,88.7,88.0,0.015909090909090973
2026-08-21,26,2900.0,PUT,0.9897614975132412,-0.4008495133917035,0.213981891299717,50.1,51.2,50.650000000000006,0.021717670286278405
2026-08-21,26,2905.0,PUT,0.9914679828537812,-0.4119458469021623,0.21236866906538704,51.7,52.8,52.25,0.02105263157894726
2026-08-21,26,2905.0,CALL,0.9914679828537812,0.588295183492905,0.21157769265517176,84.1,85.4,84.75,0.015339233038348216
2026-08-21,26,2910.0,CALL,0.9931744681943213,0.5769610916074567,0.21009142032954956,80.7,82.1,81.4,0.01719901719901709
2026-08-21,26,2910.0,PUT,0.9931744681943213,-0.42341356272844877,0.211568272814627,53.5,54.7,54.1,0.022181146025878055
2026-08-21,26,2915.0,PUT,0.9948809535348614,-0.4349354261417665,0.21061064465224516,55.3,56.5,55.9,0.02146690518783547
2026-08-21,26,2915.0,CALL,0.9948809535348614,0.5653044147945406,0.2094157945572336,77.7,78.9,78.30000000000001,0.015325670498084325
2026-08-21,26,2920.0,CALL,0.9965874388754015,0.5535732105133161,0.20874321784789338,74.6,75.8,75.19999999999999,0.01595744680851068
2026-08-21,26,2920.0,PUT,0.9965874388754015,-0.44653764426851894,0.20949685813866467,57.1,58.2,57.650000000000006,0.019080659150043387
2026-08-21,26,2925.0,PUT,0.9982939242159415,-0.45830599222543233,0.20886831041364304,59.0,60.1,59.55,0.018471872376154518
2026-08-21,26,2925.0,CALL,0.9982939242159415,0.541767269962503,0.20807368767493223,71.5,72.7,72.1,0.01664355062413319
2026-08-21,26,2930.0,CALL,1.0000004095564816,0.5298863876320155,0.20740664926423777,68.4,69.6,69.0,0.01739130434782592
2026-08-21,26,2930.0,PUT,1.0000004095564816,-0.47016147548687676,0.20872119672011596,61.0,62.2,61.6,0.019480519480519525
2026-08-21,26,2935.0,CALL,1.0017068948970218,0.5178086039758164,0.20508518983833202,65.5,66.7,66.1,0.018154311649016687
2026-08-21,26,2935.0,PUT,1.0017068948970218,-0.4821728652780144,0.20596115439013882,63.0,64.1,63.55,0.01730920535011793
2026-08-21,26,2940.0,PUT,1.0034133802375618,-0.4944577740218261,0.2038498220551264,65.1,66.3,65.69999999999999,0.01826484018264845
2026-08-21,26,2940.0,CALL,1.0034133802375618,0.5054415220790961,0.2026156114483521,62.6,63.7,63.150000000000006,0.01741884402216946
2026-08-21,26,2945.0,CALL,1.0051198655781017,0.4928395609243053,0.20063355029890467,59.8,60.9,60.349999999999994,0.018227009113504583
2026-08-21,26,2945.0,PUT,1.0051198655781017,-0.5070220862821883,0.20158988520741636,67.2,68.4,67.80000000000001,0.017699115044247826
2026-08-21,26,2950.0,PUT,1.006826350918642,-0.5198034605062646,0.19965722788541304,69.4,70.6,70.0,0.01714285714285698
2026-08-21,26,2950.0,CALL,1.006826350918642,0.479987159742573,0.19866108530988308,57.0,58.1,57.55,0.019113814074717662
2026-08-21,26,2955.0,PUT,1.0085328362591819,-0.532833125308501,0.19773401952297115,71.6,72.8,72.19999999999999,0.01662049861495849
2026-08-21,26,2955.0,CALL,1.0085328362591819,0.4669667328060167,0.19701389736322877,54.3,55.4,54.849999999999994,0.02005469462169556
2026-08-21,26,2960.0,CALL,1.010239321599722,0.4537284136541751,0.19537490405512836,51.6,52.7,52.150000000000006,0.021093000958772794
2026-08-21,26,2960.0,PUT,1.010239321599722,-0.5460073006538904,0.19613514380453273,73.9,75.1,74.5,0.01610738255033542
2026-08-21,26,2965.0,CALL,1.011945806940262,0.4404003806890346,0.1940581149714776,49.0,50.1,49.55,0.022199798183652905
2026-08-21,26,2965.0,PUT,1.011945806940262,-0.5592648134791496,0.1948582494469731,76.3,77.5,76.9,0.015604681404421361
2026-08-21,26,2970.0,PUT,1.0136522922808022,-0.5726187528583659,0.19374436534683662,78.7,80.0,79.35,0.016383112791430336
2026-08-21,26,2970.0,CALL,1.0136522922808022,0.42704644003400144,0.193061125261441,46.5,47.6,47.05,0.023379383634431487
2026-08-21,26,2975.0,CALL,1.0153587776213422,0.41355559479586,0.19206919639709402,44.0,45.1,44.55,0.02469135802469139
2026-08-21,26,2975.0,PUT,1.0153587776213422,-0.5858625743596455,0.19310464109956582,81.2,82.7,81.95,0.018303843807199512
2026-08-21,26,2980.0,PUT,1.0170652629618824,-0.5992915817390491,0.19231235943445987,83.8,85.2,84.5,0.016568047337278173
2026-08-21,26,2980.0,CALL,1.0170652629618824,0.4001256041199095,0.19139383029717152,41.6,42.7,42.150000000000006,0.026097271648873103
2026-08-21,26,2985.0,CALL,1.0187717483024223,0.3868226058652566,0.19103259492640076,39.3,40.4,39.849999999999994,0.027603513174404053
2026-08-21,26,2985.0,PUT,1.0187717483024223,-0.6126109726213876,0.19183483853677763,86.4,87.9,87.15,0.01721170395869191
2026-08-21,26,2990.0,CALL,1.0204782336429625,0.37359691636803416,0.18898701672038629,37.1,38.2,37.650000000000006,0.02921646746347945
2026-08-21,26,2990.0,PUT,1.0204782336429625,-0.6258586238477989,0.18977135598877026,89.1,90.7,89.9,0.017797552836485077
2026-08-21,26,2995.0,PUT,1.0221847189835025,-0.6391929380225114,0.18753518989400736,91.9,93.6,92.75,0.018328840970350282
2026-08-21,26,2995.0,CALL,1.0221847189835025,0.3601637940491407,0.186706183605158,35.0,36.0,35.5,0.028169014084507043
2026-08-21,26,3000.0,PUT,1.0238912043240427,-0.6523968967459381,0.18583956299782578,94.8,96.7,95.75,0.019843342036553583
2026-08-21,26,3000.0,CALL,1.0238912043240427,0.34655133687818673,0.1846142552426319,32.9,33.9,33.4,0.029940119760479042
2026-08-21,26,3005.0,CALL,1.0255976896645826,0.3329616503790447,0.18288514303543146,30.9,31.9,31.4,0.03184713375796178
2026-08-21,26,3005.0,PUT,1.0255976896645826,-0.6660076363168219,0.18397800603815048,97.7,99.7,98.7,0.020263424518743668
2026-08-21,26,3010.0,PUT,1.0273041750051228,-0.6795367170851416,0.18247694948960946,100.6,102.9,101.75,0.022604422604422716
2026-08-21,26,3010.0,CALL,1.0273041750051228,0.3194758934235345,0.18151568632672221,29.0,30.0,29.5,0.03389830508474576
2026-08-21,26,3015.0,CALL,1.0290106603456628,0.30598155225230217,0.18032840444117168,27.1,28.2,27.65,0.03978300180831819
2026-08-21,26,3015.0,PUT,1.0290106603456628,-0.6930952691841972,0.1811588673055065,103.7,106.0,104.85,0.021936099189318048
2026-08-21,26,3020.0,CALL,1.030717145686203,0.2927274661481867,0.1794955151637281,25.4,26.4,25.9,0.03861003861003861
2026-08-21,26,3020.0,PUT,1.030717145686203,-0.7064362871333071,0.18019602626169062,106.9,109.2,108.05000000000001,0.02128644146228595
2026-08-21,26,3025.0,CALL,1.032423631026743,0.27957309848888584,0.17884062631325184,23.7,24.7,24.2,0.04132231404958678
2026-08-21,26,3025.0,PUT,1.032423631026743,-0.7199189260192687,0.17923866960728344,110.1,112.4,111.25,0.02067415730337089
2026-08-21,26,3030.0,PUT,1.0341301163672831,-0.7323752705473262,0.1791508268080295,113.5,115.9,114.7,0.02092414995640807
2026-08-21,26,3030.0,CALL,1.0341301163672831,0.2667927462922355,0.178534989937613,22.1,23.1,22.6,0.04424778761061947
2026-08-21,26,3035.0,PUT,1.035836601707823,-0.7448436610876571,0.17906345755869577,116.9,119.4,118.15,0.021159542953872196
2026-08-21,26,3035.0,CALL,1.035836601707823,0.2542158770470625,0.17840334809655561,20.6,21.5,21.05,0.04275534441805219
2026-08-21,26,3040.0,CALL,1.0375430870483633,0.2419815258295923,0.17624633036169482,19.1,20.1,19.6,0.0510204081632653
2026-08-21,26,3040.0,PUT,1.0375430870483633,-0.7572014109753653,0.176941684008162,120.4,122.9,121.65,0.02055076037813399
2026-08-21,26,3045.0,CALL,1.0392495723889033,0.2299946282682241,0.17443161671181398,17.8,18.7,18.25,0.04931506849315061
2026-08-21,26,3045.0,PUT,1.0392495723889033,-0.7693385061803044,0.1749603405302745,124.0,126.5,125.25,0.01996007984031936
2026-08-21,26,3050.0,CALL,1.0409560577294434,0.21805741266952056,0.17285154422475996,16.5,17.4,16.95,0.05309734513274328
2026-08-21,26,3050.0,PUT,1.0409560577294434,-0.782053985952345,0.172769113520736,127.6,130.0,128.8,0.01863354037267085
2026-08-21,26,3055.0,CALL,1.0426625430699834,0.2059008392518469,0.17128172973903943,15.2,16.1,15.65,0.05750798722044742
2026-08-21,26,3055.0,PUT,1.0426625430699834,-0.7931773645741093,0.17192502190038458,131.4,133.9,132.65,0.018846588767433094
2026-08-21,26,3060.0,CALL,1.0443690284105234,0.19453213818516163,0.1703859731111387,14.1,14.9,14.5,0.055172413793103496
2026-08-21,26,3060.0,PUT,1.0443690284105234,-0.8166047531824893,0.1633573152279934,129.7,139.8,134.75,0.07495361781076083
2026-08-21,26,3065.0,PUT,1.0460755137510636,-0.8266424728713955,0.16364830803695418,135.2,142.5,138.85,0.052574720921858206
2026-08-21,26,3065.0,CALL,1.0460755137510636,0.1837471870343697,0.16993692513723496,13.0,13.9,13.45,0.06691449814126398
2026-08-21,26,3070.0,CALL,1.0477819990916035,0.17290565197826196,0.1694905732436934,12.0,12.8,12.4,0.06451612903225812
2026-08-21,26,3070.0,PUT,1.0477819990916035,-0.8366449275809303,0.16393760897846069,139.4,146.5,142.95,0.04966771598460997
2026-08-21,26,3075.0,CALL,1.0494884844321437,0.16276640331653677,0.16948535056221736,11.0,11.9,11.45,0.07860262008733628
2026-08-21,26,3075.0,PUT,1.0494884844321437,-0.8490451216113086,0.16291546394968245,143.1,150.4,146.75,0.04974446337308355
2026-08-21,26,3080.0,CALL,1.0511949697726837,0.15301744444864976,0.1696988041376687,10.1,11.0,10.55,0.08530805687203795
2026-08-21,26,3080.0,PUT,1.0511949697726837,-0.8609615262495147,0.15937153949359917,146.5,154.8,150.65,0.055094590109525464
2026-08-21,26,3085.0,PUT,1.0529014551132239,-0.8701291178655822,0.1580725312441628,150.6,159.2,154.89999999999998,0.055519690122659754
2026-08-21,26,3085.0,CALL,1.0529014551132239,0.14362207169571023,0.1683217524482407,9.3,10.1,9.7,0.08247422680412361
2026-08-21,26,3090.0,CALL,1.0546079404537638,0.1344351589408256,0.16657749781002437,8.5,9.3,8.9,0.08988764044943828
2026-08-21,26,3090.0,PUT,1.0546079404537638,-0.8814137532798634,0.15549433626249423,155.4,162.5,158.95,0.04466813463353252
2026-08-21,26,3095.0,CALL,1.056314425794304,0.12505400210983444,0.16484595421958104,7.7,8.5,8.1,0.09876543209876541
2026-08-21,26,3095.0,PUT,1.056314425794304,-0.8909813861914816,0.15422083392140284,159.7,166.7,163.2,0.0428921568627451
2026-08-21,26,3100.0,PUT,1.058020911134844,-0.8964280302921287,0.15551353142456117,165.2,170.5,167.85,0.031575811736669714
2026-08-21,26,3100.0,CALL,1.058020911134844,0.11642911205877862,0.16377227609981287,7.1,7.7,7.4,0.08108108108108115
2026-08-21,26,3105.0,PUT,1.0597273964753842,-0.9033933734859799,0.15584203272795158,169.6,175.1,172.35,0.03191180736872643
2026-08-21,26,3105.0,CALL,1.0597273964753842,0.1081858210063475,0.1630274103305542,6.4,7.1,6.75,0.1037037037037036
2026-08-21,26,3110.0,CALL,1.0614338818159241,0.10088815627832333,0.16292814501379987,5.9,6.5,6.2,0.09677419354838704
2026-08-21,26,3110.0,PUT,1.0614338818159241,-0.9148191556996478,0.15362702240275414,173.6,179.3,176.45,0.03230376877302362
2026-08-21,26,3115.0,PUT,1.0631403671564643,-0.9279310435179453,0.14792280470493518,176.2,184.7,180.45,0.04710446106954835
2026-08-21,26,3115.0,CALL,1.0631403671564643,0.09358167746839396,0.16282948310552015,5.3,6.0,5.65,0.12389380530973454
2026-08-21,26,3120.0,PUT,1.0648468524970043,-0.9328180138989873,0.14775202255588082,182.4,187.9,185.15,0.02970564407237375
2026-08-21,26,3120.0,CALL,1.0648468524970043,0.08680281410121898,0.16304990291608643,4.8,5.5,5.15,0.1359223300970874
2026-08-21,26,3125.0,CALL,1.0665533378375445,0.08058861226058409,0.16358677900682755,4.4,5.0,4.7,0.127659574468085
2026-08-21,26,3125.0,PUT,1.0665533378375445,-0.9453810954308707,0.1416888341837498,184.9,193.7,189.3,0.04648705758055986
2026-08-21,26,3130.0,PUT,1.0682598231780844,-0.9520041056343186,0.14048143403524765,189.6,198.2,193.89999999999998,0.04435275915420318
2026-08-21,26,3130.0,CALL,1.0682598231780844,0.07435242716708083,0.16208936509103028,3.9,4.6,4.25,0.16470588235294112
2026-08-21,26,3135.0,PUT,1.0699663085186246,-0.9579551195653115,0.13981291292031586,194.0,203.1,198.55,0.04583228405943084
2026-08-21,26,3135.0,CALL,1.0699663085186246,0.06915299187557927,0.16118164886018174,3.6,4.2,3.9000000000000004,0.15384615384615385
2026-08-21,26,3140.0,PUT,1.0716727938591646,-0.9656318785452621,0.13622073063265788,198.4,207.8,203.10000000000002,0.04628261939931071
2026-08-21,26,3140.0,CALL,1.0716727938591646,0.0638945932383455,0.1602803952693071,3.2,3.9,3.55,0.19718309859154923
2026-08-21,26,3145.0,CALL,1.0733792791997048,0.05952231989626053,0.16019545466497834,2.95,3.6,3.2750000000000004,0.19847328244274803
2026-08-21,26,3145.0,PUT,1.0733792791997048,-0.9685233802531471,0.1358980383282677,202.0,213.9,207.95,0.05722529454195723
2026-08-21,26,3150.0,CALL,1.0750857645402447,0.05417729634659662,0.15930374061905594,2.65,3.2,2.925,0.18803418803418814
2026-08-21,26,3150.0,PUT,1.0750857645402447,-0.9751090633145519,0.13145713818417504,206.6,218.6,212.6,0.05644402634054563
2026-08-21,26,3155.0,PUT,1.076792249880785,-0.984252732507141,0.12508105232458663,211.3,223.0,217.15,0.05387980658530964
2026-08-21,26,3155.0,CALL,1.076792249880785,0.049773227665127005,0.1592223923480654,2.35,2.95,2.6500000000000004,0.22641509433962265
2026-08-21,26,3160.0,PUT,1.078498735221325,-0.9560044941572667,0.15807126228880275,214.4,233.3,223.85000000000002,0.08443153897699354
2026-08-21,26,3160.0,CALL,1.078498735221325,0.04604126101584851,0.15967626747037608,2.15,2.7,2.425,0.22680412371134034
2026-08-21,26,3165.0,CALL,1.080205220561865,0.042672063497361246,0.16039451946800767,1.95,2.5,2.225,0.24719101123595508
2026-08-21,26,3170.0,CALL,1.081911705902405,0.03898676760963888,0.16084283397344373,1.75,2.25,2.0,0.25
2026-08-21,26,3170.0,PUT,1.081911705902405,-0.9999068994229883,0.07975246028779426,224.9,238.2,231.55,0.05743899805657518
2026-08-21,26,3175.0,PUT,1.083618191242945,-0.9999999999992986,0.0018178948428602727,229.7,242.9,236.3,0.05586119339822267
2026-08-21,26,3175.0,CALL,1.083618191242945,0.03636995835344846,0.16176709889683336,1.6,2.1,1.85,0.27027027027027023
2026-08-21,26,3180.0,CALL,1.0853246765834852,0.03302810642905896,0.1600094626292727,1.4,1.9,1.65,0.30303030303030304
2026-08-21,26,3180.0,PUT,1.0853246765834852,-0.9695348866523373,0.1563846736802612,233.6,252.4,243.0,0.07736625514403297
2026-08-21,26,3185.0,CALL,1.0870311619240252,0.03074025395191886,0.1598459260268603,1.25,1.8,1.525,0.3606557377049181
2026-08-21,26,3185.0,PUT,1.0870311619240252,-0.9999999999988669,0.0018178948428507651,239.3,252.7,246.0,0.05447154471544706
2026-08-21,26,3190.0,PUT,1.0887376472645653,-0.9999999999997302,0.0018178948428427299,243.4,258.4,250.89999999999998,0.05978477481068144
2026-08-21,26,3190.0,CALL,1.0887376472645653,0.028066094431871753,0.15915837299799654,1.15,1.6,1.375,0.3272727272727274
2026-08-21,26,3195.0,CALL,1.0904441326051053,0.025760909173143064,0.1589986008958241,1.05,1.45,1.25,0.31999999999999995
2026-08-21,26,3200.0,PUT,1.0921506179456455,-1.0,0.0018178948428305684,253.1,267.7,260.4,0.056067588325652826
2026-08-21,26,3200.0,CALL,1.0921506179456455,0.023848617615309587,0.15936145085587697,0.95,1.35,1.15,0.3478260869565219
2026-08-21,26,3205.0,CALL,1.0938571032861855,0.021944978478441457,0.15972232236643347,0.85,1.25,1.05,0.38095238095238093
2026-08-21,26,3210.0,CALL,1.0955635886267256,0.020049863566466215,0.160081240469442,0.75,1.15,0.95,0.4210526315789473
2026-08-21,26,3215.0,CALL,1.0972700739672656,0.018163147614363922,0.16043822967211788,0.65,1.05,0.8500000000000001,0.47058823529411764
2026-08-21,26,3220.0,CALL,1.0989765593078058,0.017113529696555285,0.16182782825009295,0.6,1.0,0.8,0.5
2026-08-21,26,3225.0,PUT,1.1006830446483458,-0.9999999999998921,0.001817894842803687,277.6,292.8,285.20000000000005,0.05329593267882183
2026-08-21,26,3225.0,CALL,1.1006830446483458,0.016081676852756167,0.16321240058672942,0.55,0.95,0.75,0.5333333333333332
2026-08-21,26,3230.0,PUT,1.102389529988886,-0.9999999999997842,0.001817894842797746,282.6,297.4,290.0,0.051034482758620534
2026-08-21,26,3230.0,CALL,1.102389529988886,0.014235609244844686,0.16259677361011496,0.45,0.85,0.65,0.6153846153846153
2026-08-21,26,3235.0,CALL,1.104096015329426,0.013216433078403485,0.16233876158088162,0.4,0.8,0.6000000000000001,0.6666666666666666
2026-08-21,26,3240.0,CALL,1.105802500669966,0.012193993325926033,0.1620823628827498,0.35,0.75,0.55,0.7272727272727273
2026-08-21,26,3245.0,CALL,1.107508986010506,0.01116830512078573,0.16182756780457735,0.3,0.7,0.5,0.7999999999999999
2026-08-21,26,3250.0,CALL,1.1092154713510463,0.010139383636119482,0.16157436664523486,0.25,0.65,0.45,0.888888888888889
2026-08-21,26,3255.0,CALL,1.1109219566915862,0.0100198563955196,0.16369252212086852,0.25,0.65,0.45,0.888888888888889
2026-08-21,26,3260.0,PUT,1.1126284420321264,-1.0,0.001817894842766282,312.3,326.8,319.55,0.0453763104365514
2026-08-21,26,3260.0,CALL,1.1126284420321264,0.009000863447478927,0.16343463445783535,0.2,0.6,0.4,0.9999999999999999
2026-08-21,26,3265.0,CALL,1.1143349273726664,0.007978637241237672,0.16317824135004905,0.15,0.55,0.35000000000000003,1.1428571428571428
2026-08-21,26,3270.0,CALL,1.1160414127132066,0.007887889504022933,0.16527970922738078,0.15,0.55,0.35000000000000003,1.1428571428571428
2026-08-21,26,3275.0,CALL,1.1177478980537465,0.006875273050491409,0.16501877598612927,0.1,0.5,0.3,1.3333333333333335
2026-08-21,26,3280.0,CALL,1.1194543833942865,0.0067993727270969475,0.16711019602374308,0.1,0.5,0.3,1.3333333333333335
2026-08-21,26,3285.0,CALL,1.1211608687348267,0.0057960304339851375,0.16684481738734958,0.05,0.45,0.25,1.6
2026-08-21,26,3290.0,CALL,1.1228673540753666,0.005734229056064773,0.16892649424894038,0.05,0.45,0.25,1.6
2026-08-21,26,3295.0,CALL,1.1245738394159068,0.005210107380820649,0.16982945434460536,0.05,0.4,0.225,1.5555555555555556
2026-08-21,26,3300.0,CALL,1.1262803247564468,0.005615351444137334,0.1730787975418295,0.0,0.4,0.2,2.0
2026-08-21,26,3305.0,CALL,1.127986810096987,0.0046387071962829055,0.1707501593787008,0.0,0.4,0.2,2.0
2026-08-21,26,3310.0,CALL,1.129693295437527,0.004591698649851055,0.17260886897844666,0.0,0.4,0.2,2.0
2026-08-21,26,3315.0,CALL,1.1313997807780671,0.004545770007142542,0.1744637949200325,0.0,0.4,0.2,2.0
2026-08-21,26,3320.0,CALL,1.133106266118607,0.004030227196834255,0.1731022155892217,0.0,0.35,0.175,2.0
2026-08-21,26,3325.0,CALL,1.1348127514591473,0.003990430341097736,0.17494788649398135,0.0,0.35,0.175,2.0
2026-08-21,26,3330.0,CALL,1.1365192367996872,0.003951527990622992,0.17678997488321865,0.0,0.35,0.175,2.0
2026-08-21,26,3335.0,CALL,1.1382257221402274,0.003913489877564939,0.17862851677607572,0.0,0.35,0.175,2.0
2026-08-21,26,3340.0,CALL,1.1399322074807674,0.0038762871034578534,0.18046354697558614,0.0,0.35,0.175,2.0
2026-08-21,26,3345.0,CALL,1.1416386928213076,0.003839892061692139,0.18229509913226177,0.0,0.35,0.175,2.0
2026-08-21,26,3350.0,CALL,1.1433451781618476,0.0038042783652746147,0.18412320580330818,0.0,0.35,0.175,2.0
2026-08-21,26,3355.0,CALL,1.1450516635023877,0.004213064376125254,0.1891718117454327,0.0,0.35,0.175,2.0
2026-08-21,26,3360.0,CALL,1.1467581488429277,0.004175358701682017,0.1909944379604718,0.0,0.35,0.175,2.0
2026-08-21,26,3365.0,CALL,1.148464634183468,0.004138425905001247,0.19281364725317143,0.0,0.35,0.175,2.0
2026-08-21,26,3370.0,CALL,1.1501711195240079,0.003669148327293755,0.19140179343687244,0.0,0.25,0.125,2.0
2026-08-21,26,3375.0,CALL,1.151877604864548,0.0036370837615094125,0.1932131263885603,0.0,0.35,0.175,2.0
2026-08-21,26,3380.0,CALL,1.153584090205088,0.003605664350483052,0.19502118906761848,0.0,0.3,0.15,2.0
2026-08-21,26,3385.0,CALL,1.1552905755456282,0.0035748705847996,0.19682600773540915,0.0,0.3,0.15,2.0
2026-08-21,26,3390.0,PUT,1.1569970608861682,-0.9999999999996763,0.001817894643054936,441.1,459.9,450.5,0.04173140954494996
2026-08-21,26,3390.0,CALL,1.1569970608861682,0.0031110767387881595,0.19540975378012695,0.0,0.3,0.15,2.0
2026-08-21,26,3395.0,PUT,1.1587035462267081,-0.9999999999995686,0.0018182456529070717,445.6,456.9,451.25,0.025041551246537296
2026-08-21,26,3395.0,CALL,1.1587035462267081,0.0035150858442841585,0.20042603726999744,0.0,0.25,0.125,2.0
2026-08-21,26,3400.0,CALL,1.1604100315672483,0.0030591818994659434,0.19900120056045054,0.0,0.3,0.15,2.0
2026-08-21,26,3405.0,CALL,1.1621165169077883,0.0030339846692610264,0.20079224932178977,0.0,0.3,0.15,2.0
2026-08-21,26,3410.0,CALL,1.1638230022483285,0.003009273220090116,0.20258024823721404,0.0,0.3,0.15,2.0
2026-08-21,26,3410.0,PUT,1.1638230022483285,-0.9999999999981662,0.0018182458516930347,462.2,474.8,468.5,0.026894343649946688
2026-08-21,26,3450.0,CALL,1.177474884972649,0.0032238865471846114,0.22000418515795167,0.05,0.3,0.175,1.4285714285714286
2026-08-21,26,3500.0,CALL,1.1945397383780498,0.002633499154125402,0.2342610328893716,0.05,0.25,0.15,1.3333333333333335
2026-08-21,26,3550.0,CALL,1.2116045917834504,0.0028169879459723317,0.25470335955249607,0.0,0.25,0.125,2.0
2026-08-21,26,3600.0,CALL,1.2286694451888511,0.0019906700890192945,0.26519856340495324,0.0,0.25,0.125,2.0
2026-08-21,26,3650.0,CALL,1.2457342985942519,0.0018856144478330331,0.2819004624238667,0.0,0.25,0.125,2.0
2026-08-21,26,3700.0,CALL,1.2627991519996526,0.0017935863780758703,0.29836354116993086,0.0,0.2,0.1,2.0
2026-08-21,26,3750.0,CALL,1.2798640054050532,0.0022832563244741034,0.3210138735524292,0.0,0.2,0.1,2.0
2026-08-21,26,3800.0,CALL,1.296928858810454,0.0024513766753312322,0.3402155683417017,0.0,0.2,0.1,2.0
2026-08-21,26,3850.0,CALL,1.3139937122158547,0.002353454774201501,0.3559814370943277,0.0,0.2,0.1,2.0
2026-08-21,26,3900.0,CALL,1.3310585656212555,0.002019896167071858,0.3683479288140765,0.0,0.2,0.1,2.0
2026-08-21,26,3950.0,CALL,1.3481234190266562,0.00170832506687115,0.380535610302271,0.0,0.2,0.1,2.0
2026-08-21,26,4000.0,CALL,1.3651882724320568,0.001651660383724356,0.3957091053190221,0.0,0.2,0.1,2.0
2026-08-21,26,4100.0,CALL,1.3993179792428583,0.0013302807801346245,0.41704582558828307,0.0,0.2,0.1,2.0
2026-08-21,26,4200.0,CALL,1.4334476860536596,0.0008038491508748361,0.4226334670337742,0.0,0.2,0.1,2.0
2026-08-21,26,4250.0,CALL,1.4505125394590603,0.0016292508310408408,0.471893641904645,0.0,0.2,0.1,2.0
2026-08-28,33,2200.0,PUT,0.7508535498376313,-0.01144890736581522,0.4393609773743417,1.3,2.0,1.65,0.42424242424242425
2026-08-28,33,2260.0,PUT,0.7713313739241121,-0.014960859677329413,0.4139287577297826,1.75,2.45,2.1,0.3333333333333334
2026-08-28,33,2275.0,PUT,0.7764508299457323,-0.01583556957763427,0.4073634480096941,1.85,2.55,2.2,0.318181818181818
2026-08-28,33,2300.0,PUT,0.7849832566484327,-0.01767919199278016,0.39806877626030207,2.05,2.8,2.425,0.30927835051546393
2026-08-28,33,2310.0,PUT,0.7883962273295129,-0.018495497949026007,0.3946480311033054,2.15,2.9,2.525,0.297029702970297
2026-08-28,33,2350.0,PUT,0.8020481100538334,-0.022312547170792358,0.38309995264072405,2.6,3.4,3.0,0.2666666666666666
2026-08-28,33,2360.0,PUT,0.8054610807349135,-0.023335643879475267,0.3804150972843822,2.75,3.5,3.125,0.24
2026-08-28,33,2390.0,PUT,0.815699992778154,-0.02649895270130846,0.3696261404817091,3.1,3.9,3.5,0.2285714285714285
2026-08-28,33,2405.0,PUT,0.8208194487997742,-0.028507643232070706,0.36283587156836944,3.3,4.2,3.75,0.2400000000000001
2026-08-28,33,2430.0,PUT,0.8293518755024746,-0.03193137759908151,0.3514208058911609,3.7,4.6,4.15,0.21686746987951794
2026-08-28,33,2445.0,PUT,0.8344713315240947,-0.03442345808871988,0.34540669259377327,4.0,4.9,4.45,0.20224719101123603
2026-08-28,33,2475.0,PUT,0.8447102435673352,-0.03994562130856808,0.3341553892555757,4.6,5.6,5.1,0.19607843137254904
2026-08-28,33,2495.0,PUT,0.8515361849294955,-0.04446996992985267,0.32822754920217984,5.1,6.2,5.65,0.19469026548672574
2026-08-28,33,2500.0,PUT,0.8532426702700355,-0.045422367214997754,0.3262839162333692,5.2,6.3,5.75,0.1913043478260869
2026-08-28,33,2510.0,PUT,0.8566556409511157,-0.04790177307514588,0.323669178042985,5.5,6.6,6.05,0.18181818181818177
2026-08-28,33,2515.0,PUT,0.8583621262916558,-0.04915620665453316,0.32236758223401357,5.6,6.8,6.199999999999999,0.19354838709677424
2026-08-28,33,2520.0,PUT,0.8600686116321958,-0.05042056111121887,0.3210698313611893,5.8,6.9,6.35,0.173228346456693
2026-08-28,33,2525.0,PUT,0.8617750969727359,-0.05169491246529822,0.31977592261195636,5.9,7.1,6.5,0.18461538461538451
2026-08-28,33,2530.0,PUT,0.863481582313276,-0.053243189127607574,0.31911078448165575,6.1,7.3,6.699999999999999,0.17910447761194034
2026-08-28,33,2550.0,PUT,0.8703075236754362,-0.05899444865179959,0.3141430773029273,6.8,8.0,7.4,0.16216216216216217
2026-08-28,33,2560.0,PUT,0.8737204943565163,-0.062225404115790035,0.3096831382889674,7.2,8.4,7.800000000000001,0.15384615384615385
2026-08-28,33,2565.0,PUT,0.8754269796970564,-0.06387554566754901,0.3074621789136005,7.4,8.6,8.0,0.1499999999999999
2026-08-28,33,2575.0,PUT,0.8788399503781366,-0.06776096874578201,0.3037544741426915,7.9,9.1,8.5,0.1411764705882352
2026-08-28,33,2580.0,PUT,0.8805464357186766,-0.06948323797600066,0.3015508885452862,8.1,9.3,8.7,0.13793103448275876
2026-08-28,33,2585.0,PUT,0.8822529210592167,-0.07148615763088215,0.2997106416009426,8.3,9.6,8.95,0.1452513966480446
2026-08-28,33,2590.0,PUT,0.8839594063997568,-0.07351351516552028,0.2978756905188215,8.6,9.8,9.2,0.1304347826086958
2026-08-28,33,2595.0,PUT,0.8856658917402969,-0.07556565924469265,0.2960460434883496,8.8,10.1,9.45,0.13756613756613748
2026-08-28,33,2600.0,PUT,0.8873723770808369,-0.07764294430888376,0.2942217091255021,9.1,10.3,9.7,0.12371134020618568
2026-08-28,33,2605.0,PUT,0.889078862421377,-0.07999753608131836,0.2927583081890376,9.4,10.6,10.0,0.11999999999999993
2026-08-28,33,2610.0,PUT,0.8907853477619171,-0.0821252580787146,0.29094421363000406,9.6,10.9,10.25,0.12682926829268298
2026-08-28,33,2615.0,PUT,0.8924918331024572,-0.08452844221063477,0.289490198643632,9.9,11.2,10.55,0.12322274881516576
2026-08-28,33,2620.0,PUT,0.8941983184429972,-0.08695553131164391,0.28804065557890374,10.2,11.5,10.85,0.11981566820276504
2026-08-28,33,2625.0,PUT,0.8959048037835373,-0.0894067762717619,0.28659558869628776,10.5,11.8,11.15,0.11659192825112114
2026-08-28,33,2630.0,PUT,0.8976112891240774,-0.09236892626399738,0.2858615846096329,10.9,12.2,11.55,0.11255411255411245
2026-08-28,33,2635.0,CALL,0.8993177744646175,0.8913367439533718,0.30616147102469016,312.7,324.9,318.79999999999995,0.03826850690087826
2026-08-28,33,2635.0,PUT,0.8993177744646175,-0.09486569074997137,0.28442455164319924,11.2,12.5,11.85,0.10970464135021103
2026-08-28,33,2640.0,PUT,0.9010242598051575,-0.09762601401997487,0.28334429920411547,11.5,12.9,12.2,0.11475409836065577
2026-08-28,33,2645.0,PUT,0.9027307451456976,-0.10040709429902837,0.2822675563904627,11.9,13.2,12.55,0.10358565737051784
2026-08-28,33,2650.0,CALL,0.9044372304862377,0.8836258592034466,0.30213385502090406,298.9,310.8,304.85,0.039035591274397353
2026-08-28,33,2650.0,PUT,0.9044372304862377,-0.10344220312102695,0.2815455528993874,12.3,13.6,12.95,0.10038610038610031
2026-08-28,33,2660.0,PUT,0.9078502011673177,-0.10933166053594147,0.27975874062480427,13.0,14.4,13.7,0.10218978102189784
2026-08-28,33,2665.0,PUT,0.9095566865078578,-0.11241610984189362,0.27904460061296954,13.4,14.8,14.100000000000001,0.09929078014184399
2026-08-28,33,2670.0,PUT,0.9112631718483979,-0.11573647250041647,0.278681899774789,13.9,15.2,14.55,0.0893470790378006
2026-08-28,33,2675.0,PUT,0.912969657188938,-0.11952216037763616,0.27709591077946116,14.3,15.9,15.100000000000001,0.10596026490066222
2026-08-28,33,2680.0,PUT,0.914676142529478,-0.12248454726837016,0.27452587843434123,14.7,16.2,15.45,0.0970873786407767
2026-08-28,33,2685.0,PUT,0.9163826278700181,-0.125936308617801,0.27242691171122785,15.2,16.6,15.9,0.08805031446540894
2026-08-28,33,2690.0,PUT,0.9180891132105582,-0.1296565055019119,0.2705658534132196,15.7,17.1,16.4,0.08536585365853672
2026-08-28,33,2695.0,PUT,0.9197955985510983,-0.133427863239793,0.2687106000550237,16.2,17.6,16.9,0.08284023668639066
2026-08-28,33,2700.0,PUT,0.9215020838916383,-0.1374627184562916,0.2670921201321071,16.7,18.2,17.45,0.08595988538681949
2026-08-28,33,2700.0,CALL,0.9215020838916383,0.8466877497230351,0.2856215867732872,253.3,267.8,260.55,0.055651506428708496
2026-08-28,33,2705.0,PUT,0.9232085692321784,-0.14133708833244127,0.265248240804982,17.2,18.7,17.95,0.08356545961002786
2026-08-28,33,2710.0,PUT,0.9249150545727185,-0.14567959421543578,0.2638708688887876,17.8,19.3,18.55,0.08086253369272237
2026-08-28,33,2715.0,PUT,0.9266215399132586,-0.14986293885392044,0.26226812839901564,18.4,19.8,19.1,0.07329842931937183
2026-08-28,33,2720.0,PUT,0.9283280252537986,-0.1540971195612154,0.26067066589845883,18.9,20.4,19.65,0.07633587786259542
2026-08-28,33,2725.0,PUT,0.9300345105943387,-0.15898033913019793,0.259766420575127,19.6,21.1,20.35,0.07371007371007371
2026-08-28,33,2730.0,PUT,0.9317409959348788,-0.1635066252595849,0.2584075248445649,20.2,21.7,20.95,0.07159904534606205
2026-08-28,33,2735.0,PUT,0.9334474812754189,-0.16846498332118442,0.25751042721582573,20.9,22.4,21.65,0.06928406466512703
2026-08-28,33,2740.0,PUT,0.935153966615959,-0.1730801250916731,0.2561601302841528,21.5,23.0,22.25,0.06741573033707865
2026-08-28,33,2745.0,PUT,0.936860451956499,-0.1781146902171928,0.25527018809489516,22.2,23.7,22.95,0.06535947712418301
2026-08-28,33,2750.0,PUT,0.9385669372970391,-0.1833653273983949,0.25461088872526455,22.9,24.5,23.7,0.06751054852320681
2026-08-28,33,2755.0,PUT,0.9402734226375792,-0.18864282763292473,0.2539540068976752,23.7,25.2,24.45,0.06134969325153374
2026-08-28,33,2760.0,PUT,0.9419799079781193,-0.19394725000920798,0.2532995386858185,24.4,26.0,25.2,0.06349206349206354
2026-08-28,33,2765.0,PUT,0.9436863933186593,-0.19944709580626063,0.2528737169912204,25.2,26.8,26.0,0.06153846153846159
2026-08-28,33,2770.0,PUT,0.9453928786591993,-0.20496515794953027,0.2524494901271841,26.0,27.6,26.8,0.05970149253731349
2026-08-28,33,2775.0,PUT,0.9470993639997394,-0.21086034471745052,0.25064031576414975,26.9,28.5,27.7,0.05776173285198561
2026-08-28,33,2780.0,CALL,0.9488058493402795,0.785540190908909,0.24618856156064783,185.7,188.7,187.2,0.016025641025641028
2026-08-28,33,2780.0,PUT,0.9488058493402795,-0.21668660320186736,0.24858734866650684,27.8,29.3,28.55,0.05253940455341506
2026-08-28,33,2785.0,CALL,0.9505123346808195,0.779315371652989,0.2444322875686167,181.6,184.7,183.14999999999998,0.016926016926016897
2026-08-28,33,2785.0,PUT,0.9505123346808195,-0.2226094025847242,0.246541362704091,28.6,30.2,29.4,0.05442176870748292
2026-08-28,33,2790.0,PUT,0.9522188200213596,-0.22893560642631317,0.24484574554664554,29.6,31.1,30.35,0.049423393739703454
2026-08-28,33,2795.0,PUT,0.9539253053618997,-0.23534959986073267,0.2431561482801057,30.5,32.1,31.3,0.051118210862619855
2026-08-28,33,2800.0,CALL,0.9556317907024398,0.7600961127217306,0.2392008269825885,169.6,172.4,171.0,0.01637426900584802
2026-08-28,33,2800.0,PUT,0.9556317907024398,-0.2419980151411921,0.2416437159973302,31.5,33.1,32.3,0.04953560371517033
2026-08-28,33,2805.0,PUT,0.9573382760429798,-0.2487295164783901,0.24013670324211545,32.5,34.1,33.3,0.048048048048048096
2026-08-28,33,2810.0,PUT,0.9590447613835199,-0.2555454692986613,0.23863543673693643,33.5,35.1,34.3,0.046647230320699756
2026-08-28,33,2815.0,PUT,0.96075124672406,-0.2627132806169005,0.23748012752514883,34.6,36.2,35.400000000000006,0.045197740112994385
2026-08-28,33,2820.0,PUT,0.9624577320646001,-0.26982182660120624,0.23615927882679916,35.6,37.3,36.45,0.04663923182441689
2026-08-28,33,2825.0,PUT,0.9641642174051401,-0.2772577779589457,0.2351827146068002,36.8,38.4,37.599999999999994,0.04255319148936175
2026-08-28,33,2830.0,PUT,0.9658707027456802,-0.28463569791608595,0.23404062925829208,37.9,39.5,38.7,0.04134366925064603
2026-08-28,33,2835.0,PUT,0.9675771880862203,-0.29231391367060766,0.23324097976402533,39.1,40.7,39.900000000000006,0.04010025062656645
2026-08-28,33,2840.0,PUT,0.9692836734267604,-0.3000441997133193,0.23244449531890649,40.3,41.9,41.099999999999994,0.03892944038929445
2026-08-28,33,2850.0,PUT,0.9726966441078405,-0.3159576045643722,0.23136507882314242,42.8,44.5,43.65,0.038946162657502933
2026-08-28,33,2855.0,PUT,0.9744031294483806,-0.32401550527765144,0.2309124723822403,44.1,45.8,44.95,0.03781979977753049
2026-08-28,33,2860.0,PUT,0.9761096147889207,-0.3323281698137553,0.2291603626110836,45.5,47.2,46.35,0.03667745415318237
2026-08-28,33,2865.0,PUT,0.9778161001294607,-0.3407065577655533,0.22695279342836785,46.8,48.6,47.7,0.03773584905660386
2026-08-28,33,2870.0,PUT,0.9795225854700008,-0.34940671708842747,0.22504567327816566,48.3,50.0,49.15,0.03458799593082407
2026-08-28,33,2875.0,PUT,0.9812290708105409,-0.3583287439077977,0.22329179998265303,49.8,51.5,50.65,0.0335636722606121
2026-08-28,33,2880.0,PUT,0.982935556151081,-0.36739131980788003,0.2215450300939722,51.3,53.0,52.15,0.03259827420901252
2026-08-28,33,2880.0,CALL,0.982935556151081,0.633482870721354,0.21970560627234506,110.0,112.4,111.2,0.02158273381294969
2026-08-28,33,2885.0,PUT,0.9846420414916209,-0.3767227626065467,0.22009557343290875,52.8,54.7,53.75,0.03534883720930243
2026-08-28,33,2890.0,PUT,0.986348526832161,-0.3861770549435846,0.21865216260423587,54.4,56.3,55.349999999999994,0.03432700993676601
2026-08-28,33,2895.0,PUT,0.9880550121727011,-0.39575586192177564,0.21721482981625495,56.0,57.9,56.95,0.0333625987708516
2026-08-28,33,2895.0,CALL,0.9880550121727011,0.6048984348586585,0.21538532434924743,99.9,102.2,101.05000000000001,0.02276100940128646
2026-08-28,33,2900.0,PUT,0.9897614975132412,-0.40550596968723707,0.21592779309627472,57.7,59.5,58.6,0.030716723549488005
2026-08-28,33,2905.0,PUT,0.9914679828537812,-0.41541038436553895,0.21479017084530178,59.4,61.2,60.3,0.02985074626865679
2026-08-28,33,2910.0,PUT,0.9931744681943213,-0.42551574352532834,0.21408819397889178,61.2,63.1,62.150000000000006,0.030571198712791608
2026-08-28,33,2915.0,PUT,0.9948809535348614,-0.4356354570064873,0.2131027925030228,63.0,64.8,63.9,0.028169014084506998
2026-08-28,33,2920.0,PUT,0.9965874388754015,-0.4458856567807044,0.21240760769377443,64.8,66.7,65.75,0.02889733840304191
2026-08-28,33,2925.0,PUT,0.9982939242159415,-0.4562385757917226,0.21214337775295367,66.8,68.7,67.75,0.028044280442804513
2026-08-28,33,2930.0,PUT,1.0000004095564816,-0.4666062359709356,0.21159521356666466,68.7,70.6,69.65,0.027279253409906553
2026-08-28,33,2935.0,PUT,1.0017068948970218,-0.4771241752435151,0.20943208245904,70.7,72.7,71.7,0.02789400278940028
2026-08-28,33,2940.0,PUT,1.0034133802375618,-0.48786138899907433,0.207278787527068,72.8,74.7,73.75,0.025762711864406856
2026-08-28,33,2945.0,CALL,1.0051198655781017,0.5010274031330174,0.2038602626231843,69.3,71.2,70.25,0.02704626334519581
2026-08-28,33,2945.0,PUT,1.0051198655781017,-0.49880678356849595,0.20527677571937006,74.9,76.8,75.85,0.025049439683585913
2026-08-28,33,2950.0,CALL,1.006826350918642,0.4898294374341033,0.2021056341705783,66.5,68.4,67.45,0.028169014084507126
2026-08-28,33,2950.0,PUT,1.006826350918642,-0.5099182171751787,0.20356613463576848,77.1,79.0,78.05,0.02434336963484953
2026-08-28,33,2955.0,PUT,1.0085328362591819,-0.5211847352583738,0.20200426440666164,79.3,81.3,80.3,0.024906600249066005
2026-08-28,33,2955.0,CALL,1.0085328362591819,0.47843645989025113,0.2003594294017487,63.7,65.6,64.65,0.02938901778808958
2026-08-28,33,2960.0,CALL,1.010239321599722,0.4669673708600945,0.19904254555221154,61.1,62.9,62.0,0.029032258064516082
2026-08-28,33,2960.0,PUT,1.010239321599722,-0.5326255930323138,0.20044990122624498,81.6,83.5,82.55,0.02301635372501521
2026-08-28,33,2965.0,PUT,1.011945806940262,-0.5441462736180734,0.19918298138155482,83.9,85.9,84.9,0.02355712603062426
2026-08-28,33,2970.0,CALL,1.0136522922808022,0.4436881423350275,0.19670727397053853,55.9,57.7,56.8,0.0316901408450705
2026-08-28,33,2970.0,PUT,1.0136522922808022,-0.5557559387925906,0.19806184797315632,86.3,88.3,87.3,0.02290950744558992
2026-08-28,33,2975.0,PUT,1.0153587776213422,-0.5673654645047109,0.19722470468653513,88.8,90.8,89.8,0.022271714922048998
2026-08-28,33,2980.0,CALL,1.0170652629618824,0.4202320050054951,0.1950894233761416,50.9,52.8,51.849999999999994,0.03664416586306651
2026-08-28,33,2980.0,PUT,1.0170652629618824,-0.5789990069280261,0.19653056622565318,91.3,93.4,92.35,0.022739577693557212
2026-08-28,33,2990.0,PUT,1.0204782336429625,-0.602239043795293,0.19556711246125674,96.5,98.7,97.6,0.02254098360655741
2026-08-28,33,2990.0,CALL,1.0204782336429625,0.39675743278324194,0.19404027080759587,46.2,48.0,47.1,0.038216560509554076
2026-08-28,33,2995.0,CALL,1.0221847189835025,0.38516834502337244,0.1933383233568333,43.9,45.8,44.849999999999994,0.04236343366778147
2026-08-28,33,2995.0,PUT,1.0221847189835025,-0.6138974911869368,0.19481672542746628,99.0,101.5,100.25,0.02493765586034913
2026-08-28,33,3000.0,CALL,1.0238912043240427,0.3734807882682001,0.19115576178228907,41.7,43.6,42.650000000000006,0.04454865181711602
2026-08-28,33,3000.0,PUT,1.0238912043240427,-0.6253394082238564,0.19283969637092577,101.9,104.3,103.1,0.023278370514063933
2026-08-28,33,3005.0,PUT,1.0255976896645826,-0.6370184226239157,0.1908733138591189,104.7,107.2,105.95,0.023596035865974516
2026-08-28,33,3005.0,CALL,1.0255976896645826,0.36164544786102204,0.18914175342676642,39.6,41.4,40.5,0.04444444444444438
2026-08-28,33,3010.0,CALL,1.0273041750051228,0.34995463164795076,0.1876071896980056,37.6,39.4,38.5,0.04675324675324668
2026-08-28,33,3010.0,PUT,1.0273041750051228,-0.6486787653288255,0.18923001566708939,107.6,110.2,108.9,0.02387511478420577
2026-08-28,33,3015.0,PUT,1.0290106603456628,-0.6602604560317255,0.18790712519209213,110.5,113.4,111.95,0.025904421616793263
2026-08-28,33,3015.0,CALL,1.0290106603456628,0.33807165862496485,0.18608110924104362,35.6,37.4,36.5,0.04931506849315061
2026-08-28,33,3020.0,PUT,1.030717145686203,-0.6721572403616171,0.18643623016212013,113.5,116.4,114.95,0.02522836015658987
2026-08-28,33,3020.0,CALL,1.030717145686203,0.32614799704676556,0.18471872621531035,33.7,35.4,34.55,0.04920405209840799
2026-08-28,33,3025.0,CALL,1.032423631026743,0.31437951331288083,0.18367336532714842,31.8,33.6,32.7,0.055045871559633044
2026-08-28,33,3030.0,CALL,1.0341301163672831,0.3026535286744446,0.18278805895732217,30.0,31.8,30.9,0.05825242718446604
2026-08-28,33,3040.0,CALL,1.0375430870483633,0.27984532785740135,0.1817989077264594,26.7,28.4,27.549999999999997,0.061705989110707786
2026-08-28,33,3045.0,CALL,1.0392495723889033,0.2686577521717401,0.18153776609128958,25.1,26.8,25.950000000000003,0.06551059730250479
2026-08-28,33,3050.0,CALL,1.0409560577294434,0.25786769219626837,0.18158309216342317,23.6,25.3,24.450000000000003,0.0695296523517382
2026-08-28,33,3055.0,CALL,1.0426625430699834,0.24697813655492623,0.17965254314080323,22.1,23.8,22.950000000000003,0.07407407407407403
2026-08-28,33,3060.0,CALL,1.0443690284105234,0.2363056847404871,0.17785706716291824,20.7,22.4,21.549999999999997,0.07888631090487237
2026-08-28,33,3065.0,CALL,1.0460755137510636,0.22592879914934863,0.1764676911981844,19.4,21.1,20.25,0.08395061728395076
2026-08-28,33,3070.0,CALL,1.0477819990916035,0.21565710974058125,0.1752836510497681,18.2,19.8,19.0,0.08421052631578956
2026-08-28,33,3080.0,CALL,1.0511949697726837,0.19558126401387885,0.17352362240535832,15.8,17.5,16.65,0.10210210210210206
2026-08-28,33,3085.0,CALL,1.0529014551132239,0.1849296893741684,0.17235961713328263,14.8,16.0,15.4,0.07792207792207788
2026-08-28,33,3090.0,CALL,1.0546079404537638,0.17637485356241203,0.17256145342261411,13.7,15.3,14.5,0.11034482758620699
2026-08-28,33,3095.0,CALL,1.056314425794304,0.16783979170550078,0.17276220156206124,12.8,14.4,13.600000000000001,0.11764705882352937
2026-08-28,33,3100.0,CALL,1.058020911134844,0.15898823931353612,0.1727687437116476,11.9,13.4,12.65,0.11857707509881422
2026-08-28,33,3105.0,CALL,1.0597273964753842,0.15082344296183234,0.1726941329781448,11.0,12.6,11.8,0.13559322033898302
2026-08-28,33,3110.0,CALL,1.0614338818159241,0.14254927410962948,0.17087293226013528,10.2,11.7,10.95,0.13698630136986303
2026-08-28,33,3115.0,CALL,1.0631403671564643,0.13523834967843443,0.16992414079395987,9.5,11.0,10.25,0.14634146341463414
2026-08-28,33,3125.0,CALL,1.0665533378375445,0.11913888599682938,0.1671921028566211,8.1,9.3,8.7,0.13793103448275876
2026-08-28,33,3130.0,CALL,1.0682598231780844,0.11238633771039822,0.1668314744747663,7.5,8.7,8.1,0.14814814814814806
2026-08-28,33,3135.0,CALL,1.0699663085186246,0.10604090573095448,0.16675545179530585,6.9,8.2,7.55,0.172185430463576
2026-08-28,33,3140.0,CALL,1.0716727938591646,0.09924267966001309,0.1663983054400639,6.3,7.6,6.949999999999999,0.18705035971223022
2026-08-28,33,3145.0,CALL,1.0733792791997048,0.0933328637318248,0.16660473015399044,5.8,7.1,6.449999999999999,0.20155038759689922
2026-08-28,33,3150.0,PUT,1.0750857645402447,-0.9472830224147875,0.1395546388423127,206.8,217.6,212.2,0.050895381715362786
2026-08-28,33,3150.0,CALL,1.0750857645402447,0.08697033793337895,0.16653002435017733,5.4,6.4,5.9,0.1694915254237288
2026-08-28,33,3155.0,CALL,1.076792249880785,0.08203115709967168,0.1672935425232694,4.9,6.1,5.5,0.21818181818181806
2026-08-28,33,3160.0,CALL,1.078498735221325,0.07710462426904802,0.1665753934582283,4.5,5.7,5.1,0.23529411764705888
2026-08-28,33,3165.0,CALL,1.080205220561865,0.07210614902668615,0.16530757817073052,4.1,5.3,4.699999999999999,0.2553191489361703
2026-08-28,33,3170.0,CALL,1.081911705902405,0.06755453802971888,0.16452575321582685,3.8,4.9,4.35,0.25287356321839094
2026-08-28,33,3175.0,CALL,1.083618191242945,0.06295947555674342,0.1637492450898141,3.5,4.5,4.0,0.25
2026-08-28,33,3180.0,CALL,1.0853246765834852,0.05942352041095732,0.1639248374447294,3.2,4.3,3.75,0.2933333333333332
2026-08-28,33,3185.0,CALL,1.0870311619240252,0.055335713446912335,0.16362717481452818,2.9,4.0,3.45,0.31884057971014496
2026-08-28,33,3190.0,CALL,1.0887376472645653,0.05151959224231934,0.16356667927280952,2.65,3.7,3.175,0.3307086614173229
2026-08-28,33,3195.0,CALL,1.0904441326051053,0.04886062815060226,0.1644457726485883,2.4,3.6,3.0,0.4000000000000001
2026-08-28,33,3200.0,PUT,1.0921506179456455,-0.9825885261445825,0.13403342008109215,256.6,263.4,260.0,0.02615384615384598
2026-08-28,33,3200.0,CALL,1.0921506179456455,0.044175706369011226,0.16368074660262663,2.2,3.1,2.6500000000000004,0.3396226415094339
2026-08-28,33,3205.0,CALL,1.0938571032861855,0.041557272344761,0.16455460205831404,2.0,2.95,2.475,0.3838383838383839
2026-08-28,33,3210.0,CALL,1.0955635886267256,0.03896619041961044,0.16542456320644436,1.85,2.75,2.3,0.391304347826087
2026-08-28,33,3215.0,CALL,1.0972700739672656,0.036700991652096025,0.16590598156349856,1.7,2.6,2.15,0.4186046511627908
2026-08-28,33,3220.0,CALL,1.0989765593078058,0.03380177969006628,0.16437746386542043,1.55,2.35,1.9500000000000002,0.41025641025641024
2026-08-28,33,3225.0,CALL,1.1006830446483458,0.03117360699150532,0.16332217441335906,1.4,2.15,1.775,0.4225352112676057
2026-08-28,33,3230.0,CALL,1.102389529988886,0.029176069026353994,0.16319334110141576,1.25,2.05,1.65,0.48484848484848475
2026-08-28,33,3235.0,CALL,1.104096015329426,0.026837994421378384,0.1626072283634362,1.15,1.85,1.5,0.4666666666666668
2026-08-28,33,3240.0,CALL,1.105802500669966,0.02517154040705359,0.16293798000996787,1.05,1.75,1.4,0.5
2026-08-28,33,3245.0,CALL,1.107508986010506,0.023164591400072144,0.16281144099779038,0.95,1.6,1.275,0.5098039215686276
2026-08-28,33,3250.0,CALL,1.1092154713510463,0.021154546821959726,0.16268565558768616,0.85,1.45,1.15,0.5217391304347826
2026-08-31,36,1350.0,PUT,0.4607510419458192,-0.0008383973448440981,0.8428629416170722,0.0,0.3,0.15,2.0
2026-08-31,36,1400.0,PUT,0.4778158953512199,-0.0008772424555927852,0.8045803797948596,0.0,0.35,0.175,2.0
2026-08-31,36,1500.0,PUT,0.5119456021620213,-0.0010630685810474026,0.7369939098894693,0.0,0.4,0.2,2.0
2026-08-31,36,1600.0,PUT,0.5460753089728227,-0.0012784856262229908,0.6738771370881139,0.0,0.45,0.225,2.0
2026-08-31,36,1650.0,PUT,0.5631401623782234,-0.0014557063670634788,0.6462093940197069,0.05,0.5,0.275,1.6363636363636362
2026-08-31,36,1700.0,CALL,0.5802050157836242,0.9999999999996858,0.0021308089603486167,1222.7,1241.3,1232.0,0.015097402597402524
2026-08-31,36,1700.0,PUT,0.5802050157836242,-0.0017626338700973056,0.6241038738070113,0.1,0.55,0.325,1.3846153846153848
2026-08-31,36,1750.0,PUT,0.5972698691890249,-0.0022061826702427334,0.6073177555989019,0.15,0.65,0.4,1.25
2026-08-31,36,1800.0,PUT,0.6143347225944256,-0.002557690718746443,0.5864943051785286,0.2,0.7,0.44999999999999996,1.1111111111111112
2026-08-31,36,1850.0,PUT,0.6313995759998263,-0.0031671276399562478,0.5698636206043581,0.3,0.8,0.55,0.9090909090909091
2026-08-31,36,1900.0,PUT,0.648464429405227,-0.0038245934932976417,0.5450211286615908,0.4,0.9,0.65,0.7692307692307692
2026-08-31,36,1950.0,PUT,0.6655292828106277,-0.004540680424697616,0.5208681334056063,0.5,1.0,0.75,0.6666666666666666
2026-08-31,36,2000.0,PUT,0.6825941362160284,-0.005574966272977791,0.5005349982158237,0.65,1.15,0.8999999999999999,0.5555555555555555
2026-08-31,36,2050.0,PUT,0.6996589896214291,-0.006691609959764562,0.4807638637673156,0.8,1.3,1.05,0.47619047619047616
2026-08-31,36,2100.0,PUT,0.7167238430268298,-0.008154853608133937,0.4646186138648021,1.0,1.5,1.25,0.4
2026-08-31,36,2120.0,PUT,0.7235497843889901,-0.00886930763950941,0.45951454226619426,1.1,1.6,1.35,0.37037037037037035
2026-08-31,36,2130.0,PUT,0.7269627550700702,-0.009232254037177907,0.45698459880868814,1.15,1.65,1.4,0.35714285714285715
2026-08-31,36,2150.0,PUT,0.7337886964322305,-0.009974869083990125,0.44805035521391595,1.25,1.75,1.5,0.3333333333333333
2026-08-31,36,2180.0,PUT,0.744027608475471,-0.011409083638224812,0.43479370829386255,1.45,1.95,1.7,0.29411764705882354
2026-08-31,36,2200.0,PUT,0.7508535498376313,-0.012237902437601634,0.4252091389887863,1.55,2.05,1.7999999999999998,0.2777777777777777
2026-08-31,36,2200.0,CALL,0.7508535498376313,0.9758062832289914,0.4931369761462624,736.7,748.3,742.5,0.0156228956228955
2026-08-31,36,2210.0,PUT,0.7542665205187113,-0.012930070179018873,0.4217431760474282,1.65,2.15,1.9,0.2631578947368421
2026-08-31,36,2220.0,PUT,0.7576794911997915,-0.013369072920537977,0.41700922361165893,1.7,2.2,1.9500000000000002,0.2564102564102565
2026-08-31,36,2230.0,PUT,0.7610924618808717,-0.013950943320339795,0.41294159606137376,1.75,2.3,2.025,0.27160493827160487
2026-08-31,36,2240.0,PUT,0.7645054325619518,-0.01454398753274033,0.40889537783953306,1.85,2.35,2.1,0.23809523809523808
2026-08-31,36,2250.0,PUT,0.767918403243032,-0.015148451566995656,0.4048704653301233,1.9,2.45,2.175,0.25287356321839094
2026-08-31,36,2270.0,PUT,0.7747443446051923,-0.016527305889348406,0.39752095618034244,2.1,2.6,2.35,0.2127659574468085
2026-08-31,36,2280.0,PUT,0.7781573152862724,-0.017302584899405067,0.3941934164722194,2.2,2.7,2.45,0.2040816326530612
2026-08-31,36,2290.0,PUT,0.7815702859673526,-0.018090641642497508,0.39088405978039203,2.3,2.8,2.55,0.19607843137254904
2026-08-31,36,2300.0,PUT,0.7849832566484327,-0.018891696864993052,0.387592808972033,2.4,2.9,2.65,0.18867924528301888
2026-08-31,36,2310.0,PUT,0.7883962273295129,-0.019705975796767083,0.3843195893701413,2.5,3.0,2.75,0.18181818181818182
2026-08-31,36,2320.0,PUT,0.7918091980105929,-0.02080073649970573,0.3823232472687995,2.6,3.2,2.9000000000000004,0.20689655172413793
2026-08-31,36,2330.0,PUT,0.7952221686916731,-0.021641822060169597,0.3790830213322275,2.7,3.3,3.0,0.19999999999999987
2026-08-31,36,2340.0,PUT,0.7986351393727532,-0.022496781771304524,0.3758606192946249,2.8,3.4,3.0999999999999996,0.19354838709677424
2026-08-31,36,2350.0,PUT,0.8020481100538334,-0.02349810307111964,0.3732809767010869,2.95,3.5,3.225,0.17054263565891467
2026-08-31,36,2360.0,PUT,0.8054610807349135,-0.02451282707076264,0.3707160575132902,3.0,3.7,3.35,0.20895522388059706
2026-08-31,36,2370.0,PUT,0.8088740514159937,-0.02567369317047739,0.3674040355218303,3.2,3.8,3.5,0.17142857142857132
2026-08-31,36,2380.0,PUT,0.8122870220970738,-0.026861393916575375,0.36281497864994167,3.3,4.0,3.65,0.19178082191780826
2026-08-31,36,2390.0,PUT,0.815699992778154,-0.028078747981490567,0.3582492006847513,3.5,4.1,3.8,0.15789473684210517
2026-08-31,36,2400.0,CALL,0.8191129634592341,0.9563964371289553,0.3902054921449512,539.4,552.0,545.7,0.023089609675645998
2026-08-31,36,2400.0,PUT,0.8191129634592341,-0.029326677696435516,0.3537066519942888,3.6,4.3,3.95,0.17721518987341764
2026-08-31,36,2410.0,PUT,0.8225259341403143,-0.030873538104380264,0.34980468155121014,3.8,4.5,4.15,0.16867469879518074
2026-08-31,36,2420.0,PUT,0.8259389048213944,-0.032454598802823136,0.34592347404724055,4.0,4.7,4.35,0.1609195402298851
2026-08-31,36,2430.0,CALL,0.8293518755024746,0.9512442447687192,0.3794304682962344,510.0,523.0,516.5,0.02516940948693127
2026-08-31,36,2430.0,PUT,0.8293518755024746,-0.03407074777037461,0.3420630003655012,4.2,4.9,4.550000000000001,0.15384615384615385
2026-08-31,36,2440.0,PUT,0.8327648461835546,-0.035722901228731965,0.3382232361302836,4.4,5.1,4.75,0.14736842105263143
2026-08-31,36,2450.0,CALL,0.8361778168646348,0.9520140126691511,0.3604148078898799,490.5,501.6,496.05,0.022376776534623572
2026-08-31,36,2450.0,PUT,0.8361778168646348,-0.03741200461815059,0.3344041617985982,4.6,5.3,4.949999999999999,0.14141414141414146
2026-08-31,36,2460.0,CALL,0.8395907875457149,0.9493203197028754,0.3591477211357495,480.5,492.5,486.5,0.024665981500513873
2026-08-31,36,2470.0,PUT,0.8430037582267951,-0.0411724008813842,0.32743773022677053,5.0,5.8,5.4,0.1481481481481481
2026-08-31,36,2480.0,CALL,0.8464167289078752,0.9465537145825194,0.3494020619057382,461.0,472.6,466.8,0.024850042844901506
2026-08-31,36,2480.0,PUT,0.8464167289078752,-0.04350977158045888,0.3248958552310535,5.3,6.1,5.699999999999999,0.14035087719298245
2026-08-31,36,2490.0,PUT,0.8498296995889554,-0.045356194293699956,0.32115561665042563,5.5,6.3,5.9,0.13559322033898302
2026-08-31,36,2500.0,PUT,0.8532426702700355,-0.047770947051612625,0.31864685865969644,5.8,6.6,6.199999999999999,0.12903225806451613
2026-08-31,36,2500.0,CALL,0.8532426702700355,0.9422767054709329,0.3429307556811321,441.9,452.9,447.4,0.024586499776486366
2026-08-31,36,2510.0,PUT,0.8566556409511157,-0.05048227336448101,0.3167567578592585,6.1,7.0,6.55,0.13740458015267182
2026-08-31,36,2520.0,CALL,0.8600686116321958,0.9382388017002629,0.33154791802399886,422.2,433.6,427.9,0.026641738724001017
2026-08-31,36,2520.0,PUT,0.8600686116321958,-0.05296970446918073,0.31427639426425613,6.4,7.3,6.85,0.13138686131386854
2026-08-31,36,2530.0,PUT,0.863481582313276,-0.05574850881170871,0.3124113931705233,6.8,7.6,7.199999999999999,0.11111111111111109
2026-08-31,36,2540.0,PUT,0.8668945529943561,-0.058813383580309894,0.3098703973869529,7.2,8.0,7.6,0.10526315789473682
2026-08-31,36,2550.0,CALL,0.8703075236754362,0.9279637383367351,0.32019658737789913,393.9,405.0,399.45,0.027788208787082297
2026-08-31,36,2550.0,PUT,0.8703075236754362,-0.062203112653116135,0.30593024252131085,7.7,8.4,8.05,0.08695652173913045
2026-08-31,36,2560.0,PUT,0.8737204943565163,-0.06543107758925876,0.3016667950864773,8.0,8.9,8.45,0.10650887573964501
2026-08-31,36,2570.0,PUT,0.8771334650375965,-0.06874994153461621,0.2974267965020626,8.4,9.3,8.850000000000001,0.10169491525423731
2026-08-31,36,2580.0,CALL,0.8805464357186766,0.9132271108952806,0.3148427742316096,364.7,379.0,371.85,0.0384563668145758
2026-08-31,36,2580.0,PUT,0.8805464357186766,-0.07265998945080467,0.2938979987023567,8.9,9.8,9.350000000000001,0.09625668449197863
2026-08-31,36,2590.0,PUT,0.8839594063997568,-0.07666361975647314,0.2903898350448529,9.4,10.3,9.850000000000001,0.09137055837563454
2026-08-31,36,2600.0,PUT,0.8873723770808369,-0.08125156032967196,0.28758667885850325,10.0,10.9,10.45,0.08612440191387563
2026-08-31,36,2600.0,CALL,0.8873723770808369,0.9104285372252733,0.29976552221666264,346.0,357.5,351.75,0.032693674484719264
2026-08-31,36,2605.0,PUT,0.889078862421377,-0.08333652890717938,0.2858499239270397,10.2,11.2,10.7,0.09345794392523366
2026-08-31,36,2610.0,PUT,0.8907853477619171,-0.08568776372105855,0.2844596489068825,10.5,11.5,11.0,0.09090909090909091
2026-08-31,36,2610.0,CALL,0.8907853477619171,0.9057997377948664,0.2970391166737774,336.2,348.6,342.4,0.03621495327102814
2026-08-31,36,2620.0,CALL,0.8941983184429972,0.9013045389610655,0.2939904497426954,327.0,339.0,333.0,0.036036036036036036
2026-08-31,36,2620.0,PUT,0.8941983184429972,-0.09069610071540815,0.28203249283352416,11.2,12.1,11.649999999999999,0.0772532188841202
2026-08-31,36,2625.0,PUT,0.8959048037835373,-0.0931145183106415,0.28065482682948373,11.5,12.4,11.95,0.07531380753138078
2026-08-31,36,2630.0,PUT,0.8976112891240774,-0.09578979716002779,0.27962090969024805,11.8,12.8,12.3,0.08130081300813008
2026-08-31,36,2640.0,PUT,0.9010242598051575,-0.10119901371953137,0.27756329947338926,12.5,13.5,13.0,0.07692307692307693
2026-08-31,36,2645.0,PUT,0.9027307451456976,-0.10415899368160808,0.27687745265932895,12.9,13.9,13.4,0.07462686567164178
2026-08-31,36,2650.0,CALL,0.9044372304862377,0.8845919741780522,0.289173495971603,299.4,311.5,305.45,0.03961368472745138
2026-08-31,36,2650.0,PUT,0.9044372304862377,-0.10713340861821609,0.27619396574531063,13.3,14.3,13.8,0.07246376811594203
2026-08-31,36,2655.0,PUT,0.9061437158267778,-0.11012229038165577,0.2755128342769814,13.7,14.7,14.2,0.07042253521126761
2026-08-31,36,2660.0,CALL,0.9078502011673177,0.8763123416043733,0.28737163391016046,289.9,303.9,296.9,0.04715392388009431
2026-08-31,36,2660.0,PUT,0.9078502011673177,-0.11312567058627701,0.2748340538048745,14.1,15.1,14.6,0.0684931506849315
2026-08-31,36,2665.0,PUT,0.9095566865078578,-0.11614537941335827,0.2736513014583721,14.5,15.5,15.0,0.06666666666666667
2026-08-31,36,2670.0,PUT,0.9112631718483979,-0.11963303849501991,0.2718534514279441,15.0,16.0,15.5,0.06451612903225806
2026-08-31,36,2675.0,PUT,0.912969657188938,-0.12274350117492455,0.26961465949998437,15.4,16.4,15.899999999999999,0.06289308176100618
2026-08-31,36,2680.0,PUT,0.914676142529478,-0.12632740405946774,0.26782857157428225,15.9,16.9,16.4,0.060975609756097456
2026-08-31,36,2685.0,PUT,0.9163826278700181,-0.13037651144820392,0.2664935044460448,16.4,17.6,17.0,0.07058823529411781
2026-08-31,36,2690.0,CALL,0.9180891132105582,0.8558398252380844,0.27605840763264167,262.8,277.0,269.9,0.052612078547610186
2026-08-31,36,2690.0,PUT,0.9180891132105582,-0.13363942744001078,0.2642733035001286,16.9,17.9,17.4,0.0574712643678161
2026-08-31,36,2695.0,PUT,0.9197955985510983,-0.1373690428999143,0.26250416270087434,17.4,18.4,17.9,0.0558659217877095
2026-08-31,36,2700.0,CALL,0.9215020838916383,0.8479016034519857,0.2732172465942621,254.2,268.0,261.1,0.05285331290693225
2026-08-31,36,2700.0,PUT,0.9215020838916383,-0.14135260423265902,0.26096254396085455,17.9,19.0,18.45,0.05962059620596214
2026-08-31,36,2705.0,PUT,0.9232085692321784,-0.14538308009543457,0.25942602879226684,18.5,19.5,19.0,0.05263157894736842
2026-08-31,36,2710.0,PUT,0.9249150545727185,-0.14966020103632846,0.25811582233076025,19.1,20.1,19.6,0.0510204081632653
2026-08-31,36,2715.0,PUT,0.9266215399132586,-0.15378404654746894,0.25658924182431686,19.6,20.7,20.15,0.054590570719602875
2026-08-31,36,2720.0,CALL,0.9283280252537986,0.8382464567236823,0.25945125257580065,236.2,247.1,241.64999999999998,0.04510655907303955
2026-08-31,36,2720.0,PUT,0.9283280252537986,-0.1583445423606617,0.2555088705580011,20.3,21.3,20.8,0.04807692307692307
2026-08-31,36,2725.0,PUT,0.9300345105943387,-0.16294335850793085,0.2544323138225093,20.9,22.0,21.45,0.05128205128205135
2026-08-31,36,2730.0,PUT,0.9317409959348788,-0.16739320262361737,0.25313975686434265,21.5,22.6,22.05,0.04988662131519281
2026-08-31,36,2730.0,CALL,0.9317409959348788,0.8230857921739365,0.2648043314046425,227.4,242.0,234.7,0.06220707285896888
2026-08-31,36,2735.0,PUT,0.9334474812754189,-0.17225708298647305,0.2522906556189015,22.2,23.3,22.75,0.048351648351648416
2026-08-31,36,2740.0,CALL,0.935153966615959,0.816308572130519,0.2596337970548208,219.1,231.6,225.35,0.05546927002440648
2026-08-31,36,2740.0,PUT,0.935153966615959,-0.17715337006561108,0.2514446497560565,22.9,24.0,23.45,0.04690831556503205
2026-08-31,36,2745.0,PUT,0.936860451956499,-0.1820822119371487,0.25060173781849343,23.6,24.7,24.15,0.04554865424430633
2026-08-31,36,2750.0,PUT,0.9385669372970391,-0.18738989679353366,0.2501985583013984,24.4,25.5,24.95,0.04408817635270547
2026-08-31,36,2750.0,CALL,0.9385669372970391,0.8042394972869934,0.26124779703880197,210.7,224.4,217.55,0.0629740289588601
2026-08-31,36,2755.0,PUT,0.9402734226375792,-0.19237692207653775,0.24936107868041124,25.1,26.2,25.65,0.04288499025341123
2026-08-31,36,2755.0,CALL,0.9402734226375792,0.7988719332358678,0.2611811608942443,206.0,220.9,213.45,0.06980557507613028
2026-08-31,36,2760.0,CALL,0.9419799079781193,0.7996811705061337,0.2524319971150373,201.7,213.0,207.35,0.05449722691102007
2026-08-31,36,2760.0,PUT,0.9419799079781193,-0.19772697424882457,0.24896176720978136,25.9,27.0,26.45,0.04158790170132331
2026-08-31,36,2765.0,PUT,0.9436863933186593,-0.20309389672732267,0.2485639790147848,26.7,27.8,27.25,0.04036697247706427
2026-08-31,36,2770.0,PUT,0.9453928786591993,-0.20881719962246434,0.24710794803703395,27.6,28.7,28.15,0.039076376554173994
2026-08-31,36,2770.0,CALL,0.9453928786591993,0.7962985780545639,0.24170988835620977,195.3,198.1,196.7,0.014234875444839772
2026-08-31,36,2775.0,CALL,0.9470993639997394,0.7904649096034598,0.23998614493196618,191.2,194.0,192.6,0.014537902388369738
2026-08-31,36,2775.0,PUT,0.9470993639997394,-0.2143132702986875,0.24497858904727182,28.4,29.5,28.95,0.03799654576856654
2026-08-31,36,2780.0,CALL,0.9488058493402795,0.7847002955566937,0.23797613514702753,187.0,189.9,188.45,0.015388697267179655
2026-08-31,36,2780.0,PUT,0.9488058493402795,-0.2202102094620119,0.24318708308560397,29.3,30.4,29.85,0.03685092127303175
2026-08-31,36,2785.0,PUT,0.9505123346808195,-0.22634362497213223,0.2415669337095698,30.2,31.4,30.799999999999997,0.03896103896103894
2026-08-31,36,2790.0,CALL,0.9522188200213596,0.7727219395156235,0.23414250235930395,178.8,181.6,180.2,0.015538290788013226
2026-08-31,36,2790.0,PUT,0.9522188200213596,-0.23241335160711032,0.23978785394258648,31.1,32.3,31.7,0.03785488958990523
2026-08-31,36,2795.0,PUT,0.9539253053618997,-0.23871603368503055,0.2381794986985995,32.1,33.2,32.650000000000006,0.03369065849923434
2026-08-31,36,2800.0,PUT,0.9556317907024398,-0.24524352946087322,0.2367416300410183,33.1,34.2,33.650000000000006,0.03268945022288265
2026-08-31,36,2800.0,CALL,0.9556317907024398,0.7593198294287634,0.2314879089121845,170.9,173.7,172.3,0.016250725478815918
2026-08-31,36,2805.0,PUT,0.9573382760429798,-0.2518500103547419,0.2353089590799933,34.1,35.2,34.650000000000006,0.03174603174603178
2026-08-31,36,2810.0,PUT,0.9590447613835199,-0.2588001365892315,0.23420900939571787,35.2,36.3,35.75,0.03076923076923061
2026-08-31,36,2810.0,CALL,0.9590447613835199,0.7457472218134163,0.2286900956797321,163.2,165.5,164.35,0.013994523881959302
2026-08-31,36,2815.0,PUT,0.96075124672406,-0.2656878440127201,0.23294995384514697,36.2,37.4,36.8,0.0326086956521738
2026-08-31,36,2820.0,PUT,0.9624577320646001,-0.2727728197912023,0.23185882339302244,37.3,38.5,37.9,0.03166226912928768
2026-08-31,36,2820.0,CALL,0.9624577320646001,0.731452723463667,0.2264037336304814,155.2,157.9,156.55,0.01724688597892058
2026-08-31,36,2825.0,PUT,0.9641642174051401,-0.2799239512090959,0.23077196686620285,38.5,39.5,39.0,0.02564102564102564
2026-08-31,36,2830.0,PUT,0.9658707027456802,-0.287484228324611,0.23017675611810942,39.7,40.8,40.25,0.02732919254658371
2026-08-31,36,2830.0,CALL,0.9658707027456802,0.7166298612626507,0.22446095400247076,147.6,150.1,148.85,0.016795431642593214
2026-08-31,36,2835.0,PUT,0.9675771880862203,-0.2948650891557204,0.22925969698696771,40.8,42.0,41.4,0.02898550724637688
2026-08-31,36,2840.0,CALL,0.9692836734267604,0.701331872388458,0.22285804077015572,140.1,142.4,141.25,0.016283185840708043
2026-08-31,36,2840.0,PUT,0.9692836734267604,-0.302512910734537,0.2286699529777485,42.1,43.2,42.650000000000006,0.025791324736225116
2026-08-31,36,2845.0,PUT,0.9709901587673004,-0.3101996274696746,0.22808261615541106,43.3,44.5,43.9,0.027334851936218745
2026-08-31,36,2845.0,CALL,0.9709901587673004,0.6932872492057843,0.22254659233690643,136.5,138.7,137.6,0.015988372093023173
2026-08-31,36,2850.0,PUT,0.9726966441078405,-0.3179252984411637,0.22749768227441103,44.6,45.7,45.150000000000006,0.024363233665559276
2026-08-31,36,2850.0,CALL,0.9726966441078405,0.685319387660936,0.2220751422176081,132.9,134.9,133.9,0.014936519790888723
2026-08-31,36,2855.0,CALL,0.9744031294483806,0.6770382913569485,0.22208865478605874,129.4,131.3,130.35000000000002,0.014576141158419681
2026-08-31,36,2855.0,PUT,0.9744031294483806,-0.3259599369925333,0.22693871845033148,46.0,47.1,46.55,0.023630504833512384
2026-08-31,36,2860.0,PUT,0.9761096147889207,-0.33401287166167837,0.2248269716190789,47.3,48.5,47.9,0.025052192066805905
2026-08-31,36,2860.0,CALL,0.9761096147889207,0.6687901731692243,0.22027895917008788,125.8,127.7,126.75,0.014990138067061188
2026-08-31,36,2865.0,PUT,0.9778161001294607,-0.3422983856897303,0.22286375679823098,48.7,49.9,49.3,0.024340770791074967
2026-08-31,36,2870.0,CALL,0.9795225854700008,0.6516776569174507,0.21655497579746463,118.6,120.7,119.65,0.017551190973673286
2026-08-31,36,2870.0,PUT,0.9795225854700008,-0.35073060218534974,0.22090840110147758,50.1,51.3,50.7,0.023668639053254354
2026-08-31,36,2875.0,PUT,0.9812290708105409,-0.359454459627211,0.21924037758022322,51.6,52.8,52.2,0.022988505747126353
2026-08-31,36,2875.0,CALL,0.9812290708105409,0.642899724925174,0.21470454283186682,115.3,116.9,116.1,0.01378122308354874
2026-08-31,36,2880.0,PUT,0.982935556151081,-0.36837709035104904,0.21771868474903552,53.1,54.4,53.75,0.024186046511627854
2026-08-31,36,2880.0,CALL,0.982935556151081,0.6337631486891001,0.21328042459818558,111.7,113.7,112.7,0.01774622892635315
2026-08-31,36,2885.0,PUT,0.9846420414916209,-0.3774245072792563,0.21620338926047994,54.7,55.9,55.3,0.021699819168173522
2026-08-31,36,2885.0,CALL,0.9846420414916209,0.6245043733661375,0.21186245435845735,108.3,110.3,109.3,0.018298261665141813
2026-08-31,36,2890.0,CALL,0.986348526832161,0.6150641698626403,0.2105895837974778,105.1,106.8,105.94999999999999,0.0160453043888627
2026-08-31,36,2890.0,PUT,0.986348526832161,-0.38665352616970744,0.21483338136803898,56.3,57.5,56.9,0.02108963093145875
2026-08-31,36,2895.0,CALL,0.9880550121727011,0.6055617940478875,0.20918371567140523,101.8,103.3,102.55,0.01462701121404193
2026-08-31,36,2895.0,PUT,0.9880550121727011,-0.3960491518738999,0.21360782790314137,57.9,59.2,58.55,0.022203245089667024
2026-08-31,36,2900.0,PUT,0.9897614975132412,-0.4055520486874735,0.21238761011469662,59.6,60.8,60.2,0.019933554817275677
2026-08-31,36,2900.0,CALL,0.9897614975132412,0.5958865791882045,0.20792241402377787,98.5,99.9,99.2,0.014112903225806508
2026-08-31,36,2905.0,PUT,0.9914679828537812,-0.4152382899611548,0.21144867372817044,61.3,62.6,61.95,0.02098466505246173
2026-08-31,36,2910.0,CALL,0.9931744681943213,0.5759534090522261,0.20638075048643278,92.1,93.6,92.85,0.01615508885298869
2026-08-31,36,2910.0,PUT,0.9931744681943213,-0.4250410649622419,0.21065156301014845,63.1,64.4,63.75,0.020392156862745165
2026-08-31,36,2915.0,CALL,0.9948809535348614,0.5658631175279324,0.20568389862667122,88.9,90.5,89.7,0.017837235228539514
2026-08-31,36,2915.0,PUT,0.9948809535348614,-0.4349422148702711,0.20999536639544575,64.9,66.3,65.6,0.02134146341463402
2026-08-31,36,2920.0,PUT,0.9965874388754015,-0.4449044597244661,0.2093421190316782,66.8,68.1,67.44999999999999,0.019273535952557413
2026-08-31,36,2920.0,CALL,0.9965874388754015,0.5556855409220186,0.20512732275540363,85.9,87.3,86.6,0.01616628175519621
2026-08-31,36,2925.0,CALL,0.9982939242159415,0.5454535419318306,0.20457332292976002,82.8,84.2,83.5,0.016766467065868332
2026-08-31,36,2925.0,PUT,0.9982939242159415,-0.45494018834832056,0.20882855175388398,68.7,70.0,69.35,0.018745493871665426
2026-08-31,36,2930.0,CALL,1.0000004095564816,0.5351479813763683,0.20443071216204065,79.8,81.3,80.55,0.0186219739292365
2026-08-31,36,2930.0,PUT,1.0000004095564816,-0.46504170388589244,0.2087261088800027,70.7,72.1,71.4,0.01960784313725478
2026-08-31,36,2935.0,PUT,1.0017068948970218,-0.4752501147767013,0.20652984665907267,72.7,74.1,73.4,0.01907356948228871
2026-08-31,36,2940.0,PUT,1.0034133802375618,-0.4856621633697965,0.20461532933809387,74.8,76.2,75.5,0.01854304635761597
2026-08-31,36,2940.0,CALL,1.0034133802375618,0.5140970870708361,0.20037646808776163,74.0,75.4,74.7,0.0187416331994646
2026-08-31,36,2945.0,PUT,1.0051198655781017,-0.4962704662379634,0.20270980609225442,76.9,78.3,77.6,0.018041237113401953
2026-08-31,36,2950.0,CALL,1.006826350918642,0.49222677421042427,0.19663149656193138,68.3,69.6,68.94999999999999,0.018854242204495972
2026-08-31,36,2950.0,PUT,1.006826350918642,-0.5070570871939968,0.20094851091387536,79.1,80.4,79.75,0.016300940438871616
2026-08-31,36,2955.0,PUT,1.0085328362591819,-0.5179741168808154,0.19946533555726692,81.3,82.7,82.0,0.017073170731707388
2026-08-31,36,2960.0,PUT,1.010239321599722,-0.5290164014072642,0.19812386364526388,83.6,85.0,84.3,0.01660735468564657
2026-08-31,36,2960.0,CALL,1.010239321599722,0.4697853303260264,0.19386462279736105,62.9,64.2,63.55,0.020456333595594088
2026-08-31,36,2965.0,CALL,1.011945806940262,0.4583713930491488,0.19262572833973943,60.2,61.6,60.900000000000006,0.022988505747126412
2026-08-31,36,2965.0,PUT,1.011945806940262,-0.5401630316962286,0.19692312202301235,85.9,87.4,86.65,0.017311021350259664
2026-08-31,36,2970.0,PUT,1.0136522922808022,-0.5513922905235128,0.19586211860832078,88.3,89.8,89.05,0.016844469399213927
2026-08-31,36,2970.0,CALL,1.0136522922808022,0.44692075184999575,0.19166059264016355,57.7,59.0,58.35,0.02227934875749781
2026-08-31,36,2975.0,CALL,1.0153587776213422,0.435355550255798,0.19070040111226566,55.2,56.4,55.8,0.021505376344085947
2026-08-31,36,2975.0,PUT,1.0153587776213422,-0.5627424360304123,0.19480640665383525,90.7,92.2,91.45,0.016402405686167305
2026-08-31,36,2980.0,CALL,1.0170652629618824,0.4238884645088364,0.19014419441763372,52.7,54.1,53.400000000000006,0.026217228464419446
2026-08-31,36,2980.0,PUT,1.0170652629618824,-0.5740086402062267,0.19415528882534472,93.2,94.8,94.0,0.01702127659574462
2026-08-31,36,2985.0,PUT,1.0187717483024223,-0.585273224351462,0.1936401829333064,95.8,97.4,96.6,0.016563146997929695
2026-08-31,36,2985.0,CALL,1.0187717483024223,0.41235507119685816,0.18959083526955098,50.3,51.7,51.0,0.027450980392156973
2026-08-31,36,2990.0,PUT,1.0204782336429625,-0.5965128445165536,0.1932600713271126,98.4,100.1,99.25,0.017128463476070416
2026-08-31,36,2990.0,CALL,1.0204782336429625,0.40084265288982274,0.18917263755235939,48.0,49.3,48.65,0.026721479958889974
2026-08-31,36,2995.0,CALL,1.0221847189835025,0.38947072320892706,0.1889781778262374,45.7,47.1,46.400000000000006,0.030172413793103415
2026-08-31,36,2995.0,PUT,1.0221847189835025,-0.607704243366854,0.19301394349024398,101.1,102.8,101.94999999999999,0.016674840608141277
2026-08-31,36,3000.0,PUT,1.0238912043240427,-0.6189926175637517,0.19120840435809877,103.8,105.5,104.65,0.01624462494027714
2026-08-31,36,3000.0,CALL,1.0238912043240427,0.3779483772557144,0.18675352821547425,43.5,44.8,44.15,0.029445073612683968
2026-08-31,36,3005.0,PUT,1.0255976896645826,-0.6301074648203491,0.18948772952961265,106.6,108.5,107.55,0.01766620176662023
2026-08-31,36,3010.0,PUT,1.0273041750051228,-0.6413053131495035,0.1879261337682958,109.5,111.5,110.5,0.01809954751131222
2026-08-31,36,3010.0,CALL,1.0273041750051228,0.35482494024213695,0.1832390670330806,39.3,40.6,39.95,0.03254067584480611
2026-08-31,36,3015.0,PUT,1.0290106603456628,-0.6526904169200243,0.18637316422374897,112.4,114.5,113.45,0.018510356985456097
2026-08-31,36,3015.0,CALL,1.0290106603456628,0.3432029193558067,0.18179494172529967,37.3,38.6,37.95,0.03425559947299089
2026-08-31,36,3020.0,CALL,1.030717145686203,0.33169055830803346,0.18065619508252737,35.4,36.7,36.05,0.03606102635228861
2026-08-31,36,3020.0,PUT,1.030717145686203,-0.664125054575307,0.18497763979633022,115.4,117.5,116.45,0.01803349076857015
2026-08-31,36,3025.0,PUT,1.032423631026743,-0.6755813511087957,0.1837382647871734,118.4,120.6,119.5,0.018410041841004088
2026-08-31,36,3025.0,CALL,1.032423631026743,0.31987539058941183,0.17937592653210682,33.5,34.7,34.1,0.035190615835777206
2026-08-31,36,3030.0,CALL,1.0341301163672831,0.3085651542323663,0.17869355877307955,31.7,33.0,32.35,0.04018547140649152
2026-08-31,36,3030.0,PUT,1.0341301163672831,-0.6868699979079907,0.18280158207428315,121.5,123.8,122.65,0.01875254790052994
2026-08-31,36,3040.0,PUT,1.0375430870483633,-0.7088931939977998,0.1816788765413487,128.0,130.4,129.2,0.0185758513931889
2026-08-31,36,3040.0,CALL,1.0375430870483633,0.28587459249112657,0.17748715798114517,28.3,29.5,28.9,0.041522491349480946
2026-08-31,36,3045.0,CALL,1.0392495723889033,0.27490758558651124,0.177254878310332,26.7,27.9,27.299999999999997,0.04395604395604393
2026-08-31,36,3050.0,PUT,1.0409560577294434,-0.730789848603785,0.1808608041249222,134.7,137.0,135.85,0.016930437983069646
2026-08-31,36,3050.0,CALL,1.0409560577294434,0.26411749045333166,0.1771694975867086,25.2,26.3,25.75,0.0427184466019418
2026-08-31,36,3055.0,CALL,1.0426625430699834,0.2537244983080866,0.17649964875228966,23.7,24.9,24.299999999999997,0.04938271604938269
2026-08-31,36,3060.0,CALL,1.0443690284105234,0.24337605782042543,0.17479643435368272,22.3,23.5,22.9,0.0524017467248908
2026-08-31,36,3060.0,PUT,1.0443690284105234,-0.7508222819628699,0.17973169645672496,141.7,144.3,143.0,0.01818181818181834
2026-08-31,36,3065.0,CALL,1.0460755137510636,0.23282374177764384,0.17310430494855197,20.9,22.1,21.5,0.055813953488372224
2026-08-31,36,3070.0,CALL,1.0477819990916035,0.22257667538756443,0.17179961105179886,19.6,20.8,20.200000000000003,0.05940594059405936
2026-08-31,36,3070.0,PUT,1.0477819990916035,-0.7707680001668876,0.1768372977100035,149.0,151.6,150.3,0.017298735861610074
2026-08-31,36,3075.0,CALL,1.0494884844321437,0.21244244060780812,0.17069082506953012,18.4,19.5,18.95,0.05804749340369401
2026-08-31,36,3080.0,CALL,1.0511949697726837,0.202457949400673,0.16977596445911947,17.2,18.3,17.75,0.06197183098591557
2026-08-31,36,3085.0,CALL,1.0529014551132239,0.19295228114085655,0.16923926645807047,16.1,17.2,16.65,0.06606606606606594
2026-08-31,36,3090.0,PUT,1.0546079404537638,-0.8211810581834342,0.1659618884728926,158.0,169.0,163.5,0.0672782874617737
2026-08-31,36,3090.0,CALL,1.0546079404537638,0.18338673793837304,0.1687058488824333,15.0,16.1,15.55,0.07073954983922838
2026-08-31,36,3095.0,CALL,1.056314425794304,0.17439030086435636,0.1685457196432945,14.0,15.1,14.55,0.0756013745704467
2026-08-31,36,3100.0,CALL,1.058020911134844,0.16570053432089252,0.1685710225878824,13.1,14.1,13.6,0.07352941176470588
2026-08-31,36,3100.0,PUT,1.058020911134844,-0.840252698456092,0.16524178368054235,166.0,176.7,171.35,0.06244528742340233
2026-08-31,36,3105.0,CALL,1.0597273964753842,0.1573454902972146,0.168780185961938,12.2,13.2,12.7,0.07874015748031496
2026-08-31,36,3110.0,PUT,1.0614338818159241,-0.8579215698593008,0.16244565543053174,174.0,184.9,179.45,0.06074115352465871
2026-08-31,36,3110.0,CALL,1.0614338818159241,0.14966491076448374,0.16830004511473426,11.4,12.4,11.9,0.08403361344537814
2026-08-31,36,3115.0,CALL,1.0631403671564643,0.14187146401315692,0.16685944832358207,10.6,11.6,11.1,0.0900900900900901
2026-08-31,36,3120.0,CALL,1.0648468524970043,0.13394203600009777,0.1654291592116172,9.8,10.8,10.3,0.0970873786407767
2026-08-31,36,3125.0,CALL,1.0665533378375445,0.12626588367936306,0.16428089265720724,9.1,10.0,9.55,0.09424083769633511
2026-08-31,36,3130.0,CALL,1.0682598231780844,0.11969503335061032,0.16395271008134366,8.5,9.4,8.95,0.10055865921787714
2026-08-31,36,3135.0,CALL,1.0699663085186246,0.11226726159028051,0.1630869993966357,7.8,8.7,8.25,0.10909090909090903
2026-08-31,36,3140.0,CALL,1.0716727938591646,0.10562058301200451,0.162764706417859,7.2,8.1,7.65,0.11764705882352934
2026-08-31,36,3145.0,CALL,1.0733792791997048,0.09982530935860981,0.16298043765877268,6.7,7.6,7.15,0.1258741258741258
2026-08-31,36,3150.0,CALL,1.0750857645402447,0.0935983031870118,0.16292763354011267,6.2,7.0,6.6,0.12121212121212119
2026-08-31,36,3150.0,PUT,1.0750857645402447,-0.9307904164455357,0.14526526287850544,206.6,218.6,212.6,0.05644402634054563
2026-08-31,36,3155.0,CALL,1.076792249880785,0.08828005650880982,0.16340825252548147,5.7,6.6,6.15,0.14634146341463405
2026-08-31,36,3160.0,CALL,1.078498735221325,0.08299255076919193,0.16388633564898458,5.3,6.1,5.699999999999999,0.14035087719298245
2026-08-31,36,3165.0,CALL,1.080205220561865,0.07865233183197708,0.16378809358606353,4.9,5.8,5.35,0.16822429906542047
2026-08-31,36,3170.0,CALL,1.081911705902405,0.0737900091614505,0.1625965799041406,4.5,5.4,4.95,0.18181818181818188
2026-08-31,36,3175.0,CALL,1.083618191242945,0.06885572244789014,0.16141398090036746,4.1,5.0,4.55,0.19780219780219788
2026-08-31,36,3180.0,CALL,1.0853246765834852,0.06489355587137238,0.16114459211237778,3.8,4.7,4.25,0.21176470588235302
2026-08-31,36,3185.0,CALL,1.0870311619240252,0.0603850951709451,0.16042617089196273,3.5,4.3,3.9,0.2051282051282051
2026-08-31,36,3190.0,CALL,1.0887376472645653,0.05692949279339138,0.16061093438408916,3.2,4.1,3.65,0.24657534246575327
2026-08-31,36,3195.0,CALL,1.0904441326051053,0.053481797464370755,0.16079465183584782,3.0,3.8,3.4,0.23529411764705876
2026-08-31,36,3200.0,CALL,1.0921506179456455,0.05032226470643329,0.16120082995881144,2.75,3.6,3.175,0.2677165354330709
2026-08-31,36,3205.0,CALL,1.0938571032861855,0.04660975408769138,0.16115896054182505,2.5,3.3,2.9,0.2758620689655172
2026-08-31,36,3210.0,CALL,1.0955635886267256,0.04376265636386285,0.16178429110957143,2.3,3.1,2.7,0.2962962962962964
2026-08-31,36,3215.0,CALL,1.0972700739672656,0.04064614047471574,0.16218460897800557,2.1,2.85,2.475,0.30303030303030304
2026-08-31,36,3220.0,CALL,1.0989765593078058,0.038133040918698555,0.1630258337481007,1.95,2.65,2.3,0.30434782608695654
2026-08-31,36,3225.0,CALL,1.1006830446483458,0.035922700162230536,0.1626343706743395,1.8,2.5,2.15,0.3255813953488372
2026-08-31,36,3230.0,CALL,1.102389529988886,0.03338945600095469,0.16164174639733664,1.65,2.3,1.9749999999999999,0.3291139240506329
2026-08-31,36,3235.0,CALL,1.104096015329426,0.031141544705588702,0.1610942685529137,1.5,2.15,1.825,0.3561643835616438
2026-08-31,36,3240.0,CALL,1.105802500669966,0.029200515713758146,0.1609868446020695,1.4,2.0,1.7,0.3529411764705883
2026-08-31,36,3250.0,CALL,1.1092154713510463,0.025310697656777417,0.1607739433791392,1.15,1.75,1.45,0.4137931034482759
2026-08-31,36,3255.0,CALL,1.1109219566915862,0.023361945225108437,0.16066845615362707,1.05,1.6,1.3250000000000002,0.4150943396226415
2026-08-31,36,3260.0,CALL,1.1126284420321264,0.02209342188622011,0.1614264398898851,0.95,1.55,1.25,0.4800000000000001
2026-08-31,36,3265.0,CALL,1.1143349273726664,0.02083670318053027,0.16218107673407983,0.9,1.45,1.175,0.4680851063829786
2026-08-31,36,3270.0,CALL,1.1160414127132066,0.01924755569644213,0.16250212584755594,0.8,1.35,1.0750000000000002,0.5116279069767441
2026-08-31,36,3275.0,CALL,1.1177478980537465,0.018012054255502383,0.16325085251481902,0.75,1.25,1.0,0.5
2026-08-31,36,3280.0,CALL,1.1194543833942865,0.01678770741386767,0.16399636985495072,0.65,1.2,0.925,0.5945945945945945
2026-08-31,36,3285.0,CALL,1.1211608687348267,0.015574295168265487,0.1647387243876042,0.6,1.1,0.8500000000000001,0.5882352941176471
2026-08-31,36,3295.0,CALL,1.1245738394159068,0.013133364610836964,0.16275022296694402,0.45,0.95,0.7,0.7142857142857143
2026-08-31,36,3300.0,CALL,1.1262803247564468,0.0122626162894985,0.16256717022555087,0.4,0.9,0.65,0.7692307692307692
2026-08-31,36,3310.0,CALL,1.129693295437527,0.010515226271082978,0.16220438087450062,0.3,0.8,0.55,0.9090909090909091
2026-08-31,36,3315.0,CALL,1.1313997807780671,0.00963860706796359,0.16202462937894724,0.25,0.75,0.5,1.0
2026-08-31,36,3320.0,CALL,1.133106266118607,0.008760053346352267,0.16184596347724775,0.2,0.7,0.44999999999999996,1.1111111111111112
2026-08-31,36,3325.0,CALL,1.1348127514591473,0.00827974964947563,0.1626402988886906,0.2,0.65,0.42500000000000004,1.0588235294117647
2026-08-31,36,3330.0,CALL,1.1365192367996872,0.00780409872007612,0.16343150207478516,0.15,0.65,0.4,1.25
2026-08-31,36,3340.0,CALL,1.1399322074807674,0.006866383086132545,0.16500468769631904,0.1,0.6,0.35,1.4285714285714286
2026-08-31,36,3345.0,CALL,1.1416386928213076,0.006000496319411432,0.1648191259963484,0.05,0.55,0.30000000000000004,1.6666666666666665
2026-08-31,36,3350.0,CALL,1.1433451781618476,0.005946189484469037,0.1665658606508982,0.05,0.55,0.30000000000000004,1.6666666666666665
2026-08-31,36,3355.0,CALL,1.1450516635023877,0.00549245073727859,0.1673420438952298,0.05,0.5,0.275,1.6363636363636362
2026-08-31,36,3360.0,CALL,1.1467581488429277,0.005040846142072565,0.16694269401464631,0.0,0.5,0.25,2.0
2026-08-31,36,3365.0,CALL,1.148464634183468,0.004996834534470777,0.1685096927545094,0.0,0.45,0.225,2.0
2026-08-31,36,3370.0,CALL,1.1501711195240079,0.004953707556600344,0.1700734761853393,0.0,0.45,0.225,2.0
2026-08-31,36,3375.0,CALL,1.151877604864548,0.004911438214770669,0.17163407847052917,0.0,0.45,0.225,2.0
2026-08-31,36,3380.0,CALL,1.153584090205088,0.004466323389627874,0.17054379067835584,0.0,0.45,0.225,2.0
2026-08-31,36,3385.0,CALL,1.1552905755456282,0.004428646570833784,0.1720965967234428,0.0,0.45,0.225,2.0
2026-08-31,36,3390.0,CALL,1.1569970608861682,0.004391703996131326,0.1736463729298011,0.0,0.45,0.225,2.0
2026-08-31,36,3400.0,CALL,1.1604100315672483,0.004319935803717627,0.17673694989663383,0.0,0.4,0.2,2.0
2026-08-31,36,3415.0,CALL,1.1655294875888684,0.004217275890482993,0.1813507832271625,0.0,0.4,0.2,2.0
2026-08-31,36,3430.0,CALL,1.1706489436104888,0.003733148408961988,0.18329052632007858,0.0,0.4,0.2,2.0
2026-08-31,36,3440.0,CALL,1.174061914291569,0.0036765808900809157,0.18633277234538634,0.0,0.4,0.2,2.0
2026-08-31,36,3450.0,CALL,1.177474884972649,0.004364918540025456,0.19468170870545,0.0,0.4,0.2,2.0
2026-08-31,36,3500.0,CALL,1.1945397383780498,0.004072638161915113,0.20969727333579316,0.0,0.25,0.125,2.0
2026-08-31,36,3550.0,CALL,1.2116045917834504,0.0028248652524383274,0.21645662595710077,0.0,0.25,0.125,2.0
2026-08-31,36,3600.0,CALL,1.2286694451888511,0.003299453527263266,0.23629738997331276,0.0,0.25,0.125,2.0
2026-08-31,36,3650.0,CALL,1.2457342985942519,0.003126109192758307,0.25058812125111873,0.0,0.25,0.125,2.0
2026-08-31,36,3700.0,CALL,1.2627991519996526,0.001489772126379358,0.25081123434499364,0.0,0.25,0.125,2.0
2026-08-31,36,3750.0,CALL,1.2798640054050532,0.004126262650626429,0.29194345883884587,0.0,0.25,0.125,2.0
2026-08-31,36,3850.0,CALL,1.3139937122158547,0.003335833071328119,0.31367954016561744,0.0,0.25,0.125,2.0
2026-08-31,36,3900.0,CALL,1.3310585656212555,0.0027481151549294176,0.3216334972808247,0.0,0.25,0.125,2.0
2026-09-04,40,2665.0,PUT,0.9095566865078578,-0.12827343680751613,0.2734864933386693,17.5,18.6,18.05,0.06094182825484772
2026-09-04,40,2670.0,PUT,0.9112631718483979,-0.13166901632603997,0.2717798307624997,18.0,19.1,18.55,0.05929919137466315
2026-09-04,40,2675.0,PUT,0.912969657188938,-0.13510710333672254,0.27007852703802954,18.5,19.6,19.05,0.05774278215223105
2026-09-04,40,2680.0,PUT,0.914676142529478,-0.13877717517544808,0.26859441250607247,19.1,20.1,19.6,0.0510204081632653
2026-09-04,40,2685.0,PUT,0.9163826278700181,-0.14230060120553378,0.26690359500368727,19.6,20.6,20.1,0.04975124378109452
2026-09-04,40,2690.0,PUT,0.9180891132105582,-0.14605382489805507,0.26542942393469454,20.1,21.2,20.65,0.053268765133171816
2026-09-04,40,2695.0,PUT,0.9197955985510983,-0.15003172186842834,0.26417102569854095,20.7,21.8,21.25,0.05176470588235301
2026-09-04,40,2700.0,PUT,0.9215020838916383,-0.15404727833241713,0.2629168687086972,21.3,22.4,21.85,0.05034324942791752
2026-09-04,40,2705.0,PUT,0.9232085692321784,-0.15810084307522265,0.26166695862061545,21.9,23.0,22.45,0.04899777282850786
2026-09-04,40,2710.0,PUT,0.9249150545727185,-0.1621927674981835,0.26042130122251356,22.5,23.6,23.05,0.04772234273318878
2026-09-04,40,2725.0,PUT,0.9300345105943387,-0.17537507336614633,0.2575458692162478,24.5,25.6,25.05,0.04391217564870265
2026-09-04,40,2730.0,PUT,0.9317409959348788,-0.17994342630043894,0.25673324403334424,25.2,26.3,25.75,0.0427184466019418
2026-09-04,40,2745.0,PUT,0.936860451956499,-0.1944379181244805,0.2551430427226077,27.5,28.6,28.05,0.03921568627450985
2026-09-04,40,2750.0,PUT,0.9385669372970391,-0.19925868503657662,0.25454783974935247,28.3,29.3,28.8,0.034722222222222224
2026-09-04,40,2755.0,PUT,0.9402734226375792,-0.20439783426918087,0.25388350882351013,29.1,30.2,29.65,0.03709949409780769
2026-09-04,40,2765.0,PUT,0.9436863933186593,-0.215014676952679,0.250282338619012,30.8,32.0,31.4,0.03821656050955412
2026-09-04,40,2770.0,PUT,0.9453928786591993,-0.2202272790612567,0.2482547981940617,31.6,32.8,32.2,0.03726708074534148
2026-09-04,40,2775.0,PUT,0.9470993639997394,-0.2258014781039951,0.2465485587495673,32.5,33.7,33.1,0.036253776435045404
2026-09-04,40,2780.0,PUT,0.9488058493402795,-0.23158823423428535,0.24500525928558348,33.5,34.6,34.05,0.0323054331864905
2026-09-04,40,2790.0,PUT,0.9522188200213596,-0.2433813324712056,0.24193521821050307,35.4,36.5,35.95,0.030598052851182233
2026-09-04,40,2800.0,PUT,0.9556317907024398,-0.2558436171832213,0.23935521524935705,37.4,38.6,38.0,0.03157894736842113
2026-09-04,40,2830.0,PUT,0.9658707027456802,-0.29626899174013965,0.23389056875737013,44.2,45.5,44.85,0.028985507246376746
2026-09-04,40,2835.0,PUT,0.9675771880862203,-0.3032986640273232,0.23317174849035413,45.4,46.7,46.05,0.02823018458197621
2026-09-04,40,2900.0,PUT,0.9897614975132412,-0.40789669564982894,0.21627756585208585,64.6,65.9,65.25,0.019923371647509753
2026-09-04,40,2910.0,PUT,0.9931744681943213,-0.4260619197544383,0.21449618089022734,68.1,69.4,68.75,0.018909090909091073
2026-09-04,40,2915.0,PUT,0.9948809535348614,-0.43530013447307525,0.2138722501646609,69.9,71.3,70.6,0.01983002832861178
2026-09-04,40,2920.0,PUT,0.9965874388754015,-0.4445914932316613,0.21325106229248542,71.8,73.1,72.44999999999999,0.017943409247757038
2026-09-04,40,2935.0,CALL,1.0017068948970218,0.5271231936354737,0.20693413906479508,83.1,84.7,83.9,0.019070321811680672
2026-09-04,40,2935.0,PUT,1.0017068948970218,-0.4728662288479522,0.21057786333324832,77.7,79.1,78.4,0.01785714285714275
2026-09-04,40,2940.0,PUT,1.0034133802375618,-0.4825556688911763,0.2086296680826068,79.8,81.1,80.44999999999999,0.016159105034182688
2026-09-04,40,2940.0,CALL,1.0034133802375618,0.5172675716512894,0.20507102951873707,80.3,81.7,81.0,0.017283950617284022
2026-09-04,40,2950.0,PUT,1.006826350918642,-0.5024093449783525,0.20527382512367612,84.1,85.4,84.75,0.015339233038348216
2026-09-04,40,2965.0,CALL,1.011945806940262,0.4658470084648872,0.19792708636244224,66.6,68.0,67.3,0.02080237741456175
2026-09-04,40,2980.0,CALL,1.0170652629618824,0.4339588286280766,0.19529252786090792,59.0,60.4,59.7,0.02345058626465659
2026-09-04,40,3000.0,PUT,1.0238912043240427,-0.6062900233054501,0.19699031062292074,108.6,110.3,109.44999999999999,0.015532206486980385
2026-09-04,40,3050.0,CALL,1.0409560577294434,0.2854583045714965,0.18224454865482084,30.5,31.7,31.1,0.03858520900321541
2026-09-04,40,3100.0,CALL,1.058020911134844,0.19071648399591556,0.17378010120704215,17.1,18.3,17.700000000000003,0.06779661016949147
2026-09-04,40,3105.0,CALL,1.0597273964753842,0.1821457980312078,0.17344776951209395,16.1,17.2,16.65,0.06606606606606594
2026-09-04,40,3105.0,PUT,1.0597273964753842,-0.8192839347721949,0.17256585351539247,172.1,185.5,178.8,0.07494407158836691
2026-09-04,40,3110.0,CALL,1.0614338818159241,0.17383451818914777,0.1732923347940647,15.1,16.2,15.649999999999999,0.07028753993610222
2026-09-04,40,3125.0,CALL,1.0665533378375445,0.15068098215244866,0.17281923168042507,12.4,13.5,12.95,0.08494208494208492
2026-09-04,40,3130.0,CALL,1.0682598231780844,0.1434793883039535,0.1714531349115586,11.6,12.7,12.149999999999999,0.09053497942386829
2026-09-04,40,3135.0,CALL,1.0699663085186246,0.13616185602421463,0.17009636980488152,10.8,11.9,11.350000000000001,0.09691629955947133
2026-09-04,40,3140.0,CALL,1.0716727938591646,0.12908505809677473,0.16900610896144866,10.1,11.1,10.6,0.09433962264150944
2026-09-04,40,3145.0,CALL,1.0733792791997048,0.12302448610067003,0.16869187665511673,9.5,10.5,10.0,0.1
2026-09-04,40,3150.0,CALL,1.0750857645402447,0.11656326857761225,0.1681240394008754,8.8,9.9,9.350000000000001,0.11764705882352935
2026-09-04,40,3160.0,CALL,1.078498735221325,0.10391065693579647,0.1672527490748498,7.6,8.6,8.1,0.1234567901234568
2026-09-04,40,3170.0,CALL,1.081911705902405,0.09321672762560305,0.16765341113567525,6.6,7.6,7.1,0.14084507042253522
2026-09-04,40,3175.0,CALL,1.083618191242945,0.08788863379354328,0.16785212414538134,6.1,7.1,6.6,0.15151515151515152
2026-09-04,40,3180.0,CALL,1.0853246765834852,0.08300185337123095,0.16830096122839308,5.7,6.6,6.15,0.14634146341463405
2026-09-04,40,3185.0,CALL,1.0870311619240252,0.07854545095101971,0.16758563560412054,5.3,6.2,5.75,0.15652173913043485
2026-09-04,40,3205.0,CALL,1.0938571032861855,0.06209757504942152,0.16483368944819277,3.9,4.8,4.35,0.20689655172413793
2026-09-18,54,1250.0,PUT,0.42662133513501777,-0.0008451721452578091,0.7623753230821213,0.0,0.4,0.2,2.0
2026-09-18,54,1250.0,CALL,0.42662133513501777,0.9999999999997891,0.002600166078732582,1670.2,1686.6,1678.4,0.009771210676834998
2026-09-18,54,1300.0,PUT,0.44368618854041847,-0.0009668991985688174,0.7328936814218282,0.0,0.45,0.225,2.0
2026-09-18,54,1350.0,PUT,0.4607510419458192,-0.0010973338406979334,0.7045610880922846,0.05,0.5,0.275,1.6363636363636362
2026-09-18,54,1400.0,PUT,0.4778158953512199,-0.0013244128421009466,0.6815898770556579,0.1,0.55,0.325,1.3846153846153848
2026-09-18,54,1450.0,PUT,0.4948807487566206,-0.0015658765120656582,0.6594729739011705,0.15,0.6,0.375,1.2
2026-09-18,54,1500.0,PUT,0.5119456021620213,-0.00199990256732709,0.6464510283929508,0.25,0.7,0.475,0.9473684210526315
2026-09-18,54,1550.0,PUT,0.529010455567422,-0.002275067680887085,0.6257560898634512,0.3,0.75,0.525,0.8571428571428571
2026-09-18,54,1600.0,PUT,0.5460753089728227,-0.002744957418357853,0.6120244127315585,0.4,0.85,0.625,0.72
2026-09-18,54,1650.0,PUT,0.5631401623782234,-0.0032443451327473075,0.5880654893231083,0.5,0.95,0.725,0.6206896551724137
2026-09-18,54,1700.0,PUT,0.5802050157836242,-0.003782578147713123,0.5648620866874647,0.6,1.05,0.825,0.5454545454545455
2026-09-18,54,1750.0,PUT,0.5972698691890249,-0.004554444149532226,0.5451734017970752,0.75,1.2,0.975,0.4615384615384615
2026-09-18,54,1800.0,PUT,0.6143347225944256,-0.005380050283958271,0.5260922946013834,0.9,1.35,1.125,0.4000000000000001
2026-09-18,54,1850.0,PUT,0.6313995759998263,-0.006458482942640617,0.5103138249976731,1.1,1.55,1.3250000000000002,0.3396226415094339
2026-09-18,54,1900.0,PUT,0.648464429405227,-0.007600821185806442,0.4950176982338157,1.3,1.75,1.525,0.29508196721311475
2026-09-18,54,1930.0,PUT,0.6587033414484674,-0.008434760807748989,0.48766115982725466,1.45,1.9,1.6749999999999998,0.26865671641791045
2026-09-18,54,1940.0,PUT,0.6621163121295476,-0.008814423763373632,0.4861357566633959,1.5,2.0,1.75,0.2857142857142857
2026-09-18,54,1950.0,CALL,0.6655292828106277,0.9948460298360924,0.4350433756165297,985.4,997.6,991.5,0.01230458900655577
2026-09-18,54,1950.0,PUT,0.6655292828106277,-0.009101786620950413,0.48164166390678187,1.55,2.05,1.7999999999999998,0.2777777777777777
2026-09-18,54,1960.0,PUT,0.6689422534917079,-0.009491646957385547,0.47773886355326484,1.65,2.1,1.875,0.2400000000000001
2026-09-18,54,1970.0,PUT,0.672355224172788,-0.009789968318823611,0.47329327675726013,1.7,2.15,1.9249999999999998,0.23376623376623376
2026-09-18,54,1980.0,PUT,0.6757681948538681,-0.010093616664819564,0.46887228271381143,1.75,2.2,1.975,0.22784810126582286
2026-09-18,54,1990.0,PUT,0.6791811655349482,-0.010402700657826225,0.46447568702228204,1.8,2.25,2.025,0.2222222222222222
2026-09-18,54,2000.0,PUT,0.6825941362160284,-0.010816956352649485,0.46066455915970683,1.85,2.35,2.1,0.23809523809523808
2026-09-18,54,2010.0,PUT,0.6860071068971085,-0.01123786482289036,0.4568749352830116,1.95,2.4,2.175,0.20689655172413793
2026-09-18,54,2020.0,PUT,0.6894200775781887,-0.011565183634995101,0.45254799486524483,2.0,2.45,2.225,0.20224719101123603
2026-09-18,54,2030.0,PUT,0.6928330482592688,-0.011999376113872291,0.44880220182387814,2.05,2.55,2.3,0.2173913043478261
2026-09-18,54,2040.0,PUT,0.696246018940349,-0.01244056681744437,0.44507744905815017,2.15,2.6,2.375,0.18947368421052638
2026-09-18,54,2050.0,PUT,0.6996589896214291,-0.012990281506920116,0.44192842242196745,2.25,2.7,2.475,0.18181818181818188
2026-09-18,54,2060.0,PUT,0.7030719603025093,-0.013446166234332538,0.4382440537114887,2.3,2.8,2.55,0.19607843137254904
2026-09-18,54,2070.0,PUT,0.7064849309835894,-0.013909405876429807,0.434580305430943,2.4,2.85,2.625,0.17142857142857149
2026-09-18,54,2080.0,PUT,0.7098979016646696,-0.014380126315688701,0.4309370413608479,2.45,2.95,2.7,0.18518518518518517
2026-09-18,54,2090.0,PUT,0.7133108723457497,-0.015063086905197566,0.42841349369051246,2.55,3.1,2.825,0.19469026548672574
2026-09-18,54,2100.0,PUT,0.7167238430268298,-0.015651987299090602,0.4253566338392855,2.65,3.2,2.925,0.18803418803418814
2026-09-18,54,2110.0,PUT,0.7201368137079099,-0.01604432529837423,0.42122326370046126,2.75,3.2,2.975,0.15126050420168072
2026-09-18,54,2120.0,PUT,0.7235497843889901,-0.016649670623752562,0.4182040314455504,2.85,3.3,3.075,0.14634146341463405
2026-09-18,54,2130.0,PUT,0.7269627550700702,-0.017263434788089758,0.41520212366296394,2.95,3.4,3.175,0.14173228346456684
2026-09-18,54,2140.0,PUT,0.7303757257511504,-0.017988237096849862,0.4127605672435125,3.0,3.6,3.3,0.18181818181818185
2026-09-18,54,2150.0,CALL,0.7337886964322305,0.9820451184601225,0.40630438259677387,791.0,798.9,794.95,0.009937731932825935
2026-09-18,54,2150.0,PUT,0.7337886964322305,-0.018619148383427372,0.4097916923633932,3.1,3.7,3.4000000000000004,0.17647058823529413
2026-09-18,54,2160.0,PUT,0.7372016671133107,-0.01925880320938656,0.40683984030178844,3.2,3.8,3.5,0.17142857142857132
2026-09-18,54,2170.0,PUT,0.7406146377943909,-0.01990731706505868,0.4039049131898053,3.3,3.9,3.5999999999999996,0.1666666666666667
2026-09-18,54,2170.0,CALL,0.7406146377943909,0.9893999620059433,0.3599982120501516,766.8,780.0,773.4,0.017067494181536132
2026-09-18,54,2180.0,PUT,0.744027608475471,-0.020768619969266093,0.4020623925259666,3.5,4.0,3.75,0.13333333333333333
2026-09-18,54,2190.0,PUT,0.7474405791565512,-0.021637570007130225,0.4002310664930921,3.6,4.2,3.9000000000000004,0.15384615384615385
2026-09-18,54,2200.0,CALL,0.7508535498376313,0.987988282142488,0.34913117685964185,737.0,750.5,743.75,0.01815126050420168
2026-09-18,54,2200.0,PUT,0.7508535498376313,-0.022312995762965436,0.39734119119956196,3.7,4.3,4.0,0.1499999999999999
2026-09-18,54,2210.0,PUT,0.7542665205187113,-0.022997702476270195,0.39446788183817016,3.8,4.4,4.1,0.14634146341463428
2026-09-18,54,2220.0,PUT,0.7576794911997915,-0.02409262610826477,0.393046260643828,4.0,4.6,4.3,0.13953488372093015
2026-09-18,54,2230.0,PUT,0.7610924618808717,-0.024801205103219936,0.3884470833255328,4.1,4.7,4.4,0.13636363636363646
2026-09-18,54,2240.0,PUT,0.7645054325619518,-0.02593044928512712,0.38493155616080343,4.3,4.9,4.6,0.1304347826086958
2026-09-18,54,2250.0,PUT,0.767918403243032,-0.026674687387226205,0.38037729301401557,4.4,5.0,4.7,0.127659574468085
2026-09-18,54,2260.0,PUT,0.7713313739241121,-0.02784438325559965,0.37690228977557694,4.6,5.2,4.9,0.12244897959183683
2026-09-18,54,2260.0,CALL,0.7713313739241121,0.9815157316493088,0.3418966180566816,677.2,693.0,685.1,0.023062326667639695
2026-09-18,54,2270.0,PUT,0.7747443446051923,-0.02883105106074214,0.37291946785702734,4.7,5.4,5.050000000000001,0.13861386138613863
2026-09-18,54,2280.0,PUT,0.7781573152862724,-0.03004334730583856,0.36948352293612374,4.9,5.6,5.25,0.1333333333333332
2026-09-18,54,2290.0,CALL,0.7815702859673526,0.9696453294086937,0.3637207362647872,653.0,662.4,657.7,0.014292230500228032
2026-09-18,54,2290.0,PUT,0.7815702859673526,-0.031277766532602315,0.36606643021834573,5.1,5.8,5.449999999999999,0.12844036697247713
2026-09-18,54,2300.0,PUT,0.7849832566484327,-0.03253475137570441,0.3626681214629897,5.3,6.0,5.65,0.12389380530973454
2026-09-18,54,2300.0,CALL,0.7849832566484327,0.9649569736829227,0.3691732356433992,643.6,654.0,648.8,0.016029593094944478
2026-09-18,54,2310.0,CALL,0.7883962273295129,0.9659079292047127,0.3599944099602571,633.4,643.6,638.5,0.015974941268598348
2026-09-18,54,2310.0,PUT,0.7883962273295129,-0.03381475505608753,0.3592885314740782,5.5,6.2,5.85,0.11965811965811969
2026-09-18,54,2320.0,CALL,0.7918091980105929,0.9667042075696644,0.3513693197312042,623.6,632.9,628.25,0.014803024273776291
2026-09-18,54,2320.0,PUT,0.7918091980105929,-0.035118241627261404,0.35592759808721813,5.7,6.4,6.050000000000001,0.11570247933884299
2026-09-18,54,2330.0,CALL,0.7952221686916731,0.962093434184496,0.3563131301021743,613.8,624.8,619.3,0.017761989342806397
2026-09-18,54,2330.0,PUT,0.7952221686916731,-0.03644568624094587,0.3525852621924292,5.9,6.6,6.25,0.11199999999999989
2026-09-18,54,2340.0,CALL,0.7986351393727532,0.9634327461800719,0.34618895545187167,604.2,613.6,608.9000000000001,0.015437674494990927
2026-09-18,54,2340.0,PUT,0.7986351393727532,-0.037797575411946366,0.349261467752625,6.1,6.8,6.449999999999999,0.10852713178294578
2026-09-18,54,2350.0,PUT,0.8020481100538334,-0.039585310969719165,0.34699165287541384,6.4,7.1,6.75,0.1037037037037036
2026-09-18,54,2350.0,CALL,0.8020481100538334,0.9620751734527616,0.3428438959633261,594.4,603.9,599.15,0.015855795710590002
2026-09-18,54,2360.0,PUT,0.8054610807349135,-0.04098763748749835,0.34370253413771884,6.6,7.3,6.949999999999999,0.1007194244604317
2026-09-18,54,2360.0,CALL,0.8054610807349135,0.9738627136236714,0.3098383258418905,578.6,594.5,586.55,0.02710766345580083
2026-09-18,54,2370.0,PUT,0.8088740514159937,-0.04282417904161998,0.34146238595910655,6.9,7.6,7.25,0.09655172413793094
2026-09-18,54,2370.0,CALL,0.8088740514159937,0.9578273742115324,0.33982078056923265,574.8,585.2,580.0,0.017931034482758776
2026-09-18,54,2380.0,CALL,0.8122870220970738,0.9584799161187565,0.33137450921667966,565.0,574.5,569.75,0.016673979815708645
2026-09-18,54,2380.0,PUT,0.8122870220970738,-0.04448179761025661,0.3387217574635164,7.1,7.9,7.5,0.10666666666666676
2026-09-18,54,2390.0,PUT,0.815699992778154,-0.04636711676331371,0.33650974681126145,7.4,8.2,7.8,0.10256410256410244
2026-09-18,54,2390.0,CALL,0.815699992778154,0.9570162856087586,0.3281070951102043,555.2,564.8,560.0,0.01714285714285698
2026-09-18,54,2400.0,PUT,0.8191129634592341,-0.048276549563014054,0.3343110655827699,7.7,8.5,8.1,0.09876543209876541
2026-09-18,54,2400.0,CALL,0.8191129634592341,0.9542637366775504,0.32793556997974105,545.9,555.2,550.55,0.016892198710380654
2026-09-18,54,2410.0,CALL,0.8225259341403143,0.9521231766148891,0.32623228503778606,535.8,546.1,540.95,0.019040576763102075
2026-09-18,54,2410.0,PUT,0.8225259341403143,-0.0502103518685959,0.3321256655323913,8.0,8.8,8.4,0.09523809523809532
2026-09-18,54,2420.0,CALL,0.8259389048213944,0.9503696186219922,0.3235201157773054,526.1,536.4,531.25,0.01938823529411756
2026-09-18,54,2420.0,PUT,0.8259389048213944,-0.05216878147303099,0.32995349942684676,8.3,9.1,8.7,0.09195402298850563
2026-09-18,54,2430.0,PUT,0.8293518755024746,-0.05454138637528546,0.32880888562545135,8.7,9.5,9.1,0.08791208791208799
2026-09-18,54,2430.0,CALL,0.8293518755024746,0.9485877671990619,0.32082396952007236,516.4,526.7,521.55,0.01974882561595258
2026-09-18,54,2440.0,CALL,0.8327648461835546,0.9465743142891575,0.3186512011753145,506.7,517.1,511.9,0.02031646806016807
2026-09-18,54,2440.0,PUT,0.8327648461835546,-0.05655176307217731,0.32530443975862827,9.0,9.8,9.4,0.08510638297872347
2026-09-18,54,2450.0,CALL,0.8361778168646348,0.9443335768514167,0.3166662117489247,497.4,507.2,502.29999999999995,0.019510252836950053
2026-09-18,54,2450.0,PUT,0.8361778168646348,-0.059001579212690884,0.32161213957425583,9.4,10.2,9.8,0.08163265306122437
2026-09-18,54,2460.0,CALL,0.8395907875457149,0.9418480730653885,0.312978196776148,487.6,497.9,492.75,0.020903094875697522
2026-09-18,54,2460.0,PUT,0.8395907875457149,-0.061507170698946644,0.3179401672001885,9.8,10.6,10.2,0.07843137254901951
2026-09-18,54,2470.0,CALL,0.8430037582267951,0.9393043799663483,0.309310651108113,478.0,488.4,483.2,0.021523178807946974
2026-09-18,54,2470.0,PUT,0.8430037582267951,-0.0640700320056118,0.3142885239555275,10.2,11.0,10.6,0.07547169811320761
2026-09-18,54,2480.0,PUT,0.8464167289078752,-0.06688577677811312,0.31094774275373993,10.6,11.5,11.05,0.08144796380090501
2026-09-18,54,2480.0,CALL,0.8464167289078752,0.9377108197817655,0.30420745496730034,468.4,478.4,473.4,0.021123785382340516
2026-09-18,54,2490.0,PUT,0.8498296995889554,-0.06956777366062733,0.3073361749549442,11.0,11.9,11.45,0.07860262008733628
2026-09-18,54,2490.0,CALL,0.8498296995889554,0.9350459889032046,0.3005838865438746,458.8,468.9,463.85,0.02177428047860292
2026-09-18,54,2500.0,PUT,0.8532426702700355,-0.07269828511108291,0.30432348236425494,11.5,12.4,11.95,0.07531380753138078
2026-09-18,54,2500.0,CALL,0.8532426702700355,0.9313077902510737,0.29843098386467126,449.3,459.8,454.55,0.023099769002309978
2026-09-18,54,2510.0,CALL,0.8566556409511157,0.9295239977078631,0.2933983995369511,439.5,450.0,444.75,0.023608768971332208
2026-09-18,54,2510.0,PUT,0.8566556409511157,-0.0758900510862273,0.3013285808539318,12.0,12.9,12.45,0.07228915662650606
2026-09-18,54,2520.0,PUT,0.8600686116321958,-0.07933498868252202,0.2986393121863771,12.6,13.4,13.0,0.06153846153846159
2026-09-18,54,2520.0,CALL,0.8600686116321958,0.9258556397666596,0.2909918673223694,429.9,440.9,435.4,0.025264124942581536
2026-09-18,54,2530.0,CALL,0.863481582313276,0.9227262160990254,0.28773634261731795,420.5,431.3,425.9,0.025358065273538417
2026-09-18,54,2530.0,PUT,0.863481582313276,-0.08284110562571427,0.2959664331505042,13.1,14.0,13.55,0.06642066420664208
2026-09-18,54,2540.0,PUT,0.8668945529943561,-0.08659658865327924,0.2935962914820199,13.7,14.6,14.149999999999999,0.06360424028268555
2026-09-18,54,2540.0,CALL,0.8668945529943561,0.9191288397075542,0.2850750533216452,411.1,421.9,416.5,0.025930372148859435
2026-09-18,54,2550.0,PUT,0.8703075236754362,-0.09041168315196246,0.291241038599969,14.3,15.2,14.75,0.06101694915254228
2026-09-18,54,2550.0,CALL,0.8703075236754362,0.9148759514336464,0.2832901785626362,402.1,412.4,407.25,0.0252915899324738
2026-09-18,54,2560.0,CALL,0.8737204943565163,0.9117341417976912,0.2798024682431947,392.4,403.0,397.7,0.02665325622328394
2026-09-18,54,2560.0,PUT,0.8737204943565163,-0.09446973061910853,0.2891854424209029,14.9,15.9,15.4,0.06493506493506493
2026-09-18,54,2570.0,PUT,0.8771334650375965,-0.09858429060195788,0.2871431319728702,15.6,16.5,16.05,0.05607476635514021
2026-09-18,54,2570.0,CALL,0.8771334650375965,0.9064006076289118,0.27947126935331745,383.5,393.9,388.7,0.02675585284280931
2026-09-18,54,2575.0,PUT,0.8788399503781366,-0.10199004678804376,0.288252694257082,16.3,17.2,16.75,0.053731343283582006
2026-09-18,54,2580.0,CALL,0.8805464357186766,0.9017974517476887,0.2780068750210656,374.3,384.7,379.5,0.027404479578392562
2026-09-18,54,2580.0,PUT,0.8805464357186766,-0.10310919279647483,0.2856803098454289,16.3,17.3,16.8,0.05952380952380952
2026-09-18,54,2585.0,PUT,0.8822529210592167,-0.10651521622848283,0.28678912797430905,17.0,18.0,17.5,0.05714285714285714
2026-09-18,54,2590.0,CALL,0.8839594063997568,0.8960564893828994,0.2782504520167999,364.9,376.3,370.6,0.0307609282245009
2026-09-18,54,2590.0,PUT,0.8839594063997568,-0.10767937093601128,0.28422734782510484,17.1,18.0,17.55,0.0512820512820512
2026-09-18,54,2600.0,CALL,0.8873723770808369,0.8845629318502076,0.2858992888632508,356.5,370.3,363.4,0.03797468354430383
2026-09-18,54,2600.0,PUT,0.8873723770808369,-0.11246564288603142,0.28257092689748736,17.9,18.8,18.35,0.04904632152588567
2026-09-18,54,2605.0,PUT,0.889078862421377,-0.1150609495487933,0.2808650474962735,18.3,19.3,18.8,0.05319148936170213
2026-09-18,54,2610.0,PUT,0.8907853477619171,-0.11751944933123384,0.2789772085818595,18.7,19.7,19.2,0.052083333333333336
2026-09-18,54,2610.0,CALL,0.8907853477619171,0.8868243516778471,0.2742320968408964,346.9,357.4,352.15,0.02981683941502201
2026-09-18,54,2615.0,PUT,0.8924918331024572,-0.12017879339861767,0.27728189850385027,19.2,20.1,19.65,0.04580152671755736
2026-09-18,54,2620.0,PUT,0.8941983184429972,-0.12287050507192468,0.2755917784638193,19.6,20.6,20.1,0.04975124378109452
2026-09-18,54,2620.0,CALL,0.8941983184429972,0.8785444098834814,0.2740189214285147,338.2,349.7,343.95,0.03343509230992877
2026-09-18,54,2625.0,PUT,0.8959048037835373,-0.12576114278837644,0.27409330853140895,20.1,21.1,20.6,0.04854368932038835
2026-09-18,54,2630.0,CALL,0.8976112891240774,0.8705787824056531,0.27343507166344666,329.3,342.0,335.65,0.037837032623268256
2026-09-18,54,2630.0,PUT,0.8976112891240774,-0.1283528473970979,0.27222715514109946,20.5,21.5,21.0,0.047619047619047616
2026-09-18,54,2640.0,CALL,0.9010242598051575,0.8617878080982957,0.2737827167487048,320.2,335.0,327.6,0.04517704517704521
2026-09-18,54,2640.0,PUT,0.9010242598051575,-0.1342972806528566,0.26925493902467096,21.5,22.5,22.0,0.045454545454545456
2026-09-18,54,2645.0,PUT,0.9027307451456976,-0.13860834077216905,0.26925950459487996,22.4,23.4,22.9,0.04366812227074236
2026-09-18,54,2650.0,PUT,0.9044372304862377,-0.14069403797682048,0.26667226841010505,22.6,23.6,23.1,0.04329004329004329
2026-09-18,54,2650.0,CALL,0.9044372304862377,0.8618549373011543,0.26376434250455166,311.8,321.7,316.75,0.031254932912391405
2026-09-18,54,2655.0,PUT,0.9061437158267778,-0.14377922287923084,0.2652023837330302,23.1,24.1,23.6,0.0423728813559322
2026-09-18,54,2660.0,PUT,0.9078502011673177,-0.14721408230722147,0.2641067032945291,23.7,24.7,24.2,0.04132231404958678
2026-09-18,54,2660.0,CALL,0.9078502011673177,0.8557895552293563,0.26063574799920325,302.7,312.8,307.75,0.032818846466287646
2026-09-18,54,2665.0,PUT,0.9095566865078578,-0.15052107717425012,0.2628303485228532,24.2,25.3,24.75,0.0444444444444445
2026-09-18,54,2670.0,CALL,0.9112631718483979,0.8491013893680159,0.25808085255189095,293.9,303.9,298.9,0.03345600535296086
2026-09-18,54,2670.0,PUT,0.9112631718483979,-0.15385978677325873,0.2615582863054481,24.8,25.8,25.3,0.039525691699604744
2026-09-18,54,2675.0,PUT,0.912969657188938,-0.15753641421151177,0.260658278831024,25.4,26.5,25.95,0.042389210019267876
2026-09-18,54,2680.0,PUT,0.914676142529478,-0.1610873423207151,0.2595778698953902,26.0,27.1,26.55,0.04143126177024487
2026-09-18,54,2680.0,CALL,0.914676142529478,0.8416599586148352,0.25627871919948086,285.4,295.1,290.25,0.03341946597760567
2026-09-18,54,2685.0,PUT,0.9163826278700181,-0.16600021768076612,0.2601504311988584,27.1,28.1,27.6,0.036231884057971016
2026-09-18,54,2690.0,PUT,0.9180891132105582,-0.1685707801583749,0.25779432032538246,27.3,28.4,27.85,0.039497307001795254
2026-09-18,54,2690.0,CALL,0.9180891132105582,0.8271293290630675,0.2632697214570057,277.0,291.0,284.0,0.04929577464788732
2026-09-18,54,2695.0,PUT,0.9197955985510983,-0.1723507064603524,0.2569073048964761,28.0,29.0,28.5,0.03508771929824561
2026-09-18,54,2700.0,CALL,0.9215020838916383,0.819680531732644,0.261464873015493,268.7,282.0,275.35,0.048302160886144946
2026-09-18,54,2700.0,PUT,0.9215020838916383,-0.17629871341599573,0.25620584999987056,28.7,29.7,29.2,0.03424657534246575
2026-09-18,54,2705.0,PUT,0.9232085692321784,-0.1815192015441518,0.25714515374043856,29.8,30.9,30.35,0.036243822075782466
2026-09-18,54,2710.0,CALL,0.9249150545727185,0.8134627673786324,0.2578575043687097,259.7,272.7,266.2,0.048835462058602556
2026-09-18,54,2710.0,PUT,0.9249150545727185,-0.1843959870029963,0.25499236942182724,30.1,31.2,30.65,0.03588907014681886
2026-09-18,54,2720.0,CALL,0.9283280252537986,0.8061590010526639,0.2555409441464669,251.1,263.7,257.4,0.04895104895104893
2026-09-18,54,2720.0,PUT,0.9283280252537986,-0.19270107055819233,0.25396894393587455,31.6,32.7,32.150000000000006,0.03421461897356147
2026-09-18,54,2725.0,PUT,0.9300345105943387,-0.1970075632562547,0.2536408682805415,32.4,33.5,32.95,0.0333839150227618
2026-09-18,54,2730.0,CALL,0.9317409959348788,0.8076569049162785,0.24112647726154698,244.0,246.5,245.25,0.010193679918450561
2026-09-18,54,2730.0,PUT,0.9317409959348788,-0.20133261293550755,0.2525134989712223,33.2,34.3,33.75,0.03259259259259242
2026-09-18,54,2735.0,PUT,0.9334474812754189,-0.20684012960651296,0.2519850402121713,34.5,35.5,35.0,0.02857142857142857
2026-09-18,54,2740.0,PUT,0.935153966615959,-0.21028043911058428,0.24911992314984982,34.9,35.9,35.4,0.02824858757062147
2026-09-18,54,2740.0,CALL,0.935153966615959,0.7985895485394372,0.2396785091613381,235.6,238.2,236.89999999999998,0.01097509497678343
2026-09-18,54,2750.0,PUT,0.9385669372970391,-0.21971491738693877,0.24602406157236748,36.6,37.7,37.150000000000006,0.02960969044414539
2026-09-18,54,2750.0,CALL,0.9385669372970391,0.7886538350616262,0.2368742551846744,227.6,230.0,228.8,0.010489510489510514
2026-09-18,54,2755.0,PUT,0.9402734226375792,-0.2245804233177012,0.24455277582506638,37.5,38.6,38.05,0.02890932982917218
2026-09-18,54,2760.0,CALL,0.9419799079781193,0.7786077253126046,0.2339534430680076,219.4,221.9,220.65,0.011330160888284613
2026-09-18,54,2760.0,PUT,0.9419799079781193,-0.2297375430270187,0.2433602870216287,38.5,39.6,39.05,0.02816901408450708
2026-09-18,54,2765.0,PUT,0.9436863933186593,-0.2347165311380967,0.24189908006419028,39.4,40.5,39.95,0.027534418022528193
2026-09-18,54,2770.0,PUT,0.9453928786591993,-0.23986760740366403,0.24057948603165766,40.3,41.5,40.9,0.029339853300733566
2026-09-18,54,2770.0,CALL,0.9453928786591993,0.7679431915866279,0.23146450766537566,211.4,213.9,212.65,0.01175640724194686
2026-09-18,54,2775.0,PUT,0.9470993639997394,-0.24638460601707093,0.24089762505722934,41.9,43.0,42.45,0.02591283863368672
2026-09-18,54,2780.0,CALL,0.9488058493402795,0.7570489712371737,0.22899464352001134,203.4,205.9,204.65,0.01221597849987784
2026-09-18,54,2780.0,PUT,0.9488058493402795,-0.2506611664803817,0.23836248338359983,42.4,43.5,42.95,0.02561117578579747
2026-09-18,54,2785.0,PUT,0.9505123346808195,-0.2562895258829415,0.23746368346636237,43.5,44.6,44.05,0.024971623155505142
2026-09-18,54,2790.0,CALL,0.9522188200213596,0.7454747391383587,0.22708699955033157,195.6,198.1,196.85,0.0127000254000508
2026-09-18,54,2790.0,PUT,0.9522188200213596,-0.2618583963953118,0.23643297272269678,44.5,45.7,45.1,0.026607538802660816
2026-09-18,54,2795.0,PUT,0.9539253053618997,-0.26757435869459223,0.2355413479352216,45.6,46.8,46.2,0.02597402597402588
2026-09-18,54,2800.0,PUT,0.9556317907024398,-0.27323689648478333,0.23451830462504952,46.7,47.8,47.25,0.02328042328042316
2026-09-18,54,2800.0,CALL,0.9556317907024398,0.7332877280836525,0.22573556958879623,188.1,190.4,189.25,0.012153236459709438
2026-09-18,54,2805.0,PUT,0.9573382760429798,-0.27922803173389954,0.23390313185906988,47.9,49.0,48.45,0.022703818369453073
2026-09-18,54,2810.0,CALL,0.9590447613835199,0.7213486607722567,0.22385649787874604,180.2,182.7,181.45,0.013777900248002205
2026-09-18,54,2810.0,PUT,0.9590447613835199,-0.28525026501458534,0.23329041152524801,49.1,50.2,49.650000000000006,0.022155085599194387
2026-09-18,54,2815.0,PUT,0.96075124672406,-0.2913036532190993,0.23268013956587635,50.3,51.4,50.849999999999994,0.021632251720747328
2026-09-18,54,2815.0,CALL,0.96075124672406,0.7149249856284825,0.22346045082474508,176.5,179.0,177.75,0.014064697609001406
2026-09-18,54,2820.0,PUT,0.9624577320646001,-0.29738825230185223,0.23207231192613775,51.5,52.6,52.05,0.021133525456292056
2026-09-18,54,2820.0,CALL,0.9624577320646001,0.7087528028344431,0.22266362327091793,172.7,175.1,173.89999999999998,0.013801035077630856
2026-09-18,54,2825.0,CALL,0.9641642174051401,0.7020978168187225,0.2225395221266422,169.1,171.5,170.3,0.01409277745155611
2026-09-18,54,2825.0,PUT,0.9641642174051401,-0.30358444201997686,0.23160051452066416,52.8,53.8,53.3,0.01876172607879925
2026-09-18,54,2830.0,PUT,0.9658707027456802,-0.3099590482314417,0.23139726832616675,54.1,55.2,54.650000000000006,0.020128087831656018
2026-09-18,54,2830.0,CALL,0.9658707027456802,0.6959397642081635,0.2216143693402766,165.4,167.4,166.4,0.012019230769230768
2026-09-18,54,2835.0,PUT,0.9675771880862203,-0.31627136918990595,0.23106181004742332,55.4,56.5,55.95,0.019660411081322635
2026-09-18,54,2840.0,PUT,0.9692836734267604,-0.3227017084782754,0.22957350354980474,56.7,57.9,57.3,0.020942408376963276
2026-09-18,54,2840.0,CALL,0.9692836734267604,0.6826231627504609,0.22115377629115512,158.2,160.1,159.14999999999998,0.011938422871504907
2026-09-18,54,2845.0,PUT,0.9709901587673004,-0.32922850121178987,0.22784795931099203,58.1,59.2,58.650000000000006,0.01875532821824384
2026-09-18,54,2850.0,CALL,0.9726966441078405,0.6689930625385936,0.2178456072549625,151.1,152.8,151.95,0.01118789075353746
2026-09-18,54,2850.0,PUT,0.9726966441078405,-0.3358544984240047,0.2261291436581519,59.4,60.6,60.0,0.02000000000000005
2026-09-18,54,2855.0,CALL,0.9744031294483806,0.6618195772407564,0.21654894625668283,147.5,149.5,148.5,0.013468013468013467
2026-09-18,54,2855.0,PUT,0.9744031294483806,-0.3427674117717124,0.22476383518653514,60.9,62.1,61.5,0.019512195121951265
2026-09-18,54,2860.0,CALL,0.9761096147889207,0.6546237401148411,0.21514223520730322,144.0,146.0,145.0,0.013793103448275862
2026-09-18,54,2860.0,PUT,0.9761096147889207,-0.349764510333289,0.2234040397069865,62.4,63.6,63.0,0.019047619047619094
2026-09-18,54,2865.0,PUT,0.9778161001294607,-0.3568468289801761,0.2220497811610241,63.9,65.1,64.5,0.01860465116279063
2026-09-18,54,2870.0,CALL,0.9795225854700008,0.6397771056259698,0.21269188266065303,137.3,139.0,138.15,0.012305465074194633
2026-09-18,54,2870.0,PUT,0.9795225854700008,-0.3640675313740403,0.22081598670245606,65.4,66.7,66.05000000000001,0.01968205904617709
2026-09-18,54,2875.0,CALL,0.9812290708105409,0.6323053866431324,0.2113024338001673,133.8,135.5,134.65,0.01262532491644997
2026-09-18,54,2875.0,PUT,0.9812290708105409,-0.371368709505871,0.21958732014086252,67.0,68.2,67.6,0.01775147928994087
2026-09-18,54,2880.0,PUT,0.982935556151081,-0.37884134284683835,0.21859267682097702,68.6,69.9,69.25,0.01877256317689547
2026-09-18,54,2880.0,CALL,0.982935556151081,0.6244397513560881,0.21060644493038308,130.6,132.3,131.45,0.01293267402054026
2026-09-18,54,2885.0,CALL,0.9846420414916209,0.6166124668877503,0.20968494554515982,127.3,129.0,128.15,0.013265704252828739
2026-09-18,54,2885.0,PUT,0.9846420414916209,-0.3863402676101178,0.2174880551684108,70.2,71.5,70.85,0.018348623853210972
2026-09-18,54,2890.0,PUT,0.986348526832161,-0.39399002913433057,0.21661606493358532,71.9,73.2,72.55000000000001,0.01791867677463814
2026-09-18,54,2890.0,CALL,0.986348526832161,0.6087167869740087,0.20876756496303564,124.0,125.7,124.85,0.013616339607529058
2026-09-18,54,2895.0,CALL,0.9880550121727011,0.6002751876959184,0.20933378308137388,121.4,123.0,122.2,0.013093289689034324
2026-09-18,54,2895.0,PUT,0.9880550121727011,-0.4021026873607421,0.21711239563025725,74.2,75.5,74.85,0.017368069472277852
2026-09-18,54,2900.0,PUT,0.9897614975132412,-0.40950287858562145,0.2149968351877799,75.4,76.6,76.0,0.015789473684210378
2026-09-18,54,2900.0,CALL,0.9897614975132412,0.592652846940793,0.20717230167378184,117.6,119.1,118.35,0.01267427122940431
2026-09-18,54,2905.0,CALL,0.9914679828537812,0.5844437962726716,0.20672000945594768,114.5,116.0,115.25,0.013015184381778741
2026-09-18,54,2905.0,PUT,0.9914679828537812,-0.417410413046653,0.21447557456961508,77.2,78.5,77.85,0.016698779704560015
2026-09-18,54,2910.0,PUT,0.9931744681943213,-0.4253341147252947,0.21384361789826173,79.0,80.3,79.65,0.01632140615191459
2026-09-18,54,2910.0,CALL,0.9931744681943213,0.5762715236710204,0.20593066859803652,111.2,112.8,112.0,0.014285714285714235
2026-09-18,54,2915.0,CALL,0.9948809535348614,0.5677438642860859,0.20683667445270423,108.7,110.3,109.5,0.014611872146118669
2026-09-18,54,2915.0,PUT,0.9948809535348614,-0.4333392739775026,0.21343991066975443,80.9,82.2,81.55000000000001,0.01594114040465968
2026-09-18,54,2920.0,PUT,0.9965874388754015,-0.4413741971865077,0.21303798508229746,82.8,84.1,83.44999999999999,0.015578190533253414
2026-09-18,54,2920.0,CALL,0.9965874388754015,0.5596191030298261,0.20526305581662557,105.2,106.6,105.9,0.013220018885741184
2026-09-18,54,2925.0,PUT,0.9982939242159415,-0.4495503681734869,0.21398469394173036,85.3,86.6,85.94999999999999,0.015125072716695722
2026-09-18,54,2930.0,PUT,1.0000004095564816,-0.45754891925950825,0.21257504243100153,86.7,88.1,87.4,0.016018306636155506
2026-09-18,54,2930.0,CALL,1.0000004095564816,0.5428416309008969,0.20493722967922445,99.3,100.6,99.94999999999999,0.013006503251625785
2026-09-18,54,2935.0,PUT,1.0017068948970218,-0.46572575161171237,0.21090796328699157,88.8,90.1,89.44999999999999,0.014533258803800976
2026-09-18,54,2940.0,PUT,1.0034133802375618,-0.47403287327717325,0.20924838789679326,90.8,92.2,91.5,0.015300546448087494
2026-09-18,54,2940.0,CALL,1.0034133802375618,0.5257516901635422,0.20174725194424062,93.5,94.8,94.15,0.013807753584705226
2026-09-18,54,2945.0,PUT,1.0051198655781017,-0.4824567852845664,0.20781883477648538,93.0,94.3,93.65,0.0138814735718099
2026-09-18,54,2945.0,CALL,1.0051198655781017,0.5170026801653914,0.20016362781259656,90.6,91.9,91.25,0.014246575342465878
2026-09-18,54,2950.0,CALL,1.006826350918642,0.5081401677182712,0.19880952436307808,87.8,89.1,88.44999999999999,0.014697569248162774
2026-09-18,54,2950.0,PUT,1.006826350918642,-0.49100958858814964,0.20628489462573482,95.1,96.4,95.75,0.013577023498694636
2026-09-18,54,2955.0,CALL,1.0085328362591819,0.49940523542450926,0.1990112881407096,85.7,87.0,86.35,0.015055008685581902
2026-09-18,54,2955.0,PUT,1.0085328362591819,-0.49960407628326803,0.2053116313908245,97.4,98.8,98.1,0.014271151885830698
2026-09-18,54,2960.0,CALL,1.010239321599722,0.4901421704144651,0.19656269620095718,82.4,83.7,83.05000000000001,0.01565322095123416
2026-09-18,54,2960.0,PUT,1.010239321599722,-0.5083458375784617,0.20401158453460067,99.6,101.0,100.3,0.013958125623130665
2026-09-18,54,2965.0,CALL,1.011945806940262,0.48098903968312584,0.1954476046448851,79.7,81.0,80.35,0.016179215930304882
2026-09-18,54,2965.0,PUT,1.011945806940262,-0.5171453188906258,0.20293803973917363,101.9,103.3,102.6,0.013645224171539879
2026-09-18,54,2970.0,CALL,1.0136522922808022,0.4717987084700416,0.19455772150884942,77.1,78.4,77.75,0.016720257234726834
2026-09-18,54,2970.0,PUT,1.0136522922808022,-0.5260059748989573,0.20197950615003693,104.3,105.6,104.94999999999999,0.012386850881372057
2026-09-18,54,2975.0,PUT,1.0153587776213422,-0.5349503007676347,0.2010255519368653,106.6,108.0,107.3,0.013047530288909653
2026-09-18,54,2975.0,CALL,1.0153587776213422,0.4625247473713513,0.1936722982659009,74.5,75.8,75.15,0.017298735861610074
2026-09-18,54,2980.0,PUT,1.0170652629618824,-0.5438542814943834,0.20040429084766248,109.1,110.5,109.8,0.012750455373406246
2026-09-18,54,2980.0,CALL,1.0170652629618824,0.45325480866933454,0.19300984637396595,72.0,73.3,72.65,0.01789401238816238
2026-09-18,54,2985.0,PUT,1.0187717483024223,-0.5528594383000317,0.19967690160494772,111.5,113.0,112.25,0.013363028953229399
2026-09-18,54,2985.0,CALL,1.0187717483024223,0.44392184480520785,0.1923507310619508,69.5,70.8,70.15,0.018531717747683495
2026-09-18,54,2990.0,CALL,1.0204782336429625,0.4346351723912057,0.19191233299581148,67.1,68.4,67.75,0.019188191881918986
2026-09-18,54,2990.0,PUT,1.0204782336429625,-0.561826535827612,0.19917068756592607,114.1,115.5,114.8,0.012195121951219561
2026-09-18,54,2995.0,PUT,1.0221847189835025,-0.5708386207635305,0.19866690492928638,116.6,118.1,117.35,0.01278227524499361
2026-09-18,54,2995.0,CALL,1.0221847189835025,0.42530666050848387,0.1914761405893957,64.7,66.0,65.35,0.019892884468247853
2026-09-18,54,3000.0,PUT,1.0238912043240427,-0.5797730741013206,0.19838215439533527,119.2,120.8,120.0,0.013333333333333286
2026-09-18,54,3000.0,CALL,1.0238912043240427,0.4160668905052743,0.19125842484216443,62.4,63.7,63.05,0.020618556701030997
2026-09-18,54,3005.0,CALL,1.0255976896645826,0.4076465150232611,0.19233643042594054,60.7,62.0,61.35,0.0211898940505297
2026-09-18,54,3010.0,CALL,1.0273041750051228,0.3976765574013653,0.1910414479333733,57.9,59.2,58.55,0.022203245089667024
2026-09-18,54,3010.0,PUT,1.0273041750051228,-0.5975047591332497,0.1981400841367925,124.6,126.3,125.44999999999999,0.013551215623754508
2026-09-18,54,3015.0,PUT,1.0290106603456628,-0.6062818868046667,0.19761120290803164,127.4,129.1,128.25,0.013255360623781588
2026-09-18,54,3015.0,CALL,1.0290106603456628,0.38847350858112834,0.18945361080012696,55.7,57.0,56.35,0.023070097604259043
2026-09-18,54,3020.0,PUT,1.030717145686203,-0.6150907888754718,0.19611201302921907,130.2,132.0,131.1,0.013729977116704893
2026-09-18,54,3020.0,CALL,1.030717145686203,0.3792836540710951,0.18803355698611812,53.6,54.9,54.25,0.02396313364055294
2026-09-18,54,3025.0,PUT,1.032423631026743,-0.6230710490612921,0.1959650016176485,133.6,135.4,134.5,0.013382899628252872
2026-09-18,54,3025.0,CALL,1.032423631026743,0.3699538040438655,0.18662133491519178,51.5,52.8,52.15,0.024928092042185948
2026-09-18,54,3030.0,CALL,1.0341301163672831,0.36068604576499264,0.18546003111508044,49.5,50.8,50.15,0.025922233300099646
2026-09-18,54,3030.0,PUT,1.0341301163672831,-0.6329295179423835,0.19338081526217052,136.0,137.8,136.9,0.013148283418553772
2026-09-18,54,3035.0,CALL,1.035836601707823,0.3513018141427829,0.1843051864613703,47.5,48.8,48.15,0.026998961578400774
2026-09-18,54,3040.0,CALL,1.0375430870483633,0.34191539940368537,0.18327761689504524,45.6,46.8,46.2,0.02597402597402588
2026-09-18,54,3040.0,PUT,1.0375430870483633,-0.6507418671042218,0.19128424418360465,141.9,144.0,142.95,0.014690451206715596
2026-09-18,54,3045.0,CALL,1.0392495723889033,0.332790088709041,0.1826171164946155,43.8,45.0,44.4,0.02702702702702709
2026-09-18,54,3050.0,PUT,1.0409560577294434,-0.6685885591704591,0.18957123713519303,148.1,150.2,149.14999999999998,0.014079785450888331
2026-09-18,54,3050.0,CALL,1.0409560577294434,0.3235990284862537,0.1819602483850342,42.0,43.2,42.6,0.02816901408450711
2026-09-18,54,3055.0,PUT,1.0426625430699834,-0.6772577025141164,0.18908197772367785,151.2,153.6,152.39999999999998,0.01574803149606303
2026-09-18,54,3055.0,CALL,1.0426625430699834,0.31434205504499596,0.18130700952714277,40.2,41.4,40.8,0.029411764705882252
2026-09-18,54,3060.0,CALL,1.0443690284105234,0.30530130804395456,0.1808961829335152,38.5,39.7,39.1,0.030690537084399047
2026-09-18,54,3060.0,PUT,1.0443690284105234,-0.6861019267055078,0.18847540659496548,154.4,156.8,155.60000000000002,0.015424164524421628
2026-09-18,54,3065.0,CALL,1.0460755137510636,0.296219978885144,0.1804875936798065,36.8,38.0,37.4,0.03208556149732628
2026-09-18,54,3065.0,PUT,1.0460755137510636,-0.6947296954596468,0.18811102743079394,157.7,160.1,158.89999999999998,0.015103838892385186
2026-09-18,54,3070.0,CALL,1.0477819990916035,0.28740462264887645,0.1803186958422162,35.2,36.4,35.8,0.03351955307262558
2026-09-18,54,3070.0,PUT,1.0477819990916035,-0.7032486463536911,0.18786771982513112,161.0,163.5,162.25,0.015408320493066256
2026-09-18,54,3075.0,CALL,1.0494884844321437,0.2787318399239915,0.18026911834547546,33.7,34.8,34.25,0.03211678832116772
2026-09-18,54,3075.0,PUT,1.0494884844321437,-0.7117893625007802,0.1876256472421627,164.4,166.8,165.60000000000002,0.014492753623188439
2026-09-18,54,3080.0,CALL,1.0511949697726837,0.2702186259471355,0.18033791728822077,32.2,33.3,32.75,0.03358778625954181
2026-09-18,54,3080.0,PUT,1.0511949697726837,-0.7197419732457013,0.18785920468110792,167.9,170.4,169.15,0.014779781259237363
2026-09-18,54,3085.0,PUT,1.0529014551132239,-0.7265817886559522,0.18892019031386834,171.8,174.3,173.05,0.01444669170759896
2026-09-18,54,3085.0,CALL,1.0529014551132239,0.26170329310812807,0.17984985859160466,30.7,31.8,31.25,0.035200000000000044
2026-09-18,54,3090.0,CALL,1.0546079404537638,0.2534246873776087,0.17849122195342024,29.3,30.4,29.85,0.03685092127303175
2026-09-18,54,3090.0,PUT,1.0546079404537638,-0.7359125477172761,0.18808685042801634,174.9,177.4,176.15,0.014192449616803859
2026-09-18,54,3095.0,CALL,1.056314425794304,0.2468803820580581,0.17867105220423532,28.4,29.5,28.95,0.03799654576856654
2026-09-18,54,3100.0,PUT,1.058020911134844,-0.7519824069359529,0.18523361465374594,182.1,184.4,183.25,0.012551159618008248
2026-09-18,54,3100.0,CALL,1.058020911134844,0.23687581543179845,0.1761041164965021,26.6,27.7,27.15,0.04051565377532221
2026-09-18,54,3105.0,CALL,1.0597273964753842,0.22884058475570135,0.17522545072306986,25.3,26.5,25.9,0.04633204633204631
2026-09-18,54,3110.0,PUT,1.0614338818159241,-0.7670174769022948,0.183588407478523,189.5,192.0,190.75,0.01310615989515072
2026-09-18,54,3110.0,CALL,1.0614338818159241,0.22072458779957524,0.1743521344573348,24.1,25.2,24.65,0.044624746450304176
2026-09-18,54,3115.0,CALL,1.0631403671564643,0.21492497146010875,0.17514463397766752,23.4,24.5,23.95,0.04592901878914411
2026-09-18,54,3120.0,CALL,1.0648468524970043,0.20515815700880996,0.17322303473065906,21.8,22.9,22.35,0.04921700223713637
2026-09-18,54,3120.0,PUT,1.0648468524970043,-0.7928399204987274,0.1745619494770695,191.1,200.5,195.8,0.04800817160367725
2026-09-18,54,3125.0,CALL,1.0665533378375445,0.19729933810573833,0.17266350634917468,20.7,21.7,21.2,0.04716981132075472
2026-09-18,54,3130.0,CALL,1.0682598231780844,0.1901133180138428,0.17255569987624758,19.7,20.7,20.2,0.04950495049504951
2026-09-18,54,3135.0,CALL,1.0699663085186246,0.1829184229545841,0.17244849333579165,18.7,19.7,19.2,0.052083333333333336
2026-09-18,54,3140.0,PUT,1.0716727938591646,-0.8323156234503397,0.1677554438735139,202.9,216.2,209.55,0.06346933905989016
2026-09-18,54,3140.0,CALL,1.0716727938591646,0.17596757208299404,0.17249053911942783,17.7,18.8,18.25,0.060273972602739805
2026-09-18,54,3145.0,CALL,1.0733792791997048,0.1713293376424937,0.17386764091748652,17.2,18.3,17.75,0.06197183098591557
2026-09-18,54,3150.0,PUT,1.0750857645402447,-0.8483186994303094,0.16519187503368646,210.7,223.9,217.3,0.06074551311550859
2026-09-18,54,3150.0,CALL,1.0750857645402447,0.162339896991101,0.17272183454022366,15.9,16.9,16.4,0.060975609756097456
2026-09-18,54,3155.0,CALL,1.076792249880785,0.1562043559716218,0.17263345452419807,15.1,16.1,15.600000000000001,0.06410256410256421
2026-09-18,54,3160.0,CALL,1.078498735221325,0.1500108079707918,0.17149644486705176,14.3,15.3,14.8,0.06756756756756756
2026-09-18,54,3160.0,PUT,1.078498735221325,-0.8613914921215579,0.16299967253973424,219.0,232.3,225.65,0.058940837580323556
2026-09-18,54,3165.0,CALL,1.080205220561865,0.14373417309052264,0.17036707601004472,13.5,14.5,14.0,0.07142857142857142
2026-09-18,54,3170.0,PUT,1.081911705902405,-0.8486919629648199,0.18009451021734343,228.0,248.8,238.4,0.08724832214765105
2026-09-18,54,3170.0,CALL,1.081911705902405,0.13767332725331924,0.1694639859837968,12.8,13.7,13.25,0.06792452830188668
2026-09-18,54,3175.0,CALL,1.083618191242945,0.13185598715034863,0.1687846832316043,12.1,13.0,12.55,0.07171314741035859
2026-09-18,54,3175.0,PUT,1.083618191242945,-0.8550600270962362,0.17861767259547953,232.0,253.0,242.5,0.0865979381443299
2026-09-18,54,3180.0,PUT,1.0853246765834852,-0.8612486124155314,0.17736997050558945,236.0,257.3,246.65,0.08635718629637142
2026-09-18,54,3180.0,CALL,1.0853246765834852,0.12599173730981433,0.1681097246290211,11.4,12.3,11.850000000000001,0.07594936708860761
2026-09-18,54,3185.0,PUT,1.0870311619240252,-0.8669359661259896,0.17656744715844216,240.2,261.6,250.9,0.08529294539657248
2026-09-18,54,3185.0,CALL,1.0870311619240252,0.12265991803728467,0.16917112879086169,11.1,12.0,11.55,0.07792207792207795
2026-09-18,54,3190.0,CALL,1.0887376472645653,0.11545377659656172,0.16763519908587912,10.2,11.1,10.649999999999999,0.08450704225352117
2026-09-18,54,3195.0,CALL,1.0904441326051053,0.11217835138969762,0.16869138525473285,9.9,10.8,10.350000000000001,0.08695652173913046
2026-09-18,54,3200.0,CALL,1.0921506179456455,0.10520191608839316,0.16738066438410604,9.1,9.9,9.5,0.08421052631578956
2026-09-18,54,3205.0,CALL,1.0938571032861855,0.1005908273991431,0.16757526485691224,8.6,9.4,9.0,0.08888888888888896
2026-09-18,54,3210.0,CALL,1.0955635886267256,0.09563418355642908,0.16755550993020557,8.1,8.8,8.45,0.08284023668639066
2026-09-18,54,3215.0,CALL,1.0972700739672656,0.09140019697677762,0.1679613827481235,7.6,8.4,8.0,0.10000000000000009
2026-09-18,54,3220.0,CALL,1.0989765593078058,0.08718628731885877,0.16836524483279275,7.2,7.9,7.550000000000001,0.09271523178807949
2026-09-18,54,3225.0,CALL,1.1006830446483458,0.08298743615537804,0.1682004157708911,6.7,7.5,7.1,0.11267605633802814
2026-09-18,54,3230.0,CALL,1.102389529988886,0.07912549240131656,0.1672722866816965,6.3,7.1,6.699999999999999,0.11940298507462685
2026-09-18,54,3235.0,CALL,1.104096015329426,0.07639345624785099,0.167439473260645,6.0,6.9,6.45,0.1395348837209303
2026-09-18,54,3240.0,CALL,1.105802500669966,0.07207666265953466,0.1661580698905284,5.6,6.4,6.0,0.13333333333333344
2026-09-18,54,3245.0,CALL,1.107508986010506,0.07014300994621354,0.167048769018778,5.4,6.3,5.85,0.15384615384615377
2026-09-18,54,3250.0,CALL,1.1092154713510463,0.06493277100323426,0.16505825026002593,4.9,5.7,5.300000000000001,0.15094339622641503
2026-09-18,54,3250.0,PUT,1.1092154713510463,-0.9428859473697746,0.1586558432150876,302.5,310.9,306.7,0.02738832735572213
2026-09-18,54,3255.0,CALL,1.1109219566915862,0.061752680711993545,0.1648713346161868,4.6,5.4,5.0,0.16000000000000014
2026-09-18,54,3260.0,CALL,1.1126284420321264,0.05942967960329611,0.16539917232513981,4.4,5.2,4.800000000000001,0.1666666666666666
2026-09-18,54,3265.0,CALL,1.1143349273726664,0.05624990672944391,0.16521224255071149,4.1,4.9,4.5,0.17777777777777792
2026-09-18,54,3270.0,CALL,1.1160414127132066,0.05350696744427081,0.1653813410400018,3.8,4.7,4.25,0.21176470588235302
2026-09-18,54,3275.0,CALL,1.1177478980537465,0.05210646148451147,0.1666129882664525,3.7,4.6,4.15,0.21686746987951794
2026-09-18,54,3280.0,CALL,1.1194543833942865,0.04803767749717317,0.16571687182989267,3.4,4.1,3.75,0.1866666666666666
2026-09-18,54,3285.0,CALL,1.1211608687348267,0.045769283007484694,0.16623583567433836,3.2,3.9,3.55,0.19718309859154923
2026-09-18,54,3290.0,CALL,1.1228673540753666,0.04351481928558811,0.16675242887490824,3.0,3.7,3.35,0.20895522388059706
2026-09-18,54,3295.0,CALL,1.1245738394159068,0.04127406494275125,0.1672666811510187,2.8,3.5,3.15,0.2222222222222223
2026-09-18,54,3300.0,CALL,1.1262803247564468,0.03904572156906557,0.16741470293811195,2.6,3.3,2.95,0.23728813559322023
2026-09-18,54,3300.0,PUT,1.1262803247564468,-0.9772957565464538,0.1465012714647928,348.9,358.0,353.45,0.025746215872117763
2026-09-18,54,3305.0,CALL,1.127986810096987,0.037518382013748595,0.1673478238127834,2.45,3.2,2.825,0.2654867256637168
2026-09-18,54,3315.0,CALL,1.1313997807780671,0.034459995844293316,0.16721519534047122,2.25,2.9,2.575,0.25242718446601936
2026-09-18,54,3320.0,CALL,1.133106266118607,0.0316770134122456,0.16541985242676013,2.0,2.65,2.325,0.2795698924731182
2026-09-18,54,3325.0,CALL,1.1348127514591473,0.030128201835434035,0.16535940305350988,1.9,2.5,2.2,0.27272727272727276
2026-09-18,54,3330.0,CALL,1.1365192367996872,0.02857825679207788,0.16529929354732922,1.75,2.4,2.075,0.3132530120481927
2026-09-18,54,3340.0,CALL,1.1399322074807674,0.0257406996553692,0.16552158686528562,1.55,2.15,1.85,0.32432432432432423
2026-09-18,54,3350.0,PUT,1.1433451781618476,-0.9752447937804729,0.16809651463184663,396.7,410.4,403.54999999999995,0.03394870524098622
2026-09-18,54,3350.0,CALL,1.1433451781618476,0.022910690298047594,0.16574156408819865,1.35,1.9,1.625,0.33846153846153837
2026-09-18,54,3360.0,CALL,1.1467581488429277,0.020637819066566445,0.16663624908926292,1.2,1.7,1.45,0.3448275862068966
2026-09-18,54,3375.0,CALL,1.151877604864548,0.01796571714705869,0.16880681225380337,1.0,1.5,1.25,0.4
2026-09-18,54,3390.0,CALL,1.1569970608861682,0.014787687304954953,0.16823251319897553,0.75,1.25,1.0,0.5
2026-09-18,54,3390.0,PUT,1.1569970608861682,-0.9435833105279883,0.22398447557862222,438.4,456.8,447.6,0.041108132260947346
2026-09-18,54,3400.0,PUT,1.1604100315672483,-0.9433580037379639,0.2288056528751932,448.4,467.0,457.7,0.04063797247105096
2026-09-18,54,3400.0,CALL,1.1604100315672483,0.013408039440154833,0.16798547955962803,0.65,1.15,0.8999999999999999,0.5555555555555555
2026-09-18,54,3450.0,CALL,1.177474884972649,0.007418385393514026,0.16905822264982526,0.25,0.7,0.475,0.9473684210526315
2026-09-18,54,3500.0,CALL,1.1945397383780498,0.004769143155154398,0.1741364925783814,0.05,0.55,0.30000000000000004,1.6666666666666665
2026-09-18,54,3550.0,CALL,1.2116045917834504,0.003844244819017483,0.1822403801372155,0.0,0.45,0.225,2.0
2026-09-18,54,3600.0,CALL,1.2286694451888511,0.0029987614501369502,0.19013027592120826,0.0,0.45,0.225,2.0
2026-09-30,66,1250.0,PUT,0.42662133513501777,-0.0010786270155828833,0.7034659030846926,0.05,0.55,0.30000000000000004,1.6666666666666665
2026-09-30,66,1300.0,PUT,0.44368618854041847,-0.0012868651486336315,0.6806714728336201,0.1,0.6,0.35,1.4285714285714286
2026-09-30,66,1350.0,PUT,0.4607510419458192,-0.0015872118215917148,0.6627821663823538,0.15,0.7,0.425,1.2941176470588234
2026-09-30,66,1400.0,PUT,0.4778158953512199,-0.0019028346253079334,0.645600251453028,0.25,0.75,0.5,1.0
2026-09-30,66,1450.0,PUT,0.4948807487566206,-0.002234049888321791,0.6290808084660555,0.3,0.85,0.575,0.9565217391304349
2026-09-30,66,1500.0,PUT,0.5119456021620213,-0.002660773573563525,0.6140747983482391,0.4,0.95,0.675,0.8148148148148147
2026-09-30,66,1550.0,PUT,0.529010455567422,-0.003196263928616815,0.5921154393595812,0.55,1.05,0.8,0.625
2026-09-30,66,1600.0,PUT,0.5460753089728227,-0.0037697881490910117,0.5708978204546391,0.65,1.2,0.925,0.5945945945945945
2026-09-30,66,1650.0,PUT,0.5631401623782234,-0.00446866176113146,0.5516959133791585,0.8,1.35,1.0750000000000002,0.5116279069767441
2026-09-30,66,1700.0,PUT,0.5802050157836242,-0.005213784607814831,0.53312078794318,0.95,1.5,1.225,0.4489795918367347
2026-09-30,66,1800.0,PUT,0.6143347225944256,-0.007204479459514025,0.5027679112452826,1.35,1.9,1.625,0.33846153846153837
2026-09-30,66,1850.0,PUT,0.6313995759998263,-0.008628906294548882,0.49179880251086794,1.65,2.2,1.925,0.28571428571428586
2026-09-30,66,1850.0,CALL,0.6313995759998263,0.9985142246118761,0.3849224548252268,1086.2,1098.8,1092.5,0.011533180778031954
2026-09-30,66,1900.0,PUT,0.648464429405227,-0.010146600657520363,0.4716184908151172,1.95,2.5,2.225,0.24719101123595508
2026-09-30,66,1900.0,CALL,0.648464429405227,0.9952983890708488,0.41576797946962446,1037.0,1049.9,1043.45,0.012362834826776645
2026-09-30,66,1940.0,PUT,0.6621163121295476,-0.011486866341129708,0.4561006077293599,2.2,2.75,2.475,0.22222222222222215
2026-09-30,66,1950.0,PUT,0.6655292828106277,-0.011970266781437382,0.453055653577969,2.3,2.85,2.575,0.21359223300970884
2026-09-30,66,1960.0,CALL,0.6689422534917079,0.9970309402178369,0.3688290693631364,977.4,989.5,983.45,0.012303624993644844
2026-09-30,66,1970.0,PUT,0.672355224172788,-0.012775869415095245,0.4459874242120076,2.45,3.0,2.725,0.20183486238532103
2026-09-30,66,1980.0,PUT,0.6757681948538681,-0.01318779440655673,0.44248412801306,2.5,3.1,2.8,0.21428571428571433
2026-09-30,66,1990.0,CALL,0.6791811655349482,0.9940563226712212,0.3828905229842376,947.5,960.9,954.2,0.014043177530915926
2026-09-30,66,1990.0,PUT,0.6791811655349482,-0.013696748261791826,0.4395152155790022,2.6,3.2,2.9000000000000004,0.20689655172413793
2026-09-30,66,2000.0,CALL,0.6825941362160284,0.9919860942898919,0.3996426178755771,938.0,951.4,944.7,0.014184397163120543
2026-09-30,66,2000.0,PUT,0.6825941362160284,-0.014212348266422273,0.43656399118288547,2.7,3.3,3.0,0.19999999999999987
2026-09-30,66,2050.0,PUT,0.6996589896214291,-0.01671040057737625,0.42105607100937137,3.1,3.8,3.45,0.20289855072463758
2026-09-30,66,2080.0,PUT,0.7098979016646696,-0.018585774482230002,0.41357633450451836,3.5,4.1,3.8,0.15789473684210517
2026-09-30,66,2100.0,PUT,0.7167238430268298,-0.019751167518993595,0.40799800762056004,3.7,4.3,4.0,0.1499999999999999
2026-09-30,66,2100.0,CALL,0.7167238430268298,0.9852553410240206,0.38214592113164164,839.4,853.9,846.65,0.01712632138427922
2026-09-30,66,2130.0,PUT,0.7269627550700702,-0.02191710546270982,0.4017380987042385,4.1,4.7,4.4,0.13636363636363646
2026-09-30,66,2140.0,PUT,0.7303757257511504,-0.022712900790650654,0.4000066275727148,4.2,4.9,4.550000000000001,0.15384615384615385
2026-09-30,66,2150.0,PUT,0.7337886964322305,-0.02333761614966016,0.39684064200749397,4.3,5.0,4.65,0.15053763440860218
2026-09-30,66,2160.0,PUT,0.7372016671133107,-0.024333236271202326,0.3935094929516754,4.5,5.2,4.85,0.14432989690721654
2026-09-30,66,2170.0,PUT,0.7406146377943909,-0.02498551649126749,0.3892142962008562,4.6,5.3,4.949999999999999,0.14141414141414146
2026-09-30,66,2200.0,CALL,0.7508535498376313,0.9804655405273324,0.3486687155134982,740.5,755.4,747.95,0.019921117721772814
2026-09-30,66,2200.0,PUT,0.7508535498376313,-0.027759139328185387,0.37841755477389466,5.1,5.8,5.449999999999999,0.12844036697247713
2026-09-30,66,2210.0,PUT,0.7542665205187113,-0.02865674439931399,0.37469562337192125,5.2,6.0,5.6,0.14285714285714282
2026-09-30,66,2220.0,PUT,0.7576794911997915,-0.029755245218098816,0.3714802303956538,5.4,6.2,5.800000000000001,0.13793103448275856
2026-09-30,66,2250.0,CALL,0.767918403243032,0.9777425130479531,0.33263316122646086,690.9,706.3,698.5999999999999,0.022044088176352675
2026-09-30,66,2250.0,PUT,0.767918403243032,-0.03316344721954213,0.36194222201968607,6.0,6.8,6.4,0.12499999999999997
2026-09-30,66,2270.0,PUT,0.7747443446051923,-0.035532895611864006,0.35567294428407525,6.4,7.2,6.800000000000001,0.11764705882352937
2026-09-30,66,2280.0,PUT,0.7781573152862724,-0.036932161233978,0.353044714917052,6.6,7.5,7.05,0.12765957446808515
2026-09-30,66,2290.0,PUT,0.7815702859673526,-0.03835172063382745,0.35043191316211203,6.9,7.7,7.300000000000001,0.10958904109589038
2026-09-30,66,2300.0,PUT,0.7849832566484327,-0.039608481239531756,0.3473569931114662,7.1,7.9,7.5,0.10666666666666676
2026-09-30,66,2300.0,CALL,0.7849832566484327,0.9734000844004029,0.31644907858167165,641.2,657.9,649.55,0.02571010699715177
2026-09-30,66,2310.0,PUT,0.7883962273295129,-0.04106997443579645,0.34477602290528614,7.3,8.2,7.75,0.11612903225806445
2026-09-30,66,2310.0,CALL,0.7883962273295129,0.9662117708180163,0.3267929884272314,634.1,648.3,641.2,0.0221459762944478
2026-09-30,66,2320.0,CALL,0.7918091980105929,0.9703156380497339,0.3116173664864405,620.4,640.0,630.2,0.031101237702316757
2026-09-30,66,2320.0,PUT,0.7918091980105929,-0.042734943888401496,0.3426854687484045,7.6,8.5,8.05,0.11180124223602488
2026-09-30,66,2330.0,PUT,0.7952221686916731,-0.044419671030973225,0.3406076952822656,7.9,8.8,8.350000000000001,0.10778443113772458
2026-09-30,66,2340.0,CALL,0.7986351393727532,0.9618344364615137,0.3188037435193811,606.4,617.8,612.0999999999999,0.018624407776507073
2026-09-30,66,2340.0,PUT,0.7986351393727532,-0.04594429497942331,0.3380699849926992,8.1,9.1,8.6,0.11627906976744186
2026-09-30,66,2350.0,PUT,0.8020481100538334,-0.0476702648130614,0.3360188584131066,8.4,9.4,8.9,0.11235955056179775
2026-09-30,66,2350.0,CALL,0.8020481100538334,0.9579327983589011,0.32187340904748807,597.2,608.8,603.0,0.0192371475953564
2026-09-30,66,2360.0,CALL,0.8054610807349135,0.9598192831789097,0.31118260349087257,584.1,600.8,592.45,0.02818803274537924
2026-09-30,66,2360.0,PUT,0.8054610807349135,-0.04941657089729535,0.33398034695439854,8.7,9.7,9.2,0.10869565217391305
2026-09-30,66,2370.0,PUT,0.8088740514159937,-0.0513597579535448,0.3324232957754714,9.1,10.0,9.55,0.09424083769633511
2026-09-30,66,2380.0,CALL,0.8122870220970738,0.9579194410365848,0.3031708075318616,567.6,577.9,572.75,0.017983413356612753
2026-09-30,66,2380.0,PUT,0.8122870220970738,-0.05332052699212479,0.3308761518937984,9.4,10.4,9.9,0.10101010101010101
2026-09-30,66,2390.0,PUT,0.815699992778154,-0.055130064550155004,0.32769727339082844,9.7,10.7,10.2,0.09803921568627452
2026-09-30,66,2400.0,PUT,0.8191129634592341,-0.0573301896459973,0.3242719966860103,10.1,11.1,10.6,0.09433962264150944
2026-09-30,66,2400.0,CALL,0.8191129634592341,0.9472331944829663,0.3159058797146119,549.0,561.5,555.25,0.0225123818099955
2026-09-30,66,2410.0,PUT,0.8225259341403143,-0.059576271188773865,0.3208658659983036,10.5,11.5,11.0,0.09090909090909091
2026-09-30,66,2410.0,CALL,0.8225259341403143,0.949575658148964,0.3035282998910244,539.1,549.9,544.5,0.01983471074380157
2026-09-30,66,2420.0,CALL,0.8259389048213944,0.9439175973079306,0.308819745428374,529.6,542.1,535.85,0.023327423719324437
2026-09-30,66,2420.0,PUT,0.8259389048213944,-0.06186940499357145,0.3174788630106556,10.9,11.9,11.4,0.08771929824561403
2026-09-30,66,2430.0,CALL,0.8293518755024746,0.9622815824308559,0.26413449835309566,510.6,532.3,521.45,0.041614728161856226
2026-09-30,66,2430.0,PUT,0.8293518755024746,-0.064210717568483,0.3141109735114044,11.3,12.3,11.8,0.0847457627118644
2026-09-30,66,2440.0,PUT,0.8327648461835546,-0.06677574486405098,0.31102941185484634,11.7,12.8,12.25,0.08979591836734706
2026-09-30,66,2440.0,CALL,0.8327648461835546,0.9597398589775604,0.2631456733896768,501.1,522.7,511.90000000000003,0.04219574135573358
2026-09-30,66,2450.0,CALL,0.8361778168646348,0.936743023330673,0.298832722992966,501.0,513.5,507.25,0.02464268112370626
2026-09-30,66,2450.0,PUT,0.8361778168646348,-0.06939084060001145,0.307965775427187,12.2,13.2,12.7,0.07874015748031496
2026-09-30,66,2460.0,PUT,0.8395907875457149,-0.0722303023847701,0.3051860425160228,12.7,13.7,13.2,0.07575757575757576
2026-09-30,66,2460.0,CALL,0.8395907875457149,0.938665103597463,0.28929849073186364,490.9,502.2,496.54999999999995,0.022757023461887044
2026-09-30,66,2470.0,PUT,0.8430037582267951,-0.07512067803397524,0.30242297527384754,13.2,14.2,13.7,0.07299270072992702
2026-09-30,66,2470.0,CALL,0.8430037582267951,0.9338787595648631,0.2891578250350857,481.5,493.7,487.6,0.025020508613617695
2026-09-30,66,2480.0,PUT,0.8464167289078752,-0.07823412745894506,0.2999412383338173,13.7,14.8,14.25,0.07719298245614045
2026-09-30,66,2480.0,CALL,0.8464167289078752,0.9268940774019246,0.2922079948808902,472.1,486.4,479.25,0.029838288993218477
2026-09-30,66,2490.0,CALL,0.8498296995889554,0.9296795054391154,0.28117854489377814,462.3,474.2,468.25,0.025413774693005823
2026-09-30,66,2490.0,PUT,0.8498296995889554,-0.08139820144420837,0.29747482688877225,14.3,15.3,14.8,0.06756756756756756
2026-09-30,66,2500.0,PUT,0.8532426702700355,-0.08461369098409424,0.29502372472706473,14.8,15.9,15.350000000000001,0.07166123778501626
2026-09-30,66,2500.0,CALL,0.8532426702700355,0.9223560239103348,0.2845126827775343,453.6,466.3,459.95000000000005,0.02761169692357862
2026-09-30,66,2510.0,CALL,0.8566556409511157,0.9194533232576202,0.281489827975829,443.6,457.3,450.45000000000005,0.030414030414030385
2026-09-30,66,2510.0,PUT,0.8566556409511157,-0.08821497902930117,0.29311310096721316,15.5,16.5,16.0,0.0625
2026-09-30,66,2520.0,CALL,0.8600686116321958,0.9159498042425026,0.2792754722031952,434.3,447.9,441.1,0.030832010881886116
2026-09-30,66,2520.0,PUT,0.8600686116321958,-0.09186227099013357,0.2912148933721873,16.1,17.2,16.65,0.06606606606606594
2026-09-30,66,2530.0,PUT,0.863481582313276,-0.09555601312105368,0.28932907085306175,16.8,17.8,17.3,0.057803468208092484
2026-09-30,66,2530.0,CALL,0.863481582313276,0.9089072530368196,0.28232020310767114,424.9,440.6,432.75,0.036279607163489415
2026-09-30,66,2540.0,CALL,0.8668945529943561,0.9094843859789229,0.2738425834135559,415.3,429.1,422.20000000000005,0.03268593083846521
2026-09-30,66,2540.0,PUT,0.8668945529943561,-0.09961626062986399,0.28797617131198067,17.5,18.6,18.05,0.06094182825484772
2026-09-30,66,2550.0,CALL,0.8703075236754362,0.9003737135584522,0.2800175546355195,406.9,422.0,414.45,0.036433827964772646
2026-09-30,66,2550.0,PUT,0.8703075236754362,-0.10355688909786614,0.2863730055095407,18.2,19.3,18.75,0.05866666666666674
2026-09-30,66,2560.0,PUT,0.8737204943565163,-0.10784849745273138,0.2852979045125366,19.0,20.1,19.55,0.05626598465473153
2026-09-30,66,2560.0,CALL,0.8737204943565163,0.901382669351042,0.27056287208074015,396.4,411.0,403.7,0.036165469407976276
2026-09-30,66,2570.0,CALL,0.8771334650375965,0.9055992181501741,0.2567017684083732,380.2,404.0,392.1,0.06069880132619233
2026-09-30,66,2570.0,PUT,0.8771334650375965,-0.11218530333762324,0.28275352311686003,19.8,20.9,20.35,0.054054054054053946
2026-09-30,66,2580.0,PUT,0.8805464357186766,-0.11692565506889674,0.2796325747072642,20.7,21.8,21.25,0.05176470588235301
2026-09-30,66,2580.0,CALL,0.8805464357186766,0.8883984983420329,0.273716495285839,378.3,395.0,386.65,0.04319151687572737
2026-09-30,66,2590.0,PUT,0.8839594063997568,-0.12162159508720682,0.27635968278134193,21.5,22.7,22.1,0.05429864253393662
2026-09-30,66,2590.0,CALL,0.8839594063997568,0.8900200223485348,0.26369885095433665,368.6,382.6,375.6,0.03727369542066027
2026-09-30,66,2600.0,PUT,0.8873723770808369,-0.12672585330587038,0.27344832143163866,22.5,23.6,23.05,0.04772234273318878
2026-09-30,66,2600.0,CALL,0.8873723770808369,0.8851905865978755,0.2604200975157036,360.1,372.9,366.5,0.03492496589358787
2026-09-30,66,2610.0,PUT,0.8907853477619171,-0.13208526688150415,0.27072567722241403,23.5,24.6,24.05,0.045738045738045796
2026-09-30,66,2610.0,CALL,0.8907853477619171,0.8778070608456429,0.25973033438618903,350.7,365.6,358.15,0.04160268044115604
2026-09-30,66,2620.0,CALL,0.8941983184429972,0.8694519960483544,0.2600684612307336,341.2,359.0,350.1,0.050842616395315655
2026-09-30,66,2630.0,CALL,0.8976112891240774,0.8638339891234899,0.2573471333025629,332.3,350.0,341.15,0.05188333577605156
2026-09-30,66,2630.0,PUT,0.8976112891240774,-0.14341351350059323,0.26567190693068266,25.6,26.7,26.15,0.04206500956022936
2026-09-30,66,2640.0,CALL,0.9010242598051575,0.8597687218649019,0.2527790815305388,323.1,340.2,331.65,0.05156037991858878
2026-09-30,66,2640.0,PUT,0.9010242598051575,-0.14951813430588445,0.26350777749868215,26.7,27.9,27.299999999999997,0.04395604395604393
2026-09-30,66,2650.0,CALL,0.9044372304862377,0.8546456086684312,0.2492536573685776,315.1,329.8,322.45000000000005,0.045588463327647655
2026-09-30,66,2650.0,PUT,0.9044372304862377,-0.15572185406569852,0.26135845314358536,27.8,29.1,28.450000000000003,0.045694200351493866
2026-09-30,66,2660.0,CALL,0.9078502011673177,0.844665784164455,0.2511458144498409,305.7,324.0,314.85,0.05812291567413057
2026-09-30,66,2660.0,PUT,0.9078502011673177,-0.1622950098306279,0.25955951357654267,29.1,30.3,29.700000000000003,0.04040404040404038
2026-09-30,66,2670.0,PUT,0.9112631718483979,-0.16908874683367414,0.2579405281174578,30.4,31.6,31.0,0.03870967741935493
2026-09-30,66,2670.0,CALL,0.9112631718483979,0.8401567469838613,0.24664500067453418,297.0,313.7,305.35,0.05469133780907152
2026-09-30,66,2680.0,PUT,0.914676142529478,-0.1762205029377244,0.25666649264919184,31.8,33.0,32.4,0.037037037037037014
2026-09-30,66,2690.0,PUT,0.9180891132105582,-0.1835445345755987,0.2555677834010841,33.2,34.5,33.85,0.038404726735598145
2026-09-30,66,2700.0,PUT,0.9215020838916383,-0.191048902776889,0.25464289121740996,34.7,36.0,35.35,0.03677510608203669
2026-09-30,66,2700.0,CALL,0.9215020838916383,0.8153953171021237,0.2459624021298085,271.3,290.0,280.65,0.06663103509709599
2026-09-30,66,2710.0,PUT,0.9249150545727185,-0.19884578117501742,0.25307357370326444,36.3,37.6,36.95,0.035182679296346525
2026-09-30,66,2710.0,CALL,0.9249150545727185,0.8083844969273725,0.24402944594263482,261.9,281.9,271.9,0.0735564545788893
2026-09-30,66,2720.0,CALL,0.9283280252537986,0.8057191246612971,0.23616623751505406,259.7,263.0,261.35,0.012626745743256212
2026-09-30,66,2720.0,PUT,0.9283280252537986,-0.20703506368706517,0.2501111837685822,38.0,39.3,38.65,0.033635187580853744
2026-09-30,66,2730.0,CALL,0.9317409959348788,0.7964472557325629,0.23430677849986667,251.8,254.9,253.35000000000002,0.012236037102822159
2026-09-30,66,2740.0,PUT,0.935153966615959,-0.2242155255825329,0.24449790399247742,41.5,42.8,42.15,0.03084223013048629
2026-09-30,66,2740.0,CALL,0.935153966615959,0.7874705261291693,0.23150945904297857,243.7,246.6,245.14999999999998,0.01182949214766472
2026-09-30,66,2750.0,CALL,0.9385669372970391,0.7772363111436671,0.22985942162034778,235.7,239.1,237.39999999999998,0.014321819713563631
2026-09-30,66,2750.0,PUT,0.9385669372970391,-0.2334095506130064,0.24209487893019202,43.4,44.7,44.05,0.029511918274687955
2026-09-30,66,2760.0,PUT,0.9419799079781193,-0.2429832048784117,0.23995781165303423,45.4,46.7,46.05,0.02823018458197621
2026-09-30,66,2760.0,CALL,0.9419799079781193,0.7681852852889709,0.2267262222253099,227.5,230.6,229.05,0.013534162846540031
2026-09-30,66,2770.0,PUT,0.9453928786591993,-0.2529155644497868,0.23808420920537443,47.5,48.8,48.15,0.026998961578400774
2026-09-30,66,2780.0,CALL,0.9488058493402795,0.7468535840689011,0.2235033791890621,212.2,214.9,213.55,0.012643409037696169
2026-09-30,66,2780.0,PUT,0.9488058493402795,-0.26300289991106146,0.23622492325854133,49.6,50.9,50.25,0.025870646766169098
2026-09-30,66,2790.0,PUT,0.9522188200213596,-0.2735034050151558,0.23474843988476524,51.8,53.2,52.5,0.026666666666666776
2026-09-30,66,2790.0,CALL,0.9522188200213596,0.7360551847665816,0.22178849013778154,204.3,207.2,205.75,0.014094775212636584
2026-09-30,66,2800.0,CALL,0.9556317907024398,0.7244550830119588,0.22094748948086235,197.0,199.6,198.3,0.013111447302067545
2026-09-30,66,2800.0,PUT,0.9556317907024398,-0.2842946572209568,0.23352827506330437,54.2,55.5,54.85,0.023701002734731032
2026-09-30,66,2810.0,PUT,0.9590447613835199,-0.2953466084137671,0.23256158459737328,56.6,58.0,57.3,0.024432809773123884
2026-09-30,66,2810.0,CALL,0.9590447613835199,0.7130219351058289,0.21974683047927976,189.3,192.1,190.7,0.014682747771368554
2026-09-30,66,2820.0,CALL,0.9624577320646001,0.7009937430783886,0.21928709257252835,182.1,184.7,183.39999999999998,0.014176663031624834
2026-09-30,66,2820.0,PUT,0.9624577320646001,-0.3066273679228176,0.23184546140198148,59.2,60.5,59.85,0.021720969089390096
2026-09-30,66,2830.0,PUT,0.9658707027456802,-0.3181266062612462,0.23024850013461098,61.8,63.2,62.5,0.02240000000000009
2026-09-30,66,2830.0,CALL,0.9658707027456802,0.6887722403139264,0.219073850652694,175.0,177.4,176.2,0.013620885357548273
2026-09-30,66,2840.0,CALL,0.9692836734267604,0.6764784849258737,0.21637334771384215,167.7,170.2,168.95,0.014797277300976621
2026-09-30,66,2840.0,PUT,0.9692836734267604,-0.33014216624008924,0.22745101492084435,64.6,66.1,65.35,0.022953328232593728
2026-09-30,66,2850.0,CALL,0.9726966441078405,0.6635240633682925,0.2138162533477508,160.9,163.0,161.95,0.012966965112689067
2026-09-30,66,2850.0,PUT,0.9726966441078405,-0.3424553447943817,0.22467563627088086,67.5,68.9,68.2,0.02052785923753674
2026-09-30,66,2860.0,CALL,0.9761096147889207,0.6501466686793579,0.21149063486988415,154.0,156.1,155.05,0.013544018058690706
2026-09-30,66,2870.0,CALL,0.9795225854700008,0.6364248631036058,0.20928965667066912,147.2,149.2,148.2,0.01349527665317139
2026-09-30,66,2870.0,PUT,0.9795225854700008,-0.3683566792560407,0.2200256989386773,73.6,75.0,74.3,0.01884253028263803
2026-09-30,66,2880.0,CALL,0.982935556151081,0.6222435411501455,0.20752393910209635,140.6,142.5,141.55,0.013422818791946348
2026-09-30,66,2880.0,PUT,0.982935556151081,-0.381905837943345,0.21824856514621066,76.8,78.4,77.6,0.02061855670103104
2026-09-30,66,2890.0,CALL,0.986348526832161,0.607750284403155,0.20598112051454354,134.1,135.9,135.0,0.013333333333333417
2026-09-30,66,2890.0,PUT,0.986348526832161,-0.395705790726972,0.21658989649879243,80.2,81.7,80.95,0.01852995676343422
2026-09-30,66,2900.0,PUT,0.9897614975132412,-0.40981582447182424,0.21535710739308275,83.7,85.3,84.5,0.018934911242603485
2026-09-30,66,2900.0,CALL,0.9897614975132412,0.5929554842415281,0.20476143611178915,127.7,129.5,128.6,0.013996889580093291
2026-09-30,66,2950.0,PUT,1.006826350918642,-0.4832303931115414,0.20780546364524538,103.6,105.1,104.35,0.014374700527072353
2026-09-30,66,2950.0,CALL,1.006826350918642,0.5158349442653796,0.1975872018704633,98.1,99.6,98.85,0.015174506828528073
2026-09-30,66,3000.0,PUT,1.0238912043240427,-0.5627196348219352,0.2001930633477881,127.4,129.2,128.3,0.014029618082618728
2026-09-30,66,3000.0,CALL,1.0238912043240427,0.4321768613983699,0.1902605659374452,72.4,73.9,73.15,0.020505809979494187
2026-09-30,66,3050.0,PUT,1.0409560577294434,-0.6420616032181576,0.19361415355240263,155.6,157.8,156.7,0.014039566049776754
2026-09-30,66,3050.0,CALL,1.0409560577294434,0.34831901224417855,0.18282127915467786,51.3,52.7,52.0,0.026923076923077032
2026-09-30,66,3100.0,PUT,1.058020911134844,-0.7181013248273245,0.19068698351959368,188.3,191.3,189.8,0.015806111696522653
2026-09-30,66,3100.0,CALL,1.058020911134844,0.2675963141284489,0.1799691716422229,34.7,36.1,35.400000000000006,0.03954802259887001
2026-09-30,66,3150.0,CALL,1.0750857645402447,0.19591279647068743,0.17290304214530514,22.5,23.8,23.15,0.05615550755939528
2026-09-30,66,3200.0,CALL,1.0921506179456455,0.13737262042780027,0.16984285835945573,14.0,15.2,14.6,0.08219178082191776
2026-09-30,66,3250.0,CALL,1.1092154713510463,0.09246178497979171,0.1693928524037696,8.4,9.6,9.0,0.13333333333333325
2026-09-30,66,3300.0,PUT,1.1262803247564468,-0.933053921651226,0.17217462433256978,346.1,362.7,354.4,0.04683972911963873
2026-09-30,66,3300.0,CALL,1.1262803247564468,0.0601940810793763,0.16642965202230145,4.9,5.9,5.4,0.18518518518518517
2026-09-30,66,3350.0,CALL,1.1433451781618476,0.038248571578546005,0.1682688840550841,2.8,3.6,3.2,0.25000000000000006
2026-09-30,66,3400.0,CALL,1.1604100315672483,0.023719705086997007,0.16693215398012465,1.55,2.2,1.875,0.34666666666666673
2026-09-30,66,3450.0,CALL,1.177474884972649,0.014399199713923812,0.16855405768969559,0.8,1.35,1.0750000000000002,0.5116279069767441
2026-09-30,66,3500.0,CALL,1.1945397383780498,0.008131560386770414,0.16764358043784378,0.3,0.85,0.575,0.9565217391304349
2026-09-30,66,3550.0,CALL,1.2116045917834504,0.005107028484573564,0.17125604213991355,0.1,0.6,0.35,1.4285714285714286
2026-09-30,66,3600.0,CALL,1.2286694451888511,0.003942212413877356,0.17679430856321054,0.0,0.55,0.275,2.0
2026-10-16,82,1750.0,PUT,0.5972698691890249,-0.008421001831517286,0.49610363269163194,1.85,2.4,2.125,0.2588235294117646
2026-10-16,82,1900.0,PUT,0.648464429405227,-0.01347392126535811,0.44370096591123115,2.95,3.5,3.225,0.17054263565891467
2026-10-16,82,2000.0,PUT,0.6825941362160284,-0.018433273639669987,0.41675990818940684,3.9,4.6,4.25,0.16470588235294112
2026-10-16,82,2050.0,PUT,0.6996589896214291,-0.0217352742964469,0.4073381221405008,4.6,5.3,4.949999999999999,0.14141414141414146
2026-10-16,82,2200.0,PUT,0.7508535498376313,-0.03504496023215951,0.36022068671086765,7.2,8.0,7.6,0.10526315789473682
2026-10-16,82,2300.0,PUT,0.7849832566484327,-0.04875084107928602,0.3375525514167483,9.8,10.7,10.25,0.08780487804878034
2026-10-16,82,2350.0,PUT,0.8020481100538334,-0.05778936108655508,0.3250430941094059,11.6,12.5,12.05,0.07468879668049795
2026-10-16,82,2400.0,PUT,0.8191129634592341,-0.06880439649628338,0.31028363131915243,13.7,14.7,14.2,0.07042253521126761
2026-10-16,82,2450.0,PUT,0.8361778168646348,-0.08237496145336384,0.29836534370996654,16.3,17.4,16.85,0.06528189910979215
2026-10-16,82,2500.0,CALL,0.8532426702700355,0.9108316576148496,0.27440985556927183,462.1,472.8,467.45000000000005,0.022890148679003075
2026-10-16,82,2500.0,PUT,0.8532426702700355,-0.09887009409885772,0.2899047012907049,19.6,20.7,20.15,0.054590570719602875
2026-10-16,82,2550.0,PUT,0.8703075236754362,-0.11849686489621755,0.2789313097574313,23.6,24.8,24.200000000000003,0.0495867768595041
2026-10-16,82,2575.0,PUT,0.8788399503781366,-0.1300543373388649,0.27239249485139605,26.0,27.2,26.6,0.04511278195488719
2026-10-16,82,2600.0,PUT,0.8873723770808369,-0.14267281929373293,0.26657516231160666,28.6,29.8,29.200000000000003,0.041095890410958874
2026-10-16,82,2620.0,PUT,0.8941983184429972,-0.15394297474913568,0.26297113338232414,31.0,32.2,31.6,0.03797468354430389
2026-10-16,82,2635.0,PUT,0.8993177744646175,-0.1628309803824362,0.26060548707738074,32.9,34.1,33.5,0.035820895522388145
2026-10-16,82,2650.0,PUT,0.9044372304862377,-0.17210526744060173,0.25856912231165186,34.9,36.1,35.5,0.03380281690140853
2026-10-16,82,2670.0,PUT,0.9112631718483979,-0.18519362375671342,0.25659048757061714,37.8,39.0,38.4,0.031250000000000076
2026-10-16,82,2675.0,PUT,0.912969657188938,-0.18854900593792875,0.256175559842812,38.5,39.8,39.15,0.033205619412515895
2026-10-16,82,2680.0,PUT,0.914676142529478,-0.19201844441460592,0.25591216801326505,39.3,40.6,39.95,0.03254067584480611
2026-10-16,82,2690.0,PUT,0.9180891132105582,-0.19903734500189432,0.25312047974012836,40.9,42.2,41.55,0.03128760529482562
2026-10-16,82,2700.0,PUT,0.9215020838916383,-0.20631761877087032,0.2503372713183669,42.6,43.8,43.2,0.027777777777777676
2026-10-16,82,2740.0,PUT,0.935153966615959,-0.23852393852846626,0.24119987869958828,49.9,51.3,50.599999999999994,0.027667984189723296
2026-10-16,82,2750.0,PUT,0.9385669372970391,-0.24729431295933055,0.2394058982072663,52.0,53.3,52.65,0.024691358024691305
2026-10-16,82,2755.0,PUT,0.9402734226375792,-0.2516864046647126,0.2384580422009506,53.0,54.3,53.65,0.02423112767940349
2026-10-16,82,2760.0,PUT,0.9419799079781193,-0.25627643794958577,0.23773734932273974,54.1,55.4,54.75,0.02374429223744287
2026-10-16,82,2770.0,PUT,0.9453928786591993,-0.2655389331188868,0.23630438812950907,56.3,57.6,56.95,0.022827041264266976
2026-10-16,82,2780.0,PUT,0.9488058493402795,-0.2750599887118673,0.23510452701364182,58.6,59.9,59.25,0.021940928270042147
2026-10-16,82,2800.0,PUT,0.9556317907024398,-0.2947166587970913,0.2332837404483626,63.4,64.8,64.1,0.021840873634945378
2026-10-16,82,2805.0,PUT,0.9573382760429798,-0.29972503197085326,0.23291551467881352,64.7,66.0,65.35,0.019892884468247853
2026-10-16,82,2810.0,PUT,0.9590447613835199,-0.3047488210234883,0.2325487833678391,65.9,67.3,66.6,0.021021021021020894
2026-10-16,82,2820.0,PUT,0.9624577320646001,-0.3151103946101693,0.23073351290396826,68.6,70.0,69.3,0.020202020202020284
2026-10-16,82,2870.0,PUT,0.9795225854700008,-0.3716885425687187,0.21936605755469962,83.3,84.8,84.05,0.01784651992861392
2026-10-16,82,2885.0,PUT,0.9846420414916209,-0.3901324679557148,0.2171181444112747,88.3,89.8,89.05,0.016844469399213927
2026-10-16,82,2900.0,PUT,0.9897614975132412,-0.4091025101030802,0.21554716990750575,93.6,95.2,94.4,0.01694915254237297
2026-10-16,82,2910.0,PUT,0.9931744681943213,-0.42192651268465503,0.21466484731512048,97.3,98.8,98.05,0.015298317185109638
2026-10-16,82,2915.0,CALL,0.9948809535348614,0.572781846119101,0.20661480133864932,133.8,135.6,134.7,0.013363028953229274
2026-10-16,82,2915.0,PUT,0.9948809535348614,-0.4283837856053386,0.2142725662696103,99.1,100.7,99.9,0.0160160160160161
2026-10-16,82,2925.0,CALL,0.9982939242159415,0.5593049960097672,0.20617700952942764,127.8,129.5,128.65,0.013214146910221552
2026-10-16,82,2930.0,PUT,1.0000004095564816,-0.44792976590263384,0.21374529117344224,105.0,106.6,105.8,0.015122873345935674
2026-10-16,82,2935.0,CALL,1.0017068948970218,0.5457162137253992,0.20480214671034397,122.0,123.6,122.8,0.013029315960912006
2026-10-16,82,2950.0,CALL,1.006826350918642,0.5247415870616293,0.2011368514926285,113.4,115.0,114.2,0.014010507880910633
2026-10-16,82,2955.0,PUT,1.0085328362591819,-0.4816250606514548,0.20761764013240053,115.5,117.1,116.3,0.013757523645743718
2026-10-16,82,2960.0,PUT,1.010239321599722,-0.4885780286525081,0.2065890733536229,117.7,119.3,118.5,0.013502109704641302
2026-10-16,82,2960.0,CALL,1.010239321599722,0.5103901854973794,0.19914282170339428,107.9,109.5,108.7,0.014719411223551006
2026-10-16,82,2970.0,PUT,1.0136522922808022,-0.502654977990833,0.2047256565249681,122.2,123.8,123.0,0.013008130081300766
2026-10-16,82,2975.0,CALL,1.0153587776213422,0.48843514411370553,0.19663510385726427,99.9,101.5,100.7,0.0158887785501489
2026-10-16,82,2980.0,CALL,1.0170652629618824,0.48102792997753435,0.19592631702537489,97.3,98.9,98.1,0.016309887869520985
2026-10-16,82,2980.0,PUT,1.0170652629618824,-0.5168881346811172,0.20323675151219933,126.9,128.5,127.7,0.012529365700861349
2026-10-16,82,2985.0,CALL,1.0187717483024223,0.47356754937919615,0.19522103486597855,94.7,96.3,95.5,0.01675392670157062
2026-10-16,82,2995.0,PUT,1.0221847189835025,-0.5384890114410418,0.20138416108010038,134.1,135.8,134.95,0.012597258243794126
2026-10-16,82,2995.0,CALL,1.0221847189835025,0.45863221061591136,0.1941750098232595,89.7,91.3,90.5,0.017679558011049663
2026-10-16,82,3000.0,PUT,1.0238912043240427,-0.5457136809615991,0.20091982840398925,136.6,138.3,137.45,0.012368133866860802
2026-10-16,82,3015.0,PUT,1.0290106603456628,-0.5673018922253983,0.20006665440378293,144.4,146.1,145.25,0.011703958691910422
2026-10-16,82,3020.0,PUT,1.030717145686203,-0.57448780914091,0.19987250814469934,147.0,148.8,147.9,0.012170385395537602
2026-10-16,82,3025.0,CALL,1.032423631026743,0.4139558190746905,0.192755294386765,75.7,77.2,76.45,0.01962066710268149
2026-10-16,82,3025.0,PUT,1.032423631026743,-0.5816340573952069,0.19976663784149853,149.7,151.5,150.6,0.011952191235059837
2026-10-16,82,3030.0,PUT,1.0341301163672831,-0.5886750223745334,0.19983558978211183,152.5,154.3,153.4,0.011734028683181299
2026-10-16,82,3035.0,PUT,1.035836601707823,-0.5957743799381158,0.199436519481587,155.2,157.1,156.14999999999998,0.01216778738392575
2026-10-16,82,3040.0,PUT,1.0375430870483633,-0.6028204699106563,0.19826519382115543,158.0,160.0,159.0,0.012578616352201259
2026-10-16,82,3045.0,PUT,1.0392495723889033,-0.6098833106187509,0.19719865582848864,160.9,162.9,161.9,0.012353304508956145
2026-10-16,82,3055.0,PUT,1.0426625430699834,-0.624165527525414,0.19518018351575545,166.7,168.8,167.75,0.01251862891207167
2026-10-16,82,3060.0,PUT,1.0443690284105234,-0.6312991121752217,0.1943257624292052,169.7,171.8,170.75,0.01229868228404113
2026-10-16,82,3065.0,PUT,1.0460755137510636,-0.6384125665443806,0.19357348594937998,172.7,174.9,173.8,0.012658227848101363
2026-10-16,82,3070.0,PUT,1.0477819990916035,-0.6454077700113898,0.1930200595406869,175.7,178.2,176.95,0.014128284826222097
2026-10-16,82,3080.0,PUT,1.0511949697726837,-0.6598015538454042,0.19163065424473535,181.9,184.3,183.10000000000002,0.013107591480065567
2026-10-16,82,3085.0,PUT,1.0529014551132239,-0.6666338912689127,0.19137653455208362,185.1,187.7,186.39999999999998,0.013948497854077225
2026-10-16,82,3100.0,CALL,1.058020911134844,0.3037688365042586,0.18299238912058818,47.1,48.5,47.8,0.029288702928870265
2026-10-16,82,3100.0,PUT,1.058020911134844,-0.6873475552525927,0.19052572005309548,194.8,197.7,196.25,0.014777070063694152
2026-10-16,82,3110.0,CALL,1.0614338818159241,0.2897736080552175,0.18285428642331183,44.0,45.3,44.65,0.02911534154535268
2026-10-16,82,3120.0,PUT,1.0648468524970043,-0.7137371875461668,0.19058299626898165,208.5,211.5,210.0,0.014285714285714285
2026-10-16,82,3125.0,PUT,1.0665533378375445,-0.7201759416110157,0.1907157008055783,212.0,215.0,213.5,0.01405152224824356
2026-10-16,82,3130.0,CALL,1.0682598231780844,0.26285925810277005,0.18145486793190135,38.1,39.5,38.8,0.03608247422680409
2026-10-16,82,3135.0,CALL,1.0699663085186246,0.2564591385360123,0.18063832175444128,36.8,38.2,37.5,0.03733333333333348
2026-10-16,82,3150.0,CALL,1.0750857645402447,0.2369070586186957,0.17821722418106287,32.9,34.3,33.599999999999994,0.04166666666666663
2026-10-16,82,3160.0,PUT,1.078498735221325,-0.76375784450754,0.1860091193018998,237.4,240.4,238.9,0.012557555462536625
2026-10-16,82,3170.0,PUT,1.081911705902405,-0.7746297993552089,0.18578323186243098,245.1,248.5,246.8,0.013776337115072956
2026-10-16,82,3195.0,CALL,1.0904441326051053,0.18340624979076126,0.17604620474386204,23.3,24.6,23.950000000000003,0.054279749478079356
2026-10-16,82,3200.0,CALL,1.0921506179456455,0.1780809357106179,0.17621772493560967,22.4,23.7,23.049999999999997,0.056399132321041254
2026-10-16,82,3245.0,CALL,1.107508986010506,0.13434090405468233,0.1726382228991455,15.4,16.7,16.05,0.08099688473520242
2026-10-16,82,3250.0,CALL,1.1092154713510463,0.12993104737157035,0.17229861462853985,14.8,16.0,15.4,0.07792207792207788
2026-10-16,82,3300.0,CALL,1.1262803247564468,0.09192995267610778,0.17300915301090058,9.6,10.6,10.1,0.09900990099009901
2026-10-16,82,3350.0,CALL,1.1433451781618476,0.06382949529570679,0.17002672176645223,6.0,7.1,6.55,0.16793893129770987
2026-10-16,82,3375.0,CALL,1.151877604864548,0.053010878768526996,0.17078882224677566,4.8,5.8,5.3,0.18867924528301888
2026-10-16,82,3400.0,CALL,1.1604100315672483,0.04374952728028764,0.17262829240030572,3.8,4.7,4.25,0.21176470588235302
2026-10-16,82,3435.0,CALL,1.1723554289510287,0.03321159812173724,0.1709321088475959,2.7,3.5,3.1,0.2580645161290322
2026-10-16,82,3450.0,CALL,1.177474884972649,0.029553574983189813,0.17084920560504768,2.35,3.1,2.725,0.27522935779816515
2026-10-16,82,3500.0,CALL,1.1945397383780498,0.01975488205511448,0.1734467648422743,1.45,2.05,1.75,0.3428571428571428
2026-10-16,82,3550.0,CALL,1.2116045917834504,0.0129946696666445,0.17312316562738844,0.8,1.4,1.1,0.5454545454545453
2026-10-16,82,3600.0,CALL,1.2286694451888511,0.00826924448905942,0.17413303008523318,0.4,0.95,0.675,0.8148148148148147
2026-10-16,82,3650.0,CALL,1.2457342985942519,0.005392818271433415,0.1766803188163309,0.15,0.7,0.425,1.2941176470588234
2026-10-16,82,3750.0,CALL,1.2798640054050532,0.0036632827536814887,0.18782125073510167,0.0,0.55,0.275,2.0
2026-10-16,82,3800.0,CALL,1.296928858810454,0.0032563875130727986,0.19549966836786972,0.0,0.5,0.25,2.0
