expiry,dte,strike,call_open_interest,put_open_interest,call_volume,put_volume,call_gamma_exposure,put_gamma_exposure,net_gamma_exposure,call_delta_exposure,put_delta_exposure,net_delta_exposure,vanna_exposure,charm_exposure,call_spread_pct,put_spread_pct,liquidity_score,dealer_pressure_score,pin_score,market_structure_eligible,trade_eligible
2026-08-03,8,2535.0,0.0,2.0,0.0,2.0,0.0,-2044.06787102268,-2044.06787102268,0.0,4644.053572150392,4644.053572150392,642.2210146882855,-1432.4681040164003,,0.6000000000000001,14.535559078648564,64.99655365061238,2.53661968908732,True,False
2026-08-03,8,2565.0,0.0,1.0,0.0,1.0,0.0,-1357.6825519152826,-1357.6825519152826,0.0,3059.1699081318275,3059.1699081318275,431.4388386444281,-953.4615966316023,,0.46153846153846156,20.393783338195178,64.99495410701329,4.2404878612556995,True,False
2026-08-03,8,2575.0,0.0,7.0,0.0,3.0,0.0,-10350.982452523442,-10350.982452523442,0.0,23209.133707359182,23209.133707359182,3249.671228230713,-7089.17387110148,,0.4285714285714285,21.964266183090555,64.99825431530427,4.825315198386815,True,False
2026-08-03,8,2705.0,0.0,4.0,0.0,4.0,0.0,-21214.105852867608,-21214.105852867608,0.0,45885.35075868051,45885.35075868051,5182.403776416797,-9469.323087531811,,0.17777777777777792,36.876523811388196,64.99741987854355,12.213017800563875,True,True
2026-08-03,8,2715.0,0.0,10.0,0.0,10.0,0.0,-59074.980269366395,-59074.980269366395,0.0,127923.75545391113,127923.75545391113,14049.746421540422,-25308.12879338642,,0.16000000000000014,37.99132900060591,64.99360817638608,12.799597211656794,True,True
2026-08-03,8,2720.0,0.0,12.0,0.0,12.0,0.0,-74969.2257790739,-74969.2257790739,0.0,162739.5738416598,162739.5738416598,17584.757168583696,-31521.422656312683,,0.15094339622641503,38.551655806916045,64.99194507631162,13.090127130872078,True,True
2026-08-03,8,2725.0,0.0,89.0,0.0,1.0,0.0,-587143.4592067044,-587143.4592067044,0.0,1276509.389933649,1276509.389933649,135945.608678439,-242483.48488528858,,0.14285714285714282,39.240914714068,64.9376256201418,13.603941210207235,True,True
2026-08-03,8,2735.0,0.0,2.0,0.0,2.0,0.0,-14767.635914547824,-14767.635914547824,0.0,32401.161224102325,32401.161224102325,3325.4824753652356,-5913.434422270242,,0.14173228346456684,39.66015951164537,64.99796854392756,13.913960863822334,True,True
2026-08-03,8,2745.0,0.0,2.0,0.0,1.0,0.0,-16398.980790115256,-16398.980790115256,0.0,36188.5405790926,36188.5405790926,3599.8512824366885,-6379.448331469224,,0.14084507042253522,40.25560434975301,64.9978437205754,14.482888322689503,True,True
2026-08-03,8,2750.0,0.0,5.0,0.0,5.0,0.0,-43301.03752148698,-43301.03752148698,0.0,96324.03975451962,96324.03975451962,9331.343567933964,-16431.54184692614,,0.15789473684210517,40.03485028510811,64.99524511754116,14.776661853677972,True,True
2026-08-03,8,2755.0,2.0,0.0,2.0,0.0,-20405.878162444602,0.0,-20405.878162444602,-530824.3279365269,0.0,-530824.3279365269,3866.943415436844,-7631.438697489908,0.06742794997281135,,43.02694641009141,34.9978608758049,15.051959962137976,True,True
2026-08-03,8,2760.0,0.0,5.0,0.0,1.0,0.0,-48198.86603216089,-48198.86603216089,0.0,108444.08459886238,108444.08459886238,9997.62647084268,-17253.25631685901,,0.13953488372093015,41.15447432559004,64.99474230536501,15.34578756685018,True,True
2026-08-03,8,2765.0,0.0,5.0,0.0,1.0,0.0,-50941.240555432494,-50941.240555432494,0.0,115528.55157312288,115528.55157312288,10344.02842533282,-17716.879896733462,,0.1304347826086958,41.711891582380424,64.99445950979992,15.630368234565308,True,True
2026-08-03,8,2770.0,2.0,12.0,2.0,25.0,-23230.036451741005,-129073.81260034064,-152303.84905208164,-523159.50985239004,294603.7594413984,-228555.75041099166,29832.941867642563,-51649.45933331632,0.07481590574374072,0.12244897959183683,42.96934111758752,34.98388888689401,15.944114092099005,True,True
2026-08-03,8,2775.0,0.0,13.0,0.0,25.0,0.0,-147475.0672399114,-147475.0672399114,0.0,338303.15367295913,338303.15367295913,28710.33627072788,-48418.62880473911,,0.11538461538461531,42.749082924666446,64.98429180125035,16.225659730633797,True,True
2026-08-03,8,2780.0,0.0,2.0,0.0,2.0,0.0,-23949.06419153079,-23949.06419153079,0.0,55358.66362823726,55358.66362823726,4554.264521957738,-7640.882500904621,,0.0900900900900901,43.76915332368978,64.99718532792312,16.47424612759484,True,True
2026-08-03,8,2785.0,0.0,25.0,0.0,25.0,0.0,-316016.07393862674,-316016.07393862674,0.0,737752.8973143571,737752.8973143571,58557.40666818302,-97993.44636252621,,0.08403361344537814,44.283728247765644,64.96641445854186,16.835623631046925,True,True
2026-08-03,8,2790.0,25.0,132.0,25.0,2.0,-344139.78054232174,-1756070.7124126656,-2100210.492954987,-6386804.209454537,4120083.0919044656,-2266721.117550072,374318.1100965657,-634574.8705142369,0.07740654978498172,0.09523809523809519,44.7776361980335,34.776935669673996,17.568294068596767,True,True
2026-08-03,8,2795.0,0.0,13.0,0.0,6.0,0.0,-182136.76958356102,-182136.76958356102,0.0,431942.659212197,431942.659212197,31995.816856316593,-53243.92505844956,,0.07407407407407407,45.126056057676074,64.98061986860549,17.365420364151756,True,True
2026-08-03,8,2800.0,0.0,108.0,0.0,11.0,0.0,-1590215.4599866727,-1590215.4599866727,0.0,3806992.194870349,3806992.194870349,271055.22079493344,-450904.17547566374,,0.08333333333333329,45.332879813085164,64.83109352793494,17.979969181777484,True,True
2026-08-03,8,2805.0,0.0,38.0,0.0,39.0,0.0,-587299.266427761,-587299.266427761,0.0,1422109.7523537378,1422109.7523537378,97260.75836517595,-160900.20527287488,,0.07792207792207788,45.63212526007305,64.93761027437765,18.023227269796006,True,True
2026-08-03,8,2810.0,0.0,35.0,0.0,12.0,0.0,-567572.6935994006,-567572.6935994006,0.0,1387765.2784428075,1387765.2784428075,91595.71885906174,-149612.96556988152,,0.07317073170731704,46.05275816542037,64.93970524394602,18.29871769084372,True,True
2026-08-03,8,2815.0,0.0,13.0,0.0,10.0,0.0,-221169.75222950635,-221169.75222950635,0.0,545194.2230084214,545194.2230084214,34734.257733773185,-56001.51434032898,,0.06896551724137928,46.41696965635029,64.97648124810212,18.505446305944684,True,True
2026-08-03,8,2820.0,0.0,4.0,0.0,4.0,0.0,-71400.5365429385,-71400.5365429385,0.0,178173.94349880322,178173.94349880322,10858.470236481196,-17339.510333121387,,0.06451612903225802,46.81590041249073,64.99233210401005,18.757590929132746,True,True
2026-08-03,8,2825.0,0.0,9.0,0.0,6.0,0.0,-168462.43811165035,-168462.43811165035,0.0,424829.66421268374,424829.66421268374,24761.01156692578,-39149.881855171894,,0.06060606060606058,47.22815286289808,64.98207168734342,19.060773724742468,True,True
2026-08-03,8,2830.0,3.0,51.0,6.0,4.0,-58045.23857105123,-1000343.6507812557,-1058388.889352307,-712856.6463368767,2551977.7219493943,1839121.0756125175,149119.95453169657,-234880.07583383366,0.0857514075357298,0.06635071090047404,47.144042695742904,64.88757653437744,19.515098610108282,True,True
2026-08-03,8,2835.0,0.0,8.0,0.0,9.0,0.0,-164264.35439389508,-164264.35439389508,0.0,424314.96868782875,424314.96868782875,22278.560449733188,-34691.322183591095,,0.06222222222222216,47.746389226420305,64.9825175381605,19.626771865971644,True,True
2026-08-03,8,2840.0,0.0,89.0,0.0,3.0,0.0,-1911271.6000300164,-1911271.6000300164,0.0,4991293.713112506,4991293.713112506,247706.7355723302,-382917.2926234896,,0.058577405857740676,48.310833962787,64.79699392970664,20.225834312366196,True,True
2026-08-03,8,2845.0,0.0,90.0,0.0,7.0,0.0,-2017497.2015440313,-2017497.2015440313,0.0,5344062.03764736,5344062.03764736,248094.15350796215,-381974.93954826106,,0.05490196078431367,48.70761877325277,64.78571152298932,20.51927124795025,True,True
2026-08-03,8,2850.0,0.0,86.0,0.0,4.0,0.0,-2009868.6859614179,-2009868.6859614179,0.0,5392000.709026092,5392000.709026092,233554.27061308917,-357945.6274827752,,0.05166051660516613,49.08084738269207,64.78652180015803,20.79292043311488,True,True
2026-08-03,8,2855.0,0.0,22.0,0.0,8.0,0.0,-534894.6791821935,-534894.6791821935,0.0,1457718.1298340582,1457718.1298340582,59236.21257126238,-89544.51063319735,,0.04844290657439454,49.326926877303144,64.94317661266254,20.82298073855113,True,True
2026-08-03,8,2860.0,2.0,132.0,1.0,16.0,-49462.090530332374,-3339770.3823474045,-3389232.4728777367,-441011.9269758903,9230642.200162422,8789630.27318653,357491.2349021948,-530996.6655840684,0.02463605823068312,0.04560260586319214,50.247058638587184,64.64001566188692,21.569091731664624,True,True
2026-08-03,8,2865.0,0.0,34.0,0.0,6.0,0.0,-895497.5011884623,-895497.5011884623,0.0,2506225.2336450545,2506225.2336450545,89562.90060754164,-130433.66747715793,,0.043076923076923145,50.08202164714937,64.90487998846766,21.444601541606765,True,True
2026-08-03,8,2870.0,0.0,126.0,0.0,9.0,0.0,-3443325.4368205788,-3443325.4368205788,0.0,9821624.486605773,9821624.486605773,322383.3605431262,-462757.72111876926,,0.04034582132564837,50.64223452835564,64.63427043197797,22.12059919550858,True,True
2026-08-03,8,2875.0,1.0,207.0,1.0,87.0,-27557.754499783066,-5868757.955604329,-5896315.710104112,-208513.29427305263,17030124.81194263,16821611.517669577,512587.6104056812,-724353.3521733052,0.027114267269205863,0.037940379403793995,51.333996948301944,64.37373010408356,22.76508572783176,True,True
2026-08-03,8,2880.0,0.0,80.0,0.0,39.0,0.0,-2352796.7988570784,-2352796.7988570784,0.0,6934381.835962968,6934381.835962968,188234.25620742605,-261302.23281558056,,0.035805626598465444,51.25033601439547,64.75009878451439,22.504766223540294,True,True
2026-08-03,8,2885.0,1.0,67.0,1.0,16.0,-29435.928370888472,-2037229.829138512,-2066665.7575094006,-199699.78083815315,6122187.095807355,5922487.314969202,149650.6918681332,-204666.80954404504,0.027201145311381413,0.0384615384615385,51.59869196110359,64.78048942707102,22.74090804333018,True,True
2026-08-03,8,2890.0,0.0,128.0,0.0,15.0,0.0,-4022176.975097452,-4022176.975097452,0.0,12304096.484944023,12304096.484944023,260394.36259768542,-349318.82633790874,,0.031746031746031717,52.04209957911674,64.57278882593513,23.29853963008671,True,True
2026-08-03,8,2895.0,0.0,27.0,0.0,5.0,0.0,-873403.7523305241,-873403.7523305241,0.0,2729565.8809506833,2729565.8809506833,49925.552706873474,-65390.769427093896,,0.02985074626865668,52.17054164806012,64.90722713511005,23.13171737059329,True,True
2026-08-03,8,2900.0,1.0,41.0,1.0,4.0,-32097.089362570285,-1364026.3232036529,-1396123.4125662232,-185376.3993257325,4356501.430389457,4171125.031063725,70451.41315750076,-88600.01749291591,0.02544529262086514,0.03212851405622493,52.518479681981056,64.85170908981658,23.48648991532555,True,True
2026-08-03,8,2905.0,0.0,24.0,0.0,5.0,0.0,-820578.1433982962,-820578.1433982962,0.0,2679383.3369505433,2679383.3369505433,35577.84678482073,-42470.434769746775,,0.03030303030303033,52.719479869356746,64.91283783105287,23.689613118913886,True,True
2026-08-03,8,2910.0,0.0,49.0,0.0,7.0,0.0,-1713824.9254500591,-1713824.9254500591,0.0,5749623.3780691065,5749623.3780691065,60993.464227419754,-68176.75108749761,,0.028469750889679738,53.111573346171014,64.8179658510645,24.092629341789596,True,True
2026-08-03,8,2915.0,0.0,31.0,0.0,17.0,0.0,-1112269.1411248315,-1112269.1411248315,0.0,3816494.9574880544,3816494.9574880544,30716.921403490287,-30764.832234747104,,0.026936026936026956,53.40406906109085,64.88185794384148,24.29417387633128,True,True
2026-08-03,8,2920.0,0.0,114.0,0.0,12.0,0.0,-4175142.0580581906,-4175142.0580581906,0.0,14719951.677835207,14719951.677835207,80298.73709355966,-64469.98500761606,,0.025396825396825307,53.909559822378384,64.55654205165219,24.978251826499772,True,True
2026-08-03,8,2925.0,0.0,68.0,0.0,2.0,0.0,-2535527.802428814,-2535527.802428814,0.0,9197374.320377734,9197374.320377734,27074.912436436574,-8244.206751386948,,0.023952095808383148,54.140383130832646,64.73069079636537,25.0446787064454,True,True
2026-08-03,8,2930.0,1.0,6.0,1.0,6.0,-36334.22003206171,-227775.5280644139,-264109.7480964756,-151484.05775511017,848760.2662041833,697276.2084490731,548.5916646612175,2327.98465422307,0.02531645569620253,0.02266288951841372,54.294992206244466,64.97192643676426,25.033990048747086,True,True
2026-08-03,8,2935.0,2.0,5.0,3.0,11.0,-73750.07535979203,-192194.3900905079,-265944.4654502999,-290740.5373902064,739181.8373058938,448441.29991568736,-1730.228272452037,5563.919673117981,0.021917808219178006,0.021390374331550728,54.080645422779426,64.97171962793074,24.74968718073052,True,True
2026-08-03,8,2940.0,0.0,26.0,0.0,10.0,0.0,-1010493.1722612445,-1010493.1722612445,0.0,4016015.4287639046,4016015.4287639046,-15774.956203551059,33361.51103166507,,0.022756005056889978,53.803211247863025,64.89266813263299,24.559396895525772,True,True
2026-08-03,8,2945.0,1.0,19.0,1.0,5.0,-37573.989608715725,-746562.2237458255,-784136.2133545412,-132480.31039119995,3065615.5490195323,2933135.2386283325,-19608.45471003472,35386.294402339016,0.02588996763754048,0.023980815347721823,53.44077202232975,64.91670894448568,24.245791221875805,True,True
2026-08-03,8,2950.0,10.0,12.0,10.0,10.0,-377178.8773919923,-471965.2719328364,-849144.1493248288,-1258267.0627102938,2018977.7732712103,760710.7105609165,-28780.124006015103,48552.767682490216,0.028268551236749144,0.02262443438914027,53.14523922897622,64.90978961223401,23.970473575723602,True,True
2026-08-03,8,2955.0,0.0,62.0,0.0,1.0,0.0,-2447249.52535072,-2447249.52535072,0.0,10873273.467568792,10873273.467568792,-107489.19787338871,167888.469502361,,0.02575107296137345,52.935976994684665,64.74006740263253,23.886074321350677,True,True
2026-08-03,8,2960.0,4.0,72.0,4.0,3.0,-150729.4370088265,-2827740.1169375535,-2978469.55394638,-449394.5542543942,13127887.649916515,12678493.09566212,-157225.13072065572,237459.08395930598,0.03418803418803422,0.024340770791074967,52.5756641731705,64.6836447996877,23.66995882704421,True,True
2026-08-03,8,2965.0,5.0,1.0,10.0,1.0,-187478.44360083735,-39047.83560199498,-226526.27920283232,-527993.4309571704,189438.6442356585,-338554.786721512,-13827.072356737033,20751.021777169815,0.03791469194312799,0.026923076923077032,52.049109052667596,34.97598413093552,23.038233903489985,True,True
2026-08-03,8,2970.0,39.0,5.0,6.0,3.0,-1444854.680695363,-192629.1329486546,-1637483.8136440176,-3854389.8783325152,982984.4998155052,-2871405.3785170102,-117101.29278748634,169523.2446319979,0.04210526315789459,0.029143897996357037,51.748598868828964,34.82608214927664,22.937324974212572,True,True
2026-08-03,8,2975.0,37.0,2.0,7.0,1.0,-1348176.6059045854,-75743.23953096008,-1423919.8454355455,-3402608.582586219,407924.465769432,-2994684.116816787,-116523.88268701851,163824.83818215574,0.0470588235294116,0.032843560933448555,51.32385012157841,34.84876533523452,22.62707126111571,True,True
2026-08-03,8,2980.0,124.0,10.0,1.0,10.0,-4418624.709024791,-369112.4255692404,-4787737.134594031,-10560243.217526728,2110495.3358028806,-8449747.881723847,-440726.0284897819,603349.248465811,0.04620462046204616,0.034398034398034426,51.229119151960276,34.49147890853223,22.791492240880284,True,True
2026-08-03,8,2985.0,3.0,13.0,1.0,13.0,-103993.61362721937,-466683.7333055893,-570677.3469328086,-235622.5592562818,2837769.621670673,2602147.0624143914,-60077.73144115119,77338.45164095523,0.052044609665427594,0.03268482490272365,50.63414952184119,64.93938053176169,21.94721983305861,True,True
2026-08-03,8,2990.0,57.0,0.0,5.0,0.0,-1914887.2538649691,0.0,-1914887.2538649691,-4108303.7030173796,0.0,-4108303.7030173796,-210539.4236465994,280032.94753005984,0.05907172995780585,,49.93492154663019,34.796616554417156,21.849986284794117,True,True
2026-08-03,8,2995.0,8.0,6.0,3.0,5.0,-258654.82626008108,-198890.51520481403,-457545.3414648951,-528002.7353604011,1391740.451177008,863737.7158166069,-57238.63138748778,71466.21761338942,0.06698564593301445,0.030898876404494426,49.8637802887749,64.95138508909118,21.366373991015585,True,True
2026-08-03,8,3000.0,14.0,2.0,7.0,2.0,-432433.6524247407,-62806.31543686733,-495239.967861608,-839706.0810004527,477438.216443536,-362267.86455691676,-66242.3410543213,82503.61841256195,0.07650273224043708,0.030728122912491614,49.44338554279949,34.947440178645934,21.089398604671594,True,True
2026-08-03,8,3005.0,2.0,0.0,7.0,0.0,-58606.661597392456,0.0,-58606.661597392456,-108192.72440827014,0.0,-108192.72440827014,-8394.669376440146,10340.335015545166,0.08805031446540894,,48.09642342495318,34.99391381483774,20.742426450799364,True,True
2026-08-03,8,3010.0,4.0,0.0,4.0,0.0,-110497.49770564638,0.0,-110497.49770564638,-194509.64742201657,0.0,-194509.64742201657,-16908.647508646925,20525.239493752357,0.0869565217391305,,47.84903745299742,34.988340777968986,20.46631268202488,True,True
2026-08-03,8,3015.0,6.0,0.0,2.0,0.0,-155518.48751989947,0.0,-155518.48751989947,-260971.67104719626,0.0,-260971.67104719626,-25203.51557066632,30304.068550908123,0.11764705882352945,,46.648121586721345,34.98353929659103,20.189781958275297,True,True
2026-08-03,8,3020.0,89.0,0.0,11.0,0.0,-2153386.81505513,0.0,-2153386.81505513,-3446152.886251157,0.0,-3446152.886251157,-371362.0574647842,436431.2368473249,0.11764705882352952,,46.538607854986125,34.77128535548764,20.240392611898887,True,True
2026-08-03,8,3025.0,3.0,0.0,6.0,0.0,-67204.63427981062,0.0,-67204.63427981062,-103333.68294050424,0.0,-103333.68294050424,-12284.368735256303,14114.427922792987,0.13636363636363646,,45.51147410915259,34.99300711227184,19.607866907358158,True,True
2026-08-03,8,3030.0,11.0,0.0,4.0,0.0,-226129.90664551588,0.0,-226129.90664551588,-333397.6749148357,0.0,-333397.6749148357,-43648.80795611856,49207.06444695256,0.13333333333333333,,45.33482685535527,34.97602691643379,19.353702487993154,True,True
2026-08-03,8,3035.0,114.0,0.0,50.0,0.0,-2143576.621524928,0.0,-2143576.621524928,-3050477.92505098,0.0,-3050477.92505098,-433732.85768390744,484478.3864770724,0.17054263565891467,,44.15117875064493,34.77232789618423,19.450942257916793,True,True
2026-08-03,8,3040.0,32.0,0.0,2.0,0.0,-545494.5679029733,0.0,-545494.5679029733,-742580.4871243555,0.0,-742580.4871243555,-115940.7452215168,128306.66636703892,0.18518518518518517,,43.254694784584956,34.94208125001895,18.85834309252759,True,True
2026-08-03,8,3045.0,36.0,0.0,1.0,0.0,-557420.1339934001,0.0,-557420.1339934001,-732419.96446835,0.0,-732419.96446835,-123206.37890708495,134446.08976607563,0.2173913043478261,,42.01252592564085,34.94081487276084,18.584954710372347,True,True
2026-08-03,8,3050.0,73.0,0.0,8.0,0.0,-1017572.0816366144,0.0,-1017572.0816366144,-1293102.219906016,0.0,-1293102.219906016,-233037.5208945891,248640.1892341129,0.2564102564102565,,40.635510829410386,34.89193159112756,18.42376255863188,True,True
2026-08-03,8,3055.0,83.0,0.0,11.0,0.0,-1034081.0628308601,0.0,-1034081.0628308601,-1274056.6466558103,0.0,-1274056.6466558103,-245628.79175214938,258005.37745201078,0.30303030303030304,,38.973567555781806,34.89017828596764,18.166105415444434,True,True
2026-08-03,8,3060.0,85.0,0.0,20.0,0.0,-937147.0023613547,0.0,-937147.0023613547,-1116266.8322633686,0.0,-1116266.8322633686,-232025.2128966482,240758.12648426238,0.3272727272727274,,37.96609507476496,34.90047566713256,17.880958943696637,True,True
2026-08-03,8,3065.0,34.0,0.0,12.0,0.0,-334433.3761142309,0.0,-334433.3761142309,-388704.57063392113,0.0,-388704.57063392113,-86099.44161307704,89239.9513942453,0.3829787234042553,,35.903031990575364,34.964517211909936,17.428612952722,True,False
2026-08-03,8,3070.0,32.0,0.0,10.0,0.0,-280574.24461545114,0.0,-280574.24461545114,-317866.38442407845,0.0,-317866.38442407845,-75230.66965744019,78099.81732307773,0.3999999999999999,,35.10376499960044,34.97024638481536,17.13577881192524,True,False
2026-08-03,8,3075.0,7.0,0.0,4.0,0.0,-54505.22544007526,0.0,-54505.22544007526,-60282.47136663243,0.0,-60282.47136663243,-14761.332288519596,14999.897638138718,0.47058823529411764,,32.64902284636316,34.99445962741649,16.773255938623667,True,False
2026-08-03,8,3080.0,6.0,0.0,10.0,0.0,-41301.868925381066,0.0,-41301.868925381066,-44768.27597069061,0.0,-44768.27597069061,-11374.747290937225,11396.145885905364,0.4827586206896551,,31.997389826234084,34.995948230421114,16.485464848111985,True,False
2026-08-03,8,3085.0,9.0,0.0,9.0,0.0,-54854.11606790288,0.0,-54854.11606790288,-58541.316520926805,0.0,-58541.316520926805,-15454.788438134188,15382.261029092,0.56,,29.402055928019237,34.9944299709722,16.20959968566506,True,False
2026-08-03,8,3090.0,83.0,0.0,11.0,0.0,-451989.0641141815,0.0,-451989.0641141815,-477811.34564903856,0.0,-477811.34564903856,-130651.8911205757,130187.8086943815,0.5454545454545453,,29.709940719091122,34.952024000832566,16.139876654226715,True,False
2026-08-03,8,3095.0,3.0,0.0,1.0,0.0,-14050.961700255328,0.0,-14050.961700255328,-14449.04489609891,0.0,-14449.04489609891,-4251.994794631965,4208.351233921557,0.6666666666666667,,25.62058407213485,34.99954565562814,15.62284169732146,True,False
2026-08-03,8,3100.0,15.0,0.0,1.0,0.0,-63180.46807333679,0.0,-63180.46807333679,-64502.888231183024,0.0,-64502.888231183024,-19774.57608897725,19745.63814289272,0.7500000000000001,,22.861456666786893,34.993521918236965,15.372315426281347,True,False
2026-08-03,8,3105.0,4.0,0.0,6.0,0.0,-15053.614105026345,0.0,-15053.614105026345,-15190.4118308619,0.0,-15190.4118308619,-4808.51508100909,4801.776871442008,0.8571428571428572,,19.339577145842064,34.99938850123084,15.056649614200943,True,False
2026-08-03,8,3110.0,11.0,0.0,20.0,0.0,-36454.798109755364,0.0,-36454.798109755364,-36243.483157054565,0.0,-36243.483157054565,-11554.685609591963,11352.514209179895,1.0000000000000002,,14.784199280581747,34.9965418602121,14.791562868150354,True,False
2026-08-03,8,3115.0,2.0,0.0,1.0,0.0,-5714.668335721209,0.0,-5714.668335721209,-5576.15328691033,0.0,-5576.15328691033,-1822.4131146207876,1761.094142022073,1.2000000000000002,,14.480819943601855,35.002082568570636,14.482103335608032,True,False
2026-08-03,8,3120.0,2.0,0.0,2.0,0.0,-4786.25193991157,0.0,-4786.25193991157,-4554.473633752589,0.0,-4554.473633752589,-1569.3224705181372,1491.101367482175,1.5,,14.196405720178513,35.00278437702089,14.197632763349704,True,False
2026-08-03,8,3125.0,2.0,0.0,2.0,0.0,-4594.796902469936,0.0,-4594.796902469936,-4461.911073543231,0.0,-4461.911073543231,-1512.4504364913969,1467.454598798094,1.5,,13.911991496755165,35.002873004941065,13.913206919851184,True,False
2026-08-03,8,3130.0,7.0,0.0,6.0,0.0,-14224.619721351764,0.0,-14224.619721351764,-13720.296180568137,0.0,-13720.296180568137,-4821.107816090517,4686.721132576272,2.0,,13.638113447529902,34.999582342906244,13.64225471026379,True,False
2026-08-03,8,3135.0,4.0,0.0,4.0,0.0,-7818.592620395347,0.0,-7818.592620395347,-7688.509014934375,0.0,-7688.509014934375,-2663.0278704511984,2642.071348562959,2.0,,13.347377519587708,35.00112026873988,13.349725154927523,True,False
2026-08-03,8,3140.0,8.0,0.0,5.0,0.0,-15055.93457652359,0.0,-15055.93457652359,-15087.002389833811,0.0,-15087.002389833811,-5153.543239289474,5215.884251228965,2.0,,13.071392235522824,34.999395022160826,13.076052228068727,True,False
2026-08-03,8,3145.0,5.0,0.0,5.0,0.0,-9068.61761146884,0.0,-9068.61761146884,-9255.895138115775,0.0,-9255.895138115775,-3119.5916047075602,3219.4945985038644,2.0,,12.780656307580635,35.000657203076614,12.783548085713598,True,False
2026-08-03,8,3165.0,5.0,0.0,7.0,0.0,-7889.685112598402,0.0,-7889.685112598402,-8630.530868775486,0.0,-8630.530868775486,-2768.708523821734,3077.0318967450235,2.0,,11.642999413887251,35.0008998225842,11.645819638487621,True,False
2026-08-03,8,3170.0,3.0,0.0,1.0,0.0,-4580.787944241271,0.0,-4580.787944241271,-5093.582057290908,0.0,-5093.582057290908,-1615.5506952937085,1827.3522356389217,2.0,,11.354370720784674,35.002457762282745,11.356053568036872,True,False
2026-08-03,8,3175.0,2.0,0.0,2.0,0.0,-2957.2782345158066,0.0,-2957.2782345158066,-3341.384620670063,0.0,-3341.384620670063,-1048.1677298032748,1206.2398271570567,2.0,,11.067849262521715,35.00417371064162,11.068965298888221,True,False
2026-08-03,8,3185.0,4.0,0.0,3.0,0.0,-5557.767048718519,0.0,-5557.767048718519,-6477.3542422358905,0.0,-6477.3542422358905,-1989.4690321002176,2367.6955111310626,2.0,,10.503235285354256,35.001725092342,10.505445703290711,True,False
2026-08-03,8,3190.0,2.0,0.0,2.0,0.0,-2452.621648063531,0.0,-2452.621648063531,-2813.72464479021,0.0,-2813.72464479021,-921.5324309955158,1098.0069959069283,2.0,,10.21460659225168,35.005068616271444,10.215691999246664,True,False
2026-08-03,8,3375.0,0.0,1.0,0.0,1.0,0.0,-0.00013070682027221806,-0.00013070682027221806,0.0,292999.8799989399,292999.8799989399,0.0,0.0,,0.01803035490128959,29.461196587800924,64.99994880560062,0.0025755092563526276,True,True
2026-08-04,9,2520.0,0.0,2.0,0.0,2.0,0.0,-2229.087446561807,-2229.087446561807,0.0,5533.190359138319,5533.190359138319,756.8776044110283,-1571.7608529009376,,0.46153846153846156,17.836162562224683,64.99705281699335,1.6833882483017897,True,False
2026-08-04,9,2525.0,0.0,1.0,0.0,1.0,0.0,-1138.1491987058166,-1138.1491987058166,0.0,2796.3102408633076,2796.3102408633076,386.7502806203369,-794.7157029975327,,0.46153846153846156,18.118469550808413,64.99451681903135,1.965160749622673,True,False
2026-08-04,9,2540.0,0.0,1.0,0.0,1.0,0.0,-1310.283143658348,-1310.283143658348,0.0,3226.6756837915127,3226.6756837915127,445.3641181442477,-912.3904108710041,,0.4000000000000001,20.817866067232295,64.99521352302894,2.81841386730327,True,False
2026-08-04,9,2555.0,0.0,3.0,0.0,3.0,0.0,-4343.78712176817,-4343.78712176817,0.0,10520.228512654638,10520.228512654638,1439.1378467460836,-2859.8399034716117,,0.3749999999999999,22.42532320718157,64.99811294164579,3.676991670025757,True,False
2026-08-04,9,2650.0,1.0,1.0,1.0,1.0,-5319.0222851526705,-3378.104510026867,-8697.126795179538,-274750.9250125367,7840.832683452931,-266910.09232908377,2189.4758738662485,-4564.2417805071345,0.053435114503816716,0.20895522388059706,35.14123114161931,34.9991324452154,9.078550625216417,True,True
2026-08-04,9,2670.0,0.0,2.0,0.0,2.0,0.0,-8180.64322435541,-8180.64322435541,0.0,19029.55147032635,19029.55147032635,2238.273441724766,-3834.5858657950976,,0.17283950617283952,35.0295579258937,64.99834289804315,10.216176171717267,True,True
2026-08-04,9,2695.0,0.0,1.0,0.0,1.0,0.0,-5261.4497255778915,-5261.4497255778915,0.0,12292.48507621684,12292.48507621684,1344.327611504306,-2215.461536417756,,0.15384615384615383,37.01932237797138,64.99822100393202,11.635494603532358,True,True
2026-08-04,9,2715.0,0.0,7.0,0.0,7.0,0.0,-45046.596037263014,-45046.596037263014,0.0,105640.04304240107,105640.04304240107,10952.82563727351,-17650.47345583038,,0.14173228346456684,38.533038792150066,64.99507344794301,12.791019252256767,True,True
2026-08-04,9,2720.0,0.0,2.0,0.0,2.0,0.0,-13540.847516492257,-13540.847516492257,0.0,31837.52704795079,31837.52704795079,3251.1921322245275,-5223.227742718738,,0.14925373134328357,38.581273405013825,64.99809065031846,13.060643735477969,True,True
2026-08-04,9,2740.0,0.0,2.0,0.0,26.0,0.0,-16536.05641253862,-16536.05641253862,0.0,39579.37173511065,39579.37173511065,3744.148581836336,-5911.616604465836,,0.14285714285714288,39.91082795329143,64.9978646699546,14.19848241886463,True,True
2026-08-04,9,2745.0,0.0,1.0,0.0,29.0,0.0,-8693.677237016982,-8693.677237016982,0.0,20918.543256749545,20918.543256749545,1932.9691050827535,-3022.1311174940874,,0.11235955056179775,41.10806271073552,64.99835958025348,14.479845151645817,True,True
2026-08-04,9,2750.0,0.0,12.0,0.0,10.0,0.0,-109635.71349532032,-109635.71349532032,0.0,264875.31725077593,264875.31725077593,23941.825115047133,-37061.705236040325,,0.127659574468085,40.956655800206015,64.98829856437943,14.798716501677712,True,True
2026-08-04,9,2755.0,0.0,2.0,0.0,1.0,0.0,-19239.81059058222,-19239.81059058222,0.0,46806.01291209134,46806.01291209134,4117.341918374867,-6325.724499441428,,0.11999999999999993,41.449784909275756,64.99763600537423,15.051889189422754,True,True
2026-08-04,9,2760.0,0.0,6.0,0.0,5.0,0.0,-60717.34185159213,-60717.34185159213,0.0,148545.0153521321,148545.0153521321,12734.96532477419,-19416.290095248147,,0.11320754716981125,41.946401656963225,64.99345001284402,15.349122866136122,True,True
2026-08-04,9,2765.0,0.0,3.0,0.0,3.0,0.0,-31907.536374272993,-31907.536374272993,0.0,78410.99973398652,78410.99973398652,6559.106503155984,-9922.821443664398,,0.10714285714285725,42.40643487667634,64.99641968797864,15.624061994057206,True,True
2026-08-04,9,2770.0,0.0,12.0,0.0,10.0,0.0,-134253.39028242993,-134253.39028242993,0.0,332225.3831878045,332225.3831878045,26986.2820125972,-40607.99692907696,,0.08403361344537814,43.4030915245806,64.98569531221386,15.937867528190427,True,True
2026-08-04,9,2775.0,0.0,12.0,0.0,5.0,0.0,-141047.25450185657,-141047.25450185657,0.0,351066.3003129558,351066.3003129558,27717.422688147042,-41480.51327828609,,0.09523809523809519,43.35137129422244,64.98497613442407,16.222694094971274,True,True
2026-08-04,9,2780.0,0.0,3.0,0.0,1.0,0.0,-37046.419741568956,-37046.419741568956,0.0,92954.94880556583,92954.94880556583,7099.393893864963,-10592.227058260387,,0.08955223880597009,43.78739609705299,64.99590379909546,16.47761656111426,True,True
2026-08-04,9,2790.0,0.0,3.0,0.0,11.0,0.0,-40710.35599469733,-40710.35599469733,0.0,103477.57289115303,103477.57289115303,7405.031313635558,-10975.968533352374,,0.07999999999999995,44.64279170807879,64.99553104839333,17.04666738505409,True,True
2026-08-04,9,2795.0,0.0,27.0,0.0,25.0,0.0,-383678.75571117736,-383678.75571117736,0.0,986148.0114723197,986148.0114723197,67726.63727044917,-100282.49450853022,,0.07500000000000007,45.127779567652915,64.95923288183982,17.413709780963288,True,True
2026-08-04,9,2800.0,0.0,28.0,0.0,1.0,0.0,-416336.2160441944,-416336.2160441944,0.0,1080525.8131143649,1080525.8131143649,71737.38477943007,-104926.20513472808,,0.07058823529411781,45.54665396709234,64.95576554350089,17.702681609009108,True,True
2026-08-04,9,2810.0,0.0,28.0,0.0,6.0,0.0,-455755.1783630573,-455755.1783630573,0.0,1204120.6811705285,1204120.6811705285,74440.57413184237,-106341.09130668992,,0.07329842931937183,46.03417659318141,64.95158013793503,18.273902530410325,True,True
2026-08-04,9,2815.0,0.0,13.0,0.0,12.0,0.0,-221338.6727927598,-221338.6727927598,0.0,591100.9314112068,591100.9314112068,35037.74537485741,-49573.79363249746,,0.06896551724137924,46.41696965635029,64.97646544318498,18.505456558323882,True,True
2026-08-04,9,2820.0,0.0,25.0,0.0,12.0,0.0,-445026.779652529,-445026.779652529,0.0,1199567.9952761293,1199567.9952761293,68153.4149817689,-95478.13487883385,,0.06511627906976737,46.84214784299739,64.95271959266213,18.834353305508568,True,True
2026-08-04,9,2825.0,0.0,2.0,0.0,1.0,0.0,-37198.746598568316,-37198.746598568316,0.0,101314.35508194557,101314.35508194557,5490.982473908831,-7627.58816511326,,0.0526315789473684,47.45263666878154,64.99590093408352,19.034778307925134,True,True
2026-08-04,9,2830.0,0.0,61.0,0.0,36.0,0.0,-1184332.3089158062,-1184332.3089158062,0.0,3262474.721069097,3262474.721069097,167825.69203661953,-231487.01755428713,,0.0495867768595041,47.95272181037815,64.87420318688459,19.540771121031757,True,True
2026-08-04,9,2835.0,0.0,26.0,0.0,2.0,0.0,-526301.701326887,-526301.701326887,0.0,1467687.3129229094,1467687.3129229094,71277.51284635559,-97756.22084695505,,0.05447470817120617,48.01674487506388,64.94408937379498,19.695104344001194,True,True
2026-08-04,9,2840.0,0.0,14.0,0.0,1.0,0.0,-295030.14754422364,-295030.14754422364,0.0,833605.7731490656,833605.7731490656,38000.99699253568,-51889.30585710802,,0.05128205128205123,48.37165198708647,64.96864578752705,19.934575777772586,True,True
2026-08-04,9,2845.0,0.0,11.0,0.0,2.0,0.0,-241064.45039867223,-241064.45039867223,0.0,689227.66640903,689227.66640903,29423.831909606815,-39981.019309221934,,0.04844290657439454,48.734918847220676,64.97437390991996,20.207988106732657,True,True
2026-08-04,9,2850.0,0.0,52.0,0.0,6.0,0.0,-1182809.1611985473,-1182809.1611985473,0.0,3431902.1281027007,3431902.1281027007,138037.14305286162,-184969.82866400827,,0.04560260586319214,49.190938720404354,64.87436519289177,20.655155986332463,True,True
2026-08-04,9,2855.0,0.0,16.0,0.0,1.0,0.0,-377843.2010988661,-377843.2010988661,0.0,1110943.4194357418,1110943.4194357418,42146.48297728747,-55494.418367275175,,0.043076923076923145,49.47526297318959,64.9598544058456,20.797995680111736,True,True
2026-08-04,9,2860.0,0.0,14.0,0.0,1.0,0.0,-343341.5242191298,-343341.5242191298,0.0,1021581.1883389577,1021581.1883389577,36428.07028606836,-47088.8725045927,,0.04081632653061221,49.82328062332303,64.96351777257485,21.075164857718203,True,True
2026-08-04,9,2865.0,0.0,10.0,0.0,10.0,0.0,-254123.7843986688,-254123.7843986688,0.0,768484.1585845931,768484.1585845931,25399.368192805236,-32331.09262647806,,0.04395604395604399,50.00507438462496,64.97298907539165,21.3438621077879,True,True
2026-08-04,9,2870.0,0.0,5.0,0.0,5.0,0.0,-131544.20972213426,-131544.20972213426,0.0,404422.76864322525,404422.76864322525,12285.812181759025,-15401.977852239967,,0.04145077720207258,50.35411043646937,64.98599112420169,21.607959002284208,True,True
2026-08-04,9,2875.0,0.0,17.0,0.0,12.0,0.0,-462543.1450772168,-462543.1450772168,0.0,1446125.3776220374,1446125.3776220374,39995.71440001047,-49373.361092628664,,0.03422982885085571,50.88043992850461,64.95086124813008,21.943368818598497,True,True
2026-08-04,9,2880.0,0.0,3.0,0.0,3.0,0.0,-84315.90175949596,-84315.90175949596,0.0,268138.4648378659,268138.4648378659,6678.016726991065,-8112.9483966587895,,0.03233256351039258,51.19227082438722,64.9909885622705,22.16876997960625,True,True
2026-08-04,9,2885.0,0.0,4.0,0.0,1.0,0.0,-115973.24569681643,-115973.24569681643,0.0,375236.5860693511,375236.5860693511,8308.668585341893,-9921.647471066086,,0.03493449781659392,51.400734253464144,64.98764208770778,22.45768110709357,True,True
2026-08-04,9,2890.0,19.0,4.0,19.0,4.0,-551518.3526573374,-119206.68444904304,-670725.0371063804,-3672955.591304344,393772.4083584075,-3279183.1829459365,41468.62914609225,-50001.63893729161,0.024871982443306555,0.03292181069958851,51.90631397619458,34.9287644437359,22.824699830781963,True,True
2026-08-04,9,2900.0,19.0,0.0,19.0,0.0,-580646.0796050186,0.0,-580646.0796050186,-3494681.7285537734,0.0,-3494681.7285537734,28248.324497875696,-31597.92665779127,0.024489795918367346,,52.59892650327522,34.938331773335335,23.377759033964825,True,True
2026-08-04,9,2905.0,1.0,0.0,1.0,0.0,-31376.84266802984,0.0,-31376.84266802984,-179009.33276138242,0.0,-179009.33276138242,1308.5651200147265,-1382.3531260724903,0.02426343154246098,,52.852201430862664,34.996751146172166,23.582477021758734,True,True
2026-08-04,9,2910.0,0.0,26.0,0.0,22.0,0.0,-858320.7871707194,-858320.7871707194,0.0,3080547.7348551285,3080547.7348551285,30405.581979225557,-28931.37408467494,,0.026402640264026427,53.12512026362944,64.90882977747307,23.98146909375889,True,True
2026-08-04,9,2915.0,2.0,2.0,2.0,2.0,-65378.051690603395,-67470.85608446294,-132848.90777506633,-336862.40510006907,247958.5496465875,-88903.85545348158,3573.214663756855,-3050.4831874622123,0.025415444770283426,0.02499999999999991,53.399022856947774,34.986058357007664,24.165190690529393,True,True
2026-08-04,9,2920.0,0.0,5.0,0.0,3.0,0.0,-171974.85385048538,-171974.85385048538,0.0,648124.0417576862,648124.0417576862,3291.8107253001026,-2129.8718169507515,,0.023668639053254566,53.73171681516735,64.98171078547546,24.454555113576056,True,True
2026-08-04,9,2925.0,0.0,8.0,0.0,2.0,0.0,-279855.60242804774,-279855.60242804774,0.0,1083032.8098662663,1083032.8098662663,2998.8468522434537,-486.6531211235883,,0.022408963585434292,54.06024300714416,64.97026167492578,24.753243524315383,True,True
2026-08-04,9,2930.0,0.0,4.0,0.0,2.0,0.0,-142498.96880311487,-142498.96880311487,0.0,564776.8210400648,564776.8210400648,327.67371008984645,1247.8276160329315,,0.023968042609853493,54.28931940164925,64.98483811033456,25.018882537893695,True,True
2026-08-04,9,2935.0,2.0,3.0,2.0,2.0,-69671.28978945788,-108002.6604291929,-177673.95021865077,-291971.77298699005,441492.16401234636,149520.3910253563,-1098.6405099392941,3445.415710676939,0.023166023166023134,0.020151133501259553,54.07629634135189,64.98102828743866,24.739178716243643,True,True
2026-08-04,9,2945.0,0.0,34.0,0.0,20.0,0.0,-1249773.265512649,-1249773.265512649,0.0,5431959.86613213,5431959.86613213,-30400.675650977933,50662.39719984731,,0.022727272727272728,53.53651687304512,64.86725430264525,24.310109491003207,True,True
2026-08-04,9,2955.0,4.0,0.0,4.0,0.0,-142732.80834715796,0.0,-142732.80834715796,-484968.4675569211,0.0,-484968.4675569211,-5935.460389979779,8779.694577700888,0.028469750889679738,,52.73219703613774,34.98487076229014,23.596825613315946,True,True
2026-08-04,9,2960.0,3.0,38.0,5.0,10.0,-107146.00858105978,-1400515.2230703915,-1507661.2316514512,-344406.8570979535,6816731.542837293,6472324.685739339,-78074.85045798088,107268.83059413056,0.03125000000000003,0.023300970873786464,52.56157846536378,64.83986353348217,23.4905475072077,True,True
2026-08-04,9,2965.0,5.0,1.0,7.0,10.0,-177804.86210943383,-36680.48699488207,-214485.34910431592,-542353.5259253514,185942.09273660457,-356411.43318874686,-12766.611442648464,17396.416300972418,0.03433476394849789,0.025830258302583,52.11920025189446,34.97726082187357,23.037503097370827,True,True
2026-08-04,9,2970.0,3.0,1.0,3.0,1.0,-105834.18295172705,-36401.62527199417,-142235.80822372122,-306176.7173625317,192701.74878491933,-113474.96857761237,-10016.886188532953,13038.6528403683,0.03791469194312799,0.026338893766461806,51.76924310691425,34.98502480726576,22.743552778371882,True,True
2026-08-04,9,2975.0,2.0,0.0,4.0,0.0,-69527.98079190325,0.0,-69527.98079190325,-191346.21530600596,0.0,-191346.21530600596,-5571.7230935914995,7094.508954017471,0.04188481675392674,,51.18787369683771,34.99269357337139,22.44957464436087,True,True
2026-08-04,9,2980.0,1.0,0.0,2.0,0.0,-34195.19647765004,0.0,-34195.19647765004,-89079.14049510502,0.0,-89079.14049510502,-3098.9064993404268,3829.068715029891,0.04678362573099419,,50.75438796926274,34.99653639228153,22.160440441554947,True,True
2026-08-04,9,2985.0,1.0,4.0,1.0,4.0,-33423.065350621284,-137953.38321729348,-171376.44856791478,-82676.15264298186,853537.7543228926,770861.6016799108,-17824.412615485493,20721.63463332543,0.05228758169934633,0.028809704321455732,50.66545216681565,64.9817780292251,21.894654264631296,True,True
2026-08-04,9,2990.0,2.0,0.0,2.0,0.0,-65026.44775393731,0.0,-65026.44775393731,-152964.74020456514,0.0,-152964.74020456514,-7131.548390063376,8485.74516359062,0.05128205128205123,,50.05271399072395,34.99319136711508,21.59605876032223,True,True
2026-08-04,9,2995.0,8.0,0.0,1.0,0.0,-252173.05112706186,0.0,-252173.05112706186,-563726.3130879331,0.0,-563726.3130879331,-29958.572926948804,35104.32892125013,0.0661157024793389,,49.33593364041967,34.97324239735267,21.33845617364566,True,True
2026-08-04,9,3000.0,1.0,14.0,1.0,14.0,-30358.752508035406,-434163.74728385336,-464522.49979188875,-64647.30043497827,3261969.399331425,3197322.0988964466,-64587.80359465693,68625.15560307814,0.07476635514018683,0.026246719160104987,49.53454502074943,64.95065669482425,21.08495874495799,True,True
2026-08-04,9,3005.0,1.0,0.0,2.0,0.0,-29024.50436422986,0.0,-29024.50436422986,-59046.01457077824,0.0,-59046.01457077824,-4114.115211353541,4574.2984012369925,0.0740740740740742,,48.51360340185361,34.99717123733907,20.738055497067254,True,True
2026-08-04,9,3015.0,35.0,0.0,66.0,0.0,-912950.2966297525,0.0,-912950.2966297525,-1689224.1063422074,0.0,-1689224.1063422074,-148299.85834685914,159403.68864493098,0.08333333333333329,,47.73864316177609,34.90304112888487,20.31044290947068,True,True
2026-08-04,9,3020.0,74.0,1.0,1.0,1.0,-1817041.4029074928,-23062.08057014439,-1840103.4834776372,-3211435.7735484135,262019.43650507045,-2949416.337043343,-316426.78567107377,336301.84903919534,0.11199999999999989,0.06515737161789073,47.38115775766902,34.804561043590255,20.185321222403374,True,True
2026-08-04,9,3030.0,5.0,0.0,5.0,0.0,-106982.83887212772,0.0,-106982.83887212772,-174083.01461096597,0.0,-174083.01461096597,-20623.603782606777,21062.224420924493,0.127659574468085,,45.49239621227502,34.98872313127889,19.33101798065496,True,True
2026-08-04,9,3035.0,2.0,0.0,1.0,0.0,-39493.5288698708,0.0,-39493.5288698708,-61804.35850447866,0.0,-61804.35850447866,-8023.822332521653,8055.045505907916,0.17283950617283952,,43.84626233319019,34.99604794694966,19.034781067452027,True,True
2026-08-04,9,3040.0,10.0,0.0,4.0,0.0,-181483.93982552286,0.0,-181483.93982552286,-274170.61812003725,0.0,-274170.61812003725,-38642.63421423905,38412.55917335822,0.17142857142857132,,43.62103403081182,34.98077864502316,18.779588812176982,True,True
2026-08-04,9,3045.0,3.0,0.0,1.0,0.0,-49809.884253136755,0.0,-49809.884253136755,-72530.09194075571,0.0,-72530.09194075571,-11095.377931027357,10961.792111390116,0.19999999999999987,,42.464726306368306,34.994916320013516,18.46915426550772,True,True
2026-08-04,9,3050.0,13.0,0.0,8.0,0.0,-196780.9258689014,0.0,-196780.9258689014,-275705.68013237655,0.0,-275705.68013237655,-45740.300083961076,44776.440323040166,0.19607843137254904,,42.31903149016465,34.979153592231214,18.219415320606796,True,True
2026-08-04,9,3055.0,6.0,0.0,6.0,0.0,-82645.41655514577,0.0,-82645.41655514577,-112405.42341895844,0.0,-112405.42341895844,-19867.994315519714,19064.543427718225,0.22727272727272735,,41.08403774585865,34.99135537591141,17.910045249590333,True,True
2026-08-04,9,3060.0,14.0,0.0,10.0,0.0,-172884.11435569287,0.0,-172884.11435569287,-226904.14058296653,0.0,-226904.14058296653,-43179.84833114708,40597.25609933437,0.27027027027027023,,39.52655511122594,34.981703460232936,17.65171200202139,True,True
2026-08-04,9,3065.0,37.0,0.0,69.0,0.0,-411773.8294672478,0.0,-411773.8294672478,-527775.292523995,0.0,-527775.292523995,-106445.72454934422,99378.1979696983,0.3125,,38.02371539722187,34.95629243432023,17.441033542811816,True,True
2026-08-04,9,3070.0,79.0,0.0,10.0,0.0,-788908.4494818961,0.0,-788908.4494818961,-986505.7397199724,0.0,-986505.7397199724,-211697.78958746826,196917.7745029153,0.3272727272727274,,37.38462321888058,34.91622238718428,17.28768032563388,True,True
2026-08-04,9,3075.0,6.0,0.0,1.0,0.0,-53164.02038657454,0.0,-53164.02038657454,-64345.65718244613,0.0,-64345.65718244613,-14922.999319654225,13829.443634194104,0.3478260869565219,,36.32978006165142,34.994586369572446,16.770599026954326,True,True
2026-08-04,9,3080.0,2.0,0.0,3.0,0.0,-15977.091335048604,0.0,-15977.091335048604,-18954.73854864216,0.0,-18954.73854864216,-4595.239653427921,4238.225482289333,0.3999999999999999,,34.471719507565275,34.99909433247603,16.473625761880584,True,False
2026-08-04,9,3085.0,11.0,0.0,2.0,0.0,-78056.60426446483,0.0,-78056.60426446483,-90387.74906467079,0.0,-90387.74906467079,-22767.164562386777,20602.95498500705,0.47058823529411764,,32.088623338874946,34.991875275777346,16.216158944240945,True,False
2026-08-04,9,3090.0,5.0,0.0,5.0,0.0,-31398.58616232735,0.0,-31398.58616232735,-35614.10506474818,0.0,-35614.10506474818,-9350.732016221662,8358.858398799706,0.4827586206896551,,31.426454144547776,34.99708621228388,15.91345982718353,True,False
2026-08-04,9,3095.0,4.0,0.0,4.0,0.0,-22278.872410103133,0.0,-22278.872410103133,-24859.097932159286,0.0,-24859.097932159286,-6811.760021760257,6057.409936394354,0.56,,28.82269130697447,34.99823705697787,15.625916587219505,True,False
2026-08-04,9,3100.0,7.0,0.0,8.0,0.0,-34912.90583686328,0.0,-34912.90583686328,-38546.24312271997,0.0,-38546.24312271997,-10982.165907840135,9784.428634483316,0.5454545454545453,,28.98096242443361,34.99668090696292,15.349995695173893,True,False
2026-08-04,9,3105.0,3.0,0.0,3.0,0.0,-13272.569889255567,0.0,-13272.569889255567,-14430.96925042067,0.0,-14430.96925042067,-4331.863469095928,3866.485129482552,0.736842105263158,,22.94649246739342,34.99962963157644,15.053966007156028,True,False
2026-08-04,9,3110.0,3.0,0.0,2.0,0.0,-11636.40995900289,0.0,-11636.40995900289,-12376.648433744846,0.0,-12376.648433744846,-3983.388274940653,3561.747984026694,0.7500000000000001,,22.267341401864815,34.999975916693344,14.769452479469711,True,False
2026-08-04,9,3115.0,1.0,0.0,1.0,0.0,-3470.80991234726,0.0,-3470.80991234726,-3646.300844963273,0.0,-3646.300844963273,-1191.0977519400826,1056.5455572856847,0.8571428571428572,,18.764426994476523,35.00374398304245,14.479391638751771,True,False
2026-08-04,9,3130.0,2.0,0.0,2.0,0.0,-4423.776555699151,0.0,-4423.776555699151,-4377.429846452509,0.0,-4377.429846452509,-1587.6873503189356,1348.774896941639,1.5,,13.62757727333182,35.002956020356436,13.62878231660544,True,False
2026-08-04,9,3135.0,1.0,0.0,1.0,0.0,-2127.693477141868,0.0,-2127.693477141868,-2146.4167573135887,0.0,-2146.4167573135887,-766.8796168818002,664.7127877206077,1.5,,13.34105581506886,35.00675914687057,13.341653226629035,True,False
2026-08-04,9,3140.0,1.0,0.0,1.0,0.0,-1885.4657494233334,0.0,-1885.4657494233334,-1887.5527204821462,0.0,-1887.5527204821462,-702.0194610047296,610.103753481287,2.0,,13.056641591645512,35.007742327892934,13.05722430155854,True,False
2026-08-04,9,3150.0,1.0,0.0,1.0,0.0,-1752.6271156441558,0.0,-1752.6271156441558,-1819.5141937153633,0.0,-1819.5141937153633,-659.2695473303991,595.581184321136,2.0,,12.487813144798823,35.00805327754382,12.488387792271023,True,False
2026-08-04,9,3155.0,1.0,0.0,1.0,0.0,-1691.9571149651915,0.0,-1691.9571149651915,-1787.5964409859678,0.0,-1787.5964409859678,-639.7118442831876,588.8608523710343,2.0,,12.203398921375477,35.00820675530762,12.20396988657335,True,False
2026-08-04,9,3165.0,1.0,0.0,1.0,0.0,-1580.664262701679,0.0,-1580.664262701679,-1727.5472854053105,0.0,-1727.5472854053105,-603.7664097527627,576.3804185492374,2.0,,11.634570474528788,35.00850991908963,11.635134684974597,True,False
2026-08-04,9,3175.0,1.0,0.0,1.0,0.0,-1609.381870618989,0.0,-1609.381870618989,-1865.430454035095,0.0,-1865.430454035095,-600.8577897795207,603.0236289246781,2.0,,11.065742027682099,35.00786579300794,11.066307981099873,True,False
2026-08-04,9,3195.0,3.0,0.0,3.0,0.0,-3933.372736569701,0.0,-3933.372736569701,-4718.595446100059,0.0,-4718.595446100059,-1548.567225769743,1635.7410156160922,2.0,,9.93229960366795,35.00276046077454,9.9339431570291,True,False
2026-08-05,10,2505.0,0.0,5.0,0.0,3.0,0.0,-5665.182408631239,-5665.182408631239,0.0,14981.209957724213,14981.209957724213,2066.9651465382162,-3955.7433737069273,,0.4000000000000001,18.83539544262734,64.9983970930881,0.8380806543861113,True,False
2026-08-05,10,2650.0,1.0,1.0,1.0,1.0,-5171.344965221694,-3746.44369428577,-8917.788659507463,-275863.6729541886,9373.581601216616,-266490.09135297197,2362.9360776822205,-4199.555651869444,0.06980378537940622,0.18604651162790706,35.23933176227581,34.99910909649234,9.078564017955964,True,True
2026-08-05,10,2705.0,0.0,10.0,0.0,10.0,0.0,-62589.49367245223,-62589.49367245223,0.0,157417.557765077,157417.557765077,15890.830915549042,-23421.843807293597,,0.14084507042253522,37.99714844108317,64.99325685627532,12.230982072908384,True,True
2026-08-05,10,2715.0,0.0,10.0,0.0,10.0,0.0,-68861.01274476352,-68861.01274476352,0.0,174547.5053248226,174547.5053248226,17043.805823977596,-25052.421610093825,,0.12658227848101264,38.993860646175534,64.99260008693557,12.800191160160503,True,True
2026-08-05,10,2720.0,0.0,69.0,0.0,3.0,0.0,-497203.6054921573,-497203.6054921573,0.0,1264086.4493838307,1264086.4493838307,121520.6802882947,-178159.33783544452,,0.12048192771084347,39.58561224824131,64.9471783416166,13.2625580378402,True,True
2026-08-05,10,2750.0,0.0,10.0,0.0,10.0,0.0,-95303.01984025832,-95303.01984025832,0.0,247934.1499798063,247934.1499798063,21008.39721148496,-29071.464549190496,,0.08849557522123894,42.12736130793216,64.98981702209232,14.792695581923951,True,True
2026-08-05,10,2755.0,0.0,5.0,0.0,5.0,0.0,-50030.07810062322,-50030.07810062322,0.0,131141.4207762549,131141.4207762549,10795.442384562428,-14859.794076070417,,0.09999999999999994,42.05610661379461,64.99457174510223,15.061484486085597,True,True
2026-08-05,10,2760.0,0.0,13.0,0.0,11.0,0.0,-136203.26938781145,-136203.26938781145,0.0,358122.5274029828,358122.5274029828,28826.671707606114,-39371.79629803061,,0.09523809523809519,42.50023585879202,64.98549147345331,15.371732935568016,True,True
2026-08-05,10,2765.0,0.0,1.0,0.0,1.0,0.0,-10992.345134000603,-10992.345134000603,0.0,29154.918009222813,29154.918009222813,2272.054883574354,-3093.481899145701,,0.08955223880597009,42.92993895710372,64.99831798797922,15.6176415595255,True,True
2026-08-05,10,2770.0,0.0,11.0,0.0,13.0,0.0,-126538.87919840282,-126538.87919840282,0.0,337119.82221004576,337119.82221004576,25586.819218892757,-34641.498668022294,,0.07092198581560284,43.794333118634256,64.98651535382342,15.934823798309514,True,True
2026-08-05,10,2775.0,0.0,2.0,0.0,5.0,0.0,-24075.875045386645,-24075.875045386645,0.0,64571.58795392174,64571.58795392174,4750.687198638292,-6410.143235895538,,0.06711409395973154,44.17401898417719,64.99721051757348,16.189839600765293,True,True
2026-08-05,10,2780.0,0.0,3.0,0.0,8.0,0.0,-37769.396013651334,-37769.396013651334,0.0,102184.99513060303,102184.99513060303,7253.6330213115225,-9776.17077543686,,0.07594936708860756,44.19548224857387,64.99584158477677,16.47766044107032,True,True
2026-08-05,10,2785.0,0.0,4.0,0.0,4.0,0.0,-52560.09911514379,-52560.09911514379,0.0,142904.77263713416,142904.77263713416,9835.837290582498,-13207.761623135964,,0.07228915662650598,44.591810020699874,64.99431243762163,16.76554787319261,True,True
2026-08-05,10,2790.0,0.0,14.0,0.0,10.0,0.0,-192024.21840532002,-192024.21840532002,0.0,527150.8863973652,527150.8863973652,35086.70526872374,-46649.71624358296,,0.06818181818181814,45.020516745860014,64.97957595888134,17.084181753792954,True,True
2026-08-05,10,2795.0,0.0,8.0,0.0,9.0,0.0,-114523.33130260835,-114523.33130260835,0.0,317017.22973382997,317017.22973382997,20437.182461662294,-26847.4963740632,,0.06451612903225802,45.40225823473247,64.98778874713895,17.348439122096394,True,True
2026-08-05,10,2800.0,0.0,3.0,0.0,2.0,0.0,-44818.827827558904,-44818.827827558904,0.0,124946.21208513831,124946.21208513831,7802.889581219758,-10125.329374280747,,0.061224489795918324,45.77488546104792,64.99511957959791,17.61574518941148,True,True
2026-08-05,10,2805.0,0.0,2.0,0.0,2.0,0.0,-31185.120717598234,-31185.120717598234,0.0,87889.75543612544,87889.75543612544,5274.171853015072,-6780.687383943594,,0.05769230769230767,46.163157912739976,64.99651704919445,17.896756426265195,True,True
2026-08-05,10,2810.0,0.0,5.0,0.0,2.0,0.0,-81333.90864671665,-81333.90864671665,0.0,231417.41170024694,231417.41170024694,13342.954188099558,-16991.46552315433,,0.054545454545454675,46.548299435087756,64.99129641391535,18.19194088259504,True,True
2026-08-05,10,2815.0,0.0,16.0,0.0,7.0,0.0,-271408.52631826,-271408.52631826,0.0,778648.4116505393,778648.4116505393,43117.4427148638,-54371.85659297167,,0.05172413793103445,46.940532740179485,64.97115345526954,18.51622200042563,True,True
2026-08-05,10,2820.0,0.0,34.0,0.0,5.0,0.0,-601065.752958819,-601065.752958819,0.0,1740664.7260901702,1740664.7260901702,92150.5672126471,-115224.17622627571,,0.057142857142857086,47.10031561436124,64.93615001639236,18.86700343924057,True,True
2026-08-05,10,2825.0,0.0,7.0,0.0,6.0,0.0,-128856.31176472895,-128856.31176472895,0.0,377064.90277666633,377064.90277666633,18992.904794591865,-23579.497392680092,,0.05405405405405414,47.42049858977904,64.98627392452315,19.053218872052284,True,True
2026-08-05,10,2830.0,0.0,36.0,0.0,39.0,0.0,-688994.7005681011,-688994.7005681011,0.0,2043463.7301130933,2043463.7301130933,97078.28822051032,-120013.81891925035,,0.050909090909090855,47.86037151790015,64.92681204196008,19.446319619641685,True,True
2026-08-05,10,2835.0,0.0,8.0,0.0,4.0,0.0,-159181.14548052696,-159181.14548052696,0.0,475942.62587393273,475942.62587393273,21448.082588618323,-26306.795690375697,,0.04844290657439454,48.15976869585514,64.98306127882977,19.626463348261762,True,True
2026-08-05,10,2840.0,0.0,2.0,0.0,4.0,0.0,-41275.290007982025,-41275.290007982025,0.0,125043.03620845046,125043.03620845046,5275.208564228976,-6447.9027117634005,,0.05228758169934633,48.31619925649223,64.99549604451576,19.88826839785829,True,True
2026-08-05,10,2845.0,0.0,1.0,0.0,1.0,0.0,-21391.54153585776,-21391.54153585776,0.0,65585.25014974203,65585.25014974203,2623.4691726186134,-3159.330572604025,,0.04334365325077395,48.86682409853314,64.9974992205785,20.16890029786385,True,True
2026-08-05,10,2850.0,0.0,106.0,0.0,12.0,0.0,-2349468.9545235736,-2349468.9545235736,0.0,7295026.6153038945,7295026.6153038945,276150.661230321,-326966.716512638,,0.04105571847507328,49.44113602338718,64.75045235382878,20.865042144958917,True,True
2026-08-05,10,2855.0,0.0,6.0,0.0,6.0,0.0,-137630.12914533186,-137630.12914533186,0.0,433823.32972899574,433823.32972899574,15399.228779380477,-17957.708068658096,,0.03878116343490302,49.58306341405403,64.98534723030257,20.75766121697682,True,True
2026-08-05,10,2860.0,0.0,172.0,0.0,173.0,0.0,-4086567.519194159,-4086567.519194159,0.0,13035943.421756383,13035943.421756383,433653.67411349854,-496971.5571179836,,0.04210526315789459,50.11755562916389,64.56594974194405,21.70928478358141,True,True
2026-08-05,10,2865.0,0.0,21.0,0.0,1.0,0.0,-515606.6105075649,-515606.6105075649,0.0,1671182.5083014609,1671182.5083014609,51397.13208420274,-58044.056329773455,,0.039800995024875656,50.15290543579578,64.94522658252767,21.388063015868276,True,True
2026-08-05,10,2870.0,0.0,19.0,0.0,2.0,0.0,-482033.39481083327,-482033.39481083327,0.0,1585307.512518828,1585307.512518828,44836.611923675984,-49830.95276204676,,0.0377358490566038,50.495059568588054,64.94879202891379,21.66528854502802,True,True
2026-08-05,10,2875.0,0.0,47.0,0.0,4.0,0.0,-1229728.659815613,-1229728.659815613,0.0,4111940.570116267,4111940.570116267,105618.12274925753,-115623.23902970245,,0.03571428571428575,50.89912326779018,64.86938242619091,22.067197265516718,True,True
2026-08-05,10,2880.0,1.0,9.0,1.0,3.0,-26290.363828026108,-242787.28709075064,-269077.65091877675,-199903.27795487622,824313.220583632,624409.9426287558,21067.402096889655,-22743.33989227148,0.02434336963484953,0.03389830508474579,51.30337325278238,64.9713962674552,22.198012380466434,True,True
2026-08-05,10,2885.0,1.0,1.0,1.0,1.0,-27098.693155752007,-27750.846909520897,-54849.5400652729,-195933.5254487863,95849.40671758732,-100084.11873119898,3824.6132528809517,-4104.521172909767,0.02156334231805922,0.03212851405622493,51.63917687266847,34.99432410452275,22.448820277333333,True,True
2026-08-05,10,2890.0,0.0,1.0,0.0,1.0,0.0,-28477.715471953506,-28477.715471953506,0.0,100238.2886288611,100238.2886288611,1806.6722074475003,-1866.8803518638474,,0.030418250950570373,51.81431417834934,64.99682563698119,22.729058393329506,True,True
2026-08-05,10,2895.0,1.0,1.0,1.0,3.0,-28448.612371864627,-29228.311619563938,-57676.923991428564,-187196.01139699836,104735.2604708794,-82460.75092611897,3242.936666854759,-3265.7755479198704,0.023845007451564957,0.0288808664259928,52.22249505696605,34.99405582794208,23.01782032798949,True,True
2026-08-05,10,2900.0,1.0,7.0,4.0,2.0,-29132.44212279048,-209628.18309865773,-238760.6252214482,-182598.14026011297,766214.1289379706,583615.9886778577,11946.878382797577,-11361.474986780091,0.022012578616352182,0.027397260273972626,52.56929321423559,64.97461466919083,23.328678209444533,True,True
2026-08-05,10,2905.0,0.0,7.0,0.0,3.0,0.0,-214379.4510477943,-214379.4510477943,0.0,800701.1704931281,800701.1704931281,9199.380424975392,-8220.985872013383,,0.025974025974026,52.81352700695341,64.97721125005772,23.60903714497008,True,True
2026-08-05,10,2910.0,0.0,4.0,0.0,4.0,0.0,-125310.53806148608,-125310.53806148608,0.0,477733.97916470334,477733.97916470334,4422.986348756391,-3630.0988908604845,,0.02469135802469127,53.130099564337954,64.98665891664754,23.88031893710877,True,True
2026-08-05,10,2915.0,0.0,3.0,0.0,2.0,0.0,-95939.13157649702,-95939.13157649702,0.0,373943.3891238339,373943.3891238339,2622.916856925902,-1871.3614831936793,,0.023460410557184667,53.44933497694687,64.98976984514036,24.160374997999277,True,True
2026-08-05,10,2920.0,0.0,6.0,0.0,2.0,0.0,-195212.6899301916,-195212.6899301916,0.0,780061.9876142904,780061.9876142904,3730.2036728353164,-1954.1531700021596,,0.025034770514603576,53.69284010616651,64.9792465253765,24.45854100829006,True,True
2026-08-05,10,2925.0,0.0,43.0,0.0,2.0,0.0,-1423389.0199870586,-1423389.0199870586,0.0,5823955.833166073,5823955.833166073,15378.976595800112,-814.6159326259593,,0.021164021164021277,54.17134449917312,64.84881413168169,24.912791386672165,True,True
2026-08-05,10,2930.0,8.0,0.0,8.0,0.0,-259943.71843115467,0.0,-259943.71843115467,-1216093.7417223987,0.0,-1216093.7417223987,569.5585550466095,2330.810353668849,0.022573363431151242,,54.339588716368795,34.97240277264638,25.036312707098844,True,True
2026-08-05,10,2935.0,0.0,2.0,0.0,2.0,0.0,-67954.56181567846,-67954.56181567846,0.0,293146.2159372414,293146.2159372414,-400.6816905195245,1231.2553120654711,,0.021505376344085992,54.0745706965197,64.99273113153335,24.724792935452374,True,True
2026-08-05,10,2940.0,9.0,0.0,1.0,0.0,-300027.5806160431,0.0,-300027.5806160431,-1268044.9008516925,0.0,-1268044.9008516925,-4314.011464534616,8317.49382838299,0.023468057366362417,,53.74602668630537,34.96814481541735,24.47249259915116,True,True
2026-08-05,10,2950.0,27.0,0.0,1.0,0.0,-913393.0835668099,0.0,-913393.0835668099,-3485953.7990692905,0.0,-3485953.7990692905,-29316.13543046854,42462.582444522064,0.027397260273972563,,53.09725237934346,34.902989522054405,23.987250614273133,True,True
2026-08-05,10,2955.0,0.0,3.0,0.0,2.0,0.0,-104579.58034184665,-104579.58034184665,0.0,512110.3942635086,512110.3942635086,-4395.24509995039,5801.701583776888,,0.023529411764705938,52.87829997504734,64.98886293425949,23.591934451351015,True,True
2026-08-05,10,2960.0,28.0,0.0,28.0,0.0,-948093.0199595062,0.0,-948093.0199595062,-3278604.2843760136,0.0,-3278604.2843760136,-47171.10393405395,61258.02314608009,0.028673835125448056,,52.49223392179213,34.89930418851921,23.42310373705747,True,True
2026-08-05,10,2965.0,10.0,1.0,4.0,2.0,-338488.3613166186,-34826.01496908754,-373314.3762857062,-1109697.191197984,183233.8205007703,-926463.3706972136,-21845.779079939526,27312.72776849967,0.035363457760314285,0.02495543672014258,52.127428342651896,34.9603651213092,23.06002053222739,True,True
2026-08-05,10,2970.0,14.0,0.0,4.0,0.0,-471195.5543565773,0.0,-471195.5543565773,-1468914.4466790787,0.0,-1468914.4466790787,-32193.04604096098,38825.263303169144,0.03448275862068968,,51.71963648233356,34.949962828618915,22.789273587247084,True,True
2026-08-05,10,2975.0,15.0,13.0,3.0,2.0,-499432.61958437966,-446191.6757702627,-945624.2953546424,-1482255.0372077343,2548953.1497234423,1066698.112515708,-75870.37295544596,86658.29298825769,0.03791469194312799,0.025974025974026,51.54087553652823,64.89954776349445,22.569711231265348,True,True
2026-08-05,10,2980.0,35.0,0.0,1.0,0.0,-1148324.443661155,0.0,-1148324.443661155,-3242639.8104748796,0.0,-3242639.8104748796,-102452.28811115636,115736.3606754598,0.04188481675392674,,50.9729982231217,34.87803693600079,22.315628152823898,True,True
2026-08-05,10,2985.0,3.0,2.0,3.0,4.0,-96619.36027894814,-66290.56802010015,-162909.92829904828,-259399.88225667927,418123.9841616801,158724.10190500083,-16447.217982785525,17810.52089098939,0.04651162790697678,0.028085735402808443,50.76295100748091,64.98260224465561,21.89414040193382,True,True
2026-08-05,10,2990.0,10.0,1.0,5.0,3.0,-314353.7733181168,-32361.189769606397,-346714.9630877232,-805337.915487137,215468.0792374388,-589869.8362496982,-37881.732103285016,40844.14564639889,0.0516129032258065,0.02681721947776982,50.43368880218839,34.963199579841344,21.63633500378429,True,True
2026-08-05,10,2995.0,3.0,0.0,3.0,0.0,-91838.02596240888,0.0,-91838.02596240888,-223905.9438212575,0.0,-223905.9438212575,-10825.438270421759,11551.966309173651,0.05054151624548731,,49.792623053237136,34.99031254342391,21.315847334509478,True,True
2026-08-05,10,3005.0,2.0,0.0,1.0,0.0,-57213.86637991992,0.0,-57213.86637991992,-126846.22799368062,0.0,-126846.22799368062,-8000.270640530373,8139.394684572933,0.06392694063926951,,48.82012463973736,34.99404136093394,20.742341917191137,True,True
2026-08-05,10,3015.0,5.0,0.0,2.0,0.0,-130370.67933864366,0.0,-130370.67933864366,-264393.35770367185,0.0,-264393.35770367185,-21060.238689421247,20619.823107513013,0.08187134502923989,,47.71928576571041,34.9862095923483,20.185680140680937,True,True
2026-08-05,10,3020.0,3.0,0.0,1.0,0.0,-74130.19560752565,0.0,-74130.19560752565,-144330.83133190748,0.0,-144330.83133190748,-12684.568095025494,12293.35704395269,0.09271523178807949,,47.105340469842645,34.99223029115438,19.892701467296664,True,True
2026-08-05,10,3025.0,2.0,0.0,4.0,0.0,-46659.83912290638,0.0,-46659.83912290638,-86630.03583306703,0.0,-86630.03583306703,-8427.985989506418,8086.895151896805,0.1068702290076336,,46.39416909499306,34.995217237940174,19.604044462707346,True,True
2026-08-05,10,3030.0,3.0,0.0,5.0,0.0,-65835.55074408046,0.0,-65835.55074408046,-117599.74961085459,0.0,-117599.74961085459,-12575.932160828994,11851.23569646873,0.12173913043478249,,45.665795063594864,34.99313491839575,19.323369589471394,True,True
2026-08-05,10,3045.0,6.0,0.0,2.0,0.0,-105041.07654145178,0.0,-105041.07654145178,-167386.37561850186,0.0,-167386.37561850186,-23440.678937212604,21004.62152730328,0.1866666666666666,,42.87104801088716,34.98893282007522,18.4802329672929,True,True
2026-08-05,10,3050.0,18.0,0.0,5.0,0.0,-289381.8514411786,0.0,-289381.8514411786,-444391.9085761764,0.0,-444391.9085761764,-67550.11367927729,60103.0832716331,0.17054263565891467,,43.09564153577176,34.96929746148191,18.237913140573127,True,True
2026-08-05,10,3055.0,1.0,0.0,1.0,0.0,-14810.04716607486,0.0,-14810.04716607486,-22108.777862968876,0.0,-22108.777862968876,-3591.611335372242,3201.2239839135723,0.19469026548672574,,42.05097542524061,34.99910540422627,17.89305053776058,True,True
2026-08-05,10,3060.0,3.0,0.0,3.0,0.0,-40450.561370529285,0.0,-40450.561370529285,-58142.16531160585,0.0,-58142.16531160585,-10187.410792691424,8847.960374103586,0.20833333333333334,,41.36148363609827,34.99596158355614,17.6153435452301,True,True
2026-08-05,10,3065.0,3.0,0.0,3.0,0.0,-36606.39426908872,0.0,-36606.39426908872,-50949.50192423857,0.0,-50949.50192423857,-9557.169511810103,8148.86733756661,0.24390243902439016,,40.00999624194322,34.99640630592877,17.330696005873698,True,True
2026-08-05,10,3070.0,1.0,0.0,4.0,0.0,-11098.606796449127,0.0,-11098.606796449127,-15134.130859194807,0.0,-15134.130859194807,-2990.673770410605,2534.804622506799,0.2777777777777777,,38.705107386239014,34.99981224856405,17.03958260720659,True,True
2026-08-05,10,3075.0,4.0,0.0,4.0,0.0,-39746.65779381476,0.0,-39746.65779381476,-52543.94222863532,0.0,-52543.94222863532,-11147.378460972766,9361.436069480993,0.29508196721311475,,37.90788918427441,34.99606383372006,16.764633661840943,True,True
2026-08-05,10,3080.0,2.0,0.0,2.0,0.0,-17945.940861097126,0.0,-17945.940861097126,-23208.518824229646,0.0,-23208.518824229646,-5220.979758945958,4385.983386559325,0.3396226415094339,,36.28304026228225,34.99874018331086,16.473745258237557,True,True
2026-08-05,10,3090.0,2.0,0.0,2.0,0.0,-14630.457391557173,0.0,-14630.457391557173,-18130.610525455926,0.0,-18130.610525455926,-4485.472425548788,3730.2753463337863,0.3999999999999999,,33.90289106071859,34.999273330718474,15.904715583114672,True,False
2026-08-05,10,3095.0,2.0,0.0,2.0,0.0,-13000.611143226595,0.0,-13000.611143226595,-15721.738556928365,0.0,-15721.738556928365,-4056.4876790572766,3316.2974522278137,0.47058823529411764,,31.500829778471704,34.99957319037168,15.62020243862777,True,False
2026-08-05,10,3100.0,8.0,0.0,7.0,0.0,-46069.00676740516,0.0,-46069.00676740516,-54540.310861276215,0.0,-54540.310861276215,-14727.926011186322,11911.568062559902,0.4827586206896551,,30.86394740221994,34.99538186516432,15.353248307167638,True,False
2026-08-05,10,3105.0,5.0,0.0,5.0,0.0,-25580.632286800283,0.0,-25580.632286800283,-29767.36362160082,0.0,-29767.36362160082,-8421.306092064258,6782.193917060649,0.56,,28.25597009496739,34.99778687922869,15.059864044964627,True,False
2026-08-05,10,3110.0,2.0,0.0,2.0,0.0,-9182.304834022163,0.0,-9182.304834022163,-10561.870722494305,0.0,-10561.870722494305,-3117.05235861744,2516.3494672313927,0.5454545454545453,,28.401597803388846,35.000444782715164,14.766728022006518,True,False
2026-08-05,10,3140.0,1.0,0.0,3.0,0.0,-2354.418466457213,0.0,-2354.418466457213,-2529.3194557050306,0.0,-2529.3194557050306,-882.7813882026172,700.993975821709,1.2000000000000002,,13.056641591645512,35.005678033934885,13.057252763937477,True,False
2026-08-05,10,3150.0,1.0,0.0,1.0,0.0,-1907.7374735800831,0.0,-1907.7374735800831,-2031.7645953929052,0.0,-2031.7645953929052,-748.9946194199131,598.4599146851782,1.5,,12.487813144798823,35.007176485478574,12.488397206460608,True,False
2026-08-05,10,3180.0,6.0,0.0,1.0,0.0,-11418.141763638601,0.0,-11418.141763638601,-14312.70049115032,0.0,-14312.70049115032,-4325.668821014111,4005.1097029382877,2.0,,10.791863978456833,34.999835184927356,10.795366631828724,True,False
2026-08-05,10,3200.0,1.0,0.0,1.0,0.0,-1275.8137774578643,0.0,-1275.8137774578643,-1551.4563830752516,0.0,-1551.4563830752516,-543.7214214702747,508.1864485442687,2.0,,9.643670910565373,35.009526598409366,9.644216618570074,True,False
2026-08-05,10,3240.0,1.0,0.0,1.0,0.0,-938.3209626786419,0.0,-938.3209626786419,-1230.5949115790663,0.0,-1230.5949115790663,-411.0152198141121,419.76345330456775,2.0,,7.368357123178612,35.01207966684517,7.36888234756517,True,False
2026-08-06,11,2720.0,0.0,20.0,0.0,20.0,0.0,-150820.8218284734,-150820.8218284734,0.0,410233.9341629538,410233.9341629538,37201.489992714276,-48985.84177805354,,0.10101010101010101,40.0665125421224,64.98394421094736,13.115334903252112,True,True
2026-08-06,11,2725.0,0.0,1.0,0.0,1.0,0.0,-7863.940163584268,-7863.940163584268,0.0,21391.204269602757,21391.204269602757,1912.3486334270297,-2489.2977775658173,,0.0970873786407767,40.428570974672766,64.998463552477,13.342137898310316,True,True
2026-08-06,11,2730.0,0.0,21.0,0.0,21.0,0.0,-172993.14471006888,-172993.14471006888,0.0,473709.66687174933,473709.66687174933,41293.043059761076,-53363.16223257389,,0.09174311926605504,40.91545767613008,64.98159410790669,13.68808457509387,True,True
2026-08-06,11,2735.0,0.0,4.0,0.0,4.0,0.0,-34419.55202717914,-34419.55202717914,0.0,94447.50907385496,94447.50907385496,8082.884171147146,-10346.322993321266,,0.10526315789473678,40.7584477484195,64.996185358273,13.920304625772612,True,True
2026-08-06,11,2740.0,0.0,2.0,0.0,5.0,0.0,-18004.314300032413,-18004.314300032413,0.0,49636.42430216624,49636.42430216624,4150.84736643418,-5273.842703561992,,0.09999999999999994,41.196542239005716,64.99778550535561,14.198571532565973,True,True
2026-08-06,11,2745.0,0.0,5.0,0.0,7.0,0.0,-47056.21357388291,-47056.21357388291,0.0,130222.49836896457,130222.49836896457,10650.451899159485,-13430.296753425644,,0.09523809523809519,41.630135309805055,64.99488680288391,14.492475545009981,True,True
2026-08-06,11,2755.0,0.0,2.0,0.0,2.0,0.0,-20586.050314898952,-20586.050314898952,0.0,57618.16981547303,57618.16981547303,4471.058587435962,-5576.868429882933,,0.08571428571428566,42.47835633784718,64.99755315115996,15.051970897415437,True,True
2026-08-06,11,2760.0,0.0,28.0,0.0,26.0,0.0,-301302.7929893159,-301302.7929893159,0.0,849514.0585072282,849514.0585072282,63956.9777133651,-79506.60904673321,,0.08108108108108115,42.95655480609668,64.9679798841445,15.42038604124587,True,True
2026-08-06,11,2770.0,0.0,32.0,0.0,31.0,0.0,-374997.1748006104,-374997.1748006104,0.0,1070076.4891955024,1070076.4891955024,75933.87392809996,-93728.23211490491,,0.07317073170731704,43.77112267351476,64.96015617693507,16.003989294609415,True,True
2026-08-06,11,2775.0,0.0,5.0,0.0,3.0,0.0,-61044.631617310784,-61044.631617310784,0.0,175047.43969825885,175047.43969825885,12061.372981647597,-14832.305254712399,,0.06976744186046506,44.10074025167403,64.99343053845922,16.199809891517187,True,True
2026-08-06,11,2780.0,0.0,8.0,0.0,3.0,0.0,-101707.90375587909,-101707.90375587909,0.0,293659.0129347933,293659.0129347933,19624.665095492368,-23963.411843166796,,0.055248618784530384,44.82704087189426,64.9891461564345,16.49441863875094,True,True
2026-08-06,11,2785.0,0.0,3.0,0.0,3.0,0.0,-39711.84853597799,-39711.84853597799,0.0,115332.07302716121,115332.07302716121,7505.216640655135,-9045.57927246736,,0.06315789473684226,44.863640642550166,64.9956520029288,16.76219255872425,True,True
2026-08-06,11,2800.0,0.0,12.0,0.0,15.0,0.0,-179444.9783425809,-179444.9783425809,0.0,533557.2128192522,533557.2128192522,31452.24216711299,-36677.048459068596,,0.054054054054054015,46.0089636468604,64.98091238708797,17.64709570411104,True,True
2026-08-06,11,2805.0,0.0,3.0,0.0,3.0,0.0,-46701.8026399542,-46701.8026399542,0.0,140392.8681470629,140392.8681470629,7935.533066670109,-9181.07555290247,,0.05957446808510632,46.10880033579563,64.99493279046166,17.900273697155377,True,True
2026-08-06,11,2810.0,0.0,31.0,0.0,31.0,0.0,-502105.29669673473,-502105.29669673473,0.0,1524161.6394143286,1524161.6394143286,82579.61256161776,-94767.40973309541,,0.048387096774193526,46.7878382740556,64.9466597400745,18.284442208786377,True,True
2026-08-06,11,2815.0,0.0,11.0,0.0,39.0,0.0,-185275.46008104307,-185275.46008104307,0.0,567273.6588364431,567273.6588364431,29441.474220363885,-33504.02766764345,,0.0536398467432951,46.872525301613585,64.98029478147632,18.498116737441293,True,True
2026-08-06,11,2820.0,0.0,21.0,0.0,22.0,0.0,-367526.6135796211,-367526.6135796211,0.0,1136190.5045953852,1136190.5045953852,56229.543797009974,-63532.38572853951,,0.050909090909090855,47.25993454845921,64.96095046792185,18.819347512647315,True,True
2026-08-06,11,2825.0,0.0,1.0,0.0,2.0,0.0,-18166.385621803518,-18166.385621803518,0.0,56759.31550225041,56759.31550225041,2665.7489520640647,-2994.1345578056616,,0.04137931034482768,47.78809749201814,64.99780621337531,19.031047658189223,True,True
2026-08-06,11,2835.0,0.0,23.0,0.0,4.0,0.0,-448928.274815296,-448928.274815296,0.0,1431138.7989913889,1431138.7989913889,60020.60727390805,-66643.24243489339,,0.043613707165109,48.33625320072794,64.95230722409357,19.68268175265517,True,True
2026-08-06,11,2840.0,0.0,10.0,0.0,4.0,0.0,-201847.65444410048,-201847.65444410048,0.0,652059.2499658475,652059.2499658475,25898.146030680622,-28396.36472668832,,0.04129793510324479,48.6627465330922,64.97853802702012,19.91861816968939,True,True
2026-08-06,11,2845.0,0.0,5.0,0.0,5.0,0.0,-104387.22277218367,-104387.22277218367,0.0,341316.9545429835,341316.9545429835,12867.041542740653,-13879.116112500406,,0.03921568627450976,48.99909204717952,64.98886870846206,20.184239632741914,True,True
2026-08-06,11,2850.0,0.0,11.0,0.0,12.0,0.0,-237586.61910207005,-237586.61910207005,0.0,785407.0790726291,785407.0790726291,28028.800186800592,-29720.3738904703,,0.03733333333333348,49.35262026787586,64.97474596806003,20.492191248422934,True,True
2026-08-06,11,2855.0,0.0,1.0,0.0,2.0,0.0,-22301.57501357968,-22301.57501357968,0.0,74837.57167364343,74837.57167364343,2498.243470414377,-2611.3072680451496,,0.04040404040404045,49.52384093078182,64.99743083770315,20.737783977821994,True,True
2026-08-06,11,2860.0,0.0,2.0,0.0,10.0,0.0,-46089.03199367448,-46089.03199367448,0.0,156543.49168245282,156543.49168245282,4884.013258182624,-5021.313608967882,,0.0384615384615385,49.86863744731985,64.99500889791531,21.026217454372183,True,True
2026-08-06,11,2865.0,0.0,1.0,0.0,1.0,0.0,-23775.30910656842,-23775.30910656842,0.0,81910.84887908955,81910.84887908955,2363.844867783322,-2393.4173221239407,,0.036529680365296836,50.20890017879083,64.99729161479257,21.306701870740074,True,True
2026-08-06,11,2870.0,0.0,1.0,0.0,1.0,0.0,-24485.29749197199,-24485.29749197199,0.0,85733.33971889655,85733.33971889655,2263.0924370815724,-2258.8638529473587,,0.03463203463203466,50.55024377421204,64.99722436898361,21.59115918583926,True,True
2026-08-06,11,2875.0,0.0,5.0,0.0,5.0,0.0,-126051.2162499986,-126051.2162499986,0.0,448009.14723872324,448009.14723872324,10746.983233597884,-10555.013849065135,,0.03292181069958851,50.89439365496723,64.98657816331685,21.89203983674099,True,True
2026-08-06,11,2880.0,0.0,1.0,0.0,1.0,0.0,-25926.383932878427,-25926.383932878427,0.0,93568.8489613716,93568.8489613716,2017.9359445039388,-1947.831051130455,,0.035225048923679,51.10128179230939,64.99708595700008,22.16007509725726,True,True
2026-08-06,11,2885.0,0.0,23.0,0.0,58.0,0.0,-613059.0828304109,-613059.0828304109,0.0,2244198.8583205068,2244198.8583205068,43094.88029899259,-40751.09158999844,,0.029850746268656747,51.59328426185497,64.93487809497192,22.536785659106513,True,True
2026-08-06,11,2900.0,0.0,6.0,0.0,6.0,0.0,-171484.65298596967,-171484.65298596967,0.0,664410.4378248448,664410.4378248448,8586.987400065904,-7201.158318455357,,0.028799999999999954,52.442226327911236,64.98176341879103,23.319443977127847,True,True
2026-08-06,11,2910.0,0.0,1.0,0.0,1.0,0.0,-29838.165640988813,-29838.165640988813,0.0,120253.3184647045,120253.3184647045,1049.1445388203872,-750.8662316144254,,0.02612481857764872,53.08077404323037,64.99670604493,23.86679785749711,True,True
2026-08-06,11,2915.0,8.0,0.0,8.0,0.0,-236765.43009297573,0.0,-236765.43009297573,-1338476.2539880588,0.0,-1338476.2539880588,6225.206912136764,-3895.506599430797,0.019695613249776214,,53.572815070367206,34.97486349462996,24.181799784350932,True,True
2026-08-06,11,2920.0,1.0,0.0,1.0,0.0,-30077.59739185069,0.0,-30077.59739185069,-162353.38298424397,0.0,-162353.38298424397,552.5431003234712,-238.20452980872136,0.02277039848197335,,53.75023509294732,34.99689774014734,24.435640836293345,True,True
2026-08-06,11,2925.0,11.0,0.0,0.0,0.0,-336996.39377485914,0.0,-336996.39377485914,-1730867.8813449303,0.0,-1730867.8813449303,3514.441053328442,181.8782922526289,0.022244691607684556,,54.0714928709955,34.96421506108837,24.764438126339634,True,True
2026-08-06,11,2930.0,17.0,0.0,17.0,0.0,-525806.3623188525,0.0,-525806.3623188525,-2588344.804061302,0.0,-2588344.804061302,1240.609058959613,4704.193949379587,0.02145922746781116,,54.39197790882553,34.94415800090218,25.075628423126634,True,True
2026-08-06,11,2935.0,9.0,0.0,9.0,0.0,-282284.32888704434,0.0,-282284.32888704434,-1323588.4553942427,0.0,-1323588.4553942427,-1591.483564159613,4893.583545167137,0.020665901262916158,,54.11450559283211,34.97002889391211,24.755829922631456,True,True
2026-08-06,11,2945.0,23.0,0.0,23.0,0.0,-735135.6532741765,0.0,-735135.6532741765,-3131918.285646099,0.0,-3131918.285646099,-16675.489693390995,25202.069249087854,0.02377807133421397,,53.48181333160112,34.92192337446312,24.250543734419917,True,True
2026-08-06,11,2950.0,31.0,0.0,26.0,0.0,-996698.4456558242,0.0,-996698.4456558242,-4046412.6045254604,0.0,-4046412.6045254604,-31409.262012754476,42563.32854417524,0.025604551920341348,,53.15946256931087,34.89414076243857,24.002608744764185,True,True
2026-08-06,11,2955.0,5.0,0.0,5.0,0.0,-161320.56002744482,0.0,-161320.56002744482,-624035.7111934795,0.0,-624035.7111934795,-6515.0050028149135,8227.35752456517,0.027649769585253416,,52.75890371011015,34.98288959726268,23.600529278160177,True,True
2026-08-06,11,2960.0,36.0,0.0,26.0,0.0,-1162756.3787380985,0.0,-1162756.3787380985,-4285532.2265152875,0.0,-4285532.2265152875,-57172.13270923543,68719.8012960837,0.029950083194675493,,52.47080435843223,34.876502942299666,23.456736480331262,True,True
2026-08-06,11,2965.0,10.0,0.0,5.0,0.0,-322554.6533561493,0.0,-322554.6533561493,-1132765.269239207,0.0,-1132765.269239207,-18622.98986155242,21592.87133689174,0.032549728752260476,,52.05361266245132,34.96575354629091,23.05436423803792,True,True
2026-08-06,11,2970.0,12.0,0.0,2.0,0.0,-385584.5265226365,0.0,-385584.5265226365,-1290417.1406073302,0.0,-1290417.1406073302,-25767.574285396437,28883.57644921535,0.03550295857988174,,51.684816013878574,34.95905729785552,22.778926536342727,True,True
2026-08-06,11,2975.0,11.0,0.0,9.0,0.0,-350881.12715000677,0.0,-350881.12715000677,-1118673.7459142096,0.0,-1118673.7459142096,-27127.753064140496,29260.209841012012,0.03887688984881219,,51.2970766175477,34.962745055924756,22.48983053310801,True,True
2026-08-06,11,2980.0,3.0,0.0,2.0,0.0,-94542.92484529098,0.0,-94542.92484529098,-287514.32320698927,0.0,-287514.32320698927,-8293.235928135182,8669.01069970489,0.03791469194312799,,51.02467045257795,34.990010425352736,22.169254174543738,True,True
2026-08-06,11,2985.0,9.0,0.0,3.0,0.0,-278914.70587520546,0.0,-278914.70587520546,-810289.9125651758,0.0,-810289.9125651758,-27288.58341611053,27823.244172253533,0.0416666666666667,,50.64034039648614,34.970393972802675,21.911483174203823,True,True
2026-08-06,11,2995.0,3.0,0.0,9.0,0.0,-89008.47502542952,0.0,-89008.47502542952,-235798.89550112627,0.0,-235798.89550112627,-10407.42886807585,10230.597252109297,0.0509554140127389,,49.78020612021959,34.99060970140007,21.31567559917655,True,True
2026-08-06,11,3000.0,5.0,0.0,4.0,0.0,-144484.7317636844,0.0,-144484.7317636844,-365380.2800348593,0.0,-365380.2800348593,-18153.40469810671,17628.199736224018,0.056737588652482324,,49.32654112728317,34.984694807395755,21.039779442107697,True,True
2026-08-06,11,3005.0,5.0,0.0,5.0,0.0,-140192.1541456922,0.0,-140192.1541456922,-338399.2828241749,0.0,-338399.2828241749,-19189.68035713205,18169.019953941774,0.06349206349206354,,48.83949265867239,34.98515401077815,20.75510468715028,True,True
2026-08-06,11,3010.0,1.0,0.0,1.0,0.0,-27010.418242517357,0.0,-27010.418242517357,-62570.8090934476,0.0,-62570.8090934476,-4003.064497664038,3706.156295794325,0.07079646017699105,,48.32751759534276,34.997370850417,20.45351903171989,True,True
2026-08-06,11,3025.0,2.0,0.0,2.0,0.0,-46954.072578108506,0.0,-46954.072578108506,-95632.07528397828,0.0,-95632.07528397828,-8439.752805708558,7450.901651288445,0.0891719745222929,,46.92511672955328,34.995169687732336,19.604062320763806,True,True
2026-08-06,11,3030.0,9.0,0.0,10.0,0.0,-200117.98733507376,0.0,-200117.98733507376,-392272.5780329175,0.0,-392272.5780329175,-37740.85445127091,33149.33080402367,0.1007194244604317,,46.309029651863085,34.97878298384426,19.346972715226702,True,True
2026-08-06,11,3035.0,15.0,0.0,24.0,0.0,-314909.33414726675,0.0,-314909.33414726675,-595281.6083013349,0.0,-595281.6083013349,-62611.63850989985,54142.25732558729,0.11382113821138214,,45.64420742494892,34.966577539474535,19.084978635217354,True,True
2026-08-06,11,3040.0,1.0,0.0,3.0,0.0,-19662.21851080064,0.0,-19662.21851080064,-35664.629312235105,0.0,-35664.629312235105,-4139.321796122238,3494.694025652409,0.13084112149532715,,44.8196924152526,34.99833217768144,18.746587703263202,True,True
2026-08-06,11,3045.0,1.0,0.0,8.0,0.0,-18328.296286988498,0.0,-18328.296286988498,-32139.461288758506,0.0,-32139.461288758506,-4050.4952704025595,3370.5280150049766,0.127659574468085,,44.630724602646524,34.99851998685599,18.46209251943932,True,True
2026-08-06,11,3050.0,10.0,0.0,4.0,0.0,-169923.91831994907,0.0,-169923.91831994907,-287802.21701484756,0.0,-287802.21701484756,-39322.57829434363,32355.182857864136,0.14634146341463428,,43.80481882438324,34.98200388537848,18.210058747233955,True,True
2026-08-06,11,3055.0,3.0,0.0,2.0,0.0,-47191.89732479722,0.0,-47191.89732479722,-77546.10999990824,0.0,-77546.10999990824,-11378.871585855815,9319.051198817318,0.1666666666666667,,42.89589785952161,34.99518100881292,17.900166923887,True,True
2026-08-06,11,3060.0,14.0,0.0,13.0,0.0,-203051.97049214144,0.0,-203051.97049214144,-322602.6321214252,0.0,-322602.6321214252,-51009.98535920856,41651.50697256049,0.17599999999999993,,42.35466321933404,34.97847961295546,17.653542994617982,True,True
2026-08-06,11,3070.0,1.0,0.0,1.0,0.0,-12201.876404192657,0.0,-12201.876404192657,-18220.69097831055,0.0,-18220.69097831055,-3287.9243912147062,2600.0582792717105,0.2127659574468085,,40.65546199616809,34.99952718933341,17.039649568493953,True,True
2026-08-06,11,3080.0,2.0,0.0,2.0,0.0,-20055.60719405624,0.0,-20055.60719405624,-28329.737821752093,0.0,-28329.737821752093,-5800.448818900723,4486.492905965377,0.2857142857142857,,37.9002909361367,34.99839928173415,16.47387330125856,True,True
2026-08-06,11,3085.0,11.0,0.0,5.0,0.0,-100007.32640098558,0.0,-100007.32640098558,-138109.5255477183,0.0,-138109.5255477183,-29966.279719204907,23126.443066713407,0.29508196721311475,,37.353811381305036,34.989486469046064,16.217491210264093,True,True
2026-08-06,11,3095.0,2.0,0.0,2.0,0.0,-15038.178706909182,0.0,-15038.178706909182,-19959.497156514288,0.0,-19959.497156514288,-4821.070604237611,3736.876902090688,0.3829787234042553,,34.129115135167574,34.99915422497132,15.620326105722548,True,False
2026-08-07,12,2100.0,0.0,52.0,0.0,1.0,0.0,-7308.063725585317,-7308.063725585317,0.0,27808.99664558589,27808.99664558589,3570.278529173448,-8429.997144896186,,1.5,0.10957621166003279,64.99868440974537,0.13437003283998383,True,False
2026-08-07,12,2195.0,0.0,4.0,0.0,4.0,0.0,-838.8217400545944,-838.8217400545944,0.0,2931.5904240522204,2931.5904240522204,400.3313996042748,-858.6535683849564,,1.2000000000000002,0.00842893935846406,64.9947959739166,0.010352948015958142,True,False
2026-08-07,12,2200.0,0.0,3.0,0.0,2.0,0.0,-718.6993866475314,-718.6993866475314,0.0,2575.6643072292136,2575.6643072292136,346.7248052759715,-762.0000597460814,,1.0000000000000002,0.006321704518848045,64.99410218423606,0.007770148122198097,True,False
2026-08-07,12,2205.0,0.0,1.0,0.0,1.0,0.0,-242.80406609680327,-242.80406609680327,0.0,864.4622423093617,864.4622423093617,117.24437536152502,-255.94209950769536,,1.0000000000000002,0.002107234839616015,64.98264243226826,0.0025902458755578824,True,False
2026-08-07,12,2210.0,0.0,2.0,0.0,2.0,0.0,-492.2026250137127,-492.2026250137127,0.0,1740.876685335691,1740.876685335691,237.8989368920323,-515.8328276065046,,1.0000000000000002,0.00421446967923203,64.99133631959357,0.0051808919939264324,True,False
2026-08-07,12,2230.0,0.0,2.0,0.0,2.0,0.0,-519.8325249177091,-519.8325249177091,0.0,1790.1077506588533,1790.1077506588533,252.29524860027107,-532.3053771734611,,1.0000000000000002,0.00421446967923203,64.99157008116978,0.005182568949091556,True,False
2026-08-07,12,2240.0,0.0,2.0,0.0,2.0,0.0,-587.9708388295855,-587.9708388295855,0.0,2057.3734971409963,2057.3734971409963,286.1747036859977,-610.3413072447759,,0.8571428571428572,4.2899287553935155,64.99265024229487,0.005186704501440799,True,False
2026-08-07,12,2250.0,0.0,1.0,0.0,1.0,0.0,-302.2720629426892,-302.2720629426892,0.0,1043.3981953088307,1043.3981953088307,146.478887418193,-307.53835131325087,,0.8571428571428572,4.2878215205539,64.985605556484,0.0025938551960699636,True,False
2026-08-07,12,2255.0,0.0,10.0,0.0,10.0,0.0,-3065.4236655271707,-3065.4236655271707,0.0,10509.02413342232,10509.02413342232,1482.2184116803298,-3087.4437796553525,,0.8571428571428572,4.306786634110444,64.99824720137063,0.02594114375716664,True,False
2026-08-07,12,2285.0,0.0,20.0,0.0,20.0,0.0,-7263.246936508171,-7263.246936508171,0.0,24490.774617602296,24490.774617602296,3333.7872005036643,-6695.547485346248,,0.7500000000000001,7.542144696792318,64.99861609377346,0.05195101680303674,True,False
2026-08-07,12,2300.0,0.0,15.0,0.0,15.0,0.0,-6133.997062531714,-6133.997062531714,0.0,20695.567119645548,20695.567119645548,2714.6077230451638,-5384.046816685825,,0.6666666666666667,10.031608522594237,64.9986237281255,0.039004932440444055,True,False
2026-08-07,12,2315.0,0.0,3.0,0.0,3.0,0.0,-1283.8398267656491,-1283.8398267656491,0.0,4236.56336421265,4236.56336421265,565.0627480854181,-1093.264889706233,,0.6666666666666667,10.006321704518847,64.99632386865353,0.007804448470131644,True,False
2026-08-07,12,2325.0,0.0,8.0,0.0,8.0,0.0,-3773.2090692622332,-3773.2090692622332,0.0,12513.420625070792,12513.420625070792,1617.1513932936534,-3114.9505809605,,0.6000000000000001,12.016857878716925,64.998400616611,0.020833083229510028,True,False
2026-08-07,12,2340.0,0.0,4.0,0.0,4.0,0.0,-2038.8563210271418,-2038.8563210271418,0.0,6670.439073052424,6670.439073052424,861.8350558980939,-1628.7226316132612,,0.47619047619047616,15.722714653644179,64.99753505523552,0.01042578230764508,True,False
2026-08-07,12,2345.0,0.0,2.0,0.0,2.0,0.0,-1066.2944567852592,-1066.2944567852592,0.0,3492.833989709306,3492.833989709306,446.54331103688025,-841.9971966409342,,0.5454545454545453,13.640578106042872,64.99559346718434,0.0052157356330959385,True,False
2026-08-07,12,2350.0,0.0,11.0,0.0,7.0,0.0,-5958.910248051888,-5958.910248051888,0.0,19368.140538287633,19368.140538287633,2492.3350632908164,-4659.732658664554,,0.5454545454545453,13.659543219599419,64.99859265484987,0.028692268816234812,True,False
2026-08-07,12,2370.0,0.0,12.0,0.0,12.0,0.0,-7319.892012672506,-7319.892012672506,0.0,23446.720869962057,23446.720869962057,3011.407883763916,-5509.208002051733,,0.5,15.025286818075392,64.99858280678731,0.03135038080327266,True,False
2026-08-07,12,2380.0,0.0,3.0,0.0,3.0,0.0,-1985.8616285352516,-1985.8616285352516,0.0,6360.628480800853,6360.628480800853,809.1139907765502,-1473.4606063763233,,0.46153846153846156,16.160167858365,64.99743118763033,0.007847056626172645,True,False
2026-08-07,12,2385.0,0.0,21.0,0.0,1.0,0.0,-14134.020627298616,-14134.020627298616,0.0,44904.756678747,44904.756678747,5755.314717211655,-10390.10792493664,,0.46153846153846156,16.198098085478087,64.99816474168368,0.05494353731350209,True,False
2026-08-07,12,2395.0,0.0,2.0,0.0,2.0,0.0,-1454.9847213442824,-1454.9847213442824,0.0,4617.509659762443,4617.509659762443,589.1404815238742,-1058.6675328666477,,0.4285714285714285,17.147071612536376,64.99659765987671,0.005239326603350996,True,False
2026-08-07,12,2400.0,0.0,10.0,0.0,5.0,0.0,-7398.862935128838,-7398.862935128838,0.0,23287.93199533672,23287.93199533672,2995.148885932528,-5335.178323391839,,0.4285714285714285,17.163929491253306,64.99857005724667,0.026204155327644883,True,False
2026-08-07,12,2410.0,0.0,4.0,0.0,2.0,0.0,-3187.7962653723353,-3187.7962653723353,0.0,10013.929721130424,10013.929721130424,1287.7673043801137,-2283.1620798747813,,0.4000000000000001,18.008428939358463,64.99816364875585,0.010495515487308444,True,False
2026-08-07,12,2420.0,0.0,15.0,0.0,3.0,0.0,-12834.62575580418,-12834.62575580418,0.0,40212.39653107934,40212.39653107934,5188.332747654376,-9155.49517632998,,0.3749999999999999,18.781608522594244,64.99826377798297,0.03941161700809721,True,False
2026-08-07,12,2425.0,0.0,9.0,0.0,8.0,0.0,-7835.154247830884,-7835.154247830884,0.0,24341.746062180493,24341.746062180493,3168.6734905003627,-5542.166391000987,,0.3749999999999999,18.768965113556547,64.99855159995171,0.023655126123412085,True,False
2026-08-07,12,2440.0,0.0,3.0,0.0,1.0,0.0,-2845.890109564152,-2845.890109564152,0.0,8737.445158026729,8737.445158026729,1155.7407190359095,-1993.9142488139657,,0.3529411764705883,19.418086410401198,64.99798117521131,0.007899254759659404,True,False
2026-08-07,12,2445.0,1.0,2.0,1.0,2.0,-2539.5315632920956,-1990.8532756842492,-4530.384838976344,-279337.2547123723,6142.167689322542,-273195.08702304977,1520.97439730096,-3174.2558125576143,0.023843200646595297,0.33333333333333337,24.648673694819916,34.9995737170689,0.008001492630477829,True,True
2026-08-07,12,2450.0,0.0,23.0,0.0,4.0,0.0,-23304.36379147442,-23304.36379147442,0.0,71277.70374741944,71277.70374741944,9460.251612405578,-16203.78490393893,,0.33333333333333337,20.048466401311167,64.9973143177491,0.06065113597851239,True,True
2026-08-07,12,2455.0,0.0,4.0,0.0,10.0,0.0,-4246.34324682551,-4246.34324682551,0.0,13041.54310821006,13041.54310821006,1694.8114436811945,-2888.9497191129403,,0.31578947368421056,20.53474472883215,64.99839889807986,0.010559762402217348,True,True
2026-08-07,12,2460.0,0.0,1.0,0.0,2.0,0.0,-1080.9761890034138,-1080.9761890034138,0.0,3290.722805952597,3290.722805952597,430.3096981503601,-725.8007922620685,,0.31578947368421056,20.528423024313298,64.99532830130393,0.00264111747030323,True,True
2026-08-07,12,2465.0,0.0,2.0,0.0,1.0,0.0,-2263.0167526141263,-2263.0167526141263,0.0,6911.771246786589,6911.771246786589,886.8207045478565,-1488.5174750035503,,0.29999999999999993,21.004214469679233,64.9975897400409,0.0052883688906242505,True,True
2026-08-07,12,2470.0,0.0,1.0,0.0,1.0,0.0,-1167.9580469426176,-1167.9580469426176,0.0,3556.044255339,3556.044255339,453.7308548993416,-755.678219427628,,0.34146341463414637,19.758204795815224,64.99565896259209,0.00264639670317957,True,True
2026-08-07,12,2475.0,0.0,3.0,0.0,1.0,0.0,-3616.330515761811,-3616.330515761811,0.0,10973.567110380538,10973.567110380538,1393.1359593119203,-2302.144878992629,,0.28571428571428564,21.43489313309028,64.99824909995675,0.007946015479860421,True,True
2026-08-07,12,2480.0,0.0,6.0,0.0,3.0,0.0,-7556.73005257861,-7556.73005257861,0.0,22974.03840308468,22974.03840308468,2872.185559943954,-4722.818352666674,,0.27272727272727276,21.830825227219513,64.99854448990901,0.01591169984091849,True,True
2026-08-07,12,2485.0,0.0,1.0,0.0,1.0,0.0,-1283.6600984255754,-1283.6600984255754,0.0,3866.584258842856,3866.584258842856,486.70776138238557,-791.6760946961435,,0.27272727272727276,21.820289053021433,64.99598526785046,0.0026534190649515595,True,True
2026-08-07,12,2490.0,0.0,3.0,0.0,4.0,0.0,-4020.538898583108,-4020.538898583108,0.0,12125.71488199486,12125.71488199486,1505.6305020903856,-2436.813333421623,,0.26086956521739135,22.180234747997105,64.99833602557362,0.007970548298933728,True,True
2026-08-07,12,2495.0,0.0,3.0,0.0,1.0,0.0,-4146.880095187617,-4146.880095187617,0.0,12453.129954912143,12453.129954912143,1542.10065702264,-2475.954452562344,,0.29787234042553196,21.326182313335465,64.99835512513287,0.2640090379701725,True,True
2026-08-07,12,2500.0,0.0,33.0,0.0,2.0,0.0,-47045.70263452948,-47045.70263452948,0.0,140646.94332475326,140646.94332475326,17377.41575138441,-27677.047078048305,,0.25,23.109983794713244,64.99489645660671,0.6282922182761776,True,True
2026-08-07,12,2505.0,0.0,7.0,0.0,5.0,0.0,-10403.007275791178,-10403.007275791178,0.0,31107.27476176792,31107.27476176792,3802.415016500673,-6025.366245708899,,0.23999999999999985,23.639609912306582,64.99841287217752,0.8435192280282836,True,True
2026-08-07,12,2510.0,0.0,15.0,0.0,2.0,0.0,-22982.505376219717,-22982.505376219717,0.0,68385.58414727378,68385.58414727378,8350.044345671296,-13124.477946622257,,0.27450980392156854,22.905587896799794,64.99733960376534,1.149301019131959,True,True
2026-08-07,12,2520.0,0.0,13.0,0.0,1.0,0.0,-21377.223719900954,-21377.223719900954,0.0,63244.196304860285,63244.196304860285,7654.4015268890735,-11871.44457854457,,0.22222222222222224,25.038829324947642,64.99749227563639,1.7128810173291702,True,True
2026-08-07,12,2525.0,0.0,4.0,0.0,1.0,0.0,-6842.994302966842,-6842.994302966842,0.0,20224.335662249337,20224.335662249337,2430.4671201390393,-3749.9382397723134,,0.21428571428571433,25.54237367290968,64.99853153678335,1.9732335243502608,True,True
2026-08-07,12,2530.0,0.0,46.0,0.0,3.0,0.0,-81816.27790682632,-81816.27790682632,0.0,241483.08500309306,241483.08500309306,28844.453728448145,-44271.92334672175,,0.20689655172413793,26.136966636444193,64.99124788149827,2.3703695267487297,True,True
2026-08-07,12,2535.0,0.0,7.0,0.0,2.0,0.0,-12936.260856668223,-12936.260856668223,0.0,38119.34254881433,38119.34254881433,4529.892996710394,-6916.321514312003,,0.19999999999999987,26.54609525284665,64.99823250228259,2.5501583205794645,True,True
2026-08-07,12,2540.0,6.0,13.0,6.0,16.0,-21617.73007621953,-24742.8422510832,-46360.572327302725,-1655506.3670421843,72470.19659363963,-1583036.1704485447,14384.82817921837,-25353.833668986666,0.028956565152271505,0.2295081967213114,28.97882486624164,34.99508535149626,2.867507293232848,True,True
2026-08-07,12,2545.0,0.0,4.0,0.0,2.0,0.0,-7966.817505223764,-7966.817505223764,0.0,23380.27057144131,23380.27057144131,2757.0429733736764,-4165.244763827075,,0.18750000000000003,27.48360199517449,64.99851227638534,3.110958626800469,True,True
2026-08-07,12,2550.0,0.0,111.0,0.0,3.0,0.0,-227603.64565470454,-227603.64565470454,0.0,663700.469719853,663700.469719853,78507.7242994114,-117610.00236953178,,0.21538461538461545,27.156951884898284,64.97580279358357,3.6842828663247578,True,True
2026-08-07,12,2555.0,0.0,2.0,0.0,1.0,0.0,-4253.281628039636,-4253.281628039636,0.0,12370.989714383837,12370.989714383837,1460.101554967735,-2175.6411568484555,,0.20895522388059706,27.40455925592404,64.9983358274456,3.6744106676826935,True,True
2026-08-07,12,2560.0,0.0,12.0,0.0,1.0,0.0,-26638.344439223205,-26638.344439223205,0.0,77562.07208297512,77562.07208297512,9092.309802884498,-13517.637611973485,,0.17142857142857132,28.835845401304315,64.99697725415194,3.98593861126653,True,True
2026-08-07,12,2565.0,0.0,8.0,0.0,6.0,0.0,-18274.373780505794,-18274.373780505794,0.0,52847.14216690998,52847.14216690998,6222.490698198009,-9172.283384314156,,0.19718309859154923,28.33919487047986,64.99777518059113,4.259543159092879,True,True
2026-08-07,12,2570.0,0.0,8.0,0.0,1.0,0.0,-19165.76570750581,-19165.76570750581,0.0,55661.600394737325,55661.600394737325,6489.196184665349,-9573.622346594784,,0.1866666666666666,28.939102051649684,64.99769485398568,4.54401148420683,True,True
2026-08-07,12,2575.0,1.0,20.0,1.0,1.0,-3445.1859500406513,-49577.95291920326,-53023.13886924391,-280308.09323854255,143490.34084719667,-136817.7523913459,17741.832178427518,-26275.59297314228,0.044407667907874836,0.18181818181818185,31.45752258209718,34.99447785485923,4.863962250135803,True,True
2026-08-07,12,2580.0,0.0,123.0,0.0,2.0,0.0,-315372.430120035,-315372.430120035,0.0,909478.3590370262,909478.3590370262,106223.1569090267,-155008.6878586849,,0.17721518987341764,30.033806808849683,64.96648666130909,5.42700131204263,True,True
2026-08-07,12,2585.0,0.0,2.0,0.0,5.0,0.0,-5330.4291179532265,-5330.4291179532265,0.0,15368.851474566436,15368.851474566436,1790.286032374966,-2606.3872010708137,,0.19512195121951217,29.526042776296652,64.9984578992946,5.380961384067522,True,True
2026-08-07,12,2590.0,0.0,104.0,0.0,3.0,0.0,-287860.046940179,-287860.046940179,0.0,829602.3991837731,829602.3991837731,96453.8570245387,-140089.62883843677,,0.16470588235294112,30.937877019357963,64.96940726299586,5.945225260504819,True,True
2026-08-07,12,2595.0,0.0,56.0,0.0,16.0,0.0,-160112.84222426653,-160112.84222426653,0.0,459523.0203609367,459523.0203609367,53223.33206488351,-76508.03155233458,,0.1609195402298851,31.234734234171423,64.98296119381646,6.098261615796092,True,True
2026-08-07,12,2600.0,0.0,129.0,0.0,3.0,0.0,-382825.7716261888,-382825.7716261888,0.0,1097476.7461398733,1097476.7461398733,125853.17636001419,-179236.20741569877,,0.17777777777777792,31.167229474449954,64.95932502334256,6.584205240207147,True,True
2026-08-07,12,2605.0,1.0,53.0,1.0,1.0,-4265.062382259265,-163964.12945127388,-168229.19183353314,-276995.62142780423,470816.5559305058,193820.93450270157,54365.794339853666,-77151.24449453129,0.056029962546816615,0.1702127659574468,33.23329349067148,64.9820543788378,6.662431653762571,True,True
2026-08-07,12,2610.0,0.0,205.0,0.0,40.0,0.0,-657994.8621798379,-657994.8621798379,0.0,1885491.941470992,1885491.941470992,211289.634613528,-295775.6691998534,,0.14432989690721654,32.8996441952243,64.9301040318412,7.3654733634909775,True,True
2026-08-07,12,2615.0,0.0,89.0,0.0,2.0,0.0,-296351.22542077553,-296351.22542077553,0.0,847103.4625826381,847103.4625826381,94212.23909646088,-130633.72985825197,,0.16000000000000014,32.46951608446868,64.96850575778703,7.329179098185748,True,True
2026-08-07,12,2620.0,0.0,258.0,0.0,1.0,0.0,-894712.5171266447,-894712.5171266447,0.0,2557691.0691072736,2557691.0691072736,281088.3776861911,-386666.37680712197,,0.15384615384615383,33.29466838040252,64.90496348489421,8.085171022083362,True,True
2026-08-07,12,2625.0,0.0,82.0,0.0,1.0,0.0,-296040.3620070999,-296040.3620070999,0.0,845910.7933877148,845910.7933877148,91955.15737629974,-125484.46605862083,,0.1481481481481481,33.379149442993615,64.96853875074781,7.879960112906756,True,True
2026-08-07,12,2630.0,0.0,129.0,0.0,16.0,0.0,-484659.4517975556,-484659.4517975556,0.0,1383594.4162329806,1383594.4162329806,148909.02433349236,-201571.66202604823,,0.14285714285714282,33.921333862609075,64.94851172647033,8.296871222607674,True,True
2026-08-07,12,2635.0,0.0,256.0,0.0,28.0,0.0,-1007472.1527129847,-1007472.1527129847,0.0,2887426.3501920593,2887426.3501920593,305235.6931390452,-411211.1005184736,,0.1694915254237288,33.67433543366607,64.89298754614748,8.940106450126864,True,True
2026-08-07,12,2640.0,0.0,513.0,0.0,16.0,0.0,-2098874.1105897995,-2098874.1105897995,0.0,6003777.862083186,6003777.862083186,629609.3715844196,-841298.9949041812,,0.1639344262295082,34.66702198669736,64.77706849576381,9.952667548618669,True,True
2026-08-07,12,2645.0,2.0,367.0,2.0,45.0,-11615.250558207726,-1565378.6110750237,-1576993.8616332314,-537795.9131443431,4478549.952355111,3940754.039210768,467141.0101158396,-621188.8591737155,0.04137931034482743,0.14173228346456684,36.81935327296032,64.83249797542663,9.83453370449044,True,True
2026-08-07,12,2650.0,0.0,586.0,0.0,6.0,0.0,-2589005.817987975,-2589005.817987975,0.0,7368787.21810203,7368787.21810203,762106.4993262073,-1001637.1489648841,,0.15384615384615385,35.69232674833665,64.7250102983201,10.739255976461319,True,True
2026-08-07,12,2655.0,0.0,458.0,0.0,152.0,0.0,-2125171.199035776,-2125171.199035776,0.0,6088141.674053591,6088141.674053591,616502.8156952572,-809007.1787333112,,0.14492753623188406,35.974573440717236,64.7742754215682,10.665853272406467,True,True
2026-08-07,12,2660.0,0.0,375.0,0.0,1.0,0.0,-1806024.4162655352,-1806024.4162655352,0.0,5155642.7115708655,5155642.7115708655,519479.33120425406,-675986.0167221657,,0.14084507042253522,36.206561146732916,64.8081727093167,10.717130094853335,True,True
2026-08-07,12,2665.0,0.0,321.0,0.0,25.0,0.0,-1611987.9723933206,-1611987.9723933206,0.0,4605058.1968245935,4605058.1968245935,458677.3788736702,-593863.1524878668,,0.16216216216216217,35.73767193662818,64.82878167352425,10.850690069112503,True,True
2026-08-07,12,2670.0,0.0,358.0,0.0,25.0,0.0,-1873089.020539838,-1873089.020539838,0.0,5352416.894190632,5352416.894190632,527442.1753987109,-679428.9826329019,,0.12987012987012977,37.06881481787829,64.80104964224836,11.246245269636646,True,True
2026-08-07,12,2675.0,0.0,568.0,0.0,70.0,0.0,-3106593.501087527,-3106593.501087527,0.0,8914300.125804057,8914300.125804057,864037.3673035506,-1111118.1444700558,,0.1234567901234568,37.988148550021194,64.67003579256547,12.146382132065389,True,True
2026-08-07,12,2680.0,2.0,392.0,2.0,20.0,-13880.36252651067,-2229852.807267029,-2243733.1697935397,-531994.8327192069,6394689.899919546,5862695.067200339,617345.8088667142,-790670.6224135353,0.04530744336569593,0.14285714285714288,38.787138821712475,64.76168243135945,11.930287737889786,True,True
2026-08-07,12,2685.0,1.0,431.0,1.0,40.0,-7208.96813086434,-2556906.120929995,-2564115.0890608593,-264489.0480578052,7356044.470658917,7091555.422601112,697680.0471348242,-891419.8617361061,0.05032907471931862,0.13636363636363646,39.17370609613948,64.72765395303003,12.332016410860353,True,True
2026-08-07,12,2690.0,0.0,489.0,0.0,27.0,0.0,-3021754.5157548846,-3021754.5157548846,0.0,8717133.229302071,8717133.229302071,813246.9227779608,-1036616.1973416969,,0.1304347826086958,38.46557989340439,64.67904680979437,12.791010397259711,True,True
2026-08-07,12,2695.0,0.0,381.0,0.0,3.0,0.0,-2450137.5624041106,-2450137.5624041106,0.0,7083937.097017997,7083937.097017997,650922.1162055797,-823214.8840837644,,0.12499999999999993,38.68545623241009,64.73975991584105,12.762576191702916,True,True
2026-08-07,12,2700.0,1.0,425.0,1.0,354.0,-7865.607127606529,-2843829.279685772,-2851694.8868133784,-262268.10650046903,8234811.729352612,7972543.622852143,747003.4033318696,-935105.6677642016,0.05166051660516603,0.11999999999999993,40.23978827453866,64.69710929696839,13.187260248380522,True,True
2026-08-07,12,2705.0,1.0,225.0,1.0,2.0,-8018.979501787614,-1570359.6911346302,-1578378.6706364178,-262731.1717107371,4567831.025043034,4305099.853332297,406875.882021568,-505013.0005245793,0.04949664429530206,0.09523809523809523,40.506642186115336,64.83235121199515,12.879290611943564,True,True
2026-08-07,12,2710.0,1.0,245.0,1.0,2.0,-8286.934513886015,-1782854.895084893,-1791141.829598779,-261587.55554457044,5204885.3300593905,4943297.77451482,454604.65245641343,-559216.3344614513,0.04961505560307953,0.10909090909090903,40.62363272892213,64.80975331766274,13.228128359855514,True,True
2026-08-07,12,2715.0,1.0,125.0,1.0,5.0,-8543.73040712493,-948058.6461565858,-956602.3765637107,-260697.96839221855,2775666.8676101463,2514968.899217928,238904.98117787123,-291453.09123988514,0.0510805500982319,0.08695652173913043,40.96521216444094,64.89838983959437,13.152830358150355,True,True
2026-08-07,12,2720.0,1.0,232.0,1.0,6.0,-8829.712519473018,-1836973.410766215,-1845803.123285688,-259360.67444663792,5407288.677684205,5147928.003237567,453271.5659829827,-548717.5173712488,0.05477621910487634,0.08264462809917356,41.48434388520289,64.80394766470113,13.766792771375306,True,True
2026-08-07,12,2725.0,1.0,137.0,1.0,6.0,-9112.957948437543,-1129684.3650175836,-1138797.322966021,-258105.80473176384,3329751.198600768,3071645.393869004,275229.09972542647,-330333.45461690734,0.05636363636363626,0.09523809523809519,41.35585753289749,64.87903933669239,13.7636229638715,True,True
2026-08-07,12,2730.0,1.0,155.0,1.0,9.0,-9450.891719234585,-1332852.7256060932,-1342303.6173253278,-255143.09346844873,3943553.9199252357,3688410.826456787,318814.58505700977,-379876.72297304374,0.07113163972286364,0.090909090909091,41.52161699798058,64.85742501416468,14.106747861830007,True,True
2026-08-07,12,2735.0,1.0,72.0,1.0,20.0,-9530.12685846473,-646220.8573688146,-655750.9842272793,-259583.37020675102,1923596.862695895,1664013.492489144,152723.1230821978,-181071.99470349005,0.042186001917545596,0.07194244604316546,42.34981496978445,64.93034130336389,14.135725539490085,True,True
2026-08-07,12,2740.0,2.0,172.0,1.0,12.0,-19799.29399179533,-1609865.126029161,-1629664.4200209563,-514639.8309259162,4817030.333413369,4302390.502487453,372245.28255242633,-438973.1022370106,0.049376680518210675,0.08219178082191776,42.585459711317746,64.82690396498303,14.73937640631372,True,True
2026-08-07,12,2745.0,2.0,187.0,2.0,8.0,-20379.38576471039,-1821649.770471798,-1842029.1562365084,-514075.05978349096,5459479.454513473,4945404.394729982,413434.5305320203,-483741.17962870625,0.045135406218655964,0.07894736842105271,43.013767757841634,64.8043483920574,15.075312426314966,True,True
2026-08-07,12,2750.0,4.0,208.0,1.0,9.0,-42273.23640670398,-2111954.3459794195,-2154227.5823861235,-1018315.6113040032,6371164.994202837,5352849.3828988345,472578.3149502546,-551676.6195494743,0.04860578152980302,0.07500000000000007,43.35380327922472,64.77118889962655,15.437911775768479,True,True
2026-08-07,12,2755.0,2.0,159.0,2.0,3.0,-21819.297808489344,-1680942.7897344418,-1702762.087542931,-507203.4016103505,5100331.6379958065,4593128.236385456,365673.697108192,-424932.48394150205,0.05087857330186199,0.0714285714285714,43.5502280778182,64.81914021818464,15.563574009202316,True,True
2026-08-07,12,2760.0,2.0,308.0,2.0,10.0,-22514.64975331615,-3386935.5748441494,-3409450.2245974657,-506074.02739072085,10329096.699360708,9823022.671969987,716307.2629453719,-828663.1614248586,0.0452586206896552,0.06818181818181814,44.281620880228736,64.63786844092982,16.33532397691305,True,True
2026-08-07,12,2765.0,1.0,156.0,1.0,6.0,-11632.78055563934,-1782680.3023775418,-1794313.0829331812,-252085.56123214844,5460950.814206629,5208865.25297448,368323.9737651084,-424451.23373805557,0.043706777316735695,0.0652173913043478,44.31137222694667,64.809416642089,16.12765696884832,True,True
2026-08-07,12,2770.0,1.0,161.0,1.0,18.0,-12039.94233327962,-1911887.6925504485,-1923927.634883728,-250292.7045956169,5908721.913696247,5658429.20910063,385752.81917108403,-441922.5439202559,0.0447972781400624,0.06185567010309275,44.640390930237025,64.79565004081911,16.432815498549953,True,True
2026-08-07,12,2775.0,3.0,174.0,1.0,24.0,-37374.14863150728,-2146070.0972662973,-2183444.2458978044,-740068.9474458554,6668320.558644082,5928251.611198227,428744.6312014221,-485758.94003839977,0.054335260115606805,0.04926108374384236,45.0022627420102,64.76808596417813,16.77161333058321,True,True
2026-08-07,12,2780.0,2.0,247.0,1.0,10.0,-25770.903382329463,-3165701.3529229844,-3191472.2563053137,-492566.49602144683,9927185.07201847,9434618.575997023,613057.8031494456,-687020.831737174,0.05067064083457526,0.05607476635514016,45.39116192393191,64.6610206059739,17.302644961933648,True,True
2026-08-07,12,2785.0,0.0,186.0,0.0,4.0,0.0,-2476305.2294517,-2476305.2294517,0.0,7810797.397027876,7810797.397027876,465369.66363260977,-515214.7809904328,,0.05357142857142854,45.53685860316231,64.73698075038709,17.38139611702528,True,True
2026-08-07,12,2790.0,0.0,218.0,0.0,43.0,0.0,-3014871.893055,-3014871.893055,0.0,9577744.647588724,9577744.647588724,552594.7469622534,-605563.2050008568,,0.0425531914893617,46.21925145391538,64.67977799264749,17.7809141289851,True,True
2026-08-07,12,2795.0,0.0,104.0,0.0,15.0,0.0,-1493757.3594556719,-1493757.3594556719,0.0,4774964.389684212,4774964.389684212,266724.58184893866,-289257.5336561407,,0.048780487804878016,46.07662201615701,64.84133949018008,17.679398542210862,True,True
2026-08-07,12,2800.0,5.0,562.0,1.0,5.0,-73114.98784938885,-8380348.968392904,-8453463.956242293,-1185525.9735796514,27043598.35035064,25858072.376770988,1463006.4960567174,-1575893.9248571924,0.06020509427720804,0.03861003861003861,47.31787361116021,64.10212645749442,19.578682458498218,True,True
2026-08-07,12,2805.0,1.0,73.0,1.0,22.0,-15063.950550526528,-1129591.635331246,-1144655.5858817727,-234792.44123978048,3676142.40806934,3441349.9668295598,191797.55283589137,-205067.81883999298,0.06802721088435375,0.0441176470588235,46.36347518281391,64.87841763403428,18.14977350519153,True,True
2026-08-07,12,2810.0,1.0,108.0,1.0,67.0,-15676.516817284935,-1732979.924939608,-1748656.441756893,-234392.44381596692,5693431.068426576,5459038.624610609,283187.5152646908,-300493.7611428022,0.053710247349823485,0.04195804195804193,46.968791155153475,64.81426613094668,18.56098947465521,True,True
2026-08-07,12,2815.0,1.0,171.0,1.0,25.0,-16186.949229187845,-2843718.446223434,-2859905.395452622,-232345.62771904908,9422456.723190036,9190111.095470987,446596.9700440005,-470381.690588686,0.05251641137855572,0.0400000000000001,47.43323934241228,64.69623747843637,19.075106362476042,True,True
2026-08-07,12,2820.0,6.0,426.0,1.0,82.0,-98898.9347453694,-7335206.611415065,-7434105.546160434,-1370230.7304562784,24536639.427470956,23166408.69701468,1113948.4656455177,-1167444.2946533577,0.07307979120059666,0.044444444444444516,47.890417260138506,64.21039613137032,20.306777180068977,True,True
2026-08-07,12,2825.0,2.0,489.0,1.0,123.0,-34956.92037363837,-8712377.318012891,-8747334.23838653,-459801.182175145,29395860.532369968,28936059.350194823,1257670.54121204,-1308069.3128470487,0.016528925619834666,0.03636363636363645,49.26863344402275,64.07091349431896,20.822850886952637,True,True
2026-08-07,12,2830.0,2.0,243.0,2.0,72.0,-36063.832048683784,-4472229.8201752035,-4508293.652223887,-454775.30957084586,15261903.378703805,14807128.06913296,617723.5415075974,-640002.0058645413,0.017094017094017165,0.04034582132564837,48.966458750357646,64.5211568226361,20.216407650717127,True,True
2026-08-07,12,2835.0,5.0,201.0,9.0,94.0,-92990.39628864835,-3817950.768737346,-3910941.165025994,-1123679.5175599998,13188234.778679818,12064555.261119818,517004.70027106605,-527930.021235878,0.018534119629317634,0.0383561643835618,49.17693413113775,64.58460355918697,20.36412160383114,True,True
2026-08-07,12,2840.0,25.0,321.0,3.0,54.0,-479673.55206635135,-6294190.568196376,-6773864.120262727,-5550389.806602563,21984781.051773258,16434391.245170694,860317.5711345297,-866343.7257912315,0.0183326058489742,0.03655352480417751,49.78642353250326,64.28052249447178,21.1828679193512,True,True
2026-08-07,12,2845.0,3.0,426.0,7.0,47.0,-59284.44510307524,-8624443.938024452,-8683728.383127527,-657089.2172595066,30431005.653335266,29773916.43607576,1060462.4661124735,-1047949.1894599497,0.018995929443690586,0.03491271820448875,50.260400492689314,64.07766931670139,21.79696574564699,True,True
2026-08-07,12,2850.0,24.0,684.0,11.0,97.0,-488838.6704431947,-14281077.826055747,-14769916.49649894,-5185126.98386579,51018541.47614413,45833414.49227834,1717877.4815337085,-1674214.07268567,0.018779342723004695,0.03325415676959617,51.16086045869921,63.43123345476166,23.16933907135897,True,True
2026-08-07,12,2855.0,0.0,105.0,0.0,4.0,0.0,-2259385.8170404728,-2259385.8170404728,0.0,8176506.383924057,8176506.383924057,249501.64167955698,-239305.22171569514,,0.036199095022624465,49.86914171554437,64.76002063114349,21.141413398765987,True,True
2026-08-07,12,2860.0,2.0,538.0,3.0,19.0,-43165.377333981254,-11921905.258314738,-11965070.63564872,-419310.8359064156,43726118.35303673,43306807.517130315,1244891.8733121476,-1176899.2844363735,0.02028397565922921,0.03448275862068968,51.334674930680634,63.72914625285598,23.135246068935146,True,True
2026-08-07,12,2865.0,2.0,315.0,3.0,18.0,-44399.23396694488,-7187864.091730874,-7232263.325697819,-412641.0860075199,26690981.291561212,26278340.20555369,704961.3140263151,-656030.9645052092,0.021119324181626188,0.03292181069958851,51.16005977585017,64.23183459985506,22.55807111770635,True,True
2026-08-07,12,2870.0,8.0,7467.0,2.0,81.0,-182367.16728708416,-175149639.65381676,-175332006.82110384,-1622668.1739847152,659744134.4965802,658121466.3225955,15872215.765762802,-14545341.494434234,0.022002200220022,0.03137254901960773,66.53805676586873,46.37735378321171,51.480541321124726,True,True
2026-08-07,12,2875.0,4.0,350.0,2.0,14.0,-93537.03448169686,-8430207.915322522,-8523744.949804218,-797043.5183256806,32223532.042461194,31426488.524135515,709803.641944802,-640351.7500605303,0.021801491681009654,0.026168224299065526,51.89792719527975,64.09466176191803,23.300577938998835,True,True
2026-08-07,12,2880.0,3.0,7575.0,4.0,85.0,-72134.42940849163,-187301398.63212872,-187373533.0615372,-587349.3304345177,725786753.2833768,725199403.9529423,14237838.92370364,-12601477.289817873,0.018018018018018018,0.02857142857142847,67.42570994094862,45.09837975840354,53.04548952165368,True,True
2026-08-07,12,2885.0,0.0,242.0,0.0,42.0,0.0,-6124291.56460446,-6124291.56460446,0.0,24132774.005483184,24132774.005483184,421150.6491810127,-364513.46318337345,,0.027210884353741523,52.13396454917834,64.34951623469142,23.435318140290885,True,True
2026-08-07,12,2890.0,4.0,335.0,3.0,30.0,-100455.8931676387,-8678065.092351895,-8778520.985519534,-752173.9489724376,34745306.47032415,33993132.52135171,549880.1261303971,-458696.3816208091,0.01969796454366382,0.025974025974026,52.75402722489132,64.06760111429806,24.130651218347563,True,True
2026-08-07,12,2895.0,2.0,37.0,3.0,25.0,-51305.550429902774,-979565.6000330992,-1030871.1504630019,-367974.29843540734,3992349.388867596,3624375.090432189,57733.48359258125,-46213.24288324935,0.02064693737095664,0.024767801857585273,52.41012976576709,64.89050331031171,23.17218072816423,True,True
2026-08-07,12,2900.0,21.0,145.0,74.0,312.0,-550408.6774030265,-3924383.556261639,-4474792.233664665,-3776382.418308001,16268101.07542509,12491718.65711709,219356.97664298254,-166810.37591587496,0.018799710773680364,0.023668639053254566,53.006358654845776,64.52471494162455,23.99270822987119,True,True
2026-08-07,12,2905.0,7.0,49.0,5.0,4.0,-186958.84547400763,-1353381.623761448,-1540340.4692354556,-1228421.2866551604,5715897.383129893,4487476.096474732,64387.83695168833,-45648.957233292924,0.01823708206686934,0.022598870056497095,53.08346301146488,64.83639152846112,23.815714305296055,True,True
2026-08-07,12,2910.0,13.0,219.0,30.0,23.0,-353518.5764403911,-6161531.371018597,-6515049.947458988,-2223585.95456958,26553617.77464307,24330031.820073493,223866.00438618154,-142910.1254534641,0.019200000000000047,0.02156334231805922,53.739839713740245,64.30801237946491,24.855350656503912,True,True
2026-08-07,12,2915.0,2.0,18.0,1.0,21.0,-55327.03370532942,-515930.987377234,-571258.0210825634,-333016.13953588944,2266728.9822351546,1933712.842699265,15182.259787322018,-8101.359241267809,0.01856540084388176,0.02061855670103104,53.6012109227622,64.93931686363567,24.233007419409308,True,True
2026-08-07,12,2920.0,16.0,127.0,8.0,25.0,-449388.10857329285,-3697244.7353649326,-4146632.8439382254,-2590066.8960830336,16602485.841934616,14012418.945851583,77226.38999427187,-26658.625771570143,0.017825311942959002,0.022140221402213982,54.13309139445441,64.55957006687848,25.051211270886693,True,True
2026-08-07,12,2925.0,1.0,9.0,1.0,6.0,-28546.70778473257,-266123.8362641058,-294670.5440488384,-157203.9697772191,1220232.434647738,1063028.464870519,3136.6304315387874,371.3114493236692,0.01890359168241966,0.01882352941176464,54.17081956797365,64.9686878657943,24.759293713383173,True,True
2026-08-07,12,2930.0,53.0,153.0,3.0,23.0,-1529841.2241943297,-4580391.258290075,-6110232.482484404,-8080380.882492953,21495562.10575941,13415181.223266456,15634.234534531619,54449.41253568533,0.01801801801801799,0.017977528089887576,54.894088925928706,64.3510090040461,25.90133800451383,True,True
2026-08-07,12,2935.0,0.0,56.0,0.0,45.0,0.0,-1695466.83193456,-1695466.83193456,0.0,8148253.135458267,8148253.135458267,-9122.662301649943,27946.95287419863,,0.01933404940923735,54.25350118590442,64.8199164985143,24.962649841132006,True,True
2026-08-07,12,2940.0,7.0,52.0,36.0,51.0,-206571.13049509056,-1590435.241852488,-1797006.3723475784,-998436.7835073231,7835368.35166029,6836931.568152967,-24679.749859926047,43487.77570206631,0.02043132803632233,0.018499486125385375,53.97146793685144,64.80913126382421,24.692124934944708,True,True
2026-08-07,12,2945.0,13.0,47.0,4.0,11.0,-386652.5158538358,-1448934.6883303535,-1835587.2041841892,-1787649.5913420236,7331746.611875578,5544097.020533554,-40930.191244376336,58603.11087577597,0.021818181818181955,0.017699115044247763,53.680363707756875,64.80503294260828,24.412627826256884,True,True
2026-08-07,12,2950.0,52.0,176.0,15.0,10.0,-1555357.524694762,-5468567.992250292,-7023925.516945054,-6878933.651335359,28417142.688740928,21538209.03740557,-218344.86890265445,278027.95645361685,0.02334630350194549,0.016965127238454263,53.73805292921947,64.25396278594953,24.875797537026255,True,True
2026-08-07,12,2955.0,2.0,45.0,2.0,2.0,-60154.65513469219,-1401303.4756251832,-1461458.1307598753,-253877.8572669548,7512351.564241509,7258473.706974554,-58601.578620815955,68850.5645687286,0.025104602510460216,0.018018018018018018,53.030061353004456,64.84477118284178,23.787610558493018,True,True
2026-08-07,12,2960.0,42.0,174.0,6.0,31.0,-1264719.580902406,-5435803.292033421,-6700522.872935827,-5107001.449493208,30023923.763679545,24916922.31418634,-326706.9860177574,365472.01692391606,0.02698650674662665,0.017271157167530225,53.084744166691024,64.28831264416694,24.25643454275214,True,True
2026-08-07,12,2965.0,6.0,47.0,25.0,5.0,-180672.30228250564,-1467946.7508946925,-1648619.0531771982,-697265.6007116219,8372838.746059916,7675573.145348294,-94854.83518292384,101737.05400867744,0.02588996763754048,0.01819685690653435,52.459413254961504,64.82489225706456,23.245594617465926,True,True
2026-08-07,12,2970.0,7.0,98.0,36.0,5.0,-210311.195960777,-3052983.3511779867,-3263294.5471387636,-775941.0459264521,18004081.87375788,17228140.82783143,-216175.7951255822,224314.44747107392,0.03152364273204899,0.019017432646592756,52.18776148067968,64.65339282007865,23.19310717242819,True,True
2026-08-07,12,2975.0,14.0,91.0,6.0,27.0,-418585.78908410284,-2818960.704324217,-3237546.49340832,-1476726.9685114736,17230539.444972817,15753812.476461343,-247716.71279278176,247662.34838177476,0.030418250950570373,0.022779043280182234,51.86350397447468,64.65612753245152,22.907130209659236,True,True
2026-08-07,12,2980.0,16.0,102.0,13.0,12.0,-473988.74426459643,-3130729.8989517386,-3604718.643216335,-1601301.0619781646,19898068.86798644,18296767.806008276,-313793.00983583654,303250.3423385853,0.03305785123966945,0.02328966521106251,51.55923047066666,64.6171289835851,22.67848256715103,True,True
2026-08-07,12,2985.0,1.0,17.0,71.0,2.0,-29284.747414982146,-515169.0513844389,-544453.798799421,-94575.10796639034,3414770.166513824,3320195.0585474335,-53282.893073479994,49836.495985295354,0.04063205417607233,0.023726448011165423,50.943927977234125,64.94216707625853,21.950779252793133,True,True
2026-08-07,12,2990.0,11.0,88.0,15.0,10.0,-317092.6052850399,-2621216.7058888488,-2938309.311173889,-980476.4049096708,18179427.412368968,17198951.007459298,-316686.13891709957,290110.8346327626,0.04444444444444438,0.025418060200668974,50.747639738951534,64.68791067519415,22.02027273376247,True,True
2026-08-07,12,2995.0,14.0,63.0,7.0,2.0,-396032.17968276254,-1840206.339022398,-2236238.5187051604,-1172400.8399884605,13377119.244506208,12204718.404517747,-262333.2188507646,236264.06105821434,0.037940379403793995,0.025673940949935813,50.51058911342739,64.76247979485854,21.636586177416188,True,True
2026-08-07,12,3000.0,58.0,58.0,133.0,30.0,-1603957.2179049149,-1654619.6728834624,-3258576.8907883773,-4555237.632073792,12637880.720078949,8082643.088005157,-406700.5480552879,366563.57419023325,0.04761904761904767,0.02463054187192118,50.17882801169049,64.65389291425205,21.514666102573152,True,True
2026-08-07,12,3005.0,27.0,8.0,15.0,1.0,-728636.2565596364,-222362.69536372082,-950998.9519233573,-1981506.7445295511,1787443.7854061485,-194062.9591234026,-125853.36101973092,113382.41908423768,0.052631578947368356,0.02483737433471312,49.64543730939156,34.89906825797031,20.881580662150625,True,True
2026-08-07,12,3010.0,85.0,14.0,27.0,3.0,-2231162.5528411004,-376401.63402166887,-2607564.186862769,-5811529.416015318,3202235.301047555,-2609294.1149677625,-371830.10527751595,329125.0215773218,0.058394160583941535,0.024971623155505142,49.40743365884316,34.72304693117325,20.862541762838262,True,True
2026-08-07,12,3015.0,37.0,22.0,56.0,1.0,-939196.3403211647,-569104.634327771,-1508300.9746489357,-2349941.534067103,5150292.722781655,2800351.188714552,-235843.07528279774,200677.48321163256,0.05668016194331978,0.02399127589967288,49.07914523028198,64.83979254515643,20.40838904426026,True,True
2026-08-07,12,3020.0,94.0,15.0,47.0,3.0,-2296438.08304736,-372591.81334356527,-2669029.8963909256,-5523698.07884373,3634361.1447381256,-1889336.934105604,-442414.9729082114,373406.9044806061,0.07207207207207214,0.062466913710958236,48.092079529738875,34.71652062660233,20.32319897715062,True,True
2026-08-07,12,3025.0,16.0,1.0,123.0,1.0,-374588.49348480144,-23528.241348922467,-398116.7348337239,-866884.8339804723,247610.16231927395,-619274.6716611984,-69552.86886491846,58377.902344364156,0.07035175879396996,0.06005089058524179,47.67584474712813,34.957738804419236,19.664008248438456,True,True
2026-08-07,12,3030.0,28.0,8.0,44.0,4.0,-625942.6091521063,-176429.0490581372,-802371.6582102436,-1390821.38047917,2032309.237548092,641487.8570689219,-151824.34923191552,122418.2740136279,0.07909604519774004,0.07269155206286843,47.11069376743654,64.9147538228513,19.453064344517298,True,True
2026-08-07,12,3035.0,86.0,9.0,6.0,15.0,-1829892.5357924635,-184984.82863654403,-2014877.3644290075,-3919566.4747197484,2322938.4481492834,-1596628.026570465,-393356.4679426402,320999.71783136926,0.07594936708860756,0.05752003771805747,47.22537928635969,34.7860019870055,19.394196374603435,True,True
2026-08-07,12,3040.0,50.0,9.0,50.0,5.0,-1010110.7740983692,-167816.16522356318,-1177926.9393219324,-2081739.0608558347,2375186.444200683,293447.3833448482,-244115.1300530386,194638.8400634804,0.08571428571428566,0.10823101409731702,45.9579661836361,64.87483700576216,18.966266372599748,True,True
2026-08-07,12,3045.0,72.0,2.0,7.0,3.0,-1374170.4747153448,-29210.188648809682,-1403380.6633641545,-2731683.3067914927,550939.7162340414,-2180743.5905574514,-301038.2395175059,240216.79010432935,0.09677419354838704,0.0876494023904383,45.84798604089866,34.85094874551333,18.734168362158943,True,True
2026-08-07,12,3050.0,76.0,9.0,60.0,10.0,-1363042.9278343609,-128652.77734929675,-1491695.7051836576,-2622454.6779073807,2472093.8715467313,-150360.8063606494,-340906.2656246597,263069.1585737128,0.10909090909090903,0.0956411341515023,45.28212469115731,34.84166136669248,18.48344488893245,True,True
2026-08-07,12,3055.0,58.0,0.0,9.0,0.0,-972313.4341632258,0.0,-972313.4341632258,-1809680.7237441966,0.0,-1809680.7237441966,-227544.11162917575,177746.62799108357,0.10309278350515465,,44.919012270545856,34.896735364414475,18.097968791031597,True,True
2026-08-07,12,3060.0,171.0,1.0,25.0,1.0,-2666857.110171014,-8400.23697338954,-2675257.3471444035,-4797809.606199254,284929.4772173429,-4512880.128981912,-654791.0137991008,505539.47009075544,0.11764705882352941,0.08675078864353322,44.90163861198744,34.71585457107818,18.21052023815948,True,True
2026-08-07,12,3065.0,19.0,2.0,9.0,1.0,-276257.7622197203,-144.30030448253024,-276402.0625242028,-485122.49015472824,585954.5221057336,100832.0319510054,-70161.8208875503,54107.481688076645,0.15789473684210517,0.08695652173913046,43.692230761069474,64.97049357708994,17.391609209307084,True,True
2026-08-07,12,3070.0,140.0,0.0,16.0,0.0,-1883190.5489853304,0.0,-1883190.5489853304,-3193058.0950365886,0.0,-3193058.0950365886,-496852.0236479002,382234.15734294977,0.18181818181818185,,41.87680090773351,34.79998422256071,17.511202193870744,True,True
2026-08-07,12,3075.0,73.0,10.0,4.0,5.0,-911475.5690531103,-0.0008485314792143822,-911475.5699016418,-1506449.803720456,2929998.7999966894,1423548.9962762333,-248213.55527662355,188881.74145899012,0.18803418803418814,0.07747489239598286,42.94418354654495,64.90317834809227,17.021007165996792,True,True
2026-08-07,12,3080.0,70.0,0.0,19.0,0.0,-803361.3815996541,0.0,-803361.3815996541,-1289407.591806653,0.0,-1289407.591806653,-226074.71927568526,169003.05978995946,0.19607843137254904,,40.73265853548269,34.91468371709596,16.696549494500747,True,True
2026-08-07,12,3085.0,51.0,0.0,16.0,0.0,-535567.6081035107,0.0,-535567.6081035107,-836957.3379300905,0.0,-836957.3379300905,-155732.42439798062,114963.76431382242,0.20224719101123603,,40.223144060946034,34.94313335053661,16.346947255562043,True,True
2026-08-07,12,3090.0,86.0,0.0,14.0,0.0,-824999.5121207656,0.0,-824999.5121207656,-1259234.060474991,0.0,-1259234.060474991,-247869.00132505147,181666.544528377,0.2564102564102565,,38.387591094938635,34.912385731794124,16.170242489374573,True,True
2026-08-07,12,3095.0,46.0,0.0,8.0,0.0,-403848.2060456299,0.0,-403848.2060456299,-604477.0666599018,0.0,-604477.0666599018,-125266.31652961441,91648.73496424963,0.26086956521739124,,37.885108213716606,34.95713063709509,15.757246751729625,True,True
2026-08-07,12,3100.0,88.0,0.0,15.0,0.0,-701900.0592497402,0.0,-701900.0592497402,-1025128.8905616825,0.0,-1025128.8905616825,-225860.29915074588,164955.69556560143,0.2666666666666666,,37.51528481007887,34.92546328993343,15.59909372511568,True,True
2026-08-07,12,3105.0,65.0,0.0,2.0,0.0,-474142.17978574807,0.0,-474142.17978574807,-679217.4667460268,0.0,-679217.4667460268,-157901.27470634165,115749.44938814435,0.3396226415094339,,34.993724940061334,34.94966172947083,15.241619367479084,True,True
2026-08-07,12,3110.0,204.0,0.0,5.0,0.0,-1349961.409536682,0.0,-1349961.409536682,-1888002.9195382423,0.0,-1888002.9195382423,-457720.92137352045,330936.04707790085,0.3478260869565219,,34.75611299593198,34.85662366406405,15.368357458786253,True,True
2026-08-07,12,3115.0,51.0,0.0,4.0,0.0,-311797.68883617537,0.0,-311797.68883617537,-432937.244182392,0.0,-432937.244182392,-106871.00977888177,77060.87019303779,0.38095238095238093,,33.155503022171615,34.96691748742844,14.626880536760794,True,False
2026-08-07,12,3120.0,152.0,0.0,1.0,0.0,-842577.8939486115,0.0,-842577.8939486115,-1151106.2819346187,0.0,-1151106.2819346187,-293979.17336396116,210229.4314978491,0.37837837837837845,,33.161139594769566,34.91051978725969,14.634807652642879,True,False
2026-08-07,12,3125.0,92.0,0.0,11.0,0.0,-457023.2834590178,0.0,-457023.2834590178,-612081.6110758787,0.0,-612081.6110758787,-163535.38121202323,115972.7331802609,0.3749999999999999,,32.85164263232061,34.95148241161782,14.17246221786087,True,False
2026-08-07,12,3130.0,250.0,0.0,1.0,0.0,-1137955.7209290368,0.0,-1137955.7209290368,-1513413.348712463,0.0,-1513413.348712463,-416168.9795704012,295961.4663444239,0.4827586206896551,,29.667412892866942,34.87914352102504,14.336306624522416,True,False
2026-08-07,12,3135.0,37.0,0.0,1.0,0.0,-150342.25352615406,0.0,-150342.25352615406,-196081.8507069632,0.0,-196081.8507069632,-56953.99287683076,40388.93112236817,0.56,,26.616916269295032,34.98410810410647,13.443367219088978,True,False
2026-08-07,12,3140.0,124.0,0.0,2.0,0.0,-454763.10005070904,0.0,-454763.10005070904,-584692.9502909919,0.0,-584692.9502909919,-178401.63332986768,126861.93889680985,0.5454545454545453,,26.952195113281924,34.95172362181837,13.40149866511204,True,False
2026-08-07,12,3145.0,21.0,0.0,3.0,0.0,-70780.67977737547,0.0,-70780.67977737547,-90412.29616904,0.0,-90412.29616904,-28597.873446722748,20504.97810798776,0.6000000000000001,,24.814372065014485,34.99264803296125,12.828501754365512,True,False
2026-08-07,12,3150.0,72.0,1.0,14.0,1.0,-222108.83072790524,-3.853860818752839e-06,-222108.8307317591,-281072.4658677337,292999.8799993048,11927.414131571073,-91284.56112532737,65535.75508159806,0.6666666666666667,0.06344696969696972,31.68782950779663,64.97515151664834,12.68719864608788,True,True
2026-08-07,12,3155.0,31.0,0.0,2.0,0.0,-86754.03301559835,0.0,-86754.03301559835,-108558.74361749891,0.0,-108558.74361749891,-35542.06051699737,25275.566197486332,0.7500000000000001,,19.766615966563954,34.99092371334056,12.286397878622566,True,False
2026-08-07,12,3160.0,145.0,0.0,3.0,0.0,-363747.1092097672,0.0,-363747.1092097672,-449144.5826950811,0.0,-449144.5826950811,-149691.95135740712,105435.22647109485,0.8571428571428572,,16.508140800571127,34.96139850148594,12.312403387137909,True,False
2026-08-07,12,3165.0,84.0,0.0,5.0,0.0,-186066.59604670407,0.0,-186066.59604670407,-226022.6155693461,0.0,-226022.6155693461,-77747.43224803563,54231.66328008533,1.0000000000000002,,11.809470966216917,34.98030355903017,11.860099048394448,True,False
2026-08-07,12,3170.0,112.0,0.0,1.0,0.0,-227762.47361855223,0.0,-227762.47361855223,-276211.3928857957,0.0,-276211.3928857957,-96560.65288563649,67588.96702015806,1.2727272727272725,,11.58405931830282,34.975862830449394,11.65032975242371,True,False
2026-08-07,12,3175.0,153.0,2.0,1.0,2.0,-284159.65976853954,-9646.891784425963,-293806.5515529655,-343473.68632949924,567979.3601418934,224505.67381239415,-126154.96402722965,89448.74006726003,1.2000000000000002,0.07217983089296763,22.30755872958845,64.96872693101712,11.480670872532837,True,True
2026-08-07,12,3180.0,98.0,0.0,11.0,0.0,-153557.1386385877,0.0,-153557.1386385877,-180356.21986445412,0.0,-180356.21986445412,-70061.04508374044,48727.42208032685,1.5,,10.985729583701506,34.98377330954374,11.040940395042874,True,False
2026-08-07,12,3185.0,69.0,2.0,2.0,2.0,-104827.25591879529,-7.713026855129157e-05,-104827.25599592556,-125030.98702526935,585999.7599989405,460968.77297367115,-48053.28778643787,33978.81489885347,1.5,0.053859964093357166,17.336520558208168,64.98883337814084,10.684029835070502,True,True
2026-08-07,12,3190.0,150.0,0.0,1.0,0.0,-221092.69500714354,0.0,-221092.69500714354,-267709.37445302564,0.0,-267709.37445302564,-101826.34876980117,73181.90354499065,2.0,,10.52647734851485,34.976572976409834,10.610137398001882,True,False
2026-08-07,12,3195.0,20.0,1.0,1.0,2.0,-26353.06724763617,-0.0001465566049080457,-26353.067394192774,-31533.801439307368,292999.87999894057,261466.0785596332,-12657.564713529802,9126.171149857852,2.0,0.04290171606864264,9.970229830781038,64.99714357685804,9.981663053104715,True,True
2026-08-07,12,3200.0,47.0,0.0,11.0,0.0,-60161.27618469157,0.0,-60161.27618469157,-73036.34554390614,0.0,-73036.34554390614,-29043.643612805692,21275.83993795556,2.0,,9.74060371318771,34.993815427785435,9.766264008458975,True,False
2026-08-07,12,3205.0,20.0,0.0,3.0,0.0,-27017.755022271318,0.0,-27017.755022271318,-34166.872727215305,0.0,-34166.872727215305,-12618.415175389637,9505.785127298393,2.0,,9.39929414909473,34.997569355475086,9.410299439224195,True,False
2026-08-07,12,3210.0,28.0,0.0,9.0,0.0,-33881.064605822976,0.0,-33881.064605822976,-42302.580762227684,0.0,-42302.580762227684,-16522.446414933023,12483.865964927127,2.0,,9.131737804388315,34.99675594957611,9.146905848027506,True,False
2026-08-07,12,3215.0,23.0,0.0,3.0,0.0,-27081.42528596389,0.0,-27081.42528596389,-34276.84406621178,0.0,-34276.84406621178,-13272.609918819762,10180.773406175236,2.0,,8.83678740676689,34.99756118438305,8.849201384493535,True,False
2026-08-07,12,3220.0,98.0,0.0,55.0,0.0,-112341.49516990587,0.0,-112341.49516990587,-144104.66728916139,0.0,-144104.66728916139,-55331.96380880828,43076.63945120631,2.0,,8.710415796314743,34.98817189401714,8.763125086244928,True,False
2026-08-07,12,3225.0,29.0,0.0,1.0,0.0,-32381.78616919771,0.0,-32381.78616919771,-42086.22403731817,0.0,-42086.22403731817,-16027.696090795944,12661.14928658553,2.0,,8.280602368957895,34.996917016138084,8.296147690559033,True,False
2026-08-07,12,3230.0,156.0,0.0,1.0,0.0,-169756.78486293412,0.0,-169756.78486293412,-223493.01444693826,0.0,-223493.01444693826,-84433.54320057062,67663.05604618238,2.0,,8.263806970165783,34.98203663417359,8.347160910349311,True,False
2026-08-07,12,3235.0,147.0,0.0,61.0,0.0,-155963.81441054423,0.0,-155963.81441054423,-207949.57201334863,0.0,-207949.57201334863,-77949.31633504714,63355.57526773996,2.0,,7.960427633185894,34.98350665205538,8.038729960120254,True,False
2026-08-07,12,3240.0,185.0,0.0,1.0,0.0,-191460.82848085728,0.0,-191460.82848085728,-258472.5534910166,0.0,-258472.5534910166,-96150.57444746341,79243.687987599,2.0,,7.75608833366796,34.97972228637531,7.8543395259487365,True,False
2026-08-07,12,3245.0,73.0,0.0,3.0,0.0,-73726.60907725708,0.0,-73726.60907725708,-100754.65081095794,0.0,-100754.65081095794,-37193.266486893815,31074.059221769636,2.0,,7.23566380820762,34.9923181053847,7.2743225655588315,True,False
2026-08-07,12,3250.0,207.0,0.0,1.0,0.0,-204096.8655918473,0.0,-204096.8655918473,-282292.08924408915,0.0,-282292.08924408915,-102715.22668989946,86813.98900348917,2.0,,7.23361905329282,34.978375270447,7.342939207810348,True,False
2026-08-07,12,3255.0,117.0,2.0,1.0,2.0,-112660.17466171437,-3.084604432204665e-05,-112660.17469256041,-157680.3134946219,585999.7599985432,428319.4465039213,-56569.951231770596,48360.950657387235,2.0,0.05494158509630558,6.763768163983263,64.98799893511912,6.826330558272032,True,True
2026-08-07,12,3260.0,282.0,0.0,1.0,0.0,-240802.02719889925,0.0,-240802.02719889925,-331048.831410457,0.0,-331048.831410457,-118404.82789174729,99352.67583156272,2.0,,6.822833219417332,34.97446885669496,6.969501719102328,True,False
2026-08-07,12,3265.0,46.0,0.0,2.0,0.0,-38371.65023143518,0.0,-38371.65023143518,-53373.15586570167,0.0,-53373.15586570167,-18850.529214984912,15999.438386567539,2.0,,6.041111573844606,34.99620544322154,6.0649811061741605,True,False
2026-08-07,12,3270.0,109.0,0.0,2.0,0.0,-88852.19960477496,0.0,-88852.19960477496,-125022.31405175243,0.0,-125022.31405175243,-43614.476681720815,37438.41539812111,2.0,,5.889453145317069,34.990682664340305,5.945887806323729,True,False
2026-08-07,12,3275.0,114.0,0.0,2.0,0.0,-90840.40508564915,0.0,-90840.40508564915,-129280.72553299439,0.0,-129280.72553299439,-44558.9315446504,38677.944222488826,2.0,,5.615575096091805,34.9904675379061,5.674471800279984,True,False
2026-08-07,12,3280.0,23.0,0.0,1.0,0.0,-17921.49660637906,0.0,-17921.49660637906,-25792.573388299676,0.0,-25792.573388299676,-8785.475897678698,7710.34010973573,2.0,,5.139402502263402,34.99867803327367,5.151260531913334,True,False
2026-08-07,12,3285.0,46.0,0.0,7.0,0.0,-35060.05280217973,0.0,-35060.05280217973,-51018.862916281774,0.0,-51018.862916281774,-17178.266240026453,15240.757074085059,2.0,,4.903454680151225,34.99657014820689,4.927123220061947,True,False
2026-08-07,12,3290.0,38.0,3.0,2.0,10.0,-36502.5643113933,-0.00013882993610270773,-36502.56445022323,-58094.85100208293,878999.6399984108,820904.7889963279,-17726.954919609183,16937.816678801548,2.0,0.04513839602554997,4.608504282529802,64.99610465818998,4.629919001468618,True,True
2026-08-07,12,3295.0,16.0,0.0,2.0,0.0,-14008.59573038342,0.0,-14008.59573038342,-22000.31881167404,0.0,-22000.31881167404,-7078.76185170782,6776.241038525984,2.0,,4.271409188116055,34.99919387372445,4.27975180927837,True,False
2026-08-07,12,3300.0,15.0,3.0,10.0,10.0,-15648.386051455653,-0.0005322534211044199,-15648.386583709074,-26463.730745954766,878999.6399970204,852535.9092510656,-7237.715224114095,7211.200062953184,2.0,0.04621558046215577,3.991209434371941,64.99832033375263,4.0005881289882455,True,True
2026-08-07,12,3305.0,12.0,0.0,1.0,0.0,-10835.513871597343,0.0,-10835.513871597343,-17786.887973019366,0.0,-17786.887973019366,-5324.195107729019,5265.399592435636,2.0,,3.694151801910899,34.99969239133938,3.7004287400131175,True,False
2026-08-07,12,3310.0,6.0,0.0,1.0,0.0,-3638.463222642128,0.0,-3638.463222642128,-5412.216381202054,0.0,-5412.216381202054,-1790.2637531643334,1628.1456127190295,1.2000000000000002,,3.3970941694498595,35.0023845414961,3.4001246469485964,True,False
2026-08-07,12,3315.0,43.0,0.0,3.0,0.0,-34732.30011003615,0.0,-34732.30011003615,-56794.05695144666,0.0,-56794.05695144666,-17413.379835322543,17331.16374430667,2.0,,3.1906476350923065,34.996575064354175,3.2128914593205513,True,False
2026-08-14,19,2200.0,0.0,18.0,0.0,2.0,0.0,-6975.6420835430445,-6975.6420835430445,0.0,29001.08301805316,29001.08301805316,3863.9162294639573,-4860.725369908294,,0.46153846153846156,16.19177638095924,64.99874188761092,0.046782542562768537,True,False
2026-08-14,19,2205.0,0.0,2.0,0.0,2.0,0.0,-804.2185513350673,-804.2185513350673,0.0,3346.1026330253944,3346.1026330253944,441.8631696132644,-554.4457445863296,,0.5185185185185185,14.448658914123676,64.99543309312581,0.005199829330690713,True,False
2026-08-14,19,2210.0,0.0,1.0,0.0,1.0,0.0,-407.52088171969854,-407.52088171969854,0.0,1684.5871983797583,1684.5871983797583,223.66210010937777,-278.6332473190916,,0.5185185185185185,14.446551679284061,64.99105773974856,0.002600243114625025,True,False
2026-08-14,19,2250.0,0.0,2.0,0.0,2.0,0.0,-1028.0450688058993,-1028.0450688058993,0.0,4193.20520478552,4193.20520478552,545.7988389750361,-659.8806672615971,,0.42424242424242425,17.2769417424065,64.99631444469094,0.005213414144094614,True,False
2026-08-14,19,2260.0,0.0,2.0,0.0,2.0,0.0,-1076.068674619394,-1076.068674619394,0.0,4356.693603263224,4356.693603263224,569.4176354781035,-681.6186099528351,,0.47058823529411764,15.886567410855701,64.99644351900085,0.005216328864527791,True,False
2026-08-14,19,2285.0,0.0,1.0,0.0,1.0,0.0,-606.6835681921062,-606.6835681921062,0.0,2416.040759886376,2416.040759886376,319.3060405890076,-373.64490056698014,,0.37837837837837845,18.65075588348826,64.99372962605506,0.0026123309939492436,True,False
2026-08-14,19,2300.0,0.0,4.0,0.0,4.0,0.0,-2647.772283243525,-2647.772283243525,0.0,10504.361238627222,10504.361238627222,1392.7024451584393,-1616.8932439463408,,0.3999999999999999,18.008428939358467,64.99829092815465,0.010462739544968153,True,False
2026-08-14,19,2305.0,0.0,1.0,0.0,1.0,0.0,-680.8046400474225,-680.8046400474225,0.0,2697.0090781924896,2697.0090781924896,358.3062414831395,-414.8871965299932,,0.34146341463414637,19.758204795815224,64.99436803415294,0.002616829660782064,True,True
2026-08-14,19,2330.0,0.0,4.0,0.0,4.0,0.0,-3079.1439372655154,-3079.1439372655154,0.0,12031.731815429257,12031.731815429257,1615.478094625747,-1830.2605951921926,,0.31111111111111117,20.67509560602513,64.99842635328196,0.010488920997880161,True,True
2026-08-14,19,2350.0,0.0,35.0,0.0,5.0,0.0,-30260.05051811012,-30260.05051811012,0.0,117748.76673888677,117748.76673888677,15300.071084099323,-16916.087262403133,,0.31999999999999995,20.473753219386563,64.99665858187007,0.09197941189042798,True,True
2026-08-14,19,2360.0,0.0,3.0,0.0,3.0,0.0,-2731.3801510999333,-2731.3801510999333,0.0,10569.005983041554,10569.005983041554,1361.5043865358828,-1485.198096620493,,0.3076923076923076,20.775552473749617,64.99829078035403,0.007892304750177942,True,True
2026-08-14,19,2370.0,0.0,3.0,0.0,3.0,0.0,-2875.4957895996126,-2875.4957895996126,0.0,11058.251729459462,11058.251729459462,1414.1449950501938,-1521.8210857013646,,0.2962962962962964,21.117432815629954,64.9983382527372,0.007901051631824158,True,True
2026-08-14,19,2395.0,0.0,2.0,0.0,2.0,0.0,-2216.7635367736907,-2216.7635367736907,0.0,8442.721057990328,8442.721057990328,1049.7464016773467,-1096.3014607204607,,0.2295081967213114,23.11896856803989,64.99798808156297,0.00528556162134435,True,True
2026-08-14,19,2400.0,0.0,53.0,0.0,7.0,0.0,-60231.60966754459,-60231.60966754459,0.0,228479.31889683,228479.31889683,28371.862490554264,-29424.07976790263,,0.2580645161290322,22.36974796262868,64.99353693185707,0.14015765700855817,True,True
2026-08-14,19,2405.0,0.0,1.0,0.0,1.0,0.0,-1174.9659783898455,-1174.9659783898455,0.0,4455.654288404014,4455.654288404014,548.8584284200008,-566.5243525379376,,0.25000000000000006,22.502107234839613,64.99650944906472,0.0026468220390250888,True,True
2026-08-14,19,2435.0,0.0,3.0,0.0,3.0,0.0,-4207.098219054918,-4207.098219054918,0.0,15743.674427681413,15743.674427681413,1895.5581858975222,-1892.315652538666,,0.21621621621621617,23.51983521803236,64.99860044579992,0.007981871235938716,True,True
2026-08-14,19,2440.0,0.0,3.0,0.0,1.0,0.0,-4309.685117129687,-4309.685117129687,0.0,16047.522721727211,16047.522721727211,1934.9081522219385,-1917.7385273683403,,0.1866666666666666,24.40632170451885,64.99860758729808,0.007988097593225505,True,True
2026-08-14,19,2450.0,0.0,53.0,0.0,16.0,0.0,-80415.14753933698,-80415.14753933698,0.0,297370.0267435106,297370.0267435106,35795.54260304616,-35049.38691112551,,0.2051282051282051,23.957837292653497,64.99140837447791,0.14138266644406716,True,True
2026-08-14,19,2455.0,0.0,1.0,0.0,1.0,0.0,-1563.817813725228,-1563.817813725228,0.0,5771.275749606564,5771.275749606564,692.7712268184913,-674.9938756934198,,0.20000000000000007,24.002107234839613,64.99723527280473,0.0026704228155750988,True,True
2026-08-14,19,2460.0,0.0,1.0,0.0,1.0,0.0,-1611.2492765651975,-1611.2492765651975,0.0,5933.482243797016,5933.482243797016,710.6003471676905,-688.9472309172477,,0.19512195121951217,24.14844869825425,64.99730126293866,0.0026733015967822403,True,True
2026-08-14,19,2465.0,0.0,4.0,0.0,3.0,0.0,-6638.314566684611,-6638.314566684611,0.0,24389.58153908196,24389.58153908196,2915.535552852758,-2812.68655550052,,0.19047619047619047,24.29414322507275,64.99867992912861,0.010704939499260843,True,True
2026-08-14,19,2470.0,0.0,1.0,0.0,1.0,0.0,-1708.8236062224503,-1708.8236062224503,0.0,6263.036165220655,6263.036165220655,747.6307141636187,-717.6692504215522,,0.18604651162790706,24.4207118860024,64.99742387747816,0.0026792237237776594,True,True
2026-08-14,19,2475.0,0.0,20.0,0.0,20.0,0.0,-35368.651759404456,-35368.651759404456,0.0,129692.42963408901,129692.42963408901,15400.317525087345,-14744.59227371582,,0.20224719101123603,23.97472896645524,64.99612771029176,0.05365683202312086,True,True
2026-08-14,19,2480.0,0.0,2.0,0.0,2.0,0.0,-3638.9863409211202,-3638.9863409211202,0.0,13307.447290732487,13307.447290732487,1579.4471904588388,-1504.6264986879846,,0.19780219780219788,24.070148535613296,64.99848638642109,0.0053718812926301035,True,True
2026-08-14,19,2485.0,0.0,6.0,0.0,2.0,0.0,-11284.251197985746,-11284.251197985746,0.0,41270.68789785296,41270.68789785296,4878.435619183839,-4635.105853225646,,0.1702127659574468,24.90626043031429,64.99843801361655,0.016137936123337766,True,True
2026-08-14,19,2490.0,0.0,3.0,0.0,1.0,0.0,-5800.93242753302,-5800.93242753302,0.0,21153.24070889387,21153.24070889387,2501.289581225979,-2364.55422014541,,0.1666666666666666,25.006321704518847,64.99867478431541,0.008078606602970249,True,True
2026-08-14,19,2500.0,0.0,12.0,0.0,2.0,0.0,-24616.588167778886,-24616.588167778886,0.0,89462.71277149562,89462.71277149562,10557.272646914378,-9903.138845893276,,0.1782178217821783,25.219197209615963,64.99721771744794,0.5728452227341772,True,True
2026-08-14,19,2505.0,0.0,1.0,0.0,1.0,0.0,-2107.2920835974064,-2107.2920835974064,0.0,7633.3274398978265,7633.3274398978265,901.9747452349593,-841.7778584013967,,0.17475728155339795,25.58424805666694,64.99781136727034,0.8275626765971991,True,True
2026-08-14,19,2510.0,0.0,2.0,0.0,1.0,0.0,-4363.006006147688,-4363.006006147688,0.0,15839.013421133828,15839.013421133828,1852.7749422157106,-1722.5775879613782,,0.16822429906542047,26.066758989569227,64.9985896204671,1.1146893164284766,True,True
2026-08-14,19,2515.0,0.0,13.0,0.0,1.0,0.0,-29122.30393420649,-29122.30393420649,0.0,105339.68318342124,105339.68318342124,12278.759307262319,-11311.456952899242,,0.16513761467889915,26.466953327823983,64.9967644197072,1.4289368698856462,True,True
2026-08-14,19,2520.0,0.0,42.0,0.0,1.0,0.0,-97353.62483156359,-97353.62483156359,0.0,352664.7175131344,352664.7175131344,40583.76210477257,-37133.351064661845,,0.19469026548672574,25.9258978373614,64.98961718641955,1.7921820587813184,True,True
2026-08-14,19,2525.0,0.0,2.0,0.0,1.0,0.0,-4760.615856223322,-4760.615856223322,0.0,17175.311592330927,17175.311592330927,1970.9554488825877,-1786.6766866667613,,0.15652173913043485,27.27107845788883,64.99862106202735,1.9679561190295773,True,True
2026-08-14,19,2530.0,0.0,6.0,0.0,3.0,0.0,-14719.773710290778,-14719.773710290778,0.0,53015.207216434836,53015.207216434836,6040.7818261392395,-5431.644317902616,,0.1694915254237288,27.174828031871822,64.9981536272804,2.2632768355344517,True,True
2026-08-14,19,2535.0,0.0,3.0,0.0,1.0,0.0,-7611.159407839072,-7611.159407839072,0.0,27426.07233267707,27426.07233267707,3090.821164080698,-2759.960382059747,,0.1639344262295082,27.61963352660294,64.9986446863574,2.5395330845727444,True,True
2026-08-14,19,2540.0,0.0,10.0,0.0,1.0,0.0,-26229.057869622833,-26229.057869622833,0.0,94525.3079739051,94525.3079739051,10543.489980794755,-9349.475388922092,,0.15873015873015872,28.07492641888408,64.99705543097501,2.843105858044338,True,True
2026-08-14,19,2545.0,0.0,8.0,0.0,10.0,0.0,-21617.816152364194,-21617.816152364194,0.0,77707.97380305978,77707.97380305978,8619.779443079979,-7580.631140302693,,0.17054263565891467,28.000751864765515,64.9975108657077,3.1220891905991652,True,True
2026-08-14,19,2550.0,0.0,29.0,0.0,1.0,0.0,-80729.56796961566,-80729.56796961566,0.0,289384.56307147065,289384.56307147065,31935.60828093633,-27852.661378737586,,0.18181818181818185,27.991151635042776,64.99137358682236,3.4641768069958787,True,True
2026-08-14,19,2555.0,0.0,5.0,0.0,3.0,0.0,-14381.724386678865,-14381.724386678865,0.0,51513.78745008624,51513.78745008624,5635.980498976448,-4880.635985674605,,0.17647058823529413,28.38542002980197,64.99818128654077,3.6827519260081494,True,True
2026-08-14,19,2560.0,0.0,6.0,0.0,1.0,0.0,-17827.550553042754,-17827.550553042754,0.0,63788.52235175619,63788.52235175619,6922.90191317433,-5952.401730545948,,0.17142857142857132,28.82320199226662,64.99787132308141,3.9699507979098025,True,True
2026-08-14,19,2565.0,0.0,16.0,0.0,13.0,0.0,-49097.35818347108,-49097.35818347108,0.0,175437.6367995174,175437.6367995174,18897.64124524678,-16132.070029579838,,0.1666666666666667,29.271545706943265,64.99469969214123,4.282017987700364,True,True
2026-08-14,19,2570.0,0.0,35.0,0.0,5.0,0.0,-110893.73501856964,-110893.73501856964,0.0,395609.92593134026,395609.92593134026,42317.25959574498,-35864.05709440224,,0.16216216216216217,29.731132527454445,64.98818365952991,4.619117524872757,True,True
2026-08-14,19,2575.0,0.0,19.0,0.0,5.0,0.0,-62144.277220286065,-62144.277220286065,0.0,221281.13000891544,221281.13000891544,23516.569227716558,-19785.89822839416,,0.15789473684210517,30.109853753045645,64.99333164492555,4.859364825395102,True,True
2026-08-14,19,2580.0,0.0,12.0,0.0,1.0,0.0,-40709.97298440971,-40709.97298440971,0.0,145235.0359535402,145235.0359535402,15239.618699304261,-12761.9914505441,,0.12658227848101264,31.318891083424454,64.99557276646745,5.124449561263138,True,True
2026-08-14,19,2585.0,0.0,12.0,0.0,1.0,0.0,-42197.627122948106,-42197.627122948106,0.0,150768.16499563266,150768.16499563266,15633.255084709126,-13030.010160545713,,0.14634146341463428,31.01052975883915,64.99541854765775,5.408954075614071,True,True
2026-08-14,19,2590.0,0.0,21.0,0.0,2.0,0.0,-76159.28715212976,-76159.28715212976,0.0,271374.05962897046,271374.05962897046,28001.795687034464,-23167.144418292548,,0.14285714285714288,31.418438712543782,64.99185557277352,5.7186091340837315,True,True
2026-08-14,19,2595.0,0.0,38.0,0.0,36.0,0.0,-142105.87866964447,-142105.87866964447,0.0,504884.4148147636,504884.4148147636,51861.56787786258,-42589.49043943828,,0.13953488372093015,31.83834370232698,64.98487671126361,6.050809543789375,True,True
2026-08-14,19,2600.0,0.0,234.0,0.0,21.0,0.0,-909512.3330388967,-909512.3330388967,0.0,3245384.163467097,3245384.163467097,328039.67261131253,-268811.9527673495,,0.13333333333333325,32.72182246594297,64.90339278566587,6.886600158966763,True,True
2026-08-14,19,2605.0,0.0,180.0,0.0,162.0,0.0,-720960.0158355281,-720960.0158355281,0.0,2563874.0691673933,2563874.0691673933,258210.47361937264,-210007.61530313556,,0.1304347826086958,32.979402529766176,64.92341838023977,7.020492984035213,True,True
2026-08-14,19,2610.0,0.0,211.0,0.0,2.0,0.0,-877040.397552803,-877040.397552803,0.0,3130147.865416713,3130147.865416713,310650.2898613197,-252102.4887258605,,0.12499999999999993,33.4921845114785,64.90684157714908,7.394221057876939,True,True
2026-08-14,19,2615.0,0.0,706.0,0.0,360.0,0.0,-3032408.380758921,-3032408.380758921,0.0,10819405.769568339,10819405.769568339,1064744.6850126125,-859847.9583351789,,0.14141414141414146,34.32725573808752,64.67791555863452,9.0843291731087,True,True
2026-08-14,19,2620.0,0.0,308.0,0.0,5.0,0.0,-1366392.2580914178,-1366392.2580914178,0.0,4872552.916261394,4872552.916261394,475674.69114866614,-382245.65110334795,,0.11764705882352952,34.48600297306205,64.85486746088213,8.242574376050934,True,True
2026-08-14,19,2625.0,0.0,824.0,0.0,50.0,0.0,-3784883.284790347,-3784883.284790347,0.0,13532236.111454034,13532236.111454034,1304099.8521504116,-1045566.0204438764,,0.11320754716981125,35.99093572333881,64.59799275713883,10.00273804237128,True,True
2026-08-14,19,2630.0,0.0,507.0,0.0,6.0,0.0,-2409157.27859523,-2409157.27859523,0.0,8633366.110793052,8633366.110793052,821732.6232736595,-657303.0980816722,,0.10909090909090903,35.730855644970944,64.74411295993175,9.387218215889222,True,True
2026-08-14,19,2635.0,0.0,203.0,0.0,51.0,0.0,-994673.3500006619,-994673.3500006619,0.0,3560014.0378133613,3560014.0378133613,336492.573160042,-267809.3869873381,,0.12389380530973454,34.93058359058625,64.89434793471625,8.802827655904501,True,True
2026-08-14,19,2640.0,0.0,618.0,0.0,1.0,0.0,-3136389.6057603015,-3136389.6057603015,0.0,11280388.45592523,11280388.45592523,1046962.389957198,-827789.0534638517,,0.10169491525423738,36.75546697411516,64.6668713935362,10.286066460224298,True,True
2026-08-14,19,2645.0,0.0,428.0,0.0,3.0,0.0,-2244155.3628425593,-2244155.3628425593,0.0,8080711.283154146,8080711.283154146,740558.8887593157,-580101.238686816,,0.09836065573770501,36.73953436350743,64.76163829098749,10.026981112743941,True,True
2026-08-14,19,2650.0,3.0,465.0,1.0,7.0,-18537.484478142265,-2518835.762708163,-2537373.247186305,-795006.5583948917,9076215.167772274,8281208.609377382,826941.4404271898,-642329.3693775391,0.03846153846153858,0.09523809523809519,38.05356314715207,64.73049460457767,10.432212124019637,True,True
2026-08-14,19,2655.0,0.0,299.0,0.0,5.0,0.0,-1676489.2000271888,-1676489.2000271888,0.0,6060373.806088785,6060373.806088785,539721.1181455677,-415536.9677366454,,0.1068702290076336,36.781242317945804,64.82193154718583,10.229115223675489,True,True
2026-08-14,19,2660.0,0.0,331.0,0.0,4.0,0.0,-1916918.638479905,-1916918.638479905,0.0,6928196.25886096,6928196.25886096,610150.9311453184,-465295.1184836442,,0.1037037037037036,37.22808381535476,64.79639497750819,10.610538245737807,True,True
2026-08-14,19,2665.0,0.0,367.0,0.0,21.0,0.0,-2203045.94893205,-2203045.94893205,0.0,8002089.1435740935,8002089.1435740935,690827.8543372687,-523449.47498560033,,0.09929078014184399,37.720746199860066,64.76600465219346,11.005036868315601,True,True
2026-08-14,19,2670.0,0.0,505.0,0.0,20.0,0.0,-3135489.3050511037,-3135489.3050511037,0.0,11407796.395455915,11407796.395455915,970442.9978774128,-729393.1040915202,,0.08219178082191776,38.808928810748206,64.66696703257993,11.701464613297228,True,True
2026-08-14,19,2675.0,0.0,314.0,0.0,30.0,0.0,-2016053.546733295,-2016053.546733295,0.0,7343724.013715922,7343724.013715922,615868.2842724036,-459128.55058926105,,0.09271523178807949,38.37515765082004,64.78586562307792,11.426014102747851,True,True
2026-08-14,19,2680.0,0.0,270.0,0.0,1.0,0.0,-1794862.0505416654,-1794862.0505416654,0.0,6559815.9604310915,6559815.9604310915,540253.449870015,-400107.0660651639,,0.0891719745222929,38.67315125927389,64.8093589273112,11.583681034485137,True,True
2026-08-14,19,2685.0,0.0,126.0,0.0,22.0,0.0,-866864.6816433084,-866864.6816433084,0.0,3177104.581676682,3177104.581676682,257097.15985287208,-189138.73427904313,,0.08588957055214726,38.75259578489689,64.90792244754259,11.440898523358555,True,True
2026-08-14,19,2690.0,0.0,333.0,0.0,31.0,0.0,-2370093.669675588,-2370093.669675588,0.0,8706727.805294203,8706727.805294203,692581.3844505755,-506092.1511545644,,0.08284023668639066,39.564687636093446,64.74826206167266,12.349679380829247,True,True
2026-08-14,19,2695.0,0.0,338.0,0.0,3.0,0.0,-2493251.432048036,-2493251.432048036,0.0,9220123.833530031,9220123.833530031,715488.7357648263,-521002.27511153097,,0.07909604519774004,39.971963778374395,64.73518112649839,12.654446025411112,True,True
2026-08-14,19,2700.0,45.0,349.0,2.0,22.0,-362389.02453016135,-2660748.532420068,-3023137.556950229,-11538124.644946637,9852930.87904365,-1685193.7659029868,841168.2163258394,-618580.380808626,0.05286343612334809,0.07650273224043708,40.806771983291654,34.67891053378721,13.11524940710909,True,True
2026-08-14,19,2705.0,0.0,197.0,0.0,2.0,0.0,-1554473.1704681267,-1554473.1704681267,0.0,5788212.909531012,5788212.909531012,431451.23758952867,-310893.1688489601,,0.07329842931937183,40.41760058918627,64.83489119434203,12.80314993540743,True,True
2026-08-14,19,2710.0,0.0,308.0,0.0,14.0,0.0,-2509721.3971964424,-2509721.3971964424,0.0,9350235.934646396,9350235.934646396,685921.1849513534,-490805.7422143842,,0.07106598984771567,41.002891063956675,64.73343181460676,13.431423037960116,True,True
2026-08-14,19,2715.0,0.0,120.0,0.0,3.0,0.0,-1010784.4884072933,-1010784.4884072933,0.0,3783103.252184188,3783103.252184188,271108.00490495394,-193259.34060773233,,0.0682926829268292,40.97434434515881,64.89263696093883,13.140665804342042,True,True
2026-08-14,19,2720.0,0.0,271.0,0.0,19.0,0.0,-2358048.7965749144,-2358048.7965749144,0.0,8862076.57010788,8862076.57010788,620489.1612766086,-440617.4718112458,,0.06572769953051637,41.653900531253555,64.7495414213818,13.895752102533567,True,True
2026-08-14,19,2725.0,0.0,74.0,0.0,20.0,0.0,-664721.7960176338,-664721.7960176338,0.0,2507455.4174334877,2507455.4174334877,171534.66085121717,-121331.40093226172,,0.06334841628959285,41.59456798850025,64.92939151320478,13.570017071803736,True,True
2026-08-14,19,2730.0,0.0,80.0,0.0,41.0,0.0,-741922.5974857701,-741922.5974857701,0.0,2819544.371074116,2819544.371074116,187271.2683880315,-132199.40454210763,,0.0606060606060607,41.97389629146726,64.92119239918448,13.874569937101318,True,True
2026-08-14,19,2735.0,0.0,86.0,0.0,10.0,0.0,-822599.0982063727,-822599.0982063727,0.0,3134841.076956319,3134841.076956319,204565.5808309399,-142698.07056857544,,0.058577405857740676,42.3318135663779,64.91262399150878,14.179333754730761,True,True
2026-08-14,19,2740.0,0.0,118.0,0.0,129.0,0.0,-1164832.3744195735,-1164832.3744195735,0.0,4466550.123931944,4466550.123931944,284604.8222326132,-196587.51243037812,,0.05622489959839366,42.75423449244936,64.87627558485082,14.566935607413347,True,True
2026-08-14,19,2745.0,0.0,68.0,0.0,87.0,0.0,-692710.508699,-692710.508699,0.0,2670856.555508636,2670856.555508636,166201.93502834174,-113662.06322991499,,0.05405405405405414,42.99841234022209,64.92641909684787,14.69391964277289,True,True
2026-08-14,19,2750.0,0.0,173.0,0.0,119.0,0.0,-1818539.467872184,-1818539.467872184,0.0,7045898.291970443,7045898.291970443,428214.09514632,-289894.5906893997,,0.052044609665427594,43.56436955346392,64.80684422098417,15.31709283050288,True,True
2026-08-14,19,2755.0,0.0,100.0,0.0,83.0,0.0,-1084848.480774523,-1084848.480774523,0.0,4236497.35413078,4236497.35413078,249963.71001961973,-167871.17327357942,,0.04982206405693958,43.76163200184994,64.884770780938,15.368964609239663,True,True
2026-08-14,19,2760.0,0.0,85.0,0.0,24.0,0.0,-951330.4882583336,-951330.4882583336,0.0,3728589.9642951037,3728589.9642951037,214836.8913732627,-142780.51828529863,,0.048109965635738904,44.065800655315066,64.89895172722557,15.606642520453825,True,True
2026-08-14,19,2765.0,0.0,130.0,0.0,42.0,0.0,-1500978.574448535,-1500978.574448535,0.0,5921490.280374376,5921490.280374376,331183.7239758721,-218278.43495224242,,0.04620462046204616,44.5022008017319,64.84057310707246,16.040314722898824,True,True
2026-08-14,19,2770.0,0.0,39.0,0.0,56.0,0.0,-464419.2860179046,-464419.2860179046,0.0,1843015.57883921,1843015.57883921,100033.36443450981,-65372.19925359565,,0.044444444444444516,44.64766193527825,64.95066421012602,16.027445199722482,True,True
2026-08-14,19,2775.0,0.0,39.0,0.0,60.0,0.0,-478824.6429946142,-478824.6429946142,0.0,1913416.1397834637,1913416.1397834637,100466.34208568363,-65162.352197399734,,0.03658536585365841,45.16784851642518,64.94913446454525,16.312733734593625,True,True
2026-08-14,19,2780.0,0.0,159.0,0.0,165.0,0.0,-2011704.8131270031,-2011704.8131270031,0.0,8102771.656606126,8102771.656606126,410238.5669931363,-264337.5675412334,,0.04678362573099419,45.399183124282374,64.78632770913501,16.999244921295855,True,True
2026-08-14,19,2785.0,0.0,85.0,0.0,66.0,0.0,-1107805.264936631,-1107805.264936631,0.0,4494528.235334693,4494528.235334693,219307.79139459642,-140355.94141045184,,0.04494382022471915,45.58285613476238,64.88233266118252,17.03821063849614,True,True
2026-08-14,19,2790.0,2.0,118.0,2.0,218.0,-26441.01799137433,-1583555.251867851,-1609996.2698592253,-469795.44540084666,6467582.153529842,5997786.708128996,308718.396226974,-196373.48569245797,0.05045045045045032,0.04324324324324309,45.88393277890845,64.82899397581453,17.443247412377914,True,True
2026-08-14,19,2795.0,4.0,83.0,2.0,23.0,-54256.433690263075,-1146134.168447973,-1200390.6021382362,-931473.8547685401,4716745.431497917,3785271.5767293763,222178.85106114607,-140698.8069730717,0.05481983369263939,0.036363636363636515,46.136461607185744,64.87249821252648,17.617809431451224,True,True
2026-08-14,19,2800.0,4.0,119.0,2.0,217.0,-55457.46990241074,-1689486.131946336,-1744943.6018487466,-921486.548230558,7012127.752110168,6090641.203879611,311645.09521346353,-196208.32055901384,0.061790668348045474,0.03491271820448875,46.413937537391384,64.8146607700352,18.02799281205956,True,True
2026-08-14,19,2805.0,0.0,65.0,0.0,38.0,0.0,-948290.7763518175,-948290.7763518175,0.0,3967072.89643062,3967072.89643062,163382.69615293326,-102093.2486989381,,0.033573141486810516,47.0194886938007,64.8992748278574,18.114675855559064,True,True
2026-08-14,19,2810.0,0.0,148.0,0.0,140.0,0.0,-2217011.081691213,-2217011.081691213,0.0,9356256.893222565,9356256.893222565,370066.4070109826,-228653.47432812335,,0.036866359447004636,47.38000687010635,64.76452163627037,18.689860414890592,True,True
2026-08-14,19,2815.0,1.0,21.0,3.0,56.0,-15239.153606689828,-322890.7708032595,-338129.92440994934,-226363.0031030056,1375685.2006205383,1149322.1975175326,54735.58181323544,-33377.733713690504,0.01665510062456631,0.0353982300884956,47.72410032645229,64.96407294737551,18.5357246106935,True,True
2026-08-14,19,2820.0,1.0,35.0,1.0,284.0,-15638.084467159322,-552440.3837347183,-568078.4682018777,-224065.86504252005,2374573.0699724113,2150507.204929891,89093.10630316478,-53535.63944919843,0.01714285714285698,0.03404255319148924,48.051034643310985,64.93965535743837,18.870152344166648,True,True
2026-08-14,19,2825.0,2.0,55.0,1.0,92.0,-32082.39341408965,-891277.18695428,-923359.5803683697,-443335.9766107087,3862509.811859927,3419173.8352492186,139924.99032599697,-82842.56508576557,0.016917984553144413,0.03278688524590167,48.401908906395775,64.90192225439934,19.230215513870277,True,True
2026-08-14,19,2830.0,1.0,80.0,1.0,821.0,-16473.77427985313,-1328990.5250108377,-1345464.2992906908,-219333.31909042597,5825868.041018568,5606534.721928142,196087.10819087015,-114556.83109042255,0.016691957511381007,0.035363457760314285,48.70163858388017,64.8570906980507,19.60206096949747,True,True
2026-08-14,19,2835.0,0.0,46.0,0.0,218.0,0.0,-783799.7044887559,-783799.7044887559,0.0,3468573.3031872897,3468573.3031872897,109629.48683119097,-63113.55899430241,,0.03402646502835534,48.67233686614172,64.91674547574526,19.76224298248956,True,True
2026-08-14,19,2840.0,31.0,74.0,3.0,7165.0,-536046.2373692746,-1291793.020349839,-1827839.2577191135,-6635843.741853783,5781538.834155386,-854304.9076983966,242953.8534564653,-138584.33867842323,0.01855586930213794,0.03266787658802173,49.333515707600675,34.80587614370107,20.2619786599702,True,True
2026-08-14,19,2845.0,0.0,36.0,0.0,281.0,0.0,-643793.0284294992,-643793.0284294992,0.0,2911995.210574771,2911995.210574771,81800.59035069664,-45792.68362850888,,0.0314136125654451,49.298478538479564,64.93161526431098,20.296818842493224,True,True
2026-08-14,19,2850.0,31.0,141.0,3.0,6850.0,-562228.6120001725,-2584592.2938958905,-3146820.905896063,-6466387.9468890745,11792830.654210456,5326442.707321381,378233.32008890173,-208827.63213337402,0.018080068876452936,0.026936026936026956,50.13664363986684,64.66576196104756,21.083419831262272,True,True
2026-08-14,19,2855.0,0.0,2.0,0.0,71.0,0.0,-37477.825952462874,-37477.825952462874,0.0,173206.0480869224,173206.0480869224,4251.524186973116,-2307.805139798296,,0.0290791599353796,49.86569457968127,64.9959327430827,20.741280586766305,True,True
2026-08-14,19,2860.0,0.0,37.0,0.0,292.0,0.0,-709129.9904189225,-709129.9904189225,0.0,3313299.914061232,3313299.914061232,75407.04502616312,-40246.92686641474,,0.027993779160186694,50.256423445746954,64.9246762133115,21.156602550524713,True,True
2026-08-14,19,2865.0,0.0,38.0,0.0,6.0,0.0,-744241.6489755431,-744241.6489755431,0.0,3517277.464861109,3517277.464861109,73703.02130179963,-38632.46716666347,,0.029940119760479042,50.48455468600115,64.92094713968906,21.445723332435787,True,True
2026-08-14,19,2870.0,0.0,76.0,0.0,21.0,0.0,-1519674.0857890819,-1519674.0857890819,0.0,7267811.667694806,7267811.667694806,139131.4336159225,-71494.02539419968,,0.02881844380403458,50.882694112023245,64.83858785848776,21.875070611280524,True,True
2026-08-14,19,2875.0,0.0,28.0,0.0,6.0,0.0,-571082.1894871555,-571082.1894871555,0.0,2765125.8644269006,2765125.8644269006,48386.88637719731,-24200.779697464717,,0.024965325936199684,51.18155459918007,64.93933787173306,21.978287034176013,True,True
2026-08-14,19,2880.0,0.0,25.0,0.0,15.0,0.0,-519789.08096664917,-519789.08096664917,0.0,2549506.5694837924,2549506.5694837924,40881.296499751785,-19708.689915326526,,0.024032042723631467,51.487645614461606,64.94478543940826,22.251861571877864,True,True
2026-08-14,19,2885.0,0.0,27.0,0.0,2.0,0.0,-571950.6910750847,-571950.6910750847,0.0,2843439.500090915,2843439.500090915,41320.35986080206,-19097.163773909815,,0.02570694087403599,51.726027363052054,64.93924577444662,22.544592684170237,True,True
2026-08-14,19,2890.0,0.0,45.0,0.0,6.0,0.0,-970642.7552897807,-970642.7552897807,0.0,4893579.512665197,4893579.512665197,63605.6961359387,-27957.20522305646,,0.024752475247524754,52.07700578238382,64.8969014592658,22.89956408848797,True,True
2026-08-14,19,2895.0,0.0,7.0,0.0,3.0,0.0,-153524.51870448983,-153524.51870448983,0.0,786093.1695459137,786093.1695459137,8976.131362425944,-3709.158285306704,,0.023809523809523808,52.30963362504178,64.98367452426021,23.03651519964997,True,True
2026-08-14,19,2900.0,5.0,81.0,5.0,17.0,-110283.65221106399,-1806550.1704886132,-1916833.8226996772,-884009.1175289031,9389024.814709753,8505015.69718085,98077.11910938338,-37337.08695873055,0.01750000000000007,0.02293577981651376,52.86826841783281,64.7964043874992,23.63141605642953,True,True
2026-08-14,19,2905.0,0.0,9.0,0.0,7.0,0.0,-204148.3004462191,-204148.3004462191,0.0,1076328.4147142256,1076328.4147142256,8935.283158565173,-3018.277668370957,,0.022123893805309734,52.93324544169413,64.97830273484772,23.61356719918887,True,True
2026-08-14,19,2910.0,0.0,16.0,0.0,11.0,0.0,-368542.7821137332,-368542.7821137332,0.0,1973832.7986160293,1973832.7986160293,13298.396173296982,-3710.3810078042043,,0.021321961620469083,53.256468274540005,64.96084813956458,23.9259876628443,True,True
2026-08-14,19,2915.0,1.0,59.0,1.0,6.0,-23017.517839849876,-1377781.5505712142,-1400799.068411064,-165590.31732027396,7505599.266469245,7340008.949148971,39508.60207491731,-7488.153360633346,0.017069701280227632,0.02053388090349076,53.70920594676476,64.85121402406608,24.386375533957285,True,True
2026-08-14,19,2920.0,21.0,124.0,1.0,3.0,-489642.2882037142,-2930750.6664035725,-3420392.9546072865,-3396744.1173913674,16258884.83851899,12862140.721127622,68965.43620464567,-2144.3889767546852,0.01638123603871941,0.019762845849802372,54.19462763598341,64.63670653483372,25.012284252989485,True,True
2026-08-14,19,2925.0,2.0,15.0,2.0,1.0,-47198.18537550545,-359127.2216541432,-406325.40702964866,-315738.6196120323,2025741.4442512128,1710002.8246391804,4960.685651735566,1638.304886067433,0.01717408274785315,0.020972354623450932,54.17928046769417,64.9568339379182,24.78409900188287,True,True
2026-08-14,19,2930.0,34.0,13.0,17.0,3.0,-810697.7363238973,-314734.3408653462,-1125432.0771892434,-5234549.429715079,1807216.3463993217,-3427333.0833157576,4594.304398989338,9796.903447464134,0.018018018018018042,0.01838235294117647,54.552966213660426,34.88046816771001,25.18928708033038,True,True
2026-08-14,19,2935.0,5.0,39.0,5.0,40.0,-120456.7569468347,-953955.2097442426,-1074411.9666910772,-749901.3841752291,5579116.7766406275,4829215.392465399,-3933.506715243116,14269.279456321432,0.01894918173987944,0.01773049645390071,54.258040677199446,64.88587971538824,24.89404974038938,True,True
2026-08-14,19,2940.0,5.0,44.0,1.0,10.0,-121495.7156411631,-1085462.725386517,-1206958.44102768,-729484.6761919756,6476797.677146249,5747313.000954274,-14301.497370492016,21668.554074241056,0.019945602901178628,0.017094017094017096,53.97876350095295,64.87180197142982,24.630557771858186,True,True
2026-08-14,19,2945.0,4.0,36.0,1.0,1.0,-97947.80956742378,-894892.4393260528,-992840.2488934766,-566864.5640718943,5451998.381619663,4885133.817547768,-20141.574821299087,22478.008156271913,0.019120458891013385,0.018136850783182213,53.67211881878807,64.89454377793643,24.309968383981108,True,True
2026-08-14,19,2950.0,50.0,145.0,6.0,6.0,-1231605.2312022636,-3625375.001761981,-4856980.232964245,-6872971.050106637,22585989.2726289,15713018.222522262,-140188.90576839802,132786.7505064187,0.022199798183652905,0.019077901430842654,53.654020146400704,64.48412161894734,24.65928625115213,True,True
2026-08-14,19,2955.0,7.0,11.0,4.0,9.0,-173132.7550873211,-276614.4574209848,-449747.2125083059,-932035.3216742713,1761942.6025675032,829907.280893232,-16884.663317456947,14395.183688421545,0.021321961620469083,0.016884113584036967,53.04269972251517,64.95221264863099,23.651516519702685,True,True
2026-08-14,19,2960.0,52.0,91.0,19.0,5.0,-1292484.3867830215,-2295231.2205092837,-3587715.607292305,-6694488.116867553,14979890.463226326,8285402.346358772,-166207.13244863722,131360.4530451125,0.02262443438914027,0.016284233900814127,53.0111509577621,64.61893394689335,23.879495218395398,True,True
2026-08-14,19,2965.0,2.0,61.0,13.0,1.0,-49776.855740850246,-1543089.1013572686,-1592865.957098119,-248699.2441375263,10316321.558526283,10067622.314388758,-88121.64122757729,65495.650410814065,0.023980815347721823,0.018584703359542494,52.50330519090982,64.83081445924907,23.267965859745583,True,True
2026-08-14,19,2970.0,9.0,25.0,4.0,5.0,-224278.94506509046,-631955.4078404008,-856234.3529054913,-1079160.4542608839,4339330.067905553,3260169.613644669,-54599.07469551088,39042.3397285459,0.02551020408163265,0.01791867677463814,52.14483072490251,64.9090516534741,22.864153122240015,True,True
2026-08-14,19,2975.0,24.0,30.0,2.0,1.0,-597737.2261570493,-757753.4094994211,-1355490.6356564704,-2771482.68645901,5341852.951039405,2570370.2645803946,-97720.42611900071,67717.4237710321,0.027173913043478264,0.01996007984031936,51.84698451785859,64.85602260434051,22.66155069200618,True,True
2026-08-14,19,2980.0,26.0,33.0,9.0,8.0,-646003.6326189816,-832070.0425912049,-1478073.6752101865,-2888316.4013299635,6024151.555328718,3135835.153998755,-119185.76544680994,80210.7826167641,0.028985507246376812,0.017994858611825267,51.57541087401726,64.84300366894438,22.397454007805372,True,True
2026-08-14,19,2985.0,3.0,7.0,5.0,5.0,-74195.97360392785,-175463.79759293585,-249659.7711968637,-320076.0102408062,1308875.5410591522,988799.530818346,-22714.974433180734,14739.06408904702,0.030959752321981317,0.02107873527588348,51.11187031735779,64.9734675633941,21.91228309924873,True,True
2026-08-14,19,2990.0,11.0,53.0,3.0,10.0,-270115.78703878226,-1320756.9114545395,-1590872.698493322,-1124839.6748111818,10154231.047087315,9029391.372276133,-161655.12270353409,101419.62122530563,0.033112582781456956,0.022768124625524334,50.88361347813696,64.83102599913353,21.848349274048033,True,True
2026-08-14,19,2995.0,72.0,9.0,4.0,4.0,-1752534.5347147335,-222388.26493742343,-1974922.799652157,-7038864.335070498,1766027.5684422636,-5272836.766628235,-218395.00606222296,135188.91600836223,0.031971580817051586,0.022003474232773497,50.66360703234443,34.79023915572342,21.631028050373207,True,True
2026-08-14,19,3000.0,47.0,29.0,8.0,5.0,-1131191.5652343058,-708144.6971865739,-1839336.2624208797,-4383974.730666404,5823146.100726552,1439171.3700601486,-223032.77742763108,134263.8252930186,0.03816793893129771,0.022371364653243846,50.27019290670225,64.80462702450458,21.325507060018538,True,True
2026-08-14,19,3005.0,8.0,7.0,7.0,4.0,-189931.02237825227,-168641.38673380172,-358572.409112054,-710645.476774688,1437753.4262002276,727107.9494255396,-47108.0105729687,27766.982978235086,0.03696098562628345,0.023783783783783662,49.85415537067945,64.96189409869804,20.794114040337526,True,True
2026-08-14,19,3010.0,25.0,21.0,27.0,4.0,-584590.3562051601,-497962.29607435415,-1082552.6522795144,-2109672.3122208444,4408380.513835146,2298708.2016143017,-152642.97634356562,88511.76597336275,0.03991130820399107,0.022988505747126468,49.60273975916844,64.88501164443952,20.63348149418828,True,True
2026-08-14,19,3015.0,9.0,9.0,1.0,2.0,-206674.39852287376,-209430.7846565247,-416105.1831793984,-720983.2690336319,1928493.9345166765,1207510.6654830445,-62495.73405008671,35766.41590345743,0.04784688995215311,0.023220595658758173,49.136807885338946,64.95579154221363,20.236503986316006,True,True
2026-08-14,19,3020.0,71.0,2.0,62.0,1.0,-1599075.6723385737,-45643.2002151777,-1644718.8725537513,-5387708.634881177,437315.54788919335,-4950393.0869919835,-259230.60580864982,148253.1761193801,0.05181347150259067,0.023437499999999917,48.90553928971929,34.82531149365904,20.1683116291881,True,True
2026-08-14,19,3025.0,11.0,4.0,8.0,6.0,-242335.6487343298,-89351.1726251941,-331686.8213595239,-790720.22919523,892078.3232510305,101358.09405580058,-55796.31945513164,31285.471423300212,0.050420168067227,0.02079395085066165,48.55945823436875,64.96462235510427,19.654825366384156,True,True
2026-08-14,19,3030.0,330.0,6.0,302.0,5.0,-7101416.217156842,-130578.52984552851,-7231994.747002371,-22341315.5851368,1363526.3488893865,-20977789.236247413,-1294677.2464112595,715014.5656039283,0.055045871559633044,0.02103337905807039,48.87848941896492,34.23186441242334,20.615953409656246,True,True
2026-08-14,19,3035.0,27.0,0.0,11.0,0.0,-564873.366393799,0.0,-564873.366393799,-1721944.4556038238,0.0,-1721944.4556038238,-107443.90280803254,58363.90952044043,0.059800664451827266,,47.29010845581096,34.94001146905923,19.131055936699525,True,True
2026-08-14,19,3040.0,94.0,6.0,31.0,4.0,-1906687.8412023224,-122632.06269843967,-2029319.903900762,-5627941.768070811,1413293.5681576189,-4214648.199913193,-409310.2786872994,218512.40335480703,0.05797101449275354,0.02056555269922884,47.77549380135466,34.784462156906216,19.123536265605527,True,True
2026-08-14,19,3045.0,2.0,0.0,15.0,0.0,-39216.813704841836,0.0,-39216.813704841836,-112238.45873995722,0.0,-112238.45873995722,-8308.470759116382,4391.916099368343,0.07114624505928857,,46.328231719750036,34.99596828330432,18.46593582579512,True,True
2026-08-14,19,3050.0,18.0,4.0,141.0,2.0,-340400.38436579535,-75732.75003424857,-416133.1344000439,-943875.0049427853,994151.4055032759,50276.40056049067,-94034.84866724514,48304.92183997,0.07792207792207795,0.08901592486729282,45.7162795030571,64.95550265087388,18.255908155803514,True,True
2026-08-14,19,3055.0,7.0,3.0,16.0,3.0,-127388.5368734236,-54245.85870546874,-181634.39557889232,-342769.7719591577,754437.0390524594,411667.2670933017,-43278.92735215727,21820.461191213013,0.08530805687203795,0.09072978303747535,45.27008090475623,64.98067151721031,17.92635527359232,True,True
2026-08-14,19,3060.0,52.0,2.0,143.0,1.0,-909060.0821055304,-34200.16020060306,-943260.2423061335,-2371841.465546059,511473.828192863,-1860367.637353196,-228337.3505396252,117497.01276164131,0.08333333333333341,0.08649062380405673,45.171593255857836,34.89982098310414,17.80148919088778,True,True
2026-08-14,19,3065.0,33.0,0.0,17.0,0.0,-553282.5921972124,0.0,-553282.5921972124,-1398671.1330684354,0.0,-1398671.1330684354,-138821.89673678548,71195.11166644278,0.09195402298850563,,44.63166576820824,34.94124458046259,17.439320167065365,True,True
2026-08-14,19,3070.0,23.0,0.0,28.0,0.0,-368590.5963537767,0.0,-368590.5963537767,-905351.7948629023,0.0,-905351.7948629023,-96817.46239783616,48817.2723088309,0.10126582278481021,,44.04682520249958,34.960867228592264,17.117941248609036,True,True
2026-08-14,19,3075.0,18.0,1.0,29.0,1.0,-274602.0547949088,-13725.7370018142,-288327.791796723,-655518.3514154584,267524.1890127327,-387994.16240272566,-79694.69096870921,39282.069572036424,0.09790209790209792,0.06365862189576772,44.368545926294104,34.969414323328586,16.818353558142068,True,True
2026-08-14,19,3080.0,17.0,0.0,8.0,0.0,-245959.1368663042,0.0,-245959.1368663042,-570699.9708755228,0.0,-570699.9708755228,-70249.25358729105,34482.54091295988,0.10852713178294578,,43.24751407667114,34.97390207450408,16.526216814516424,True,True
2026-08-14,19,3085.0,47.0,0.0,15.0,0.0,-642753.3062213951,0.0,-642753.3062213951,-1449664.219999171,0.0,-1449664.219999171,-190822.06350118248,92753.41161489952,0.13793103448275856,,42.144199817441894,34.93174119528703,16.343150693098156,True,True
2026-08-14,19,3090.0,34.0,0.0,46.0,0.0,-439133.9390176047,0.0,-439133.9390176047,-966585.8320345946,0.0,-966585.8320345946,-134960.32947117588,65274.638454627915,0.1333333333333332,,41.970322575586295,34.95337351558031,16.012896478595735,True,True
2026-08-14,19,3095.0,24.0,3.0,49.0,1.0,-292354.9851031872,-24297.416893431546,-316652.4019966188,-628431.6338244372,845686.8505366141,217255.21671217692,-103054.52259318515,48522.182064823755,0.14736842105263143,0.05803432137285498,42.590116571903344,64.96629816091871,15.703019857996372,True,True
2026-08-14,19,3100.0,75.0,1.0,69.0,1.0,-858815.3046531278,-7436.144397682802,-866251.4490508107,-1795940.9622971467,282944.47253670945,-1512996.4897604373,-285310.7474921186,136938.1359622588,0.16470588235294112,0.04603270745003024,42.328919144958896,34.90800221656566,15.57816267423185,True,True
2026-08-14,19,3105.0,34.0,0.0,22.0,0.0,-366861.9320348044,0.0,-366861.9320348044,-750594.8202067411,0.0,-750594.8202067411,-124052.57883363203,59491.825027935425,0.18181818181818185,,39.662534450770806,34.96105425227512,15.155267367700695,True,True
2026-08-14,19,3110.0,72.0,1.0,39.0,1.0,-727753.1958741439,-3.8651959939794707e-05,-727753.1959127958,-1452949.4182583662,292999.87999985024,-1159949.538258516,-253381.96257846235,119716.03858476614,0.20289855072463758,0.05190311418685121,41.092822866965605,34.92271563413429,14.993201756738648,True,True
2026-08-14,19,3115.0,26.0,0.0,9.0,0.0,-244859.89501395592,0.0,-244859.89501395592,-476950.63738265506,0.0,-476950.63738265506,-87833.92208498927,40967.23473659348,0.21138211382113817,,38.1899301651185,34.97402399521727,14.55843011695997,True,True
2026-08-14,19,3120.0,25.0,0.0,37.0,0.0,-219631.7532894488,0.0,-219631.7532894488,-419821.6093450497,0.0,-419821.6093450497,-80962.76311213477,37511.81039874492,0.23423423423423417,,37.21784509446265,34.97670784698547,14.269909200218834,True,True
2026-08-14,19,3125.0,24.0,0.0,7.0,0.0,-195488.4093979859,0.0,-195488.4093979859,-365582.038626919,0.0,-365582.038626919,-74267.8048656941,34182.45201446725,0.26262626262626265,,36.079562784438835,34.97927749978154,13.98145412364851,True,True
2026-08-14,19,3130.0,199.0,0.0,52.0,0.0,-1505128.101683932,0.0,-1505128.101683932,-2763247.765965492,0.0,-2763247.765965492,-588655.5841674062,270281.74761123833,0.24719101123595508,,36.62697219965752,34.84014033232462,14.227240627555677,True,True
2026-08-14,19,3135.0,53.0,0.0,3.0,0.0,-371976.4500966102,0.0,-371976.4500966102,-670686.3954678135,0.0,-670686.3954678135,-149863.4396555153,68790.09403275803,0.29999999999999993,,34.4506320267289,34.96051340181484,13.498027120852093,True,True
2026-08-14,19,3140.0,31.0,0.0,28.0,0.0,-200869.9714753641,0.0,-200869.9714753641,-354343.29697964364,0.0,-354343.29697964364,-83663.75809198084,38392.91240022936,0.3098591549295774,,33.824083988946676,34.978707205981294,13.146566643923272,True,True
2026-08-14,19,3145.0,41.0,0.0,19.0,0.0,-246906.64129127905,0.0,-246906.64129127905,-428284.7025321103,0.0,-428284.7025321103,-105876.66415738502,48734.914758854175,0.3125,,33.48151676180681,34.973810176517375,12.890701639329174,True,True
2026-08-14,19,3150.0,65.0,0.0,29.0,0.0,-364107.26328306395,0.0,-364107.26328306395,-622564.5471512426,0.0,-622564.5471512426,-157912.7255884083,72019.62182172027,0.3448275862068966,,32.27784858832735,34.961350945324654,12.675212953120136,True,True
2026-08-14,19,3155.0,9.0,0.0,5.0,0.0,-46545.11389470863,0.0,-46545.11389470863,-78304.79744469281,0.0,-78304.79744469281,-20487.44665639333,9257.672230151325,0.3846153846153846,,30.681795261630867,34.99524783191084,12.227296255364354,True,False
2026-08-14,19,3160.0,160.0,0.0,2.0,0.0,-764965.5657888731,0.0,-764965.5657888731,-1270611.3910058981,0.0,-1270611.3910058981,-342327.9375565708,153906.4977354096,0.3829787234042553,,30.764673335323423,34.91876204756834,12.37538737586695,True,False
2026-08-14,19,3165.0,151.0,0.0,1.0,0.0,-670335.3095975037,0.0,-670335.3095975037,-1103737.7177810494,0.0,-1103737.7177810494,-305185.53449432144,137092.17536872203,0.4186046511627908,,29.392516165587466,34.92881485396773,12.062050128317763,True,False
2026-08-14,19,3170.0,56.0,0.0,1.0,0.0,-229639.2226557319,0.0,-229639.2226557319,-374115.3229594253,0.0,-374115.3229594253,-106764.82091633344,47919.51976276163,0.4615384615384615,,27.619900321130476,34.97564928259659,11.506215140968715,True,False
2026-08-14,19,3175.0,76.0,0.0,7.0,0.0,-286152.1387935614,0.0,-286152.1387935614,-460150.10493767395,0.0,-460150.10493767395,-136493.4249964326,61211.379733859576,0.5142857142857143,,25.79521321208187,34.96963934500984,11.276741068852504,True,False
2026-08-14,19,3180.0,767.0,0.0,14.0,0.0,-2632827.100294785,0.0,-2632827.100294785,-4165889.1655876227,0.0,-4165889.1655876227,-1295901.3671810033,580668.6496542277,0.4516129032258065,,28.847082594630425,34.72036151781514,12.914431638874596,True,False
2026-08-14,19,3185.0,182.0,0.0,6.0,0.0,-575527.3652253976,0.0,-575527.3652253976,-900502.489044122,0.0,-900502.489044122,-291713.32023334614,131149.94530695473,0.5714285714285715,,23.735465943948757,34.9388878156044,10.998479795918783,True,False
2026-08-14,19,3190.0,478.0,0.0,1.0,0.0,-1413609.0592943581,0.0,-1413609.0592943581,-2201990.4900200134,0.0,-2201990.4900200134,-733770.5402631038,332369.9527100248,0.6153846153846153,,22.756111914370443,34.849862284241176,11.527282416330861,True,False
2026-08-14,19,3195.0,303.0,1.0,177.0,2.0,-836159.3167925909,-6.448221234597711e-06,-836159.3167990391,-1294394.801067384,292999.87999970035,-1001394.9210676836,-445591.7568951684,203336.04247015435,0.6666666666666666,0.06342991386061075,29.61512858248321,34.91120347569812,10.759682141178509,True,True
2026-08-14,19,3200.0,218.0,6.0,9.0,2.0,-545580.0062507543,-23044.22867144378,-568624.2349221981,-828616.2760097617,1714817.5636090254,886201.2875992637,-302190.5281778523,136754.47662456578,0.6666666666666667,0.07701019252548146,28.958431391917514,64.93958743851967,10.252989538984462,True,True
2026-08-14,19,3205.0,199.0,0.0,1.0,0.0,-458434.97677327617,0.0,-458434.97677327617,-689642.0461529974,0.0,-689642.0461529974,-245801.39723616352,110097.49949842677,0.736842105263158,,17.67122602749126,34.95132971445478,9.897499813267995,True,False
2026-08-14,19,3210.0,145.0,0.0,11.0,0.0,-304931.4558473096,0.0,-304931.4558473096,-453653.008592508,0.0,-453653.008592508,-164919.4206531869,73442.46736318733,0.8235294117647058,,14.672401927682213,34.96764519272501,9.464691425397698,True,False
2026-08-14,19,3215.0,58.0,0.0,2.0,0.0,-114559.49433989344,0.0,-114559.49433989344,-170503.09424788956,0.0,-170503.09424788956,-62454.64472373735,27922.490071656513,0.9999999999999999,,8.910540626153454,34.98792019645008,8.944653557850893,True,False
2026-08-14,19,3220.0,92.0,0.0,7.0,0.0,-163278.86183301243,0.0,-163278.86183301243,-239485.7347905593,0.0,-239485.7347905593,-90901.17091995059,40405.05333797715,1.1428571428571428,,8.697772387277048,34.982720195851385,8.750763597514343,True,False
2026-08-14,19,3225.0,26.0,0.0,1.0,0.0,-42953.32219151747,0.0,-42953.32219151747,-62874.559827782745,0.0,-62874.559827782745,-24299.244058021468,10843.330097491575,1.0769230769230769,,8.274280664439049,34.99567633885664,8.289062786272329,True,False
2026-08-14,19,3230.0,114.0,0.0,1.0,0.0,-165525.16338600125,0.0,-165525.16338600125,-237340.4935937677,0.0,-237340.4935937677,-97427.73388734522,43223.731365561376,1.2727272727272725,,8.17530310690191,34.98248217416892,8.238732690022802,True,False
2026-08-14,19,3235.0,69.0,0.0,17.0,0.0,-103055.79695001758,0.0,-103055.79695001758,-152295.63096951068,0.0,-152295.63096951068,-59654.65180395451,27085.650724171974,1.0000000000000002,,7.796063315695845,34.989152563305176,7.834629066301167,True,False
2026-08-14,19,3240.0,53.0,0.0,1.0,0.0,-64615.32927199968,0.0,-64615.32927199968,-91285.81755593467,0.0,-91285.81755593467,-40460.38057034058,18090.060126752225,1.5555555555555556,,7.477933334838645,34.993301289584394,7.506673608607237,True,False
2026-08-14,19,3245.0,20.0,0.0,4.0,0.0,-23788.319897743575,0.0,-23788.319897743575,-34023.89166869286,0.0,-34023.89166869286,-14959.169425705477,6778.617069063696,1.5555555555555556,,7.1239803617079716,34.99791421027725,7.134789646135954,True,False
2026-08-14,19,3250.0,207.0,2.0,6.0,2.0,-240304.47362987415,-8.374388478158737e-05,-240304.47371361803,-347891.67208959203,585999.759998802,238108.08790920995,-151755.49153862477,69681.03807945114,2.0,0.04278768233387373,7.2378335229720525,64.97441339691437,7.350287792554895,True,True
2026-08-14,19,3255.0,11.0,0.0,2.0,0.0,-11604.8409470437,0.0,-11604.8409470437,-16601.25468483884,0.0,-16601.25468483884,-7633.079140116577,3517.7627181983835,2.0,,6.536186801304734,34.99967089963814,6.542042158146417,True,False
2026-08-14,19,3260.0,185.0,0.0,16.0,0.0,-190663.53612716135,0.0,-190663.53612716135,-275960.5838821284,0.0,-275960.5838821284,-125964.99289087931,58808.16038615184,2.0,,6.618431439974579,34.97980329205329,6.716634241796639,True,False
2026-08-14,19,3265.0,139.0,0.0,1.0,0.0,-139999.20938248507,0.0,-139999.20938248507,-204973.80206670272,0.0,-204973.80206670272,-92900.18672014616,43928.22560031804,2.0,,6.237084413928896,34.98520335766149,6.310671597932721,True,False
2026-08-14,19,3270.0,41.0,0.0,16.0,0.0,-40371.54990579832,0.0,-40371.54990579832,-59780.76801033561,0.0,-59780.76801033561,-26906.640465437216,12883.89498175403,2.0,,5.74616117622318,34.99596290437811,5.767810717407682,True,False
2026-08-14,19,3275.0,58.0,0.0,7.0,0.0,-55854.71139648853,0.0,-55854.71139648853,-83633.61355148986,0.0,-83633.61355148986,-37387.12805374877,18125.651864168885,2.0,,5.497569945073309,34.99424682079091,5.528119878377112,True,False
2026-08-14,19,3280.0,12.0,0.0,5.0,0.0,-11305.741938018247,0.0,-11305.741938018247,-17115.2415718489,0.0,-17115.2415718489,-7557.481443427565,3703.603698781237,2.0,,5.116222919027626,34.99967553689895,5.122528396914191,True,False
2026-08-14,19,3285.0,9.0,0.0,1.0,0.0,-8298.063675872998,0.0,-8298.063675872998,-12698.679483020602,0.0,-12698.679483020602,-5538.085258847396,2742.746775677754,2.0,,4.825486991085432,35.00029976483417,4.830205099242912,True,False
2026-08-14,19,3290.0,20.0,0.0,1.0,0.0,-18051.268603859557,0.0,-18051.268603859557,-27920.549632986054,0.0,-27920.549632986054,-12029.155192232001,6019.817260046114,2.0,,4.564252350897865,34.99861992898062,4.574713433637342,True,False
2026-08-14,19,3295.0,10.0,0.0,1.0,0.0,-8837.817843106252,0.0,-8837.817843106252,-13814.46031155924,0.0,-13814.46031155924,-5881.057279158258,2973.517403673379,2.0,,4.2587657790783595,35.00014704357554,4.263984921210973,True,False
2026-08-14,19,3300.0,42.0,0.0,1.0,0.0,-36356.52718069731,0.0,-36356.52718069731,-57422.70664326708,0.0,-57422.70664326708,-24160.89208201766,12340.734896390379,2.0,,4.041783070522725,34.996399657992505,4.063657200358198,True,False
2026-08-14,19,3305.0,2.0,0.0,2.0,0.0,-1696.1682164619592,0.0,-1696.1682164619592,-2706.5983333067497,0.0,-2706.5983333067497,-1125.7858785570108,580.8234897492268,2.0,,3.673079453514739,35.0053598088426,3.6741189487078816,True,False
2026-08-14,19,3310.0,33.0,0.0,2.0,0.0,-27426.70226050871,0.0,-27426.70226050871,-44210.43253238167,0.0,-44210.43253238167,-18182.422559921226,9474.34032626623,2.0,,3.453989510119492,34.997426189577055,3.471107188000169,True,False
2026-08-14,19,3315.0,22.0,0.0,4.0,0.0,-16468.14653347592,0.0,-16468.14653347592,-26143.642217764926,0.0,-26143.642217764926,-10798.75041888067,5554.00550409374,2.0,,3.1463957034603705,34.99882458994797,3.1576972498075127,True,False
2026-08-21,26,1450.0,0.0,13.0,0.0,1.0,0.0,-348.65341194223026,-348.65341194223026,0.0,2354.742071111452,2354.742071111452,331.52100494927043,-513.7540530678746,,2.0,0.027394052915008196,64.99359554791214,0.033502781223233885,True,False
2026-08-21,26,1500.0,0.0,47.0,0.0,30.0,0.0,-1378.5385161530821,-1378.5385161530821,0.0,8916.49530391645,8916.49530391645,1318.0933270038768,-1952.1346348447148,,2.0,0.0990400374619527,64.99817149376919,0.12113260299493273,True,False
2026-08-21,26,1550.0,0.0,10.0,0.0,10.0,0.0,-321.0981299972952,-321.0981299972952,0.0,1987.9115454409023,1987.9115454409023,309.0143076138522,-437.16396472261374,,2.0,0.02107234839616015,64.99242408147867,0.025774581051634687,True,False
2026-08-21,26,1650.0,0.0,6.0,0.0,3.0,0.0,-292.0415762633996,-292.0415762633996,0.0,1742.1141171889003,1742.1141171889003,265.5614660608995,-351.6162915389711,,2.0,0.01264340903769609,64.99136369263219,0.015470780514185547,True,False
2026-08-21,26,1700.0,0.0,12.0,0.0,12.0,0.0,-705.4708513276667,-705.4708513276667,0.0,4100.604171406813,4100.604171406813,606.8516508677059,-770.1566009034656,,2.0,0.02528681807539218,64.99626796368953,0.030948928471944685,True,False
2026-08-21,26,1750.0,0.0,20.0,0.0,20.0,0.0,-1296.1620189398668,-1296.1620189398668,0.0,7186.863551569795,7186.863551569795,1102.7351442058878,-1328.2667213070408,,2.0,0.0421446967923203,64.99777547898036,0.05158885357016168,True,False
2026-08-21,26,1800.0,0.0,43.0,0.0,30.0,0.0,-3346.5900337154303,-3346.5900337154303,0.0,17992.46198884289,17992.46198884289,2730.4142677402124,-3147.917523788259,,1.5555555555555556,0.09061109810348864,64.99881091044702,0.1109500139243042,True,False
2026-08-21,26,1850.0,0.0,7.0,0.0,1.0,0.0,-694.8369810085189,-694.8369810085189,0.0,3664.2733831241653,3664.2733831241653,541.1470258109931,-602.6664237710422,,1.2727272727272725,0.014750643877312107,64.99583373468099,0.018070736823101983,True,False
2026-08-21,26,1900.0,0.0,31.0,0.0,1.0,0.0,-4028.219216410143,-4028.219216410143,0.0,20986.54123369324,20986.54123369324,3070.1363243057494,-3334.931480094599,,1.1428571428571428,0.06532428002809647,64.99885743854334,0.08008527340000605,True,False
2026-08-21,26,1950.0,0.0,17.0,0.0,1.0,0.0,-2681.504124582597,-2681.504124582597,0.0,13577.480300474133,13577.480300474133,2059.8247129717533,-2160.52986135599,,0.9999999999999999,0.03582299227347559,64.99861049859425,0.04394640707773386,True,False
2026-08-21,26,2000.0,0.0,267.0,0.0,2.0,0.0,-52243.08045924174,-52243.08045924174,0.0,259213.63776318045,259213.63776318045,39806.94079548575,-40328.365429258716,,0.736842105263158,8.457368544282737,64.99439320648578,0.6908317844204619,True,False
2026-08-21,26,2050.0,0.0,131.0,0.0,1.0,0.0,-32339.91267531891,-32339.91267531891,0.0,157503.66456192682,157503.66456192682,22899.583274131837,-22109.982975855288,,0.6086956521739131,12.015178198772306,64.9964698257052,0.33935453384014774,True,False
2026-08-21,26,2100.0,1.0,110.0,1.0,3.0,-792.9060072838,-34593.53504205496,-35386.441049338755,-287490.30925535073,165120.90803552535,-122369.40121982538,23436.189561548937,-21728.61352768594,0.010723221732396045,0.5714285714285715,21.50162616978286,34.996364056851036,0.2880292533234647,True,True
2026-08-21,26,2150.0,0.0,132.0,0.0,29.0,0.0,-51993.61050356358,-51993.61050356358,0.0,241348.89592169222,241348.89592169222,33305.805195197994,-29344.63223419738,,0.42424242424242425,17.550882271556585,64.99441542026318,0.3431228946805515,True,False
2026-08-21,26,2200.0,0.0,9.0,0.0,1.0,0.0,-4519.041357982203,-4519.041357982203,0.0,20507.012915031573,20507.012915031573,2828.620978248137,-2397.092021854651,,0.3999999999999999,18.018965113556547,64.99878859485946,0.023453859645499172,True,False
2026-08-21,26,2250.0,0.0,114.0,0.0,6.0,0.0,-73086.40168262785,-73086.40168262785,0.0,325609.3480595555,325609.3480595555,45801.793271823764,-37626.88144200266,,0.2857142857142856,21.66879620028766,64.99219116176951,0.29804392340469316,True,True
2026-08-21,26,2255.0,0.0,8.0,0.0,8.0,0.0,-5364.478444995091,-5364.478444995091,0.0,24080.945797979202,24080.945797979202,3299.971962250189,-2704.538296686564,,0.3076923076923076,20.786088647947697,64.99880734609766,0.020929662927880625,True,True
2026-08-21,26,2285.0,0.0,14.0,0.0,22.0,0.0,-10602.289366719478,-10602.289366719478,0.0,46544.70262846124,46544.70262846124,6319.456991409948,-4972.75975997805,,0.2857142857142858,21.45807271632605,64.9985516286163,0.03670061946435353,True,True
2026-08-21,26,2300.0,4.0,52.0,4.0,31.0,-5896.924403624246,-42632.11184836797,-48529.03625199221,-1136445.8136609094,186377.6281326447,-950068.1855282647,27575.518621406052,-21815.857963750754,0.017155333749220212,0.2666666666666666,25.860675144780192,34.994861343972026,0.14717391468397828,True,True
2026-08-21,26,2310.0,0.0,9.0,0.0,22.0,0.0,-7728.030072889069,-7728.030072889069,0.0,33579.77817650831,33579.77817650831,4447.689748366425,-3397.8089168072943,,0.2580645161290322,22.277029629685575,64.99873249388286,0.023648624382938816,True,True
2026-08-21,26,2315.0,0.0,20.0,0.0,20.0,0.0,-18165.013183188647,-18165.013183188647,0.0,79836.74121363579,79836.74121363579,10247.531511019473,-7839.261096565958,,0.26865671641791045,21.982443204255006,64.99788274722421,0.05261268308774498,True,True
2026-08-21,26,2330.0,0.0,3.0,0.0,3.0,0.0,-2869.582440281102,-2869.582440281102,0.0,12391.086156105774,12391.086156105774,1605.3521505781189,-1200.0495537884497,,0.23529411764705876,22.947498175107086,64.99848476133221,0.007900692729992545,True,True
2026-08-21,26,2345.0,0.0,1.0,0.0,2.0,0.0,-1061.081399041313,-1061.081399041313,0.0,4605.789374109688,4605.789374109688,577.2974070833079,-427.43996301704726,,0.21052631578947376,23.6863177611554,64.99663123493427,0.002639909985987257,True,True
2026-08-21,26,2350.0,0.0,240.0,0.0,36.0,0.0,-254913.3731092265,-254913.3731092265,0.0,1091367.568016906,1091367.568016906,139209.49375469706,-101796.2085774562,,0.21621621621621617,24.019249875021355,64.97291098502915,0.633593802911982,True,True
2026-08-21,26,2355.0,0.0,61.0,0.0,26.0,0.0,-66710.60493924248,-66710.60493924248,0.0,285369.9271227362,285369.9271227362,36188.037501864725,-26342.067208128865,,0.21052631578947376,23.81275185153236,64.9928618623513,0.16115496385681669,True,True
2026-08-21,26,2360.0,0.0,42.0,0.0,44.0,0.0,-46958.39775907783,-46958.39775907783,0.0,200037.95528502826,200037.95528502826,25373.281405841273,-18348.702755089496,,0.23376623376623376,23.07551685027686,64.99493739344506,0.11102145766809698,True,True
2026-08-21,26,2375.0,0.0,1.0,0.0,1.0,0.0,-1209.8733732586616,-1209.8733732586616,0.0,5118.859080276467,5118.859080276467,643.7983496768163,-458.2508377397086,,0.19512195121951217,24.14844869825425,64.99694172683873,0.002648940690787479,True,True
2026-08-21,26,2380.0,0.0,22.0,0.0,22.0,0.0,-27371.302666492094,-27371.302666492094,0.0,115630.86139040561,115630.86139040561,14488.341632098984,-10265.021690547957,,0.19047619047619047,24.33207345218584,64.99696307297656,0.05832246346046098,True,True
2026-08-21,26,2390.0,0.0,1.0,0.0,1.0,0.0,-1314.4534768373828,-1314.4534768373828,0.0,5534.005924147525,5534.005924147525,689.1086603768032,-483.7110428233611,,0.18181818181818177,24.54756178029416,64.99715036294532,0.0026552880226806395,True,True
2026-08-21,26,2395.0,0.0,17.0,0.0,44.0,0.0,-22958.502233643263,-22958.502233643263,0.0,96475.02723255334,96475.02723255334,11983.40677902763,-8372.356687047484,,0.17777777777777792,24.702489658940134,64.99740601545369,0.045177088941596374,True,True
2026-08-21,26,2400.0,0.0,437.0,0.0,1.0,0.0,-606187.6591744397,-606187.6591744397,0.0,2542171.855383253,2542171.855383253,315103.8496579002,-219120.9196736592,,0.17391304347826084,25.70347032056437,64.93560871714811,1.1622891886380156,True,True
2026-08-21,26,2405.0,0.0,28.0,0.0,66.0,0.0,-39884.177925409895,-39884.177925409895,0.0,166907.88333065805,166907.88333065805,20652.250031664462,-14293.997575805617,,0.1702127659574468,24.95261959678584,64.99567388790564,0.07453496907091717,True,True
2026-08-21,26,2410.0,0.0,19.0,0.0,22.0,0.0,-27784.54094965064,-27784.54094965064,0.0,116014.4292569768,116014.4292569768,14334.914794770406,-9874.86169854942,,0.1666666666666666,25.040037461952704,64.99691961032917,0.05062101659047784,True,True
2026-08-21,26,2415.0,0.0,12.0,0.0,24.0,0.0,-18010.75218547207,-18010.75218547207,0.0,75029.0585852027,75029.0585852027,9260.808768874507,-6349.326637672188,,0.16326530612244894,25.127327634401926,64.9978870930334,0.03199924646144301,True,True
2026-08-21,26,2420.0,0.0,29.0,0.0,22.0,0.0,-44872.10080541217,-44872.10080541217,0.0,186978.0180801318,186978.0180801318,22973.686277890218,-15709.090799943911,,0.1782178217821783,24.714575156883516,64.99515374907521,0.0774132127869215,True,True
2026-08-21,26,2425.0,0.0,23.0,0.0,66.0,0.0,-36339.34227018355,-36339.34227018355,0.0,150636.07229191822,150636.07229191822,18570.563851337047,-12611.562676351059,,0.15686274509803919,25.342584048369993,64.99604069002511,0.061442274367109334,True,True
2026-08-21,26,2430.0,0.0,16.0,0.0,110.0,0.0,-26042.08648054348,-26042.08648054348,0.0,107955.45611279387,107955.45611279387,13258.655029630141,-8979.997700517557,,0.17142857142857149,24.89085861457671,64.99709503095472,0.042788733195285006,True,True
2026-08-21,26,2435.0,0.0,16.0,0.0,22.0,0.0,-26700.980312687687,-26700.980312687687,0.0,110387.19845599888,110387.19845599888,13559.904399680845,-9140.09824527026,,0.16822429906542047,24.98698678547124,64.9970281082775,0.04282872376415863,True,True
2026-08-21,26,2440.0,0.0,2.0,0.0,1.0,0.0,-3435.2485547879137,-3435.2485547879137,0.0,14199.100035584463,14199.100035584463,1739.0440078383212,-1169.0393738269781,,0.18181818181818182,24.549669015133773,64.99857879924748,0.005359515734521893,True,True
2026-08-21,26,2445.0,0.0,4.0,0.0,1.0,0.0,-7225.724788332867,-7225.724788332867,0.0,30308.84083725419,30308.84083725419,3632.063179498118,-2465.5787426482348,,0.15126050420168072,25.47061381330804,64.99873764087744,0.010740591478046941,True,True
2026-08-21,26,2450.0,1.0,128.0,1.0,2.0,-2461.7943403631766,-231699.02041360096,-234160.81475396414,-280237.3554610836,954533.8504632326,674296.495002149,117775.91761575552,-78673.55780603542,0.021719273317771216,0.15652173913043485,27.598218107587368,64.97510668810065,0.3464527310605787,True,True
2026-08-21,26,2455.0,12.0,35.0,4.0,26.0,-28854.285207898585,-65125.532482142866,-93979.81769004145,-3372510.7630141317,268152.4120974947,-3104358.350916637,45157.05879827792,-30883.92021585311,0.02073709064777748,0.1694915254237288,27.245610796389354,34.9900228957815,0.12675289818048344,True,True
2026-08-21,26,2460.0,0.0,1.0,0.0,1.0,0.0,-1919.0684767533464,-1919.0684767533464,0.0,7914.813745734676,7914.813745734676,951.9409762496673,-628.3156039138133,,0.1639344262295082,25.084074447954368,64.9979012278024,0.002691984219573971,True,True
2026-08-21,26,2465.0,0.0,1.0,0.0,1.0,0.0,-1972.0435224976327,-1972.0435224976327,0.0,8124.726540288096,8124.726540288096,970.0705790387489,-635.586337283582,,0.17599999999999993,24.722107234839616,64.99794455335218,0.002695199460197072,True,True
2026-08-21,26,2470.0,14.0,8.0,14.0,7.0,-35882.27929242518,-16526.832945487058,-52409.11223791224,-3925654.295292513,68931.50855692003,-3856722.786735593,23312.46676257415,-16265.958651448738,0.021596442938810058,0.14925373134328357,27.483606552240147,34.99443732806435,0.059842095606435344,True,True
2026-08-21,26,2475.0,14.0,10.0,14.0,1.0,-31695.906787179054,-20752.079701701176,-52447.986488880226,-3963726.981589346,85067.3643381219,-3878659.6172512244,24693.416369486116,-16229.805171578966,0.04252577319587631,0.15384615384615385,27.104994730520332,34.99443317709257,0.06499547351739388,True,True
2026-08-21,26,2480.0,0.0,2.0,0.0,1.0,0.0,-4250.800286395347,-4250.800286395347,0.0,17357.14061949384,17357.14061949384,2048.6366895697925,-1309.7643778556346,,0.12121212121212119,26.367850833315593,64.9986843592808,0.005409014418682763,True,True
2026-08-21,26,2485.0,0.0,11.0,0.0,11.0,0.0,-24096.015555887778,-24096.015555887778,0.0,98427.55631104011,98427.55631104011,11502.167076421141,-7306.497911292619,,0.17647058823529413,24.72906193617695,64.99728828029266,0.029793073109121944,True,True
2026-08-21,26,2490.0,0.0,5.0,0.0,5.0,0.0,-11285.744375414708,-11285.744375414708,0.0,46103.888688154184,46103.888688154184,5337.331384132567,-3368.536991126011,,0.17142857142857132,24.86767903134094,64.99847595518857,0.013562517501073578,True,True
2026-08-21,26,2495.0,0.0,21.0,0.0,2.0,0.0,-48545.713924398464,-48545.713924398464,0.0,197446.435599541,197446.435599541,22826.497385625626,-14281.312982736328,,0.14084507042253522,26.074930640538458,64.99476781466598,0.3130629247980797,True,True
2026-08-21,26,2500.0,0.0,386.0,0.0,4.0,0.0,-924416.3285596253,-924416.3285596253,0.0,3773888.867894172,3773888.867894172,429454.1954589011,-267526.4686457283,,0.16216216216216217,26.488972828232832,64.90181042569887,1.5906976718229275,True,True
2026-08-21,26,2505.0,0.0,72.0,0.0,138.0,0.0,-177555.21111544588,-177555.21111544588,0.0,724344.6372572704,724344.6372572704,81783.91316262155,-50613.04796785715,,0.15789473684210517,26.23973807161846,64.98112051089609,1.0210723804629154,True,True
2026-08-21,26,2510.0,18.0,18.0,18.0,1.0,-57472.99676866417,-45698.95305750897,-103171.94982617314,-4986429.666247518,186253.5292897303,-4800176.136957788,43843.50743868629,-29093.04248051592,0.02811059907834112,0.15384615384615385,28.455782652211358,34.98904485917157,1.2082536909174897,True,True
2026-08-21,26,2515.0,18.0,39.0,18.0,10.0,-54202.30870137273,-101917.08992835987,-156119.3986297326,-5025687.858339102,414889.80117718334,-4610798.057161919,68861.18298557124,-43169.68280586667,0.021052631578947368,0.1499999999999999,28.94801062744986,34.9834212475995,1.5499671742259895,True,True
2026-08-21,26,2520.0,4.0,24.0,4.0,21.0,-13650.910861841532,-65480.778315540985,-79131.68917738252,-1101996.5982343245,269170.8043303284,-832825.793903996,34503.59741927557,-21624.8047303442,0.03200753118380788,0.11764705882352941,29.49228566409849,34.991613148213474,1.7550189763604371,True,True
2026-08-21,26,2525.0,6.0,99.0,4.0,10.0,-17516.58064857186,-272646.1073435866,-290162.68799215846,-1683759.9467680608,1102467.3760249962,-581292.5707430646,129526.4926774179,-78012.64449411839,0.04681310767014764,0.12048192771084347,29.674350289567457,34.96920657661278,2.2505556205807142,True,True
2026-08-21,26,2530.0,6.0,261.0,6.0,31.0,-20503.505217421047,-739590.3921304115,-760093.8973478326,-1659057.108158641,2985391.694553989,1326334.586395348,336406.9394363796,-201555.0897130849,0.027536231884057915,0.11764705882352941,30.631812727109654,64.91925637039631,2.980724109301833,True,True
2026-08-21,26,2535.0,0.0,218.0,0.0,1.0,0.0,-635508.2946750827,-635508.2946750827,0.0,2560298.1384416074,2560298.1384416074,279978.12776582973,-166060.6431746887,,0.1149425287356322,29.542445941936656,64.93249450824398,3.131376844019444,True,True
2026-08-21,26,2540.0,0.0,97.0,0.0,31.0,0.0,-293356.2095911071,-293356.2095911071,0.0,1187710.2784562805,1187710.2784562805,127697.43203554551,-75572.0694371803,,0.15384615384615385,28.404775996450816,64.9688289472913,3.083388042847522,True,True
2026-08-21,26,2545.0,0.0,182.0,0.0,1.0,0.0,-565903.7734853299,-565903.7734853299,0.0,2285683.614117493,2285683.614117493,244621.67142115143,-143779.56269683456,,0.1075268817204301,30.257883345013237,64.93988675213505,3.603262416331109,True,True
2026-08-21,26,2550.0,3.0,207.0,3.0,10.0,-11224.370795221574,-661649.5461164252,-672873.9169116467,-825388.8971878706,2665559.2623591614,1840170.365171291,288403.2798702789,-168678.1791030475,0.028640223038905115,0.10526315789473684,31.8185558815541,64.92852347772128,3.9662832904726044,True,True
2026-08-21,26,2555.0,0.0,72.0,0.0,1.0,0.0,-238314.53392193434,-238314.53392193434,0.0,963900.338412271,963900.338412271,101197.82161057304,-58937.660884422694,,0.14141414141414146,29.578298168690825,64.97467219018931,3.8689023102929405,True,True
2026-08-21,26,2560.0,0.0,328.0,0.0,1.0,0.0,-1115436.889516855,-1115436.889516855,0.0,4498274.887165653,4498274.887165653,470585.5889261166,-272170.2553055039,,0.09900990099009901,31.67429172377715,64.88152208153056,4.865882521772534,True,True
2026-08-21,26,2565.0,0.0,460.0,0.0,69.0,0.0,-1612484.0110879494,-1612484.0110879494,0.0,6503688.416638554,6503688.416638554,674600.7431277233,-388355.5584597939,,0.11538461538461531,31.745619514194313,64.82872993836544,5.520431492497475,True,True
2026-08-21,26,2570.0,0.0,1103.0,0.0,1.0,0.0,-3983795.4485624074,-3983795.4485624074,0.0,16066792.13400038,16066792.13400038,1653062.5809246514,-947199.2541572658,,0.09345794392523366,34.04278588327221,64.57686575210454,7.60482133924974,True,True
2026-08-21,26,2575.0,0.0,761.0,0.0,1.0,0.0,-2830839.6888346784,-2830839.6888346784,0.0,11413685.18882161,11413685.18882161,1165252.1010709747,-664552.949386327,,0.10909090909090903,33.137536836576615,64.69932497017355,6.9384344861832465,True,True
2026-08-21,26,2580.0,0.0,915.0,0.0,11.0,0.0,-3514110.5297620464,-3514110.5297620464,0.0,14205479.677585836,14205479.677585836,1432578.193391197,-815072.9128310796,,0.10526315789473678,33.861297761185995,64.6267525627107,7.660947228574101,True,True
2026-08-21,26,2585.0,0.0,329.0,0.0,2.0,0.0,-1306944.9587631659,-1306944.9587631659,0.0,5311417.926387721,5311417.926387721,526873.1178783986,-299751.7553118716,,0.11764705882352945,32.53935534073057,64.86118182778375,6.302152441996912,True,True
2026-08-21,26,2590.0,0.0,246.0,0.0,92.0,0.0,-1002472.875535788,-1002472.875535788,0.0,4058203.475392717,4058203.475392717,401751.73331221554,-226943.89808948687,,0.08264462809917356,33.69894199419647,64.89352003616666,6.354319923233009,True,True
2026-08-21,26,2595.0,0.0,451.0,0.0,6.0,0.0,-1889577.8126588296,-1889577.8126588296,0.0,7641347.210926163,7641347.210926163,751562.2307970185,-422510.11677987117,,0.09677419354838704,33.99145239626469,64.79929914750493,7.220555040795676,True,True
2026-08-21,26,2600.0,1.0,788.0,2.0,203.0,-4698.566250537871,-3400742.310876916,-3405440.877127454,-271513.1345027189,13775769.702166943,13504256.567664225,1341304.7732796224,-750615.1165667151,0.032682574114244266,0.09375000000000008,35.99484919021619,64.6382947044806,8.467494416052212,True,True
2026-08-21,26,2605.0,0.0,507.0,0.0,106.0,0.0,-2258048.2109115724,-2258048.2109115724,0.0,9184985.06173613,9184985.06173613,878579.8623032214,-488110.0887553409,,0.10526315789473686,34.42361706373938,64.7601629045495,7.955975761473788,True,True
2026-08-21,26,2610.0,0.0,321.0,0.0,65.0,0.0,-1477914.8547443408,-1477914.8547443408,0.0,6049909.831911048,6049909.831911048,567076.5434970601,-313213.0130350972,,0.1007194244604317,34.452397610023304,64.84302284187793,7.713996245488876,True,True
2026-08-21,26,2615.0,0.0,983.0,0.0,65.0,0.0,-4650541.97870936,-4650541.97870936,0.0,18995082.45384357,18995082.45384357,1769154.6432462716,-967380.9360962089,,0.08450704225352121,36.61817276347977,64.50604833706129,9.895955416802545,True,True
2026-08-21,26,2620.0,2.0,950.0,2.0,39.0,-10313.778338000388,-4627042.71580572,-4637356.49414372,-539980.9852724578,18902141.308323275,18362160.32305082,1745810.459266051,-946411.516257731,0.03464663498390315,0.08219178082191776,37.61989773739334,64.50744878781758,10.099728580395995,True,True
2026-08-21,26,2625.0,2.0,660.0,2.0,96.0,-10195.837988654921,-3320640.57656004,-3330836.414548695,-543303.5816086609,13632174.895880802,13088871.314272141,1237079.2006501534,-666567.136710439,0.059375,0.10526315789473682,36.5762177259943,64.64621867886318,9.557947853114838,True,True
2026-08-21,26,2630.0,4.0,754.0,14.0,184.0,-21660.62601094886,-3910889.007807923,-3932549.633818872,-1076403.930532058,16086014.647435876,15009610.716903817,1443004.9365788694,-771900.5568698919,0.03792667509481669,0.0891719745222929,37.62601911818519,64.58230868956294,10.126131042073467,True,True
2026-08-21,26,2635.0,0.0,495.0,0.0,132.0,0.0,-2646360.5747654648,-2646360.5747654648,0.0,10901423.082040481,10901423.082040481,959865.6276278662,-509497.7007601637,,0.09876543209876541,36.2997473600832,64.7189191019359,9.655123025173687,True,True
2026-08-21,26,2640.0,0.0,443.0,0.0,97.0,0.0,-2440640.6428325013,-2440640.6428325013,0.0,10065583.284779286,10065583.284779286,874845.1850261105,-460864.3688577402,,0.08383233532934124,36.92257827492924,64.74076924523582,9.793124906216724,True,True
2026-08-21,26,2645.0,0.0,423.0,0.0,89.0,0.0,-2404390.6093035927,-2404390.6093035927,0.0,9947051.24000241,9947051.24000241,850403.3930760819,-445218.7025126048,,0.0809248554913294,37.25207219670062,64.74461947456717,10.023828803477775,True,True
2026-08-21,26,2650.0,2.0,1167.0,2.0,96.0,-10848.783182016266,-6841449.496955151,-6852298.280137167,-546198.6668535878,28379585.58203975,27833386.915186163,2391753.751035912,-1244215.5940324042,0.06607629427792927,0.07821229050279342,39.37190050350656,64.27219209264489,12.499531983928197,True,True
2026-08-21,26,2655.0,0.0,307.0,0.0,10.0,0.0,-1855595.0388588044,-1855595.0388588044,0.0,7715023.241888962,7715023.241888962,639003.3537706939,-330364.19137304806,,0.0756756756756756,37.733936796621464,64.80290859948936,10.260589856824334,True,True
2026-08-21,26,2660.0,4.0,277.0,38.0,111.0,-25475.690491466066,-1725651.2734627272,-1751126.9639541933,-1060674.2161997592,7188558.175989019,6127883.959789259,594719.7477759933,-305661.17841668293,0.04239054899235577,0.07329842931937183,38.49849850980915,64.81400402776364,10.471700307307277,True,True
2026-08-21,26,2665.0,0.0,645.0,0.0,3.0,0.0,-4144336.5541344928,-4144336.5541344928,0.0,17327866.688568074,17327866.688568074,1387306.2023331958,-709141.6822313475,,0.08080808080808087,38.861038465286214,64.55981416893997,11.8388521491512,True,True
2026-08-21,26,2670.0,15.0,745.0,5.0,74.0,-102546.60138540526,-4934805.275645382,-5037351.877030787,-3925544.432501508,20700656.82821203,16775112.395710522,1659095.9155567547,-844878.3543415659,0.03397103522259968,0.0682926829268292,40.2780713472664,64.46496375510604,12.4736501563198,True,True
2026-08-21,26,2675.0,0.0,324.0,0.0,31.0,0.0,-2211476.8731349288,-2211476.8731349288,0.0,9303710.662548395,9303710.662548395,718327.3741305768,-363482.86597285717,,0.07547169811320761,38.913536009462355,64.76510943551021,11.463630119728101,True,True
2026-08-21,26,2680.0,10.0,3770.0,10.0,770.0,-72022.73611766187,-26504268.514928814,-26576291.251046475,-2600272.7666242775,111788384.47806665,109188111.71144238,8500346.664179936,-4279864.328231189,0.03551609322974481,0.06392694063926951,47.25305927395967,62.177235907026926,22.127790021898328,True,True
2026-08-21,26,2685.0,0.0,245.0,0.0,27.0,0.0,-1773367.7555459654,-1773367.7555459654,0.0,7496261.146468899,7496261.146468899,558593.7776663045,-279737.6410849367,,0.07079646017699105,39.456150042065886,64.8116421997272,11.802402962832796,True,True
2026-08-21,26,2690.0,2.0,405.0,2.0,28.0,-15144.509743452021,-3018653.5255633094,-3033798.0353067615,-517192.3932994386,12809324.71234055,12292132.319041112,939193.4785563875,-468662.04677911935,0.039501438159156216,0.06837606837606829,40.587667516788386,64.67776812450698,12.580549602171438,True,True
2026-08-21,26,2695.0,0.0,202.0,0.0,16.0,0.0,-1550248.7412475364,-1550248.7412475364,0.0,6613762.71134719,6613762.71134719,471125.4864229971,-234460.14548352762,,0.057613168724279774,40.32986613439042,64.83534020971446,12.24694263943312,True,True
2026-08-21,26,2700.0,6.0,447.0,5.0,2.0,-47901.07321474681,-3529838.8210267783,-3577739.8942415253,-1538872.0895513464,15134530.578376707,13595658.48882536,1066204.4028978476,-529544.2881004505,0.055235446056030334,0.06349206349206354,41.09067872106437,64.61999421055384,13.300865206418289,True,True
2026-08-21,26,2705.0,0.0,253.0,0.0,30.0,0.0,-2053900.475966649,-2053900.475966649,0.0,8831060.209964037,8831060.209964037,602739.3394570984,-297128.92039258726,,0.06153846153846159,40.888404773632075,64.78184610793377,12.97769044150815,True,True
2026-08-21,26,2710.0,3.0,1488.0,1.0,20.0,-25263.041852784594,-12425330.808449801,-12450593.850302586,-762453.225225319,53743771.21844576,52981317.99322044,3597351.7312793983,-1757508.743545538,0.046569132495363735,0.05925925925925931,44.04030369833455,63.67757714051794,17.08159676181623,True,True
2026-08-21,26,2715.0,0.0,484.0,0.0,53.0,0.0,-4156871.7462603254,-4156871.7462603254,0.0,18077241.522314377,18077241.522314377,1182245.7388449635,-572277.0266037905,,0.0571428571428572,42.0758726002982,64.55848279675998,14.269098198997668,True,True
2026-08-21,26,2720.0,3.0,146.0,3.0,49.0,-26649.205087468337,-1289621.3870987624,-1316270.5921862307,-754850.5507607907,5635653.112542839,4880802.561782048,368022.0108477959,-176631.24488841998,0.04663101604278065,0.055172413793103496,41.841597419197626,64.86019106938942,13.518310814988283,True,True
2026-08-21,26,2725.0,0.0,125.0,0.0,20.0,0.0,-1135484.2952320592,-1135484.2952320592,0.0,4983822.5151376175,4983822.5151376175,312468.9251115469,-148446.97532859806,,0.05333333333333338,42.002489454008455,64.87939309898039,13.729940264413026,True,True
2026-08-21,26,2730.0,1.0,152.0,1.0,2.0,-9366.852277077105,-1419880.4067214385,-1429247.2589985156,-249012.7248308304,6256422.083395404,6007409.358564573,386502.7583964583,-181917.2180439712,0.08049810985101175,0.0516129032258065,41.96424105678878,64.84819198559367,14.104298247482378,True,True
2026-08-21,26,2735.0,1.0,180.0,1.0,9.0,-9617.589969776733,-1729243.623430847,-1738861.2134006238,-248008.6541321005,7670075.983861627,7422067.329729526,461042.17640812905,-215319.76118545624,0.08039972745855094,0.04968944099378886,42.33798552508855,64.81530724429199,14.479618282557391,True,True
2026-08-21,26,2740.0,0.0,230.0,0.0,2.0,0.0,-2271869.658216549,-2271869.658216549,0.0,10122382.282079054,10122382.282079054,590946.8082117294,-273504.5718485718,,0.05405405405405419,43.055370160816544,64.75869502990815,14.922582604021503,True,True
2026-08-21,26,2745.0,0.0,48.0,0.0,2.0,0.0,-487427.44268975104,-487427.44268975104,0.0,2183843.212899743,2183843.212899743,124149.76495072892,-57001.802680233865,,0.05217391304347818,43.01267187374705,64.94822170085028,14.629950111261342,True,True
2026-08-21,26,2750.0,5.0,302.0,8.0,5.0,-52071.27234300667,-3151947.7806065786,-3204019.052949585,-1220751.0663389997,14214455.161411164,12993704.095072165,797329.4678937035,-363637.4550713452,0.04065827686350438,0.04469273743016764,44.12781209753021,64.65968840083515,15.746300666729251,True,True
2026-08-21,26,2755.0,2.0,59.0,2.0,20.0,-21360.837760043825,-632716.6237445676,-654077.4615046114,-484485.6941948699,2870597.6636845493,2386111.969489679,158877.5379418925,-71976.16187909845,0.053813873117748726,0.048517520215633346,43.63914086481236,64.93052178223127,15.242374750261039,True,True
2026-08-21,26,2760.0,14.0,446.0,10.0,26.0,-153356.25769737418,-4912504.755759856,-5065861.01345723,-3368082.3559118616,22443017.43442261,19074935.078510746,1199672.7881781687,-539949.8181395073,0.05748865355521939,0.04675324675324668,44.73568418461624,64.46193580448748,16.8221837225159,True,True
2026-08-21,26,2765.0,57.0,24.0,1.0,2.0,-640714.0371041674,-271422.26668285916,-912136.3037870266,-13630787.236413488,1248004.5526162416,-12382782.683797246,205829.79472753213,-93921.72811068856,0.062419396440546775,0.045112781954887146,44.17210223252061,34.90311991755503,15.878375874881916,True,True
2026-08-21,26,2770.0,4.0,115.0,2.0,12.0,-46054.16652618046,-1334930.2806593927,-1380984.4471855732,-949088.6608650002,6174677.668342271,5225589.00747727,309911.7738868586,-137624.5716952843,0.06482213438735183,0.043583535108958946,44.5234890133362,64.85331777971246,16.289115481741796,True,True
2026-08-21,26,2775.0,56.0,25.0,2.0,2.0,-661017.669668673,-297624.2102001941,-958641.8798688671,-13198396.707272328,1387962.0257550857,-11810434.681517243,204111.0234212183,-92022.24933986693,0.06040992448759433,0.04195804195804189,44.81839385861426,34.89818045092573,16.450026907633315,True,True
2026-08-21,26,2780.0,3.0,139.0,2.0,15.0,-36321.35124637291,-1697355.8852806014,-1733677.2365269745,-702578.8487046044,7955624.775340409,7253045.926635805,366591.1178117658,-160693.44979645594,0.06686930091185407,0.04063205417607233,45.15434857761983,64.8158578061172,16.938586799009652,True,True
2026-08-21,26,2785.0,3.0,42.0,1.0,16.0,-37187.0021263302,-525561.8878959594,-562748.8900222896,-697233.2016831266,2481259.6773044798,1784026.4756213531,114979.66429950534,-50179.93624218618,0.07072135785007072,0.03921568627450974,45.19782568605061,64.94021999835414,16.902108892717536,True,True
2026-08-21,26,2790.0,7.0,170.0,1.0,24.0,-89848.02669679745,-2176597.7365095476,-2266445.763206345,-1625957.0055660268,10385562.753302306,8759605.747736279,447598.3443053161,-194191.92749325398,0.015204678362573233,0.041841004184100423,46.55376533197187,64.75927089086105,17.629893652949246,True,True
2026-08-21,26,2795.0,10.0,28.0,10.0,9.0,-131383.35671277787,-367299.6630238292,-498683.0197366071,-2303090.904639781,1761431.9551648598,-541658.9494749212,96311.32519239723,-41128.370183497886,0.015578190533253414,0.036511156186612666,46.619618950090704,34.94706076660101,17.449020393309,True,True
2026-08-21,26,2800.0,92.0,1255.0,2.0,51.0,-1236860.787380944,-16849786.213981062,-18086647.001362007,-20999074.39548246,81478684.23286307,60479609.83738061,3398804.073381482,-1433135.627652706,0.014123426466073143,0.035225048923679,49.70351664852311,63.07895159854564,22.172251209991735,True,True
2026-08-21,26,2805.0,1.0,32.0,2.0,3.0,-13763.663103474983,-439768.9356859938,-453532.5987894688,-226211.02865854662,2143138.3055656813,1916927.2769071348,82842.93503586618,-34456.08452078692,0.015748031496062992,0.03402646502835534,47.21263397567104,64.95182083833907,18.002230957108974,True,True
2026-08-21,26,2810.0,11.0,103.0,1.0,13.0,-155289.5211343018,-1448366.0523976865,-1603655.5735319883,-2467720.6697008545,7118202.560979212,4650481.891278357,284216.84953460394,-116554.2244776994,0.014891550663645083,0.03649635036496351,47.64353315354042,64.82966671954095,18.56506641156604,True,True
2026-08-21,26,2815.0,2.0,53.0,2.0,10.0,-28819.28323541176,-762256.5247142826,-791075.8079496943,-443747.29990073707,3780337.1012376873,3336589.80133695,135497.96864083342,-54863.09432146242,0.01592568015925684,0.035211267605633804,47.80738482038218,64.91597248343335,18.64820728417399,True,True
2026-08-21,26,2820.0,9.0,463.0,2.0,47.0,-132799.083064758,-6810728.113094393,-6943527.196159151,-1977535.9495589004,34066175.17564239,32088639.226083495,1147693.3706938564,-458272.72743490955,0.017735334242837613,0.034013605442176874,48.96133609312355,64.26250241118699,20.38002263584426,True,True
2026-08-21,26,2825.0,3.0,38.0,1.0,24.0,-45218.8802675227,-571436.487579551,-616655.3678470736,-651924.2574671993,2884388.6939967107,2232464.4365295116,98075.18947578245,-38614.33354655925,0.016112084063047365,0.029556650246305372,48.42873518130732,64.93449608540897,19.170392415601146,True,True
2026-08-21,26,2830.0,14.0,281.0,4.0,21.0,-216106.4686358035,-4317400.565662718,-4533507.0342985215,-3011251.2381351194,22004143.238300133,18992892.000165015,691374.0013695984,-268422.8322326966,0.015146051208077856,0.02852614896988902,49.278335065963915,64.51847904144691,20.34671340139276,True,True
2026-08-21,26,2835.0,4.0,43.0,4.0,20.0,-63067.15379745635,-674974.2506401828,-738041.404437639,-850457.3276671632,3471590.6630457,2621133.335378537,107650.7187159019,-41166.64941704677,0.016320474777448198,0.0275650842266462,49.03695466677058,64.92160423202039,19.76204126062659,True,True
2026-08-21,26,2840.0,12.0,1090.0,6.0,91.0,-193452.9597776539,-17469326.43748955,-17662779.397267204,-2522369.3326451476,90720974.36410551,88198605.03146036,2452527.1199665098,-924087.5487082094,0.017577378677875517,0.02958579881656805,51.495337368633585,63.12397218682173,23.790839225613215,True,True
2026-08-21,26,2845.0,18.0,92.0,3.0,8.0,-296177.8618714609,-1504434.9183221224,-1800612.7801935833,-3737340.3532675817,7892501.501444575,4155161.1481769937,237497.39047815115,-87962.05818917225,0.01810310901219979,0.02857142857142857,49.69670422982008,64.80874679821021,20.557617959584245,True,True
2026-08-21,26,2850.0,31.0,1148.0,2.0,396.0,-519627.1909258482,-19151606.82400298,-19671234.01492883,-6352806.336623675,101443831.0774094,95091024.74078573,2448179.2209293027,-892126.4315570421,0.01620745542949757,0.027624309392265192,52.276394088220925,62.91064697451048,24.679882012953005,True,True
2026-08-21,26,2855.0,7.0,73.0,2.0,5.0,-119502.9689203234,-1240720.7200898489,-1360223.6890101722,-1415537.200556133,6645397.193544932,5229859.992988799,159072.7068916592,-56918.43018942777,0.017536534446764045,0.02666666666666667,50.23938567853124,64.85552285722363,21.022452376297736,True,True
2026-08-21,26,2860.0,26.0,126.0,4.0,5.0,-452253.71515225916,-2182721.9656281676,-2634975.6807804266,-5187887.591493843,11803582.96473414,6615695.373240298,288520.7354861279,-101033.06003118445,0.018095648427401932,0.0283870967741934,50.64132764908448,64.72012744130954,21.56967241802109,True,True
2026-08-21,26,2865.0,7.0,84.0,1.0,1.0,-123957.62629634562,-1480997.7958381157,-1604955.4221344613,-1377632.609192674,8097841.318697493,6720208.709504819,163336.43742322823,-55914.051404779675,0.01779359430604982,0.024937655860349125,50.85347297281919,64.82952965132078,21.63446504886259,True,True
2026-08-21,26,2870.0,21.0,197.0,5.0,7.0,-378326.3279054394,-3535007.198765825,-3913333.5266712643,-4074250.6064532073,19535115.539584473,15460864.933131266,374936.22121816105,-123832.46776036845,0.01838235294117647,0.026537997587454797,51.372669515440286,64.58434973092919,22.38607247956285,True,True
2026-08-21,26,2875.0,20.0,84.0,7.0,49.0,-366626.65398797125,-1533357.7215544041,-1899984.3755423753,-3823197.2907608165,8568985.1092243,4745787.818463484,170214.90505257406,-53977.84108453634,0.017110266159695794,0.02567094515752629,51.44894605531854,64.79819263115331,22.25468145396375,True,True
2026-08-21,26,2880.0,131.0,798.0,4.0,22.0,-2440597.2982281074,-14800982.61053747,-17241579.908765577,-24653654.47770184,83766385.71407653,59112731.23637469,1429802.9884221775,-433254.7501772257,0.017699115044247763,0.024802705749718185,53.47601987927394,63.168709223268124,25.59502584437876,True,True
2026-08-21,26,2885.0,11.0,89.0,10.0,10.0,-208307.97780362386,-1677473.8829717252,-1885781.860775349,-2036948.3425935344,9610423.168417675,7573474.8258241415,143452.44005652086,-41142.035414678256,0.0162932790224032,0.02399127589967288,52.046795408733956,64.79970231168303,22.812345863571412,True,True
2026-08-21,26,2890.0,16.0,210.0,4.0,14.0,-307588.3380095171,-4022706.795156789,-4330295.133166306,-2912956.3133707535,23320178.104787324,20407221.79141657,298798.17859582737,-80021.24350069182,0.016877637130801627,0.02323125659978884,52.59935613982121,64.54006296672469,23.569640304021913,True,True
2026-08-21,26,2895.0,12.0,19.0,22.0,2.0,-234378.35101839632,-369424.2328569309,-603802.5838753271,-2146958.148492755,2169954.1868935176,22996.038400762714,37300.24383025485,-9132.755586681442,0.016420361247947456,0.022471910112359578,52.491108905073666,64.93521568717972,23.12565637067641,True,True
2026-08-21,26,2900.0,33.0,3793.0,5.0,669.0,-653971.3052393835,-74755156.05603117,-75409127.36127055,-5797408.0052339565,445483523.4076918,439686115.40245783,4073963.8080030857,-884427.5483446886,0.015909090909090973,0.021717670286278405,60.79146199731387,56.99052397739738,37.72432472531961,True,True
2026-08-21,26,2905.0,5.0,27.0,6.0,7.0,-100396.87555566063,-540209.6276327289,-640606.5031883896,-861852.0908399957,3258902.2601384623,2397050.1692984668,29734.6212874582,-5349.84179475187,0.015339233038348216,0.02105263157894726,53.099550687905165,64.93195261009166,23.699294085228956,True,True
2026-08-21,26,2910.0,39.0,198.0,1.0,2.0,-794656.0172080897,-4007206.846999268,-4801862.864207358,-6592931.693620499,24563904.36782198,17970972.67420148,184710.0097301022,-23788.60821738932,0.01719901719901709,0.022181146025878055,53.77112357433579,64.48997595385158,24.764248892720868,True,True
2026-08-21,26,2915.0,11.0,12.0,20.0,3.0,-226608.85833099787,-245843.45712548078,-472452.3154564786,-1821975.382680977,1529232.3320074375,-292743.0506735395,14425.991292290793,-746.472604003976,0.015325670498084325,0.02146690518783547,53.643403355165944,34.949870371163364,24.234737083649126,True,True
2026-08-21,26,2920.0,31.0,440.0,1.0,4.0,-645669.9642353569,-9131961.986918567,-9777631.951153923,-5028103.411800107,57567609.521909855,52539506.11010975,219096.5764801031,17531.2271916895,0.01595744680851068,0.019080659150043387,54.898175832647745,63.961482083049276,26.23774331511612,True,True
2026-08-21,26,2925.0,8.0,15.0,2.0,6.0,-168460.69130184304,-314673.42226388387,-483134.1135657269,-1269901.960695528,2014254.0108799892,744352.0501844613,6920.220572354654,2477.4845991816514,0.01664355062413319,0.018471872376154518,54.23738909229711,64.94866442774916,24.804213846145682,True,True
2026-08-21,26,2930.0,25.0,401.0,14.0,6.0,-532234.7845755799,-8483344.300396027,-9015579.084971607,-3881416.1997453505,55240659.615209416,51359243.415464066,55476.268789720314,76176.11154704996,0.01739130434782592,0.019480519480519525,55.34453642483763,64.04242246589777,26.644285675865625,True,True
2026-08-21,26,2935.0,4.0,28.0,6.0,5.0,-85830.08610935025,-598265.8303092844,-684095.9164186346,-606871.435311527,3955744.5666400036,3348873.1313284766,-1206.9643680025767,8052.945010415861,0.018154311649016687,0.01730920535011793,54.25099627704374,64.92733522088842,24.839453984537784,True,True
2026-08-21,26,2940.0,103.0,594.0,2.0,15.0,-2229310.280719412,-12779116.674422476,-15008426.955141889,-15253713.44756783,86056384.66135652,70802671.21378869,-149784.52105141262,227051.23838626457,0.01741884402216946,0.01826484018264845,55.3645907138798,63.405900512252565,27.137147111825875,True,True
2026-08-21,26,2945.0,12.0,11.0,1.0,4.0,-261366.9335185035,-238461.04810348616,-499827.98162198963,-1732823.18652089,1634131.5148183391,-98691.67170255096,-9210.209867888036,9237.518607640111,0.018227009113504583,0.017699115044247826,53.65626360926123,34.94706345037817,24.236262089653145,True,True
2026-08-21,26,2950.0,1317.0,1849.0,93.0,649.0,-28865723.63223111,-40326389.01189059,-69192112.6441217,-185217849.33145308,281607048.0195006,96389198.68804753,-1872767.9915634007,1511900.2884481824,0.019113814074717662,0.01714285714285698,59.9899302808537,57.65085546082669,36.21584820370608,True,True
2026-08-21,26,2955.0,21.0,26.0,3.0,4.0,-462432.93876248115,-570483.8679783565,-1032916.8067408376,-2873245.1301992545,4059121.08616081,1185875.9559615557,-37038.81064631314,26035.000349002956,0.02005469462169556,0.01662049861495849,53.12677276238181,64.89027752354055,23.76160088819817,True,True
2026-08-21,26,2960.0,67.0,589.0,4.0,4.0,-1482253.0272203204,-12980992.14368989,-14463245.17091021,-8907138.840468667,94228263.33315043,85321124.49268177,-646573.5238568971,412859.38162687735,0.021093000958772794,0.01610738255033542,54.11778670219781,63.463806276202654,25.86080535157582,True,True
2026-08-21,26,2965.0,18.0,21.0,1.0,4.0,-399424.8703334611,-464123.73413594725,-863548.6044694083,-2322670.6564891464,3441154.987989878,1118484.3315007314,-46330.4447946462,27495.35516154416,0.022199798183652905,0.015604681404421361,52.5241471415469,64.90826597036988,23.161888819389155,True,True
2026-08-21,26,2970.0,4951.0,465.0,79.0,1.0,-110018276.91273373,-10297423.271814253,-120315700.18454799,-619491675.193413,78016410.03106168,-541475265.1623514,-7531073.202045056,4221600.377985821,0.023379383634431487,0.016383112791430336,63.54096439817205,22.22083462177654,43.97595627459751,True,True
2026-08-21,26,2975.0,117.0,118.0,3.0,1.0,-2603443.476661676,-2612005.154712143,-5215448.631373819,-14177093.538876329,20255604.350096334,6078510.811220005,-371818.31037459034,199738.85948274686,0.02469135802469139,0.018303843807199512,52.29047588960769,64.44604588155684,23.361992203574257,True,True
2026-08-21,26,2980.0,64.0,115.0,8.0,26.0,-1423730.5452158246,-2546421.5372533044,-3970152.082469129,-7503152.255491903,20193121.57647343,12689969.320981527,-317242.3117706808,164490.62922062693,0.026097271648873103,0.016568047337278173,51.89300475785195,64.57831461489893,22.85776806357159,True,True
2026-08-21,26,2985.0,43.0,59.0,4.0,1.0,-954775.5527909903,-1304746.8936967824,-2259522.4464877727,-4873576.015291722,10590201.546420243,5716625.531128521,-199627.24096153013,100517.82811558389,0.027603513174404053,0.01721170395869191,51.41408497957399,64.76000532983502,22.27121553840545,True,True
2026-08-21,26,2990.0,196.0,590.0,8.0,3.0,-4336073.873704351,-13007689.434400082,-17343763.308104433,-21454914.92618399,108192135.99377845,86737221.06759447,-1702494.361746567,829915.7427831612,0.02921646746347945,0.017797552836485077,52.538037338944974,63.15785603589177,24.663964923719526,True,True
2026-08-21,26,2995.0,22.0,117.0,1.0,2.0,-484256.8915745238,-2566140.035008896,-3050396.92658342,-2321614.865608345,21912164.134080864,19590549.26847252,-330900.01478241826,156437.36666201142,0.028169014084507043,0.018328840970350282,50.89798465296666,64.67600555088404,21.84568186929362,True,True
2026-08-21,26,3000.0,191.0,657.0,10.0,3.0,-4177319.0134475078,-14294231.658952126,-18471550.672399633,-19394044.52275732,125587003.58551851,106192959.06276119,-2194045.6204173784,1010120.3581955058,0.029940119760479042,0.019843342036553583,52.05831582969845,63.03806969514927,24.323267405947036,True,True
2026-08-21,26,3005.0,17.0,21.0,4.0,2.0,-368640.9174672135,-453299.97377113864,-821940.8912383522,-1658481.301296255,4097943.3079181626,2439462.0066219075,-106313.84746063367,47698.010622408445,0.03184713375796178,0.020263424518743668,50.03213493899105,64.91269253808579,20.881474205259003,True,True
2026-08-21,26,3010.0,130.0,177.0,5.0,1.0,-2789288.7911800654,-3782780.38302961,-6572069.174209675,-12168831.796678493,35241439.251392655,23072607.454714164,-917153.365755487,403038.14345697244,0.03389830508474576,0.022604422604422716,50.24868434623746,64.30195612769225,21.638867346326936,True,True
2026-08-21,26,3015.0,9.0,17.0,4.0,1.0,-190822.94017665225,-359246.7775874158,-550069.717764068,-806873.0228292445,3452306.121892138,2645433.0990628935,-82287.51723480123,35508.50189266298,0.03978300180831819,0.021936099189318048,49.293891533255,64.94156943686475,20.265238835984622,True,True
2026-08-21,26,3020.0,514.0,404.0,14.0,2.0,-10748570.053183759,-8425273.905825654,-19173843.959009413,-44085323.80141911,83622241.93251263,39536918.13109352,-3057763.285605899,1298061.8575088389,0.03861003861003861,0.02128644146228595,50.916470100648816,62.9634763485514,23.40852079304756,True,True
2026-08-21,26,3025.0,32.0,24.0,1.0,7.0,-659217.601251928,-493670.37659773225,-1152887.9778496602,-2621276.2978710956,5062467.814400991,2441191.516529896,-194868.22419254162,81583.52760266777,0.04132231404958678,0.02067415730337089,48.78411957626697,64.87754145614224,19.81026281306567,True,True
2026-08-21,26,3030.0,47.0,91.0,17.0,5.0,-952152.230793468,-1839391.6535782523,-2791543.8843717203,-3674001.404479286,19527313.841065403,15853312.436586117,-496342.57128355454,205930.03522111184,0.04424778761061947,0.02092414995640807,48.624866616481086,64.7034990876402,19.83649610050731,True,True
2026-08-21,26,3035.0,211.0,24.0,27.0,5.0,-4199311.934558045,-476540.55747556256,-4675852.492033607,-15716381.729934542,5237738.479618662,-10478643.250315879,-873028.4967759222,358419.56144709967,0.04275534441805219,0.021159542953872196,48.56370992542704,34.50336223711547,19.91627154742756,True,True
2026-08-21,26,3040.0,71.0,21.0,30.0,7.0,-1385085.934892271,-408978.120335262,-1794064.055227533,-5033939.620150409,4659058.373583867,-374881.2465665415,-356181.6935302358,143485.49819070657,0.0510204081632653,0.02055076037813399,47.863116902396484,34.8094859844914,19.088653692169064,True,True
2026-08-21,26,3045.0,25.0,16.0,7.0,7.0,-476691.2990665834,-304734.21171281056,-781425.510779394,-1684709.9620808568,3606657.439843336,1921947.4777624793,-164296.45078014425,65079.482730795644,0.04931506849315061,0.01996007984031936,47.50567400527166,64.91699416740452,18.611427925615125,True,True
2026-08-21,26,3050.0,115.0,502.0,25.0,1.0,-2138511.2349037896,-9336484.431684824,-11474995.666588614,-7347441.5107072,115029145.4668545,107681703.9561473,-2549832.5691714115,992969.6185440122,0.05309734513274328,0.01863354037267085,48.39819099188798,63.78119909379577,20.459537165789445,True,True
2026-08-21,26,3055.0,25.0,16.0,3.0,3.0,-452563.44681685953,-289359.95034576504,-741923.3971626246,-1508223.029817261,3718413.962222885,2210190.9324056236,-173246.8887662394,66580.86090057343,0.05750798722044742,0.018846588767433094,46.83065414360881,64.9211908475136,18.04020195747111,True,True
2026-08-21,26,3060.0,89.0,4.0,57.0,2.0,-1564106.9483984876,-70778.88079941385,-1634885.8291979015,-5072812.489851224,957060.378759596,-4115752.111091628,-400816.98102747294,151870.36021212608,0.055172413793103496,0.07495361781076083,45.84924429760574,34.826356511207756,17.943911225011426,True,True
2026-08-21,26,3065.0,82.0,7.0,14.0,3.0,-1396282.4489444164,-119637.94458245742,-1515920.3935268738,-4414708.107615447,1695443.0174795552,-2719265.0901358915,-387676.17571322503,145566.4139880547,0.06691449814126398,0.052574720921858206,45.715953322935064,34.838994131799865,17.641974536633644,True,True
2026-08-21,26,3070.0,81.0,44.0,8.0,1.0,-1334498.0676738408,-725638.3794535733,-2060136.447127414,-4103568.1577571547,10786021.988888137,6682453.831130982,-552674.6902392965,204113.487243249,0.06451612903225812,0.04966771598460997,45.58698016443171,64.78118321676246,17.483309019958575,True,True
2026-08-21,26,3075.0,119.0,12.0,25.0,1.0,-1894125.1034777516,-190632.22998989784,-2084757.3334676495,-5675173.860133449,2985241.424960386,-2689932.4351730626,-574957.7510021023,213110.3722768344,0.07860262008733628,0.04974446337308355,45.10276077339278,34.77857596446064,17.215842179644074,True,True
2026-08-21,26,3080.0,143.0,14.0,6.0,1.0,-2196520.8651777087,-213359.24399182454,-2409880.109169533,-6411275.2791746305,3531662.7342601456,-2879612.544914485,-688128.2537258446,253730.18397078346,0.08530805687203795,0.055094590109525464,44.69230120298231,34.74404313196099,17.018124033928668,True,True
2026-08-21,26,3085.0,92.0,5.0,16.0,3.0,-1361534.4627461599,-72936.93438193189,-1434471.3971280917,-3871474.9790418935,1274738.6355956073,-2596736.3434462864,-425271.900408026,155236.63045784202,0.08247422680412361,0.055519690122659754,44.3175838400037,34.84764538439557,16.519978292750206,True,True
2026-08-21,26,3090.0,315.0,15.0,10.0,1.0,-4477159.463909611,-207845.2234832453,-4685004.687392856,-12407687.912794493,3873811.8591202437,-8533876.053674249,-1446663.228538025,520429.8962634218,0.08988764044943828,0.04466813463353252,44.57572746186807,34.502390475582736,17.03294394708511,True,True
2026-08-21,26,3095.0,42.0,5.0,2.0,1.0,-571128.5420190315,-65699.70260622462,-636828.244625256,-1538913.9196914523,1305287.196181689,-233626.72350976337,-205556.66172828514,72580.26689638075,0.09876543209876541,0.0428921568627451,43.5884385706553,34.93242437498811,15.773962633560798,True,True
2026-08-21,26,3100.0,354.0,15.0,5.0,1.0,-4595177.86566096,-188425.55752722264,-4783603.4231881825,-12076255.415051956,3939799.5795634515,-8136455.835488504,-1593594.6577676462,559671.3562155641,0.08108108108108115,0.031575811736669714,44.417564407744706,34.49191803331584,16.57054466271003,True,True
2026-08-21,26,3105.0,1134.0,8.0,1.0,1.0,-14018238.540753007,-95492.84417363661,-14113731.384926643,-35946022.537284516,2117553.2001934987,-33828469.337091014,-4858688.661697935,1695292.458546433,0.1037037037037036,0.03191180736872643,45.417663441524354,33.50093001797333,18.843277154144555,True,True
2026-08-21,26,3110.0,196.0,4.0,2.0,3.0,-2306637.5964285624,-44454.48134238318,-2351092.0777709456,-5793802.665862117,1072167.6113667926,-4721635.054495324,-835539.1594109221,290072.35261397547,0.09677419354838704,0.03230376877302362,43.24629723044801,34.75028518910181,15.418817540037383,True,True
2026-08-21,26,3115.0,56.0,4.0,2.0,3.0,-625737.7095181328,-40567.48227551178,-666305.1917936446,-1535487.535032536,1087534.7375961312,-447952.79743640474,-245486.80722766748,84444.2833018639,0.12389380530973454,0.04710446106954835,42.03806556861034,34.92926280277017,14.671576419014128,True,True
2026-08-21,26,3120.0,67.0,6.0,5.0,1.0,-710274.3725917498,-57457.141388161595,-767731.5139799113,-1704025.3457264046,1639893.3968054496,-64131.94892095495,-291656.44394930766,99971.76230228704,0.1359223300970874,0.02970564407237375,41.86159978124934,34.91869035001795,14.426799733701253,True,True
2026-08-21,26,3125.0,104.0,10.0,2.0,4.0,-1045886.0280187544,-84380.30979209754,-1130266.337810852,-2455695.1870586374,2769965.475155137,314270.28809649963,-443054.65324396524,151313.2548489908,0.127659574468085,0.04648705758055986,41.53580231806249,64.87990259737256,14.269984894632254,True,True
2026-08-21,26,3130.0,77.0,20.0,3.0,1.0,-732040.0588324289,-153776.62452781675,-885816.6833602457,-1677464.422300084,5578741.774207254,3901277.35190717,-363042.07297959935,120503.61215761755,0.16470588235294112,0.04435275915420318,40.69188496048818,64.90591036332178,13.926950510340522,True,True
2026-08-21,26,3135.0,64.0,7.0,8.0,5.0,-575736.3768343037,-48887.814372703106,-624624.1912070068,-1296756.372555885,1964765.1455461537,668008.7729902687,-259096.26823058867,86510.26270887707,0.15384615384615385,0.04583228405943084,40.49338568525821,64.93363395214375,13.559720361492714,True,True
2026-08-21,26,3140.0,695.0,1.0,13.0,1.0,-5888271.19044226,-6096.134346806175,-5894367.324789067,-13011170.165281411,282930.0245379364,-12728240.140743475,-2475802.675816588,829629.5435547689,0.19718309859154923,0.04628261939931071,40.86918403531574,34.3739391193222,15.204838541797097,True,True
2026-08-21,26,3145.0,100.0,2.0,33.0,2.0,-799938.6865197473,-11306.18422737642,-811244.8707471236,-1744003.2586925947,567554.468382733,-1176448.7903098618,-349530.1404430453,116423.18255129084,0.19847328244274803,0.05722529454195723,39.14957943225281,34.913847500203296,13.082059362448268,True,True
2026-08-21,26,3150.0,3328.0,11.0,4.0,3.0,-24817662.69145633,-52434.178051612835,-24870096.869507942,-52828476.740506686,3142775.2239188375,-49685701.516587846,-11018766.95788862,3645948.776319486,0.18803418803418814,0.05644402634054563,45.85458982381608,32.358457418721684,22.594784366532753,True,True
2026-08-21,26,3155.0,36.0,4.0,1.0,3.0,-251181.99052259288,-13765.650637657945,-264947.6411602508,-525007.7903914162,1153543.7300570577,628535.9396656415,-122918.88774669754,39904.48910231036,0.22641509433962265,0.05387980658530964,38.08115756624652,64.9718350884152,12.32039265455207,True,True
2026-08-21,26,3160.0,1175.0,2.0,8.0,4.0,-7694637.398169799,-12777.974547471515,-7707415.372717271,-15850848.644413443,560218.4041350797,-15290630.240278363,-3599037.750793297,1187524.5607142737,0.22680412371134034,0.08443153897699354,39.728557929015565,34.181368535276704,15.416041817483014,True,True
2026-08-21,26,3165.0,40.0,0.0,7.0,0.0,-246071.19311455684,0.0,-246071.19311455684,-500116.379363169,0.0,-500116.379363169,-117842.51464598135,38959.95555879662,0.24719101123595508,,34.30102229619516,34.973893882097045,11.750418530118441,True,True
2026-08-21,26,3170.0,582.0,1.0,4.0,1.0,-3337033.1050821096,-48.864551892475,-3337081.969634002,-6648254.810565431,292972.60154210764,-6355282.209023323,-1647645.2609797707,544829.0458523314,0.25,0.05743899805657518,37.964981956913334,34.64555882213523,13.052110072726308,True,True
2026-08-21,26,3175.0,56.0,3.0,2.0,3.0,-302785.8945638179,-0.00012134694452975801,-302785.89468516485,-596758.0322572622,878999.6399993835,282241.6077421213,-152731.12537214792,50677.286698575685,0.27027027027027023,0.05586119339822267,36.29598969335244,64.9677868699177,11.233966972393427,True,True
2026-08-21,26,3180.0,1702.0,1.0,5.0,1.0,-8535848.756941278,-4777.239779220932,-8540625.996720498,-16470647.53702124,284073.6054449485,-16186573.931576291,-4370626.811765621,1429521.545845826,0.30303030303030304,0.07736625514403297,38.661893128670165,34.092870168905584,15.683673252499558,True,True
2026-08-21,26,3185.0,85.0,3.0,1.0,1.0,-400472.1508217723,-0.00010288027911855192,-400472.1509246526,-765585.7111219489,878999.6399990041,113413.92887705518,-207483.93311358965,67608.5153907926,0.3606557377049181,0.05447154471544706,34.453333775576525,64.95733214759551,10.745757213961674,True,True
2026-08-21,26,3190.0,216.0,2.0,1.0,1.0,-943738.5355701125,-0.00011432107133992009,-943738.5356844336,-1776246.256931132,585999.759999842,-1190246.4969312898,-497628.19060740253,160974.2793467213,0.3272727272727274,0.05978477481068144,34.86390678635761,34.89977472133845,10.82913192791792,True,True
2026-08-21,26,3195.0,282.0,0.0,2.0,0.0,-1145122.3315064022,0.0,-1145122.3315064022,-2128520.0095909527,0.0,-2128520.0095909527,-615247.1993338893,198282.4183121808,0.31999999999999995,,30.92021812392082,34.87837946519453,10.721772982604712,True,True
2026-08-21,26,3200.0,1071.0,3.0,9.0,2.0,-4061845.6528811273,-3.165714070768393e-05,-4061845.6529127844,-7483764.68851266,878999.6400000001,-6604765.04851266,-2223506.154638933,716483.3987398326,0.3478260869565219,0.056067588325652826,35.84632876424074,34.56857896247255,12.654188213451064,True,True
2026-08-21,26,3205.0,109.0,0.0,14.0,0.0,-384425.11429769924,0.0,-384425.11429769924,-700856.4906256663,0.0,-700856.4906256663,-215123.76209675518,69309.73376948676,0.38095238095238093,,28.15826662124913,34.95919022143341,9.66121206376324,True,False
2026-08-21,26,3210.0,366.0,0.0,7.0,0.0,-1194427.445566665,0.0,-1194427.445566665,-2150106.3885506964,0.0,-2150106.3885506964,-686011.9307691712,220993.58049608124,0.4210526315789473,,27.212404232810105,34.87314252006243,10.087865588848233,True,False
2026-08-21,26,3215.0,132.0,0.0,87.0,0.0,-396318.37236193597,0.0,-396318.37236193597,-702477.6094288809,0.0,-702477.6094288809,-234746.66941731243,75612.39648606205,0.47058823529411764,,24.948828945461504,34.95792694611494,9.152342173017628,True,False
2026-08-21,26,3220.0,76.0,0.0,5.0,0.0,-215577.84327987544,0.0,-215577.84327987544,-381083.9232075023,0.0,-381083.9232075023,-130221.71539846867,42234.62606267024,0.5,,23.66405662984319,34.977142059349674,8.712729657458326,True,False
2026-08-21,26,3225.0,256.0,1.0,2.0,1.0,-685031.2330045152,-1.9346030433046973e-05,-685031.2330238612,-1206253.923342422,292999.87999996846,-913254.0433424534,-422709.8755328041,138035.6768099327,0.5333333333333332,0.05329593267882183,29.96161292220802,34.92725678141388,8.922975374510973,True,True
2026-08-21,26,3230.0,301.0,1.0,3.0,2.0,-730218.9343284196,-1.758730039376595e-05,-730218.934346007,-1255480.5719403815,292999.8799999368,-962480.6919404448,-463446.4992401254,150341.36203598703,0.6153846153846153,0.051034482758620534,28.575176784601187,34.92245639226887,8.757201666747344,True,True
2026-08-21,26,3235.0,28.0,0.0,3.0,0.0,-63521.74958939788,0.0,-63521.74958939788,-108427.57256800708,0.0,-108427.57256800708,-40349.8154898023,13034.370251830467,0.6666666666666666,,17.70966668727159,34.9933914652919,7.726633727648142,True,False
2026-08-21,26,3240.0,67.0,0.0,1.0,0.0,-141387.46516148731,0.0,-141387.46516148731,-239380.18494154763,0.0,-239380.18494154763,-90192.26724889057,29012.778685560734,0.7272727272727273,,15.68925280441145,34.98504538783688,7.5473903072570865,True,False
2026-08-21,26,3245.0,6.0,0.0,3.0,0.0,-11705.155116531625,0.0,-11705.155116531625,-19633.872361161626,0.0,-19633.872361161626,-7530.424858789594,2412.194491459941,0.7999999999999999,,13.09447907395335,34.9995207000725,7.09799914716846,True,False
2026-08-21,26,3250.0,201.0,0.0,7.0,0.0,-359876.80648885336,0.0,-359876.80648885336,-597138.4759200513,0.0,-597138.4759200513,-234748.4814265548,74880.57969966321,0.888888888888889,,10.554308977588454,34.96180130334295,7.33694098123407,True,False
2026-08-21,26,3255.0,25.0,0.0,14.0,0.0,-43714.65306962985,0.0,-43714.65306962985,-73395.41803761189,0.0,-73395.41803761189,-28573.40887167716,9224.75580294659,0.888888888888889,,9.89902142239269,34.99556127833426,6.58004814431495,True,False
2026-08-21,26,3260.0,28.0,1.0,1.0,1.0,-44555.18051316999,-2.46258393382132e-05,-44555.18053779583,-73843.05348021594,292999.88,219156.82651978405,-29743.315422980046,9562.39771549905,0.9999999999999999,0.0453763104365514,20.60905814844621,64.995199189402,6.305986972434163,True,True
2026-08-21,26,3265.0,10.0,0.0,1.0,0.0,-14329.156041400189,0.0,-14329.156041400189,-23377.397542461695,0.0,-23377.397542461695,-9854.311404533111,3154.914082315435,1.1428571428571428,,5.965251119618429,34.99911966651428,5.970803550253248,True,False
2026-08-21,26,3270.0,10.0,0.0,2.0,0.0,-14005.97250417185,0.0,-14005.97250417185,-23111.50678131979,0.0,-23111.50678131979,-9661.061914069318,3130.1251367926307,1.1428571428571428,,5.680836896195084,34.99916137430353,5.686369711691812,True,False
2026-08-21,26,3275.0,3.0,0.0,3.0,0.0,-3735.709493935235,0.0,-3735.709493935235,-6043.36253628365,0.0,-6043.36253628365,-2685.730439220448,866.5476619824323,1.3333333333333335,,5.381672028894428,35.00208486806754,5.38330358538274,True,False
2026-08-21,26,3280.0,346.0,0.0,3.0,0.0,-421412.228556816,0.0,-421412.228556816,-689306.5260176788,0.0,-689306.5260176788,-304015.2722884162,99252.40985897637,1.3333333333333335,,5.820039355459375,34.9552620449511,6.007639281487311,True,False
2026-08-21,26,3285.0,6.0,0.0,2.0,0.0,-6392.677388538121,0.0,-6392.677388538121,-10189.41732980396,0.0,-10189.41732980396,-4880.185763975323,1586.6591830422453,1.6,,4.819165286566584,35.00079298174679,4.822362926946381,True,False
2026-08-21,26,3290.0,5.0,0.0,1.0,0.0,-5214.290782687614,0.0,-5214.290782687614,-8400.642126597459,0.0,-8400.642126597459,-3995.873287881574,1314.3657090194388,1.6,,4.532643828303625,35.001231536590964,4.53530167387418,True,False
2026-08-21,26,3295.0,41.0,0.0,2.0,0.0,-39278.15032101263,0.0,-39278.15032101263,-62588.99433207014,0.0,-62588.99433207014,-31250.36147215289,10317.40553928915,1.5555555555555556,,4.324090059106456,34.996067780599496,4.345673238049776,True,False
2026-08-21,26,3300.0,128.0,0.0,2.0,0.0,-128009.67335153715,0.0,-128009.67335153715,-210598.05430912843,0.0,-210598.05430912843,-98845.13613843036,33264.11452438256,2.0,,4.223005266729703,34.986474855284676,4.290713745403063,True,False
2026-08-21,26,3305.0,13.0,0.0,10.0,0.0,-11121.287495083989,0.0,-11121.287495083989,-17668.828474258364,0.0,-17668.828474258364,-8802.824104158137,2910.7520115270318,2.0,,3.6962590367505155,34.999667672531594,3.7030215938612514,True,False
2026-08-21,26,3310.0,381.0,0.0,1.0,0.0,-319358.1768839719,0.0,-319358.1768839719,-512584.88544636057,0.0,-512584.88544636057,-252618.41206742314,84372.28673375434,2.0,,4.187307234305866,34.96610907707987,4.385102747665058,True,False
2026-08-21,26,3315.0,16.0,0.0,10.0,0.0,-13144.057262533743,0.0,-13144.057262533743,-21310.561065605827,0.0,-21310.561065605827,-10391.151078385536,3505.085596324257,2.0,,3.1337522944226737,34.999307765492986,3.1420424437246437,True,False
2026-08-21,26,3320.0,22.0,0.0,1.0,0.0,-16262.988998508856,0.0,-16262.988998508856,-25978.83387099381,0.0,-25978.83387099381,-12798.614914455478,4269.277847854397,2.0,,2.8619814800370245,34.99885002005232,2.873270574656541,True,False
2026-08-21,26,3325.0,79.0,0.0,78.0,0.0,-57250.190891628976,0.0,-57250.190891628976,-92366.45327610966,0.0,-92366.45327610966,-45065.180222259754,15181.688941032773,2.0,,2.697679642471794,34.99408164515454,2.7381480348868914,True,False
2026-08-21,26,3330.0,7.0,0.0,2.0,0.0,-4974.277232579815,0.0,-4974.277232579815,-8104.580589484245,0.0,-8104.580589484245,-3916.668915890584,1332.3967444065443,2.0,,2.2615445105960945,35.00132224091059,2.2651243377232837,True,False
2026-08-21,26,3335.0,2.0,0.0,1.0,0.0,-1393.9634449705377,0.0,-1393.9634449705377,-2293.304129015484,0.0,-2293.304129015484,-1097.9470687944745,377.12657259705264,2.0,,1.9665941129746685,35.00638987219362,1.9676152663043136,True,False
2026-08-21,26,3340.0,7.0,0.0,2.0,0.0,-4786.452088660166,0.0,-4786.452088660166,-7950.261593110891,0.0,-7950.261593110891,-3771.4352047347174,1307.8374983677838,2.0,,1.6927160637494054,35.00137810670614,1.6962844911123418,True,False
2026-08-21,26,3345.0,24.0,0.0,5.0,0.0,-16103.624468571772,0.0,-16103.624468571772,-27002.109918929986,0.0,-27002.109918929986,-12694.00339642584,4443.657311219501,2.0,,1.4441248325995317,34.998845067410365,1.4563408036465078,True,False
2026-08-21,26,3350.0,1447.0,0.0,3.0,0.0,-952966.7333305134,0.0,-952966.7333305134,-1612903.0422289483,0.0,-1612903.0422289483,-751541.9991822086,265548.85404539475,2.0,,4.158305785949775,34.898791258684845,4.893737736237353,True,False
2026-08-21,26,3355.0,4.0,0.0,3.0,0.0,-2821.9377376263815,0.0,-2821.9377376263815,-4937.709426547897,0.0,-4937.709426547897,-2225.099110998412,809.2161977749143,2.0,,0.8331516889605194,35.00273750251533,0.835196059856991,True,False
2026-08-21,26,3360.0,2.0,0.0,2.0,0.0,-1385.7818475665647,0.0,-1385.7818475665647,-2446.759197099574,0.0,-2446.759197099574,-1092.5867882252141,400.9185659484721,2.0,,0.5445229958579442,35.00598086488084,0.5455436526178561,True,False
2026-08-21,26,3365.0,6.0,0.0,2.0,0.0,-4083.990662648454,0.0,-4083.990662648454,-7275.349761325541,0.0,-7275.349761325541,-3219.772451717435,1191.9801920455639,2.0,,0.2685377117930623,35.001627697786176,0.2715952299088227,True,False
2026-08-21,26,3370.0,4.0,0.0,1.0,0.0,-2450.2679421745943,0.0,-2450.2679421745943,-4300.240078397084,0.0,-4300.240078397084,-1936.7091103941689,709.6031348850195,2.0,,0.00842893935846406,35.0032271145555,0.010450752316420795,True,False
2026-08-21,26,3375.0,80.0,0.0,78.0,0.0,-48151.365095720445,0.0,-48151.365095720445,-85253.20845377653,0.0,-85253.20845377653,-38084.10350824843,14077.647647958636,2.0,,0.1685787871692812,34.99506161386029,0.20896321446397617,True,False
2026-08-21,26,3380.0,2.0,0.0,1.0,0.0,-1183.0451370046005,0.0,-1183.0451370046005,-2112.9184440236245,0.0,-2112.9184440236245,-936.3450153318404,349.15419850225146,2.0,,0.00421446967923203,35.00697017170279,0.005222821639809888,True,False
2026-08-21,26,3385.0,4.0,0.0,7.0,0.0,-2325.786482433962,0.0,-2325.786482433962,-4189.746609447251,0.0,-4189.746609447251,-1842.1225827665785,692.8759603102079,2.0,,0.00842893935846406,35.003332284285925,0.010443197101686051,True,False
2026-08-21,26,3390.0,50.0,1.0,1.0,1.0,-25743.595646689646,-3.341949687828048e-05,-25743.59568010914,-45577.255556786105,292999.8799999052,247422.62444311907,-20738.859621355426,7721.359493597081,2.0,0.04173140954494996,0.10746897682041678,64.99720505488214,0.13291344044035322,True,True
2026-08-21,26,3395.0,2.0,1.0,1.0,1.0,-1124.2614397392058,-8.788448556901317e-06,-1124.2614485276545,-2059.8394611299145,292999.87999987364,290940.0405387437,-891.8390124669576,341.20826887079403,2.0,0.025041551246537296,0.006321704518848045,64.99982903129016,0.007794763100783292,True,True
2026-08-21,26,3400.0,136.0,0.0,1.0,0.0,-67703.19313394313,0.0,-67703.19313394313,-121902.23040407032,0.0,-121902.23040407032,-54696.75842257806,20717.05500352839,2.0,,0.28658393818777805,34.99293204756029,0.35437840113396313,True,False
2026-08-21,26,3405.0,49.0,0.0,1.0,0.0,-23992.397304220343,0.0,-23992.397304220343,-43558.9000567507,0.0,-43558.9000567507,-19411.465835254523,7414.753205272506,2.0,,0.10325450714118473,34.997796034167315,0.12765613559532585,True,False
2026-08-21,26,3410.0,11.0,1.0,1.0,1.0,-5298.551604534241,-2.8114347499177076e-05,-5298.551632648589,-9698.883616109793,292999.87999946275,283300.99638335296,-4293.215955553477,1653.6980745526569,2.0,0.026894343649946688,0.02528681807539218,64.99938427464664,0.03122769859296675,True,True
2026-08-21,26,3450.0,1196.0,0.0,2.0,0.0,-565340.5004217698,0.0,-565340.5004217698,-1129739.6522646118,0.0,-1129739.6522646118,-453183.762074688,189309.61369689315,1.4285714285714286,,2.520252868180754,34.939966419371906,3.1146215514022044,True,False
2026-08-21,26,3500.0,163.0,0.0,1.0,0.0,-60100.6281102849,0.0,-60100.6281102849,-125773.23459063165,0.0,-125773.23459063165,-50139.292979637874,22166.20880494745,1.3333333333333335,,0.3434792788574104,34.99373575636072,0.42345572460634656,True,False
2026-08-21,26,3550.0,64.0,0.0,20.0,0.0,-23080.634162070346,0.0,-23080.634162070346,-52824.136328405744,0.0,-52824.136328405744,-18970.538735081736,9106.741511093169,2.0,,0.13486302973542497,34.99783247814631,0.16623343623078632,True,False
2026-08-21,26,3600.0,26.0,0.0,20.0,0.0,-6586.377837819335,0.0,-6586.377837819335,-15164.91852725831,0.0,-15164.91852725831,-6004.350722964875,2980.9437766899223,2.0,,0.05478810583001639,35.000289496780155,0.06736299074294769,True,False
2026-08-21,26,3650.0,12.0,0.0,10.0,0.0,-2726.1986075527866,0.0,-2726.1986075527866,-6629.817683296139,0.0,-6629.817683296139,-2539.6459477518015,1337.1026242573678,2.0,,0.02528681807539218,35.001972605036194,0.031071573499971715,True,False
2026-08-21,26,3700.0,96.0,0.0,1.0,0.0,-19722.306810034665,0.0,-19722.306810034665,-50449.97698040301,0.0,-50449.97698040301,-18767.213879264367,10436.310135860867,2.0,,0.20229454460313745,34.99820254083166,0.24844590355909066,True,False
2026-08-21,26,3750.0,80.0,0.0,1.0,0.0,-18918.59394385281,0.0,-18918.59394385281,-53519.50632641227,0.0,-53519.50632641227,-16517.346973371812,9896.983477086824,2.0,,0.1685787871692812,34.998270854161504,0.20718897544232473,True,False
2026-08-21,26,3800.0,88.0,0.0,88.0,0.0,-20933.18700979717,0.0,-20933.18700979717,-63206.27031020281,0.0,-63206.27031020281,-17920.073674945357,11376.815135360835,2.0,,0.18543666588620936,34.99801392501557,0.22791532212192042,True,False
2026-08-21,26,3850.0,46.0,0.0,40.0,0.0,-10080.02292814111,0.0,-10080.02292814111,-31719.850455617485,0.0,-31719.850455617485,-8747.720583077875,5801.410733160345,2.0,,0.0969328026223367,34.999402239419425,0.11908521723880323,True,False
2026-08-21,26,3900.0,13.0,0.0,5.0,0.0,-2401.9937353602777,0.0,-2401.9937353602777,-7693.781349338687,0.0,-7693.781349338687,-2198.5925140379295,1504.4038073990441,2.0,,0.027394052915008196,35.00169424869272,0.033627405621913437,True,False
2026-08-21,26,3950.0,5.0,0.0,5.0,0.0,-772.2438084508424,0.0,-772.2438084508424,-2502.695197971195,0.0,-2502.695197971195,-757.0823450733177,533.7541781883987,2.0,,0.010536174198080075,35.005909121807605,0.01292441641708279,True,False
2026-08-21,26,4000.0,68.0,0.0,5.0,0.0,-9810.76316661587,0.0,-9810.76316661587,-32907.66800777534,0.0,-32907.66800777534,-9781.211087182108,7162.744772644785,2.0,,0.14329196909388903,34.999413770344766,0.1757300783883028,True,False
2026-08-21,26,4100.0,20.0,0.0,20.0,0.0,-2247.594221414585,0.0,-2247.594221414585,-7795.442178915028,0.0,-7795.442178915028,-2286.967205374958,1755.492616115201,2.0,,0.0421446967923203,35.001685229391846,0.051646599314871165,True,False
2026-08-21,26,4200.0,474.0,0.0,10.0,0.0,-32567.25278174572,0.0,-32567.25278174572,-111640.1320488593,0.0,-111640.1320488593,-33483.30154576766,25748.968556113672,2.0,,0.998829313977991,34.99667527344735,1.2227680041134559,True,False
2026-08-21,26,4250.0,130.0,0.0,30.0,0.0,-15556.724531270564,0.0,-15556.724531270564,-62058.13873803267,0.0,-62058.13873803267,-15800.190950153303,13752.28708135037,2.0,,0.27394052915008194,34.99858936899016,0.33576039426215076,True,False
2026-08-28,33,2200.0,0.0,28.0,0.0,2.0,0.0,-18425.409584023477,-18425.409584023477,0.0,93926.79756081932,93926.79756081932,12276.352714223973,-7862.297792610993,,0.42424242424242425,17.331729848236517,64.99788327351496,0.07323256144250344,True,False
2026-08-28,33,2260.0,0.0,20.0,0.0,20.0,0.0,-17515.230739978604,-17515.230739978604,0.0,87670.60180308715,87670.60180308715,10833.575651814052,-6536.962801622415,,0.3333333333333334,20.042144696792317,64.99796855100308,0.05257324552090132,True,True
2026-08-28,33,2275.0,0.0,20.0,0.0,20.0,0.0,-18693.697484785884,-18693.697484785884,0.0,92796.39971956985,92796.39971956985,11412.101657719815,-6776.210317073939,,0.318181818181818,20.49669015133778,64.9978528323602,0.052644770785252516,True,True
2026-08-28,33,2300.0,0.0,20.0,0.0,20.0,0.0,-21062.195821899393,-21062.195821899393,0.0,103600.02264763098,103600.02264763098,12564.281352846292,-7290.402324208663,,0.30927835051546393,20.7637941813284,64.99761812183542,0.052788523224957674,True,True
2026-08-28,33,2310.0,0.0,15.0,0.0,15.0,0.0,-16580.472848494224,-16580.472848494224,0.0,81287.68019407301,81287.68019407301,9807.568618780073,-5642.105789281115,,0.297029702970297,21.12071743348533,64.9980544005098,0.039638965556288666,True,True
2026-08-28,33,2350.0,0.0,20.0,0.0,20.0,0.0,-26926.98358339227,-26926.98358339227,0.0,130751.47287073001,130751.47287073001,15475.91940109433,-8644.640519625353,,0.2666666666666666,22.04214469679232,64.99702526716055,0.05314447768600025,True,True
2026-08-28,33,2360.0,0.0,36.0,0.0,1.0,0.0,-50827.842598088006,-50827.842598088006,0.0,246144.27083072354,246144.27083072354,29056.79464783737,-16117.503200804373,,0.24,22.875860454226174,64.99454045149398,0.09580325230485053,True,True
2026-08-28,33,2390.0,0.0,2.0,0.0,1.0,0.0,-3238.7630694321406,-3238.7630694321406,0.0,15528.379923218112,15528.379923218112,1808.6918460263296,-974.3779122443796,,0.2285714285714285,23.147071612536372,64.99869008819626,0.005347590343887689,True,True
2026-08-28,33,2405.0,0.0,4.0,0.0,4.0,0.0,-6980.13729772919,-6980.13729772919,0.0,33410.94418431812,33410.94418431812,3808.274305654667,-2012.8983363111279,,0.2400000000000001,22.80842893935846,64.99880967313703,0.010725685915149916,True,True
2026-08-28,33,2430.0,0.0,1.0,0.0,1.0,0.0,-1969.3883157853302,-1969.3883157853302,0.0,9355.889804765571,9355.889804765571,1037.6193699405733,-530.6668321664179,,0.21686746987951794,23.496083138454075,64.9981877273596,0.002695038306424306,True,True
2026-08-28,33,2445.0,0.0,1.0,0.0,1.0,0.0,-2127.7466092813893,-2127.7466092813893,0.0,10086.069089179957,10086.069089179957,1096.0005919292769,-550.6168066894658,,0.20224719101123603,23.934691504502535,64.9982869519713,0.0027046496245666466,True,True
2026-08-28,33,2475.0,0.0,2.0,0.0,1.0,0.0,-4966.795823884403,-4966.795823884403,0.0,23408.124499871785,23408.124499871785,2450.468933564248,-1189.438161331764,,0.19607843137254904,24.121861528502762,64.99883168288318,0.0054524706895693565,True,True
2026-08-28,33,2495.0,0.0,1.0,0.0,1.0,0.0,-2765.033697038696,-2765.033697038696,0.0,13029.695853050442,13029.695853050442,1323.514743546784,-630.4614059686992,,0.19469026548672574,24.417430091820417,64.99855518768884,0.25877415038720436,True,True
2026-08-28,33,2500.0,0.0,2.0,0.0,2.0,0.0,-5663.260415569372,-5663.260415569372,0.0,26617.496286620553,26617.496286620553,2695.1931748795905,-1275.8642532903757,,0.1913043478260869,24.80552907990254,64.99883496670829,0.5459397865650322,True,True
2026-08-28,33,2510.0,0.0,1.0,0.0,1.0,0.0,-2986.062206739604,-2986.062206739604,0.0,14035.213762804975,14035.213762804975,1400.221055303999,-657.19092440847,,0.18181818181818177,25.656835272146772,64.99861417527927,1.1120302356497755,True,True
2026-08-28,33,2515.0,0.0,5.0,0.0,5.0,0.0,-15324.70904792052,-15324.70904792052,0.0,72013.81325516709,72013.81325516709,7134.617946212719,-3334.2096346546186,,0.19354838709677424,25.597772276570808,64.9981640167801,1.4074953716553051,True,True
2026-08-28,33,2520.0,0.0,3.0,0.0,3.0,0.0,-9434.850742029521,-9434.850742029521,0.0,44319.65506535939,44319.65506535939,4361.606770884534,-2029.4900722650189,,0.173228346456693,26.487573249517354,64.99865944774865,1.68640110050183,True,True
2026-08-28,33,2525.0,0.0,9.0,0.0,1.0,0.0,-29034.92327913053,-29034.92327913053,0.0,136319.42834048596,136319.42834048596,13329.383376811968,-6175.320027959868,,0.18461538461538451,26.443019737217654,64.99680606098428,1.987457976301389,True,True
2026-08-28,33,2530.0,0.0,5.0,0.0,4.0,0.0,-16580.73559708497,-16580.73559708497,0.0,78001.24012603163,78001.24012603163,7548.007728863275,-3488.6835384957863,,0.17910447761194034,26.88433223138586,64.99804659797056,2.260814274565215,True,True
2026-08-28,33,2550.0,0.0,16.0,0.0,1.0,0.0,-58726.367922818186,-58726.367922818186,0.0,276565.8620102951,276565.8620102951,25929.786547513824,-11780.292926815295,,0.16216216216216217,28.55343817180836,64.99370822375974,3.4293597356755434,True,True
2026-08-28,33,2560.0,0.0,1.0,0.0,1.0,0.0,-3864.5781218053016,-3864.5781218053016,0.0,18232.035938877987,18232.035938877987,1675.306051828805,-749.5041632026969,,0.15384615384615385,29.34013834554106,64.99876684666634,3.956225790083681,True,True
2026-08-28,33,2565.0,0.0,1.0,0.0,1.0,0.0,-3965.1749178563996,-3965.1749178563996,0.0,18715.52721552638,18715.52721552638,1703.304224217948,-756.1354923525039,,0.1499999999999999,29.739937184349024,64.99877741371328,4.240646119078069,True,True
2026-08-28,33,2575.0,0.0,2.0,0.0,2.0,0.0,-8373.471874613735,-8373.471874613735,0.0,39707.91142239576,39707.91142239576,3521.614921160306,-1542.7234863878068,,0.1411764705882352,30.57557874838827,64.99873287432553,4.812317630118245,True,True
2026-08-28,33,2580.0,0.0,11.0,0.0,11.0,0.0,-47241.09810367908,-47241.09810367908,0.0,223944.384278776,223944.384278776,19689.616603311395,-8557.47399492735,,0.13793103448275876,30.976321168532454,64.99491537159729,5.122270448818213,True,True
2026-08-28,33,2585.0,0.0,24.0,0.0,10.0,0.0,-105875.0613531131,-105875.0613531131,0.0,502690.45458022936,502690.45458022936,43667.90659123624,-18851.241309571524,,0.1452513966480446,31.06851857991223,64.9887247876637,5.443724992569978,True,True
2026-08-28,33,2590.0,0.0,32.0,0.0,2.0,0.0,-144983.74446859292,-144983.74446859292,0.0,689262.43590002,689262.43590002,59177.03493323746,-25373.47162930216,,0.1304347826086958,31.81428910323297,64.98457899008493,5.751116932606227,True,True
2026-08-28,33,2595.0,0.0,2.0,0.0,10.0,0.0,-9305.088726927046,-9305.088726927046,0.0,44281.45818163168,44281.45818163168,3758.610691678527,-1600.5985124622143,,0.13756613756613748,31.821545632744584,64.99867293830958,5.950031066893499,True,True
2026-08-28,33,2600.0,0.0,29.0,0.0,7.0,0.0,-138530.82565604313,-138530.82565604313,0.0,659731.8275951392,659731.8275951392,55376.798268712635,-23420.162922829903,,0.12371134020618568,32.57849911763612,64.98526340380133,6.311827201518175,True,True
2026-08-28,33,2605.0,0.0,8.0,0.0,1.0,0.0,-39276.95824303249,-39276.95824303249,0.0,187514.14777697562,187514.14777697562,15516.613035179083,-6525.063929270484,,0.11999999999999993,32.930001615613094,64.99574825875828,6.536131666714522,True,True
2026-08-28,33,2610.0,0.0,28.0,0.0,2.0,0.0,-141096.89637433665,-141096.89637433665,0.0,673755.3413369075,673755.3413369075,55162.321124482885,-23035.360150163728,,0.12682926829268298,33.051682487048275,64.98499132539041,6.878235882914289,True,True
2026-08-28,33,2615.0,0.0,21.0,0.0,3.0,0.0,-108712.61245775677,-108712.61245775677,0.0,520103.29191036144,520103.29191036144,42002.486534372336,-17438.67488478711,,0.12322274881516576,33.429541650919816,64.98842440011211,7.142656026255848,True,True
2026-08-28,33,2620.0,0.0,2.0,0.0,1.0,0.0,-10633.665579307863,-10633.665579307863,0.0,50955.920479295826,50955.920479295826,4060.0887118964397,-1675.8680326616604,,0.11981566820276504,33.77613083076248,64.99857619364548,7.372182819981493,True,True
2026-08-28,33,2625.0,0.0,4.0,0.0,12.0,0.0,-21837.36989189924,-21837.36989189924,0.0,104784.69887525233,104784.69887525233,8239.270992490317,-3380.9433344309064,,0.11659192825112114,34.161471722414376,64.99753742470581,7.662428053862591,True,True
2026-08-28,33,2630.0,0.0,25.0,0.0,11.0,0.0,-140338.31024966403,-140338.31024966403,0.0,676602.1077770022,676602.1077770022,52185.83641922849,-21341.352056677228,,0.11255411255411245,34.61127234837992,64.98507199123591,8.008120207619976,True,True
2026-08-28,33,2635.0,2.0,4.0,2.0,10.0,-11923.213381375892,-23042.551592139323,-34965.764973515215,-522323.1180358574,111182.5440234349,-411140.57401242247,12532.36915522111,-5223.25193508488,0.03826850690087826,0.10970464135021103,36.012675262707596,34.99632264349909,8.237204327374748,True,True
2026-08-28,33,2640.0,0.0,3.0,0.0,11.0,0.0,-17743.131967414272,-17743.131967414272,0.0,85813.23117819287,85813.23117819287,6432.117082702323,-2602.298434858697,,0.11475409836065577,35.06774205455876,64.99794064163764,8.512846721279141,True,True
2026-08-28,33,2645.0,0.0,1.0,0.0,2.0,0.0,-6070.210879600184,-6070.210879600184,0.0,29419.266580763997,29419.266580763997,2170.936847495054,-874.094649662562,,0.10358565737051784,35.682995038007014,64.9988454083412,8.791401455839186,True,True
2026-08-28,33,2650.0,1.0,105.0,1.0,1.0,-6378.897629537,-654317.5663794163,-660696.4640089533,-258902.27071150678,3182398.075646635,2923495.8049351284,232632.69664640786,-93391.82358679979,0.039035591274397353,0.10038610038610031,37.204913265798105,64.92981990958313,9.385975704938714,True,True
2026-08-28,33,2660.0,0.0,26.0,0.0,1.0,0.0,-170459.94330995766,-170459.94330995766,0.0,832888.2488480213,832888.2488480213,58331.89926549146,-23200.753944635708,,0.10218978102189784,36.630794869726046,64.98187682368459,9.719009244565058,True,True
2026-08-28,33,2665.0,0.0,29.0,0.0,1.0,0.0,-194950.88343757731,-194950.88343757731,0.0,955199.294118508,955199.294118508,65683.92031034117,-26026.518076017008,,0.09929078014184399,37.008500824069856,64.97927785849404,10.012636436462309,True,True
2026-08-28,33,2670.0,0.0,39.0,0.0,5.0,0.0,-268801.77339007787,-268801.77339007787,0.0,1322520.1296155679,1322520.1296155679,89035.7845577299,-35188.96858901954,,0.0893470790378006,37.61229842901066,64.97143825007205,10.32728802091896,True,True
2026-08-28,33,2675.0,0.0,26.0,0.0,3.0,0.0,-183779.24980709061,-183779.24980709061,0.0,910519.444847692,910519.444847692,59991.4263561477,-23542.10538418625,,0.10596026490066222,37.37092302363315,64.98046366750066,10.573060310084582,True,True
2026-08-28,33,2680.0,0.0,5.0,0.0,1.0,0.0,-36206.700515353004,-36206.700515353004,0.0,179439.78825743395,179439.78825743395,11689.65191263027,-4537.8854588813865,,0.0970873786407767,37.87727190322113,64.9960707624322,10.794432145650347,True,True
2026-08-28,33,2685.0,0.0,84.0,0.0,2.0,0.0,-623484.6347802139,-623484.6347802139,0.0,3099543.1582633276,3099543.1582633276,198669.80643018486,-76413.80944259436,,0.08805031446540894,38.59926960423516,64.93377260389086,11.31795554950142,True,True
2026-08-28,33,2690.0,0.0,89.0,0.0,9.0,0.0,-677241.7705026409,-677241.7705026409,0.0,3381051.3092418783,3381051.3092418783,212718.77153779595,-81126.21345339913,,0.08536585365853672,38.97475382606276,64.92806326712964,11.618510027563389,True,True
2026-08-28,33,2695.0,0.0,85.0,0.0,1.0,0.0,-663066.441788128,-663066.441788128,0.0,3323019.57302284,3323019.57302284,205224.67734654836,-77598.51295211755,,0.08284023668639066,39.32650761929202,64.92956880255326,11.891761863764222,True,True
2026-08-28,33,2700.0,1.0,82.0,5.0,8.0,-8027.111190605146,-655789.2209477418,-663816.3321383469,-248079.40906631935,3302677.9209977123,3054598.511931393,202022.55886436053,-75851.46969765784,0.055651506428708496,0.08595988538681949,39.96774359639494,64.92948875732668,12.17107058215623,True,True
2026-08-28,33,2705.0,0.0,20.0,0.0,5.0,0.0,-163949.19673105967,-163949.19673105967,0.0,828234.998419094,828234.998419094,49171.568187233665,-18285.422304834694,,0.08356545961002786,39.736609113854556,64.98256825242956,12.26288903992597,True,True
2026-08-28,33,2710.0,0.0,21.0,0.0,50.0,0.0,-176462.570662615,-176462.570662615,0.0,896366.1760949991,896366.1760949991,51992.75950368827,-19196.0846810627,,0.08086253369272237,40.10421834963668,64.98124053832007,12.550638252983859,True,True
2026-08-28,33,2715.0,0.0,34.0,0.0,54.0,0.0,-292810.0300300573,-292810.0300300573,0.0,1492933.9854219651,1492933.9854219651,84795.31120385857,-31051.64982740643,,0.07329842931937183,40.64294975717555,64.96888954100564,12.875595630468236,True,True
2026-08-28,33,2720.0,0.0,169.0,0.0,20.0,0.0,-1491503.6379819291,-1491503.6379819291,0.0,7630423.94422312,7630423.94422312,424320.63657801,-154096.11005973996,,0.07633587786259542,41.12071722765035,64.84158004165356,13.580456505777121,True,True
2026-08-28,33,2725.0,0.0,145.0,0.0,135.0,0.0,-1311101.2566891874,-1311101.2566891874,0.0,6754276.941688559,6754276.941688559,365189.47713309637,-131855.006763713,,0.07371007371007371,41.433331939498565,64.86074097564716,13.792109256384775,True,True
2026-08-28,33,2730.0,0.0,115.0,0.0,20.0,0.0,-1065227.678101259,-1065227.678101259,0.0,5509353.481730285,5509353.481730285,290880.1021486,-104217.27780966299,,0.07159904534606205,41.717859968653784,64.88685559532857,13.984335275779141,True,True
2026-08-28,33,2735.0,0.0,22.0,0.0,2.0,0.0,-208681.7584806892,-208681.7584806892,0.0,1085924.837740799,1085924.837740799,55723.897183384004,-19843.611492226086,,0.06928406466512703,41.875750772420886,64.9778213430393,13.977240374432784,True,True
2026-08-28,33,2740.0,0.0,44.0,0.0,7.0,0.0,-427403.79544826783,-427403.79544826783,0.0,2231348.058818789,2231348.058818789,111745.4137180183,-39474.45824751947,,0.06741573033707865,42.26257419215723,64.95459717561457,14.331590805968265,True,True
2026-08-28,33,2745.0,0.0,33.0,0.0,1.0,0.0,-328107.1409352314,-328107.1409352314,0.0,1722190.234375864,1722190.234375864,83769.94238659614,-29402.203822737218,,0.06535947712418301,42.58549642873167,64.96514184476143,14.581647766750208,True,True
2026-08-28,33,2750.0,0.0,75.0,0.0,8.0,0.0,-762925.2567648157,-762925.2567648157,0.0,4029451.4192917813,4029451.4192917813,189877.00563024948,-66263.50388632712,,0.06751054852320681,42.89388237344818,64.91896322824333,15.000624009328355,True,True
2026-08-28,33,2755.0,0.0,34.0,0.0,10.0,0.0,-353742.0648711177,-353742.0648711177,0.0,1879259.0792164595,1879259.0792164595,85749.19245218657,-29747.60299054651,,0.06134969325153374,43.276725626597454,64.9624197948003,15.154607595948413,True,True
2026-08-28,33,2760.0,0.0,53.0,0.0,112.0,0.0,-563823.4544070925,-563823.4544070925,0.0,3011805.6118884813,3011805.6118884813,132999.41293313098,-45855.6530685378,,0.06349206349206354,43.536906204757614,64.94010929252954,15.50070706865525,True,True
2026-08-28,33,2765.0,0.0,19.0,0.0,8.0,0.0,-206552.73969426987,-206552.73969426987,0.0,1110321.5276140745,1110321.5276140745,47320.546440430866,-16225.33750699013,,0.06153846153846159,43.808282502242065,64.97804777732998,15.675869969638576,True,True
2026-08-28,33,2770.0,0.0,28.0,0.0,1.0,0.0,-310958.1761055177,-310958.1761055177,0.0,1681533.4671350159,1681533.4671350159,69116.75039067859,-23561.81921957247,,0.05970149253731349,44.1667709092564,64.9669630877125,15.989800507030171,True,True
2026-08-28,33,2775.0,0.0,16.0,0.0,9.0,0.0,-181379.72565632738,-181379.72565632738,0.0,988512.8911835463,988512.8911835463,39417.57510417431,-13282.596588037784,,0.05776173285198561,44.48409110516419,64.98071982943503,16.23544405056255,True,True
2026-08-28,33,2780.0,2.0,43.0,2.0,12.0,-23264.928172864013,-497780.96068594843,-521045.88885881245,-460326.3633429749,2730033.395637455,2269707.03229448,110770.76237630178,-36830.930081249724,0.016025641025641028,0.05253940455341506,45.53399144081013,64.94465122400878,16.615163568441666,True,True
2026-08-28,33,2785.0,2.0,13.0,2.0,5.0,-23750.409797274508,-153692.47509647853,-177442.88489375304,-456678.6207529624,847918.8671745465,391240.24642158404,36871.29538244495,-12088.63327780055,0.016926016926016897,0.05442176870748292,45.713447518228335,64.98111481030007,16.801458047539462,True,True
2026-08-28,33,2790.0,0.0,63.0,0.0,111.0,0.0,-760149.8461433406,-760149.8461433406,0.0,4225920.628270131,4225920.628270131,153664.8300417313,-49818.124441375796,,0.049423393739703454,45.68652398626464,64.91925818770595,17.244863236366072,True,True
2026-08-28,33,2795.0,0.0,20.0,0.0,1.0,0.0,-246292.27410142365,-246292.27410142365,0.0,1379148.090344854,1379148.090344854,48428.50069912369,-15500.21125358,,0.051118210862619855,45.82948259789701,64.97382953105588,17.38734275062172,True,True
2026-08-28,33,2800.0,1.0,6.0,1.0,1.0,-12637.24342963788,-75382.3207490848,-88019.56417872268,-222708.06981593356,425432.33637964487,202724.2665637113,16823.69124569858,-5309.215272978723,0.01637426900584802,0.04953560371517033,46.63140100346867,64.99057713217225,17.62866923003937,True,True
2026-08-28,33,2805.0,0.0,8.0,0.0,7.0,0.0,-102542.9424387575,-102542.9424387575,0.0,583021.7478450106,583021.7478450106,18961.36732094462,-5913.675256583369,,0.048048048048048096,46.46512911110546,64.98908281545098,17.91654043728299,True,True
2026-08-28,33,2810.0,0.0,2.0,0.0,2.0,0.0,-26154.31235734121,-26154.31235734121,0.0,149749.58367810288,149749.58367810288,4678.096954640902,-1438.8769719484542,,0.046647230320699756,46.778924457311554,64.99712188939348,18.180865312351315,True,True
2026-08-28,33,2815.0,0.0,19.0,0.0,1.0,0.0,-253262.2181537525,-253262.2181537525,0.0,1462524.2342080055,1462524.2342080055,43667.38656761946,-13254.635505335418,,0.045197740112994385,47.14264637923954,64.97308984814299,18.52284716532447,True,True
2026-08-28,33,2820.0,0.0,12.0,0.0,1.0,0.0,-163109.78569332307,-163109.78569332307,0.0,948693.1537864109,948693.1537864109,27076.39886895496,-8098.157596063791,,0.04663923182441689,47.369065207442894,64.98265970888266,18.783761157886737,True,True
2026-08-28,33,2825.0,0.0,9.0,0.0,1.0,0.0,-124620.95988715453,-124620.95988715453,0.0,731128.4610393397,731128.4610393397,19840.721899100965,-5849.620784220292,,0.04255319148936175,47.769738936399044,64.98674304119702,19.058112832245186,True,True
2026-08-28,33,2830.0,0.0,19.0,0.0,2.0,0.0,-268121.35191258404,-268121.35191258404,0.0,1584566.2813294595,1584566.2813294595,40875.30645833997,-11858.012196793728,,0.04134366925064603,48.11151117538003,64.97151239576363,19.376991688340727,True,True
2026-08-28,33,2835.0,0.0,3.0,0.0,3.0,0.0,-43098.23308859013,-43098.23308859013,0.0,256943.82488345524,256943.82488345524,6264.387749576741,-1788.3329231023909,,0.04010025062656645,48.3995122000919,64.99536400259021,19.606540324468362,True,True
2026-08-28,33,2840.0,0.0,1.0,0.0,1.0,0.0,-14623.486439119952,-14623.486439119952,0.0,87912.9145106986,87912.9145106986,2020.662714937486,-566.7673052529298,,0.03892944038929445,48.71483626095417,64.9982761651928,19.884075297528835,True,True
2026-08-28,33,2850.0,0.0,1.0,0.0,2.0,0.0,-15122.280847661994,-15122.280847661994,0.0,92575.54022244853,92575.54022244853,1864.8682919766507,-502.9754740945855,,0.038946162657502933,49.283163039754605,64.99823177980055,20.452934017950987,True,True
2026-08-28,33,2855.0,0.0,5.0,0.0,8.0,0.0,-76851.94010360238,-76851.94010360238,0.0,474682.5208224562,474682.5208224562,8897.95779783641,-2344.9642212309454,,0.03781979977753049,49.60979708893559,64.99180567765345,20.751396867074092,True,True
2026-08-28,33,2860.0,0.0,5.0,0.0,1.0,0.0,-78019.92063220656,-78019.92063220656,0.0,486860.56938024965,486860.56938024965,8549.699196987967,-2182.4811752113205,,0.03667745415318237,49.92848168108937,64.99168241264228,21.035881979316688,True,True
2026-08-28,33,2865.0,0.0,1.0,0.0,5.0,0.0,-15852.252014064954,-15852.252014064954,0.0,99826.9805405202,99826.9805405202,1642.0581755508322,-403.5309993060749,,0.03773584905660386,50.17271511805161,64.99816601654072,21.306220992721663,True,True
2026-08-28,33,2870.0,0.0,14.0,0.0,4.0,0.0,-225228.61402691848,-225228.61402691848,0.0,1433265.766493445,1433265.766493445,21901.13835116703,-5159.288048267051,,0.03458799593082407,50.57895898816336,64.97606718919765,21.636824619354208,True,True
2026-08-28,33,2875.0,0.0,7.0,0.0,1.0,0.0,-114231.51657370875,-114231.51657370875,0.0,734931.9527587482,734931.9527587482,10353.686775456075,-2322.627804920127,,0.0335636722606121,50.87935227781575,64.987846647702,21.896473476365983,True,True
2026-08-28,33,2880.0,3.0,21.0,3.0,5.0,-50048.182639105675,-347648.6649321376,-397696.84757124324,-556831.2153102368,2260557.86495176,1703726.6496415231,33394.10278241197,-7057.770654775686,0.02158273381294969,0.03259827420901252,51.393784541001494,64.95775037609293,22.241875858389644,True,True
2026-08-28,33,2885.0,0.0,11.0,0.0,1.0,0.0,-184524.85335539907,-184524.85335539907,0.0,1214176.9666068535,1214176.9666068535,14169.67336808945,-2790.756998572393,,0.03534883720930243,51.4030547155602,64.98038859431003,22.4798703084233,True,True
2026-08-28,33,2890.0,0.0,11.0,0.0,10.0,0.0,-186992.1997032189,-186992.1997032189,0.0,1244648.1383294608,1244648.1383294608,13009.735327161887,-2336.814926131095,,0.03432700993676601,51.71812375715964,64.98012683098432,22.764434283717495,True,True
2026-08-28,33,2895.0,5.0,1.0,5.0,1.0,-86830.49838748167,-17227.696661600763,-104058.19504908242,-886175.8441288738,115956.42005237685,-770219.424076497,6534.8755503709335,-1031.0263728781385,0.02276100940128646,0.0333625987708516,52.17995798190581,34.988967077922865,23.030937406381632,True,True
2026-08-28,33,2900.0,0.0,72.0,0.0,28.0,0.0,-1256340.364652207,-1256340.364652207,0.0,8554550.432950376,8554550.432950376,68715.12098989401,-9073.217126596066,,0.030716723549488005,52.523802120841246,64.8665577952896,23.555271271192808,True,True
2026-08-28,33,2905.0,0.0,26.0,0.0,24.0,0.0,-459237.50989262894,-459237.50989262894,0.0,3164595.0120162764,3164595.0120162764,21592.851129573806,-2102.9157927379943,,0.02985074626865679,52.73726286006719,64.95121798418742,23.67283311182497,True,True
2026-08-28,33,2910.0,0.0,56.0,0.0,26.0,0.0,-999330.1386473195,-999330.1386473195,0.0,6981859.460297791,6981859.460297791,39117.624204405554,-1929.6892434684019,,0.030571198712791608,53.06328055535497,64.89385538540266,24.067292721444776,True,True
2026-08-28,33,2915.0,0.0,10.0,0.0,18.0,0.0,-180528.5088038762,-180528.5088038762,0.0,1276411.3662664595,1276411.3662664595,5650.874848444913,125.64956937522044,,0.028169014084506998,53.32282751500452,64.98081366285922,24.183537587600735,True,True
2026-08-28,33,2920.0,0.0,11.0,0.0,22.0,0.0,-200630.4418430201,-200630.4418430201,0.0,1437088.8832351435,1437088.8832351435,4687.0282437456235,664.7728302752881,,0.02889733840304191,53.587499243711434,64.97867987781892,24.471747376825583,True,True
2026-08-28,33,2925.0,0.0,22.0,0.0,2.0,0.0,-404589.1096372763,-404589.1096372763,0.0,2940912.655083604,2940912.655083604,6209.717721020371,2395.08013761895,,0.028044280442804513,53.92068478917768,64.95702202779466,24.79687116616953,True,True
2026-08-28,33,2930.0,0.0,15.0,0.0,4.0,0.0,-278508.2435516036,-278508.2435516036,0.0,2050733.5672010374,2050733.5672010374,2065.3845851418846,2364.2762871018367,,0.027279253409906553,54.21316266088343,64.97041131831308,25.05546801773252,True,True
2026-08-28,33,2935.0,0.0,3.0,0.0,3.0,0.0,-56123.762735564895,-56123.762735564895,0.0,419391.97827434674,419391.97827434674,-19.05311180289534,622.1464452796749,,0.02789400278940028,53.88501913799989,64.99400312631876,24.72665039216735,True,True
2026-08-28,33,2940.0,0.0,18.0,0.0,24.0,0.0,-339296.23230582295,-339296.23230582295,0.0,2572979.9118005177,2572979.9118005177,-2821.3690342602163,4646.095572033759,,0.025762711864406856,53.69615216492058,64.96395629094341,24.49805553406419,True,True
2026-08-28,33,2945.0,8.0,3.0,5.0,1.0,-152885.1375699774,-56939.57578184388,-209824.7133518213,-1174407.751957486,438450.9831862659,-735956.76877122,-3460.772315918826,3416.5911373159765,0.02704626334519581,0.025049439683585913,53.38843310812042,34.97773414037339,24.187754667038046,True,True
2026-08-28,33,2950.0,3.0,89.0,3.0,11.0,-57663.06807920479,-1698526.881242452,-1756189.9493216567,-430559.89916597935,13297131.903350577,12866572.004184598,-43674.013042020284,33254.75464931273,0.028169014084507126,0.02434336963484953,53.268454696347334,64.8134675518023,24.205811001968243,True,True
2026-08-28,33,2955.0,12.0,4.0,12.0,4.0,-231981.2510518462,-76705.49195358645,-308686.74300543265,-1682181.904025621,610828.2595541412,-1071353.6444714798,-10329.28274406256,6644.766183431155,0.02938901778808958,0.024906600249066005,52.797142110346186,34.9672272662221,23.637804048440923,True,True
2026-08-28,33,2960.0,4.0,54.0,4.0,4.0,-77609.55415593942,-1040483.6292392657,-1118093.183395205,-547285.5345036928,8427198.681543427,7879913.147039734,-46954.64234038035,27018.758651353044,0.029032258064516082,0.02301635372501521,52.63493684390108,64.88124137799329,23.510686918416184,True,True
2026-08-28,33,2965.0,0.0,1.0,0.0,1.0,0.0,-19333.352479040066,-19333.352479040066,0.0,159434.7928725427,159434.7928725427,-979.2353608413774,517.4068111339527,,0.02355712603062426,52.304425630543875,64.99785245299148,23.01278109458484,True,True
2026-08-28,33,2970.0,2.0,20.0,4.0,12.0,-39031.241895914485,-387695.2671313158,-426726.50902723026,-260001.144923172,3256728.4675103277,2996727.3225871557,-25331.86199678938,12515.46045644801,0.0316901408450705,0.02290950744558992,51.95198239531128,64.95467082958533,22.807178679496822,True,True
2026-08-28,33,2975.0,0.0,1.0,0.0,5.0,0.0,-19408.884953951005,-19408.884953951005,0.0,166238.01301602458,166238.01301602458,-1319.2211701546246,618.6631095157202,,0.022271714922048998,51.774159516954434,64.99784828064725,22.44395723206797,True,True
2026-08-28,33,2980.0,1.0,9.0,2.0,6.0,-19559.00866557654,-174771.36202591978,-194330.37069149633,-123127.92703876949,1526819.7559502772,1403691.8289115077,-14880.351443019097,6680.201361455876,0.03664416586306651,0.022739577693557212,51.28610570139974,64.97934878280982,22.19333918803231,True,True
2026-08-28,33,2990.0,12.0,35.0,5.0,14.0,-234550.16236245912,-678916.6822585837,-913466.8446210428,-1394998.5623351757,6175958.864716747,4780960.302381571,-85336.37444364652,35842.101435849036,0.038216560509554076,0.02254098360655741,50.77463793522653,64.90297424720009,21.763451488670867,True,True
2026-08-28,33,2995.0,11.0,1.0,1.0,1.0,-214550.4323758239,-19379.43243997772,-233929.86481580161,-1241397.0675881142,179871.89125007356,-1061525.1763380407,-23950.936183992326,9740.797551337766,0.04236343366778147,0.02493765586034913,50.31831731123635,34.97516759410074,21.3476509679197,True,True
2026-08-28,33,3000.0,13.0,7.0,7.0,1.0,-252768.21101354272,-135120.14567663215,-387888.3566901749,-1422587.7398835444,1282570.6009820264,-140017.13890151796,-43540.045722831004,17197.568877504928,0.04454865181711602,0.023278370514063933,50.042871974484186,34.95890810456408,21.093185097292555,True,True
2026-08-28,33,3005.0,19.0,3.0,2.0,1.0,-367858.0996070512,-57654.680793351545,-425512.7804004027,-2013279.3836906888,559938.9641597898,-1453340.4195308988,-52184.50691379745,20000.949465724083,0.04444444444444438,0.023596035865974516,49.75947035105148,34.954815070592126,20.816205450102228,True,True
2026-08-28,33,3010.0,17.0,5.0,2.0,1.0,-326930.15380762017,-95500.0653234021,-422430.2191310223,-1743123.3063309942,950314.0019994703,-792809.304331524,-56020.69964697606,20978.147353641365,0.04675324675324668,0.02387511478420577,49.43623790922263,34.95515107955981,20.531604135264857,True,True
2026-08-28,33,3015.0,13.0,1.0,10.0,2.0,-248221.1338750665,-18949.64392318097,-267170.77779824747,-1287714.4203107038,193456.23438604086,-1094258.185924663,-38182.243338055516,13966.688998413554,0.04931506849315061,0.025904421616793263,49.06609887849499,34.97163653388712,20.21716259987711,True,True
2026-08-28,33,3020.0,8.0,6.0,3.0,2.0,-151495.3334119952,-112827.03020865763,-264322.3636206528,-764490.5919755414,1181651.9446025097,417161.3526269683,-40322.166479467436,14503.611760761776,0.04920405209840799,0.02522836015658987,48.79349082289583,64.97188940912497,19.932575496244862,True,True
2026-08-28,33,3025.0,8.0,0.0,3.0,0.0,-149994.60532579833,0.0,-149994.60532579833,-736905.27740106,0.0,-736905.27740106,-24441.511544863886,8608.756233281434,0.055045871559633044,,47.96154322747077,34.984088886172685,19.62576926621443,True,True
2026-08-28,33,3030.0,12.0,0.0,6.0,0.0,-222535.32403529828,0.0,-222535.32403529828,-1064129.3709982662,0.0,-1064129.3709982662,-38416.56549965418,13326.243298988029,0.05825242718446604,,47.5893612746609,34.976377814882255,19.356059829463344,True,True
2026-08-28,33,3040.0,9.0,0.0,5.0,0.0,-162610.65384626406,0.0,-162610.65384626406,-737951.8273270135,0.0,-737951.8273270135,-31062.686638683826,10522.87347887723,0.061705989110707786,,46.910604265508105,34.982748861190174,18.775867817258487,True,True
2026-08-28,33,3045.0,5.0,0.0,1.0,0.0,-89050.69144555734,0.0,-89050.69144555734,-393583.44573694805,0.0,-393583.44573694805,-17791.331995743978,5970.0705784225165,0.06551059730250479,,46.50362285697239,34.990579715443936,18.47668694570198,True,True
2026-08-28,33,3050.0,75.0,0.0,5.0,0.0,-1314901.136975477,0.0,-1314901.136975477,-5666640.215203769,0.0,-5666640.215203769,-273602.0571308078,91150.64004028648,0.0695296523517382,,46.246143420845165,34.86034224451248,18.44695951637657,True,True
2026-08-28,33,3055.0,1.0,0.0,14.0,0.0,-17246.379279833676,0.0,-17246.379279833676,-72364.56437321701,0.0,-72364.56437321701,-3788.5627463955134,1240.1789665996098,0.07407407407407403,,45.66946116762016,34.99837548062797,17.893198407269203,True,True
2026-08-28,33,3060.0,25.0,0.0,13.0,0.0,-423131.5316799106,0.0,-423131.5316799106,-1730938.431807014,0.0,-1730938.431807014,-97921.61605942383,31530.339648731897,0.07888631090487237,,45.29125347542365,34.95506633639691,17.69523099388567,True,True
2026-08-28,33,3065.0,9.0,0.0,10.0,0.0,-149163.29437300924,0.0,-149163.29437300924,-595773.9993537293,0.0,-595773.9993537293,-36212.833970939246,11499.52515378413,0.08395061728395076,,44.82119430319409,34.98418200463383,17.35298053290973,True,True
2026-08-28,33,3070.0,27.0,0.0,2.0,0.0,-437476.9679495988,0.0,-437476.9679495988,-1706062.6964287027,0.0,-1706062.6964287027,-111086.7540344305,34840.50653288911,0.08421052631578956,,44.56691303592867,34.95354278211246,17.132424240186538,True,True
2026-08-28,33,3080.0,6.0,0.0,2.0,0.0,-92488.63494497271,0.0,-92488.63494497271,-343831.72131788894,0.0,-343831.72131788894,-25480.062199161486,7829.017455450332,0.10210210210210206,,43.41708538386067,34.99022007364134,16.488571551790272,True,True
2026-08-28,33,3085.0,4.0,0.0,2.0,0.0,-60042.07084927855,0.0,-60042.07084927855,-216737.5071802745,0.0,-216737.5071802745,-17218.798708432427,5229.872440751701,0.07792207792207788,,43.853857416158824,34.99369192245081,16.19703701452556,True,True
2026-08-28,33,3090.0,2.0,0.0,2.0,0.0,-29170.12915803991,0.0,-29170.12915803991,-103355.62185760861,0.0,-103355.62185760861,-8631.345674392176,2612.8258486576083,0.11034482758620699,,42.592546233132374,34.99704686372698,15.905598046596362,True,True
2026-08-28,33,3095.0,5.0,0.0,3.0,0.0,-70807.97546756576,0.0,-70807.97546756576,-245885.19414468363,0.0,-245885.19414468363,-21593.43422077673,6516.188427944347,0.11764705882352937,,42.0953867771082,34.99254023281701,15.631437497295064,True,True
2026-08-28,33,3100.0,6.0,0.0,2.0,0.0,-82437.18768567742,0.0,-82437.18768567742,-279501.2102416642,0.0,-279501.2102416642,-25910.911809624584,7787.3721735113795,0.11857707509881422,,41.78517930026593,34.99129771515963,15.350304600642575,True,True
2026-08-28,33,3105.0,4.0,0.0,1.0,0.0,-53279.80723448667,0.0,-53279.80723448667,-176765.0027560149,0.0,-176765.0027560149,-17248.209260127664,5161.347375249971,0.13559322033898302,,40.986066249958284,34.994425817036586,15.05896969542578,True,True
2026-08-28,33,3110.0,3.0,0.0,6.0,0.0,-38659.67069990254,0.0,-38659.67069990254,-125300.76062462563,0.0,-125300.76062462563,-12995.462229116993,3832.7716200976806,0.13698630136986303,,40.65775236076893,34.99601352764439,14.771092615584406,True,True
2026-08-28,33,3115.0,1.0,0.0,1.0,0.0,-12447.808787025264,0.0,-12447.808787025264,-39624.820227179334,0.0,-39624.820227179334,-4321.969341638244,1262.933145059315,0.14634146341463414,,40.08846880632322,34.99905641429547,14.47993648417946,True,True
2026-08-28,33,3125.0,7.0,0.0,1.0,0.0,-80561.35451437742,0.0,-80561.35451437742,-244353.75510283286,0.0,-244353.75510283286,-29961.537114902334,8553.174201419477,0.13793103448275876,,39.78459663647048,34.99150467350212,13.93069514190487,True,True
2026-08-28,33,3130.0,1.0,0.0,1.0,0.0,-11053.816422863209,0.0,-11053.816422863209,-32929.18346278616,0.0,-32929.18346278616,-4229.790165566677,1200.9271830215162,0.14814814814814806,,39.18102559404776,34.999281443356644,13.62660920764218,True,True
2026-08-28,33,3135.0,8.0,0.0,8.0,0.0,-84862.41242061852,0.0,-84862.41242061852,-248559.78123408783,0.0,-248559.78123408783,-33354.96554249254,9436.163296906827,0.172185430463576,,38.19024354503889,34.99104680384833,13.364703250538993,True,True
2026-08-28,33,3140.0,45.0,0.0,4.0,0.0,-456585.6639870041,0.0,-456585.6639870041,-1308514.1954068025,0.0,-1308514.1954068025,-184712.11219900352,51982.73633665993,0.18705035971223022,,37.53784913322171,34.951515849642554,13.1981440522603,True,True
2026-08-28,33,3145.0,8.0,0.0,1.0,0.0,-77706.33484790637,0.0,-77706.33484790637,-218772.14298784817,0.0,-218772.14298784817,-32249.04750816336,9060.58987485499,0.20155038759689922,,36.7404663841925,34.991815093475665,12.795440476340799,True,True
2026-08-28,33,3150.0,11.0,1.0,6.0,1.0,-101912.88944118435,-7416.716478919477,-109329.60592010383,-280305.28435843426,277553.81189357006,-2751.4724648642004,-47250.869790822195,13055.720418659048,0.1694915254237288,0.050895381715362786,39.205189120948226,34.99383735317307,12.523247616725449,True,True
2026-08-28,33,3155.0,16.0,0.0,4.0,0.0,-141956.51332953857,0.0,-141956.51332953857,-384561.9069834392,0.0,-384561.9069834392,-61963.51450036424,17385.1453288841,0.21818181818181806,,35.689552898515174,34.984961290929704,12.251115671306149,True,True
2026-08-28,33,3160.0,44.0,0.0,111.0,0.0,-373175.57437404,0.0,-373175.57437404,-994032.4089641509,0.0,-994032.4089641509,-166648.57491435364,46424.547592306364,0.23529411764705888,,34.95077226664385,34.960378763413175,12.052849199541777,True,True
2026-08-28,33,3165.0,26.0,0.0,4.0,0.0,-210015.55066519653,0.0,-210015.55066519653,-549304.4183141103,0.0,-549304.4183141103,-96018.61489407845,26468.525989838457,0.2553191489361703,,34.027676877434075,34.97772079646117,11.712173057720491,True,True
2026-08-28,33,3170.0,11.0,0.0,1.0,0.0,-84559.53720739714,0.0,-84559.53720739714,-217728.18689779378,0.0,-217728.18689779378,-39527.20846668988,10814.784465926774,0.25287356321839094,,33.78502170294988,34.99108751882948,11.381511831765884,True,True
2026-08-28,33,3175.0,6.0,0.0,1.0,0.0,-43733.830225975784,0.0,-43733.830225975784,-110682.71269793254,0.0,-110682.71269793254,-20928.070527296928,5683.560683098809,0.25,,33.57627820188018,34.995490393107055,11.081742207297127,True,True
2026-08-28,33,3180.0,15.0,0.0,20.0,0.0,-104207.2279015875,0.0,-104207.2279015875,-261166.2652438207,0.0,-261166.2652438207,-50829.23467709383,13785.127757789274,0.2933333333333332,,32.01082909201338,34.988989208117175,10.824177908910904,True,True
2026-08-28,33,3185.0,11.0,0.0,5.0,0.0,-72301.91598914818,0.0,-72301.91598914818,-178346.93139625675,0.0,-178346.93139625675,-36102.53544669495,9748.942385554818,0.31884057971014496,,30.952768537927216,34.99240465742739,10.527525203635507,True,True
2026-08-28,33,3190.0,24.0,0.0,138.0,0.0,-149137.30023091746,0.0,-149137.30023091746,-362285.624271564,0.0,-362285.624271564,-76244.89545313071,20531.779346482792,0.3307086614173229,,30.339705916203545,34.984200991956996,10.281256008377087,True,True
2026-08-28,33,3195.0,6.0,0.0,1.0,0.0,-35582.36048285165,0.0,-35582.36048285165,-85896.94910910651,0.0,-85896.94910910651,-18515.538668069337,5002.265261836066,0.4000000000000001,,27.938621308186796,34.99639529470058,9.943590572423481,True,False
2026-08-28,33,3200.0,60.0,1.0,2.0,5.0,-330896.2869555794,-3099.2753052159337,-333995.5622607953,-776608.5999021316,287898.32024973957,-488710.279652392,-180230.26624267624,48234.792080393774,0.3396226415094339,0.02615384615384598,34.283457685993135,34.96455581705116,9.818941097546501,True,True
2026-08-28,33,3205.0,52.0,0.0,1.0,0.0,-272432.67771318357,0.0,-272432.67771318357,-633166.3421273992,0.0,-633166.3421273992,-149718.67928077033,40293.18113985987,0.3838383838383839,,27.951574148810927,34.971087630993125,9.50761082432106,True,False
2026-08-28,33,3210.0,6.0,0.0,2.0,0.0,-29812.62163003814,0.0,-29812.62163003814,-68502.53470201806,0.0,-68502.53470201806,-16751.542921716493,4523.245375690199,0.391304347826087,,27.346248203134156,34.997052460500086,9.089997716542776,True,False
2026-08-28,33,3215.0,4.0,0.0,1.0,0.0,-18898.60869784805,0.0,-18898.60869784805,-43013.54459978055,0.0,-43013.54459978055,-10795.37432406824,2917.5202722575427,0.4186046511627908,,26.238610409930462,34.99834142971612,8.799770065043749,True,False
2026-08-28,33,3220.0,135.0,0.0,4.0,0.0,-598175.4533004884,0.0,-598175.4533004884,-1337028.848051741,0.0,-1337028.848051741,-346215.22549933253,92460.8267668659,0.41025641025641024,,26.480691177688232,34.936476841855765,8.88790588887823,True,False
2026-08-28,33,3225.0,135.0,0.0,1.0,0.0,-560471.7652829484,0.0,-560471.7652829484,-1233071.5195365597,0.0,-1233071.5195365597,-329154.8673461143,87122.82772969722,0.4225352112676057,,25.82791292392902,34.940482432680426,8.601203296890942,True,False
2026-08-28,33,3230.0,9.0,0.0,1.0,0.0,-35287.440334345505,0.0,-35287.440334345505,-76937.26251234094,0.0,-76937.26251234094,-21000.729608979094,5542.2174543526935,0.48484848484848475,,23.408588903287686,34.996446954925354,7.960399636471048,True,False
2026-08-28,33,3235.0,32.0,0.0,20.0,0.0,-117118.45814555036,0.0,-117118.45814555036,-251632.9326369452,0.0,-251632.9326369452,-70997.41806148301,18626.1937170964,0.4666666666666668,,23.71809562663005,34.98762003563016,7.740188736153088,True,False
2026-08-28,33,3240.0,15.0,0.0,2.0,0.0,-51854.47541210854,0.0,-51854.47541210854,-110628.8747802278,0.0,-110628.8747802278,-31925.681751514698,8376.381611048026,0.5,,22.397858410933235,34.9946279359805,7.408029756359615,True,False
2026-08-28,33,3245.0,14.0,0.0,1.0,0.0,-45134.984898967996,0.0,-45134.984898967996,-95021.11500658239,0.0,-95021.11500658239,-28399.96722740669,7429.887050806307,0.5098039215686276,,21.817219305611445,34.99536390809954,7.120632194330444,True,False
2026-08-28,33,3250.0,38.0,0.0,15.0,0.0,-113625.9874139227,0.0,-113625.9874139227,-235534.6278509661,0.0,-235534.6278509661,-73371.65960196055,19140.33750715642,0.5217391304347826,,21.225322452354234,34.98799505780079,6.90218715112204,True,False
2026-08-31,36,1350.0,0.0,49.0,0.0,40.0,0.0,-1523.6464188902432,-1523.6464188902432,0.0,12036.86575015033,12036.86575015033,1690.8625301915172,-1884.4965503346227,,2.0,0.10325450714118473,64.99859209994834,0.1262924285974017,True,False
2026-08-31,36,1400.0,0.0,6.0,0.0,2.0,0.0,-203.54291549668787,-203.54291549668787,0.0,1542.1916053175482,1542.1916053175482,223.7819816027753,-237.99780410993594,,2.0,0.01264340903769609,64.99025826588746,0.015465409221245837,True,False
2026-08-31,36,1500.0,0.0,1.0,0.0,2.0,0.0,-43.978386989657665,-43.978386989657665,0.0,311.4789666786593,311.4789666786593,45.589976591172146,-44.41553464886603,,2.0,0.002107234839616015,64.95199209796093,0.002578178450388179,True,False
2026-08-31,36,1600.0,0.0,665.0,0.0,220.0,0.0,-37803.35036447256,-37803.35036447256,0.0,249106.4298182657,249106.4298182657,37350.121293483455,-33273.296357230036,,2.0,1.40131116834465,64.9959245545306,1.7150080676190196,True,False
2026-08-31,36,1650.0,0.0,1.0,0.0,1.0,0.0,-66.75747491291015,-66.75747491291015,0.0,426.5217908648353,426.5217908648353,63.99069378980003,-54.68929186406978,,1.6363636363636362,0.002107234839616015,64.9649069785766,0.002579560992825264,True,False
2026-08-31,36,1700.0,51.0,9.0,50.0,1.0,-0.000570309252984971,-742.5619977350243,-742.5625680442773,-14942993.879995307,4648.063611802015,-14938345.816383505,687.8426165879582,-568.4686126474527,0.015097402597402524,1.3846153846153848,9.130742282185151,34.99992213387278,0.1545756236219717,True,True
2026-08-31,36,1750.0,0.0,9.0,0.0,3.0,0.0,-941.8024125570049,-941.8024125570049,0.0,5817.701318752805,5817.701318752805,857.9990581265973,-691.4335808010039,,1.25,0.018965113556544136,64.99732207293961,0.023236744514888677,True,False
2026-08-31,36,1800.0,0.0,41.0,0.0,1.0,0.0,-5109.369891549103,-5109.369891549103,0.0,30725.52602046269,30725.52602046269,4682.013332589475,-3648.167050800018,,1.1111111111111112,0.08639662842425662,64.99896913781191,0.10590598469625868,True,False
2026-08-31,36,1850.0,0.0,35.0,0.0,31.0,0.0,-5456.038453441947,-5456.038453441947,0.0,32478.880645815236,32478.880645815236,4940.502193598727,-3747.081186659373,,0.9090909090909091,2.801025946659289,64.99895867007747,0.090473969732036,True,False
2026-08-31,36,1900.0,0.0,6.0,0.0,1.0,0.0,-1149.6382430354568,-1149.6382430354568,0.0,6723.63260750994,6723.63260750994,975.7814564712752,-708.0214836761292,,0.7692307692307692,6.935720332114621,64.99764728763553,0.015522831052368203,True,False
2026-08-31,36,1950.0,0.0,1.0,0.0,1.0,0.0,-233.0242822941583,-233.0242822941583,0.0,1330.4188195547506,1330.4188195547506,188.1945446601995,-130.53643436686804,,0.6666666666666666,10.002107234839617,64.98870907271046,0.002589652306307953,True,False
2026-08-31,36,2000.0,0.0,8.0,0.0,1.0,0.0,-2330.2729247600378,-2330.2729247600378,0.0,13067.715591892324,13067.715591892324,1795.253575950845,-1197.523322639886,,0.5555555555555555,13.350191212050264,64.99860471408415,0.020745506393224922,True,False
2026-08-31,36,2050.0,0.0,4.0,0.0,1.0,0.0,-1432.0809762934234,-1432.0809762934234,0.0,7842.5636608712875,7842.5636608712875,1073.8225552432764,-688.4676184424446,,0.47619047619047616,15.722714653644179,64.99793549747393,0.010388954991876427,True,False
2026-08-31,36,2100.0,0.0,315.0,0.0,1.0,0.0,-140060.87039998753,-140060.87039998753,0.0,752651.9055092555,752651.9055092555,103732.34016364676,-64342.055360684506,,0.4,18.663778974479044,64.98510369919002,0.8197861968548946,True,False
2026-08-31,36,2120.0,0.0,3.0,0.0,3.0,0.0,-1458.5542131455422,-1458.5542131455422,0.0,7796.118222178022,7796.118222178022,1080.7465380863146,-663.3684350100185,,0.37037037037037035,18.895210593407736,64.99792129400181,0.007815052496699932,True,False
2026-08-31,36,2130.0,0.0,1.0,0.0,1.0,0.0,-507.5715354418132,-507.5715354418132,0.0,2705.0493250226427,2705.0493250226427,376.65546892293,-229.98246349469278,,0.35714285714285715,19.287821520553898,64.99440295278241,0.0026063155383803135,True,False
2026-08-31,36,2150.0,0.0,5.0,0.0,3.0,0.0,-2760.446645201936,-2760.446645201936,0.0,14613.177223124085,14613.177223124085,2006.724642039598,-1201.243023377226,,0.3333333333333333,20.010536174198084,64.99868040240248,0.013045087394103608,True,True
2026-08-31,36,2180.0,0.0,5.0,0.0,4.0,0.0,-3176.0592019548526,-3176.0592019548526,0.0,16714.30068454917,16714.30068454917,2210.2535000583243,-1283.7222036511994,,0.29411764705882354,21.187006762433374,64.99876527786788,0.013070312372339453,True,True
2026-08-31,36,2200.0,1.0,14.0,1.0,1.0,-1081.1291676622188,-9641.442076105055,-10722.571243767274,-285911.12388934055,50199.85523936581,-235711.26864997475,7204.815658439292,-4152.060641785758,0.0156228956228955,0.2777777777777777,25.630598421584143,34.99892475385893,0.03928342904016071,True,True
2026-08-31,36,2210.0,0.0,4.0,0.0,1.0,0.0,-2909.0075326633064,-2909.0075326633064,0.0,15154.036043376434,15154.036043376434,1951.241653319798,-1099.0230610790215,,0.2631578947368421,22.113692097253203,64.99870125379678,0.010478594825021607,True,True
2026-08-31,36,2220.0,0.0,3.0,0.0,13.0,0.0,-2269.873767380837,-2269.873767380837,0.0,11751.410284286632,11751.410284286632,1508.9661451798709,-840.2438629952081,,0.2564102564102565,22.31401401221115,64.99848257457299,0.007864294315228693,True,True
2026-08-31,36,2230.0,0.0,10.0,0.0,10.0,0.0,-7923.259583477199,-7923.259583477199,0.0,40876.247187463625,40876.247187463625,5208.001512620923,-2871.5107497652602,,0.27160493827160487,21.872924200248015,64.99879148965738,0.026235982792495526,True,True
2026-08-31,36,2240.0,0.0,3.0,0.0,6.0,0.0,-2487.6972437010572,-2487.6972437010572,0.0,12784.15980544324,12784.15980544324,1618.0125214472966,-883.3058646864894,,0.23809523809523808,22.8634645616617,64.99856253744636,0.007877514783090305,True,True
2026-08-31,36,2250.0,0.0,11.0,0.0,2.0,0.0,-9541.253105983435,-9541.253105983435,0.0,48823.439404470926,48823.439404470926,6144.951825884627,-3321.3411186341805,,0.25287356321839094,22.436972686684047,64.99867936583058,0.028909693721128588,True,True
2026-08-31,36,2270.0,0.0,8.0,0.0,2.0,0.0,-7623.08188091083,-7623.08188091083,0.0,38739.98913841902,38739.98913841902,4814.323752498725,-2554.6058845810985,,0.2127659574468085,23.633879155312673,64.9988031381093,0.021066745462055,True,True
2026-08-31,36,2280.0,0.0,7.0,0.0,1.0,0.0,-7002.11019704787,-7002.11019704787,0.0,35487.58709450848,35487.58709450848,4380.487933044893,-2304.8722440113957,,0.2040816326530612,23.892301664285473,64.99883360947044,0.018453547272442458,True,True
2026-08-31,36,2290.0,0.0,22.0,0.0,1.0,0.0,-23080.667559088455,-23080.667559088455,0.0,116612.22826824502,116612.22826824502,14315.983390317464,-7469.02775226238,,0.19607843137254904,24.164006225295083,64.99741988852504,0.058062049824145937,True,True
2026-08-31,36,2300.0,0.0,72.0,0.0,120.0,0.0,-79155.74847878127,-79155.74847878127,0.0,398539.07383963256,398539.07383963256,48718.6576203899,-25202.231370857076,,0.18867924528301888,24.491343549961787,64.99155494447075,0.1902409048346644,True,True
2026-08-31,36,2310.0,0.0,15.0,0.0,4.0,0.0,-17267.038853789265,-17267.038853789265,0.0,86607.72815603491,86607.72815603491,10553.674330428044,-5412.899036950373,,0.18181818181818182,24.577063068048783,64.99799281268436,0.03968063564603847,True,True
2026-08-31,36,2320.0,0.0,2.0,0.0,2.0,0.0,-2428.8863080452943,-2428.8863080452943,0.0,12189.226596650798,12189.226596650798,1472.074746199624,-751.1510027954326,,0.20689655172413793,23.797317917955095,64.9985115252621,0.005298436093498075,True,True
2026-08-31,36,2330.0,0.0,4.0,0.0,6.0,0.0,-5076.772826332176,-5076.772826332176,0.0,25364.20506644418,25364.20506644418,3060.3512174562325,-1548.1782423275574,,0.19999999999999987,24.00842893935847,64.99886941633312,0.010610164074951002,True,True
2026-08-31,36,2340.0,0.0,8.0,0.0,4.0,0.0,-10604.432720481036,-10604.432720481036,0.0,52732.434875027306,52732.434875027306,6361.792382283928,-3190.520954955183,,0.19354838709677424,24.2104062658137,64.99858921535483,0.021247694061464834,True,True
2026-08-31,36,2350.0,0.0,5.0,0.0,1.0,0.0,-6941.773651329746,-6941.773651329746,0.0,34424.706900328434,34424.706900328434,4143.511222587929,-2063.6012385419804,,0.17054263565891467,24.89425710443064,64.9988269682288,0.01329886673982543,True,True
2026-08-31,36,2360.0,0.0,1.0,0.0,1.0,0.0,-1452.6866305953301,-1452.6866305953301,0.0,7182.2553901942065,7182.2553901942065,863.2824262585326,-426.9436651590099,,0.20895522388059706,23.7334505184217,64.99775751519076,0.002663677875774249,True,True
2026-08-31,36,2370.0,0.0,1.0,0.0,1.0,0.0,-1523.3228539326385,-1523.3228539326385,0.0,7522.389018106695,7522.389018106695,896.3043402739648,-439.21495908404785,,0.17142857142857132,24.859250091982478,64.99784442005496,0.0026679650349743142,True,True
2026-08-31,36,2380.0,0.0,1.0,0.0,1.0,0.0,-1596.7534375686337,-1596.7534375686337,0.0,7870.385194189315,7870.385194189315,925.9449643737196,-447.8869114092084,,0.19178082191780826,24.248682577305363,64.9979247664101,0.002672421793664511,True,True
2026-08-31,36,2390.0,0.0,31.0,0.0,5.0,0.0,-51872.34990380582,-51872.34990380582,0.0,255039.16346293635,255039.16346293635,29660.918807653077,-14160.485027793413,,0.15789473684210517,25.32848217476494,64.99443163595461,0.08298910086068603,True,True
2026-08-31,36,2400.0,2.0,39.0,2.0,2.0,-4387.212784729158,-68371.54821840802,-72758.76100313717,-560448.082622423,335115.808788317,-225332.27383410593,40744.79977268915,-19306.779576881305,0.023089609675645998,0.17721518987341764,27.0818246351883,34.99233859706726,0.1100118626124366,True,True
2026-08-31,36,2410.0,0.0,4.0,0.0,12.0,0.0,-7382.906953129735,-7382.906953129735,0.0,36183.771839035384,36183.771839035384,4098.492277055015,-1908.882101364829,,0.16867469879518074,24.948187975503043,64.99880129574254,0.010750131412829088,True,True
2026-08-31,36,2420.0,0.0,11.0,0.0,2.0,0.0,-21361.124277783238,-21361.124277783238,0.0,104601.12910142857,104601.12910142857,11678.491623499107,-5376.562751542255,,0.1609195402298851,25.195593376339225,64.99758775725641,0.029627083001636804,True,True
2026-08-31,36,2430.0,2.0,4.0,2.0,3.0,-4960.375504392052,-8167.382342887061,-13127.757847279114,-557428.8991358508,39930.900032920115,-517497.9991029307,6787.1985619535235,-3211.608091239321,0.02516940948693127,0.15384615384615385,27.327409959041415,34.998634638951174,0.01624982498316764,True,True
2026-08-31,36,2440.0,0.0,17.0,0.0,1.0,0.0,-36476.17214204526,-36476.17214204526,0.0,177935.69814559544,177935.69814559544,19381.157616811703,-8715.574340737963,,0.14736842105263143,25.61477036069453,64.9960414342689,0.0459975235596041,True,True
2026-08-31,36,2450.0,14.0,54.0,14.0,3.0,-36055.26420702221,-121689.93051395044,-157745.19472097265,-3905159.880585317,591932.4946385889,-3313227.3859467283,81289.84823975108,-36750.331157804154,0.022376776534623572,0.14141414141414146,27.686428199862412,34.98324983999427,0.18470873592802042,True,True
2026-08-31,36,2460.0,14.0,0.0,14.0,0.0,-37916.141122524496,0.0,-37916.141122524496,-3894110.356563058,0.0,-3894110.356563058,18107.26523377358,-8661.712959818917,0.024665981500513873,,29.28952184273921,34.99597664157086,0.03835839256307853,True,True
2026-08-31,36,2470.0,0.0,5.0,0.0,1.0,0.0,-12454.60834236407,-12454.60834236407,0.0,60317.54258778733,60317.54258778733,6354.2132262533105,-2761.6855500018905,,0.1481481481481481,25.56609172975363,64.99842847128143,0.013633459939284102,True,True
2026-08-31,36,2480.0,1.0,1.0,1.0,1.0,-2914.3320581167122,-2629.071816586602,-5543.403874703314,-277340.1247862324,12748.357851901863,-264591.7669343306,2693.2775432315893,-1207.0040144415157,0.024850042844901506,0.14035087719298245,27.526200669110974,34.99946790592955,0.005487467046864614,True,True
2026-08-31,36,2490.0,0.0,11.0,0.0,1.0,0.0,-30299.43056833832,-30299.43056833832,0.0,146182.9543384185,146182.9543384185,15046.957274904462,-6406.2234338880735,,0.13559322033898302,25.95538297306629,64.99667917751913,0.03016958004120199,True,True
2026-08-31,36,2500.0,27.0,129.0,25.0,1.0,-85618.63879343554,-374247.57196890714,-459866.2107623427,-7454347.964004026,1805597.7462155423,-5648750.217788484,222629.31078064803,-95292.26069725933,0.024586499776486366,0.12903225806451613,28.564892312370983,34.95115860299124,0.9701353748810466,True,True
2026-08-31,36,2510.0,0.0,7.0,0.0,3.0,0.0,-21417.206164271156,-21417.206164271156,0.0,103539.10026544092,103539.10026544092,10321.678301992235,-4328.637439847456,,0.13740458015267182,27.00188673114977,64.9975803297124,1.1286019416662125,True,True
2026-08-31,36,2520.0,25.0,9.0,25.0,1.0,-85970.73786720728,-28928.140281449334,-114898.87814865661,-6872596.407738021,139681.05347794876,-6732915.354260072,52494.07003784739,-22736.3643510309,0.026641738724001017,0.13138686131386854,29.3793189226782,34.98779840270272,1.7726428675215768,True,True
2026-08-31,36,2530.0,0.0,14.0,0.0,4.0,0.0,-47321.03346969819,-47321.03346969819,0.0,228680.28948813432,228680.28948813432,22172.348559713515,-9156.443170747674,,0.11111111111111109,28.943098339967282,64.99490826851702,2.285859593886682,True,True
2026-08-31,36,2540.0,0.0,10.0,0.0,1.0,0.0,-35563.19413563761,-35563.19413563761,0.0,172323.14331424772,172323.14331424772,16385.076580684978,-6705.110580124826,,0.10526315789473682,29.678936443946736,64.99613565934445,2.843672379388159,True,True
2026-08-31,36,2550.0,3.0,27.0,2.0,1.0,-11935.350061163472,-101149.69147756301,-113085.04153872648,-815679.7919310445,492088.62266071676,-323591.1692703278,50791.28561053139,-20595.089275280283,0.027788208787082297,0.08695652173913045,31.726633366534656,34.98803518362915,3.4687160829864965,True,True
2026-08-31,36,2560.0,0.0,10.0,0.0,1.0,0.0,-39384.31930238091,-39384.31930238091,0.0,191712.97881923508,191712.97881923508,17482.299868121343,-6947.8683636276555,,0.10650887573964501,30.779221802292874,64.99573860753362,3.98156119051907,True,True
2026-08-31,36,2570.0,0.0,18.0,0.0,1.0,0.0,-74514.6395389501,-74514.6395389501,0.0,362587.0431536922,362587.0431536922,32496.51654686534,-12716.0655728826,,0.10169491525423731,31.50932694241872,64.99204416153364,4.573125893234985,True,True
2026-08-31,36,2580.0,1.0,8.0,2.0,1.0,-4654.867560521696,-34899.081987819525,-39553.94954834122,-267575.43390506395,170314.94551909628,-97260.48838596768,16751.097977488836,-6519.721726758497,0.0384563668145758,0.09625668449197863,33.08934196373767,34.99595305547446,5.116652870416353,True,True
2026-08-31,36,2590.0,0.0,14.0,0.0,2.0,0.0,-64320.48403105878,-64320.48403105878,0.0,314474.03944617166,314474.03944617166,26926.977490009296,-10257.460459074538,,0.09137055837563454,32.94828560311172,64.99312059036106,5.699862031018136,True,True
2026-08-31,36,2600.0,3.0,38.0,2.0,4.0,-15030.948738462077,-184165.7479161242,-199196.6966545863,-800266.356466742,904654.5022034526,104388.14573671063,81219.53017437547,-30687.98555596864,0.032693674484719264,0.08612440191387563,34.53285499591816,64.97869890573783,6.346415336179034,True,True
2026-08-31,36,2605.0,0.0,6.0,0.0,4.0,0.0,-29824.311618502077,-29824.311618502077,0.0,146505.55781652057,146505.55781652057,12076.774369753653,-4517.466565373122,,0.09345794392523366,33.72204882817685,64.99672986756555,6.530406934066122,True,True
2026-08-31,36,2610.0,3.0,5.0,2.0,1.0,-15776.577478846228,-25512.213019299514,-41288.79049814574,-796197.643433782,125532.52243869257,-670665.1209950894,16244.98600865959,-6142.886884191832,0.03621495327102814,0.09090909090909091,34.907555176334654,34.995636934143405,6.8206679952668505,True,True
2026-08-31,36,2620.0,1.0,9.0,1.0,2.0,-5512.121613140341,-48394.346323579084,-53906.467936719426,-264082.12175904756,239165.51963474252,-24916.602124305035,20964.176690144675,-7748.823998901832,0.036036036036036036,0.0772532188841202,35.68811993176002,34.99487638328023,7.395413271540783,True,True
2026-08-31,36,2625.0,0.0,10.0,0.0,1.0,0.0,-55155.354843100075,-55155.354843100075,0.0,272825.4269127576,272825.4269127576,21291.179822357455,-7790.342557492484,,0.07531380753138078,35.412458753044284,64.99408677038814,7.679903294274137,True,True
2026-08-31,36,2630.0,0.0,212.0,0.0,1.0,0.0,-1199977.4411949704,-1199977.4411949704,0.0,5950076.6034998465,5950076.6034998465,457202.03952363477,-166501.0805830133,,0.08130081300813008,35.942924249767586,64.87254353759465,8.55405363835203,True,True
2026-08-31,36,2640.0,0.0,2.0,0.0,1.0,0.0,-11911.002191266174,-11911.002191266174,0.0,59302.597751882095,59302.597751882095,4419.61382141407,-1594.1579116318555,,0.07692307692307693,36.20056546284651,64.99848195365371,8.509917239696918,True,True
2026-08-31,36,2645.0,0.0,1.0,0.0,1.0,0.0,-6109.18720764523,-6109.18720764523,0.0,30518.57264963193,30518.57264963193,2233.800365269817,-802.810920322019,,0.07462686567164178,36.55175878897329,64.99885963326656,8.791403821448721,True,True
2026-08-31,36,2650.0,10.0,51.0,10.0,1.0,-63517.670681037365,-319477.3548072816,-382995.02548831893,-2591853.422831324,1600893.8693255426,-990959.5535057813,136950.75019009225,-49410.40601082123,0.03961368472745138,0.07246376811594203,37.52025128027195,34.95933585080973,9.253223118156338,True,True
2026-08-31,36,2655.0,0.0,1.0,0.0,1.0,0.0,-6420.73315494722,-6420.73315494722,0.0,32265.817867150297,32265.817867150297,2278.564100334648,-812.8300090605588,,0.07042253521126761,37.2467171496312,64.99885315686876,9.360251177107505,True,True
2026-08-31,36,2660.0,1.0,30.0,2.0,1.0,-6665.643778293487,-197358.27627755038,-204023.92005584386,-256759.4109326004,994374.2372009609,737614.8262683605,71196.15372302405,-25337.53690736989,0.04715392388009431,0.0684931506849315,37.972318356105674,64.97830954620319,9.733923905829709,True,True
2026-08-31,36,2665.0,0.0,29.0,0.0,1.0,0.0,-195403.25944149803,-195403.25944149803,0.0,986886.884689385,986886.884689385,67333.0318871121,-23791.165006951316,,0.06666666666666667,37.987224228325175,64.97923031422137,10.012663892742605,True,True
2026-08-31,36,2670.0,0.0,29.0,0.0,1.0,0.0,-200233.77172319856,-200233.77172319856,0.0,1016521.5117692103,1016521.5117692103,68086.33849581315,-23862.78725030899,,0.06451612903225806,38.33615458078078,64.97871769115596,10.297371296834324,True,True
2026-08-31,36,2675.0,0.0,32.0,0.0,2.0,0.0,-226293.27491352803,-226293.27491352803,0.0,1150842.5956810482,1150842.5956810482,76049.6777552807,-26391.58427646988,,0.06289308176100618,38.67558192686053,64.97595153940183,10.591093690304474,True,True
2026-08-31,36,2680.0,0.0,20.0,0.0,4.0,0.0,-144921.48897094734,-144921.48897094734,0.0,740278.2846027113,740278.2846027113,48034.353360884306,-16531.297058809974,,0.060975609756097456,38.992233492355744,64.98458710220484,10.83966306474173,True,True
2026-08-31,36,2685.0,0.0,17.0,0.0,11.0,0.0,-126256.58013972308,-126256.58013972308,0.0,649405.1375554204,649405.1375554204,41185.53150653038,-14079.095483746592,,0.07058823529411781,38.98194724511963,64.98656673423409,11.115217921886925,True,True
2026-08-31,36,2690.0,1.0,2.0,1.0,1.0,-7644.206050862365,-15213.330591475215,-22857.53664233758,-250760.96609397975,78312.67240638375,-172448.293687596,7248.596133767972,-2488.409053094859,0.052612078547610186,0.0574712643678161,39.70325709588049,34.99765920050318,11.357299366602245,True,True
2026-08-31,36,2695.0,0.0,5.0,0.0,1.0,0.0,-38965.193733482825,-38965.193733482825,0.0,201245.56542694877,201245.56542694877,12366.773253926516,-4148.529898224725,,0.0558659217877095,39.96715827908317,64.99578683049768,11.647842238512073,True,True
2026-08-31,36,2700.0,6.0,479.0,2.0,6.0,-47999.969424918585,-3824449.597296283,-3872449.566721202,-1490610.4083794367,19838405.821293306,18347795.41291387,1208693.8502087058,-402495.89271892025,0.05285331290693225,0.05962059620596214,41.25191424246008,64.58869231674794,13.401168462117615,True,True
2026-08-31,36,2705.0,0.0,37.0,0.0,14.0,0.0,-302633.02476088586,-302633.02476088586,0.0,1576097.325813731,1576097.325813731,92970.66040927243,-30694.625601744003,,0.05263157894736842,40.70044852600781,64.96784673537967,12.315089903238945,True,True
2026-08-31,36,2710.0,0.0,44.0,0.0,3.0,0.0,-368648.49102451047,-368648.49102451047,0.0,1929418.5215544852,1929418.5215544852,111247.02016289505,-36461.73110549563,,0.0510204081632653,41.04794851683157,64.96083673690413,12.621539400709386,True,True
2026-08-31,36,2715.0,0.0,86.0,0.0,6.0,0.0,-737972.3059806643,-737972.3059806643,0.0,3875048.8178517623,3875048.8178517623,218857.81249650056,-71139.67451623859,,0.054590570719602875,41.31376172682865,64.92161342301246,13.036540565327881,True,True
2026-08-31,36,2720.0,1.0,124.0,2.0,1.0,-8778.47525741614,-1089601.396899636,-1098379.8721570522,-245606.1112304641,5752971.556880771,5507365.445650307,319325.9110786755,-103116.54996174674,0.04510655907303955,0.04807692307692307,41.92032299833567,64.88333437998422,13.443274043908954,True,True
2026-08-31,36,2725.0,0.0,88.0,0.0,17.0,0.0,-791665.3632606213,-791665.3632606213,0.0,4201329.835086624,4201329.835086624,225558.07747076257,-72331.7032030762,,0.05128205128205135,41.98606022648113,64.91591078994223,13.613778849923373,True,True
2026-08-31,36,2730.0,2.0,28.0,6.0,6.0,-18290.677571322398,-257861.41840915848,-276152.0959804809,-482328.07667333673,1373293.2718829962,890965.1952096594,76879.2801142912,-24531.749710268872,0.06220707285896888,0.04988662131519281,42.005310955055855,64.9706520520597,13.717525235523652,True,True
2026-08-31,36,2735.0,0.0,15.0,0.0,1.0,0.0,-141355.55143361114,-141355.55143361114,0.0,757069.5696627997,757069.5696627997,38601.13593901608,-12204.535248672657,,0.048351648351648416,42.48897261794793,64.98496630273053,13.955125546947764,True,True
2026-08-31,36,2740.0,10.0,8.0,10.0,2.0,-95757.86812134767,-77125.06715064101,-172882.93527198868,-2391783.1367721343,415247.3293665571,-1976535.8074055773,45242.00037447091,-14463.996093256445,0.05546927002440648,0.04690831556503205,42.694594212598,34.981645067579024,14.249179805199427,True,True
2026-08-31,36,2745.0,0.0,17.0,0.0,2.0,0.0,-167622.55776563726,-167622.55776563726,0.0,906951.1262112255,906951.1262112255,43670.13342322932,-13627.018445124137,,0.04554865424430633,43.14610535769411,64.98217966334606,14.530699248683526,True,True
2026-08-31,36,2750.0,46.0,149.0,35.0,1.0,-457970.64278633054,-1501595.3828370343,-1959566.0256233648,-10839535.505032074,8180877.373783945,-2658658.1312481286,491641.5751086475,-154141.20586140116,0.0629740289588601,0.04408817635270547,43.566133930224815,34.79187305137493,15.38231342851033,True,True
2026-08-31,36,2755.0,35.0,32.0,0.0,2.0,-355384.6394947589,-329661.5825829017,-685046.2220776606,-8192428.320071706,1803725.2826622375,-6388703.037409468,164953.76969440724,-52060.267225734366,0.06980557507613028,0.04288499025341123,43.49639669390768,34.92724111250074,15.259707408036792,True,True
2026-08-31,36,2760.0,2.0,14.0,2.0,2.0,-20951.320003982164,-147320.0760032983,-168271.39600728048,-468612.9739931135,811075.7161873617,342462.74219424825,40371.59389044703,-12396.023527429488,0.05449722691102007,0.04158790170132331,43.92242349126857,64.98208348654437,15.381405789965097,True,True
2026-08-31,36,2765.0,0.0,8.0,0.0,10.0,0.0,-85960.7614046917,-85960.7614046917,0.0,476051.8989587035,476051.8989587035,20066.1876274272,-6114.724061322171,,0.04036697247706427,44.42024759084822,64.9908382877168,15.640220219390482,True,True
2026-08-31,36,2770.0,39.0,30.0,2.0,7.0,-431895.73996607476,-328891.97525379056,-760787.7152198653,-9099300.124752158,1835502.4329395432,-7263797.691812615,175764.6872457836,-52345.27686054337,0.014234875444839772,0.039076376554173994,45.244543533814856,34.91919605188249,16.12269811266621,True,True
2026-08-31,36,2775.0,2.0,7.0,2.0,1.0,-22612.1019149158,-78354.04872699988,-100966.15064191568,-463212.2473160492,439556.33735946106,-23655.90995658812,22655.693366317235,-6709.448764804778,0.014537902388369738,0.03799654576856654,45.4141757244924,34.98991008440454,16.212534904987812,True,True
2026-08-31,36,2780.0,12.0,14.0,6.0,2.0,-138569.10700633112,-159907.07578008523,-298476.1827864164,-2759005.10920891,903301.9092600208,-1855703.199948889,65802.45160475891,-19140.19382193801,0.015388697267179655,0.03685092127303175,45.738835384440094,34.968305848948496,16.55272035959291,True,True
2026-08-31,36,2785.0,0.0,5.0,0.0,7.0,0.0,-58257.427107880794,-58257.427107880794,0.0,331593.2747779988,331593.2747779988,12390.925475606624,-3595.9816893533307,,0.03896103896103894,45.5937607855035,64.99376703208723,16.768469173183593,True,True
2026-08-31,36,2790.0,10.0,12.0,10.0,1.0,-120447.02949655255,-142685.21191450686,-263132.2414110594,-2264074.3555144495,817165.0095753736,-1446909.345939076,55180.02721786359,-15629.528910027102,0.015538290788013226,0.03785488958990523,46.281931464362714,34.972062140447626,17.10910162215074,True,True
2026-08-31,36,2795.0,0.0,9.0,0.0,5.0,0.0,-109171.69528836057,-109171.69528836057,0.0,629493.9230141093,629493.9230141093,22004.342181541637,-6217.544903960206,,0.03369065849923434,46.329129585562804,64.98838065100742,17.35068982185628,True,True
2026-08-31,36,2800.0,52.0,75.0,1.0,1.0,-651656.5907969779,-927753.827971875,-1579410.418768853,-11568992.183020905,5389224.352710924,-6179767.830309981,312038.64674323954,-86221.37154926205,0.016250725478815918,0.03268945022288265,47.13881463951238,34.83224753781087,18.02824806179271,True,True
2026-08-31,36,2805.0,0.0,8.0,0.0,2.0,0.0,-100916.99420418056,-100916.99420418056,0.0,590336.1824955052,590336.1824955052,19120.189889276913,-5258.908084946647,,0.03174603174603178,46.954189600165954,64.98925583206665,17.916441752803504,True,True
2026-08-31,36,2810.0,2.0,18.0,1.0,6.0,-26086.263218868728,-231350.39415059783,-257436.65736946656,-437007.6930033288,1364911.361363312,927903.6683599832,47226.12824902042,-12788.972932015608,0.013994523881959302,0.03076923076923061,47.54481527427779,64.97264055664465,18.241261812451203,True,True
2026-08-31,36,2815.0,0.0,6.0,0.0,5.0,0.0,-78603.52484358114,-78603.52484358114,0.0,467079.03847911424,467079.03847911424,13870.991385545862,-3710.6070666489254,,0.0326086956521738,47.492923660149145,64.99161912109824,18.478764898733722,True,True
2026-08-31,36,2820.0,3.0,19.0,1.0,2.0,-40667.495868798,-253584.645630409,-294252.141499207,-642946.6806015829,1518525.6658555944,875578.9852540116,50135.05113412226,-13170.551462666426,0.01724688597892058,0.03166226912928768,48.05567718394844,64.96872928495519,18.817475738161306,True,True
2026-08-31,36,2825.0,0.0,34.0,0.0,2.0,0.0,-462276.67823702603,-462276.67823702603,0.0,2788601.2598552927,2788601.2598552927,75309.62525391183,-19534.149875559222,,0.02564102564102564,48.329784782839525,64.9508945440349,19.142994068784603,True,True
2026-08-31,36,2830.0,3.0,14.0,2.0,3.0,-42215.41129485066,-193615.60966694567,-235831.02096179634,-629917.39006312,1179259.821614051,549342.431550931,36889.83459688406,-9383.248051491764,0.016795431642593214,0.02732919254658371,48.685737420382516,64.97492422951301,19.369880856834808,True,True
2026-08-31,36,2835.0,0.0,3.0,0.0,2.0,0.0,-42237.87442021108,-42237.87442021108,0.0,259186.30721644618,259186.30721644618,6271.2492986555135,-1573.6504107712353,,0.02898550724637688,48.73295450149759,64.99545588948178,19.606488106294652,True,True
2026-08-31,36,2840.0,1.0,9.0,1.0,7.0,-14587.52384270645,-128856.81774681657,-143444.341589523,-205490.1544499935,797726.2188930304,592236.0644430369,20294.099957249466,-4987.069810064979,0.016283185840708043,0.025791324736225116,49.270566927535555,64.98473893029495,19.91507346856879,True,True
2026-08-31,36,2845.0,1.0,1.0,1.0,1.0,-14826.189362697258,-14557.687500846238,-29383.876863543497,-203133.08082282494,90888.45362465938,-112244.62719816556,3983.0526276666837,-950.0743486839658,0.015988372093023173,0.027334851936218745,49.51939257045734,34.99701266772372,20.17196088986884,True,True
2026-08-31,36,2850.0,11.0,139.0,1.0,5.0,-165817.7394092088,-2057212.8948339308,-2223030.6342431395,-2208783.4818096054,12948138.326619295,10739354.84480969,280732.6039922421,-66111.59346667655,0.014936519790888723,0.024363233665559276,50.17602960873576,64.763882484309,20.970690568451126,True,True
2026-08-31,36,2855.0,1.0,5.0,1.0,3.0,-15298.51413725738,-75099.1508392981,-90397.66497655549,-198372.13812299096,477531.11211809906,279158.9739951081,10767.286995473014,-2466.4196840249288,0.014576141158419681,0.023630504833512384,50.17339862722214,64.99034480462285,20.754794513694343,True,True
2026-08-31,36,2860.0,5.0,227.0,1.0,3.0,-77667.61951652016,-3462160.9134376985,-3539828.532954219,-979777.2024188099,22215521.00857927,21235743.806160457,398955.1599007198,-88409.67134887286,0.014990138067061188,0.025052192066805905,50.90651266226969,64.62402131020647,21.8306318390843,True,True
2026-08-31,36,2865.0,0.0,14.0,0.0,4.0,0.0,-216728.7427716087,-216728.7427716087,0.0,1404107.4030379858,1404107.4030379858,23063.03427931203,-4910.845542252986,,0.024340770791074967,50.60196151893249,64.97696977391351,21.351894509045497,True,True
2026-08-31,36,2870.0,10.0,19.0,1.0,2.0,-160017.08675225818,-298579.80043145845,-458596.88718371664,-1909414.7527549425,1952516.4627000692,43101.70994512667,46234.39338539233,-9339.198775996036,0.017551190973673286,0.023668639053254354,51.02990993827841,64.95094276102132,21.68962119397625,True,True
2026-08-31,36,2875.0,1.0,11.0,1.0,10.0,-16243.812792091918,-175291.7906332829,-191535.6034253748,-188369.542255109,1158521.2488986147,970151.7066435057,17896.6918539208,-3442.951280289987,0.01378122308354874,0.022988505747126353,51.34525268737207,64.97964084975823,21.91404287774261,True,True
2026-08-31,36,2880.0,10.0,69.0,1.0,4.0,-164616.1798496939,-1114451.2379277938,-1279067.4177774875,-1856925.2651432853,7447476.585464851,5590551.3203215655,110675.51924139886,-19956.489567097666,0.01774622892635315,0.024186046511627854,51.693413445940095,64.86414294318317,22.437022326501747,True,True
2026-08-31,36,2885.0,1.0,2.0,1.0,1.0,-16683.446514774925,-32742.879695684846,-49426.32621045977,-182979.7064557535,221170.67068376247,38190.96422800896,3943.3319123578312,-654.2822385277269,0.018298261665141813,0.021699819168173522,51.84669074062261,64.9943574984616,22.451066632783988,True,True
2026-08-31,36,2890.0,4.0,53.0,1.0,15.0,-67595.72346491025,-879034.4953660809,-946630.2188309912,-720854.911848213,6004340.1487729605,5283485.236924747,68035.89832733876,-10224.512088139005,0.0160453043888627,0.02108963093145875,52.28784282808013,64.89945214376375,22.929012794730582,True,True
2026-08-31,36,2895.0,1.0,1.0,1.0,1.0,-17128.792702784707,-16793.146566760086,-33921.93926954479,-177429.53298861574,116042.35397315446,-61387.17901546128,2208.372442201643,-286.459355778112,0.01462701121404193,0.022203245089667024,52.46092932057378,34.99664137493393,23.016378554965875,True,True
2026-08-31,36,2900.0,37.0,68.0,15.0,3.0,-642021.6764320622,-1156278.2885874296,-1798299.9650194917,-6460003.759242915,8080215.708744506,1620211.9495015917,102740.81852113258,-10812.453542371926,0.014112903225806508,0.019933554817275677,53.004145706386986,64.80898680259482,23.67315649816496,True,True
2026-08-31,36,2905.0,0.0,13.0,0.0,4.0,0.0,-223559.13299601828,-223559.13299601828,0.0,1581641.9986903064,1581641.9986903064,10885.582768404025,-793.1895792561111,,0.02098466505246173,52.975851243638026,64.97624549260578,23.625047347432208,True,True
2026-08-31,36,2910.0,30.0,36.0,15.0,7.0,-531877.0223091951,-625719.7392399099,-1157596.761549105,-5062628.392136795,4483331.317044328,-579297.0750924675,47834.50851070724,-1377.1101993070256,0.01615508885298869,0.020392156862745165,53.453280179398874,34.87707335714879,24.102653568262642,True,True
2026-08-31,36,2915.0,3.0,44.0,2.0,1.0,-53745.60635505759,-772472.9480104296,-826218.5543654872,-497393.47659633023,5607272.737612641,5109879.261016311,27081.92784787311,1045.3757290393653,0.017837235228539514,0.02134146341463402,53.658185146957926,64.91224140542785,24.31802061472364,True,True
2026-08-31,36,2920.0,10.0,163.0,7.0,4.0,-180911.7912777239,-2890472.272004984,-3071384.0632827077,-1628157.9680788657,21248183.389649544,19620025.421570677,75896.03409753426,11228.817113876245,0.01616628175519621,0.019273535952557413,54.26419417420417,64.67377643238608,25.063215942880046,True,True
2026-08-31,36,2925.0,5.0,13.0,4.0,1.0,-91343.13321770423,-232696.87379607555,-324040.0070137798,-799089.1116580068,1732866.4677120592,933777.3560540524,5442.723791554957,1944.7123937336917,0.016766467065868332,0.018745493871665426,54.22090484904034,64.9655664758211,24.781680322695923,True,True
2026-08-31,36,2930.0,34.0,34.0,1.0,8.0,-625963.3168448255,-613103.5881689697,-1239066.9050137952,-5331142.007067618,4632743.556741109,-698398.4503265088,10874.563275263885,10323.92702211093,0.0186219739292365,0.01960784313725478,54.56977645368292,34.868415703006576,25.25026966929239,True,True
2026-08-31,36,2935.0,0.0,3.0,0.0,1.0,0.0,-54533.29181361048,-54533.29181361048,0.0,417744.67979867914,417744.67979867914,35.58756978872415,586.9005153316606,,0.01907356948228871,54.14963213721323,64.9941719149481,24.72655386092993,True,True
2026-08-31,36,2940.0,3.0,93.0,1.0,1.0,-56055.44876485034,-1701928.4568835392,-1757983.9056483896,-451891.1544603136,13233802.869673843,12781911.71521353,-13015.559421938564,23110.202981608247,0.0187416331994646,0.01854304635761597,54.07412764498664,64.81327700149478,24.78505036728624,True,True
2026-08-31,36,2945.0,0.0,18.0,0.0,5.0,0.0,-331625.6236283546,-331625.6236283546,0.0,2617329.366994812,2617329.366994812,-5197.280986329627,5154.199066913694,,0.018041237113401953,53.64338218402739,64.9647711128005,24.213175754598804,True,True
2026-08-31,36,2950.0,47.0,232.0,3.0,3.0,-890099.4086455371,-4300219.81864577,-5190319.2272913065,-6778452.131492747,34467698.44262982,27689246.311137073,-125243.22428483125,93004.6114788339,0.018854242204495972,0.016300940438871616,53.92286562749536,64.44871689237912,24.89586053628455,True,True
2026-08-31,36,2955.0,0.0,13.0,0.0,1.0,0.0,-242096.79683578806,-242096.79683578806,0.0,1972962.6031594034,1972962.6031594034,-7914.522298082315,4923.369435266322,,0.017073170731707388,53.09305955443347,64.97427842135681,23.626035944194758,True,True
2026-08-31,36,2960.0,3.0,57.0,1.0,7.0,-57308.31180179401,-1065773.319266893,-1123081.631068687,-412941.1362338583,8835099.301430536,8422158.165196678,-46492.05819531566,25516.58431931954,0.020456333595594088,0.01660735468564657,52.86392516620467,64.88071165949287,23.516140703232153,True,True
2026-08-31,36,2965.0,6.0,13.0,5.0,2.0,-115030.77952277691,-243880.36000190157,-358911.13952467847,-805816.5789530007,2057480.1450766057,1251663.566123605,-18066.601925717623,8995.745585465145,0.022988505747126412,0.017311021350259664,52.44457673211489,64.96186676652081,23.07975042345025,True,True
2026-08-31,36,2970.0,134.0,83.0,1.0,14.0,-2574706.9964957647,-1561179.2681565536,-4135886.2646523183,-17546995.372648843,13409303.621374097,-4137691.751274746,-245772.24092762358,113254.62556520154,0.02227934875749781,0.016844469399213927,52.595030641045625,34.56071619559634,23.534524848456627,True,True
2026-08-31,36,2975.0,31.0,62.0,1.0,2.0,-596942.8436778424,-1169219.0888432825,-1766161.9325211248,-3954332.8434507665,10222774.906124746,6268442.06267398,-120140.70649322745,52526.178808207565,0.021505376344085947,0.016402405686167305,52.067559839406776,64.81240716429517,22.786920628602815,True,True
2026-08-31,36,2980.0,9.0,112.0,1.0,1.0,-173323.30796996757,-2113321.414019072,-2286644.7219890393,-1117793.4231102602,18836659.822331414,17718866.399221152,-174784.3609539757,73335.0771948146,0.026217228464419446,0.01702127659574462,51.76218734604402,64.75712635228862,22.606210583215226,True,True
2026-08-31,36,2985.0,1.0,3.0,1.0,10.0,-19259.576691046077,-56599.15500706204,-75858.73169810812,-120819.9863780709,514454.95350657444,393634.96712850354,-6467.69019625801,2602.664388288235,0.027450980392156973,0.016563146997929695,51.21959231143677,64.99190466363582,21.88628145140341,True,True
2026-08-31,36,2990.0,14.0,53.0,1.0,7.0,-269463.45164395747,-999091.4002374122,-1268554.8518813697,-1644255.8887383963,9263244.16867587,7618988.279937473,-118824.68307646093,46343.763073219314,0.026721479958889974,0.017128463476070416,51.07039664223612,64.86526023513836,21.83651320549126,True,True
2026-08-31,36,2995.0,5.0,8.0,1.0,17.0,-96043.28093498186,-150578.08348721667,-246621.36442219853,-570574.3758186443,1424458.1630558323,853883.787237188,-25216.976160661397,9539.281505849176,0.030172413793103415,0.016674840608141277,50.62723207297925,64.9737878866822,21.35099676862383,True,True
2026-08-31,36,3000.0,23.0,92.0,1.0,3.0,-440807.90775023616,-1728802.9370190706,-2169610.844769307,-2546993.071188738,16685558.165369993,14138565.094181255,-242454.39246718166,89179.2604446317,0.029445073612683968,0.01624462494027714,50.57511914092099,64.76955672904235,21.445997439101923,True,True
2026-08-31,36,3005.0,0.0,4.0,0.0,1.0,0.0,-74814.463141856,-74814.463141856,0.0,738485.646317866,738485.646317866,-9074.928037869695,3259.98628689163,,0.01766620176662023,50.21216127559607,64.99203337363832,20.74856117740263,True,True
2026-08-31,36,3010.0,5.0,57.0,2.0,1.0,-94892.60712917097,-1060024.6202131405,-1154917.2273423115,-519818.32455976645,10710435.648381514,10190617.323821748,-152012.67537712114,53135.94961821101,0.03254067584480611,0.01809954751131222,49.82034937552729,64.8773305948146,20.679081701068206,True,True
2026-08-31,36,3015.0,2.0,1.0,1.0,1.0,-37697.82403096285,-18483.45674137743,-56181.28077234028,-201116.8283738021,191238.2138347171,-9878.614539084985,-8073.822607312823,2717.715081825738,0.03425559947299089,0.018510356985456097,49.37972230003167,34.99555106095607,20.17602630836445,True,True
2026-08-31,36,3020.0,44.0,26.0,2.0,7.0,-822298.1298300314,-477141.3687420711,-1299439.4985721025,-4276152.92638102,5059302.59368452,783149.6673034998,-199806.57813998562,65956.6510297372,0.03606102635228861,0.01803349076857015,49.21656440092642,64.86196268054118,20.139628889816272,True,True
2026-08-31,36,3025.0,25.0,29.0,10.0,29.0,-463343.39314059913,-527858.2220019609,-991201.61514256,-2343086.27644127,5740412.3893483365,3397326.1129070665,-161969.66037743338,52646.92941050665,0.035190615835777206,0.018410041841004088,48.90584231173038,64.89471647845399,19.79529848427767,True,True
2026-08-31,36,3030.0,27.0,11.0,1.0,2.0,-494849.27528126346,-198272.35422716336,-693121.6295084269,-2441057.9353811503,2213781.0965890572,-227276.8387920931,-120658.62978895128,38394.25851987113,0.04018547140649152,0.01875254790052994,48.50765190641958,34.926447044910034,19.451584597048356,True,True
2026-08-31,36,3040.0,171.0,10.0,272.0,3.0,-3059832.270824105,-176055.11240073442,-3235887.3832248393,-14323168.841436278,2077056.2077417208,-12246112.633694557,-627912.1195254922,193580.17827286656,0.041522491349480946,0.0185758513931889,48.22275319010325,34.65630592956989,19.405383310841604,True,True
2026-08-31,36,3045.0,3.0,0.0,3.0,0.0,-52940.74690090458,0.0,-52940.74690090458,-241643.66876381257,0.0,-241643.66876381257,-10762.513206278476,3280.803620782014,0.04395604395604393,,47.146044987686984,34.994439046529614,18.46934428850117,True,True
2026-08-31,36,3050.0,77.0,18.0,1.0,1.0,-1338978.3247686662,-308799.0781502034,-1647777.4029188696,-5958752.261672004,3854184.08303029,-2104568.178641714,-348204.80467376165,105644.79222540132,0.0427184466019418,0.016930437983069646,47.47944441941446,34.82499073338136,18.518673125007744,True,True
2026-08-31,36,3055.0,25.0,0.0,8.0,0.0,-427796.1026463945,0.0,-427796.1026463945,-1858531.1889332396,0.0,-1858531.1889332396,-94900.73831749341,28362.8082543688,0.04938271604938269,,46.460775544511684,34.95457030052489,17.979928326419163,True,True
2026-08-31,36,3060.0,29.0,1.0,4.0,1.0,-487566.21953207674,-16607.06981965191,-504173.2893517286,-2067965.5163514738,219990.83851644708,-1847974.6778350268,-117744.93844392216,34641.83759154224,0.0524017467248908,0.01818181818181834,46.609625503167265,34.94645804955907,17.713027247563936,True,True
2026-08-31,36,3065.0,11.0,0.0,10.0,0.0,-181473.68646073528,0.0,-181473.68646073528,-750390.6124220071,0.0,-750390.6124220071,-44605.286631922856,12900.781194580355,0.055813953488372224,,45.669508686740684,34.98074501337441,17.360092581996145,True,True
2026-08-31,36,3070.0,26.0,2.0,12.0,1.0,-420013.07618019404,-31982.351557444043,-451995.42773763806,-1695588.4186632389,451669.86311347614,-1243918.5555497627,-116125.10438968327,33197.14642660545,0.05940594059405936,0.017298735861610074,45.94476591340694,34.952003990509205,17.13588092548756,True,True
2026-08-31,36,3075.0,75.0,0.0,10.0,0.0,-1184492.8543221524,0.0,-1184492.8543221524,-4668420.720374619,0.0,-4668420.720374619,-318434.25193063053,89745.65724620415,0.05804749340369401,,45.16853707216977,34.87419394558937,17.016973464933972,True,True
2026-08-31,36,3080.0,18.0,0.0,4.0,0.0,-277505.8488446497,0.0,-277505.8488446497,-1067762.7878299786,0.0,-1067762.7878299786,-77702.65528243833,21664.180067580848,0.06197183098591557,,44.646280335421665,34.97053914878121,16.53070700394025,True,True
2026-08-31,36,3085.0,30.0,0.0,30.0,0.0,-450763.6823877295,0.0,-450763.6823877295,-1696049.8565999172,0.0,-1696049.8565999172,-130986.28802706578,36218.76070311022,0.06606606606606594,,44.264325877669194,34.95213160405187,16.287714514785314,True,True
2026-08-31,36,3090.0,53.0,4.0,3.0,4.0,-775310.3911902567,-58621.574667855224,-833931.9658581119,-2847811.487105342,962423.8060240771,-1885387.681081265,-251431.49456346777,68887.60983473736,0.07073954983922838,0.0672782874617737,43.94852141738243,34.9114330275213,16.09609486299807,True,True
2026-08-31,36,3095.0,135.0,0.0,2.0,0.0,-1920238.0530737436,0.0,-1920238.0530737436,-6898005.525566743,0.0,-6898005.525566743,-597381.5736866252,162956.6709850058,0.0756013745704467,,43.63069783385077,34.796046750092586,16.078502072980474,True,True
2026-08-31,36,3100.0,110.0,6.0,12.0,3.0,-1519948.9607291368,-82893.43431233166,-1602842.3950414686,-5340526.033915313,1477163.638903867,-3863362.395011446,-514500.30590267933,139611.33629911687,0.07352941176470588,0.06244528742340233,43.53466689776649,34.82976019826647,15.72588932235835,True,True
2026-08-31,36,3105.0,1.0,0.0,1.0,0.0,-13412.398850106207,0.0,-13412.398850106207,-46102.209775625044,0.0,-46102.209775625044,-4424.501164059407,1198.3794330893647,0.07874015748031496,,42.68533643119948,34.998900777594216,15.048823475367392,True,True
2026-08-31,36,3110.0,11.0,1.0,10.0,1.0,-143100.55994751208,-12946.276060504115,-156046.8360080162,-482369.8098362489,251370.91701818677,-230998.89281806216,-53242.07520131583,14279.121720898513,0.08403361344537814,0.06074115352465871,42.614685010870815,34.98349063660069,14.801396836038075,True,True
2026-08-31,36,3115.0,3.0,0.0,4.0,0.0,-37775.41288256012,0.0,-37775.41288256012,-124704.9657938379,0.0,-124704.9657938379,-13314.409104417087,3537.100594704917,0.0900900900900901,,41.78022447573877,34.99610801979432,14.486624723464494,True,True
2026-08-31,36,3120.0,47.0,0.0,2.0,0.0,-571399.631976736,0.0,-571399.631976736,-1844515.0223242636,0.0,-1844515.0223242636,-208534.89035294144,54717.406335070424,0.0970873786407767,,41.37860992873793,34.939317711939246,14.347920425332305,True,True
2026-08-31,36,3125.0,2.0,0.0,1.0,0.0,-23426.43518312907,0.0,-23426.43518312907,-73991.77753229467,0.0,-73991.77753229467,-8836.23093607125,2294.1005419746393,0.09424083769633511,,41.08476636586511,34.99771451613135,13.914349877776916,True,True
2026-08-31,36,3130.0,47.0,0.0,1.0,0.0,-530303.5699385523,0.0,-530303.5699385523,-1648319.6291912666,0.0,-1648319.6291912666,-205696.0567184448,53114.722362908215,0.10055865921787714,,40.705643064578226,34.94368364118956,13.776597714889272,True,True
2026-08-31,36,3135.0,5.0,0.0,2.0,0.0,-54137.63750753163,0.0,-54137.63750753163,-164471.470869404,0.0,-164471.470869404,-21665.579548371472,5546.192829243734,0.10909090909090903,,40.07675748170006,34.99434104650893,13.355111928850693,True,True
2026-08-31,36,3140.0,39.0,0.0,3.0,0.0,-405091.69605674135,0.0,-405091.69605674135,-1206925.9077738472,0.0,-1206925.9077738472,-166727.31480196083,42460.056485549714,0.11764705882352934,,39.60730475084504,34.95698617498901,13.179565647934158,True,True
2026-08-31,36,3145.0,17.0,0.0,1.0,0.0,-169505.3075148415,0.0,-169505.3075148415,-497229.66227160447,0.0,-497229.66227160447,-71511.22561127153,18180.564839606675,0.1258741258741258,,39.02971934943225,34.98202639568602,12.824191659976927,True,True
2026-08-31,36,3150.0,109.0,2.0,1.0,2.0,-1040049.1512136768,-17005.877426883202,-1057055.0286405599,-2989247.7846177905,545442.960647384,-2443804.8239704063,-458947.8017616078,116064.48286697693,0.12121212121212119,0.05644402634054563,40.05476676386658,34.88773250257761,12.835743799613544,True,True
2026-08-31,36,3155.0,23.0,0.0,1.0,0.0,-210341.68224016106,0.0,-210341.68224016106,-594919.0571599135,0.0,-594919.0571599135,-93320.03657272013,23650.642041386214,0.14634146341463405,,37.859514185408,34.97768406310654,12.273294770886723,True,True
2026-08-31,36,3160.0,13.0,0.0,5.0,0.0,-113793.59809463636,0.0,-113793.59809463636,-316118.4964114729,0.0,-316118.4964114729,-51706.10121270252,13107.010856970071,0.14035087719298245,,37.73374520023805,34.98796102104253,11.957265614409614,True,True
2026-08-31,36,3165.0,4.0,0.0,3.0,0.0,-33599.449072167685,0.0,-33599.449072167685,-92180.49515395786,0.0,-92180.49515395786,-15578.601864912736,3935.9496365328932,0.16822429906542047,,36.594163207085025,34.99659400353025,11.644804544644828,True,True
2026-08-31,36,3170.0,10.0,0.0,1.0,0.0,-80183.59939541032,0.0,-80183.59939541032,-216204.63829503898,0.0,-216204.63829503898,-38038.60086382406,9513.457044829462,0.18181818181818188,,35.91457591011653,34.9915527884733,11.378670731561959,True,True
2026-08-31,36,3175.0,15.0,0.0,4.0,0.0,-114365.73171256608,0.0,-114365.73171256608,-302620.7762181768,0.0,-302620.7762181768,-55567.411152337896,13757.690171089434,0.19780219780219788,,35.16117738137079,34.98790236907499,11.109208687424747,True,True
2026-08-31,36,3180.0,12.0,0.0,12.0,0.0,-87278.88873593403,0.0,-87278.88873593403,-228165.6489970249,0.0,-228165.6489970249,-43267.26809714495,10666.93897386342,0.21176470588235302,,34.45156621102394,34.99079553517403,10.815423941113405,True,True
2026-08-31,36,3185.0,104.0,0.0,1.0,0.0,-716549.2926992695,0.0,-716549.2926992695,-1840053.8664430515,0.0,-1840053.8664430515,-363848.7381067346,89067.82935091485,0.2051282051282051,,34.560112615469706,34.923900861536836,10.80614918805657,True,True
2026-08-31,36,3190.0,4.0,0.0,2.0,0.0,-26254.633996465385,0.0,-26254.633996465385,-66721.33822769816,0.0,-66721.33822769816,-13595.705401063931,3324.0650514447107,0.24657534246575327,,32.82156078795831,34.997436212689315,10.222287645038088,True,True
2026-08-31,36,3195.0,6.0,0.0,1.0,0.0,-37433.50319477415,0.0,-37433.50319477415,-94020.96143546962,0.0,-94020.96143546962,-19791.78338778077,4833.262162909111,0.23529411764705876,,32.879797778775036,34.99618358951477,9.943702924742635,True,True
2026-08-31,36,3200.0,89.0,0.0,1.0,0.0,-528052.1948716837,0.0,-528052.1948716837,-1312253.159307874,0.0,-1312253.159307874,-284934.42228487163,69603.82285281271,0.2677165354330709,,31.797611513459458,34.9439250984144,9.90283333157686,True,True
2026-08-31,36,3205.0,103.0,0.0,2.0,0.0,-576166.1438598421,0.0,-576166.1438598421,-1406635.1925158778,0.0,-1406635.1925158778,-319011.7761102397,77730.49685033217,0.2758620689655172,,31.298332571817344,34.93881397500686,9.657396441307498,True,True
2026-08-31,36,3210.0,10.0,0.0,1.0,0.0,-53117.234161409455,0.0,-53117.234161409455,-128224.53063093052,0.0,-128224.53063093052,-30048.009850127597,7334.76762339668,0.2962962962962964,,30.204918688386336,34.994475207947545,9.10171419189821,True,True
2026-08-31,36,3215.0,9.0,0.0,1.0,0.0,-45127.44290109574,0.0,-45127.44290109574,-107183.82853399371,0.0,-107183.82853399371,-26184.808755292706,6394.2859023717165,0.30303030303030304,,29.716377028103174,34.9953467963521,8.814239530878213,True,True
2026-08-31,36,3220.0,10.0,0.0,1.0,0.0,-47599.38881021185,0.0,-47599.38881021185,-111729.76413213767,0.0,-111729.76413213767,-28239.45285821288,6918.575439787103,0.30434782608695654,,29.39454434781984,34.99507854816023,8.532550847737587,True,True
2026-08-31,36,3225.0,17.0,0.0,5.0,0.0,-76967.8443939953,0.0,-76967.8443939953,-178930.896225762,0.0,-178930.896225762,-46148.76746103687,11254.185186073262,0.3255813953488372,,28.48787369041739,34.991908797818986,8.267947663237091,True,True
2026-08-31,36,3230.0,9.0,0.0,1.0,0.0,-38416.86692972583,0.0,-38416.86692972583,-88047.95941390505,0.0,-88047.95941390505,-23323.569397210264,5639.72590777618,0.3291139240506329,,28.08062572722324,34.99608996546761,7.960589572305461,True,True
2026-08-31,36,3235.0,1.0,0.0,1.0,0.0,-4027.8110882595356,0.0,-4027.8110882595356,-9124.468861752126,0.0,-9124.468861752126,-2477.7284490535644,595.7642308398661,0.3561643835616438,,26.96783983975264,35.00121594278255,7.653484082939034,True,False
2026-08-31,36,3240.0,12.0,0.0,1.0,0.0,-45720.34641860558,0.0,-45720.34641860558,-102668.97120083102,0.0,-102668.97120083102,-28501.79622788608,6834.459404791638,0.3529411764705883,,26.803301412296737,34.99528997594117,7.399930926892854,True,False
2026-08-31,36,3250.0,38.0,0.0,2.0,0.0,-128162.1543220035,0.0,-128162.1543220035,-281809.19229377847,0.0,-281809.19229377847,-82623.2488097568,19705.66489629684,0.4137931034482759,,24.463703261949437,34.98644066165403,6.903069401881626,True,False
2026-08-31,36,3255.0,4.0,0.0,2.0,0.0,-12612.548601379327,0.0,-12612.548601379327,-27380.188590093385,0.0,-27380.188590093385,-8305.733270794486,1975.6546719732978,0.4150943396226415,,24.06860596874818,34.99920819698515,6.5240747547059925,True,False
2026-08-31,36,3260.0,1.0,0.0,0.0,0.0,-2994.6462436449287,0.0,-2994.6462436449287,-6473.369961451866,0.0,-6473.369961451866,-2003.5427247247135,478.02915915530156,0.4800000000000001,,21.830700229485227,35.00199875554958,6.231350259437972,True,False
2026-08-31,36,3265.0,1.0,0.0,1.0,0.0,-2838.996169054719,0.0,-2838.996169054719,-6105.151531490988,0.0,-6105.151531490988,-1932.8499583000169,462.5639136809004,0.4680851063829786,,21.90373281457253,35.00215499905717,5.946926589067752,True,False
2026-08-31,36,3270.0,1.0,0.0,2.0,0.0,-2654.5321209426293,0.0,-2654.5321209426293,-5639.531509350861,0.0,-5639.531509350861,-1852.9522655076787,443.53687514372325,0.5116279069767441,,20.313034573336218,35.00237737640386,5.662501169876802,True,False
2026-08-31,36,3275.0,4.0,0.0,1.0,0.0,-10015.577377948013,0.0,-10015.577377948013,-21110.118941662753,0.0,-21110.118941662753,-7146.532556656053,1715.829889082467,0.5,,20.38377926373404,34.99964673537694,5.386260241755145,True,False
2026-08-31,36,3280.0,3.0,0.0,1.0,0.0,-7067.68604120897,0.0,-7067.68604120897,-14756.388773215016,0.0,-14756.388773215016,-5167.269307093143,1244.3647413228289,0.5945945945945945,,17.259419967633246,35.000265755502355,5.099091591258105,True,False
2026-08-31,36,3285.0,4.0,0.0,1.0,0.0,-8841.86684740401,0.0,-8841.86684740401,-18253.06646154547,0.0,-18253.06646154547,-6641.125592601409,1604.095722512625,0.5882352941176471,,17.16789199335794,34.99988260807205,4.817360558315364,True,False
2026-08-31,36,3295.0,1.0,0.0,1.0,0.0,-1915.668488612359,0.0,-1915.668488612359,-3848.0742549714773,0.0,-3848.0742549714773,-1452.2684665280874,345.0064388320178,0.7142857142857143,,12.811229236950386,35.00369357087779,4.2403852085446125,True,False
2026-08-31,36,3300.0,57.0,0.0,1.0,0.0,-102666.89278866656,0.0,-102666.89278866656,-204797.87077461908,0.0,-204797.87077461908,-78280.21176764308,18540.72937457009,0.7692307692307692,,10.996468516193891,34.98916862081175,4.106314446864247,True,False
2026-08-31,36,3310.0,8.0,0.0,3.0,0.0,-12564.799914113833,0.0,-12564.799914113833,-24647.68028480128,0.0,-24647.68028480128,-9787.716116788086,2304.419194560431,0.9090909090909091,,6.1285813664018205,34.9992739990353,3.4058174360082094,True,False
2026-08-31,36,3315.0,1.0,0.0,1.0,0.0,-1454.5256772469572,0.0,-1454.5256772469572,-2824.110714280484,0.0,-2824.110714280484,-1152.6025146643535,270.56381586534417,1.0,,3.102143771828434,35.00515503599851,3.102700326482759,True,False
2026-08-31,36,3320.0,1.0,0.0,1.0,0.0,-1337.9292385357348,0.0,-1337.9292385357348,-2566.694579274813,0.0,-2566.694579274813,-1084.4872725634548,253.82191179481316,1.1111111111111112,,2.817729548405088,35.005699709981386,2.8182790264141553,True,False
2026-08-31,36,3325.0,9.0,0.0,1.0,0.0,-11403.81999108141,0.0,-11403.81999108141,-21833.69088353762,0.0,-21833.69088353762,-9383.941911254196,2204.1084496774806,1.0588235294117647,,2.5501732036986726,34.99947573924466,2.555079811058556,True,False
2026-08-31,36,3330.0,10.0,0.0,11.0,0.0,-11975.728648276008,0.0,-11975.728648276008,-22865.99988490457,0.0,-22865.99988490457,-10024.58539557988,2362.9095345519513,1.25,,2.267866215114943,34.999383981690656,2.273275808018306,True,False
2026-08-31,36,3340.0,4.0,0.0,2.0,0.0,-4249.424367661489,0.0,-4249.424367661489,-8047.397681083462,0.0,-8047.397681083462,-3706.7851543825464,879.8617460590076,1.4285714285714286,,1.6863943592305575,35.001412378282026,1.6885253692782998,True,False
2026-08-31,36,3345.0,1.0,0.0,1.0,0.0,-949.124511302308,0.0,-949.124511302308,-1758.1447015279916,0.0,-1758.1447015279916,-869.6434628137393,205.82168354623005,1.6666666666666665,,1.3956584312883633,35.00842606108894,1.396184311380036,True,False
2026-08-31,36,3350.0,22.0,0.0,1.0,0.0,-20504.24663917793,0.0,-20504.24663917793,-38329.12171894718,0.0,-38329.12171894718,-18848.42603985956,4504.942321446143,1.6666666666666665,,1.1554961394969536,34.99821350698499,1.1670426508618026,True,False
2026-08-31,36,3355.0,2.0,0.0,1.0,0.0,-1737.1742198621196,0.0,-1737.1742198621196,-3218.574813857077,0.0,-3218.574813857077,-1647.6337259657123,395.14712755000596,1.6363636363636362,,0.8289372192812875,35.00447448873964,0.8299792032720524,True,False
2026-08-31,36,3360.0,2.0,0.0,1.0,0.0,-1611.4430816508757,0.0,-1611.4430816508757,-2953.93462945145,0.0,-2953.93462945145,-1536.2077081586965,366.85826297713606,2.0,,0.5445229958579442,35.00490509723457,0.5455573487866218,True,False
2026-08-31,36,3365.0,3.0,0.0,1.0,0.0,-2375.03833263045,0.0,-2375.03833263045,-4392.215756939381,0.0,-4392.215756939381,-2262.7500751623857,545.0226068919777,2.0,,0.26221600727421424,35.00316209400691,0.263764979875509,True,False
2026-08-31,36,3370.0,2.0,0.0,3.0,0.0,-1556.0777822583661,0.0,-1556.0777822583661,-2902.8714392779884,0.0,-2902.8714392779884,-1481.6548862735249,359.9280987260288,2.0,,0.00421446967923203,35.00500024128902,0.005245462294440976,True,False
2026-08-31,36,3375.0,8.0,0.0,1.0,0.0,-6118.273557220669,0.0,-6118.273557220669,-11512.406460441762,0.0,-11512.406460441762,-5822.544374832204,1426.3767319750032,2.0,,0.01685787871692812,35.00065298506573,0.02097541338703117,True,False
2026-08-31,36,3380.0,8.0,0.0,5.0,0.0,-5629.2378138269705,0.0,-5629.2378138269705,-10469.057737617282,0.0,-10469.057737617282,-5326.444784265737,1293.707888962753,2.0,,0.01685787871692812,35.00083475516048,0.02094573209905461,True,False
2026-08-31,36,3385.0,1.0,0.0,1.0,0.0,-691.8066534991225,0.0,-691.8066534991225,-1297.5929138167103,0.0,-1297.5929138167103,-654.5982127740706,160.32911704823533,2.0,,0.002107234839616015,35.011477484716174,0.0026174974114199123,True,False
2026-08-31,36,3390.0,3.0,0.0,3.0,0.0,-2040.860288285084,0.0,-2040.860288285084,-3860.306231585997,0.0,-3860.306231585997,-1931.171384057605,476.936259551074,2.0,,0.006321704518848045,35.00366792862596,0.007850394687000328,True,False
2026-08-31,36,3400.0,22.0,0.0,1.0,0.0,-14480.0147704831,0.0,-14480.0147704831,-27846.2947861333,0.0,-27846.2947861333,-13704.260188126877,3440.2601016342755,2.0,,0.04635916647155234,34.9990006772552,0.0575400461553886,True,False
2026-08-31,36,3415.0,1.0,0.0,1.0,0.0,-627.1958084260739,0.0,-627.1958084260739,-1235.6613298384102,0.0,-1235.6613298384102,-593.8997757103685,152.6981885775565,2.0,,0.002107234839616015,35.01206281566456,0.002613575953479612,True,False
2026-08-31,36,3430.0,1.0,0.0,1.0,0.0,-553.7458145953966,0.0,-553.7458145953966,-1093.8120358480535,0.0,-1093.8120358480535,-527.667135901319,136.67981149229752,2.0,,0.002107234839616015,35.01364216665864,0.00260911801671688,True,False
2026-08-31,36,3440.0,3.0,0.0,3.0,0.0,-1611.1568731001375,0.0,-1611.1568731001375,-3231.7132788120052,0.0,-3231.7132788120052,-1537.658205512855,404.4608347584248,2.0,,0.006321704518848045,35.004468938285285,0.007824314485332232,True,False
2026-08-31,36,3450.0,16.0,0.0,3.0,0.0,-9658.039042354974,0.0,-9658.039042354974,-20462.729734995744,0.0,-20462.729734995744,-9158.710146133344,2521.4301088736174,2.0,,0.03371575743385624,34.99970718897132,0.04179432810975947,True,False
2026-08-31,36,3500.0,72.0,0.0,1.0,0.0,-37816.55172958174,0.0,-37816.55172958174,-85916.33947616752,0.0,-85916.33947616752,-35913.31103514723,10597.50950837907,2.0,,0.1517209084523531,34.996157953761966,0.1877318845431869,True,False
2026-08-31,36,3550.0,183.0,0.0,1.0,0.0,-66385.46677810696,0.0,-66385.46677810696,-151466.38793644973,0.0,-151466.38793644973,-66329.55168352398,20042.463917306006,2.0,,0.3856239756497308,34.993047990837255,0.47534735839296005,True,False
2026-08-31,36,3600.0,46.0,0.0,20.0,0.0,-17629.203872947422,0.0,-17629.203872947422,-44470.01642747084,0.0,-44470.01642747084,-17087.903868471603,5631.532262014024,2.0,,0.0969328026223367,34.99846483687426,0.11954340340747671,True,False
2026-08-31,36,3650.0,3.0,0.0,1.0,0.0,-1031.5623221639346,0.0,-1031.5623221639346,-2747.848855035242,0.0,-2747.848855035242,-1009.7635168881684,351.8288666372191,2.0,,0.006321704518848045,35.00534726371057,0.007789136866909908,True,False
2026-08-31,36,3700.0,320.0,0.0,20.0,0.0,-56852.23844759243,0.0,-56852.23844759243,-139680.97736207896,0.0,-139680.97736207896,-71048.46124669508,24558.746559882286,2.0,,0.6743151486771248,34.99406890505412,0.8276135204895905,True,False
2026-08-31,36,3750.0,1.0,0.0,1.0,0.0,-382.0098029600643,0.0,-382.0098029600643,-1208.9944614820256,0.0,-1208.9944614820256,-364.9620636486365,148.13082541505895,2.0,,0.002107234839616015,35.0123561763164,0.002598694758118397,True,False
2026-08-31,36,3850.0,1.0,0.0,1.0,0.0,-291.60803436723796,0.0,-291.60803436723796,-977.3986895991704,0.0,-977.3986895991704,-283.6621561846388,122.9495178866552,2.0,,0.002107234839616015,35.015300200692835,0.002593207958915187,True,False
2026-08-31,36,3900.0,58.0,0.0,1.0,0.0,-13807.697488110156,0.0,-13807.697488110156,-46701.44981598905,0.0,-46701.44981598905,-13977.399292097936,6189.647827195082,2.0,,0.12221962069772886,34.99885461683562,0.1502175738135232,True,False
2026-09-04,40,2665.0,0.0,4.0,0.0,3.0,0.0,-27199.954166964588,-27199.954166964588,0.0,150336.40636715924,150336.40636715924,9367.039394995198,-2945.7163352918406,,0.06094182825484772,38.10628850968934,64.99701121898458,9.938067315226085,True,True
2026-09-04,40,2670.0,0.0,6.0,0.0,9.0,0.0,-41736.16720657252,-41736.16720657252,0.0,231474.0358994865,231474.0358994865,14181.782628750218,-4424.130380481499,,0.05929919137466315,38.44419630919746,64.99550224901836,10.228514810705738,True,True
2026-09-04,40,2675.0,0.0,10.0,0.0,10.0,0.0,-71153.23054690202,-71153.23054690202,0.0,395863.6506480731,395863.6506480731,23848.99917102522,-7379.597832131698,,0.05774278215223105,38.78373174865223,64.99240466645645,10.525016495481255,True,True
2026-09-04,40,2680.0,0.0,3.0,0.0,5.0,0.0,-21835.75264013202,-21835.75264013202,0.0,121985.0870194358,121985.0870194358,7210.930773143965,-2214.7171799196885,,0.0510204081632653,39.25506654786724,64.99755778094259,10.788408904114307,True,True
2026-09-04,40,2685.0,0.0,6.0,0.0,6.0,0.0,-44666.65676923867,-44666.65676923867,0.0,250164.35446289554,250164.35446289554,14540.623029416605,-4428.779600347651,,0.04975124378109452,39.58387740727455,64.9951958325927,11.081935342626577,True,True
2026-09-04,40,2690.0,0.0,1.0,0.0,1.0,0.0,-7614.054335459526,-7614.054335459526,0.0,42793.75316867115,42793.75316867115,2440.400395711977,-737.6205590597057,,0.053268765133171816,39.7522298159375,64.9988407735089,11.351223167902877,True,True
2026-09-04,40,2695.0,0.0,1.0,0.0,1.0,0.0,-7786.915203983204,-7786.915203983204,0.0,43959.27650364288,43959.27650364288,2454.204179980061,-736.632823796738,,0.05176470588235301,40.08176581688541,64.9988317064458,11.635647882856317,True,True
2026-09-04,40,2700.0,0.0,11.0,0.0,1.0,0.0,-87588.64840104236,-87588.64840104236,0.0,496494.1747229731,496494.1747229731,27133.89554815615,-8086.671713969407,,0.05034324942791752,40.429896082337976,64.99066668128418,11.950660644781962,True,True
2026-09-04,40,2705.0,0.0,5.0,0.0,5.0,0.0,-40705.83419774082,-40705.83419774082,0.0,231617.64024469536,231617.64024469536,12389.307581058321,-3665.789551094042,,0.04899777282850786,40.742031194705916,64.99561172458877,12.216776330910404,True,True
2026-09-04,40,2710.0,0.0,9.0,0.0,5.0,0.0,-74903.83302120992,-74903.83302120992,0.0,427702.15272452106,427702.15272452106,22387.981761805713,-6575.672892553674,,0.04772234273318878,41.073137260347295,64.99200912209665,12.51356818736517,True,True
2026-09-04,40,2725.0,0.0,2.0,0.0,6.0,0.0,-17759.81367233866,-17759.81367233866,0.0,102769.75090254414,102769.75090254414,4993.248112688514,-1437.9409194226027,,0.04391217564870265,42.0259342992746,64.99796771007091,13.345314022698549,True,True
2026-09-04,40,2730.0,0.0,3.0,0.0,6.0,0.0,-27208.342369569764,-27208.342369569764,0.0,158170.20693845238,158170.20693845238,7481.920217335878,-2140.9514601885658,,0.0427184466019418,42.34826762894039,64.9970152696626,13.632877219590478,True,True
2026-09-04,40,2745.0,0.0,2.0,0.0,2.0,0.0,-19282.71977300904,-19282.71977300904,0.0,113940.57335584525,113940.57335584525,4922.417866912756,-1384.761667291477,,0.03921568627450985,43.304485874193766,64.99782026621614,14.483063346884272,True,True
2026-09-04,40,2750.0,0.0,8.0,0.0,1.0,0.0,-78685.84289572513,-78685.84289572513,0.0,467062.166437398,467062.166437398,19570.22833863067,-5470.342205040415,,0.034722222222222224,43.73634742822343,64.9916103766403,14.786536008897286,True,True
2026-09-04,40,2755.0,0.0,1.0,0.0,1.0,0.0,-10026.014554719051,-10026.014554719051,0.0,59888.54091312989,59888.54091312989,2429.8246385886137,-674.5008996192963,,0.03709949409780769,43.93469285150191,64.99868463965936,15.048754462699558,True,True
2026-09-04,40,2765.0,0.0,2.0,0.0,2.0,0.0,-20829.04898883487,-20829.04898883487,0.0,125998.54909074745,125998.54909074745,4846.301302808613,-1313.7938448578159,,0.03821656050955412,44.47211654083582,64.9976686233738,15.620814092700696,True,True
2026-09-04,40,2770.0,0.0,6.0,0.0,1.0,0.0,-63722.95260688848,-63722.95260688848,0.0,387159.3980260483,387159.3980260483,14521.461761464387,-3884.624515324835,,0.03726708074534148,44.79344409654401,64.99319301124062,15.918133734001275,True,True
2026-09-04,40,2775.0,0.0,1.0,0.0,1.0,0.0,-10824.210666493875,-10824.210666493875,0.0,66159.8059882932,66159.8059882932,2410.2457482541367,-636.7881928803513,,0.036253776435045404,45.09772127507815,64.99862360112674,16.18645980170389,True,True
2026-09-04,40,2780.0,0.0,2.0,0.0,1.0,0.0,-22056.90460801301,-22056.90460801301,0.0,135710.649680115,135710.649680115,4790.5389509827,-1250.2656980180195,,0.0323054331864905,45.50269303079777,64.99754672797276,16.474131285818437,True,True
2026-09-04,40,2790.0,0.0,1.0,0.0,1.0,0.0,-11449.263920905965,-11449.263920905965,0.0,71310.70120830335,71310.70120830335,2357.166504775746,-599.4456273398342,,0.030598052851182233,46.12063565286409,64.99857358813325,17.039740408639894,True,True
2026-09-04,40,2800.0,0.0,3.0,0.0,3.0,0.0,-35618.33999440117,-35618.33999440117,0.0,224886.4474003494,224886.4474003494,6898.592173373945,-1708.7944398285904,,0.03157894736842113,46.66425173387284,64.99615014733199,17.61518677965802,True,True
2026-09-04,40,2830.0,0.0,1.0,0.0,5.0,0.0,-13146.95534432364,-13146.95534432364,0.0,86806.77902758191,86806.77902758191,2010.453317774942,-454.58399767277893,,0.028985507246376746,48.444325808395014,64.99843081877836,19.315157234850943,True,True
2026-09-04,40,2835.0,0.0,4.0,0.0,4.0,0.0,-53445.682725503175,-53445.682725503175,0.0,355465.8886566641,355465.8886566641,7788.534641643862,-1727.6325553557047,,0.02823018458197621,48.75772141626923,64.99428114283148,19.60974385658964,True,True
2026-09-04,40,2900.0,0.0,1.0,0.0,2.0,0.0,-15887.457676890235,-15887.457676890235,0.0,119513.68287779641,119513.68287779641,888.1602040552717,-69.33652575757469,,0.019923371647509753,52.69798900428786,64.99818702810231,23.29712269343976,True,True
2026-09-04,40,2910.0,0.0,2.0,0.0,2.0,0.0,-32457.086572029195,-32457.086572029195,0.0,249672.18272124013,249672.18272124013,1312.2901892988898,-1.2844607034441133,,0.018909090909091073,53.299353108126724,64.99649253697801,23.869532318207444,True,True
2026-09-04,40,2915.0,0.0,4.0,0.0,6.0,0.0,-65530.41129032664,-65530.41129032664,0.0,510171.5486583797,510171.5486583797,2133.3579708739508,138.57758777548537,,0.01983002832861178,53.56035367864368,64.99301037633553,24.161104895764275,True,True
2026-09-04,40,2920.0,0.0,3.0,0.0,3.0,0.0,-49614.04402698656,-49614.04402698656,0.0,390795.7624976928,390795.7624976928,1223.827943341819,211.04269336644094,,0.017943409247757038,53.89925923965304,64.99469192992805,24.441977589997578,True,True
2026-09-04,40,2935.0,5.0,1.0,5.0,10.0,-86132.90266244265,-16929.5594066781,-103062.46206912075,-772235.1624020528,138549.74830850255,-633685.4140935503,156.12264834616755,1084.9030623555157,0.019070321811680672,0.01785714285714275,54.17424895616839,34.98907703439136,24.737225793580812,True,True
2026-09-04,40,2940.0,6.0,1.0,6.0,10.0,-104054.2005458281,-17048.142400901634,-121102.34294672974,-909356.0185303155,141388.7530784344,-767967.2654518811,-782.5720087184743,1533.4358507186575,0.017283950617284022,0.016159105034182688,53.94420810284502,34.98715681448002,24.4564819828084,True,True
2026-09-04,40,2950.0,0.0,2.0,0.0,2.0,0.0,-34490.36972808702,-34490.36972808702,0.0,294411.7555790718,294411.7555790718,-792.462569877471,587.7753162785365,,0.015339233038348216,53.4063123254218,64.9962857042839,23.86951920643935,True,True
2026-09-04,40,2965.0,2.0,0.0,1.0,0.0,-35502.653874097145,0.0,-35502.653874097145,-272986.2351571419,0.0,-272986.2351571419,-1731.638567183164,829.9551841043784,0.02080237741456175,,52.38917532386536,34.996284082429426,23.016337975231096,True,True
2026-09-04,40,2980.0,5.0,0.0,5.0,0.0,-89281.57489769201,0.0,-89281.57489769201,-635749.4235648351,0.0,-635749.4235648351,-6683.32966671047,2649.078496058758,0.02345058626465659,,51.462808092611326,34.99054067538014,22.174085863328894,True,True
2026-09-04,40,3000.0,0.0,1.0,0.0,1.0,0.0,-17533.292117093784,-17533.292117093784,0.0,177642.9040736941,177642.9040736941,-1877.2922724408525,662.2216636439351,,0.015532206486980385,50.55427365288976,64.99805328708337,21.02177227866858,True,True
2026-09-04,40,3050.0,3.0,0.0,3.0,0.0,-49640.176217132204,0.0,-49640.176217132204,-250917.74695335582,0.0,-250917.74695335582,-10230.771280855546,2916.4477437203946,0.03858520900321541,,47.0227558128485,34.99478731776426,18.184729741910704,True,True
2026-09-04,40,3100.0,3.0,0.0,3.0,0.0,-41406.97445525067,0.0,-41406.97445525067,-167639.72077447557,0.0,-167639.72077447557,-12833.454592894368,3281.2274853172976,0.06779661016949147,,43.302271543626766,34.99569149264174,15.340087805895195,True,True
2026-09-04,40,3105.0,7.0,1.0,1.0,1.0,-94238.05999402162,-13470.192935726081,-107708.2529297477,-373580.8787595369,240050.09457418096,-133530.78418535594,-34476.65817309814,8753.506424944364,0.06606606606606594,0.07494407158836691,42.94713973466975,34.98867224994343,15.07257518496382,True,True
2026-09-04,40,3110.0,1.0,0.0,7.0,0.0,-13119.24049725191,0.0,-13119.24049725191,-50933.49296927812,0.0,-50933.49296927812,-4323.2369993822595,1092.7523783552915,0.07028753993610222,,42.65450073410252,34.9989010539592,14.76439145913931,True,True
2026-09-04,40,3125.0,7.0,0.0,7.0,0.0,-84606.51107080812,0.0,-84606.51107080812,-309046.5678226472,0.0,-309046.5678226472,-30312.631618630694,7553.066754677743,0.08494208494208492,,41.3742651226907,34.99106217286075,13.930940656590215,True,True
2026-09-04,40,3130.0,8.0,0.0,6.0,0.0,-93856.22321985941,0.0,-93856.22321985941,-336315.5484442542,0.0,-336315.5484442542,-34741.82415633651,8557.296811945494,0.09053497942386829,,40.924171299653466,34.9900757921204,13.64966333976447,True,True
2026-09-04,40,3135.0,9.0,0.0,1.0,0.0,-102276.20454596521,0.0,-102276.20454596521,-359058.6672810495,0.0,-359058.6672810495,-39097.80135303391,9520.694793736311,0.09691629955947133,,40.450424707001645,34.98917865041733,13.368335663675971,True,True
2026-09-04,40,3140.0,2.0,0.0,1.0,0.0,-21976.678974038372,0.0,-21976.678974038372,-75643.81306429606,0.0,-75643.81306429606,-8661.28579884503,2088.5496867202173,0.09433962264150944,,40.22856014723985,34.99786407264586,13.061019216737044,True,True
2026-09-04,40,3145.0,2.0,0.0,2.0,0.0,-21247.658082179587,0.0,-21247.658082179587,-72092.31932911598,0.0,-72092.31932911598,-8593.32500091443,2061.714828287595,0.1,,39.77433460306179,34.99795127309562,12.776560746488547,True,True
2026-09-04,40,3150.0,8.0,0.0,3.0,0.0,-81983.48820513542,0.0,-81983.48820513542,-273224.1896451853,0.0,-273224.1896451853,-34073.00378830984,8121.993273158133,0.11764705882352935,,38.97315202397025,34.99134713715255,12.511285848299245,True,True
2026-09-04,40,3160.0,14.0,0.0,10.0,0.0,-132874.45231499532,0.0,-132874.45231499532,-426241.3401807335,0.0,-426241.3401807335,-58245.87574738442,13730.704133731913,0.1234567901234568,,38.24267504716344,34.985922115384064,11.960999207369918,True,True
2026-09-04,40,3170.0,1.0,0.0,1.0,0.0,-8785.083364848024,0.0,-8785.083364848024,-27312.490008294386,0.0,-27312.490008294386,-4032.327268601325,947.6964738345567,0.14084507042253522,,37.12480413842938,34.999616083719864,11.351157722919082,True,True
2026-09-04,40,3175.0,5.0,0.0,5.0,0.0,-42173.07477120053,0.0,-42173.07477120053,-128756.79577436064,0.0,-128756.79577436064,-19817.670076316997,4651.122520715635,0.15151515151515152,,36.52871642158602,34.99563714309155,11.079071970346815,True,True
2026-09-04,40,3180.0,1.0,0.0,13.0,0.0,-8100.923497062185,0.0,-8100.923497062185,-24319.533077548265,0.0,-24319.533077548265,-3891.833353521017,913.5752291241294,0.14634146341463405,,36.391083901819734,34.999756334430806,10.782287752019535,True,True
2026-09-04,40,3185.0,2.0,0.0,12.0,0.0,-15564.391433714913,0.0,-15564.391433714913,-46027.61540638933,0.0,-46027.61540638933,-7634.038134486518,1779.8309391644639,0.15652173913043485,,35.80336864176198,34.998672733959665,10.500902021791335,True,True
2026-09-04,40,3205.0,1.0,0.0,5.0,0.0,-6512.501049345867,0.0,-6512.501049345867,-18194.5820377715,0.0,-18194.5820377715,-3465.797772694159,787.0266496457144,0.20689655172413793,,33.152360135417894,35.00013265966113,9.360120227994447,True,True
2026-09-18,54,1250.0,1.0,711.0,1.0,15.0,-1.6813199437902143e-06,-20127.545541537806,-20127.545543219127,-292999.87999993825,176068.72470645513,-116931.15529348311,27057.72644846448,-18361.875769832048,0.009771210676834998,2.0,1.5003512058066029,34.99799046014902,1.8349841959401851,True,True
2026-09-18,54,1300.0,0.0,251.0,0.0,1.0,0.0,-8338.784500827265,-8338.784500827265,0.0,71108.6386373427,71108.6386373427,10734.526324476248,-7002.233780338106,,2.0,0.5289159447436198,64.99890336568916,0.6469589313207071,True,False
2026-09-18,54,1350.0,0.0,536.0,0.0,2.0,0.0,-20771.19628187062,-20771.19628187062,0.0,172334.01443341645,172334.01443341645,25792.22768277179,-16172.229658256681,,1.6363636363636362,1.1294778740341842,64.9977067763941,1.3817336336306099,True,False
2026-09-18,54,1400.0,0.0,301.0,0.0,1.0,0.0,-14321.918848311794,-14321.918848311794,0.0,116803.89394561695,116803.89394561695,16951.710654297978,-10285.93710317795,,1.3846153846153848,0.6342776867244205,64.99835039795482,0.7760975310705399,True,False
2026-09-18,54,1450.0,0.0,20.0,0.0,2.0,0.0,-1148.5242609496297,-1148.5242609496297,0.0,9176.03260260113,9176.03260260113,1319.3050125513566,-774.7886556732722,,1.2,0.0421446967923203,64.99824349580835,0.05157989291877716,True,False
2026-09-18,54,1500.0,0.0,86.0,0.0,5.0,0.0,-6338.078669285268,-6338.078669285268,0.0,50393.52425251352,50393.52425251352,7127.908610762706,-4108.0843641763195,,0.9473684210526315,1.7601695646280315,64.99902915836893,0.22187847550401676,True,False
2026-09-18,54,1550.0,0.0,303.0,0.0,2.0,0.0,-26058.71050715199,-26058.71050715199,0.0,201978.15092001364,201978.15092001364,29408.2839673125,-16410.223271985215,,0.8571428571428571,4.92420644211794,64.99715794507516,0.7819608964619627,True,False
2026-09-18,54,1600.0,0.0,151.0,0.0,1.0,0.0,-15836.356637824132,-15836.356637824132,0.0,121445.10132177809,121445.10132177809,18025.153891232363,-9845.553702284382,,0.72,8.718192460782019,64.99819445173874,0.38986306032855406,True,False
2026-09-18,54,1650.0,0.0,49.0,0.0,1.0,0.0,-6167.911554787394,-6167.911554787394,0.0,46579.04399410372,46579.04399410372,6618.928504337686,-3472.639811356604,,0.6206896551724137,11.482564851968773,64.99902285750271,0.12657430527574315,True,False
2026-09-18,54,1700.0,0.0,99.0,0.0,2.0,0.0,-14826.146249284518,-14826.146249284518,0.0,109721.19939368615,109721.19939368615,15169.272151792977,-7641.62426365168,,0.5454545454545455,13.844979885485618,64.99828855252754,0.25587526621254125,True,False
2026-09-18,54,1750.0,0.0,287.0,0.0,10.0,0.0,-52488.50371334382,-52488.50371334382,0.0,382987.60612325795,382987.60612325795,51084.3468431583,-24833.141276043818,,0.4615384615384615,16.758622552815954,64.99438584064131,0.7423568649836634,True,False
2026-09-18,54,1800.0,0.0,583.0,0.0,1.0,0.0,-128365.72754272525,-128365.72754272525,0.0,919014.4330671501,919014.4330671501,120755.26484079113,-56633.648460140554,,0.4000000000000001,19.228517911496134,64.98634949027586,1.5093128563480471,True,False
2026-09-18,54,1850.0,0.0,960.0,0.0,41.0,0.0,-257489.57957909483,-257489.57957909483,0.0,1816641.338088718,1816641.338088718,236251.44134536618,-107471.3114629046,,0.3396226415094339,21.834266200748356,64.9726428440479,2.488116820746098,True,True
2026-09-18,54,1900.0,0.0,591.0,0.0,2.0,0.0,-189984.71056095735,-189984.71056095735,0.0,1316180.4599475625,1316180.4599475625,172693.77171337622,-76189.74527399288,,0.29508196721311475,22.392916773819625,64.97980964057375,1.5336568017139145,True,True
2026-09-18,54,1930.0,0.0,197.0,0.0,1.0,0.0,-70843.77085483173,-70843.77085483173,0.0,486862.6291863339,486862.6291863339,64418.65913871675,-27997.081927392606,,0.26865671641791045,22.35542377086704,64.99244461757917,0.511675077922739,True,True
2026-09-18,54,1940.0,0.0,35.0,0.0,35.0,0.0,-13147.018077822917,-13147.018077822917,0.0,90391.8786728168,90391.8786728168,11942.102569196824,-5174.212176289452,,0.2857142857142857,21.502324647957987,64.99843766541339,0.09094076215802299,True,True
2026-09-18,54,1950.0,6.0,397.0,6.0,38.0,-1536.1029785265237,-154474.7525625421,-156010.85554106862,-1748938.604162709,1058728.4879264585,-690210.1162362506,140297.01601249963,-60147.43054186215,0.01230458900655577,0.2777777777777777,26.497980138600248,34.98345125560213,1.0473990710439005,True,True
2026-09-18,54,1960.0,0.0,260.0,0.0,38.0,0.0,-105532.50561601078,-105532.50561601078,0.0,723073.369074246,723073.369074246,93495.22662032199,-39793.378889531086,,0.2400000000000001,23.34788105830016,64.98877026636994,0.6760375410896228,True,True
2026-09-18,54,1970.0,0.0,156.0,0.0,60.0,0.0,-65555.40870343865,-65555.40870343865,0.0,447479.6886485827,447479.6886485827,57504.17444197238,-24241.41870980589,,0.23376623376623376,23.315741621993087,64.99300360208747,0.4057582295608245,True,True
2026-09-18,54,1980.0,0.0,114.0,0.0,1.0,0.0,-49589.07039144112,-49589.07039144112,0.0,337146.84575762716,337146.84575762716,43082.6120163013,-17987.869824030946,,0.22784810126582286,23.40478173374154,64.99468847472355,0.2966177882680375,True,True
2026-09-18,54,1990.0,0.0,75.0,0.0,17.0,0.0,-33765.21688078153,-33765.21688078153,0.0,228599.2533314254,228599.2533314254,29063.33758510403,-12017.76351770869,,0.2222222222222222,23.491375946304537,64.99634805754323,0.1952125226209497,True,True
2026-09-18,54,2000.0,0.0,1559.0,0.0,27.0,0.0,-731010.3311381112,-731010.3311381112,0.0,4941043.017821507,4941043.017821507,621604.5155136256,-254873.87431550538,,0.23809523809523808,26.14232197210422,64.92235371464734,4.059586489461546,True,True
2026-09-18,54,2010.0,0.0,54.0,0.0,32.0,0.0,-26358.22252860462,-26358.22252860462,0.0,177805.42440640723,177805.42440640723,22155.948979663368,-9007.869590171002,,0.20689655172413793,23.90689412961513,64.9971160365054,0.14067727203657734,True,True
2026-09-18,54,2020.0,0.0,71.0,0.0,107.0,0.0,-35842.141681082656,-35842.141681082656,0.0,240590.41662343853,240590.41662343853,29883.214074141826,-12031.210156260007,,0.20224719101123603,24.082197943275656,64.99613073021433,0.18503654145025805,True,True
2026-09-18,54,2030.0,0.0,37.0,0.0,31.0,0.0,-19429.2694410397,-19429.2694410397,0.0,130085.18317325959,130085.18317325959,16028.907799993598,-6398.494226543128,,0.2173913043478261,23.556228558631005,64.99782103889213,0.09647307244052748,True,True
2026-09-18,54,2040.0,0.0,67.0,0.0,20.0,0.0,-36580.80188865353,-36580.80188865353,0.0,244220.6671710932,244220.6671710932,29878.219484435864,-11825.163818693813,,0.18947368421052638,24.45697420793848,64.99605320119576,0.17477933632548487,True,True
2026-09-18,54,2050.0,0.0,275.0,0.0,20.0,0.0,-156895.88395520562,-156895.88395520562,0.0,1046691.5037407987,1046691.5037407987,126644.55673820306,-49758.93945691367,,0.18181818181818188,25.124944126348947,64.98332119019778,0.7177876027129728,True,True
2026-09-18,54,2060.0,0.0,42.0,0.0,11.0,0.0,-24889.15148283056,-24889.15148283056,0.0,165468.4539110184,165468.4539110184,19913.685832574836,-7756.945170813696,,0.19607843137254904,24.206150922087403,64.99726578208502,0.1096819980007828,True,True
2026-09-18,54,2070.0,0.0,77.0,0.0,25.0,0.0,-47377.04963317316,-47377.04963317316,0.0,313809.9774552226,313809.9774552226,37591.051467851874,-14516.568339210826,,0.17142857142857149,25.019399939793292,64.99492011283579,0.20118969080780694,True,True
2026-09-18,54,2080.0,0.0,128.0,0.0,22.0,0.0,-81742.15819104953,-81742.15819104953,0.0,539312.0364648489,539312.0364648489,64348.35367887866,-24634.456448230198,,0.18518518518518517,24.714170503915298,64.99129005675549,0.3346264009886147,True,True
2026-09-18,54,2090.0,0.0,230.0,0.0,70.0,0.0,-153827.258642829,-153827.258642829,0.0,1015101.0108000655,1015101.0108000655,119775.66058147074,-45576.71125155859,,0.19469026548672574,24.64395604850991,64.9836466740004,0.6017034409419872,True,True
2026-09-18,54,2100.0,0.0,603.0,0.0,29.0,0.0,-420035.6337150968,-420035.6337150968,0.0,2765376.331438228,2765376.331438228,324320.76581112784,-122499.10742425281,,0.18803418803418814,25.629636967262815,64.95538107288104,1.5785255070280877,True,True
2026-09-18,54,2110.0,0.0,135.0,0.0,22.0,0.0,-97043.89897899663,-97043.89897899663,0.0,634633.0272591229,634633.0272591229,74571.29375916858,-27882.83560162662,,0.15126050420168072,25.74666157729774,64.98966898104833,0.3535836818408524,True,True
2026-09-18,54,2120.0,0.0,66.0,0.0,41.0,0.0,-49369.31919997154,-49369.31919997154,0.0,321971.1986567357,321971.1986567357,37656.28298797729,-13975.339418326834,,0.14634146341463405,25.748833596975633,64.99470971828568,0.1729800068762683,True,True
2026-09-18,54,2130.0,0.0,73.0,0.0,33.0,0.0,-56787.97038784769,-56787.97038784769,0.0,369247.45545476314,369247.45545476314,43019.070501537775,-15846.580413025116,,0.14173228346456684,25.901859639354956,64.99392772134695,0.19145883547685466,True,True
2026-09-18,54,2140.0,0.0,28.0,0.0,58.0,0.0,-22725.049591474737,-22725.049591474737,0.0,147575.43670207963,147575.43670207963,17086.82029501812,-6255.565314259858,,0.18181818181818185,24.60445712096379,64.99748464809892,0.07349352161766583,True,True
2026-09-18,54,2150.0,6.0,434.0,6.0,80.0,-4938.581256268853,-365853.842353229,-370792.42360949784,-1726434.6111804105,2367647.177048144,641212.5658677334,277232.50976200623,-100723.1751648728,0.009937731932825935,0.17647058823529413,28.131058526909243,64.96059340329187,1.1557287570566879,True,True
2026-09-18,54,2160.0,0.0,343.0,0.0,11.0,0.0,-300167.5648478552,-300167.5648478552,0.0,1935489.6710478,1935489.6710478,223229.1189752656,-80502.18086228453,,0.17142857142857132,25.579924407131156,64.96811036798856,0.9016178905157294,True,True
2026-09-18,54,2170.0,6.0,26.0,6.0,22.0,-3544.7432681495084,-23609.440835915153,-27154.18410406466,-1739364.420838476,151653.8792907878,-1587710.5415476882,20571.659119378008,-7237.9189527655435,0.017067494181536132,0.1666666666666667,27.31141910214467,34.997125303515624,0.08406437826048224,True,True
2026-09-18,54,2180.0,0.0,25.0,0.0,44.0,0.0,-23692.119488238004,-23692.119488238004,0.0,152130.07896901423,152130.07896901423,17428.89003607208,-6207.73786242432,,0.13333333333333333,26.052680870990404,64.99738497517,0.06582568872342168,True,True
2026-09-18,54,2190.0,0.0,124.0,0.0,66.0,0.0,-122507.3058919956,-122507.3058919956,0.0,786135.8715320138,786135.8715320138,89639.3238420671,-31772.720781963842,,0.15384615384615385,25.645912504727768,64.98696897558335,0.32679854324392565,True,True
2026-09-18,54,2200.0,8.0,3601.0,8.0,1.0,-5408.7264233693,-3684761.741481881,-3690170.4679052504,-2315843.5848732414,23542275.996642765,21226432.411769524,2691361.823592106,-946497.5963073873,0.01815126050420168,0.1499999999999999,35.082741628611174,64.60805294956427,9.518982216843206,True,True
2026-09-18,54,2210.0,0.0,507.0,0.0,33.0,0.0,-537123.424306512,-537123.424306512,0.0,3416330.301372196,3416330.301372196,390412.285455595,-136280.5521032135,,0.14634146341463428,26.67812416124629,64.94294578896019,1.3383830863001167,True,True
2026-09-18,54,2220.0,0.0,329.0,0.0,21.0,0.0,-364344.07689400634,-364344.07689400634,0.0,2322455.927781521,2322455.927781521,262819.15953787963,-91381.83817859033,,0.13953488372093015,26.507233750605764,64.96129523996913,0.8694558577891769,True,True
2026-09-18,54,2230.0,0.0,315.0,0.0,16.0,0.0,-360874.55385538406,-360874.55385538406,0.0,2289026.2875161315,2289026.2875161315,257988.96141666514,-88601.7554432803,,0.13636363636363646,26.57286988356995,64.96166365622744,0.83318815083544,True,True
2026-09-18,54,2240.0,0.0,769.0,0.0,44.0,0.0,-919994.071455623,-919994.071455623,0.0,5842568.648715127,5842568.648715127,648276.5340060545,-220510.24055471746,,0.1304347826086958,27.707420113403842,64.90228153692573,2.0364042667265245,True,True
2026-09-18,54,2250.0,0.0,1369.0,0.0,8.0,0.0,-1694210.4305385763,-1694210.4305385763,0.0,10699666.19858437,10699666.19858437,1183657.0206632472,-397611.7321331248,,0.127659574468085,29.055017261391768,64.8200503844203,3.6286997117532214,True,True
2026-09-18,54,2260.0,1.0,964.0,2.0,23.0,-1003.2961079008032,-1245018.40514243,-1246021.7012503308,-287583.9915913597,7864698.5182723785,7577114.526681019,858853.2752384858,-285685.208392097,0.023062326667639695,0.12244897959183683,29.8508120263373,64.86765355163442,2.5609918354222785,True,True
2026-09-18,54,2270.0,0.0,1134.0,0.0,2.0,0.0,-1521355.0405660323,-1521355.0405660323,0.0,9579458.764214879,9579458.764214879,1037469.2818594935,-341270.7738140621,,0.13861386138613863,28.231188466540402,64.83840981624935,3.0129638407937014,True,True
2026-09-18,54,2280.0,0.0,661.0,0.0,325.0,0.0,-924744.7315712215,-924744.7315712215,0.0,5818582.819725364,5818582.819725364,622672.7234483853,-202815.9251388223,,0.1333333333333332,27.39288222898619,64.90177694155989,1.758537602058618,True,True
2026-09-18,54,2290.0,2.0,146.0,2.0,1.0,-2865.8987877610507,-212904.31249869813,-215770.21128645918,-568211.9303186155,1337999.7487451923,769787.8184265768,143544.70651726253,-46289.61595373768,0.014292230500228032,0.12844036697247713,28.17088179417259,64.97706278007938,0.39427121679862065,True,True
2026-09-18,54,2300.0,60.0,999.0,1.0,2.0,-95131.95285983953,-1517842.9393759866,-1612974.892235826,-16963936.64965557,9523145.570662318,-7440791.078993252,1058850.1701722126,-338450.196288916,0.016029593094944478,0.12389380530973454,30.13271071908317,34.828682122402014,2.825361376083414,True,True
2026-09-18,54,2310.0,11.0,380.0,2.0,13.0,-17488.27206222334,-601316.0978282791,-618804.3698905024,-3113119.9808283225,3764933.2859919555,651813.3051636331,402179.2334357666,-127140.33280826946,0.015974941268598348,0.11965811965811969,28.789432908389088,64.93425153847406,1.0445815154673532,True,True
2026-09-18,54,2320.0,9.0,189.0,18.0,11.0,-14381.222511050823,-311369.50767096,-325750.7301820108,-2549197.951320661,1944742.070111135,-604455.8812095262,209585.25570118334,-65547.24093079891,0.014803024273776291,0.11570247933884299,28.459649944054675,34.96542565316496,0.5297217811876005,True,True
2026-09-18,54,2330.0,9.0,145.0,18.0,44.0,-15774.376169664125,-248612.49310021717,-264386.8692698813,-2537039.346883607,1548394.345791645,-988645.001091962,168051.52613848774,-52089.4913711604,0.017761989342806397,0.11199999999999989,28.37808432515877,34.97193368723632,0.4126749871306544,True,True
2026-09-18,54,2340.0,14.0,236.0,4.0,25.0,-24514.702067967784,-420979.77262821037,-445494.47469617816,-3951999.5062636416,2613625.674157932,-1338373.8321057097,280648.2802725573,-86005.7478634085,0.015437674494990927,0.10852713178294578,28.66733661573495,34.95269362919487,0.6709159283493049,True,True
2026-09-18,54,2350.0,15.0,358.0,3.0,1.0,-27333.975053133054,-667998.5222800893,-695332.4973332224,-4228318.655589576,4152259.9082727632,-76058.74731681263,432226.43485827313,-131501.0965592564,0.015855795710590002,0.1037037037037036,28.992606103962366,34.92634343551335,1.002867108442567,True,True
2026-09-18,54,2360.0,9.0,576.0,18.0,21.0,-13471.50000584042,-1117172.0602956947,-1130643.560301535,-2568074.924053891,6917398.770424619,4349323.846370729,697073.3819293245,-209701.39671147853,0.02710766345580083,0.1007194244604317,29.31532606243188,64.87990681186078,1.5752956185129259,True,True
2026-09-18,54,2370.0,10.0,100.0,1.0,31.0,-20093.274431384874,-202576.37462615222,-222669.64905753708,-2806433.0570469415,1254747.9320293171,-1551685.1250176243,135393.86866405868,-40470.459297837864,0.017931034482758776,0.09655172413793094,28.514554453047413,34.976359118622405,0.29682061634390866,True,True
2026-09-18,54,2380.0,58.0,85.0,1.0,13.0,-117946.96831830831,-179266.35885381096,-297213.3271721193,-16288401.02350193,1107818.7157691056,-15180582.307732824,180318.02544753253,-52966.76418909982,0.016673979815708645,0.10666666666666676,28.451224884829458,34.968432886327484,0.3863367378250524,True,True
2026-09-18,54,2390.0,9.0,176.0,10.0,120.0,-19032.716206421206,-387098.41089751525,-406131.12710393645,-2523650.9115727083,2391058.4979770556,-132592.41359565267,241721.1373578104,-71021.6227500163,0.01714285714285698,0.10256410256410244,28.59423404972457,34.956976472792704,0.5011187280995849,True,True
2026-09-18,54,2400.0,431.0,3883.0,2.0,69.0,-961358.1674910121,-8899483.057887072,-9860841.225378083,-120507238.10433066,54925125.197341755,-65582112.906988904,5806384.686186307,-1692054.4236896348,0.016892198710380654,0.09876543209876541,37.3557466359663,33.95264463948867,11.709235805814746,True,True
2026-09-18,54,2410.0,12.0,777.0,1.0,166.0,-27981.56757265136,-1854323.1799866152,-1882304.7475592666,-3347663.717920576,11430934.235143203,8083270.517222627,1094617.948969409,-317105.08265291573,0.019040576763102075,0.09523809523809532,29.948428208439072,64.80007175335822,2.1463204489787464,True,True
2026-09-18,54,2420.0,10.0,377.0,2.0,187.0,-24253.51606303862,-936199.0251943388,-960452.5412573774,-2784581.842118895,5762613.410176802,2978031.5680579073,552623.538560964,-158838.82919096755,0.01938823529411756,0.09195402298850563,29.145366008692047,64.89798182708921,1.0550152997259898,True,True
2026-09-18,54,2430.0,13.0,425.0,7.0,75.0,-32780.23395560215,-1100960.9268757363,-1133741.1608313385,-3613169.3254643106,6791763.356771717,3178594.0313074063,643938.4113768912,-184205.35033599864,0.01974882561595258,0.08791208791208799,29.3080551568312,64.87957653425708,1.196883763194539,True,True
2026-09-18,54,2440.0,17.0,703.0,2.0,15.0,-44625.29574284602,-1892284.6855903717,-1936909.9813332178,-4714884.728462692,11648470.835137278,6933586.1066745855,1087481.8013594886,-307460.4399741283,0.02031646806016807,0.08510638297872347,29.935866318940157,64.79427162640668,1.9719244932683573,True,True
2026-09-18,54,2450.0,103.0,823.0,1.0,1.0,-281729.03016594314,-2308546.4343241504,-2590275.4644900938,-28499031.343835898,14227575.982773107,-14271455.361062791,1436190.690215713,-400414.4923889376,0.019510252836950053,0.08163265306122437,30.434155873011807,34.72487853123774,2.542134432500106,True,True
2026-09-18,54,2460.0,6.0,437.0,2.0,30.0,-17120.047210882538,-1277202.3240684636,-1294322.3712793463,-1655768.2343183407,7875436.418027797,6219668.183709456,705827.8489259271,-194567.32581265498,0.020903094875697522,0.07843137254901951,29.44348802257914,64.86252293082589,1.2195075441757501,True,True
2026-09-18,54,2470.0,11.0,769.0,10.0,30.0,-32736.804955208187,-2341430.9415176813,-2374167.7464728896,-3027376.776749759,14436061.489025882,11408684.712276123,1276251.329532274,-347261.1655965829,0.021523178807946974,0.07547169811320761,30.18872002108317,64.74782974726773,2.152993749735573,True,True
2026-09-18,54,2480.0,6.0,49.0,2.0,8.0,-18496.02187124281,-155591.70614170606,-174087.72801294888,-1648494.9460245534,960278.7039150028,-688216.2421095506,92399.79288065535,-24782.878995192983,0.021123785382340516,0.08144796380090501,28.577321678430202,34.98153130859923,0.1522190011455058,True,True
2026-09-18,54,2490.0,17.0,22.0,2.0,1.0,-54665.403068517684,-72752.69843456551,-127418.10150308319,-4657462.163233045,448433.68535748136,-4209028.477875563,67279.533956736,-17676.824836098556,0.02177428047860292,0.07860262008733628,28.576528650255938,34.98647002664484,0.10817831047241046,True,True
2026-09-18,54,2500.0,2387.0,1626.0,32.0,3.0,-8053894.075788535,-5610970.177156213,-13664864.252944749,-651348019.9676852,34634757.41116251,-616713262.5565227,7110621.260008693,-1843178.1599695324,0.023099769002309978,0.07531380753138078,37.52057480837962,33.54860539943107,11.705332015994479,True,True
2026-09-18,54,2510.0,10.0,249.0,2.0,2.0,-34976.280773322906,-896265.7125412759,-931241.9933145988,-2723504.1978552416,5536708.18950316,2813203.9916479187,470500.06926360965,-121844.51625261545,0.023608768971332208,0.07228915662650606,30.21657843134558,64.9010840898554,1.832850717563452,True,True
2026-09-18,54,2520.0,472.0,50.0,62.0,25.0,-1728768.726662445,-187820.95300068584,-1916589.679663131,-128042079.11670654,1162257.1081890156,-126879822.00851752,976266.3583706252,-244502.7975156785,0.025264124942581536,0.06153846153846159,31.47603972776321,34.79643220070065,3.138842290672296,True,True
2026-09-18,54,2530.0,57.0,116.0,1.0,7.0,-217825.24298572788,-454514.59816466057,-672339.8411503885,-15410444.223622506,2815602.344858587,-12594841.87876392,330897.4923911954,-83154.26474117066,0.025358065273538417,0.06642066420664208,31.234801070596852,34.928589546216735,2.733300139663669,True,True
2026-09-18,54,2540.0,58.0,128.0,3.0,50.0,-231615.9443079439,-523255.45942975197,-754871.4037376959,-15619669.104853453,3247717.130728983,-12371951.97412447,364428.54368589027,-90669.32759747193,0.025930372148859435,0.06360424028268555,31.864685326088082,34.91982359209446,3.3406193356417404,True,True
2026-09-18,54,2550.0,798.0,699.0,1.0,2.0,-3336091.3887357963,-2979403.5291652572,-6315494.917901054,-213910718.0999855,18516938.007571995,-195393780.0924135,3008649.029426664,-736763.8884572389,0.0252915899324738,0.06101694915254228,35.2444897478693,34.329208533749586,7.6234340772768805,True,True
2026-09-18,54,2560.0,138.0,48.0,180.0,28.0,-600833.7884013401,-213318.22887849592,-814152.0172798361,-36865043.19113047,1328621.747281494,-35536421.443848975,383865.4565195498,-92214.64845135262,0.02665325622328394,0.06493506493506493,32.97153658887942,34.91352639353872,4.481874176899774,True,True
2026-09-18,54,2570.0,59.0,87.0,11.0,1.0,-269334.0906025112,-402843.4478845932,-672177.5384871045,-15668940.886764698,2513011.1225145147,-13155929.764250183,305997.1173891488,-73806.46130978726,0.02675585284280931,0.05607476635514021,33.58744117154745,34.928606734175794,4.939065326627374,True,True
2026-09-18,54,2575.0,0.0,20.0,0.0,1.0,0.0,-94801.74339173114,-94801.74339173114,0.0,597661.4294018241,597661.4294018241,41905.555177949595,-10245.932897724551,,0.053731343283582006,33.236862794640956,64.98990566638726,4.863922430371929,True,True
2026-09-18,54,2580.0,24.0,52.0,17.0,6.0,-114425.29742813078,-250901.62031642802,-365326.91774455877,-6341437.083513087,1570971.0180457279,-4770466.065467359,162103.7510511002,-38889.01152233219,0.027404479578392562,0.05952380952380952,33.94729813105723,34.96120045191343,5.308984289763773,True,True
2026-09-18,54,2585.0,0.0,21.0,0.0,21.0,0.0,-103625.80008247912,-103625.80008247912,0.0,655387.85703551,655387.85703551,44751.68138441441,-10856.434072481272,,0.05714285714285714,33.705453060549004,64.98897064203489,5.435861949299198,True,True
2026-09-18,54,2590.0,206.0,329.0,3.0,200.0,-1027158.4441137104,-1652639.9975268869,-2679798.4416405973,-54084155.43565663,10379964.068937117,-43704191.366719514,1160813.8698508455,-276398.5695282515,0.0307609282245009,0.0512820512820512,35.55662701322242,34.71536926441516,7.2004448452742285,True,True
2026-09-18,54,2600.0,676.0,973.0,1.0,1.0,-3547577.939129656,-5085245.5582179455,-8632823.4973476,-175203539.02996188,32062704.53324735,-143140834.49671453,3601267.5436282638,-861049.0873620666,0.03797468354430383,0.04904632152588567,38.39824468794679,34.08307671720782,10.999700485593317,True,True
2026-09-18,54,2605.0,0.0,1.0,0.0,1.0,0.0,-5331.461088128891,-5331.461088128891,0.0,33712.844410482496,33712.844410482496,2213.8808040154895,-522.7772457611741,,0.05319148936170213,34.91950629088472,64.99898880516886,6.5160428311463585,True,True
2026-09-18,54,2610.0,41.0,224.0,1.0,5.0,-221645.85858797422,-1218000.5780036137,-1439646.436591588,-10653416.57353017,7713033.339584743,-2940383.2339454265,593977.2748567396,-138715.03324040968,0.02981683941502201,0.052083333333333336,36.12747260159243,34.84709504964324,7.567445083568342,True,True
2026-09-18,54,2615.0,0.0,3.0,0.0,3.0,0.0,-16640.628412760554,-16640.628412760554,0.0,105637.11613301931,105637.11613301931,6774.313450254453,-1573.9293364024375,,0.04580152671755736,35.71424808673499,64.9980905445056,7.090708689369494,True,True
2026-09-18,54,2620.0,14.0,2149.0,3.0,801.0,-79099.29272540021,-12159935.262434168,-12239034.555159569,-3603787.6933874325,77366241.92622705,73762454.23283961,4930320.846232988,-1136454.2566962764,0.03343509230992877,0.04975124378109452,40.6765403238903,63.700047697713785,13.680042682315296,True,True
2026-09-18,54,2625.0,0.0,1.0,0.0,1.0,0.0,-5773.0478070331355,-5773.0478070331355,0.0,36847.999745657165,36847.999745657165,2298.8793207635345,-526.0676935414199,,0.04854368932038835,36.19659718581752,64.998979757045,7.653726526280631,True,True
2026-09-18,54,2630.0,294.0,35.0,1.0,1.0,-1732588.1079481416,-206086.41959037867,-1938674.5275385203,-74993366.75996834,1316257.91097528,-73677108.84899306,760805.7375928964,-173268.51178764657,0.037837032623268256,0.047619047619047616,37.34665391261183,34.79408657454955,8.90022232762379,True,True
2026-09-18,54,2640.0,21.0,396.0,1.0,13.0,-128949.01780050393,-2426838.350348864,-2555787.368149368,-5302578.211523537,15582238.497782871,10279660.286259335,982539.1024654434,-219746.26771273158,0.04517704517704521,0.045454545454545456,38.023286369505605,64.72853912636862,9.733150322844452,True,True
2026-09-18,54,2645.0,0.0,1.0,0.0,1.0,0.0,-6255.307914032874,-6255.307914032874,0.0,40612.227213244645,40612.227213244645,2362.8086404918467,-526.8815323994515,,0.04366812227074236,37.48052109100028,64.99896626333596,8.791412690024943,True,True
2026-09-18,54,2650.0,146.0,983.0,1.0,14.0,-930275.2777355941,-6269651.685285636,-7199926.96302123,-36868415.408170275,40522539.52777714,3654124.1196068674,2702059.8676451007,-594582.069366799,0.031254932912391405,0.04329004329004329,40.33376523859624,64.23526562767947,12.417610413383848,True,True
2026-09-18,54,2655.0,0.0,6.0,0.0,12.0,0.0,-39034.48410409156,-39034.48410409156,0.0,252763.7703006474,252763.7703006474,14438.307323566927,-3156.8075554092816,,0.0423728813559322,38.09874293948935,64.99579466263744,9.375108165848427,True,True
2026-09-18,54,2660.0,20.0,193.0,1.0,1.0,-132658.261033635,-1280736.5439055117,-1413394.8049391466,-5014924.739749095,8324805.730912921,3309880.9911638256,515848.3075034682,-111910.34851109941,0.032818846466287646,0.04132231404958678,38.97842380765306,64.84987369707163,10.276067533634762,True,True
2026-09-18,54,2665.0,0.0,10.0,0.0,10.0,0.0,-67680.15170431517,-67680.15170431517,0.0,441026.57549526024,441026.57549526024,24317.015554411646,-5243.344826347335,,0.0444444444444445,38.61385343303914,64.99277743497423,9.955977255344537,True,True
2026-09-18,54,2670.0,11.0,169.0,1.0,16.0,-75946.65186158418,-1166476.9980749656,-1242423.6499365498,-2736652.657119282,7618671.941374978,4882019.284255696,440318.2432943175,-94160.55679197368,0.03345600535296086,0.039525691699604744,39.49510545674205,64.8680346208165,10.749527338506603,True,True
2026-09-18,54,2675.0,0.0,2.0,0.0,9.0,0.0,-14075.994304349839,-14075.994304349839,0.0,92316.3009192065,92316.3009192065,4902.305495875046,-1042.7393640574633,,0.042389210019267876,39.2274810339242,64.99834245467969,10.500948204596245,True,True
2026-09-18,54,2680.0,27.0,162.0,8.0,9.0,-193947.2884976469,-1162488.5296723899,-1356435.8181700367,-6658369.205623697,7646168.659057129,987799.4534334326,465811.4802807529,-98209.11987743505,0.03341946597760567,0.04143126177024487,40.054863556716015,64.85591286356895,11.34845516544213,True,True
2026-09-18,54,2685.0,0.0,1.0,0.0,1.0,0.0,-7309.897934215488,-7309.897934215488,0.0,48638.04386043836,48638.04386043836,2446.690238911838,-516.3625122353396,,0.036231884057971016,39.97892202477018,64.99891519509814,11.066790484164805,True,True
2026-09-18,54,2690.0,6.0,36.0,1.0,13.0,-44581.73522594297,-268411.8008163898,-312993.53604233277,-1454092.7649597556,1778083.8608847684,323991.09592501284,103230.37236239492,-21585.978496630596,0.04929577464788732,0.039497307001795254,40.10479317361167,64.96670952777467,11.475353594840712,True,True
2026-09-18,54,2695.0,0.0,1.0,0.0,1.0,0.0,-7598.401857267724,-7598.401857267724,0.0,50498.736310798486,50498.736310798486,2469.203698756995,-511.3681600677344,,0.03508771929824561,40.58207541440863,64.99889591501986,11.635636441322632,True,True
2026-09-18,54,2700.0,2212.0,3355.0,30.0,6.0,-17049357.63984435,-25972752.553090516,-43022110.19293487,-531247849.9284341,173304208.79076302,-357943641.13767105,13588290.10536182,-2818977.6656732466,0.048302160886144946,0.03424657534246575,52.40975929065292,30.430466211955565,28.866036156434628,True,True
2026-09-18,54,2705.0,0.0,1.0,0.0,1.0,0.0,-7874.297305186174,-7874.297305186174,0.0,53185.104270132295,53185.104270132295,2442.417242532095,-502.7003073728889,,0.036243822075782466,41.116220777929215,64.99888161386853,12.204481633228044,True,True
2026-09-18,54,2710.0,20.0,356.0,1.0,877.0,-160138.8142855161,-2858816.050634039,-3018954.8649195554,-4766889.864528145,19233968.734911975,14467078.870383829,922761.4770784926,-187745.0827158681,0.048835462058602556,0.03588907014681886,42.00729474540071,64.67934485474137,13.637464825290394,True,True
2026-09-18,54,2720.0,447.0,432.0,2.0,2.0,-3712971.631283919,-3595231.411119513,-7308203.042403432,-105583407.28449965,24391320.717350256,-81192086.56714939,2130958.7007935615,-429373.70423738187,0.04895104895104893,0.03421461897356147,43.65944528078643,34.22376952361381,15.762103882784343,True,True
2026-09-18,54,2725.0,0.0,9.0,0.0,9.0,0.0,-76210.34928802564,-76210.34928802564,0.0,519508.7315385754,519508.7315385754,21776.39992284409,-4349.308143797037,,0.0333839150227618,42.35653276193014,64.99187654995825,13.36689015467246,True,True
2026-09-18,54,2730.0,16.0,154.0,1.0,2.0,-140074.14254080266,-1326616.1465365815,-1466690.2890773842,-3786294.0195462564,9084526.440249285,5298232.420703028,412986.82673336583,-81375.77564066798,0.010193679918450561,0.03259259259259242,43.33993515754887,64.84421469181241,14.150354453028408,True,True
2026-09-18,54,2735.0,0.0,1.0,0.0,1.0,0.0,-8743.44628773442,-8743.44628773442,0.0,60604.13315389275,60604.13315389275,2396.624357288852,-471.01612763574775,,0.02857142857142857,43.0528779235999,64.99882382317845,13.911019725456711,True,True
2026-09-18,54,2740.0,315.0,94.0,1.0,3.0,-2859180.783566969,-837923.1238438552,-3697103.907410824,-73705792.19576243,5791541.4820203595,-67914250.71374206,1033109.8826148462,-193937.61593789083,0.01097509497678343,0.02824858757062147,44.46583158051836,34.60731745142579,15.47010120589636,True,True
2026-09-18,54,2750.0,131.0,354.0,1.0,14.0,-1231041.2453611495,-3264224.6395840985,-4495265.884945248,-30270887.75353212,22789261.327718373,-7481626.425813746,1184336.0326891814,-221313.0356162836,0.010489510489510514,0.02960969044414539,45.18167709938211,34.522543566825455,16.28311159484863,True,True
2026-09-18,54,2755.0,0.0,1.0,0.0,1.0,0.0,-9377.499985885068,-9377.499985885068,0.0,65802.03708243567,65802.03708243567,2392.7488254612244,-446.3172268021707,,0.02890932982917218,44.18039777956097,64.99877602882651,15.048715102084437,True,True
2026-09-18,54,2760.0,16.0,264.0,1.0,4.0,-155724.2055788254,-2516211.701672601,-2671935.9072514265,-3650111.521338658,17770651.15014059,14120539.628801933,668135.2796078058,-122929.78850087653,0.011330160888284613,0.02816901408450708,45.32752279352048,64.71620296711352,16.213296378636894,True,True
2026-09-18,54,2765.0,0.0,4.0,0.0,1.0,0.0,-38773.018919586386,-38773.018919586386,0.0,275087.66182991443,275087.66182991443,9456.062957234304,-1721.354886450461,,0.027534418022528193,44.79679528512583,64.99582724963842,15.627054193429565,True,True
2026-09-18,54,2770.0,9.0,2190.0,1.0,4.0,-90644.89038231225,-21582950.37937832,-21673595.26976063,-2025065.3668352913,153915784.6055019,151890719.2386666,5161334.840289036,-927371.9565748438,0.01175640724194686,0.029339853300733566,49.916178614041975,62.69796900695152,22.877804172451647,True,True
2026-09-18,54,2775.0,0.0,1.0,0.0,1.0,0.0,-9979.698842936039,-9979.698842936039,0.0,72190.65999684908,72190.65999684908,2299.5467752224145,-410.41534453608,,0.02591283863368672,45.40794940911892,64.99873223987969,16.18640854533056,True,True
2026-09-18,54,2780.0,19.0,252.0,2.0,2.0,-198023.0374482767,-2564620.0242389436,-2762643.0616872204,-4214489.8968056915,18507810.30825179,14293320.411446098,625834.9348940436,-109292.1096534187,0.01221597849987784,0.02561117578579747,46.471294883964056,64.70656864521479,17.333279023231547,True,True
2026-09-18,54,2785.0,0.0,3.0,0.0,2.0,0.0,-31008.2649097266,-31008.2649097266,0.0,225278.40098687628,225278.40098687628,6799.26762779436,-1175.356973779168,,0.024971623155505142,46.00922878999029,64.99663991611858,16.761664307823313,True,True
2026-09-18,54,2790.0,13.0,133.0,1.0,1.0,-139999.44631978765,-1396622.7033282495,-1536622.1496480373,-2839512.1184374155,10204355.6698689,7364843.5514314845,328448.6166591861,-55769.759721854665,0.0127000254000508,0.026607538802660816,46.7545128271032,64.8367877705572,17.505757321109165,True,True
2026-09-18,54,2795.0,0.0,7.0,0.0,4.0,0.0,-74648.64581978113,-74648.64581978113,0.0,548794.7849201474,548794.7849201474,15388.951620400185,-2584.517755303689,,0.02597402597402588,46.55641409163982,64.9920439649334,17.34344347886231,True,True
2026-09-18,54,2800.0,916.0,6020.0,10.0,1014.0,-10175374.423546975,-65217317.66725908,-75392692.09080605,-196805546.1619283,481951434.847316,285145888.68538773,15136902.53269181,-2489236.488336423,0.012153236459709438,0.02328042328042316,61.689574401881316,56.992269608390416,40.04487650544761,True,True
2026-09-18,54,2805.0,0.0,3.0,0.0,14.0,0.0,-32976.67024346328,-32976.67024346328,0.0,245441.3393720063,245441.3393720063,6346.353162463873,-1032.7981165919682,,0.022703818369453073,47.21491982726523,64.9964363145068,17.899440670914085,True,True
2026-09-18,54,2810.0,10.0,68.0,8.0,8.0,-114733.79233418898,-758364.5344162171,-873098.3267504061,-2113550.7104443195,5683323.9525084365,3569773.242064117,162864.0592573088,-25930.27147985928,0.013777900248002205,0.022155085599194387,47.79949642703542,64.90726086889585,18.428008006720194,True,True
2026-09-18,54,2815.0,1.0,11.0,1.0,100.0,-11640.110516132967,-124454.41980163856,-136094.53031777154,-209472.93499814713,938871.2898043349,729398.3548061878,24342.83638593936,-3813.6994603264056,0.014064697609001406,0.021632251720747328,47.948373698805824,64.98552434314595,18.49770728422229,True,True
2026-09-18,54,2820.0,14.0,1462.0,1.0,2.0,-165522.14792650656,-16779501.318037376,-16945023.46596388,-2907302.806522177,127390963.91174026,124483661.10521808,2896661.3321505957,-446285.2506824156,0.013801035077630856,0.021133525456292056,51.32921555936441,63.20020768823633,23.57285967549069,True,True
2026-09-18,54,2825.0,1.0,4.0,1.0,3.0,-11981.893721451383,-46546.41875890217,-58528.31248035355,-205714.57607614773,355800.8203268807,150086.244250733,9665.08831230099,-1447.5576146320052,0.01409277745155611,0.01876172607879925,48.54508818876611,64.9936835545059,19.0437994015501,True,True
2026-09-18,54,2830.0,175.0,190.0,1.0,10.0,-2130376.471773706,-2239525.5937521574,-4369902.065525863,-35684296.795038536,17255413.14797806,-18428883.647060476,699076.1691186009,-101209.71022423533,0.012019230769230768,0.020128087831656018,49.59871472839325,34.53585772025035,20.51706929158516,True,True
2026-09-18,54,2835.0,0.0,10.0,0.0,1.0,0.0,-119431.01840152571,-119431.01840152571,0.0,926674.7322007815,926674.7322007815,17702.18531948005,-2547.8826179071875,,0.019660411081322635,49.02745803032652,64.98729861295199,19.629201792657675,True,True
2026-09-18,54,2840.0,16.0,658.0,11.0,5.0,-200013.40616246965,-7958806.427425316,-8158819.833587785,-3200136.0763376886,62214927.70383373,59014791.62749604,1161115.9024418946,-161582.19132724922,0.011938422871504907,0.020942408376963276,50.807676050967565,64.13342200068895,22.111692754163894,True,True
2026-09-18,54,2845.0,0.0,8.0,0.0,9.0,0.0,-98005.80381967452,-98005.80381967452,0.0,771711.2907810744,771711.2907810744,13354.469933808274,-1791.5572700885277,,0.01875532821824384,49.61922449338635,64.98957101203193,20.191578849874016,True,True
2026-09-18,54,2850.0,401.0,7290.0,7.0,1042.0,-5144831.124006594,-90461809.89061037,-95606641.01461697,-78601969.70490082,717374839.1932062,638772869.4883053,12479538.29223055,-1602574.2361223549,0.01118789075353746,0.02000000000000005,66.18836547482378,54.8452730576141,46.060383410751236,True,True
2026-09-18,54,2855.0,3.0,7.0,1.0,9.0,-38942.30305245639,-87870.44786132677,-126812.75091378315,-581739.170139577,703015.6736191562,121276.50347957923,15918.79508336179,-1936.4591557548806,0.013468013468013467,0.019512195121951265,50.26022412761011,64.98640707606731,20.767306709489286,True,True
2026-09-18,54,2860.0,26.0,196.0,5.0,57.0,-341649.0818105388,-2489033.6395383026,-2830682.721348841,-4986921.609768791,20086268.07295884,15099346.463190047,333643.67127271474,-38700.44562136463,0.013793103448275862,0.019047619047619094,50.993464428443104,64.69934196304888,21.761836209510605,True,True
2026-09-18,54,2865.0,0.0,11.0,0.0,9.0,0.0,-141325.39042614857,-141325.39042614857,0.0,1150116.8587652934,1150116.8587652934,15613.814514511261,-1707.085691343154,,0.01860465116279063,50.767723403262174,64.98497627731092,21.339591488384134,True,True
2026-09-18,54,2870.0,58.0,296.0,8.0,44.0,-779979.1488081069,-3845800.7207514606,-4625779.869559567,-10872367.680159077,31574835.929329056,20702468.24916998,483068.2499167871,-48774.583984087556,0.012305465074194633,0.01968205904617709,51.85324584975195,64.5086784753052,22.779582595213157,True,True
2026-09-18,54,2875.0,2.0,53.0,2.0,3.0,-27231.130730746474,-696397.4195295327,-723628.5502602791,-370530.80481958285,5766982.328011679,5396451.5231920965,69994.48976685578,-6465.469263247623,0.01262532491644997,0.01775147928994087,51.53175765483983,64.92313801646817,22.057084355521607,True,True
2026-09-18,54,2880.0,139.0,3577.0,1.0,4.0,-1910462.716604356,-47487605.69961361,-49398068.41621797,-25431547.33782435,397048674.0115423,371617126.673718,4418394.60954096,-362867.5075833815,0.01293267402054026,0.01877256317689547,59.51083213123173,59.75325256045356,34.72465976326861,True,True
2026-09-18,54,2885.0,2.0,4.0,2.0,2.0,-27777.05273554148,-53681.67951981925,-81458.73225536072,-361334.75760922965,452790.60819572967,91455.85058650002,6793.4221084276105,-474.6737836473857,0.013265704252828739,0.018348623853210972,51.978768736050604,64.99118396183839,22.460737319174587,True,True
2026-09-18,54,2890.0,214.0,692.0,170.0,5.0,-3003386.2521449244,-9379044.623687973,-12382430.875832897,-38167744.344997205,79883809.63022831,41716065.285231106,933801.0962860689,-52145.19972177999,0.013616339607529058,0.01791867677463814,54.16088399098644,63.68481689996107,25.809698845646544,True,True
2026-09-18,54,2895.0,1.0,5.0,1.0,5.0,-14087.05691984005,-68030.7659500318,-82117.82286987184,-175880.55796188157,589080.1957218748,413199.63775999326,5490.856400834216,-210.4131423557214,0.013093289689034324,0.017368069472277852,52.56489171706821,64.99124166723563,23.02960576853356,True,True
2026-09-18,54,2900.0,1539.0,3158.0,12.0,8.0,-22033777.1975708,-43635164.29712267,-65668941.49469347,-267243060.86134323,378910401.35279316,111667340.49144992,3960606.333832886,-68828.64265739796,0.01267427122940431,0.015789473684210378,62.76430878684573,58.02506422464202,39.37642736786052,True,True
2026-09-18,54,2905.0,1.0,9.0,2.0,2.0,-14437.597687432342,-125402.34514730335,-139839.9428347357,-171241.96217463724,1100710.808400778,929468.8462261409,7222.871745831204,83.53830464547097,0.013015184381778741,0.016698779704560015,53.153360029397945,64.9851309559785,23.61223960951794,True,True
2026-09-18,54,2910.0,4.0,93.0,1.0,154.0,-58329.29789479335,-1307385.7439261484,-1365715.0418209417,-675389.9491321046,11589924.545420835,10914534.59628873,59595.2926669366,2994.3476580397964,0.014285714285714235,0.01632140615191459,53.60770633859855,64.85494109462371,24.19512578056675,True,True
2026-09-18,54,2915.0,5.0,10.0,5.0,12.0,-73054.546396979,-141686.43680830463,-214740.98320528364,-831744.4205327973,1269683.552746954,437939.13221415656,7801.095268446715,798.1683689788148,0.014611872146118669,0.01594114040465968,53.720138923476135,64.97715733272085,24.198491608453978,True,True
2026-09-18,54,2920.0,9.0,670.0,1.0,58.0,-133311.54261831654,-9567611.209099298,-9700922.751717614,-1475714.9703010204,86646133.16319789,85170418.19289687,269021.52985307714,51854.33387415322,0.013220018885741184,0.015578190533253414,55.43007912738127,63.96962975377402,26.76879348944866,True,True
2026-09-18,54,2925.0,0.0,32.0,0.0,30.0,0.0,-457670.8014636137,-457670.8014636137,0.0,4214982.5257212,4214982.5257212,8920.788131549425,3176.746273149777,,0.015125072716695722,54.3293333693571,64.95138557116138,24.825847972000172,True,True
2026-09-18,54,2930.0,12.0,527.0,2.0,85.0,-180242.34196739813,-7631917.192058155,-7812159.534025554,-1908630.392555605,70650557.23638627,68741926.84383066,93093.0774579962,65978.4593933039,0.013006503251625785,0.016018306636155506,55.7003591708227,64.17024208009892,26.86227848359519,True,True
2026-09-18,54,2935.0,0.0,1.0,0.0,7.0,0.0,-14571.984991150393,-14571.984991150393,0.0,136457.58933514156,136457.58933514156,62.714877065266975,145.88540554182583,,0.014533258803800976,54.28162698788863,64.99834233334475,24.718977451095668,True,True
2026-09-18,54,2940.0,123.0,538.0,117.0,3.0,-1870247.262596438,-7888579.552487134,-9758826.815083573,-18947557.40170895,74723667.34261163,55776109.94090268,-31724.464547686606,112592.5494978402,0.013807753584705226,0.015300546448087494,55.387361022234,63.96347946109087,26.72581220407464,True,True
2026-09-18,54,2945.0,54.0,63.0,8.0,3.0,-826131.5913501843,-928527.1914920231,-1754658.7828422072,-8180013.055399455,8905666.152194517,725653.0967950616,-19360.861626488393,22905.005279246892,0.014246575342465878,0.0138814735718099,53.9713148128373,64.81361067733445,24.554520024758485,True,True
2026-09-18,54,2950.0,1750.0,2525.0,43.0,87.0,-26907617.103371367,-37426861.913780674,-64334479.01715204,-260548764.28810835,363261020.10132253,102712255.81321418,-1239321.221712049,941889.9665804325,0.014697569248162774,0.013577023498694636,62.446584895048616,58.16680229617606,38.77726120262091,True,True
2026-09-18,54,2955.0,1.0,6.0,0.0,21.0,-15333.844273814568,-89202.81929468761,-104536.66356850218,-146325.67405075298,878303.6063910503,731977.9323402973,-2886.931369978769,1702.5561965295508,0.015055008685581902,0.014271151885830698,53.15271885877579,64.9888762907144,23.602233883575767,True,True
2026-09-18,54,2960.0,33.0,357.0,4.0,50.0,-511376.62734776246,-5332037.366250739,-5843413.993598502,-4739182.704774468,53173461.179009005,48434278.47423454,-210019.13778962113,104406.72585205981,0.01565322095123416,0.013958125623130665,53.67109778888109,64.37934956862247,24.652552219318252,True,True
2026-09-18,54,2965.0,1.0,17.0,267.0,299.0,-15556.601472696362,-254801.28444803544,-270357.8859207318,-140929.73090847113,2575899.778417757,2434970.0475092856,-11984.8333323021,5257.4001811005755,0.016179215930304882,0.013645224171539879,52.5995958022084,64.97127815147178,23.071800307832078,True,True
2026-09-18,54,2970.0,1291.0,1362.0,3.0,20.0,-20139053.965007067,-20474752.912055932,-40613806.877063,-178463921.77094743,209911014.40861076,31447092.637663335,-2159663.5530375103,849844.150828877,0.016720257234726834,0.012386850881372057,57.87850536095943,60.686260293213664,32.02243783485375,True,True
2026-09-18,54,2975.0,151.0,143.0,1.0,9.0,-2362009.1415205123,-2156058.513402199,-4518067.654922711,-20463474.017002277,22413873.47211597,1950399.455113694,-279419.8422984379,101540.66136879558,0.017298735861610074,0.013047530288909653,52.604536780365606,64.52011201277789,23.47162076109381,True,True
2026-09-18,54,2980.0,2032.0,2304.0,1.0,21.0,-31836732.623140097,-34784209.6538779,-66620942.277017996,-269856924.4446612,367140647.1521447,97283722.70748347,-4689839.156484352,1600963.4230132848,0.01789401238816238,0.012750455373406246,60.833092754504456,57.92394876061878,37.36665537046767,True,True
2026-09-18,54,2985.0,675.0,678.0,1.0,2.0,-10592585.61608577,-10254907.23638342,-20847492.85246919,-87796606.89868057,109827693.87541062,22031086.97673005,-1648288.5488948436,532720.91398609,0.018531717747683495,0.013363028953229399,54.24404282041637,62.78571174859485,26.62134647921219,True,True
2026-09-18,54,2990.0,1968.0,1956.0,6.0,20.0,-30897643.143193323,-29607336.730639044,-60504979.87383237,-250620969.00146434,321987150.42316663,71366181.4217023,-5300927.3251825385,1637725.7377009764,0.019188191881918986,0.012195121951219561,59.38500086266243,58.57354717802999,35.36551798561119,True,True
2026-09-18,54,2995.0,75.0,75.0,3.0,4.0,-1178033.167174096,-1136093.3826428275,-2314126.549816923,-9346110.03691399,12544173.553730998,3198063.516817009,-222392.36390262522,66093.15376313309,0.019892884468247853,0.01278227524499361,51.12850466632668,64.75420356423841,21.829325649302813,True,True
2026-09-18,54,3000.0,11109.0,10246.0,64.0,3.0,-174372631.49122235,-155151979.28708118,-329524610.7783035,-1354270961.7301157,1740523277.9093544,386252316.1792388,-34437566.716417074,9896039.49530215,0.020618556701030997,0.013333333333333286,95.5088542621441,29.99999996116528,96.01813261265957,True,True
2026-09-18,54,3005.0,1.0,0.0,1.0,0.0,-15582.143340535402,0.0,-15582.143340535402,-119440.37998423372,0.0,-119440.37998423372,-1769.790143977351,489.44466519469984,0.0211898940505297,,50.10012880255994,34.99847054885042,20.737239633208592,True,True
2026-09-18,54,3010.0,1324.0,1259.0,8.0,4.0,-20730642.229910616,-19020410.905083746,-39751053.13499436,-154271399.08297503,220411647.8113681,66140248.72839308,-4801615.046940606,1308273.8809384536,0.022203245089667024,0.013551215623754508,55.35597484583972,60.77789673684198,29.514474860976193,True,True
2026-09-18,54,3015.0,2.0,2.0,1.0,2.0,-31255.22106068914,-30155.286170824143,-61410.507231513286,-227645.38279489917,355281.0401598819,127635.6573649827,-7978.168696344748,2116.552848098583,0.023070097604259043,0.013255360623781588,49.62843700832738,64.99335984695739,20.1789191976378,True,True
2026-09-18,54,3020.0,779.0,921.0,3.0,1.0,-12134190.122254552,-13849128.901403403,-25983319.023657955,-86570320.73532927,165984026.67057872,79413705.93524945,-3624529.13656846,937785.9254386318,0.02396313364055294,0.013729977116704893,52.897378284954534,62.24021757912984,25.835859859557115,True,True
2026-09-18,54,3025.0,16.0,1.0,16.0,1.0,-248349.27082713318,-14907.573120935245,-263256.84394806845,-1734342.723046338,182559.7426064327,-1551782.9804399053,-39993.92143304773,9909.41319317052,0.024928092042185948,0.013382899628252872,49.05721961275973,34.9720482053383,19.655823130454877,True,True
2026-09-18,54,3030.0,555.0,580.0,3.0,1.0,-8572922.801214168,-8659369.214718737,-17232292.015932903,-58652937.31038364,107559998.22723421,48907060.916850574,-2746748.5742976414,677282.4251454164,0.025922233300099646,0.013148283418553772,51.11730106430387,63.169695670985874,23.280738281824256,True,True
2026-09-18,54,3035.0,3.0,0.0,3.0,0.0,-46104.3353251769,0.0,-46104.3353251769,-308794.1681628531,0.0,-308794.1681628531,-7948.2898493153625,1881.9683902030933,0.026998961578400774,,48.22358590586297,34.99515166778745,19.03775780964264,True,True
2026-09-18,54,3040.0,663.0,654.0,3.0,3.0,-10129363.063692134,-9660779.339337548,-19790142.40302968,-66420116.36997134,124696406.98802346,58276290.61805212,-3545737.521532595,840409.7506048861,0.02597402597402588,0.014690451206715596,50.90807995133597,62.89801718515683,23.335897395412015,True,True
2026-09-18,54,3045.0,10.0,0.0,2.0,0.0,-151615.96065419234,0.0,-151615.96065419234,-975074.5605693837,0.0,-975074.5605693837,-29133.62004017714,6662.62557729935,0.02702702702702709,,47.6686661394348,34.983911704215856,18.493361796737844,True,True
2026-09-18,54,3050.0,557.0,577.0,7.0,1.0,-8378864.7400614945,-8413002.065485338,-16791866.80554683,-52811663.41862603,113032204.10884516,60220540.69021913,-3329778.28163526,765163.9136719167,0.02816901408450711,0.014079785450888331,49.92986269351974,63.21647488214774,22.113774934001235,True,True
2026-09-18,54,3055.0,3.0,5.0,13.0,4.0,-44765.41016941374,-72301.66384911838,-117067.07401853212,-276306.55322141165,992182.1278285591,715875.5746071475,-24211.308016558884,5515.145958362163,0.029411764705882252,0.01574803149606303,47.22903709069052,64.9875449295889,17.91728543874924,True,True
2026-09-18,54,3060.0,120.0,130.0,3.0,3.0,-1774106.2340680263,-1864883.293891268,-3638989.5279592946,-10734389.594486607,26133611.685022738,15399222.09053613,-789239.3089351412,176802.15718008927,0.030690537084399047,0.015424164524421628,47.44025011735111,64.61348879478386,18.469902232907753,True,True
2026-09-18,54,3065.0,2.0,4.0,4.0,1.0,-29290.25592659181,-56860.481243975984,-86150.7371705678,-173584.83653389948,814222.8696084522,640638.0330745527,-19364.678523345072,4315.737505992351,0.03208556149732628,0.015103838892385186,46.625550111348105,64.99082620468613,17.341429552899516,True,True
2026-09-18,54,3070.0,58.0,11.0,15.0,5.0,-840487.2957630558,-154851.59173122884,-995338.8874942847,-4884152.156958833,2266569.458909733,-2617582.6980491,-236543.66128646638,51170.75493065295,0.03351955307262558,0.015408320493066256,46.44781458518086,34.89428718951455,17.27445421770867,True,True
2026-09-18,54,3075.0,7.0,2.0,5.0,2.0,-100310.6835364211,-27877.800636179654,-128188.48417260076,-571678.769549361,417108.39559601026,-154570.3739533507,-31501.47697539458,6774.117859072035,0.03211678832116772,0.014492753623188439,46.07174124570058,34.98648168029814,16.78287905154517,True,True
2026-09-18,54,3080.0,40.0,12.0,1.0,2.0,-566504.8221274442,-165308.5001137235,-731813.3222411678,-3166960.999051024,2530611.741503445,-636349.2575475792,-185812.46956540292,39696.344356859256,0.03358778625954181,0.014779781259237363,45.85156773676439,34.92229503377962,16.645847826315013,True,True
2026-09-18,54,3085.0,1.0,3.0,1.0,6.0,-13994.928975776817,-40719.56436125452,-54714.49333703134,-76679.03347628636,638665.1306591381,561986.0971828518,-14062.244759259136,3056.34098294729,0.035200000000000044,0.01444669170759896,45.446819378207174,64.99416188488914,16.196713665231577,True,True
2026-09-18,54,3090.0,96.0,10.0,24.0,5.0,-1325676.4530053223,-134628.40502673955,-1460304.8580320617,-7128326.68710498,2156222.881716562,-4972103.805388419,-402240.6243414753,83553.99755401694,0.03685092127303175,0.014192449616803859,45.356392920691114,34.84489875948768,16.26031157556802,True,True
2026-09-18,54,3095.0,2.0,0.0,2.0,0.0,-27130.151007707318,0.0,-27130.151007707318,-144671.84463473037,0.0,-144671.84463473037,-7757.57471076731,1595.5447504412323,0.03799654576856654,,44.478580464238235,34.9972220908059,15.621060009771309,True,True
2026-09-18,54,3100.0,262.0,13.0,1.0,2.0,-3512062.623515788,-170634.02240640606,-3682696.6459221942,-18184001.400061805,2864299.81492649,-15319701.585135315,-1100712.2779378877,222361.2856583279,0.04051565377532221,0.012551159618008248,45.11333552418711,34.60884845700906,16.26162891443503,True,True
2026-09-18,54,3105.0,1.0,0.0,12.0,0.0,-13183.774341706396,0.0,-13183.774341706396,-67050.26387255033,0.0,-67050.26387255033,-4094.4068923165137,816.594417378846,0.04633204633204631,,43.65757976564753,34.99882341310319,15.048809599347154,True,True
2026-09-18,54,3110.0,71.0,8.0,18.0,1.0,-919972.1450853822,-101817.3716378486,-1021789.5167232307,-4591731.719421077,1797888.2295222015,-2793843.4898988754,-327039.19176509767,64881.12725561919,0.044624746450304176,0.01310615989515072,44.06152765449381,34.89147741104668,15.026500903913542,True,True
2026-09-18,54,3115.0,1.0,0.0,1.0,0.0,-12690.931267395388,0.0,-12690.931267395388,-62972.9908468153,0.0,-62972.9908468153,-4183.945614132289,825.4589326608384,0.04592901878914411,,43.10084214508792,34.99889024389266,14.479951240132271,True,True
2026-09-18,54,3120.0,44.0,5.0,1.0,5.0,-549018.0263185196,-62269.829593841874,-611287.8559123615,-2644897.876922509,1161510.0078266836,-1483387.8690958256,-209318.99030713568,40681.6312783827,0.04921700223713637,0.04800817160367725,42.83706815002826,34.93508301926276,14.355492399510814,True,True
2026-09-18,54,3125.0,3.0,0.0,2.0,0.0,-36697.64332211457,0.0,-36697.64332211457,-173426.0471671823,0.0,-173426.0471671823,-12962.0840938045,2497.63715351902,0.04716981132075472,,42.499004391972136,34.99618870235584,13.917730863017411,True,True
2026-09-18,54,3130.0,1674.0,0.0,1.0,0.0,-20052714.620853256,0.0,-20052714.620853256,-93247122.25610232,0.0,-93247122.25610232,-7276242.452736926,1395028.4380757543,0.04950495049504951,,45.66572541031831,32.87012885907397,19.151834600814894,True,True
2026-09-18,54,3135.0,71.0,0.0,1.0,0.0,-832448.9574849725,0.0,-832448.9574849725,-3805250.3942592503,0.0,-3805250.3942592503,-310058.42650848744,59159.666261541875,0.052083333333333336,,41.92606225384198,34.91158652920275,13.572333972705977,True,True
2026-09-18,54,3140.0,141.0,11.0,1.0,1.0,-1617121.1252400416,-126337.94939643305,-1743459.0746364747,-7269745.328093414,2682552.1557238223,-4587193.172369592,-666831.5782344799,126494.46972909478,0.060273972602739805,0.06346933905989016,41.51868437748808,34.814824179803594,13.551828385519482,True,True
2026-09-18,54,3145.0,1.0,0.0,1.0,0.0,-11210.171516939241,0.0,-11210.171516939241,-50199.47536973014,0.0,-50199.47536973014,-4350.992791913898,830.4439272792922,0.06197183098591557,,40.913072438644704,34.999108129114624,12.773376027109116,True,True
2026-09-18,54,3150.0,689.0,13.0,9.0,2.0,-7550376.022041598,-142133.85842348702,-7692509.880465086,-32772677.962609816,3231244.6027528774,-29541433.35985694,-3078397.891776839,581036.8675888292,0.060975609756097456,0.06074551311550859,42.13916792429556,34.182951228254275,14.760598704925249,True,True
2026-09-18,54,3155.0,3.0,0.0,6.0,0.0,-32114.739748324715,0.0,-32114.739748324715,-137303.57266548742,0.0,-137303.57266548742,-13144.349384383851,2472.9664856555705,0.06410256410256421,,40.28453646797778,34.99669822358997,12.210967370046601,True,True
2026-09-18,54,3160.0,168.0,2.0,1.0,1.0,-1754858.0093400953,-20697.11322211444,-1775555.1225622098,-7384128.987336367,504775.20764927485,-6879353.779687093,-748067.2235115948,139249.23565627166,0.06756756756756756,0.058940837580323556,40.37748130862887,34.81141405300432,12.462478679591117,True,True
2026-09-18,54,3165.0,3.0,0.0,2.0,0.0,-30534.156729380917,0.0,-30534.156729380917,-126342.28640226711,0.0,-126342.28640226711,-13221.989794363872,2438.3744006395655,0.07142857142857142,,39.49592780135088,34.996875581001625,11.642042992093874,True,True
2026-09-18,54,3170.0,24.0,1.0,11.0,1.0,-237733.99375053175,-10016.093885285112,-247750.08763581686,-968118.4407461585,248666.6433056567,-719451.7974405017,-109909.18155712236,20145.59420979981,0.06792452830188668,0.08724832214765105,39.07313713051316,34.97370641686135,11.427473565943421,True,True
2026-09-18,54,3175.0,1.0,2.0,2.0,5.0,-9630.778694886518,-19544.7022248153,-29175.48091970182,-38633.7884123337,501064.9706639879,462431.1822516542,-12829.785622870873,2419.068175415435,0.07171314741035859,0.0865979381443299,38.69529021404101,64.99686872952596,11.073132082465028,True,True
2026-09-18,54,3180.0,56.0,4.0,2.0,7.0,-523659.95782076026,-38086.929010360174,-561746.8868311205,-2067271.579114959,1009382.9603516689,-1057888.6187632903,-261634.5962636054,47338.24894862707,0.07594936708860761,0.08635718629637142,38.47105635902141,34.940349011850216,10.967845505651663,True,True
2026-09-18,54,3185.0,1.0,3.0,1.0,4.0,-9112.847329550235,-27811.167598885295,-36924.01492843553,-35939.34126573425,762036.402127797,726097.0608620627,-16962.87768494439,3169.5372844477624,0.07792207792207795,0.08529294539657248,38.055009935574496,64.99605750854337,10.507349430469427,True,True
2026-09-18,54,3190.0,43.0,0.0,1.0,0.0,-378575.4790535795,0.0,-378575.4790535795,-1454601.5355985942,0.0,-1454601.5355985942,-184952.28567816174,33061.68777555232,0.08450704225352117,,37.7657919530703,34.959800442078084,10.344116088835767,True,True
2026-09-18,54,3195.0,1.0,0.0,1.0,0.0,-8571.815638940488,0.0,-8571.815638940488,-32868.243495779236,0.0,-32868.243495779236,-4247.008862593118,761.9567383416246,0.08695652173913046,,37.3193894818148,34.99954591015063,9.929073661838906,True,True
2026-09-18,54,3200.0,1142.0,0.0,12.0,0.0,-9431588.829189412,0.0,-9431588.829189412,-35201177.917802304,0.0,-35201177.917802304,-4810672.217307238,854068.9676976781,0.08421052631578956,,39.52171007309356,33.99823728545119,13.155231317804281,True,True
2026-09-18,54,3205.0,4.0,0.0,4.0,0.0,-31992.94006916322,0.0,-31992.94006916322,-117892.40142819857,0.0,-117892.40142819857,-16641.665547407825,2950.4626250375004,0.08888888888888896,,36.6989117249942,34.99672914777864,9.369393252613468,True,True
2026-09-18,54,3210.0,2.0,0.0,2.0,0.0,-15458.719996575508,0.0,-15458.719996575508,-56041.60861186339,0.0,-56041.60861186339,-8213.863788498204,1452.5018472488948,0.08284023668639066,,36.59174259796658,34.998625726966424,9.07882449110587,True,True
2026-09-18,54,3215.0,34.0,0.0,34.0,0.0,-254341.29622562436,0.0,-254341.29622562436,-910528.3893698552,0.0,-910528.3893698552,-137668.27244974923,24345.892803998526,0.10000000000000009,,35.85996699000266,34.973001965526706,8.891325181848346,True,True
2026-09-18,54,3220.0,33.0,0.0,1.0,0.0,-238729.30737564244,0.0,-238729.30737564244,-843003.8668283479,0.0,-843003.8668283479,-131661.14761950466,23285.969989301804,0.09271523178807949,,35.79198857809732,34.97466149085181,8.603387903024377,True,True
2026-09-18,54,3225.0,2.0,0.0,1.0,0.0,-13978.997516718178,0.0,-13978.997516718178,-48630.61767006686,0.0,-48630.61767006686,-7858.8568481700795,1385.4124402400448,0.11267605633802814,,34.84342533814741,34.99882368145855,8.225492011308324,True,True
2026-09-18,54,3230.0,229.0,0.0,13.0,0.0,-1546066.9954793018,0.0,-1546066.9954793018,-5309080.989282606,0.0,-5309080.989282606,-885142.9789436822,154821.56524190566,0.11940298507462685,,34.83554556121895,34.835789461392494,8.618706161047896,True,True
2026-09-18,54,3235.0,6.0,0.0,5.0,0.0,-39295.44103918019,0.0,-39295.44103918019,-134299.64108043353,0.0,-134299.64108043353,-22795.81291916841,3982.6888450362544,0.1395348837209303,,33.47726100917213,34.99593797888374,7.668502144869331,True,True
2026-09-18,54,3240.0,69.0,0.0,10.0,0.0,-433889.35192627483,0.0,-433889.35192627483,-1457173.2921930458,0.0,-1457173.2921930458,-257021.28584850373,44460.99549655925,0.13333333333333344,,33.5116490922725,34.95392533750476,7.5702942872747006,True,True
2026-09-18,54,3245.0,3.0,0.0,1.0,0.0,-18348.805528672605,0.0,-18348.805528672605,-61655.680491238134,0.0,-61655.680491238134,-10977.028179047436,1905.306716870422,0.15384615384615377,,32.47277275404989,34.99829438968173,7.090675845779887,True,True
2026-09-18,54,3250.0,501.0,15.0,5.0,15.0,-2911653.257418313,-81841.26064736255,-2993494.5180656756,-9531672.350119576,4143982.041495455,-5387690.30862412,-1841446.7861014628,314749.74017986725,0.15094339622641503,0.02738832735572213,35.209778765002106,34.68205291116951,8.308069855365014,True,True
2026-09-18,54,3255.0,1.0,0.0,1.0,0.0,-5587.311410974694,0.0,-5587.311410974694,-18093.528038292425,0.0,-18093.528038292425,-3492.843573206989,595.8206068912781,0.16000000000000014,,31.715114452908566,35.00023553135691,6.515921840769194,True,True
2026-09-18,54,3260.0,63.0,0.0,1.0,0.0,-340284.84928001434,0.0,-340284.84928001434,-1097012.0065088652,0.0,-1097012.0065088652,-215563.88597993916,36820.64442314703,0.1666666666666666,,31.36134878954142,34.96387078966842,6.41150315376741,True,True
2026-09-18,54,3265.0,8.0,0.0,8.0,0.0,-41415.972202141624,0.0,-41415.972202141624,-131849.7273739061,0.0,-131849.7273739061,-26734.409245203347,4552.634822035418,0.17777777777777792,,30.62770331660586,34.99571482490672,5.967296525271599,True,True
2026-09-18,54,3270.0,22.0,0.0,7.0,0.0,-109408.31990223164,0.0,-109408.31990223164,-344905.77088737563,0.0,-344905.77088737563,-71846.07633305195,12224.912143470683,0.21176470588235302,,29.35318253779988,34.98842283689248,5.723066124475965,True,True
2026-09-18,54,3275.0,1.0,0.0,2.0,0.0,-4835.617508692757,0.0,-4835.617508692757,-15267.186962186484,0.0,-15267.186962186484,-3205.01907749132,548.5121613361322,0.21686746987951794,,28.87143346282966,35.00046882650332,5.378219324146439,True,True
2026-09-18,54,3280.0,1741.0,0.0,174.0,0.0,-7952546.938237915,0.0,-7952546.938237915,-24504633.745083913,0.0,-24504633.745083913,-5420019.716520865,920843.2655939644,0.1866666666666666,,33.159631956723715,34.1553318567942,10.057565562642084,True,True
2026-09-18,54,3285.0,1.0,0.0,1.0,0.0,-4390.060379732353,0.0,-4390.060379732353,-13410.394428879055,0.0,-13410.394428879055,-3042.8470785791765,517.7275234767295,0.19718309859154923,,28.893136154622027,35.00065216775016,4.809363834880796,True,True
2026-09-18,54,3290.0,41.0,0.0,10.0,0.0,-172792.51531080567,0.0,-172792.51531080567,-522743.3099848592,0.0,-522743.3099848592,-121902.94794838822,20771.93798763314,0.20895522388059706,,28.339847566111885,34.981675777095404,4.63819091478876,True,True
2026-09-18,54,3295.0,1.0,0.0,1.0,0.0,-4040.934908138862,0.0,-4040.934908138862,-12093.296075338325,0.0,-12093.296075338325,-2904.4029159910215,495.639914499191,0.2222222222222223,,27.57313399885514,35.000811051772864,4.240514198389378,True,True
2026-09-18,54,3300.0,340.0,2.0,6.0,1.0,-1315559.591755098,-5534.524203967957,-1321094.115959066,-3889733.189644872,572695.0787852404,-3317038.1108596316,-966645.4635638503,164737.3621111019,0.23728813559322023,0.025746215872117763,30.72843825042746,34.859686340864236,4.91428518807036,True,True
2026-09-18,54,3305.0,12.0,0.0,11.0,0.0,-44824.96248564108,0.0,-44824.96248564108,-131914.57713386996,0.0,-131914.57713386996,-33010.980315881476,5617.844285889484,0.2654867256637168,,25.729550031999395,34.99535268779974,3.7024916784099657,True,True
2026-09-18,54,3315.0,1.0,0.0,1.0,0.0,-3466.989874916326,0.0,-3466.989874916326,-10096.774647178441,0.0,-10096.774647178441,-2594.35094877595,439.76126092572343,0.25242718446601936,,25.529328237847853,35.00111723428636,3.102822469966544,True,True
2026-09-18,54,3320.0,1.0,0.0,1.0,0.0,-3254.818029053425,0.0,-3254.818029053425,-9281.361128546354,0.0,-9281.361128546354,-2477.7880634042485,414.70985695059863,0.2795698924731182,,24.43063277421154,35.00127026216878,2.818395369092536,True,True
2026-09-18,54,3325.0,1.0,0.0,1.0,0.0,-3117.0779097016634,0.0,-3117.0779097016634,-8827.559522397953,0.0,-8827.559522397953,-2399.7065628641185,400.8776848065604,0.27272727272727276,,24.351497143163563,35.00136795530584,2.53397278574008,True,True
2026-09-18,54,3330.0,3.0,0.0,3.0,0.0,-8937.395800831491,0.0,-8937.395800831491,-25120.277432064016,0.0,-25120.277432064016,-6967.206766725285,1161.7060031858157,0.3132530120481927,,22.85552520979185,34.999647830280516,2.255062836242804,True,True
2026-09-18,54,3340.0,14.0,0.0,14.0,0.0,-38092.16064999684,0.0,-38092.16064999684,-105588.30674194904,0.0,-105588.30674194904,-30506.459084462676,5078.738120969345,0.32432432432432423,,21.97773697789699,34.99609615377044,1.7163344956753133,True,True
2026-09-18,54,3350.0,203.0,1.0,2.0,1.0,-500189.9542426607,-2592.2568545906047,-502782.21109725133,-1362704.3901331571,285746.6075483033,-1076957.782584854,-416257.3662966513,69201.2344326007,0.33846153846153837,0.03394870524098622,25.9528592247692,34.94661161212832,1.6650564688351763,True,True
2026-09-18,54,3360.0,1.0,0.0,2.0,0.0,-2248.3982480751297,0.0,-2248.3982480751297,-6046.878509965681,0.0,-6046.878509965681,-1923.6063014670722,320.6687170094536,0.3448275862068966,,20.19758817481143,35.00224139804677,0.5430204985727988,True,True
2026-09-18,54,3375.0,1.0,0.0,1.0,0.0,-1984.478799500061,0.0,-1984.478799500061,-5263.952968202139,0.0,-5263.952968202139,-1779.7017797469587,299.4945207894391,0.4,,18.002107234839613,35.0026382496328,0.0026959542006076928,True,False
2026-09-18,54,3390.0,2.0,1.0,4.0,1.0,-3376.882821818788,-3827.5990104878874,-7204.481832306676,-8665.58121165865,276469.79675470333,267804.2155430447,-5650.192322322642,1087.049818671716,0.5,0.041108132260947346,21.889699720604636,64.99917877508513,0.008163792920402419,True,True
2026-09-18,54,3400.0,982.0,1.0,132.0,1.0,-1517745.7227716225,-3758.8158868897435,-1521504.5386585123,-3857839.975954622,276403.781892263,-3581436.194062359,-1430763.7351240576,238175.08211116478,0.5555555555555555,0.04063797247105096,23.128508926943447,34.83839969162965,2.6240710178439306,True,True
2026-09-18,54,3450.0,508.0,0.0,2.0,0.0,-461652.22068465507,0.0,-461652.22068465507,-1104181.703287428,0.0,-1104181.703287428,-496872.41376108676,82226.44742780672,0.9473684210526315,,2.6494226669459895,34.95097983367593,1.3363779845013914,True,False
2026-09-18,54,3500.0,2168.0,0.0,1.0,0.0,-1298249.8917777909,0.0,-1298249.8917777909,-3029472.950849514,0.0,-3029472.950849514,-1532830.0516313207,258903.05758320427,1.6666666666666665,,4.568485132287521,34.86211313773596,5.662499372641476,True,False
2026-09-18,54,3550.0,48.0,0.0,20.0,0.0,-22459.411049852533,0.0,-22459.411049852533,-54065.43699181173,0.0,-54065.43699181173,-26834.1566910358,4710.387021661528,2.0,,0.10114727230156872,34.997891941214974,0.12498758405481482,True,False
2026-09-18,54,3600.0,291.0,0.0,10.0,0.0,-103881.12762911413,0.0,-103881.12762911413,-255683.29280627696,0.0,-255683.29280627696,-130067.04733095111,23674.228839422238,2.0,,0.6132053383282604,34.98902507604794,0.7557780998906256,True,False
2026-09-30,66,1250.0,0.0,40.0,0.0,30.0,0.0,-1383.8508278615789,-1383.8508278615789,0.0,12641.503445221717,12641.503445221717,1884.2089570100934,-967.8039489550557,,1.6666666666666665,0.0842893935846406,64.99866654233068,0.10310436067875474,True,False
2026-09-30,66,1300.0,0.0,15.0,0.0,15.0,0.0,-630.6406791142615,-630.6406791142615,0.0,5655.770011887544,5655.770011887544,823.1398598983845,-409.100170207325,,1.4285714285714286,0.031608522594240226,64.99728132745756,0.038670914512592226,True,False
2026-09-30,66,1350.0,0.0,1.0,0.0,1.0,0.0,-52.47351635047544,-52.47351635047544,0.0,465.05287326095396,465.05287326095396,66.15848681663665,-32.02675394355138,,1.2941176470588234,0.002107234839616015,64.96780923719025,0.0025786940494714004,True,False
2026-09-30,66,1400.0,0.0,230.0,0.0,270.0,0.0,-14692.573009841652,-14692.573009841652,0.0,128231.97288126597,128231.97288126597,18305.425988752282,-8634.033897048625,,1.0,0.48466401311168344,64.99832247411885,0.5932588707288935,True,False
2026-09-30,66,1450.0,0.0,20.0,0.0,1.0,0.0,-1526.432628988286,-1526.432628988286,0.0,13091.526983845964,13091.526983845964,1910.7385792988846,-878.3437052364156,,0.9565217391304349,1.3464925228792726,64.9986921803347,0.05160282949806003,True,False
2026-09-30,66,1500.0,0.0,4.0,0.0,1.0,0.0,-367.8742216919344,-367.8742216919344,0.0,3118.4253510451367,3118.4253510451367,460.76588990492354,-206.79756326397663,,0.8148148148148147,5.563984494914024,64.99515234878629,0.010324364565559683,True,False
2026-09-30,66,1550.0,0.0,8.0,0.0,1.0,0.0,-892.7657727397444,-892.7657727397444,0.0,7492.039580264443,7492.039580264443,1048.6252624461529,-453.5925101690853,,0.625,11.266857878716927,64.99790331828422,0.02065825906146266,True,False
2026-09-30,66,1600.0,0.0,660.0,0.0,545.0,0.0,-88245.17382981343,-88245.17382981343,0.0,729001.3337039985,729001.3337039985,98594.47779617846,-41097.91381312792,,0.5945945945945945,13.552937156308733,64.9906065850535,1.7051920118887354,True,False
2026-09-30,66,1650.0,0.0,2.0,0.0,1.0,0.0,-321.8904957744909,-321.8904957744909,0.0,2618.6347195442127,2618.6347195442127,344.3785845573865,-138.6533677312917,,0.5116279069767441,14.655377260376909,64.99423982168973,0.0051705551557256705,True,False
2026-09-30,66,1700.0,0.0,85.0,0.0,90.0,0.0,-16270.625769201775,-16270.625769201775,0.0,129849.2524770254,129849.2524770254,16890.648898389532,-6567.747293057903,,0.4489795918367347,16.709727206265317,64.9981563203451,0.21990580724379877,True,False
2026-09-30,66,1800.0,0.0,28.0,0.0,10.0,0.0,-7651.160360625413,-7651.160360625413,0.0,59105.52527880208,59105.52527880208,7688.108629252771,-2816.216527069262,,0.33846153846153837,19.905156421663097,64.9989335635158,0.07257863461148767,True,True
2026-09-30,66,1850.0,50.0,37.0,50.0,5.0,-4239.397412023618,-12200.463430278354,-16439.860842301972,-14628227.399478639,93545.9348268605,-14534681.464651778,17840.12802655862,-5930.623795837292,0.011533180778031954,0.28571428571428586,25.724617433661823,34.998254894971225,0.22506709720853832,True,True
2026-09-30,66,1900.0,50.0,73.0,50.0,20.0,-11174.66939293592,-28673.407483029638,-39848.07687596556,-14581115.428097602,217025.55257948133,-14364089.87551812,39292.805031085365,-12966.185296555785,0.012362834826776645,0.24719101123595508,26.365882194331792,34.99576863599216,0.31920615657194745,True,True
2026-09-30,66,1940.0,0.0,12.0,0.0,2.0,0.0,-5408.609326542089,-5408.609326542089,0.0,40387.80551432453,40387.80551432453,4940.974287306568,-1636.9499256777929,,0.22222222222222215,23.35862015140873,64.999054142016,0.031234378378955034,True,True
2026-09-30,66,1950.0,0.0,23.0,0.0,1.0,0.0,-10807.69715085891,-10807.69715085891,0.0,80667.5948021702,80667.5948021702,9758.180362809439,-3210.474687843615,,0.21359223300970884,23.6406994110199,64.99866612945179,0.05989266961625194,True,True
2026-09-30,66,1960.0,1.0,0.0,1.0,0.0,-169.03940058688167,0.0,-169.03940058688167,-292129.9458401134,0.0,-292129.9458401134,216.39559152219175,-57.49427253707454,0.012303624993644844,,29.63299848503027,35.00003339255106,0.0025857688402714622,True,True
2026-09-30,66,1970.0,0.0,1.0,0.0,1.0,0.0,-504.6837615231744,-504.6837615231744,0.0,3743.3282055185773,3743.3282055185773,447.9346758192657,-144.98306237237347,,0.20183486238532103,23.947061363279985,64.99594033663513,0.0026061402692911964,True,True
2026-09-30,66,1980.0,0.0,1.0,0.0,2.0,0.0,-522.7592273258676,-522.7592273258676,0.0,3864.0221785857934,3864.0221785857934,460.31058545989043,-147.77077061898365,,0.21428571428571433,23.573535806268186,64.99606351494069,0.0026072373324671455,True,True
2026-09-30,66,1990.0,10.0,5.0,10.0,5.0,-2999.642535899632,-2718.981661269215,-5718.624197168847,-2912583.832559091,20065.727985476067,-2892518.104573615,5494.312194872604,-1619.0162328958318,0.014043177530915926,0.20689655172413793,26.717512583768432,34.99939779004482,0.038979722009916166,True,True
2026-09-30,66,2000.0,11.0,75.0,1.0,6.0,-4168.548512499038,-42399.0602331563,-46567.608745655336,-3197169.8724746774,312316.22524349514,-2884853.647231182,40894.74651045299,-12827.92761170196,0.014184397163120543,0.19999999999999987,26.96845623876017,34.995059085522044,0.22432014624790153,True,True
2026-09-30,66,2050.0,0.0,30.0,0.0,10.0,0.0,-20271.259074899754,-20271.259074899754,0.0,146884.3609176952,146884.3609176952,16956.24215068991,-5167.513313198597,,0.20289855072463758,23.97626052344935,64.99774479584605,0.07849561099441411,True,True
2026-09-30,66,2080.0,0.0,2.0,0.0,2.0,0.0,-1512.6532089089815,-1512.6532089089815,0.0,10891.259386000907,10891.259386000907,1242.4636092066041,-371.5125476898841,,0.15789473684210517,25.267372364416076,64.99846221088362,0.005242826705357246,True,True
2026-09-30,66,2100.0,2.0,1.0,2.0,1.0,-1333.5444478761094,-809.7146182224217,-2143.259066098531,-577359.3933787943,5787.089712925022,-571572.3036658693,1814.8897159885432,-512.7620643462915,0.01712632138427922,0.1499999999999999,27.49942688375466,34.99979860006068,0.007856609626611158,True,True
2026-09-30,66,2130.0,0.0,1.0,0.0,1.0,0.0,-903.5835893008718,-903.5835893008718,0.0,6421.709270521324,6421.709270521324,726.1607855649746,-210.47001350636629,,0.13636363636363646,25.91119814393052,64.99756856409928,0.0026303508936106083,True,True
2026-09-30,66,2140.0,0.0,7.0,0.0,7.0,0.0,-6562.319702071922,-6562.319702071922,0.0,46584.14044278783,46584.14044278783,5253.025387200366,-1515.302163187222,,0.15384615384615385,25.399366028492697,64.99898100121769,0.018426854850657197,True,True
2026-09-30,66,2150.0,0.0,489.0,0.0,1.0,0.0,-473124.88351610146,-473124.88351610146,0.0,3343742.259623544,3343742.259623544,377143.60129798495,-107872.41085823748,,0.15053763440860218,26.51430880431416,64.94974320998917,1.2881396247745922,True,True
2026-09-30,66,2160.0,0.0,1.0,0.0,1.0,0.0,-1007.4029837723609,-1007.4029837723609,0.0,7129.63530747393,7129.63530747393,792.154239651649,-224.54600331525123,,0.14432989690721654,25.67221032762312,64.99778940070942,0.0026366520554101038,True,True
2026-09-30,66,2170.0,0.0,1.0,0.0,1.0,0.0,-1039.5359494539978,-1039.5359494539978,0.0,7320.753333679397,7320.753333679397,810.9008014743124,-227.20540702366472,,0.14141414141414146,25.75968299241537,64.99784089751682,0.0026386023173711596,True,True
2026-09-30,66,2200.0,5.0,1113.0,6.0,1.0,-4687.396911605568,-1292051.9484922925,-1296739.345403898,-1436381.4285932176,9052501.459664559,7616120.031071342,979270.8718831481,-266170.9002892438,0.019921117721772814,0.12844036697247713,30.130466280276952,64.86226665746511,2.9581229814635837,True,True
2026-09-30,66,2210.0,0.0,1.0,0.0,1.0,0.0,-1202.3455854849842,-1202.3455854849842,0.0,8396.422670189673,8396.422670189673,899.0445753003705,-241.87056480535847,,0.14285714285714282,25.716392949125332,64.99808603217379,0.0026484838030451097,True,True
2026-09-30,66,2220.0,0.0,10.0,0.0,16.0,0.0,-12496.810481298862,-12496.810481298862,0.0,87182.83278273528,87182.83278273528,9237.985543852983,-2462.275175419674,,0.13793103448275856,25.883141313913406,64.9985006183408,0.026513567576649848,True,True
2026-09-30,66,2250.0,1.0,20.0,1.0,1.0,-1105.6680436400393,-28002.422771187095,-29108.090814827134,-286478.43899394874,194337.72111424356,-92140.71787970519,20944.58362581,-5407.933669576833,0.022044088176352675,0.12499999999999997,27.838590608986646,34.99707111717183,0.05585236595316949,True,True
2026-09-30,66,2270.0,0.0,2.0,0.0,1.0,0.0,-3015.732876924483,-3015.732876924483,0.0,20822.26830065736,20822.26830065736,2116.6614347576115,-538.1001656711142,,0.11764705882352937,26.47480270497335,64.9989593400949,0.0053340538622281925,True,True
2026-09-30,66,2280.0,0.0,14.0,0.0,2.0,0.0,-21958.858144959813,-21958.858144959813,0.0,151495.6633357469,151495.6633357469,15242.657769717798,-3843.1891481832668,,0.12765957446808515,26.19971405371207,64.99756865822297,0.03738988930379995,True,True
2026-09-30,66,2290.0,0.0,20.0,0.0,10.0,0.0,-32613.215621598705,-32613.215621598705,0.0,224740.99087009934,224740.99087009934,22397.91495112059,-5600.655352789003,,0.10958904109589038,26.754473463915605,64.99646928928456,0.053489594976315905,True,True
2026-09-30,66,2300.0,10.0,84.0,10.0,1.0,-13434.879165906525,-141973.84946453822,-155408.72863044473,-2852061.0792130795,974843.5410138649,-1877217.5381992147,107084.93417224991,-26283.63785984393,0.02571010699715177,0.10666666666666676,28.21242846996663,34.9835014677421,0.2515301680961914,True,True
2026-09-30,66,2310.0,10.0,21.0,5.0,1.0,-15746.825837319615,-36867.89224080928,-52614.71807812889,-2830999.3290426633,252703.44920712002,-2578295.879835543,36147.19157221058,-8729.359353984555,0.0221459762944478,0.11612903225806445,27.99119915174041,34.99441741840738,0.0830341577790491,True,True
2026-09-30,66,2320.0,9.0,3.0,6.0,3.0,-13387.93846036558,-5480.499968300007,-18868.438428665588,-2558721.2895962596,37564.00029332512,-2521157.2893029344,13696.65044996223,-3114.229358928757,0.031101237702316757,0.11180124223602488,27.881749619000267,34.998001864599495,0.032051302436331676,True,True
2026-09-30,66,2330.0,0.0,1.0,0.0,1.0,0.0,-1899.5682743278937,-1899.5682743278937,0.0,13014.958281714633,13014.958281714633,1252.3721022147708,-303.2298095251812,,0.10778443113772458,26.768574300707876,64.99864580851255,0.0026908006841543015,True,True
2026-09-30,66,2340.0,1.0,9.0,1.0,1.0,-1785.0703668795645,-17729.687305846255,-19514.75767272582,-281817.3744630912,121155.05624090071,-160662.3182221905,12818.8272198425,-3060.224592266854,0.018624407776507073,0.11627906976744186,27.99752018523693,34.99802062999177,0.02693951131267923,True,True
2026-09-30,66,2350.0,5.0,30.0,5.0,2.0,-9594.687356644918,-61377.935825035776,-70972.6231816807,-1403370.974836111,419021.4560938564,-984349.5187422547,46141.57373120432,-10932.39165554015,0.0192371475953564,0.11235955056179775,28.09980274702925,34.992476979630695,0.09445040017669963,True,True
2026-09-30,66,2360.0,21.0,32.0,40.0,2.0,-40096.59455833508,-67951.97142475592,-108048.56598309099,-5905765.630655238,463329.578973409,-5442436.05168183,70912.89301438461,-16332.261673216108,0.02818803274537924,0.10869565217391305,28.058428172710265,34.988526527376244,0.14305983516166226,True,True
2026-09-30,66,2370.0,0.0,4.0,0.0,4.0,0.0,-8824.825531103052,-8824.825531103052,0.0,60193.61166887069,60193.61166887069,5586.597708358313,-1314.327680241305,,0.09424083769633511,27.181203808468407,64.99881349164275,0.010837646489446138,True,True
2026-09-30,66,2380.0,1.0,1.0,1.0,1.0,-2037.7632367851113,-2290.27751779828,-4328.040754583391,-280670.28127338644,15622.908010229326,-265047.3732631571,2811.542653246457,-630.2813999528689,0.017983413356612753,0.10101010101010101,28.219311754178523,34.99959689659044,0.0054137024125783095,True,True
2026-09-30,66,2390.0,0.0,4.0,0.0,1.0,0.0,-9491.191296174293,-9491.191296174293,0.0,64612.40919035069,64612.40919035069,5881.712446120988,-1360.6193837005524,,0.09803921568627452,27.067252468770224,64.99875975631143,0.01087809055603633,True,True
2026-09-30,66,2400.0,3.0,78.0,2.0,1.0,-7130.000063799898,-192260.65917110164,-199390.65923490154,-832617.6369465775,1310223.6175590474,477605.98061246995,122063.3865322802,-27876.251122536833,0.0225123818099955,0.09433962264150944,28.41790595523632,64.97879059079536,0.22071796490970536,True,True
2026-09-30,66,2410.0,1.0,12.0,2.0,1.0,-2377.3667768404143,-30721.963535002127,-33099.33031184254,-278225.55388856755,209470.08370989843,-68755.47017866911,20064.073027205384,-4513.000711359585,0.01983471074380157,0.09090909090909091,28.36623702812162,34.99670256177444,0.03549053423643351,True,True
2026-09-30,66,2420.0,1.0,3.0,1.0,4.0,-2548.834069741975,-7976.306932514615,-10525.14100225659,-276567.742741112,54383.18471636351,-222184.55802474852,6328.46716657357,-1402.472243296407,0.023327423719324437,0.08771929824561403,28.342728109884384,34.9989495978689,0.010940844576359132,True,True
2026-09-30,66,2430.0,4.0,2.0,8.0,4.0,-8534.276445546666,-5521.6447161373535,-14055.921161684018,-1127793.5527138037,37627.465084558826,-1090166.087629245,9254.606799993315,-1826.9465970097929,0.041614728161856226,0.0847457627118644,28.117236045931882,34.99852082916603,0.016306158457757756,True,True
2026-09-30,66,2440.0,2.0,5.0,2.0,1.0,-4523.444632658807,-14347.568695412583,-18871.01332807139,-562407.3270232843,97826.42616038777,-464580.9008628965,11440.633470047404,-2387.0762005689585,0.04219574135573358,0.08979591836734706,28.03487574803111,34.998027928558926,0.01917391247387554,True,True
2026-09-30,66,2450.0,8.0,15.0,2.0,1.0,-22966.455842120427,-44726.84444129252,-67693.30028341294,-2195724.7474137954,304972.6195335373,-1890752.127880258,39194.37594577746,-8354.380720638897,0.02464268112370626,0.07874015748031496,28.497723822250855,34.99281798324149,0.06334525563088654,True,True
2026-09-30,66,2460.0,5.0,4.0,2.0,4.0,-14500.62835846434,-12402.660133806785,-26903.288492271124,-1375143.8135712214,84653.87972440543,-1290489.933846816,15714.440147122306,-3250.623687917834,0.022757023461887044,0.07575757575757576,28.541246125264603,34.9971541279689,0.024812437815513216,True,True
2026-09-30,66,2470.0,5.0,10.0,10.0,9.0,-15322.927015377489,-32231.909164750417,-47554.83618012791,-1368131.822435269,220103.49649473384,-1148028.325940535,26838.959864465272,-5572.53393295084,0.025020508613617695,0.07299270072992702,28.56141038244107,34.994962094827414,0.04151890789252118,True,True
2026-09-30,66,2480.0,2.0,6.0,1.0,1.0,-6536.039859284523,-20112.885828000562,-26648.925687285086,-543159.7069029494,137535.53974425365,-405624.16715869575,14645.834567277318,-3035.1929811155183,0.029838288993218477,0.07719298245614045,28.411388806976547,34.99720650123233,0.022221490399705463,True,True
2026-09-30,66,2490.0,1.0,25.0,2.0,1.0,-3298.7369589708937,-87118.51011855263,-90417.24707752353,-272395.9835321202,596241.5813842219,323845.5978521017,48645.18541942064,-10021.383305128466,0.025413774693005823,0.06756756756756756,28.660067971921414,64.9903501391423,0.07245097910543777,True,True
2026-09-30,66,2500.0,35.0,29.0,5.0,2.0,-122975.25194120046,-105010.96427609492,-227986.21621729538,-9458757.151305184,718962.2378362041,-8739794.91346898,123059.34907952505,-24647.344736303934,0.02761169692357862,0.07166123778501626,29.18621405411242,34.97578647619101,0.7191149169597464,True,True
2026-09-30,66,2510.0,2.0,30.0,2.0,13.0,-7305.786597365001,-112971.09928239544,-120276.88587976045,-538799.4267601679,775409.3480936328,236609.9213334649,62521.23718787522,-12629.523758681442,0.030414030414030385,0.0625,29.782994550509866,64.98716156198765,1.1989898122582185,True,True
2026-09-30,66,2520.0,1.0,29.0,2.0,1.0,-3805.4251588405377,-113494.92306830919,-117300.34822714972,-268373.1827290768,780553.3969224618,512180.214193385,59778.74983672706,-11981.734088500689,0.030832010881886116,0.06606606606606594,30.2878478296685,64.98751181951516,1.7624865841377928,True,True
2026-09-30,66,2530.0,16.0,12.0,10.0,1.0,-64160.99486771169,-48778.48949846086,-112939.48436617255,-4260955.457134685,335974.8045329659,-3924980.652601719,57238.991129147325,-11226.397403190218,0.036279607163489415,0.057803468208092484,30.89468683048151,34.9880081108119,2.325899336422894,True,True
2026-09-30,66,2540.0,5.0,5.0,3.0,1.0,-20567.416383068023,-21114.21000698189,-41681.62639004992,-1332394.0797684905,145937.7620529944,-1186456.317715496,20927.01768638372,-4028.929353346113,0.03268593083846521,0.06094182825484772,31.432414794389146,34.995585486479854,2.84404372841972,True,True
2026-09-30,66,2550.0,9.0,36.0,1.0,1.0,-39088.72180114577,-157752.36854043594,-196841.09034158173,-2374284.5102500278,1092317.6188385314,-1281966.8914114963,94759.93595752223,-18467.943508422846,0.036433827964772646,0.05866666666666674,32.0529054275505,34.97910449706031,3.512432168961542,True,True
2026-09-30,66,2560.0,15.0,29.0,20.0,2.0,-66874.18484177158,-131853.69189099298,-198727.87673276456,-3961575.209309025,916388.3075430875,-3045186.901765938,94841.74561806639,-18109.034923482206,0.036165469407976276,0.05626598465473153,32.65966224808855,34.978897319701126,4.0787996222184,True,True
2026-09-30,66,2570.0,5.0,8.0,2.0,7.0,-22687.26173142339,-37714.85348263249,-60402.115214055884,-1326702.3112304744,262962.2433254977,-1063740.0679049767,28855.115230520336,-5338.725992851514,0.06069880132619233,0.054054054054053946,32.82834539514406,34.99359857419152,4.559391808581897,True,True
2026-09-30,66,2580.0,13.0,10.0,2.0,12.0,-63111.231566463604,-48901.370417296625,-112012.60198376022,-3383908.4942831458,342592.02904108143,-3041316.4652420646,51224.15434112905,-9580.624823028513,0.04319151687572737,0.05176470588235301,33.7151956797194,34.988107668739175,5.157107768683896,True,True
2026-09-30,66,2590.0,6.0,8.0,2.0,2.0,-29967.488884188122,-40571.91907348195,-70539.40795767008,-1564654.558474308,285080.90212768153,-1279573.6563466266,31959.292427496173,-5838.370420161784,0.03727369542066027,0.05429864253393662,34.3158172850618,34.99251947715673,5.700239479240405,True,True
2026-09-30,66,2600.0,9.0,19.0,1.0,8.0,-46729.09368372309,-99960.15268514755,-146689.24636887063,-2334246.6208527647,705482.5364188349,-1628764.0844339298,64775.31227187875,-11714.205936742783,0.03492496589358787,0.04772234273318878,35.048022459580416,34.984428814356065,6.309746855328657,True,True
2026-09-30,66,2610.0,33.0,10.0,54.0,4.0,-178607.00342616998,-54577.41522553379,-233184.41865170377,-8487512.995200561,387009.6734604869,-8100503.321740074,102562.56488799087,-17997.345851889168,0.04160268044115604,0.045738045738045796,35.57805816573497,34.975234491770536,6.922457635124997,True,True
2026-09-30,66,2620.0,6.0,0.0,1.0,0.0,-33831.460945578176,0.0,-33831.460945578176,-1528495.9830475699,0.0,-1528495.9830475699,14514.119939971297,-2514.886772791613,0.050842616395315655,,35.85375132434443,34.9964164518089,7.383892812229955,True,True
2026-09-30,66,2630.0,3.0,5.0,3.0,1.0,-17570.232256147017,-29356.10114403006,-46926.33340017708,-759309.7654593115,210100.711230261,-549209.0542290505,19239.773945718443,-3348.15352380899,0.05188333577605156,0.04206500956022936,36.54284755268561,34.9950430964656,7.958667051136752,True,True
2026-09-30,66,2640.0,5.0,9.0,1.0,7.0,-30397.078477516297,-54789.11937062248,-85186.19784813878,-1259560.6616708485,394279.15868503234,-865281.5029858162,34118.659967777116,-5841.329597870681,0.05156037991858878,0.04395604395604393,37.10079823049471,34.99096940139406,8.545270678328766,True,True
2026-09-30,66,2650.0,3.0,20.0,1.0,1.0,-18944.184874519135,-126202.60064672166,-145146.7855212408,-751233.182347132,912529.6910925437,161296.50874541164,55989.95154633326,-9536.955357977227,0.045588463327647655,0.045694200351493866,37.75209819383032,64.98449043941017,9.14091792598175,True,True
2026-09-30,66,2660.0,1.0,9.0,2.0,8.0,-6555.735686964169,-58840.084532629655,-65395.82021959382,-247486.97340029123,427971.76564475516,180484.79224446393,24387.78051199981,-4112.759094810041,0.05812291567413057,0.04040404040404038,38.18486820177656,64.99297096452194,9.67142438786184,True,True
2026-09-30,66,2670.0,2.0,4.0,2.0,2.0,-13616.566556055746,-27080.47894645617,-40697.045502511915,-492331.65209492354,198171.93012646763,-294159.72196845594,14888.594615064583,-2449.9582228996987,0.05469133780907152,0.03870967741935493,38.82215682201095,34.995728412226825,10.228451742778786,True,True
2026-09-30,66,2680.0,0.0,2.0,0.0,2.0,0.0,-14011.080622668798,-14011.080622668798,0.0,103265.17242858579,103265.17242858579,4862.5108454704605,-802.4806098864792,,0.037037037037037014,39.67246044681447,64.99836657678463,10.785358488181439,True,True
2026-09-30,66,2690.0,0.0,12.0,0.0,1.0,0.0,-86925.73862994472,-86925.73862994472,0.0,645342.3192636753,645342.3192636753,29042.75536613585,-4735.266987306582,,0.038404726735598145,40.22133055110048,64.99074405965911,11.38436747287345,True,True
2026-09-30,66,2700.0,12.0,24.0,1.0,2.0,-90702.27166168766,-179620.32577284446,-270322.59743453213,-2866928.7607618105,1343455.3341062434,-1523473.426655567,87912.11632213191,-13996.683582764603,0.06663103509709599,0.03677510608203669,40.441782318478914,34.97129790574216,12.026139137838852,True,True
2026-09-30,66,2710.0,14.0,9.0,2.0,1.0,-109581.45298926232,-69521.43857104675,-179102.89156030907,-3315991.8483101274,524356.1102050773,-2791635.7381050503,56714.77137862262,-8798.450760625426,0.0735564545788893,0.035182679296346525,40.90322182196904,34.98098220769966,12.555949521781365,True,True
2026-09-30,66,2720.0,18.0,11.0,4.0,6.0,-147071.4227474228,-87660.0426570269,-234731.4654044497,-4249360.923110372,667273.7369771271,-3582087.186133245,73030.40746751374,-10934.198723727299,0.012626745743256212,0.033635187580853744,42.42185168612032,34.975072510108056,13.143607316633583,True,True
2026-09-30,66,2730.0,3.0,0.0,1.0,0.0,-25309.13597341493,0.0,-25309.13597341493,-700076.8510679108,0.0,-700076.8510679108,7754.057113438386,-1115.8990245931811,0.012236037102822159,,43.262739913913975,34.99733325137516,13.632761950118393,True,True
2026-09-30,66,2740.0,1.0,5.0,1.0,5.0,-8719.658179751183,-42402.59095209491,-51122.249131846096,-230728.76965938348,328475.61044909543,97746.84078971195,14383.180800712482,-2109.661445523841,0.01182949214766472,0.03084223013048629,43.56489534419192,64.99441666505972,14.210883612739952,True,True
2026-09-30,66,2750.0,36.0,22.0,1.0,18.0,-323663.92619269714,-192330.64897770458,-515994.5751704017,-8198285.2522825375,1504557.3470502256,-6693727.905232312,142954.50971436576,-20014.386293796822,0.014321819713563631,0.029511918274687955,44.22586976704713,34.9451965919769,14.941853266253807,True,True
2026-09-30,66,2760.0,70.0,23.0,1.0,3.0,-651126.4977276033,-207156.64495135495,-858283.1426789582,-15755473.748520397,1637463.147041971,-14118010.601478426,229913.97505307122,-31085.897118237735,0.013534162846540031,0.02823018458197621,44.89949229167641,34.90883970756553,15.621599225926907,True,True
2026-09-30,66,2770.0,0.0,23.0,0.0,3.0,0.0,-213277.09875861803,-213277.09875861803,0.0,1704397.2907801555,1704397.2907801555,51685.02932381109,-7095.5560476005485,,0.026998961578400774,45.1373106638257,64.97733826767637,15.970994354902388,True,True
2026-09-30,66,2780.0,17.0,10.0,5.0,24.0,-168014.73304401417,-95458.05622757947,-263472.7892715936,-3720076.1786658857,770598.1811359302,-2949477.9975299556,63020.523229604776,-8125.38008639569,0.012643409037696169,0.025870646766169098,45.94682606032491,34.972020688354995,16.553171390585693,True,True
2026-09-30,66,2790.0,1.0,19.0,2.0,1.0,-10187.976022734865,-186490.55806089155,-196678.5340836264,-215664.08080998628,1522592.832131609,1306928.7513216229,42577.78457530322,-5489.081548071505,0.014094775212636584,0.026666666666666776,46.46719307216271,64.97909858470598,17.09991729596435,True,True
2026-09-30,66,2800.0,57.0,42.0,2.0,5.0,-596961.0300169395,-423485.53902035276,-1020446.5690372923,-12099119.38610996,3498528.6189160226,-8600590.767193936,214024.37465893175,-25936.80545564957,0.013111447302067545,0.023701002734731032,47.261727948976635,34.89161642549469,17.922208333755226,True,True
2026-09-30,66,2810.0,3.0,37.0,2.0,2.0,-32323.126717505646,-382857.12618083635,-415180.252898342,-626746.0242701271,3201851.2704747077,2575105.2462045806,78047.1474836604,-9336.924207850974,0.014682747771368554,0.024432809773123884,47.67168292767058,64.95589637963988,18.302346007394526,True,True
2026-09-30,66,2820.0,4.0,2.0,2.0,2.0,-44217.21891556507,-21214.7205592463,-65431.93947481137,-821564.3304108748,179683.5640122028,-641880.766398672,11804.727819073687,-1309.880481564722,0.014176663031624834,0.021720969089390096,48.21713427132248,34.99307360598984,18.762379692619007,True,True
2026-09-30,66,2830.0,19.0,13.0,2.0,15.0,-215208.68856685425,-141203.1032521306,-356411.79181898484,-3834393.491426921,1211743.7469715811,-2622649.74445534,58535.07652165223,-6168.320882353032,0.013620885357548273,0.02240000000000009,48.83890202545119,34.962149934720436,19.415831963858345,True,True
2026-09-30,66,2840.0,2.0,41.0,2.0,18.0,-23216.912527834233,-455335.6804718467,-478552.59299968096,-396416.2298117257,3965996.218742735,3569579.9889310095,70186.31043547926,-7006.437762914019,0.014797277300976621,0.022953328232593728,49.40496425289332,64.94916699716255,20.020404164426044,True,True
2026-09-30,66,2850.0,5.0,42.0,2.0,2.0,-59372.05540508244,-477019.5835602079,-536391.6389652904,-972062.3547201107,4214253.747064724,3242191.392344613,72176.78361794598,-6511.075394292721,0.012966965112689067,0.02052785923753674,50.046058356848654,64.9430232787022,20.603045102057948,True,True
2026-09-30,66,2860.0,3.0,0.0,5.0,0.0,-36413.989892489684,0.0,-36413.989892489684,-571478.6877163548,0.0,-571478.6877163548,4668.752951535281,-359.0176957995465,0.013544018058690706,,50.61827029424491,34.99615858616471,21.02820575151051,True,True
2026-09-30,66,2870.0,44.0,21.0,5.0,30.0,-545766.8924870709,-248736.2692188888,-794503.1617059597,-8204785.974808409,2266497.719203587,-5938288.255604822,88506.88324105483,-5715.447487089241,0.01349527665317139,0.01884253028263803,51.23900073887137,34.915615473389224,21.80272685238976,True,True
2026-09-30,66,2880.0,45.0,16.0,2.0,6.0,-569411.9757515155,-193144.79652362064,-762556.7722751361,-8204277.729949547,1790373.8350191927,-6413903.894930354,73785.16847030047,-3524.050247648374,0.013422818791946348,0.02061855670103104,51.77384671800207,34.91900842757198,22.35931432424628,True,True
2026-09-30,66,2890.0,18.0,60.0,5.0,2.0,-232148.75990778735,-737886.8289178932,-970035.5888256805,-3205273.687201625,6956504.951898475,3751231.26469685,75884.3485440845,-1813.8227278190952,0.013333333333333417,0.01852995676343422,52.41116943806537,64.89696501516485,22.984519042631646,True,True
2026-09-30,66,2900.0,30.0,79.0,5.0,45.0,-393807.97055703745,-988017.1655904696,-1381825.136147507,-5212076.571843289,9486003.003995301,4273926.432152012,86903.88166956352,981.4579258879911,0.013996889580093291,0.018934911242603485,53.02929450405123,64.85322784793586,23.658181222615074,True,True
2026-09-30,66,2950.0,80.0,160.0,8.0,16.0,-1121235.0571521549,-2132875.120698301,-3254110.177850456,-12091166.141565034,22653831.55104552,10562665.409480484,-52787.300605340264,43820.69985143909,0.015174506828528073,0.014374700527072353,53.92477309806685,64.6543677757108,24.67790038319556,True,True
2026-09-30,66,3000.0,46.0,72.0,2.0,6.0,-660248.042266821,-982796.0630567472,-1643044.1053235682,-5824877.3523109555,11871128.5543059,6046251.201994944,-165415.4988487091,42855.57823465594,0.020505809979494187,0.014029618082618728,50.74875490280256,64.82548386580265,21.421764791585456,True,True
2026-09-30,66,3050.0,93.0,43.0,131.0,18.0,-1299398.9112215277,-573873.5890105439,-1873272.5002320716,-9491340.877401445,8089330.825907697,-1402010.051493748,-362553.2664389948,72242.28281139492,0.026923076923077032,0.014039566049776754,47.84613467202109,34.801043655595905,18.637955089537567,True,True
2026-09-30,66,3100.0,87.0,70.0,23.0,4.0,-1115820.7535080046,-863547.779176259,-1979368.5326842635,-6821294.849742774,14728252.140157297,7906957.290414523,-557004.5765162106,100251.69025821041,0.03954802259887001,0.015806111696522653,44.83037199958149,64.78976221651746,15.854337888434127,True,True
2026-09-30,66,3150.0,47.0,0.0,17.0,0.0,-518070.9709578257,0.0,-518070.9709578257,-2697914.015249665,0.0,-2697914.015249665,-204451.27807555124,32712.49436238281,0.05615550755939528,,40.9000807206393,34.94497936942059,12.63819838202257,True,True
2026-09-30,66,3200.0,388.0,0.0,9.0,0.0,-3463304.420219189,0.0,-3463304.420219189,-15617062.58464484,0.0,-15617062.58464484,-1715610.2993209378,260284.23542950925,0.08219178082191776,,37.99341736883923,34.63215087966576,10.851061310296611,True,True
2026-09-30,66,3250.0,36.0,0.0,41.0,0.0,-244087.22322773538,0.0,-244087.22322773538,-975286.508531932,0.0,-975286.508531932,-146194.0671172461,21564.41524498507,0.13333333333333325,,32.873281895718485,34.97408999383112,6.904954280863396,True,True
2026-09-30,66,3300.0,93.0,1.0,6.0,1.0,-456602.85544461134,-5168.7091353072055,-461771.5645799186,-1640227.84356598,273384.68707733863,-1366843.1564886414,-324106.05956889613,46063.67885984087,0.18518518518518517,0.04683972911963873,30.670985567610398,34.95096454720561,4.223403606312537,True,True
2026-09-30,66,3350.0,23.0,0.0,4.0,0.0,-78572.59767000691,0.0,-78572.59767000691,-257757.018301764,0.0,-257757.018301764,-64053.40640060298,9056.837325326125,0.25000000000000006,,23.657603374336567,34.99171271451138,1.1731425312273704,True,True
2026-09-30,66,3400.0,71.0,0.0,3.0,0.0,-161951.0629592368,0.0,-161951.0629592368,-493440.8228329114,0.0,-493440.8228329114,-148248.08017941288,20511.765219365105,0.34666666666666673,,19.749613673612735,34.98282899094029,0.1926905325121273,True,True
2026-09-30,66,3450.0,14.0,0.0,1.0,0.0,-20813.435013372844,0.0,-20813.435013372844,-59065.49303585996,0.0,-59065.49303585996,-21653.248276516417,2990.5281249072527,0.5116279069767441,,14.680664078452303,34.998043280920754,0.03732036957179077,True,False
2026-09-30,66,3500.0,40.0,0.0,1.0,0.0,-35942.15287954846,0.0,-35942.15287954846,-95301.84870145941,0.0,-95301.84870145941,-42154.151306118845,5728.144292377592,0.9565217391304349,,1.388637219671593,34.99633984701401,0.10520182477832919,True,False
2026-09-30,66,3550.0,50.0,0.0,2.0,0.0,-29351.296742705177,0.0,-29351.296742705177,-74817.93665683181,0.0,-74817.93665683181,-38575.48404332716,5308.647824968944,1.4285714285714286,,0.10536174198080075,34.997082976684744,0.13055689517487107,True,False
2026-09-30,66,3600.0,219.0,0.0,2.0,0.0,-97793.1983404152,0.0,-97793.1983404152,-252959.84035992605,0.0,-252959.84035992605,-130294.21167608652,18378.717215968143,2.0,,0.4614844298759073,34.989672328639784,0.5699719363044223,True,False
2026-10-16,82,1750.0,0.0,10.0,0.0,10.0,0.0,-2870.265670877313,-2870.265670877313,0.0,24673.52526114345,24673.52526114345,3164.1668471281428,-917.8991589523491,,0.2588235294117646,22.256366466043218,64.99908722427669,0.02592929893658168,True,True
2026-10-16,82,1900.0,0.0,10.0,0.0,10.0,0.0,-4771.0512453634965,-4771.0512453634965,0.0,39478.57313879375,39478.57313879375,4601.932477614824,-1187.8299616991953,,0.17054263565891467,24.904793278628716,64.99911330608423,0.02604466425451631,True,True
2026-10-16,82,2000.0,0.0,1.0,0.0,1.0,0.0,-670.3241981358129,-670.3241981358129,0.0,5400.94696443047,5400.94696443047,609.4436477302356,-147.11980672801363,,0.16470588235294112,25.06093076425138,64.99715202583015,0.002616193566143375,True,True
2026-10-16,82,2050.0,0.0,2.0,0.0,1.0,0.0,-1592.5900583282498,-1592.5900583282498,0.0,12736.865521252053,12736.865521252053,1417.7408093119243,-333.6680669390441,,0.14141414141414146,25.761790227254988,64.99865325392342,0.0052476783520509765,True,True
2026-10-16,82,2200.0,0.0,2.0,0.0,1.0,0.0,-2644.8443053544656,-2644.8443053544656,0.0,20536.338285255017,20536.338285255017,2052.1483712492204,-422.3908038421028,,0.10526315789473682,26.846319732837127,64.99898870450322,0.005311543338920449,True,True
2026-10-16,82,2300.0,0.0,4.0,0.0,3.0,0.0,-7475.176879946853,-7475.176879946853,0.0,57135.9623445195,57135.9623445195,5294.139821244655,-1010.3069427175285,,0.08780487804878034,27.37428259789505,64.99894350736201,0.010755731597082348,True,True
2026-10-16,82,2350.0,0.0,1801.0,0.0,1801.0,0.0,-3992858.203599298,-3992858.203599298,0.0,30495028.830410793,30495028.830410793,2680499.6806926825,-489154.8594661732,,0.07468879668049795,31.5544660457335,64.57590360585331,4.8808326719826605,True,True
2026-10-16,82,2400.0,0.0,41.0,0.0,16.0,0.0,-108240.10241371537,-108240.10241371537,0.0,826546.8765922217,826546.8765922217,68284.48888054732,-11794.89036121123,,0.07042253521126761,27.973720572086226,64.98848527971231,0.11216534919583777,True,True
2026-10-16,82,2450.0,0.0,1.0,0.0,1.0,0.0,-3151.7583977127565,-3151.7583977127565,0.0,24135.853820840235,24135.853820840235,1851.242850602103,-304.3033601055048,,0.06528189910979215,28.04365026154585,64.99904378404291,0.002766800477943744,True,True
2026-10-16,82,2500.0,200.0,1775.0,0.0,857.0,-729596.2927660373,-6659351.305841306,-7388947.598607344,-53374713.27627041,51419843.12913338,-1954870.147137031,4007726.8094402947,-628243.2237614272,0.022890148679003075,0.054590570719602875,33.54002306226846,34.215200840835614,6.075536857665656,True,True
2026-10-16,82,2550.0,0.0,50.0,0.0,26.0,0.0,-221637.8335100235,-221637.8335100235,0.0,1735978.3597483977,1735978.3597483977,109318.57727934806,-16301.115325370123,,0.0495867768595041,32.00234571543505,64.97645040392206,3.526814716187323,True,True
2026-10-16,82,2575.0,0.0,1.0,0.0,1.0,0.0,-4819.399111449198,-4819.399111449198,0.0,38105.905233766935,38105.905233766935,2266.8857845551274,-326.6981969761078,,0.04511278195488719,33.4553821725491,64.99909448475422,4.80952641177576,True,True
2026-10-16,82,2600.0,0.0,1.0,0.0,1.0,0.0,-5237.161579902702,-5237.161579902702,0.0,41803.11893232544,41803.11893232544,2333.8109888867093,-325.20069265899076,,0.041095890410958874,34.997960035983674,64.9990849258213,6.231622884356376,True,True
2026-10-16,82,2620.0,0.0,3.0,0.0,3.0,0.0,-16775.843485647143,-16775.843485647143,0.0,135315.81938501936,135315.81938501936,7103.780235678559,-965.5309816477239,,0.03797468354430389,36.23346760535593,64.99810732606103,7.375131119468057,True,True
2026-10-16,82,2635.0,0.0,3.0,0.0,3.0,0.0,-17603.818333826912,-17603.818333826912,0.0,143128.3731370085,143128.3731370085,7146.578941456444,-953.4310456122276,,0.035820895522388145,37.151323916283445,64.99802543453325,8.228424042424606,True,True
2026-10-16,82,2650.0,0.0,21.0,0.0,1.0,0.0,-129171.76340984026,-129171.76340984026,0.0,1058963.2768567486,1058963.2768567486,50077.29684260554,-6557.844170292277,,0.03380281690140853,38.10303917229596,64.9862660353243,9.134797327575619,True,True
2026-10-16,82,2670.0,0.0,3.0,0.0,3.0,0.0,-19606.073773224867,-19606.073773224867,0.0,162785.12861244654,162785.12861244654,7091.728336934191,-906.4718489200271,,0.031250000000000076,39.2793503459185,64.99782542259365,10.219445130266598,True,True
2026-10-16,82,2675.0,0.0,1.0,0.0,1.0,0.0,-6632.451719317263,-6632.451719317263,0.0,55244.83611393242,55244.83611393242,2354.7503305624205,-299.1223317920007,,0.033205619412515895,39.500881517287134,64.9990240296543,10.497920920740311,True,True
2026-10-16,82,2680.0,0.0,3.0,0.0,3.0,0.0,-20186.43962266151,-20186.43962266151,0.0,168784.14351379863,168784.14351379863,7026.795363412271,-887.4037040141446,,0.03254067584480611,39.80945851742101,64.99776705490147,10.788308801544513,True,True
2026-10-16,82,2690.0,0.0,8.0,0.0,7.0,0.0,-55399.749565828926,-55399.749565828926,0.0,466543.3456085892,466543.3456085892,18765.328436264746,-2320.733295365663,,0.03128760529482562,40.4264152549652,64.9940836410679,11.372152013450433,True,True
2026-10-16,82,2700.0,0.0,31.0,0.0,3.0,0.0,-220917.49731206975,-220917.49731206975,0.0,1873982.1637942733,1873982.1637942733,72708.79331284114,-8796.615418822434,,0.027777777777777676,41.14900492863449,64.97652754974823,12.01026302344697,True,True
2026-10-16,82,2740.0,0.0,1.0,0.0,1.0,0.0,-7967.95451202794,-7967.95451202794,0.0,69887.485365968,69887.485365968,2269.651933576495,-249.97334141576536,,0.027667984189723296,43.36439547847441,64.99893906712025,14.195386881574587,True,True
2026-10-16,82,2750.0,0.0,20.0,0.0,20.0,0.0,-163692.14738641807,-163692.14738641807,0.0,1449144.080435326,1449144.080435326,44586.41974862791,-4783.741510783547,,0.024691358024691305,44.06256017222475,64.98260331441914,14.82260144951321,True,True
2026-10-16,82,2755.0,0.0,70.0,0.0,70.0,0.0,-580724.9978672152,-580724.9978672152,0.0,5162086.045507456,5162086.045507456,154540.01882277874,-16346.868518268533,,0.02423112767940349,44.466143047987536,64.93831619310487,15.261102316182285,True,True
2026-10-16,82,2760.0,0.0,1.0,0.0,1.0,0.0,-8403.962670743953,-8403.962670743953,0.0,75088.96556605608,75088.96556605608,2180.715220850532,-227.45833060844603,,0.02374429223744287,44.619763130736196,64.99890762436878,15.33307023812655,True,True
2026-10-16,82,2770.0,0.0,2.0,0.0,1.0,0.0,-17245.889593488733,-17245.889593488733,0.0,155605.75107832375,155605.75107832375,4243.358011574269,-429.34562662655134,,0.022827041264266976,45.21821634161778,64.99807185488396,15.905010841660639,True,True
2026-10-16,82,2780.0,0.0,20.0,0.0,20.0,0.0,-176811.54841587503,-176811.54841587503,0.0,1611850.8737075694,1611850.8737075694,41040.92835782105,-4016.4749602318125,,0.021940928270042147,45.851558405404305,64.98121090027927,16.52988305234146,True,True
2026-10-16,82,2800.0,0.0,12.0,0.0,1000.0,0.0,-111250.87422175996,-111250.87422175996,0.0,1036223.3479385845,1036223.3479385845,22594.79993660726,-2040.8798303310587,,0.021840873634945378,46.975359059433664,64.98816916689526,17.642956765659086,True,True
2026-10-16,82,2805.0,0.0,1.0,0.0,1.0,0.0,-9377.78437813756,-9377.78437813756,0.0,87819.39840045618,87819.39840045618,1835.023268653024,-161.79493487109275,,0.019892884468247853,47.29503337462215,64.9988331484823,17.892857353578652,True,True
2026-10-16,82,2810.0,0.0,12.0,0.0,5.0,0.0,-113822.79286617086,-113822.79286617086,0.0,1071496.4158802829,1071496.4158802829,21425.863984838812,-1839.7866246321707,,0.021021021021020894,47.56878308469808,64.98789647064892,18.21194131123469,True,True
2026-10-16,82,2820.0,0.0,189.0,0.0,189.0,0.0,-1831165.127822858,-1831165.127822858,0.0,17449861.1756236,17449861.1756236,320966.3200634711,-25820.693881200255,,0.020202020202020284,48.535162122726824,64.80550447329674,19.34086640182138,True,True
2026-10-16,82,2870.0,0.0,483.0,0.0,483.0,0.0,-5166769.890462699,-5166769.890462699,0.0,52600969.31271458,52600969.31271458,567531.5661248011,-20157.902135541375,,0.01784651992861392,52.06949640800958,64.45121840912508,23.144657862868165,True,True
2026-10-16,82,2885.0,0.0,6.0,0.0,6.0,0.0,-65853.3522476149,-65853.3522476149,0.0,685852.5977707698,685852.5977707698,5770.314822312212,-51.602439537331335,,0.016844469399213927,51.94764957566478,64.99298360686963,22.45979017413611,True,True
2026-10-16,82,2900.0,0.0,59.0,0.0,8.0,0.0,-662531.9728343236,-662531.9728343236,0.0,7072152.195706177,7072152.195706177,42780.521060966625,1544.7710926497991,,0.01694915254237297,52.90943519813969,64.92962796340336,23.4857493448742,True,True
2026-10-16,82,2910.0,0.0,70.0,0.0,70.0,0.0,-797550.8347428418,-797550.8347428418,0.0,8653709.23097957,8653709.23097957,39088.57828968526,3501.227703709146,,0.015298317185109638,53.55096828894005,64.91528750967937,24.091103159943913,True,True
2026-10-16,82,2915.0,1.0,60.0,1.0,49.0,-11890.280144267892,-688441.604811265,-700331.884955533,-167825.01217907507,7530983.866578597,7363158.854399522,28893.32163948475,3787.0169209667097,0.013363028953229274,0.0160160160160161,53.83468123982147,64.92561318193252,24.346437242382084,True,True
2026-10-16,82,2925.0,1.0,0.0,1.0,0.0,-12045.218001234976,0.0,-12045.218001234976,-163876.2967142623,0.0,-163876.2967142623,339.1043839568634,87.01446159509686,0.013214146910221552,,54.32133686352323,34.99881216575578,24.718960611605638,True,True
2026-10-16,82,2930.0,0.0,5.0,0.0,5.0,0.0,-58415.145184156245,-58415.145184156245,0.0,656216.8382894992,656216.8382894992,1030.1015975130226,493.37821224455473,,0.015122873345935674,54.55678171440641,64.99377265802136,25.016354706094518,True,True
2026-10-16,82,2935.0,4.0,0.0,4.0,0.0,-48719.090044914505,0.0,-48719.090044914505,-639579.1405423854,0.0,-639579.1405423854,599.6772518524307,450.65978733133835,0.013029315960912006,,54.33306697769416,34.99484882223366,24.728776485957958,True,True
2026-10-16,82,2950.0,5.0,0.0,5.0,0.0,-61826.476801271754,0.0,-61826.476801271754,-768746.1102003347,0.0,-768746.1102003347,-717.8951450987117,762.136585848612,0.014010507880910633,,53.45249578466378,34.993452698691385,23.878904858036307,True,True
2026-10-16,82,2955.0,0.0,3.0,0.0,3.0,0.0,-35910.298539035175,-35910.298539035175,0.0,423348.254927607,423348.254927607,-745.9142174950049,487.017148463222,,0.013757523645743718,53.17145661861621,64.99615040565367,23.58776667270525,True,True
2026-10-16,82,2960.0,30.0,24.0,6.0,2.0,-373934.6601384059,-288431.28607217583,-662365.9462105818,-4486327.893117297,3435679.2903797147,-1050648.6027375828,-18853.040820147602,9588.27338672418,0.014719411223551006,0.013502109704641302,52.983914267462694,34.929661995567585,23.472725203068997,True,True
2026-10-16,82,2970.0,0.0,122.0,0.0,15.0,0.0,-1476642.6390638468,-1476642.6390638468,0.0,17967897.48439144,17967897.48439144,-66627.88746177526,24572.67234562864,,0.013008130081300766,52.59145670119376,64.84315961305708,23.128452682718677,True,True
2026-10-16,82,2975.0,26.0,0.0,29.0,0.0,-327235.6401678123,0.0,-327235.6401678123,-3720897.4039405594,0.0,-3720897.4039405594,-17572.758769897733,5715.745955177844,0.0158887785501489,,52.01832847910184,34.96524715112666,22.527028044611093,True,True
2026-10-16,82,2980.0,1.0,15.0,1.0,1.0,-12618.988735309274,-182526.04200700027,-195145.03074230955,-140941.12576006597,2271722.4215248674,2130781.2957648016,-12041.281115525857,3643.4242102618227,0.016309887869520985,0.012529365700861349,51.75691646023106,64.97926590125178,22.208841688087773,True,True
2026-10-16,82,2985.0,25.0,0.0,0.0,0.0,-316299.61279215844,0.0,-316299.61279215844,-3468880.878499964,0.0,-3468880.878499964,-22436.811978535698,6166.527202936028,0.01675392670157062,,51.42143835287288,34.966408998998695,21.954960342803652,True,True
2026-10-16,82,2995.0,2.0,3.0,2.0,3.0,-25389.89568327267,-36732.424314245836,-62122.319997518505,-268758.3653491935,473331.6472006317,204573.28185143817,-5421.010280626266,1343.0656252679173,0.017679558011049663,0.012597258243794126,50.85893076645833,64.99332844084803,21.31919480298347,True,True
2026-10-16,82,3000.0,0.0,800.0,0.0,800.0,0.0,-9808302.612688508,-9808302.612688508,0.0,127915234.42888546,127915234.42888546,-931079.279854641,222593.35049959624,,0.012368133866860802,52.33287646834655,63.95822460946077,23.67384016755183,True,True
2026-10-16,82,3015.0,0.0,10.0,0.0,10.0,0.0,-122765.46711046634,-122765.46711046634,0.0,1662193.8634581463,1662193.8634581463,-14665.789377483796,3144.9047333741405,,0.011703958691910422,49.83484353002837,64.98695161178132,20.198096100019995,True,True
2026-10-16,82,3020.0,0.0,72.0,0.0,3.0,0.0,-883904.8377086422,-883904.8377086422,0.0,12119389.858061967,12119389.858061967,-112695.69924622668,23483.881377363537,,0.012170385395537602,49.667085065552406,64.90611603456652,20.119559657850967,True,True
2026-10-16,82,3025.0,6.0,3.0,6.0,3.0,-76278.07302049657,-36812.96611044633,-113091.0391309429,-727734.0318851162,511256.12706212624,-216477.90482299,-15551.567259191881,3092.987321896454,0.01962066710268149,0.011952191235059837,49.14143373403326,34.988057482774785,19.626104969087983,True,True
2026-10-16,82,3030.0,0.0,47.0,0.0,2.0,0.0,-575980.0065186467,-575980.0065186467,0.0,8106640.412992573,8106640.412992573,-82470.44782263458,16380.314738152014,,0.011734028683181299,49.058666449086004,64.93882123125383,19.467654445887476,True,True
2026-10-16,82,3035.0,0.0,17.0,0.0,2.0,0.0,-208148.6399077269,-208148.6399077269,0.0,2967550.9710920197,2967550.9710920197,-31504.011892825285,6118.16016075209,,0.01216778738392575,48.69802241945184,64.97788672591653,19.083649974154756,True,True
2026-10-16,82,3040.0,0.0,28.0,0.0,27.0,0.0,-342199.32182597136,-342199.32182597136,0.0,4945537.109670246,4945537.109670246,-54973.532997202565,10419.94276983925,,0.012578616352201259,48.42446291021601,64.96365074008904,18.835702356727968,True,True
2026-10-16,82,3045.0,0.0,10.0,0.0,10.0,0.0,-121919.21237301368,-121919.21237301368,0.0,1786957.3682529675,1786957.3682529675,-20722.74730263587,3840.9730389770048,,0.012353304508956145,48.10887781497693,64.98704212561663,18.491559397323062,True,True
2026-10-16,82,3055.0,0.0,15.0,0.0,5.0,0.0,-181845.53359581533,-181845.53359581533,0.0,2743206.3699762453,2743206.3699762453,-34327.23118404761,6109.610450338343,,0.01251862891207167,47.54562581023485,64.98068006053187,17.939245634538388,True,True
2026-10-16,82,3060.0,0.0,18.0,0.0,1.0,0.0,-217416.55930078763,-217416.55930078763,0.0,3329470.1540060374,3329470.1540060374,-43078.845900072534,7530.592145544368,,0.01229868228404113,47.274131690171274,64.97690289614965,17.664716868696893,True,True
2026-10-16,82,3065.0,0.0,15.0,0.0,15.0,0.0,-180419.8840849209,-180419.8840849209,0.0,2805822.0808199337,2805822.0808199337,-37429.324028239476,6435.407656853165,,0.012658227848101363,46.97260939530727,64.98083160594645,17.370330660041606,True,True
2026-10-16,82,3070.0,0.0,3.0,0.0,1.0,0.0,-35898.821428834744,-35898.821428834744,0.0,567313.1974932145,567313.1974932145,-7776.030745184373,1317.3452285700473,,0.014128284826222097,46.61880664446491,64.99616061604252,17.04623883738239,True,True
2026-10-16,82,3080.0,0.0,6.0,0.0,6.0,0.0,-71122.88369776405,-71122.88369776405,0.0,1159930.6566031019,1159930.6566031019,-16726.809912129967,2753.316747677007,,0.013107591480065567,46.086920702521766,64.99243284964756,16.487274789694307,True,True
2026-10-16,82,3085.0,0.0,3.0,0.0,3.0,0.0,-35324.85263751308,-35324.85263751308,0.0,585970.9504371735,585970.9504371735,-8618.908319903818,1402.847638372106,,0.013948497854077225,45.77095758335922,64.99622242122236,16.192961330940943,True,True
2026-10-16,82,3100.0,81.0,3.0,70.0,3.0,-962959.5969048898,-34618.86160283315,-997578.458507723,-7209342.84412248,604178.2536219092,-6605164.590500571,-278316.80910797254,42305.03867802587,0.029288702928870265,0.014777070063694152,44.84586927583194,34.89404585705623,15.60673744328485,True,True
2026-10-16,82,3110.0,15.0,0.0,15.0,0.0,-175434.4591199605,0.0,-175434.4591199605,-1273554.4858101867,0.0,-1273554.4858101867,-51986.37653012995,7763.67895683045,0.02911534154535268,,43.91916797357963,34.98137825002687,14.81030006637111,True,True
2026-10-16,82,3120.0,0.0,5.0,0.0,5.0,0.0,-55846.93969389353,-55846.93969389353,0.0,1045624.5515128219,1045624.5515128219,-16895.808048224608,2589.9968501802196,,0.014285714285714285,43.77415599612593,64.99405394919295,14.20845834264279,True,True
2026-10-16,82,3125.0,0.0,3.0,0.0,3.0,0.0,-33216.405078617485,-33216.405078617485,0.0,633034.3934127439,633034.3934127439,-10304.185530375982,1570.4643602552503,,0.01405152224824356,43.49255306414747,64.99644827019607,13.91751957450483,True,True
2026-10-16,82,3130.0,27.0,0.0,15.0,0.0,-304249.46909972,0.0,-304249.46909972,-2079478.739187018,0.0,-2079478.739187018,-101344.39498928473,14624.975726954126,0.03608247422680409,,42.59778391751809,34.96769177749911,13.711367516699113,True,True
2026-10-16,82,3135.0,1.0,0.0,1.0,0.0,-11143.386771149233,0.0,-11143.386771149233,-75142.49681595499,0.0,-75142.49681595499,-3831.78880804848,547.2769336953788,0.03733333333333348,,42.22105581506885,34.99901603868507,13.342200420556233,True,True
2026-10-16,82,3150.0,25.0,0.0,25.0,0.0,-268757.073783333,0.0,-268757.073783333,-1735343.4936607704,0.0,-1735343.4936607704,-101162.3462247608,14028.197995782579,0.04166666666666663,,41.2883867809496,34.971462983569516,12.566405447025323,True,True
2026-10-16,82,3160.0,0.0,12.0,0.0,12.0,0.0,-123406.67029377812,-123406.67029377812,0.0,2685371.481477215,2685371.481477215,-46808.04743756711,6703.796574391083,,0.012557555462536625,41.565437617311815,64.98688694566897,11.95527355610141,True,True
2026-10-16,82,3170.0,0.0,16.0,0.0,16.0,0.0,-160091.41045506898,-160091.41045506898,0.0,3631463.012088005,3631463.012088005,-63625.38642987691,9020.639748564405,,0.013776337115072956,40.96847466024749,64.98299198206871,11.3989736713067,True,True
2026-10-16,82,3195.0,1.0,0.0,1.0,0.0,-9378.242169701842,0.0,-9378.242169701842,-53738.009179943074,0.0,-53738.009179943074,-4348.634026989567,573.2404444543087,0.054279749478079356,,38.29969264964634,34.999283029844264,9.929122606682744,True,True
2026-10-16,82,3200.0,12.0,0.0,1.0,0.0,-110633.7710101807,0.0,-110633.7710101807,-626132.3135219852,0.0,-626132.3135219852,-52250.94247028802,6869.996526815163,0.056399132321041254,,37.97487652416991,34.98827314384721,9.679184536828119,True,True
2026-10-16,82,3245.0,1.0,0.0,1.0,0.0,-7750.030983543403,0.0,-7750.030983543403,-39361.86876711344,0.0,-39361.86876711344,-4372.74533184641,548.1437680295567,0.08099688473520242,,34.65403635769919,34.9995579109828,7.084881550623372,True,True
2026-10-16,82,3250.0,3.0,0.0,2.0,0.0,-22737.770359125505,0.0,-22737.770359125505,-114209.3438644333,0.0,-114209.3438644333,-13068.19574236431,1630.6830701612175,0.07792207792207788,,34.46608080834882,34.99771627583827,6.8065280039673155,True,True
2026-10-16,82,3300.0,5.0,0.0,1.0,0.0,-29758.606149686733,0.0,-29758.606149686733,-134677.3255125263,0.0,-134677.3255125263,-20058.850988533926,2457.1944461965595,0.09900990099009901,,30.993518351753963,34.996950607372455,3.967962907285908,True,True
2026-10-16,82,3350.0,1.0,0.0,1.0,0.0,-4520.328790783161,0.0,-4520.328790783161,-18702.034462102656,0.0,-18702.034462102656,-3495.712571581128,413.32130229298093,0.16793893129770987,,26.073076268933722,35.00032188843498,1.1119868368223391,True,True
2026-10-16,82,3375.0,1.0,0.0,1.0,0.0,-3892.7790028934314,0.0,-3892.7790028934314,-15532.181117872959,0.0,-15532.181117872959,-3214.2112987349997,378.8328210102877,0.18867924528301888,,24.34172987634905,35.000552208570355,0.0028117756076271056,True,True
2026-10-16,82,3400.0,1.0,0.0,1.0,0.0,-3336.500097072112,0.0,-3336.500097072112,-12818.606243181006,0.0,-12818.606243181006,-2949.4500707002853,348.96516822862935,0.21176470588235302,,23.649166058369023,35.00081570100478,0.0027780130971725788,True,True
2026-10-16,82,3435.0,1.0,0.0,1.0,0.0,-2662.902187518066,0.0,-2662.902187518066,-9730.994264277238,0.0,-9730.994264277238,-2509.254602433765,291.30937895857966,0.2580645161290322,,22.260171750968645,35.00125847147017,0.0027371300864643296,True,True
2026-10-16,82,3450.0,3.0,0.0,3.0,0.0,-7227.257117700697,0.0,-7227.257117700697,-25977.58177093686,0.0,-25977.58177093686,-7007.297149905912,810.2208497670056,0.27522935779816515,,21.74944097057389,34.999809765623425,0.008165175232050719,True,True
2026-10-16,82,3500.0,7364.0,0.0,1.0,0.0,-12516766.435378639,0.0,-12516766.435378639,-42624143.318987705,0.0,-42624143.318987705,-13734053.088169346,1595342.2870464916,0.3428571428571428,,35.231963073218054,33.67054934610356,19.725736394395838,True,True
2026-10-16,82,3550.0,12.0,0.0,10.0,0.0,-14184.883932664234,0.0,-14184.883932664234,-45689.23983559774,0.0,-45689.23983559774,-16772.65757919988,1926.0327990908377,0.5454545454545453,,13.661650454439034,34.99882166989104,0.03176704114944695,True,False
2026-10-16,82,3600.0,10.0,0.0,1.0,0.0,-7886.497670296937,0.0,-7886.497670296937,-24228.876429850712,0.0,-24228.876429850712,-10423.935312907108,1193.8321782181476,0.8148148148148147,,5.576627903951721,34.99978141700531,0.02623375158353705,True,False
2026-10-16,82,3650.0,1.0,0.0,1.0,0.0,-536.8818074449916,0.0,-536.8818074449916,-1580.0951063917983,0.0,-1580.0951063917983,-792.1271150872122,91.3734149451003,1.2941176470588234,,0.002107234839616015,35.00943007117255,0.002608094481199422,True,False
2026-10-16,82,3750.0,1.0,0.0,1.0,0.0,-352.4604719795711,0.0,-352.4604719795711,-1073.341407234746,0.0,-1073.341407234746,-537.1152493154013,65.1265801580782,2.0,,0.002107234839616015,35.01392460603876,0.002596901305974674,True,False
2026-10-16,82,3800.0,5.0,0.0,10.0,0.0,-1520.4697399945467,0.0,-1520.4697399945467,-4770.605752819142,0.0,-4770.605752819142,-2378.8499954586932,298.95657043235417,2.0,,0.010536174198080075,35.00298210125419,0.012969828863198815,True,False
