{
  "trades": 123,
  "wins": 38,
  "losses": 85,
  "win_rate": 0.3089430894308943,
  "gross_profit": 8098.6,
  "gross_loss": 10273.850000000008,
  "profit_factor": 0.7882731400594708,
  "expectancy": -17.68495934959356,
  "average_win": 213.12105263157895,
  "average_loss": -120.86882352941186,
  "largest_win": 363.3999999999999,
  "largest_loss": -238.59999999999982,
  "average_hold_days": 9.211382113821138,
  "net_pnl": -2175.2500000000077,
  "return_pct": -0.021752500000000077
}