{
  "trades": 123,
  "wins": 39,
  "losses": 84,
  "win_rate": 0.3170731707317073,
  "gross_profit": 7012.5,
  "gross_loss": 8865.200000000006,
  "profit_factor": 0.7910143031178084,
  "expectancy": -15.062601626016304,
  "average_win": 179.80769230769232,
  "average_loss": -105.53809523809531,
  "largest_win": 364.79999999999995,
  "largest_loss": -235.79999999999984,
  "average_hold_days": 9.211382113821138,
  "net_pnl": -1852.7000000000055,
  "return_pct": -0.018527000000000054
}