{
  "trades": 123,
  "wins": 56,
  "losses": 67,
  "win_rate": 0.45528455284552843,
  "gross_profit": 6809.150000000001,
  "gross_loss": 8464.100000000002,
  "profit_factor": 0.8044741909949078,
  "expectancy": -13.454878048780508,
  "average_win": 121.5919642857143,
  "average_loss": -126.32985074626869,
  "largest_win": 395.4999999999997,
  "largest_loss": -411.0000000000002,
  "average_hold_days": 6.861788617886178,
  "net_pnl": -1654.9500000000023,
  "return_pct": -0.016549500000000023
}