{
  "trades": 123,
  "wins": 68,
  "losses": 55,
  "win_rate": 0.5528455284552846,
  "gross_profit": 180014.73202288523,
  "gross_loss": 173897.98007797316,
  "profit_factor": 1.0351743702955574,
  "expectancy": 49.72969060904124,
  "average_win": 2647.275470924783,
  "average_loss": -3161.7814559631483,
  "largest_win": 10437.396105060743,
  "largest_loss": -18422.55293687531,
  "average_hold_days": 1.4878048780487805,
  "net_pnl": 6116.751944912073,
  "return_pct": 0.06116751944912073
}