{
  "trades": 123,
  "wins": 63,
  "losses": 60,
  "win_rate": 0.5121951219512195,
  "gross_profit": 8967.400000000001,
  "gross_loss": 10374.800000000007,
  "profit_factor": 0.8643443729035737,
  "expectancy": -11.44227642276426,
  "average_win": 142.33968253968257,
  "average_loss": -172.91333333333344,
  "largest_win": 248.56000000000037,
  "largest_loss": -354.32,
  "average_hold_days": 8.715447154471544,
  "net_pnl": -1407.400000000004,
  "return_pct": -0.01407400000000004
}