{
  "trades": 123,
  "wins": 47,
  "losses": 76,
  "win_rate": 0.3821138211382114,
  "gross_profit": 8272.879999999997,
  "gross_loss": 13695.560000000005,
  "profit_factor": 0.6040556209457659,
  "expectancy": -44.08682926829275,
  "average_win": 176.01872340425527,
  "average_loss": -180.20473684210532,
  "largest_win": 291.56000000000006,
  "largest_loss": -387.1199999999996,
  "average_hold_days": 13.495934959349594,
  "net_pnl": -5422.6800000000085,
  "return_pct": -0.05422680000000008
}