{
  "trades": 123,
  "wins": 63,
  "losses": 60,
  "win_rate": 0.5121951219512195,
  "gross_profit": 8337.100000000002,
  "gross_loss": 10220.300000000008,
  "profit_factor": 0.815739264013776,
  "expectancy": -15.310569105691101,
  "average_win": 132.33492063492068,
  "average_loss": -170.33833333333348,
  "largest_win": 311.3999999999996,
  "largest_loss": -442.1999999999999,
  "average_hold_days": 8.715447154471544,
  "net_pnl": -1883.2000000000055,
  "return_pct": -0.018832000000000054
}