{
  "trades": 119,
  "wins": 53,
  "losses": 66,
  "win_rate": 0.44537815126050423,
  "gross_profit": 7307.639999999996,
  "gross_loss": 7515.880000000008,
  "profit_factor": 0.9722933309206624,
  "expectancy": -1.7499159663866577,
  "average_win": 137.8799999999999,
  "average_loss": -113.87696969696982,
  "largest_win": 244.83999999999952,
  "largest_loss": -240.5599999999997,
  "average_hold_days": 6.176470588235294,
  "net_pnl": -208.24000000001226,
  "return_pct": -0.0020824000000001226
}