{
  "trades": 123,
  "wins": 68,
  "losses": 55,
  "win_rate": 0.5528455284552846,
  "gross_profit": 180014.73202288523,
  "gross_loss": 173897.98007797316,
  "profit_factor": 1.0351743702955574,
  "expectancy": 49.72969060904124,
  "average_win": 2647.275470924783,
  "average_loss": -3161.7814559631483,
  "largest_win": 10437.396105060743,
  "largest_loss": -18422.55293687531,
  "average_hold_days": 1.4878048780487805,
  "net_pnl": 6116.751944912073,
  "return_pct": 0.06116751944912073,
  "total_return": 0.061167519449120446,
  "max_drawdown_pct": -0.6956909031279847,
  "max_drawdown_dollars": -84210.68649481551,
  "sharpe_ratio": 0.5998779313142312,
  "sortino_ratio": 0.5253865648957337,
  "calmar_ratio": 0.08792341422619925,
  "avg_win": 2647.275470924783,
  "avg_loss": 3161.7814559631483,
  "payoff_ratio": 0.8372733877390537
}