{
  "trades": 123,
  "wins": 63,
  "losses": 60,
  "win_rate": 0.5121951219512195,
  "gross_profit": 9588.900000000001,
  "gross_loss": 11460.350000000008,
  "profit_factor": 0.8367021949591413,
  "expectancy": -15.215040650406555,
  "average_win": 152.20476190476194,
  "average_loss": -191.00583333333347,
  "largest_win": 308.59999999999957,
  "largest_loss": -444.9999999999999,
  "average_hold_days": 8.715447154471544,
  "net_pnl": -1871.4500000000064,
  "return_pct": -0.018714500000000064
}