{
  "trades": 123,
  "wins": 59,
  "losses": 64,
  "win_rate": 0.4796747967479675,
  "gross_profit": 8317.100000000002,
  "gross_loss": 9079.900000000009,
  "profit_factor": 0.9159902642099577,
  "expectancy": -6.201626016260212,
  "average_win": 140.96779661016953,
  "average_loss": -141.87343750000014,
  "largest_win": 311.3999999999996,
  "largest_loss": -332.1999999999997,
  "average_hold_days": 7.626016260162602,
  "net_pnl": -762.8000000000061,
  "return_pct": -0.007628000000000061
}