{
  "trades": 18,
  "wins": 11,
  "losses": 7,
  "win_rate": 0.6111111111111112,
  "gross_profit": 44901.053433830515,
  "gross_loss": 12200.311912156067,
  "profit_factor": 3.6803201227250835,
  "expectancy": 1816.7078623152472,
  "average_win": 4081.913948530047,
  "average_loss": -1742.901701736581,
  "largest_win": 10437.396105060743,
  "largest_loss": -3380.9427516808296,
  "average_hold_days": 1.4444444444444444,
  "net_pnl": 32700.74152167445,
  "return_pct": 0.3270074152167445
}