{
  "trades": 119,
  "wins": 53,
  "losses": 66,
  "win_rate": 0.44537815126050423,
  "gross_profit": 5259.3200000000015,
  "gross_loss": 6436.680000000005,
  "profit_factor": 0.8170858268548379,
  "expectancy": -9.893781512605072,
  "average_win": 99.2324528301887,
  "average_loss": -97.52545454545462,
  "largest_win": 299.80000000000007,
  "largest_loss": -240.5599999999997,
  "average_hold_days": 5.8655462184873945,
  "net_pnl": -1177.3600000000035,
  "return_pct": -0.011773600000000035
}