{
  "trades": 119,
  "wins": 59,
  "losses": 60,
  "win_rate": 0.4957983193277311,
  "gross_profit": 6703.839999999999,
  "gross_loss": 7236.560000000003,
  "profit_factor": 0.9263849121682121,
  "expectancy": -4.476638655462218,
  "average_win": 113.624406779661,
  "average_loss": -120.60933333333338,
  "largest_win": 244.83999999999952,
  "largest_loss": -286.96,
  "average_hold_days": 6.0,
  "net_pnl": -532.720000000004,
  "return_pct": -0.00532720000000004
}