{
  "trades": 123,
  "wins": 56,
  "losses": 67,
  "win_rate": 0.45528455284552843,
  "gross_profit": 8126.920000000002,
  "gross_loss": 7888.400000000001,
  "profit_factor": 1.0302368034075353,
  "expectancy": 1.9391869918699245,
  "average_win": 145.12357142857147,
  "average_loss": -117.73731343283583,
  "largest_win": 248.56000000000037,
  "largest_loss": -236.39999999999986,
  "average_hold_days": 6.08130081300813,
  "net_pnl": 238.52000000000072,
  "return_pct": 0.002385200000000007
}