{
  "trades": 123,
  "wins": 52,
  "losses": 71,
  "win_rate": 0.42276422764227645,
  "gross_profit": 8815.3,
  "gross_loss": 12789.350000000006,
  "profit_factor": 0.6892688056859806,
  "expectancy": -32.30934959349599,
  "average_win": 169.52499999999998,
  "average_loss": -180.13169014084517,
  "largest_win": 363.3999999999999,
  "largest_loss": -444.9999999999999,
  "average_hold_days": 11.178861788617887,
  "net_pnl": -3974.050000000006,
  "return_pct": -0.03974050000000006
}