{
  "trades": 84,
  "wins": 36,
  "losses": 48,
  "win_rate": 0.42857142857142855,
  "gross_profit": 38011.6,
  "gross_loss": 42455.20000000001,
  "profit_factor": 0.8953343760010549,
  "expectancy": -52.90000000000015,
  "average_win": 1055.8777777777777,
  "average_loss": -884.4833333333336,
  "largest_win": 1647.6000000000008,
  "largest_loss": -1648.4,
  "average_hold_days": 9.880952380952381,
  "net_pnl": -4443.600000000012,
  "return_pct": -0.04443600000000012
}