{
  "trades": 123,
  "wins": 55,
  "losses": 68,
  "win_rate": 0.44715447154471544,
  "gross_profit": 6806.900000000001,
  "gross_loss": 7154.700000000003,
  "profit_factor": 0.9513885977050048,
  "expectancy": -2.8276422764227767,
  "average_win": 123.76181818181819,
  "average_loss": -105.21617647058827,
  "largest_win": 395.4999999999997,
  "largest_loss": -230.25000000000017,
  "average_hold_days": 5.845528455284553,
  "net_pnl": -347.80000000000155,
  "return_pct": -0.0034780000000000154
}