{
  "trades": 119,
  "wins": 54,
  "losses": 65,
  "win_rate": 0.453781512605042,
  "gross_profit": 5263.080000000002,
  "gross_loss": 6709.000000000003,
  "profit_factor": 0.7844805485169175,
  "expectancy": -12.150588235294128,
  "average_win": 97.46444444444448,
  "average_loss": -103.21538461538466,
  "largest_win": 299.80000000000007,
  "largest_loss": -240.5599999999997,
  "average_hold_days": 6.319327731092437,
  "net_pnl": -1445.9200000000012,
  "return_pct": -0.014459200000000012
}