{
  "trades": 123,
  "wins": 50,
  "losses": 73,
  "win_rate": 0.4065040650406504,
  "gross_profit": 8089.519999999999,
  "gross_loss": 9867.080000000002,
  "profit_factor": 0.8198494387397282,
  "expectancy": -14.451707317073199,
  "average_win": 161.79039999999998,
  "average_loss": -135.16547945205483,
  "largest_win": 291.56000000000006,
  "largest_loss": -292.9200000000007,
  "average_hold_days": 9.609756097560975,
  "net_pnl": -1777.5600000000034,
  "return_pct": -0.017775600000000034
}