{
  "trades": 123,
  "wins": 59,
  "losses": 64,
  "win_rate": 0.4796747967479675,
  "gross_profit": 8939.560000000001,
  "gross_loss": 9617.200000000004,
  "profit_factor": 0.9295387430853053,
  "expectancy": -5.509268292682948,
  "average_win": 151.51796610169492,
  "average_loss": -150.26875000000007,
  "largest_win": 248.56000000000037,
  "largest_loss": -292.9200000000007,
  "average_hold_days": 7.626016260162602,
  "net_pnl": -677.6400000000026,
  "return_pct": -0.006776400000000026
}