{
  "trades": 123,
  "wins": 47,
  "losses": 76,
  "win_rate": 0.3821138211382114,
  "gross_profit": 7017.2,
  "gross_loss": 8059.000000000003,
  "profit_factor": 0.8707283782106958,
  "expectancy": -8.469918699187016,
  "average_win": 149.30212765957447,
  "average_loss": -106.03947368421056,
  "largest_win": 364.79999999999995,
  "largest_loss": -235.79999999999984,
  "average_hold_days": 8.373983739837398,
  "net_pnl": -1041.800000000003,
  "return_pct": -0.01041800000000003
}