{
  "trades": 119,
  "wins": 54,
  "losses": 65,
  "win_rate": 0.453781512605042,
  "gross_profit": 5263.080000000002,
  "gross_loss": 7400.440000000004,
  "profit_factor": 0.7111847403667888,
  "expectancy": -17.961008403361365,
  "average_win": 97.46444444444448,
  "average_loss": -113.85292307692315,
  "largest_win": 299.80000000000007,
  "largest_loss": -286.96,
  "average_hold_days": 6.882352941176471,
  "net_pnl": -2137.3600000000024,
  "return_pct": -0.021373600000000024
}