{
  "trades": 123,
  "wins": 52,
  "losses": 71,
  "win_rate": 0.42276422764227645,
  "gross_profit": 1273857.102887424,
  "gross_loss": 2446302.95448143,
  "profit_factor": 0.5207274514196291,
  "expectancy": -9532.08009426021,
  "average_win": 24497.251978604305,
  "average_loss": -34454.971189879296,
  "largest_win": 25698.615968913284,
  "largest_loss": -36739.59496935612,
  "average_hold_days": 1.4552845528455285,
  "net_pnl": -1172445.851594006,
  "return_pct": -11.724458515940059
}