{
  "trades": 123,
  "wins": 55,
  "losses": 68,
  "win_rate": 0.44715447154471544,
  "gross_profit": 6756.440000000003,
  "gross_loss": 6664.160000000002,
  "profit_factor": 1.0138472065496629,
  "expectancy": 0.7502439024390373,
  "average_win": 122.8443636363637,
  "average_loss": -98.0023529411765,
  "largest_win": 291.56000000000006,
  "largest_loss": -236.39999999999986,
  "average_hold_days": 5.650406504065041,
  "net_pnl": 92.28000000000158,
  "return_pct": 0.0009228000000000158
}