{
  "trades": 119,
  "wins": 32,
  "losses": 87,
  "win_rate": 0.2689075630252101,
  "gross_profit": 5475.32,
  "gross_loss": 9508.92000000001,
  "profit_factor": 0.5758088195084189,
  "expectancy": -33.8957983193278,
  "average_win": 171.10375,
  "average_loss": -109.29793103448286,
  "largest_win": 418.8400000000005,
  "largest_loss": -240.5599999999997,
  "average_hold_days": 11.268907563025211,
  "net_pnl": -4033.6000000000085,
  "return_pct": -0.04033600000000009
}