{
  "trades": 119,
  "wins": 60,
  "losses": 59,
  "win_rate": 0.5042016806722689,
  "gross_profit": 8088.919999999995,
  "gross_loss": 9858.000000000005,
  "profit_factor": 0.8205437208358684,
  "expectancy": -14.866218487395052,
  "average_win": 134.81533333333326,
  "average_loss": -167.08474576271195,
  "largest_win": 244.83999999999952,
  "largest_loss": -332.6000000000005,
  "average_hold_days": 8.865546218487395,
  "net_pnl": -1769.0800000000113,
  "return_pct": -0.017690800000000114
}