{
  "trades": 123,
  "wins": 53,
  "losses": 70,
  "win_rate": 0.43089430894308944,
  "gross_profit": 8759.600000000002,
  "gross_loss": 8862.700000000008,
  "profit_factor": 0.9883669762036393,
  "expectancy": -0.8382113821138669,
  "average_win": 165.27547169811325,
  "average_loss": -126.61000000000011,
  "largest_win": 308.59999999999957,
  "largest_loss": -230.25000000000017,
  "average_hold_days": 6.284552845528455,
  "net_pnl": -103.10000000000564,
  "return_pct": -0.0010310000000000564
}