{
  "trades": 123,
  "wins": 56,
  "losses": 67,
  "win_rate": 0.45528455284552843,
  "gross_profit": 7687.9000000000015,
  "gross_loss": 7312.0000000000055,
  "profit_factor": 1.0514086433260388,
  "expectancy": 3.05609756097558,
  "average_win": 137.2839285714286,
  "average_loss": -109.13432835820903,
  "largest_win": 311.3999999999996,
  "largest_loss": -202.2,
  "average_hold_days": 6.08130081300813,
  "net_pnl": 375.89999999999634,
  "return_pct": 0.0037589999999999633
}