{
  "trades": 123,
  "wins": 62,
  "losses": 61,
  "win_rate": 0.5040650406504065,
  "gross_profit": 7051.7000000000035,
  "gross_loss": 7240.000000000004,
  "profit_factor": 0.9739917127071823,
  "expectancy": -1.5308943089430918,
  "average_win": 113.7370967741936,
  "average_loss": -118.688524590164,
  "largest_win": 311.3999999999996,
  "largest_loss": -408.2000000000002,
  "average_hold_days": 5.943089430894309,
  "net_pnl": -188.3000000000003,
  "return_pct": -0.001883000000000003
}