{
  "trades": 123,
  "wins": 48,
  "losses": 75,
  "win_rate": 0.3902439024390244,
  "gross_profit": 7728.299999999999,
  "gross_loss": 13319.100000000006,
  "profit_factor": 0.5802419082370427,
  "expectancy": -45.45365853658543,
  "average_win": 161.00625,
  "average_loss": -177.58800000000008,
  "largest_win": 364.79999999999995,
  "largest_loss": -483.2000000000002,
  "average_hold_days": 13.495934959349594,
  "net_pnl": -5590.8000000000075,
  "return_pct": -0.055908000000000076
}