{
  "trades": 123,
  "wins": 49,
  "losses": 74,
  "win_rate": 0.3983739837398374,
  "gross_profit": 7342.999999999998,
  "gross_loss": 9717.400000000003,
  "profit_factor": 0.755654804783172,
  "expectancy": -19.304065040650446,
  "average_win": 149.85714285714283,
  "average_loss": -131.31621621621625,
  "largest_win": 479.2,
  "largest_loss": -332.1999999999997,
  "average_hold_days": 10.642276422764228,
  "net_pnl": -2374.400000000005,
  "return_pct": -0.02374400000000005
}