{
  "trades": 123,
  "wins": 43,
  "losses": 80,
  "win_rate": 0.34959349593495936,
  "gross_profit": 8427.359999999999,
  "gross_loss": 14161.640000000005,
  "profit_factor": 0.5950836202586703,
  "expectancy": -46.62016260162607,
  "average_win": 195.98511627906973,
  "average_loss": -177.02050000000006,
  "largest_win": 404.23999999999995,
  "largest_loss": -387.1199999999996,
  "average_hold_days": 15.577235772357724,
  "net_pnl": -5734.280000000007,
  "return_pct": -0.05734280000000007
}