{
  "trades": 123,
  "wins": 56,
  "losses": 67,
  "win_rate": 0.45528455284552843,
  "gross_profit": 6760.520000000003,
  "gross_loss": 6978.079999999999,
  "profit_factor": 0.9688223694769914,
  "expectancy": -1.7687804878048443,
  "average_win": 120.72357142857149,
  "average_loss": -104.15044776119402,
  "largest_win": 291.56000000000006,
  "largest_loss": -257.68,
  "average_hold_days": 6.0894308943089435,
  "net_pnl": -217.55999999999585,
  "return_pct": -0.0021755999999999586
}