{
  "trades": 119,
  "wins": 43,
  "losses": 76,
  "win_rate": 0.36134453781512604,
  "gross_profit": 6167.319999999999,
  "gross_loss": 8383.880000000006,
  "profit_factor": 0.7356164448918632,
  "expectancy": -18.626554621848804,
  "average_win": 143.42604651162787,
  "average_loss": -110.31421052631588,
  "largest_win": 418.8400000000005,
  "largest_loss": -240.5599999999997,
  "average_hold_days": 9.470588235294118,
  "net_pnl": -2216.5600000000077,
  "return_pct": -0.022165600000000077
}