{
  "trades": 29,
  "wins": 10,
  "losses": 19,
  "win_rate": 0.3448275862068966,
  "gross_profit": 225389.75999999998,
  "gross_loss": 389368.00000000006,
  "profit_factor": 0.5788605124201268,
  "expectancy": -5654.4220689655185,
  "average_win": 22538.976,
  "average_loss": -20493.05263157895,
  "largest_win": 23535.32,
  "largest_loss": -23558.08,
  "average_hold_days": 1.4482758620689655,
  "net_pnl": -163978.24000000005,
  "return_pct": -1.6397824000000005
}