{
  "trades": 119,
  "wins": 40,
  "losses": 79,
  "win_rate": 0.33613445378151263,
  "gross_profit": 6811.359999999998,
  "gross_loss": 10691.72000000001,
  "profit_factor": 0.6370686849262786,
  "expectancy": -32.60806722689085,
  "average_win": 170.28399999999993,
  "average_loss": -135.33822784810138,
  "largest_win": 355.23999999999944,
  "largest_loss": -291.52000000000004,
  "average_hold_days": 11.092436974789916,
  "net_pnl": -3880.3600000000115,
  "return_pct": -0.03880360000000011
}