{
  "trades": 123,
  "wins": 47,
  "losses": 76,
  "win_rate": 0.3821138211382114,
  "gross_profit": 8955.899999999998,
  "gross_loss": 14931.150000000007,
  "profit_factor": 0.5998131423232633,
  "expectancy": -48.579268292683004,
  "average_win": 190.55106382978718,
  "average_loss": -196.4625000000001,
  "largest_win": 363.3999999999999,
  "largest_loss": -486.0000000000002,
  "average_hold_days": 13.495934959349594,
  "net_pnl": -5975.250000000009,
  "return_pct": -0.05975250000000009
}