{
  "trades": 119,
  "wins": 58,
  "losses": 61,
  "win_rate": 0.48739495798319327,
  "gross_profit": 7845.239999999995,
  "gross_loss": 8407.720000000007,
  "profit_factor": 0.933099579909891,
  "expectancy": -4.72672268907572,
  "average_win": 135.26275862068957,
  "average_loss": -137.83147540983617,
  "largest_win": 244.83999999999952,
  "largest_loss": -291.52000000000004,
  "average_hold_days": 7.302521008403361,
  "net_pnl": -562.4800000000106,
  "return_pct": -0.005624800000000106
}