{
  "trades": 123,
  "wins": 42,
  "losses": 81,
  "win_rate": 0.34146341463414637,
  "gross_profit": 8023.439999999997,
  "gross_loss": 11054.440000000002,
  "profit_factor": 0.7258115291231392,
  "expectancy": -24.642276422764272,
  "average_win": 191.03428571428563,
  "average_loss": -136.4745679012346,
  "largest_win": 291.56000000000006,
  "largest_loss": -292.9200000000007,
  "average_hold_days": 10.853658536585366,
  "net_pnl": -3031.0000000000055,
  "return_pct": -0.030310000000000056
}