{
  "trades": 123,
  "wins": 53,
  "losses": 70,
  "win_rate": 0.43089430894308944,
  "gross_profit": 7688.800000000002,
  "gross_loss": 7526.400000000006,
  "profit_factor": 1.0215773809523805,
  "expectancy": 1.3203252032519983,
  "average_win": 145.0716981132076,
  "average_loss": -107.52000000000008,
  "largest_win": 311.3999999999996,
  "largest_loss": -202.2,
  "average_hold_days": 6.284552845528455,
  "net_pnl": 162.3999999999958,
  "return_pct": 0.001623999999999958
}