{
  "trades": 123,
  "wins": 34,
  "losses": 89,
  "win_rate": 0.2764227642276423,
  "gross_profit": 7939.650000000001,
  "gross_loss": 10611.550000000008,
  "profit_factor": 0.7482083201794266,
  "expectancy": -21.722764227642333,
  "average_win": 233.51911764705883,
  "average_loss": -119.2308988764046,
  "largest_win": 476.4,
  "largest_loss": -238.59999999999982,
  "average_hold_days": 11.1869918699187,
  "net_pnl": -2671.900000000007,
  "return_pct": -0.02671900000000007
}