{
  "trades": 3,
  "wins": 2,
  "losses": 1,
  "win_rate": 0.6666666666666666,
  "gross_profit": 5117.500928368053,
  "gross_loss": 601.3999999881178,
  "profit_factor": 8.509313150098375,
  "expectancy": 1505.3669761266449,
  "average_win": 2558.7504641840264,
  "average_loss": -601.3999999881178,
  "largest_win": 4594.408876973853,
  "largest_loss": -601.3999999881178,
  "average_hold_days": 1.0,
  "net_pnl": 4516.100928379935,
  "return_pct": 0.04516100928379935,
  "total_return": 0.04516100928379936,
  "max_drawdown_pct": -0.005749829330700641,
  "max_drawdown_dollars": -601.3999999881198,
  "sharpe_ratio": -1.0599204155630626,
  "sortino_ratio": -0.9935803379045346,
  "calmar_ratio": 7.854321700066235,
  "avg_win": 2558.7504641840264,
  "avg_loss": 601.3999999881178,
  "payoff_ratio": 4.254656575049188
}