{
  "trades": 123,
  "wins": 57,
  "losses": 66,
  "win_rate": 0.4634146341463415,
  "gross_profit": 5783.400000000001,
  "gross_loss": 6561.800000000001,
  "profit_factor": 0.8813740132280776,
  "expectancy": -6.32845528455285,
  "average_win": 101.46315789473685,
  "average_loss": -99.42121212121214,
  "largest_win": 396.89999999999975,
  "largest_loss": -321.40000000000003,
  "average_hold_days": 6.284552845528455,
  "net_pnl": -778.4000000000005,
  "return_pct": -0.007784000000000005
}