{
  "trades": 123,
  "wins": 38,
  "losses": 85,
  "win_rate": 0.3089430894308943,
  "gross_profit": 8739.4,
  "gross_loss": 12417.10000000001,
  "profit_factor": 0.7038197324657121,
  "expectancy": -29.900000000000073,
  "average_win": 229.9842105263158,
  "average_loss": -146.08352941176483,
  "largest_win": 476.4,
  "largest_loss": -334.9999999999997,
  "average_hold_days": 12.926829268292684,
  "net_pnl": -3677.700000000009,
  "return_pct": -0.03677700000000009
}