as_of,partition,cross_section_eligible_count,breadth_bullish_fraction,breadth_bearish_fraction,breadth_neutral_fraction,breakdown_setup_fraction,breakdown_confirmed_fraction,capitulation_fraction,spy_close,spy_return_4w,spy_return_13w,spy_return_26w,spy_realized_vol_13w_annualized,spy_realized_vol_26w_annualized,spy_drawdown_from_52w_peak,spy_direction,spy_confidence,spy_overall_score,spy_breakout_state,spy_participation_state
2004-11-19,DEVELOPMENT,351,0.811965811965812,0.08831908831908832,0.09971509971509972,0.019943019943019943,0.039886039886039885,0.002849002849002849,117.42,,,,,,0.0,STRONG_BULLISH,85.38,65.35,NONE,ACCUMULATION
2004-11-26,DEVELOPMENT,351,0.8091168091168092,0.09971509971509972,0.09116809116809117,0.005698005698005698,0.019943019943019943,0.0,118.35,,,,,,0.0,STRONG_BULLISH,85.5,62.26,NONE,RE_ACCUMULATION
2004-12-03,DEVELOPMENT,351,0.7891737891737892,0.07692307692307693,0.1339031339031339,0.005698005698005698,0.019943019943019943,0.002849002849002849,119.25,,,,,,0.0,STRONG_BULLISH,85.62,62.74,NONE,RE_ACCUMULATION
2004-12-10,DEVELOPMENT,352,0.6903409090909091,0.10795454545454546,0.20170454545454544,0.005681818181818182,0.014204545454545454,0.002840909090909091,119.33,,,,,,0.0,STRONG_BULLISH,85.75,63.31,NONE,RE_ACCUMULATION
2004-12-17,DEVELOPMENT,351,0.7663817663817664,0.08262108262108261,0.150997150997151,0.005698005698005698,0.019943019943019943,0.0,119.44,0.017203202180207766,,,,,0.0,STRONG_BULLISH,85.88,64.93,NONE,ACCUMULATION
2004-12-23,DEVELOPMENT,353,0.8215297450424929,0.06515580736543909,0.11331444759206799,0.0113314447592068,0.0113314447592068,0.0,120.77,0.020447824250105606,,,,,0.0,STRONG_BULLISH,86.0,70.06,BREAKOUT_SETUP,RE_ACCUMULATION
2004-12-31,DEVELOPMENT,353,0.8356940509915014,0.05099150141643059,0.11331444759206799,0.0028328611898017,0.014164305949008499,0.0,120.87,0.0135849056603774,,,,,0.0,STRONG_BULLISH,86.12,70.38,BREAKOUT_SETUP,RE_ACCUMULATION
2005-01-07,DEVELOPMENT,353,0.37110481586402266,0.21529745042492918,0.41359773371104813,0.0084985835694051,0.0056657223796034,0.0,118.44,-0.007458308891309828,,,,,-0.02010424422933732,NEUTRAL,86.25,52.57,NONE,NEUTRAL
2005-01-14,DEVELOPMENT,353,0.3087818696883853,0.26345609065155806,0.42776203966005666,0.0028328611898017,0.0169971671388102,0.0084985835694051,118.24,-0.010046885465505695,,,,,-0.02175891453627876,NEUTRAL,86.38,50.5,NONE,RE_DISTRIBUTION
2005-01-21,DEVELOPMENT,352,0.38920454545454547,0.2784090909090909,0.33238636363636365,0.04261363636363636,0.011363636363636364,0.011363636363636364,116.78,-0.03303800612734942,,,,,-0.03383800777695045,NEUTRAL,86.5,49.95,NONE,DISTRIBUTION
2005-01-28,DEVELOPMENT,353,0.41359773371104813,0.3342776203966006,0.2521246458923513,0.014164305949008499,0.0084985835694051,0.014164305949008499,117.43,-0.028460329279391017,,,,,-0.028460329279391017,NEUTRAL,86.62,48.17,NONE,DISTRIBUTION
2005-02-04,DEVELOPMENT,353,0.6147308781869688,0.21246458923512748,0.17280453257790368,0.0056657223796034,0.036827195467422094,0.0028328611898017,120.23,0.01511313745356313,,,,,-0.00529494498221228,BULLISH,86.75,55.39,NONE,NEUTRAL
2005-02-11,DEVELOPMENT,353,0.6572237960339944,0.20679886685552407,0.1359773371104816,0.0056657223796034,0.042492917847025496,0.0084985835694051,120.77,0.02139715832205691,,,,,-0.0008273351534707762,STRONG_BULLISH,86.88,61.2,NONE,NEUTRAL
2005-02-18,DEVELOPMENT,355,0.6422535211267606,0.2084507042253521,0.14929577464788732,0.028169014084507043,0.01971830985915493,0.005633802816901409,120.36,0.03065593423531432,0.025038323965252962,,0.07753874492831457,,-0.0042194092827004814,BULLISH,87.0,57.11,NONE,RE_ACCUMULATION
2005-02-25,DEVELOPMENT,355,0.5802816901408451,0.22816901408450704,0.19154929577464788,0.005633802816901409,0.022535211267605635,0.0,121.43,0.03406284595077924,0.02602450359104358,,0.0778853709725612,,0.0,STRONG_BULLISH,87.12,74.46,BREAKOUT_SETUP,ACCUMULATION
2005-03-04,DEVELOPMENT,355,0.6591549295774648,0.18309859154929578,0.15774647887323945,0.005633802816901409,0.016901408450704224,0.0028169014084507044,122.73,0.020793479164933792,0.029182389937106867,,0.07908459735457346,,0.0,STRONG_BULLISH,87.25,74.19,BREAKOUT_CONFIRMED,RE_ACCUMULATION
2005-03-11,DEVELOPMENT,356,0.5561797752808989,0.23595505617977527,0.20786516853932585,0.019662921348314606,0.0056179775280898875,0.011235955056179775,120.39,-0.0031464767740332356,0.008882929690773533,,0.08992345453977765,,-0.019066242972378467,BULLISH,87.38,61.13,NONE,RE_ACCUMULATION
2005-03-18,DEVELOPMENT,356,0.3960674157303371,0.33146067415730335,0.27247191011235955,0.025280898876404494,0.014044943820224719,0.011235955056179775,118.54,-0.015121302758391408,-0.0075351640991292435,,0.09551738435843869,,-0.03413998207447244,NEUTRAL,87.5,49.7,NONE,NEUTRAL
2005-03-24,DEVELOPMENT,356,0.27808988764044945,0.44662921348314605,0.2752808988764045,0.02247191011235955,0.008426966292134831,0.0,117.14,-0.03532899612945739,-0.030057133394054802,,0.09442265708301258,,-0.04554713598957061,NEUTRAL,87.62,48.83,NONE,DISTRIBUTION
2005-04-01,DEVELOPMENT,356,0.34831460674157305,0.3595505617977528,0.29213483146067415,0.016853932584269662,0.0028089887640449437,0.0056179775280898875,117.43,-0.04318422553572876,-0.028460329279391017,,0.09471364146068678,,-0.04318422553572876,NEUTRAL,78.5,48.54,NONE,DISTRIBUTION
2005-04-08,DEVELOPMENT,357,0.42016806722689076,0.36134453781512604,0.2184873949579832,0.011204481792717087,0.014005602240896359,0.008403361344537815,118.0,-0.019852147188304636,-0.0037149611617696143,,0.08704219115038093,,-0.038539884298867455,NEUTRAL,78.58,33.88,NONE,DISTRIBUTION
2005-04-15,DEVELOPMENT,359,0.2618384401114206,0.4596100278551532,0.2785515320334262,0.04456824512534819,0.013927576601671309,0.055710306406685235,114.15,-0.03703391260334066,-0.0345906630581867,,0.10862386320938398,,-0.06990955756538741,BEARISH,78.67,34.97,NONE,RE_DISTRIBUTION
2005-04-22,DEVELOPMENT,359,0.23676880222841226,0.4735376044568245,0.28969359331476324,0.016713091922005572,0.019498607242339833,0.008356545961002786,115.57,-0.013402765921120108,-0.010361363247131439,,0.11028389946273309,,-0.05833944430864513,BEARISH,78.75,37.08,NONE,RE_DISTRIBUTION
2005-04-29,DEVELOPMENT,359,0.3426183844011142,0.43175487465181056,0.22562674094707522,0.005571030640668524,0.019498607242339833,0.022284122562674095,115.75,-0.014306395299327312,-0.014306395299327312,,0.10958739468624522,,-0.056872810233846716,BEARISH,78.83,37.63,NONE,NEUTRAL
2005-05-06,DEVELOPMENT,359,0.45125348189415043,0.3398328690807799,0.20891364902506965,0.005571030640668524,0.03899721448467967,0.005571030640668524,117.09,-0.007711864406779623,-0.026116609831156934,,0.09984965237005522,,-0.04595453434368124,NEUTRAL,79.0,50.64,NONE,NEUTRAL
2005-05-13,DEVELOPMENT,359,0.3983286908077994,0.37047353760445684,0.23119777158774374,0.011142061281337047,0.011142061281337047,0.0,115.72,0.013753832676303146,-0.041815020286494975,,0.10057609186591225,,-0.05711724924631312,BEARISH,79.08,38.12,NONE,RE_ACCUMULATION
2005-05-20,DEVELOPMENT,359,0.5988857938718662,0.18662952646239556,0.21448467966573817,0.008356545961002786,0.036211699164345405,0.0,119.12,0.030717314181881283,-0.010302426055167735,0.014477942428887669,0.11980975022695448,0.0993439010738658,-0.029414161166788855,NEUTRAL,79.17,42.19,NONE,ACCUMULATION
2005-05-27,DEVELOPMENT,359,0.7075208913649025,0.11977715877437325,0.17270194986072424,0.008356545961002786,0.013927576601671309,0.0,120.25,0.0388768898488121,-0.009717532734909051,0.016054076890578806,0.12002162508634996,0.09960678744646775,-0.020206958363888194,STRONG_BULLISH,79.25,69.7,BREAKOUT_SETUP,ACCUMULATION
2005-06-03,DEVELOPMENT,360,0.7111111111111111,0.1388888888888889,0.15,0.011111111111111112,0.019444444444444445,0.002777777777777778,120.15,0.02613374327440443,-0.02102175507210946,0.007547169811320753,0.11749427217234001,0.09910450691356411,-0.02102175507210946,STRONG_BULLISH,79.42,69.73,BREAKOUT_SETUP,ACCUMULATION
2005-06-10,DEVELOPMENT,360,0.6694444444444444,0.19722222222222222,0.13333333333333333,0.013888888888888888,0.019444444444444445,0.002777777777777778,120.2,0.03871413757345321,-0.0015782041697814941,0.007290706444314177,0.11117036647311813,0.09910360793832393,-0.020614356717998827,STRONG_BULLISH,79.5,70.04,BREAKOUT_SETUP,ACCUMULATION
2005-06-17,DEVELOPMENT,360,0.6944444444444444,0.14166666666666666,0.1638888888888889,0.013888888888888888,0.013888888888888888,0.008333333333333333,121.36,0.018804566823371394,0.023789438164332655,0.016075016744809156,0.10739197337964934,0.09996964075375822,-0.011162714902631876,STRONG_BULLISH,79.58,75.86,BREAKOUT_CONFIRMED,ACCUMULATION
2005-06-24,DEVELOPMENT,359,0.6406685236768802,0.181058495821727,0.17827298050139276,0.013927576601671309,0.013927576601671309,0.008356545961002786,118.98,-0.010561330561330573,0.015707700187809426,-0.014821561646104153,0.11271300350220674,0.10271645780330295,-0.030554876558298694,STRONG_BULLISH,79.67,62.6,NONE,NEUTRAL
2005-07-01,DEVELOPMENT,360,0.575,0.24722222222222223,0.17777777777777778,0.008333333333333333,0.005555555555555556,0.0,119.53,-0.00516021639617148,0.017882994124158946,-0.011086291056507047,0.112890631038291,0.10295659066160158,-0.02607349466308162,NEUTRAL,79.83,51.9,NONE,NEUTRAL
2005-07-08,DEVELOPMENT,360,0.6555555555555556,0.20555555555555555,0.1388888888888889,0.005555555555555556,0.011111111111111112,0.0,121.32,0.009317803660565671,0.028135593220338873,0.024316109422492405,0.11597496552539067,0.10087418168681161,-0.01148863358592045,STRONG_BULLISH,79.92,65.47,NONE,ACCUMULATION
2005-07-15,DEVELOPMENT,360,0.7194444444444444,0.1361111111111111,0.14444444444444443,0.008333333333333333,0.019444444444444445,0.005555555555555556,122.84,0.012195121951219523,0.07612790188348662,0.03890392422192157,0.08918874034072974,0.10207715474453762,0.0,STRONG_BULLISH,80.0,75.35,BREAKOUT_CONFIRMED,ACCUMULATION
2005-07-22,DEVELOPMENT,360,0.7638888888888888,0.11944444444444445,0.11666666666666667,0.005555555555555556,0.025,0.0,123.54,0.03832576903681284,0.0689625335294628,0.05788662442199022,0.088002298963677,0.10013276090474588,0.0,STRONG_BULLISH,80.08,73.71,BREAKOUT_SETUP,ACCUMULATION
2005-07-29,DEVELOPMENT,359,0.7437325905292479,0.12534818941504178,0.1309192200557103,0.005571030640668524,0.008356545961002786,0.0,123.74,0.035221283359825994,0.06902807775377973,0.05373413948735406,0.08799133418439578,0.10001719450241023,0.0,STRONG_BULLISH,80.17,66.6,NONE,ACCUMULATION
2005-08-05,DEVELOPMENT,360,0.6666666666666666,0.16944444444444445,0.1638888888888889,0.025,0.019444444444444445,0.008333333333333333,122.88,0.01285855588526208,0.04944914168588266,0.022041087914829838,0.08996766996660918,0.09547522575997036,-0.006950056570227847,STRONG_BULLISH,80.33,63.55,NONE,ACCUMULATION
2005-08-12,DEVELOPMENT,360,0.55,0.21666666666666667,0.23333333333333334,0.013888888888888888,0.011111111111111112,0.0,123.06,0.0017909475740800485,0.06342896647079166,0.018961662664569,0.08378488104162618,0.0953358129396337,-0.005495393567156892,STRONG_BULLISH,80.42,62.41,NONE,RE_ACCUMULATION
2005-08-19,DEVELOPMENT,360,0.5,0.21666666666666667,0.2833333333333333,0.013888888888888888,0.019444444444444445,0.002777777777777778,122.47,-0.008661162376558229,0.028122901276024237,0.01753074111000341,0.06642483949561082,0.09548454605530261,-0.010263455632778418,BULLISH,80.5,56.07,NONE,NEUTRAL
2005-08-26,DEVELOPMENT,360,0.41388888888888886,0.2777777777777778,0.30833333333333335,0.019444444444444445,0.008333333333333333,0.011111111111111112,120.76,-0.02408275416195238,0.004241164241164386,-0.005517582146092437,0.07159494367185816,0.09689296599856048,-0.02408275416195238,NEUTRAL,80.58,39.8,NONE,RE_DISTRIBUTION
2005-09-02,DEVELOPMENT,361,0.5650969529085873,0.24376731301939059,0.19113573407202217,0.019390581717451522,0.008310249307479225,0.0,122.27,-0.00496419270833337,0.017644610903037705,-0.0037480648578180897,0.07548632292997731,0.0973434554112926,-0.011879747858412837,BULLISH,80.75,57.0,NONE,NEUTRAL
2005-09-09,DEVELOPMENT,361,0.6592797783933518,0.1883656509695291,0.1523545706371191,0.0110803324099723,0.027700831024930747,0.00554016620498615,124.6,0.012514220705347023,0.03660565723793674,0.03496968186726468,0.08324377583331051,0.09678661865415995,0.0,STRONG_BULLISH,80.83,71.13,BREAKOUT_SETUP,RE_ACCUMULATION
2005-09-16,DEVELOPMENT,362,0.6215469613259669,0.22375690607734808,0.15469613259668508,0.011049723756906077,0.019337016574585635,0.0055248618784530384,123.5,0.008410222911733545,0.017633487145682247,0.041842416062088716,0.08487181480514795,0.09485163453116874,-0.008828250401284099,STRONG_BULLISH,80.92,64.39,NONE,RE_ACCUMULATION
2005-09-23,DEVELOPMENT,362,0.40607734806629836,0.3397790055248619,0.2541436464088398,0.0027624309392265192,0.016574585635359115,0.0,121.44,0.005631003643590482,0.020675743822491155,0.03670821239542432,0.08187574924029094,0.09652551232979759,-0.025361155698234272,NEUTRAL,81.0,40.62,NONE,NEUTRAL
2005-09-30,DEVELOPMENT,362,0.4972375690607735,0.31767955801104975,0.1850828729281768,0.008287292817679558,0.019337016574585635,0.0027624309392265192,123.04,0.006297538235053635,0.02936501296745586,0.04777314144596789,0.08495695090077035,0.09793224478420581,-0.01252006420545737,BULLISH,81.08,56.34,NONE,NEUTRAL
2005-10-07,DEVELOPMENT,362,0.3674033149171271,0.4005524861878453,0.23204419889502761,0.011049723756906077,0.016574585635359115,0.008287292817679558,119.61,-0.04004815409309792,-0.014094955489614147,0.013644067796610093,0.09926165899299715,0.10643858008515864,-0.04004815409309792,NEUTRAL,81.25,36.12,NONE,NEUTRAL
2005-10-14,DEVELOPMENT,361,0.2077562326869806,0.4626038781163435,0.3296398891966759,0.01662049861495845,0.019390581717451522,0.0110803324099723,118.67,-0.03910931174089072,-0.03394659719960924,0.03959702146298727,0.09552187268954111,0.09554989799164537,-0.04759229534510423,BEARISH,81.33,35.08,NONE,NEUTRAL
2005-10-21,DEVELOPMENT,362,0.281767955801105,0.43370165745856354,0.2845303867403315,0.008287292817679558,0.013812154696132596,0.011049723756906077,118.13,-0.02725625823451916,-0.0437914845394205,0.022151077269187525,0.09386154303913923,0.09454891493719776,-0.05192616372391656,BEARISH,81.42,35.26,NONE,NEUTRAL
2005-10-28,DEVELOPMENT,363,0.3608815426997245,0.4022038567493113,0.2369146005509642,0.011019283746556474,0.027548209366391185,0.008264462809917356,119.8,-0.026332899869961013,-0.03184095684499755,0.03498920086393076,0.09988482934142383,0.09637969814703572,-0.038523274478330594,BEARISH,81.5,34.41,NONE,NEUTRAL
2005-11-04,DEVELOPMENT,363,0.5371900826446281,0.25068870523415976,0.21212121212121213,0.013774104683195593,0.04132231404958678,0.0027548209366391185,122.11,0.020901262436251233,-0.00626627604166663,0.042873003672388776,0.1081408114164209,0.09865951519729967,-0.01998394863563402,BULLISH,81.67,47.34,NONE,NEUTRAL
2005-11-11,DEVELOPMENT,363,0.6060606060606061,0.20110192837465565,0.1928374655647383,0.008264462809917356,0.027548209366391185,0.0,123.76,0.04289205359400028,0.005688282138794021,0.06947805046664368,0.11165828628455267,0.09797422896513083,-0.006741573033707815,STRONG_BULLISH,81.75,62.36,NONE,RE_ACCUMULATION
2005-11-18,DEVELOPMENT,363,0.6528925619834711,0.16804407713498623,0.1790633608815427,0.005509641873278237,0.011019283746556474,0.005509641873278237,125.13,0.05925675103699324,0.02171960480117585,0.0504533243787777,0.11287086613494625,0.09074826346498069,0.0,STRONG_BULLISH,81.83,62.58,NONE,ACCUMULATION
2005-11-25,DEVELOPMENT,363,0.7410468319559229,0.11294765840220386,0.14600550964187328,0.0027548209366391185,0.027548209366391185,0.0,127.13,0.061185308848080044,0.05274925472010583,0.05721413721413726,0.11065431811141496,0.0923189423691649,0.0,STRONG_BULLISH,81.92,65.72,NONE,ACCUMULATION
2005-12-02,DEVELOPMENT,363,0.7493112947658402,0.10192837465564739,0.1487603305785124,0.005509641873278237,0.02203856749311295,0.0,126.85,0.03881745966751282,0.03745808456694211,0.05576362879733665,0.10970266278973047,0.09243351823648197,-0.002202469912687799,STRONG_BULLISH,82.08,64.03,NONE,ACCUMULATION
2005-12-09,DEVELOPMENT,363,0.7134986225895317,0.12672176308539945,0.15977961432506887,0.008264462809917356,0.024793388429752067,0.0027548209366391185,126.33,0.020765998707175104,0.013884430176565044,0.050998336106489184,0.10461908467711742,0.09283130348138662,-0.006292771179107981,STRONG_BULLISH,82.17,61.96,NONE,RE_ACCUMULATION
2005-12-16,DEVELOPMENT,365,0.7315068493150685,0.1178082191780822,0.1506849315068493,0.00821917808219178,0.019178082191780823,0.005479452054794521,126.36,0.009829777031886922,0.023157894736842044,0.04119973632168761,0.10241694349724212,0.09216873310989007,-0.006056792259891419,STRONG_BULLISH,82.25,60.96,NONE,NEUTRAL
2005-12-23,DEVELOPMENT,365,0.7232876712328767,0.136986301369863,0.13972602739726028,0.00821917808219178,0.0027397260273972603,0.0,126.76,-0.002910406670337373,0.043807641633728744,0.06538914103210614,0.09421505744147465,0.08671651769180089,-0.002910406670337373,STRONG_BULLISH,82.33,58.74,NONE,RE_DISTRIBUTION
2005-12-30,DEVELOPMENT,366,0.6229508196721312,0.18032786885245902,0.19672131147540983,0.02185792349726776,0.00546448087431694,0.0,124.51,-0.018446984627512708,0.011947334200260062,0.04166318079143316,0.10038615975051982,0.09123647765938644,-0.02060882561157862,BULLISH,82.42,52.98,NONE,RE_DISTRIBUTION
2006-01-06,DEVELOPMENT,367,0.776566757493188,0.10626702997275204,0.11716621253405994,0.0,0.02452316076294278,0.0027247956403269754,128.44,0.016702287659305037,0.0738232589248391,0.05868776788658092,0.09660288758563322,0.09896521306289804,0.0,STRONG_BULLISH,82.58,71.75,BREAKOUT_SETUP,RE_ACCUMULATION
2006-01-13,DEVELOPMENT,367,0.782016348773842,0.08446866485013624,0.1335149863760218,0.0027247956403269754,0.01634877384196185,0.0027247956403269754,128.68,0.018360240582462772,0.08435156315833825,0.04754151742103563,0.09261735756362964,0.09781192913699842,0.0,STRONG_BULLISH,82.67,62.56,NONE,RE_ACCUMULATION
2006-01-20,DEVELOPMENT,368,0.6684782608695652,0.11413043478260869,0.21739130434782608,0.005434782608695652,0.016304347826086956,0.002717391304347826,125.97,-0.006232249921110822,0.06636756116143228,0.019669742593491968,0.10594453851639817,0.10282869067460883,-0.021059993783027697,STRONG_BULLISH,82.75,66.33,NONE,ACCUMULATION
2006-01-27,DEVELOPMENT,369,0.6883468834688347,0.13008130081300814,0.18157181571815717,0.008130081300813009,0.024390243902439025,0.008130081300813009,128.54,0.03236687816239647,0.07295492487479138,0.038791013415225395,0.10896953042754182,0.10648769045899728,-0.0010879701585329027,STRONG_BULLISH,82.83,74.33,BREAKOUT_SETUP,ACCUMULATION
2006-02-03,DEVELOPMENT,369,0.6368563685636857,0.18699186991869918,0.17615176151761516,0.005420054200542005,0.024390243902439025,0.005420054200542005,126.27,-0.016895048271566515,0.034067643927606195,0.027587890625,0.1137203048514346,0.10930965753713924,-0.01872862915760032,BULLISH,83.0,50.52,NONE,NEUTRAL
2006-02-10,DEVELOPMENT,369,0.5447154471544715,0.21138211382113822,0.24390243902439024,0.005420054200542005,0.02981029810298103,0.005420054200542005,126.64,-0.015853279452906488,0.023270846800258482,0.029091500081261268,0.11130193307617141,0.10933786479406067,-0.015853279452906488,NEUTRAL,83.08,50.45,NONE,RE_DISTRIBUTION
2006-02-17,DEVELOPMENT,368,0.654891304347826,0.14130434782608695,0.20380434782608695,0.005434782608695652,0.019021739130434784,0.002717391304347826,128.81,0.022545050408827594,0.029409414209222495,0.05176777986445669,0.11409784019253365,0.11121354878379436,0.0,STRONG_BULLISH,83.17,62.14,NONE,NEUTRAL
2006-02-24,DEVELOPMENT,369,0.7100271002710027,0.11924119241192412,0.17073170731707318,0.01084010840108401,0.02981029810298103,0.0027100271002710027,129.41,0.0067683211451687875,0.017934397860457807,0.07162967870155668,0.11042165828933825,0.10872427144662733,0.0,STRONG_BULLISH,83.25,69.08,BREAKOUT_CONFIRMED,NEUTRAL
2006-03-03,DEVELOPMENT,369,0.7235772357723578,0.14634146341463414,0.13008130081300814,0.013550135501355014,0.032520325203252036,0.0027100271002710027,128.76,0.019719648372535037,0.015057154119038296,0.05307925083830867,0.11097149683054072,0.10828611179184122,-0.005022795765396881,STRONG_BULLISH,83.42,63.57,NONE,RE_ACCUMULATION
2006-03-10,DEVELOPMENT,369,0.6097560975609756,0.1951219512195122,0.1951219512195122,0.0027100271002710027,0.018970189701897018,0.0,128.59,0.015397978521794142,0.01788965408058263,0.03202247191011254,0.11052830968034669,0.10544634308716612,-0.006336450042500497,STRONG_BULLISH,83.5,64.26,NONE,ACCUMULATION
2006-03-17,DEVELOPMENT,369,0.7046070460704607,0.14092140921409213,0.15447154471544716,0.005420054200542005,0.02710027100271003,0.0,130.62,0.014051704060243697,0.033713200379867025,0.057651821862348296,0.11409262621649614,0.10626375453142954,0.0,STRONG_BULLISH,83.58,61.91,NONE,RE_ACCUMULATION
2006-03-24,DEVELOPMENT,369,0.7208672086720868,0.14363143631436315,0.13550135501355012,0.005420054200542005,0.024390243902439025,0.0027100271002710027,130.21,0.006181902480488555,0.027216787630167216,0.07221673254281957,0.11466899296890223,0.1029157121777249,-0.003138876129229806,STRONG_BULLISH,83.67,61.01,NONE,NEUTRAL
2006-03-31,DEVELOPMENT,369,0.6449864498644986,0.17615176151761516,0.17886178861788618,0.01084010840108401,0.016260162601626018,0.0,129.83,0.008310034172103409,0.04272749176772961,0.05518530559167756,0.10708192487903191,0.10204862123515542,-0.006048078395345269,STRONG_BULLISH,83.75,62.37,NONE,RE_ACCUMULATION
2006-04-07,DEVELOPMENT,370,0.6189189189189189,0.1864864864864865,0.1945945945945946,0.02702702702702703,0.01891891891891892,0.005405405405405406,129.54,0.0073878217590792605,0.008564310183743373,0.08301981439678952,0.08811436482390257,0.09232750562343195,-0.0082682590721177,STRONG_BULLISH,83.92,60.77,NONE,RE_ACCUMULATION
2006-04-13,DEVELOPMENT,370,0.5216216216216216,0.24054054054054055,0.23783783783783785,0.016216216216216217,0.016216216216216217,0.0,128.71,-0.01462256928494865,0.000233136462542749,0.08460436504592583,0.08919689909008179,0.09198967549908678,-0.01462256928494865,NEUTRAL,84.0,50.94,NONE,NEUTRAL
2006-04-21,DEVELOPMENT,372,0.6209677419354839,0.21505376344086022,0.1639784946236559,0.008064516129032258,0.016129032258064516,0.005376344086021506,131.15,0.007219107595422658,0.04112090180201644,0.1102175569288073,0.08382707779352595,0.09385502425001352,0.0,STRONG_BULLISH,84.08,63.01,NONE,RE_ACCUMULATION
2006-04-28,DEVELOPMENT,372,0.6209677419354839,0.19086021505376344,0.1881720430107527,0.01881720430107527,0.024193548387096774,0.008064516129032258,131.47,0.012631903258106592,0.02279446086821224,0.09741235392320546,0.07506359072786972,0.09270667671414147,0.0,STRONG_BULLISH,84.17,62.9,NONE,RE_ACCUMULATION
2006-05-05,DEVELOPMENT,372,0.6451612903225806,0.1881720430107527,0.16666666666666666,0.010752688172043012,0.03225806451612903,0.005376344086021506,132.52,0.023004477381503907,0.04949710936881302,0.0852510031938416,0.06279720158651059,0.09008698882013966,0.0,STRONG_BULLISH,84.33,71.15,BREAKOUT_SETUP,RE_ACCUMULATION
2006-05-12,DEVELOPMENT,372,0.5645161290322581,0.2661290322580645,0.1693548387096774,0.026881720430107527,0.03225806451612903,0.005376344086021506,129.24,0.004117784165954541,0.020530638029058856,0.04427925016160317,0.08489432735088649,0.0969873158949992,-0.024750980984002413,STRONG_BULLISH,84.42,61.42,NONE,RE_ACCUMULATION
2006-05-19,DEVELOPMENT,373,0.2225201072386059,0.35924932975871315,0.41823056300268097,0.0160857908847185,0.024128686327077747,0.0160857908847185,127.1,-0.03088067098741909,-0.01327536681934638,0.01574362662830664,0.08497038919600164,0.09931034779546674,-0.04089948686990652,NEUTRAL,84.5,37.57,NONE,NEUTRAL
2006-05-26,DEVELOPMENT,373,0.2225201072386059,0.35656836461126007,0.42091152815013405,0.00804289544235925,0.04825737265415549,0.005361930294906166,128.38,-0.023503460865596737,-0.007959199443628773,0.009832454967356297,0.08718289972898449,0.0977565910675074,-0.03124056746151538,NEUTRAL,84.58,35.98,NONE,NEUTRAL
2006-06-02,DEVELOPMENT,373,0.40214477211796246,0.2734584450402145,0.32439678284182305,0.0160857908847185,0.032171581769437,0.005361930294906166,129.0,-0.026562028373075863,0.0018639328984157988,0.016949152542372836,0.08721778128919758,0.09786330887150892,-0.026562028373075863,NEUTRAL,84.75,36.63,NONE,NEUTRAL
2006-06-09,DEVELOPMENT,373,0.257372654155496,0.4075067024128686,0.3351206434316354,0.0160857908847185,0.0160857908847185,0.00804289544235925,125.35,-0.03009904054472312,-0.025196360525701955,-0.007757460619013723,0.10428503445843532,0.10599357500220065,-0.05410504074856637,NEUTRAL,84.83,38.18,NONE,NEUTRAL
2006-06-16,DEVELOPMENT,373,0.18230563002680966,0.450402144772118,0.3672922252010724,0.021447721179624665,0.02680965147453083,0.002680965147453083,124.65,-0.019276160503540418,-0.04570509875976114,-0.013532763532763448,0.09712410688960417,0.10626353341600392,-0.05938726230003022,BEARISH,84.92,35.22,NONE,NEUTRAL
2006-06-23,DEVELOPMENT,374,0.22994652406417113,0.45454545454545453,0.3155080213903743,0.01871657754010695,0.03208556149732621,0.00267379679144385,124.44,-0.030690138650880217,-0.04431303279318033,-0.018302303565793654,0.09719156755314932,0.10614449388118377,-0.06097192876546942,BEARISH,85.0,35.89,NONE,RE_DISTRIBUTION
2006-06-30,DEVELOPMENT,374,0.4385026737967914,0.3342245989304813,0.22727272727272727,0.008021390374331552,0.05080213903743316,0.008021390374331552,127.23,-0.01372093023255816,-0.020026188092120534,0.0218456348887639,0.1100877597665933,0.10783811640921703,-0.03991850286749177,NEUTRAL,85.08,36.03,NONE,RE_DISTRIBUTION
2006-07-07,DEVELOPMENT,374,0.49732620320855614,0.32085561497326204,0.18181818181818182,0.016042780748663103,0.01871657754010695,0.0053475935828877,126.61,0.010051854806541805,-0.022618496217384543,-0.01424789785113667,0.11029586621469782,0.09819539420217452,-0.04459704195593128,NEUTRAL,85.25,48.93,NONE,NEUTRAL
2006-07-14,DEVELOPMENT,375,0.328,0.5093333333333333,0.16266666666666665,0.021333333333333333,0.018666666666666668,0.010666666666666666,123.52,-0.009065383072603406,-0.04032320721000704,-0.04009947155735161,0.11917645583637139,0.10377007601077003,-0.06791427709025066,BEARISH,85.33,37.3,NONE,NEUTRAL
2006-07-21,DEVELOPMENT,374,0.32887700534759357,0.5133689839572193,0.15775401069518716,0.03208556149732621,0.026737967914438502,0.026737967914438502,123.95,-0.003937640630022443,-0.05489897064430049,-0.01603556402318007,0.11050518521281417,0.09986541297223894,-0.06466948385149418,BEARISH,85.42,38.8,NONE,NEUTRAL
2006-07-28,DEVELOPMENT,375,0.4826666666666667,0.34933333333333333,0.168,0.021333333333333333,0.056,0.010666666666666666,127.98,0.005894836123555791,-0.02654598007149911,-0.004356620507234954,0.1325369887708644,0.10640036879663851,-0.0342589797766375,NEUTRAL,85.5,40.15,NONE,NEUTRAL
2006-08-04,DEVELOPMENT,375,0.5306666666666666,0.296,0.17333333333333334,0.029333333333333333,0.04,0.005333333333333333,128.2,0.012558249743306105,-0.03259885300332044,0.01528470737308929,0.1310935726782427,0.10321602052970202,-0.03259885300332044,BULLISH,85.67,51.32,NONE,RE_ACCUMULATION
2006-08-11,DEVELOPMENT,375,0.4613333333333333,0.37333333333333335,0.16533333333333333,0.029333333333333333,0.029333333333333333,0.005333333333333333,127.01,0.02825453367875652,-0.017254719900959503,0.0029216677195198493,0.12306659274255452,0.10410392866986401,-0.04157862964080894,BULLISH,85.75,51.08,NONE,RE_ACCUMULATION
2006-08-18,DEVELOPMENT,375,0.6133333333333333,0.19733333333333333,0.18933333333333333,0.021333333333333333,0.034666666666666665,0.0026666666666666666,130.69,0.054376764824525914,0.028245476003147196,0.014595140128871975,0.1318296776840825,0.10932242477278999,-0.013809236341684406,STRONG_BULLISH,85.83,62.8,NONE,ACCUMULATION
2006-08-25,DEVELOPMENT,375,0.6106666666666667,0.208,0.18133333333333335,0.013333333333333334,0.04,0.0026666666666666666,129.81,0.014299109235818008,0.011138806667705392,0.0030909512402441663,0.13182069670684698,0.10964411301387486,-0.020449743434953316,STRONG_BULLISH,85.92,62.91,NONE,RE_ACCUMULATION
2006-09-01,DEVELOPMENT,375,0.6533333333333333,0.16533333333333333,0.18133333333333335,0.008,0.042666666666666665,0.0,131.42,0.025117004680187183,0.01875968992248045,0.020658589624106938,0.1336303248235797,0.11067241017394752,-0.008300633866586304,STRONG_BULLISH,86.08,63.22,NONE,RE_ACCUMULATION
2006-09-08,DEVELOPMENT,376,0.6143617021276596,0.21010638297872342,0.17553191489361702,0.018617021276595744,0.03723404255319149,0.0,130.28,0.02574600425163376,0.03932987634623064,0.013142546076677863,0.11964735285514803,0.11146511271706684,-0.01690310896468461,STRONG_BULLISH,86.08,61.26,NONE,RE_ACCUMULATION
2006-09-15,DEVELOPMENT,376,0.6702127659574468,0.13829787234042554,0.19148936170212766,0.018617021276595744,0.02925531914893617,0.007978723404255319,131.96,0.009717652460019988,0.05864420377055768,0.010258765885775567,0.11954479359165672,0.11071916148125877,-0.004225777241171125,STRONG_BULLISH,86.08,65.02,NONE,ACCUMULATION
2006-09-22,DEVELOPMENT,375,0.664,0.14666666666666667,0.18933333333333333,0.018666666666666668,0.010666666666666666,0.0026666666666666666,131.47,0.012787920807333819,0.05649308903889416,0.009676676138545393,0.12006868598757468,0.11076145967331415,-0.007923332327195998,STRONG_BULLISH,86.0,64.41,NONE,ACCUMULATION
2006-09-29,DEVELOPMENT,375,0.744,0.112,0.144,0.010666666666666666,0.018666666666666668,0.0,133.58,0.016435854512250936,0.04990961251277226,0.028883925132866084,0.11654099475022928,0.1127794557252825,0.0,STRONG_BULLISH,86.0,64.98,NONE,ACCUMULATION
2006-10-06,DEVELOPMENT,376,0.7898936170212766,0.10106382978723404,0.10904255319148937,0.015957446808510637,0.034574468085106384,0.005319148936170213,135.01,0.036306416948111764,0.066345470341995,0.0422263393546396,0.11563596376704177,0.11343942821573784,0.0,STRONG_BULLISH,86.08,75.17,BREAKOUT_SETUP,ACCUMULATION
2006-10-13,DEVELOPMENT,376,0.7925531914893617,0.06914893617021277,0.13829787234042554,0.013297872340425532,0.031914893617021274,0.0,136.63,0.03538951197332518,0.10613665803108807,0.06153368036671569,0.09681217283844741,0.11368590259408491,0.0,STRONG_BULLISH,86.08,74.82,BREAKOUT_SETUP,ACCUMULATION
2006-10-20,DEVELOPMENT,377,0.7931034482758621,0.06631299734748011,0.14058355437665782,0.023872679045092837,0.03713527851458886,0.002652519893899204,136.84,0.040845820339241,0.10399354578459064,0.04338543652306526,0.09727127216301645,0.1110535648323237,0.0,STRONG_BULLISH,86.08,70.56,NONE,ACCUMULATION
2006-10-27,DEVELOPMENT,377,0.7798408488063661,0.08222811671087533,0.13793103448275862,0.013262599469496022,0.03183023872679045,0.002652519893899204,137.91,0.0324150321904475,0.07759024847632445,0.04898455921502998,0.08121148180154325,0.11138329136548576,0.0,STRONG_BULLISH,86.0,72.0,NONE,ACCUMULATION
2006-11-03,DEVELOPMENT,377,0.7214854111405835,0.1273209549071618,0.15119363395225463,0.03183023872679045,0.021220159151193633,0.0,136.54,0.011332493889341544,0.06505460218408743,0.030335043766978487,0.0869076477081999,0.11224495428065583,-0.009934014937277968,STRONG_BULLISH,86.08,65.03,NONE,ACCUMULATION
2006-11-10,DEVELOPMENT,377,0.7347480106100795,0.13527851458885942,0.129973474801061,0.005305039787798408,0.015915119363395226,0.0,138.24,0.011783649271756014,0.08841823478466271,0.0696378830083566,0.08225539832281216,0.10649144717465613,0.0,STRONG_BULLISH,86.08,64.03,NONE,ACCUMULATION
2006-11-17,DEVELOPMENT,377,0.8169761273209549,0.09549071618037135,0.08753315649867374,0.007957559681697613,0.015915119363395226,0.002652519893899204,140.42,0.026161940952937668,0.07445099089448304,0.10479937057435085,0.07001946030617555,0.10412036774442385,0.0,STRONG_BULLISH,86.08,74.29,BREAKOUT_SETUP,ACCUMULATION
2006-11-24,DEVELOPMENT,377,0.8090185676392573,0.08753315649867374,0.10344827586206896,0.013262599469496022,0.010610079575596816,0.0,140.35,0.01769269813646579,0.08119559355981809,0.09323882224645574,0.06627751706977521,0.10389869039243438,-0.0004985044865403188,STRONG_BULLISH,86.0,62.98,NONE,RE_ACCUMULATION
2006-12-01,DEVELOPMENT,377,0.7586206896551724,0.09814323607427056,0.14323607427055704,0.010610079575596816,0.013262599469496022,0.0,140.22,0.02695180899370153,0.06696088875361439,0.0869767441860465,0.06611282694625857,0.1040681473434515,-0.0014242985329724345,STRONG_BULLISH,86.08,69.07,NONE,ACCUMULATION
2006-12-08,DEVELOPMENT,378,0.783068783068783,0.07671957671957672,0.1402116402116402,0.005291005291005291,0.026455026455026454,0.0026455026455026454,141.42,0.0230034722222221,0.08550813632176846,0.12820103709613084,0.05925350595916895,0.09327802196611605,0.0,STRONG_BULLISH,86.08,67.1,NONE,ACCUMULATION
2006-12-15,DEVELOPMENT,378,0.7804232804232805,0.07407407407407407,0.1455026455026455,0.015873015873015872,0.007936507936507936,0.0026455026455026454,142.25,0.013032331576698475,0.07797817520460737,0.14119534697152014,0.05753812840008658,0.09204185611021654,0.0,STRONG_BULLISH,86.08,64.82,NONE,ACCUMULATION
2006-12-22,DEVELOPMENT,378,0.6349206349206349,0.12698412698412698,0.23809523809523808,0.03968253968253968,0.013227513227513227,0.0,140.75,0.002850017812611405,0.0705864455769376,0.13106718097074888,0.06373277441076074,0.09424108320799485,-0.010544815465729385,STRONG_BULLISH,85.92,62.35,NONE,RE_ACCUMULATION
2006-12-29,DEVELOPMENT,378,0.6455026455026455,0.1455026455026455,0.20899470899470898,0.015873015873015872,0.010582010582010581,0.0,141.62,0.009984310369419491,0.060188650995657955,0.11310225575729005,0.0594286259547733,0.09066682721370861,-0.004428822495606277,STRONG_BULLISH,86.0,61.05,NONE,RE_ACCUMULATION
2007-01-05,DEVELOPMENT,378,0.6111111111111112,0.17195767195767195,0.21693121693121692,0.015873015873015872,0.015873015873015872,0.015873015873015872,140.54,-0.00622259934945546,0.040959928894156006,0.1100229049838084,0.0624180095634289,0.0913214121394048,-0.012021089630931514,STRONG_BULLISH,86.08,61.67,NONE,NEUTRAL
2007-01-12,DEVELOPMENT,378,0.6402116402116402,0.15079365079365079,0.20899470899470898,0.015873015873015872,0.010582010582010581,0.005291005291005291,143.24,0.006959578207381467,0.048378833345531724,0.15965025906735764,0.06825433242783048,0.08350058534165522,0.0,STRONG_BULLISH,86.08,70.96,BREAKOUT_SETUP,NEUTRAL
2007-01-19,DEVELOPMENT,379,0.6912928759894459,0.1345646437994723,0.1741424802110818,0.013192612137203167,0.013192612137203167,0.002638522427440633,142.82,0.014706927175843543,0.04370067231803554,0.15223880597014916,0.06943796079258997,0.08435556221807791,-0.002932141859815829,STRONG_BULLISH,86.08,70.33,BREAKOUT_SETUP,NEUTRAL
2007-01-26,DEVELOPMENT,381,0.6614173228346457,0.15223097112860892,0.18635170603674542,0.007874015748031496,0.013123359580052493,0.0026246719160104987,142.13,0.003601186273125112,0.030599666449133478,0.11056415064853886,0.07050165514385884,0.07558585914748392,-0.007749232058084421,STRONG_BULLISH,86.0,62.36,NONE,RE_ACCUMULATION
2007-02-02,DEVELOPMENT,382,0.756544502617801,0.10471204188481675,0.1387434554973822,0.007853403141361256,0.015706806282722512,0.0,144.81,0.030382809164650748,0.060568331624432536,0.12956318252730115,0.0722297157700036,0.07830235947442636,0.0,STRONG_BULLISH,86.08,72.2,BREAKOUT_SETUP,ACCUMULATION
2007-02-09,DEVELOPMENT,382,0.7774869109947644,0.0968586387434555,0.1256544502617801,0.020942408376963352,0.015706806282722512,0.0,143.94,0.004886903099692752,0.04123263888888884,0.13329659081962042,0.07294430678610685,0.07721083936056486,-0.006007872384503843,STRONG_BULLISH,86.08,65.29,NONE,ACCUMULATION
2007-02-16,DEVELOPMENT,383,0.7963446475195822,0.08093994778067885,0.1227154046997389,0.0,0.015665796344647518,0.0026109660574412533,145.73,0.02037529757737011,0.037815126050420256,0.1150814905501567,0.07071763299464078,0.06964783730960321,0.0,STRONG_BULLISH,86.08,72.93,BREAKOUT_SETUP,ACCUMULATION
2007-02-23,DEVELOPMENT,383,0.7650130548302873,0.08616187989556136,0.14882506527415143,0.018276762402088774,0.018276762402088774,0.0,145.3,0.022303524941954755,0.03526897043106536,0.11932824897927752,0.07139561627235122,0.06860545703850611,-0.0029506621834898272,STRONG_BULLISH,86.0,66.15,NONE,ACCUMULATION
2007-03-02,DEVELOPMENT,383,0.3524804177545692,0.21409921671018275,0.43342036553524804,0.031331592689295036,0.018276762402088774,0.007832898172323759,138.67,-0.042400386713624894,-0.01105405790900027,0.055166641302693664,0.12042256426424283,0.09750631124973026,-0.04844575584985933,NEUTRAL,86.08,39.56,NONE,RE_ACCUMULATION
2007-03-09,DEVELOPMENT,385,0.32987012987012987,0.2701298701298701,0.4,0.012987012987012988,0.03636363636363636,0.0025974025974025974,140.78,-0.02195359177435041,-0.0045255267996039406,0.08059564015965615,0.12334707302871298,0.09783947737165431,-0.03396692513552457,NEUTRAL,86.08,37.38,NONE,NEUTRAL
2007-03-16,DEVELOPMENT,385,0.36883116883116884,0.2987012987012987,0.33246753246753247,0.015584415584415584,0.023376623376623377,0.007792207792207792,138.44,-0.05002401701777259,-0.026783831282952586,0.0491057896332221,0.1266987030807872,0.10054484757392204,-0.05002401701777259,NEUTRAL,86.08,35.99,NONE,NEUTRAL
2007-03-23,DEVELOPMENT,385,0.6207792207792208,0.2,0.17922077922077922,0.01038961038961039,0.033766233766233764,0.0025974025974025974,143.39,-0.013145216792842529,0.018756660746003462,0.090667072335894,0.14551748899471303,0.11089013886463776,-0.01605709188224802,BULLISH,86.08,57.25,NONE,NEUTRAL
2007-03-30,DEVELOPMENT,386,0.5932642487046632,0.21502590673575128,0.19170984455958548,0.007772020725388601,0.031088082901554404,0.0025906735751295338,142.0,0.024013845821013957,0.0026832368309559484,0.06303338823177107,0.14681902694804513,0.11078641962184385,-0.025595278940506394,BULLISH,86.0,60.45,NONE,RE_ACCUMULATION
2007-04-05,DEVELOPMENT,387,0.627906976744186,0.2041343669250646,0.16795865633074936,0.00516795865633075,0.015503875968992248,0.002583979328165375,144.24,0.024577354737888912,0.026327024334709126,0.0683653062736096,0.14872374710516315,0.11179778057028925,-0.010224387566046711,STRONG_BULLISH,86.08,64.67,NONE,ACCUMULATION
2007-04-13,DEVELOPMENT,388,0.6494845360824743,0.19072164948453607,0.15979381443298968,0.005154639175257732,0.02577319587628866,0.002577319587628866,145.32,0.04969661947414039,0.014521083496229936,0.06360242992022247,0.14470626364615743,0.11119455683694132,-0.0028134220819323597,STRONG_BULLISH,86.08,63.82,NONE,ACCUMULATION
2007-04-20,DEVELOPMENT,390,0.7102564102564103,0.11794871794871795,0.1717948717948718,0.002564102564102564,0.010256410256410256,0.0,148.62,0.036473952158449174,0.04061055874527386,0.08608593978368906,0.15043246208857172,0.11479029367444882,0.0,STRONG_BULLISH,86.08,79.83,BREAKOUT_SETUP,ACCUMULATION
2007-04-27,DEVELOPMENT,390,0.7487179487179487,0.12307692307692308,0.1282051282051282,0.007692307692307693,0.007692307692307693,0.0,149.53,0.05302816901408458,0.05206501090550919,0.08425784932202163,0.14946866444985965,0.11467650439619265,0.0,STRONG_BULLISH,86.0,80.05,BREAKOUT_SETUP,ACCUMULATION
2007-05-04,DEVELOPMENT,390,0.7102564102564103,0.14615384615384616,0.14358974358974358,0.005128205128205128,0.002564102564102564,0.0,150.92,0.04631170271769247,0.042193218700365964,0.10531712318734443,0.14657708138729572,0.11329839261195139,0.0,STRONG_BULLISH,86.08,75.85,BREAKOUT_SETUP,ACCUMULATION
2007-05-11,DEVELOPMENT,390,0.6948717948717948,0.1641025641025641,0.14102564102564102,0.01282051282051282,0.005128205128205128,0.002564102564102564,150.86,0.03812276355628974,0.04807558705015991,0.0912905092592593,0.1454457130447323,0.11275564358921843,-0.0003975616220512901,STRONG_BULLISH,86.08,66.33,NONE,ACCUMULATION
2007-05-18,DEVELOPMENT,390,0.6666666666666666,0.18461538461538463,0.14871794871794872,0.017948717948717947,0.015384615384615385,0.010256410256410256,152.62,0.026914278024491978,0.047279214986619245,0.08688221051132339,0.14525597930534642,0.1119723053291993,0.0,STRONG_BULLISH,86.08,73.1,BREAKOUT_SETUP,ACCUMULATION
2007-05-25,DEVELOPMENT,391,0.6521739130434783,0.1918158567774936,0.15601023017902813,0.010230179028132993,0.015345268542199489,0.0,151.69,0.014445261820370536,0.04397797660013758,0.0807980049875312,0.146018126585065,0.11264735238669074,-0.006093565718778726,STRONG_BULLISH,86.0,60.24,NONE,NEUTRAL
2007-06-01,DEVELOPMENT,391,0.710997442455243,0.12531969309462915,0.1636828644501279,0.010230179028132993,0.017902813299232736,0.005115089514066497,154.08,0.02093824542804157,0.1111271363669144,0.09884467265725294,0.1012565751673136,0.11386764481860724,0.0,STRONG_BULLISH,86.08,61.02,NONE,NEUTRAL
2007-06-08,DEVELOPMENT,391,0.6163682864450127,0.1969309462915601,0.1867007672634271,0.010230179028132993,0.015345268542199489,0.0,151.04,0.0011931592204692532,0.07287967040772836,0.06802432470654796,0.11411249157482337,0.11832482699478915,-0.019730010384216068,STRONG_BULLISH,86.08,62.05,NONE,NEUTRAL
2007-06-15,DEVELOPMENT,392,0.5867346938775511,0.20153061224489796,0.21173469387755103,0.01020408163265306,0.02040816326530612,0.0,153.07,0.0029484995413444626,0.10567754984108646,0.07606326889279424,0.10422278957261501,0.11923228099917006,-0.006555036344756071,STRONG_BULLISH,86.08,61.53,NONE,NEUTRAL
2007-06-22,DEVELOPMENT,393,0.5343511450381679,0.2544529262086514,0.21119592875318066,0.035623409669211195,0.017811704834605598,0.01272264631043257,150.55,-0.00751532731228155,0.04993374712323062,0.06962699822380114,0.09561393888414609,0.12090810383448743,-0.022910176531671822,STRONG_BULLISH,86.0,63.4,NONE,RE_ACCUMULATION
2007-06-29,DEVELOPMENT,394,0.4543147208121827,0.2893401015228426,0.2563451776649746,0.012690355329949238,0.0025380710659898475,0.0,150.43,-0.023688992731048852,0.059366197183098546,0.062208727580850276,0.09173536891690014,0.12089632074413995,-0.023688992731048852,BULLISH,86.0,48.6,NONE,NEUTRAL
2007-07-06,DEVELOPMENT,395,0.5772151898734177,0.25063291139240507,0.17215189873417722,0.005063291139240506,0.012658227848101266,0.0,152.98,0.012844279661016866,0.06059345535219074,0.08851572506048089,0.09238879771230973,0.12162579419789925,-0.007139148494288872,STRONG_BULLISH,86.08,62.08,NONE,NEUTRAL
2007-07-13,DEVELOPMENT,395,0.6379746835443038,0.22531645569620254,0.13670886075949368,0.010126582278481013,0.007594936708860759,0.0,154.85,0.01162866662311357,0.06557941095513353,0.08105277855347648,0.09350658534634051,0.12012912274068632,0.0,STRONG_BULLISH,86.08,69.96,BREAKOUT_SETUP,NEUTRAL
2007-07-20,DEVELOPMENT,397,0.6020151133501259,0.26448362720403024,0.13350125944584382,0.017632241813602016,0.020151133501259445,0.0025188916876574307,153.5,0.019594818997010988,0.03283541918988031,0.07477944265509029,0.08868045782117183,0.1210124975881415,-0.008718114304165248,STRONG_BULLISH,86.08,63.73,NONE,RE_ACCUMULATION
2007-07-27,DEVELOPMENT,396,0.26262626262626265,0.39646464646464646,0.3409090909090909,0.04040404040404041,0.020202020202020204,0.030303030303030304,145.11,-0.03536528617961843,-0.029559285762054355,0.020966720607894285,0.14409624464440762,0.14565299669344528,-0.06289958023894082,NEUTRAL,86.0,52.22,FAILED_BREAKOUT,NEUTRAL
2007-08-03,DEVELOPMENT,398,0.20100502512562815,0.4899497487437186,0.30904522613065327,0.04020100502512563,0.020100502512562814,0.020100502512562814,143.8,-0.06000784416263549,-0.04717731248343482,-0.006974656446377958,0.14245805551671742,0.14386887232307802,-0.07135938004520492,BEARISH,86.08,48.64,FAILED_BREAKOUT,NEUTRAL
2007-08-10,DEVELOPMENT,398,0.29396984924623115,0.41708542713567837,0.2889447236180904,0.01507537688442211,0.04020100502512563,0.01507537688442211,144.71,-0.06548272521795273,-0.04076627336603478,0.005349451160205687,0.14372766688728458,0.14386853652914902,-0.06548272521795273,NEUTRAL,86.08,40.54,NONE,NEUTRAL
2007-08-17,DEVELOPMENT,398,0.19597989949748743,0.5251256281407035,0.27889447236180903,0.022613065326633167,0.06030150753768844,0.005025125628140704,144.71,-0.05726384364820847,-0.051828069715633585,-0.0069992451794412824,0.1404215368491087,0.14277525603814706,-0.06548272521795273,BEARISH,86.08,34.86,NONE,NEUTRAL
2007-08-24,DEVELOPMENT,398,0.314070351758794,0.38944723618090454,0.2964824120603015,0.02512562814070352,0.05527638190954774,0.005025125628140704,148.33,0.022190062711046732,-0.02215043839409314,0.02085340674466618,0.15165661510972064,0.14702008093852376,-0.042105263157894646,BEARISH,86.0,45.9,FAILED_BREAKDOWN,NEUTRAL
2007-08-31,DEVELOPMENT,400,0.4125,0.37,0.2175,0.0075,0.0325,0.0,147.59,0.026356050069541004,-0.04212097611630328,0.06432537679382722,0.1470246454593103,0.13051947469296316,-0.046884081369066744,BEARISH,86.0,49.0,NONE,NEUTRAL
2007-09-07,DEVELOPMENT,401,0.40399002493765584,0.40648379052369077,0.18952618453865336,0.04488778054862843,0.02743142144638404,0.0,146.07,0.009398106557943375,-0.032905190677966045,0.037576360278448684,0.1435741086031607,0.13036099234226753,-0.0567000322893122,NEUTRAL,86.08,49.6,NONE,NEUTRAL
2007-09-14,DEVELOPMENT,401,0.43640897755610975,0.3341645885286783,0.22942643391521197,0.022443890274314215,0.029925187032418952,0.0024937655860349127,148.9,0.028954460645428837,-0.027242438100215538,0.07555619763074262,0.14686116861752774,0.1298463280995079,-0.03842428156280264,NEUTRAL,86.08,52.93,NONE,RE_ACCUMULATION
2007-09-21,DEVELOPMENT,401,0.6209476309226932,0.16458852867830423,0.2144638403990025,0.022443890274314215,0.034912718204488775,0.007481296758104738,151.97,0.024539877300613355,0.009432082364662753,0.059836808703535915,0.14965606563639164,0.12350432917804137,-0.018598643848885987,STRONG_BULLISH,86.08,64.35,NONE,ACCUMULATION
2007-09-28,DEVELOPMENT,402,0.6194029850746269,0.18159203980099503,0.19900497512437812,0.012437810945273632,0.01990049751243781,0.0024875621890547263,152.58,0.033809878718070285,0.014292361895898553,0.07450704225352123,0.14972550358188155,0.12223169180312382,-0.014659347755892727,STRONG_BULLISH,86.0,62.05,NONE,ACCUMULATION
2007-10-05,DEVELOPMENT,401,0.7481296758104738,0.12718204488778054,0.12468827930174564,0.004987531172069825,0.017456359102244388,0.0,155.85,0.0669542000410761,0.01876062230356923,0.08049084858569033,0.15200622876467693,0.12372293691922798,0.0,STRONG_BULLISH,86.08,76.09,BREAKOUT_SETUP,ACCUMULATION
2007-10-12,DEVELOPMENT,400,0.7725,0.12,0.1075,0.0175,0.0225,0.0,156.33,0.049899261249160665,0.009557636422344418,0.07576383154417843,0.15033815390976976,0.12355661555619264,0.0,STRONG_BULLISH,86.08,67.1,NONE,ACCUMULATION
2007-10-19,DEVELOPMENT,401,0.5561097256857855,0.27680798004987534,0.16708229426433915,0.0399002493765586,0.014962593516209476,0.012468827930174564,149.67,-0.015134566032769747,-0.02495114006514665,0.007064997981429011,0.17328925958345515,0.13575925756436155,-0.04260218767990809,BULLISH,86.08,57.7,NONE,RE_ACCUMULATION
2007-10-26,DEVELOPMENT,401,0.5361596009975063,0.27680798004987534,0.18703241895261846,0.02493765586034913,0.02493765586034913,0.017456359102244388,153.62,0.006816096473980737,0.05864516573633782,0.027352370761720035,0.13814908717081748,0.14046718269570516,-0.01733512441629892,BULLISH,86.0,52.38,NONE,ACCUMULATION
2007-11-02,DEVELOPMENT,402,0.5472636815920398,0.31592039800995025,0.13681592039800994,0.01990049751243781,0.02736318407960199,0.02736318407960199,151.2,-0.029836381135707413,0.05146036161335177,0.0018552875695732052,0.1416274756169068,0.14193226317050575,-0.03281519861830762,BULLISH,86.08,62.17,NONE,ACCUMULATION
2007-11-09,DEVELOPMENT,402,0.35572139303482586,0.42786069651741293,0.21641791044776118,0.0472636815920398,0.03233830845771144,0.017412935323383085,145.14,-0.0715793513720977,0.002971460161702577,-0.037915948561580426,0.16659965845945868,0.15297914836627577,-0.0715793513720977,NEUTRAL,86.08,40.57,NONE,NEUTRAL
2007-11-16,DEVELOPMENT,402,0.30597014925373134,0.417910447761194,0.27611940298507465,0.022388059701492536,0.03233830845771144,0.007462686567164179,145.79,-0.025923698804035555,0.007463202266602131,-0.04475167081640685,0.16678475693600678,0.1520501332135219,-0.06742148020213667,BEARISH,86.08,37.82,NONE,RE_ACCUMULATION
2007-11-23,DEVELOPMENT,402,0.27860696517412936,0.49502487562189057,0.2263681592039801,0.012437810945273632,0.03482587064676617,0.0,144.13,-0.06177581044134883,-0.028315243039169546,-0.049838486386709735,0.15963942383205,0.1525629993598386,-0.0780400434977293,BEARISH,86.0,34.98,NONE,DISTRIBUTION
2007-11-30,DEVELOPMENT,402,0.40298507462686567,0.43283582089552236,0.16417910447761194,0.012437810945273632,0.04477611940298507,0.012437810945273632,148.66,-0.016798941798941702,0.007249813673013028,-0.03517653167185886,0.17274238077068038,0.15782279015728284,-0.049062879805539694,BEARISH,86.0,33.97,NONE,NEUTRAL
2007-12-07,DEVELOPMENT,402,0.5895522388059702,0.2537313432835821,0.15671641791044777,0.022388059701492536,0.05970149253731343,0.0,150.91,0.03975471958109411,0.033134798384336195,-0.0008606991525423879,0.17313565630988587,0.1569821602024549,-0.03467024883259784,BULLISH,86.08,49.2,NONE,NEUTRAL
2007-12-14,DEVELOPMENT,402,0.4701492537313433,0.3582089552238806,0.17164179104477612,0.05721393034825871,0.017412935323383085,0.0024875621890547263,147.17,0.009465669799025855,-0.011618535930154605,-0.03854445678447771,0.17726982218871862,0.15956111278035903,-0.058593999872065705,NEUTRAL,86.08,49.32,NONE,NEUTRAL
2007-12-21,DEVELOPMENT,401,0.40399002493765584,0.428927680798005,0.16708229426433915,0.02493765586034913,0.04738154613466334,0.007481296758104738,148.13,0.027752723235967558,-0.025268145028624067,-0.0160743938890735,0.17211988443420356,0.15831586695593003,-0.05245314399027712,BEARISH,86.08,38.31,NONE,RE_ACCUMULATION
2007-12-28,DEVELOPMENT,401,0.4513715710723192,0.38154613466334164,0.16708229426433915,0.03740648379052369,0.034912718204488775,0.0,147.3,-0.009148392304587527,-0.034604797483287486,-0.02080701987635447,0.17181044842412488,0.1584874829974833,-0.05776242563807332,NEUTRAL,86.0,48.72,NONE,NEUTRAL
2008-01-04,DEVELOPMENT,402,0.27860696517412936,0.572139303482587,0.14925373134328357,0.06965174129353234,0.007462686567164179,0.0472636815920398,141.31,-0.06361407461400836,-0.09329483477702916,-0.07628448163158574,0.17915132434609812,0.16600376827903468,-0.09607880765048304,BEARISH,86.08,37.1,NONE,NEUTRAL
2008-01-11,DEVELOPMENT,402,0.208955223880597,0.6019900497512438,0.1890547263681592,0.05721393034825871,0.06965174129353234,0.03731343283582089,140.15,-0.04769993884623214,-0.10349900850764415,-0.09493057797868898,0.1777566731143998,0.16466975891725497,-0.10349900850764415,BEARISH,86.08,40.88,NONE,NEUTRAL
2008-01-18,DEVELOPMENT,402,0.11442786069651742,0.7064676616915423,0.1791044776119403,0.03233830845771144,0.03482587064676617,0.0845771144278607,132.06,-0.10848578950921484,-0.11765884946883132,-0.1396742671009772,0.19244621635343995,0.18157016525673095,-0.15524851276146623,STRONG_BEARISH,86.08,51.34,FAILED_BREAKOUT,DISTRIBUTION
2008-01-25,DEVELOPMENT,402,0.06218905472636816,0.7039800995024875,0.23383084577114427,0.05472636815920398,0.07462686567164178,0.017412935323383085,133.05,-0.09674134419551939,-0.1339018356984767,-0.08310936530907587,0.1806300341691527,0.1672522680531549,-0.14891575513337174,STRONG_BEARISH,86.0,38.55,NONE,DISTRIBUTION
2008-02-01,DEVELOPMENT,403,0.19851116625310175,0.45409429280397023,0.34739454094292804,0.03225806451612903,0.08933002481389578,0.007444168734491315,139.58,-0.012242587219588041,-0.07685185185185173,-0.029346314325451983,0.2158764453626512,0.1824442411857208,-0.10714514168745604,BEARISH,86.08,38.66,NONE,NEUTRAL
2008-02-08,DEVELOPMENT,403,0.1488833746898263,0.5930521091811415,0.25806451612903225,0.02481389578163772,0.07444168734491315,0.007444168734491315,133.07,-0.050517302889761084,-0.08316108584814663,-0.08043673554004571,0.22074565292787898,0.19318088519353843,-0.1487878206358345,BEARISH,86.08,38.84,NONE,RE_DISTRIBUTION
2008-02-15,DEVELOPMENT,403,0.16377171215880892,0.6153846153846154,0.22084367245657568,0.03970223325062035,0.062034739454094295,0.004962779156327543,135.14,0.023322732091473508,-0.07305027779683115,-0.0661322645290583,0.2241575563313013,0.19490677937764742,-0.13554660014072806,BEARISH,86.08,52.08,NONE,NEUTRAL
2008-02-22,DEVELOPMENT,403,0.21588089330024815,0.5483870967741935,0.23573200992555832,0.02729528535980149,0.04466501240694789,0.0024813895781637717,135.62,0.019316046599022973,-0.05904391868452086,-0.08568731881615321,0.22441060788865816,0.19098016963524522,-0.13247617219983376,BEARISH,86.0,38.47,NONE,NEUTRAL
2008-02-29,DEVELOPMENT,403,0.2109181141439206,0.5384615384615384,0.2506203473945409,0.03722084367245657,0.017369727047146403,0.007444168734491315,133.82,-0.041266657114199856,-0.09982510426476521,-0.09329900399756086,0.21104981746984017,0.19150922197263182,-0.14399027697818723,BEARISH,86.0,38.6,NONE,NEUTRAL
2008-03-07,DEVELOPMENT,403,0.13895781637717122,0.7320099255583127,0.12903225806451613,0.04466501240694789,0.022332506203473945,0.01240694789081886,129.71,-0.025249868490268224,-0.1404810814392684,-0.11200109536523573,0.2095073022376867,0.1951758777143052,-0.17028081622209434,STRONG_BEARISH,86.08,44.28,NONE,NEUTRAL
2008-03-14,DEVELOPMENT,404,0.1707920792079208,0.7326732673267327,0.09653465346534654,0.039603960396039604,0.034653465346534656,0.01485148514851485,129.61,-0.04092052686103276,-0.11931779574641554,-0.1295500335795835,0.20825414353071212,0.1921703188606442,-0.1709204887097806,STRONG_BEARISH,86.08,45.93,NONE,RE_ACCUMULATION
2008-03-20,DEVELOPMENT,404,0.22277227722772278,0.6039603960396039,0.17326732673267325,0.03217821782178218,0.05693069306930693,0.019801980198019802,132.08,-0.02610234478690454,-0.10835077296968865,-0.1308810949529512,0.2138250390811228,0.1917501632316141,-0.1551205782639289,STRONG_BEARISH,86.08,40.08,NONE,NEUTRAL
2008-03-28,DEVELOPMENT,403,0.27543424317617865,0.47890818858560796,0.2456575682382134,0.03970223325062035,0.062034739454094295,0.0,131.51,-0.017261993722911373,-0.1071961982348949,-0.1380914929872855,0.21391282160413422,0.19129360597664918,-0.15876671144374088,STRONG_BEARISH,86.0,37.78,NONE,NEUTRAL
2008-04-04,DEVELOPMENT,404,0.4430693069306931,0.21534653465346534,0.3415841584158416,0.05693069306930693,0.07920792079207921,0.0,136.89,0.055354251792459896,-0.03127874885004611,-0.12165543792107802,0.22243380100639912,0.19880326642914883,-0.12435233160621773,NEUTRAL,86.08,49.1,NONE,NEUTRAL
2008-04-11,DEVELOPMENT,404,0.3465346534653465,0.31683168316831684,0.33663366336633666,0.017326732673267328,0.03217821782178218,0.0,133.38,0.029087261785355922,-0.04830538708526588,-0.14680483592400706,0.2272232552091073,0.20063370487358273,-0.14680483592400706,BEARISH,86.08,48.04,NONE,NEUTRAL
2008-04-18,DEVELOPMENT,404,0.48267326732673266,0.2896039603960396,0.22772277227722773,0.027227722772277228,0.06930693069306931,0.0024752475247524753,138.48,0.0484554815263476,0.048614266242617,-0.07476448186009221,0.20793203246488176,0.20228301180058475,-0.11418153905200545,NEUTRAL,86.08,49.79,NONE,NEUTRAL
2008-04-25,DEVELOPMENT,404,0.5297029702970297,0.22277227722772278,0.24752475247524752,0.019801980198019802,0.08663366336633663,0.0,139.6,0.061516234506881595,0.049229612927470745,-0.09126415831271972,0.20797796511658503,0.19844557216783754,-0.10701720718991892,BULLISH,86.0,51.54,NONE,RE_ACCUMULATION
2008-05-02,DEVELOPMENT,404,0.5618811881188119,0.17574257425742573,0.2623762376237624,0.024752475247524754,0.08663366336633663,0.0024752475247524753,141.51,0.03374972605741844,0.01382719587333403,-0.06408730158730158,0.1856447804329659,0.19897139725102725,-0.09479946267511052,NEUTRAL,86.08,40.44,NONE,NEUTRAL
2008-05-09,DEVELOPMENT,405,0.5160493827160494,0.24938271604938272,0.2345679012345679,0.037037037037037035,0.04691358024691358,0.0,138.9,0.041385515069725765,0.04381152776734054,-0.04299297230260424,0.16097710316142547,0.19265092946143125,-0.11149491460372296,NEUTRAL,86.08,38.19,NONE,NEUTRAL
2008-05-16,DEVELOPMENT,405,0.6370370370370371,0.1580246913580247,0.20493827160493827,0.024691358024691357,0.05185185185185185,0.0,142.66,0.030184864240323517,0.05564599674411719,-0.02146923657315314,0.16626395154199686,0.19667820693954918,-0.08744322906671798,BULLISH,86.08,56.95,NONE,RE_ACCUMULATION
2008-05-23,DEVELOPMENT,405,0.49135802469135803,0.2814814814814815,0.2271604938271605,0.04691358024691358,0.027160493827160494,0.0,137.64,-0.014040114613180554,0.014894558324730633,-0.045028793450357374,0.18422239457046538,0.20222713307423623,-0.11955478794857044,NEUTRAL,86.0,37.79,NONE,NEUTRAL
2008-05-30,DEVELOPMENT,405,0.5209876543209877,0.2938271604938272,0.18518518518518517,0.012345679012345678,0.027160493827160494,0.0,140.35,-0.008197300544131148,0.04879689134658505,-0.05589936768464954,0.1846114430490691,0.1989182853011381,-0.10221966353227163,BULLISH,86.0,51.61,NONE,NEUTRAL
2008-06-06,DEVELOPMENT,406,0.4605911330049261,0.34236453201970446,0.19704433497536947,0.04926108374384237,0.014778325123152709,0.012315270935960592,136.29,-0.018790496760259234,0.05072854830005391,-0.09687893446425022,0.18318696724848085,0.20084716507851194,-0.12819036653233562,BEARISH,86.08,49.47,FAILED_BREAKOUT,NEUTRAL
2008-06-13,DEVELOPMENT,407,0.35872235872235875,0.4668304668304668,0.17444717444717445,0.02457002457002457,0.03931203931203931,0.009828009828009828,136.15,-0.04563297350343465,0.05045906951624102,-0.07487939118026765,0.18321727741524843,0.19841530028389753,-0.12908590801509634,BEARISH,86.08,40.62,NONE,RE_DISTRIBUTION
2008-06-20,DEVELOPMENT,409,0.3374083129584352,0.5183374083129584,0.14425427872860636,0.04156479217603912,0.02689486552567237,0.012224938875305624,131.58,-0.044027898866608406,-0.0037855844942459305,-0.11172618645784094,0.19447346139776983,0.20262665625543164,-0.1583189407023604,STRONG_BEARISH,86.08,40.28,NONE,RE_DISTRIBUTION
2008-06-27,DEVELOPMENT,410,0.16097560975609757,0.6414634146341464,0.1975609756097561,0.07073170731707316,0.01951219512195122,0.046341463414634146,127.53,-0.09134307089419302,-0.03026385826172906,-0.13421588594704692,0.20401251633554623,0.20609682370949906,-0.18422567645365584,STRONG_BEARISH,86.0,40.97,NONE,DISTRIBUTION
2008-07-03,DEVELOPMENT,409,0.1198044009779951,0.7017114914425427,0.1784841075794621,0.05134474327628362,0.034229828850855744,0.009779951100244499,126.31,-0.0732262088194291,-0.07728833369859,-0.10614960016983932,0.1817819782209917,0.1995328799400945,-0.19202968080342875,STRONG_BEARISH,86.08,40.47,NONE,DISTRIBUTION
2008-07-11,DEVELOPMENT,412,0.1383495145631068,0.691747572815534,0.16990291262135923,0.021844660194174758,0.055825242718446605,0.0412621359223301,123.84,-0.09041498347410948,-0.07152496626180826,-0.11637531216553698,0.1793050055204622,0.20067999651783539,-0.20782959124928047,STRONG_BEARISH,86.08,44.64,NONE,RE_DISTRIBUTION
2008-07-18,DEVELOPMENT,412,0.20631067961165048,0.6116504854368932,0.1820388349514563,0.0412621359223301,0.08495145631067962,0.012135922330097087,125.98,-0.04255965952272389,-0.09026574234546492,-0.046039678933817996,0.16118429167012052,0.1867552777207384,-0.19414060001279354,STRONG_BEARISH,86.08,42.24,NONE,RE_DISTRIBUTION
2008-07-25,DEVELOPMENT,413,0.23002421307506055,0.4915254237288136,0.2784503631961259,0.048426150121065374,0.06295399515738499,0.007263922518159807,125.48,-0.016074649102172045,-0.10114613180515752,-0.05689590379556564,0.15806110332932566,0.18631122437046926,-0.19733896245122506,STRONG_BEARISH,86.0,38.97,NONE,RE_DISTRIBUTION
2008-08-01,DEVELOPMENT,414,0.25120772946859904,0.5144927536231884,0.23429951690821257,0.03864734299516908,0.06280193236714976,0.004830917874396135,126.16,-0.0011875544295780749,-0.10847289944173555,-0.09614557959593073,0.15397269962575083,0.17105463157947315,-0.19298918953495814,STRONG_BEARISH,86.08,39.34,NONE,NEUTRAL
2008-08-08,DEVELOPMENT,414,0.32367149758454106,0.34782608695652173,0.3285024154589372,0.028985507246376812,0.08454106280193237,0.0,129.37,0.04465439276485794,-0.06861051115910732,-0.027804914706545336,0.16631604859486723,0.16354892054603373,-0.1724557026802278,BEARISH,86.08,34.54,NONE,NEUTRAL
2008-08-15,DEVELOPMENT,414,0.39371980676328505,0.26811594202898553,0.33816425120772947,0.012077294685990338,0.06038647342995169,0.0024154589371980675,130.17,0.03325924749960296,-0.08755082013178195,-0.036776676039662615,0.1535044761868867,0.1621259461304686,-0.1673383227787374,NEUTRAL,86.08,37.49,NONE,NEUTRAL
2008-08-22,DEVELOPMENT,414,0.3502415458937198,0.4227053140096618,0.22705314009661837,0.028985507246376812,0.06521739130434782,0.004830917874396135,129.65,0.03323238763149505,-0.05804998546934015,-0.04402005603893233,0.1406573451864667,0.1620173939868803,-0.17066461971470615,BEARISH,86.08,50.98,NONE,RE_ACCUMULATION
2008-08-29,DEVELOPMENT,415,0.3614457831325301,0.40963855421686746,0.2289156626506024,0.02650602409638554,0.060240963855421686,0.0,128.79,0.020846544071020823,-0.08236551478446741,-0.03758780451352561,0.13060481831338322,0.16128330547060388,-0.17616580310880836,BEARISH,86.0,53.12,NONE,RE_ACCUMULATION
2008-09-05,DEVELOPMENT,415,0.3108433734939759,0.4746987951807229,0.21445783132530122,0.024096385542168676,0.05542168674698795,0.014457831325301205,124.42,-0.038262348303316096,-0.08709369726318872,-0.0407832857913808,0.1346588552076777,0.16256603046707857,-0.2041194908206998,STRONG_BEARISH,86.08,41.5,NONE,NEUTRAL
2008-09-12,DEVELOPMENT,416,0.3245192307692308,0.4735576923076923,0.20192307692307693,0.03125,0.055288461538461536,0.014423076923076924,126.09,-0.0313436275639547,-0.07388909291222923,-0.027158398271738382,0.14033503674586179,0.16390589410837694,-0.1934369602763386,STRONG_BEARISH,86.08,42.93,NONE,RE_ACCUMULATION
2008-09-19,DEVELOPMENT,417,0.34532374100719426,0.47961630695443647,0.1750599520383693,0.03597122302158273,0.09352517985611511,0.03597122302158273,124.12,-0.04265329733898959,-0.056695546435628574,-0.06026650514839493,0.12903578922073702,0.16249430247529142,-0.2060385082837588,STRONG_BEARISH,86.08,46.41,NONE,RE_ACCUMULATION
2008-09-26,DEVELOPMENT,417,0.22302158273381295,0.5995203836930456,0.1774580335731415,0.06235011990407674,0.08872901678657075,0.002398081534772182,120.85,-0.061650749281776496,-0.05237983219634601,-0.0810584746407117,0.1253493144573586,0.16605439549518916,-0.22695579863110094,STRONG_BEARISH,86.0,43.67,NONE,NEUTRAL
2008-10-03,DEVELOPMENT,419,0.07875894988066826,0.8281622911694511,0.09307875894988067,0.2577565632458234,0.0477326968973747,0.016706443914081145,110.34,-0.11316508599903552,-0.12643496160240675,-0.19395134779750156,0.20836695704554925,0.19215967062273523,-0.2941853770869315,STRONG_BEARISH,86.08,53.58,BREAKDOWN_CONFIRMED,NEUTRAL
2008-10-10,DEVELOPMENT,419,0.00477326968973747,0.9665871121718377,0.028639618138424822,0.07875894988066826,0.4892601431980907,0.1766109785202864,88.5,-0.29812039019747805,-0.28536821705426363,-0.3364822312190733,0.43075619615889643,0.3301571342148833,-0.42390313761229004,STRONG_BEARISH,86.08,58.57,BREAKDOWN_CONFIRMED,DISTRIBUTION
2008-10-17,DEVELOPMENT,420,0.004761904761904762,0.9738095238095238,0.02142857142857143,0.14761904761904762,0.4119047619047619,0.014285714285714285,93.21,-0.24903319368353216,-0.26012065407207496,-0.3269064124783362,0.4510780114344928,0.33577105248771716,-0.3932430673089442,STRONG_BEARISH,86.08,56.59,BREAKDOWN_CONFIRMED,DISTRIBUTION
2008-10-24,DEVELOPMENT,420,0.011904761904761904,0.9642857142857143,0.023809523809523808,0.2119047619047619,0.2833333333333333,0.014285714285714285,87.04,-0.27976830781961104,-0.3063436404207842,-0.3765042979942693,0.45807029700388596,0.3420013491769558,-0.42433862433862424,STRONG_BEARISH,86.0,54.37,NONE,DISTRIBUTION
2008-10-31,DEVELOPMENT,420,0.04047619047619048,0.8785714285714286,0.08095238095238096,0.0761904761904762,0.35,0.02619047619047619,96.83,-0.12243973173826361,-0.23248256182625238,-0.3157374037170517,0.5334187521087941,0.3860316821375697,-0.35835928699224706,STRONG_BEARISH,86.0,65.74,BREAKDOWN_CONFIRMED,RE_DISTRIBUTION
2008-11-07,DEVELOPMENT,420,0.047619047619047616,0.819047619047619,0.13333333333333333,0.1261904761904762,0.3476190476190476,0.009523809523809525,93.86,0.06056497175141251,-0.2744840380304553,-0.32426205903527716,0.5256135935513996,0.3867758980613941,-0.37803989132595583,STRONG_BEARISH,86.08,54.02,BREAKDOWN_CONFIRMED,NEUTRAL
2008-11-14,DEVELOPMENT,419,0.02386634844868735,0.918854415274463,0.057279236276849645,0.2052505966587112,0.24343675417661098,0.00477326968973747,86.62,-0.07070056860851825,-0.3345624951985864,-0.39282209449039673,0.532779356356363,0.392086694709622,-0.42601550593068716,STRONG_BEARISH,86.08,42.42,NONE,NEUTRAL
2008-11-21,DEVELOPMENT,419,0.00954653937947494,0.9713603818615751,0.01909307875894988,0.11455847255369929,0.45823389021479716,0.05250596658711217,79.52,-0.08639705882352955,-0.3866563825684536,-0.42226097064806745,0.5402134967462444,0.40193478106463565,-0.4730634152806309,STRONG_BEARISH,86.0,54.84,BREAKDOWN_CONFIRMED,NEUTRAL
2008-11-28,DEVELOPMENT,419,0.028639618138424822,0.8186157517899761,0.15274463007159905,0.10739856801909307,0.31742243436754175,0.0,90.09,-0.06960652690281932,-0.30048916841369666,-0.3581047381546134,0.6348591505476016,0.4533855132771055,-0.4030216685441653,STRONG_BEARISH,86.0,61.16,BREAKDOWN_CONFIRMED,DISTRIBUTION
2008-12-05,DEVELOPMENT,419,0.0477326968973747,0.5775656324582339,0.3747016706443914,0.07875894988066826,0.2863961813842482,0.011933174224343675,87.93,-0.06317920306839964,-0.2932808230188072,-0.3548316090688971,0.6344584021917289,0.4531217450550007,-0.4063997839735367,BEARISH,86.08,59.9,BREAKDOWN_CONFIRMED,NEUTRAL
2008-12-12,DEVELOPMENT,419,0.04295942720763723,0.6324582338902148,0.324582338902148,0.0954653937947494,0.29594272076372313,0.00477326968973747,88.99,0.027360886631262904,-0.2942342771036561,-0.34638266617701075,0.6341271259197558,0.45432187659513484,-0.3992439073786539,BEARISH,86.08,62.8,BREAKDOWN_CONFIRMED,NEUTRAL
2008-12-19,DEVELOPMENT,419,0.10978520286396182,0.4200477326968974,0.4701670644391408,0.07637231503579953,0.2744630071599045,0.002386634844868735,88.18,0.10890342052313895,-0.2895584917821463,-0.32983736130110963,0.6345800342930646,0.45347448792134876,-0.40135777325186694,BEARISH,86.08,53.19,NONE,ACCUMULATION
2008-12-26,DEVELOPMENT,419,0.10023866348448687,0.5441527446300716,0.3556085918854415,0.06205250596658711,0.162291169451074,0.0,87.16,-0.03252303252303257,-0.27877534133223003,-0.3165529679291148,0.6348578651265426,0.4527479203384249,-0.38903687088181693,STRONG_BEARISH,86.0,51.24,NONE,NEUTRAL
2009-01-02,DEVELOPMENT,420,0.15476190476190477,0.3380952380952381,0.5071428571428571,0.0380952380952381,0.36904761904761907,0.0,92.96,0.057204594563857514,-0.15751314119992754,-0.26403293484284707,0.6401024076635742,0.4663861345083916,-0.3483807654563298,NEUTRAL,86.08,62.9,BREAKDOWN_CONFIRMED,RE_ACCUMULATION
2009-01-09,DEVELOPMENT,420,0.10238095238095238,0.29523809523809524,0.6023809523809524,0.05238095238095238,0.18095238095238095,0.002380952380952381,89.09,0.0011237217664907817,0.006666666666666599,-0.2806040051679587,0.5019665565152341,0.4684030256928328,-0.3755082013178186,NEUTRAL,86.08,51.8,NONE,RE_ACCUMULATION
2009-01-16,DEVELOPMENT,420,0.05714285714285714,0.7166666666666667,0.2261904761904762,0.04047619047619048,0.19047619047619047,0.03571428571428571,85.06,-0.0353821728283058,-0.08743697028215847,-0.3248134624543578,0.497622309361914,0.4690376603463792,-0.403757184915183,STRONG_BEARISH,86.08,44.94,NONE,NEUTRAL
2009-01-23,DEVELOPMENT,420,0.05714285714285714,0.8047619047619048,0.1380952380952381,0.06428571428571428,0.23095238095238096,0.023809523809523808,83.11,-0.04646626893070216,-0.04515165441176483,-0.3376633726490278,0.48179357624415703,0.4690536668003395,-0.41742604794616567,STRONG_BEARISH,86.0,47.28,NONE,RE_ACCUMULATION
2009-01-30,DEVELOPMENT,421,0.12351543942992874,0.684085510688836,0.19239904988123516,0.12826603325415678,0.1543942992874109,0.026128266033254157,82.83,-0.10897160068846812,-0.1445832903025922,-0.34345275840202916,0.41390623649483116,0.468475949592948,-0.4193887564839478,STRONG_BEARISH,86.0,42.81,NONE,NEUTRAL
2009-02-06,DEVELOPMENT,421,0.13064133016627077,0.47743467933491684,0.3919239904988123,0.05463182897862233,0.29691211401425177,0.021377672209026127,86.979,-0.02369513974632398,-0.07331131472405716,-0.32767256705573167,0.4280954257671231,0.474051286069906,-0.3903056217580261,STRONG_BEARISH,86.08,55.45,BREAKDOWN_CONFIRMED,NEUTRAL
2009-02-13,DEVELOPMENT,421,0.13539192399049882,0.5843230403800475,0.28028503562945367,0.09263657957244656,0.2042755344418052,0.007125890736342043,82.75,-0.027157300728897327,-0.04467790348649281,-0.3642928478143965,0.41049548941033925,0.475768358666367,-0.41994953035188554,STRONG_BEARISH,86.08,40.45,NONE,NEUTRAL
2009-02-20,DEVELOPMENT,421,0.08076009501187649,0.828978622327791,0.09026128266033254,0.08788598574821853,0.18052256532066507,0.030878859857482184,77.42,-0.06846348213211406,-0.02640845070422526,-0.4028538372541458,0.39696496617479976,0.4804788019950536,-0.4573110893032385,STRONG_BEARISH,86.0,43.66,NONE,RE_DISTRIBUTION
2009-02-27,DEVELOPMENT,421,0.040380047505938245,0.9049881235154394,0.05463182897862233,0.2161520190023753,0.1330166270783848,0.03800475059382423,73.93,-0.10744899191114321,-0.17937617937617933,-0.42596474881590174,0.2795848639304577,0.4817543003854638,-0.48177484929202297,STRONG_BEARISH,86.0,51.41,BREAKDOWN_SETUP,DISTRIBUTION
2009-03-06,DEVELOPMENT,421,0.028503562945368172,0.9334916864608076,0.03800475059382423,0.0997624703087886,0.14489311163895488,0.011876484560570071,68.91,-0.2077397992618908,-0.2163084271579666,-0.44615013663398173,0.2992163772425045,0.4863295351233537,-0.5169634095051171,STRONG_BEARISH,86.08,39.8,NONE,DISTRIBUTION
2009-03-13,DEVELOPMENT,421,0.047505938242280284,0.7672209026128266,0.18527315914489312,0.09026128266033254,0.3254156769596199,0.0,76.09,-0.08048338368580055,-0.14496010787728952,-0.3965421524308034,0.38381482342515977,0.5154629352293479,-0.46663395485770365,STRONG_BEARISH,86.08,49.34,BREAKDOWN_CONFIRMED,DISTRIBUTION
2009-03-20,DEVELOPMENT,421,0.08788598574821853,0.3586698337292161,0.5534441805225653,0.08788598574821853,0.23515439429928742,0.004750593824228029,76.71,-0.009170756910359179,-0.13007484690406002,-0.3819690621978731,0.3856708579964695,0.5166646080655481,-0.4622879573811861,NEUTRAL,86.08,44.41,BREAKDOWN_CONFIRMED,RE_DISTRIBUTION
2009-03-27,DEVELOPMENT,421,0.1496437054631829,0.18052256532066507,0.669833729216152,0.052256532066508314,0.2375296912114014,0.0023752969121140144,81.61,0.10388205058839439,-0.06367599816429548,-0.32470004137360364,0.4123957758143996,0.5284627870866782,-0.42794055796999864,NEUTRAL,86.0,37.92,NONE,NEUTRAL
2009-04-03,DEVELOPMENT,421,0.22802850356294538,0.12351543942992874,0.6484560570071259,0.040380047505938245,0.33016627078384797,0.0,84.26,0.22275431722536654,-0.09358864027538716,-0.23636034076490842,0.39244311551244515,0.5203177581022529,-0.40936492359456045,NEUTRAL,86.08,41.43,NONE,ACCUMULATION
2009-04-09,DEVELOPMENT,420,0.28809523809523807,0.16428571428571428,0.5476190476190477,0.016666666666666666,0.3476190476190476,0.0,85.81,0.12774346169010387,-0.03681670221124711,-0.030395480225988702,0.38727739235559266,0.43952588159630285,-0.39849992990326644,NEUTRAL,86.08,53.08,NONE,RE_ACCUMULATION
2009-04-17,DEVELOPMENT,420,0.32857142857142857,0.14047619047619048,0.530952380952381,0.0380952380952381,0.3,0.0,87.08,0.13518446095685044,0.023747942628732588,-0.06576547580731673,0.37640363712705194,0.4332654120727701,-0.38959764474975467,NEUTRAL,86.08,54.13,NONE,ACCUMULATION
2009-04-24,DEVELOPMENT,421,0.41092636579572445,0.2209026128266033,0.3681710213776722,0.026128266033254157,0.27315914489311166,0.004750593824228029,86.66,0.06187967160887142,0.042714474792443724,-0.004365808823529549,0.3727132112140696,0.4225941591851187,-0.3925417075564279,NEUTRAL,86.0,39.61,NONE,ACCUMULATION
2009-05-01,DEVELOPMENT,421,0.5391923990498813,0.20190023752969122,0.2589073634204275,0.035629453681710214,0.21140142517814728,0.0023752969121140144,87.89,0.04308093994778073,0.061088977423638724,-0.09232675823608383,0.37277297626889794,0.39052330039909827,-0.38391980933688485,BULLISH,86.08,49.46,NONE,RE_ACCUMULATION
2009-05-08,DEVELOPMENT,421,0.7030878859857482,0.09738717339667459,0.1995249406175772,0.026128266033254157,0.3087885985748218,0.004750593824228029,92.98,0.08355669502388996,0.068993665137562,-0.009375665885361095,0.3771042183986899,0.39719104272855815,-0.3482405719893452,BULLISH,86.08,71.21,BREAKDOWN_CONFIRMED,ACCUMULATION
2009-05-15,DEVELOPMENT,421,0.5486935866983373,0.22802850356294538,0.22327790973871733,0.05463182897862233,0.1330166270783848,0.0,88.71,0.01871841984382172,0.07202416918429,0.024128376818286723,0.37543397523640526,0.3867226395503179,-0.3679372996081226,BULLISH,86.08,55.67,NONE,RE_ACCUMULATION
2009-05-22,DEVELOPMENT,421,0.46318289786223277,0.2850356294536817,0.2517814726840855,0.05938242280285035,0.12826603325415678,0.0023752969121140144,89.02,0.027232864066466744,0.1498320847326271,0.11946680080482897,0.34293138668530887,0.3663509368375798,-0.36572853580334874,BULLISH,86.0,50.93,NONE,NEUTRAL
2009-05-29,DEVELOPMENT,422,0.6066350710900474,0.1966824644549763,0.1966824644549763,0.02843601895734597,0.23459715639810427,0.0071090047393364926,92.53,0.052793264307657406,0.25158934126876775,0.02708402708402713,0.3232490299604683,0.3196236220697004,-0.32108004989360917,BULLISH,86.0,56.01,NONE,RE_ACCUMULATION
2009-06-05,DEVELOPMENT,423,0.7163120567375887,0.09456264775413711,0.18912529550827423,0.026004728132387706,0.22695035460992907,0.004728132387706856,94.55,0.016885351688535,0.37207952401683353,0.07528716024110071,0.26388984295105894,0.31845394374816055,-0.30554535438854213,BULLISH,86.08,70.73,BREAKDOWN_CONFIRMED,RE_ACCUMULATION
2009-06-12,DEVELOPMENT,423,0.6879432624113475,0.1347517730496454,0.1773049645390071,0.028368794326241134,0.16784869976359337,0.0,94.38,0.06391613121406836,0.24037324221316858,0.06056860321384416,0.20503604128043312,0.3183028034806084,-0.282717738258094,BULLISH,86.08,55.45,NONE,RE_ACCUMULATION
2009-06-19,DEVELOPMENT,423,0.4444444444444444,0.2907801418439716,0.2647754137115839,0.03309692671394799,0.09929078014184398,0.0,92.04,0.03392496068299278,0.19984356667970293,0.043774098435019226,0.22120049207220302,0.32033048629848465,-0.29292463701313654,BULLISH,86.08,52.28,NONE,NEUTRAL
2009-06-26,DEVELOPMENT,426,0.3779342723004695,0.36619718309859156,0.25586854460093894,0.035211267605633804,0.09859154929577464,0.01643192488262911,91.84,-0.007457040959688688,0.12535228525915953,0.053694355208811384,0.1952946966210838,0.3197419448815676,-0.29446108934470294,NEUTRAL,86.0,34.15,NONE,NEUTRAL
2009-07-02,DEVELOPMENT,427,0.4215456674473068,0.35362997658079626,0.22482435597189696,0.02810304449648712,0.06323185011709602,0.00468384074941452,89.81,-0.0501322051824431,0.06586755281272239,-0.033885542168674565,0.19791682326054033,0.30740818467918835,-0.31005608051010214,NEUTRAL,86.08,47.33,NONE,DISTRIBUTION
2009-07-10,DEVELOPMENT,427,0.18501170960187355,0.5690866510538641,0.2459016393442623,0.0351288056206089,0.06323185011709602,0.00468384074941452,87.96,-0.06802288620470442,0.02505535485374666,-0.01268380289594806,0.20202922030242487,0.3029559456266371,-0.32426826457709146,BEARISH,86.08,53.65,BREAKOUT_CONFIRMED,DISTRIBUTION
2009-07-17,DEVELOPMENT,427,0.5690866510538641,0.25526932084309134,0.1756440281030445,0.02810304449648712,0.14285714285714285,0.00468384074941452,94.13,0.022707518470230115,0.08096003674781804,0.10663061368445792,0.24306535360419915,0.3106894077519701,-0.27686871014826764,BULLISH,86.08,49.41,NONE,NEUTRAL
2009-07-24,DEVELOPMENT,427,0.8149882903981265,0.07494145199063232,0.11007025761124122,0.02576112412177986,0.3114754098360656,0.0,98.07,0.06783536585365835,0.1316639741518577,0.180002406449284,0.25140981105802324,0.3121748277054465,-0.2466005992164093,BULLISH,86.0,72.04,BREAKDOWN_CONFIRMED,ACCUMULATION
2009-07-31,DEVELOPMENT,427,0.8360655737704918,0.053864168618266976,0.11007025761124122,0.03981264637002342,0.18032786885245902,0.0,98.81,0.10021155773299184,0.12424621686198667,0.19292526862247983,0.2512938396183037,0.3117818549980468,-0.2409157255896135,BULLISH,86.0,59.5,NONE,ACCUMULATION
2009-08-07,DEVELOPMENT,427,0.8430913348946136,0.06791569086651054,0.08899297423887588,0.02107728337236534,0.26697892271662765,0.0,101.202,0.15054570259208733,0.08842761884276173,0.16352222950367334,0.23147448270746598,0.3065670007415959,-0.22253975570407925,BULLISH,86.08,61.12,NONE,ACCUMULATION
2009-08-14,DEVELOPMENT,427,0.810304449648712,0.08430913348946135,0.1053864168618267,0.01639344262295082,0.11943793911007025,0.0,100.79,0.07075321364070986,0.136174050276181,0.21800604229607257,0.2034378319393799,0.2961413032442384,-0.22259930582337062,BULLISH,86.08,59.03,NONE,ACCUMULATION
2009-08-21,DEVELOPMENT,427,0.8337236533957846,0.06791569086651054,0.09836065573770492,0.01873536299765808,0.2154566744730679,0.0,102.97,0.04996431120628131,0.15670635812177047,0.33001808318264003,0.2040686761131217,0.276475358364093,-0.20048140383570145,BULLISH,86.08,67.55,BREAKOUT_SETUP,ACCUMULATION
2009-08-28,DEVELOPMENT,427,0.8852459016393442,0.0351288056206089,0.07962529274004684,0.02107728337236534,0.20140515222482436,0.0,103.38,0.04625037951624322,0.11725926726467084,0.3983497903422155,0.19526365393773956,0.26393024497121276,-0.18010944563407094,BULLISH,86.0,56.94,NONE,RE_ACCUMULATION
2009-09-04,DEVELOPMENT,429,0.7202797202797203,0.08857808857808858,0.19114219114219114,0.009324009324009324,0.12354312354312354,0.0,102.06,0.00847809331831395,0.07942887361184559,0.48106225511536804,0.19758028407318007,0.23883621655637682,-0.1905781584582441,BULLISH,86.08,52.95,NONE,RE_ACCUMULATION
2009-09-11,DEVELOPMENT,429,0.8228438228438228,0.04895104895104895,0.1282051282051282,0.018648018648018648,0.25874125874125875,0.0,104.77,0.0394880444488539,0.11008688281415546,0.37692206597450384,0.2006967978488669,0.2013140816111385,-0.15589751853045442,BULLISH,86.08,68.7,BREAKDOWN_CONFIRMED,RE_ACCUMULATION
2009-09-18,DEVELOPMENT,429,0.9067599067599068,0.02097902097902098,0.07226107226107226,0.030303030303030304,0.2400932400932401,0.0,106.72,0.03641837428377204,0.1594958713602781,0.39121366184330597,0.18794285161508503,0.20136078847508423,-0.11692180388911866,BULLISH,86.08,57.18,NONE,ACCUMULATION
2009-09-25,DEVELOPMENT,429,0.8065268065268065,0.055944055944055944,0.13752913752913754,0.023310023310023312,0.1258741258741259,0.0,104.45,0.010350164441865095,0.1373040069686411,0.2798676632765593,0.1977035208487373,0.19255643248233195,-0.053380460395142326,BULLISH,86.0,53.72,NONE,RE_ACCUMULATION
2009-10-02,DEVELOPMENT,429,0.5291375291375291,0.17016317016317017,0.3006993006993007,0.02564102564102564,0.046620046620046623,0.002331002331002331,102.49,0.004213207916911488,0.14118695022825967,0.21635414194160907,0.19543300374138217,0.19367993470011352,-0.03963643178410803,BULLISH,86.08,50.33,NONE,NEUTRAL
2009-10-09,DEVELOPMENT,429,0.717948717948718,0.11188811188811189,0.17016317016317017,0.037296037296037296,0.12354312354312354,0.0,107.26,0.02376634532786115,0.21941791723510695,0.24997086586644923,0.19520329503260256,0.2008100971550264,0.0,BULLISH,86.08,51.96,NONE,NEUTRAL
2009-10-16,DEVELOPMENT,429,0.8275058275058275,0.0675990675990676,0.1048951048951049,0.030303030303030304,0.10256410256410256,0.0,108.89,0.020333583208395734,0.15680441941995116,0.2504593477262287,0.15574725297574346,0.20083476048348864,0.0,BULLISH,86.08,55.4,NONE,RE_ACCUMULATION
2009-10-23,DEVELOPMENT,429,0.6923076923076923,0.11888111888111888,0.1888111888111888,0.027972027972027972,0.07459207459207459,0.009324009324009324,108.08,0.034753470560076494,0.10206995003568875,0.24717285945072698,0.14491320172103198,0.20124290358589045,-0.007438699605106125,BULLISH,86.0,54.33,NONE,RE_ACCUMULATION
2009-10-30,DEVELOPMENT,429,0.32400932400932403,0.32167832167832167,0.3543123543123543,0.023310023310023312,0.018648018648018648,0.011655011655011656,103.56,0.010440042931017635,0.04807205748406029,0.17829104562521336,0.1755257225004095,0.21340262300060828,-0.04894848011754982,NEUTRAL,86.0,41.5,NONE,NEUTRAL
2009-11-06,DEVELOPMENT,429,0.4755244755244755,0.24708624708624707,0.2773892773892774,0.02097902097902098,0.06526806526806526,0.004662004662004662,107.13,-0.0012120082043632907,0.05857591747198665,0.15218326521832637,0.1817639291975786,0.2040838100496901,-0.016163100376526796,NEUTRAL,86.08,48.14,NONE,NEUTRAL
2009-11-13,DEVELOPMENT,429,0.7599067599067599,0.14219114219114218,0.0979020979020979,0.039627039627039624,0.1282051282051282,0.0,109.62,0.006704013224354988,0.08760789760888965,0.23571187013865424,0.18425672368990975,0.1905849109436405,0.0,STRONG_BULLISH,86.08,72.65,BREAKDOWN_CONFIRMED,RE_DISTRIBUTION
2009-11-20,DEVELOPMENT,429,0.7412587412587412,0.13752913752913754,0.12121212121212122,0.02564102564102564,0.1048951048951049,0.002331002331002331,109.43,0.012490747594374518,0.06273671943284453,0.22927432037744344,0.182009849697461,0.19101371913482976,-0.0017332603539499392,BULLISH,86.08,52.91,NONE,NEUTRAL
2009-11-27,DEVELOPMENT,429,0.6783216783216783,0.16783216783216784,0.15384615384615385,0.027972027972027972,0.04428904428904429,0.0,109.57,0.05803398995751241,0.059876184948732813,0.18415648978709598,0.18215458061676065,0.1856270756855196,-0.0004561211457764225,BULLISH,86.0,55.58,NONE,RE_ACCUMULATION
2009-12-04,DEVELOPMENT,429,0.7342657342657343,0.0979020979020979,0.16783216783216784,0.016317016317016316,0.10722610722610723,0.006993006993006993,111.01,0.03621767945486809,0.08769351361943967,0.17408778424114235,0.1786778007049266,0.18457099901468815,0.0,STRONG_BULLISH,86.08,65.21,NONE,ACCUMULATION
2009-12-11,DEVELOPMENT,429,0.7296037296037297,0.11888111888111888,0.15151515151515152,0.006993006993006993,0.07226107226107226,0.004662004662004662,111.11,0.01359241014413426,0.06051350577455383,0.17726213180758643,0.17366573969044863,0.18435787915410787,0.0,STRONG_BULLISH,86.08,61.66,NONE,NEUTRAL
2009-12-18,DEVELOPMENT,429,0.7086247086247086,0.13053613053613053,0.16083916083916083,0.02097902097902098,0.10256410256410256,0.013986013986013986,110.21,0.007127844284017026,0.032702398800599664,0.19741416775315068,0.17267206356572096,0.17990168389905778,-0.008100081000810055,STRONG_BULLISH,86.08,61.23,NONE,NEUTRAL
2009-12-24,DEVELOPMENT,429,0.7808857808857809,0.09090909090909091,0.1282051282051282,0.011655011655011656,0.11421911421911422,0.0,112.48,0.02655836451583471,0.07687888942077548,0.2247386759581882,0.16767276468099818,0.1803028500624423,0.0,STRONG_BULLISH,86.0,68.46,BREAKOUT_SETUP,NEUTRAL
2009-12-31,DEVELOPMENT,429,0.7855477855477856,0.08624708624708624,0.1282051282051282,0.016317016317016316,0.06293706293706294,0.0,111.44,0.003873524907666015,0.08732559274075524,0.24084177708495713,0.1625934723962564,0.1767001093273049,-0.009246088193456625,STRONG_BULLISH,86.0,61.19,NONE,RE_DISTRIBUTION
2010-01-08,DEVELOPMENT,429,0.8484848484848485,0.04895104895104895,0.10256410256410256,0.011655011655011656,0.11655011655011654,0.0,114.57,0.031140311403113907,0.06815215364534755,0.3025238744884038,0.14637621165304474,0.17333767527278707,0.0,STRONG_BULLISH,86.08,74.02,BREAKOUT_SETUP,ACCUMULATION
2010-01-15,DEVELOPMENT,429,0.8135198135198135,0.06060606060606061,0.1258741258741259,0.011655011655011656,0.06060606060606061,0.002331002331002331,113.64,0.031122402685781703,0.043622003857103575,0.20726654626580276,0.1469541119145268,0.15124257866859128,-0.00811730819586276,STRONG_BULLISH,86.08,66.59,NONE,ACCUMULATION
2010-01-22,DEVELOPMENT,429,0.5291375291375291,0.11888111888111888,0.351981351981352,0.046620046620046623,0.030303030303030304,0.03496503496503497,109.21,-0.02907183499288768,0.010455218356772766,0.11359233200774965,0.16900039170412542,0.15615423674844897,-0.04678362573099415,BULLISH,86.0,50.93,NONE,RE_ACCUMULATION
2010-01-29,DEVELOPMENT,429,0.2494172494172494,0.22144522144522144,0.5291375291375291,0.030303030303030304,0.027972027972027972,0.013986013986013986,107.39,-0.036342426417803275,0.03698339127076089,0.08683331646594472,0.14746058618931707,0.15886108348651343,-0.06266911058741376,NEUTRAL,86.0,38.07,NONE,NEUTRAL
2010-02-05,DEVELOPMENT,429,0.2680652680652681,0.331002331002331,0.40093240093240096,0.013986013986013986,0.027972027972027972,0.039627039627039624,106.66,-0.06904076110674695,-0.0043871931298422595,0.05393174047943705,0.1315186445978784,0.1564638314983983,-0.06904076110674695,BEARISH,86.08,37.89,NONE,NEUTRAL
2010-02-12,DEVELOPMENT,429,0.2773892773892774,0.32167832167832167,0.40093240093240096,0.009324009324009324,0.05128205128205128,0.006993006993006993,108.04,-0.04927842309046104,-0.014413428206531687,0.0719317392598473,0.12501893586178006,0.15688342079380352,-0.05699572313869239,NEUTRAL,86.08,38.49,NONE,NEUTRAL
2010-02-19,DEVELOPMENT,429,0.5944055944055944,0.1864801864801865,0.2191142191142191,0.023310023310023312,0.07925407925407925,0.002331002331002331,111.14,0.017672374324695594,0.015626427853422165,0.07934349810624464,0.13832314157282505,0.15894182512830232,-0.029938029152483114,BULLISH,86.0,52.53,NONE,NEUTRAL
2010-02-26,DEVELOPMENT,429,0.6293706293706294,0.1864801864801865,0.18414918414918416,0.018648018648018648,0.07459207459207459,0.0,110.74,0.031194710866933484,0.010678105320799602,0.07119365447862247,0.13867968668747913,0.15922304463361578,-0.03342934450554247,BULLISH,86.0,53.57,NONE,ACCUMULATION
2010-03-05,DEVELOPMENT,429,0.7855477855477856,0.10722610722610723,0.10722610722610723,0.006993006993006993,0.12354312354312354,0.0,114.25,0.07116069754359655,0.029186559769390108,0.1194395453654713,0.15021085100893547,0.16251493420752655,-0.002793052282447306,STRONG_BULLISH,86.08,68.66,NONE,ACCUMULATION
2010-03-12,DEVELOPMENT,429,0.8251748251748252,0.09090909090909091,0.08391608391608392,0.02564102564102564,0.10955710955710955,0.0,115.46,0.0686782673084041,0.03915039150391508,0.10203302472081699,0.15103531126295092,0.15956966118622445,0.0,STRONG_BULLISH,86.08,77.46,BREAKOUT_SETUP,ACCUMULATION
2010-03-19,DEVELOPMENT,429,0.8368298368298368,0.0675990675990676,0.09557109557109557,0.006993006993006993,0.11655011655011654,0.0,115.97,0.04345870073780822,0.0522638599038201,0.08667541229385312,0.1490528430358312,0.1581181947074107,0.0,STRONG_BULLISH,86.08,68.21,NONE,ACCUMULATION
2010-03-26,DEVELOPMENT,429,0.8205128205128205,0.07692307692307693,0.10256410256410256,0.02097902097902098,0.08624708624708624,0.0,116.582,0.052754199024742654,0.03646870554765291,0.11615126854954516,0.14480460340221887,0.1538918268465577,0.0,STRONG_BULLISH,86.0,64.59,NONE,ACCUMULATION
2010-04-01,DEVELOPMENT,429,0.8344988344988346,0.06293706293706294,0.10256410256410256,0.018648018648018648,0.06060606060606061,0.002331002331002331,117.8,0.031072210065645534,0.05707106963388364,0.14938042735876667,0.14296467141139446,0.15022571024605733,0.0,STRONG_BULLISH,86.08,64.57,NONE,ACCUMULATION
2010-04-09,DEVELOPMENT,429,0.8484848484848485,0.053613053613053616,0.0979020979020979,0.004662004662004662,0.0979020979020979,0.0,119.55,0.035423523298111936,0.04346687614558786,0.11458139101249287,0.1357567676549743,0.13847831447968353,0.0,STRONG_BULLISH,86.08,72.0,BREAKOUT_SETUP,ACCUMULATION
2010-04-16,DEVELOPMENT,429,0.8531468531468531,0.053613053613053616,0.09324009324009325,0.004662004662004662,0.07459207459207459,0.002331002331002331,119.36,0.029231697852893035,0.05033438929954248,0.09615208008081555,0.13396396988902695,0.13777875932705924,-0.0015892931827686807,STRONG_BULLISH,86.08,65.83,NONE,ACCUMULATION
2010-04-23,DEVELOPMENT,429,0.8461538461538461,0.05827505827505827,0.09557109557109557,0.006993006993006993,0.13053613053613053,0.006993006993006993,121.81,0.04484397248288774,0.11537404999542167,0.12703552923760175,0.09985983774301112,0.13874325276479987,0.0,STRONG_BULLISH,86.0,75.38,BREAKOUT_SETUP,ACCUMULATION
2010-04-30,DEVELOPMENT,429,0.7622377622377622,0.08624708624708624,0.15151515151515152,0.013986013986013986,0.03496503496503497,0.009324009324009324,118.83,0.008743633276740326,0.10652760964708063,0.14745075318655854,0.10916865171052505,0.1284009786719561,-0.024464329693785425,STRONG_BULLISH,86.0,65.1,NONE,ACCUMULATION
2010-05-07,DEVELOPMENT,429,0.2400932400932401,0.2400932400932401,0.5198135198135199,0.023310023310023312,0.04428904428904429,0.08857808857808858,111.26,-0.06934337097448762,0.04312769548096762,0.03855129282180547,0.1792516548926553,0.15464021601154815,-0.08661029472128723,NEUTRAL,86.08,41.69,NONE,RE_ACCUMULATION
2010-05-14,DEVELOPMENT,429,0.4149184149184149,0.24242424242424243,0.34265734265734266,0.04195804195804196,0.039627039627039624,0.011655011655011656,113.89,-0.045827747989276135,0.054146612365790325,0.03895274584929753,0.18292127713293002,0.15475590000219924,-0.06501929234053039,NEUTRAL,86.08,38.77,NONE,NEUTRAL
2010-05-21,DEVELOPMENT,429,0.18414918414918416,0.40326340326340326,0.4125874125874126,0.027972027972027972,0.05827505827505827,0.018648018648018648,109.115,-0.10421968639684764,-0.018220262731689862,-0.0028785524993147904,0.19626733159308737,0.16659440531442885,-0.10421968639684764,NEUTRAL,86.0,40.53,NONE,RE_DISTRIBUTION
2010-05-28,DEVELOPMENT,429,0.14918414918414918,0.46153846153846156,0.38927738927738925,0.046620046620046623,0.06993006993006994,0.0,109.369,-0.07961794159723978,-0.012380350370236548,-0.0018344437345988451,0.1962935847608588,0.16661578934031268,-0.10213447171824974,BEARISH,86.0,34.73,NONE,RE_DISTRIBUTION
2010-06-04,DEVELOPMENT,429,0.19114219114219114,0.5337995337995338,0.27505827505827507,0.027972027972027972,0.011655011655011656,0.004662004662004662,106.82,-0.0399065252561569,-0.06503282275711164,-0.03774434735609411,0.18770513563398933,0.1686829583396253,-0.12306050406370583,BEARISH,86.08,41.52,NONE,NEUTRAL
2010-06-11,DEVELOPMENT,429,0.21445221445221446,0.5151515151515151,0.2703962703962704,0.030303030303030304,0.06060606060606061,0.0,109.68,-0.03696549301958019,-0.050060627056989326,-0.012870128701286898,0.19607380208258968,0.17326329435862517,-0.09958131516295865,BEARISH,86.08,36.11,NONE,NEUTRAL
2010-06-18,DEVELOPMENT,428,0.5186915887850467,0.2546728971962617,0.2266355140186916,0.02336448598130841,0.0911214953271028,0.002336448598130841,111.729,0.023956376300233728,-0.03656980253513842,0.013782778332274814,0.20062220119348767,0.1748610342485693,-0.08276003612182914,NEUTRAL,86.08,37.26,NONE,RE_ACCUMULATION
2010-06-25,DEVELOPMENT,428,0.3341121495327103,0.4696261682242991,0.19626168224299065,0.009345794392523364,0.05841121495327103,0.011682242990654205,107.8675,-0.013728753120171078,-0.07474996140055912,-0.041007290184921774,0.20955542438805194,0.17922538869828653,-0.11446104589114192,BEARISH,86.0,50.17,NONE,NEUTRAL
2010-07-02,DEVELOPMENT,428,0.06074766355140187,0.75,0.18925233644859812,0.02336448598130841,0.014018691588785047,0.0,102.2,-0.04325032765399728,-0.13242784380305594,-0.08291457286432158,0.2259300703363832,0.1931331010238749,-0.16098842459568175,STRONG_BEARISH,86.08,51.93,BREAKOUT_CONFIRMED,RE_DISTRIBUTION
2010-07-09,DEVELOPMENT,428,0.18925233644859812,0.5514018691588785,0.25934579439252337,0.030373831775700934,0.04672897196261682,0.0,107.96,-0.01568198395331888,-0.09694688414889174,-0.057693986209304327,0.2588859455836754,0.20628216243621025,-0.1137016665298416,STRONG_BEARISH,86.08,38.79,NONE,NEUTRAL
2010-07-16,DEVELOPMENT,428,0.36682242990654207,0.3574766355140187,0.2757009345794392,0.02102803738317757,0.030373831775700934,0.014018691588785047,106.66,-0.04536870463353293,-0.10640080428954424,-0.06142203449489625,0.2587457903619738,0.2066031351765401,-0.1243740251210903,NEUTRAL,86.08,37.94,NONE,NEUTRAL
2010-07-23,DEVELOPMENT,428,0.4719626168224299,0.27102803738317754,0.2570093457943925,0.02570093457943925,0.06074766355140187,0.004672897196261682,110.41,0.023570584281641827,-0.09358837533864217,0.010988004761468773,0.26725571244862056,0.20562961116773049,-0.09358837533864217,NEUTRAL,86.0,37.04,NONE,RE_ACCUMULATION
2010-07-30,DEVELOPMENT,428,0.5841121495327103,0.1822429906542056,0.2336448598130841,0.02336448598130841,0.056074766355140186,0.002336448598130841,110.27,0.07896281800391391,-0.07203568122527981,0.026818139491572746,0.26466089579891783,0.20405404395123977,-0.09473770626385358,BULLISH,86.0,52.06,NONE,ACCUMULATION
2010-08-06,DEVELOPMENT,428,0.6518691588785047,0.16355140186915887,0.18457943925233644,0.016355140186915886,0.04906542056074766,0.0,112.392,0.04105224157095222,0.010174366349092079,0.053740858803675184,0.23546380015688936,0.20519631327635443,-0.07731713324029232,BULLISH,86.08,54.79,NONE,ACCUMULATION
2010-08-13,DEVELOPMENT,428,0.4369158878504673,0.338785046728972,0.22429906542056074,0.02336448598130841,0.04205607476635514,0.002336448598130841,108.31,0.015469716857303695,-0.04899464395469311,0.002499074416882685,0.2412482483130707,0.2116612704241875,-0.11082833921681312,NEUTRAL,86.08,53.2,NONE,RE_ACCUMULATION
2010-08-20,DEVELOPMENT,428,0.3247663551401869,0.45560747663551404,0.21962616822429906,0.011682242990654205,0.018691588785046728,0.002336448598130841,107.53,-0.02608459378679462,-0.014525958850753695,-0.0324815547957531,0.22674084771025732,0.20777297136265413,-0.1172317543715623,BEARISH,86.08,41.75,NONE,NEUTRAL
2010-08-27,DEVELOPMENT,428,0.3107476635514019,0.5163551401869159,0.17289719626168223,0.007009345794392523,0.016355140186915886,0.009345794392523364,106.86,-0.03092409540219454,-0.022940687031974383,-0.03503702365902106,0.2268967674628553,0.2078782732130239,-0.12273212379935972,BEARISH,86.0,43.68,NONE,RE_ACCUMULATION
2010-09-03,DEVELOPMENT,430,0.49534883720930234,0.3302325581395349,0.1744186046511628,0.0069767441860465115,0.037209302325581395,0.002325581395348837,110.89,-0.01336394049398526,0.03810147912375972,-0.02940919037199119,0.23399179573107198,0.2100080538428178,-0.08964781216648876,BEARISH,86.08,34.88,NONE,NEUTRAL
2010-09-10,DEVELOPMENT,430,0.6511627906976745,0.1744186046511628,0.1744186046511628,0.0,0.053488372093023255,0.0,111.482,0.02928630782014574,0.016429613420860578,-0.03445349038628087,0.2285642280579564,0.20954967658260443,-0.08478778425416633,BULLISH,86.08,51.8,NONE,NEUTRAL
2010-09-17,DEVELOPMENT,430,0.6790697674418604,0.12790697674418605,0.1930232558139535,0.011627906976744186,0.03488372093023256,0.0,112.49,0.04612666232679241,0.006811123343088976,-0.03000776062774857,0.22626548351987932,0.2098972940946561,-0.07651260159264439,BULLISH,86.08,61.75,NONE,ACCUMULATION
2010-09-24,DEVELOPMENT,430,0.7511627906976744,0.1,0.14883720930232558,0.009302325581395349,0.05813953488372093,0.002325581395348837,114.82,0.07448998689874586,0.06445407560201155,-0.01511382546190665,0.21539031582726442,0.2119459601581653,-0.05738445119448332,STRONG_BULLISH,86.0,65.69,NONE,ACCUMULATION
2010-10-01,DEVELOPMENT,430,0.7511627906976744,0.10232558139534884,0.14651162790697675,0.023255813953488372,0.03255813953488372,0.002325581395348837,114.61,0.03354675804851648,0.12142857142857144,-0.027079796264855682,0.17688942904468463,0.21137748109931992,-0.05910844758230027,BULLISH,86.08,56.19,NONE,RE_ACCUMULATION
2010-10-08,DEVELOPMENT,430,0.786046511627907,0.09767441860465116,0.11627906976744186,0.011627906976744186,0.07209302325581396,0.002325581395348837,116.5375,0.045348127948906525,0.07945072248981111,-0.02519866164784612,0.14614446373961085,0.21169463786858683,-0.04328462359412211,STRONG_BULLISH,86.08,61.17,NONE,RE_ACCUMULATION
2010-10-15,DEVELOPMENT,432,0.7962962962962963,0.08564814814814815,0.11805555555555555,0.011574074074074073,0.06712962962962964,0.009259259259259259,117.7,0.04631522802026855,0.10350646915432216,-0.013907506702412809,0.14084724706800417,0.21220920798466333,-0.03374107216156308,STRONG_BULLISH,86.08,64.91,NONE,RE_ACCUMULATION
2010-10-22,DEVELOPMENT,432,0.8171296296296297,0.09259259259259259,0.09027777777777778,0.0023148148148148147,0.05555555555555555,0.0023148148148148147,118.347,0.030717645009580297,0.07188660447423234,-0.028429521385764822,0.12774719404881538,0.21022312357344902,-0.028429521385764822,STRONG_BULLISH,86.0,61.18,NONE,NEUTRAL
2010-10-29,DEVELOPMENT,433,0.76905311778291,0.09468822170900693,0.13625866050808313,0.009237875288683603,0.03233256351039261,0.0,118.49,0.03385393944681958,0.07454430035367743,-0.0028612303290415086,0.1272738675527579,0.20730072228223287,-0.027255561940727424,STRONG_BULLISH,86.0,62.81,NONE,RE_ACCUMULATION
2010-11-05,DEVELOPMENT,433,0.8267898383371824,0.06004618937644342,0.11316397228637413,0.018475750577367205,0.07852193995381063,0.006928406466512702,122.725,0.05309449747935213,0.09193714855149837,0.10304691713104419,0.1386552258094215,0.19046805142395715,0.0,STRONG_BULLISH,86.08,76.61,BREAKOUT_SETUP,ACCUMULATION
2010-11-12,DEVELOPMENT,433,0.7944572748267898,0.08545034642032333,0.12009237875288684,0.018475750577367205,0.04387990762124711,0.004618937644341801,120.198,0.021223449447748344,0.10975902502077362,0.05538677671437342,0.11964693344327171,0.19130721501965234,-0.02059075168058666,STRONG_BULLISH,86.08,65.18,NONE,ACCUMULATION
2010-11-19,DEVELOPMENT,433,0.6327944572748267,0.15011547344110854,0.21709006928406466,0.0023094688221709007,0.025404157043879907,0.0,120.29,0.016417822167017482,0.11866455872779702,0.10241488337992033,0.11622393672561468,0.1799132725417854,-0.019841108168669686,STRONG_BULLISH,86.08,63.48,NONE,RE_ACCUMULATION
2010-11-26,DEVELOPMENT,433,0.605080831408776,0.18013856812933027,0.21478060046189376,0.016166281755196306,0.011547344110854504,0.0,119.302,0.0068528989788168015,0.11643271570278868,0.090820982179594,0.1173954326259224,0.18073966611570202,-0.027891627622733672,STRONG_BULLISH,86.0,62.43,NONE,RE_ACCUMULATION
2010-12-03,DEVELOPMENT,433,0.7390300230946882,0.12009237875288684,0.14087759815242495,0.006928406466512702,0.053117782909930716,0.0,122.89,0.0013444693420248122,0.10821534854360171,0.15043999251076579,0.10995372468776614,0.17994339619855512,0.0,STRONG_BULLISH,86.08,71.11,BREAKOUT_SETUP,ACCUMULATION
2010-12-10,DEVELOPMENT,433,0.8013856812933026,0.08775981524249422,0.11085450346420324,0.006928406466512702,0.06697459584295612,0.0,124.48,0.03562455282117849,0.11659281318957326,0.1349380014587891,0.11019445783625065,0.17762255800398588,0.0,STRONG_BULLISH,86.08,74.0,BREAKOUT_SETUP,RE_ACCUMULATION
2010-12-17,DEVELOPMENT,434,0.7926267281105991,0.09907834101382489,0.10829493087557604,0.016129032258064516,0.052995391705069124,0.009216589861751152,124.3,0.03333610441433188,0.10498710996533034,0.11251331346382765,0.11200454315533079,0.17671684299373783,-0.0014460154241645595,STRONG_BULLISH,86.08,64.35,NONE,ACCUMULATION
2010-12-23,DEVELOPMENT,434,0.7995391705069125,0.07603686635944701,0.12442396313364056,0.018433179723502304,0.06912442396313365,0.0,125.6,0.05279039747866743,0.09388608256401332,0.16439149882958248,0.10871872890798931,0.16729030192341732,0.0,STRONG_BULLISH,86.0,65.59,NONE,ACCUMULATION
2010-12-31,DEVELOPMENT,434,0.8179723502304147,0.07603686635944701,0.10599078341013825,0.01152073732718894,0.04838709677419355,0.0,125.75,0.023272845634307204,0.09719919727772441,0.23043052837573375,0.10781553610962717,0.14368653777335874,0.0,STRONG_BULLISH,86.0,65.09,NONE,RE_ACCUMULATION
2011-01-07,DEVELOPMENT,434,0.7857142857142857,0.059907834101382486,0.1543778801843318,0.009216589861751152,0.03917050691244239,0.004608294930875576,127.14,0.021368894601542454,0.09097929850906361,0.17765839199703604,0.10620627629398238,0.12519377360810077,0.0,STRONG_BULLISH,86.08,65.25,NONE,ACCUMULATION
2011-01-14,DEVELOPMENT,435,0.8022988505747126,0.05517241379310345,0.1425287356321839,0.006896551724137931,0.07126436781609195,0.006896551724137931,129.3,0.04022526146419958,0.09855564995751909,0.2122632664541535,0.10802019433734383,0.12298549831259728,0.0,STRONG_BULLISH,86.0,67.08,NONE,ACCUMULATION
2011-01-21,DEVELOPMENT,436,0.7798165137614679,0.05963302752293578,0.16055045871559634,0.022935779816513763,0.0389908256880734,0.0022935779816513763,128.37,0.0220541401273886,0.08469162716418666,0.16266642514265017,0.11188061837693014,0.11769510556509583,-0.007192575406032575,STRONG_BULLISH,86.0,65.73,NONE,ACCUMULATION
2011-01-28,DEVELOPMENT,438,0.7442922374429224,0.0776255707762557,0.1780821917808219,0.0319634703196347,0.03424657534246575,0.00228310502283105,127.72,0.01566600397614315,0.07789686893408732,0.1582479368821983,0.11382397612703675,0.11829952687833105,-0.012219644238205873,STRONG_BULLISH,86.0,67.09,NONE,ACCUMULATION
2011-02-04,DEVELOPMENT,438,0.7945205479452054,0.08447488584474885,0.12100456621004566,0.00684931506849315,0.0593607305936073,0.00228310502283105,131.15,0.03154003460751942,0.06864941943369329,0.1668979998576412,0.10475538209915511,0.1205674674744324,0.0,STRONG_BULLISH,86.08,73.14,BREAKOUT_SETUP,ACCUMULATION
2011-02-11,DEVELOPMENT,439,0.8314350797266514,0.08200455580865604,0.08656036446469248,0.00683371298405467,0.0387243735763098,0.004555808656036446,133.11,0.029466357308584712,0.10742275245844368,0.22897239405410397,0.08986982903171006,0.10367637589468767,0.0,STRONG_BULLISH,86.0,76.57,BREAKOUT_SETUP,ACCUMULATION
2011-02-18,DEVELOPMENT,439,0.8451025056947609,0.08200455580865604,0.07289293849658314,0.009111617312072893,0.04783599088838269,0.0,134.53,0.04798628963153373,0.11838058026436116,0.2510927183111691,0.08861246521287912,0.10125683932734736,0.0,STRONG_BULLISH,85.92,78.02,BREAKOUT_SETUP,ACCUMULATION
2011-02-25,DEVELOPMENT,439,0.7198177676537585,0.11389521640091116,0.1662870159453303,0.009111617312072893,0.029612756264236904,0.0,132.33,0.03609458189790171,0.10920185747095612,0.23834924199887708,0.09649466630858178,0.10530232472722005,-0.01635322976287812,STRONG_BULLISH,86.0,65.36,NONE,ACCUMULATION
2011-03-04,DEVELOPMENT,439,0.6879271070615034,0.12300683371298406,0.18906605922551253,0.00683371298405467,0.022779043280182234,0.002277904328018223,132.47,0.010064811284788311,0.07795589551631532,0.19460726846424392,0.08455440765754396,0.09643410207956579,-0.01531256968705863,STRONG_BULLISH,86.08,67.39,NONE,ACCUMULATION
2011-03-11,DEVELOPMENT,439,0.6355353075170843,0.13211845102505695,0.23234624145785876,0.009111617312072893,0.02050113895216401,0.0,130.84,-0.017053564720907577,0.05109254498714644,0.17364238172978608,0.09026887808649325,0.10020091139584679,-0.02742882628410015,BULLISH,86.0,49.82,NONE,RE_ACCUMULATION
2011-03-18,DEVELOPMENT,439,0.357630979498861,0.17084282460136674,0.4715261958997722,0.004555808656036446,0.02050113895216401,0.018223234624145785,127.76,-0.05032334795212956,0.027835880933226198,0.1357453995910749,0.10548524718550117,0.10857076082955465,-0.05032334795212956,NEUTRAL,86.0,38.09,NONE,NEUTRAL
2011-03-25,DEVELOPMENT,439,0.6400911161731208,0.14578587699316628,0.214123006833713,0.00683371298405467,0.02050113895216401,0.002277904328018223,131.3,-0.007783571374593845,0.04538216560509567,0.14352900191604268,0.11640463347265938,0.11109571394312436,-0.024009514606407434,BULLISH,85.92,56.91,NONE,NEUTRAL
2011-04-01,DEVELOPMENT,439,0.8041002277904328,0.10478359908883828,0.09111617312072894,0.011389521640091117,0.015945330296127564,0.00683371298405467,133.15,0.00513323771419949,0.05884691848906565,0.16176598900619488,0.11812317610862268,0.11125627870961284,-0.010257935033078036,STRONG_BULLISH,86.0,61.84,NONE,NEUTRAL
2011-04-08,DEVELOPMENT,439,0.7927107061503417,0.09339407744874716,0.11389521640091116,0.01366742596810934,0.022779043280182234,0.002277904328018223,132.86,0.015438703760318084,0.04498977505112478,0.14006221173442035,0.11792156675475379,0.11061954194266972,-0.012413588047275659,STRONG_BULLISH,86.0,61.92,NONE,NEUTRAL
2011-04-15,DEVELOPMENT,439,0.683371298405467,0.12300683371298406,0.19362186788154898,0.01366742596810934,0.015945330296127564,0.002277904328018223,132.04,0.03350031308703816,0.021191028615622498,0.1218351741716226,0.11552647945223227,0.1115130155015395,-0.018508882777075852,STRONG_BULLISH,86.0,61.66,NONE,NEUTRAL
2011-04-21,DEVELOPMENT,442,0.7058823529411765,0.10180995475113122,0.19230769230769232,0.00904977375565611,0.013574660633484163,0.0022624434389140274,133.78,0.018888042650418768,0.042143803069252916,0.13040465749026176,0.11589024175095673,0.11217635815033393,-0.005574964691890338,STRONG_BULLISH,86.0,61.43,NONE,NEUTRAL
2011-04-29,DEVELOPMENT,442,0.8371040723981901,0.06561085972850679,0.09728506787330317,0.011312217194570135,0.042986425339366516,0.004524886877828055,136.43,0.024633871573413346,0.06819605386783589,0.151405181871888,0.11875342151649441,0.11399287034911763,0.0,STRONG_BULLISH,86.0,71.61,BREAKOUT_SETUP,RE_ACCUMULATION
2011-05-06,DEVELOPMENT,442,0.6945701357466063,0.09502262443438914,0.21040723981900453,0.006787330316742082,0.02262443438914027,0.0022624434389140274,134.2,0.010085804606352333,0.02325581395348819,0.09350173151354646,0.11603583169438367,0.10899527584135288,-0.016345378582423353,STRONG_BULLISH,86.08,63.65,NONE,RE_ACCUMULATION
2011-05-13,DEVELOPMENT,442,0.665158371040724,0.12669683257918551,0.2081447963800905,0.020361990950226245,0.013574660633484163,0.0022624434389140274,134.04,0.015146925174189585,0.006986702727067584,0.11515998602306188,0.11260586475097963,0.10336442358243016,-0.017518141171296797,STRONG_BULLISH,86.08,63.71,NONE,RE_ACCUMULATION
2011-05-20,DEVELOPMENT,442,0.6425339366515838,0.1583710407239819,0.19909502262443438,0.01583710407239819,0.013574660633484163,0.0022624434389140274,133.61,-0.0012707430109133444,-0.00683862335538532,0.11073239670795587,0.11065840122941716,0.10379881620902383,-0.020669940628893935,STRONG_BULLISH,85.92,62.52,NONE,RE_ACCUMULATION
2011-05-27,DEVELOPMENT,442,0.5588235294117647,0.16515837104072398,0.27601809954751133,0.0022624434389140274,0.027149321266968326,0.004524886877828055,133.51,-0.02140291724693999,0.008917101186427745,0.1190927226701981,0.10518742042696472,0.10247834994309926,-0.02140291724693999,BULLISH,85.92,53.84,NONE,NEUTRAL
2011-06-03,DEVELOPMENT,442,0.416289592760181,0.248868778280543,0.334841628959276,0.03167420814479638,0.011312217194570135,0.0022624434389140274,130.42,-0.028166915052160957,-0.01547520193251306,0.06127431035885733,0.11553923439037675,0.10241884251739534,-0.04405189474455784,NEUTRAL,86.08,40.27,NONE,NEUTRAL
2011-06-10,DEVELOPMENT,442,0.21040723981900453,0.40497737556561086,0.38461538461538464,0.042986425339366516,0.006787330316742082,0.006787330316742082,127.6,-0.048045359594151016,-0.024763069397737758,0.025064267352185032,0.1208428026588799,0.10659026466329485,-0.06472183537345166,NEUTRAL,86.08,39.0,NONE,RE_DISTRIBUTION
2011-06-17,DEVELOPMENT,442,0.23755656108597284,0.4638009049773756,0.2986425339366516,0.02262443438914027,0.013574660633484163,0.013574660633484163,127.05,-0.049098121398099104,-0.005557294927990064,0.022123893805309658,0.11161768250787399,0.10680694918960651,-0.06875320677270402,BEARISH,86.08,33.33,NONE,DISTRIBUTION
2011-06-24,DEVELOPMENT,442,0.33031674208144796,0.4095022624434389,0.26018099547511314,0.013574660633484163,0.020361990950226245,0.01583710407239819,126.81,-0.0501835068534191,-0.03419649657273427,0.009633757961783562,0.09366673945063729,0.10594384051385464,-0.07051235065601413,BEARISH,85.92,34.1,NONE,RE_DISTRIBUTION
2011-07-01,DEVELOPMENT,442,0.669683257918552,0.16968325791855204,0.16063348416289594,0.004524886877828055,0.033936651583710405,0.0,133.92,0.026836374789142692,0.005782951558392702,0.06497017892644119,0.14796037346860158,0.13195133368988068,-0.018397713112951797,STRONG_BULLISH,86.0,60.42,NONE,RE_ACCUMULATION
2011-07-08,DEVELOPMENT,442,0.7398190045248869,0.09954751131221719,0.16063348416289594,0.004524886877828055,0.03167420814479638,0.0,134.4,0.05329153605015691,0.011591148577449806,0.05710240679565848,0.14793460227099678,0.1313755321834457,-0.014879425346331465,STRONG_BULLISH,86.08,61.77,NONE,ACCUMULATION
2011-07-15,DEVELOPMENT,442,0.5633484162895928,0.27149321266968324,0.16515837104072398,0.006787330316742082,0.01809954751131222,0.0,131.69,0.036521054702872924,-0.0026507119054831607,0.018484145398298457,0.15344965746987044,0.13322626634242454,-0.03474309169537493,STRONG_BULLISH,86.08,61.15,NONE,RE_ACCUMULATION
2011-07-22,DEVELOPMENT,442,0.6018099547511312,0.24434389140271492,0.15384615384615385,0.013574660633484163,0.029411764705882353,0.0022624434389140274,134.58,0.061272770286254996,0.005979967110181006,0.04837578873568593,0.157656372124092,0.1359058011162566,-0.013560067433848855,STRONG_BULLISH,86.0,61.17,NONE,RE_ACCUMULATION
2011-07-29,DEVELOPMENT,442,0.32805429864253394,0.3755656108597285,0.29638009049773756,0.004524886877828055,0.020361990950226245,0.01583710407239819,129.33,-0.0342741935483869,-0.0520413398812577,0.01260569996868166,0.1701200793756704,0.1475495605234775,-0.0520413398812577,NEUTRAL,86.0,53.37,NONE,NEUTRAL
2011-08-05,DEVELOPMENT,442,0.05203619909502263,0.746606334841629,0.20135746606334842,0.00904977375565611,0.01809954751131222,0.2850678733031674,120.08,-0.10654761904761911,-0.10521609538002974,-0.08440716736561193,0.2170131191375886,0.17440083213226037,-0.1198416770505022,BEARISH,86.08,43.15,NONE,CAPITULATION
2011-08-12,DEVELOPMENT,442,0.042986425339366516,0.7850678733031674,0.17194570135746606,0.03167420814479638,0.09502262443438914,0.004524886877828055,118.14,-0.10289315817450073,-0.11862130707251561,-0.11246337615505986,0.21701467560601304,0.17324921257201392,-0.13406142344059224,BEARISH,86.08,41.46,NONE,DISTRIBUTION
2011-08-19,DEVELOPMENT,443,0.08126410835214447,0.8103837471783296,0.10835214446952596,0.06772009029345373,0.04288939051918736,0.01805869074492099,112.64,-0.16302570961509888,-0.1569493301399597,-0.16271463614063775,0.22878698677921483,0.18166334373984244,-0.17437513743311595,BEARISH,86.08,40.2,NONE,DISTRIBUTION
2011-08-26,DEVELOPMENT,443,0.15349887133182843,0.7223476297968398,0.12415349887133183,0.029345372460496615,0.10158013544018059,0.002257336343115124,117.97,-0.08783731539472672,-0.1163957755973335,-0.10851658731957992,0.25790246160283553,0.19621343204942177,-0.13530748369127032,BEARISH,85.92,39.12,NONE,DISTRIBUTION
2011-09-02,DEVELOPMENT,446,0.2982062780269058,0.5739910313901345,0.12780269058295965,0.017937219730941704,0.0515695067264574,0.0,117.85,-0.018570952698201193,-0.09638092317129265,-0.11036461085528804,0.25639211252201183,0.19612298962738978,-0.13618705563292544,BEARISH,86.0,33.0,NONE,NEUTRAL
2011-09-09,DEVELOPMENT,446,0.2219730941704036,0.6457399103139013,0.13228699551569506,0.013452914798206279,0.03139013452914798,0.002242152466367713,115.92,-0.018791264601320412,-0.09153605015673971,-0.11403240599205133,0.255324019434742,0.1965600914230254,-0.15033350436121096,BEARISH,86.08,49.14,FAILED_BREAKOUT,NEUTRAL
2011-09-16,DEVELOPMENT,447,0.2953020134228188,0.436241610738255,0.2684563758389262,0.03355704697986577,0.10738255033557047,0.0022371364653243847,121.521,0.07884410511363638,-0.04351829988193623,-0.04883375078271768,0.27819724805336077,0.20786422141591848,-0.10927948398446097,NEUTRAL,86.08,53.89,NONE,RE_ACCUMULATION
2011-09-23,DEVELOPMENT,448,0.19196428571428573,0.6785714285714286,0.12946428571428573,0.024553571428571428,0.03794642857142857,0.020089285714285716,113.54,-0.03755191997965579,-0.1046447441053544,-0.1352627570449353,0.305295460276284,0.2220205493426478,-0.1677783478707029,BEARISH,86.0,39.28,NONE,RE_ACCUMULATION
2011-09-30,DEVELOPMENT,448,0.15848214285714285,0.7477678571428571,0.09375,0.033482142857142856,0.020089285714285716,0.008928571428571428,113.15,-0.03988120492151026,-0.15509259259259245,-0.15020653398422834,0.2729780170076707,0.22024373799124308,-0.17063695668108192,BEARISH,86.0,40.75,NONE,NEUTRAL
2011-10-07,DEVELOPMENT,447,0.17002237136465326,0.668903803131991,0.1610738255033557,0.049217002237136466,0.0738255033557047,0.0044742729306487695,115.71,-0.0018115942028986698,-0.1390625000000001,-0.12908324552160177,0.2803100346112177,0.22385306870000082,-0.15187275525910737,BEARISH,86.08,40.46,NONE,RE_ACCUMULATION
2011-10-14,DEVELOPMENT,448,0.47767857142857145,0.16741071428571427,0.3549107142857143,0.017857142857142856,0.109375,0.0,122.57,0.008632252861645151,-0.06925355000379685,-0.07172069069978793,0.3119911819612057,0.24148610745050383,-0.10159055926115967,NEUTRAL,86.08,48.34,BREAKOUT_SETUP,NEUTRAL
2011-10-21,DEVELOPMENT,448,0.5647321428571429,0.12053571428571429,0.31473214285714285,0.026785714285714284,0.13169642857142858,0.0,123.97,0.09186189889025886,-0.07883786595333642,-0.07332934668859326,0.30879968495147636,0.24126444246494236,-0.09132888660851723,BULLISH,86.08,60.58,BREAKDOWN_CONFIRMED,ACCUMULATION
2011-10-28,DEVELOPMENT,448,0.7745535714285714,0.04017857142857143,0.18526785714285715,0.017857142857142856,0.08928571428571429,0.0,128.6,0.13654441007512141,-0.005644475373076774,-0.05739206919299278,0.3105907912406661,0.24585166203442596,-0.05739206919299278,BULLISH,86.0,61.08,NONE,ACCUMULATION
2011-11-04,DEVELOPMENT,448,0.6741071428571429,0.09598214285714286,0.22991071428571427,0.04017857142857143,0.078125,0.002232142857142857,125.481,0.08444386829141814,0.04497834776815446,-0.06497019374068547,0.2755504209640855,0.2470821561077574,-0.08025360990984398,BULLISH,86.08,66.01,BREAKDOWN_SETUP,ACCUMULATION
2011-11-11,DEVELOPMENT,448,0.6674107142857143,0.16964285714285715,0.16294642857142858,0.006696428571428571,0.06919642857142858,0.0,126.66,0.0333686872807375,0.07211782630777042,-0.05505819158460157,0.27214271500334614,0.24760857075619902,-0.07161181558308294,STRONG_BULLISH,86.08,73.8,FAILED_BREAKDOWN,ACCUMULATION
2011-11-18,DEVELOPMENT,450,0.4533333333333333,0.3,0.24666666666666667,0.042222222222222223,0.035555555555555556,0.008888888888888889,121.979,-0.01606033717834965,0.08291015625000009,-0.08705186737519655,0.26468099201419776,0.25261200464358147,-0.10592245107381082,NEUTRAL,85.92,40.01,NONE,NEUTRAL
2011-11-25,DEVELOPMENT,450,0.15777777777777777,0.6133333333333333,0.2288888888888889,0.04666666666666667,0.03111111111111111,0.0022222222222222222,116.34,-0.09533437013996882,-0.01381707213698391,-0.12860459890644882,0.268673145877835,0.2598881354421276,-0.14725500256541824,BEARISH,86.0,38.14,NONE,DISTRIBUTION
2011-12-02,DEVELOPMENT,450,0.5511111111111111,0.30666666666666664,0.14222222222222222,0.02,0.07333333333333333,0.0044444444444444444,124.86,-0.004948956415712247,0.0594823928722954,-0.042631498236466725,0.3063628038669721,0.28054578702115646,-0.08480539470790882,BULLISH,86.08,51.7,NONE,NEUTRAL
2011-12-09,DEVELOPMENT,451,0.7006651884700665,0.14855875831485588,0.15077605321507762,0.022172949002217297,0.05543237250554324,0.0,126.05,-0.004816042949628896,0.08738785369220148,-0.012147335423197458,0.3027858796932511,0.27922666705326615,-0.07608297295316291,STRONG_BULLISH,86.08,61.15,NONE,RE_DISTRIBUTION
2011-12-16,DEVELOPMENT,451,0.458980044345898,0.3436807095343681,0.1973392461197339,0.017738359201773836,0.031042128603104215,0.0066518847006651885,121.59,-0.0031890735290500682,0.0005678030957612101,-0.04297520661157017,0.2998860136514527,0.2837042841183189,-0.10877373011800928,NEUTRAL,86.0,48.64,NONE,RE_DISTRIBUTION
2011-12-23,DEVELOPMENT,453,0.5739514348785872,0.2693156732891832,0.15673289183222958,0.02207505518763797,0.04856512141280353,0.0,126.39,0.08638473439917482,0.11317597322529505,-0.0033120416370948647,0.2711888884933131,0.28939214216584525,-0.07359085245180685,BULLISH,85.92,52.73,NONE,NEUTRAL
2011-12-30,DEVELOPMENT,453,0.6423841059602649,0.22075055187637968,0.1368653421633554,0.019867549668874173,0.03532008830022075,0.0,125.5,0.005125740829729386,0.10914714980114892,-0.06287335722819587,0.2719961199915937,0.27778296721039186,-0.08011434435241516,BULLISH,85.92,51.08,NONE,RE_DISTRIBUTION
2012-01-06,DEVELOPMENT,453,0.6490066225165563,0.17660044150110377,0.17439293598233996,0.024282560706401765,0.0684326710816777,0.002207505518763797,127.71,0.013169377231257329,0.10370754472387866,-0.04977678571428579,0.27106288304639264,0.2790516120276386,-0.06391556109360119,STRONG_BULLISH,86.08,60.25,NONE,NEUTRAL
2012-01-13,DEVELOPMENT,453,0.6997792494481236,0.11920529801324503,0.18101545253863136,0.017660044150110375,0.06181015452538632,0.002207505518763797,128.84,0.059626614030759084,0.05115444235946809,-0.02164173437618644,0.2476852513420328,0.27797376741657875,-0.05563292530968267,STRONG_BULLISH,86.0,65.53,NONE,ACCUMULATION
2012-01-20,DEVELOPMENT,453,0.7571743929359823,0.0728476821192053,0.16997792494481237,0.026490066225165563,0.059602649006622516,0.004415011037527594,131.54,0.04074689453279534,0.06106316044204241,-0.022588794768910847,0.24958582670827129,0.2778138681349275,-0.035842556622443844,STRONG_BULLISH,86.08,70.82,NONE,ACCUMULATION
2012-01-27,DEVELOPMENT,454,0.8215859030837004,0.05506607929515418,0.12334801762114538,0.006607929515418502,0.07048458149779736,0.0,131.82,0.050358565737051775,0.025038880248833495,0.019253073532822906,0.23961860612166863,0.2718771232835937,-0.0337902220919154,STRONG_BULLISH,86.0,68.85,NONE,ACCUMULATION
2012-02-03,DEVELOPMENT,454,0.8744493392070485,0.04185022026431718,0.08370044052863436,0.019823788546255508,0.08149779735682819,0.0,134.54,0.053480541852634955,0.07219419673097915,0.12041972018654223,0.23474310897754402,0.25087679911858846,-0.013853258081067299,STRONG_BULLISH,86.08,69.32,NONE,ACCUMULATION
2012-02-10,DEVELOPMENT,454,0.8436123348017621,0.046255506607929514,0.11013215859030837,0.01762114537444934,0.05506607929515418,0.0,134.361,0.042851598882334585,0.06080056845097115,0.1373031995937024,0.2350234215081647,0.2491510406512218,-0.015165286227369457,STRONG_BULLISH,86.0,69.93,NONE,ACCUMULATION
2012-02-17,DEVELOPMENT,454,0.8546255506607929,0.05947136563876652,0.08590308370044053,0.011013215859030838,0.03524229074889868,0.0022026431718061676,136.41,0.03702295879580353,0.11830724960853911,0.21102627840909083,0.21711224476901891,0.23732573064686285,-0.00014659532360927763,STRONG_BULLISH,85.92,66.13,NONE,ACCUMULATION
2012-02-24,DEVELOPMENT,454,0.8348017621145375,0.05286343612334802,0.11233480176211454,0.015418502202643172,0.04405286343612335,0.0,136.93,0.03876498255196492,0.1769812618188069,0.16071882682037808,0.18215100995903682,0.23016687166475544,0.0,STRONG_BULLISH,86.0,74.48,BREAKOUT_SETUP,ACCUMULATION
2012-03-02,DEVELOPMENT,454,0.7797356828193832,0.07929515418502203,0.14096916299559473,0.019823788546255508,0.024229074889867842,0.0022026431718061676,137.312,0.02060353798126968,0.09972769501842071,0.16514212982605025,0.12725968852686792,0.2299801784131966,0.0,STRONG_BULLISH,86.08,65.81,NONE,ACCUMULATION
2012-03-09,DEVELOPMENT,454,0.7268722466960352,0.10792951541850221,0.16519823788546256,0.013215859030837005,0.013215859030837005,0.0022026431718061676,137.57,0.023883418551514213,0.09139230464101544,0.18676673567977908,0.12764577709836042,0.22765960299322646,0.0,STRONG_BULLISH,86.08,64.18,NONE,ACCUMULATION
2012-03-16,DEVELOPMENT,456,0.8201754385964912,0.08333333333333333,0.09649122807017543,0.008771929824561403,0.03508771929824561,0.0021929824561403508,140.3,0.02851697089656202,0.1538777860021383,0.15453296138116057,0.09087445574247231,0.22037806619649208,0.0,STRONG_BULLISH,86.08,65.26,NONE,ACCUMULATION
2012-03-23,DEVELOPMENT,456,0.7916666666666666,0.08991228070175439,0.11842105263157894,0.008771929824561403,0.019736842105263157,0.0,139.65,0.01986416417147452,0.10491336339900315,0.22996300863131935,0.07217456621578845,0.19447364576468293,-0.004632929436920952,STRONG_BULLISH,86.0,64.26,NONE,ACCUMULATION
2012-03-30,DEVELOPMENT,456,0.7872807017543859,0.09210526315789473,0.1206140350877193,0.008771929824561403,0.02631578947368421,0.0,140.81,0.025474831041715218,0.12199203187251006,0.24445426425099415,0.0646831640431163,0.19370246613356323,0.0,STRONG_BULLISH,85.92,64.58,NONE,ACCUMULATION
2012-04-05,DEVELOPMENT,456,0.7368421052631579,0.12719298245614036,0.13596491228070176,0.015350877192982455,0.015350877192982455,0.0021929824561403508,139.79,0.016137239223668054,0.09458930389162945,0.2081064730792499,0.06917522810829352,0.1938709093318752,-0.0072438037071231864,STRONG_BULLISH,86.08,64.46,NONE,ACCUMULATION
2012-04-13,DEVELOPMENT,456,0.44956140350877194,0.19517543859649122,0.35526315789473684,0.010964912280701754,0.006578947368421052,0.0021929824561403508,137.14,-0.022523164647184735,0.06442098727103374,0.11887084931059788,0.08623708020450381,0.1817141342948987,-0.02606348980896256,BULLISH,86.08,49.0,NONE,NEUTRAL
2012-04-20,DEVELOPMENT,457,0.5382932166301969,0.19474835886214442,0.26695842450765866,0.010940919037199124,0.01312910284463895,0.01312910284463895,137.95,-0.012173290368779233,0.04873042420556484,0.11276921835928033,0.07903123211098666,0.18145268539446086,-0.02031105745330597,BULLISH,86.0,47.85,NONE,NEUTRAL
2012-04-27,DEVELOPMENT,457,0.6652078774617067,0.16411378555798686,0.17067833698030635,0.01312910284463895,0.00437636761487965,0.015317286652078774,140.39,-0.0029827427029331943,0.065012896373843,0.09167962674961116,0.08366238708344566,0.17608260951840973,-0.0029827427029331943,STRONG_BULLISH,86.0,60.57,NONE,NEUTRAL
2012-05-04,DEVELOPMENT,457,0.5733041575492341,0.22975929978118162,0.19693654266958424,0.02188183807439825,0.01312910284463895,0.002188183807439825,137.018,-0.019829744616925327,0.018418314255983503,0.0919422063898121,0.09430401583885034,0.17600550842706258,-0.026929905546481114,STRONG_BULLISH,86.08,60.98,NONE,NEUTRAL
2012-05-11,DEVELOPMENT,457,0.424507658643326,0.2910284463894967,0.2844638949671772,0.0175054704595186,0.02188183807439825,0.006564551422319475,135.61,-0.011156482426717074,0.009295852219022072,0.07066161376914581,0.09711613141252487,0.1768716111414888,-0.036929195369647005,NEUTRAL,86.08,38.1,NONE,NEUTRAL
2012-05-18,DEVELOPMENT,458,0.2183406113537118,0.4388646288209607,0.34279475982532753,0.048034934497816595,0.024017467248908297,0.013100436681222707,129.74,-0.05951431678144237,-0.048896708452459414,0.06362570606415874,0.12571649991606582,0.1800373131323715,-0.07861657552730628,NEUTRAL,85.92,41.14,NONE,RE_DISTRIBUTION
2012-05-25,DEVELOPMENT,458,0.27292576419213976,0.4781659388646288,0.24890829694323144,0.015283842794759825,0.028384279475982533,0.006550218340611353,132.1,-0.059049789871073344,-0.03527349740743457,0.13546501633144215,0.13254622552643852,0.16615694233458436,-0.06185640224415889,BEARISH,85.92,32.24,NONE,DISTRIBUTION
2012-06-01,DEVELOPMENT,459,0.2374727668845316,0.5599128540305011,0.20261437908496732,0.026143790849673203,0.013071895424836602,0.008714596949891068,128.16,-0.06464844035090278,-0.06665113027266378,0.026429601153291626,0.1424776293776112,0.14021970531388503,-0.08983736950500676,BEARISH,86.08,38.83,NONE,DISTRIBUTION
2012-06-08,DEVELOPMENT,461,0.29718004338394793,0.49023861171366595,0.21258134490238612,0.010845986984815618,0.05856832971800434,0.006507592190889371,133.1,-0.01850895951625997,-0.032492549247655766,0.055930186433954754,0.16702837862297149,0.14950727340354444,-0.054754633903842165,BEARISH,86.08,34.91,NONE,RE_DISTRIBUTION
2012-06-15,DEVELOPMENT,461,0.40997830802603036,0.38177874186550975,0.20824295010845986,0.013015184381778741,0.04121475054229935,0.0,134.14,0.03391398180977312,-0.04390591589451198,0.10321572497738285,0.16177031570279252,0.13896876364738317,-0.04736879482991274,NEUTRAL,86.08,51.55,NONE,RE_ACCUMULATION
2012-06-22,DEVELOPMENT,461,0.45770065075921906,0.3579175704989154,0.1843817787418655,0.010845986984815618,0.04338394793926247,0.004338394793926247,133.46,0.01029523088569273,-0.04432509846043675,0.05593796977609,0.16178924858930058,0.12922880411238863,-0.052197997301328014,NEUTRAL,85.92,51.75,NONE,NEUTRAL
2012-06-29,DEVELOPMENT,461,0.4793926247288503,0.31453362255965295,0.20607375271149675,0.013015184381778741,0.04121475054229935,0.0021691973969631237,136.105,0.06199282147315843,-0.03341382004119031,0.08450199203187236,0.16690932442088108,0.1307849790095668,-0.03341382004119031,BULLISH,85.92,63.66,NONE,ACCUMULATION
2012-07-06,DEVELOPMENT,461,0.5639913232104121,0.227765726681128,0.20824295010845986,0.010845986984815618,0.03036876355748373,0.0,135.49,0.01795642374154771,-0.030760426353816372,0.060919270221595934,0.16665276508239585,0.12948086667879202,-0.03778140757048498,BULLISH,86.08,63.25,NONE,ACCUMULATION
2012-07-13,DEVELOPMENT,461,0.5574837310195228,0.28199566160520606,0.16052060737527116,0.006507592190889371,0.026030368763557483,0.0,135.75,0.01200238556731792,-0.01013562782557964,0.05363241229431859,0.16271480703942506,0.1291371197159695,-0.03593494780200268,BULLISH,86.08,55.17,NONE,ACCUMULATION
2012-07-20,DEVELOPMENT,461,0.5531453362255966,0.25813449023861174,0.18872017353579176,0.02386117136659436,0.026030368763557483,0.006507592190889371,136.47,0.02255357410460057,-0.01072852482783615,0.037479093811768394,0.16261568747235225,0.12626520781510456,-0.030821674596974713,STRONG_BULLISH,86.08,63.05,NONE,ACCUMULATION
2012-07-27,DEVELOPMENT,461,0.5878524945770065,0.2299349240780911,0.1822125813449024,0.008676789587852495,0.03253796095444685,0.004338394793926247,138.675,0.01888248043789731,-0.012215969798418547,0.05200273099681407,0.16189747684303174,0.12794315951380392,-0.01516227540657622,STRONG_BULLISH,86.0,66.11,NONE,ACCUMULATION
2012-08-03,DEVELOPMENT,461,0.5835140997830802,0.20824295010845986,0.20824295010845986,0.010845986984815618,0.052060737527114966,0.0021691973969631237,139.349,0.02848180677540757,0.01701236333912326,0.035744016649323695,0.15399109248122975,0.12510448103209396,-0.010375683545202796,STRONG_BULLISH,86.08,63.11,NONE,RE_ACCUMULATION
2012-08-10,DEVELOPMENT,461,0.6941431670281996,0.09978308026030369,0.20607375271149675,0.03253796095444685,0.04772234273318872,0.0,140.84,0.03749539594843454,0.03856647739842178,0.048220837891947976,0.1527434660989273,0.1256943689449187,0.0,STRONG_BULLISH,86.08,62.42,NONE,RE_ACCUMULATION
2012-08-17,DEVELOPMENT,461,0.7071583514099783,0.08459869848156182,0.20824295010845986,0.013015184381778741,0.04121475054229935,0.0,142.18,0.04184069758921383,0.09588407584399561,0.042298951689758946,0.11508639971332002,0.12469067451308974,0.0,STRONG_BULLISH,86.08,71.89,BREAKOUT_SETUP,RE_ACCUMULATION
2012-08-24,DEVELOPMENT,461,0.6789587852494577,0.11279826464208242,0.20824295010845986,0.013015184381778741,0.028199566160520606,0.0021691973969631237,141.51,0.02044348296376408,0.07123391370174104,0.033447747024026864,0.11471109056515752,0.12497835693695643,-0.00471233647489111,STRONG_BULLISH,86.0,64.03,NONE,RE_ACCUMULATION
2012-08-31,DEVELOPMENT,461,0.6420824295010846,0.1735357917570499,0.1843817787418655,0.010845986984815618,0.02386117136659436,0.0,141.16,0.01299614636631774,0.10143570536828972,0.028023770682824356,0.08829045968965953,0.12507921848495812,-0.0071740047826699405,STRONG_BULLISH,85.92,65.25,NONE,ACCUMULATION
2012-09-07,DEVELOPMENT,462,0.7207792207792207,0.12987012987012986,0.14935064935064934,0.01948051948051948,0.017316017316017316,0.0021645021645021645,144.33,0.024779892076114862,0.08437265214124734,0.04913862033873673,0.06712360146139022,0.12864315128312823,0.0,STRONG_BULLISH,86.08,74.13,BREAKOUT_SETUP,ACCUMULATION
2012-09-14,DEVELOPMENT,463,0.7732181425485961,0.07991360691144708,0.1468682505399568,0.008639308855291577,0.0367170626349892,0.0021598272138228943,147.24,0.035588690392460265,0.09765916206947978,0.04946543121881675,0.07265381758332631,0.1287355599939264,0.0,STRONG_BULLISH,86.08,69.23,NONE,ACCUMULATION
2012-09-21,DEVELOPMENT,463,0.7473002159827213,0.1079913606911447,0.1447084233261339,0.017278617710583154,0.032397408207343416,0.004319654427645789,145.87,0.030810543424492964,0.09298666267046296,0.044539921231650625,0.07617175792399329,0.12940495018561798,-0.009304536810649355,STRONG_BULLISH,86.0,64.17,NONE,RE_ACCUMULATION
2012-09-28,DEVELOPMENT,463,0.6263498920086393,0.16414686825053995,0.20950323974082075,0.017278617710583154,0.019438444924406047,0.0021598272138228943,143.97,0.019906489090393942,0.05778626795488795,0.022441587955400966,0.08027320493945908,0.1306953241491191,-0.02220863895680525,STRONG_BULLISH,86.0,62.57,NONE,RE_ACCUMULATION
2012-10-05,DEVELOPMENT,463,0.67170626349892,0.16630669546436286,0.16198704103671707,0.01079913606911447,0.017278617710583154,0.0021598272138228943,146.14,0.012540705328067503,0.07860358698058878,0.045425280778310206,0.08041674889327251,0.1315706168589581,-0.007470795979353628,STRONG_BULLISH,86.08,61.12,NONE,NEUTRAL
2012-10-12,DEVELOPMENT,463,0.531317494600432,0.21166306695464362,0.2570194384449244,0.019438444924406047,0.02159827213822894,0.004319654427645789,142.89,-0.029543602281988712,0.05259668508287274,0.041927956832434,0.09815120392271177,0.13272802729263114,-0.029543602281988712,BULLISH,86.08,52.73,NONE,RE_DISTRIBUTION
2012-10-19,DEVELOPMENT,463,0.5572354211663066,0.19654427645788336,0.24622030237580994,0.017278617710583154,0.02159827213822894,0.017278617710583154,143.3896,-0.01700418180571739,0.05070418406975885,0.03943167814425519,0.09811662184525763,0.1326145587457615,-0.026150502580820523,STRONG_BULLISH,86.08,60.76,NONE,NEUTRAL
2012-10-26,DEVELOPMENT,463,0.4298056155507559,0.2634989200863931,0.30669546436285094,0.012958963282937365,0.01511879049676026,0.0064794816414686825,141.35,-0.018198235743557722,0.019289706147467056,0.006838093881330609,0.1004533234048878,0.132266999042655,-0.040002716653083525,NEUTRAL,86.0,38.7,NONE,RE_DISTRIBUTION
2012-11-02,DEVELOPMENT,463,0.42764578833693306,0.26997840172786175,0.3023758099352052,0.01079913606911447,0.017278617710583154,0.017278617710583154,141.56,-0.031339811140002616,0.015866637004930073,0.033148929337751154,0.10019934225885008,0.127287519632359,-0.03857647378429774,NEUTRAL,86.08,35.08,NONE,RE_DISTRIBUTION
2012-11-09,DEVELOPMENT,463,0.34773218142548595,0.3304535637149028,0.32181425485961124,0.03455723542116631,0.028077753779697623,0.0064794816414686825,138.16,-0.033102386451116184,-0.019028685032661197,0.018803923014526935,0.10969575223945285,0.13133010425852784,-0.06166802499320845,NEUTRAL,86.08,36.11,NONE,RE_DISTRIBUTION
2012-11-16,DEVELOPMENT,463,0.23326133909287258,0.4924406047516199,0.27429805615550756,0.008639308855291577,0.02591792656587473,0.012958963282937365,136.37,-0.048954735908322444,-0.04086369390912925,0.05110220440881763,0.1092391480623943,0.11625521265728712,-0.07382504754142893,BEARISH,86.08,34.72,NONE,RE_DISTRIBUTION
2012-11-23,DEVELOPMENT,463,0.4146868250539957,0.3779697624190065,0.20734341252699784,0.01079913606911447,0.0367170626349892,0.0,141.35,0.0,-0.0011306621440180242,0.0700227100681301,0.1347454578753894,0.12417011550315007,-0.040002716653083525,NEUTRAL,86.0,36.57,NONE,RE_DISTRIBUTION
2012-11-30,DEVELOPMENT,463,0.5593952483801296,0.1879049676025918,0.2526997840172786,0.004319654427645789,0.028077753779697623,0.004319654427645789,142.155,0.004203164735800957,0.007048739019552386,0.1091994382022472,0.13506648275668562,0.11457873454076072,-0.03453545232273847,BULLISH,86.0,51.94,NONE,NEUTRAL
2012-12-07,DEVELOPMENT,463,0.5853131749460043,0.17926565874730022,0.23542116630669546,0.008639308855291577,0.019438444924406047,0.004319654427645789,142.415,0.030797625940937934,-0.013268204808425277,0.06998497370398193,0.1267110868144482,0.1027885063065202,-0.03276962781852766,BULLISH,86.08,60.0,NONE,RE_ACCUMULATION
2012-12-14,DEVELOPMENT,464,0.5818965517241379,0.1724137931034483,0.24568965517241378,0.0021551724137931034,0.028017241379310345,0.0021551724137931034,142.1051,0.042055437412920726,-0.03487435479489276,0.05937900700760412,0.11822419779538802,0.10272611759460039,-0.03487435479489276,STRONG_BULLISH,86.08,65.32,NONE,ACCUMULATION
2012-12-21,DEVELOPMENT,464,0.6702586206896551,0.15517241379310345,0.17456896551724138,0.017241379310344827,0.036637931034482756,0.00646551724137931,142.79,0.010187477891758112,-0.02111469116336473,0.06990858684249956,0.11812987192673477,0.10219750917548828,-0.03022276555283898,STRONG_BULLISH,86.08,63.05,NONE,RE_ACCUMULATION
2012-12-28,DEVELOPMENT,464,0.5280172413793104,0.22629310344827586,0.24568965517241378,0.032327586206896554,0.010775862068965518,0.0,140.03,-0.014948471738595148,-0.027366812530388307,0.028838029462547432,0.12141805830234843,0.10354384714162007,-0.048967671828307524,NEUTRAL,86.0,51.23,NONE,NEUTRAL
2013-01-04,DEVELOPMENT,465,0.7462365591397849,0.13118279569892474,0.12258064516129032,0.010752688172043012,0.034408602150537634,0.0,146.37,0.02777095109363481,0.0015738333105241864,0.08030112923462984,0.15119795260248758,0.12040447079447082,-0.005908720456397787,STRONG_BULLISH,86.08,61.68,NONE,RE_ACCUMULATION
2013-01-11,DEVELOPMENT,467,0.7901498929336188,0.10492505353319058,0.10492505353319058,0.014989293361884369,0.034261241970021415,0.0,147.07,0.034938225299443904,0.029253271747498033,0.08338858195211785,0.143171734445343,0.1204137502522321,-0.0011545775604456798,STRONG_BULLISH,86.08,63.52,NONE,ACCUMULATION
2013-01-18,DEVELOPMENT,467,0.8115631691648822,0.09421841541755889,0.09421841541755889,0.010706638115631691,0.019271948608137045,0.0,148.33,0.03879823517053027,0.03445438162879322,0.0869055470066682,0.1436982650887411,0.12061959945647341,0.0,STRONG_BULLISH,86.08,75.46,BREAKOUT_SETUP,ACCUMULATION
2013-01-25,DEVELOPMENT,467,0.8650963597430407,0.07066381156316917,0.06423982869379015,0.006423982869379015,0.032119914346895075,0.0,150.25,0.07298436049417978,0.06296427308100472,0.08346854155399308,0.13998399738938944,0.11999355643461034,0.0,STRONG_BULLISH,86.0,78.3,BREAKOUT_SETUP,ACCUMULATION
2013-02-01,DEVELOPMENT,467,0.841541755888651,0.07922912205567452,0.07922912205567452,0.010706638115631691,0.021413276231263382,0.0021413276231263384,151.24,0.03327184532349525,0.06838089855891494,0.08533251045935031,0.1398197907936462,0.12006759021277681,0.0,STRONG_BULLISH,86.08,75.1,BREAKOUT_SETUP,ACCUMULATION
2013-02-08,DEVELOPMENT,467,0.8201284796573876,0.08993576017130621,0.08993576017130621,0.008565310492505354,0.019271948608137045,0.0021413276231263384,151.8,0.03216155572176538,0.09872611464968162,0.07781880147685327,0.12484544742715979,0.11957576136167909,0.0,STRONG_BULLISH,86.08,74.36,BREAKOUT_CONFIRMED,ACCUMULATION
2013-02-15,DEVELOPMENT,467,0.8308351177730193,0.1006423982869379,0.06852248394004283,0.014989293361884369,0.017130620985010708,0.0021413276231263384,152.11,0.02548371873525257,0.11542128034025079,0.06984104656069778,0.11764176750736512,0.11919764493966549,0.0,STRONG_BULLISH,86.08,67.84,NONE,ACCUMULATION
2013-02-22,DEVELOPMENT,467,0.7516059957173448,0.10920770877944326,0.139186295503212,0.01284796573875803,0.02569593147751606,0.0021413276231263384,151.89,0.010915141430948294,0.07456667845772902,0.0733517065931737,0.10200647164988713,0.11886250560766197,-0.0014463217408455797,STRONG_BULLISH,86.0,62.93,NONE,RE_ACCUMULATION
2013-03-01,DEVELOPMENT,467,0.7044967880085653,0.10920770877944326,0.18629550321199143,0.014989293361884369,0.017130620985010708,0.0,152.11,0.005752446442740089,0.0700291934859838,0.07757155001416849,0.10234921562799111,0.11862594865220248,0.0,STRONG_BULLISH,86.08,64.2,NONE,RE_ACCUMULATION
2013-03-08,DEVELOPMENT,471,0.8386411889596603,0.09978768577494693,0.06157112526539278,0.006369426751592357,0.03184713375796178,0.0,155.44,0.023978919631093554,0.09145806270406909,0.07697637358830445,0.1071444375151077,0.11843588593022998,0.0,STRONG_BULLISH,86.08,72.37,BREAKOUT_SETUP,RE_ACCUMULATION
2013-03-15,DEVELOPMENT,471,0.8471337579617835,0.09341825902335456,0.059447983014861996,0.014861995753715499,0.016985138004246284,0.004246284501061571,155.83,0.02445598579975017,0.09658274052092453,0.058340124966041795,0.10583498223214917,0.11571029618112087,0.0,STRONG_BULLISH,86.08,65.42,NONE,ACCUMULATION
2013-03-22,DEVELOPMENT,472,0.7563559322033898,0.1038135593220339,0.13983050847457626,0.0211864406779661,0.012711864406779662,0.0,155.6,0.024425571137007163,0.08971216471741728,0.0667032289024474,0.10719276430211294,0.11460075361244702,-0.0014759674003723688,STRONG_BULLISH,86.08,64.09,NONE,ACCUMULATION
2013-03-28,DEVELOPMENT,472,0.7733050847457628,0.09957627118644068,0.1271186440677966,0.014830508474576272,0.006355932203389831,0.0,156.67,0.02997830517388711,0.11883167892594426,0.08821282211571857,0.09120635609334625,0.11238897944360915,0.0,STRONG_BULLISH,86.0,74.63,BREAKOUT_SETUP,ACCUMULATION
2013-04-05,DEVELOPMENT,472,0.6673728813559322,0.12076271186440678,0.211864406779661,0.006355932203389831,0.025423728813559324,0.00423728813559322,155.158,-0.0018142048378796405,0.06003962560634002,0.06170795127959483,0.05474766991685226,0.11247408469919937,-0.00965085849237246,STRONG_BULLISH,86.08,65.16,NONE,ACCUMULATION
2013-04-12,DEVELOPMENT,472,0.7733050847457628,0.09745762711864407,0.1292372881355932,0.012711864406779662,0.025423728813559324,0.012711864406779662,158.8,0.019059231213501837,0.079757938396682,0.11134439079011837,0.06660994876491029,0.11018213395048353,0.0,STRONG_BULLISH,86.08,64.1,NONE,ACCUMULATION
2013-04-19,DEVELOPMENT,472,0.6080508474576272,0.1652542372881356,0.2266949152542373,0.006355932203389831,0.02754237288135593,0.00423728813559322,155.48,-0.0007712082262211206,0.048203330411919154,0.08431852798250361,0.0851210035846707,0.1157605044881086,-0.02090680100755682,STRONG_BULLISH,86.08,64.01,NONE,ACCUMULATION
2013-04-26,DEVELOPMENT,473,0.7082452431289641,0.13530655391120508,0.15644820295983086,0.019027484143763214,0.023255813953488372,0.004228329809725159,158.24,0.010021063381630224,0.05317803660565734,0.11949062610541228,0.08788346749652956,0.11455207474664349,-0.0035264483627204246,STRONG_BULLISH,86.0,62.58,NONE,RE_ACCUMULATION
2013-05-03,DEVELOPMENT,473,0.8118393234672304,0.080338266384778,0.10782241014799154,0.010570824524312896,0.02536997885835095,0.0,161.368,0.04002371775867175,0.06696641100238021,0.13992653291890367,0.09331034233141428,0.11646283923085567,0.0,STRONG_BULLISH,86.08,64.62,NONE,ACCUMULATION
2013-05-10,DEVELOPMENT,473,0.864693446088795,0.05919661733615222,0.07610993657505286,0.012684989429175475,0.02748414376321353,0.0,163.41,0.029030226700251793,0.07648221343873507,0.18275911986103077,0.0944501725526034,0.10862714802985309,0.0,STRONG_BULLISH,86.08,75.25,BREAKOUT_SETUP,ACCUMULATION
2013-05-17,DEVELOPMENT,473,0.8879492600422833,0.05919661733615222,0.052854122621564484,0.014799154334038054,0.019027484143763214,0.0,166.94,0.073707229225624,0.09749523371244484,0.22416953875485812,0.09909715193015217,0.10667336971139386,0.0,STRONG_BULLISH,86.08,79.01,BREAKOUT_SETUP,ACCUMULATION
2013-05-24,DEVELOPMENT,474,0.820675105485232,0.0759493670886076,0.10337552742616034,0.010548523206751054,0.04008438818565401,0.002109704641350211,165.308,0.04466632962588468,0.08834024623082493,0.1694941634241245,0.10357086437391935,0.10078057977893014,-0.009775967413442,STRONG_BULLISH,86.0,66.54,NONE,ACCUMULATION
2013-05-31,DEVELOPMENT,473,0.6765327695560254,0.09936575052854123,0.22410147991543342,0.03171247357293869,0.021141649048625793,0.004228329809725159,163.445,0.012871201229487816,0.0745184406021957,0.14976610038338434,0.10929258670067975,0.10374612165549009,-0.02093566550856596,STRONG_BULLISH,86.0,64.99,NONE,ACCUMULATION
2013-06-07,DEVELOPMENT,473,0.6046511627906976,0.12684989429175475,0.26849894291754756,0.0021141649048625794,0.02536997885835095,0.006342494714587738,164.8,0.008506211370173267,0.0602161605764282,0.1571814766702948,0.10377968295078954,0.10367546611006805,-0.012818976877920107,STRONG_BULLISH,86.08,64.25,NONE,ACCUMULATION
2013-06-14,DEVELOPMENT,473,0.5644820295983086,0.1543340380549683,0.28118393234672306,0.008456659619450317,0.021141649048625793,0.0021141649048625794,163.175,-0.022553013058583815,0.047134698068407976,0.14826983690240536,0.10773467901730698,0.10544859996436082,-0.022553013058583815,BULLISH,86.08,51.11,NONE,NEUTRAL
2013-06-21,DEVELOPMENT,473,0.4059196617336152,0.23890063424947147,0.35517970401691334,0.02536997885835095,0.016913319238900635,0.048625792811839326,159.07,-0.03773562078060344,0.022300771208226156,0.11401358638560133,0.1220752370302351,0.11398757800591414,-0.04714268599496829,NEUTRAL,86.08,38.54,NONE,NEUTRAL
2013-06-28,DEVELOPMENT,473,0.4418604651162791,0.2156448202959831,0.34249471458773784,0.02536997885835095,0.03171247357293869,0.021141649048625793,160.42,-0.018507754902260753,0.023935660943384285,0.14561165464543313,0.1224057071752342,0.10866756994124502,-0.03905594824487846,BULLISH,86.0,47.8,NONE,RE_DISTRIBUTION
2013-07-05,DEVELOPMENT,473,0.5750528541226215,0.20930232558139536,0.2156448202959831,0.006342494714587738,0.02748414376321353,0.0021141649048625794,163.02,-0.010800970873786397,0.050670928988514996,0.11375281820045102,0.1227070335113375,0.09311604048513619,-0.02348149035581637,BULLISH,86.08,55.78,NONE,RE_DISTRIBUTION
2013-07-12,DEVELOPMENT,474,0.7763713080168776,0.12447257383966245,0.09915611814345991,0.012658227848101266,0.03164556962025317,0.0,167.51,0.02656656963382864,0.05484886649874032,0.13898143741075675,0.12574619470267964,0.09878626191465403,0.0,STRONG_BULLISH,86.08,60.88,NONE,NEUTRAL
2013-07-19,DEVELOPMENT,474,0.8312236286919831,0.08438818565400844,0.08438818565400844,0.012658227848101266,0.023206751054852322,0.002109704641350211,169.17,0.0634940592192117,0.08804990995626438,0.1404975392705452,0.11353527189239795,0.09890222965684807,0.0,STRONG_BULLISH,86.08,74.16,BREAKOUT_SETUP,RE_ACCUMULATION
2013-07-26,DEVELOPMENT,474,0.7890295358649789,0.0970464135021097,0.11392405063291139,0.008438818565400843,0.029535864978902954,0.002109704641350211,169.11,0.05417030295474401,0.06869312436804864,0.12552412645590683,0.1116060579102125,0.09851241902974729,-0.0003546728143286604,STRONG_BULLISH,86.0,66.54,NONE,ACCUMULATION
2013-08-02,DEVELOPMENT,474,0.7637130801687764,0.14135021097046413,0.0949367088607595,0.027426160337552744,0.014767932489451477,0.0,170.95,0.04864433811802216,0.05937980268702581,0.13032266596138564,0.10794656024786192,0.09887458115596276,0.0,STRONG_BULLISH,86.08,73.51,BREAKOUT_SETUP,ACCUMULATION
2013-08-09,DEVELOPMENT,474,0.7109704641350211,0.15822784810126583,0.1308016877637131,0.004219409282700422,0.027426160337552744,0.002109704641350211,169.31,0.010745627126738766,0.036105501499296366,0.11534914361001314,0.10986253072576511,0.10095133685065225,-0.009593448376718272,STRONG_BULLISH,86.08,62.84,NONE,RE_ACCUMULATION
2013-08-16,DEVELOPMENT,474,0.5084388185654009,0.20042194092827004,0.2911392405063291,0.0379746835443038,0.035864978902953586,0.008438818565400843,165.83,-0.01974345333096872,-0.006649095483407086,0.09019788311090648,0.11100993193274822,0.10688656370823203,-0.029950277859022933,BULLISH,86.08,64.44,BREAKDOWN_SETUP,NEUTRAL
2013-08-23,DEVELOPMENT,474,0.4831223628691983,0.21518987341772153,0.30168776371308015,0.002109704641350211,0.035864978902953586,0.002109704641350211,166.62,-0.014724144048252619,0.007936699978222439,0.09697807623938393,0.1094888806757353,0.1066575261202498,-0.025329043579994104,BULLISH,86.0,57.58,BREAKDOWN_CONFIRMED,NEUTRAL
2013-08-30,DEVELOPMENT,474,0.34810126582278483,0.24050632911392406,0.41139240506329117,0.029535864978902954,0.02109704641350211,0.002109704641350211,163.65,-0.042702544603685166,0.001254244547095329,0.07586614949707449,0.11331616360144331,0.11089179408580825,-0.042702544603685166,BULLISH,86.0,48.0,NONE,RE_DISTRIBUTION
2013-09-06,DEVELOPMENT,474,0.4620253164556962,0.26371308016877637,0.2742616033755274,0.008438818565400843,0.016877637130801686,0.002109704641350211,166.04,-0.019313684956588584,0.00752427184465998,0.06819351518270711,0.11594034354106135,0.10875819453389089,-0.02872184849371162,BULLISH,86.08,48.47,NONE,RE_DISTRIBUTION
2013-09-13,DEVELOPMENT,475,0.6694736842105263,0.17684210526315788,0.15368421052631578,0.002105263157894737,0.03368421052631579,0.0,169.33,0.021105951878429785,0.037720239007200895,0.0866328691522813,0.11937160292615105,0.11143234493795903,-0.009476455103831438,STRONG_BULLISH,86.08,61.02,NONE,NEUTRAL
2013-09-20,DEVELOPMENT,475,0.7726315789473684,0.0968421052631579,0.13052631578947368,0.014736842105263158,0.018947368421052633,0.0,170.72,0.02460688992918003,0.07323819702017986,0.09717223650385609,0.10279400142481399,0.11140789387230345,-0.001345422638198257,STRONG_BULLISH,86.08,63.18,NONE,RE_ACCUMULATION
2013-09-27,DEVELOPMENT,475,0.6778947368421052,0.13473684210526315,0.18736842105263157,0.014736842105263158,0.016842105263157894,0.0,168.909,0.032135655362053095,0.052917341977309684,0.07811961447628768,0.10741650230029269,0.11309823124703214,-0.01193916349809887,STRONG_BULLISH,86.0,62.5,NONE,RE_ACCUMULATION
2013-10-04,DEVELOPMENT,476,0.6218487394957983,0.19747899159663865,0.18067226890756302,0.0063025210084033615,0.014705882352941176,0.0,168.89,0.017164538665381812,0.03600785179732524,0.08850333208729166,0.10434508428362502,0.11167173955237654,-0.01205030710734134,STRONG_BULLISH,86.08,60.77,NONE,RE_ACCUMULATION
2013-10-11,DEVELOPMENT,476,0.6113445378151261,0.16806722689075632,0.22058823529411764,0.01050420168067227,0.01050420168067227,0.0,170.26,0.0054922340990963825,0.016416930332517454,0.07216624685138529,0.09074711779648541,0.1079753434485872,-0.004036267914594882,BULLISH,86.08,57.58,NONE,NEUTRAL
2013-10-18,DEVELOPMENT,476,0.773109243697479,0.09873949579831932,0.12815126050420167,0.012605042016806723,0.018907563025210083,0.004201680672268907,174.388,0.021485473289597046,0.03084471241945974,0.12161049652688449,0.1006153033064621,0.10622986363616752,0.0,STRONG_BULLISH,86.08,73.77,BREAKOUT_SETUP,ACCUMULATION
2013-10-25,DEVELOPMENT,476,0.8130252100840336,0.06092436974789916,0.12605042016806722,0.0063025210084033615,0.014705882352941176,0.0021008403361344537,175.95,0.041685167753050534,0.040447046301223866,0.11191860465116266,0.10122053438230871,0.10466944428153684,0.0,STRONG_BULLISH,86.0,76.83,BREAKOUT_SETUP,ACCUMULATION
2013-11-01,DEVELOPMENT,476,0.7836134453781513,0.09873949579831932,0.11764705882352941,0.023109243697478993,0.012605042016806723,0.0063025210084033615,176.21,0.043341820119604524,0.030769230769230882,0.09197610430816527,0.09984451020041633,0.10217385087504141,0.0,STRONG_BULLISH,86.08,65.66,NONE,ACCUMULATION
2013-11-08,DEVELOPMENT,476,0.7289915966386554,0.1323529411764706,0.13865546218487396,0.012605042016806723,0.02100840336134454,0.0,177.29,0.04128979208269712,0.0471324788848857,0.0849397221712258,0.09654233729145632,0.10136957287034482,0.0,STRONG_BULLISH,86.08,74.9,BREAKOUT_SETUP,ACCUMULATION
2013-11-15,DEVELOPMENT,476,0.7668067226890757,0.11974789915966387,0.1134453781512605,0.008403361344537815,0.0063025210084033615,0.0,180.05,0.032467830355299654,0.08575046734607739,0.07853120881753939,0.08347491947524296,0.09943620114152273,0.0,STRONG_BULLISH,86.08,74.63,BREAKOUT_SETUP,ACCUMULATION
2013-11-22,DEVELOPMENT,476,0.7478991596638656,0.13445378151260504,0.11764705882352941,0.018907563025210083,0.012605042016806723,0.0,180.81,0.027621483375959155,0.08516384587684556,0.09377646574878407,0.08352836180173807,0.09764877406839273,0.0,STRONG_BULLISH,86.0,71.85,BREAKOUT_SETUP,ACCUMULATION
2013-11-29,DEVELOPMENT,476,0.7478991596638656,0.1323529411764706,0.11974789915966387,0.018907563025210083,0.012605042016806723,0.0021008403361344537,181.0,0.02718347426366252,0.10601894286587221,0.10740616109394607,0.06666583639472523,0.09528761383678294,0.0,STRONG_BULLISH,86.0,62.86,NONE,RE_ACCUMULATION
2013-12-06,DEVELOPMENT,476,0.7121848739495799,0.15126050420168066,0.13655462184873948,0.012605042016806723,0.014705882352941176,0.0021008403361344537,180.94,0.020587737605053835,0.08973741267164548,0.09793689320388332,0.06677225850105116,0.09526321472446878,-0.00033149171270718814,STRONG_BULLISH,86.08,64.17,NONE,ACCUMULATION
2013-12-13,DEVELOPMENT,477,0.5974842767295597,0.1949685534591195,0.20754716981132076,0.014675052410901468,0.014675052410901468,0.0041928721174004195,178.11,-0.010774784782004998,0.05185141439792118,0.09152750114907304,0.07381250600315054,0.09730147704919428,-0.015966850828729173,STRONG_BULLISH,86.08,61.48,NONE,NEUTRAL
2013-12-20,DEVELOPMENT,477,0.6666666666666666,0.1719077568134172,0.16142557651991615,0.008385744234800839,0.006289308176100629,0.0041928721174004195,181.56,0.00414800066368004,0.06349578256794763,0.14138429622178927,0.07974385358295137,0.09017641765025151,0.0,STRONG_BULLISH,86.08,73.28,BREAKOUT_SETUP,RE_ACCUMULATION
2013-12-27,DEVELOPMENT,479,0.7536534446764092,0.1419624217118998,0.10438413361169102,0.0041753653444676405,0.010438413361169102,0.0,183.845,0.015718232044198865,0.08842631239306376,0.14602293978306946,0.07357359104782316,0.09067448478857733,0.0,STRONG_BULLISH,86.0,61.48,NONE,NEUTRAL
2014-01-03,DEVELOPMENT,480,0.75625,0.16041666666666668,0.08333333333333333,0.0020833333333333333,0.014583333333333334,0.0020833333333333333,182.885,0.010749419697137164,0.08286458641719463,0.12185621396147694,0.07625058592971101,0.09039233739075016,-0.005221790094916967,STRONG_BULLISH,86.08,64.02,NONE,RE_ACCUMULATION
2014-01-10,DEVELOPMENT,480,0.7104166666666667,0.1375,0.15208333333333332,0.0125,0.010416666666666666,0.0,184.14,0.03385548256695281,0.0815223775402325,0.09927765506536912,0.07615529394717452,0.08393105827273367,0.0,STRONG_BULLISH,86.08,64.07,NONE,ACCUMULATION
2014-01-17,DEVELOPMENT,480,0.6958333333333333,0.12083333333333333,0.18333333333333332,0.008333333333333333,0.010416666666666666,0.004166666666666667,183.635,0.011428728794888654,0.053025437530105135,0.08550570432109716,0.06684624921132866,0.08389507022643608,-0.0027424785489301717,STRONG_BULLISH,86.08,63.68,NONE,ACCUMULATION
2014-01-24,DEVELOPMENT,480,0.5520833333333334,0.1625,0.28541666666666665,0.0375,0.016666666666666666,0.014583333333333334,178.89,-0.026952052000326465,0.016709292412617316,0.05783218023771486,0.08844931533425276,0.09336425604326237,-0.028510915607689813,BULLISH,86.0,59.5,NONE,RE_ACCUMULATION
2014-01-31,DEVELOPMENT,480,0.38958333333333334,0.20833333333333334,0.40208333333333335,0.014583333333333334,0.01875,0.0125,178.18,-0.025726549470978965,0.01117984223369839,0.04229306814858158,0.08908250332436468,0.09286806184023161,-0.032366677527967735,NEUTRAL,86.0,38.01,NONE,NEUTRAL
2014-02-07,DEVELOPMENT,480,0.425,0.22291666666666668,0.35208333333333336,0.008333333333333333,0.01875,0.004166666666666667,179.68,-0.024220701640056408,0.013480737774268281,0.06124859724765219,0.08977688104159842,0.09180983662951539,-0.024220701640056408,NEUTRAL,86.08,37.81,NONE,NEUTRAL
2014-02-14,DEVELOPMENT,480,0.6416666666666667,0.15,0.20833333333333334,0.01875,0.03333333333333333,0.004166666666666667,184.02,0.0020965502219076892,0.0220494307136907,0.10969064704818177,0.09711449198803816,0.09035306292876963,-0.0006516780710328351,STRONG_BULLISH,86.08,61.44,NONE,NEUTRAL
2014-02-21,DEVELOPMENT,480,0.70625,0.13125,0.1625,0.010416666666666666,0.025,0.0,183.89,0.027950136955671168,0.017034456058846237,0.10364902172608326,0.09707404182164255,0.09059863517315392,-0.0013576626479852028,STRONG_BULLISH,86.0,61.38,NONE,NEUTRAL
2014-02-28,DEVELOPMENT,480,0.7604166666666666,0.10416666666666667,0.13541666666666666,0.00625,0.01875,0.0020833333333333333,186.29,0.0455157705690874,0.029226519337016477,0.13834402688664826,0.09982373300602622,0.0856001300082635,0.0,STRONG_BULLISH,86.0,64.26,NONE,ACCUMULATION
2014-03-07,DEVELOPMENT,480,0.80625,0.08333333333333333,0.11041666666666666,0.00625,0.03125,0.0020833333333333333,188.26,0.04775155832591271,0.04045539957997124,0.13382317513852082,0.1009513941428236,0.08485241210201167,0.0,STRONG_BULLISH,86.08,65.71,NONE,ACCUMULATION
2014-03-14,DEVELOPMENT,481,0.6902286902286903,0.14345114345114346,0.16632016632016633,0.02494802494802495,0.018711018711018712,0.0,184.66,0.0034778828388217775,0.036775026668912414,0.09053327821413792,0.10395477975613918,0.08841784564877754,-0.019122490173164697,STRONG_BULLISH,86.08,63.14,NONE,RE_ACCUMULATION
2014-03-21,DEVELOPMENT,481,0.6611226611226612,0.1392931392931393,0.1995841995841996,0.02286902286902287,0.018711018711018712,0.018711018711018712,186.2,0.012561857632280127,0.025556289931703002,0.09067478912839722,0.09857329509777346,0.08843280350902581,-0.010942313821310945,STRONG_BULLISH,86.08,63.64,NONE,RE_ACCUMULATION
2014-03-28,DEVELOPMENT,482,0.5809128630705395,0.14937759336099585,0.2697095435684647,0.01037344398340249,0.014522821576763486,0.004149377593360996,185.49,-0.004294379730527598,0.008947754902227434,0.09816528426549209,0.09639576786166189,0.08669648779566068,-0.01471369382768506,BULLISH,86.0,56.68,NONE,NEUTRAL
2014-04-04,DEVELOPMENT,482,0.6597510373443983,0.10995850622406639,0.23029045643153526,0.014522821576763486,0.012448132780082987,0.016597510373443983,186.4,-0.009879953256134999,0.019219728244525225,0.1036769494937535,0.09579492477196692,0.08653049163555449,-0.009879953256134999,STRONG_BULLISH,86.08,61.77,NONE,NEUTRAL
2014-04-11,DEVELOPMENT,483,0.4161490683229814,0.2194616977225673,0.36438923395445133,0.047619047619047616,0.016563146997929608,0.006211180124223602,181.51,-0.01705837755875661,-0.014282611056804617,0.06607541407259476,0.10969758787222857,0.09612911930242192,-0.03585466907468393,NEUTRAL,86.08,39.91,NONE,NEUTRAL
2014-04-17,DEVELOPMENT,483,0.463768115942029,0.2111801242236025,0.3250517598343685,0.022774327122153208,0.022774327122153208,0.008281573498964804,186.39,0.0010204081632652073,0.01500258665287113,0.06882354290432824,0.12287013658573474,0.0974322701471348,-0.009933071284393913,BULLISH,86.08,55.45,NONE,NEUTRAL
2014-04-25,DEVELOPMENT,483,0.587991718426501,0.20910973084886128,0.2028985507246377,0.008281573498964804,0.012422360248447204,0.008281573498964804,186.29,0.004312900965011579,0.041366202694393284,0.05876669508383059,0.10821684224066568,0.09707864586372643,-0.01046425156698183,STRONG_BULLISH,86.0,60.49,NONE,NEUTRAL
2014-05-02,DEVELOPMENT,483,0.6356107660455487,0.20082815734989648,0.16356107660455488,0.014492753623188406,0.022774327122153208,0.004140786749482402,188.06,0.008905579399141716,0.055449545403524425,0.06724930480676461,0.10768765150790915,0.09760143194488989,-0.001062360565175724,STRONG_BULLISH,86.08,62.98,NONE,NEUTRAL
2014-05-09,DEVELOPMENT,483,0.5962732919254659,0.2277432712215321,0.17598343685300208,0.018633540372670808,0.018633540372670808,0.0,187.96,0.03553523221861066,0.04608192341941231,0.060183879519431605,0.10767878585530508,0.09755427761659805,-0.0015935408477636415,STRONG_BULLISH,86.08,62.69,NONE,ACCUMULATION
2014-05-16,DEVELOPMENT,483,0.567287784679089,0.23809523809523808,0.19461697722567287,0.012422360248447204,0.031055900621118012,0.0,188.05,0.008906057191909511,0.021899793500706366,0.04443210219383498,0.09805184852402019,0.09561269905337699,-0.0011154785934345268,STRONG_BULLISH,86.08,62.01,NONE,ACCUMULATION
2014-05-23,DEVELOPMENT,483,0.6418219461697723,0.16563146997929606,0.19254658385093168,0.018633540372670808,0.018633540372670808,0.0,190.35,0.021793977132428033,0.035129697101528023,0.05276256844201099,0.10003927551950029,0.09670660060226731,0.0,STRONG_BULLISH,86.0,72.4,BREAKOUT_SETUP,ACCUMULATION
2014-05-30,DEVELOPMENT,483,0.7474120082815735,0.11387163561076605,0.13871635610766045,0.010351966873706004,0.010351966873706004,0.0,192.68,0.02456662767201956,0.03430135809758994,0.06453038674033151,0.09969001930139289,0.09775134346838772,0.0,STRONG_BULLISH,86.0,73.18,BREAKOUT_SETUP,ACCUMULATION
2014-06-06,DEVELOPMENT,483,0.8322981366459627,0.07453416149068323,0.09316770186335403,0.012422360248447204,0.020703933747412008,0.0,195.375,0.039449882953819904,0.0377934771061299,0.07977782690394597,0.10108384707387036,0.09897933039145348,0.0,STRONG_BULLISH,86.08,77.74,BREAKOUT_SETUP,ACCUMULATION
2014-06-13,DEVELOPMENT,483,0.8033126293995859,0.07246376811594203,0.12422360248447205,0.014492753623188406,0.031055900621118012,0.002070393374741201,194.13,0.032331826641850414,0.0512834398353732,0.08994441637190498,0.09181136462648623,0.09616748962404266,-0.006372360844529745,STRONG_BULLISH,86.08,68.23,NONE,ACCUMULATION
2014-06-20,DEVELOPMENT,483,0.84472049689441,0.06625258799171843,0.08902691511387163,0.012422360248447204,0.016563146997929608,0.002070393374741201,195.94,0.02936695560809044,0.05230934479054783,0.0792024675038554,0.09203700540918185,0.09371640886530706,0.0,STRONG_BULLISH,86.08,78.01,BREAKOUT_SETUP,ACCUMULATION
2014-06-27,DEVELOPMENT,484,0.8078512396694215,0.07851239669421488,0.11363636363636363,0.010330578512396695,0.008264462809917356,0.0,195.82,0.01629645007265923,0.05569033371071197,0.06513639206940636,0.09107643967113563,0.09276753918918482,-0.0006124323772583873,STRONG_BULLISH,86.0,75.59,BREAKOUT_SETUP,ACCUMULATION
2014-07-03,DEVELOPMENT,484,0.8243801652892562,0.0640495867768595,0.1115702479338843,0.010330578512396695,0.010330578512396695,0.0,198.2,0.014459373000639708,0.06330472103004281,0.08374114880936112,0.09244555145312637,0.09300964613557969,0.0,STRONG_BULLISH,86.08,73.28,BREAKOUT_SETUP,ACCUMULATION
2014-07-11,DEVELOPMENT,485,0.7381443298969073,0.09278350515463918,0.16907216494845362,0.006185567010309278,0.006185567010309278,0.0,196.61,0.012774944624736051,0.08319100875984797,0.06772021288150332,0.07052107467748488,0.09415818192524884,-0.008022199798183527,STRONG_BULLISH,86.08,65.05,NONE,ACCUMULATION
2014-07-18,DEVELOPMENT,485,0.6597938144329897,0.12783505154639174,0.21237113402061855,0.006185567010309278,0.010309278350515464,0.0,197.7099,0.009032867204246342,0.06073233542572032,0.07664606420344722,0.05450961778118506,0.09391108860044,-0.002472754793138132,STRONG_BULLISH,86.08,64.94,NONE,ACCUMULATION
2014-07-25,DEVELOPMENT,485,0.6742268041237114,0.12577319587628866,0.2,0.016494845360824743,0.010309278350515464,0.004123711340206186,197.72,0.009702788274946306,0.06135595039991415,0.10526021577505729,0.05428319079836079,0.08403426915716497,-0.0024217961654893205,STRONG_BULLISH,86.0,63.55,NONE,RE_ACCUMULATION
2014-08-01,DEVELOPMENT,485,0.4144329896907217,0.2268041237113402,0.35876288659793815,0.004123711340206186,0.018556701030927835,0.010309278350515464,192.5,-0.028758829465186597,0.02360948633414872,0.08036816702211236,0.08113466870192368,0.09383234633480368,-0.028758829465186597,BULLISH,86.08,50.86,NONE,RE_ACCUMULATION
2014-08-08,DEVELOPMENT,485,0.33814432989690724,0.2536082474226804,0.40824742268041236,0.008247422680412371,0.016494845360824743,0.004123711340206186,193.24,-0.01714053201770005,0.0280910832091934,0.07546749777382011,0.08104872831490238,0.09351136818941547,-0.025025227043390386,NEUTRAL,86.08,36.83,NONE,NEUTRAL
2014-08-15,DEVELOPMENT,485,0.534020618556701,0.22474226804123712,0.24123711340206186,0.012371134020618556,0.016494845360824743,0.0,195.72,-0.010064746378405931,0.04078702472746598,0.0635800456472122,0.08364228811425273,0.08943702984707556,-0.012512613521695193,BULLISH,86.08,58.39,NONE,NEUTRAL
2014-08-22,DEVELOPMENT,485,0.7216494845360825,0.1402061855670103,0.13814432989690723,0.006185567010309278,0.020618556701030927,0.0,199.19,0.0074347562209184925,0.046440767008142814,0.08320191418782974,0.08689117059388021,0.0918522144907036,0.0,STRONG_BULLISH,86.08,62.67,NONE,NEUTRAL
2014-08-29,DEVELOPMENT,486,0.7674897119341564,0.08436213991769548,0.14814814814814814,0.0102880658436214,0.024691358024691357,0.0,200.71,0.042649350649350604,0.04167531658708734,0.07740619464276133,0.0853726600257327,0.09095320318798007,0.0,STRONG_BULLISH,86.0,73.19,BREAKOUT_SETUP,ACCUMULATION
2014-09-05,DEVELOPMENT,487,0.7679671457905544,0.1026694045174538,0.1293634496919918,0.014373716632443531,0.012320328542094456,0.0,201.11,0.04072655764852007,0.029353806781829972,0.06825666631254657,0.0821203875154861,0.09026358069891789,0.0,STRONG_BULLISH,86.08,66.93,NONE,ACCUMULATION
2014-09-12,DEVELOPMENT,488,0.6229508196721312,0.1762295081967213,0.20081967213114754,0.006147540983606557,0.02459016393442623,0.0,199.13,0.01742284896791335,0.02575593674341925,0.07836022961117739,0.083980242236821,0.08649047007279752,-0.009845358261647896,STRONG_BULLISH,86.08,66.12,NONE,ACCUMULATION
2014-09-19,DEVELOPMENT,488,0.5983606557377049,0.18032786885245902,0.22131147540983606,0.004098360655737705,0.012295081967213115,0.0020491803278688526,200.7,0.0075807018424618455,0.024293150964580956,0.07787325456498384,0.08348576066206256,0.08643410419919217,-0.0020386852966040037,STRONG_BULLISH,86.08,77.31,FAILED_BREAKOUT,ACCUMULATION
2014-09-26,DEVELOPMENT,489,0.4294478527607362,0.27607361963190186,0.294478527607362,0.010224948875255624,0.014314928425357873,0.0,197.9,-0.01400029893876742,0.010621999795730863,0.06690387621974225,0.0892927448985235,0.08922986622071967,-0.015961414151459463,NEUTRAL,86.0,41.35,NONE,RE_ACCUMULATION
2014-10-03,DEVELOPMENT,489,0.3476482617586912,0.3169734151329243,0.33537832310838445,0.014314928425357873,0.02044989775051125,0.0081799591002045,196.52,-0.02282333051563823,-0.008476286579212844,0.05429184549356236,0.08699664245604852,0.0901590354003572,-0.02282333051563823,NEUTRAL,86.08,40.7,NONE,NEUTRAL
2014-10-10,DEVELOPMENT,490,0.25510204081632654,0.4142857142857143,0.3306122448979592,0.022448979591836733,0.022448979591836733,0.0673469387755102,190.54,-0.043137648772158865,-0.030873302476985054,0.04974932510605479,0.10497920100127903,0.09305146172033996,-0.052558301427079845,NEUTRAL,86.08,40.56,NONE,NEUTRAL
2014-10-17,DEVELOPMENT,492,0.20121951219512196,0.4898373983739837,0.3089430894308943,0.018292682926829267,0.044715447154471545,0.014227642276422764,188.47,-0.060936721474837974,-0.046734634937350195,0.01115939696335655,0.10476909886365826,0.08713617465544127,-0.062851175973348,BEARISH,86.08,35.6,NONE,RE_DISTRIBUTION
2014-10-24,DEVELOPMENT,492,0.49390243902439024,0.2621951219512195,0.24390243902439024,0.022357723577235773,0.04065040650406504,0.006097560975609756,196.43,-0.007427993936331423,-0.006524377908152856,0.05443126308443835,0.13935832395251785,0.1052021421314498,-0.023270846800258593,NEUTRAL,86.0,39.42,NONE,NEUTRAL
2014-10-31,DEVELOPMENT,492,0.766260162601626,0.10975609756097561,0.12398373983739837,0.01016260162601626,0.026422764227642278,0.006097560975609756,201.66,0.02615509871768773,0.04758441558441562,0.07231734552802305,0.13670228116795738,0.11035464802824298,0.0,STRONG_BULLISH,86.0,68.45,BREAKOUT_SETUP,NEUTRAL
2014-11-07,DEVELOPMENT,492,0.7947154471544715,0.11178861788617886,0.09349593495934959,0.008130081300813009,0.022357723577235773,0.0040650406504065045,203.34,0.06717749553899455,0.05226661146760492,0.0818259204085976,0.13701025118433138,0.11050953221352405,0.0,STRONG_BULLISH,86.08,74.27,BREAKOUT_SETUP,ACCUMULATION
2014-11-14,DEVELOPMENT,492,0.8048780487804879,0.11178861788617886,0.08333333333333333,0.026422764227642278,0.018292682926829267,0.0,204.24,0.08367379423780985,0.04353157572041688,0.08609412390321713,0.13571145649458774,0.11045263791099658,0.0,STRONG_BULLISH,86.08,68.79,NONE,ACCUMULATION
2014-11-21,DEVELOPMENT,492,0.8272357723577236,0.09349593495934959,0.07926829268292683,0.006097560975609756,0.012195121951219513,0.0,206.68,0.052181438680446,0.03760228927154974,0.08578933543472567,0.1335496033127961,0.11040555251492712,0.0,STRONG_BULLISH,86.08,72.31,NONE,ACCUMULATION
2014-11-28,DEVELOPMENT,492,0.8252032520325203,0.0975609756097561,0.07723577235772358,0.01016260162601626,0.01016260162601626,0.0,207.2,0.027471982544877482,0.03233521000448403,0.07535810670541832,0.13317241238764807,0.10961819600404536,0.0,STRONG_BULLISH,86.0,69.0,NONE,ACCUMULATION
2014-12-05,DEVELOPMENT,493,0.8235294117647058,0.12981744421906694,0.04665314401622718,0.008113590263691683,0.010141987829614604,0.0,208.0,0.02291728140060978,0.03425985778926943,0.06461932181701857,0.13318748001405228,0.10841850966251308,0.0,STRONG_BULLISH,86.08,75.47,BREAKOUT_CONFIRMED,ACCUMULATION
2014-12-12,DEVELOPMENT,493,0.6551724137931034,0.1744421906693712,0.17038539553752535,0.056795131845841784,0.02434077079107505,0.012170385395537525,200.89,-0.01640227183705456,0.008838447245517855,0.03482202647710286,0.1508806810228772,0.11970846221285203,-0.03418269230769233,BULLISH,86.08,51.34,NONE,RE_ACCUMULATION
2014-12-19,DEVELOPMENT,493,0.7241379310344828,0.17038539553752535,0.10547667342799188,0.012170385395537525,0.030425963488843813,0.004056795131845842,206.52,-0.0007741436036384775,0.02899850523168923,0.053996121261610686,0.1600326880877069,0.12506872232872707,-0.0071153846153845235,BULLISH,86.08,53.94,NONE,NEUTRAL
2014-12-26,DEVELOPMENT,493,0.8032454361054767,0.12981744421906694,0.06693711967545639,0.028397565922920892,0.02231237322515213,0.0,208.44,0.005984555984555939,0.05325922182920673,0.06444694106832816,0.15643592718707763,0.1253950091541314,0.0,STRONG_BULLISH,86.0,60.21,NONE,RE_DISTRIBUTION
2015-01-02,DEVELOPMENT,493,0.7910750507099391,0.13387423935091278,0.07505070993914807,0.02028397565922921,0.02434077079107505,0.0,205.43,-0.012355769230769198,0.0453388968043964,0.03647830474268421,0.15943466341924914,0.12679103598851013,-0.014440606409518275,STRONG_BULLISH,86.08,59.62,NONE,RE_DISTRIBUTION
2015-01-09,DEVELOPMENT,493,0.592292089249493,0.17849898580121704,0.22920892494929007,0.012170385395537525,0.016227180527383367,0.0,204.25,0.016725571208124013,0.07195339561246983,0.03885865418849499,0.1434141724987566,0.12647467527073952,-0.02010170792554211,BULLISH,86.08,53.82,NONE,RE_DISTRIBUTION
2015-01-16,DEVELOPMENT,493,0.49290060851926976,0.2413793103448276,0.2657200811359026,0.008113590263691683,0.016227180527383367,0.008113590263691683,201.63,-0.02367809413131905,0.06982543640897765,0.019827535191712764,0.14443758176408272,0.12794380982826986,-0.032671272308578025,NEUTRAL,86.08,40.96,NONE,NEUTRAL
2015-01-23,DEVELOPMENT,493,0.6085192697768763,0.2150101419878296,0.17647058823529413,0.008113590263691683,0.018255578093306288,0.006085192697768763,204.97,-0.016647476492036017,0.04347604744692757,0.036668015375278085,0.12369722444969156,0.12983168833760733,-0.016647476492036017,BULLISH,86.08,57.05,NONE,NEUTRAL
2015-01-30,DEVELOPMENT,493,0.5456389452332657,0.2515212981744422,0.2028397565922921,0.018255578093306288,0.012170385395537525,0.010141987829614604,199.45,-0.029109672394489694,-0.010959039968263418,0.03610389610389597,0.1264951426507622,0.13007080139196875,-0.04312991748224915,NEUTRAL,86.0,37.14,NONE,NEUTRAL
2015-02-06,DEVELOPMENT,493,0.6186612576064908,0.16227180527383367,0.21906693711967545,0.02636916835699797,0.012170385395537525,0.002028397565922921,205.55,0.006364749082007348,0.010868496114881498,0.0637031670461603,0.14044361936368502,0.13640692539029245,-0.013864901170600574,STRONG_BULLISH,86.08,60.17,NONE,RE_ACCUMULATION
2015-02-13,DEVELOPMENT,495,0.6828282828282828,0.09292929292929293,0.22424242424242424,0.014141414141414142,0.024242424242424242,0.010101010101010102,209.78,0.04042057233546603,0.027124951037994505,0.07183731861843445,0.14576234668569682,0.13805133951603615,0.0,STRONG_BULLISH,86.08,65.81,NONE,ACCUMULATION
2015-02-20,DEVELOPMENT,495,0.705050505050505,0.10101010101010101,0.19393939393939394,0.01818181818181818,0.014141414141414142,0.00202020202020202,211.239,0.03058496365321761,0.022058254306173808,0.060489984436969735,0.14466106983541613,0.1364673025357173,0.0,STRONG_BULLISH,86.08,66.89,NONE,ACCUMULATION
2015-02-27,DEVELOPMENT,496,0.7076612903225806,0.125,0.16733870967741934,0.016129032258064516,0.018145161290322582,0.0,210.66,0.05620456254700423,0.016698841698841838,0.049574012256489386,0.14494050220460158,0.13643392001197993,-0.002740971127490721,STRONG_BULLISH,86.0,68.25,NONE,ACCUMULATION
2015-03-06,DEVELOPMENT,496,0.6169354838709677,0.21774193548387097,0.16532258064516128,0.028225806451612902,0.020161290322580645,0.004032258064516129,207.5,0.009486742884942778,-0.0024038461538461453,0.03177365620804529,0.14845381389991977,0.1385449218773052,-0.01770032995800963,STRONG_BULLISH,86.08,68.31,NONE,ACCUMULATION
2015-03-13,DEVELOPMENT,496,0.4959677419354839,0.2560483870967742,0.24798387096774194,0.012096774193548387,0.010080645161290322,0.0020161290322580645,205.8274,-0.018841643626656412,0.024577629548509172,0.033633304876211634,0.13048725770435016,0.13826684883407842,-0.025618375394695025,NEUTRAL,86.08,42.65,NONE,ACCUMULATION
2015-03-20,DEVELOPMENT,496,0.6854838709677419,0.2056451612903226,0.10887096774193548,0.004032258064516129,0.020161290322580645,0.006048387096774193,210.41,-0.003924464705854502,0.018835948092194466,0.048380667663178833,0.12594154101609406,0.1411248709234546,-0.003924464705854502,STRONG_BULLISH,86.08,64.32,NONE,RE_ACCUMULATION
2015-03-27,DEVELOPMENT,496,0.5826612903225806,0.23387096774193547,0.18346774193548387,0.020161290322580645,0.02620967741935484,0.0,205.74,-0.023355169467388137,-0.012953367875647603,0.039615967660434626,0.1331208292733785,0.14352437824032196,-0.026032124749691077,NEUTRAL,86.0,39.88,NONE,NEUTRAL
2015-04-02,DEVELOPMENT,496,0.5241935483870968,0.23387096774193547,0.24193548387096775,0.018145161290322582,0.014112903225806451,0.0,206.435,-0.005132530120481871,0.00489217738402381,0.05045288011398319,0.129968133672958,0.1429709489383207,-0.022742012601839612,NEUTRAL,86.08,50.06,NONE,NEUTRAL
2015-04-10,DEVELOPMENT,496,0.6471774193548387,0.17137096774193547,0.1814516129032258,0.010080645161290322,0.018145161290322582,0.0,210.04,0.020466662844694117,0.028347613219094292,0.10234071586018678,0.13336080240814494,0.1361999239958213,-0.0056760352018330185,STRONG_BULLISH,86.08,61.25,NONE,RE_ACCUMULATION
2015-04-17,DEVELOPMENT,496,0.5866935483870968,0.16733870967741934,0.24596774193548387,0.008064516129032258,0.016129032258064516,0.0020161290322580645,207.95,-0.011691459531391168,0.03134454198283976,0.10335862471480861,0.13206353341420274,0.1359996075875612,-0.015570041516954847,STRONG_BULLISH,86.08,60.98,NONE,NEUTRAL
2015-04-24,DEVELOPMENT,496,0.6088709677419355,0.15120967741935484,0.2399193548387097,0.018145161290322582,0.008064516129032258,0.004032258064516129,211.6499,0.02872508991931566,0.032589647265453436,0.07748256376317264,0.13265016048881068,0.12569413534706525,0.0,STRONG_BULLISH,86.0,60.79,NONE,RE_ACCUMULATION
2015-05-01,DEVELOPMENT,496,0.5060483870967742,0.17338709677419356,0.32056451612903225,0.010080645161290322,0.024193548387096774,0.006048387096774193,210.72,0.020757139051033047,0.05650538982201048,0.04492710502826536,0.11770588609524063,0.12115051153693358,-0.004393576373057595,STRONG_BULLISH,86.08,61.86,NONE,RE_ACCUMULATION
2015-05-08,DEVELOPMENT,496,0.48185483870967744,0.2157258064516129,0.3024193548387097,0.004032258064516129,0.018145161290322582,0.0020161290322580645,211.62,0.007522376690154209,0.029530527852104083,0.04071997639421654,0.10316867186689195,0.12083285242970287,-0.00014127103296524002,STRONG_BULLISH,86.08,63.59,NONE,RE_ACCUMULATION
2015-05-15,DEVELOPMENT,496,0.5786290322580645,0.19153225806451613,0.22983870967741934,0.008064516129032258,0.028225806451612902,0.0,212.44,0.021591728780957054,0.012679950424254072,0.040148844496670444,0.09549242744348882,0.12080922703618281,0.0,STRONG_BULLISH,86.08,69.15,BREAKOUT_SETUP,RE_ACCUMULATION
2015-05-22,DEVELOPMENT,496,0.6391129032258065,0.20967741935483872,0.15120967741935484,0.004032258064516129,0.016129032258064516,0.0020161290322580645,212.99,0.006331682651397497,0.008289189022860466,0.030530288368492364,0.0947187458324873,0.11987151303174731,0.0,STRONG_BULLISH,86.08,70.72,FAILED_BREAKOUT,NEUTRAL
2015-05-29,DEVELOPMENT,496,0.5362903225806451,0.25806451612903225,0.2056451612903226,0.020161290322580645,0.012096774193548387,0.006048387096774193,211.14,0.001993166287015846,0.002278553118769455,0.019015444015443972,0.09639011161524332,0.12067736490335476,-0.008685853795952991,STRONG_BULLISH,86.0,60.92,NONE,RE_ACCUMULATION
2015-06-05,DEVELOPMENT,496,0.43548387096774194,0.34274193548387094,0.2217741935483871,0.014112903225806451,0.004032258064516129,0.004032258064516129,209.77,-0.008742084869104993,0.010939759036144636,0.008509615384615365,0.0919526542205564,0.12102902867620638,-0.015118080661063904,NEUTRAL,86.08,53.55,NONE,NEUTRAL
2015-06-12,DEVELOPMENT,497,0.4607645875251509,0.3641851106639839,0.1750503018108652,0.01609657947686117,0.004024144869215292,0.002012072434607646,210.01,-0.011438523818489976,0.020320909655371366,0.04539797899347908,0.0898798603719015,0.10978483964186304,-0.013991267195643031,BULLISH,86.08,58.28,NONE,NEUTRAL
2015-06-19,DEVELOPMENT,497,0.5191146881287726,0.32193158953722334,0.158953722334004,0.004024144869215292,0.004024144869215292,0.002012072434607646,210.81,-0.010235222310906678,0.0019010503303076298,0.0207728065078443,0.07835091598776658,0.10288669519319722,-0.010235222310906678,STRONG_BULLISH,86.08,60.93,NONE,NEUTRAL
2015-06-26,DEVELOPMENT,497,0.4768611670020121,0.352112676056338,0.1710261569416499,0.004024144869215292,0.006036217303822937,0.004024144869215292,209.82,-0.006251776072747961,0.019830854476523774,0.006620610247553227,0.06298653665579507,0.1024101335283431,-0.014883327855767958,BULLISH,86.0,55.75,NONE,NEUTRAL
2015-07-02,DEVELOPMENT,497,0.32595573440643866,0.43661971830985913,0.23742454728370221,0.012072434607645875,0.012072434607645875,0.006036217303822937,207.31,-0.011727129713495765,0.004238622326640407,0.009151535802949917,0.06830203261602115,0.10172336716498984,-0.026667918681628322,NEUTRAL,86.08,35.05,NONE,RE_DISTRIBUTION
2015-07-10,DEVELOPMENT,498,0.3493975903614458,0.3815261044176707,0.26907630522088355,0.010040160642570281,0.010040160642570281,0.004016064257028112,207.48,-0.012047045378791532,-0.012188154637212012,0.015813953488372112,0.05750773701598651,0.10131531140356839,-0.025869759143621884,NEUTRAL,86.08,35.94,NONE,NEUTRAL
2015-07-17,DEVELOPMENT,497,0.5291750503018109,0.32193158953722334,0.1488933601609658,0.022132796780684104,0.008048289738430584,0.004024144869215292,212.48,0.007921825340353905,0.021784082712190456,0.053811436790160094,0.07264850525354646,0.10447077710510908,-0.002394478614019535,BULLISH,86.08,51.21,NONE,NEUTRAL
2015-07-24,DEVELOPMENT,498,0.46586345381526106,0.37751004016064255,0.1566265060240964,0.03413654618473896,0.012048192771084338,0.024096385542168676,208.0,-0.008674101610904539,-0.017244988067558698,0.014782651119676027,0.07683274979285497,0.1071749527781736,-0.02342832996854316,BULLISH,86.08,55.01,NONE,NEUTRAL
2015-07-31,DEVELOPMENT,498,0.5080321285140562,0.3353413654618474,0.1566265060240964,0.014056224899598393,0.014056224899598393,0.0,210.5,0.015387583811683037,-0.001044039483675041,0.05540235648032099,0.0808616398108613,0.10024162779720176,-0.011690689703741985,STRONG_BULLISH,86.0,60.99,NONE,RE_ACCUMULATION
2015-08-07,DEVELOPMENT,497,0.5110663983903421,0.3440643863179074,0.1448692152917505,0.028169014084507043,0.012072434607645875,0.008048289738430584,207.95,0.002265278581067953,-0.017342406199792104,0.011675991243006445,0.08368272163238506,0.09299118569191711,-0.023663082773839217,NEUTRAL,86.08,37.21,NONE,RE_ACCUMULATION
2015-08-14,DEVELOPMENT,499,0.5130260521042084,0.342685370741483,0.14428857715430862,0.018036072144288578,0.026052104208416832,0.002004008016032064,209.42,-0.014401355421686746,-0.014215778572773563,-0.0017160835160645593,0.0847725493462011,0.0887998649946693,-0.01676135029813619,NEUTRAL,86.08,36.08,NONE,NEUTRAL
2015-08-21,DEVELOPMENT,499,0.3046092184368738,0.46693386773547096,0.22845691382765532,0.06613226452905811,0.008016032064128256,0.04809619238476954,197.83,-0.04889423076923072,-0.0711770505657543,-0.06347786156912305,0.13707814290296705,0.1176727081502532,-0.0711770505657543,BEARISH,86.08,56.6,FAILED_BREAKOUT,RE_ACCUMULATION
2015-08-28,DEVELOPMENT,499,0.09018036072144289,0.6092184368737475,0.30060120240480964,0.04208416833667335,0.08216432865731463,0.002004008016032064,199.28,-0.053301662707838426,-0.05617126077484125,-0.05402069685749544,0.13918792156194904,0.11846925809363336,-0.06436921921216965,BEARISH,86.0,40.81,NONE,NEUTRAL
2015-09-04,DEVELOPMENT,499,0.10220440881763528,0.717434869739479,0.18036072144288579,0.03206412825651302,0.04408817635270541,0.002004008016032064,192.59,-0.0738639095936523,-0.0818992229584784,-0.07185542168674697,0.15109535921703046,0.12541471363949033,-0.09577914456077752,BEARISH,86.08,42.33,NONE,RE_DISTRIBUTION
2015-09-11,DEVELOPMENT,499,0.1683366733466934,0.6673346693386774,0.16432865731462926,0.04408817635270541,0.056112224448897796,0.008016032064128256,196.74,-0.06054818068952339,-0.06318746726346358,-0.04415058442170483,0.16068429988872382,0.12970716593850953,-0.07629466172120758,BEARISH,86.08,35.28,NONE,RE_DISTRIBUTION
2015-09-18,DEVELOPMENT,499,0.25250501002004005,0.5771543086172345,0.17034068136272545,0.018036072144288578,0.036072144288577156,0.006012024048096192,195.45,-0.012030531264216826,-0.07286181869930275,-0.07109928235350038,0.1596184240798732,0.1250069530171995,-0.08235128409784509,BEARISH,86.08,38.27,NONE,NEUTRAL
2015-09-25,DEVELOPMENT,499,0.21643286573146292,0.6372745490981964,0.1462925851703407,0.02004008016032064,0.01603206412825651,0.006012024048096192,192.85,-0.03226615816940992,-0.08087884853684113,-0.06265189073588029,0.16034012752646878,0.12273232241509396,-0.09455842997323827,BEARISH,86.0,51.75,NONE,NEUTRAL
2015-10-02,DEVELOPMENT,499,0.2124248496993988,0.6192384769539078,0.1683366733466934,0.002004008016032064,0.04609218436873747,0.008016032064128256,195.0,0.012513629991173003,-0.059379672953547846,-0.055392738634437055,0.16339570951614327,0.1239715699815867,-0.08446405934550927,BEARISH,86.08,40.58,NONE,RE_ACCUMULATION
2015-10-09,DEVELOPMENT,500,0.358,0.25,0.392,0.018,0.066,0.0,201.33,0.02333028362305578,-0.02964141122035846,-0.0414682917539515,0.17930406841290794,0.13052217647416758,-0.05474435419503265,NEUTRAL,86.08,40.83,NONE,RE_ACCUMULATION
2015-10-16,DEVELOPMENT,500,0.442,0.236,0.322,0.024,0.034,0.004,203.27,0.0400102327961116,-0.043345256024096335,-0.022505409954315825,0.17237300413428863,0.1308134665098148,-0.04563594534954696,NEUTRAL,86.08,55.66,NONE,ACCUMULATION
2015-10-23,DEVELOPMENT,500,0.524,0.218,0.258,0.036,0.022,0.004,207.51,0.076017630282603,-0.0023557692307693,-0.01956013208605345,0.17385284430889994,0.13178420503913316,-0.025728907460444206,BULLISH,86.0,65.25,NONE,ACCUMULATION
2015-10-30,DEVELOPMENT,500,0.584,0.206,0.21,0.02,0.034,0.004,207.93,0.0663076923076924,-0.01220902612826602,-0.01324031890660593,0.17202077105273525,0.1317121416007419,-0.023756983895957595,STRONG_BULLISH,86.0,68.79,NONE,ACCUMULATION
2015-11-06,DEVELOPMENT,500,0.61,0.206,0.184,0.014,0.04,0.002,210.04,0.04326230566731226,0.010050492906948705,-0.007466213023343826,0.171368139362351,0.1324013922625211,-0.013850415512465464,STRONG_BULLISH,86.08,66.66,NONE,ACCUMULATION
2015-11-13,DEVELOPMENT,500,0.468,0.338,0.194,0.046,0.04,0.014,202.54,-0.003591282530624351,-0.03285264062649218,-0.04660139333458857,0.18560500929249465,0.14143964778287313,-0.04906333630686899,STRONG_BULLISH,86.08,61.64,NONE,RE_ACCUMULATION
2015-11-20,DEVELOPMENT,500,0.552,0.278,0.17,0.012,0.03,0.004,209.3108,0.008678135993446245,0.05803366526815945,-0.0172740504249026,0.15851839125471345,0.14983603963172593,-0.0172740504249026,STRONG_BULLISH,86.08,59.88,NONE,NEUTRAL
2015-11-27,DEVELOPMENT,500,0.608,0.228,0.164,0.01,0.022,0.0,209.56,0.007839176645986656,0.05158570855078293,-0.007483186511319406,0.15853124794727327,0.14935853759743947,-0.01610404244330721,STRONG_BULLISH,86.0,59.69,NONE,NEUTRAL
2015-12-04,DEVELOPMENT,501,0.5788423153692615,0.2694610778443114,0.15169660678642716,0.017964071856287425,0.027944111776447105,0.015968063872255488,209.62,-0.0019996191201675506,0.0884261903525625,-0.0007150688849693054,0.1366144679821292,0.1490609517837133,-0.015822339076951963,STRONG_BULLISH,86.08,63.32,NONE,RE_ACCUMULATION
2015-12-11,DEVELOPMENT,501,0.32335329341317365,0.41317365269461076,0.2634730538922156,0.04590818363273453,0.015968063872255488,0.007984031936127744,201.88,-0.0032586155821072715,0.02612585137745249,-0.03871244226465409,0.1575357443690637,0.1580027255032411,-0.05216207333677647,NEUTRAL,86.08,41.42,NONE,NEUTRAL
2015-12-18,DEVELOPMENT,501,0.2874251497005988,0.4630738522954092,0.249500998003992,0.05588822355289421,0.017964071856287425,0.05189620758483034,200.0208,-0.0443837585064889,0.02338603223330793,-0.05117973530667419,0.158262843869842,0.1582023707379685,-0.06089112164890376,NEUTRAL,86.08,38.38,NONE,NEUTRAL
2015-12-24,DEVELOPMENT,501,0.41916167664670656,0.3912175648702595,0.18962075848303392,0.007984031936127744,0.043912175648702596,0.0,205.68,-0.018514983775529625,0.06652838994036814,-0.019731198169859798,0.16263548712902878,0.16372239069171063,-0.0343208601342786,NEUTRAL,86.0,50.44,NONE,RE_DISTRIBUTION
2015-12-31,DEVELOPMENT,501,0.3992015968063872,0.38922155688622756,0.21157684630738524,0.017964071856287425,0.03592814371257485,0.0,203.87,-0.027430588684285828,0.04548717948717962,-0.016593507307896327,0.16435974487709756,0.1633230830082467,-0.04281891168599472,NEUTRAL,86.0,49.56,NONE,NEUTRAL
2016-01-08,DEVELOPMENT,501,0.1277445109780439,0.6606786427145709,0.21157684630738524,0.0998003992015968,0.01996007984031936,0.02594810379241517,191.923,-0.049321379037051694,-0.04672428351462776,-0.07498072103335252,0.19354519966200032,0.18285510147640305,-0.0989107469834265,STRONG_BEARISH,86.08,39.67,NONE,NEUTRAL
2016-01-15,DEVELOPMENT,503,0.0775347912524851,0.7594433399602386,0.16302186878727634,0.009940357852882704,0.03777335984095427,0.09145129224652088,187.81,-0.06104765104429144,-0.07605647660746795,-0.11610504518072284,0.19449285914520328,0.18030508954148175,-0.11822151274707737,STRONG_BEARISH,86.08,42.22,NONE,CAPITULATION
2016-01-22,DEVELOPMENT,504,0.10912698412698413,0.7281746031746031,0.1626984126984127,0.015873015873015872,0.08928571428571429,0.015873015873015872,190.52,-0.073706728899261,-0.08187557226157771,-0.0840384615384615,0.1910796555180063,0.18047726984054877,-0.10549791070003289,STRONG_BEARISH,86.08,40.16,NONE,NEUTRAL
2016-01-29,DEVELOPMENT,504,0.19047619047619047,0.6507936507936508,0.15873015873015872,0.017857142857142856,0.10119047619047619,0.027777777777777776,193.7208,-0.04978270466473733,-0.06833645938537014,-0.07971116389548694,0.19606287988525278,0.18143257159919643,-0.0904699751162027,BEARISH,86.0,40.2,NONE,NEUTRAL
2016-02-05,DEVELOPMENT,504,0.21031746031746032,0.626984126984127,0.1626984126984127,0.02976190476190476,0.025793650793650792,0.037698412698412696,187.95,-0.02070101030100624,-0.10517044372500484,-0.09617696561673483,0.19886781406006965,0.18499053328811793,-0.1175642048922485,BEARISH,86.08,40.71,NONE,NEUTRAL
2016-02-12,DEVELOPMENT,504,0.1865079365079365,0.6944444444444444,0.11904761904761904,0.023809523809523808,0.07936507936507936,0.005952380952380952,186.63,-0.006282945530057038,-0.07855238471413051,-0.10882437207525542,0.18971143000320334,0.18437872880502598,-0.12376167895206358,STRONG_BEARISH,86.08,41.2,NONE,RE_ACCUMULATION
2016-02-19,DEVELOPMENT,504,0.2777777777777778,0.5059523809523809,0.21626984126984128,0.051587301587301584,0.08531746031746032,0.005952380952380952,192.0,0.0077682133109384655,-0.08270380697030444,-0.029469746752262105,0.1857097879431673,0.1738287453354844,-0.09854922766327057,BEARISH,86.08,41.81,NONE,RE_ACCUMULATION
2016-02-26,DEVELOPMENT,504,0.43253968253968256,0.22817460317460317,0.3392857142857143,0.023809523809523808,0.051587301587301584,0.001984126984126984,195.0892,0.007063774256558908,-0.0690532544378698,-0.021029706945001947,0.19064181121355844,0.17512460960997836,-0.08404526034086113,NEUTRAL,86.0,53.07,NONE,ACCUMULATION
2016-03-04,DEVELOPMENT,504,0.5277777777777778,0.09523809523809523,0.376984126984127,0.013888888888888888,0.08134920634920635,0.0,200.43,0.06640063846767763,-0.04384123652323246,0.04070824030323483,0.20139235529503777,0.1723969855906265,-0.05896990469036101,NEUTRAL,86.08,41.82,NONE,ACCUMULATION
2016-03-11,DEVELOPMENT,504,0.5813492063492064,0.08531746031746032,0.3333333333333333,0.017857142857142856,0.08531746031746032,0.0,202.76,0.08642769115361948,0.004359025163463315,0.030598759784487006,0.1890660788089101,0.17059597047477257,-0.04803042396356649,BULLISH,86.08,56.52,NONE,ACCUMULATION
2016-03-18,DEVELOPMENT,504,0.7003968253968254,0.07738095238095238,0.2222222222222222,0.013888888888888888,0.061507936507936505,0.0,204.38,0.06447916666666664,0.021793733451720865,0.04568943463801478,0.18830461135463944,0.17041939336269984,-0.040424433071975296,BULLISH,86.08,57.46,NONE,ACCUMULATION
2016-03-24,DEVELOPMENT,504,0.7083333333333334,0.09126984126984126,0.2003968253968254,0.015873015873015872,0.041666666666666664,0.0,203.12,0.041164759504882964,-0.012446518864255185,0.053253824215711676,0.17986065169870347,0.16938283978937912,-0.04634020376543502,BULLISH,86.0,57.83,NONE,ACCUMULATION
2016-04-01,DEVELOPMENT,503,0.7455268389662028,0.09343936381709742,0.1610337972166998,0.011928429423459244,0.03578528827037773,0.0,206.92,0.032380382178316625,0.01496051405307286,0.06112820512820516,0.18286250201963763,0.17054086449705513,-0.028498990562937365,BULLISH,86.08,59.08,NONE,ACCUMULATION
2016-04-08,DEVELOPMENT,504,0.6944444444444444,0.14682539682539683,0.15873015873015872,0.011904761904761904,0.04365079365079365,0.0,204.4992,0.008577628723614117,0.06552732085263369,0.015741320220533428,0.13352976866983995,0.1658032496811837,-0.03986478238414948,BULLISH,86.08,57.22,NONE,ACCUMULATION
2016-04-15,DEVELOPMENT,504,0.7400793650793651,0.07936507936507936,0.18055555555555555,0.011904761904761904,0.051587301587301584,0.003968253968253968,207.78,0.01663567863783144,0.10633086630104893,0.022187238648103458,0.12184544685569128,0.1667536680927107,-0.024461242311845655,BULLISH,86.08,55.39,NONE,RE_ACCUMULATION
2016-04-22,DEVELOPMENT,504,0.7738095238095238,0.051587301587301584,0.1746031746031746,0.011904761904761904,0.05357142857142857,0.001984126984126984,208.97,0.028800708940527775,0.09684022674784787,0.007035805503349257,0.1210761736556027,0.16438131932326533,-0.01887412554580037,STRONG_BULLISH,86.0,63.2,NONE,RE_ACCUMULATION
2016-04-29,DEVELOPMENT,505,0.7029702970297029,0.100990099009901,0.19603960396039605,0.023762376237623763,0.031683168316831684,0.007920792079207921,206.3308,-0.002847477285907507,0.06509368121544012,-0.007691049872553202,0.12526795938767546,0.165405987185697,-0.03126531762054552,BULLISH,86.0,57.34,NONE,RE_ACCUMULATION
2016-05-06,DEVELOPMENT,505,0.5861386138613861,0.19207920792079208,0.22178217821782178,0.015841584158415842,0.019801980198019802,0.0019801980198019802,205.72,0.005969705504960343,0.09454642192072371,-0.020567510950295187,0.10237990230478773,0.16476405208825742,-0.03413305789004184,BULLISH,86.08,57.37,NONE,RE_ACCUMULATION
2016-05-13,DEVELOPMENT,505,0.5603960396039604,0.2613861386138614,0.1782178217821782,0.02574257425742574,0.02178217821782178,0.007920792079207921,204.76,-0.01453460390797967,0.09714408187322499,0.010960797867088035,0.10107476106460128,0.15663258320937434,-0.03864031175172555,BULLISH,86.08,56.41,NONE,RE_ACCUMULATION
2016-05-20,DEVELOPMENT,505,0.48514851485148514,0.2495049504950495,0.26534653465346536,0.009900990099009901,0.02574257425742574,0.0039603960396039604,205.49,-0.016653108101641334,0.07026041666666671,-0.018254194241290933,0.08974975719175457,0.14914749430295804,-0.03289721385542155,NEUTRAL,86.08,52.33,NONE,NEUTRAL
2016-05-27,DEVELOPMENT,505,0.6831683168316832,0.13465346534653466,0.18217821782178217,0.01782178217821782,0.041584158415841586,0.0039603960396039604,210.24,0.018946274623081072,0.07766088537961102,0.0032448940637526125,0.09438737454542441,0.15284166118632106,-0.010542168674698704,STRONG_BULLISH,86.0,62.58,NONE,RE_ACCUMULATION
2016-06-03,DEVELOPMENT,505,0.7465346534653465,0.11485148514851486,0.13861386138613863,0.009900990099009901,0.03762376237623762,0.0019801980198019802,210.28,0.02216605094302948,0.04914433966970999,0.003148554527239833,0.08242018200586448,0.15284179597050673,-0.010353915662650537,STRONG_BULLISH,86.08,64.24,NONE,ACCUMULATION
2016-06-10,DEVELOPMENT,506,0.7292490118577075,0.14624505928853754,0.12450592885375494,0.017786561264822136,0.029644268774703556,0.0,210.07,0.025932799374877913,0.03605247583349769,0.04056865464632464,0.08105390483005388,0.1427335495927576,-0.011342243975903554,STRONG_BULLISH,86.08,64.74,NONE,ACCUMULATION
2016-06-17,DEVELOPMENT,507,0.5759368836291914,0.21893491124260356,0.20512820512820512,0.009861932938856016,0.03944773175542406,0.0,206.52,0.00501240936298597,0.010470691848517566,0.032492620767440084,0.08902316463995136,0.14436340764204697,-0.0280496987951806,NEUTRAL,86.08,55.97,NONE,ACCUMULATION
2016-06-24,DEVELOPMENT,507,0.48520710059171596,0.2702169625246548,0.2445759368836292,0.023668639053254437,0.009861932938856016,0.08875739644970414,203.13,-0.03381849315068497,4.923198109496596e-05,-0.012397899649941757,0.09471241956422362,0.14085962968643034,-0.04400414156626509,NEUTRAL,86.0,44.8,NONE,ACCUMULATION
2016-07-01,DEVELOPMENT,507,0.5680473372781065,0.28994082840236685,0.14201183431952663,0.01775147928994083,0.04930966469428008,0.0019723865877712033,209.9208,-0.0017081985923529386,0.014502223081384269,0.02967969784666713,0.1105167397938934,0.14803371048157402,-0.012044427710843242,BULLISH,86.08,49.7,NONE,NEUTRAL
2016-07-08,DEVELOPMENT,508,0.6417322834645669,0.23622047244094488,0.1220472440944882,0.017716535433070866,0.04133858267716536,0.001968503937007874,212.65,0.012281620412243566,0.039857368635182855,0.10799643607071596,0.10903985760116987,0.11965063001366323,0.0,STRONG_BULLISH,86.08,71.07,BREAKOUT_SETUP,NEUTRAL
2016-07-15,DEVELOPMENT,508,0.7874015748031497,0.08070866141732283,0.13188976377952755,0.015748031496062992,0.04921259842519685,0.0,215.83,0.04508037962424938,0.03874290114544232,0.149193333688302,0.10850083482871233,0.1144642081190953,0.0,STRONG_BULLISH,86.08,64.6,NONE,NEUTRAL
2016-07-22,DEVELOPMENT,508,0.8031496062992126,0.05708661417322835,0.13976377952755906,0.027559055118110236,0.021653543307086614,0.0,217.24,0.06946290552847945,0.03957505862085475,0.1402477430191056,0.10859948637568008,0.11372289556619167,0.0,STRONG_BULLISH,86.0,71.28,BREAKOUT_SETUP,RE_ACCUMULATION
2016-07-29,DEVELOPMENT,509,0.768172888015717,0.10412573673870335,0.12770137524557956,0.011787819253438114,0.03339882121807466,0.003929273084479371,217.12,0.03429483881540074,0.05229078741516058,0.12078826847710733,0.10359306564498538,0.11267777792191636,-0.0005523844595839433,STRONG_BULLISH,86.0,73.31,BREAKOUT_SETUP,ACCUMULATION
2016-08-05,DEVELOPMENT,509,0.7053045186640472,0.12966601178781925,0.1650294695481336,0.009823182711198428,0.03339882121807466,0.003929273084479371,218.18,0.02600517281918635,0.06056776200661096,0.1608406491088057,0.10248368014946814,0.10076234688414157,0.0,STRONG_BULLISH,86.08,72.4,BREAKOUT_SETUP,ACCUMULATION
2016-08-12,DEVELOPMENT,509,0.7151277013752456,0.12573673870333987,0.15913555992141454,0.0137524557956778,0.029469548133595286,0.0019646365422396855,218.46,0.0121855163786313,0.0669075991404573,0.17055135830252377,0.10082323194422606,0.099228792824274,0.0,STRONG_BULLISH,86.08,64.43,NONE,ACCUMULATION
2016-08-19,DEVELOPMENT,509,0.7210216110019646,0.11198428290766209,0.16699410609037327,0.011787819253438114,0.009823182711198428,0.005893909626719057,218.54,0.005984164978825257,0.06350673998734724,0.13822916666666663,0.10123419592290163,0.09374759632049587,0.0,STRONG_BULLISH,86.08,66.26,NONE,ACCUMULATION
2016-08-26,DEVELOPMENT,509,0.650294695481336,0.12180746561886051,0.22789783889980353,0.019646365422396856,0.023575638506876228,0.005893909626719057,217.29,0.0007829771554899168,0.03353310502283091,0.1137982010280425,0.09490286921749051,0.0934900864703527,-0.005719776699917634,STRONG_BULLISH,86.0,63.92,NONE,ACCUMULATION
2016-09-02,DEVELOPMENT,509,0.6542239685658153,0.12770137524557956,0.2180746561886051,0.011787819253438114,0.0137524557956778,0.003929273084479371,218.37,0.0008708405903381511,0.03847251284002273,0.08950755874869021,0.09485412871066069,0.08710568346836947,-0.000777889631188744,STRONG_BULLISH,86.08,62.8,NONE,RE_ACCUMULATION
2016-09-09,DEVELOPMENT,511,0.5068493150684932,0.2035225048923679,0.2896281800391389,0.033268101761252444,0.021526418786692758,0.005870841487279843,213.28,-0.023711434587567526,0.015280620745465878,0.051884000789110374,0.10843916307650851,0.09396194309319458,-0.024068820353253417,BULLISH,86.08,52.56,NONE,ACCUMULATION
2016-09-16,DEVELOPMENT,511,0.3639921722113503,0.27984344422700586,0.3561643835616438,0.01761252446183953,0.025440313111545987,0.011741682974559686,213.37,-0.02365699643085928,0.03316870036800301,0.04398669145708989,0.10115073949710549,0.09357202102090798,-0.02365699643085928,NEUTRAL,86.08,43.41,NONE,RE_ACCUMULATION
2016-09-23,DEVELOPMENT,513,0.5555555555555556,0.21442495126705652,0.2300194931773879,0.011695906432748537,0.011695906432748537,0.005847953216374269,215.99,-0.0059827879791982674,0.06330921085019448,0.06336155966916102,0.09378334471006072,0.0939667386693527,-0.011668344467831937,BULLISH,86.0,49.81,NONE,NEUTRAL
2016-09-30,DEVELOPMENT,513,0.5477582846003899,0.20662768031189083,0.24561403508771928,0.009746588693957114,0.021442495126705652,0.003898635477582846,216.3,-0.009479324082978358,0.03038860370196761,0.04533152909336957,0.07038470880751067,0.09087356270258669,-0.010249839846252273,BULLISH,86.0,55.65,NONE,NEUTRAL
2016-10-07,DEVELOPMENT,513,0.4834307992202729,0.30409356725146197,0.2124756335282651,0.007797270955165692,0.021442495126705652,0.005847953216374269,215.04,0.008252063015753874,0.011239125323301069,0.05154445591963186,0.06807218416620424,0.08942914907744527,-0.01601537475976933,BULLISH,86.08,55.51,NONE,NEUTRAL
2016-10-14,DEVELOPMENT,514,0.32684824902723736,0.36770428015564205,0.30544747081712065,0.017509727626459144,0.029182879377431907,0.0,213.12,-0.0011716736185968246,-0.012556178473798862,0.025700259890268473,0.06329836320615337,0.08824287584585855,-0.02480095177084285,NEUTRAL,86.08,34.78,NONE,NEUTRAL
2016-10-21,DEVELOPMENT,514,0.33073929961089493,0.3754863813229572,0.29377431906614787,0.007782101167315175,0.023346303501945526,0.0038910505836575876,213.98,-0.009305986388258858,-0.015006444485361925,0.023974733215293975,0.06220907529481849,0.08808857493323696,-0.020865745401299596,NEUTRAL,86.08,35.08,NONE,NEUTRAL
2016-10-28,DEVELOPMENT,514,0.311284046692607,0.4280155642023346,0.2607003891050584,0.013618677042801557,0.021400778210116732,0.013618677042801557,212.54,-0.017383263985205843,-0.021094325718496787,0.03009342279485172,0.06318065819403268,0.08657430445621649,-0.027454928159604597,NEUTRAL,86.0,36.2,NONE,NEUTRAL
2016-11-04,DEVELOPMENT,514,0.24124513618677043,0.4785992217898833,0.2801556420233463,0.013618677042801557,0.023346303501945526,0.01556420233463035,208.55,-0.030180431547618958,-0.04413786781556506,0.013756562317713383,0.070003802336307,0.09093685853743998,-0.045712455385741646,NEUTRAL,86.08,36.94,NONE,DISTRIBUTION
2016-11-11,DEVELOPMENT,514,0.4766536964980545,0.3443579766536965,0.17898832684824903,0.009727626459143969,0.02529182879377432,0.01556420233463035,216.42,0.015484234234234062,-0.009338093930238989,0.05694471576479776,0.10817892771033101,0.10457661635840763,-0.00970074128306031,BULLISH,86.08,52.56,NONE,NEUTRAL
2016-11-18,DEVELOPMENT,514,0.5680933852140078,0.3093385214007782,0.122568093385214,0.013618677042801557,0.027237354085603113,0.0019455252918287938,218.5,0.021123469483129265,-0.00018303285439735806,0.06331208331305649,0.11010647205060756,0.1050851268190992,-0.00018303285439735806,STRONG_BULLISH,86.08,59.9,NONE,NEUTRAL
2016-11-25,DEVELOPMENT,514,0.6011673151750972,0.2782101167315175,0.12062256809338522,0.019455252918287938,0.027237354085603113,0.0,221.52,0.042250870424390685,0.01946707165539152,0.053652968036529636,0.11254555745327394,0.10206488358986943,0.0,STRONG_BULLISH,86.0,70.4,BREAKOUT_SETUP,RE_ACCUMULATION
2016-12-02,DEVELOPMENT,514,0.5272373540856031,0.32879377431906615,0.14396887159533073,0.0038910505836575876,0.029182879377431907,0.0019455252918287938,219.68,0.05336849676336608,0.0059989925356047635,0.04470230169298084,0.11394424295073285,0.10309896573302527,-0.008306247742867479,STRONG_BULLISH,86.08,65.07,NONE,ACCUMULATION
2016-12-09,DEVELOPMENT,514,0.6381322957198443,0.23151750972762647,0.1303501945525292,0.023346303501945526,0.0311284046692607,0.0019455252918287938,226.51,0.04662230847426296,0.06203113278319572,0.07825962774313333,0.11644888194306353,0.1109855395862174,0.0,STRONG_BULLISH,86.08,74.7,BREAKOUT_SETUP,ACCUMULATION
2016-12-16,DEVELOPMENT,514,0.6809338521400778,0.1828793774319066,0.13618677042801555,0.019455252918287938,0.021400778210116732,0.0038910505836575876,225.04,0.0299313501144165,0.054693724516098774,0.08967654464458641,0.11836906929445068,0.10803773411848469,-0.006489779700675435,STRONG_BULLISH,86.08,64.34,NONE,RE_ACCUMULATION
2016-12-23,DEVELOPMENT,515,0.6446601941747573,0.2,0.1553398058252427,0.011650485436893204,0.021359223300970873,0.001941747572815534,225.71,0.01891477067533409,0.0450020834297884,0.11116034066853753,0.11708219841705264,0.10404093915076902,-0.003531852898326693,STRONG_BULLISH,85.92,59.02,NONE,RE_DISTRIBUTION
2016-12-30,DEVELOPMENT,515,0.5766990291262136,0.23106796116504855,0.19223300970873786,0.04466019417475728,0.009708737864077669,0.0,223.53,0.01752549162418049,0.0334257975034673,0.06483016451918999,0.1200007603581234,0.09639139774471336,-0.013156152046267189,STRONG_BULLISH,86.0,61.67,NONE,NEUTRAL
2017-01-06,DEVELOPMENT,515,0.6854368932038835,0.1378640776699029,0.1766990291262136,0.011650485436893204,0.017475728155339806,0.001941747572815534,227.21,0.0030903712860359533,0.056594122023809534,0.06846931577709858,0.12144332256961021,0.09729568514771343,0.0,STRONG_BULLISH,86.08,60.16,NONE,NEUTRAL
2017-01-13,DEVELOPMENT,516,0.7151162790697675,0.11046511627906977,0.1744186046511628,0.009689922480620155,0.01744186046511628,0.001937984496124031,227.05,0.00893174546747244,0.06536223723723733,0.05198535884724098,0.11862094325226755,0.09567921333896527,-0.0007041943576426846,STRONG_BULLISH,86.08,60.77,NONE,NEUTRAL
2017-01-20,DEVELOPMENT,516,0.687984496124031,0.1298449612403101,0.1821705426356589,0.007751937984496124,0.013565891472868217,0.007751937984496124,226.74,0.004563377785654188,0.05963174128423221,0.04373043638372298,0.11930220742417988,0.09555883268562017,-0.0020685709255754414,STRONG_BULLISH,86.08,64.12,NONE,ACCUMULATION
2017-01-27,DEVELOPMENT,516,0.7248062015503876,0.13953488372093023,0.13565891472868216,0.011627906976744186,0.02131782945736434,0.001937984496124031,228.97,0.024336778061110342,0.0773030958878329,0.05457811348563002,0.11707040953577104,0.09616968716227571,0.0,STRONG_BULLISH,86.0,63.65,NONE,ACCUMULATION
2017-02-03,DEVELOPMENT,516,0.6996124031007752,0.16085271317829458,0.13953488372093023,0.007751937984496124,0.02131782945736434,0.003875968992248062,229.34,0.009374587386118627,0.09968832414289142,0.05115042625355204,0.10495134148133958,0.09608621828992163,0.0,STRONG_BULLISH,86.08,64.38,NONE,ACCUMULATION
2017-02-10,DEVELOPMENT,516,0.7732558139534884,0.1182170542635659,0.10852713178294573,0.013565891472868217,0.01937984496124031,0.0,231.51,0.01964325038537762,0.0697255336845024,0.05973633617138141,0.08238158474524118,0.09665289687165124,0.0,STRONG_BULLISH,86.08,72.44,BREAKOUT_SETUP,ACCUMULATION
2017-02-17,DEVELOPMENT,516,0.7906976744186046,0.09689922480620156,0.1124031007751938,0.009689922480620155,0.025193798449612403,0.0,235.09,0.03682632089618054,0.07592677345537768,0.07572984350690959,0.08452543094075532,0.09836137724051398,0.0,STRONG_BULLISH,86.08,75.25,BREAKOUT_SETUP,ACCUMULATION
2017-02-24,DEVELOPMENT,516,0.8023255813953488,0.09108527131782945,0.1065891472868217,0.011627906976744186,0.029069767441860465,0.001937984496124031,236.74,0.033934576582085096,0.06870711448176237,0.0895117124580056,0.08277264774765636,0.09768672870897839,0.0,STRONG_BULLISH,86.0,76.31,BREAKOUT_SETUP,ACCUMULATION
2017-03-03,DEVELOPMENT,516,0.7868217054263565,0.09883720930232558,0.11434108527131782,0.01937984496124031,0.007751937984496124,0.0,238.42,0.03959187232929273,0.08530589949016743,0.09181664148005675,0.07745556115514743,0.09780445647517995,0.0,STRONG_BULLISH,86.08,67.4,NONE,ACCUMULATION
2017-03-10,DEVELOPMENT,517,0.7098646034816247,0.16634429400386846,0.12379110251450677,0.0,0.013539651837524178,0.0019342359767891683,237.69,0.026694311260852643,0.04935764425411682,0.11445048762190546,0.05786008236254384,0.0901658312409558,-0.003061823672510622,STRONG_BULLISH,86.08,65.93,NONE,ACCUMULATION
2017-03-17,DEVELOPMENT,517,0.7079303675048356,0.15667311411992263,0.13539651837524178,0.0019342359767891683,0.013539651837524178,0.0019342359767891683,237.03,0.008252158747713567,0.0532794169925348,0.11088719126400148,0.055440632370922886,0.09056097114480927,-0.005830047814780581,STRONG_BULLISH,86.08,63.7,NONE,ACCUMULATION
2017-03-24,DEVELOPMENT,517,0.6189555125725339,0.1644100580270793,0.21663442940038685,0.01160541586073501,0.017408123791102514,0.0,233.86,-0.012165244572104439,0.03610828053697235,0.08273531181999161,0.06551345443228557,0.0929922450373625,-0.019125912255683164,BULLISH,86.0,56.3,NONE,NEUTRAL
2017-03-31,DEVELOPMENT,517,0.6441005802707931,0.15473887814313347,0.2011605415860735,0.009671179883945842,0.007736943907156673,0.0038684719535783366,235.74,-0.01124066772921728,0.054623540464367126,0.08987517337031892,0.060320103963460756,0.09320897527849424,-0.01124066772921728,BULLISH,86.0,50.83,NONE,NEUTRAL
2017-04-07,DEVELOPMENT,517,0.6170212765957447,0.1528046421663443,0.23017408123791103,0.01160541586073501,0.01160541586073501,0.0019342359767891683,235.2,-0.0104758298624259,0.035165705734782726,0.09375,0.05514588861141775,0.09261384601742711,-0.01350557839107458,BULLISH,86.08,56.67,NONE,NEUTRAL
2017-04-13,DEVELOPMENT,517,0.5319148936170213,0.1702127659574468,0.2978723404255319,0.02127659574468085,0.013539651837524178,0.0019342359767891683,232.51,-0.019069316120322366,0.024047566615282845,0.09098160660660648,0.06178579423291429,0.09338056942260614,-0.024788188910326303,BULLISH,86.08,54.83,NONE,RE_DISTRIBUTION
2017-04-21,DEVELOPMENT,517,0.5957446808510638,0.16827852998065765,0.23597678916827852,0.007736943907156673,0.007736943907156673,0.0,234.59,0.0031215256991361517,0.03462115198024174,0.09631741284232187,0.06288265792396613,0.09370394295629998,-0.016064088583172542,BULLISH,86.0,58.57,NONE,NEUTRAL
2017-04-28,DEVELOPMENT,517,0.7117988394584139,0.1470019342359768,0.14119922630560927,0.007736943907156673,0.009671179883945842,0.0038684719535783366,238.08,0.00992618987019589,0.03978687164257333,0.12016561588406893,0.06610287244921556,0.09372060008879443,-0.0014260548611693125,STRONG_BULLISH,86.0,60.43,NONE,NEUTRAL
2017-05-05,DEVELOPMENT,517,0.6711798839458414,0.17988394584139264,0.14893617021276595,0.005802707930367505,0.013539651837524178,0.0038684719535783366,239.7,0.01913265306122458,0.045173105432981586,0.14936466075281696,0.06643067271569031,0.08729555217487363,0.0,STRONG_BULLISH,86.08,61.16,NONE,NEUTRAL
2017-05-12,DEVELOPMENT,517,0.6228239845261122,0.2127659574468085,0.1644100580270793,0.02321083172147002,0.009671179883945842,0.0,238.98,0.027826760139348927,0.03226642477646746,0.10424175214859988,0.0662148870684098,0.07393322354240815,-0.003003754693366667,STRONG_BULLISH,86.08,64.21,NONE,RE_ACCUMULATION
2017-05-19,DEVELOPMENT,517,0.5667311411992263,0.22437137330754353,0.20889748549323017,0.0019342359767891683,0.017408123791102514,0.0019342359767891683,238.31,0.01585745342938738,0.013696882045174164,0.09066361556064084,0.06053426499608669,0.07401311627579801,-0.0057989153108051195,STRONG_BULLISH,86.08,63.89,NONE,RE_ACCUMULATION
2017-05-26,DEVELOPMENT,517,0.6711798839458414,0.20696324951644102,0.1218568665377176,0.015473887814313346,0.009671179883945842,0.0019342359767891683,241.71,0.015246975806451513,0.020993494973388538,0.09114301191765972,0.06517406554100422,0.0741462691273168,0.0,STRONG_BULLISH,86.0,63.1,NONE,RE_ACCUMULATION
2017-06-02,DEVELOPMENT,517,0.7214700193423598,0.18181818181818182,0.09671179883945841,0.009671179883945842,0.017408123791102514,0.0,244.17,0.018648310387984868,0.02411710426977609,0.11148033503277488,0.06656883369655855,0.07266363281104658,0.0,STRONG_BULLISH,86.08,74.01,BREAKOUT_SETUP,ACCUMULATION
2017-06-09,DEVELOPMENT,517,0.7388781431334622,0.17408123791102514,0.08704061895551257,0.0038684719535783366,0.030947775628626693,0.0019342359767891683,243.41,0.0185371160766592,0.024064958559468108,0.07461039247715329,0.06658521924451812,0.06150167782537575,-0.0031125854937134045,STRONG_BULLISH,86.08,64.79,NONE,ACCUMULATION
2017-06-16,DEVELOPMENT,517,0.7214700193423598,0.17408123791102514,0.10444874274661509,0.0019342359767891683,0.019342359767891684,0.0038684719535783366,242.64,0.018169611010868225,0.023667890140488534,0.07820831852115173,0.06670653347297574,0.06062959851382087,-0.006266126059712551,STRONG_BULLISH,86.08,65.66,NONE,ACCUMULATION
2017-06-23,DEVELOPMENT,517,0.6943907156673114,0.19342359767891681,0.11218568665377177,0.01160541586073501,0.009671179883945842,0.0038684719535783366,243.13,0.005874808654999786,0.03963910031642848,0.0771786806078596,0.058033249730878506,0.06064331613378163,-0.004259327517713074,STRONG_BULLISH,86.0,63.65,NONE,ACCUMULATION
2017-06-30,DEVELOPMENT,517,0.6228239845261122,0.18181818181818182,0.195357833655706,0.01160541586073501,0.013539651837524178,0.0,241.8,-0.009706352131711449,0.02570628658691776,0.08173399543685411,0.05925176231669794,0.05910954385769487,-0.009706352131711449,BULLISH,86.0,57.86,NONE,NEUTRAL
2017-07-07,DEVELOPMENT,518,0.5791505791505791,0.19305019305019305,0.2277992277992278,0.005791505791505791,0.025096525096525095,0.003861003861003861,242.11,-0.00534078304095964,0.029379251700680342,0.06557809955547733,0.05856131073338401,0.05575235301396215,-0.008436744890854664,BULLISH,86.08,50.47,NONE,NEUTRAL
2017-07-14,DEVELOPMENT,518,0.6718146718146718,0.17953667953667954,0.14864864864864866,0.013513513513513514,0.011583011583011582,0.0,245.56,0.01203428948236085,0.05612661820996956,0.08152389341554711,0.05494905639984718,0.05794664762147568,0.0,STRONG_BULLISH,86.08,69.45,BREAKOUT_SETUP,NEUTRAL
2017-07-21,DEVELOPMENT,518,0.7277992277992278,0.12548262548262548,0.14671814671814673,0.013513513513513514,0.011583011583011582,0.0,246.88,0.015423847324476547,0.05238927490515355,0.08882420393402124,0.05408007480016368,0.05766179717902906,0.0,STRONG_BULLISH,86.08,68.15,NONE,RE_ACCUMULATION
2017-07-28,DEVELOPMENT,518,0.7027027027027027,0.11003861003861004,0.18725868725868725,0.007722007722007722,0.023166023166023165,0.007722007722007722,246.91,0.021133167907361416,0.037088373655914,0.07835087566056687,0.048986350225779546,0.05700775305296258,0.0,STRONG_BULLISH,86.0,66.58,NONE,ACCUMULATION
2017-08-04,DEVELOPMENT,518,0.6583011583011583,0.13706563706563707,0.20463320463320464,0.009652509652509652,0.021235521235521235,0.0019305019305019305,247.41,0.021890876048077157,0.03216520650813526,0.0787913142059824,0.048231301972678636,0.05699099052475399,0.0,STRONG_BULLISH,86.08,74.68,BREAKOUT_SETUP,ACCUMULATION
2017-08-11,DEVELOPMENT,518,0.5115830115830116,0.19498069498069498,0.29343629343629346,0.021235521235521235,0.015444015444015444,0.0,244.12,-0.005864147255253305,0.021508075989622677,0.05446848948209593,0.05689871991107033,0.060560230858605124,-0.013297764843781534,BULLISH,86.08,58.46,NONE,RE_ACCUMULATION
2017-08-18,DEVELOPMENT,518,0.4691119691119691,0.2471042471042471,0.28378378378378377,0.019305019305019305,0.011583011583011582,0.0,242.71,-0.01689079714841213,0.01846334606185218,0.03241311838019478,0.05820619215083092,0.058196839935385984,-0.01899680691968797,NEUTRAL,86.08,41.39,NONE,NEUTRAL
2017-08-25,DEVELOPMENT,518,0.525096525096525,0.25675675675675674,0.21814671814671815,0.005791505791505791,0.013513513513513514,0.009652509652509652,244.56,-0.009517638005751006,0.011790989201936108,0.033032018247866723,0.053158071036798156,0.05832722579510136,-0.011519340366193731,BULLISH,86.0,47.67,NONE,RE_DISTRIBUTION
2017-09-01,DEVELOPMENT,517,0.6150870406189555,0.21470019342359767,0.1702127659574468,0.009671179883945842,0.019342359767891684,0.0019342359767891683,247.84,0.0017380057394609238,0.01503051152885293,0.03951010821239831,0.05591888266950975,0.060287551393856095,0.0,STRONG_BULLISH,86.08,57.71,NONE,RE_DISTRIBUTION
2017-09-08,DEVELOPMENT,517,0.620889748549323,0.21083172147001933,0.16827852998065765,0.007736943907156673,0.025145067698259187,0.005802707930367505,246.58,0.010077011305915207,0.013023294030647836,0.037401657621271456,0.05670745681541558,0.06067413805128418,-0.005083925112976062,STRONG_BULLISH,86.08,58.16,NONE,NEUTRAL
2017-09-15,DEVELOPMENT,518,0.6911196911196911,0.16023166023166024,0.14864864864864866,0.011583011583011582,0.02702702702702703,0.007722007722007722,249.19,0.026698529108812874,0.02699472469502151,0.0513015230139644,0.05893061636493339,0.06167354277005784,0.0,STRONG_BULLISH,86.08,67.68,NONE,ACCUMULATION
2017-09-22,DEVELOPMENT,518,0.6486486486486487,0.13706563706563707,0.21428571428571427,0.009652509652509652,0.019305019305019305,0.0,249.44,0.019954203467451803,0.02595319376465266,0.06662105533224993,0.058970313797615595,0.05744441622814105,0.0,STRONG_BULLISH,86.0,66.09,NONE,ACCUMULATION
2017-09-29,DEVELOPMENT,518,0.6428571428571429,0.14478764478764478,0.21235521235521235,0.005791505791505791,0.015444015444015444,0.0019305019305019305,251.23,0.013678179470626217,0.03899917287014043,0.06570798337151085,0.057428692513523664,0.05728452914747905,0.0,STRONG_BULLISH,86.0,73.87,BREAKOUT_SETUP,ACCUMULATION
2017-10-06,DEVELOPMENT,518,0.7104247104247104,0.12548262548262548,0.1640926640926641,0.009652509652509652,0.013513513513513514,0.0019305019305019305,254.37,0.03159218103658046,0.05063813968857134,0.0815051020408164,0.060304015326495965,0.0585268594789763,0.0,STRONG_BULLISH,86.08,68.64,NONE,ACCUMULATION
2017-10-13,DEVELOPMENT,518,0.7702702702702703,0.138996138996139,0.09073359073359073,0.009652509652509652,0.007722007722007722,0.003861003861003861,254.95,0.023114892250892805,0.03823912689363085,0.09651197797944167,0.05594388909935938,0.0545439851106052,0.0,STRONG_BULLISH,86.08,65.61,NONE,ACCUMULATION
2017-10-20,DEVELOPMENT,518,0.7741312741312741,0.14285714285714285,0.08301158301158301,0.009652509652509652,0.015444015444015444,0.0019305019305019305,257.11,0.03074887748556776,0.04143713545042127,0.09599727183596918,0.056868437431826534,0.054451060113554356,0.0,STRONG_BULLISH,86.08,77.27,BREAKOUT_SETUP,ACCUMULATION
2017-10-27,DEVELOPMENT,518,0.7297297297297297,0.16602316602316602,0.10424710424710425,0.019305019305019305,0.009652509652509652,0.015444015444015444,257.71,0.025793097958046296,0.043740634239196385,0.08245127688172027,0.05652788637388889,0.05185574056108905,0.0,STRONG_BULLISH,86.0,76.45,BREAKOUT_SETUP,ACCUMULATION
2017-11-03,DEVELOPMENT,518,0.7007722007722008,0.1833976833976834,0.11583011583011583,0.017374517374517374,0.013513513513513514,0.0,258.45,0.016039627314541782,0.04462228689220327,0.07822277847309134,0.05646872850569016,0.051565144058516685,0.0,STRONG_BULLISH,86.08,73.46,BREAKOUT_SETUP,ACCUMULATION
2017-11-10,DEVELOPMENT,518,0.6544401544401545,0.15444015444015444,0.19111969111969113,0.007722007722007722,0.019305019305019305,0.009652509652509652,258.09,0.012316140419690091,0.057225954448631766,0.07996485061511427,0.04509591343987161,0.05122911110860058,-0.0013929193267556705,STRONG_BULLISH,86.08,64.97,NONE,ACCUMULATION
2017-11-17,DEVELOPMENT,518,0.6563706563706564,0.16795366795366795,0.17567567567567569,0.009652509652509652,0.025096525096525095,0.005791505791505791,257.86,0.002917039399478849,0.06242017222199325,0.08203600352482066,0.0412577394381865,0.05084944058949066,-0.0022828400077383737,STRONG_BULLISH,86.08,74.83,FAILED_BREAKOUT,ACCUMULATION
2017-11-24,DEVELOPMENT,518,0.696911196911197,0.16216216216216217,0.14092664092664092,0.015444015444015444,0.011583011583011582,0.0,260.36,0.010282876101043836,0.06460582270199544,0.07715857846179297,0.042097313759146215,0.049135902065284225,0.0,STRONG_BULLISH,86.0,72.02,BREAKOUT_SETUP,ACCUMULATION
2017-12-01,DEVELOPMENT,519,0.74373795761079,0.12138728323699421,0.1348747591522158,0.0038535645472061657,0.009633911368015413,0.0038535645472061657,264.46,0.02325401431611529,0.06705939315687526,0.08309784166769041,0.044355965798784695,0.05143303662544672,0.0,STRONG_BULLISH,86.08,69.09,NONE,ACCUMULATION
2017-12-08,DEVELOPMENT,519,0.6801541425818882,0.11946050096339114,0.2003853564547206,0.01348747591522158,0.009633911368015413,0.0019267822736030828,265.51,0.028749660970979196,0.07677021656257588,0.09079331169631488,0.038759551746064866,0.05062271775897651,0.0,STRONG_BULLISH,86.08,63.91,NONE,RE_ACCUMULATION
2017-12-15,DEVELOPMENT,519,0.7148362235067437,0.12716763005780346,0.1579961464354528,0.019267822736030827,0.011560693641618497,0.0019267822736030828,266.51,0.03354533467773191,0.06950519683775425,0.09837619518628427,0.03742647757303521,0.049702208358831566,0.0,STRONG_BULLISH,86.08,73.08,BREAKOUT_SETUP,RE_ACCUMULATION
2017-12-22,DEVELOPMENT,519,0.7071290944123314,0.14450867052023122,0.14836223506743737,0.01348747591522158,0.02119460500963391,0.0,267.51,0.027461975725917798,0.07244227068633746,0.100275572738864,0.03648439479136623,0.049645197120600296,0.0,STRONG_BULLISH,85.92,60.72,NONE,NEUTRAL
2017-12-29,DEVELOPMENT,519,0.7148362235067437,0.14065510597302505,0.14450867052023122,0.02119460500963391,0.015414258188824663,0.0,266.86,0.009075096422899609,0.06221390757473233,0.10363937138130686,0.03940624898000147,0.048652666201628496,-0.002429815707823968,STRONG_BULLISH,86.0,60.6,NONE,NEUTRAL
2018-01-05,VALIDATION,519,0.7707129094412332,0.1233140655105973,0.10597302504816955,0.015414258188824663,0.011560693641618497,0.0,273.42,0.02979172159240706,0.07489090694657397,0.1293213828425097,0.054378743618578376,0.05662768679781336,0.0,STRONG_BULLISH,86.08,71.35,BREAKOUT_SETUP,RE_ACCUMULATION
2018-01-12,VALIDATION,519,0.7842003853564548,0.13102119460500963,0.08477842003853564,0.009633911368015413,0.017341040462427744,0.0038535645472061657,277.92,0.042812652433304565,0.0900960972739755,0.1317804202638866,0.05791017419374229,0.05748060481336888,0.0,STRONG_BULLISH,86.08,75.59,BREAKOUT_SETUP,ACCUMULATION
2018-01-19,VALIDATION,519,0.7996146435452793,0.1348747591522158,0.06551059730250482,0.011560693641618497,0.007707129094412331,0.0019267822736030828,280.41,0.048222496355276645,0.09062269067714213,0.1358149708360339,0.05798339122631903,0.057777548058680545,0.0,STRONG_BULLISH,86.08,82.07,BREAKOUT_SETUP,ACCUMULATION
2018-01-26,VALIDATION,519,0.8323699421965318,0.1252408477842004,0.04238921001926782,0.017341040462427744,0.01348747591522158,0.0019267822736030828,286.58,0.07389642509180838,0.11202514454231505,0.16066582965453002,0.06450670421662448,0.062106303814142186,0.0,STRONG_BULLISH,86.0,80.53,BREAKOUT_SETUP,ACCUMULATION
2018-02-02,VALIDATION,519,0.6724470134874759,0.16955684007707128,0.1579961464354528,0.030828516377649325,0.015414258188824663,0.011560693641618497,275.45,0.007424475166410538,0.06577674598568395,0.11333414170809575,0.11427788343939986,0.08851758860465397,-0.03883732291157793,STRONG_BULLISH,86.08,65.26,NONE,ACCUMULATION
2018-02-09,VALIDATION,519,0.10597302504816955,0.29672447013487474,0.5973025048169557,0.015414258188824663,0.015414258188824663,0.038535645472061654,261.5,-0.05908175014392636,0.013212445271029605,0.07119449451089621,0.1596986391641535,0.11552085592426552,-0.08751483006490324,NEUTRAL,86.08,39.65,NONE,NEUTRAL
2018-02-16,VALIDATION,519,0.42196531791907516,0.26204238921001927,0.3159922928709056,0.04046242774566474,0.0789980732177264,0.0038535645472061657,273.11,-0.026033308369887043,0.05914061894051037,0.12525235878208574,0.18130396556951206,0.12882243901716747,-0.04700258217600661,BULLISH,86.08,48.65,NONE,NEUTRAL
2018-02-23,VALIDATION,519,0.5684007707129094,0.2581888246628131,0.17341040462427745,0.02119460500963391,0.05202312138728324,0.005780346820809248,274.71,-0.041419498918277675,0.055115993240128835,0.12328263002944051,0.18101031081462193,0.12876346943761494,-0.041419498918277675,BULLISH,86.0,51.63,NONE,RE_DISTRIBUTION
2018-03-02,VALIDATION,519,0.4662813102119461,0.3159922928709056,0.21772639691714837,0.017341040462427744,0.046242774566473986,0.0019267822736030828,269.08,-0.02312579415501903,0.01746956061408156,0.08570045190445441,0.18564402693340967,0.13282130531464628,-0.06106497313141179,BULLISH,86.08,53.51,NONE,RE_DISTRIBUTION
2018-03-09,VALIDATION,519,0.5664739884393064,0.27552986512524086,0.1579961464354528,0.01348747591522158,0.046242774566473986,0.0019267822736030828,278.87,0.06642447418738051,0.05031825543294044,0.13095141536215427,0.19829327191752716,0.14010260410457023,-0.02690348244818197,STRONG_BULLISH,86.08,65.28,NONE,ACCUMULATION
2018-03-16,VALIDATION,519,0.5953757225433526,0.23314065510597304,0.17148362235067438,0.028901734104046242,0.04046242774566474,0.005780346820809248,274.2,0.0039910658708943725,0.028854451990544483,0.10036518319354704,0.2026544210495025,0.14310638808102408,-0.0431991067066787,STRONG_BULLISH,86.08,61.08,NONE,NEUTRAL
2018-03-23,VALIDATION,519,0.25626204238921,0.43352601156069365,0.31021194605009633,0.04816955684007707,0.038535645472061654,0.005780346820809248,258.05,-0.06064577190491782,-0.035363163993869295,0.034517318794098806,0.23689750253523384,0.1684391440692222,-0.09955335333938153,NEUTRAL,86.0,54.14,BREAKOUT_CONFIRMED,RE_DISTRIBUTION
2018-03-29,VALIDATION,519,0.20809248554913296,0.4161849710982659,0.37572254335260113,0.0038535645472061657,0.036608863198458574,0.005780346820809248,263.15,-0.02203805559684857,-0.013902420744960065,0.04744656291048033,0.24095304673606055,0.1702412731639797,-0.08175727545537026,BEARISH,86.0,34.28,NONE,RE_DISTRIBUTION
2018-04-06,VALIDATION,519,0.2119460500963391,0.4527938342967245,0.3352601156069364,0.017341040462427744,0.015414258188824663,0.0038535645472061657,259.72,-0.06866998960088921,-0.05010606393094863,0.021032354444313395,0.23563409965855422,0.17081215107282408,-0.09372601018912685,NEUTRAL,86.08,51.3,BREAKOUT_CONFIRMED,DISTRIBUTION
2018-04-13,VALIDATION,520,0.3057692307692308,0.38269230769230766,0.31153846153846154,0.019230769230769232,0.03653846153846154,0.0057692307692307696,265.15,-0.03300510576221738,-0.045948474381117044,0.04000784467542662,0.23742399615615462,0.17310163453861863,-0.07477842138320889,BEARISH,86.08,32.0,NONE,DISTRIBUTION
2018-04-20,VALIDATION,520,0.5173076923076924,0.3,0.18269230769230768,0.026923076923076925,0.01730769230769231,0.007692307692307693,266.61,0.0331718659174578,-0.04921365143896439,0.03694916572673179,0.23676308885595765,0.1729142219739085,-0.069683857910531,BULLISH,86.08,54.91,NONE,NEUTRAL
2018-04-27,VALIDATION,520,0.4230769230769231,0.35192307692307695,0.225,0.015384615384615385,0.03076923076923077,0.0057692307692307696,266.56,0.012958388751662664,-0.06985832926233504,0.03434092584688231,0.23053473784307105,0.1729310498331698,-0.06985832926233504,BEARISH,86.0,47.86,NONE,NEUTRAL
2018-05-04,VALIDATION,520,0.38461538461538464,0.4153846153846154,0.2,0.0038461538461538464,0.03653846153846154,0.0038461538461538464,266.02,0.024256892037578748,-0.03423488836449451,0.02928999806538979,0.21862427991616057,0.17299362182192624,-0.07174261986181873,BEARISH,86.08,34.76,NONE,NEUTRAL
2018-05-11,VALIDATION,520,0.5173076923076924,0.2980769230769231,0.18461538461538463,0.009615384615384616,0.032692307692307694,0.0019230769230769232,272.85,0.02904016594380554,0.043403441682600574,0.05718935255143576,0.19769573207107072,0.17629131081373822,-0.04790983320538755,BULLISH,86.08,53.72,NONE,RE_ACCUMULATION
2018-05-18,VALIDATION,520,0.5230769230769231,0.31346153846153846,0.16346153846153846,0.013461538461538462,0.023076923076923078,0.0019230769230769232,271.33,0.017703762049435356,-0.00651752041302045,0.05223764833630651,0.17723791561352575,0.1765987583494351,-0.05321376230023034,STRONG_BULLISH,86.08,63.59,NONE,RE_ACCUMULATION
2018-05-25,VALIDATION,520,0.5288461538461539,0.29615384615384616,0.175,0.011538461538461539,0.013461538461538462,0.0019230769230769232,272.15,0.02097088835534211,-0.009318918131848153,0.04528345367952058,0.17690684973345033,0.1762656060503309,-0.05035243213064422,STRONG_BULLISH,86.0,64.27,NONE,ACCUMULATION
2018-06-01,VALIDATION,520,0.5269230769230769,0.3038461538461538,0.16923076923076924,0.009615384615384616,0.009615384615384616,0.0019230769230769232,273.6,0.02849409818810633,0.016797978296417604,0.03456099221054232,0.17168236761414157,0.17518738093217906,-0.04529276292832707,STRONG_BULLISH,86.08,64.69,NONE,ACCUMULATION
2018-06-08,VALIDATION,520,0.5961538461538461,0.25384615384615383,0.15,0.0,0.01730769230769231,0.0019230769230769232,278.19,0.01957119296316656,-0.0024384121633735933,0.04775714662347941,0.15840801332279653,0.17647990612828626,-0.02927629283271682,STRONG_BULLISH,86.08,64.4,NONE,ACCUMULATION
2018-06-15,VALIDATION,520,0.6173076923076923,0.2153846153846154,0.1673076923076923,0.0057692307692307696,0.01730769230769231,0.0019230769230769232,277.13,0.021376183982604324,0.010685630926331235,0.0398484109414281,0.15453343268177253,0.17665516819895496,-0.0329750854909624,STRONG_BULLISH,86.08,67.54,NONE,ACCUMULATION
2018-06-22,VALIDATION,520,0.5346153846153846,0.27884615384615385,0.18653846153846154,0.015384615384615385,0.021153846153846155,0.0019230769230769232,274.74,0.009516810582399504,0.06467738810308088,0.027027027027027195,0.08875253250563524,0.17723620921486222,-0.04131481610719512,STRONG_BULLISH,86.0,62.33,NONE,RE_ACCUMULATION
2018-06-29,VALIDATION,520,0.38653846153846155,0.3346153846153846,0.27884615384615385,0.015384615384615385,0.01730769230769231,0.0,271.28,-0.008479532163742864,0.03089492684780537,0.01656299183092247,0.08886696997823038,0.17826336875174967,-0.05338823365203438,NEUTRAL,86.0,40.76,NONE,NEUTRAL
2018-07-06,VALIDATION,521,0.472168905950096,0.30134357005758156,0.22648752399232247,0.003838771593090211,0.019193857965451054,0.0,275.42,-0.009957223480355104,0.06044971507777608,0.007314753858532752,0.08550884063041823,0.17616588040228107,-0.03894200572266027,BULLISH,86.08,49.63,NONE,NEUTRAL
2018-07-13,VALIDATION,521,0.5911708253358925,0.21689059500959693,0.19193857965451055,0.011516314779270634,0.013435700575815739,0.0019193857965451055,279.59,0.008876700465485499,0.05445973976994156,0.006008923431203073,0.08142029434886039,0.1759283956573551,-0.02439109498220393,STRONG_BULLISH,86.08,61.57,NONE,NEUTRAL
2018-07-20,VALIDATION,523,0.6233269598470363,0.19694072657743786,0.17973231357552583,0.009560229445506692,0.009560229445506692,0.0019120458891013384,279.68,0.017980636237897585,0.04902291736994102,-0.0026033308369887154,0.08170465756907698,0.1754900582314829,-0.024077046548956593,STRONG_BULLISH,86.08,63.8,NONE,RE_ACCUMULATION
2018-07-27,VALIDATION,523,0.627151051625239,0.19120458891013384,0.18164435946462715,0.019120458891013385,0.017208413001912046,0.0076481835564053535,281.42,0.037378354467708874,0.05574729891956798,-0.018005443506176166,0.08137200509073791,0.17280803680394682,-0.018005443506176166,STRONG_BULLISH,86.0,64.72,NONE,ACCUMULATION
2018-08-03,VALIDATION,523,0.6118546845124283,0.17973231357552583,0.2084130019120459,0.009560229445506692,0.009560229445506692,0.0019120458891013384,283.6,0.029700094401277966,0.06608525674761312,0.02958794699582512,0.08045317729597715,0.1635780153588993,-0.010398492567520234,STRONG_BULLISH,86.08,63.65,NONE,RE_ACCUMULATION
2018-08-10,VALIDATION,523,0.6443594646271511,0.20650095602294455,0.1491395793499044,0.02676864244741874,0.019120458891013385,0.0038240917782026767,283.16,0.012768697020637543,0.03778632948506511,0.08282982791587012,0.0675086597792865,0.14475778133332493,-0.01193384046339574,STRONG_BULLISH,86.08,62.86,NONE,RE_ACCUMULATION
2018-08-17,VALIDATION,523,0.6233269598470363,0.2294455066921606,0.14722753346080306,0.0,0.021032504780114723,0.0038240917782026767,285.06,0.019236270022883195,0.0506025872553717,0.04375526344696268,0.06526392673120958,0.13170423674416248,-0.005303929094842563,STRONG_BULLISH,86.08,62.77,NONE,RE_ACCUMULATION
2018-08-24,VALIDATION,522,0.6609195402298851,0.19731800766283525,0.1417624521072797,0.011494252873563218,0.019157088122605363,0.0019157088122605363,287.51,0.021640253002629395,0.05643946353114093,0.04659459065924065,0.06590895558337281,0.13193578726905975,0.0,STRONG_BULLISH,86.0,71.84,BREAKOUT_CONFIRMED,RE_ACCUMULATION
2018-08-31,VALIDATION,522,0.710727969348659,0.1781609195402299,0.1111111111111111,0.0038314176245210726,0.017241379310344827,0.0,290.31,0.023660084626234035,0.06107456140350864,0.0788984688568457,0.06679988236996713,0.12812717310116645,0.0,STRONG_BULLISH,86.0,63.18,NONE,RE_ACCUMULATION
2018-09-07,VALIDATION,522,0.6704980842911877,0.2049808429118774,0.12452107279693486,0.005747126436781609,0.0038314176245210726,0.0038314176245210726,287.6,0.015680180816499467,0.03382580250907652,0.03130490909742889,0.06660496513808971,0.11942701932798927,-0.009334848954565711,STRONG_BULLISH,86.08,63.0,NONE,ACCUMULATION
2018-09-14,VALIDATION,522,0.6724137931034483,0.21455938697318008,0.11302681992337164,0.007662835249042145,0.01532567049808429,0.0038314176245210726,290.88,0.020416754367501566,0.0496157038213112,0.06083150984682706,0.06720652549539415,0.11718363466877568,0.0,STRONG_BULLISH,86.08,64.2,NONE,ACCUMULATION
2018-09-21,VALIDATION,522,0.6973180076628352,0.16091954022988506,0.1417624521072797,0.0038314176245210726,0.007662835249042145,0.0038314176245210726,291.99,0.015582066710723153,0.06278663463638345,0.13152489827552793,0.061638224333025925,0.07486668585889454,0.0,STRONG_BULLISH,86.0,66.41,NONE,ACCUMULATION
2018-09-28,VALIDATION,522,0.5747126436781609,0.24521072796934865,0.18007662835249041,0.019157088122605363,0.0038314176245210726,0.0038314176245210726,290.72,0.0014122834211705015,0.07166027720436463,0.10476914307429253,0.05323004618252838,0.07258402805491648,-0.00434946402274039,STRONG_BULLISH,86.0,61.67,NONE,NEUTRAL
2018-10-05,VALIDATION,522,0.4731800766283525,0.29310344827586204,0.23371647509578544,0.005747126436781609,0.007662835249042145,0.005747126436781609,287.82,0.0007649513212795167,0.04502214799215731,0.10819343908824863,0.056710567201117834,0.07121658744749508,-0.014281311003801589,STRONG_BULLISH,86.08,61.79,NONE,NEUTRAL
2018-10-12,VALIDATION,522,0.1417624521072797,0.4386973180076628,0.41954022988505746,0.007662835249042145,0.032567049808429116,0.01532567049808429,275.95,-0.051327007700770144,-0.013019063628885053,0.040731661323779145,0.10102167126069807,0.09179839150024413,-0.05493338812973059,NEUTRAL,86.08,37.37,NONE,RE_DISTRIBUTION
2018-10-19,VALIDATION,522,0.18007662835249041,0.49808429118773945,0.3218390804597701,0.0210727969348659,0.019157088122605363,0.013409961685823755,276.25,-0.05390595568341383,-0.012264016018306623,0.036157683507745286,0.10107386157199016,0.09162135010607564,-0.05390595568341383,NEUTRAL,86.08,39.44,NONE,RE_DISTRIBUTION
2018-10-26,VALIDATION,522,0.1475095785440613,0.6455938697318008,0.20689655172413793,0.0210727969348659,0.013409961685823755,0.06704980842911877,265.33,-0.0873348926802423,-0.05717433018264528,-0.0046143457382953335,0.12562676635577005,0.10843099728522547,-0.09130449672934016,BEARISH,86.0,40.23,NONE,RE_DISTRIBUTION
2018-11-02,VALIDATION,522,0.19731800766283525,0.5881226053639846,0.21455938697318008,0.038314176245210725,0.05938697318007663,0.005747126436781609,271.89,-0.05534709193245779,-0.04129055007052196,0.022066010074430542,0.13681612436849422,0.11388806782424518,-0.06883797390321589,BEARISH,86.08,39.1,NONE,RE_DISTRIBUTION
2018-11-09,VALIDATION,522,0.43486590038314177,0.3544061302681992,0.210727969348659,0.028735632183908046,0.05555555555555555,0.009578544061302681,277.76,0.00655915926798345,-0.019070490182229283,0.017995235477368476,0.14548258598772093,0.11217788841633557,-0.048734545703620014,NEUTRAL,86.08,38.1,NONE,NEUTRAL
2018-11-16,VALIDATION,522,0.342911877394636,0.4521072796934866,0.2049808429118774,0.01532567049808429,0.05938697318007663,0.011494252873563218,273.73,-0.009122171945701307,-0.039746018382094905,0.008845317510043138,0.14661188760303218,0.11393281869582841,-0.06253638823247365,BEARISH,86.08,37.09,NONE,NEUTRAL
2018-11-23,VALIDATION,522,0.23180076628352492,0.6111111111111112,0.15708812260536398,0.034482758620689655,0.03639846743295019,0.0,263.25,-0.007839294463498181,-0.08437967375047817,-0.032702553738746976,0.1600220430128669,0.12630573915050278,-0.0984280283571356,BEARISH,86.0,37.58,NONE,RE_DISTRIBUTION
2018-11-30,VALIDATION,522,0.3563218390804598,0.39080459770114945,0.25287356321839083,0.0210727969348659,0.05363984674329502,0.0038314176245210726,275.65,0.013829122071425948,-0.05049774379111993,0.007492690058479301,0.19094291160808075,0.14340710964985376,-0.05596082057604723,BEARISH,86.0,53.39,NONE,RE_ACCUMULATION
2018-12-07,VALIDATION,522,0.31226053639846746,0.5344827586206896,0.1532567049808429,0.02490421455938697,0.017241379310344827,0.007662835249042145,263.57,-0.05108726958525345,-0.0835535465924897,-0.05255400984938352,0.2071598144217779,0.1542777143091123,-0.09733210041439777,BEARISH,86.08,38.14,NONE,NEUTRAL
2018-12-14,VALIDATION,522,0.20306513409961685,0.6475095785440613,0.14942528735632185,0.04980842911877394,0.01532567049808429,0.0038314176245210726,260.47,-0.048441895298286575,-0.10454482948294819,-0.060116190957312354,0.2037298910820633,0.15489613562030863,-0.10794890235966981,BEARISH,86.08,41.6,NONE,NEUTRAL
2018-12-21,VALIDATION,522,0.07662835249042145,0.7969348659003831,0.12643678160919541,0.11877394636015326,0.011494252873563218,0.13984674329501914,240.7,-0.0856600189933524,-0.1756567005719375,-0.12389895901579684,0.2422816001017153,0.18669441198116563,-0.1756567005719375,STRONG_BEARISH,86.08,40.23,NONE,RE_DISTRIBUTION
2018-12-28,VALIDATION,522,0.05555555555555555,0.8065134099616859,0.13793103448275862,0.0210727969348659,0.09195402298850575,0.0019157088122605363,247.75,-0.10121530926900046,-0.1478054485415521,-0.0867369507519905,0.257108203359883,0.192343147515196,-0.151512038083496,BEARISH,86.0,40.69,NONE,DISTRIBUTION
2019-01-04,VALIDATION,522,0.09195402298850575,0.764367816091954,0.14367816091954022,0.019157088122605363,0.06896551724137931,0.007662835249042145,252.39,-0.04241757407899227,-0.1230977694392329,-0.08361774744027317,0.26422099961567236,0.1930940197181908,-0.13562108291379849,STRONG_BEARISH,86.08,38.26,NONE,RE_DISTRIBUTION
2019-01-11,VALIDATION,523,0.23709369024856597,0.32695984703632885,0.4359464627151052,0.0248565965583174,0.05736137667304015,0.0,258.98,-0.005720428456252202,-0.061496647943467875,-0.07371508279981387,0.2634129379921137,0.1958415016793376,-0.11305181684304255,NEUTRAL,86.08,47.21,NONE,NEUTRAL
2019-01-18,VALIDATION,523,0.4225621414913958,0.10707456978967496,0.47036328871892924,0.0057361376673040155,0.08221797323135756,0.0,266.46,0.10702118820108009,-0.03543891402714938,-0.047268306636155666,0.27158987679614716,0.20082349952084397,-0.08743450118154739,NEUTRAL,86.08,55.61,NONE,ACCUMULATION
2019-01-25,VALIDATION,523,0.45124282982791586,0.14340344168260039,0.40535372848948376,0.0057361376673040155,0.05353728489483748,0.0038240917782026767,265.78,0.07277497477295647,0.0016960012060451835,-0.05557529670954464,0.259301710016699,0.2005065898000543,-0.08976334805986519,NEUTRAL,86.0,58.19,NONE,ACCUMULATION
2019-02-01,VALIDATION,524,0.5973282442748091,0.09541984732824428,0.30725190839694655,0.0019083969465648854,0.04770992366412214,0.0,270.06,0.07001069772970414,-0.006730663135826931,-0.04774330042313124,0.2564032696485043,0.20168072892772293,-0.07510531182574742,BULLISH,86.08,63.4,NONE,ACCUMULATION
2019-02-08,VALIDATION,524,0.6335877862595419,0.11641221374045801,0.25,0.009541984732824428,0.026717557251908396,0.0019083969465648854,270.47,0.04436636033670549,-0.026245679723502224,-0.04481565192823844,0.2522133207610605,0.20172573258392237,-0.0737011541491146,BULLISH,86.08,63.99,NONE,ACCUMULATION
2019-02-15,VALIDATION,525,0.7295238095238096,0.09904761904761905,0.17142857142857143,0.009523809523809525,0.045714285714285714,0.0,277.37,0.04094423177962936,0.0132977751799217,-0.026976776818915305,0.25592031726271497,0.20501932963947667,-0.05007020788383165,BULLISH,86.08,65.71,NONE,ACCUMULATION
2019-02-22,VALIDATION,525,0.819047619047619,0.07809523809523809,0.10285714285714286,0.011428571428571429,0.0380952380952381,0.0019047619047619048,279.14,0.05026713823463025,0.06036087369420695,-0.029112030885882212,0.2408977389968745,0.2048354136182439,-0.044008356450563446,STRONG_BULLISH,86.0,71.09,NONE,ACCUMULATION
2019-03-01,VALIDATION,525,0.8457142857142858,0.07809523809523809,0.0761904761904762,0.007619047619047619,0.04,0.0019047619047619048,280.42,0.038361845515811455,0.01730455287502286,-0.03406703179359993,0.22308043066511243,0.20441621847151475,-0.03962464467961224,STRONG_BULLISH,86.08,69.75,NONE,ACCUMULATION
2019-03-08,VALIDATION,525,0.6723809523809524,0.1676190476190476,0.16,0.02095238095238095,0.03428571428571429,0.0,274.46,0.014752098199430463,0.04131729711272136,-0.04568845618915174,0.20708250049567561,0.2061222453041332,-0.06003630261310333,STRONG_BULLISH,86.08,63.7,NONE,ACCUMULATION
2019-03-15,VALIDATION,525,0.7161904761904762,0.14666666666666667,0.13714285714285715,0.005714285714285714,0.03428571428571429,0.0038095238095238095,281.31,0.014204852723798567,0.08000921411294959,-0.032900165016501615,0.2083655883953082,0.2087477146911253,-0.0365765950888729,STRONG_BULLISH,86.08,63.39,NONE,RE_ACCUMULATION
2019-03-22,VALIDATION,525,0.6838095238095238,0.17523809523809525,0.14095238095238094,0.009523809523809525,0.013333333333333334,0.011428571428571429,279.25,0.000394067493014294,0.16015787287079353,-0.04363163122024727,0.11554694937719537,0.20882123993485205,-0.04363163122024727,STRONG_BULLISH,86.08,62.21,NONE,NEUTRAL
2019-03-29,VALIDATION,525,0.6723809523809524,0.2019047619047619,0.12571428571428572,0.0019047619047619048,0.02666666666666667,0.0019047619047619048,282.48,0.007346123671635452,0.14018163471241185,-0.02834342322509631,0.10905075893355334,0.20955043837509726,-0.03256960854823787,STRONG_BULLISH,86.0,61.49,NONE,NEUTRAL
2019-04-05,VALIDATION,525,0.780952380952381,0.10476190476190476,0.11428571428571428,0.01904761904761905,0.024761904761904763,0.0,288.57,0.0514100415361074,0.14334957803399506,0.002605795288722179,0.11014609951092572,0.21138242602455182,-0.011712729888009865,STRONG_BULLISH,86.08,63.02,NONE,RE_ACCUMULATION
2019-04-12,VALIDATION,526,0.7870722433460076,0.08935361216730038,0.12357414448669202,0.011406844106463879,0.026615969581749048,0.0038022813688212928,290.16,0.03145995520955536,0.12039539732797899,0.05149483602101834,0.10505442743294019,0.20231656080903723,-0.006267337922531535,STRONG_BULLISH,86.08,66.12,NONE,ACCUMULATION
2019-04-18,VALIDATION,526,0.747148288973384,0.13307984790874525,0.11977186311787072,0.009505703422053232,0.02091254752851711,0.0076045627376425855,290.02,0.03856759176365254,0.0884185243563762,0.04984615384615387,0.09692890348636579,0.20234859964609053,-0.006746806397479488,STRONG_BULLISH,86.08,66.2,NONE,ACCUMULATION
2019-04-26,VALIDATION,526,0.7338403041825095,0.1520912547528517,0.11406844106463879,0.013307984790874524,0.03802281368821293,0.0038022813688212928,293.41,0.03869300481450022,0.1039581608849427,0.105830475257227,0.09525856789082301,0.19310123162251716,0.0,STRONG_BULLISH,86.0,74.71,BREAKOUT_SETUP,ACCUMULATION
2019-05-03,VALIDATION,526,0.720532319391635,0.1520912547528517,0.12737642585551331,0.009505703422053232,0.030418250950570342,0.005703422053231939,294.03,0.01892088574695916,0.08875805376582968,0.08142999006951346,0.09402272536232988,0.1907424440822305,0.0,STRONG_BULLISH,86.08,73.54,BREAKOUT_SETUP,ACCUMULATION
2019-05-10,VALIDATION,528,0.5738636363636364,0.21212121212121213,0.21401515151515152,0.013257575757575758,0.022727272727272728,0.003787878787878788,288.1,-0.007099531293079719,0.06518282988871227,0.037226382488479315,0.1080937120576053,0.19158034179529063,-0.020168010066999753,BULLISH,86.08,53.17,NONE,ACCUMULATION
2019-05-17,VALIDATION,528,0.4678030303030303,0.2803030303030303,0.2518939393939394,0.013257575757575758,0.011363636363636364,0.007575757575757576,285.84,-0.01441279911730231,0.030536828063597143,0.0442406751178166,0.10098206599660428,0.19063326271695658,-0.027854300581573344,BULLISH,86.08,51.32,NONE,RE_ACCUMULATION
2019-05-24,VALIDATION,528,0.4356060606060606,0.32196969696969696,0.24242424242424243,0.022727272727272728,0.013257575757575758,0.003787878787878788,282.78,-0.03622916737670856,0.013040051587017265,0.0741880341880341,0.10381064439424284,0.182316374167997,-0.0382614018977655,BULLISH,86.0,47.67,NONE,NEUTRAL
2019-05-31,VALIDATION,529,0.33648393194706994,0.4045368620037807,0.2589792060491493,0.043478260869565216,0.013232514177693762,0.00945179584120983,275.27,-0.06380301329796279,-0.01836530917908863,-0.00137855976782153,0.11710466782531044,0.1749219709059547,-0.06380301329796279,NEUTRAL,86.0,38.46,NONE,NEUTRAL
2019-06-07,VALIDATION,529,0.4896030245746692,0.31190926275992437,0.19848771266540643,0.007561436672967864,0.034026465028355386,0.0,287.65,-0.0015619576535926827,0.04805800480944389,0.09136092878552171,0.14073644647203035,0.17347109369259378,-0.0216984661429106,NEUTRAL,86.08,35.88,NONE,NEUTRAL
2019-06-14,VALIDATION,529,0.6389413988657845,0.24196597353497165,0.11909262759924386,0.011342155009451797,0.01890359168241966,0.001890359168241966,289.26,0.011964735516372782,0.028260637730617377,0.11053096325872436,0.13324591761087334,0.17199383415516017,-0.016222834404652553,STRONG_BULLISH,86.08,58.54,NONE,NEUTRAL
2019-06-21,VALIDATION,529,0.6880907372400756,0.1266540642722117,0.18525519848771266,0.011342155009451797,0.02835538752362949,0.003780718336483932,294.0,0.03967748779970304,0.05282005371530896,0.22143747403406744,0.13425821058117696,0.12576996193625523,-0.00010203040506062688,STRONG_BULLISH,86.08,64.22,NONE,RE_ACCUMULATION
2019-06-28,VALIDATION,529,0.6994328922495274,0.11909262759924386,0.18147448015122875,0.011342155009451797,0.022684310018903593,0.001890359168241966,293.0,0.0644094888654776,0.03724157462475208,0.182643794147326,0.13400074822914668,0.12264711999288765,-0.0035030439070842245,STRONG_BULLISH,86.0,62.24,NONE,RE_ACCUMULATION
2019-07-05,VALIDATION,529,0.7466918714555766,0.11153119092627599,0.14177693761814744,0.013232514177693762,0.02835538752362949,0.0,298.46,0.037580392838518994,0.034272446893301334,0.1825349657276436,0.13236091326418367,0.12262792522998814,0.0,STRONG_BULLISH,86.08,70.43,BREAKOUT_SETUP,NEUTRAL
2019-07-12,VALIDATION,529,0.7561436672967864,0.11909262759924386,0.12476370510396975,0.015122873345935728,0.020793950850661626,0.0,300.65,0.03937633962525067,0.03615246760408031,0.16090045563363953,0.13257638667609833,0.11924497181843592,0.0,STRONG_BULLISH,86.08,71.12,BREAKOUT_SETUP,RE_ACCUMULATION
2019-07-19,VALIDATION,529,0.7126654064272212,0.17013232514177692,0.11720226843100189,0.00945179584120983,0.020793950850661626,0.003780718336483932,297.17,0.010782312925170068,0.024653472174333002,0.11525182016062452,0.13562042277213024,0.11671540356027872,-0.01157492100449009,STRONG_BULLISH,86.08,61.2,NONE,NEUTRAL
2019-07-26,VALIDATION,529,0.718336483931947,0.15500945179584122,0.1266540642722117,0.011342155009451797,0.01890359168241966,0.007561436672967864,302.01,0.030750853242320852,0.029310521113799615,0.1363157498683123,0.13733936912433423,0.11744364175777962,0.0,STRONG_BULLISH,86.0,73.59,BREAKOUT_SETUP,ACCUMULATION
2019-08-02,VALIDATION,529,0.5708884688090737,0.22684310018903592,0.20226843100189035,0.017013232514177693,0.00945179584120983,0.017013232514177693,292.62,-0.01956711117067611,-0.004795429037853127,0.0835369917796045,0.15281428543876274,0.12680059008670772,-0.031091685705771255,BULLISH,86.08,51.23,NONE,RE_ACCUMULATION
2019-08-09,VALIDATION,529,0.4120982986767486,0.2741020793950851,0.31379962192816635,0.017013232514177693,0.022684310018903593,0.001890359168241966,291.62,-0.03003492433061694,0.012217979868101247,0.07819721226013976,0.14686882893578257,0.127131567607635,-0.03440283434323366,NEUTRAL,86.08,40.49,NONE,RE_ACCUMULATION
2019-08-16,VALIDATION,530,0.4075471698113208,0.33962264150943394,0.2528301886792453,0.005660377358490566,0.020754716981132074,0.009433962264150943,288.85,-0.027997442541306317,0.010530366638679123,0.04138875869776837,0.14734308503362512,0.12386438507818154,-0.043574716069004205,NEUTRAL,86.08,37.89,NONE,RE_ACCUMULATION
2019-08-23,VALIDATION,530,0.4339622641509434,0.3905660377358491,0.17547169811320754,0.045283018867924525,0.011320754716981131,0.0037735849056603774,284.85,-0.05681931061885359,0.007320178230426633,0.02045568531919484,0.14855384821477977,0.12556704367534072,-0.05681931061885359,NEUTRAL,86.08,37.79,NONE,NEUTRAL
2019-08-30,VALIDATION,531,0.4783427495291902,0.3653483992467043,0.15630885122410546,0.003766478342749529,0.02448210922787194,0.0018832391713747645,292.45,-0.0005809582393548895,0.062411450575798444,0.04289993581056972,0.14423258299656777,0.13069048402574782,-0.03165458097413998,NEUTRAL,86.0,37.09,NONE,RE_ACCUMULATION
2019-09-06,VALIDATION,531,0.5894538606403014,0.2711864406779661,0.1393596986817326,0.01694915254237288,0.026365348399246705,0.0,298.05,0.022049242164460692,0.03615504953937099,0.08595059389346371,0.12037667532392886,0.12835230017494073,-0.013112148604350837,BULLISH,86.08,52.25,NONE,NEUTRAL
2019-09-13,VALIDATION,531,0.6026365348399246,0.07721280602636535,0.32015065913371,0.02824858757062147,0.05084745762711865,0.0018832391713747645,301.09,0.04237493508741541,0.040897462490492975,0.07031388859265575,0.1211786750423015,0.12482770406424565,-0.0030462567464654144,STRONG_BULLISH,86.08,64.5,NONE,ACCUMULATION
2019-09-20,VALIDATION,532,0.5958646616541353,0.08834586466165413,0.3157894736842105,0.022556390977443608,0.016917293233082706,0.0018796992481203006,298.28,0.047147621555204244,0.01455782312925158,0.0681468218442256,0.11997943741797337,0.1251972130651933,-0.012350584417734622,STRONG_BULLISH,86.08,65.6,NONE,ACCUMULATION
2019-09-27,VALIDATION,532,0.5676691729323309,0.2161654135338346,0.2161654135338346,0.015037593984962405,0.03007518796992481,0.0,295.4,0.010087194392203847,0.008191126279863514,0.04573775134522773,0.1216679824252203,0.12566151784616977,-0.02188669249362607,STRONG_BULLISH,86.0,61.98,NONE,RE_ACCUMULATION
2019-10-04,VALIDATION,533,0.39587242026266417,0.3170731707317073,0.2870544090056285,0.001876172607879925,0.01876172607879925,0.00375234521575985,294.35,-0.012414024492534814,-0.013770689539636671,0.02002980212773342,0.11547704407130974,0.12245370618333926,-0.025363398562961437,NEUTRAL,86.08,40.34,NONE,NEUTRAL
2019-10-11,VALIDATION,533,0.42401500938086306,0.3058161350844278,0.2701688555347092,0.009380863039399626,0.024390243902439025,0.00375234521575985,296.28,-0.015975289780464363,-0.01453517379012137,0.02109181141439187,0.11524459599015126,0.12254458148462025,-0.018972881692659205,NEUTRAL,86.08,40.04,NONE,NEUTRAL
2019-10-18,VALIDATION,533,0.5722326454033771,0.1951219512195122,0.2326454033771107,0.013133208255159476,0.0225140712945591,0.005628517823639775,297.97,-0.0010392919404584866,0.0026920617828178894,0.027411902627405116,0.11354788363760078,0.12270729481909533,-0.013377040495347714,STRONG_BULLISH,86.08,58.54,NONE,RE_DISTRIBUTION
2019-10-25,VALIDATION,533,0.6097560975609756,0.1575984990619137,0.2326454033771107,0.0150093808630394,0.03564727954971857,0.013133208255159476,301.6,0.020988490182803243,-0.001357570941359465,0.02791315906070002,0.11132193496488324,0.12279717878360608,-0.001357570941359465,STRONG_BULLISH,86.0,60.29,NONE,RE_DISTRIBUTION
2019-11-01,VALIDATION,533,0.6697936210131332,0.14071294559099437,0.1894934333958724,0.0150093808630394,0.03189493433395872,0.005628517823639775,306.14,0.04005435705792415,0.046203267035745954,0.04118627350950588,0.09205122858041269,0.12435144905214322,0.0,STRONG_BULLISH,86.08,71.31,BREAKOUT_SETUP,NEUTRAL
2019-11-08,VALIDATION,533,0.6135084427767354,0.150093808630394,0.23639774859287055,0.016885553470919325,0.039399624765478425,0.001876172607879925,308.94,0.0427298501417579,0.05939235992044445,0.07233599444637262,0.09135417852070701,0.1204810846789179,0.0,STRONG_BULLISH,86.08,66.16,NONE,RE_ACCUMULATION
2019-11-15,VALIDATION,533,0.6585365853658537,0.14634146341463414,0.1951219512195122,0.0150093808630394,0.024390243902439025,0.001876172607879925,311.79,0.04638050810484273,0.07941838324389816,0.09078505457598673,0.08644525269408665,0.11975356746056845,0.0,STRONG_BULLISH,86.08,75.62,BREAKOUT_SETUP,ACCUMULATION
2019-11-22,VALIDATION,533,0.6622889305816135,0.15947467166979362,0.17823639774859287,0.0150093808630394,0.03377110694183865,0.0,310.96,0.03103448275862064,0.09166227839213614,0.09965344083740013,0.07779976009738608,0.1183033024246178,-0.002662048173450171,STRONG_BULLISH,86.0,65.4,NONE,ACCUMULATION
2019-11-29,VALIDATION,533,0.7148217636022514,0.13883677298311445,0.14634146341463414,0.01876172607879925,0.020637898686679174,0.0,314.31,0.026687136604168105,0.07474782014019499,0.14182439059832164,0.06578170451018178,0.10986394153291208,0.0,STRONG_BULLISH,86.0,66.2,NONE,ACCUMULATION
2019-12-06,VALIDATION,533,0.6754221388367729,0.1669793621013133,0.1575984990619137,0.001876172607879925,0.016885553470919325,0.0,314.87,0.019194665630866803,0.05643348431471229,0.094628889275161,0.05911217029341966,0.09305446005525404,0.0,STRONG_BULLISH,86.08,66.64,NONE,ACCUMULATION
2019-12-13,VALIDATION,533,0.6697936210131332,0.15196998123827393,0.17823639774859287,0.013133208255159476,0.024390243902439025,0.0,317.32,0.017736296866480483,0.053904148261317175,0.09700615363340948,0.058251216700300375,0.09320485125152203,0.0,STRONG_BULLISH,86.08,67.07,NONE,ACCUMULATION
2019-12-20,VALIDATION,533,0.7579737335834896,0.10131332082551595,0.14071294559099437,0.005628517823639775,0.0225140712945591,0.00375234521575985,320.73,0.03141883200411644,0.07526485181708487,0.09091836734693892,0.05169488529979006,0.09193403468952405,0.0,STRONG_BULLISH,86.08,69.37,NONE,ACCUMULATION
2019-12-27,VALIDATION,533,0.7711069418386491,0.10318949343339587,0.12570356472795496,0.005628517823639775,0.01876172607879925,0.0,322.86,0.02720244344755174,0.09295870006770501,0.10191126279863494,0.03971192626426074,0.09147755645524741,0.0,STRONG_BULLISH,86.0,63.29,NONE,RE_ACCUMULATION
2020-01-03,VALIDATION,533,0.7823639774859287,0.0975609756097561,0.1200750469043152,0.01125703564727955,0.009380863039399626,0.001876172607879925,322.41,0.0239463905738877,0.09532869033463554,0.08024525899618062,0.0374220329423061,0.0890832961007876,-0.0013937929752834144,STRONG_BULLISH,86.08,65.34,NONE,ACCUMULATION
2020-01-10,VALIDATION,534,0.7415730337078652,0.10861423220973783,0.149812734082397,0.00749063670411985,0.0149812734082397,0.0,325.71,0.02644018656246061,0.0993317132442284,0.08335273573923163,0.037935418488013475,0.08946705049309867,0.0,STRONG_BULLISH,86.08,63.58,NONE,ACCUMULATION
2020-01-17,VALIDATION,535,0.805607476635514,0.07289719626168224,0.12149532710280374,0.024299065420560748,0.014953271028037384,0.001869158878504673,331.95,0.03498269572537649,0.11403832600597363,0.11703738600800873,0.04443246944945764,0.08949734416850857,0.0,STRONG_BULLISH,86.08,80.14,BREAKOUT_SETUP,ACCUMULATION
2020-01-24,VALIDATION,535,0.7514018691588785,0.10841121495327102,0.14018691588785046,0.005607476635514018,0.009345794392523364,0.001869158878504673,328.77,0.018305147742055272,0.09008620689655156,0.08860633753849201,0.05610260858689317,0.08979094250617159,-0.009579755987347505,STRONG_BULLISH,86.0,66.16,NONE,ACCUMULATION
2020-01-31,VALIDATION,535,0.5327102803738317,0.20934579439252338,0.25794392523364484,0.03177570093457944,0.018691588785046728,0.014953271028037384,321.73,-0.0021091157222170587,0.050924413666949775,0.09948055498598873,0.07630205487426413,0.08284462896966525,-0.03078776924235571,BULLISH,86.0,57.38,NONE,RE_ACCUMULATION
2020-02-07,VALIDATION,535,0.6672897196261682,0.18130841121495328,0.15140186915887852,0.020560747663551402,0.018691588785046728,0.005607476635514018,332.2,0.019925700776764588,0.07528970026542359,0.1391536931623345,0.09528617800950344,0.09155407761057265,0.0,STRONG_BULLISH,86.08,73.4,FAILED_BREAKOUT,NEUTRAL
2020-02-14,VALIDATION,535,0.7439252336448599,0.14579439252336449,0.1102803738317757,0.007476635514018692,0.014953271028037384,0.005607476635514018,337.6,0.017020635637897463,0.08278007633342965,0.1687727194045352,0.09743287314961609,0.09024720245064645,0.0,STRONG_BULLISH,86.08,73.66,BREAKOUT_SETUP,RE_ACCUMULATION
2020-02-21,VALIDATION,536,0.6902985074626866,0.1828358208955224,0.12686567164179105,0.005597014925373134,0.016791044776119403,0.0018656716417910447,333.48,0.014326124646409477,0.07242089014664277,0.1707214323328068,0.10291688104232175,0.08951860382286914,-0.01220379146919437,STRONG_BULLISH,86.0,63.32,NONE,RE_ACCUMULATION
2020-02-28,VALIDATION,536,0.07462686567164178,0.5018656716417911,0.42350746268656714,0.009328358208955223,0.048507462686567165,0.3451492537313433,296.26,-0.07916576010940857,-0.05742738061149821,0.013027868011626031,0.2547468157578062,0.185618179991463,-0.12245260663507118,NEUTRAL,86.0,43.78,NONE,NEUTRAL
2020-03-06,VALIDATION,536,0.13619402985074627,0.5746268656716418,0.2891791044776119,0.03544776119402985,0.04477611940298507,0.05037313432835821,297.46,-0.10457555689343767,-0.05529266046304837,-0.001979533635296238,0.2550074383165689,0.183738424999742,-0.11889810426540293,BEARISH,86.08,49.33,FAILED_BREAKOUT,NEUTRAL
2020-03-13,VALIDATION,537,0.05027932960893855,0.813780260707635,0.13594040968342644,0.05772811918063315,0.2309124767225326,0.061452513966480445,269.32,-0.2022511848341233,-0.15126685995209888,-0.10551662293666342,0.31100271354930376,0.2266947497714182,-0.2022511848341233,BEARISH,86.08,54.22,FAILED_BREAKDOWN,DISTRIBUTION
2020-03-20,VALIDATION,537,0.027932960893854747,0.9143389199255121,0.05772811918063315,0.17318435754189945,0.28677839851024206,0.0186219739292365,228.8,-0.31390188317140455,-0.2866273812864403,-0.2329354968485985,0.41158759589692845,0.30738012963256145,-0.3222748815165877,STRONG_BEARISH,86.08,48.73,BREAKDOWN_SETUP,DISTRIBUTION
2020-03-27,VALIDATION,537,0.037243947858473,0.9180633147113594,0.0446927374301676,0.09497206703910614,0.24581005586592178,0.0,253.42,-0.1446027138324445,-0.2150777426748437,-0.14211238997968856,0.48684258979957057,0.34894429913901204,-0.2493483412322276,STRONG_BEARISH,86.0,47.5,FAILED_BREAKOUT,DISTRIBUTION
2020-04-03,VALIDATION,537,0.08752327746741155,0.8156424581005587,0.09683426443202979,0.09869646182495345,0.2681564245810056,0.00186219739292365,248.19,-0.16563571572648417,-0.23020377779845547,-0.156820112111432,0.48581607806501026,0.34966389722876867,-0.264840047393365,STRONG_BEARISH,86.08,39.45,NONE,DISTRIBUTION
2020-04-09,VALIDATION,537,0.22346368715083798,0.4860335195530726,0.2905027932960894,0.06517690875232775,0.1750465549348231,0.00186219739292365,278.2,0.032971929303430736,-0.14586595437659267,-0.06102335628459565,0.5584394897420281,0.39253712296957777,-0.17594786729857825,NEUTRAL,86.08,50.19,NONE,NEUTRAL
2020-04-17,VALIDATION,537,0.45996275605214154,0.2085661080074488,0.33147113594040967,0.0335195530726257,0.2122905027932961,0.0,286.64,0.25279720279720275,-0.13649646031028773,-0.03802396214384007,0.5613421729659279,0.3949445039428306,-0.15094786729857834,BULLISH,86.08,58.89,NONE,ACCUMULATION
2020-04-24,VALIDATION,537,0.2942271880819367,0.409683426443203,0.29608938547486036,0.03910614525139665,0.13966480446927373,0.00186219739292365,282.97,0.11660484571067808,-0.13930711439608223,-0.061770557029177664,0.5614093365346176,0.3949215064946563,-0.1618187203791469,NEUTRAL,86.0,51.39,NONE,NEUTRAL
2020-05-01,VALIDATION,537,0.31471135940409684,0.2811918063314711,0.40409683426443205,0.0446927374301676,0.08007448789571694,0.00186219739292365,282.79,0.13940932350215562,-0.12103316445466694,-0.07627229372182653,0.5608947721509095,0.39422049023523587,-0.16235189573459718,NEUTRAL,86.08,52.74,NONE,RE_ACCUMULATION
2020-05-08,VALIDATION,538,0.40892193308550184,0.27137546468401486,0.31970260223048325,0.022304832713754646,0.1821561338289963,0.0018587360594795538,292.44,0.05118619698058957,-0.11968693558097532,-0.05340842882113028,0.5613868275012697,0.39720401712165804,-0.13376777251184846,NEUTRAL,86.08,50.13,NONE,NEUTRAL
2020-05-15,VALIDATION,538,0.3420074349442379,0.46654275092936803,0.19144981412639406,0.03717472118959108,0.11895910780669144,0.024163568773234202,286.28,-0.0012559307842590073,-0.15201421800947879,-0.08181789024664055,0.5596766524630562,0.3979533124116468,-0.15201421800947879,NEUTRAL,86.08,38.01,NONE,NEUTRAL
2020-05-22,VALIDATION,538,0.44609665427509293,0.31970260223048325,0.2342007434944238,0.048327137546468404,0.15427509293680297,0.0018587360594795538,295.44,0.04406827578895278,-0.11406980928391508,-0.049909956264471256,0.5657909398412768,0.40080067199043795,-0.12488151658767777,BULLISH,86.0,48.94,NONE,NEUTRAL
2020-05-29,VALIDATION,539,0.6679035250463822,0.04081632653061224,0.2912801484230056,0.03153988868274583,0.12244897959183673,0.0018552875695732839,304.32,0.0761342338838007,0.027205832714507494,-0.03178390760713945,0.5207512185634688,0.40284545991494936,-0.09857819905213283,STRONG_BULLISH,86.0,66.34,NONE,RE_ACCUMULATION
2020-06-05,VALIDATION,539,0.7476808905380334,0.012987012987012988,0.23933209647495363,0.014842300556586271,0.13543599257884972,0.0,319.34,0.0919846806182465,0.07355610838432058,0.014196334995394855,0.5283974419109883,0.40878366426941204,-0.05408767772511858,STRONG_BULLISH,86.08,85.91,BREAKOUT_CONFIRMED,ACCUMULATION
2020-06-12,VALIDATION,540,0.6796296296296296,0.06851851851851852,0.2518518518518518,0.03148148148148148,0.09814814814814815,0.001851851851851852,304.21,0.06263099063853583,0.12954849249962863,-0.04131476112441701,0.49611203691444494,0.41459962094943936,-0.09890402843601909,STRONG_BULLISH,86.08,69.18,NONE,ACCUMULATION
2020-06-19,VALIDATION,540,0.5092592592592593,0.24259259259259258,0.24814814814814815,0.025925925925925925,0.07407407407407407,0.001851851851851852,308.64,0.04467912266450047,0.3489510489510488,-0.03769525769338711,0.3510299701182023,0.414840228206265,-0.08578199052132707,STRONG_BULLISH,86.08,65.4,NONE,ACCUMULATION
2020-06-26,VALIDATION,540,0.4148148148148148,0.4148148148148148,0.17037037037037037,0.04814814814814815,0.03518518518518519,0.02962962962962963,300.05,-0.01403128286014721,0.18400284113329657,-0.07064981725825437,0.31442107639964695,0.41658035877189126,-0.11122630331753558,STRONG_BULLISH,86.0,61.82,NONE,NEUTRAL
2020-07-02,VALIDATION,540,0.49444444444444446,0.37407407407407406,0.13148148148148148,0.022222222222222223,0.046296296296296294,0.001851851851851852,312.23,-0.022264670883697546,0.2580281236149724,-0.031574703017896444,0.30905880620752224,0.42074442098630316,-0.07514810426540286,STRONG_BULLISH,86.08,58.91,NONE,NEUTRAL
2020-07-10,VALIDATION,540,0.5314814814814814,0.36666666666666664,0.10185185185185185,0.016666666666666666,0.04814814814814815,0.0,317.59,0.04398277505670434,0.141588785046729,-0.024930152589727084,0.21588112365602216,0.42119384375211,-0.05927132701421811,STRONG_BULLISH,86.08,61.49,NONE,RE_ACCUMULATION
2020-07-17,VALIDATION,541,0.634011090573013,0.2088724584103512,0.15711645101663585,0.027726432532347505,0.08317929759704251,0.0,321.72,0.04237947122861607,0.12238347753279388,-0.030817894261183754,0.2117763158397326,0.42072290380139193,-0.04703791469194307,STRONG_BULLISH,86.08,64.35,NONE,NEUTRAL
2020-07-24,VALIDATION,541,0.7042513863216266,0.16635859519408502,0.12939001848428835,0.027726432532347505,0.06284658040665435,0.0036968576709796672,320.88,0.06942176303949332,0.13397179913064972,-0.023998540012774794,0.20811190876651062,0.4204918513906567,-0.049526066350710996,STRONG_BULLISH,86.0,63.55,NONE,RE_ACCUMULATION
2020-07-31,VALIDATION,541,0.6524953789279113,0.18299445471349354,0.1645101663585952,0.025878003696857672,0.04251386321626617,0.0073937153419593345,326.52,0.045767543157287705,0.15463771703384133,0.014888260342523107,0.2072252182283466,0.4198334289026558,-0.03281990521327027,STRONG_BULLISH,86.0,65.24,NONE,ACCUMULATION
2020-08-07,VALIDATION,543,0.6924493554327809,0.143646408839779,0.16390423572744015,0.007366482504604052,0.09208103130755065,0.0,334.57,0.05346515948235142,0.14406373957051022,0.007134256472004941,0.2035790956831537,0.41879612804981703,-0.00897511848341237,STRONG_BULLISH,86.08,70.79,NONE,ACCUMULATION
2020-08-14,VALIDATION,543,0.6556169429097606,0.10681399631675875,0.23756906077348067,0.022099447513812154,0.08103130755064457,0.0,336.84,0.04699738903394235,0.1766103115830655,-0.002251184834123343,0.1919947301362957,0.4183366713642805,-0.002251184834123343,STRONG_BULLISH,86.08,69.84,NONE,ACCUMULATION
2020-08-21,VALIDATION,545,0.6605504587155964,0.1963302752293578,0.14311926605504588,0.03302752293577982,0.05137614678899083,0.0,339.48,0.057965594614809435,0.14906580016246962,0.017992083483267418,0.18762166840280958,0.41792356697579985,0.0,STRONG_BULLISH,86.08,76.43,BREAKOUT_SETUP,ACCUMULATION
2020-08-28,VALIDATION,545,0.6844036697247706,0.1614678899082569,0.15412844036697249,0.007339449541284404,0.05504587155963303,0.0,350.58,0.07368614479970592,0.15201104100946372,0.18335246067643274,0.1888503934186316,0.38457639267315075,0.0,STRONG_BULLISH,86.0,79.41,BREAKOUT_SETUP,ACCUMULATION
2020-09-04,VALIDATION,546,0.6868131868131868,0.1446886446886447,0.1684981684981685,0.01282051282051282,0.07509157509157509,0.007326007326007326,342.57,0.0239112891173745,0.07274378405461279,0.15165064210314005,0.18077708178553797,0.3870095222677591,-0.022847852130754687,STRONG_BULLISH,86.08,67.58,NONE,ACCUMULATION
2020-09-11,VALIDATION,546,0.45787545787545786,0.22344322344322345,0.31868131868131866,0.0347985347985348,0.04945054945054945,0.0,334.06,-0.008253176582353583,0.09812300713323041,0.24038318728649943,0.15602210880496487,0.36064493029639194,-0.047121912259683874,BULLISH,86.08,50.57,NONE,RE_ACCUMULATION
2020-09-18,VALIDATION,546,0.5036630036630036,0.22527472527472528,0.27106227106227104,0.031135531135531136,0.054945054945054944,0.018315018315018316,330.65,-0.026010368799340267,0.07131285640228091,0.44514860139860124,0.1589608448375814,0.2757831016570361,-0.05684865080723378,NEUTRAL,86.08,38.43,NONE,NEUTRAL
2020-09-25,VALIDATION,546,0.29853479853479853,0.34798534798534797,0.3534798534798535,0.01282051282051282,0.03296703296703297,0.003663003663003663,328.73,-0.06232528952022354,0.09558406932177976,0.2971746507773658,0.14435893998388344,0.24095963439534632,-0.06232528952022354,NEUTRAL,86.0,36.01,NONE,RE_DISTRIBUTION
2020-10-02,VALIDATION,546,0.48534798534798534,0.27472527472527475,0.23992673992673993,0.0347985347985348,0.05311355311355311,0.0,333.84,-0.02548384271827664,0.06921179899433105,0.3450985132358273,0.12691193366788278,0.23660412843315823,-0.047749443778880685,BULLISH,86.08,56.34,NONE,NEUTRAL
2020-10-09,VALIDATION,546,0.7197802197802198,0.11721611721611722,0.163003663003663,0.018315018315018316,0.08058608058608059,0.0018315018315018315,346.85,0.038286535352930695,0.09213136433766822,0.2467649173256652,0.14230246389315304,0.17964532962387322,-0.01063951166638133,STRONG_BULLISH,86.08,65.35,NONE,NEUTRAL
2020-10-16,VALIDATION,547,0.7257769652650823,0.15173674588665448,0.12248628884826325,0.025594149908592323,0.054844606946983544,0.003656307129798903,347.29,0.050325117193407154,0.0794790501056819,0.2115894501814124,0.1420855144127603,0.1770874732060223,-0.009384448627987818,STRONG_BULLISH,86.08,66.75,NONE,RE_ACCUMULATION
2020-10-23,VALIDATION,547,0.6526508226691042,0.17550274223034734,0.17184643510054845,0.02010968921389397,0.08043875685557587,0.0,345.78,0.051866273233352356,0.07759910246821233,0.22196699296745215,0.14258741299290575,0.17544742688757264,-0.01369159678247478,STRONG_BULLISH,86.0,59.97,NONE,NEUTRAL
2020-10-30,VALIDATION,547,0.263254113345521,0.3510054844606947,0.3857404021937843,0.014625228519195612,0.051188299817184646,0.012797074954296161,326.54,-0.021866762520967975,6.125199068973686e-05,0.154708440892535,0.1854563661231241,0.19701469502616722,-0.06857208055222763,NEUTRAL,86.0,38.51,NONE,NEUTRAL
2020-11-06,VALIDATION,546,0.5915750915750916,0.24175824175824176,0.16666666666666666,0.023809523809523808,0.045787545787545784,0.003663003663003663,350.16,0.009543030128297492,0.04659712466748367,0.19737382027082484,0.2314006153534297,0.21498793471074473,-0.001198014718466478,STRONG_BULLISH,86.08,60.47,NONE,RE_DISTRIBUTION
2020-11-13,VALIDATION,547,0.7513711151736746,0.056672760511883,0.19195612431444242,0.018281535648994516,0.08409506398537477,0.0018281535648994515,358.1,0.03112672406346273,0.06311601947512191,0.2508732709235715,0.2343982051882333,0.21182751953780352,0.0,STRONG_BULLISH,86.08,62.9,NONE,NEUTRAL
2020-11-20,VALIDATION,547,0.7349177330895795,0.0712979890310786,0.19378427787934185,0.021937842778793418,0.08226691042047532,0.0018281535648994515,355.33,0.027618717103360613,0.046689053847060125,0.2027145951800704,0.23570520944374215,0.210326158288214,-0.007735269477799567,STRONG_BULLISH,86.08,63.13,NONE,NEUTRAL
2020-11-27,VALIDATION,548,0.791970802919708,0.07481751824817519,0.1332116788321168,0.021897810218978103,0.08941605839416059,0.0,363.67,0.11370735591351755,0.03733812539220738,0.19502497371188232,0.23152371656484888,0.2090615484237688,0.0,STRONG_BULLISH,86.0,72.39,BREAKOUT_SETUP,RE_ACCUMULATION
2020-12-04,VALIDATION,548,0.822992700729927,0.060218978102189784,0.11678832116788321,0.021897810218978103,0.08941605839416059,0.0,369.85,0.056231437057345124,0.07963335960533624,0.15816997557462287,0.22566710905892542,0.20034125185523302,0.0,STRONG_BULLISH,86.08,72.99,BREAKOUT_SETUP,RE_ACCUMULATION
2020-12-11,VALIDATION,548,0.7700729927007299,0.09854014598540146,0.13138686131386862,0.010948905109489052,0.05656934306569343,0.0,366.3,0.02289863166713202,0.09650960905226613,0.20410242924295718,0.21847913056077048,0.18600162465282394,-0.009598485872651108,STRONG_BULLISH,86.08,66.0,NONE,ACCUMULATION
2020-12-18,VALIDATION,548,0.8083941605839416,0.09306569343065693,0.09854014598540146,0.012773722627737226,0.02737226277372263,0.0018248175182481751,369.18,0.03897785157459266,0.11652805080901274,0.1961508553654745,0.2150837581344814,0.18571263741015026,-0.0018115452210355487,STRONG_BULLISH,86.08,66.89,NONE,ACCUMULATION
2020-12-24,VALIDATION,549,0.75591985428051,0.11475409836065574,0.12932604735883424,0.01639344262295082,0.009107468123861567,0.0,369.0,0.01465614430665152,0.12250174915584222,0.22979503416097313,0.21376434715554168,0.17887515425137485,-0.0022982290117615767,STRONG_BULLISH,86.0,61.5,NONE,RE_ACCUMULATION
2020-12-31,VALIDATION,549,0.7814207650273224,0.10018214936247723,0.11839708561020036,0.012750455373406194,0.025500910746812388,0.0,373.88,0.01089630931458685,0.11993769470405002,0.19745059731608094,0.2135223824294205,0.17267183210904427,0.0,STRONG_BULLISH,86.0,63.45,NONE,RE_ACCUMULATION
2021-01-08,VALIDATION,549,0.7941712204007286,0.07650273224043716,0.12932604735883424,0.018214936247723135,0.04735883424408015,0.0,381.26,0.04084084084084072,0.09920715006486946,0.20047860449006594,0.20518616787475583,0.17301772760882572,0.0,STRONG_BULLISH,86.08,75.51,BREAKOUT_SETUP,ACCUMULATION
2021-01-15,VALIDATION,549,0.7431693989071039,0.09836065573770492,0.15846994535519127,0.020036429872495445,0.03642987249544627,0.0,375.7,0.017660761688065296,0.08180483169685271,0.16778565211985574,0.20972940556267725,0.1755157382141111,-0.01458322404658241,STRONG_BULLISH,86.08,64.09,NONE,RE_ACCUMULATION
2021-01-22,VALIDATION,549,0.7504553734061931,0.09836065573770492,0.151183970856102,0.023679417122040074,0.029143897996357013,0.0018214936247723133,382.88,0.037615176151761576,0.1072936549250969,0.193218648716031,0.20974151264718593,0.17591838708641766,0.0,STRONG_BULLISH,86.08,63.16,NONE,RE_ACCUMULATION
2021-01-29,VALIDATION,549,0.47540983606557374,0.17122040072859745,0.3533697632058288,0.029143897996357013,0.02185792349726776,0.01092896174863388,370.07,-0.010190435433829026,0.13330679242971755,0.13337620972681608,0.18350420991881342,0.18420729141937753,-0.03345695779356461,STRONG_BULLISH,86.0,64.26,NONE,RE_ACCUMULATION
2021-02-05,VALIDATION,549,0.6994535519125683,0.12932604735883424,0.17122040072859745,0.025500910746812388,0.04735883424408015,0.007285974499089253,387.71,0.016917589046844705,0.10723669179803497,0.1588307379621603,0.15091129807875356,0.19198886234979703,0.0,STRONG_BULLISH,86.08,70.78,BREAKOUT_SETUP,NEUTRAL
2021-02-12,VALIDATION,549,0.7832422586520947,0.12386156648451731,0.09289617486338798,0.018214936247723135,0.058287795992714025,0.0,392.64,0.04508916688847475,0.09645350460765134,0.1656572853580336,0.14802069133614335,0.19222081914990954,0.0,STRONG_BULLISH,86.08,74.06,BREAKOUT_SETUP,RE_ACCUMULATION
2021-02-19,VALIDATION,551,0.73502722323049,0.12704174228675136,0.13793103448275862,0.023593466424682397,0.05989110707803993,0.0,390.03,0.01867425825323865,0.0976557003348999,0.14890420643336855,0.14755702626293585,0.19306199984736533,-0.006647310513447469,STRONG_BULLISH,86.08,64.89,NONE,RE_ACCUMULATION
2021-02-26,VALIDATION,551,0.5626134301270418,0.20689655172413793,0.23049001814882034,0.021778584392014518,0.032667876588021776,0.007259528130671506,380.36,0.02780555030129439,0.04589325487392415,0.08494494837127053,0.15608427002444947,0.19345641495537036,-0.03127546862265684,BULLISH,86.0,57.97,NONE,ACCUMULATION
2021-03-05,VALIDATION,551,0.5190562613430127,0.20871143375680581,0.27223230490018147,0.018148820326678767,0.06352087114337568,0.02722323049001815,383.63,-0.010523329292512429,0.03725834797891037,0.11985871500715173,0.15386674940919623,0.18962718823160563,-0.02294722901385493,BULLISH,86.08,52.05,NONE,RE_ACCUMULATION
2021-03-12,VALIDATION,551,0.6660617059891107,0.15063520871143377,0.18330308529945555,0.016333938294010888,0.043557168784029036,0.0,394.06,0.0036165444172779893,0.0757848757848758,0.1796084535712148,0.1583120460830413,0.18702930545347873,0.0,STRONG_BULLISH,86.08,69.39,BREAKOUT_SETUP,NEUTRAL
2021-03-19,VALIDATION,551,0.7295825771324864,0.12159709618874773,0.14882032667876588,0.039927404718693285,0.05263157894736842,0.0054446460980036296,389.48,-0.0014101479373380688,0.0549867273416762,0.17792227430818097,0.16199583978349982,0.18730575854328252,-0.01162259554382572,STRONG_BULLISH,86.08,60.88,NONE,NEUTRAL
2021-03-26,VALIDATION,552,0.7101449275362319,0.10507246376811594,0.18478260869565216,0.019927536231884056,0.04528985507246377,0.0018115942028985507,395.98,0.04106635818698079,0.0731165311653117,0.20457518328111224,0.1634058863721505,0.186897731959248,0.0,STRONG_BULLISH,86.0,70.21,BREAKOUT_SETUP,NEUTRAL
2021-04-01,VALIDATION,552,0.782608695652174,0.07246376811594203,0.14492753623188406,0.018115942028985508,0.03804347826086957,0.0,400.61,0.044261397700909866,0.07149352733497394,0.2000059908938414,0.16312774249042977,0.1866322828152044,0.0,STRONG_BULLISH,86.08,73.06,BREAKOUT_SETUP,ACCUMULATION
2021-04-09,VALIDATION,552,0.8532608695652174,0.05615942028985507,0.09057971014492754,0.016304347826086956,0.028985507246376812,0.0,411.49,0.04423184286656845,0.07928972354823483,0.1863629811157561,0.16656092971598604,0.18318627321686085,0.0,STRONG_BULLISH,86.08,75.99,BREAKOUT_SETUP,ACCUMULATION
2021-04-16,VALIDATION,552,0.8822463768115942,0.04528985507246377,0.07246376811594203,0.019927536231884056,0.030797101449275364,0.0,417.26,0.0713258703912909,0.11062017567207882,0.20147427222206216,0.16087279262466664,0.1832582796304707,0.0,STRONG_BULLISH,86.08,77.16,BREAKOUT_SETUP,ACCUMULATION
2021-04-23,VALIDATION,553,0.8499095840867993,0.05605786618444846,0.09403254972875226,0.007233273056057866,0.018083182640144666,0.0018083182640144665,416.74,0.052426890246982216,0.0884350188048475,0.20521719012088613,0.16011262467070658,0.182897071731621,-0.0012462253750659125,STRONG_BULLISH,86.0,65.84,NONE,ACCUMULATION
2021-04-30,VALIDATION,553,0.8300180831826401,0.05063291139240506,0.11934900542495479,0.014466546112115732,0.0162748643761302,0.003616636528028933,417.3,0.0416614662639474,0.12762450347231602,0.2779445090953634,0.13545772456746552,0.1580333101795603,0.0,STRONG_BULLISH,86.0,65.06,NONE,ACCUMULATION
2021-05-07,VALIDATION,554,0.7942238267148014,0.06498194945848375,0.1407942238267148,0.01444043321299639,0.03429602888086643,0.0036101083032490976,422.12,0.025832948552820145,0.08875190219493967,0.2055060543751428,0.10771332251380393,0.1285583999752299,0.0,STRONG_BULLISH,86.08,72.23,BREAKOUT_SETUP,ACCUMULATION
2021-05-14,VALIDATION,554,0.6949458483754513,0.09747292418772563,0.2075812274368231,0.018050541516245487,0.036101083032490974,0.0,416.58,-0.001629679336624612,0.06097188264058673,0.1633063390114493,0.11365731948828438,0.1296556945001344,-0.01312423007675545,STRONG_BULLISH,86.08,62.67,NONE,RE_ACCUMULATION
2021-05-21,VALIDATION,554,0.6678700361010831,0.09927797833935018,0.2328519855595668,0.01444043321299639,0.03429602888086643,0.0,414.94,-0.004319239813792786,0.06386688203471524,0.16775954746292188,0.11261146631973386,0.12892858761391265,-0.017009381218610842,STRONG_BULLISH,86.08,62.72,NONE,RE_ACCUMULATION
2021-05-28,VALIDATION,554,0.7815884476534296,0.0776173285198556,0.1407942238267148,0.016245487364620937,0.030685920577617327,0.0036101083032490976,420.04,0.006566019650131816,0.10432222105373867,0.15500316220749588,0.09297075069787475,0.12675295204245127,-0.004927508765280031,STRONG_BULLISH,86.0,60.69,NONE,NEUTRAL
2021-06-04,VALIDATION,554,0.7779783393501805,0.08303249097472924,0.13898916967509026,0.02888086642599278,0.02888086642599278,0.0,422.6,0.0011371174073724344,0.10158225373406671,0.14262538867108288,0.09300532759920173,0.12566664361972635,0.0,STRONG_BULLISH,86.08,68.81,BREAKOUT_SETUP,NEUTRAL
2021-06-11,VALIDATION,558,0.7365591397849462,0.06630824372759857,0.1971326164874552,0.017921146953405017,0.03046594982078853,0.0035842293906810036,424.31,0.018555859618800685,0.07676495965081465,0.15836745836745836,0.08278168780400257,0.1237721965415781,0.0,STRONG_BULLISH,86.08,70.07,BREAKOUT_SETUP,NEUTRAL
2021-06-18,VALIDATION,558,0.4982078853046595,0.1039426523297491,0.3978494623655914,0.034050179211469536,0.01971326164874552,0.053763440860215055,414.92,-4.8199739721366264e-05,0.06531785971038317,0.12389620239449584,0.09422272923542208,0.1298566237665894,-0.02213004642831884,STRONG_BULLISH,86.08,68.18,NONE,NEUTRAL
2021-06-25,VALIDATION,558,0.578853046594982,0.08960573476702509,0.33154121863799285,0.021505376344086023,0.03225806451612903,0.0017921146953405018,426.61,0.01564136748881051,0.0773523915349259,0.1561246612466125,0.10282635236444379,0.13376184807645058,0.0,STRONG_BULLISH,86.0,71.05,BREAKOUT_SETUP,RE_ACCUMULATION
2021-07-02,VALIDATION,558,0.7043010752688172,0.07526881720430108,0.22043010752688172,0.010752688172043012,0.03046594982078853,0.0,433.72,0.026313298627543835,0.08264896033548852,0.16005135337541465,0.10452002840122292,0.13424896019640173,0.0,STRONG_BULLISH,86.08,72.07,BREAKOUT_SETUP,ACCUMULATION
2021-07-09,VALIDATION,558,0.6200716845878136,0.1039426523297491,0.27598566308243727,0.010752688172043012,0.021505376344086023,0.0017921146953405018,435.52,0.0264193632014329,0.05839753092420219,0.14231757855531657,0.09416723361116693,0.13270595917578268,0.0,STRONG_BULLISH,86.08,74.62,BREAKOUT_SETUP,ACCUMULATION
2021-07-16,VALIDATION,558,0.5842293906810035,0.18458781362007168,0.23118279569892472,0.03046594982078853,0.014336917562724014,0.0,431.34,0.039573893762652856,0.03374394861716912,0.14809688581314884,0.09560541478703814,0.13133299831805897,-0.009597722263041897,STRONG_BULLISH,86.08,64.69,NONE,ACCUMULATION
2021-07-23,VALIDATION,558,0.5842293906810035,0.1971326164874552,0.21863799283154123,0.008960573476702509,0.021505376344086023,0.0017921146953405018,439.94,0.031246337404186475,0.055670202044440176,0.14902841621395746,0.1011064125877471,0.13151652227602142,0.0,STRONG_BULLISH,86.0,74.75,BREAKOUT_SETUP,ACCUMULATION
2021-07-30,VALIDATION,559,0.6726296958855098,0.16994633273703041,0.15742397137745975,0.008944543828264758,0.017889087656529516,0.005366726296958855,438.51,0.01104399151526314,0.05082674335010773,0.1849379847055963,0.10209461524640119,0.11926480124437899,-0.0032504432422603147,STRONG_BULLISH,86.0,64.86,NONE,ACCUMULATION
2021-08-06,VALIDATION,559,0.6565295169946332,0.1771019677996422,0.16636851520572452,0.01073345259391771,0.02146690518783542,0.0017889087656529517,442.49,0.01600385745775168,0.04825641997536256,0.14129117123623325,0.10141019986161416,0.10306511804991993,0.0,STRONG_BULLISH,86.08,70.07,BREAKOUT_SETUP,RE_ACCUMULATION
2021-08-13,VALIDATION,559,0.7066189624329159,0.16100178890876565,0.13237924865831843,0.008944543828264758,0.01967799642218247,0.0,445.92,0.033801641396578264,0.07043064957511169,0.13569682151589246,0.09475857405143348,0.10254938398483787,0.0,STRONG_BULLISH,86.08,73.65,BREAKOUT_SETUP,ACCUMULATION
2021-08-20,VALIDATION,559,0.6153846153846154,0.23434704830053668,0.15026833631484796,0.0035778175313059034,0.01073345259391771,0.0,443.36,0.007773787334636628,0.0684918301441173,0.13673307181498862,0.09558807360319584,0.10234300772207074,-0.005740940078937884,STRONG_BULLISH,86.08,66.18,NONE,ACCUMULATION
2021-08-27,VALIDATION,559,0.6958855098389982,0.17531305903398928,0.12880143112701253,0.008944543828264758,0.025044722719141325,0.0,450.25,0.026772479532964022,0.07192172174078659,0.1837469765485329,0.09684676841411818,0.09339386845932057,0.0,STRONG_BULLISH,86.0,76.68,BREAKOUT_SETUP,ACCUMULATION
2021-09-03,VALIDATION,559,0.7191413237924866,0.1520572450805009,0.12880143112701253,0.01073345259391771,0.017889087656529516,0.0,453.08,0.02393274424280767,0.07212494084240406,0.18103380861767837,0.09685310769446229,0.09334770310577202,0.0,STRONG_BULLISH,86.08,64.57,NONE,ACCUMULATION
2021-09-10,VALIDATION,559,0.5813953488372093,0.22003577817531306,0.19856887298747763,0.023255813953488372,0.012522361359570662,0.0017889087656529517,445.44,-0.0010764262648008671,0.04979849638236189,0.13038623559863982,0.10669770824007802,0.09382799476274456,-0.016862364262381857,STRONG_BULLISH,86.08,63.34,NONE,RE_ACCUMULATION
2021-09-17,VALIDATION,559,0.46332737030411447,0.24865831842576028,0.2880143112701252,0.014311270125223614,0.016100178890876567,0.028622540250447227,441.4,-0.004420786719595893,0.0638195314759471,0.13330594639005833,0.09553244473279018,0.09296371636169179,-0.025779111856625736,BULLISH,86.08,50.49,NONE,NEUTRAL
2021-09-24,VALIDATION,559,0.4543828264758497,0.2504472271914132,0.295169946332737,0.025044722719141325,0.02146690518783542,0.0035778175313059034,443.91,-0.01408106607440307,0.040552260847143806,0.12104146674074445,0.08126305269884568,0.09135084145020257,-0.020239251346340525,BULLISH,86.0,47.98,NONE,NEUTRAL
2021-10-01,VALIDATION,559,0.2898032200357782,0.2808586762075134,0.4293381037567084,0.007155635062611807,0.03935599284436494,0.007155635062611807,434.24,-0.04158206056325586,0.0011989301853729817,0.08394698085419727,0.08946259163228167,0.09788781898828,-0.04158206056325586,NEUTRAL,86.08,38.29,NONE,RE_DISTRIBUTION
2021-10-08,VALIDATION,559,0.3613595706618962,0.2826475849731664,0.3559928443649374,0.014311270125223614,0.016100178890876567,0.0017889087656529517,437.86,-0.017016882183907955,0.005372887582659969,0.06408418187562281,0.09065483949810506,0.09172844891086365,-0.0335923015802948,NEUTRAL,86.08,36.83,NONE,RE_DISTRIBUTION
2021-10-15,VALIDATION,559,0.5330948121645797,0.23434704830053668,0.23255813953488372,0.012522361359570662,0.03935599284436494,0.0017889087656529517,445.87,0.010126869053013188,0.033685723559141456,0.0685663615012222,0.0943009292067548,0.093036926031805,-0.015913304493687552,BULLISH,86.08,58.08,NONE,NEUTRAL
2021-10-22,VALIDATION,559,0.6976744186046512,0.15026833631484796,0.1520572450805009,0.008944543828264758,0.03756708407871199,0.005366726296958855,453.12,0.020747448807190594,0.02995863072237115,0.08729663579210056,0.09162507377404382,0.09479582121531174,0.0,STRONG_BULLISH,86.08,62.05,NONE,NEUTRAL
2021-10-29,VALIDATION,559,0.6887298747763864,0.18962432915921287,0.12164579606440072,0.016100178890876567,0.025044722719141325,0.007155635062611807,459.25,0.05759487840825339,0.047296526875099776,0.10052719865803983,0.09331225488452356,0.095831379209151,0.0,STRONG_BULLISH,86.0,75.83,BREAKOUT_SETUP,ACCUMULATION
2021-11-05,VALIDATION,559,0.740608228980322,0.15026833631484796,0.10912343470483005,0.017889087656529516,0.028622540250447227,0.0035778175313059034,468.53,0.07004521993331192,0.058848787543221315,0.1099450393253103,0.09862699254987682,0.0980483895427567,0.0,STRONG_BULLISH,86.08,71.85,NONE,ACCUMULATION
2021-11-12,VALIDATION,559,0.7513416815742398,0.15026833631484796,0.09838998211091235,0.007155635062611807,0.017889087656529516,0.0,467.27,0.04799605266108942,0.047878543236454796,0.12168130971242008,0.09934099435867962,0.09530574552277984,-0.0026892621603739064,STRONG_BULLISH,86.08,65.83,NONE,ACCUMULATION
2021-11-19,VALIDATION,559,0.6368515205724508,0.2003577817531306,0.16279069767441862,0.014311270125223614,0.012522361359570662,0.0,468.89,0.034803142655367214,0.057583002526163884,0.13001879789849125,0.09723700268249579,0.09451270564101452,0.0,STRONG_BULLISH,86.08,63.83,NONE,RE_ACCUMULATION
2021-11-26,VALIDATION,559,0.5402504472271914,0.2522361359570662,0.2075134168157424,0.007155635062611807,0.023255813953488372,0.012522361359570662,458.97,-0.0006096897114860056,0.019367018323153795,0.09268164936672707,0.1062946654832871,0.10063347723020964,-0.021156347970739287,STRONG_BULLISH,86.0,65.73,NONE,ACCUMULATION
2021-12-03,VALIDATION,559,0.33810375670840787,0.3184257602862254,0.3434704830053667,0.007155635062611807,0.025044722719141325,0.01967799642218247,453.42,-0.032249802574008,0.0007504193519909386,0.07292948414576439,0.10908536276761249,0.10292213420315292,-0.032992812813239736,BULLISH,86.08,49.64,NONE,NEUTRAL
2021-12-10,VALIDATION,560,0.5660714285714286,0.2392857142857143,0.19464285714285715,0.03214285714285714,0.03571428571428571,0.0035714285714285713,470.74,0.007426113381984845,0.05679777298850586,0.10942471306356194,0.1261023357831141,0.11446181392907082,0.0,STRONG_BULLISH,86.08,62.3,NONE,NEUTRAL
2021-12-17,VALIDATION,560,0.5160714285714286,0.2625,0.22142857142857142,0.007142857142857143,0.02857142857142857,0.02142857142857143,459.87,-0.01923692123952314,0.04184413230629813,0.10833413670105085,0.13536963896034238,0.11492751866674689,-0.02309130305476481,STRONG_BULLISH,86.08,62.01,NONE,NEUTRAL
2021-12-23,VALIDATION,561,0.5543672014260249,0.23351158645276293,0.21212121212121213,0.0142602495543672,0.030303030303030304,0.0,470.6,0.02533934679826566,0.06012480007208665,0.10311525749513617,0.1411819862050074,0.11300470269689863,-0.00029740408718181843,STRONG_BULLISH,86.0,69.53,BREAKOUT_SETUP,NEUTRAL
2021-12-31,VALIDATION,561,0.6737967914438503,0.17290552584670232,0.1532976827094474,0.0196078431372549,0.0481283422459893,0.0,474.96,0.047505623924837925,0.09377302873986726,0.0950843862399704,0.12910444186003994,0.11174314945187137,0.0,STRONG_BULLISH,86.0,65.1,NONE,ACCUMULATION
2022-01-07,VALIDATION,561,0.6078431372549019,0.18716577540106952,0.20499108734402852,0.0285204991087344,0.026737967914438502,0.0017825311942959,466.09,-0.009878064324255531,0.06447266249486128,0.07019195444526072,0.13888519377014744,0.1160934456779731,-0.018675256863735945,STRONG_BULLISH,86.08,63.94,NONE,NEUTRAL
2022-01-14,VALIDATION,561,0.5008912655971479,0.23529411764705882,0.2638146167557932,0.012477718360071301,0.0285204991087344,0.008912655971479501,464.72,0.010546458781829804,0.042276896853342905,0.07738674827282432,0.13654314335004597,0.11499871180807109,-0.02155971029139281,BULLISH,86.0,58.14,NONE,ACCUMULATION
2022-01-21,VALIDATION,561,0.2976827094474153,0.3761140819964349,0.32620320855614976,0.05525846702317291,0.017825311942959002,0.06417112299465241,437.98,-0.06931576710582232,-0.03341278248587565,-0.004455152975405663,0.1793758563946164,0.140601754087019,-0.07785918814215931,NEUTRAL,86.0,41.87,NONE,NEUTRAL
2022-01-28,VALIDATION,562,0.22241992882562278,0.5088967971530249,0.26868327402135234,0.01601423487544484,0.05871886120996441,0.014234875444839857,441.95,-0.06950058952332827,-0.03767011431682088,0.0078447469841052,0.17788248505364443,0.141085000126119,-0.06950058952332827,BEARISH,86.0,36.4,NONE,NEUTRAL
2022-02-04,VALIDATION,562,0.33451957295373663,0.44483985765124556,0.2206405693950178,0.021352313167259787,0.09074733096085409,0.005338078291814947,448.7,-0.037310390697075646,-0.04232386400017074,0.014034215462496391,0.1753897570015855,0.14213802966286376,-0.055288866430857286,NEUTRAL,86.08,37.16,NONE,NEUTRAL
2022-02-11,VALIDATION,562,0.3790035587188612,0.4555160142348754,0.16548042704626334,0.028469750889679714,0.03558718861209965,0.005338078291814947,440.46,-0.052203477362713135,-0.05737582125965712,-0.012244348762109891,0.178033895813668,0.14423558082019508,-0.07263769580596258,BEARISH,86.0,34.4,NONE,NEUTRAL
2022-02-18,VALIDATION,564,0.32269503546099293,0.5301418439716312,0.14716312056737588,0.03368794326241135,0.03368794326241135,0.005319148936170213,434.23,-0.008562034796109397,-0.07391925611550676,-0.020592746300974407,0.17820985485160853,0.14538245322165705,-0.08575458986019868,BEARISH,85.92,37.84,NONE,RE_ACCUMULATION
2022-02-25,VALIDATION,564,0.2730496453900709,0.5531914893617021,0.17375886524822695,0.02127659574468085,0.0549645390070922,0.0035460992907801418,437.75,-0.009503337481615581,-0.04623395864653468,-0.027762354247640175,0.17674863035404578,0.14403940314161537,-0.07834343944753241,BEARISH,86.0,41.75,NONE,RE_ACCUMULATION
2022-03-04,VALIDATION,564,0.31560283687943264,0.5159574468085106,0.16843971631205673,0.02127659574468085,0.031914893617021274,0.010638297872340425,432.17,-0.03683975930465788,-0.04686604031582198,-0.04615079014743528,0.1768936773402515,0.1445815127026566,-0.09009179720397498,BEARISH,86.08,37.01,NONE,NEUTRAL
2022-03-11,VALIDATION,564,0.26773049645390073,0.5921985815602837,0.1400709219858156,0.028368794326241134,0.0425531914893617,0.0017730496453900709,420.07,-0.0462925123734278,-0.10763903641075756,-0.05695492097701149,0.1579600885128679,0.1478441976832114,-0.11556762674751553,BEARISH,86.08,51.61,FAILED_BREAKOUT,RE_DISTRIBUTION
2022-03-18,VALIDATION,564,0.40070921985815605,0.3776595744680851,0.22163120567375885,0.02127659574468085,0.08156028368794327,0.008865248226950355,444.52,0.02369711903829752,-0.03337899841259495,0.007068418667874887,0.20274295165497158,0.17013149410461056,-0.06408960754589865,NEUTRAL,86.08,51.4,NONE,RE_ACCUMULATION
2022-03-25,VALIDATION,564,0.5709219858156028,0.2074468085106383,0.22163120567375885,0.02304964539007092,0.051418439716312055,0.0,452.69,0.03412906910336955,-0.038057798555036215,0.01977878398774524,0.20026208987694666,0.1718684628841002,-0.04688815900286336,BULLISH,86.0,49.29,NONE,RE_ACCUMULATION
2022-04-01,VALIDATION,565,0.5663716814159292,0.2336283185840708,0.2,0.024778761061946902,0.05132743362831858,0.0017699115044247787,452.92,0.0480135132008237,-0.046403907697490254,0.04301768607221823,0.19876958236588602,0.16857436799608755,-0.046403907697490254,BULLISH,86.08,62.41,NONE,ACCUMULATION
2022-04-08,VALIDATION,565,0.49557522123893805,0.3486725663716814,0.15575221238938053,0.01592920353982301,0.03716814159292035,0.0,447.57,0.06546527959625781,-0.03973481516445321,0.02217603800301471,0.19693428482671754,0.16937660011494535,-0.05766801414855982,BULLISH,86.0,56.93,NONE,ACCUMULATION
2022-04-14,VALIDATION,565,0.43716814159292033,0.45309734513274336,0.10973451327433628,0.02654867256637168,0.024778761061946902,0.005309734513274336,437.79,-0.015139926212543786,-0.057948872439318344,-0.0181218740888599,0.20060291357098906,0.17041660395917854,-0.07825922182920664,BEARISH,86.08,35.29,NONE,RE_ACCUMULATION
2022-04-22,VALIDATION,565,0.40353982300884955,0.4831858407079646,0.11327433628318584,0.024778761061946902,0.01415929203539823,0.01415929203539823,426.04,-0.05887030859970399,-0.0272615187908124,-0.05976341807909602,0.17270182160434433,0.17252136831880194,-0.10299814721239675,BEARISH,86.0,36.97,NONE,NEUTRAL
2022-04-29,VALIDATION,565,0.2088495575221239,0.5787610619469027,0.21238938053097345,0.05132743362831858,0.008849557522123894,0.03185840707964602,412.0,-0.09034708116223622,-0.0677678470415205,-0.10288513881328254,0.18140811153087696,0.17625082601715747,-0.13255853124473638,BEARISH,86.0,51.41,FAILED_BREAKOUT,RE_DISTRIBUTION
2022-05-06,VALIDATION,565,0.18938053097345134,0.6088495575221239,0.20176991150442478,0.03893805309734513,0.03893805309734513,0.021238938053097345,411.34,-0.08094823156154352,-0.08326275908179193,-0.12206262139030588,0.1762641573902968,0.17271449731776806,-0.13394812194711136,BEARISH,86.08,41.91,NONE,RE_DISTRIBUTION
2022-05-13,VALIDATION,565,0.14513274336283186,0.6584070796460177,0.19646017699115045,0.02654867256637168,0.08495575221238938,0.0017699115044247787,401.72,-0.08239110075607026,-0.08795350315579153,-0.14028291993922137,0.1780198464949658,0.1746777295122375,-0.15420245915445496,BEARISH,86.08,40.44,NONE,RE_DISTRIBUTION
2022-05-20,VALIDATION,565,0.13097345132743363,0.6991150442477876,0.16991150442477876,0.007079646017699115,0.06371681415929203,0.019469026548672566,389.63,-0.08546145901793267,-0.10271054510282573,-0.1690375141291134,0.1836489543436887,0.17751367375878088,-0.17965723429341418,BEARISH,85.92,39.95,NONE,RE_DISTRIBUTION
2022-05-27,VALIDATION,565,0.2761061946902655,0.511504424778761,0.21238938053097345,0.02654867256637168,0.09557522123893805,0.0017699115044247787,415.26,0.007912621359223326,-0.05137635636778981,-0.09523498267860653,0.2347043860268135,0.2035613418252402,-0.12569479535118744,BEARISH,85.92,49.76,FAILED_BREAKDOWN,RE_ACCUMULATION
2022-06-03,VALIDATION,565,0.3185840707964602,0.36106194690265486,0.32035398230088497,0.02831858407079646,0.061946902654867256,0.0017699115044247787,410.54,-0.0019448631302571018,-0.050049748941388805,-0.09457015570552685,0.23448661146204186,0.2034999088852957,-0.13563247431362635,NEUTRAL,86.08,35.01,NONE,NEUTRAL
2022-06-10,VALIDATION,565,0.14690265486725665,0.6424778761061947,0.21061946902654868,0.035398230088495575,0.021238938053097345,0.0017699115044247787,389.8,-0.029672408642835824,-0.07205941866831711,-0.17194204868929774,0.2485984680148451,0.2044223532632295,-0.17929930941552963,BEARISH,86.08,41.4,NONE,NEUTRAL
2022-06-17,VALIDATION,565,0.019469026548672566,0.8725663716814159,0.1079646017699115,0.023008849557522124,0.03185840707964602,0.13628318584070798,365.86,-0.06100659600133451,-0.17695491766399707,-0.2044273381607845,0.2308872026039212,0.21752237321551382,-0.2297035539834933,STRONG_BEARISH,86.08,49.58,BREAKOUT_CONFIRMED,NEUTRAL
2022-06-24,VALIDATION,567,0.0564373897707231,0.8130511463844797,0.13051146384479717,0.021164021164021163,0.07760141093474426,0.031746031746031744,390.08,-0.0606367095313779,-0.13830656740816016,-0.17110072248193797,0.27575488466699444,0.23798306185294485,-0.1787097860872494,STRONG_BEARISH,86.0,50.32,FAILED_BREAKDOWN,NEUTRAL
2022-07-01,VALIDATION,566,0.14840989399293286,0.6731448763250883,0.1784452296819788,0.028268551236749116,0.045936395759717315,0.0035335689045936395,381.24,-0.07136941589126522,-0.15826194471429833,-0.19732187973724102,0.27556046271280094,0.23781912427729857,-0.19732187973724102,BEARISH,86.08,38.03,NONE,DISTRIBUTION
2022-07-08,VALIDATION,566,0.14487632508833923,0.6307420494699647,0.22438162544169613,0.03356890459363958,0.06890459363957598,0.0,388.67,-0.0028989225243714056,-0.13159952633107663,-0.16610525864103487,0.2829129567473826,0.2403335783708919,-0.18167845713323216,BEARISH,86.08,37.87,NONE,NEUTRAL
2022-07-15,VALIDATION,566,0.13957597173144876,0.7014134275618374,0.15901060070671377,0.022968197879858657,0.05653710247349823,0.0,385.13,0.05267042037937997,-0.12028598186345052,-0.1712644172835256,0.2817637647743091,0.24030544151079217,-0.18913171635506143,BEARISH,86.08,41.11,NONE,ACCUMULATION
2022-07-22,VALIDATION,566,0.22438162544169613,0.31802120141342755,0.4575971731448763,0.026501766784452298,0.09187279151943463,0.0035335689045936395,395.09,0.012843519278096682,-0.07264576096141218,-0.09792684597470214,0.2870615951192447,0.23239772849535154,-0.16816152939194884,NEUTRAL,86.0,38.54,NONE,ACCUMULATION
2022-07-29,VALIDATION,566,0.48586572438162545,0.1519434628975265,0.3621908127208481,0.01060070671378092,0.10424028268551237,0.00530035335689046,411.99,0.08065785332074293,-2.4271844660139763e-05,-0.0677904740355243,0.2950192508648762,0.24091101677647417,-0.13257958564931782,NEUTRAL,86.0,45.66,NONE,ACCUMULATION
2022-08-05,VALIDATION,566,0.45229681978798586,0.15901060070671377,0.38869257950530034,0.014134275618374558,0.07420494699646643,0.0017667844522968198,413.47,0.0638073429901973,0.005178198084309971,-0.07851571205705365,0.29502154037455874,0.2397157446374173,-0.12946353377126485,BULLISH,86.08,51.9,NONE,ACCUMULATION
2022-08-12,VALIDATION,566,0.6113074204946997,0.09717314487632508,0.2915194346289753,0.012367491166077738,0.08480565371024736,0.0,427.1,0.1089761898579702,0.06317833316738031,-0.030331925714026098,0.2962247451279829,0.2436594390428782,-0.10076638032676433,BULLISH,86.08,54.7,NONE,ACCUMULATION
2022-08-19,VALIDATION,566,0.6607773851590106,0.12014134275618374,0.21908127208480566,0.024734982332155476,0.061837455830388695,0.0,422.14,0.0684654129438862,0.08343813361394137,-0.02784238767473468,0.2888144968621012,0.2433938041491982,-0.11120936499915779,BULLISH,86.08,55.96,NONE,ACCUMULATION
2022-08-26,VALIDATION,566,0.44346289752650175,0.3286219081272085,0.22791519434628976,0.030035335689045935,0.022968197879858657,0.007067137809187279,405.31,-0.0162139857763538,-0.02396089197129503,-0.07410622501427755,0.27233778013305626,0.24923392212833304,-0.1466439279097187,BULLISH,86.0,49.15,NONE,NEUTRAL
2022-09-02,VALIDATION,566,0.19257950530035337,0.6166077738515902,0.19081272084805653,0.038869257950530034,0.030035335689045935,0.007067137809187279,392.24,-0.05134592594384124,-0.04457543722901547,-0.09239419672813942,0.27883801396250363,0.2524249797150149,-0.17416203469765867,BEARISH,86.08,52.18,FAILED_BREAKOUT,RE_DISTRIBUTION
2022-09-09,VALIDATION,566,0.31095406360424027,0.5212014134275619,0.16784452296819788,0.019434628975265017,0.0636042402826855,0.0017667844522968198,406.6,-0.047998126902364824,0.04309902514109809,-0.03206608422405788,0.26849934841936113,0.2557051611311908,-0.14392790971871305,BEARISH,86.08,38.38,NONE,NEUTRAL
2022-09-16,VALIDATION,566,0.24381625441696114,0.5759717314487632,0.18021201413427562,0.02120141342756184,0.024734982332155476,0.15371024734982333,385.56,-0.08665371677642486,0.05384573334062215,-0.13263745163322227,0.25882973233456896,0.2502844919097275,-0.18822637695805955,STRONG_BEARISH,86.08,39.84,NONE,RE_DISTRIBUTION
2022-09-23,VALIDATION,566,0.04770318021201413,0.7455830388692579,0.2067137809187279,0.015901060070671377,0.012367491166077738,0.028268551236749116,367.95,-0.09217635883644626,-0.056731952420016385,-0.18719211822660098,0.23950673381364113,0.2542631430751494,-0.22530318342597266,STRONG_BEARISH,86.0,55.35,BREAKOUT_CONFIRMED,RE_DISTRIBUTION
2022-09-30,VALIDATION,566,0.03180212014134275,0.8303886925795053,0.13780918727915195,0.09717314487632508,0.019434628975265017,0.019434628975265017,357.18,-0.08938405058127674,-0.0631098520616934,-0.21138390885807645,0.2420921436555675,0.25583270940010594,-0.2479787771601819,STRONG_BEARISH,86.0,53.33,BREAKDOWN_SETUP,RE_DISTRIBUTION
2022-10-07,VALIDATION,567,0.14991181657848324,0.7760141093474426,0.07407407407407407,0.054673721340388004,0.008818342151675485,0.005291005291005291,362.79,-0.10774717166748649,-0.06658604986235106,-0.1894228835712849,0.2405827842405471,0.2580400804500933,-0.2361672561899949,STRONG_BEARISH,86.08,42.27,NONE,DISTRIBUTION
2022-10-14,VALIDATION,567,0.13051146384479717,0.7901234567901234,0.07936507936507936,0.019400352733686066,0.02821869488536155,0.003527336860670194,357.63,-0.0724400871459695,-0.07140446083140761,-0.18310148701432194,0.24119912816654018,0.2573781223524639,-0.24703132895401714,STRONG_BEARISH,86.08,53.88,FAILED_BREAKOUT,DISTRIBUTION
2022-10-21,VALIDATION,567,0.164021164021164,0.673721340388007,0.16225749559082892,0.015873015873015872,0.07583774250440917,0.003527336860670194,374.29,0.0172306019839652,-0.05264623250398637,-0.12146746784339502,0.2558651033534796,0.2664737285714982,-0.21195469092134067,STRONG_BEARISH,86.08,41.13,NONE,NEUTRAL
2022-10-28,VALIDATION,567,0.328042328042328,0.2786596119929453,0.3932980599647266,0.019400352733686066,0.08465608465608465,0.007054673721340388,389.02,0.08914272915616772,-0.05575378043156398,-0.0557766990291263,0.25325849572160875,0.2699082659557585,-0.18094155297288195,NEUTRAL,86.0,38.36,NONE,RE_ACCUMULATION
2022-11-04,VALIDATION,568,0.3573943661971831,0.3626760563380282,0.27992957746478875,0.01936619718309859,0.061619718309859156,0.014084507042253521,376.35,0.037376994955759635,-0.08977676735917961,-0.08506345115962455,0.2589273116785263,0.2734541462139281,-0.20761748357756438,BEARISH,86.08,49.15,NONE,NEUTRAL
2022-11-11,VALIDATION,568,0.5,0.20246478873239437,0.2975352112676056,0.02992957746478873,0.10915492957746478,0.0017605633802816902,398.51,0.1143080837737327,-0.06693982673846877,-0.007990640246938296,0.28039246871860374,0.28502981610215333,-0.1609609230250968,NEUTRAL,86.08,38.74,NONE,RE_ACCUMULATION
2022-11-18,VALIDATION,568,0.49471830985915494,0.14084507042253522,0.3644366197183099,0.03345070422535211,0.0721830985915493,0.0017605633802816902,396.03,0.058083304389644264,-0.0618515184535936,0.016425839899391725,0.2800169968243966,0.2816902223253523,-0.16618241536129363,NEUTRAL,86.08,38.33,NONE,NEUTRAL
2022-11-25,VALIDATION,568,0.6161971830985915,0.13028169014084506,0.2535211267605634,0.01584507042253521,0.08274647887323944,0.0,402.33,0.03421417921957737,-0.007352396930744409,-0.031137118913451833,0.27132037166522865,0.26637967411098207,-0.15291814047498742,NEUTRAL,86.0,50.65,NONE,NEUTRAL
2022-12-02,VALIDATION,568,0.698943661971831,0.10387323943661972,0.19718309859154928,0.02112676056338028,0.0721830985915493,0.0,406.91,0.08120100969841904,0.037400571078931355,-0.008842012958542367,0.26268593660905687,0.2664030923432826,-0.1432752231766885,BULLISH,86.08,58.8,NONE,ACCUMULATION
2022-12-09,VALIDATION,568,0.5721830985915493,0.20950704225352113,0.21830985915492956,0.03345070422535211,0.02992957746478873,0.0017605633802816902,393.28,-0.013123886477127367,-0.0327594687653715,0.008927655207798812,0.2617438688917934,0.26067309618053675,-0.17197237662118914,BULLISH,86.08,51.64,NONE,NEUTRAL
2022-12-16,VALIDATION,568,0.40669014084507044,0.3274647887323944,0.2658450704225352,0.02464788732394366,0.040492957746478875,0.0528169014084507,383.27,-0.03221978132969727,-0.0059394128021579284,0.047586508500519153,0.24480280079139413,0.24739418315622794,-0.19304783560720906,BEARISH,86.08,42.17,NONE,NEUTRAL
2022-12-23,VALIDATION,568,0.3591549295774648,0.3996478873239437,0.24119718309859156,0.014084507042253521,0.03697183098591549,0.0,382.91,-0.04826883404170701,0.040657698056801195,-0.018380844954880904,0.22404972494849798,0.22888109843880192,-0.19380579417214072,BEARISH,85.92,39.47,NONE,RE_DISTRIBUTION
2022-12-30,VALIDATION,569,0.3462214411247803,0.4130052724077329,0.24077328646748683,0.019332161687170474,0.026362038664323375,0.0,382.43,-0.06016072350151147,0.07069264796461172,0.0031213933480223055,0.21302188612251122,0.22650701448317936,-0.17949323092106673,STRONG_BEARISH,86.0,37.79,NONE,RE_DISTRIBUTION
