symbol,relative_path,sha256,fieldnames,date_candidates,close_candidates
A,research_data/m77_19_7_2/symbol_specific_polygon_replay_materialization/daily_bars/A.daily.csv.gz,343e2597d0673ba4643dd12fd4d5bb4404d9976dd7f06c32c7294552bb391989,session_date|open|high|low|close|volume|vwap|transactions,session_date,close
AAPL,research_data/m77_19_7_2/symbol_specific_polygon_replay_materialization/daily_bars/AAPL.daily.csv.gz,fd6280df30da99e8ec78687a32b87345369342917524da89d58176773c4f0b30,session_date|open|high|low|close|volume|vwap|transactions,session_date,close
ABBV,research_data/m77_19_7_2/symbol_specific_polygon_replay_materialization/daily_bars/ABBV.daily.csv.gz,74018d92bd6fd31d558bdf560aff0763e30a12353a0388d2680c501e6843df0f,session_date|open|high|low|close|volume|vwap|transactions,session_date,close
ABNB,research_data/m77_19_7_2/symbol_specific_polygon_replay_materialization/daily_bars/ABNB.daily.csv.gz,1c97409c1f59030e1be5ffccdc457976e4975fb750b2e43f39f982a1df621d32,session_date|open|high|low|close|volume|vwap|transactions,session_date,close
ABT,research_data/m77_19_7_2/symbol_specific_polygon_replay_materialization/daily_bars/ABT.daily.csv.gz,5fff59f165586936500c5232f7c8fd7c731f083863cdab65c10ec88b6cefd9d4,session_date|open|high|low|close|volume|vwap|transactions,session_date,close
ACGL,research_data/m77_19_7_2/symbol_specific_polygon_replay_materialization/daily_bars/ACGL.daily.csv.gz,cd6a7c0911ba708d98904b25b66a5a046f6f3dd428deb875aed8c00e297948a1,session_date|open|high|low|close|volume|vwap|transactions,session_date,close
ACN,research_data/m77_19_7_2/symbol_specific_polygon_replay_materialization/daily_bars/ACN.daily.csv.gz,a426689dfa5cc131cb4c913071cb7f98f9138e2412f7d45fb059f6174c580cf4,session_date|open|high|low|close|volume|vwap|transactions,session_date,close
ADBE,research_data/m77_19_7_2/symbol_specific_polygon_replay_materialization/daily_bars/ADBE.daily.csv.gz,ee6d23cbe58cd60511d126685dd3d282cede60e48411a25ae679fdea9365895e,session_date|open|high|low|close|volume|vwap|transactions,session_date,close
ADI,research_data/m77_19_7_2/symbol_specific_polygon_replay_materialization/daily_bars/ADI.daily.csv.gz,338abd5fa6bf6e3ffce105dd8cf1b3237a7542508baf930b1a9319ef44d13bfa,session_date|open|high|low|close|volume|vwap|transactions,session_date,close
ADM,research_data/m77_19_7_2/symbol_specific_polygon_replay_materialization/daily_bars/ADM.daily.csv.gz,36bef5cbb802e3a632702eea9927ba8b39cbc032f6bfe0d855b76ba7064863e1,session_date|open|high|low|close|volume|vwap|transactions,session_date,close
ADP,research_data/m77_19_7_2/symbol_specific_polygon_replay_materialization/daily_bars/ADP.daily.csv.gz,45cfecffe38161b9c4df95d5d42468391442cbe2fa92f974ba1494876df27a21,session_date|open|high|low|close|volume|vwap|transactions,session_date,close
ADSK,research_data/m77_19_7_2/symbol_specific_polygon_replay_materialization/daily_bars/ADSK.daily.csv.gz,148ec1ef676b4eece35dd043de0c8e5ecea8b8bc05dc3bc4102f95d2d5147e82,session_date|open|high|low|close|volume|vwap|transactions,session_date,close
AEE,research_data/m77_19_7_2/symbol_specific_polygon_replay_materialization/daily_bars/AEE.daily.csv.gz,9af5feef2a3632c66a1b92cfa94e682b2dbc2c69252338a1b489021a13b47d35,session_date|open|high|low|close|volume|vwap|transactions,session_date,close
AEP,research_data/m77_19_7_2/symbol_specific_polygon_replay_materialization/daily_bars/AEP.daily.csv.gz,86888c93084df62493d2028ec129a8a00dc6f1d40b8f5555c254b383318619c0,session_date|open|high|low|close|volume|vwap|transactions,session_date,close
AES,research_data/m77_19_7_2/symbol_specific_polygon_replay_materialization/daily_bars/AES.daily.csv.gz,000511d364512463149bfc6901b6889197a23b0255b6865b050141560abf4b44,session_date|open|high|low|close|volume|vwap|transactions,session_date,close
AFL,research_data/m77_19_7_2/symbol_specific_polygon_replay_materialization/daily_bars/AFL.daily.csv.gz,6b1b783be9ef224b24ee9cba807d35cc12550842513096eb2da54eda269d7ea5,session_date|open|high|low|close|volume|vwap|transactions,session_date,close
AGG,research_data/m77_19_7_2/symbol_specific_polygon_replay_materialization/daily_bars/AGG.daily.csv.gz,2abf668149f970f210b2f2a4b5f29c853e45edb0e1e41a6dec0634dafc060d1f,session_date|open|high|low|close|volume|vwap|transactions,session_date,close
AIG,research_data/m77_19_7_2/symbol_specific_polygon_replay_materialization/daily_bars/AIG.daily.csv.gz,5bd20a7ae2fb71899684c2c7d7971a3f8cf26d4ee9aab509f1b48ff20befd21a,session_date|open|high|low|close|volume|vwap|transactions,session_date,close
AIZ,research_data/m77_19_7_2/symbol_specific_polygon_replay_materialization/daily_bars/AIZ.daily.csv.gz,b49457edd0ffbc264badbc169eccadd3d59a1bd56623ce458bbc465d8a8568e0,session_date|open|high|low|close|volume|vwap|transactions,session_date,close
AJG,research_data/m77_19_7_2/symbol_specific_polygon_replay_materialization/daily_bars/AJG.daily.csv.gz,27f084241879272117511e1c583c7b1b3a663faf8cd8a95b7a2f09cf472c59f6,session_date|open|high|low|close|volume|vwap|transactions,session_date,close
AKAM,research_data/m77_19_7_2/symbol_specific_polygon_replay_materialization/daily_bars/AKAM.daily.csv.gz,78370628d7c5424d40d7ef74e70828ea7d4f18b15c0be1a3cbb42357c01493e7,session_date|open|high|low|close|volume|vwap|transactions,session_date,close
ALAB,research_data/m77_19_7_2/symbol_specific_polygon_replay_materialization/daily_bars/ALAB.daily.csv.gz,51e925493eabb29ce2e00c4941a78867bc762108df7f4912e1263ec45545c171,session_date|open|high|low|close|volume|vwap|transactions,session_date,close
ALB,research_data/m77_19_7_2/symbol_specific_polygon_replay_materialization/daily_bars/ALB.daily.csv.gz,be4c36430b41fe9add73723643d236b80e531ddd80e1ab6fe8a6368eb7d8841f,session_date|open|high|low|close|volume|vwap|transactions,session_date,close
ALGN,research_data/m77_19_7_2/symbol_specific_polygon_replay_materialization/daily_bars/ALGN.daily.csv.gz,54b7ddfe7b6838d5a13a0c2ce071c473f04f8f91f9d100cb1210d3a408ff63be,session_date|open|high|low|close|volume|vwap|transactions,session_date,close
ALL,research_data/m77_19_7_2/symbol_specific_polygon_replay_materialization/daily_bars/ALL.daily.csv.gz,6598116e9d68d1cd07034a3388e87c1c165349dd9351bddce0f1937eab2b41e6,session_date|open|high|low|close|volume|vwap|transactions,session_date,close
ALLE,research_data/m77_19_7_2/symbol_specific_polygon_replay_materialization/daily_bars/ALLE.daily.csv.gz,926fdf5893fe8b80e7ac8a8e3a10f41b26621c123c8bf173ae321c100aab5b06,session_date|open|high|low|close|volume|vwap|transactions,session_date,close
ALNY,research_data/m77_19_7_2/symbol_specific_polygon_replay_materialization/daily_bars/ALNY.daily.csv.gz,1f6cd03081097cf13c8af2dd545bbcb12ef1a2e7523ff81a8c32729fd2c67b80,session_date|open|high|low|close|volume|vwap|transactions,session_date,close
AMAT,research_data/m77_19_7_2/symbol_specific_polygon_replay_materialization/daily_bars/AMAT.daily.csv.gz,2b0889ed4cdf423dd5f9d823c5655ca624a31d33a66506b029db294f9172df9e,session_date|open|high|low|close|volume|vwap|transactions,session_date,close
AMCR,research_data/m77_19_7_2/symbol_specific_polygon_replay_materialization/daily_bars/AMCR.daily.csv.gz,606d5f7645c4eaef3417deb394e458c1bbb952333321d944e0b1e27132a4de06,session_date|open|high|low|close|volume|vwap|transactions,session_date,close
AMD,research_data/m77_19_7_2/symbol_specific_polygon_replay_materialization/daily_bars/AMD.daily.csv.gz,b2b1afae6e2a6c045888d7804ee1326de2321d7ef04a98953946e76be4794fbc,session_date|open|high|low|close|volume|vwap|transactions,session_date,close
AME,research_data/m77_19_7_2/symbol_specific_polygon_replay_materialization/daily_bars/AME.daily.csv.gz,590ffe7332dd3adc3a430a16afa878fb5c94b4eab938b0d9b6e66a8cb2e5e887,session_date|open|high|low|close|volume|vwap|transactions,session_date,close
AMGN,research_data/m77_19_7_2/symbol_specific_polygon_replay_materialization/daily_bars/AMGN.daily.csv.gz,29f7122795aed2be08a5a34fddfb56b196c4ffd64c4187874f664642cebc4115,session_date|open|high|low|close|volume|vwap|transactions,session_date,close
AMP,research_data/m77_19_7_2/symbol_specific_polygon_replay_materialization/daily_bars/AMP.daily.csv.gz,ecfae070f257f648b8d406465904a55eaa7dfbc7b7950707fafcca3220650f3a,session_date|open|high|low|close|volume|vwap|transactions,session_date,close
AMT,research_data/m77_19_7_2/symbol_specific_polygon_replay_materialization/daily_bars/AMT.daily.csv.gz,2cb0e6387bf09ed6d0f88366342ac0b9f034d6e1ea1b188def95ee427002c76a,session_date|open|high|low|close|volume|vwap|transactions,session_date,close
AMZN,research_data/m77_19_7_2/symbol_specific_polygon_replay_materialization/daily_bars/AMZN.daily.csv.gz,86ed5b2318fae28eb4ff56c9be6f333f80080bf27f29bc4264adc2baccddb386,session_date|open|high|low|close|volume|vwap|transactions,session_date,close
ANET,research_data/m77_19_7_2/symbol_specific_polygon_replay_materialization/daily_bars/ANET.daily.csv.gz,af0fcdcb4735fa1e22a2f6b9cd68bfe8d74902f3a76af1d0129888a2d48e5292,session_date|open|high|low|close|volume|vwap|transactions,session_date,close
AON,research_data/m77_19_7_2/symbol_specific_polygon_replay_materialization/daily_bars/AON.daily.csv.gz,408a94f7bce40fb2789baabdf40c08a7c7bafc2d5894107e538e49ec9fd3d5dc,session_date|open|high|low|close|volume|vwap|transactions,session_date,close
AOS,research_data/m77_19_7_2/symbol_specific_polygon_replay_materialization/daily_bars/AOS.daily.csv.gz,6cd440179807a50e9a58eca3ae49190d1ab0390388165ab4d61fc06ba29f6eab,session_date|open|high|low|close|volume|vwap|transactions,session_date,close
APA,research_data/m77_19_7_2/symbol_specific_polygon_replay_materialization/daily_bars/APA.daily.csv.gz,d0f1e18b1755932f40e75af6e509ac153794cc5fe8ec634eb64a8ed93391dbe3,session_date|open|high|low|close|volume|vwap|transactions,session_date,close
APD,research_data/m77_19_7_2/symbol_specific_polygon_replay_materialization/daily_bars/APD.daily.csv.gz,83d20f7f828c1d8585ea0a86c27fd0988a920b9e9bd5b9a25e8fb7aead6aac39,session_date|open|high|low|close|volume|vwap|transactions,session_date,close
APH,research_data/m77_19_7_2/symbol_specific_polygon_replay_materialization/daily_bars/APH.daily.csv.gz,e5d5fd9dc49dc340ca9b74af470f005ec9966de98c9857da9fecd23c850c98e3,session_date|open|high|low|close|volume|vwap|transactions,session_date,close
APO,research_data/m77_19_7_2/symbol_specific_polygon_replay_materialization/daily_bars/APO.daily.csv.gz,6ad82701498da5d77f7bc230a8ebec9b163010f4313c1e41608bfd2b43d87eb9,session_date|open|high|low|close|volume|vwap|transactions,session_date,close
APP,research_data/m77_19_7_2/symbol_specific_polygon_replay_materialization/daily_bars/APP.daily.csv.gz,d3f7feb10dc8f5fc3e0a274963e7c9aa9d0802ff2a4c1e7310d7035283f98584,session_date|open|high|low|close|volume|vwap|transactions,session_date,close
APTV,research_data/m77_19_7_2/symbol_specific_polygon_replay_materialization/daily_bars/APTV.daily.csv.gz,7780c2fc5a36282647acfd70d1a3e7c55dfa91e11384352bdd28ef317e245127,session_date|open|high|low|close|volume|vwap|transactions,session_date,close
ARE,research_data/m77_19_7_2/symbol_specific_polygon_replay_materialization/daily_bars/ARE.daily.csv.gz,63c84ab13e41def9b699f0dbb1bb3c3f4df7b8b1d91cbef6f1a383a8c96fc655,session_date|open|high|low|close|volume|vwap|transactions,session_date,close
ARES,research_data/m77_19_7_2/symbol_specific_polygon_replay_materialization/daily_bars/ARES.daily.csv.gz,4e901a34314b729e16214a904538788531b2a76ed99232cdbfecdbf09f55ce05,session_date|open|high|low|close|volume|vwap|transactions,session_date,close
ARKK,research_data/m77_19_7_2/symbol_specific_polygon_replay_materialization/daily_bars/ARKK.daily.csv.gz,9ca9f3818a725869f445e8f24f03308249dd424bd0b828a9bc2927ef6028aba7,session_date|open|high|low|close|volume|vwap|transactions,session_date,close
ARM,research_data/m77_19_7_2/symbol_specific_polygon_replay_materialization/daily_bars/ARM.daily.csv.gz,1a383dd42705e60c5ae9beaf4506d72867f32dba527b4a13c0886628416499a4,session_date|open|high|low|close|volume|vwap|transactions,session_date,close
ASML,research_data/m77_19_7_2/symbol_specific_polygon_replay_materialization/daily_bars/ASML.daily.csv.gz,133323f1572186cd407ec5228dcaa4a37ea85690b1e8e31e5db4a568fe61d04d,session_date|open|high|low|close|volume|vwap|transactions,session_date,close
ATO,research_data/m77_19_7_2/symbol_specific_polygon_replay_materialization/daily_bars/ATO.daily.csv.gz,686c602cb98646316716946af38cb9df5c9e0c3de4232f4b9f526e72500e9315,session_date|open|high|low|close|volume|vwap|transactions,session_date,close
AVB,research_data/m77_19_7_2/symbol_specific_polygon_replay_materialization/daily_bars/AVB.daily.csv.gz,34ff97669b7066073343ea39642937585941e97ad9430ed22be2bee2f79a3499,session_date|open|high|low|close|volume|vwap|transactions,session_date,close
AVGO,research_data/m77_19_7_2/symbol_specific_polygon_replay_materialization/daily_bars/AVGO.daily.csv.gz,3cd0ed258956840efd216942a1f67c6f7a477675c1bdca331dfeaf619de0230e,session_date|open|high|low|close|volume|vwap|transactions,session_date,close
AVY,research_data/m77_19_7_2/symbol_specific_polygon_replay_materialization/daily_bars/AVY.daily.csv.gz,a94ac5532ee559afbb6367fe0dbb69d39157dfc4054fab5e62234d2c5b60a9ef,session_date|open|high|low|close|volume|vwap|transactions,session_date,close
AWK,research_data/m77_19_7_2/symbol_specific_polygon_replay_materialization/daily_bars/AWK.daily.csv.gz,f654d3f5e60df8e3e3cfb4e362a9722d97cd960503eb0350f41e09a9121342db,session_date|open|high|low|close|volume|vwap|transactions,session_date,close
AXON,research_data/m77_19_7_2/symbol_specific_polygon_replay_materialization/daily_bars/AXON.daily.csv.gz,8e5d9d07567da7d13e02ff29fe0f73967e29d70fec12cac63d5712360096416e,session_date|open|high|low|close|volume|vwap|transactions,session_date,close
AXP,research_data/m77_19_7_2/symbol_specific_polygon_replay_materialization/daily_bars/AXP.daily.csv.gz,277880567648a1c3f6a1de39d523cc30381b2106b87fe5d6cd3125a7b0bc462c,session_date|open|high|low|close|volume|vwap|transactions,session_date,close
AZO,research_data/m77_19_7_2/symbol_specific_polygon_replay_materialization/daily_bars/AZO.daily.csv.gz,d1c49ca4ac1d955cf1033a2b90ba91014774e66895a7a2a738c2fdf2df634419,session_date|open|high|low|close|volume|vwap|transactions,session_date,close
BA,research_data/m77_19_7_2/symbol_specific_polygon_replay_materialization/daily_bars/BA.daily.csv.gz,bd39f9cf1e3364a4cb3d963a81cb5bb0534803d2f6e79a4b81edd38579a40432,session_date|open|high|low|close|volume|vwap|transactions,session_date,close
BAC,research_data/m77_19_7_2/symbol_specific_polygon_replay_materialization/daily_bars/BAC.daily.csv.gz,8cb2293ddc81ab1b4de126e11ff0261dc5266b65769615e415ff43156c24c58c,session_date|open|high|low|close|volume|vwap|transactions,session_date,close
BALL,research_data/m77_19_7_2/symbol_specific_polygon_replay_materialization/daily_bars/BALL.daily.csv.gz,8f4b036898ba2e1b01768757384110b5f3173361e8537459138d98d069c32ce2,session_date|open|high|low|close|volume|vwap|transactions,session_date,close
BAX,research_data/m77_19_7_2/symbol_specific_polygon_replay_materialization/daily_bars/BAX.daily.csv.gz,0f9f81e7ae52c8dc04294588784545c308e87ed3251930dd936c539f191d6f8f,session_date|open|high|low|close|volume|vwap|transactions,session_date,close
BBY,research_data/m77_19_7_2/symbol_specific_polygon_replay_materialization/daily_bars/BBY.daily.csv.gz,7df3f1c9b34d250ebf5e2769f3af6b8088680092a4e5f4255cd8ae8ac39c79d8,session_date|open|high|low|close|volume|vwap|transactions,session_date,close
BDX,research_data/m77_19_7_2/symbol_specific_polygon_replay_materialization/daily_bars/BDX.daily.csv.gz,3fe3704c08aa6fc0f42091037af479595f3efd86555e7ea9af12482cb6351a22,session_date|open|high|low|close|volume|vwap|transactions,session_date,close
BEN,research_data/m77_19_7_2/symbol_specific_polygon_replay_materialization/daily_bars/BEN.daily.csv.gz,9df24920ab1e1fa567de26ed11627085818a415efb75d5c147862e523392dd6e,session_date|open|high|low|close|volume|vwap|transactions,session_date,close
BF.B,research_data/m77_19_7_2/symbol_specific_polygon_replay_materialization/daily_bars/BF.B.daily.csv.gz,c1a9ab30dbdf6d111dea00f8ee69994e5a8665fdc03d10f165c96d404a604ebe,session_date|open|high|low|close|volume|vwap|transactions,session_date,close
BG,research_data/m77_19_7_2/symbol_specific_polygon_replay_materialization/daily_bars/BG.daily.csv.gz,4be512fcb123806815e1051e9f26696677ffc1b65a15d6b4b8d7e8446da1fc1a,session_date|open|high|low|close|volume|vwap|transactions,session_date,close
BIIB,research_data/m77_19_7_2/symbol_specific_polygon_replay_materialization/daily_bars/BIIB.daily.csv.gz,6054f729b9de2dba19daee319bc9afe8552cd6994fed6d04d3523466481437a4,session_date|open|high|low|close|volume|vwap|transactions,session_date,close
BITO,research_data/m77_19_7_2/symbol_specific_polygon_replay_materialization/daily_bars/BITO.daily.csv.gz,81fcb1619d52ee3474ebed8178a8cbad6ef0c3b8e7b919dd27bcef342c4b0fc1,session_date|open|high|low|close|volume|vwap|transactions,session_date,close
BKNG,research_data/m77_19_7_2/symbol_specific_polygon_replay_materialization/daily_bars/BKNG.daily.csv.gz,c6aaaf1e2c0265d0d15d6f97f46dd44a0808ac1dbf137de0657eab8f49a52544,session_date|open|high|low|close|volume|vwap|transactions,session_date,close
BKR,research_data/m77_19_7_2/symbol_specific_polygon_replay_materialization/daily_bars/BKR.daily.csv.gz,46eab48a0118b78570808f520c570c597c2f4751efeebbfb44b018dcbe9bff9e,session_date|open|high|low|close|volume|vwap|transactions,session_date,close
BLDR,research_data/m77_19_7_2/symbol_specific_polygon_replay_materialization/daily_bars/BLDR.daily.csv.gz,cda3e8389f39b166f9e4596fdd698b24fc473b315dfc8e11b76c3a18a582e85d,session_date|open|high|low|close|volume|vwap|transactions,session_date,close
BLK,research_data/m77_19_7_2/symbol_specific_polygon_replay_materialization/daily_bars/BLK.daily.csv.gz,2f850a2439695bb83293d6924494bf91cd6df9c62048b40d037802258ce92802,session_date|open|high|low|close|volume|vwap|transactions,session_date,close
BMY,research_data/m77_19_7_2/symbol_specific_polygon_replay_materialization/daily_bars/BMY.daily.csv.gz,ab31304e20069217af296d1cee2220900736b51001bbb1e88a102890146bc8fa,session_date|open|high|low|close|volume|vwap|transactions,session_date,close
BND,research_data/m77_19_7_2/symbol_specific_polygon_replay_materialization/daily_bars/BND.daily.csv.gz,ffb744050f5f511c143b0d677fe4946a91861964839f50b18523b0fefdca2ae7,session_date|open|high|low|close|volume|vwap|transactions,session_date,close
BR,research_data/m77_19_7_2/symbol_specific_polygon_replay_materialization/daily_bars/BR.daily.csv.gz,33705b13789924fca27c0c4b2a08957bd694803c47c96d7bee6ddb8ff4dd0dd0,session_date|open|high|low|close|volume|vwap|transactions,session_date,close
BRK.B,research_data/m77_19_7_2/symbol_specific_polygon_replay_materialization/daily_bars/BRK.B.daily.csv.gz,efbc8cae1edf10c8edd5bc6c545250e895906b9bf6d45f5ddc4c119f9fa604c9,session_date|open|high|low|close|volume|vwap|transactions,session_date,close
BRO,research_data/m77_19_7_2/symbol_specific_polygon_replay_materialization/daily_bars/BRO.daily.csv.gz,e32b5f6b4168972f83ac196ed97c9888e6ce67b5c01a4bf3653c1448db22d65e,session_date|open|high|low|close|volume|vwap|transactions,session_date,close
BSX,research_data/m77_19_7_2/symbol_specific_polygon_replay_materialization/daily_bars/BSX.daily.csv.gz,b3c51268bfe339a72999a0dac2fe19ce8d80b85505bdbb9b1cde24a42e69c115,session_date|open|high|low|close|volume|vwap|transactions,session_date,close
BX,research_data/m77_19_7_2/symbol_specific_polygon_replay_materialization/daily_bars/BX.daily.csv.gz,14fe3bd88676a8ef0ef2e15ed1496979e3cf86f3ecf266ea1ff991d5c91d10c7,session_date|open|high|low|close|volume|vwap|transactions,session_date,close
BXP,research_data/m77_19_7_2/symbol_specific_polygon_replay_materialization/daily_bars/BXP.daily.csv.gz,90b0d39547350207162f3c07bf38813c716efbb0fc228c7dbe9946eac5a1407f,session_date|open|high|low|close|volume|vwap|transactions,session_date,close
C,research_data/m77_19_7_2/symbol_specific_polygon_replay_materialization/daily_bars/C.daily.csv.gz,a83ab2952688149d6821993ce6c462daef37a4ffbc8258522486c79c6ddb9214,session_date|open|high|low|close|volume|vwap|transactions,session_date,close
CAH,research_data/m77_19_7_2/symbol_specific_polygon_replay_materialization/daily_bars/CAH.daily.csv.gz,f20d838bf875ea006dc195bb005859cae441cebd90f2b257c47ed8d41975b57c,session_date|open|high|low|close|volume|vwap|transactions,session_date,close
CARR,research_data/m77_19_7_2/symbol_specific_polygon_replay_materialization/daily_bars/CARR.daily.csv.gz,852d5b0353f297f677f8ba0b2db53c833a4e625d721d056a445356ecae283201,session_date|open|high|low|close|volume|vwap|transactions,session_date,close
CASY,research_data/m77_19_7_2/symbol_specific_polygon_replay_materialization/daily_bars/CASY.daily.csv.gz,c682efaa95a2680c6bb9d67609b6f12aef12b300d99e0069c17af6839e7411e8,session_date|open|high|low|close|volume|vwap|transactions,session_date,close
CAT,research_data/m77_19_7_2/symbol_specific_polygon_replay_materialization/daily_bars/CAT.daily.csv.gz,3730fa004e841e286f3c80d9c4a77162244054a840974ebe600356c087001e7e,session_date|open|high|low|close|volume|vwap|transactions,session_date,close
CB,research_data/m77_19_7_2/symbol_specific_polygon_replay_materialization/daily_bars/CB.daily.csv.gz,8405fa7ef66ccfc8c1a896473f2f957e429eb72b3feac9365ad910a75fa9950c,session_date|open|high|low|close|volume|vwap|transactions,session_date,close
CBOE,research_data/m77_19_7_2/symbol_specific_polygon_replay_materialization/daily_bars/CBOE.daily.csv.gz,2a2a2363190ee82796f72cfb87c48e5a363b657fd73e241d927c309f0b9b861e,session_date|open|high|low|close|volume|vwap|transactions,session_date,close
CBRE,research_data/m77_19_7_2/symbol_specific_polygon_replay_materialization/daily_bars/CBRE.daily.csv.gz,69438cfe5671c48b28ef9f77b2cfbdd32df74a9f92e74f372fbebb8191b05b78,session_date|open|high|low|close|volume|vwap|transactions,session_date,close
CCEP,research_data/m77_19_7_2/symbol_specific_polygon_replay_materialization/daily_bars/CCEP.daily.csv.gz,cb5ccbd15305ea732d6654c229272f98819b56c06857dde3113ecc921820f34a,session_date|open|high|low|close|volume|vwap|transactions,session_date,close
CCI,research_data/m77_19_7_2/symbol_specific_polygon_replay_materialization/daily_bars/CCI.daily.csv.gz,019d0df9b77964aea8415a7dff76925401af9b07eb1b9abacb8eaf45f0e29212,session_date|open|high|low|close|volume|vwap|transactions,session_date,close
CCL,research_data/m77_19_7_2/symbol_specific_polygon_replay_materialization/daily_bars/CCL.daily.csv.gz,fbb1dcc189db395e0f1f6e20896960709996d82085f15ff101355b8a349806cd,session_date|open|high|low|close|volume|vwap|transactions,session_date,close
CDNS,research_data/m77_19_7_2/symbol_specific_polygon_replay_materialization/daily_bars/CDNS.daily.csv.gz,04918709e17d65fc06fc0324829bf7d780afc2eef827b587fab1737967262f72,session_date|open|high|low|close|volume|vwap|transactions,session_date,close
CDW,research_data/m77_19_7_2/symbol_specific_polygon_replay_materialization/daily_bars/CDW.daily.csv.gz,7df3530e87c7cbb9b643b00e9e6a6ffbc3275d0d7ad1e68099a984fb3c42d6f1,session_date|open|high|low|close|volume|vwap|transactions,session_date,close
CEG,research_data/m77_19_7_2/symbol_specific_polygon_replay_materialization/daily_bars/CEG.daily.csv.gz,48e17ae97dbc3ad62b26a35eb4beb1d88164f86d78c42ad64882f8144d2c3190,session_date|open|high|low|close|volume|vwap|transactions,session_date,close
CF,research_data/m77_19_7_2/symbol_specific_polygon_replay_materialization/daily_bars/CF.daily.csv.gz,86bac5de5ad40b688c89c0b9ac1f240f90333835f059b9897ca54c733f5016f1,session_date|open|high|low|close|volume|vwap|transactions,session_date,close
CFG,research_data/m77_19_7_2/symbol_specific_polygon_replay_materialization/daily_bars/CFG.daily.csv.gz,d32db39f6ead4e02e6578af6bb4e16962f7d74ea2253558d9153e5732c1f3cae,session_date|open|high|low|close|volume|vwap|transactions,session_date,close
CHD,research_data/m77_19_7_2/symbol_specific_polygon_replay_materialization/daily_bars/CHD.daily.csv.gz,94ba102d1189f294cfb0eb15e9d6bd673dd3379a48a2e849094fb7ddee9a8fb1,session_date|open|high|low|close|volume|vwap|transactions,session_date,close
CHRW,research_data/m77_19_7_2/symbol_specific_polygon_replay_materialization/daily_bars/CHRW.daily.csv.gz,c9da0f0cc1ada3e5bf8ccf5b6b96f378cb0bc868e8a78f536ee31ba495d36b7f,session_date|open|high|low|close|volume|vwap|transactions,session_date,close
CHTR,research_data/m77_19_7_2/symbol_specific_polygon_replay_materialization/daily_bars/CHTR.daily.csv.gz,6329eac2c89b96ce59eda2bfa67482b01677f30ef5c7249471cdb86ecaae2b44,session_date|open|high|low|close|volume|vwap|transactions,session_date,close
CI,research_data/m77_19_7_2/symbol_specific_polygon_replay_materialization/daily_bars/CI.daily.csv.gz,b9ebc5a074ff7e4ff86911d65d8863eaea01495852a07071d57ca7d781793d6b,session_date|open|high|low|close|volume|vwap|transactions,session_date,close
CIBR,research_data/m77_19_7_2/symbol_specific_polygon_replay_materialization/daily_bars/CIBR.daily.csv.gz,8b39f3e6c75c2666004cb10ac445d86ceb0750a010be9d5b63857e252c200b86,session_date|open|high|low|close|volume|vwap|transactions,session_date,close
CIEN,research_data/m77_19_7_2/symbol_specific_polygon_replay_materialization/daily_bars/CIEN.daily.csv.gz,d583dc3b5d1a1cf7e5e84d23d029caf72edcbd87601a46c7e573b225b0095316,session_date|open|high|low|close|volume|vwap|transactions,session_date,close
CINF,research_data/m77_19_7_2/symbol_specific_polygon_replay_materialization/daily_bars/CINF.daily.csv.gz,9b97b90a6bb033987f0240ddf3ee9246325fe08ff366eaffcbbf47d715ec889a,session_date|open|high|low|close|volume|vwap|transactions,session_date,close
CL,research_data/m77_19_7_2/symbol_specific_polygon_replay_materialization/daily_bars/CL.daily.csv.gz,79493392cb9dd3db9a43f81b6bd44f373f84a7e9f3f7d1a5a4e2a049b508b495,session_date|open|high|low|close|volume|vwap|transactions,session_date,close
CLX,research_data/m77_19_7_2/symbol_specific_polygon_replay_materialization/daily_bars/CLX.daily.csv.gz,a0b86e0c2e61de0b36bbfcb0f5d7966121613194db95fe5f6e1ef5688b313c75,session_date|open|high|low|close|volume|vwap|transactions,session_date,close
CMCSA,research_data/m77_19_7_2/symbol_specific_polygon_replay_materialization/daily_bars/CMCSA.daily.csv.gz,44229d5d6999633dbe3ce3d6c281b9b8805c3bd0608ad575b3165244b77d37d9,session_date|open|high|low|close|volume|vwap|transactions,session_date,close
CME,research_data/m77_19_7_2/symbol_specific_polygon_replay_materialization/daily_bars/CME.daily.csv.gz,a99c98c3595f7c0959cb551ac9906251cb8d285e222672e00a23960d5fb735a1,session_date|open|high|low|close|volume|vwap|transactions,session_date,close
CMG,research_data/m77_19_7_2/symbol_specific_polygon_replay_materialization/daily_bars/CMG.daily.csv.gz,49d8e0d28b708fef96f164b604bcf95994d373d577d5ce13fbe801d852d27b81,session_date|open|high|low|close|volume|vwap|transactions,session_date,close
CMI,research_data/m77_19_7_2/symbol_specific_polygon_replay_materialization/daily_bars/CMI.daily.csv.gz,e8c6ea3a5506b6101d560ed6d54c4f0c272f6ed32dc60b41b37ae6a1f60437f1,session_date|open|high|low|close|volume|vwap|transactions,session_date,close
CMS,research_data/m77_19_7_2/symbol_specific_polygon_replay_materialization/daily_bars/CMS.daily.csv.gz,374c23eabe73381021d89a86810bb39ba086585807da35dbdeb1d2608e4f529e,session_date|open|high|low|close|volume|vwap|transactions,session_date,close
CNC,research_data/m77_19_7_2/symbol_specific_polygon_replay_materialization/daily_bars/CNC.daily.csv.gz,81b999e3ef33c8d7be33ee6b11a5b11c851fde168783cf5fa277a719aefe4128,session_date|open|high|low|close|volume|vwap|transactions,session_date,close
CNP,research_data/m77_19_7_2/symbol_specific_polygon_replay_materialization/daily_bars/CNP.daily.csv.gz,e19c26693ec560749a94641b06cd3ed941a5ecc2eed7d2d9738bd8198a419440,session_date|open|high|low|close|volume|vwap|transactions,session_date,close
COF,research_data/m77_19_7_2/symbol_specific_polygon_replay_materialization/daily_bars/COF.daily.csv.gz,364fc96b2bc810bfa6a6e70f471033dd9a776d53d05d834efe7df0cb31971bf1,session_date|open|high|low|close|volume|vwap|transactions,session_date,close
COHR,research_data/m77_19_7_2/symbol_specific_polygon_replay_materialization/daily_bars/COHR.daily.csv.gz,4c55ba3b1ea56af304b8e67073103c78c5b351160a00f57c3f59644417c79648,session_date|open|high|low|close|volume|vwap|transactions,session_date,close
COIN,research_data/m77_19_7_2/symbol_specific_polygon_replay_materialization/daily_bars/COIN.daily.csv.gz,ab037dd1ac3f1533f5b2ef1c1eb8931da09a488bab2c693e1bb19cb9eb2b17ba,session_date|open|high|low|close|volume|vwap|transactions,session_date,close
COO,research_data/m77_19_7_2/symbol_specific_polygon_replay_materialization/daily_bars/COO.daily.csv.gz,c5bca8c3c1936457dac23e7217692762cda917abe0ef058776f695df34db0e42,session_date|open|high|low|close|volume|vwap|transactions,session_date,close
COP,research_data/m77_19_7_2/symbol_specific_polygon_replay_materialization/daily_bars/COP.daily.csv.gz,8cf5496941234c4d221da66d4f393ba5e56cd41b1417349a3f2ad41f89cb8e52,session_date|open|high|low|close|volume|vwap|transactions,session_date,close
COR,research_data/m77_19_7_2/symbol_specific_polygon_replay_materialization/daily_bars/COR.daily.csv.gz,186a6279ef4ea0c8fec227aaa9a1d00a3e37993f8c87e9772e1bb922d351664a,session_date|open|high|low|close|volume|vwap|transactions,session_date,close
COST,research_data/m77_19_7_2/symbol_specific_polygon_replay_materialization/daily_bars/COST.daily.csv.gz,bcc75a1e19de28c456b9443ff4969df49ba52fe6e9287cecda79403074b8a786,session_date|open|high|low|close|volume|vwap|transactions,session_date,close
CPAY,research_data/m77_19_7_2/symbol_specific_polygon_replay_materialization/daily_bars/CPAY.daily.csv.gz,dc5e1b8658971ad9a0cb19e569da1486a0c9fba465997e4d174031d84e69b8c6,session_date|open|high|low|close|volume|vwap|transactions,session_date,close
CPRT,research_data/m77_19_7_2/symbol_specific_polygon_replay_materialization/daily_bars/CPRT.daily.csv.gz,76f7b58d84b7ffae27d222b8c96a3fa9192bae6aa28bdfb39589bce6cf3fa286,session_date|open|high|low|close|volume|vwap|transactions,session_date,close
CPT,research_data/m77_19_7_2/symbol_specific_polygon_replay_materialization/daily_bars/CPT.daily.csv.gz,2dac068291444480d44d51073f8a044e43cb9887c268ef73f218f47c3d991e6d,session_date|open|high|low|close|volume|vwap|transactions,session_date,close
CRH,research_data/m77_19_7_2/symbol_specific_polygon_replay_materialization/daily_bars/CRH.daily.csv.gz,3fc0c8150300e144477a16ac26132a0e07a4e56c56fecff9b9aed11a4973f86a,session_date|open|high|low|close|volume|vwap|transactions,session_date,close
CRL,research_data/m77_19_7_2/symbol_specific_polygon_replay_materialization/daily_bars/CRL.daily.csv.gz,239348daf31e3f44d3333267a1bfdef852f64bdf2be85adb2d5cc1b1f01ff451,session_date|open|high|low|close|volume|vwap|transactions,session_date,close
CRM,research_data/m77_19_7_2/symbol_specific_polygon_replay_materialization/daily_bars/CRM.daily.csv.gz,ca5fab245514b755c8c6fd6c0c75d44cf4e7fea2c6d09cdb0a46c6851c4bf0eb,session_date|open|high|low|close|volume|vwap|transactions,session_date,close
CRWD,research_data/m77_19_7_2/symbol_specific_polygon_replay_materialization/daily_bars/CRWD.daily.csv.gz,eea30009c4775c996f906ef527a9eae9217007c2e4af03000f3f12e9ed55b610,session_date|open|high|low|close|volume|vwap|transactions,session_date,close
CRWV,research_data/m77_19_7_2/symbol_specific_polygon_replay_materialization/daily_bars/CRWV.daily.csv.gz,2b88da792a27025800f640f4766fdd0dcda9eb0c279f6086d3d4ca3dac94b2bc,session_date|open|high|low|close|volume|vwap|transactions,session_date,close
CSCO,research_data/m77_19_7_2/symbol_specific_polygon_replay_materialization/daily_bars/CSCO.daily.csv.gz,3566185be0dfe214a968eee6454f80d8e780df1c4401dbf4cbea1c22e0377910,session_date|open|high|low|close|volume|vwap|transactions,session_date,close
CSGP,research_data/m77_19_7_2/symbol_specific_polygon_replay_materialization/daily_bars/CSGP.daily.csv.gz,a6571a50157114bae0bde32fbfd6f1cec15aa8aadab2896859628e9d740e5ba1,session_date|open|high|low|close|volume|vwap|transactions,session_date,close
CSX,research_data/m77_19_7_2/symbol_specific_polygon_replay_materialization/daily_bars/CSX.daily.csv.gz,6182fac8a9cca8568a991831adb1b702addc97911e1e1e22b804e48694c1a0c8,session_date|open|high|low|close|volume|vwap|transactions,session_date,close
CTAS,research_data/m77_19_7_2/symbol_specific_polygon_replay_materialization/daily_bars/CTAS.daily.csv.gz,b323b34868a2b66663cee8fc382c47dc46f24c41952bc2dd005c5814ad6a7e0c,session_date|open|high|low|close|volume|vwap|transactions,session_date,close
CTSH,research_data/m77_19_7_2/symbol_specific_polygon_replay_materialization/daily_bars/CTSH.daily.csv.gz,98e3ee2fb8fcdb7f855a6937886a86323a3a9daf154f934d655c1caa2f8c9079,session_date|open|high|low|close|volume|vwap|transactions,session_date,close
CTVA,research_data/m77_19_7_2/symbol_specific_polygon_replay_materialization/daily_bars/CTVA.daily.csv.gz,a3ba2dfebbfeccdd3737a7917d3c971adccb2fa7ed140b2c519cfeab22c7c959,session_date|open|high|low|close|volume|vwap|transactions,session_date,close
CVNA,research_data/m77_19_7_2/symbol_specific_polygon_replay_materialization/daily_bars/CVNA.daily.csv.gz,7657f62d7c91826cc9b201c9ef57c19bb2e1351da6bc5751c96dfc1edb1b6baf,session_date|open|high|low|close|volume|vwap|transactions,session_date,close
CVS,research_data/m77_19_7_2/symbol_specific_polygon_replay_materialization/daily_bars/CVS.daily.csv.gz,5ee3ae9955a584e8ab4ecc1d2fb90f6236fbf2c1731918cae976d34efb728bc1,session_date|open|high|low|close|volume|vwap|transactions,session_date,close
CVX,research_data/m77_19_7_2/symbol_specific_polygon_replay_materialization/daily_bars/CVX.daily.csv.gz,cbef13a557034192c514f6f17dd0726cb706bd1c5306be7532d6ef51f26f29e1,session_date|open|high|low|close|volume|vwap|transactions,session_date,close
D,research_data/m77_19_7_2/symbol_specific_polygon_replay_materialization/daily_bars/D.daily.csv.gz,2b8694e2a581942d8b3bf6aed5d1f58ff569c1fe6bc75128389573ec7ad74a7e,session_date|open|high|low|close|volume|vwap|transactions,session_date,close
DAL,research_data/m77_19_7_2/symbol_specific_polygon_replay_materialization/daily_bars/DAL.daily.csv.gz,77f551915d12e0fe631373607c9120818f333a7c2dcf2c738733914421464308,session_date|open|high|low|close|volume|vwap|transactions,session_date,close
DASH,research_data/m77_19_7_2/symbol_specific_polygon_replay_materialization/daily_bars/DASH.daily.csv.gz,1f90102a4f4c32167155e2c0d8a754b9107512900368a01194294be9b1c7d931,session_date|open|high|low|close|volume|vwap|transactions,session_date,close
DBA,research_data/m77_19_7_2/symbol_specific_polygon_replay_materialization/daily_bars/DBA.daily.csv.gz,6f6f316b436634a40674827234b1e46a36fe11a22e0f7af65ed8364be3803ef4,session_date|open|high|low|close|volume|vwap|transactions,session_date,close
DD,research_data/m77_19_7_2/symbol_specific_polygon_replay_materialization/daily_bars/DD.daily.csv.gz,2434f1066b50431a9494118e77183403f081570c6ea7f1e26ce94b7bf8e88f8d,session_date|open|high|low|close|volume|vwap|transactions,session_date,close
DDOG,research_data/m77_19_7_2/symbol_specific_polygon_replay_materialization/daily_bars/DDOG.daily.csv.gz,221396aa6a2b56c76123529b5e3a2d14dd13659fba16e8fbd7826c946c6dc08e,session_date|open|high|low|close|volume|vwap|transactions,session_date,close
DE,research_data/m77_19_7_2/symbol_specific_polygon_replay_materialization/daily_bars/DE.daily.csv.gz,b5a9cb9ea27d7793033dde5259185c9465ae13425f17aa74f844a6b53cad680a,session_date|open|high|low|close|volume|vwap|transactions,session_date,close
DECK,research_data/m77_19_7_2/symbol_specific_polygon_replay_materialization/daily_bars/DECK.daily.csv.gz,2937022bde888c694bdb8491b7d9f27868fbb9b71c33c680dd8f5d897a375190,session_date|open|high|low|close|volume|vwap|transactions,session_date,close
DELL,research_data/m77_19_7_2/symbol_specific_polygon_replay_materialization/daily_bars/DELL.daily.csv.gz,97628f794b0ce9deb1c4e4254ea65c038db5d6edc3a0e71ee11145f6133a0d96,session_date|open|high|low|close|volume|vwap|transactions,session_date,close
DG,research_data/m77_19_7_2/symbol_specific_polygon_replay_materialization/daily_bars/DG.daily.csv.gz,492b8ba5355d073033efbb868dc3b978dbc74d25e9b23404ec604680cd8ceb23,session_date|open|high|low|close|volume|vwap|transactions,session_date,close
DGX,research_data/m77_19_7_2/symbol_specific_polygon_replay_materialization/daily_bars/DGX.daily.csv.gz,a632f13016e176a18da52336bcd6c1804270c34b7d9279aefd8987864889aa5c,session_date|open|high|low|close|volume|vwap|transactions,session_date,close
DHI,research_data/m77_19_7_2/symbol_specific_polygon_replay_materialization/daily_bars/DHI.daily.csv.gz,9a1188e7ade4e6e7629467fc5263e327e967b36968297cca00d44dd06818d1b9,session_date|open|high|low|close|volume|vwap|transactions,session_date,close
DHR,research_data/m77_19_7_2/symbol_specific_polygon_replay_materialization/daily_bars/DHR.daily.csv.gz,ec6dda00901cf39a7233ddd57ed49c48424a548144b2b38b8ca07f94c14e8419,session_date|open|high|low|close|volume|vwap|transactions,session_date,close
DIA,research_data/m77_19_7_2/symbol_specific_polygon_replay_materialization/daily_bars/DIA.daily.csv.gz,4684d5e5e7b2944e154470ca56e40d25274b3602edffeb252c2ce8db3023c181,session_date|open|high|low|close|volume|vwap|transactions,session_date,close
DIS,research_data/m77_19_7_2/symbol_specific_polygon_replay_materialization/daily_bars/DIS.daily.csv.gz,2f51fc900c952d5ffb1fa65d028eb7abfa8cda807d70d161cccb1327d39334b1,session_date|open|high|low|close|volume|vwap|transactions,session_date,close
DLR,research_data/m77_19_7_2/symbol_specific_polygon_replay_materialization/daily_bars/DLR.daily.csv.gz,c7b7170d6fab5b44361987290f365dea8e9b1089711f1af41b015c0dd5d365ff,session_date|open|high|low|close|volume|vwap|transactions,session_date,close
DLTR,research_data/m77_19_7_2/symbol_specific_polygon_replay_materialization/daily_bars/DLTR.daily.csv.gz,e938e16c64f81348f08a829161757578ddebc1a8e2e1e1b8edaa18fb08b71b8b,session_date|open|high|low|close|volume|vwap|transactions,session_date,close
DOC,research_data/m77_19_7_2/symbol_specific_polygon_replay_materialization/daily_bars/DOC.daily.csv.gz,e7d7680a8cfd1a01ffbaa5bb15019949ed138d5b7172e38441d12836945a3f0f,session_date|open|high|low|close|volume|vwap|transactions,session_date,close
DOV,research_data/m77_19_7_2/symbol_specific_polygon_replay_materialization/daily_bars/DOV.daily.csv.gz,ee3101df065ee21689c46abdd834188c05c02dcd1d4d2d54ccce665642116c42,session_date|open|high|low|close|volume|vwap|transactions,session_date,close
DOW,research_data/m77_19_7_2/symbol_specific_polygon_replay_materialization/daily_bars/DOW.daily.csv.gz,4b03e9fe01baac09d01d151e3453b2cfef5b1a0f107e2a7fdf734ac7615d4681,session_date|open|high|low|close|volume|vwap|transactions,session_date,close
DPZ,research_data/m77_19_7_2/symbol_specific_polygon_replay_materialization/daily_bars/DPZ.daily.csv.gz,fd34c013a9736cf34be8e800d86414c189d81719cd60d9e61938279e24d32003,session_date|open|high|low|close|volume|vwap|transactions,session_date,close
DRI,research_data/m77_19_7_2/symbol_specific_polygon_replay_materialization/daily_bars/DRI.daily.csv.gz,8e361d85895ee8cb9b9daeb746c519918267674d9bcafdf9c04861480cff96ae,session_date|open|high|low|close|volume|vwap|transactions,session_date,close
DTE,research_data/m77_19_7_2/symbol_specific_polygon_replay_materialization/daily_bars/DTE.daily.csv.gz,f6e53876eb415d3738465a0f3d2cac92d114de2f373aae9a143dc7dbcee3d2fa,session_date|open|high|low|close|volume|vwap|transactions,session_date,close
DUK,research_data/m77_19_7_2/symbol_specific_polygon_replay_materialization/daily_bars/DUK.daily.csv.gz,99360efbbc0caad5ff1bc84bf8772f0a0ba65d2ef9a4829638fb1c9a010ddbd4,session_date|open|high|low|close|volume|vwap|transactions,session_date,close
DVA,research_data/m77_19_7_2/symbol_specific_polygon_replay_materialization/daily_bars/DVA.daily.csv.gz,c113d01eb94d57e2c3f2c8900a4e426a7053ba23b182ee0e42e9ab3d32207c33,session_date|open|high|low|close|volume|vwap|transactions,session_date,close
DVN,research_data/m77_19_7_2/symbol_specific_polygon_replay_materialization/daily_bars/DVN.daily.csv.gz,d91a4f6d81026d3df1b00472473d944fb3a60e32d6d063909979626f497e7e44,session_date|open|high|low|close|volume|vwap|transactions,session_date,close
DXCM,research_data/m77_19_7_2/symbol_specific_polygon_replay_materialization/daily_bars/DXCM.daily.csv.gz,a518a84c520291d9b497e1df0cd4fb75858408f992db447c3cb490117627abae,session_date|open|high|low|close|volume|vwap|transactions,session_date,close
EA,research_data/m77_19_7_2/symbol_specific_polygon_replay_materialization/daily_bars/EA.daily.csv.gz,cc6b2e48d0a0dd4816d64afca3b562451c558607f82e9ffb09ca5c00579fb8aa,session_date|open|high|low|close|volume|vwap|transactions,session_date,close
EBAY,research_data/m77_19_7_2/symbol_specific_polygon_replay_materialization/daily_bars/EBAY.daily.csv.gz,ee3d5ec73319888e703a2377ecd129b57bd05b94b93d89f998af5a25514260c3,session_date|open|high|low|close|volume|vwap|transactions,session_date,close
ECL,research_data/m77_19_7_2/symbol_specific_polygon_replay_materialization/daily_bars/ECL.daily.csv.gz,ce822a657fa68a03d04313568b421fa1940a6af119d2c0f02f93950ba57a00c4,session_date|open|high|low|close|volume|vwap|transactions,session_date,close
ED,research_data/m77_19_7_2/symbol_specific_polygon_replay_materialization/daily_bars/ED.daily.csv.gz,42bba969a2a6c28da07aeebccac03d1815c9990bdf819a647ee66d45f3f9d1ae,session_date|open|high|low|close|volume|vwap|transactions,session_date,close
EEM,research_data/m77_19_7_2/symbol_specific_polygon_replay_materialization/daily_bars/EEM.daily.csv.gz,582bfb82aa2e6ce7d310f9943892dd071bc7aa6624691661c0d781043bdba934,session_date|open|high|low|close|volume|vwap|transactions,session_date,close
EFA,research_data/m77_19_7_2/symbol_specific_polygon_replay_materialization/daily_bars/EFA.daily.csv.gz,772b61b7b1febc8a29963d3eb726fc24f5c0a6dcb476dd1daa3cbe01ec56a171,session_date|open|high|low|close|volume|vwap|transactions,session_date,close
EFX,research_data/m77_19_7_2/symbol_specific_polygon_replay_materialization/daily_bars/EFX.daily.csv.gz,4537021c6ad5698cc6a03de93a27f71c302ba9f7bc8fb6ddd68725ee85458003,session_date|open|high|low|close|volume|vwap|transactions,session_date,close
EG,research_data/m77_19_7_2/symbol_specific_polygon_replay_materialization/daily_bars/EG.daily.csv.gz,d320ea8afbeb157bb9ee61d76bc1f7a604f62a2f243a47875853fb5c98c8259b,session_date|open|high|low|close|volume|vwap|transactions,session_date,close
EIX,research_data/m77_19_7_2/symbol_specific_polygon_replay_materialization/daily_bars/EIX.daily.csv.gz,c458f6d03767eb939082f32534a9aee0ce1fda8120bbcc4bc071d68d92ba8a0f,session_date|open|high|low|close|volume|vwap|transactions,session_date,close
EL,research_data/m77_19_7_2/symbol_specific_polygon_replay_materialization/daily_bars/EL.daily.csv.gz,e649f90e23bd03a524897a53169f458c699f24b1b13433b4305d344380864a91,session_date|open|high|low|close|volume|vwap|transactions,session_date,close
ELV,research_data/m77_19_7_2/symbol_specific_polygon_replay_materialization/daily_bars/ELV.daily.csv.gz,2d0f5defed2addac6493dcdd3ea811973593f92df3911b7888f27c30de6c9c8a,session_date|open|high|low|close|volume|vwap|transactions,session_date,close
EME,research_data/m77_19_7_2/symbol_specific_polygon_replay_materialization/daily_bars/EME.daily.csv.gz,a5a463d99c8826c569aa4937b857afbdbab8133d22400d027850737e4b2342a5,session_date|open|high|low|close|volume|vwap|transactions,session_date,close
EMR,research_data/m77_19_7_2/symbol_specific_polygon_replay_materialization/daily_bars/EMR.daily.csv.gz,834af2ae701ab37c3e47565b481ff76705fc2641abefb7eb22dbafc51564e907,session_date|open|high|low|close|volume|vwap|transactions,session_date,close
EOG,research_data/m77_19_7_2/symbol_specific_polygon_replay_materialization/daily_bars/EOG.daily.csv.gz,fca8b5ff04ce931c1460c3826553f67504bb9a290c4c26b1196da250ca258e60,session_date|open|high|low|close|volume|vwap|transactions,session_date,close
EQIX,research_data/m77_19_7_2/symbol_specific_polygon_replay_materialization/daily_bars/EQIX.daily.csv.gz,4b064a51f9ec38a72af9e19a8b1bbe8a98a9a511dda66164365daccbc01bcfcf,session_date|open|high|low|close|volume|vwap|transactions,session_date,close
EQR,research_data/m77_19_7_2/symbol_specific_polygon_replay_materialization/daily_bars/EQR.daily.csv.gz,d94ff865fec00deea6f6ab3810c5c4775cd71a830ca9f48e0ebdac3bb0e0192b,session_date|open|high|low|close|volume|vwap|transactions,session_date,close
EQT,research_data/m77_19_7_2/symbol_specific_polygon_replay_materialization/daily_bars/EQT.daily.csv.gz,b28c863f2ae2083831f6e7d6396ac36def3380de2afa9b878103b836195a58ca,session_date|open|high|low|close|volume|vwap|transactions,session_date,close
ERIE,research_data/m77_19_7_2/symbol_specific_polygon_replay_materialization/daily_bars/ERIE.daily.csv.gz,78f46ad4293bba301e972f5971ca4fee029abc175a86beec2eec7734e9172887,session_date|open|high|low|close|volume|vwap|transactions,session_date,close
ES,research_data/m77_19_7_2/symbol_specific_polygon_replay_materialization/daily_bars/ES.daily.csv.gz,672a43364234a4061e63996660f124fa5be0931eeb4d7e9898938d29c8448e5a,session_date|open|high|low|close|volume|vwap|transactions,session_date,close
ESS,research_data/m77_19_7_2/symbol_specific_polygon_replay_materialization/daily_bars/ESS.daily.csv.gz,8d1e62b0bc3a5bf92e9e492dc8fc3d4d930e3678e58016336a3bd1548b045942,session_date|open|high|low|close|volume|vwap|transactions,session_date,close
ETHA,research_data/m77_19_7_2/symbol_specific_polygon_replay_materialization/daily_bars/ETHA.daily.csv.gz,736e7173ceb5a377a4538d8d603bd73fec1b53488e814481337a64934235f699,session_date|open|high|low|close|volume|vwap|transactions,session_date,close
ETN,research_data/m77_19_7_2/symbol_specific_polygon_replay_materialization/daily_bars/ETN.daily.csv.gz,141d13a3de389307da57f1511c4683a2d3a53429095bdd474b8d0437fef5ce05,session_date|open|high|low|close|volume|vwap|transactions,session_date,close
ETR,research_data/m77_19_7_2/symbol_specific_polygon_replay_materialization/daily_bars/ETR.daily.csv.gz,9643b70a258f62b13e79dfb571a247d6cfef9a1a1cbd469e33fb575766570c8a,session_date|open|high|low|close|volume|vwap|transactions,session_date,close
EVRG,research_data/m77_19_7_2/symbol_specific_polygon_replay_materialization/daily_bars/EVRG.daily.csv.gz,d6cf54882d66317fac689bbb67f0c4effd271a79de29fb1eca94392bb5a1966f,session_date|open|high|low|close|volume|vwap|transactions,session_date,close
EW,research_data/m77_19_7_2/symbol_specific_polygon_replay_materialization/daily_bars/EW.daily.csv.gz,63a570dea26e9cb853c9b5e1ff460ea4beb9e27a17e9c027994dcd5b9c3670bc,session_date|open|high|low|close|volume|vwap|transactions,session_date,close
EWJ,research_data/m77_19_7_2/symbol_specific_polygon_replay_materialization/daily_bars/EWJ.daily.csv.gz,fd930abfc5a3516e16cafb04e9a1935e0244fd1ed8a11288cfe453e5ae35b704,session_date|open|high|low|close|volume|vwap|transactions,session_date,close
EWZ,research_data/m77_19_7_2/symbol_specific_polygon_replay_materialization/daily_bars/EWZ.daily.csv.gz,db3255880002e54c36dbf77bb71400447a8cd9c44cc0260cfa7ed0ba26a91ac3,session_date|open|high|low|close|volume|vwap|transactions,session_date,close
EXC,research_data/m77_19_7_2/symbol_specific_polygon_replay_materialization/daily_bars/EXC.daily.csv.gz,7f3f6ac96426cbb1183f04f309bef43a19ad11f7856a421d442207cc94db6198,session_date|open|high|low|close|volume|vwap|transactions,session_date,close
EXE,research_data/m77_19_7_2/symbol_specific_polygon_replay_materialization/daily_bars/EXE.daily.csv.gz,5f488084f98be3034715b137f3ea7c2f7e0d9665ce7bfbf553e4f8de5a9bb840,session_date|open|high|low|close|volume|vwap|transactions,session_date,close
EXPD,research_data/m77_19_7_2/symbol_specific_polygon_replay_materialization/daily_bars/EXPD.daily.csv.gz,2b095118ab7c0795f4683041c070b36d6313452d358181bf6c11fe982c9b8b38,session_date|open|high|low|close|volume|vwap|transactions,session_date,close
EXPE,research_data/m77_19_7_2/symbol_specific_polygon_replay_materialization/daily_bars/EXPE.daily.csv.gz,f51202bd63f9ac4818a01f6fe48ba302e779569319baf032537fa5e865db0316,session_date|open|high|low|close|volume|vwap|transactions,session_date,close
EXR,research_data/m77_19_7_2/symbol_specific_polygon_replay_materialization/daily_bars/EXR.daily.csv.gz,129a6300da2753c08a9fc703fbed782d754cc2bdd4b5eccd99378c85e4f12533,session_date|open|high|low|close|volume|vwap|transactions,session_date,close
F,research_data/m77_19_7_2/symbol_specific_polygon_replay_materialization/daily_bars/F.daily.csv.gz,f7f5fb780c54f0760387e9c02004bb71f7075c0418160d27b2a22dcffd27bb72,session_date|open|high|low|close|volume|vwap|transactions,session_date,close
FANG,research_data/m77_19_7_2/symbol_specific_polygon_replay_materialization/daily_bars/FANG.daily.csv.gz,d7de0303180478b9fcd00f4ecdd4c091b0c1cbf7a35b0d49f9c242f03884e860,session_date|open|high|low|close|volume|vwap|transactions,session_date,close
FAST,research_data/m77_19_7_2/symbol_specific_polygon_replay_materialization/daily_bars/FAST.daily.csv.gz,f6dc209bb86f77eb74a4c02e4a41ca7bc7923e537805f3f61b56dccf42bda19d,session_date|open|high|low|close|volume|vwap|transactions,session_date,close
FBTC,research_data/m77_19_7_2/symbol_specific_polygon_replay_materialization/daily_bars/FBTC.daily.csv.gz,05bc1d7575f7c8c33007a3ad0a81d12f24896cecf8f77e183884e424c62dab0b,session_date|open|high|low|close|volume|vwap|transactions,session_date,close
FCX,research_data/m77_19_7_2/symbol_specific_polygon_replay_materialization/daily_bars/FCX.daily.csv.gz,3e5d9977f9496daaf98f852f45631bab7f72a520a325fd43ddce5c5ad8cd7a85,session_date|open|high|low|close|volume|vwap|transactions,session_date,close
FDS,research_data/m77_19_7_2/symbol_specific_polygon_replay_materialization/daily_bars/FDS.daily.csv.gz,d34f50a008150c27022c5ee34af5ab0d43b405ce6e40453e5c1404794b79d85e,session_date|open|high|low|close|volume|vwap|transactions,session_date,close
FDX,research_data/m77_19_7_2/symbol_specific_polygon_replay_materialization/daily_bars/FDX.daily.csv.gz,c0b433e37db2cd694b4690715d8b6e585848a4a27b60fb22b87d2d2229936874,session_date|open|high|low|close|volume|vwap|transactions,session_date,close
FE,research_data/m77_19_7_2/symbol_specific_polygon_replay_materialization/daily_bars/FE.daily.csv.gz,63058507c998126c279541ddd560fa05400db8facb5bb99b63cf452c988c4946,session_date|open|high|low|close|volume|vwap|transactions,session_date,close
FER,research_data/m77_19_7_2/symbol_specific_polygon_replay_materialization/daily_bars/FER.daily.csv.gz,d4fe1870f2ed881eedb8801b5535c9aae10320e98c72a6730ed7dfa852543db5,session_date|open|high|low|close|volume|vwap|transactions,session_date,close
FFIV,research_data/m77_19_7_2/symbol_specific_polygon_replay_materialization/daily_bars/FFIV.daily.csv.gz,2ee89b1a50fd81078fb22fd553bdc595dbee27cc8a172080c4e85d9377119a0e,session_date|open|high|low|close|volume|vwap|transactions,session_date,close
FICO,research_data/m77_19_7_2/symbol_specific_polygon_replay_materialization/daily_bars/FICO.daily.csv.gz,fe23cdff6a6eff462005aa212cb51bd98c18b9b22c961634906e4bd578075462,session_date|open|high|low|close|volume|vwap|transactions,session_date,close
FIS,research_data/m77_19_7_2/symbol_specific_polygon_replay_materialization/daily_bars/FIS.daily.csv.gz,eee00178fbf29a1af73de79d7ab8960807a65af28cc9dbe8f1c25adf2910981d,session_date|open|high|low|close|volume|vwap|transactions,session_date,close
FISV,research_data/m77_19_7_2/symbol_specific_polygon_replay_materialization/daily_bars/FISV.daily.csv.gz,d27200b49ce452dd830bbe06caff4a2a1bbedaef7e680629c543c38db8f2504e,session_date|open|high|low|close|volume|vwap|transactions,session_date,close
FITB,research_data/m77_19_7_2/symbol_specific_polygon_replay_materialization/daily_bars/FITB.daily.csv.gz,5b482d21bd2c68fcd64d52996c453f82559d6ce9618e10e59be32fa509e463e2,session_date|open|high|low|close|volume|vwap|transactions,session_date,close
FIX,research_data/m77_19_7_2/symbol_specific_polygon_replay_materialization/daily_bars/FIX.daily.csv.gz,e5b0c228b0b5717d3f30f9e8ac939ebf825590048c8e6cf4aa6ab12793d5aaec,session_date|open|high|low|close|volume|vwap|transactions,session_date,close
FLEX,research_data/m77_19_7_2/symbol_specific_polygon_replay_materialization/daily_bars/FLEX.daily.csv.gz,0068978c1fedf6e6655ffef70e7efcac746da8c0e8b9163bc68c3fe4ecf1e5ee,session_date|open|high|low|close|volume|vwap|transactions,session_date,close
FOX,research_data/m77_19_7_2/symbol_specific_polygon_replay_materialization/daily_bars/FOX.daily.csv.gz,3e5d6db951d981feabf0b17f71351296fa5be4382b25fe1d9815e9485f4a6d55,session_date|open|high|low|close|volume|vwap|transactions,session_date,close
FOXA,research_data/m77_19_7_2/symbol_specific_polygon_replay_materialization/daily_bars/FOXA.daily.csv.gz,cf6197c0153899a5340bbb423b5f5339d718be9281233e0615b1e29e138e7e0b,session_date|open|high|low|close|volume|vwap|transactions,session_date,close
FRT,research_data/m77_19_7_2/symbol_specific_polygon_replay_materialization/daily_bars/FRT.daily.csv.gz,fccec79a9149e9a63916cb282af4f914dbc1a5515120123b897731e054c40ead,session_date|open|high|low|close|volume|vwap|transactions,session_date,close
FSLR,research_data/m77_19_7_2/symbol_specific_polygon_replay_materialization/daily_bars/FSLR.daily.csv.gz,a7fc0b7e26c46f4cb9434339dcb9932030893e0f3fc39b30e2d2a4120478167b,session_date|open|high|low|close|volume|vwap|transactions,session_date,close
FTNT,research_data/m77_19_7_2/symbol_specific_polygon_replay_materialization/daily_bars/FTNT.daily.csv.gz,51515c2ef2a4af11a5065af8086b118d07ea8ed6510933924bdbba99d09f0db4,session_date|open|high|low|close|volume|vwap|transactions,session_date,close
FTV,research_data/m77_19_7_2/symbol_specific_polygon_replay_materialization/daily_bars/FTV.daily.csv.gz,4462681f45370097e837cb238a4c37a2e140efe6d1f8f54a23a9ee19dafba903,session_date|open|high|low|close|volume|vwap|transactions,session_date,close
FXI,research_data/m77_19_7_2/symbol_specific_polygon_replay_materialization/daily_bars/FXI.daily.csv.gz,b252eb4aa7c995757e126fe6c42799f9fc1a8a17d2c061c98934195d9de519d6,session_date|open|high|low|close|volume|vwap|transactions,session_date,close
GD,research_data/m77_19_7_2/symbol_specific_polygon_replay_materialization/daily_bars/GD.daily.csv.gz,664efe27ff5dc530d138788a187e809da6b286a3d8ba79ae54200d3f3993e392,session_date|open|high|low|close|volume|vwap|transactions,session_date,close
GDDY,research_data/m77_19_7_2/symbol_specific_polygon_replay_materialization/daily_bars/GDDY.daily.csv.gz,f0cb17da60e1a92555a0dc795384ea12692d99db67833cf2d16017eabd061062,session_date|open|high|low|close|volume|vwap|transactions,session_date,close
GDX,research_data/m77_19_7_2/symbol_specific_polygon_replay_materialization/daily_bars/GDX.daily.csv.gz,9ef57545e1ade7bb8a570f4301b00233a1e63108ef689df70281e3ebbd41ee1f,session_date|open|high|low|close|volume|vwap|transactions,session_date,close
GDXJ,research_data/m77_19_7_2/symbol_specific_polygon_replay_materialization/daily_bars/GDXJ.daily.csv.gz,f1b7f4e02de36c8e263bfe903e6d5a830124fc327725b6761bf421c68623a1c1,session_date|open|high|low|close|volume|vwap|transactions,session_date,close
GE,research_data/m77_19_7_2/symbol_specific_polygon_replay_materialization/daily_bars/GE.daily.csv.gz,d3e5170d9e308229f02c89f1a360eab0011370b47b2ee6fc36569e7b3ab1c387,session_date|open|high|low|close|volume|vwap|transactions,session_date,close
GEHC,research_data/m77_19_7_2/symbol_specific_polygon_replay_materialization/daily_bars/GEHC.daily.csv.gz,1af89d24f815fe56bdb85e84cdde22494032c63746c94be1ad51a8be75ab6c28,session_date|open|high|low|close|volume|vwap|transactions,session_date,close
GEN,research_data/m77_19_7_2/symbol_specific_polygon_replay_materialization/daily_bars/GEN.daily.csv.gz,8521b28886e960ef75abcfd1ae10ca8b2d449d7afc7e7941bf1ebc71777e5cc7,session_date|open|high|low|close|volume|vwap|transactions,session_date,close
GEV,research_data/m77_19_7_2/symbol_specific_polygon_replay_materialization/daily_bars/GEV.daily.csv.gz,d1d0e65edece7c700ce93c770e4bdc6e5b39d82867c266a3e752cc7327d44b24,session_date|open|high|low|close|volume|vwap|transactions,session_date,close
GILD,research_data/m77_19_7_2/symbol_specific_polygon_replay_materialization/daily_bars/GILD.daily.csv.gz,4e2b9501d67e31c0acd9e094cb72269b2d54c3aeb7cd1b8524f4c067272a39d3,session_date|open|high|low|close|volume|vwap|transactions,session_date,close
GIS,research_data/m77_19_7_2/symbol_specific_polygon_replay_materialization/daily_bars/GIS.daily.csv.gz,b1cbb13fd1d305ab6b50c439cc435cb85ab1d2997feb1901a353a06d299ed81b,session_date|open|high|low|close|volume|vwap|transactions,session_date,close
GL,research_data/m77_19_7_2/symbol_specific_polygon_replay_materialization/daily_bars/GL.daily.csv.gz,d9d1ee389db19c532a41e80cc96d45681585a527daa8eb6237806ec23ba44d7c,session_date|open|high|low|close|volume|vwap|transactions,session_date,close
GLD,research_data/m77_19_7_2/symbol_specific_polygon_replay_materialization/daily_bars/GLD.daily.csv.gz,3cbac671838b485a8668c38b1dce18b4891f719fc1a21ad174a5c6dbd568616d,session_date|open|high|low|close|volume|vwap|transactions,session_date,close
GLW,research_data/m77_19_7_2/symbol_specific_polygon_replay_materialization/daily_bars/GLW.daily.csv.gz,5282bcbe64573c1c16fb1450dc0e58ad37752ed67a76b85ef645305de94a6e2f,session_date|open|high|low|close|volume|vwap|transactions,session_date,close
GM,research_data/m77_19_7_2/symbol_specific_polygon_replay_materialization/daily_bars/GM.daily.csv.gz,d99a759ae261904d53f1ad38899b37fbe35c95597e94cec530440376282f67c9,session_date|open|high|low|close|volume|vwap|transactions,session_date,close
GNRC,research_data/m77_19_7_2/symbol_specific_polygon_replay_materialization/daily_bars/GNRC.daily.csv.gz,e95b2dbace603e5b85c585a77dec2091093b56c33a0eb79682faae924a3b0890,session_date|open|high|low|close|volume|vwap|transactions,session_date,close
GOOG,research_data/m77_19_7_2/symbol_specific_polygon_replay_materialization/daily_bars/GOOG.daily.csv.gz,d30f58392f8827621ad3eb0255aa524a7832700549a2ed574f45f09338b621b0,session_date|open|high|low|close|volume|vwap|transactions,session_date,close
GOOGL,research_data/m77_19_7_2/symbol_specific_polygon_replay_materialization/daily_bars/GOOGL.daily.csv.gz,902db18847b73a56ba12b0b250c579ed7d28b4c5f327a2e7c7455e743aaa29bd,session_date|open|high|low|close|volume|vwap|transactions,session_date,close
GPC,research_data/m77_19_7_2/symbol_specific_polygon_replay_materialization/daily_bars/GPC.daily.csv.gz,8349fc3617e6da863eadf2b6f204ceb8067a3b018b5407b626c82ed357096698,session_date|open|high|low|close|volume|vwap|transactions,session_date,close
GPN,research_data/m77_19_7_2/symbol_specific_polygon_replay_materialization/daily_bars/GPN.daily.csv.gz,65e73f9dcf66bf945f28bfb5e35e65295b6652b6d29a01a9bdafc55b67357d75,session_date|open|high|low|close|volume|vwap|transactions,session_date,close
GRMN,research_data/m77_19_7_2/symbol_specific_polygon_replay_materialization/daily_bars/GRMN.daily.csv.gz,d17a07559d1f9f80550a82a2ad1995dfbda38632aa6ceec2de9798b788737680,session_date|open|high|low|close|volume|vwap|transactions,session_date,close
GS,research_data/m77_19_7_2/symbol_specific_polygon_replay_materialization/daily_bars/GS.daily.csv.gz,b9d05ff3500f073323cad06c4dfb291288ed6821aa9ff7a8a648cca284e3e151,session_date|open|high|low|close|volume|vwap|transactions,session_date,close
GWW,research_data/m77_19_7_2/symbol_specific_polygon_replay_materialization/daily_bars/GWW.daily.csv.gz,9e2e0edfbd2450008d5bf19dc03a8842a174988cfcb80aeb5af33d2169f57f91,session_date|open|high|low|close|volume|vwap|transactions,session_date,close
HACK,research_data/m77_19_7_2/symbol_specific_polygon_replay_materialization/daily_bars/HACK.daily.csv.gz,72f019bf94a9dfde7d28fc9f083b481e94c36127d4a5140794b67148004dfde2,session_date|open|high|low|close|volume|vwap|transactions,session_date,close
HAL,research_data/m77_19_7_2/symbol_specific_polygon_replay_materialization/daily_bars/HAL.daily.csv.gz,96672efb50cd62687ffbb006afa1104be35803aa2c98f0bdbd1d778bdd874f63,session_date|open|high|low|close|volume|vwap|transactions,session_date,close
HAS,research_data/m77_19_7_2/symbol_specific_polygon_replay_materialization/daily_bars/HAS.daily.csv.gz,884b65ae0b397b666824ac8c0eb4e23b5693103cba0aea546c38a4c5820b19e1,session_date|open|high|low|close|volume|vwap|transactions,session_date,close
HBAN,research_data/m77_19_7_2/symbol_specific_polygon_replay_materialization/daily_bars/HBAN.daily.csv.gz,b541b92b1d991a8ddaed9c794b373114cc33ec42dce4ed6477828e29f231a2e6,session_date|open|high|low|close|volume|vwap|transactions,session_date,close
HCA,research_data/m77_19_7_2/symbol_specific_polygon_replay_materialization/daily_bars/HCA.daily.csv.gz,67d12c5eee3b454d9492dc58d758877ae6fa6022e9d43658936a371b8f39747a,session_date|open|high|low|close|volume|vwap|transactions,session_date,close
HD,research_data/m77_19_7_2/symbol_specific_polygon_replay_materialization/daily_bars/HD.daily.csv.gz,01ecaafba1744b8209dec57118d5129a2aa45005115358147868f7b9774cd538,session_date|open|high|low|close|volume|vwap|transactions,session_date,close
HIG,research_data/m77_19_7_2/symbol_specific_polygon_replay_materialization/daily_bars/HIG.daily.csv.gz,74a31ed95102f152daf5750dcef45ef8fc1bf05ef9ac8a0c8399354d745bfd56,session_date|open|high|low|close|volume|vwap|transactions,session_date,close
HII,research_data/m77_19_7_2/symbol_specific_polygon_replay_materialization/daily_bars/HII.daily.csv.gz,fc269530eba50bb5e96ffb5d64a98e784a87d99242366ed4b67f8098f5f68079,session_date|open|high|low|close|volume|vwap|transactions,session_date,close
HLT,research_data/m77_19_7_2/symbol_specific_polygon_replay_materialization/daily_bars/HLT.daily.csv.gz,7e650997a4277a8b9bbcd7c045ffcc2975fa46d7aa210b0e7c53c6b4204d3985,session_date|open|high|low|close|volume|vwap|transactions,session_date,close
HOOD,research_data/m77_19_7_2/symbol_specific_polygon_replay_materialization/daily_bars/HOOD.daily.csv.gz,bbc6a621728bdc1a8d6b2b74b743847710211f7e3fa91047b0b5c9bb47e980bf,session_date|open|high|low|close|volume|vwap|transactions,session_date,close
HPE,research_data/m77_19_7_2/symbol_specific_polygon_replay_materialization/daily_bars/HPE.daily.csv.gz,439ccc9feb2e53b123c3a213e2de7ff9c2405f50ad3a3f2306bed213c2a42d7e,session_date|open|high|low|close|volume|vwap|transactions,session_date,close
HPQ,research_data/m77_19_7_2/symbol_specific_polygon_replay_materialization/daily_bars/HPQ.daily.csv.gz,da49f2df8bb97fa3b906bd480ebbc1b1c8af17920ee12c9882a90020762a4b6f,session_date|open|high|low|close|volume|vwap|transactions,session_date,close
HRL,research_data/m77_19_7_2/symbol_specific_polygon_replay_materialization/daily_bars/HRL.daily.csv.gz,8d47ce382acd923caed1d898d26d3eeff149c850c5a21cb6a6e8aa59e78d1324,session_date|open|high|low|close|volume|vwap|transactions,session_date,close
HSIC,research_data/m77_19_7_2/symbol_specific_polygon_replay_materialization/daily_bars/HSIC.daily.csv.gz,d9c7c8e5b4be16b1d0b4c6b7f5c62348b84bb17c8f394e6a71ace09a0cf1e611,session_date|open|high|low|close|volume|vwap|transactions,session_date,close
HST,research_data/m77_19_7_2/symbol_specific_polygon_replay_materialization/daily_bars/HST.daily.csv.gz,ec43ea6bcf476d146b91318cc646a01fbd2b39377b36363e47f12f20fbcd164a,session_date|open|high|low|close|volume|vwap|transactions,session_date,close
HSY,research_data/m77_19_7_2/symbol_specific_polygon_replay_materialization/daily_bars/HSY.daily.csv.gz,4ea7c1a11296765ff940f386fac76fd91940daa054871500fbc7bbf5a7f86772,session_date|open|high|low|close|volume|vwap|transactions,session_date,close
HUBB,research_data/m77_19_7_2/symbol_specific_polygon_replay_materialization/daily_bars/HUBB.daily.csv.gz,8402aaf34f4d45edb2b18e4c211cd07bf0326ea3d9407aa6d7b0a8221923aa4e,session_date|open|high|low|close|volume|vwap|transactions,session_date,close
HUM,research_data/m77_19_7_2/symbol_specific_polygon_replay_materialization/daily_bars/HUM.daily.csv.gz,47bd2c3586fea40222dffc2f2887f13f373895611d8918463280634651911ac2,session_date|open|high|low|close|volume|vwap|transactions,session_date,close
HWM,research_data/m77_19_7_2/symbol_specific_polygon_replay_materialization/daily_bars/HWM.daily.csv.gz,748e6a7499c3cbf8c51d28d7c274e8b197466ae5c7b3e4622b2787f5362c4f94,session_date|open|high|low|close|volume|vwap|transactions,session_date,close
HYG,research_data/m77_19_7_2/symbol_specific_polygon_replay_materialization/daily_bars/HYG.daily.csv.gz,562ba3f89b4327ae126dc1c2529f90191f6f5781e72b4f0c53a6a0ba0b1123e0,session_date|open|high|low|close|volume|vwap|transactions,session_date,close
IAU,research_data/m77_19_7_2/symbol_specific_polygon_replay_materialization/daily_bars/IAU.daily.csv.gz,8a85bba2ad8b37bbac71139075ce59081b626663c3dcddeb544fdfdc8b927700,session_date|open|high|low|close|volume|vwap|transactions,session_date,close
IBB,research_data/m77_19_7_2/symbol_specific_polygon_replay_materialization/daily_bars/IBB.daily.csv.gz,4d02339734c1bab174e5e7489483d96347a14f0bdf478f5509b7c2b30867ae04,session_date|open|high|low|close|volume|vwap|transactions,session_date,close
IBIT,research_data/m77_19_7_2/symbol_specific_polygon_replay_materialization/daily_bars/IBIT.daily.csv.gz,803bcc40a3b28b31ace0d814e19847b0d9ff790eea6bd147adc7167e87e78efe,session_date|open|high|low|close|volume|vwap|transactions,session_date,close
IBKR,research_data/m77_19_7_2/symbol_specific_polygon_replay_materialization/daily_bars/IBKR.daily.csv.gz,5a9a7bb7f41badd1417aaa552a893e3a4ff7b09b11791319d7df31fa2bc07979,session_date|open|high|low|close|volume|vwap|transactions,session_date,close
IBM,research_data/m77_19_7_2/symbol_specific_polygon_replay_materialization/daily_bars/IBM.daily.csv.gz,48a42e2ef63d303c8025f4161edc264f6770d2c904ef8ed7f2d435a55ad518a4,session_date|open|high|low|close|volume|vwap|transactions,session_date,close
ICE,research_data/m77_19_7_2/symbol_specific_polygon_replay_materialization/daily_bars/ICE.daily.csv.gz,55208bafe4b2e36b833d4d0b2383ebbc53de773e3c4c4625867d20ed3cb97022,session_date|open|high|low|close|volume|vwap|transactions,session_date,close
ICLN,research_data/m77_19_7_2/symbol_specific_polygon_replay_materialization/daily_bars/ICLN.daily.csv.gz,d1c47356530a99623fe60ce7dee6ac973e02f9fde471580513a8b05d8a368aac,session_date|open|high|low|close|volume|vwap|transactions,session_date,close
IDXX,research_data/m77_19_7_2/symbol_specific_polygon_replay_materialization/daily_bars/IDXX.daily.csv.gz,97a78460a07b543248445df69c76e6b39826c291c6e6fabac77d176e32459b73,session_date|open|high|low|close|volume|vwap|transactions,session_date,close
IEF,research_data/m77_19_7_2/symbol_specific_polygon_replay_materialization/daily_bars/IEF.daily.csv.gz,789e5e66fde48840bc3155d4d4d6a25f878db9ac8d43ebb42bfd7febff0f3848,session_date|open|high|low|close|volume|vwap|transactions,session_date,close
IEX,research_data/m77_19_7_2/symbol_specific_polygon_replay_materialization/daily_bars/IEX.daily.csv.gz,65e579e1f7001bdaea820e1df877b7909a9d38b3537a4a243ab73e0d00457327,session_date|open|high|low|close|volume|vwap|transactions,session_date,close
IFF,research_data/m77_19_7_2/symbol_specific_polygon_replay_materialization/daily_bars/IFF.daily.csv.gz,db962cfc0cbd665993f8f51f910df9460952bba786c89c431d2e62a40ba36acc,session_date|open|high|low|close|volume|vwap|transactions,session_date,close
IGV,research_data/m77_19_7_2/symbol_specific_polygon_replay_materialization/daily_bars/IGV.daily.csv.gz,13ff52000ea8f74bc6afcca48db915953c08de4b1510e08f7743178f56c4851a,session_date|open|high|low|close|volume|vwap|transactions,session_date,close
IHI,research_data/m77_19_7_2/symbol_specific_polygon_replay_materialization/daily_bars/IHI.daily.csv.gz,9946744f30a0445f7e581e87706e51b4c9429bc213664f84416262cecc3ed0e4,session_date|open|high|low|close|volume|vwap|transactions,session_date,close
INCY,research_data/m77_19_7_2/symbol_specific_polygon_replay_materialization/daily_bars/INCY.daily.csv.gz,4abc9fc4597eedcfdba2214e29e9211c83727ca3d3b4a16f3096e67ad8987da6,session_date|open|high|low|close|volume|vwap|transactions,session_date,close
INDA,research_data/m77_19_7_2/symbol_specific_polygon_replay_materialization/daily_bars/INDA.daily.csv.gz,47fbfd1bdaabc82f52373ec12f74ff4a5643f2e1e5d38352071ec7f6ed1a18f1,session_date|open|high|low|close|volume|vwap|transactions,session_date,close
INTC,research_data/m77_19_7_2/symbol_specific_polygon_replay_materialization/daily_bars/INTC.daily.csv.gz,3a60c7239e6f4ea92bdd8c1026cd4df15903a9a1b0f1569a3d8b701d9948303f,session_date|open|high|low|close|volume|vwap|transactions,session_date,close
INTU,research_data/m77_19_7_2/symbol_specific_polygon_replay_materialization/daily_bars/INTU.daily.csv.gz,cfe70ca1d53bfa217ac26d72353040be81f5e9618ecffee866e0305be2099593,session_date|open|high|low|close|volume|vwap|transactions,session_date,close
INVH,research_data/m77_19_7_2/symbol_specific_polygon_replay_materialization/daily_bars/INVH.daily.csv.gz,037c36654cb52de7cb73fe48ae5c9b2876c8ed0a572d7a32538552573d3f583d,session_date|open|high|low|close|volume|vwap|transactions,session_date,close
IP,research_data/m77_19_7_2/symbol_specific_polygon_replay_materialization/daily_bars/IP.daily.csv.gz,e3e63ccce827899bb27370f91777935e0084d074bdf6b4687bed99aa0151dd18,session_date|open|high|low|close|volume|vwap|transactions,session_date,close
IQV,research_data/m77_19_7_2/symbol_specific_polygon_replay_materialization/daily_bars/IQV.daily.csv.gz,8144c8d1f7ac2b5972372e238575a8d3f25c70886d871cb53a655c15e15b4e9b,session_date|open|high|low|close|volume|vwap|transactions,session_date,close
IR,research_data/m77_19_7_2/symbol_specific_polygon_replay_materialization/daily_bars/IR.daily.csv.gz,d627a3fc74085dcb1897c9a417be09116851b8136d95cce945d0b110a6c019bb,session_date|open|high|low|close|volume|vwap|transactions,session_date,close
IRM,research_data/m77_19_7_2/symbol_specific_polygon_replay_materialization/daily_bars/IRM.daily.csv.gz,bcca7cab83515aeec6e2db1cbb5cd9f44f6ff866262b03a7d142b9578934fe55,session_date|open|high|low|close|volume|vwap|transactions,session_date,close
ISRG,research_data/m77_19_7_2/symbol_specific_polygon_replay_materialization/daily_bars/ISRG.daily.csv.gz,c51c24b3bca1bbd358bacdc2edfa6fa59bc9a084ec4757663ce3abbfa1861ba6,session_date|open|high|low|close|volume|vwap|transactions,session_date,close
IT,research_data/m77_19_7_2/symbol_specific_polygon_replay_materialization/daily_bars/IT.daily.csv.gz,d0e3f1353bfed64b2e4cec77f3a2417330f093591b96fe0f1a1cdd059797f6f7,session_date|open|high|low|close|volume|vwap|transactions,session_date,close
ITB,research_data/m77_19_7_2/symbol_specific_polygon_replay_materialization/daily_bars/ITB.daily.csv.gz,78188f56e906ab0bd18c7c5a922bcfa8590daf8a706579b6a5555880543c4679,session_date|open|high|low|close|volume|vwap|transactions,session_date,close
ITOT,research_data/m77_19_7_2/symbol_specific_polygon_replay_materialization/daily_bars/ITOT.daily.csv.gz,0fb63dfb007358b531997d69a5cf12e1b7d728518b69a34a64655eba0f05de0b,session_date|open|high|low|close|volume|vwap|transactions,session_date,close
ITW,research_data/m77_19_7_2/symbol_specific_polygon_replay_materialization/daily_bars/ITW.daily.csv.gz,ac76ad3a2e8bf345a8319fc50e78d5195d5feaf3fd1e1e1f0bbc3a6bb19c8dda,session_date|open|high|low|close|volume|vwap|transactions,session_date,close
IVV,research_data/m77_19_7_2/symbol_specific_polygon_replay_materialization/daily_bars/IVV.daily.csv.gz,08752fe36cf501e1451818af798eae8f2b4ef01e1a276285061a17a6511e406f,session_date|open|high|low|close|volume|vwap|transactions,session_date,close
IVZ,research_data/m77_19_7_2/symbol_specific_polygon_replay_materialization/daily_bars/IVZ.daily.csv.gz,f0d29100b68b090de053ac0d9902298e98f8d7aaa74c2bfa9bcf5a6211312123,session_date|open|high|low|close|volume|vwap|transactions,session_date,close
IWD,research_data/m77_19_7_2/symbol_specific_polygon_replay_materialization/daily_bars/IWD.daily.csv.gz,cf3d0d5f745b3b09cc74313d28b7c91ee809d3b76c67fdd44b8081244ed179b9,session_date|open|high|low|close|volume|vwap|transactions,session_date,close
IWF,research_data/m77_19_7_2/symbol_specific_polygon_replay_materialization/daily_bars/IWF.daily.csv.gz,d11ae29bea02e5bb029ed3b19a0035d10822d29b7900a8528766d1e1d1fd7cf4,session_date|open|high|low|close|volume|vwap|transactions,session_date,close
IWM,research_data/m77_19_7_2/symbol_specific_polygon_replay_materialization/daily_bars/IWM.daily.csv.gz,150a28ba64efbf93e1f00786bdf16348d1d06386799c80eb3dfa81a6af637379,session_date|open|high|low|close|volume|vwap|transactions,session_date,close
IYR,research_data/m77_19_7_2/symbol_specific_polygon_replay_materialization/daily_bars/IYR.daily.csv.gz,16e512878583888cdb24690ba4d506a444a90ff95fc71980fabb6a71a91ac211,session_date|open|high|low|close|volume|vwap|transactions,session_date,close
J,research_data/m77_19_7_2/symbol_specific_polygon_replay_materialization/daily_bars/J.daily.csv.gz,2d238970cb23145f934bd5099ac4a4545ee4941752d38c4dbeebeec4f7fb3bdc,session_date|open|high|low|close|volume|vwap|transactions,session_date,close
JBHT,research_data/m77_19_7_2/symbol_specific_polygon_replay_materialization/daily_bars/JBHT.daily.csv.gz,c8a8f945c70213251224e42b0cebd51d007938f1970ec72fd68d182d642d2207,session_date|open|high|low|close|volume|vwap|transactions,session_date,close
JBL,research_data/m77_19_7_2/symbol_specific_polygon_replay_materialization/daily_bars/JBL.daily.csv.gz,febfe940114b8b3f2a40603d4379a8d01e1d9d910f9817b1e1bd153f55c81b19,session_date|open|high|low|close|volume|vwap|transactions,session_date,close
JCI,research_data/m77_19_7_2/symbol_specific_polygon_replay_materialization/daily_bars/JCI.daily.csv.gz,6395f21dd9552e2c0783d01c215c63bdb46f613ec6807aff53eca63d1809d674,session_date|open|high|low|close|volume|vwap|transactions,session_date,close
JEPI,research_data/m77_19_7_2/symbol_specific_polygon_replay_materialization/daily_bars/JEPI.daily.csv.gz,33ef77b90308be1f2b5e6c44f69d3eabbaabc8ca139d7034d365cccf14341fbc,session_date|open|high|low|close|volume|vwap|transactions,session_date,close
JEPQ,research_data/m77_19_7_2/symbol_specific_polygon_replay_materialization/daily_bars/JEPQ.daily.csv.gz,099e76fdaf0ebf6420f66aaa1e0e1bea33f06fd9787b2be702a5149011651d7c,session_date|open|high|low|close|volume|vwap|transactions,session_date,close
JETS,research_data/m77_19_7_2/symbol_specific_polygon_replay_materialization/daily_bars/JETS.daily.csv.gz,d9b20bf90502a389eff3db2ba0a17c8382498482bb42ea2d0f96cc3d0a6de710,session_date|open|high|low|close|volume|vwap|transactions,session_date,close
JKHY,research_data/m77_19_7_2/symbol_specific_polygon_replay_materialization/daily_bars/JKHY.daily.csv.gz,afbd6d749a121b2b760775f50c4c4ae81b43177206d5be392d1b7b7c28c6d448,session_date|open|high|low|close|volume|vwap|transactions,session_date,close
JNJ,research_data/m77_19_7_2/symbol_specific_polygon_replay_materialization/daily_bars/JNJ.daily.csv.gz,9feda72a6b9d4aaafdfbcc0b1e743eb3835b6abba92bafcb3afb2f2bffa4a8cb,session_date|open|high|low|close|volume|vwap|transactions,session_date,close
JPM,research_data/m77_19_7_2/symbol_specific_polygon_replay_materialization/daily_bars/JPM.daily.csv.gz,a43e82f45bf9c8a6c9d8c0500627b52f9a7e6679e66c8e1589c4e0daeb0d9ae3,session_date|open|high|low|close|volume|vwap|transactions,session_date,close
KBE,research_data/m77_19_7_2/symbol_specific_polygon_replay_materialization/daily_bars/KBE.daily.csv.gz,ebb789306bb246448a776fab5c503a0b2725622b9605a6c510f7ee0c953131e0,session_date|open|high|low|close|volume|vwap|transactions,session_date,close
KDP,research_data/m77_19_7_2/symbol_specific_polygon_replay_materialization/daily_bars/KDP.daily.csv.gz,d18ace8a9e4c436e4fbdccd2a33ba66fae8fffdda3098a43f97377ecf32da0aa,session_date|open|high|low|close|volume|vwap|transactions,session_date,close
KEY,research_data/m77_19_7_2/symbol_specific_polygon_replay_materialization/daily_bars/KEY.daily.csv.gz,7cecb9328b88dbf126af3411c824baa935e5e83246d6d77cd3df215329f933e3,session_date|open|high|low|close|volume|vwap|transactions,session_date,close
KEYS,research_data/m77_19_7_2/symbol_specific_polygon_replay_materialization/daily_bars/KEYS.daily.csv.gz,8680c932ccd74b396125cefe652a42c0f87a78ef56ed10de98ad30b6a36ebcc8,session_date|open|high|low|close|volume|vwap|transactions,session_date,close
KHC,research_data/m77_19_7_2/symbol_specific_polygon_replay_materialization/daily_bars/KHC.daily.csv.gz,b4b5a01a7d534b5144696c7ef4e58cf69f60c6fb2f6a43dec5664c0ac03f7743,session_date|open|high|low|close|volume|vwap|transactions,session_date,close
KIM,research_data/m77_19_7_2/symbol_specific_polygon_replay_materialization/daily_bars/KIM.daily.csv.gz,b5b453bb581cdd5373ab8a5014abae577466581edcf5e0ccc0bf5d4d9be86d7f,session_date|open|high|low|close|volume|vwap|transactions,session_date,close
KKR,research_data/m77_19_7_2/symbol_specific_polygon_replay_materialization/daily_bars/KKR.daily.csv.gz,55b05f5ea7014004c9f91be6f3493a7a7375ee05d51189cc6a519381077c97d2,session_date|open|high|low|close|volume|vwap|transactions,session_date,close
KLAC,research_data/m77_19_7_2/symbol_specific_polygon_replay_materialization/daily_bars/KLAC.daily.csv.gz,6b535df855afea65f1e2251efeb603225f9f7f365e5b45d16c4e0687aaf4045b,session_date|open|high|low|close|volume|vwap|transactions,session_date,close
KMB,research_data/m77_19_7_2/symbol_specific_polygon_replay_materialization/daily_bars/KMB.daily.csv.gz,d63695042639410203606f7f4718d9b2de25336da0e60c9f1d62444b26d8ad51,session_date|open|high|low|close|volume|vwap|transactions,session_date,close
KMI,research_data/m77_19_7_2/symbol_specific_polygon_replay_materialization/daily_bars/KMI.daily.csv.gz,c4da78ee6958ddb3cf2912c1afe717fd5c04160ae28996610e5160a026b35c98,session_date|open|high|low|close|volume|vwap|transactions,session_date,close
KO,research_data/m77_19_7_2/symbol_specific_polygon_replay_materialization/daily_bars/KO.daily.csv.gz,ed42ad5980f2c66bfdebf511c46b0b60c2142e76bd2c5649ce362ee99f38ce72,session_date|open|high|low|close|volume|vwap|transactions,session_date,close
KR,research_data/m77_19_7_2/symbol_specific_polygon_replay_materialization/daily_bars/KR.daily.csv.gz,9935ae8656522cbec00e3609c5d4664131e527f72c4360d7ae132ee0e3aa0ee1,session_date|open|high|low|close|volume|vwap|transactions,session_date,close
KRE,research_data/m77_19_7_2/symbol_specific_polygon_replay_materialization/daily_bars/KRE.daily.csv.gz,dbaed6ed30fb49490863a6dedfd1b28530d58dfd5941253afd324aa9d47e1ae0,session_date|open|high|low|close|volume|vwap|transactions,session_date,close
KVUE,research_data/m77_19_7_2/symbol_specific_polygon_replay_materialization/daily_bars/KVUE.daily.csv.gz,eb604c108bf382d06bdfd7719aac3878cd5c7dc9276ead095673947cbe216022,session_date|open|high|low|close|volume|vwap|transactions,session_date,close
KWEB,research_data/m77_19_7_2/symbol_specific_polygon_replay_materialization/daily_bars/KWEB.daily.csv.gz,e35d5a969647399655a8b77b91dcd3ebd1052f0c20f636abdaca166b4f887161,session_date|open|high|low|close|volume|vwap|transactions,session_date,close
L,research_data/m77_19_7_2/symbol_specific_polygon_replay_materialization/daily_bars/L.daily.csv.gz,b8399a681314c00a39033a83e060af7f9817d2f1804ceda03724ee7d1e9a0d48,session_date|open|high|low|close|volume|vwap|transactions,session_date,close
LDOS,research_data/m77_19_7_2/symbol_specific_polygon_replay_materialization/daily_bars/LDOS.daily.csv.gz,f04d82ac3150a7e8a351157901aef57cba74ad49fb15c1e9ada6cee749bc1715,session_date|open|high|low|close|volume|vwap|transactions,session_date,close
LEN,research_data/m77_19_7_2/symbol_specific_polygon_replay_materialization/daily_bars/LEN.daily.csv.gz,e4d0ea2811e8b33b85d4bf8f9a00493acf5e59789895dbab36b08506fa19d80c,session_date|open|high|low|close|volume|vwap|transactions,session_date,close
LH,research_data/m77_19_7_2/symbol_specific_polygon_replay_materialization/daily_bars/LH.daily.csv.gz,6cab1c01109329bf24b3d1c79b60a41d3de307f40a10f0169354337a252175ba,session_date|open|high|low|close|volume|vwap|transactions,session_date,close
LHX,research_data/m77_19_7_2/symbol_specific_polygon_replay_materialization/daily_bars/LHX.daily.csv.gz,9635673d1dd2d6e9c16f9bea7efcf0134e9e7517f641dd7bc9e4922a5dc16981,session_date|open|high|low|close|volume|vwap|transactions,session_date,close
LII,research_data/m77_19_7_2/symbol_specific_polygon_replay_materialization/daily_bars/LII.daily.csv.gz,bf47f877e24e25b44060fe1a45dd686e08e66778e22e74655b5405d2cc6c36ad,session_date|open|high|low|close|volume|vwap|transactions,session_date,close
LIN,research_data/m77_19_7_2/symbol_specific_polygon_replay_materialization/daily_bars/LIN.daily.csv.gz,31118cfa351ca3dc7ab3fc2c42d31099ee7725d63a19e01a5497073bb7f17d85,session_date|open|high|low|close|volume|vwap|transactions,session_date,close
LITE,research_data/m77_19_7_2/symbol_specific_polygon_replay_materialization/daily_bars/LITE.daily.csv.gz,0560aa7e1903413e40383d6317be4f8e2e4288d5b0132d6271e87e0975216faa,session_date|open|high|low|close|volume|vwap|transactions,session_date,close
LLY,research_data/m77_19_7_2/symbol_specific_polygon_replay_materialization/daily_bars/LLY.daily.csv.gz,163ff82248367b25ad08a67ae41a53dcd04800c5bbd46cc082cd94de9b4393b4,session_date|open|high|low|close|volume|vwap|transactions,session_date,close
LMT,research_data/m77_19_7_2/symbol_specific_polygon_replay_materialization/daily_bars/LMT.daily.csv.gz,0e4ff7fe2e884e3eaf731175d9561f4def2f647b5441e9927074d9ce3083f370,session_date|open|high|low|close|volume|vwap|transactions,session_date,close
LNT,research_data/m77_19_7_2/symbol_specific_polygon_replay_materialization/daily_bars/LNT.daily.csv.gz,5e869867e3dfab444cf8a15b46a638160caeacf24707bf1280a972a2e2cc11bf,session_date|open|high|low|close|volume|vwap|transactions,session_date,close
LOW,research_data/m77_19_7_2/symbol_specific_polygon_replay_materialization/daily_bars/LOW.daily.csv.gz,0c88a7dbd68932c03eb686ef49c1cc08555dbc2583560a688936c3eb0246abc9,session_date|open|high|low|close|volume|vwap|transactions,session_date,close
LQD,research_data/m77_19_7_2/symbol_specific_polygon_replay_materialization/daily_bars/LQD.daily.csv.gz,c6de97772dade84eb6b46233a55bdbd733106955cc2a4f48f88ed2a2c3c8efc1,session_date|open|high|low|close|volume|vwap|transactions,session_date,close
LRCX,research_data/m77_19_7_2/symbol_specific_polygon_replay_materialization/daily_bars/LRCX.daily.csv.gz,14b2c40170b40c0d570a3f274cf771a7925fd5d7c9e0fd92446658396d3b4bcd,session_date|open|high|low|close|volume|vwap|transactions,session_date,close
LULU,research_data/m77_19_7_2/symbol_specific_polygon_replay_materialization/daily_bars/LULU.daily.csv.gz,9ad13adec0073798ffa4cbab9f682a80e1b2b57892375586de570ed86a094e18,session_date|open|high|low|close|volume|vwap|transactions,session_date,close
LUV,research_data/m77_19_7_2/symbol_specific_polygon_replay_materialization/daily_bars/LUV.daily.csv.gz,acba0b2d1823ef3ed3921e338973df07c3ef794cafd63b8dc5d6030694aabb8f,session_date|open|high|low|close|volume|vwap|transactions,session_date,close
LVS,research_data/m77_19_7_2/symbol_specific_polygon_replay_materialization/daily_bars/LVS.daily.csv.gz,ad610ac34e621dc710ac15f3b34594e66c17e8c0437036b65d8c5b2906f1d5b3,session_date|open|high|low|close|volume|vwap|transactions,session_date,close
LYB,research_data/m77_19_7_2/symbol_specific_polygon_replay_materialization/daily_bars/LYB.daily.csv.gz,bf294fd12f3f65610851b0e9c9c046b04b7217da464a87195331f983289f1d40,session_date|open|high|low|close|volume|vwap|transactions,session_date,close
LYV,research_data/m77_19_7_2/symbol_specific_polygon_replay_materialization/daily_bars/LYV.daily.csv.gz,7b8aab72688fb435ad8494af9dbc51cd26b8ca7774894f70174a50250b7d323b,session_date|open|high|low|close|volume|vwap|transactions,session_date,close
MA,research_data/m77_19_7_2/symbol_specific_polygon_replay_materialization/daily_bars/MA.daily.csv.gz,6573be4181aca85d0814253b62d6c4dfb6c5d9f2731047ab44a539a4ca367d55,session_date|open|high|low|close|volume|vwap|transactions,session_date,close
MAA,research_data/m77_19_7_2/symbol_specific_polygon_replay_materialization/daily_bars/MAA.daily.csv.gz,bbe627d76a7541e76132f0b75613e8b47c6c06058a74d614f6829a1acd1fead3,session_date|open|high|low|close|volume|vwap|transactions,session_date,close
MAR,research_data/m77_19_7_2/symbol_specific_polygon_replay_materialization/daily_bars/MAR.daily.csv.gz,083b76bb07e093c9bee37efd8999838afc66dd8807c99f610e0f8956499cfd4d,session_date|open|high|low|close|volume|vwap|transactions,session_date,close
MAS,research_data/m77_19_7_2/symbol_specific_polygon_replay_materialization/daily_bars/MAS.daily.csv.gz,7c83a671ca0fd8c267967e284c662416d1efddd9ff690f1c6e00a42d478bd900,session_date|open|high|low|close|volume|vwap|transactions,session_date,close
MCD,research_data/m77_19_7_2/symbol_specific_polygon_replay_materialization/daily_bars/MCD.daily.csv.gz,a462c06a00a89987137886c1a0d1d214aab3ad3be477e109a8528a81448aee63,session_date|open|high|low|close|volume|vwap|transactions,session_date,close
MCHP,research_data/m77_19_7_2/symbol_specific_polygon_replay_materialization/daily_bars/MCHP.daily.csv.gz,887baf91fcb229d611cdc090d061f93812346a242e9add18cff6e1cecf36aaa9,session_date|open|high|low|close|volume|vwap|transactions,session_date,close
MCK,research_data/m77_19_7_2/symbol_specific_polygon_replay_materialization/daily_bars/MCK.daily.csv.gz,40869219fe0b061b74d428295fb6eaf6df510628c6919000d87c6a2c16d1bb45,session_date|open|high|low|close|volume|vwap|transactions,session_date,close
MCO,research_data/m77_19_7_2/symbol_specific_polygon_replay_materialization/daily_bars/MCO.daily.csv.gz,d67cffa90c11b37525f9849a9931a22ee7e63ef15f945d1458ea6ae595ba49e5,session_date|open|high|low|close|volume|vwap|transactions,session_date,close
MDLZ,research_data/m77_19_7_2/symbol_specific_polygon_replay_materialization/daily_bars/MDLZ.daily.csv.gz,21e2085f30eabf6f8ff1a7b1f4473ab234e4bba4c98f92fe4f538e3cf14934c4,session_date|open|high|low|close|volume|vwap|transactions,session_date,close
MDT,research_data/m77_19_7_2/symbol_specific_polygon_replay_materialization/daily_bars/MDT.daily.csv.gz,2873745713d4965ff708f9e8f467b553e94812a2381eae416c07ea6e76f4e62c,session_date|open|high|low|close|volume|vwap|transactions,session_date,close
MELI,research_data/m77_19_7_2/symbol_specific_polygon_replay_materialization/daily_bars/MELI.daily.csv.gz,9dcfb069d72803f15a4eaaa268f2e3d59c854c2247cb3db433db3fbb11259a5e,session_date|open|high|low|close|volume|vwap|transactions,session_date,close
MET,research_data/m77_19_7_2/symbol_specific_polygon_replay_materialization/daily_bars/MET.daily.csv.gz,a28f3df7cd4b32afd2dc8d52d754808e61654642d25bdfaab025f442c5cd37d8,session_date|open|high|low|close|volume|vwap|transactions,session_date,close
META,research_data/m77_19_7_2/symbol_specific_polygon_replay_materialization/daily_bars/META.daily.csv.gz,dc4d325502dfebc4d37fa22dfde40bdf23fe04f3c9ac9e4c8381e672ad8e35d0,session_date|open|high|low|close|volume|vwap|transactions,session_date,close
MGM,research_data/m77_19_7_2/symbol_specific_polygon_replay_materialization/daily_bars/MGM.daily.csv.gz,59936e7c67c710b5d3afa9ce6203d7fa4b73d8b21b647b244f787e781919aeb1,session_date|open|high|low|close|volume|vwap|transactions,session_date,close
MKC,research_data/m77_19_7_2/symbol_specific_polygon_replay_materialization/daily_bars/MKC.daily.csv.gz,012c15882597b557107f15c4aa7663a230b7ffe9b4d91df12e6353e9c7552e02,session_date|open|high|low|close|volume|vwap|transactions,session_date,close
MLM,research_data/m77_19_7_2/symbol_specific_polygon_replay_materialization/daily_bars/MLM.daily.csv.gz,903387982533fb24372b89904086bc638612f9c8e1e5c7c9dc8da6ab7f4bbcf3,session_date|open|high|low|close|volume|vwap|transactions,session_date,close
MMM,research_data/m77_19_7_2/symbol_specific_polygon_replay_materialization/daily_bars/MMM.daily.csv.gz,18b7d02bda49135c747ae67fd78978491611e7fbaf3e02d6bee8342feee88a8f,session_date|open|high|low|close|volume|vwap|transactions,session_date,close
MNST,research_data/m77_19_7_2/symbol_specific_polygon_replay_materialization/daily_bars/MNST.daily.csv.gz,cf2986c8f5dfc81f304c11d6231ec858a2fec048879d5da7f44483937e70b8eb,session_date|open|high|low|close|volume|vwap|transactions,session_date,close
MO,research_data/m77_19_7_2/symbol_specific_polygon_replay_materialization/daily_bars/MO.daily.csv.gz,07cd714f4c2bfad01a1fc9869d2d4b3e3cb4c0979b5c6dd45e62df8f15f2cbb6,session_date|open|high|low|close|volume|vwap|transactions,session_date,close
MOS,research_data/m77_19_7_2/symbol_specific_polygon_replay_materialization/daily_bars/MOS.daily.csv.gz,c6424e055edee699d580a52245beaf8542221bd3ffe048998647e19f1ac85f79,session_date|open|high|low|close|volume|vwap|transactions,session_date,close
MPC,research_data/m77_19_7_2/symbol_specific_polygon_replay_materialization/daily_bars/MPC.daily.csv.gz,0296070de57e3023884fb5423461a1b3e6b6c72c34c9e61131eb7840ff9a0464,session_date|open|high|low|close|volume|vwap|transactions,session_date,close
MPWR,research_data/m77_19_7_2/symbol_specific_polygon_replay_materialization/daily_bars/MPWR.daily.csv.gz,c3a1bef197c9b2621c7c667a4618ad4d47d760af1d8b831fc8197fb9fd1acdf8,session_date|open|high|low|close|volume|vwap|transactions,session_date,close
MRK,research_data/m77_19_7_2/symbol_specific_polygon_replay_materialization/daily_bars/MRK.daily.csv.gz,0f9bf1089f78ab4e6ba875a6d887e0c0d59151eed5a1fa464142d012e08a91a5,session_date|open|high|low|close|volume|vwap|transactions,session_date,close
MRNA,research_data/m77_19_7_2/symbol_specific_polygon_replay_materialization/daily_bars/MRNA.daily.csv.gz,7a8f679c2d1fff17cc80f18f20be41d9337b66c406e7a1526112fb2d4dd788ec,session_date|open|high|low|close|volume|vwap|transactions,session_date,close
MRVL,research_data/m77_19_7_2/symbol_specific_polygon_replay_materialization/daily_bars/MRVL.daily.csv.gz,3b508c3538f40e8deccf3ed050ed7fecfe344e2b4b4f003351f2069110318470,session_date|open|high|low|close|volume|vwap|transactions,session_date,close
MS,research_data/m77_19_7_2/symbol_specific_polygon_replay_materialization/daily_bars/MS.daily.csv.gz,1898b41f1b8359d432ad6a0697ae9adfb860a3bcd1138a338610ba12d895efcd,session_date|open|high|low|close|volume|vwap|transactions,session_date,close
MSCI,research_data/m77_19_7_2/symbol_specific_polygon_replay_materialization/daily_bars/MSCI.daily.csv.gz,f68a08fd500ea59e42f78e421633ed7935e7ffdf683c00eb226e475d3bae8b45,session_date|open|high|low|close|volume|vwap|transactions,session_date,close
MSFT,research_data/m77_19_7_2/symbol_specific_polygon_replay_materialization/daily_bars/MSFT.daily.csv.gz,1f5c372775887f35b482071ebce93edb6e92257c144fe577beae8e7963c895b9,session_date|open|high|low|close|volume|vwap|transactions,session_date,close
MSI,research_data/m77_19_7_2/symbol_specific_polygon_replay_materialization/daily_bars/MSI.daily.csv.gz,a152078e87466f0cae070fd3a37b814ddcba7dbccccbb6b6df5fd119813d5772,session_date|open|high|low|close|volume|vwap|transactions,session_date,close
MSTR,research_data/m77_19_7_2/symbol_specific_polygon_replay_materialization/daily_bars/MSTR.daily.csv.gz,e47aabbb09d1fbaba7c0e4e353d3ffe9feb40b2ed51ad576ea37f74c4c8fed85,session_date|open|high|low|close|volume|vwap|transactions,session_date,close
MTB,research_data/m77_19_7_2/symbol_specific_polygon_replay_materialization/daily_bars/MTB.daily.csv.gz,8141360aa025c6cddd3cba0e0610eeae04b38f397192edf913b0bbb83929aecc,session_date|open|high|low|close|volume|vwap|transactions,session_date,close
MTD,research_data/m77_19_7_2/symbol_specific_polygon_replay_materialization/daily_bars/MTD.daily.csv.gz,91d63633da10eed7f9c525b345433e419c46817b2b1289d284cc67b4eae7992a,session_date|open|high|low|close|volume|vwap|transactions,session_date,close
MTUM,research_data/m77_19_7_2/symbol_specific_polygon_replay_materialization/daily_bars/MTUM.daily.csv.gz,ac6548912c2fc00ef583e54d4ada8f384d129c7e3571c5e5ac308ce2e5223670,session_date|open|high|low|close|volume|vwap|transactions,session_date,close
MU,research_data/m77_19_7_2/symbol_specific_polygon_replay_materialization/daily_bars/MU.daily.csv.gz,cdb6a92359788f3d8bc4c2001c16f953205f2cd261ce6348589fdf25b0508df7,session_date|open|high|low|close|volume|vwap|transactions,session_date,close
NBIS,research_data/m77_19_7_2/symbol_specific_polygon_replay_materialization/daily_bars/NBIS.daily.csv.gz,0629cded93493328bf42181a11784b9bc20019b3916e9689dc538d93156be391,session_date|open|high|low|close|volume|vwap|transactions,session_date,close
NCLH,research_data/m77_19_7_2/symbol_specific_polygon_replay_materialization/daily_bars/NCLH.daily.csv.gz,629737b407dfe635e6b2b9dfe4c6396de9a7769e91e9efb565911c1314c689a2,session_date|open|high|low|close|volume|vwap|transactions,session_date,close
NDAQ,research_data/m77_19_7_2/symbol_specific_polygon_replay_materialization/daily_bars/NDAQ.daily.csv.gz,328d1cd805b8e9075bf689ed1138065d85dbebfac0296cf8053913ddca73e355,session_date|open|high|low|close|volume|vwap|transactions,session_date,close
NDSN,research_data/m77_19_7_2/symbol_specific_polygon_replay_materialization/daily_bars/NDSN.daily.csv.gz,85f555d3d5b36ad10a7b4c63c8ca50488bde1d8630643618a2488459766eb069,session_date|open|high|low|close|volume|vwap|transactions,session_date,close
NEE,research_data/m77_19_7_2/symbol_specific_polygon_replay_materialization/daily_bars/NEE.daily.csv.gz,bbb8785539d010e0c10fac72de5518baa50d0987718ad0856263d6f090fba468,session_date|open|high|low|close|volume|vwap|transactions,session_date,close
NEM,research_data/m77_19_7_2/symbol_specific_polygon_replay_materialization/daily_bars/NEM.daily.csv.gz,cdf1ece411a00b038875e598ad4e5a411b959ee88c700101b1385b103e2d118e,session_date|open|high|low|close|volume|vwap|transactions,session_date,close
NFLX,research_data/m77_19_7_2/symbol_specific_polygon_replay_materialization/daily_bars/NFLX.daily.csv.gz,9be3855b983b2e65ef2a5dab4998a47f1f75bfc11a35c0edd1ad39cea051845a,session_date|open|high|low|close|volume|vwap|transactions,session_date,close
NI,research_data/m77_19_7_2/symbol_specific_polygon_replay_materialization/daily_bars/NI.daily.csv.gz,fdf846651b544b1943e8a495d9fe0f7ce35363de3b146f6b4e61fcd653f61d97,session_date|open|high|low|close|volume|vwap|transactions,session_date,close
NKE,research_data/m77_19_7_2/symbol_specific_polygon_replay_materialization/daily_bars/NKE.daily.csv.gz,554bc2ac978a99c89eb3d385659639b89b2614eecc6e95abfbde872e25d7c6aa,session_date|open|high|low|close|volume|vwap|transactions,session_date,close
NOC,research_data/m77_19_7_2/symbol_specific_polygon_replay_materialization/daily_bars/NOC.daily.csv.gz,c17d6d7ceff9b5f5c8964210cb25339d346fa2ac98f029a2501d6e14f3e1a57c,session_date|open|high|low|close|volume|vwap|transactions,session_date,close
NOW,research_data/m77_19_7_2/symbol_specific_polygon_replay_materialization/daily_bars/NOW.daily.csv.gz,8865c6c449604d8850986acc0e401e43c8b4b78f79491abc27b26f474a5638ee,session_date|open|high|low|close|volume|vwap|transactions,session_date,close
NRG,research_data/m77_19_7_2/symbol_specific_polygon_replay_materialization/daily_bars/NRG.daily.csv.gz,3fc4acf3e3ece8b5cecfbcb02e6fb30367c3176f9d7e3d53884271ec5db82e97,session_date|open|high|low|close|volume|vwap|transactions,session_date,close
NSC,research_data/m77_19_7_2/symbol_specific_polygon_replay_materialization/daily_bars/NSC.daily.csv.gz,48dbd1a7f3e4173f0a3868c109fa8bb8b09d2e97c4a40e4516ed7abdbbe53b96,session_date|open|high|low|close|volume|vwap|transactions,session_date,close
NTAP,research_data/m77_19_7_2/symbol_specific_polygon_replay_materialization/daily_bars/NTAP.daily.csv.gz,71986d42e9a8d4dd98352a9c196890b8fdc6ce320bcfa1050f5c1a208053a9a0,session_date|open|high|low|close|volume|vwap|transactions,session_date,close
NTRS,research_data/m77_19_7_2/symbol_specific_polygon_replay_materialization/daily_bars/NTRS.daily.csv.gz,ae2cc6d6885f02754659179df943856f81b488198af5d2283a57811b7267029e,session_date|open|high|low|close|volume|vwap|transactions,session_date,close
NUE,research_data/m77_19_7_2/symbol_specific_polygon_replay_materialization/daily_bars/NUE.daily.csv.gz,64c00f628780ea590c127b423d28802ce8e9091e914979df2771c67d35df0be8,session_date|open|high|low|close|volume|vwap|transactions,session_date,close
NVDA,research_data/m77_19_7_2/symbol_specific_polygon_replay_materialization/daily_bars/NVDA.daily.csv.gz,2a90f447f3bc5e22a3472075bbaec732357e00973c107b5a9fbe43083a74e41b,session_date|open|high|low|close|volume|vwap|transactions,session_date,close
NVR,research_data/m77_19_7_2/symbol_specific_polygon_replay_materialization/daily_bars/NVR.daily.csv.gz,48457eaa21225897bce3919a7a6d2b7419f460ebe261522cb21d7450717f3e42,session_date|open|high|low|close|volume|vwap|transactions,session_date,close
NWS,research_data/m77_19_7_2/symbol_specific_polygon_replay_materialization/daily_bars/NWS.daily.csv.gz,8ba3c0b254092953376da9cb8e10ae62687316f5edb403c8565216428b553425,session_date|open|high|low|close|volume|vwap|transactions,session_date,close
NWSA,research_data/m77_19_7_2/symbol_specific_polygon_replay_materialization/daily_bars/NWSA.daily.csv.gz,781885f39ab4975f0326f9cceb79ecd335b710fecb45c172dae7428f893c9356,session_date|open|high|low|close|volume|vwap|transactions,session_date,close
NXPI,research_data/m77_19_7_2/symbol_specific_polygon_replay_materialization/daily_bars/NXPI.daily.csv.gz,2676f99d9742082178f797782386d83cec766d86bd348c6664afe639da801fa6,session_date|open|high|low|close|volume|vwap|transactions,session_date,close
O,research_data/m77_19_7_2/symbol_specific_polygon_replay_materialization/daily_bars/O.daily.csv.gz,fbca010622abebf0063db2d784a097f3368f445dbb08408eb629c1ef4fa93b11,session_date|open|high|low|close|volume|vwap|transactions,session_date,close
ODFL,research_data/m77_19_7_2/symbol_specific_polygon_replay_materialization/daily_bars/ODFL.daily.csv.gz,3ce8dc75dc72cfbc167004e35f17e43ffabb8815b5f8d49e70c8e99e68d6d48a,session_date|open|high|low|close|volume|vwap|transactions,session_date,close
OIH,research_data/m77_19_7_2/symbol_specific_polygon_replay_materialization/daily_bars/OIH.daily.csv.gz,b61131b41a2d370896db6b3e0743a1e2fe7ae2582ce2282bd7b55d716d29eaea,session_date|open|high|low|close|volume|vwap|transactions,session_date,close
OKE,research_data/m77_19_7_2/symbol_specific_polygon_replay_materialization/daily_bars/OKE.daily.csv.gz,42650a8e8ccac82098af7d962389ae26204864ac5d13ac8216956e29e2ff34a9,session_date|open|high|low|close|volume|vwap|transactions,session_date,close
OMC,research_data/m77_19_7_2/symbol_specific_polygon_replay_materialization/daily_bars/OMC.daily.csv.gz,793456084c0e06b80d1283b311538c9a4cd1ef7e78500cd47cef8490657c12a4,session_date|open|high|low|close|volume|vwap|transactions,session_date,close
ON,research_data/m77_19_7_2/symbol_specific_polygon_replay_materialization/daily_bars/ON.daily.csv.gz,b9d24dfaf6c490ae6b962b634ef0cbec7d9ad4aad3394662f5dd2948c2b922d9,session_date|open|high|low|close|volume|vwap|transactions,session_date,close
ORCL,research_data/m77_19_7_2/symbol_specific_polygon_replay_materialization/daily_bars/ORCL.daily.csv.gz,117b1334f1025b1786e4277438b941ab8ca82635cc29f6ca855a3a519be4b392,session_date|open|high|low|close|volume|vwap|transactions,session_date,close
ORLY,research_data/m77_19_7_2/symbol_specific_polygon_replay_materialization/daily_bars/ORLY.daily.csv.gz,c4dadaf2a864f6b05a7e1016e1b617816ba65cc5e2ab750a87a47f74f2259c68,session_date|open|high|low|close|volume|vwap|transactions,session_date,close
OTIS,research_data/m77_19_7_2/symbol_specific_polygon_replay_materialization/daily_bars/OTIS.daily.csv.gz,c7d52d61141e6dac3f04e210e86951a102f5cbc0ef316e0f950f5baf3143fa42,session_date|open|high|low|close|volume|vwap|transactions,session_date,close
OXY,research_data/m77_19_7_2/symbol_specific_polygon_replay_materialization/daily_bars/OXY.daily.csv.gz,cc17fd9ce44f9b8abd6ca6c509c784d7d7cf56560004e0d9082c5e5de1921ce2,session_date|open|high|low|close|volume|vwap|transactions,session_date,close
PANW,research_data/m77_19_7_2/symbol_specific_polygon_replay_materialization/daily_bars/PANW.daily.csv.gz,86101dcbcb2063c7113596a9ea03563e48ad609335c5f9ef29dcb3821052b806,session_date|open|high|low|close|volume|vwap|transactions,session_date,close
PAYX,research_data/m77_19_7_2/symbol_specific_polygon_replay_materialization/daily_bars/PAYX.daily.csv.gz,aafb1683d78c4f630e06e62d4a3773a32583196ffae4ea8a89432927b6f6e092,session_date|open|high|low|close|volume|vwap|transactions,session_date,close
PCAR,research_data/m77_19_7_2/symbol_specific_polygon_replay_materialization/daily_bars/PCAR.daily.csv.gz,7acf7ccdc6a5befafe7ae917b42fc72864c205b6143fc2e3d357aa1417b89152,session_date|open|high|low|close|volume|vwap|transactions,session_date,close
PCG,research_data/m77_19_7_2/symbol_specific_polygon_replay_materialization/daily_bars/PCG.daily.csv.gz,a13d464718cdbc1f399be2f7881a88cceffa16f463fbb2852b042ee9480b6b76,session_date|open|high|low|close|volume|vwap|transactions,session_date,close
PDD,research_data/m77_19_7_2/symbol_specific_polygon_replay_materialization/daily_bars/PDD.daily.csv.gz,7d0248ad91b51327651741e3c7a8e0da426216ab6b67c72b669649b24a17935c,session_date|open|high|low|close|volume|vwap|transactions,session_date,close
PEG,research_data/m77_19_7_2/symbol_specific_polygon_replay_materialization/daily_bars/PEG.daily.csv.gz,ff2f1164f8d1b05212cac6d8c111cd50c65c8adbccb3da50d2092daaee5ab9da,session_date|open|high|low|close|volume|vwap|transactions,session_date,close
PEP,research_data/m77_19_7_2/symbol_specific_polygon_replay_materialization/daily_bars/PEP.daily.csv.gz,05858724cd9010ba29a2d62cf8b4cf16bb57059e69b15527ff617f41aa75bde2,session_date|open|high|low|close|volume|vwap|transactions,session_date,close
PFE,research_data/m77_19_7_2/symbol_specific_polygon_replay_materialization/daily_bars/PFE.daily.csv.gz,5637e04ad0180db909018d7ebec58addf0c3fd1168402d6c92f85c28e1133075,session_date|open|high|low|close|volume|vwap|transactions,session_date,close
PFG,research_data/m77_19_7_2/symbol_specific_polygon_replay_materialization/daily_bars/PFG.daily.csv.gz,cc74502d30e51928cf77705b033c14172e8b03bf3147d25cc42c594d2a0bd0e6,session_date|open|high|low|close|volume|vwap|transactions,session_date,close
PG,research_data/m77_19_7_2/symbol_specific_polygon_replay_materialization/daily_bars/PG.daily.csv.gz,6251c5b2b0459c76e33941321b9ec6ccf5aa2257dd5fef7796bbb8c883f1e586,session_date|open|high|low|close|volume|vwap|transactions,session_date,close
PGR,research_data/m77_19_7_2/symbol_specific_polygon_replay_materialization/daily_bars/PGR.daily.csv.gz,f2d1f0c24ce8d1e8d3c84cac2cb81c8d438235fe6e0d3165c7c56bd3fcc7e05b,session_date|open|high|low|close|volume|vwap|transactions,session_date,close
PH,research_data/m77_19_7_2/symbol_specific_polygon_replay_materialization/daily_bars/PH.daily.csv.gz,e2140c48c5726fc272ebc0c8367101092e7f0438c2da13652234d50748ee3f16,session_date|open|high|low|close|volume|vwap|transactions,session_date,close
PHM,research_data/m77_19_7_2/symbol_specific_polygon_replay_materialization/daily_bars/PHM.daily.csv.gz,7d9947657fb99c560e29bc6ddf50eaac9dd4f56de9ba1ae32e45e1aba3f0cbdb,session_date|open|high|low|close|volume|vwap|transactions,session_date,close
PKG,research_data/m77_19_7_2/symbol_specific_polygon_replay_materialization/daily_bars/PKG.daily.csv.gz,e9ac480127c50f192ec18892e9bb1499ca10cada50aca13b15cb65aae1ff70a9,session_date|open|high|low|close|volume|vwap|transactions,session_date,close
PLD,research_data/m77_19_7_2/symbol_specific_polygon_replay_materialization/daily_bars/PLD.daily.csv.gz,107eaf7ac847f15744dde2cca80da18fb0278891ee807fa2e9f3155ec9011ba3,session_date|open|high|low|close|volume|vwap|transactions,session_date,close
PLTR,research_data/m77_19_7_2/symbol_specific_polygon_replay_materialization/daily_bars/PLTR.daily.csv.gz,733ca9c6a505db2d1afca3325e5cab978882983be7e5aa9bab27743931b09109,session_date|open|high|low|close|volume|vwap|transactions,session_date,close
PM,research_data/m77_19_7_2/symbol_specific_polygon_replay_materialization/daily_bars/PM.daily.csv.gz,91821decd4b97550fbf594ace103b5faee148af6ac317ab404ef11cb7d3a7cf9,session_date|open|high|low|close|volume|vwap|transactions,session_date,close
PNC,research_data/m77_19_7_2/symbol_specific_polygon_replay_materialization/daily_bars/PNC.daily.csv.gz,b9035940de2df12853383ebfbe62f2c5f4f039e28b8c0cb8229084b25be3344a,session_date|open|high|low|close|volume|vwap|transactions,session_date,close
PNR,research_data/m77_19_7_2/symbol_specific_polygon_replay_materialization/daily_bars/PNR.daily.csv.gz,92fd75bd7d8790ff0f5c3ed2340f28b7c7365d06c8d6eba7c17e7b28b76e986f,session_date|open|high|low|close|volume|vwap|transactions,session_date,close
PNW,research_data/m77_19_7_2/symbol_specific_polygon_replay_materialization/daily_bars/PNW.daily.csv.gz,ad226cd4db24c065ffb27ff0dbef8299a0e5cfcd15ee7d7a5ea992f057c8525d,session_date|open|high|low|close|volume|vwap|transactions,session_date,close
PODD,research_data/m77_19_7_2/symbol_specific_polygon_replay_materialization/daily_bars/PODD.daily.csv.gz,790da3d3eb9c6b7c00c75c33221283d60c037d17b73905279c056f3b71c4fa03,session_date|open|high|low|close|volume|vwap|transactions,session_date,close
PPG,research_data/m77_19_7_2/symbol_specific_polygon_replay_materialization/daily_bars/PPG.daily.csv.gz,a97ed2128c0c608044a6eca6b939a57c24c2895f9dec663943c652cd8168350c,session_date|open|high|low|close|volume|vwap|transactions,session_date,close
PPL,research_data/m77_19_7_2/symbol_specific_polygon_replay_materialization/daily_bars/PPL.daily.csv.gz,2ae2b26ff198cccdaeac1bd08064e6e029500c4d245eb040faea04d98768bbe2,session_date|open|high|low|close|volume|vwap|transactions,session_date,close
PRU,research_data/m77_19_7_2/symbol_specific_polygon_replay_materialization/daily_bars/PRU.daily.csv.gz,88109c47e782c6db9c16516b47f69d60c6d2628fc61b5ecfebad74eff95c5437,session_date|open|high|low|close|volume|vwap|transactions,session_date,close
PSA,research_data/m77_19_7_2/symbol_specific_polygon_replay_materialization/daily_bars/PSA.daily.csv.gz,612a56f47b7ac5033f66fda128b0bdcf7762a25ab4c7e585b36cd5f8a8a320a8,session_date|open|high|low|close|volume|vwap|transactions,session_date,close
PSX,research_data/m77_19_7_2/symbol_specific_polygon_replay_materialization/daily_bars/PSX.daily.csv.gz,a2710a229f8b4b74317adc4a493ef072a683f5b12436596a6371982211167ab8,session_date|open|high|low|close|volume|vwap|transactions,session_date,close
PTC,research_data/m77_19_7_2/symbol_specific_polygon_replay_materialization/daily_bars/PTC.daily.csv.gz,9522501e4cac0f111519072ba860e86abb64fe1b51cafb648ae9bdf35d6e0e8d,session_date|open|high|low|close|volume|vwap|transactions,session_date,close
PWR,research_data/m77_19_7_2/symbol_specific_polygon_replay_materialization/daily_bars/PWR.daily.csv.gz,d1e4afc45c2fc26a850a8b1437db45f6410dd5f2cda90282d93d15dfe9e17f8a,session_date|open|high|low|close|volume|vwap|transactions,session_date,close
PYPL,research_data/m77_19_7_2/symbol_specific_polygon_replay_materialization/daily_bars/PYPL.daily.csv.gz,55dd8d80fbc237a575577aa9c4e2db0dd9630962e5c4f2e0d7a30a64e0d0b9fe,session_date|open|high|low|close|volume|vwap|transactions,session_date,close
QCOM,research_data/m77_19_7_2/symbol_specific_polygon_replay_materialization/daily_bars/QCOM.daily.csv.gz,eb640acd956c2296f236a3856384c0e269c0055868bbdecc43debcdb38d67dee,session_date|open|high|low|close|volume|vwap|transactions,session_date,close
QQQ,research_data/m77_19_7_2/symbol_specific_polygon_replay_materialization/daily_bars/QQQ.daily.csv.gz,904c33e3702c6c3c2779aa97bc7687df1ea680e8bf68d2336dd5af6d7ea687a4,session_date|open|high|low|close|volume|vwap|transactions,session_date,close
QQQM,research_data/m77_19_7_2/symbol_specific_polygon_replay_materialization/daily_bars/QQQM.daily.csv.gz,06a2d134d85b58d261778fd29d462b1272cf0ec32dd0de0b4ddb5c93c7242bc1,session_date|open|high|low|close|volume|vwap|transactions,session_date,close
QUAL,research_data/m77_19_7_2/symbol_specific_polygon_replay_materialization/daily_bars/QUAL.daily.csv.gz,7dc9b1fa69bc548f43e3c0c0ef0b087ded4f570d8e2274f7b0e27a27233d394f,session_date|open|high|low|close|volume|vwap|transactions,session_date,close
RCL,research_data/m77_19_7_2/symbol_specific_polygon_replay_materialization/daily_bars/RCL.daily.csv.gz,f8e1293365bcebe00ed14d35edff43efef8785b1ffb1af6840bc5f6bb716b205,session_date|open|high|low|close|volume|vwap|transactions,session_date,close
REG,research_data/m77_19_7_2/symbol_specific_polygon_replay_materialization/daily_bars/REG.daily.csv.gz,fe1dd0e848ce4a9e006c8fb82177aa9e327f96d9394b6873090e45385b898528,session_date|open|high|low|close|volume|vwap|transactions,session_date,close
REGN,research_data/m77_19_7_2/symbol_specific_polygon_replay_materialization/daily_bars/REGN.daily.csv.gz,4950d82ac901366de4f6eef9a184e1f6dd8f45f35c2c5fd3e6c7551fa1bcd2eb,session_date|open|high|low|close|volume|vwap|transactions,session_date,close
RF,research_data/m77_19_7_2/symbol_specific_polygon_replay_materialization/daily_bars/RF.daily.csv.gz,551a1a58f5a492f72c95abec73b44eac1e10d89321cb58eb47a1255c5bd05dd0,session_date|open|high|low|close|volume|vwap|transactions,session_date,close
RJF,research_data/m77_19_7_2/symbol_specific_polygon_replay_materialization/daily_bars/RJF.daily.csv.gz,1c3037758ced61161bc3a21c562b1728f9c8dd0c004abecab2100abc7cb4b250,session_date|open|high|low|close|volume|vwap|transactions,session_date,close
RKLB,research_data/m77_19_7_2/symbol_specific_polygon_replay_materialization/daily_bars/RKLB.daily.csv.gz,7ebefc0cdea6dce64058ddfd4fac2adc526b1c6952efd22800795030b7d883a6,session_date|open|high|low|close|volume|vwap|transactions,session_date,close
RL,research_data/m77_19_7_2/symbol_specific_polygon_replay_materialization/daily_bars/RL.daily.csv.gz,4323dfaba0a9cfb0dff2d04409a0bb862cfb6da9da3da11ec984c2f2e0e0e4ac,session_date|open|high|low|close|volume|vwap|transactions,session_date,close
RMD,research_data/m77_19_7_2/symbol_specific_polygon_replay_materialization/daily_bars/RMD.daily.csv.gz,0be93e615f395eaeb7d405fdd64b0c2f9a9a610229a087b543adcefc69bb10a9,session_date|open|high|low|close|volume|vwap|transactions,session_date,close
ROK,research_data/m77_19_7_2/symbol_specific_polygon_replay_materialization/daily_bars/ROK.daily.csv.gz,b56b8509079ea25762c5a8236a6da76062b0eb4d293ff688016e4d8b0001c78b,session_date|open|high|low|close|volume|vwap|transactions,session_date,close
ROL,research_data/m77_19_7_2/symbol_specific_polygon_replay_materialization/daily_bars/ROL.daily.csv.gz,4f5530aa7be479393aa2881533375ee8e092dd5a734deb9aeac8955f9c618bef,session_date|open|high|low|close|volume|vwap|transactions,session_date,close
ROP,research_data/m77_19_7_2/symbol_specific_polygon_replay_materialization/daily_bars/ROP.daily.csv.gz,32a6088d56e318f6a166ab21db3185196291b2f59ae3f20983797f11a99aff04,session_date|open|high|low|close|volume|vwap|transactions,session_date,close
ROST,research_data/m77_19_7_2/symbol_specific_polygon_replay_materialization/daily_bars/ROST.daily.csv.gz,ebb2a1fea50a8510b85c0bc455280ea819076bcb449b8f3e35c73eb60046c73a,session_date|open|high|low|close|volume|vwap|transactions,session_date,close
RSG,research_data/m77_19_7_2/symbol_specific_polygon_replay_materialization/daily_bars/RSG.daily.csv.gz,f90266dbaddfd4caa492552b7c835e33c4990ce2201c946c962d47ec42eaefd2,session_date|open|high|low|close|volume|vwap|transactions,session_date,close
RSP,research_data/m77_19_7_2/symbol_specific_polygon_replay_materialization/daily_bars/RSP.daily.csv.gz,33e9066cffa14f3b5981081e23a2940e5acd99b4d43817cf03b5b957b97e22f7,session_date|open|high|low|close|volume|vwap|transactions,session_date,close
RTX,research_data/m77_19_7_2/symbol_specific_polygon_replay_materialization/daily_bars/RTX.daily.csv.gz,283abef64e20c9770f67058922d4963933abab5160d33f2d98673a750497b17e,session_date|open|high|low|close|volume|vwap|transactions,session_date,close
RVTY,research_data/m77_19_7_2/symbol_specific_polygon_replay_materialization/daily_bars/RVTY.daily.csv.gz,6623b6a53213c319882622e7062ba10d4a121d8499a0a97b30eafe0888116e34,session_date|open|high|low|close|volume|vwap|transactions,session_date,close
SBAC,research_data/m77_19_7_2/symbol_specific_polygon_replay_materialization/daily_bars/SBAC.daily.csv.gz,cc4ca127c7cbf860f301a703434d5dcc76b5fd783e51abef57dcdf5cdccf6a29,session_date|open|high|low|close|volume|vwap|transactions,session_date,close
SBUX,research_data/m77_19_7_2/symbol_specific_polygon_replay_materialization/daily_bars/SBUX.daily.csv.gz,40b91b09029aa386a062bdf10d9a76c3aeca52818fd96b10ba1b998ae543e7e0,session_date|open|high|low|close|volume|vwap|transactions,session_date,close
SCHB,research_data/m77_19_7_2/symbol_specific_polygon_replay_materialization/daily_bars/SCHB.daily.csv.gz,8ff4dd55d32e4c08452945342bc38612ff8fb6738b7e6a35355fd2457582ecb2,session_date|open|high|low|close|volume|vwap|transactions,session_date,close
SCHD,research_data/m77_19_7_2/symbol_specific_polygon_replay_materialization/daily_bars/SCHD.daily.csv.gz,14167d64792b7a17d87a5a9e1192f61214e3a07ee84819ddee895caa6f553759,session_date|open|high|low|close|volume|vwap|transactions,session_date,close
SCHW,research_data/m77_19_7_2/symbol_specific_polygon_replay_materialization/daily_bars/SCHW.daily.csv.gz,386cc5a9cf68c6558970013a6cdaa5062c170844ce758fa7df21078047ded241,session_date|open|high|low|close|volume|vwap|transactions,session_date,close
SHOP,research_data/m77_19_7_2/symbol_specific_polygon_replay_materialization/daily_bars/SHOP.daily.csv.gz,79cd09aaa77174acafe744302c23f37a4dcab42f12446a120b206d67ac30f31f,session_date|open|high|low|close|volume|vwap|transactions,session_date,close
SHW,research_data/m77_19_7_2/symbol_specific_polygon_replay_materialization/daily_bars/SHW.daily.csv.gz,3896e9b9e11fae7e707187e5331491caf6690d061c81379676c86bce74e69e0e,session_date|open|high|low|close|volume|vwap|transactions,session_date,close
SHY,research_data/m77_19_7_2/symbol_specific_polygon_replay_materialization/daily_bars/SHY.daily.csv.gz,e4c6d20b3321ca36703081bcd083e9510115a75005fd718f58c389fd2b4d7c5d,session_date|open|high|low|close|volume|vwap|transactions,session_date,close
SJM,research_data/m77_19_7_2/symbol_specific_polygon_replay_materialization/daily_bars/SJM.daily.csv.gz,287e94bb9f54576f693d475ca1b44ed818dde949d5796fb871780773e3458fbd,session_date|open|high|low|close|volume|vwap|transactions,session_date,close
SKYY,research_data/m77_19_7_2/symbol_specific_polygon_replay_materialization/daily_bars/SKYY.daily.csv.gz,c1bc1e9d83b9cc33f4b75a1d3473d856b85c7f6ae385ef134e7a8c9b55b9ddf0,session_date|open|high|low|close|volume|vwap|transactions,session_date,close
SLB,research_data/m77_19_7_2/symbol_specific_polygon_replay_materialization/daily_bars/SLB.daily.csv.gz,98c87dfb1bcd7a64859c9056cdff03fc3a71753e7194c9f46d9cf1f71e0a4431,session_date|open|high|low|close|volume|vwap|transactions,session_date,close
SLV,research_data/m77_19_7_2/symbol_specific_polygon_replay_materialization/daily_bars/SLV.daily.csv.gz,61b5d12cc5699ad40c19750fec3edb3260f999953e593e4064fce1ae9a46c090,session_date|open|high|low|close|volume|vwap|transactions,session_date,close
SMCI,research_data/m77_19_7_2/symbol_specific_polygon_replay_materialization/daily_bars/SMCI.daily.csv.gz,46f6a4dc32ba58332ed4e40a621c8a2420766d25dfe4847b7d2f9104d0c663cb,session_date|open|high|low|close|volume|vwap|transactions,session_date,close
SMH,research_data/m77_19_7_2/symbol_specific_polygon_replay_materialization/daily_bars/SMH.daily.csv.gz,f1fd6254c40d5423c9d46c4c728aed68661e838697d101094b2efbc026ac43a3,session_date|open|high|low|close|volume|vwap|transactions,session_date,close
SNA,research_data/m77_19_7_2/symbol_specific_polygon_replay_materialization/daily_bars/SNA.daily.csv.gz,17ebe8cac76a75c6a45712b4b7911bae78ff62a5dbda06d66c89f0ef790acb1c,session_date|open|high|low|close|volume|vwap|transactions,session_date,close
SNDK,research_data/m77_19_7_2/symbol_specific_polygon_replay_materialization/daily_bars/SNDK.daily.csv.gz,d66ca183ca7e536cae994e4079f0368e9408f6e6ecd4c0744ae2b680e91e51a0,session_date|open|high|low|close|volume|vwap|transactions,session_date,close
SNPS,research_data/m77_19_7_2/symbol_specific_polygon_replay_materialization/daily_bars/SNPS.daily.csv.gz,74bfc1ea51c68babe13b1b4c46312188da3b2ac9c162abb921af8b686242192d,session_date|open|high|low|close|volume|vwap|transactions,session_date,close
SO,research_data/m77_19_7_2/symbol_specific_polygon_replay_materialization/daily_bars/SO.daily.csv.gz,d48ad875ea6a200e434af78eaccc68e71f6568bdd11ee5110e0e94eebf574329,session_date|open|high|low|close|volume|vwap|transactions,session_date,close
SOLV,research_data/m77_19_7_2/symbol_specific_polygon_replay_materialization/daily_bars/SOLV.daily.csv.gz,d6aa29a68f6820b5809fb19f967d87eb55f04168210568cf9a1922103081e18d,session_date|open|high|low|close|volume|vwap|transactions,session_date,close
SOXX,research_data/m77_19_7_2/symbol_specific_polygon_replay_materialization/daily_bars/SOXX.daily.csv.gz,fe789dd874f5ec9df8e94b5a7226fcc4a1ffaff7bbb77bc67ef2c5cf1407b2c3,session_date|open|high|low|close|volume|vwap|transactions,session_date,close
SPG,research_data/m77_19_7_2/symbol_specific_polygon_replay_materialization/daily_bars/SPG.daily.csv.gz,49220f09ccabd8b7eb53ae5aa4599aefe88d90b52e3f8d31309e6d8f504d9d4f,session_date|open|high|low|close|volume|vwap|transactions,session_date,close
SPGI,research_data/m77_19_7_2/symbol_specific_polygon_replay_materialization/daily_bars/SPGI.daily.csv.gz,5b027ca6370075f0d999745960d9c4d58e54670fd3de116054c57767b8c6b644,session_date|open|high|low|close|volume|vwap|transactions,session_date,close
SPXU,research_data/m77_19_7_2/symbol_specific_polygon_replay_materialization/daily_bars/SPXU.daily.csv.gz,d35bb6d57889214c40a404ea0e2e3e07cf4dda8a82f737a52984e8c3db506d10,session_date|open|high|low|close|volume|vwap|transactions,session_date,close
SPY,research_data/m77_19_7_2/symbol_specific_polygon_replay_materialization/daily_bars/SPY.daily.csv.gz,12510d08659753b0a5c077687ab83be90fa2e9d24f5f3af6e829db989d4506c9,session_date|open|high|low|close|volume|vwap|transactions,session_date,close
SQQQ,research_data/m77_19_7_2/symbol_specific_polygon_replay_materialization/daily_bars/SQQQ.daily.csv.gz,296999046b4b07845efc1056a9fc57e2672ae9191d86ba6f4a1e298136567a46,session_date|open|high|low|close|volume|vwap|transactions,session_date,close
SRE,research_data/m77_19_7_2/symbol_specific_polygon_replay_materialization/daily_bars/SRE.daily.csv.gz,38bde0c670392e01818b4f75a522b5e0ed3f9d32af6c5480299b97f04718bdf8,session_date|open|high|low|close|volume|vwap|transactions,session_date,close
STE,research_data/m77_19_7_2/symbol_specific_polygon_replay_materialization/daily_bars/STE.daily.csv.gz,10f70f1c3b553519f3a8fc7024fda2776be0658dc8815af799019f477de141eb,session_date|open|high|low|close|volume|vwap|transactions,session_date,close
STLD,research_data/m77_19_7_2/symbol_specific_polygon_replay_materialization/daily_bars/STLD.daily.csv.gz,891e2ba3d072293e8e197f212992a689dddd80d84e6f9a2f8cd76310b1d4a557,session_date|open|high|low|close|volume|vwap|transactions,session_date,close
STT,research_data/m77_19_7_2/symbol_specific_polygon_replay_materialization/daily_bars/STT.daily.csv.gz,6703ecc0cbfc0f27f6c5b63a648652390d4924eb9378bff8de2b2f177fd6d2c9,session_date|open|high|low|close|volume|vwap|transactions,session_date,close
STX,research_data/m77_19_7_2/symbol_specific_polygon_replay_materialization/daily_bars/STX.daily.csv.gz,6f50c3f6c5548d10df1124e340836cbab5ee0cc2bfc926a73eb0a73520916082,session_date|open|high|low|close|volume|vwap|transactions,session_date,close
STZ,research_data/m77_19_7_2/symbol_specific_polygon_replay_materialization/daily_bars/STZ.daily.csv.gz,322e9652cfe73f4bcaa4ab02776eb33e0d62cd9882a704acce08cad4d1da7f29,session_date|open|high|low|close|volume|vwap|transactions,session_date,close
SW,research_data/m77_19_7_2/symbol_specific_polygon_replay_materialization/daily_bars/SW.daily.csv.gz,9c16718753f71a9100c54edf25f1835790c4a6e65fa7f65b660b581791768a1d,session_date|open|high|low|close|volume|vwap|transactions,session_date,close
SWK,research_data/m77_19_7_2/symbol_specific_polygon_replay_materialization/daily_bars/SWK.daily.csv.gz,9450ef2d35db5d1626983e4e7e57df69a5decd32577d00b22b6381617d698c75,session_date|open|high|low|close|volume|vwap|transactions,session_date,close
SWKS,research_data/m77_19_7_2/symbol_specific_polygon_replay_materialization/daily_bars/SWKS.daily.csv.gz,0972ae3fe9c7053896e3f86e0f513c7a340297d37235a671cf3484b1f76f7084,session_date|open|high|low|close|volume|vwap|transactions,session_date,close
SYF,research_data/m77_19_7_2/symbol_specific_polygon_replay_materialization/daily_bars/SYF.daily.csv.gz,6f495af7f74c2480acbc8c8f9aebfdf4f0f8be21e837c4b0c8937de318c0971e,session_date|open|high|low|close|volume|vwap|transactions,session_date,close
SYK,research_data/m77_19_7_2/symbol_specific_polygon_replay_materialization/daily_bars/SYK.daily.csv.gz,f2aec5b7ba9c8f09fdddcff372d4115d2a9897ed360cc727180291997424b096,session_date|open|high|low|close|volume|vwap|transactions,session_date,close
SYY,research_data/m77_19_7_2/symbol_specific_polygon_replay_materialization/daily_bars/SYY.daily.csv.gz,173159d19fe14c19f76c7951c60f4309c988e900623d318c2dc00382d2b68d9b,session_date|open|high|low|close|volume|vwap|transactions,session_date,close
T,research_data/m77_19_7_2/symbol_specific_polygon_replay_materialization/daily_bars/T.daily.csv.gz,af94eb391dd41a5772c617f32a2da68c619ad31e66a1775a499032bf546883f3,session_date|open|high|low|close|volume|vwap|transactions,session_date,close
TAN,research_data/m77_19_7_2/symbol_specific_polygon_replay_materialization/daily_bars/TAN.daily.csv.gz,195d2367b4625c3266880186ec5a4db4938620372c54c8ef1557c98d706905ab,session_date|open|high|low|close|volume|vwap|transactions,session_date,close
TAP,research_data/m77_19_7_2/symbol_specific_polygon_replay_materialization/daily_bars/TAP.daily.csv.gz,839df1c7fedb1fe378570d16b819dd4abd61228f2823c77802999181569daddc,session_date|open|high|low|close|volume|vwap|transactions,session_date,close
TDG,research_data/m77_19_7_2/symbol_specific_polygon_replay_materialization/daily_bars/TDG.daily.csv.gz,7ce016b655ce03ea3140c9e2229ef926a295ff7d52dbfb6c792088acb1ee59ed,session_date|open|high|low|close|volume|vwap|transactions,session_date,close
TDY,research_data/m77_19_7_2/symbol_specific_polygon_replay_materialization/daily_bars/TDY.daily.csv.gz,4ee1ca3c640b9d76170ebb08e6a21fe5d41f50dddf9784d48ef0639023e03c43,session_date|open|high|low|close|volume|vwap|transactions,session_date,close
TECH,research_data/m77_19_7_2/symbol_specific_polygon_replay_materialization/daily_bars/TECH.daily.csv.gz,ce497738de3bf6f74bfe59c3d7de2ec4a84ace07b5b729d76f92c86b912756e8,session_date|open|high|low|close|volume|vwap|transactions,session_date,close
TEL,research_data/m77_19_7_2/symbol_specific_polygon_replay_materialization/daily_bars/TEL.daily.csv.gz,d6d224a092b51afc47dd8c35b02539f57915813ba356db2f57e0daa8a082b405,session_date|open|high|low|close|volume|vwap|transactions,session_date,close
TER,research_data/m77_19_7_2/symbol_specific_polygon_replay_materialization/daily_bars/TER.daily.csv.gz,fb5aa0945d79a6f03ecb365cfa92a96554acdbc1e41e9a1d33431518150d8ed7,session_date|open|high|low|close|volume|vwap|transactions,session_date,close
TFC,research_data/m77_19_7_2/symbol_specific_polygon_replay_materialization/daily_bars/TFC.daily.csv.gz,b0a5b6d430bd0de9c3fe31114860e0fdf808fdf9ec50a74530fdc0986dd627b5,session_date|open|high|low|close|volume|vwap|transactions,session_date,close
TGT,research_data/m77_19_7_2/symbol_specific_polygon_replay_materialization/daily_bars/TGT.daily.csv.gz,77564e33e5c93d85118ef4f587c5749c40236d0227395b872eda67e3977df4f6,session_date|open|high|low|close|volume|vwap|transactions,session_date,close
TIP,research_data/m77_19_7_2/symbol_specific_polygon_replay_materialization/daily_bars/TIP.daily.csv.gz,eb9ffa9c30d6eb7c5b37e8aae76e5999cc0b2da06d5516d207b518c00bd3cb8b,session_date|open|high|low|close|volume|vwap|transactions,session_date,close
TJX,research_data/m77_19_7_2/symbol_specific_polygon_replay_materialization/daily_bars/TJX.daily.csv.gz,8c6338db533c552b7dfbb30daed0bfbddd7d1ac4eeb76770aa422673b7fb84e0,session_date|open|high|low|close|volume|vwap|transactions,session_date,close
TKO,research_data/m77_19_7_2/symbol_specific_polygon_replay_materialization/daily_bars/TKO.daily.csv.gz,44650074ee7f38c56f20f96607d0fa3d101a55760dd76a4c2113c0444a46388e,session_date|open|high|low|close|volume|vwap|transactions,session_date,close
TLT,research_data/m77_19_7_2/symbol_specific_polygon_replay_materialization/daily_bars/TLT.daily.csv.gz,0df7bfa02f778ab0ffd48c799404251f55fec9417fc6158796fa002308739bc6,session_date|open|high|low|close|volume|vwap|transactions,session_date,close
TMO,research_data/m77_19_7_2/symbol_specific_polygon_replay_materialization/daily_bars/TMO.daily.csv.gz,256ad565509ef6e9277fb95ea08b8ff7c4cd96f6361b795bbc57cff4940f14bf,session_date|open|high|low|close|volume|vwap|transactions,session_date,close
TMUS,research_data/m77_19_7_2/symbol_specific_polygon_replay_materialization/daily_bars/TMUS.daily.csv.gz,68467ced048fdcbdb71c2ebbdfc79037634da75d513a46b7d4635caeecf86e6b,session_date|open|high|low|close|volume|vwap|transactions,session_date,close
TPL,research_data/m77_19_7_2/symbol_specific_polygon_replay_materialization/daily_bars/TPL.daily.csv.gz,618c88c05d243677ab625461536460d55f7c0e64a322a85f3fa2e54a3251bd6c,session_date|open|high|low|close|volume|vwap|transactions,session_date,close
TPR,research_data/m77_19_7_2/symbol_specific_polygon_replay_materialization/daily_bars/TPR.daily.csv.gz,adb18d3c6a873da1e2665d0f4bd2be6e886244af1801ebfd957ee72e98a2e5cb,session_date|open|high|low|close|volume|vwap|transactions,session_date,close
TQQQ,research_data/m77_19_7_2/symbol_specific_polygon_replay_materialization/daily_bars/TQQQ.daily.csv.gz,775b70fbe16873f319e85b0afcf48f91c059af6c1703e35fc59c876d34b8e446,session_date|open|high|low|close|volume|vwap|transactions,session_date,close
TRGP,research_data/m77_19_7_2/symbol_specific_polygon_replay_materialization/daily_bars/TRGP.daily.csv.gz,5cdac2c2ef8da891bc3788789013360ff5bc0c042d61805a272160ae7832d814,session_date|open|high|low|close|volume|vwap|transactions,session_date,close
TRI,research_data/m77_19_7_2/symbol_specific_polygon_replay_materialization/daily_bars/TRI.daily.csv.gz,9ee90eb6b2489c5f11e82399de0630bfe0db2038305a56d0417cca2b3125a4f5,session_date|open|high|low|close|volume|vwap|transactions,session_date,close
TRMB,research_data/m77_19_7_2/symbol_specific_polygon_replay_materialization/daily_bars/TRMB.daily.csv.gz,2cd44c9c2be06525901cbdc6c40d69269ddc01ff0aa22a25bf333cbb3536b909,session_date|open|high|low|close|volume|vwap|transactions,session_date,close
TROW,research_data/m77_19_7_2/symbol_specific_polygon_replay_materialization/daily_bars/TROW.daily.csv.gz,90d182d9bce0c39267b5e094d81d4413e6da467b5ead98927ac6da19857dc04d,session_date|open|high|low|close|volume|vwap|transactions,session_date,close
TRV,research_data/m77_19_7_2/symbol_specific_polygon_replay_materialization/daily_bars/TRV.daily.csv.gz,60ea13cd907d23ba45a8824fca304d38a46b839026660c45f271492e49ad09db,session_date|open|high|low|close|volume|vwap|transactions,session_date,close
TSCO,research_data/m77_19_7_2/symbol_specific_polygon_replay_materialization/daily_bars/TSCO.daily.csv.gz,3b053d95ce02004570a57c90e003ef106f93c3fc77895d090891b1252de0a9bf,session_date|open|high|low|close|volume|vwap|transactions,session_date,close
TSLA,research_data/m77_19_7_2/symbol_specific_polygon_replay_materialization/daily_bars/TSLA.daily.csv.gz,b173e0d515c3f8019fd6f67a426f14967d8fb641bc841b0fadba584dd9694bb4,session_date|open|high|low|close|volume|vwap|transactions,session_date,close
TSN,research_data/m77_19_7_2/symbol_specific_polygon_replay_materialization/daily_bars/TSN.daily.csv.gz,f8176b2d68f9e9951a4debedc4864165b097439c37f6827aa1a10476c4e9b909,session_date|open|high|low|close|volume|vwap|transactions,session_date,close
TT,research_data/m77_19_7_2/symbol_specific_polygon_replay_materialization/daily_bars/TT.daily.csv.gz,f1d8c80b5b6e56e0baa82166e9008fe4593a02aa4f54d627605c48478f914c37,session_date|open|high|low|close|volume|vwap|transactions,session_date,close
TTD,research_data/m77_19_7_2/symbol_specific_polygon_replay_materialization/daily_bars/TTD.daily.csv.gz,d42ad29d37835e882271c34fcf40a0a7d0ad590a8aa4f38a2334e06821ccf1a3,session_date|open|high|low|close|volume|vwap|transactions,session_date,close
TTWO,research_data/m77_19_7_2/symbol_specific_polygon_replay_materialization/daily_bars/TTWO.daily.csv.gz,f1a8845787b118322cde2cefe0a0aad262defcade913197c63c2976388ddfd73,session_date|open|high|low|close|volume|vwap|transactions,session_date,close
TXN,research_data/m77_19_7_2/symbol_specific_polygon_replay_materialization/daily_bars/TXN.daily.csv.gz,9aa9bf4ce0161a1da043acbeaa8cc3a86731af54301d14f1f262195a35642177,session_date|open|high|low|close|volume|vwap|transactions,session_date,close
TXT,research_data/m77_19_7_2/symbol_specific_polygon_replay_materialization/daily_bars/TXT.daily.csv.gz,a941178d57a223dbd816d30752c53ed7eee3b160582a3c578b53cbcadfbdc75b,session_date|open|high|low|close|volume|vwap|transactions,session_date,close
TYL,research_data/m77_19_7_2/symbol_specific_polygon_replay_materialization/daily_bars/TYL.daily.csv.gz,b8015cd60439f71db15e8cf43c3967ce35f154ada548c49c26870acc91790c30,session_date|open|high|low|close|volume|vwap|transactions,session_date,close
UAL,research_data/m77_19_7_2/symbol_specific_polygon_replay_materialization/daily_bars/UAL.daily.csv.gz,83aff793e275cfe2b7449e26ee5be1861e72d54934301760f59ac0bcfdf26047,session_date|open|high|low|close|volume|vwap|transactions,session_date,close
UBER,research_data/m77_19_7_2/symbol_specific_polygon_replay_materialization/daily_bars/UBER.daily.csv.gz,79a9795c88447d63aae1f7c2d60b333620639430f70f2e0811eb2af783402649,session_date|open|high|low|close|volume|vwap|transactions,session_date,close
UDR,research_data/m77_19_7_2/symbol_specific_polygon_replay_materialization/daily_bars/UDR.daily.csv.gz,e9cde92a535339d192e165bd53569f6a57f8683d9407b45e12989039ffd5e342,session_date|open|high|low|close|volume|vwap|transactions,session_date,close
UHS,research_data/m77_19_7_2/symbol_specific_polygon_replay_materialization/daily_bars/UHS.daily.csv.gz,dd7a066a89d2a263e1cfe696bc51f12378926cd761f53a520425e936b6e988c3,session_date|open|high|low|close|volume|vwap|transactions,session_date,close
ULTA,research_data/m77_19_7_2/symbol_specific_polygon_replay_materialization/daily_bars/ULTA.daily.csv.gz,6b14779f3d7e5398236ec54403c547420ed93d7328f38b88955c85722e8a0cd1,session_date|open|high|low|close|volume|vwap|transactions,session_date,close
UNG,research_data/m77_19_7_2/symbol_specific_polygon_replay_materialization/daily_bars/UNG.daily.csv.gz,95279d74d99f306f0c2e447803c74c4650caa8f82279cf511058610f6e6490a9,session_date|open|high|low|close|volume|vwap|transactions,session_date,close
UNH,research_data/m77_19_7_2/symbol_specific_polygon_replay_materialization/daily_bars/UNH.daily.csv.gz,e1cceca3c24dff7e51121ce959ccd5d7445f282522967245a2b75fbc82ef24ed,session_date|open|high|low|close|volume|vwap|transactions,session_date,close
UNP,research_data/m77_19_7_2/symbol_specific_polygon_replay_materialization/daily_bars/UNP.daily.csv.gz,ee8eb3e1c706d61155f9396079d86afbbb83d817793c71b9070b22385693fcb7,session_date|open|high|low|close|volume|vwap|transactions,session_date,close
UPRO,research_data/m77_19_7_2/symbol_specific_polygon_replay_materialization/daily_bars/UPRO.daily.csv.gz,da2a3f295f9b27ef3a7ec9ba0a8a2755550ea6bf7775fb5dd5e6db298ed57b29,session_date|open|high|low|close|volume|vwap|transactions,session_date,close
UPS,research_data/m77_19_7_2/symbol_specific_polygon_replay_materialization/daily_bars/UPS.daily.csv.gz,cad5cb572371c1e1d52be0df1b3189da4373e3d7a1c6c3a8d45e4bb7e66652d2,session_date|open|high|low|close|volume|vwap|transactions,session_date,close
URI,research_data/m77_19_7_2/symbol_specific_polygon_replay_materialization/daily_bars/URI.daily.csv.gz,e1ee6e21cfd6621de4028587b8b04f6f1c96017ca666ae7294163a4d70b84eb4,session_date|open|high|low|close|volume|vwap|transactions,session_date,close
USB,research_data/m77_19_7_2/symbol_specific_polygon_replay_materialization/daily_bars/USB.daily.csv.gz,af9c832babb19394951fd947b1e9aa5734b7ae024e01cfd0699a43e8dc1fffa1,session_date|open|high|low|close|volume|vwap|transactions,session_date,close
USMV,research_data/m77_19_7_2/symbol_specific_polygon_replay_materialization/daily_bars/USMV.daily.csv.gz,f87d5d2ee2fdaacceb609a6ac923e1dcd47e7c2694d91c07949a3fb1cb9f340f,session_date|open|high|low|close|volume|vwap|transactions,session_date,close
USO,research_data/m77_19_7_2/symbol_specific_polygon_replay_materialization/daily_bars/USO.daily.csv.gz,f9ad826b88d1629385066338d041f146dc4750c41ce75e7e54989a0d73280942,session_date|open|high|low|close|volume|vwap|transactions,session_date,close
UVXY,research_data/m77_19_7_2/symbol_specific_polygon_replay_materialization/daily_bars/UVXY.daily.csv.gz,7786f2b1b65f5cc686c5264f902e41a6b08096335c8d613b14a3a234aedff840,session_date|open|high|low|close|volume|vwap|transactions,session_date,close
V,research_data/m77_19_7_2/symbol_specific_polygon_replay_materialization/daily_bars/V.daily.csv.gz,8348a515e51d7f2417f00a89b05ac97c7e8aa9ce2f2ed0c1e1a47140595bfa9f,session_date|open|high|low|close|volume|vwap|transactions,session_date,close
VEA,research_data/m77_19_7_2/symbol_specific_polygon_replay_materialization/daily_bars/VEA.daily.csv.gz,85ff2d31b9cc61aaa1a6703433b5b44ba652f1f4f9be91cba6b7156c44005176,session_date|open|high|low|close|volume|vwap|transactions,session_date,close
VEEV,research_data/m77_19_7_2/symbol_specific_polygon_replay_materialization/daily_bars/VEEV.daily.csv.gz,1e8ad10ee565f6bbcee672283cc0f84b9cfda019ebc59ae20db24d2a87c61d85,session_date|open|high|low|close|volume|vwap|transactions,session_date,close
VICI,research_data/m77_19_7_2/symbol_specific_polygon_replay_materialization/daily_bars/VICI.daily.csv.gz,fe306133088271f9ceb345e50bbe7b8fb9a5e35fe80aa53d582a4d694babac62,session_date|open|high|low|close|volume|vwap|transactions,session_date,close
VIG,research_data/m77_19_7_2/symbol_specific_polygon_replay_materialization/daily_bars/VIG.daily.csv.gz,2222202e96a6eb0bc64db16a53fdf798db1cb2ad9760f2b5f9a5f333f7e4c9cd,session_date|open|high|low|close|volume|vwap|transactions,session_date,close
VIXY,research_data/m77_19_7_2/symbol_specific_polygon_replay_materialization/daily_bars/VIXY.daily.csv.gz,0baaa38591bceb322459e02a6536272c0bfdd9f8aca5263fbe3f39790fa1abec,session_date|open|high|low|close|volume|vwap|transactions,session_date,close
VLO,research_data/m77_19_7_2/symbol_specific_polygon_replay_materialization/daily_bars/VLO.daily.csv.gz,6e5c862bf541a5a52853cf38d0d41ccf602a15ce4a0b7af578120d7dc0dc9b60,session_date|open|high|low|close|volume|vwap|transactions,session_date,close
VLTO,research_data/m77_19_7_2/symbol_specific_polygon_replay_materialization/daily_bars/VLTO.daily.csv.gz,b84ff446f84628684ddcf5aeee4c605f3ff77ed9519405336a45b41f4327615a,session_date|open|high|low|close|volume|vwap|transactions,session_date,close
VLUE,research_data/m77_19_7_2/symbol_specific_polygon_replay_materialization/daily_bars/VLUE.daily.csv.gz,3614513e54e0a33d7004a409be0ce9dd599ca0ead11e9806824b4bae4319d9fe,session_date|open|high|low|close|volume|vwap|transactions,session_date,close
VMC,research_data/m77_19_7_2/symbol_specific_polygon_replay_materialization/daily_bars/VMC.daily.csv.gz,fcac3cf3cef7155fcf8490dea4f101fc08c529f39ef5e559f16278e4210cf66d,session_date|open|high|low|close|volume|vwap|transactions,session_date,close
VNQ,research_data/m77_19_7_2/symbol_specific_polygon_replay_materialization/daily_bars/VNQ.daily.csv.gz,1647447c149bcd1f600daaa0be3a9cab9924354fa6e7d393b15ca07bdb8138a3,session_date|open|high|low|close|volume|vwap|transactions,session_date,close
VOO,research_data/m77_19_7_2/symbol_specific_polygon_replay_materialization/daily_bars/VOO.daily.csv.gz,0a15b5f0b9ba9941a02e461f7ce42c2bc9b29a807e5d4b4aa3aa1ed413028f4b,session_date|open|high|low|close|volume|vwap|transactions,session_date,close
VRSK,research_data/m77_19_7_2/symbol_specific_polygon_replay_materialization/daily_bars/VRSK.daily.csv.gz,579c165df06ab47596317b78fcb802a0c7d98fc14ef2b1303194a4d5f3d6917c,session_date|open|high|low|close|volume|vwap|transactions,session_date,close
VRSN,research_data/m77_19_7_2/symbol_specific_polygon_replay_materialization/daily_bars/VRSN.daily.csv.gz,cb7ffe42e98fbc5d0e6a91baea3e8b8a48728a9926648c6ff087029a7f7970fd,session_date|open|high|low|close|volume|vwap|transactions,session_date,close
VRT,research_data/m77_19_7_2/symbol_specific_polygon_replay_materialization/daily_bars/VRT.daily.csv.gz,da740017c1d3861f1f27e5691d8ecaf025afcbe373b020a231cf0639d1839df0,session_date|open|high|low|close|volume|vwap|transactions,session_date,close
VRTX,research_data/m77_19_7_2/symbol_specific_polygon_replay_materialization/daily_bars/VRTX.daily.csv.gz,006c8fb78a5822306d9df8ae93c24ecdcc57c065963b4df0063e46a4071eafa3,session_date|open|high|low|close|volume|vwap|transactions,session_date,close
VST,research_data/m77_19_7_2/symbol_specific_polygon_replay_materialization/daily_bars/VST.daily.csv.gz,1659be384ce4fa44f0d41bd19e297c01cc1573a0ac8b5827f718c747902db8dc,session_date|open|high|low|close|volume|vwap|transactions,session_date,close
VTI,research_data/m77_19_7_2/symbol_specific_polygon_replay_materialization/daily_bars/VTI.daily.csv.gz,0606125aa2f40c93d979e65db1c6d387c5e70dbcdec704dd1380d120da38d0be,session_date|open|high|low|close|volume|vwap|transactions,session_date,close
VTR,research_data/m77_19_7_2/symbol_specific_polygon_replay_materialization/daily_bars/VTR.daily.csv.gz,06627bc04a38236e62ecf96b49e4f77891465ff41eb4dc573a421873c5612769,session_date|open|high|low|close|volume|vwap|transactions,session_date,close
VTRS,research_data/m77_19_7_2/symbol_specific_polygon_replay_materialization/daily_bars/VTRS.daily.csv.gz,10b65bbe2f8f01920cbbb764cf65b03a81365e79ded501408e902ff13f22bb33,session_date|open|high|low|close|volume|vwap|transactions,session_date,close
VTV,research_data/m77_19_7_2/symbol_specific_polygon_replay_materialization/daily_bars/VTV.daily.csv.gz,b070b51d1708756f865ca1d16bc77d2c81a167f2a9021ba04d6ce4716a3fa729,session_date|open|high|low|close|volume|vwap|transactions,session_date,close
VUG,research_data/m77_19_7_2/symbol_specific_polygon_replay_materialization/daily_bars/VUG.daily.csv.gz,35371725c694128b59826d0634e6a7db8656258b878add196f7a6b2d49bdde74,session_date|open|high|low|close|volume|vwap|transactions,session_date,close
VWO,research_data/m77_19_7_2/symbol_specific_polygon_replay_materialization/daily_bars/VWO.daily.csv.gz,a1e0ef8ca8a25ce5979db4bb5f8b5f500b951e43ee8f463637d0789228807c78,session_date|open|high|low|close|volume|vwap|transactions,session_date,close
VYM,research_data/m77_19_7_2/symbol_specific_polygon_replay_materialization/daily_bars/VYM.daily.csv.gz,755cf6328236b7f30e6853d716a0afbbc92c9c4f06ccb437ee0e4e9cc457b68f,session_date|open|high|low|close|volume|vwap|transactions,session_date,close
VZ,research_data/m77_19_7_2/symbol_specific_polygon_replay_materialization/daily_bars/VZ.daily.csv.gz,78209a76ba499b63aabe66fdcf88915cf7ba9991efee13f74a36bb92b62e22e9,session_date|open|high|low|close|volume|vwap|transactions,session_date,close
WAB,research_data/m77_19_7_2/symbol_specific_polygon_replay_materialization/daily_bars/WAB.daily.csv.gz,817d85d7b38fbe4345fded3103bd1fcc56c09487265ab2278fbac25e664b8b2e,session_date|open|high|low|close|volume|vwap|transactions,session_date,close
WAT,research_data/m77_19_7_2/symbol_specific_polygon_replay_materialization/daily_bars/WAT.daily.csv.gz,9f78d10705332b0b56660a2dce98429e281baade09e909e2c1a4f147034d3696,session_date|open|high|low|close|volume|vwap|transactions,session_date,close
WBD,research_data/m77_19_7_2/symbol_specific_polygon_replay_materialization/daily_bars/WBD.daily.csv.gz,8330406ebea08da3cc1d54ee4a374e32aa8058982ebc60c5de02cb0d755ce5f0,session_date|open|high|low|close|volume|vwap|transactions,session_date,close
WDAY,research_data/m77_19_7_2/symbol_specific_polygon_replay_materialization/daily_bars/WDAY.daily.csv.gz,43b7a68d164b954d935e2ff57d170a196dabddf9ad07c7edd04db566979810e6,session_date|open|high|low|close|volume|vwap|transactions,session_date,close
WDC,research_data/m77_19_7_2/symbol_specific_polygon_replay_materialization/daily_bars/WDC.daily.csv.gz,02a3361488b5a4911edc4592faaa96496d5355171c7505e8e88537cadb56c42e,session_date|open|high|low|close|volume|vwap|transactions,session_date,close
WEC,research_data/m77_19_7_2/symbol_specific_polygon_replay_materialization/daily_bars/WEC.daily.csv.gz,cab2c94eb339c6f4a915a2a01fc0391994a52337b975bc8fe423ffd7c12f1481,session_date|open|high|low|close|volume|vwap|transactions,session_date,close
WELL,research_data/m77_19_7_2/symbol_specific_polygon_replay_materialization/daily_bars/WELL.daily.csv.gz,e93703793cd527a15b5d0c997585b741765a8fc29dc5adbda8a44db32470ff9a,session_date|open|high|low|close|volume|vwap|transactions,session_date,close
WFC,research_data/m77_19_7_2/symbol_specific_polygon_replay_materialization/daily_bars/WFC.daily.csv.gz,51fd6be23d646ceaa83558d5bf07e635a36794f58b910bceb124f0f3b214ce1a,session_date|open|high|low|close|volume|vwap|transactions,session_date,close
WM,research_data/m77_19_7_2/symbol_specific_polygon_replay_materialization/daily_bars/WM.daily.csv.gz,cf0024814289cbafed43d140cfb876a279d87f824f51090af14d8b9875a5e71e,session_date|open|high|low|close|volume|vwap|transactions,session_date,close
WMB,research_data/m77_19_7_2/symbol_specific_polygon_replay_materialization/daily_bars/WMB.daily.csv.gz,d789d342b30c19482e80f14bb6a99b31bd69e194c871091cdd843fad6c4ea533,session_date|open|high|low|close|volume|vwap|transactions,session_date,close
WMT,research_data/m77_19_7_2/symbol_specific_polygon_replay_materialization/daily_bars/WMT.daily.csv.gz,c535f10cc3c0d28fb70489cf84c3254bdcc22f0b8a36fa6a70ddbd9d109dfb60,session_date|open|high|low|close|volume|vwap|transactions,session_date,close
WRB,research_data/m77_19_7_2/symbol_specific_polygon_replay_materialization/daily_bars/WRB.daily.csv.gz,fea484b08a3d1fa8d6899974e413d48dfe90d5ec3d1d32a5a0ebacc3eb9a7435,session_date|open|high|low|close|volume|vwap|transactions,session_date,close
WSM,research_data/m77_19_7_2/symbol_specific_polygon_replay_materialization/daily_bars/WSM.daily.csv.gz,2241cc5fae98f0acc392c9f90a5a8668cc0456a5111fd3da38bcd1d166e34a9b,session_date|open|high|low|close|volume|vwap|transactions,session_date,close
WST,research_data/m77_19_7_2/symbol_specific_polygon_replay_materialization/daily_bars/WST.daily.csv.gz,8bcac2f6d79e56b601487021e16d31cab27710ad98bc67a9fdc4b207394e65d0,session_date|open|high|low|close|volume|vwap|transactions,session_date,close
WTW,research_data/m77_19_7_2/symbol_specific_polygon_replay_materialization/daily_bars/WTW.daily.csv.gz,1a184353c468b959abf9735e528a544209d4e855b728008a153ebd0aec888f60,session_date|open|high|low|close|volume|vwap|transactions,session_date,close
WY,research_data/m77_19_7_2/symbol_specific_polygon_replay_materialization/daily_bars/WY.daily.csv.gz,d8dfb435c3ccf54a63c4900a0c052327b63892812128b15abbc2b6475a89a079,session_date|open|high|low|close|volume|vwap|transactions,session_date,close
WYNN,research_data/m77_19_7_2/symbol_specific_polygon_replay_materialization/daily_bars/WYNN.daily.csv.gz,4a91d31645ebf96671c11a1126d2e1bebc0e9b21e50012661db6d77c465d713a,session_date|open|high|low|close|volume|vwap|transactions,session_date,close
XBI,research_data/m77_19_7_2/symbol_specific_polygon_replay_materialization/daily_bars/XBI.daily.csv.gz,4b4be15100dbe4d6e4ca03a7134c1b1b3ae91c2c1959dd2e797bdb4ae650ee40,session_date|open|high|low|close|volume|vwap|transactions,session_date,close
XEL,research_data/m77_19_7_2/symbol_specific_polygon_replay_materialization/daily_bars/XEL.daily.csv.gz,823947655785a62b97df472c24517a032b876a596fdc5fc0ed2d4a9ad4d800ee,session_date|open|high|low|close|volume|vwap|transactions,session_date,close
XHB,research_data/m77_19_7_2/symbol_specific_polygon_replay_materialization/daily_bars/XHB.daily.csv.gz,2b352263721c3cf39e8125c1abeed261fe2cdc46225b042847c2a2a5e99b294e,session_date|open|high|low|close|volume|vwap|transactions,session_date,close
XLB,research_data/m77_19_7_2/symbol_specific_polygon_replay_materialization/daily_bars/XLB.daily.csv.gz,201d59f8d883ffc113d735e269d69918442c102f7e5a62e4f0d64da7772e7ecf,session_date|open|high|low|close|volume|vwap|transactions,session_date,close
XLC,research_data/m77_19_7_2/symbol_specific_polygon_replay_materialization/daily_bars/XLC.daily.csv.gz,21d5836f3cdf0b1dedeac3997ac70f1d5aef6ce9db935c72f26e74ae90e5611a,session_date|open|high|low|close|volume|vwap|transactions,session_date,close
XLE,research_data/m77_19_7_2/symbol_specific_polygon_replay_materialization/daily_bars/XLE.daily.csv.gz,b85f6dd41e590f2133c809a8dc0385199be402da4b3babde625eb0603b3338ad,session_date|open|high|low|close|volume|vwap|transactions,session_date,close
XLF,research_data/m77_19_7_2/symbol_specific_polygon_replay_materialization/daily_bars/XLF.daily.csv.gz,da7a123962828d31d861907e8cf045674a72b2fc315abd0ad6af7781e0e4bb76,session_date|open|high|low|close|volume|vwap|transactions,session_date,close
XLI,research_data/m77_19_7_2/symbol_specific_polygon_replay_materialization/daily_bars/XLI.daily.csv.gz,2c8eab29cb0c0f71d848c5a9b98c8d5fd5038c69808e461e394cdbcc117695c3,session_date|open|high|low|close|volume|vwap|transactions,session_date,close
XLK,research_data/m77_19_7_2/symbol_specific_polygon_replay_materialization/daily_bars/XLK.daily.csv.gz,cd316b0b1a91186ff8160448e0b5c0196547ebff91b7f221ecf8913c84110113,session_date|open|high|low|close|volume|vwap|transactions,session_date,close
XLP,research_data/m77_19_7_2/symbol_specific_polygon_replay_materialization/daily_bars/XLP.daily.csv.gz,6633bd14796706550ad5e67a52d6202dd15bbb6db39fd976b0da83f6db00de1f,session_date|open|high|low|close|volume|vwap|transactions,session_date,close
XLRE,research_data/m77_19_7_2/symbol_specific_polygon_replay_materialization/daily_bars/XLRE.daily.csv.gz,846ff58fd7aa7d07220af807d8ff714013009977a861b6cc1bde49332302afb6,session_date|open|high|low|close|volume|vwap|transactions,session_date,close
XLU,research_data/m77_19_7_2/symbol_specific_polygon_replay_materialization/daily_bars/XLU.daily.csv.gz,6adc8ed3265f4585c40e45592ad06674893b6d6892422ce7854518ac48ec1c6d,session_date|open|high|low|close|volume|vwap|transactions,session_date,close
XLV,research_data/m77_19_7_2/symbol_specific_polygon_replay_materialization/daily_bars/XLV.daily.csv.gz,242f08cfff22fa595fa4410462781cd662f40e2261da366abfc6b8e4e95a69e8,session_date|open|high|low|close|volume|vwap|transactions,session_date,close
XLY,research_data/m77_19_7_2/symbol_specific_polygon_replay_materialization/daily_bars/XLY.daily.csv.gz,9e930b13e9f5c372c5741e29099d4d35d721d4ce31833302ed1a470f463f202e,session_date|open|high|low|close|volume|vwap|transactions,session_date,close
XOM,research_data/m77_19_7_2/symbol_specific_polygon_replay_materialization/daily_bars/XOM.daily.csv.gz,b2b57a49f0a092d61b818fe249aa4584eed3a192cddcb35f3c23e62e63589ae4,session_date|open|high|low|close|volume|vwap|transactions,session_date,close
XOP,research_data/m77_19_7_2/symbol_specific_polygon_replay_materialization/daily_bars/XOP.daily.csv.gz,c3e7a30c631a5b8eee1be42b7c726b2926efdc48e1202b9ae53675cc9fb14898,session_date|open|high|low|close|volume|vwap|transactions,session_date,close
XPH,research_data/m77_19_7_2/symbol_specific_polygon_replay_materialization/daily_bars/XPH.daily.csv.gz,7f7aa535779a84502d47a88d53bc2f997f6b13c5d02ecab057a3e1e9d78223cf,session_date|open|high|low|close|volume|vwap|transactions,session_date,close
XRT,research_data/m77_19_7_2/symbol_specific_polygon_replay_materialization/daily_bars/XRT.daily.csv.gz,f4dfce2afab80d909cb95c6ea91fe70920e4f7de45551cdf85201c2bfec78598,session_date|open|high|low|close|volume|vwap|transactions,session_date,close
XYL,research_data/m77_19_7_2/symbol_specific_polygon_replay_materialization/daily_bars/XYL.daily.csv.gz,53f7160ba0f65b33f0decf5017f1bba52eca9097356663b08bc2bd5cfe07a45a,session_date|open|high|low|close|volume|vwap|transactions,session_date,close
XYZ,research_data/m77_19_7_2/symbol_specific_polygon_replay_materialization/daily_bars/XYZ.daily.csv.gz,65a2cf5ffebb570a779f7269648e40525df8b0297889e4963f530df1a23bb3b5,session_date|open|high|low|close|volume|vwap|transactions,session_date,close
YUM,research_data/m77_19_7_2/symbol_specific_polygon_replay_materialization/daily_bars/YUM.daily.csv.gz,ca229962bcb68cf86f1ac9c883cb725f31a91d7eb0b540b1a3c44c047f20f3d7,session_date|open|high|low|close|volume|vwap|transactions,session_date,close
ZBH,research_data/m77_19_7_2/symbol_specific_polygon_replay_materialization/daily_bars/ZBH.daily.csv.gz,296a3a5c89a92ea60aa2a8a4a9af637cb398cada7313e7e0297554162e6189e6,session_date|open|high|low|close|volume|vwap|transactions,session_date,close
ZBRA,research_data/m77_19_7_2/symbol_specific_polygon_replay_materialization/daily_bars/ZBRA.daily.csv.gz,80c180058147df5252ce4bfcff4b7e8c52313ac140d96e4fa559747a8a1120c2,session_date|open|high|low|close|volume|vwap|transactions,session_date,close
ZTS,research_data/m77_19_7_2/symbol_specific_polygon_replay_materialization/daily_bars/ZTS.daily.csv.gz,685ffbe28e9d7f4c1c10c25751e71d2996aa668c72d50c9fd251283e2b4d5aa1,session_date|open|high|low|close|volume|vwap|transactions,session_date,close
