symbol,asset_type,cadence,status,replay_start,replay_end,observation_count,replayed_profile_count,native_not_eligible_count,source_data_sha256,result_sha256,resumed,blockers
A,EQUITY,WEEKLY,REPLAYED_POINT_IN_TIME,2004-11-16,2026-08-21,1136,1136,0,343e2597d0673ba4643dd12fd4d5bb4404d9976dd7f06c32c7294552bb391989,484e756c2f8be23a4fa9f75175aec77472b0acc5386e388b60738bdcc63a110f,True,
AAPL,EQUITY,WEEKLY,REPLAYED_POINT_IN_TIME,2004-11-16,2026-08-21,1136,1136,0,fd6280df30da99e8ec78687a32b87345369342917524da89d58176773c4f0b30,bb2e0b5e630f132b4bc9c6017ef4bd14fdcfec679430f66d46476b6c1b0b197b,True,
ABBV,EQUITY,WEEKLY,REPLAYED_POINT_IN_TIME,2014-03-12,2026-08-21,650,650,0,74018d92bd6fd31d558bdf560aff0763e30a12353a0388d2680c501e6843df0f,3db4f4cbaf303db6f1f98990cc9fa98d5f54434e9dee1753bf0f689dc577ce2f,True,
ABNB,EQUITY,WEEKLY,REPLAYED_POINT_IN_TIME,2022-02-17,2026-08-21,236,236,0,1c97409c1f59030e1be5ffccdc457976e4975fb750b2e43f39f982a1df621d32,00d9fab780a0bd2e5d7b30ae023cd471f6d58c5717697f2e7f90892e7a1c2ff4,True,
ABT,EQUITY,WEEKLY,REPLAYED_POINT_IN_TIME,2004-11-16,2026-08-21,1136,1136,0,5fff59f165586936500c5232f7c8fd7c731f083863cdab65c10ec88b6cefd9d4,9c21d58a39190b506b5122a838001a620e5926379a961a1466eedecbb6fc123a,True,
ACGL,EQUITY,WEEKLY,REPLAYED_POINT_IN_TIME,2004-11-16,2026-08-21,1136,1136,0,cd6a7c0911ba708d98904b25b66a5a046f6f3dd428deb875aed8c00e297948a1,3bc28d45b64e73d6f1a47cb354eace773f369a8a2deed1c3dcc851f0937e499d,True,
ACN,EQUITY,WEEKLY,REPLAYED_POINT_IN_TIME,2004-11-16,2026-08-21,1136,1136,0,a426689dfa5cc131cb4c913071cb7f98f9138e2412f7d45fb059f6174c580cf4,a53460df9439c2c29fe9e47aaa054318ab93bf8d5592b0024a202f4673e876f3,True,
ADBE,EQUITY,WEEKLY,REPLAYED_POINT_IN_TIME,2004-11-16,2026-08-21,1136,1136,0,ee6d23cbe58cd60511d126685dd3d282cede60e48411a25ae679fdea9365895e,558e1e81be9f9cf4444eb09160258933a473e79abdc535a19bd0e4fe79ef613c,True,
ADI,EQUITY,WEEKLY,REPLAYED_POINT_IN_TIME,2004-11-16,2026-08-21,1136,1136,0,338abd5fa6bf6e3ffce105dd8cf1b3237a7542508baf930b1a9319ef44d13bfa,9b92c912de87f3a22da4dce97436290b7a86d61c858bc29d5b403a5142a7f336,True,
ADM,EQUITY,WEEKLY,REPLAYED_POINT_IN_TIME,2004-11-16,2026-08-21,1136,1136,0,36bef5cbb802e3a632702eea9927ba8b39cbc032f6bfe0d855b76ba7064863e1,b7fceb81ac66780f851779a7fe3fe6354d8b288adc7ca9e07f8a1c60b84f0dbe,True,
ADP,EQUITY,WEEKLY,REPLAYED_POINT_IN_TIME,2004-11-16,2026-08-21,1136,1136,0,45cfecffe38161b9c4df95d5d42468391442cbe2fa92f974ba1494876df27a21,910d46d6791ba3cb790743eb9c7ce20d3650bfe99de411764614991ce2edf038,True,
ADSK,EQUITY,WEEKLY,REPLAYED_POINT_IN_TIME,2004-11-16,2026-08-21,1136,1136,0,148ec1ef676b4eece35dd043de0c8e5ecea8b8bc05dc3bc4102f95d2d5147e82,89c343ecb70640324e88f9d66db6dad003df268c0a1f78ae94f5954bbc3ffb2c,True,
AEE,EQUITY,WEEKLY,REPLAYED_POINT_IN_TIME,2004-11-16,2026-08-21,1136,1136,0,9af5feef2a3632c66a1b92cfa94e682b2dbc2c69252338a1b489021a13b47d35,f020d4d0646b3e90f02de0610a8625d13b33a5ac7bf4fcfadb980e7ffd439415,True,
AEP,EQUITY,WEEKLY,REPLAYED_POINT_IN_TIME,2004-11-16,2026-08-21,1136,1136,0,86888c93084df62493d2028ec129a8a00dc6f1d40b8f5555c254b383318619c0,84f0123fdae1786b42d3f53d331432c326312282f5e15f28fa659b262d33fb5a,True,
AES,EQUITY,WEEKLY,REPLAYED_POINT_IN_TIME,2004-11-16,2026-08-21,1136,1136,0,000511d364512463149bfc6901b6889197a23b0255b6865b050141560abf4b44,5da566ee2e764d896192f0012be21a2292c4e0351e730b6c52b4d65caa72769a,True,
AFL,EQUITY,WEEKLY,REPLAYED_POINT_IN_TIME,2004-11-16,2026-08-21,1136,1136,0,6b1b783be9ef224b24ee9cba807d35cc12550842513096eb2da54eda269d7ea5,79024c6cace39c5787abe13f55f341b809bba2d4d717e2a529ea138979e517ca,True,
AGG,ETF,WEEKLY,REPLAYED_POINT_IN_TIME,2004-12-03,2026-08-21,1134,1134,0,2abf668149f970f210b2f2a4b5f29c853e45edb0e1e41a6dec0634dafc060d1f,3dca997f2c7d80349869aac3f61bd35e05e1a80c5232ddcb9334c3da29b8b564,True,
AIG,EQUITY,WEEKLY,REPLAYED_POINT_IN_TIME,2004-11-16,2026-08-21,1136,1136,0,5bd20a7ae2fb71899684c2c7d7971a3f8cf26d4ee9aab509f1b48ff20befd21a,c2c56ad22937c04909b4efad52c3c32751c4be0f8906a48107d4446a61a53767,True,
AIZ,EQUITY,WEEKLY,REPLAYED_POINT_IN_TIME,2005-04-14,2026-08-21,1115,1115,0,b49457edd0ffbc264badbc169eccadd3d59a1bd56623ce458bbc465d8a8568e0,ab33b5da17d78230177e3c257fb5b3d590d72acc32997661983806366135a731,True,
AJG,EQUITY,WEEKLY,REPLAYED_POINT_IN_TIME,2004-11-16,2026-08-21,1136,1136,0,27f084241879272117511e1c583c7b1b3a663faf8cd8a95b7a2f09cf472c59f6,a6ad9a098a970e024f1c8a3af52c87b8955bb394231e92a6447828520a74a02c,True,
AKAM,EQUITY,WEEKLY,REPLAYED_POINT_IN_TIME,2004-11-16,2026-08-21,1136,1136,0,78370628d7c5424d40d7ef74e70828ea7d4f18b15c0be1a3cbb42357c01493e7,a3a16ae048c5e5052e566f860ca3d7d3e8c9126b92e848a8fccd2291853b57cc,True,
ALAB,EQUITY,WEEKLY,REPLAYED_POINT_IN_TIME,2025-05-30,2026-08-21,65,65,0,51e925493eabb29ce2e00c4941a78867bc762108df7f4912e1263ec45545c171,e1c69fb7a5cdd49b2d49a6e200b1ae467122cb3b448e67e0225f997d7b0aba28,True,
ALB,EQUITY,WEEKLY,REPLAYED_POINT_IN_TIME,2004-11-16,2026-08-21,1136,1136,0,be4c36430b41fe9add73723643d236b80e531ddd80e1ab6fe8a6368eb7d8841f,bee19fa79b6f625a8150e210e1bff6005f7697e210e19bd138aac3c1b4952465,True,
ALGN,EQUITY,WEEKLY,REPLAYED_POINT_IN_TIME,2004-11-16,2026-08-21,1136,1136,0,54b7ddfe7b6838d5a13a0c2ce071c473f04f8f91f9d100cb1210d3a408ff63be,6c687bb1611b8c2658d17c63d6be4aa6556e6d1b299dbfd6b0a92b8fa5a19542,True,
ALL,EQUITY,WEEKLY,REPLAYED_POINT_IN_TIME,2004-11-16,2026-08-21,1136,1136,0,6598116e9d68d1cd07034a3388e87c1c165349dd9351bddce0f1937eab2b41e6,c3c38870967de817a08412eb172a846b94ddc2be7706f3fe471dfd08500f7826,True,
ALLE,EQUITY,WEEKLY,REPLAYED_POINT_IN_TIME,2015-02-10,2026-08-21,602,602,0,926fdf5893fe8b80e7ac8a8e3a10f41b26621c123c8bf173ae321c100aab5b06,65926b895ee121564a0131a922e1f3d925c02ae508d2457f4b4017d98d07125b,True,
ALNY,EQUITY,WEEKLY,REPLAYED_POINT_IN_TIME,2005-08-05,2026-08-21,1099,1099,0,1f6cd03081097cf13c8af2dd545bbcb12ef1a2e7523ff81a8c32729fd2c67b80,05d31af266bcd474663049532209de1dbf55444e928f9390bee488960c3262cb,True,
AMAT,EQUITY,WEEKLY,REPLAYED_POINT_IN_TIME,2004-11-16,2026-08-21,1136,1136,0,2b0889ed4cdf423dd5f9d823c5655ca624a31d33a66506b029db294f9172df9e,32b8eda3fb0eedeffadecbb3200c1b62cbca9e6cbc07a278ed7b39a73b8ba26d,True,
AMCR,EQUITY,WEEKLY,REPLAYED_POINT_IN_TIME,2020-08-17,2026-08-21,314,314,0,606d5f7645c4eaef3417deb394e458c1bbb952333321d944e0b1e27132a4de06,914f8841df8fd935ae4ba28a123c8312295a6bebb6bb3929c0934781e830e033,True,
AMD,EQUITY,WEEKLY,REPLAYED_POINT_IN_TIME,2004-11-16,2026-08-21,1136,1136,0,b2b1afae6e2a6c045888d7804ee1326de2321d7ef04a98953946e76be4794fbc,386134bfd76db97904663af7672e187cde1c2f7256c3ffeaf09451d48156a673,True,
AME,EQUITY,WEEKLY,REPLAYED_POINT_IN_TIME,2004-11-16,2026-08-21,1136,1136,0,590ffe7332dd3adc3a430a16afa878fb5c94b4eab938b0d9b6e66a8cb2e5e887,e43066946b2b7dbb2af647f5bed6adec7fe9f1cdd7abcbef393e4786553a7362,True,
AMGN,EQUITY,WEEKLY,REPLAYED_POINT_IN_TIME,2004-11-16,2026-08-21,1136,1136,0,29f7122795aed2be08a5a34fddfb56b196c4ffd64c4187874f664642cebc4115,646962285a7bcbb0331e792a780aa6bf80eee4e2921c6e9f83065bbb3f4d9446,True,
AMP,EQUITY,WEEKLY,REPLAYED_POINT_IN_TIME,2006-12-08,2026-08-21,1029,1029,0,ecfae070f257f648b8d406465904a55eaa7dfbc7b7950707fafcca3220650f3a,12f815b26b82ff5208ea43b221a7ac7a7b0b057c63fe2ac9258817bb39c6339c,True,
AMT,EQUITY,WEEKLY,REPLAYED_POINT_IN_TIME,2004-11-16,2026-08-21,1136,1136,0,2cb0e6387bf09ed6d0f88366342ac0b9f034d6e1ea1b188def95ee427002c76a,5af434219e43759dc7bf580992aa0912c7b193cacc74152b4fd893dcb10c368b,True,
AMZN,EQUITY,WEEKLY,REPLAYED_POINT_IN_TIME,2004-11-16,2026-08-21,1136,1136,0,86ed5b2318fae28eb4ff56c9be6f333f80080bf27f29bc4264adc2baccddb386,7930046fc56f79261a0e2debfbc2934540a9c5a5470a043f7e810e87510383fa,True,
ANET,EQUITY,WEEKLY,REPLAYED_POINT_IN_TIME,2015-08-13,2026-08-21,576,576,0,af0fcdcb4735fa1e22a2f6b9cd68bfe8d74902f3a76af1d0129888a2d48e5292,421d6ae56eabf4499e3788c734f5e68da082957fe5d1c2957f4665d0db4e409a,True,
AON,EQUITY,WEEKLY,REPLAYED_POINT_IN_TIME,2011-02-08,2026-08-21,811,811,0,408a94f7bce40fb2789baabdf40c08a7c7bafc2d5894107e538e49ec9fd3d5dc,75ee0ee0ccc1a120243b322fc7a9f7d36b8b61faf89de901c843577d75d17701,True,
AOS,EQUITY,WEEKLY,REPLAYED_POINT_IN_TIME,2004-11-16,2026-08-21,1136,1136,0,6cd440179807a50e9a58eca3ae49190d1ab0390388165ab4d61fc06ba29f6eab,0b13f6614a10e550aaf1ceaccf07b9f3340870f8ecf6a4bf9b119694aad823e0,True,
APA,EQUITY,WEEKLY,REPLAYED_POINT_IN_TIME,2004-11-16,2026-08-21,1136,1136,0,d0f1e18b1755932f40e75af6e509ac153794cc5fe8ec634eb64a8ed93391dbe3,78318b980cb74d25bd48a51a98fb1749452c91535054495a54bfdf96edc20df5,True,
APD,EQUITY,WEEKLY,REPLAYED_POINT_IN_TIME,2004-11-16,2026-08-21,1136,1136,0,83d20f7f828c1d8585ea0a86c27fd0988a920b9e9bd5b9a25e8fb7aead6aac39,7035e3912c4fd15d5ea742109a31678b7d1318f91d68cb77cdc37d9c88198ee5,True,
APH,EQUITY,WEEKLY,REPLAYED_POINT_IN_TIME,2004-11-16,2026-08-21,1136,1136,0,e5d5fd9dc49dc340ca9b74af470f005ec9966de98c9857da9fecd23c850c98e3,e32c4738bddc777b5699ff87bbb95db647264ef93c31d5ac73d0a34c04c83ae1,True,
APO,EQUITY,WEEKLY,REPLAYED_POINT_IN_TIME,2012-06-06,2026-08-21,742,742,0,6ad82701498da5d77f7bc230a8ebec9b163010f4313c1e41608bfd2b43d87eb9,90ca148ab29e7876f9a2603e835105c32bfb4e2b52b1a0356ad2787e0ea91380,True,
APP,EQUITY,WEEKLY,REPLAYED_POINT_IN_TIME,2022-06-22,2026-08-21,218,218,0,d3f7feb10dc8f5fc3e0a274963e7c9aa9d0802ff2a4c1e7310d7035283f98584,3616ef3b82f98fc51e156a4d560ea869c81f0c0fc88a985b00f8fdc9b2109802,True,
APTV,EQUITY,WEEKLY,REPLAYED_POINT_IN_TIME,2019-02-14,2026-08-21,393,393,0,7780c2fc5a36282647acfd70d1a3e7c55dfa91e11384352bdd28ef317e245127,89e96db5c658e7f8edc23b5a504506ad0c09748af4a56f3dc51e0fd71a3a1d68,True,
ARE,EQUITY,WEEKLY,REPLAYED_POINT_IN_TIME,2004-11-16,2026-08-21,1136,1136,0,63c84ab13e41def9b699f0dbb1bb3c3f4df7b8b1d91cbef6f1a383a8c96fc655,443d05445f67e41ddd61789129e15398c3c38c2a6d7c79d2bd0e86d0d0a67155,True,
ARES,EQUITY,WEEKLY,REPLAYED_POINT_IN_TIME,2015-07-10,2026-08-21,581,581,0,4e901a34314b729e16214a904538788531b2a76ed99232cdbfecdbf09f55ce05,e73de3f1faa429cbeb8f86258bd49566b6637cb40e8b568ec093fc1174d1596e,True,
ARKK,ETF,WEEKLY,REPLAYED_POINT_IN_TIME,2016-01-11,2026-08-21,554,554,0,9ca9f3818a725869f445e8f24f03308249dd424bd0b828a9bc2927ef6028aba7,11e46abb9fab919f4f4c8c17f7714c97665bcb12977ab67c7beed507e1a27505,True,
ARM,EQUITY,WEEKLY,REPLAYED_POINT_IN_TIME,2024-11-20,2026-08-21,92,92,0,1a383dd42705e60c5ae9beaf4506d72867f32dba527b4a13c0886628416499a4,89c5263d9a9d1e0183f3f64f083cdaca77c85517718d41721732e0694450a7f0,True,
ASML,EQUITY,WEEKLY,REPLAYED_POINT_IN_TIME,2004-11-16,2026-08-21,1132,1132,0,133323f1572186cd407ec5228dcaa4a37ea85690b1e8e31e5db4a568fe61d04d,b98ba354ed8ee7c1ef8ac4e79d09788092db927566a6a4a5bcd794aba4abb577,True,
ATO,EQUITY,WEEKLY,REPLAYED_POINT_IN_TIME,2004-11-16,2026-08-21,1136,1136,0,686c602cb98646316716946af38cb9df5c9e0c3de4232f4b9f526e72500e9315,55a0fe3802e3a15937208f4572cb68f8e61899cc558eebc1e2060cbb4daf1935,True,
AVB,EQUITY,WEEKLY,REPLAYED_POINT_IN_TIME,2004-11-16,2026-08-14,1135,1135,0,34ff97669b7066073343ea39642937585941e97ad9430ed22be2bee2f79a3499,dd507f11829ff5a9907328d6dcbe5890589c1272006751eff6ecacad5de56a61,True,
AVGO,EQUITY,WEEKLY,REPLAYED_POINT_IN_TIME,2010-10-13,2026-08-21,828,828,0,3cd0ed258956840efd216942a1f67c6f7a477675c1bdca331dfeaf619de0230e,732a0fba08d473f576a7a125776d3708b9226caa8a77e4b72ae7662dd1896aed,True,
AVY,EQUITY,WEEKLY,REPLAYED_POINT_IN_TIME,2004-11-16,2026-08-21,1136,1136,0,a94ac5532ee559afbb6367fe0dbb69d39157dfc4054fab5e62234d2c5b60a9ef,6089142c71221c605b3e83ced4e91588002f795d307302d18b8f03c437325df8,True,
AWK,EQUITY,WEEKLY,REPLAYED_POINT_IN_TIME,2009-06-30,2026-08-21,895,895,0,f654d3f5e60df8e3e3cfb4e362a9722d97cd960503eb0350f41e09a9121342db,c630e5237fef087794ce00561405d064005dd84af601a3305fb6d55a4045d732,True,
AXON,EQUITY,WEEKLY,REPLAYED_POINT_IN_TIME,2022-04-01,2026-08-21,230,230,0,8e5d9d07567da7d13e02ff29fe0f73967e29d70fec12cac63d5712360096416e,f11fd306cc3664aad8eb42ef4a175dd99830bf3a88190201c254096b999e65b7,True,
AXP,EQUITY,WEEKLY,REPLAYED_POINT_IN_TIME,2004-11-16,2026-08-21,1136,1136,0,277880567648a1c3f6a1de39d523cc30381b2106b87fe5d6cd3125a7b0bc462c,3f2ced75196dd4e9d2b3e2c02b2ee129cfede4e9856075f112554008196a2fe2,True,
AZO,EQUITY,WEEKLY,REPLAYED_POINT_IN_TIME,2004-11-16,2026-08-21,1136,1136,0,d1c49ca4ac1d955cf1033a2b90ba91014774e66895a7a2a738c2fdf2df634419,3f9b306ae0207ad5bd31f1e172e34c240688db7c6b521bb17ab8d65809827bdc,True,
BA,EQUITY,WEEKLY,REPLAYED_POINT_IN_TIME,2004-11-16,2026-08-21,1136,1136,0,bd39f9cf1e3364a4cb3d963a81cb5bb0534803d2f6e79a4b81edd38579a40432,90757b7eb9c945f63864dc9616d0155b66ee039355924e5b411283a7ddc3015e,True,
BAC,EQUITY,WEEKLY,REPLAYED_POINT_IN_TIME,2004-11-16,2026-08-21,1136,1136,0,8cb2293ddc81ab1b4de126e11ff0261dc5266b65769615e415ff43156c24c58c,47bb6bcfb0ddd7fbd3875ecc7267bd8f984f9292f96b45a5b61ce3b8d5332b28,True,
BALL,EQUITY,WEEKLY,REPLAYED_POINT_IN_TIME,2023-07-20,2026-08-21,162,162,0,8f4b036898ba2e1b01768757384110b5f3173361e8537459138d98d069c32ce2,f9c8a90581d32ecc953429c1d9af33a9901a8fcc9c2478d6bbc771acaadc4582,True,
BAX,EQUITY,WEEKLY,REPLAYED_POINT_IN_TIME,2004-11-16,2026-08-21,1136,1136,0,0f9f81e7ae52c8dc04294588784545c308e87ed3251930dd936c539f191d6f8f,39a5cb9dd3ac64b3326401c74994f781a57611d4f596ff018d30b5d0e348baa9,True,
BBY,EQUITY,WEEKLY,REPLAYED_POINT_IN_TIME,2004-11-16,2026-08-21,1136,1136,0,7df3f1c9b34d250ebf5e2769f3af6b8088680092a4e5f4255cd8ae8ac39c79d8,ec1cfb8770ef4c7ad01b08b0204cc1ba1d0b6bcdd8ecc5f76b5b832c46eb2ea5,True,
BDX,EQUITY,WEEKLY,REPLAYED_POINT_IN_TIME,2004-11-16,2026-08-21,1136,1136,0,3fe3704c08aa6fc0f42091037af479595f3efd86555e7ea9af12482cb6351a22,034bf37a991d5aef7ba3f30b0636284d2bd4b60950bda22e9ba3a5ed45e35693,True,
BEN,EQUITY,WEEKLY,REPLAYED_POINT_IN_TIME,2004-11-16,2026-08-21,1136,1136,0,9df24920ab1e1fa567de26ed11627085818a415efb75d5c147862e523392dd6e,083ad1f3544f22538dc8d85e42335b321a9315e774d5eb28f20572f26497fabb,True,
BF.B,EQUITY,WEEKLY,REPLAYED_POINT_IN_TIME,2004-11-16,2026-08-21,1136,1136,0,c1a9ab30dbdf6d111dea00f8ee69994e5a8665fdc03d10f165c96d404a604ebe,9de4f58607d099b7177ae48439ea27a7f82a1df5e87fbbb7c6288c96f53ace7d,True,
BG,EQUITY,WEEKLY,REPLAYED_POINT_IN_TIME,2004-11-16,2026-08-21,1136,1136,0,4be512fcb123806815e1051e9f26696677ffc1b65a15d6b4b8d7e8446da1fc1a,481f0d1123f3542f872d1e8b4a7b102789bab66e61ff411f45549a58f6e52c8f,True,
BIIB,EQUITY,WEEKLY,REPLAYED_POINT_IN_TIME,2005-01-24,2026-08-21,1126,1126,0,6054f729b9de2dba19daee319bc9afe8552cd6994fed6d04d3523466481437a4,7dd8acaf2d6d6979445442d54d44bc7d4e2b77033a37a69e359c23fdd85cb446,True,
BITO,ETF,WEEKLY,REPLAYED_POINT_IN_TIME,2022-12-27,2026-08-21,191,191,0,81fcb1619d52ee3474ebed8178a8cbad6ef0c3b8e7b919dd27bcef342c4b0fc1,fc5dc40b1f864837ff19e680f18e0f11ee653fcc4f5ace8208dcbf9873afd86f,True,
BKNG,EQUITY,WEEKLY,REPLAYED_POINT_IN_TIME,2019-05-07,2026-08-21,381,381,0,c6aaaf1e2c0265d0d15d6f97f46dd44a0808ac1dbf137de0657eab8f49a52544,244883908a4cd50025bce960f0f4cf0c687a4ac511aa7f97dc71a527db4c7b14,True,
BKR,EQUITY,WEEKLY,REPLAYED_POINT_IN_TIME,2020-12-24,2026-08-21,296,296,0,46eab48a0118b78570808f520c570c597c2f4751efeebbfb44b018dcbe9bff9e,6d286611029eed819a0d2a7541e1afee5c17165caffe868e5e10b5df1b69cf8f,True,
BLDR,EQUITY,WEEKLY,REPLAYED_POINT_IN_TIME,2006-08-29,2026-08-21,1043,1043,0,cda3e8389f39b166f9e4596fdd698b24fc473b315dfc8e11b76c3a18a582e85d,ec8e16467a79d694225499ef435c67fb250ad7dcc3f84772b1930819a0710f22,True,
BLK,EQUITY,WEEKLY,REPLAYED_POINT_IN_TIME,2004-11-16,2026-08-21,1136,1136,0,2f850a2439695bb83293d6924494bf91cd6df9c62048b40d037802258ce92802,257ef4a7fb38bc090d39478a4a5ecc64383153f7445aee17bcbb09cc84de9db8,True,
BMY,EQUITY,WEEKLY,REPLAYED_POINT_IN_TIME,2004-11-16,2026-08-21,1136,1136,0,ab31304e20069217af296d1cee2220900736b51001bbb1e88a102890146bc8fa,afbff3a5363ce602e5280195d3eb7afdb1accd347ec3baafe4dc69ba97740302,True,
BND,ETF,WEEKLY,REPLAYED_POINT_IN_TIME,2008-06-16,2026-08-21,949,949,0,ffb744050f5f511c143b0d677fe4946a91861964839f50b18523b0fefdca2ae7,64f2167767fd9033f7930429ad138c6c41a151a14349c7d6a563764a0df006d9,True,
BR,EQUITY,WEEKLY,REPLAYED_POINT_IN_TIME,2008-06-09,2026-08-21,950,950,0,33705b13789924fca27c0c4b2a08957bd694803c47c96d7bee6ddb8ff4dd0dd0,b8cffd8a61dcc2c30f028f611667927c3ca447e27ad3b7764308b37a94577bcb,True,
BRK.B,EQUITY,WEEKLY,REPLAYED_POINT_IN_TIME,2004-11-16,2026-08-21,1136,1136,0,efbc8cae1edf10c8edd5bc6c545250e895906b9bf6d45f5ddc4c119f9fa604c9,da97d9e71dc21d684c48044f54b30bc7794ed23941077286e1cc90661b0cc356,True,
BRO,EQUITY,WEEKLY,REPLAYED_POINT_IN_TIME,2004-11-16,2026-08-21,1136,1136,0,e32b5f6b4168972f83ac196ed97c9888e6ce67b5c01a4bf3653c1448db22d65e,29e7854357d88bc4128bc6052d9ccafa0c20d93664cc57ada47eb6211034ba0e,True,
BSX,EQUITY,WEEKLY,REPLAYED_POINT_IN_TIME,2004-11-16,2026-08-21,1136,1136,0,b3c51268bfe339a72999a0dac2fe19ce8d80b85505bdbb9b1cde24a42e69c115,dcef91167e73d492a200234fce52b19e15f671cfa38d8fd58f5da30eb7ecfa3c,True,
BX,EQUITY,WEEKLY,REPLAYED_POINT_IN_TIME,2008-08-28,2026-08-21,939,939,0,14fe3bd88676a8ef0ef2e15ed1496979e3cf86f3ecf266ea1ff991d5c91d10c7,ec09fa0dd536b4ef098ca287707b08085efe2242c29ef31c010a3a73ac735651,True,
BXP,EQUITY,WEEKLY,REPLAYED_POINT_IN_TIME,2004-11-16,2026-08-21,1136,1136,0,90b0d39547350207162f3c07bf38813c716efbb0fc228c7dbe9946eac5a1407f,5ab7c477639819ccf93883ea8a81735b0d8422dc369a6f664a4468a86d32faf0,True,
C,EQUITY,WEEKLY,REPLAYED_POINT_IN_TIME,2004-11-16,2026-08-21,1136,1136,0,a83ab2952688149d6821993ce6c462daef37a4ffbc8258522486c79c6ddb9214,f545c7badd8bae9c31a34c4f48983452c121e17c0af08acd3a49c260eb185780,True,
CAH,EQUITY,WEEKLY,REPLAYED_POINT_IN_TIME,2004-11-16,2026-08-21,1136,1136,0,f20d838bf875ea006dc195bb005859cae441cebd90f2b257c47ed8d41975b57c,d6e48a73882261a05613776d6abefe72faf0932b03cf62c2e6a33ea16840d1b1,True,
CARR,EQUITY,WEEKLY,REPLAYED_POINT_IN_TIME,2021-06-11,2026-08-21,272,272,0,852d5b0353f297f677f8ba0b2db53c833a4e625d721d056a445356ecae283201,46733743f60c21d41ed07e6c47d3a76fc694da95435973b28b05a9211a000283,True,
CASY,EQUITY,WEEKLY,REPLAYED_POINT_IN_TIME,2004-11-16,2026-08-21,1136,1136,0,c682efaa95a2680c6bb9d67609b6f12aef12b300d99e0069c17af6839e7411e8,28f1055d33b411806abca0748870015d688ef4026505b1bf946ab4835f1ea979,True,
CAT,EQUITY,WEEKLY,REPLAYED_POINT_IN_TIME,2004-11-16,2026-08-21,1136,1136,0,3730fa004e841e286f3c80d9c4a77162244054a840974ebe600356c087001e7e,92af94c2ad6f9f4ddfcefe9230fa7451e3b03a829b6e4eec3a6862a64afdadb0,True,
CB,EQUITY,WEEKLY,REPLAYED_POINT_IN_TIME,2004-11-16,2026-08-21,1136,1136,0,8405fa7ef66ccfc8c1a896473f2f957e429eb72b3feac9365ad910a75fa9950c,5bd4a5b0eaf39ca22afcf1d89f670a8b2f4baa9dc47152d711ea4d60e15804e0,True,
CBOE,EQUITY,WEEKLY,REPLAYED_POINT_IN_TIME,2011-08-19,2026-08-21,784,784,0,2a2a2363190ee82796f72cfb87c48e5a363b657fd73e241d927c309f0b9b861e,51e5267de967ba554b9d40bd5a4ed1ac2317e52416963d665555aad02cdb066d,True,
CBRE,EQUITY,WEEKLY,REPLAYED_POINT_IN_TIME,2019-05-29,2026-08-21,378,378,0,69438cfe5671c48b28ef9f77b2cfbdd32df74a9f92e74f372fbebb8191b05b78,ef774e4c83a1b01f58a8fea431e332a785c1d9f17229b88c353c7ed3a682edce,True,
CCEP,EQUITY,WEEKLY,REPLAYED_POINT_IN_TIME,2020-01-17,2026-08-21,345,345,0,cb5ccbd15305ea732d6654c229272f98819b56c06857dde3113ecc921820f34a,7d3e7f47912c9ee6f5b69d8bd3729db56dcf89c085d5aa80432966a2ea0b988f,True,
CCI,EQUITY,WEEKLY,REPLAYED_POINT_IN_TIME,2004-11-16,2026-08-21,1136,1136,0,019d0df9b77964aea8415a7dff76925401af9b07eb1b9abacb8eaf45f0e29212,c039c1caa72504bade6d489686ff2ecd27916c241890872b61f66d3c0cabcf65,True,
CCL,EQUITY,WEEKLY,REPLAYED_POINT_IN_TIME,2004-11-16,2026-08-21,1136,1136,0,fbb1dcc189db395e0f1f6e20896960709996d82085f15ff101355b8a349806cd,00f4711d9dd4fcbf275db20da59135c9f3ab52fb46403de1e962b8b1b93b12e4,True,
CDNS,EQUITY,WEEKLY,REPLAYED_POINT_IN_TIME,2007-01-16,2026-08-21,1023,1023,0,04918709e17d65fc06fc0324829bf7d780afc2eef827b587fab1737967262f72,7fb44b4a880f81dc9855ea8cee8c46dd3e79166faef39599c6df10fee1a3f1b1,True,
CDW,EQUITY,WEEKLY,REPLAYED_POINT_IN_TIME,2014-09-04,2026-08-21,625,625,0,7df3530e87c7cbb9b643b00e9e6a6ffbc3275d0d7ad1e68099a984fb3c42d6f1,a7e66190243ab23922b2e6504db4244c440f49f68798b9215bb8b297442f81c7,True,
CEG,EQUITY,WEEKLY,REPLAYED_POINT_IN_TIME,2023-04-13,2026-08-21,176,176,0,48e17ae97dbc3ad62b26a35eb4beb1d88164f86d78c42ad64882f8144d2c3190,fbd50d6d83afe1655d36f633c995d8c0fda880434b2f17f855a0edef3ad6220a,True,
CF,EQUITY,WEEKLY,REPLAYED_POINT_IN_TIME,2006-10-18,2026-08-21,1036,1036,0,86bac5de5ad40b688c89c0b9ac1f240f90333835f059b9897ca54c733f5016f1,c8e8155b2decb3fb05b6f386beeb3a47635495046719d379c55529b11d748ebc,True,
CFG,EQUITY,WEEKLY,REPLAYED_POINT_IN_TIME,2015-12-01,2026-08-21,560,560,0,d32db39f6ead4e02e6578af6bb4e16962f7d74ea2253558d9153e5732c1f3cae,d44998232a62aadcf975571c73f07a11c9e0dd6e62c298acaa1f8735ef2fa8f0,True,
CHD,EQUITY,WEEKLY,REPLAYED_POINT_IN_TIME,2004-11-16,2026-08-21,1136,1136,0,94ba102d1189f294cfb0eb15e9d6bd673dd3379a48a2e849094fb7ddee9a8fb1,07f22680bf116774eb664c0d4bd21664846e00f16a4ddd554649410cc2d4f6c8,True,
CHRW,EQUITY,WEEKLY,REPLAYED_POINT_IN_TIME,2007-01-25,2026-08-21,1022,1022,0,c9da0f0cc1ada3e5bf8ccf5b6b96f378cb0bc868e8a78f536ee31ba495d36b7f,6d840df8d3c7122db6500ea4e2bf8118f865c513387171e7f07d9859892d3fb2,True,
CHTR,EQUITY,WEEKLY,REPLAYED_POINT_IN_TIME,2004-11-16,2026-08-21,1062,1001,61,6329eac2c89b96ce59eda2bfa67482b01677f30ef5c7249471cdb86ecaae2b44,02735ea3f3c585131e2fc8c314c8092ad52359296328f630448cb347ef7e5c4b,True,
CI,EQUITY,WEEKLY,REPLAYED_POINT_IN_TIME,2004-11-16,2026-08-21,1136,1136,0,b9ebc5a074ff7e4ff86911d65d8863eaea01495852a07071d57ca7d781793d6b,daca58a543713ba9ed080cb3704384aaf78ec6cef6846b4fc8ed4711de2fd1db,True,
CIBR,ETF,WEEKLY,REPLAYED_POINT_IN_TIME,2016-09-12,2026-08-21,519,519,0,8b39f3e6c75c2666004cb10ac445d86ceb0750a010be9d5b63857e252c200b86,8ad901408b779871dae8e4ecef1a5a75c47b5e3487233cf2d413e160ef953db8,True,
CIEN,EQUITY,WEEKLY,REPLAYED_POINT_IN_TIME,2008-01-02,2026-08-21,973,973,0,d583dc3b5d1a1cf7e5e84d23d029caf72edcbd87601a46c7e573b225b0095316,ca7dda7ffa16caf794a24bf9db0b3f129fb83763c6de7fca784ee2347ede508f,True,
CINF,EQUITY,WEEKLY,REPLAYED_POINT_IN_TIME,2004-11-16,2026-08-21,1136,1136,0,9b97b90a6bb033987f0240ddf3ee9246325fe08ff366eaffcbbf47d715ec889a,b4ef5cad31de9475d78fb40d8bf7e552d7741679e3f0241325bbc92d09bea8e4,True,
CL,EQUITY,WEEKLY,REPLAYED_POINT_IN_TIME,2004-11-16,2026-08-21,1136,1136,0,79493392cb9dd3db9a43f81b6bd44f373f84a7e9f3f7d1a5a4e2a049b508b495,9896e752bc1f834e0edb06400797538c7b2d0e5bc33169a753771f5ebb650add,True,
CLX,EQUITY,WEEKLY,REPLAYED_POINT_IN_TIME,2004-11-16,2026-08-21,1136,1136,0,a0b86e0c2e61de0b36bbfcb0f5d7966121613194db95fe5f6e1ef5688b313c75,89d7fb4749e5de23af20aa84852ca7900137f65acd1df63e44eb77906f18fcd1,True,
CMCSA,EQUITY,WEEKLY,REPLAYED_POINT_IN_TIME,2006-01-17,2026-08-21,1075,1075,0,44229d5d6999633dbe3ce3d6c281b9b8805c3bd0608ad575b3165244b77d37d9,9c0a4af6e6665b5ace4b8099847fd8768a39dd9ca93aca36b41789e469b2b474,True,
CME,EQUITY,WEEKLY,REPLAYED_POINT_IN_TIME,2004-11-16,2026-08-21,1136,1136,0,a99c98c3595f7c0959cb551ac9906251cb8d285e222672e00a23960d5fb735a1,60d2e70eeade1be866d9a0a957963a10543f2a27e7f09711d93dcbe713c212f0,True,
CMG,EQUITY,WEEKLY,REPLAYED_POINT_IN_TIME,2007-04-05,2026-08-21,1012,1012,0,49d8e0d28b708fef96f164b604bcf95994d373d577d5ce13fbe801d852d27b81,b161c901ee88b7050d66075998cf9258ece724d9bb54ce6be66ce7fc3c0c8839,True,
CMI,EQUITY,WEEKLY,REPLAYED_POINT_IN_TIME,2005-02-17,2026-08-21,1123,1123,0,e8c6ea3a5506b6101d560ed6d54c4f0c272f6ed32dc60b41b37ae6a1f60437f1,11b49c33f61a56a2a4dea57b561e020a27b7a9e762264f4f980d9c4ffb176a0c,True,
CMS,EQUITY,WEEKLY,REPLAYED_POINT_IN_TIME,2004-11-16,2026-08-21,1136,1136,0,374c23eabe73381021d89a86810bb39ba086585807da35dbdeb1d2608e4f529e,74a07dcf6fefa4afa4b278bfe37164652931d9403e66be7115fd90948ea01b7b,True,
CNC,EQUITY,WEEKLY,REPLAYED_POINT_IN_TIME,2004-12-23,2026-08-21,1131,1131,0,81b999e3ef33c8d7be33ee6b11a5b11c851fde168783cf5fa277a719aefe4128,d9954d11202cd6abc4f93cb0c5e8f071dc8feaba95c864995d66c36993aa6724,True,
CNP,EQUITY,WEEKLY,REPLAYED_POINT_IN_TIME,2004-11-16,2026-08-21,1136,1136,0,e19c26693ec560749a94641b06cd3ed941a5ecc2eed7d2d9738bd8198a419440,133f61e02868b82056a64ab8b32da7c472d374b24d713d9317ffea0438f467d6,True,
COF,EQUITY,WEEKLY,REPLAYED_POINT_IN_TIME,2004-11-16,2026-08-21,1136,1136,0,364fc96b2bc810bfa6a6e70f471033dd9a776d53d05d834efe7df0cb31971bf1,7855be31a78fce833460e2fbe875a92a4d3c25eeb2f35537e4c40ec41a900c3b,True,
COHR,EQUITY,WEEKLY,REPLAYED_POINT_IN_TIME,2004-11-16,2026-08-21,1120,996,124,4c55ba3b1ea56af304b8e67073103c78c5b351160a00f57c3f59644417c79648,5dd951e34f0fb9451aba30dc15d3306a78333de6c33253ccae2cd73b8fc31e40,True,
COIN,EQUITY,WEEKLY,REPLAYED_POINT_IN_TIME,2022-06-21,2026-08-21,218,218,0,ab037dd1ac3f1533f5b2ef1c1eb8931da09a488bab2c693e1bb19cb9eb2b17ba,09f6af4e2828d263e8d579f2ee9a28ef9ffbcd05a8177194b338e92c676246dd,True,
COO,EQUITY,WEEKLY,REPLAYED_POINT_IN_TIME,2004-11-16,2026-08-21,1136,1136,0,c5bca8c3c1936457dac23e7217692762cda917abe0ef058776f695df34db0e42,75cc657b82be9178594705bbfb97fea31c73ce4d6bdae2b0086d431d40de0a21,True,
COP,EQUITY,WEEKLY,REPLAYED_POINT_IN_TIME,2004-11-16,2026-08-21,1136,1136,0,8cf5496941234c4d221da66d4f393ba5e56cd41b1417349a3f2ad41f89cb8e52,f3ab8116d7e5f3e8347162291637134ab2003388c8553decbcae21c2e54ca3f9,True,
COR,EQUITY,WEEKLY,REPLAYED_POINT_IN_TIME,2024-11-06,2026-08-21,94,94,0,186a6279ef4ea0c8fec227aaa9a1d00a3e37993f8c87e9772e1bb922d351664a,98b5920f54215526962da52975e2514a258e0d5eccf84f74da9c894edcf1a2bd,True,
COST,EQUITY,WEEKLY,REPLAYED_POINT_IN_TIME,2004-11-16,2026-08-21,1136,1136,0,bcc75a1e19de28c456b9443ff4969df49ba52fe6e9287cecda79403074b8a786,88cddd9adc3d02c8d91d141af1b851b2216fbb87092d840e713b0592e4119886,True,
CPAY,EQUITY,WEEKLY,REPLAYED_POINT_IN_TIME,2025-06-04,2026-08-21,64,64,0,dc5e1b8658971ad9a0cb19e569da1486a0c9fba465997e4d174031d84e69b8c6,3dc471f307399af5c1a67f3c8440ab859cc2cc3202bf6ea1ba7b923a48fec0c8,True,
CPRT,EQUITY,WEEKLY,REPLAYED_POINT_IN_TIME,2004-11-16,2026-08-21,1136,1136,0,76f7b58d84b7ffae27d222b8c96a3fa9192bae6aa28bdfb39589bce6cf3fa286,71bfae5d2a41f01e1d3a8a1ce98265f586057a52851962b9412de01664f2f9e9,True,
CPT,EQUITY,WEEKLY,REPLAYED_POINT_IN_TIME,2004-11-16,2026-08-21,1136,1136,0,2dac068291444480d44d51073f8a044e43cb9887c268ef73f218f47c3d991e6d,9c4d2dd2bb49a58811310c4f0ff5deb5660553e652a434849d7a28c9fd0f5645,True,
CRH,EQUITY,WEEKLY,REPLAYED_POINT_IN_TIME,2024-12-02,2026-08-21,90,90,0,3fc0c8150300e144477a16ac26132a0e07a4e56c56fecff9b9aed11a4973f86a,8ab6b6cb2d700d1cf8cd0591a88063765a213201bffa6c1982ef2b517019df5b,True,
CRL,EQUITY,WEEKLY,REPLAYED_POINT_IN_TIME,2004-11-16,2026-08-21,1136,1136,0,239348daf31e3f44d3333267a1bfdef852f64bdf2be85adb2d5cc1b1f01ff451,735414ec7836a2ec3747c0f6431779f8962ce45ccfaf9443506654656eda4f4e,True,
CRM,EQUITY,WEEKLY,REPLAYED_POINT_IN_TIME,2005-08-29,2026-08-21,1095,1095,0,ca5fab245514b755c8c6fd6c0c75d44cf4e7fea2c6d09cdb0a46c6851c4bf0eb,2b4c2d6b6cf1c0f88e794b67846615f9cee1f36d607fea2c92f3ff187cccb11c,True,
CRWD,EQUITY,WEEKLY,REPLAYED_POINT_IN_TIME,2020-08-18,2026-08-21,314,314,0,eea30009c4775c996f906ef527a9eae9217007c2e4af03000f3f12e9ed55b610,3497b0a8148dccf45aac8854f7f71cbf7cea132f00fb9b90c5c06110dc4d8acd,True,
CRWV,EQUITY,WEEKLY,REPLAYED_POINT_IN_TIME,2026-06-08,2026-08-21,11,11,0,2b88da792a27025800f640f4766fdd0dcda9eb0c279f6086d3d4ca3dac94b2bc,ddfbcd11a25aa941b08a241e5c44230b799a2993ffe3c9f250bb016817aafa2e,True,
CSCO,EQUITY,WEEKLY,REPLAYED_POINT_IN_TIME,2004-11-16,2026-08-21,1136,1136,0,3566185be0dfe214a968eee6454f80d8e780df1c4401dbf4cbea1c22e0377910,7dc3a95a8922b027fdd7fca086a5dd430783b8328ef982aefec6ba016d5b3ad8,True,
CSGP,EQUITY,WEEKLY,REPLAYED_POINT_IN_TIME,2004-11-16,2026-08-21,1136,1136,0,a6571a50157114bae0bde32fbfd6f1cec15aa8aadab2896859628e9d740e5ba1,814a7fbc14a04e61dbe05ffce94ac8c848a7a5c92d17e94540d91bd4ea5f8761,True,
CSX,EQUITY,WEEKLY,REPLAYED_POINT_IN_TIME,2004-11-16,2026-08-21,1136,1136,0,6182fac8a9cca8568a991831adb1b702addc97911e1e1e22b804e48694c1a0c8,8f587b1855ebc382f18318ca13f4124e45c77132ed17201c380736bf1f877781,True,
CTAS,EQUITY,WEEKLY,REPLAYED_POINT_IN_TIME,2004-11-16,2026-08-21,1136,1136,0,b323b34868a2b66663cee8fc382c47dc46f24c41952bc2dd005c5814ad6a7e0c,0754bed0423cc401398b86f75bd416e1275b3ad279e2d6097577fc44b45bb402,True,
CTSH,EQUITY,WEEKLY,REPLAYED_POINT_IN_TIME,2004-11-16,2026-08-21,1136,1136,0,98e3ee2fb8fcdb7f855a6937886a86323a3a9daf154f934d655c1caa2f8c9079,c14a08a1949a55450776623741adadfb2bc81d376a97a6d589094564bd96f094,True,
CTVA,EQUITY,WEEKLY,REPLAYED_POINT_IN_TIME,2020-08-07,2026-08-21,316,316,0,a3ba2dfebbfeccdd3737a7917d3c971adccb2fa7ed140b2c519cfeab22c7c959,0399da3139875c260bb7e1171c994460c6bb149608e6971f8daa1986ba8993d4,True,
CVNA,EQUITY,WEEKLY,REPLAYED_POINT_IN_TIME,2018-07-06,2026-08-21,425,425,0,7657f62d7c91826cc9b201c9ef57c19bb2e1351da6bc5751c96dfc1edb1b6baf,98944335bf0512a0b604d9c318c296e7375b094a6d0c15af807841f27c8947cf,True,
CVS,EQUITY,WEEKLY,REPLAYED_POINT_IN_TIME,2004-11-16,2026-08-21,1136,1136,0,5ee3ae9955a584e8ab4ecc1d2fb90f6236fbf2c1731918cae976d34efb728bc1,c765efe756191732d7bf1bd3f9d9f5a2db0e2b0cec07249a9449842d1dd8a882,True,
CVX,EQUITY,WEEKLY,REPLAYED_POINT_IN_TIME,2004-11-16,2026-08-21,1136,1136,0,cbef13a557034192c514f6f17dd0726cb706bd1c5306be7532d6ef51f26f29e1,75f13e0583d09f02883fb9409cceb5df5b2cfd52c0bb1f7f931b87f341edac58,True,
D,EQUITY,WEEKLY,REPLAYED_POINT_IN_TIME,2004-11-16,2026-08-21,1136,1136,0,2b8694e2a581942d8b3bf6aed5d1f58ff569c1fe6bc75128389573ec7ad74a7e,9dcaa9e29baff2ef0e2fcde7c7d778ae8100e55d6762f412dba73b8051457a17,True,
DAL,EQUITY,WEEKLY,REPLAYED_POINT_IN_TIME,2004-11-16,2026-08-21,1056,994,62,77f551915d12e0fe631373607c9120818f333a7c2dcf2c738733914421464308,c5ade707fa3915886ad4329810aa9ad444bd2d7458a7153d56ca2cb4999dd6bb,True,
DASH,EQUITY,WEEKLY,REPLAYED_POINT_IN_TIME,2022-02-16,2026-08-21,236,236,0,1f90102a4f4c32167155e2c0d8a754b9107512900368a01194294be9b1c7d931,58cc071532d7708177c13466a0af16ac1298ce5af618408693a0fa3394918154,True,
DBA,ETF,WEEKLY,REPLAYED_POINT_IN_TIME,2008-03-14,2026-08-21,963,963,0,6f6f316b436634a40674827234b1e46a36fe11a22e0f7af65ed8364be3803ef4,25b1d4f2e19544ada59d53e421211c16c83358d16431c7dea3d36be25d7220bb,True,
DD,EQUITY,WEEKLY,REPLAYED_POINT_IN_TIME,2004-11-16,2026-08-21,1045,984,61,2434f1066b50431a9494118e77183403f081570c6ea7f1e26ce94b7bf8e88f8d,49883b20b56d19418e0fdc84870598bd31a099820cdc063eb99c0dcab870cb3f,True,
DDOG,EQUITY,WEEKLY,REPLAYED_POINT_IN_TIME,2020-11-24,2026-08-21,300,300,0,221396aa6a2b56c76123529b5e3a2d14dd13659fba16e8fbd7826c946c6dc08e,f21db5bd4ea653760bbad6ef95b0fb25cf5fe370f0fda1f109c2d594b7572e63,True,
DE,EQUITY,WEEKLY,REPLAYED_POINT_IN_TIME,2004-11-16,2026-08-21,1136,1136,0,b5a9cb9ea27d7793033dde5259185c9465ae13425f17aa74f844a6b53cad680a,8658fe77fd32aee7b76c1bc43914d709a51c7a053922d4c39eed770795cb2a90,True,
DECK,EQUITY,WEEKLY,REPLAYED_POINT_IN_TIME,2004-11-16,2026-08-21,1136,1136,0,2937022bde888c694bdb8491b7d9f27868fbb9b71c33c680dd8f5d897a375190,78ed3fdaecb34c4b55369a080060064f5422d59b5df07f48c099fee4d0869607,True,
DELL,EQUITY,WEEKLY,REPLAYED_POINT_IN_TIME,2020-03-09,2026-08-21,337,337,0,97628f794b0ce9deb1c4e4254ea65c038db5d6edc3a0e71ee11145f6133a0d96,a0c491412df1daafc7778a71b65035ef7455cac41805f8c5574880c52742c38d,True,
DG,EQUITY,WEEKLY,REPLAYED_POINT_IN_TIME,2011-01-24,2026-08-21,813,813,0,492b8ba5355d073033efbb868dc3b978dbc74d25e9b23404ec604680cd8ceb23,92cf0a9f0a08b8d517e08bc7aa0dd0e8d9e0f7aded625b2dfe2bcaca20d04829,True,
DGX,EQUITY,WEEKLY,REPLAYED_POINT_IN_TIME,2004-11-16,2026-08-21,1136,1136,0,a632f13016e176a18da52336bcd6c1804270c34b7d9279aefd8987864889aa5c,5082448a292c6d917d31371f6892e00cb9a9b2edc31d72f7f1743646b32eeb24,True,
DHI,EQUITY,WEEKLY,REPLAYED_POINT_IN_TIME,2004-11-16,2026-08-21,1136,1136,0,9a1188e7ade4e6e7629467fc5263e327e967b36968297cca00d44dd06818d1b9,104b01be7886ab98870d99a7149b6d8519d8f765b22de5a8bb9080b0a3fe2b76,True,
DHR,EQUITY,WEEKLY,REPLAYED_POINT_IN_TIME,2004-11-16,2026-08-21,1136,1136,0,ec6dda00901cf39a7233ddd57ed49c48424a548144b2b38b8ca07f94c14e8419,03a285a763276e9125ba43d886d2a827f3fa01c5d747e66a30b4040b9ade282c,True,
DIA,ETF,WEEKLY,REPLAYED_POINT_IN_TIME,2004-11-16,2026-08-21,1136,1136,0,4684d5e5e7b2944e154470ca56e40d25274b3602edffeb252c2ce8db3023c181,141531bcd6cc4b8444008b370f4824d1c761457718ec59aee3333e8027dc91fd,True,
DIS,EQUITY,WEEKLY,REPLAYED_POINT_IN_TIME,2004-11-16,2026-08-21,1136,1136,0,2f51fc900c952d5ffb1fa65d028eb7abfa8cda807d70d161cccb1327d39334b1,0ecdff82022229801871b69060524c26154df5d91bb276c36eb644de975f0373,True,
DLR,EQUITY,WEEKLY,REPLAYED_POINT_IN_TIME,2006-01-06,2026-08-21,1077,1077,0,c7b7170d6fab5b44361987290f365dea8e9b1089711f1af41b015c0dd5d365ff,f384999ad0d1e5978fac1aa8f9bcc40fa826ee037ec097b32c8e7d7046217ed7,True,
DLTR,EQUITY,WEEKLY,REPLAYED_POINT_IN_TIME,2004-11-16,2026-08-21,1136,1136,0,e938e16c64f81348f08a829161757578ddebc1a8e2e1e1b8edaa18fb08b71b8b,22265d8b3cb23982a1eb954116385fbe1a43d66bb10ba7b3c938a7d95007017d,True,
DOC,EQUITY,WEEKLY,REPLAYED_POINT_IN_TIME,2025-05-13,2026-08-21,67,67,0,e7d7680a8cfd1a01ffbaa5bb15019949ed138d5b7172e38441d12836945a3f0f,31a3fc1a841c5dea405cc57239183da50c1de9ec690028d4063d417ae50aec49,True,
DOV,EQUITY,WEEKLY,REPLAYED_POINT_IN_TIME,2004-11-16,2026-08-21,1136,1136,0,ee3101df065ee21689c46abdd834188c05c02dcd1d4d2d54ccce665642116c42,9b064c0315e2f54a51478f1fb6b24da69fe60c28fc00dd24523d5a56168d717f,True,
DOW,EQUITY,WEEKLY,REPLAYED_POINT_IN_TIME,2020-06-09,2026-08-21,324,324,0,4b03e9fe01baac09d01d151e3453b2cfef5b1a0f107e2a7fdf734ac7615d4681,9e33a17df3400a8625fe80507c81a55fa3b382d7dbed3c464da3105e9f451a6c,True,
DPZ,EQUITY,WEEKLY,REPLAYED_POINT_IN_TIME,2005-09-16,2026-08-21,1093,1093,0,fd34c013a9736cf34be8e800d86414c189d81719cd60d9e61938279e24d32003,ed1de702b9a11859599823bb3122e067b55b73f202a94de45fb39f80120cdfea,True,
DRI,EQUITY,WEEKLY,REPLAYED_POINT_IN_TIME,2004-11-16,2026-08-21,1136,1136,0,8e361d85895ee8cb9b9daeb746c519918267674d9bcafdf9c04861480cff96ae,1fa916947b5c40992fd8e4f42f157b855ca2d02c30a46d7eeb3598b0a562c51d,True,
DTE,EQUITY,WEEKLY,REPLAYED_POINT_IN_TIME,2004-11-16,2026-08-21,1136,1136,0,f6e53876eb415d3738465a0f3d2cac92d114de2f373aae9a143dc7dbcee3d2fa,8c8530ce3116bc15565726c790f36eb2d95da43c15dea12d3d301f3931c60c0e,True,
DUK,EQUITY,WEEKLY,REPLAYED_POINT_IN_TIME,2004-11-16,2026-08-21,1136,1136,0,99360efbbc0caad5ff1bc84bf8772f0a0ba65d2ef9a4829638fb1c9a010ddbd4,3d9f0460c4d9edc4ba4523ac2bf524bbe21503f92544897b9f836d62b994360c,True,
DVA,EQUITY,WEEKLY,REPLAYED_POINT_IN_TIME,2004-11-16,2026-08-21,1136,1136,0,c113d01eb94d57e2c3f2c8900a4e426a7053ba23b182ee0e42e9ab3d32207c33,125337d9dc58e7c2e075f9023f53363f34d0f3769696bb7ee9cd82e42f8ff126,True,
DVN,EQUITY,WEEKLY,REPLAYED_POINT_IN_TIME,2004-11-16,2026-08-21,1136,1136,0,d91a4f6d81026d3df1b00472473d944fb3a60e32d6d063909979626f497e7e44,a79ce00adce07887d0e68f9f1afa1c7c5516549108f03edd9dd6fc8546f760ee,True,
DXCM,EQUITY,WEEKLY,REPLAYED_POINT_IN_TIME,2006-06-21,2026-08-21,1053,1053,0,a518a84c520291d9b497e1df0cd4fb75858408f992db447c3cb490117627abae,171ddbc9c9bd0263c4fa424bf8322acbe976c5e2c497329ce09e54280efe29d0,True,
EA,EQUITY,WEEKLY,REPLAYED_POINT_IN_TIME,2013-03-04,2026-08-04,701,701,0,cc6b2e48d0a0dd4816d64afca3b562451c558607f82e9ffb09ca5c00579fb8aa,a10efa442805e36d418ccc69c666fa8e225c274e7a37af3f78cdc6ee8cc1025d,True,
EBAY,EQUITY,WEEKLY,REPLAYED_POINT_IN_TIME,2004-11-16,2026-08-21,1136,1136,0,ee3d5ec73319888e703a2377ecd129b57bd05b94b93d89f998af5a25514260c3,b43b64b6c78e758406e920497e8c6a15a8a8a046dc552aa75ba8a43ea611e668,True,
ECL,EQUITY,WEEKLY,REPLAYED_POINT_IN_TIME,2004-11-16,2026-08-21,1136,1136,0,ce822a657fa68a03d04313568b421fa1940a6af119d2c0f02f93950ba57a00c4,0672cf1cfc683af5d3d74a1e0e8344e65b3b674de8903047d3386be1d1109e66,True,
ED,EQUITY,WEEKLY,REPLAYED_POINT_IN_TIME,2004-11-16,2026-08-21,1136,1136,0,42bba969a2a6c28da07aeebccac03d1815c9990bdf819a647ee66d45f3f9d1ae,08618858171ce8a8d55325535d02c8788214d120a9d4636b21e585b466723f4b,True,
EEM,ETF,WEEKLY,REPLAYED_POINT_IN_TIME,2004-11-16,2026-08-21,1136,1136,0,582bfb82aa2e6ce7d310f9943892dd071bc7aa6624691661c0d781043bdba934,8c25a70d1d52108640e871821bfcd142c952fd677c7f6b6c3b3ba29a2474c65d,True,
EFA,ETF,WEEKLY,REPLAYED_POINT_IN_TIME,2004-11-16,2026-08-21,1136,1136,0,772b61b7b1febc8a29963d3eb726fc24f5c0a6dcb476dd1daa3cbe01ec56a171,8b6bba894db4a5cac0c59822245703b5874b898f004a36a6d69c3ee6c1e88113,True,
EFX,EQUITY,WEEKLY,REPLAYED_POINT_IN_TIME,2004-11-16,2026-08-21,1136,1136,0,4537021c6ad5698cc6a03de93a27f71c302ba9f7bc8fb6ddd68725ee85458003,d4869a16fa1e47707cb411ef96e3e83b196b82d2a58337d71652efa1cb98a239,True,
EG,EQUITY,WEEKLY,REPLAYED_POINT_IN_TIME,2024-09-16,2026-08-21,101,101,0,d320ea8afbeb157bb9ee61d76bc1f7a604f62a2f243a47875853fb5c98c8259b,36170db3abe41b6640d6cd62c173d2ef6bb8e00515789008a14e1a768aaaa5f2,True,
EIX,EQUITY,WEEKLY,REPLAYED_POINT_IN_TIME,2004-11-16,2026-08-21,1136,1136,0,c458f6d03767eb939082f32534a9aee0ce1fda8120bbcc4bc071d68d92ba8a0f,21421f24eeb0957e4b992a8e5c2ae63e7d7b3811ec5ebd17542902f011d01b5c,True,
EL,EQUITY,WEEKLY,REPLAYED_POINT_IN_TIME,2004-11-16,2026-08-21,1136,1136,0,e649f90e23bd03a524897a53169f458c699f24b1b13433b4305d344380864a91,27fc7f477ee3c70e6409ce5877760500538bb9e792888523be79e67f08642862,True,
ELV,EQUITY,WEEKLY,REPLAYED_POINT_IN_TIME,2023-09-06,2026-08-21,155,155,0,2d0f5defed2addac6493dcdd3ea811973593f92df3911b7888f27c30de6c9c8a,cc425b0e797e78f4c1196f35ba5afa1406353013526fba11479b3460f960953c,True,
EME,EQUITY,WEEKLY,REPLAYED_POINT_IN_TIME,2004-11-16,2026-08-21,1136,1136,0,a5a463d99c8826c569aa4937b857afbdbab8133d22400d027850737e4b2342a5,7a3c57aa58f5cb395b61860e03f72e7ea1ec73dfcd89e4929adbc0a918d62263,True,
EMR,EQUITY,WEEKLY,REPLAYED_POINT_IN_TIME,2004-11-16,2026-08-21,1136,1136,0,834af2ae701ab37c3e47565b481ff76705fc2641abefb7eb22dbafc51564e907,d8a4205b9eadbf8fe46813c6dba7efd6e462e438ee671dd32af46c7fbab7eb66,True,
EOG,EQUITY,WEEKLY,REPLAYED_POINT_IN_TIME,2004-11-16,2026-08-21,1136,1136,0,fca8b5ff04ce931c1460c3826553f67504bb9a290c4c26b1196da250ca258e60,0cb2b38ca8d99c17f8e4617822e3a8c177c35d62bbbfc68725b31141dfa14192,True,
EQIX,EQUITY,WEEKLY,REPLAYED_POINT_IN_TIME,2004-11-16,2026-08-21,1136,1136,0,4b064a51f9ec38a72af9e19a8b1bbe8a98a9a511dda66164365daccbc01bcfcf,112a65984e7472133a762f53252c319e05cc5e4f3c4011ff89bb48098e86d41f,True,
EQR,EQUITY,WEEKLY,REPLAYED_POINT_IN_TIME,2004-11-16,2026-08-17,1136,1136,0,d94ff865fec00deea6f6ab3810c5c4775cd71a830ca9f48e0ebdac3bb0e0192b,6d2d69d502f76e11d47fee4a18cc9078d59ee7a8cef35026d490ca057ce38a6a,True,
EQT,EQUITY,WEEKLY,REPLAYED_POINT_IN_TIME,2004-11-16,2026-08-21,1136,1136,0,b28c863f2ae2083831f6e7d6396ac36def3380de2afa9b878103b836195a58ca,d7cbf35c66d076755bcdf7fe40bcefc1cb56fd0c2db495daa01638aff44957c7,True,
ERIE,EQUITY,WEEKLY,REPLAYED_POINT_IN_TIME,2004-11-16,2026-08-21,1136,1136,0,78f46ad4293bba301e972f5971ca4fee029abc175a86beec2eec7734e9172887,7c4877591f51fe66947e1f2af409434d1e83928508924e1b20f2a3271c217f52,True,
ES,EQUITY,WEEKLY,REPLAYED_POINT_IN_TIME,2009-01-26,2026-08-21,827,765,62,672a43364234a4061e63996660f124fa5be0931eeb4d7e9898938d29c8448e5a,98e1c5d68f8fd7f773362c8d34cf65c1feb615280fb2a5e52fb32bcecba5690f,True,
ESS,EQUITY,WEEKLY,REPLAYED_POINT_IN_TIME,2004-11-16,2026-08-21,1136,1136,0,8d1e62b0bc3a5bf92e9e492dc8fc3d4d930e3678e58016336a3bd1548b045942,11c8e6d4813804a91e0fd698c17e4e8c7770c1d1edf0f9fc2030ddc169c93cb7,True,
ETHA,ETF,WEEKLY,REPLAYED_POINT_IN_TIME,2025-10-01,2026-08-21,47,47,0,736e7173ceb5a377a4538d8d603bd73fec1b53488e814481337a64934235f699,52826b82330bfcd735a307f36c7a5a7c23bd97e8f1534dad63b34ee548dc82ca,True,
ETN,EQUITY,WEEKLY,REPLAYED_POINT_IN_TIME,2004-11-16,2026-08-21,1136,1136,0,141d13a3de389307da57f1511c4683a2d3a53429095bdd474b8d0437fef5ce05,6e79ca04d6c290c07647fff73cf2967a65dc070595d215e3abc5b2928396db48,True,
ETR,EQUITY,WEEKLY,REPLAYED_POINT_IN_TIME,2004-11-16,2026-08-21,1136,1136,0,9643b70a258f62b13e79dfb571a247d6cfef9a1a1cbd469e33fb575766570c8a,0428ebaa73be96c8c78ece3983bb3ebd7ee778dd48c085d042297161eecbf3e7,True,
EVRG,EQUITY,WEEKLY,REPLAYED_POINT_IN_TIME,2019-08-13,2026-08-21,367,367,0,d6cf54882d66317fac689bbb67f0c4effd271a79de29fb1eca94392bb5a1966f,63a0af056724a0c0ff1df6fa9e9b619e5bf39de8f4e5f78ca639ca23daf6a15c,True,
EW,EQUITY,WEEKLY,REPLAYED_POINT_IN_TIME,2004-11-16,2026-08-21,1136,1136,0,63a570dea26e9cb853c9b5e1ff460ea4beb9e27a17e9c027994dcd5b9c3670bc,d746b0b0cb8917309c3f60bbba936cc4a59c301445ce8e406013a1deb3cd1f98,True,
EWJ,ETF,WEEKLY,REPLAYED_POINT_IN_TIME,2004-11-16,2026-08-21,1136,1136,0,fd930abfc5a3516e16cafb04e9a1935e0244fd1ed8a11288cfe453e5ae35b704,8b472fe31482d67bde72b9d99ef2a6a89d4c282f6f823874b50603747ec28c29,True,
EWZ,ETF,WEEKLY,REPLAYED_POINT_IN_TIME,2004-11-16,2026-08-21,1136,1136,0,db3255880002e54c36dbf77bb71400447a8cd9c44cc0260cfa7ed0ba26a91ac3,08195d08f76c196a475e728aab93370a9143a568a1736557155e1a412bf48d4e,True,
EXC,EQUITY,WEEKLY,REPLAYED_POINT_IN_TIME,2004-11-16,2026-08-21,1136,1136,0,7f3f6ac96426cbb1183f04f309bef43a19ad11f7856a421d442207cc94db6198,fc5c9d008b890e1f386967f41ae4fe5e921505e6fcc3fe305a802378a383bbe0,True,
EXE,EQUITY,WEEKLY,REPLAYED_POINT_IN_TIME,2025-12-11,2026-08-21,37,37,0,5f488084f98be3034715b137f3ea7c2f7e0d9665ce7bfbf553e4f8de5a9bb840,43417eb33b6f5edc86d520a5e4a1281e3963ac88c38f2ad8d46a3a71f1fb2607,True,
EXPD,EQUITY,WEEKLY,REPLAYED_POINT_IN_TIME,2004-11-16,2026-08-21,1136,1136,0,2b095118ab7c0795f4683041c070b36d6313452d358181bf6c11fe982c9b8b38,f96e55299777b2bd15eb4ae02bd3a0c1297a65065cefd8329531caa4737062a2,True,
EXPE,EQUITY,WEEKLY,REPLAYED_POINT_IN_TIME,2013-03-06,2026-08-21,703,703,0,f51202bd63f9ac4818a01f6fe48ba302e779569319baf032537fa5e865db0316,6cd06b3cf66476594008d6dd49e22900c4f1c4ac50a82785916f0305afc0a7eb,True,
EXR,EQUITY,WEEKLY,REPLAYED_POINT_IN_TIME,2005-10-18,2026-08-21,1088,1088,0,129a6300da2753c08a9fc703fbed782d754cc2bdd4b5eccd99378c85e4f12533,77fd48c7bbdabced97043b8535429140e869c0bff1c9fba5b2a199cfe5c329a1,True,
F,EQUITY,WEEKLY,REPLAYED_POINT_IN_TIME,2004-11-16,2026-08-21,1136,1136,0,f7f5fb780c54f0760387e9c02004bb71f7075c0418160d27b2a22dcffd27bb72,504adda14d9e147d3e981f8788fe29f07fa8bbfd434af59414851d5aa1816f59,True,
FANG,EQUITY,WEEKLY,REPLAYED_POINT_IN_TIME,2013-12-23,2026-08-21,661,661,0,d7de0303180478b9fcd00f4ecdd4c091b0c1cbf7a35b0d49f9c242f03884e860,0c9eeba55a2d08fce92dcdfbd2f32e081e385365d4ea1d463f2fbd27e4d9de88,True,
FAST,EQUITY,WEEKLY,REPLAYED_POINT_IN_TIME,2004-11-16,2026-08-21,1136,1136,0,f6dc209bb86f77eb74a4c02e4a41ca7bc7923e537805f3f61b56dccf42bda19d,21926577e454c0907a8b08a383aa101719e38fea78cc2cd7d75b1740f35f6ac5,True,
FBTC,ETF,WEEKLY,REPLAYED_POINT_IN_TIME,2025-03-24,2026-08-21,74,74,0,05bc1d7575f7c8c33007a3ad0a81d12f24896cecf8f77e183884e424c62dab0b,3f3800cab5d57e568162a565201730aec6724b6a77eb4e3c8af9a55524fe9013,True,
FCX,EQUITY,WEEKLY,REPLAYED_POINT_IN_TIME,2004-11-16,2026-08-21,1136,1136,0,3e5d9977f9496daaf98f852f45631bab7f72a520a325fd43ddce5c5ad8cd7a85,1c7618815238cda43c2872d2c6167710cc580ccf1172b1a36e9eabe417ca9d0e,True,
FDS,EQUITY,WEEKLY,REPLAYED_POINT_IN_TIME,2004-11-16,2026-08-21,1136,1136,0,d34f50a008150c27022c5ee34af5ab0d43b405ce6e40453e5c1404794b79d85e,fd2311a61504b5c85894abcdc609903113ad310f10374a1a0e182e66fbfad3a7,True,
FDX,EQUITY,WEEKLY,REPLAYED_POINT_IN_TIME,2004-11-16,2026-08-21,1136,1136,0,c0b433e37db2cd694b4690715d8b6e585848a4a27b60fb22b87d2d2229936874,94d2f6b534bf6e0cc0ef765e56b4aca8581259aecb2407634762d7a26d14f40b,True,
FE,EQUITY,WEEKLY,REPLAYED_POINT_IN_TIME,2004-11-16,2026-08-21,1136,1136,0,63058507c998126c279541ddd560fa05400db8facb5bb99b63cf452c988c4946,98dc1bd9b1ab6cd05b1e915b88beed6e4394a152091e1ff93a68ba74d12db73a,True,
FER,EQUITY,WEEKLY,REPLAYED_POINT_IN_TIME,2025-07-22,2026-08-21,57,57,0,d4fe1870f2ed881eedb8801b5535c9aae10320e98c72a6730ed7dfa852543db5,df03d6e56aa43e3e3c8cadd3adf8041d8159a298088646dc9b019b5800d8da33,True,
FFIV,EQUITY,WEEKLY,REPLAYED_POINT_IN_TIME,2004-11-16,2026-08-21,1136,1136,0,2ee89b1a50fd81078fb22fd553bdc595dbee27cc8a172080c4e85d9377119a0e,352f1ed1ede07d8688ba3c059c3aeb5a1c7c0bfe3ceb9e5e48c12e84903f2669,True,
FICO,EQUITY,WEEKLY,REPLAYED_POINT_IN_TIME,2010-10-26,2026-08-21,826,826,0,fe23cdff6a6eff462005aa212cb51bd98c18b9b22c961634906e4bd578075462,3b1a57d49f752aeda60dad15423b77dba8eeaafa83aa3ed9ce02a7cd4bde8797,True,
FIS,EQUITY,WEEKLY,REPLAYED_POINT_IN_TIME,2007-04-12,2026-08-21,1011,1011,0,eee00178fbf29a1af73de79d7ab8960807a65af28cc9dbe8f1c25adf2910981d,3960d2d7eac393e1579279617e49bad7bc00c4693fe594e1bdeb1332285fa8be,True,
FISV,EQUITY,WEEKLY,REPLAYED_POINT_IN_TIME,2004-11-16,2026-08-21,1010,969,41,d27200b49ce452dd830bbe06caff4a2a1bbedaef7e680629c543c38db8f2504e,dce188d8dc165388ff39b4bf62255649ecead8760b5afc1448fbc7c99b2c7702,True,
FITB,EQUITY,WEEKLY,REPLAYED_POINT_IN_TIME,2004-11-16,2026-08-21,1136,1136,0,5b482d21bd2c68fcd64d52996c453f82559d6ce9618e10e59be32fa509e463e2,47b6b9f761f8cb86235be85465ecffcd05def38bf8daf23aeafce17838ece754,True,
FIX,EQUITY,WEEKLY,REPLAYED_POINT_IN_TIME,2004-11-16,2026-08-21,1136,1136,0,e5b0c228b0b5717d3f30f9e8ac939ebf825590048c8e6cf4aa6ab12793d5aaec,2ef38b8b5fda2e17df1681e90cb1e22e48f95026539dcdcc84d6875ba0f175a1,True,
FLEX,EQUITY,WEEKLY,REPLAYED_POINT_IN_TIME,2004-11-16,2026-08-21,1136,1136,0,0068978c1fedf6e6655ffef70e7efcac746da8c0e8b9163bc68c3fe4ecf1e5ee,4cc336f3e07c7ba614fe2568f2d10f0129bb0eff3a2a046e60911457ad5c7e05,True,
FOX,EQUITY,WEEKLY,REPLAYED_POINT_IN_TIME,2020-05-26,2026-08-21,326,326,0,3e5d6db951d981feabf0b17f71351296fa5be4382b25fe1d9815e9485f4a6d55,4df9606e420296221b1957d770f65bd865e6613b3b8afd590379459eb8e737bf,True,
FOXA,EQUITY,WEEKLY,REPLAYED_POINT_IN_TIME,2020-05-05,2026-08-21,329,329,0,cf6197c0153899a5340bbb423b5f5339d718be9281233e0615b1e29e138e7e0b,78802be0a4ccba0a0b3141c14feeee81b955da8351c30c82f6334e583380a1b5,True,
FRT,EQUITY,WEEKLY,REPLAYED_POINT_IN_TIME,2004-11-16,2026-08-21,1136,1136,0,fccec79a9149e9a63916cb282af4f914dbc1a5515120123b897731e054c40ead,3a54ebe102e40caeb4ff999c55f35963a7894cb90ae4dceadf8643c6311c2241,True,
FSLR,EQUITY,WEEKLY,REPLAYED_POINT_IN_TIME,2008-01-30,2026-08-21,969,969,0,a7fc0b7e26c46f4cb9434339dcb9932030893e0f3fc39b30e2d2a4120478167b,404408f318f365dfcfe434b060f00973ea325f77f33a866abc2689b0a9ebfad0,True,
FTNT,EQUITY,WEEKLY,REPLAYED_POINT_IN_TIME,2011-01-27,2026-08-21,813,813,0,51515c2ef2a4af11a5065af8086b118d07ea8ed6510933924bdbba99d09f0db4,03ed6e6443f3f19bb15a6acb06361dc7afb0aa1a9282dfad3e7634890549d0a4,True,
FTV,EQUITY,WEEKLY,REPLAYED_POINT_IN_TIME,2017-09-11,2026-08-21,467,467,0,4462681f45370097e837cb238a4c37a2e140efe6d1f8f54a23a9ee19dafba903,39841c4e0c56fd27ce6f80dc7f0354e01a22af3c73b323c1af404062fa15fed9,True,
FXI,ETF,WEEKLY,REPLAYED_POINT_IN_TIME,2005-12-14,2026-08-21,1080,1080,0,b252eb4aa7c995757e126fe6c42799f9fc1a8a17d2c061c98934195d9de519d6,4c9114874deef5fdaa27f9a47187e717d824993a8db692d996e9f768ebd9bfcb,True,
GD,EQUITY,WEEKLY,REPLAYED_POINT_IN_TIME,2004-11-16,2026-08-21,1136,1136,0,664efe27ff5dc530d138788a187e809da6b286a3d8ba79ae54200d3f3993e392,33b32fa0eb525313cf927a11a9288d395b30de1c5eb4de285277bcc02847b1fe,True,
GDDY,EQUITY,WEEKLY,REPLAYED_POINT_IN_TIME,2016-06-08,2026-08-21,533,533,0,f0cb17da60e1a92555a0dc795384ea12692d99db67833cf2d16017eabd061062,14c820c142ecb730f2cda1ac26ae3367a67141ddb63d861ee87748df31512c5c,True,
GDX,ETF,WEEKLY,REPLAYED_POINT_IN_TIME,2007-07-31,2026-08-21,995,995,0,9ef57545e1ade7bb8a570f4301b00233a1e63108ef689df70281e3ebbd41ee1f,c2bed11eed586755e323bebda1fd74d4b1b08f5cab100eaaa3249b4ae03aaa9c,True,
GDXJ,ETF,WEEKLY,REPLAYED_POINT_IN_TIME,2011-01-20,2026-08-21,814,814,0,f1b7f4e02de36c8e263bfe903e6d5a830124fc327725b6761bf421c68623a1c1,1516433412a677b4e10d9b986f85ce017d90bdedabaaf57d09985632cb0a2524,True,
GE,EQUITY,WEEKLY,REPLAYED_POINT_IN_TIME,2004-11-16,2026-08-21,1136,1136,0,d3e5170d9e308229f02c89f1a360eab0011370b47b2ee6fc36569e7b3ab1c387,8c4050d84892db2cf194645fba9a1c6e641916d9640b6d51e706590834d67b74,True,
GEHC,EQUITY,WEEKLY,REPLAYED_POINT_IN_TIME,2024-03-14,2026-08-21,128,128,0,1af89d24f815fe56bdb85e84cdde22494032c63746c94be1ad51a8be75ab6c28,fec06001634ef3873e94b8aafed8b9510f5b0f4d36ca2391e345cea0dbcba7fe,True,
GEN,EQUITY,WEEKLY,REPLAYED_POINT_IN_TIME,2024-01-19,2026-08-21,136,136,0,8521b28886e960ef75abcfd1ae10ca8b2d449d7afc7e7941bf1ebc71777e5cc7,03d92b87b3a9463825b43005154d67eb4b1c069fe31e6af7e6a75bdf8a5dda2e,True,
GEV,EQUITY,WEEKLY,REPLAYED_POINT_IN_TIME,2025-06-11,2026-08-21,63,63,0,d1d0e65edece7c700ce93c770e4bdc6e5b39d82867c266a3e752cc7327d44b24,52acc9c7a1a5ccd09f9f7f08c10946d37826b45ccd14a406d6b691c57ed102e1,True,
GILD,EQUITY,WEEKLY,REPLAYED_POINT_IN_TIME,2004-11-16,2026-08-21,1136,1136,0,4e2b9501d67e31c0acd9e094cb72269b2d54c3aeb7cd1b8524f4c067272a39d3,fd07f72ab9bc8956755582b53c5e76de7989dbf4114bba7e790cdd443125ed45,True,
GIS,EQUITY,WEEKLY,REPLAYED_POINT_IN_TIME,2004-11-16,2026-08-21,1136,1136,0,b1cbb13fd1d305ab6b50c439cc435cb85ab1d2997feb1901a353a06d299ed81b,df4c9a2789bd4f320bb2a9088cadff6d92aec81f6fd2ce139f1d60901a81c17f,True,
GL,EQUITY,WEEKLY,REPLAYED_POINT_IN_TIME,2020-03-02,2026-08-21,338,306,32,d9d1ee389db19c532a41e80cc96d45681585a527daa8eb6237806ec23ba44d7c,5eb4f15d8dc27a50e86bec5955b0e8235c7cddda0e1254792b9b0749af7533dd,True,
GLD,ETF,WEEKLY,REPLAYED_POINT_IN_TIME,2006-01-27,2026-08-21,1074,1074,0,3cbac671838b485a8668c38b1dce18b4891f719fc1a21ad174a5c6dbd568616d,9e3b39d691efac79a905e3aea5e84467d5bcb54f29e0456ef8485a4eb38934a7,True,
GLW,EQUITY,WEEKLY,REPLAYED_POINT_IN_TIME,2004-11-16,2026-08-21,1136,1136,0,5282bcbe64573c1c16fb1450dc0e58ad37752ed67a76b85ef645305de94a6e2f,24a2dfb4eca891e67963d807bbc6bd235307d6d1715fd50820fe4155b481a69f,True,
GM,EQUITY,WEEKLY,REPLAYED_POINT_IN_TIME,2012-01-27,2026-08-21,761,761,0,d99a759ae261904d53f1ad38899b37fbe35c95597e94cec530440376282f67c9,e588ef43490735fa961a5de2d7d2440f08c721b5e13d1210df4686315cf021b3,True,
GNRC,EQUITY,WEEKLY,REPLAYED_POINT_IN_TIME,2011-04-19,2026-08-21,801,801,0,e95b2dbace603e5b85c585a77dec2091093b56c33a0eb79682faae924a3b0890,71031a4467db4f508a435f35dc55701a216e902de032427a44e38f404d67176f,True,
GOOG,EQUITY,WEEKLY,REPLAYED_POINT_IN_TIME,2005-10-25,2026-08-21,1087,1087,0,d30f58392f8827621ad3eb0255aa524a7832700549a2ed574f45f09338b621b0,722da8d9581de43db7b8d676b4f1304a11029f036f75e8b649f817882b9891f6,True,
GOOGL,EQUITY,WEEKLY,REPLAYED_POINT_IN_TIME,2015-06-11,2026-08-21,585,585,0,902db18847b73a56ba12b0b250c579ed7d28b4c5f327a2e7c7455e743aaa29bd,de5bc671d1dd81892c79cc5e1a868e5092ee16133aa6af856b493fa9959fbad9,True,
GPC,EQUITY,WEEKLY,REPLAYED_POINT_IN_TIME,2004-11-16,2026-08-21,1136,1136,0,8349fc3617e6da863eadf2b6f204ceb8067a3b018b5407b626c82ed357096698,4384ac4afe57934ac5430438551f5a615c15723b5d76f636fc750beda2250273,True,
GPN,EQUITY,WEEKLY,REPLAYED_POINT_IN_TIME,2004-11-16,2026-08-21,1136,1136,0,65e73f9dcf66bf945f28bfb5e35e65295b6652b6d29a01a9bdafc55b67357d75,38c29b67864abfd3add72ece7db00f85363b6ca9e03ae0413858c679360f63c8,True,
GRMN,EQUITY,WEEKLY,REPLAYED_POINT_IN_TIME,2004-11-16,2026-08-21,1136,1136,0,d17a07559d1f9f80550a82a2ad1995dfbda38632aa6ceec2de9798b788737680,696b23971e6aa3560aa3e317393673aa319b42c734b6acf7885a33720c7ad89e,True,
GS,EQUITY,WEEKLY,REPLAYED_POINT_IN_TIME,2004-11-16,2026-08-21,1136,1136,0,b9d05ff3500f073323cad06c4dfb291288ed6821aa9ff7a8a648cca284e3e151,edcb88e6a456d7f0970c3c62c2785b9da6d217b9151b92855ed537f4b13ae1f0,True,
GWW,EQUITY,WEEKLY,REPLAYED_POINT_IN_TIME,2004-11-16,2026-08-21,1136,1136,0,9e2e0edfbd2450008d5bf19dc03a8842a174988cfcb80aeb5af33d2169f57f91,cbfc3cde51b8f5443db9d7d978033371be518906082cab5b66dd79290ccc8fb5,True,
HACK,ETF,WEEKLY,REPLAYED_POINT_IN_TIME,2016-01-22,2026-08-21,553,553,0,72f019bf94a9dfde7d28fc9f083b481e94c36127d4a5140794b67148004dfde2,3ada206419065c7240a319e6978141fb2e70ed1afa0467ab09fb0adc4e1abe5b,True,
HAL,EQUITY,WEEKLY,REPLAYED_POINT_IN_TIME,2004-11-16,2026-08-21,1136,1136,0,96672efb50cd62687ffbb006afa1104be35803aa2c98f0bdbd1d778bdd874f63,1339ead011dedfed62e8c25d861ae8f96afd4eae6442f4992baa4139ae6b2419,True,
HAS,EQUITY,WEEKLY,REPLAYED_POINT_IN_TIME,2004-11-16,2026-08-21,1136,1136,0,884b65ae0b397b666824ac8c0eb4e23b5693103cba0aea546c38a4c5820b19e1,c510f541a1b20148770337a2e547537be79023d194f99749243f321891597904,True,
HBAN,EQUITY,WEEKLY,REPLAYED_POINT_IN_TIME,2004-11-16,2026-08-21,1136,1136,0,b541b92b1d991a8ddaed9c794b373114cc33ec42dce4ed6477828e29f231a2e6,cb1cb7621fcb5e9c23667e9f4862a61f68f0d2650332542910c9e22e57c4fdc0,True,
HCA,EQUITY,WEEKLY,REPLAYED_POINT_IN_TIME,2012-05-16,2026-08-21,745,745,0,67d12c5eee3b454d9492dc58d758877ae6fa6022e9d43658936a371b8f39747a,1f5100a8daf7d51997871e71d139deffc6886cf11c01c187d793c946e1e0d79d,True,
HD,EQUITY,WEEKLY,REPLAYED_POINT_IN_TIME,2004-11-16,2026-08-21,1136,1136,0,01ecaafba1744b8209dec57118d5129a2aa45005115358147868f7b9774cd538,ef876b4227373c73a65025237ac43b20e4a00e6b7408f4a8258c0214a9c9af5b,True,
HIG,EQUITY,WEEKLY,REPLAYED_POINT_IN_TIME,2004-11-16,2026-08-21,1136,1136,0,74a31ed95102f152daf5750dcef45ef8fc1bf05ef9ac8a0c8399354d745bfd56,fcc1433a634a54a85c0ab22b8219091fd3f3db0f5beff72f3173dde28a3819cb,True,
HII,EQUITY,WEEKLY,REPLAYED_POINT_IN_TIME,2012-06-07,2026-08-21,742,742,0,fc269530eba50bb5e96ffb5d64a98e784a87d99242366ed4b67f8098f5f68079,bb68a683bbb4d73658512f64d3dfbe0df068388a91b3b8f9e1502aa15bbfe6f8,True,
HLT,EQUITY,WEEKLY,REPLAYED_POINT_IN_TIME,2015-02-23,2026-08-21,600,600,0,7e650997a4277a8b9bbcd7c045ffcc2975fa46d7aa210b0e7c53c6b4204d3985,2f2bd3e1236aa83258a06810607acddd1a38cebbf3549183319af53142f04b1f,True,
HOOD,EQUITY,WEEKLY,REPLAYED_POINT_IN_TIME,2022-10-05,2026-08-21,203,203,0,bbc6a621728bdc1a8d6b2b74b743847710211f7e3fa91047b0b5c9bb47e980bf,836fac3e9c1b9c1d599eec5650b30069ba14d6f94ca23fbc63607070d70912be,True,
HPE,EQUITY,WEEKLY,REPLAYED_POINT_IN_TIME,2017-01-10,2026-08-21,502,502,0,439ccc9feb2e53b123c3a213e2de7ff9c2405f50ad3a3f2306bed213c2a42d7e,164924faaf948390ac2cef734e6f0ccae0828728ff085353f4deaa6e34d6a670,True,
HPQ,EQUITY,WEEKLY,REPLAYED_POINT_IN_TIME,2004-11-16,2026-08-21,1136,1136,0,da49f2df8bb97fa3b906bd480ebbc1b1c8af17920ee12c9882a90020762a4b6f,7c036c78629f3930bbdb1a26cde66370ba6fe4890124579dd7e1e21261e5c74d,True,
HRL,EQUITY,WEEKLY,REPLAYED_POINT_IN_TIME,2004-11-16,2026-08-21,1136,1136,0,8d47ce382acd923caed1d898d26d3eeff149c850c5a21cb6a6e8aa59e78d1324,05eef7b70352a177b022157d7cc888358cffd417e14eefbd350bc01a3d7e508f,True,
HSIC,EQUITY,WEEKLY,REPLAYED_POINT_IN_TIME,2004-11-16,2026-08-21,1136,1136,0,d9c7c8e5b4be16b1d0b4c6b7f5c62348b84bb17c8f394e6a71ace09a0cf1e611,8c5777c0594c54cb0b42ce71d5f951a1be2eb594dd713d319e13cffbc3e75950,True,
HST,EQUITY,WEEKLY,REPLAYED_POINT_IN_TIME,2007-06-26,2026-08-21,1000,1000,0,ec43ea6bcf476d146b91318cc646a01fbd2b39377b36363e47f12f20fbcd164a,2ef893b7ab0d7259f85708a69e20b4e4e77e198350d15bac653e6ea9ef5bf9a2,True,
HSY,EQUITY,WEEKLY,REPLAYED_POINT_IN_TIME,2004-11-16,2026-08-21,1136,1136,0,4ea7c1a11296765ff940f386fac76fd91940daa054871500fbc7bbf5a7f86772,7c8b6883701a96b4100f60b0cf1e902cc054301466da2f7d10fff52b4565eaf3,True,
HUBB,EQUITY,WEEKLY,REPLAYED_POINT_IN_TIME,2017-03-06,2026-08-21,494,494,0,8402aaf34f4d45edb2b18e4c211cd07bf0326ea3d9407aa6d7b0a8221923aa4e,075d0b86fd094e2e46c8241d1e84987ff7e863827e1889f545c966310c60200d,True,
HUM,EQUITY,WEEKLY,REPLAYED_POINT_IN_TIME,2004-11-16,2026-08-21,1136,1136,0,47bd2c3586fea40222dffc2f2887f13f373895611d8918463280634651911ac2,7df5d761d881ec1dafa39a530c86e783d95854a6d1817177d1a7f61753382df0,True,
HWM,EQUITY,WEEKLY,REPLAYED_POINT_IN_TIME,2021-06-09,2026-08-21,272,272,0,748e6a7499c3cbf8c51d28d7c274e8b197466ae5c7b3e4622b2787f5362c4f94,a1de926a9e7ccf644f20af69c3f9672cae85598621a96cff0d07596855c353cd,True,
HYG,ETF,WEEKLY,REPLAYED_POINT_IN_TIME,2008-06-17,2026-08-21,949,949,0,562ba3f89b4327ae126dc1c2529f90191f6f5781e72b4f0c53a6a0ba0b1123e0,4e363dfd27bc2752439e0b8911175be592dc9f7fcda0a441925d4110e716219b,True,
IAU,ETF,WEEKLY,REPLAYED_POINT_IN_TIME,2006-04-06,2026-08-21,1064,1001,63,8a85bba2ad8b37bbac71139075ce59081b626663c3dcddeb544fdfdc8b927700,86776862209899df8931fb997e1159e4e170fc7787b5c009079d0385fe2af50c,True,
IBB,ETF,WEEKLY,REPLAYED_POINT_IN_TIME,2004-11-16,2026-08-21,1136,1136,0,4d02339734c1bab174e5e7489483d96347a14f0bdf478f5509b7c2b30867ae04,bbd511123af5955f1d17ab8b922cde40931dd1a1791240415208170b30b41732,True,
IBIT,ETF,WEEKLY,REPLAYED_POINT_IN_TIME,2025-03-24,2026-08-21,74,74,0,803bcc40a3b28b31ace0d814e19847b0d9ff790eea6bd147adc7167e87e78efe,2e872adf05dc2ae7920c926bd80db93c494a059eababf8a6beb2bfa289b5c16c,True,
IBKR,EQUITY,WEEKLY,REPLAYED_POINT_IN_TIME,2008-07-11,2026-08-21,946,946,0,5a9a7bb7f41badd1417aaa552a893e3a4ff7b09b11791319d7df31fa2bc07979,1e3e58266dac9d4755a8fe7f05e1e41591b7f33529e304576b9a56dd299c3c47,True,
IBM,EQUITY,WEEKLY,REPLAYED_POINT_IN_TIME,2004-11-16,2026-08-21,1136,1136,0,48a42e2ef63d303c8025f4161edc264f6770d2c904ef8ed7f2d435a55ad518a4,b6b27091b2738563ddfcb4f684b5f22c0870057fb7c0c560e743e2035c4de150,True,
ICE,EQUITY,WEEKLY,REPLAYED_POINT_IN_TIME,2007-01-29,2026-08-21,1021,1021,0,55208bafe4b2e36b833d4d0b2383ebbc53de773e3c4c4625867d20ed3cb97022,3ac098ad0ddbddb7fea4971bc94593204eaf54883a1d61d2a9c07c13df1862fd,True,
ICLN,ETF,WEEKLY,REPLAYED_POINT_IN_TIME,2009-09-01,2026-08-21,886,886,0,d1c47356530a99623fe60ce7dee6ac973e02f9fde471580513a8b05d8a368aac,82f6142a7739eb8769137ba21621b2d6f121ac57121e0af96b9d6c3ca9b848d5,True,
IDXX,EQUITY,WEEKLY,REPLAYED_POINT_IN_TIME,2004-11-16,2026-08-21,1136,1136,0,97a78460a07b543248445df69c76e6b39826c291c6e6fabac77d176e32459b73,a1f918db3cb2400f037e707b375fafb50f2d5ccddf1e3aead7ab54205f00f228,True,
IEF,ETF,WEEKLY,REPLAYED_POINT_IN_TIME,2004-11-16,2026-08-21,1136,1136,0,789e5e66fde48840bc3155d4d4d6a25f878db9ac8d43ebb42bfd7febff0f3848,c00f2a1210c59c90c7ea635a8822df16f09bad88e696e62a9532f476c863df33,True,
IEX,EQUITY,WEEKLY,REPLAYED_POINT_IN_TIME,2004-11-16,2026-08-21,1136,1136,0,65e579e1f7001bdaea820e1df877b7909a9d38b3537a4a243ab73e0d00457327,ea03b4cfd7861f7e9ffa6843588608548e2270bfa47e6c5451db9e4b93f57dd3,True,
IFF,EQUITY,WEEKLY,REPLAYED_POINT_IN_TIME,2004-11-16,2026-08-21,1136,1136,0,db962cfc0cbd665993f8f51f910df9460952bba786c89c431d2e62a40ba36acc,83a4c2d4b3af939df1c99a988a45467586059021de3aed75d00a001d813a2b90,True,
IGV,ETF,WEEKLY,REPLAYED_POINT_IN_TIME,2004-11-16,2026-08-21,1136,1136,0,13ff52000ea8f74bc6afcca48db915953c08de4b1510e08f7743178f56c4851a,1e78e4e99327deb4a7e8fd7ede0d1a7543961b97e7293be4100999a522b7d5df,True,
IHI,ETF,WEEKLY,REPLAYED_POINT_IN_TIME,2007-07-16,2026-08-21,997,997,0,9946744f30a0445f7e581e87706e51b4c9429bc213664f84416262cecc3ed0e4,ee1fed2e0ffe8adc567acccb53320093968252e433cf78cc71257655f110f0f7,True,
INCY,EQUITY,WEEKLY,REPLAYED_POINT_IN_TIME,2004-11-16,2026-08-21,1136,1136,0,4abc9fc4597eedcfdba2214e29e9211c83727ca3d3b4a16f3096e67ad8987da6,6acb6a21bce1299d076f7d0d8cd767c00db5a1b14b4fadad8baa6c7b8b8a088d,True,
INDA,ETF,WEEKLY,REPLAYED_POINT_IN_TIME,2013-05-21,2026-08-21,692,692,0,47fbfd1bdaabc82f52373ec12f74ff4a5643f2e1e5d38352071ec7f6ed1a18f1,584657c1228896185da58992deb7372c9bc1a0b160992a1d8691dc70298e8f84,True,
INTC,EQUITY,WEEKLY,REPLAYED_POINT_IN_TIME,2004-11-16,2026-08-21,1136,1136,0,3a60c7239e6f4ea92bdd8c1026cd4df15903a9a1b0f1569a3d8b701d9948303f,fa89b95bef2f3903cf0d85c0d0df4948a600fa1ff829decc1115fa25acf533ab,True,
INTU,EQUITY,WEEKLY,REPLAYED_POINT_IN_TIME,2004-11-16,2026-08-21,1136,1136,0,cfe70ca1d53bfa217ac26d72353040be81f5e9618ecffee866e0305be2099593,362d3521d898d929ece49b6c1bca300a6a5c547b5a1873be16771fd26143ef52,True,
INVH,EQUITY,WEEKLY,REPLAYED_POINT_IN_TIME,2018-04-11,2026-08-21,437,437,0,037c36654cb52de7cb73fe48ae5c9b2876c8ed0a572d7a32538552573d3f583d,4719f4f4bcf23a72a57d2acd69bd95f2507fb9c43702583f59191b03932a6198,True,
IP,EQUITY,WEEKLY,REPLAYED_POINT_IN_TIME,2004-11-16,2026-08-21,1136,1136,0,e3e63ccce827899bb27370f91777935e0084d074bdf6b4687bed99aa0151dd18,18e5ab25f6a09b000a765c8ddefd6d155bcf31504408ace9e20bb0c2fd20020c,True,
IQV,EQUITY,WEEKLY,REPLAYED_POINT_IN_TIME,2019-01-28,2026-08-21,395,395,0,8144c8d1f7ac2b5972372e238575a8d3f25c70886d871cb53a655c15e15b4e9b,96d3628f4c3a7965ac63dbe9202bf4277fe13e3b2aacad2f7b0109ef0cac1c77,True,
IR,EQUITY,WEEKLY,REPLAYED_POINT_IN_TIME,2018-07-20,2026-08-21,423,423,0,d627a3fc74085dcb1897c9a417be09116851b8136d95cce945d0b110a6c019bb,21114d7b1b30b94529237a09c110c098e78b4edb06a006cadb1b9c1f8e553814,True,
IRM,EQUITY,WEEKLY,REPLAYED_POINT_IN_TIME,2004-11-16,2026-08-21,1136,1136,0,bcca7cab83515aeec6e2db1cbb5cd9f44f6ff866262b03a7d142b9578934fe55,157c008c511e22e711d2d47890d482fc33a4a56f2724454ad391b067b9eed26a,True,
ISRG,EQUITY,WEEKLY,REPLAYED_POINT_IN_TIME,2004-11-16,2026-08-21,1136,1136,0,c51c24b3bca1bbd358bacdc2edfa6fa59bc9a084ec4757663ce3abbfa1861ba6,4d2e4859a1b9a35ee72be46777ae6e192705da810e2836313b445450ccc6d73c,True,
IT,EQUITY,WEEKLY,REPLAYED_POINT_IN_TIME,2004-11-16,2026-08-21,1136,1136,0,d0e3f1353bfed64b2e4cec77f3a2417330f093591b96fe0f1a1cdd059797f6f7,3fb8cce8e579239b1c0510782df5b29d114ce35e39ff05178d3e1b70203686a5,True,
ITB,ETF,WEEKLY,REPLAYED_POINT_IN_TIME,2007-07-16,2026-08-21,997,997,0,78188f56e906ab0bd18c7c5a922bcfa8590daf8a706579b6a5555880543c4679,a3ec0b9615c4d63b02dd91ad744bf03f74bcab8bedc38887aa675d87c56db995,True,
ITOT,ETF,WEEKLY,REPLAYED_POINT_IN_TIME,2013-12-30,2026-08-21,660,660,0,0fb63dfb007358b531997d69a5cf12e1b7d728518b69a34a64655eba0f05de0b,a7b3710aa364cd0cb5eafffeaedd9496dcca06225956e9f441941918b608f2f1,True,
ITW,EQUITY,WEEKLY,REPLAYED_POINT_IN_TIME,2004-11-16,2026-08-21,1136,1136,0,ac76ad3a2e8bf345a8319fc50e78d5195d5feaf3fd1e1e1f0bbc3a6bb19c8dda,12ecfd436f67462ca287bbdc4958530038b53e74455ef51e0b8539129f44ccaa,True,
IVV,ETF,WEEKLY,REPLAYED_POINT_IN_TIME,2004-11-16,2026-08-21,1136,1136,0,08752fe36cf501e1451818af798eae8f2b4ef01e1a276285061a17a6511e406f,ec3ddf95eea08907c3debcaccd2c5618ba79ddaf2f7aea00136618e55a998584,True,
IVZ,EQUITY,WEEKLY,REPLAYED_POINT_IN_TIME,2008-07-31,2026-08-21,943,943,0,f0d29100b68b090de053ac0d9902298e98f8d7aaa74c2bfa9bcf5a6211312123,d4c1695f2c47344dd0c87dba9bd8320cdee4ec34313ff9b48caea17e2108c90f,True,
IWD,ETF,WEEKLY,REPLAYED_POINT_IN_TIME,2004-11-16,2026-08-21,1136,1136,0,cf3d0d5f745b3b09cc74313d28b7c91ee809d3b76c67fdd44b8081244ed179b9,3f5d3ceab295a0b42f816228a4184acefa329eb2e632febf518c194664e1a6a4,True,
IWF,ETF,WEEKLY,REPLAYED_POINT_IN_TIME,2004-11-16,2026-08-21,1136,1136,0,d11ae29bea02e5bb029ed3b19a0035d10822d29b7900a8528766d1e1d1fd7cf4,964170b8b190b82486f1e3ec303da9fc12c7b3543b2cccb0cc2f89dfd477bf59,True,
IWM,ETF,WEEKLY,REPLAYED_POINT_IN_TIME,2004-11-16,2026-08-21,1136,1136,0,150a28ba64efbf93e1f00786bdf16348d1d06386799c80eb3dfa81a6af637379,0f86376ba2b3abe921c3b2830f09b420dad367205bd93039b85108fa2f25aa0e,True,
IYR,ETF,WEEKLY,REPLAYED_POINT_IN_TIME,2004-11-16,2026-08-21,1136,1136,0,16e512878583888cdb24690ba4d506a444a90ff95fc71980fabb6a71a91ac211,2faf470f535312d727b6fb1f3aaa3b49bc7b54caaf5720f8a318910dd782e9ce,True,
J,EQUITY,WEEKLY,REPLAYED_POINT_IN_TIME,2021-02-18,2026-08-21,288,288,0,2d238970cb23145f934bd5099ac4a4545ee4941752d38c4dbeebeec4f7fb3bdc,f92de593889e3641cfc1f7d17982bae5b96e30909427adcf5800d6e2b62c850e,True,
JBHT,EQUITY,WEEKLY,REPLAYED_POINT_IN_TIME,2004-11-16,2026-08-21,1136,1136,0,c8a8f945c70213251224e42b0cebd51d007938f1970ec72fd68d182d642d2207,f780e3f7b18ea7c5d4bf1b82db7244ab8fdfa24926bb591c4491cc1246641096,True,
JBL,EQUITY,WEEKLY,REPLAYED_POINT_IN_TIME,2004-11-16,2026-08-21,1136,1136,0,febfe940114b8b3f2a40603d4379a8d01e1d9d910f9817b1e1bd153f55c81b19,46456ced4e890732b3a636aa31cd6df557ee187f68d8178ab228c154e92061d0,True,
JCI,EQUITY,WEEKLY,REPLAYED_POINT_IN_TIME,2004-11-16,2026-08-21,1136,1136,0,6395f21dd9552e2c0783d01c215c63bdb46f613ec6807aff53eca63d1809d674,6e8b7135c043ecc815d46945ab0705d2fbf7fe2e7449609b2e1a59eba58f5693,True,
JEPI,ETF,WEEKLY,REPLAYED_POINT_IN_TIME,2021-07-29,2026-08-21,265,265,0,33ef77b90308be1f2b5e6c44f69d3eabbaabc8ca139d7034d365cccf14341fbc,5b603e61be67dd960d18aef8a9b189badb0135f7d14682e26bf70a0e7bae97b8,True,
JEPQ,ETF,WEEKLY,REPLAYED_POINT_IN_TIME,2023-07-14,2026-08-21,163,163,0,099e76fdaf0ebf6420f66aaa1e0e1bea33f06fd9787b2be702a5149011651d7c,8ebc7a993f1ccb10d07a2415d9a35a9baaa7e1de6bce98df3ea5ed2542fc8fbe,True,
JETS,ETF,WEEKLY,REPLAYED_POINT_IN_TIME,2016-07-07,2026-08-21,529,529,0,d9b20bf90502a389eff3db2ba0a17c8382498482bb42ea2d0f96cc3d0a6de710,0ef6e2ff80b46dbcf25a2dfb090db16f26b21038c3ec0ff7d6b8334cab0a13fe,True,
JKHY,EQUITY,WEEKLY,REPLAYED_POINT_IN_TIME,2004-11-16,2026-08-21,1136,1136,0,afbd6d749a121b2b760775f50c4c4ae81b43177206d5be392d1b7b7c28c6d448,c80266dba1f1bc70fc71fd860f384c1171538bddab2e3b765a45ce4ad2ef9320,True,
JNJ,EQUITY,WEEKLY,REPLAYED_POINT_IN_TIME,2004-11-16,2026-08-21,1136,1136,0,9feda72a6b9d4aaafdfbcc0b1e743eb3835b6abba92bafcb3afb2f2bffa4a8cb,6a4167ec6f5fe3d8f431c2c32df5339adf4641a2e01eb36f76f8c4de1e709894,True,
JPM,EQUITY,WEEKLY,REPLAYED_POINT_IN_TIME,2004-11-16,2026-08-21,1136,1136,0,a43e82f45bf9c8a6c9d8c0500627b52f9a7e6679e66c8e1589c4e0daeb0d9ae3,cb4ffe3b68fc43b93198f974b2f64b423a21ae43c93424a224728ab39f678b13,True,
KBE,ETF,WEEKLY,REPLAYED_POINT_IN_TIME,2007-01-26,2026-08-21,1022,1022,0,ebb789306bb246448a776fab5c503a0b2725622b9605a6c510f7ee0c953131e0,4814c50f2fc6d1a873959547cdbfd473fae21edf7607449cf5b5a3ea32cd064b,True,
KDP,EQUITY,WEEKLY,REPLAYED_POINT_IN_TIME,2019-09-17,2026-08-21,362,362,0,d18ace8a9e4c436e4fbdccd2a33ba66fae8fffdda3098a43f97377ecf32da0aa,3c0b5d1579db8e02fa1e919b03734a615a041461bcf6037398c2119bd8cc0f64,True,
KEY,EQUITY,WEEKLY,REPLAYED_POINT_IN_TIME,2004-11-16,2026-08-21,1136,1136,0,7cecb9328b88dbf126af3411c824baa935e5e83246d6d77cd3df215329f933e3,23077415139e53db28890e902bc4a458e3d842fef4593bcf7b861efce076959b,True,
KEYS,EQUITY,WEEKLY,REPLAYED_POINT_IN_TIME,2016-01-12,2026-08-21,554,554,0,8680c932ccd74b396125cefe652a42c0f87a78ef56ed10de98ad30b6a36ebcc8,33a147364acff1aba38979c37a9e91da63df392a821b92dfdf4e0b5d063e8d71,True,
KHC,EQUITY,WEEKLY,REPLAYED_POINT_IN_TIME,2016-09-09,2026-08-21,520,520,0,b4b5a01a7d534b5144696c7ef4e58cf69f60c6fb2f6a43dec5664c0ac03f7743,81dc4bc05bf95c4fd0e4da77db4ee444b4166631c493d99864241b38b0a7215c,True,
KIM,EQUITY,WEEKLY,REPLAYED_POINT_IN_TIME,2004-11-16,2026-08-21,1136,1136,0,b5b453bb581cdd5373ab8a5014abae577466581edcf5e0ccc0bf5d4d9be86d7f,ea0a92f76a1b551d4f9b4d98c3599e4c21129a121ef80b3323dd236980b116f0,True,
KKR,EQUITY,WEEKLY,REPLAYED_POINT_IN_TIME,2011-09-20,2026-08-21,779,779,0,55b05f5ea7014004c9f91be6f3493a7a7375ee05d51189cc6a519381077c97d2,f3afdf229df8880fe78f68422ec799afdb37e4ca9f02c1d6ae7f2f14c46d5ee3,True,
KLAC,EQUITY,WEEKLY,REPLAYED_POINT_IN_TIME,2004-11-16,2026-08-21,1136,1136,0,6b535df855afea65f1e2251efeb603225f9f7f365e5b45d16c4e0687aaf4045b,17a5d2d3b0a2f16b28468c947ea55e2abceb1a78842725fa641d2778f4f61fbc,True,
KMB,EQUITY,WEEKLY,REPLAYED_POINT_IN_TIME,2004-11-16,2026-08-21,1136,1136,0,d63695042639410203606f7f4718d9b2de25336da0e60c9f1d62444b26d8ad51,f44c5b15da2aeacb2f50bbc4a8c79e7d7393d647622f77dce3f12b6b87aadc3a,True,
KMI,EQUITY,WEEKLY,REPLAYED_POINT_IN_TIME,2012-04-20,2026-08-21,749,749,0,c4da78ee6958ddb3cf2912c1afe717fd5c04160ae28996610e5160a026b35c98,8329a97521266ea79fbba726a618e6aa5fd04df35e8110fcb9c3d76cc1fb9cc7,True,
KO,EQUITY,WEEKLY,REPLAYED_POINT_IN_TIME,2004-11-16,2026-08-21,1136,1136,0,ed42ad5980f2c66bfdebf511c46b0b60c2142e76bd2c5649ce362ee99f38ce72,201b6fa9281483c6516d147326a931c07b8b381a4c68908607f7cca8e1306bd9,True,
KR,EQUITY,WEEKLY,REPLAYED_POINT_IN_TIME,2004-11-16,2026-08-21,1136,1136,0,9935ae8656522cbec00e3609c5d4664131e527f72c4360d7ae132ee0e3aa0ee1,eb27bf3a280a6b9d14bbed5edf28a3e11ef5ff6d6eb1d1194a2555cfcbab6e0b,True,
KRE,ETF,WEEKLY,REPLAYED_POINT_IN_TIME,2007-08-30,2026-08-21,991,991,0,dbaed6ed30fb49490863a6dedfd1b28530d58dfd5941253afd324aa9d47e1ae0,5171ea5963c6be75e2ce3a147342c95d0cbb9cdf36063742aa94e3e8f9c59c52,True,
KVUE,EQUITY,WEEKLY,REPLAYED_POINT_IN_TIME,2024-07-15,2026-08-21,110,110,0,eb604c108bf382d06bdfd7719aac3878cd5c7dc9276ead095673947cbe216022,0502aebb48847e22f9dee98c56ada1842f7ebdc1431390ef0be65b3b82071d6e,True,
KWEB,ETF,WEEKLY,REPLAYED_POINT_IN_TIME,2014-10-17,2026-08-21,619,619,0,e35d5a969647399655a8b77b91dcd3ebd1052f0c20f636abdaca166b4f887161,98ce64fac5bf2ec28ab9843fdb829d4b55f27596a223d5a727ca3040f98e0a66,True,
L,EQUITY,WEEKLY,REPLAYED_POINT_IN_TIME,2009-08-31,2026-08-21,886,886,0,b8399a681314c00a39033a83e060af7f9817d2f1804ceda03724ee7d1e9a0d48,fc2328f34841b8156e91fadd98127531f6809c5e05aeddd45b2898395e762115,True,
LDOS,EQUITY,WEEKLY,REPLAYED_POINT_IN_TIME,2014-12-05,2026-08-21,612,612,0,f04d82ac3150a7e8a351157901aef57cba74ad49fb15c1e9ada6cee749bc1715,fa63aa705bfb048c218a8b03fc68b39fc842bac6c3f409abaa1bd83c40e01a2e,True,
LEN,EQUITY,WEEKLY,REPLAYED_POINT_IN_TIME,2004-11-16,2026-08-21,1136,1136,0,e4d0ea2811e8b33b85d4bf8f9a00493acf5e59789895dbab36b08506fa19d80c,4f09449c2f599ab13b314a7093a035c8ea712d34d671fe061baaa731c72eca87,True,
LH,EQUITY,WEEKLY,REPLAYED_POINT_IN_TIME,2004-11-16,2026-08-21,1136,1136,0,6cab1c01109329bf24b3d1c79b60a41d3de307f40a10f0169354337a252175ba,420e3ddc80a6f07b31a66c100452db327b9978c927e428b66fb2e1327c768a03,True,
LHX,EQUITY,WEEKLY,REPLAYED_POINT_IN_TIME,2020-09-04,2026-08-21,312,312,0,9635673d1dd2d6e9c16f9bea7efcf0134e9e7517f641dd7bc9e4922a5dc16981,ad52b3bfe8eb2ad8345923105303f293d923504481546d7721e3ef0fe0ec11d0,True,
LII,EQUITY,WEEKLY,REPLAYED_POINT_IN_TIME,2004-11-16,2026-08-21,1136,1136,0,bf47f877e24e25b44060fe1a45dd686e08e66778e22e74655b5405d2cc6c36ad,2787c1994c97aae44a473409475a95b580fcaf89352e97230f2d1e845c4815a8,True,
LIN,EQUITY,WEEKLY,REPLAYED_POINT_IN_TIME,2004-11-16,2026-08-21,547,423,124,31118cfa351ca3dc7ab3fc2c42d31099ee7725d63a19e01a5497073bb7f17d85,3f2d0420b0d08c24a31fee44b403206b3a7a8a5636e8ee3c0d1150f772cf18d1,True,
LITE,EQUITY,WEEKLY,REPLAYED_POINT_IN_TIME,2016-10-10,2026-08-21,515,515,0,0560aa7e1903413e40383d6317be4f8e2e4288d5b0132d6271e87e0975216faa,1d3fe62d09f6a77c3b46987119025b6e3dc1644f3cf6b1b10261f53a3fd5a196,True,
LLY,EQUITY,WEEKLY,REPLAYED_POINT_IN_TIME,2004-11-16,2026-08-21,1136,1136,0,163ff82248367b25ad08a67ae41a53dcd04800c5bbd46cc082cd94de9b4393b4,34a74c58c0a8655f21d35793c70eccd8baf6117d3a1c8f2af3de19dabcabd902,True,
LMT,EQUITY,WEEKLY,REPLAYED_POINT_IN_TIME,2004-11-16,2026-08-21,1136,1136,0,0e4ff7fe2e884e3eaf731175d9561f4def2f647b5441e9927074d9ce3083f370,8258c0d52e6bcefc67348672727044a5aebb75587bd599f203ddffbf6cfcc56b,True,
LNT,EQUITY,WEEKLY,REPLAYED_POINT_IN_TIME,2004-11-16,2026-08-21,1136,1136,0,5e869867e3dfab444cf8a15b46a638160caeacf24707bf1280a972a2e2cc11bf,1100e3e3c9c5e2691f9af5fe1a2ae8717abd97ad73bf85da832015ae47e7ab85,True,
LOW,EQUITY,WEEKLY,REPLAYED_POINT_IN_TIME,2004-11-16,2026-08-21,1136,1136,0,0c88a7dbd68932c03eb686ef49c1cc08555dbc2583560a688936c3eb0246abc9,768b138fd6b857f5e6030945837faaa36788f2fae15dec4c8988be10a5dfaccf,True,
LQD,ETF,WEEKLY,REPLAYED_POINT_IN_TIME,2004-11-16,2026-08-21,1136,1136,0,c6de97772dade84eb6b46233a55bdbd733106955cc2a4f48f88ed2a2c3c8efc1,72255fe7d8dee677b498369accdd7e72cdc44a7f27480eaceb6f221cf73ef32d,True,
LRCX,EQUITY,WEEKLY,REPLAYED_POINT_IN_TIME,2004-11-16,2026-08-21,1136,1136,0,14b2c40170b40c0d570a3f274cf771a7925fd5d7c9e0fd92446658396d3b4bcd,23fae1a24442fdbcfd1448c473ce75fdea7a347a0473b31487206efaf22a9735,True,
LULU,EQUITY,WEEKLY,REPLAYED_POINT_IN_TIME,2008-10-03,2026-08-21,934,934,0,9ad13adec0073798ffa4cbab9f682a80e1b2b57892375586de570ed86a094e18,f8abfea547621ad0ef849f5e43f8317889afeaeb9b5d4ec01784b44af1af26fc,True,
LUV,EQUITY,WEEKLY,REPLAYED_POINT_IN_TIME,2004-11-16,2026-08-21,1136,1136,0,acba0b2d1823ef3ed3921e338973df07c3ef794cafd63b8dc5d6030694aabb8f,7cf3c977aceba13e3c1f6cc25d53ff79087238cb543a921fc69712aac0955d3d,True,
LVS,EQUITY,WEEKLY,REPLAYED_POINT_IN_TIME,2006-02-23,2026-08-21,1070,1070,0,ad610ac34e621dc710ac15f3b34594e66c17e8c0437036b65d8c5b2906f1d5b3,4cab120ae5c6efa56f2187917316e6ddeffbdc73a7d79e78febf3f329f746dc6,True,
LYB,EQUITY,WEEKLY,REPLAYED_POINT_IN_TIME,2011-12-20,2026-08-21,766,766,0,bf294fd12f3f65610851b0e9c9c046b04b7217da464a87195331f983289f1d40,4b87014a9317334e3ced571066a300ca3cbbca4431e0a473d2d0ba0e679fb78e,True,
LYV,EQUITY,WEEKLY,REPLAYED_POINT_IN_TIME,2007-03-06,2026-08-21,1016,1016,0,7b8aab72688fb435ad8494af9dbc51cd26b8ca7774894f70174a50250b7d323b,bcafa644147c8aaeb7839ed620c528493925d0b1ac402e0cbe528827019cd600,True,
MA,EQUITY,WEEKLY,REPLAYED_POINT_IN_TIME,2007-08-03,2026-08-21,995,995,0,6573be4181aca85d0814253b62d6c4dfb6c5d9f2731047ab44a539a4ca367d55,a9a786763804d818a496d9c1013fd152ff16620667d2086b1daa74d7daac1345,True,
MAA,EQUITY,WEEKLY,REPLAYED_POINT_IN_TIME,2004-11-16,2026-08-21,1136,1136,0,bbe627d76a7541e76132f0b75613e8b47c6c06058a74d614f6829a1acd1fead3,8c9c3868b6304dcdcec4c2ba6584a63c340e10715fef59c696a3c37d03d63b64,True,
MAR,EQUITY,WEEKLY,REPLAYED_POINT_IN_TIME,2004-11-16,2026-08-21,1136,1136,0,083b76bb07e093c9bee37efd8999838afc66dd8807c99f610e0f8956499cfd4d,1694ea06aa8d07b09810d4a6e75dd1eac3fad4c645c21de3b77a432111a48c05,True,
MAS,EQUITY,WEEKLY,REPLAYED_POINT_IN_TIME,2004-11-16,2026-08-21,1136,1136,0,7c83a671ca0fd8c267967e284c662416d1efddd9ff690f1c6e00a42d478bd900,f8c39546b9e16a87a1766c45f0697ff1c09ff398dc9f7d1a70c908c6ac294d2b,True,
MCD,EQUITY,WEEKLY,REPLAYED_POINT_IN_TIME,2004-11-16,2026-08-21,1136,1136,0,a462c06a00a89987137886c1a0d1d214aab3ad3be477e109a8528a81448aee63,098b8a91e9b7faa926d5af05f39371655c7634a2d835158d915a4e863fb93d23,True,
MCHP,EQUITY,WEEKLY,REPLAYED_POINT_IN_TIME,2004-11-16,2026-08-21,1136,1136,0,887baf91fcb229d611cdc090d061f93812346a242e9add18cff6e1cecf36aaa9,17161b91736a15a554aa8adbfe70f6f10dc028da87339d0eab2bcc191f265f63,True,
MCK,EQUITY,WEEKLY,REPLAYED_POINT_IN_TIME,2004-11-16,2026-08-21,1136,1136,0,40869219fe0b061b74d428295fb6eaf6df510628c6919000d87c6a2c16d1bb45,a936470e2342850129527cb84946d0cbd316c86ae16ea1cee7ad696ee3472c47,True,
MCO,EQUITY,WEEKLY,REPLAYED_POINT_IN_TIME,2004-11-16,2026-08-21,1136,1136,0,d67cffa90c11b37525f9849a9931a22ee7e63ef15f945d1458ea6ae595ba49e5,7495d08703a7287ef679f569dabcc468fe238ea2f80b3ba3e765581585aef54b,True,
MDLZ,EQUITY,WEEKLY,REPLAYED_POINT_IN_TIME,2013-12-11,2026-08-21,663,663,0,21e2085f30eabf6f8ff1a7b1f4473ab234e4bba4c98f92fe4f538e3cf14934c4,b23f3d2b597db2686250d29c57377c14c12b3d52d84327778f30be7665e7c3ec,True,
MDT,EQUITY,WEEKLY,REPLAYED_POINT_IN_TIME,2004-11-16,2026-08-21,1136,1136,0,2873745713d4965ff708f9e8f467b553e94812a2381eae416c07ea6e76f4e62c,087c750548f2ef023c002be2c8a687081fd5be6df945ed78ca7ef03dbf80d346,True,
MELI,EQUITY,WEEKLY,REPLAYED_POINT_IN_TIME,2008-10-16,2026-08-21,932,932,0,9dcfb069d72803f15a4eaaa268f2e3d59c854c2247cb3db433db3fbb11259a5e,9f1f35d662c3f62dfc7eae87dfa0634ad169d5eb160ce1b64501f8b46094e0af,True,
MET,EQUITY,WEEKLY,REPLAYED_POINT_IN_TIME,2004-11-16,2026-08-21,1136,1136,0,a28f3df7cd4b32afd2dc8d52d754808e61654642d25bdfaab025f442c5cd37d8,e85c1a7d76b0696137d2cbf8885cc18e6d6a76c0ede49352807cdfc905c2a065,True,
META,EQUITY,WEEKLY,REPLAYED_POINT_IN_TIME,2023-08-18,2026-08-21,158,158,0,dc4d325502dfebc4d37fa22dfde40bdf23fe04f3c9ac9e4c8381e672ad8e35d0,568d4fc4550c625134e0c91e5b292c27ee677ad6f31dfca7197ddb83369c0818,True,
MGM,EQUITY,WEEKLY,REPLAYED_POINT_IN_TIME,2006-07-10,2026-08-21,1050,1050,0,59936e7c67c710b5d3afa9ce6203d7fa4b73d8b21b647b244f787e781919aeb1,1cc85aac8597d9710ecaa243457ba50e3061d30df21f0daa5239e64c1c5cfb8d,True,
MKC,EQUITY,WEEKLY,REPLAYED_POINT_IN_TIME,2004-11-16,2026-08-21,1136,1136,0,012c15882597b557107f15c4aa7663a230b7ffe9b4d91df12e6353e9c7552e02,7ac13db0888b4d28c6b5c84519e13674e2d7b4107c727094869e36a98c30c39f,True,
MLM,EQUITY,WEEKLY,REPLAYED_POINT_IN_TIME,2004-11-16,2026-08-21,1136,1136,0,903387982533fb24372b89904086bc638612f9c8e1e5c7c9dc8da6ab7f4bbcf3,b02d31c0c9ada894d69a6a686cf777ddaa8b702173d922b4356e55015bc1678a,True,
MMM,EQUITY,WEEKLY,REPLAYED_POINT_IN_TIME,2004-11-16,2026-08-21,1136,1136,0,18b7d02bda49135c747ae67fd78978491611e7fbaf3e02d6bee8342feee88a8f,a5750774e1aecbe7556342876ce8616003c3b3821569e084c48ddb0959c3e749,True,
MNST,EQUITY,WEEKLY,REPLAYED_POINT_IN_TIME,2004-11-16,2026-08-21,971,909,62,cf2986c8f5dfc81f304c11d6231ec858a2fec048879d5da7f44483937e70b8eb,da5a4e16b15483271c585212d5aa95c6d6ea02ea622e0a2f985ac4dfe1018626,True,
MO,EQUITY,WEEKLY,REPLAYED_POINT_IN_TIME,2004-11-16,2026-08-21,1136,1136,0,07cd714f4c2bfad01a1fc9869d2d4b3e3cb4c0979b5c6dd45e62df8f15f2cbb6,e71b292ca1ecf9424a6a9140755401b0ae2510ccfdf6b223c694ca00dbd53dda,True,
MOS,EQUITY,WEEKLY,REPLAYED_POINT_IN_TIME,2005-12-30,2026-08-21,1078,1078,0,c6424e055edee699d580a52245beaf8542221bd3ffe048998647e19f1ac85f79,b13c238b250b94bb321879f1178054eeafeb7e64766abf60898d757e52accba2,True,
MPC,EQUITY,WEEKLY,REPLAYED_POINT_IN_TIME,2012-09-07,2026-08-21,729,729,0,0296070de57e3023884fb5423461a1b3e6b6c72c34c9e61131eb7840ff9a0464,e2fd123027c8c0d2fff3dc9d9af2c895d9019e0d1e8db051333afb41f74d7f5a,True,
MPWR,EQUITY,WEEKLY,REPLAYED_POINT_IN_TIME,2006-06-08,2026-08-21,1055,1002,53,c3a1bef197c9b2621c7c667a4618ad4d47d760af1d8b831fc8197fb9fd1acdf8,1e3d632af3e8da1d73e15d7aa93133878b8a831a47cdfde92b79760b606b393a,True,
MRK,EQUITY,WEEKLY,REPLAYED_POINT_IN_TIME,2004-11-16,2026-08-21,1136,1136,0,0f9bf1089f78ab4e6ba875a6d887e0c0d59151eed5a1fa464142d012e08a91a5,1c7cfc3bc18ee3702e2098caf808e9fce76742610c3934332566785dbe2051c5,True,
MRNA,EQUITY,WEEKLY,REPLAYED_POINT_IN_TIME,2020-02-18,2026-08-21,340,340,0,7a8f679c2d1fff17cc80f18f20be41d9337b66c406e7a1526112fb2d4dd788ec,fa409cf5739dcc9e47ec01bfb1930c033fe3ef92d2397ee2e2d251017f0c9823,True,
MRVL,EQUITY,WEEKLY,REPLAYED_POINT_IN_TIME,2004-11-16,2026-08-21,1136,1136,0,3b508c3538f40e8deccf3ed050ed7fecfe344e2b4b4f003351f2069110318470,b3acda7be2daf651958160360460fec03eddaf6e50e446004c161df71cc273d2,True,
MS,EQUITY,WEEKLY,REPLAYED_POINT_IN_TIME,2007-03-27,2026-08-21,1013,1013,0,1898b41f1b8359d432ad6a0697ae9adfb860a3bcd1138a338610ba12d895efcd,e05e614536ed48e6946cbbe9275a95c6d6f6b4e1a94f58bd81e9633bf1c60390,True,
MSCI,EQUITY,WEEKLY,REPLAYED_POINT_IN_TIME,2011-09-12,2026-08-21,780,780,0,f68a08fd500ea59e42f78e421633ed7935e7ffdf683c00eb226e475d3bae8b45,7824f1648f1304ecf2be3b0caa8d2c2283642e3e7970e2cd56ff4b71ff986d5b,True,
MSFT,EQUITY,WEEKLY,REPLAYED_POINT_IN_TIME,2004-11-16,2026-08-21,1136,1136,0,1f5c372775887f35b482071ebce93edb6e92257c144fe577beae8e7963c895b9,37e610828ca9b0044e2338b98178193081d4b09fe3ac1932b9041a64032ff18f,True,
MSI,EQUITY,WEEKLY,REPLAYED_POINT_IN_TIME,2004-11-16,2026-08-21,984,922,62,a152078e87466f0cae070fd3a37b814ddcba7dbccccbb6b6df5fd119813d5772,6146c091040f28c5eb3b12b5818e42e03ce0a40bc5a725a09d62d7a50cb1503d,True,
MSTR,EQUITY,WEEKLY,REPLAYED_POINT_IN_TIME,2004-11-16,2026-08-21,1136,1136,0,e47aabbb09d1fbaba7c0e4e353d3ffe9feb40b2ed51ad576ea37f74c4c8fed85,027c9977cbc169768d67898b46d0cb594b01ecb4ab6cf5dec7cd2a3ec375f711,True,
MTB,EQUITY,WEEKLY,REPLAYED_POINT_IN_TIME,2004-11-16,2026-08-21,1136,1136,0,8141360aa025c6cddd3cba0e0610eeae04b38f397192edf913b0bbb83929aecc,db4418dbed2c256f18ec7b7cfcf6b3cf80cd8d5be6eae5dbd0b466a371d9dae7,True,
MTD,EQUITY,WEEKLY,REPLAYED_POINT_IN_TIME,2004-11-16,2026-08-21,1136,1136,0,91d63633da10eed7f9c525b345433e419c46817b2b1289d284cc67b4eae7992a,116472b3ce2ee122281c5988a4b95f65b57a9692c582cfe1e6630c01bc28fe6e,True,
MTUM,ETF,WEEKLY,REPLAYED_POINT_IN_TIME,2014-06-27,2026-08-21,635,635,0,ac6548912c2fc00ef583e54d4ada8f384d129c7e3571c5e5ac308ce2e5223670,5025b2c64483f332ce8b4ca2041f0a78d8ff15050e9ee92fc9078bcd2ec4f250,True,
MU,EQUITY,WEEKLY,REPLAYED_POINT_IN_TIME,2004-11-16,2026-08-21,1136,1136,0,cdb6a92359788f3d8bc4c2001c16f953205f2cd261ce6348589fdf25b0508df7,dc87a1a1e8bcf0a6cc9490087f040df4b71286b12d32231d577a371697f52ca2,True,
NBIS,EQUITY,WEEKLY,REPLAYED_POINT_IN_TIME,2025-12-31,2026-08-21,34,34,0,0629cded93493328bf42181a11784b9bc20019b3916e9689dc538d93156be391,28a263aa264dab7ec6ad4bbbf9392c6c8fb468e5d71630b9265be162e77c41e4,True,
NCLH,EQUITY,WEEKLY,REPLAYED_POINT_IN_TIME,2014-03-28,2026-08-21,648,648,0,629737b407dfe635e6b2b9dfe4c6396de9a7769e91e9efb565911c1314c689a2,073584383bcfb199e5627ef1d00fcad69a946b6e9ad1ebd649d56517b055aa56,True,
NDAQ,EQUITY,WEEKLY,REPLAYED_POINT_IN_TIME,2006-04-20,2026-08-21,1062,1062,0,328d1cd805b8e9075bf689ed1138065d85dbebfac0296cf8053913ddca73e355,efd0d390f9eb9de4e7fdb19dd3c573b97bd3763fbfe283033dedc1d9b0958378,True,
NDSN,EQUITY,WEEKLY,REPLAYED_POINT_IN_TIME,2004-11-16,2026-08-21,1136,1136,0,85f555d3d5b36ad10a7b4c63c8ca50488bde1d8630643618a2488459766eb069,65dc964156db67af3fc9a2652fd27d83e2880190b03365fc21554c54fd0d8184,True,
NEE,EQUITY,WEEKLY,REPLAYED_POINT_IN_TIME,2011-08-29,2026-08-21,782,782,0,bbb8785539d010e0c10fac72de5518baa50d0987718ad0856263d6f090fba468,3975184329106f97b9b79ada783be8ccac5382ad6ceacbc675f6ef3d2e8a184c,True,
NEM,EQUITY,WEEKLY,REPLAYED_POINT_IN_TIME,2004-11-16,2026-08-21,1136,1136,0,cdf1ece411a00b038875e598ad4e5a411b959ee88c700101b1385b103e2d118e,6ac05aa51edd47b19fcd9f3c3febe9283fcbbde04fd881ccdcabb20ee09f67d8,True,
NFLX,EQUITY,WEEKLY,REPLAYED_POINT_IN_TIME,2004-11-16,2026-08-21,1136,1136,0,9be3855b983b2e65ef2a5dab4998a47f1f75bfc11a35c0edd1ad39cea051845a,76c086b523e1149eff7d2f9d9220686715ffa1cfa700b4d63382d12207924ebb,True,
NI,EQUITY,WEEKLY,REPLAYED_POINT_IN_TIME,2004-11-16,2026-08-21,1136,1136,0,fdf846651b544b1943e8a495d9fe0f7ce35363de3b146f6b4e61fcd653f61d97,c32b68a32597bdcea81a40251cc37ce86ee20fcb30fd48d63fb8869128d62e27,True,
NKE,EQUITY,WEEKLY,REPLAYED_POINT_IN_TIME,2004-11-16,2026-08-21,1136,1136,0,554bc2ac978a99c89eb3d385659639b89b2614eecc6e95abfbde872e25d7c6aa,a895164800d6f8d1f90082f411b7b21d9d2df2d8cdbe1d42152b0952b67de115,True,
NOC,EQUITY,WEEKLY,REPLAYED_POINT_IN_TIME,2004-11-16,2026-08-21,1136,1136,0,c17d6d7ceff9b5f5c8964210cb25339d346fa2ac98f029a2501d6e14f3e1a57c,555c2b9e2590a1f7e8592b7eb165f345dfb31251c76db1bf68b0c6bf1d7b9b7a,True,
NOW,EQUITY,WEEKLY,REPLAYED_POINT_IN_TIME,2013-09-10,2026-08-21,676,676,0,8865c6c449604d8850986acc0e401e43c8b4b78f79491abc27b26f474a5638ee,ba5d6a53b925ab08862f5e1a359584ad00f7f961a9b57e6f95b0246c7bf0bde1,True,
NRG,EQUITY,WEEKLY,REPLAYED_POINT_IN_TIME,2005-06-02,2026-08-21,1108,1108,0,3fc4acf3e3ece8b5cecfbcb02e6fb30367c3176f9d7e3d53884271ec5db82e97,0da74eeda39e779c9d7c7b057cda6409f833f741b2f31e5f9ad34caf32c4966d,True,
NSC,EQUITY,WEEKLY,REPLAYED_POINT_IN_TIME,2004-11-16,2026-08-21,1136,1136,0,48dbd1a7f3e4173f0a3868c109fa8bb8b09d2e97c4a40e4516ed7abdbbe53b96,f1d236b4df3bc1cad79adf63b5e428a15ae0f2369d1d9dcf3018b14995a4ab92,True,
NTAP,EQUITY,WEEKLY,REPLAYED_POINT_IN_TIME,2004-11-16,2026-08-21,1136,1136,0,71986d42e9a8d4dd98352a9c196890b8fdc6ce320bcfa1050f5c1a208053a9a0,14df7ad21d2739db002b27460a554ac44c0bdea7f58c726fa9a61ddb73be5e3e,True,
NTRS,EQUITY,WEEKLY,REPLAYED_POINT_IN_TIME,2004-11-16,2026-08-21,1136,1136,0,ae2cc6d6885f02754659179df943856f81b488198af5d2283a57811b7267029e,a0467887a3265eaf09c70a6a598c6cd02163bc1b11c230a7a82f19e9a683cf02,True,
NUE,EQUITY,WEEKLY,REPLAYED_POINT_IN_TIME,2004-11-16,2026-08-21,1136,1136,0,64c00f628780ea590c127b423d28802ce8e9091e914979df2771c67d35df0be8,5d70fe3ce361b8f63c903878e6b5110b620da52c082858a92c7f1a7e2480be96,True,
NVDA,EQUITY,WEEKLY,REPLAYED_POINT_IN_TIME,2004-11-16,2026-08-21,1136,1136,0,2a90f447f3bc5e22a3472075bbaec732357e00973c107b5a9fbe43083a74e41b,38be09f738d9ab284f1d4fd9b7559fad3990f83d83156a7a7bd6470783d7942a,True,
NVR,EQUITY,WEEKLY,REPLAYED_POINT_IN_TIME,2004-11-16,2026-08-21,1136,1136,0,48457eaa21225897bce3919a7a6d2b7419f460ebe261522cb21d7450717f3e42,cac7b7493339fd17c7ccc09443454cda04fff03efd669ba634bfb726f13daf17,True,
NWS,EQUITY,WEEKLY,REPLAYED_POINT_IN_TIME,2014-09-09,2026-08-21,624,624,0,8ba3c0b254092953376da9cb8e10ae62687316f5edb403c8565216428b553425,0a331e721dec7f13caae765b9e3e3c0af8875d5962a78b0d023c4e9650dbbf49,True,
NWSA,EQUITY,WEEKLY,REPLAYED_POINT_IN_TIME,2014-08-26,2026-08-21,626,626,0,781885f39ab4975f0326f9cceb79ecd335b710fecb45c172dae7428f893c9356,79c6b9bb8ba1c58664b7f907315583ad3d84ebb8ea6fc81d8984cb282ea0c38d,True,
NXPI,EQUITY,WEEKLY,REPLAYED_POINT_IN_TIME,2011-10-12,2026-08-21,776,776,0,2676f99d9742082178f797782386d83cec766d86bd348c6664afe639da801fa6,2f98780b0178aabdc4550fb17d3c9e2082b974d987ddb2723ef6adb2873f1767,True,
O,EQUITY,WEEKLY,REPLAYED_POINT_IN_TIME,2004-11-16,2026-08-21,1136,1136,0,fbca010622abebf0063db2d784a097f3368f445dbb08408eb629c1ef4fa93b11,0617d5fc93e462fa4319c6f329dbd61cd9466853b19e915f6d3d8e89820392ae,True,
ODFL,EQUITY,WEEKLY,REPLAYED_POINT_IN_TIME,2004-11-16,2026-08-21,1136,1136,0,3ce8dc75dc72cfbc167004e35f17e43ffabb8815b5f8d49e70c8e99e68d6d48a,bc910e0934e247dfa9b8df464a7f851b00cabb5be9cbefad8d1c43d9700e4495,True,
OIH,ETF,WEEKLY,REPLAYED_POINT_IN_TIME,2013-03-04,2026-08-21,703,703,0,b61131b41a2d370896db6b3e0743a1e2fe7ae2582ce2282bd7b55d716d29eaea,24d687899961a42568f6271ad06b0d9b5d0391e5790e2c2e87845f003807db38,True,
OKE,EQUITY,WEEKLY,REPLAYED_POINT_IN_TIME,2004-11-16,2026-08-21,1136,1136,0,42650a8e8ccac82098af7d962389ae26204864ac5d13ac8216956e29e2ff34a9,50378f8c61d1a11701360ec5fbf44a96a578ccbec7cdcdabaaa51a6e35bb1b17,True,
OMC,EQUITY,WEEKLY,REPLAYED_POINT_IN_TIME,2004-11-16,2026-08-21,1136,1136,0,793456084c0e06b80d1283b311538c9a4cd1ef7e78500cd47cef8490657c12a4,b990dc97b1590d311ed6d233d5381a5cd66e029eea6e7e97b4f449664999a86c,True,
ON,EQUITY,WEEKLY,REPLAYED_POINT_IN_TIME,2016-06-13,2026-08-21,532,532,0,b9d24dfaf6c490ae6b962b634ef0cbec7d9ad4aad3394662f5dd2948c2b922d9,1193ba64bfdfaf118c01669548e6948e655109e205957edbe435d020baeb9a9e,True,
ORCL,EQUITY,WEEKLY,REPLAYED_POINT_IN_TIME,2004-11-16,2026-08-21,1136,1136,0,117b1334f1025b1786e4277438b941ab8ca82635cc29f6ca855a3a519be4b392,1e4b9cdfe5efcfdca91a1939c625b8f7568677dfafb69352154edd9b3efe6860,True,
ORLY,EQUITY,WEEKLY,REPLAYED_POINT_IN_TIME,2004-11-16,2026-08-21,1136,1136,0,c4dadaf2a864f6b05a7e1016e1b617816ba65cc5e2ab750a87a47f74f2259c68,0029cbb998f27fad659915454b67748e65b8dddc0a42140d2f35ad390e4a7b22,True,
OTIS,EQUITY,WEEKLY,REPLAYED_POINT_IN_TIME,2021-06-11,2026-08-21,272,272,0,c7d52d61141e6dac3f04e210e86951a102f5cbc0ef316e0f950f5baf3143fa42,38e46d428c0a78b3cebd02183306760775038dbb57779200fb13c7eee6c82edb,True,
OXY,EQUITY,WEEKLY,REPLAYED_POINT_IN_TIME,2004-11-16,2026-08-21,1136,1136,0,cc17fd9ce44f9b8abd6ca6c509c784d7d7cf56560004e0d9082c5e5de1921ce2,49eaa8f90001e7c7dca0255b84e390c0b8a6f9fda3121f52e89dccdd8017a14a,True,
PANW,EQUITY,WEEKLY,REPLAYED_POINT_IN_TIME,2013-09-30,2026-08-21,673,673,0,86101dcbcb2063c7113596a9ea03563e48ad609335c5f9ef29dcb3821052b806,dc113db40ee4edd2667c5f97a960fcbfd568056e5dcff119892356ba991a7125,True,
PAYX,EQUITY,WEEKLY,REPLAYED_POINT_IN_TIME,2004-11-16,2026-08-21,1136,1136,0,aafb1683d78c4f630e06e62d4a3773a32583196ffae4ea8a89432927b6f6e092,e5ae765c3efdf8a3291a3a1a2bef1121bec8b1bbb7f83d30516b972b770d2e79,True,
PCAR,EQUITY,WEEKLY,REPLAYED_POINT_IN_TIME,2004-11-16,2026-08-21,1136,1136,0,7acf7ccdc6a5befafe7ae917b42fc72864c205b6143fc2e3d357aa1417b89152,ec867ead20a4dc5976da5157a6f7b522913b2ca275d3ea4f853dbbd6a4767887,True,
PCG,EQUITY,WEEKLY,REPLAYED_POINT_IN_TIME,2004-11-16,2026-08-21,1136,1136,0,a13d464718cdbc1f399be2f7881a88cceffa16f463fbb2852b042ee9480b6b76,1a49792382547965608ced085b495ee2da5c45d40f76e00ea4d15ae2651af726,True,
PDD,EQUITY,WEEKLY,REPLAYED_POINT_IN_TIME,2019-10-03,2026-08-21,360,360,0,7d0248ad91b51327651741e3c7a8e0da426216ab6b67c72b669649b24a17935c,37c4cc45ee921b57a56360486180e4db3e17116c54655bc42b56119b424e780d,True,
PEG,EQUITY,WEEKLY,REPLAYED_POINT_IN_TIME,2004-11-16,2026-08-21,1136,1136,0,ff2f1164f8d1b05212cac6d8c111cd50c65c8adbccb3da50d2092daaee5ab9da,aaffb46b4e4483326c6bd16bc8bcf60b34bf7c23ff72c02bf253a9a5aeca510b,True,
PEP,EQUITY,WEEKLY,REPLAYED_POINT_IN_TIME,2004-11-16,2026-08-21,1136,1136,0,05858724cd9010ba29a2d62cf8b4cf16bb57059e69b15527ff617f41aa75bde2,1d9883c6c2fff75a429a743285c764e98073e6bac3412180f8be648fe105dde0,True,
PFE,EQUITY,WEEKLY,REPLAYED_POINT_IN_TIME,2004-11-16,2026-08-21,1136,1136,0,5637e04ad0180db909018d7ebec58addf0c3fd1168402d6c92f85c28e1133075,79cf62cb095bcb7949ca9ffda4ef0582486266a4702a1f683a59a436fbe10933,True,
PFG,EQUITY,WEEKLY,REPLAYED_POINT_IN_TIME,2004-11-16,2026-08-21,1136,1136,0,cc74502d30e51928cf77705b033c14172e8b03bf3147d25cc42c594d2a0bd0e6,49fc157adfd9979477b8362df17d53c32ac7a6296547c7f7a30fc03cf4f4a2f2,True,
PG,EQUITY,WEEKLY,REPLAYED_POINT_IN_TIME,2004-11-16,2026-08-21,1136,1136,0,6251c5b2b0459c76e33941321b9ec6ccf5aa2257dd5fef7796bbb8c883f1e586,0c0dceab96a220de6f62df223ab6b7639bf403f1e2c36b0fd4947ae6aa33979a,True,
PGR,EQUITY,WEEKLY,REPLAYED_POINT_IN_TIME,2004-11-16,2026-08-21,1136,1136,0,f2d1f0c24ce8d1e8d3c84cac2cb81c8d438235fe6e0d3165c7c56bd3fcc7e05b,e41e8c01ceac37d10352befbf0307695cdc487890c8b60de769e1472439a3887,True,
PH,EQUITY,WEEKLY,REPLAYED_POINT_IN_TIME,2004-11-16,2026-08-21,1136,1136,0,e2140c48c5726fc272ebc0c8367101092e7f0438c2da13652234d50748ee3f16,9d6280bad14ddccd17f1305bb34e5afe540cdfa2ffdfe7dc06c2c37d1dd2d691,True,
PHM,EQUITY,WEEKLY,REPLAYED_POINT_IN_TIME,2004-11-16,2026-08-21,1136,1136,0,7d9947657fb99c560e29bc6ddf50eaac9dd4f56de9ba1ae32e45e1aba3f0cbdb,cabc56991e1e140725d204baa7f1c95a9f5e0ec8a1521438e5c20081884b9f39,True,
PKG,EQUITY,WEEKLY,REPLAYED_POINT_IN_TIME,2004-11-16,2026-08-21,1136,1136,0,e9ac480127c50f192ec18892e9bb1499ca10cada50aca13b15cb65aae1ff70a9,692b6444279d9797bc99ec25d17aa908a3d3e641a8bf4da1a51caa0e2f99e2e1,True,
PLD,EQUITY,WEEKLY,REPLAYED_POINT_IN_TIME,2004-11-16,2026-08-21,1136,1136,0,107eaf7ac847f15744dde2cca80da18fb0278891ee807fa2e9f3155ec9011ba3,4edad0c059edb7199c0c6c638f3c489018f2db649e7ca638af1a0346a7f918d8,True,
PLTR,EQUITY,WEEKLY,REPLAYED_POINT_IN_TIME,2021-12-07,2026-08-21,246,246,0,733ca9c6a505db2d1afca3325e5cab978882983be7e5aa9bab27743931b09109,ca6f544380df5c732fa9c9d94d7c006ce202e25e1334c2ea313adaf4dd555efd,True,
PM,EQUITY,WEEKLY,REPLAYED_POINT_IN_TIME,2009-06-05,2026-08-21,899,899,0,91821decd4b97550fbf594ace103b5faee148af6ac317ab404ef11cb7d3a7cf9,232de9b3571b8e452f7e3cec3c582199783427959e4737f425647b6bf93d5815,True,
PNC,EQUITY,WEEKLY,REPLAYED_POINT_IN_TIME,2004-11-16,2026-08-21,1136,1136,0,b9035940de2df12853383ebfbe62f2c5f4f039e28b8c0cb8229084b25be3344a,77fcc842e50e38261b6b583e84f0c66b07284cb63aaccf1089c1e5b279dc6d9d,True,
PNR,EQUITY,WEEKLY,REPLAYED_POINT_IN_TIME,2004-11-16,2026-08-21,1136,1136,0,92fd75bd7d8790ff0f5c3ed2340f28b7c7365d06c8d6eba7c17e7b28b76e986f,d3d95c5bbae050e9fb8fbd5847b4c68fe5c3a7f381e643a2de4aa40050a426d4,True,
PNW,EQUITY,WEEKLY,REPLAYED_POINT_IN_TIME,2004-11-16,2026-08-21,1136,1136,0,ad226cd4db24c065ffb27ff0dbef8299a0e5cfcd15ee7d7a5ea992f057c8525d,38a83bba2175e68b9e9e921db29d1b595263669f40ddcd444d5195c903dc98a4,True,
PODD,EQUITY,WEEKLY,REPLAYED_POINT_IN_TIME,2008-07-22,2026-08-21,944,944,0,790da3d3eb9c6b7c00c75c33221283d60c037d17b73905279c056f3b71c4fa03,0b707227169859dff53085cf97e230dddfdc25634bc8ae1c5227dcc378fbcecc,True,
PPG,EQUITY,WEEKLY,REPLAYED_POINT_IN_TIME,2004-11-16,2026-08-21,1136,1136,0,a97ed2128c0c608044a6eca6b939a57c24c2895f9dec663943c652cd8168350c,5a34c140578ab96993fe06e9f7a9fa6328939a400275f6e90b6e4000ae6d02ab,True,
PPL,EQUITY,WEEKLY,REPLAYED_POINT_IN_TIME,2004-11-16,2026-08-21,1136,1136,0,2ae2b26ff198cccdaeac1bd08064e6e029500c4d245eb040faea04d98768bbe2,dbc2c1bac8306a590ef97872ff9a0cb8df472fa13985d03dea724adf2bb86f35,True,
PRU,EQUITY,WEEKLY,REPLAYED_POINT_IN_TIME,2004-11-16,2026-08-21,1136,1136,0,88109c47e782c6db9c16516b47f69d60c6d2628fc61b5ecfebad74eff95c5437,59a97dda5abb8a58468ae2a8016836afd969d181589645ecbfba2f52c63d92b3,True,
PSA,EQUITY,WEEKLY,REPLAYED_POINT_IN_TIME,2004-11-16,2026-08-21,1136,1136,0,612a56f47b7ac5033f66fda128b0bdcf7762a25ab4c7e585b36cd5f8a8a320a8,cf32d3cf6d99144631ecd47ef80f4dd8e59460e7497f6e06873b418a5bfe7816,True,
PSX,EQUITY,WEEKLY,REPLAYED_POINT_IN_TIME,2013-07-11,2026-08-21,685,685,0,a2710a229f8b4b74317adc4a493ef072a683f5b12436596a6371982211167ab8,e01a2acfe17a4d92f3e7e13c2c2870e7ceba54a35e8d7c26bb6400a9d30c34cd,True,
PTC,EQUITY,WEEKLY,REPLAYED_POINT_IN_TIME,2015-02-12,2026-08-21,602,602,0,9522501e4cac0f111519072ba860e86abb64fe1b51cafb648ae9bdf35d6e0e8d,5bcb2f104298c86957f1993477c6044352c0ebdcfab77428dce30bf6bd23c601,True,
PWR,EQUITY,WEEKLY,REPLAYED_POINT_IN_TIME,2004-11-16,2026-08-21,1136,1136,0,d1e4afc45c2fc26a850a8b1437db45f6410dd5f2cda90282d93d15dfe9e17f8a,e6d33919e3c75b1554663f358aaafabf5f10cef13879ebddf10cf3e35c8f4aac,True,
PYPL,EQUITY,WEEKLY,REPLAYED_POINT_IN_TIME,2016-09-23,2026-08-21,518,518,0,55dd8d80fbc237a575577aa9c4e2db0dd9630962e5c4f2e0d7a30a64e0d0b9fe,9e131f728abbaf5b377c2cf42ac83f540f7aceed153de6ad9156650889c2c058,True,
QCOM,EQUITY,WEEKLY,REPLAYED_POINT_IN_TIME,2004-11-16,2026-08-21,1136,1136,0,eb640acd956c2296f236a3856384c0e269c0055868bbdecc43debcdb38d67dee,74881d8bc0e678ac27162f4d6c1f4cb952114d086cc2d509a44e30fa25af8db3,True,
QQQ,ETF,WEEKLY,REPLAYED_POINT_IN_TIME,2004-11-16,2026-08-21,808,746,62,904c33e3702c6c3c2779aa97bc7687df1ea680e8bf68d2336dd5af6d7ea687a4,f8a742d4800371f61038ca9742787f3e93e01b1bd4676ee8b26e235dc1bf2a9d,True,
QQQM,ETF,WEEKLY,REPLAYED_POINT_IN_TIME,2021-12-20,2026-08-21,244,244,0,06a2d134d85b58d261778fd29d462b1272cf0ec32dd0de0b4ddb5c93c7242bc1,2dc84747801b952fdfd83ef6a85c84d31b0127986205a72d0437470b3961e43b,True,
QUAL,ETF,WEEKLY,REPLAYED_POINT_IN_TIME,2014-09-25,2026-08-21,622,622,0,7dc9b1fa69bc548f43e3c0c0ef0b087ded4f570d8e2274f7b0e27a27233d394f,4be17ead18a666971f868d27c290dafc786ea5a4da4f04fa8134ef44c72b70d8,True,
RCL,EQUITY,WEEKLY,REPLAYED_POINT_IN_TIME,2004-11-16,2026-08-21,1136,1136,0,f8e1293365bcebe00ed14d35edff43efef8785b1ffb1af6840bc5f6bb716b205,6027ae35b205ad96f55c2fc2dee08dbb8f7e249d669a614928302bd60317ce24,True,
REG,EQUITY,WEEKLY,REPLAYED_POINT_IN_TIME,2004-11-16,2026-08-21,1136,1136,0,fe1dd0e848ce4a9e006c8fb82177aa9e327f96d9394b6873090e45385b898528,2982db26f3e63f842ae9914009c26cc96be06b9b2786b49d4e4c765b704de85a,True,
REGN,EQUITY,WEEKLY,REPLAYED_POINT_IN_TIME,2004-11-16,2026-08-21,1136,1136,0,4950d82ac901366de4f6eef9a184e1f6dd8f45f35c2c5fd3e6c7551fa1bcd2eb,c9f2c8e929e272b630bafbfdddfbc879dca0637ec2e080e06093ddb7fc866a14,True,
RF,EQUITY,WEEKLY,REPLAYED_POINT_IN_TIME,2004-11-16,2026-08-21,1136,1136,0,551a1a58f5a492f72c95abec73b44eac1e10d89321cb58eb47a1255c5bd05dd0,28cc0d5601c0fdcd5b48c4249086772f05c732c7b8a57f3ae68fd6e32ab4f22d,True,
RJF,EQUITY,WEEKLY,REPLAYED_POINT_IN_TIME,2004-11-16,2026-08-21,1136,1136,0,1c3037758ced61161bc3a21c562b1728f9c8dd0c004abecab2100abc7cb4b250,afe2bc0f7cc8eadef78507e4b068c1df36b982041de4e8dba5743bf1c6ac3cf0,True,
RKLB,EQUITY,WEEKLY,REPLAYED_POINT_IN_TIME,2022-11-01,2026-08-21,199,199,0,7ebefc0cdea6dce64058ddfd4fac2adc526b1c6952efd22800795030b7d883a6,0c392cb03f8ad6db6c178a8bb6fe5a1ec67675ac0e0c67b34d35e8ff5002e2c4,True,
RL,EQUITY,WEEKLY,REPLAYED_POINT_IN_TIME,2004-11-16,2026-08-21,1136,1136,0,4323dfaba0a9cfb0dff2d04409a0bb862cfb6da9da3da11ec984c2f2e0e0e4ac,3ca8604b4dc2d7cd72460605f7db1754dbc2f2225b92c9c8f31579029bb9747f,True,
RMD,EQUITY,WEEKLY,REPLAYED_POINT_IN_TIME,2004-11-16,2026-08-21,1136,1136,0,0be93e615f395eaeb7d405fdd64b0c2f9a9a610229a087b543adcefc69bb10a9,68bb0ac3fbe2fd45f7300aecf2f20f030817ec92223bff5a47c0353ea831e9f7,True,
ROK,EQUITY,WEEKLY,REPLAYED_POINT_IN_TIME,2004-11-16,2026-08-21,1136,1136,0,b56b8509079ea25762c5a8236a6da76062b0eb4d293ff688016e4d8b0001c78b,4cdca60c32db6f202e9d58cb4ad340684d063611dc12cb06da9920c2f99a4da0,True,
ROL,EQUITY,WEEKLY,REPLAYED_POINT_IN_TIME,2004-11-16,2026-08-21,1136,1136,0,4f5530aa7be479393aa2881533375ee8e092dd5a734deb9aeac8955f9c618bef,588183d7ab0f53e919c937e0ebb4b4c617aa1ef8789e02cde59e1c6e45ee1a20,True,
ROP,EQUITY,WEEKLY,REPLAYED_POINT_IN_TIME,2004-11-16,2026-08-21,1136,1136,0,32a6088d56e318f6a166ab21db3185196291b2f59ae3f20983797f11a99aff04,1a96edf401116b9a67643daf5851230778b59981d250b640f0952da68fafaa20,True,
ROST,EQUITY,WEEKLY,REPLAYED_POINT_IN_TIME,2004-11-16,2026-08-21,1136,1136,0,ebb2a1fea50a8510b85c0bc455280ea819076bcb449b8f3e35c73eb60046c73a,09a1055abcf39afdcac864d64266895dd5bebdc17868b1baca75ca9e6a0a2d92,True,
RSG,EQUITY,WEEKLY,REPLAYED_POINT_IN_TIME,2004-11-16,2026-08-21,1136,1136,0,f90266dbaddfd4caa492552b7c835e33c4990ce2201c946c962d47ec42eaefd2,2f05b56a8975593346002e6ece1bcad61c425be2ee8c722adaf5f7ba5897ed08,True,
RSP,ETF,WEEKLY,REPLAYED_POINT_IN_TIME,2004-11-16,2026-08-21,1136,1136,0,33e9066cffa14f3b5981081e23a2940e5acd99b4d43817cf03b5b957b97e22f7,79a40cf69750a81e9a2527147cbd4dfc7f4ae1d3f1eeefa1d76d74a6ce8fede7,True,
RTX,EQUITY,WEEKLY,REPLAYED_POINT_IN_TIME,2020-05-11,2026-08-21,328,272,56,283abef64e20c9770f67058922d4963933abab5160d33f2d98673a750497b17e,5084158023c213be04ff59aa26f92d9a64823862def9475dfb5c986dea869a02,True,
RVTY,EQUITY,WEEKLY,REPLAYED_POINT_IN_TIME,2024-07-25,2026-08-21,109,109,0,6623b6a53213c319882622e7062ba10d4a121d8499a0a97b30eafe0888116e34,8333375b72cc4d92a16bf7fb0c9f2eb7634ca4231dfb55bba878578d14e3ce53,True,
SBAC,EQUITY,WEEKLY,REPLAYED_POINT_IN_TIME,2004-11-16,2026-08-21,1136,1136,0,cc4ca127c7cbf860f301a703434d5dcc76b5fd783e51abef57dcdf5cdccf6a29,195001a88e0c6217df59207b7571edfc482c0d17764c1ea5b0800514d4e301cc,True,
SBUX,EQUITY,WEEKLY,REPLAYED_POINT_IN_TIME,2004-11-16,2026-08-21,1136,1136,0,40b91b09029aa386a062bdf10d9a76c3aeca52818fd96b10ba1b998ae543e7e0,ced545d8978cd2360957827ccb2904e459ded03d67b2ad3a3f5ae2ee3186779f,True,
SCHB,ETF,WEEKLY,REPLAYED_POINT_IN_TIME,2011-01-11,2026-08-21,815,815,0,8ff4dd55d32e4c08452945342bc38612ff8fb6738b7e6a35355fd2457582ecb2,d32545d4e11907b3b506dc2b8b39eec8d4d652fee07ca469c063c8543587b98e,True,
SCHD,ETF,WEEKLY,REPLAYED_POINT_IN_TIME,2012-12-31,2026-08-21,712,712,0,14167d64792b7a17d87a5a9e1192f61214e3a07ee84819ddee895caa6f553759,75f26881556d2f868ab1944858bd2464c07750ea6fad73c276475407d68631b8,True,
SCHW,EQUITY,WEEKLY,REPLAYED_POINT_IN_TIME,2007-03-07,2026-08-21,1016,1016,0,386cc5a9cf68c6558970013a6cdaa5062c170844ce758fa7df21078047ded241,9d5b251fef6ef6cdf9e9a8eed388bfb234c3e096049b772b4426a0ccb9aaebed,True,
SHOP,EQUITY,WEEKLY,REPLAYED_POINT_IN_TIME,2016-07-28,2026-08-21,526,526,0,79cd09aaa77174acafe744302c23f37a4dcab42f12446a120b206d67ac30f31f,e3fc8e7aa284d2d27262aea3bea98ae5c8fbafa9da4fa3e08a9c3fa0093bbdab,True,
SHW,EQUITY,WEEKLY,REPLAYED_POINT_IN_TIME,2004-11-16,2026-08-21,1136,1136,0,3896e9b9e11fae7e707187e5331491caf6690d061c81379676c86bce74e69e0e,b3396bf46f1fcdb6c41a58e1296eb90b255e99f7e1f2d105019a367bbbece660,True,
SHY,ETF,WEEKLY,REPLAYED_POINT_IN_TIME,2004-11-16,2026-08-21,1136,1136,0,e4c6d20b3321ca36703081bcd083e9510115a75005fd718f58c389fd2b4d7c5d,b5b160bb2dc1bb19038e59203417f9bd2faa8f2a9d4768e6d95d7fd0636b0b1c,True,
SJM,EQUITY,WEEKLY,REPLAYED_POINT_IN_TIME,2004-11-16,2026-08-21,1136,1136,0,287e94bb9f54576f693d475ca1b44ed818dde949d5796fb871780773e3458fbd,2bd96fa8a0aec2b2882d6dfbf9657b5374011c4d2b36c3a0464c699a2f13faff,True,
SKYY,ETF,WEEKLY,REPLAYED_POINT_IN_TIME,2012-09-11,2026-08-21,728,728,0,c1bc1e9d83b9cc33f4b75a1d3473d856b85c7f6ae385ef134e7a8c9b55b9ddf0,c29e759ac74c2a010e2181abd4caad2a35023498a70c92e01e63a01c1113ee83,True,
SLB,EQUITY,WEEKLY,REPLAYED_POINT_IN_TIME,2004-11-16,2026-08-21,1136,1136,0,98c87dfb1bcd7a64859c9056cdff03fc3a71753e7194c9f46d9cf1f71e0a4431,af2a3288540884da8075a8082ee49f77a8ed7457b43bf6a6fbb75824e557d97e,True,
SLV,ETF,WEEKLY,REPLAYED_POINT_IN_TIME,2007-07-09,2026-08-21,998,998,0,61b5d12cc5699ad40c19750fec3edb3260f999953e593e4064fce1ae9a46c090,557309e6e337d29243ae9969ac9654ca676127621cc10472233be3ac1185d7af,True,
SMCI,EQUITY,WEEKLY,REPLAYED_POINT_IN_TIME,2008-06-05,2026-08-21,879,817,62,46f6a4dc32ba58332ed4e40a621c8a2420766d25dfe4847b7d2f9104d0c663cb,0be761e2992f8aa41e0129a8fdd454a7b09f75af8491169985a1abb63d8b3723,True,
SMH,ETF,WEEKLY,REPLAYED_POINT_IN_TIME,2013-03-04,2026-08-21,703,703,0,f1fd6254c40d5423c9d46c4c728aed68661e838697d101094b2efbc026ac43a3,19f9c58b550eb3d787a84ce3cd211bb889e13aa824b7c5b90fc8bc9213ed52cc,True,
SNA,EQUITY,WEEKLY,REPLAYED_POINT_IN_TIME,2004-11-16,2026-08-21,1136,1136,0,17ebe8cac76a75c6a45712b4b7911bae78ff62a5dbda06d66c89f0ef790acb1c,7828bc678cf56d6bcec603878e2e9e87a8254b78c3ed910912e93a0af205a595,True,
SNDK,EQUITY,WEEKLY,REPLAYED_POINT_IN_TIME,2026-05-04,2026-08-21,16,16,0,d66ca183ca7e536cae994e4079f0368e9408f6e6ecd4c0744ae2b680e91e51a0,a51839d80e7b6c3fca2b7b5d97b42eeeaa9cf592e9039aadb602102e15995628,True,
SNPS,EQUITY,WEEKLY,REPLAYED_POINT_IN_TIME,2004-11-16,2026-08-21,1136,1136,0,74bfc1ea51c68babe13b1b4c46312188da3b2ac9c162abb921af8b686242192d,92602ddd43d41b9ab70cb9bca179d47d0103c0a5c492ee72356cf3c553ecec67,True,
SO,EQUITY,WEEKLY,REPLAYED_POINT_IN_TIME,2004-11-16,2026-08-21,1136,1136,0,d48ad875ea6a200e434af78eaccc68e71f6568bdd11ee5110e0e94eebf574329,306775c235543327252bdf49b2fd718861deaf1802c2f1328ce0d92b5ec29376,True,
SOLV,EQUITY,WEEKLY,REPLAYED_POINT_IN_TIME,2025-06-10,2026-08-21,63,63,0,d6aa29a68f6820b5809fb19f967d87eb55f04168210568cf9a1922103081e18d,71ca9f364a179d96111ee1c354091797572648b35cfae756e43716cd422f7ef3,True,
SOXX,ETF,WEEKLY,REPLAYED_POINT_IN_TIME,2011-12-22,2026-08-21,766,766,0,fe789dd874f5ec9df8e94b5a7226fcc4a1ffaff7bbb77bc67ef2c5cf1407b2c3,92f238eb50788c6f69cb41ba2b214ad8246c1cc63a4c9d93671c8b3791071361,True,
SPG,EQUITY,WEEKLY,REPLAYED_POINT_IN_TIME,2004-11-16,2026-08-21,1136,1136,0,49220f09ccabd8b7eb53ae5aa4599aefe88d90b52e3f8d31309e6d8f504d9d4f,f3c10abc11d9b0226367bad3cd30aeabc0e495fab0e2d17cdfe1751b0b055250,True,
SPGI,EQUITY,WEEKLY,REPLAYED_POINT_IN_TIME,2017-07-06,2026-08-21,477,477,0,5b027ca6370075f0d999745960d9c4d58e54670fd3de116054c57767b8c6b644,46b3f600fbcad78e183c70d65183c2ad9a38148b27a8aaeb6ae9c51b0c68b6ff,True,
SPXU,ETF,WEEKLY,REPLAYED_POINT_IN_TIME,2010-09-01,2026-08-21,834,834,0,d35bb6d57889214c40a404ea0e2e3e07cf4dda8a82f737a52984e8c3db506d10,10842500e97c304c2cfd55f31328258a4a0bc6d10296802eefcf69ce4c2cfc81,True,
SPY,ETF,WEEKLY,REPLAYED_POINT_IN_TIME,2004-11-16,2026-08-21,1136,1136,0,12510d08659753b0a5c077687ab83be90fa2e9d24f5f3af6e829db989d4506c9,cffd1fb6088a8c7bef89b536786da26c84cd2e7b6a2be15901597f46d2b865da,True,
SQQQ,ETF,WEEKLY,REPLAYED_POINT_IN_TIME,2011-04-19,2026-08-21,801,801,0,296999046b4b07845efc1056a9fc57e2672ae9191d86ba6f4a1e298136567a46,9cd30a06896326d0700841d1c55aa75c514e1afbd2563bfb33cac5d4eb6b0898,True,
SRE,EQUITY,WEEKLY,REPLAYED_POINT_IN_TIME,2004-11-16,2026-08-21,1136,1136,0,38bde0c670392e01818b4f75a522b5e0ed3f9d32af6c5480299b97f04718bdf8,51a6101321d8e724ff55f9abe5d894e3e93a401dcf2f59bad6e0cf6053a9cc24,True,
STE,EQUITY,WEEKLY,REPLAYED_POINT_IN_TIME,2004-11-16,2026-08-21,1136,1136,0,10f70f1c3b553519f3a8fc7024fda2776be0658dc8815af799019f477de141eb,a6b65c154c41b9ece8b31f71a5b1f918ba596a1e85d5c0c75ecd4ca39ed5bb78,True,
STLD,EQUITY,WEEKLY,REPLAYED_POINT_IN_TIME,2004-11-16,2026-08-21,1136,1136,0,891e2ba3d072293e8e197f212992a689dddd80d84e6f9a2f8cd76310b1d4a557,5e1d5cc7f513a591b45370c7e74d179cdf850cfd8622165c66d36d6b14fbfb36,True,
STT,EQUITY,WEEKLY,REPLAYED_POINT_IN_TIME,2004-11-16,2026-08-21,1136,1136,0,6703ecc0cbfc0f27f6c5b63a648652390d4924eb9378bff8de2b2f177fd6d2c9,4a997b5cfffbf29f9791488ffc56ca5d7ae7a01af5155893139d6596fe84ae89,True,
STX,EQUITY,WEEKLY,REPLAYED_POINT_IN_TIME,2004-11-16,2026-08-21,1136,1136,0,6f50c3f6c5548d10df1124e340836cbab5ee0cc2bfc926a73eb0a73520916082,cdf8d2c4963b98aa4e349d8f3491b6f7f27bee31fbbdcbd285b133848e24309f,True,
STZ,EQUITY,WEEKLY,REPLAYED_POINT_IN_TIME,2004-11-16,2026-08-21,1136,1136,0,322e9652cfe73f4bcaa4ab02776eb33e0d62cd9882a704acce08cad4d1da7f29,53e6e8b56079692555bd5ad3abecbf4a5a2541d1b1aff5ab77b9643e7d26f80c,True,
SW,EQUITY,WEEKLY,REPLAYED_POINT_IN_TIME,2025-09-16,2026-08-21,49,49,0,9c16718753f71a9100c54edf25f1835790c4a6e65fa7f65b660b581791768a1d,de00bed38328574392d3d2cf68994cf1ce9dd169ecb5385ac4bf5f772628b7c3,True,
SWK,EQUITY,WEEKLY,REPLAYED_POINT_IN_TIME,2004-11-16,2026-08-21,1136,1136,0,9450ef2d35db5d1626983e4e7e57df69a5decd32577d00b22b6381617d698c75,1094c7a9efed1b0525989532e3d9b8f37c4cab040b8beeb4136cd22a61623d0d,True,
SWKS,EQUITY,WEEKLY,REPLAYED_POINT_IN_TIME,2004-11-16,2026-08-21,1136,1136,0,0972ae3fe9c7053896e3f86e0f513c7a340297d37235a671cf3484b1f76f7084,1db3765588b3283037fe8838dc2624f4d09b415644efde20fcab437783d93c2e,True,
SYF,EQUITY,WEEKLY,REPLAYED_POINT_IN_TIME,2015-10-07,2026-08-21,568,568,0,6f495af7f74c2480acbc8c8f9aebfdf4f0f8be21e837c4b0c8937de318c0971e,3c4a4540c3b3276a3769b5b7784c756cd2bc39415e0f5a02a1441f1acc96802c,True,
SYK,EQUITY,WEEKLY,REPLAYED_POINT_IN_TIME,2004-11-16,2026-08-21,1136,1136,0,f2aec5b7ba9c8f09fdddcff372d4115d2a9897ed360cc727180291997424b096,18593d4264ea2910e4f110d87979d5d7e17b5c9d8e1f6a6a432d9c68d1fcc605,True,
SYY,EQUITY,WEEKLY,REPLAYED_POINT_IN_TIME,2004-11-16,2026-08-21,1136,1136,0,173159d19fe14c19f76c7951c60f4309c988e900623d318c2dc00382d2b68d9b,d39ef524d738dfc071d96b548ff59b31ca7d342e001be63a65a83359cff9c1c7,True,
T,EQUITY,WEEKLY,REPLAYED_POINT_IN_TIME,2007-02-12,2026-08-21,1019,1019,0,af94eb391dd41a5772c617f32a2da68c619ad31e66a1775a499032bf546883f3,f494230c0c37129a6dd1d9c27ac56a99c80075794b32035c892e32e3f09611c5,True,
TAN,ETF,WEEKLY,REPLAYED_POINT_IN_TIME,2009-06-22,2026-08-21,896,834,62,195d2367b4625c3266880186ec5a4db4938620372c54c8ef1557c98d706905ab,384ec4591e313053c0b439dbc44d3409bd89d08a3897efa238efbda23c6ca75e,True,
TAP,EQUITY,WEEKLY,REPLAYED_POINT_IN_TIME,2006-04-19,2026-08-21,1062,1062,0,839df1c7fedb1fe378570d16b819dd4abd61228f2823c77802999181569daddc,fa40666a57e4f18bed318d7d243fe9dd9c0f904192501fd78adb08807f05c9d1,True,
TDG,EQUITY,WEEKLY,REPLAYED_POINT_IN_TIME,2007-05-23,2026-08-21,1005,1005,0,7ce016b655ce03ea3140c9e2229ef926a295ff7d52dbfb6c792088acb1ee59ed,977010af36d1f3f532ec9261db71e15798f5194525ab6d6b2e2e614910ef4163,True,
TDY,EQUITY,WEEKLY,REPLAYED_POINT_IN_TIME,2004-11-16,2026-08-21,1136,1136,0,4ee1ca3c640b9d76170ebb08e6a21fe5d41f50dddf9784d48ef0639023e03c43,880b57b5da1b2b16d8234d4802accd850f93de652afdf8a21b9d1ecfe7c0411e,True,
TECH,EQUITY,WEEKLY,REPLAYED_POINT_IN_TIME,2004-11-16,2026-08-21,1136,1136,0,ce497738de3bf6f74bfe59c3d7de2ec4a84ace07b5b729d76f92c86b912756e8,47cca184c5e604b490fc0becba7c3d7aa7475ff16b8617fe5cfd170ebb7bb317,True,
TEL,EQUITY,WEEKLY,REPLAYED_POINT_IN_TIME,2008-09-08,2026-08-21,937,937,0,d6d224a092b51afc47dd8c35b02539f57915813ba356db2f57e0daa8a082b405,05e80ba8038659926e07eaaec6773e7e568399b0637eabb1304da5f5c8c6ac70,True,
TER,EQUITY,WEEKLY,REPLAYED_POINT_IN_TIME,2004-11-16,2026-08-21,1136,1136,0,fb5aa0945d79a6f03ecb365cfa92a96554acdbc1e41e9a1d33431518150d8ed7,c992fd73d20aed7c6bf889aa68db443b28e6047bdd90ade52c1ef87f544d9bce,True,
TFC,EQUITY,WEEKLY,REPLAYED_POINT_IN_TIME,2005-03-11,2026-08-21,693,631,62,b0a5b6d430bd0de9c3fe31114860e0fdf808fdf9ec50a74530fdc0986dd627b5,1668fad8818dbe22f7e0a928d6ec967cab517aa558c3541a26fb295543b982c0,True,
TGT,EQUITY,WEEKLY,REPLAYED_POINT_IN_TIME,2004-11-16,2026-08-21,1136,1136,0,77564e33e5c93d85118ef4f587c5749c40236d0227395b872eda67e3977df4f6,e29e3d21185f61ba338c99ef8d3b477f1d644b7127b0ed69a84d3ea13748b412,True,
TIP,ETF,WEEKLY,REPLAYED_POINT_IN_TIME,2005-02-14,2026-08-21,1123,1123,0,eb9ffa9c30d6eb7c5b37e8aae76e5999cc0b2da06d5516d207b518c00bd3cb8b,6431be9ed1c5858c0e58edb0b550950067145b5b1f726c8e46fb83fd5df7af15,True,
TJX,EQUITY,WEEKLY,REPLAYED_POINT_IN_TIME,2004-11-16,2026-08-21,1136,1136,0,8c6338db533c552b7dfbb30daed0bfbddd7d1ac4eeb76770aa422673b7fb84e0,66de730889662ed33756e98c54a37e7f936953877e62fe52b9d386fff3a6baf5,True,
TKO,EQUITY,WEEKLY,REPLAYED_POINT_IN_TIME,2024-11-18,2026-08-21,92,92,0,44650074ee7f38c56f20f96607d0fa3d101a55760dd76a4c2113c0444a46388e,28f74d191c26433b0bdb6f9dbd4e7716630a7c7d1b6e64507b10f424a63b2b58,True,
TLT,ETF,WEEKLY,REPLAYED_POINT_IN_TIME,2004-11-16,2026-08-21,1136,1136,0,0df7bfa02f778ab0ffd48c799404251f55fec9417fc6158796fa002308739bc6,7365fbe91bc7fc5839907ee7274641955d920abab2f4dfa4de5f134854295f6a,True,
TMO,EQUITY,WEEKLY,REPLAYED_POINT_IN_TIME,2004-11-16,2026-08-21,1136,1136,0,256ad565509ef6e9277fb95ea08b8ff7c4cd96f6361b795bbc57cff4940f14bf,9dea59681ff874472ec159afa198adf5fec28247590cdf09c7ccc5cdb4c67cce,True,
TMUS,EQUITY,WEEKLY,REPLAYED_POINT_IN_TIME,2014-07-09,2026-08-21,633,633,0,68467ced048fdcbdb71c2ebbdfc79037634da75d513a46b7d4635caeecf86e6b,98942461ed61e8ca63f17b1588f16c7b86859590a2e2b2534e06937b1edc46f0,True,
TPL,EQUITY,WEEKLY,REPLAYED_POINT_IN_TIME,2004-11-18,2026-08-21,1136,1074,62,618c88c05d243677ab625461536460d55f7c0e64a322a85f3fa2e54a3251bd6c,fa4b2058895575a4ace72ca93c5337aaac580c758e6c17e2c6d44244afb16a19,True,
TPR,EQUITY,WEEKLY,REPLAYED_POINT_IN_TIME,2004-12-10,2026-08-21,494,432,62,adb18d3c6a873da1e2665d0f4bd2be6e886244af1801ebfd957ee72e98a2e5cb,5b2b773f4988d93f2b3037414f993fd831778592aae50a165a3363f9dd1c1c5a,True,
TQQQ,ETF,WEEKLY,REPLAYED_POINT_IN_TIME,2011-04-19,2026-08-21,801,801,0,775b70fbe16873f319e85b0afcf48f91c059af6c1703e35fc59c876d34b8e446,8b1242d3138857d274d7dc491d679716321accc61bce30b4e8e486cee259a14f,True,
TRGP,EQUITY,WEEKLY,REPLAYED_POINT_IN_TIME,2012-02-14,2026-08-21,758,758,0,5cdac2c2ef8da891bc3788789013360ff5bc0c042d61805a272160ae7832d814,871a009378678ef3f34143090dc95a9378a90aa759762f0303a0aac5b3793c75,True,
TRI,EQUITY,WEEKLY,REPLAYED_POINT_IN_TIME,2004-11-16,2026-08-21,1099,1037,62,9ee90eb6b2489c5f11e82399de0630bfe0db2038305a56d0417cca2b3125a4f5,a7e930be313655caa2dc7b312e41f72a92124715d0fe033078f89a0b5bc7860b,True,
TRMB,EQUITY,WEEKLY,REPLAYED_POINT_IN_TIME,2004-11-16,2026-08-21,1136,1136,0,2cd44c9c2be06525901cbdc6c40d69269ddc01ff0aa22a25bf333cbb3536b909,83095bae0b6089c56bac5afd2db2947f040331434738710de96e7ef27aeb5b65,True,
TROW,EQUITY,WEEKLY,REPLAYED_POINT_IN_TIME,2004-11-16,2026-08-21,1136,1136,0,90d182d9bce0c39267b5e094d81d4413e6da467b5ead98927ac6da19857dc04d,8493defe8570bfc1e4245788d14ae192f152c4371741187a4407ae9f9255c42f,True,
TRV,EQUITY,WEEKLY,REPLAYED_POINT_IN_TIME,2008-05-05,2026-08-21,955,955,0,60ea13cd907d23ba45a8824fca304d38a46b839026660c45f271492e49ad09db,5cae601a9019a0a115307a43ec51305ee22625608288488ebdecf8152d29e7e6,True,
TSCO,EQUITY,WEEKLY,REPLAYED_POINT_IN_TIME,2004-11-16,2026-08-21,1136,1136,0,3b053d95ce02004570a57c90e003ef106f93c3fc77895d090891b1252de0a9bf,f760a52f29630bc5f1a6ee3035284cbcdc3bfba7a580b2c4cf3245917c44c8a9,True,
TSLA,EQUITY,WEEKLY,REPLAYED_POINT_IN_TIME,2011-09-02,2026-08-21,782,782,0,b173e0d515c3f8019fd6f67a426f14967d8fb641bc841b0fadba584dd9694bb4,0459ade765978d9c098f86c41d068215df992ec5aa7c27e5551073582efd3c52,True,
TSN,EQUITY,WEEKLY,REPLAYED_POINT_IN_TIME,2004-11-16,2026-08-21,1136,1136,0,f8176b2d68f9e9951a4debedc4864165b097439c37f6827aa1a10476c4e9b909,2151e8382828d760dfee4acaeaf2c03b5c9544f640c48598c7eebf1b507974c5,True,
TT,EQUITY,WEEKLY,REPLAYED_POINT_IN_TIME,2004-11-19,2026-08-21,376,287,89,f1d8c80b5b6e56e0baa82166e9008fe4593a02aa4f54d627605c48478f914c37,9ba8763677829fe0bd11dc0caa8a935613707e89c7f2d7efb1176202240653da,True,
TTD,EQUITY,WEEKLY,REPLAYED_POINT_IN_TIME,2017-11-28,2026-08-21,456,456,0,d42ad29d37835e882271c34fcf40a0a7d0ad590a8aa4f38a2334e06821ccf1a3,fd6be41272e91018be278c031a33cf217b0d2578266bf86180c648f61822f017,True,
TTWO,EQUITY,WEEKLY,REPLAYED_POINT_IN_TIME,2004-11-16,2026-08-21,1136,1136,0,f1a8845787b118322cde2cefe0a0aad262defcade913197c63c2976388ddfd73,c946c846991bf35382654efff2367a05f00879f4ebaa591300f956b8602a11e5,True,
TXN,EQUITY,WEEKLY,REPLAYED_POINT_IN_TIME,2004-11-16,2026-08-21,1136,1136,0,9aa9bf4ce0161a1da043acbeaa8cc3a86731af54301d14f1f262195a35642177,4ee23a11b4cc47ff2330c4f18e8f0012286b76b0853aa9b9c4a0fec37849d358,True,
TXT,EQUITY,WEEKLY,REPLAYED_POINT_IN_TIME,2004-11-16,2026-08-21,1136,1136,0,a941178d57a223dbd816d30752c53ed7eee3b160582a3c578b53cbcadfbdc75b,d8ecdc9705b6fa70a2aaea85e0717dd996936422388165dd771d4aa4684095b4,True,
TYL,EQUITY,WEEKLY,REPLAYED_POINT_IN_TIME,2004-11-16,2026-08-21,1136,1136,0,b8015cd60439f71db15e8cf43c3967ce35f154ada548c49c26870acc91790c30,b3b9a32865823538cdb69087e44a717de4621f50f1fb4019af55f822b7994ee4,True,
UAL,EQUITY,WEEKLY,REPLAYED_POINT_IN_TIME,2011-12-07,2026-08-21,768,768,0,83aff793e275cfe2b7449e26ee5be1861e72d54934301760f59ac0bcfdf26047,d0c469068fa5c72fa1acbcf520be620090017f674ec73b72971a6f76a3fddbec,True,
UBER,EQUITY,WEEKLY,REPLAYED_POINT_IN_TIME,2020-07-17,2026-08-21,319,319,0,79a9795c88447d63aae1f7c2d60b333620639430f70f2e0811eb2af783402649,be3782bd72f9ca5413631b6fafd1d2161fd04ac6537da149549a7d9a7369a6fa,True,
UDR,EQUITY,WEEKLY,REPLAYED_POINT_IN_TIME,2004-11-16,2026-08-21,1136,1136,0,e9cde92a535339d192e165bd53569f6a57f8683d9407b45e12989039ffd5e342,dc9263cd821ef13f66f0a30e7c454120c507e264a7339bb48fdb7038b1e9d75e,True,
UHS,EQUITY,WEEKLY,REPLAYED_POINT_IN_TIME,2004-11-16,2026-08-21,1136,1136,0,dd7a066a89d2a263e1cfe696bc51f12378926cd761f53a520425e936b6e988c3,a3a9c1091ea81c6dde0b0f07cad366bd5fda0847add3c09d00952d65d4cfd430,True,
ULTA,EQUITY,WEEKLY,REPLAYED_POINT_IN_TIME,2009-01-02,2026-08-21,921,921,0,6b14779f3d7e5398236ec54403c547420ed93d7328f38b88955c85722e8a0cd1,5b08acd3268d6efcc1411dca24bcc7d44287164acfd6af23958daf6adce37920,True,
UNG,ETF,WEEKLY,REPLAYED_POINT_IN_TIME,2008-06-24,2026-08-21,948,948,0,95279d74d99f306f0c2e447803c74c4650caa8f82279cf511058610f6e6490a9,4e1212de08ff4def81f4ac8e6e92b7d66e73d7b8f00777524b6c667d7fada5a2,True,
UNH,EQUITY,WEEKLY,REPLAYED_POINT_IN_TIME,2004-11-16,2026-08-21,1136,1136,0,e1cceca3c24dff7e51121ce959ccd5d7445f282522967245a2b75fbc82ef24ed,07a5e7a49054951db83f37498652b60d095e44da114e322277edbc3cff949550,True,
UNP,EQUITY,WEEKLY,REPLAYED_POINT_IN_TIME,2004-11-16,2026-08-21,1136,1136,0,ee8eb3e1c706d61155f9396079d86afbbb83d817793c71b9070b22385693fcb7,e6e4cd2c0df2500f99e1bf294955c7204423a88213f558f26c5693f145004948,True,
UPRO,ETF,WEEKLY,REPLAYED_POINT_IN_TIME,2010-09-01,2026-08-21,834,834,0,da2a3f295f9b27ef3a7ec9ba0a8a2755550ea6bf7775fb5dd5e6db298ed57b29,593473df12bdc7ff2e630b3ce8e2ac70b5700ed917ce4b3aa845a75f523e3687,True,
UPS,EQUITY,WEEKLY,REPLAYED_POINT_IN_TIME,2004-11-16,2026-08-21,1136,1136,0,cad5cb572371c1e1d52be0df1b3189da4373e3d7a1c6c3a8d45e4bb7e66652d2,ddeb0e7f49f253db66f3cbe3b692a31fbd7362298635700a8be5bed528d988fa,True,
URI,EQUITY,WEEKLY,REPLAYED_POINT_IN_TIME,2004-11-16,2026-08-21,1136,1136,0,e1ee6e21cfd6621de4028587b8b04f6f1c96017ca666ae7294163a4d70b84eb4,e3080b3156348cc0cf05d6b01fa5e359c771379c1f6921821847f55471ab7d01,True,
USB,EQUITY,WEEKLY,REPLAYED_POINT_IN_TIME,2004-11-16,2026-08-21,1136,1136,0,af9c832babb19394951fd947b1e9aa5734b7ae024e01cfd0699a43e8dc1fffa1,e814e1654a43757768c654e658876142f843e5b35087c1d3573460e8d8267597,True,
USMV,ETF,WEEKLY,REPLAYED_POINT_IN_TIME,2013-01-10,2026-08-21,711,711,0,f87d5d2ee2fdaacceb609a6ac923e1dcd47e7c2694d91c07949a3fb1cb9f340f,2b883e2cd3a864fbf224e2bdd66fb2f4fdb7ed396d20abc47e7cacc80197b157,True,
USO,ETF,WEEKLY,REPLAYED_POINT_IN_TIME,2007-06-19,2026-08-21,1001,1001,0,f9ad826b88d1629385066338d041f146dc4750c41ce75e7e54989a0d73280942,4b67572de24f26f9bfe638186b8bb798051907ebb9668a863ecd31ada9a65037,True,
UVXY,ETF,WEEKLY,REPLAYED_POINT_IN_TIME,2012-12-12,2026-08-21,715,715,0,7786f2b1b65f5cc686c5264f902e41a6b08096335c8d613b14a3a234aedff840,2703c29fa8e4baf354d5ed3581f8f05b6d08d308bb2d155c76446bfe8745fe5c,True,
V,EQUITY,WEEKLY,REPLAYED_POINT_IN_TIME,2009-05-27,2026-08-21,900,900,0,8348a515e51d7f2417f00a89b05ac97c7e8aa9ce2f2ed0c1e1a47140595bfa9f,295803dbf35393fd36cbaa2312d1ed80f16c58bb6782a40444bbd306a789c35a,True,
VEA,ETF,WEEKLY,REPLAYED_POINT_IN_TIME,2008-10-01,2026-08-21,934,934,0,85ff2d31b9cc61aaa1a6703433b5b44ba652f1f4f9be91cba6b7156c44005176,f4c05657304b35b29a947b8c35f4c9e5e18ca06c56b1736558bb7d03aafbbf32,True,
VEEV,EQUITY,WEEKLY,REPLAYED_POINT_IN_TIME,2014-12-23,2026-08-21,609,609,0,1e8ad10ee565f6bbcee672283cc0f84b9cfda019ebc59ae20db24d2a87c61d85,25e1a95f02a3cfebe47d6eb7a9125ecb977f91bcbabd024c0efbf927d13e43b9,True,
VICI,EQUITY,WEEKLY,REPLAYED_POINT_IN_TIME,2019-04-11,2026-08-21,385,385,0,fe306133088271f9ceb345e50bbe7b8fb9a5e35fe80aa53d582a4d694babac62,e97839ae52a544d016f0f3ac80faf7b352849f12cd981ad0106796faa5e91c5f,True,
VIG,ETF,WEEKLY,REPLAYED_POINT_IN_TIME,2007-07-06,2026-08-21,999,999,0,2222202e96a6eb0bc64db16a53fdf798db1cb2ad9760f2b5f9a5f333f7e4c9cd,3fe74acf3b4e01e9c9e0c52895a95e085363817cd9dcc1a25e878c0ec7e9447b,True,
VIXY,ETF,WEEKLY,REPLAYED_POINT_IN_TIME,2012-03-13,2026-08-21,754,754,0,0baaa38591bceb322459e02a6536272c0bfdd9f8aca5263fbe3f39790fa1abec,4ec36c20f1050829573d52af890faa0da596317a6ac276acadf3091866c877c1,True,
VLO,EQUITY,WEEKLY,REPLAYED_POINT_IN_TIME,2004-11-16,2026-08-21,1136,1136,0,6e5c862bf541a5a52853cf38d0d41ccf602a15ce4a0b7af578120d7dc0dc9b60,58532c15f576b74e99c42043606d017e5a35374b3ba0f9af1435cf3d077040e6,True,
VLTO,EQUITY,WEEKLY,REPLAYED_POINT_IN_TIME,2024-12-09,2026-08-21,89,89,0,b84ff446f84628684ddcf5aeee4c605f3ff77ed9519405336a45b41f4327615a,32b535266cf6d494ffb3843d778fa87ab2d3d3e57413688a381d7322cb02e15c,True,
VLUE,ETF,WEEKLY,REPLAYED_POINT_IN_TIME,2014-10-14,2026-08-21,619,619,0,3614513e54e0a33d7004a409be0ce9dd599ca0ead11e9806824b4bae4319d9fe,bb7e291631ec451742e9f4f3eeb1bc670946ece5a761610454055c312d385214,True,
VMC,EQUITY,WEEKLY,REPLAYED_POINT_IN_TIME,2004-11-16,2026-08-21,1136,1136,0,fcac3cf3cef7155fcf8490dea4f101fc08c529f39ef5e559f16278e4210cf66d,0dc5b51b8f3683a3a826760fb0d284944291eb97a4686492a7e43e19a2999d32,True,
VNQ,ETF,WEEKLY,REPLAYED_POINT_IN_TIME,2005-12-05,2026-08-21,1081,1081,0,1647447c149bcd1f600daaa0be3a9cab9924354fa6e7d393b15ca07bdb8138a3,c16d70846371652fb11425fd9c5715bb1968b383314745442f45d470d5c6604a,True,
VOO,ETF,WEEKLY,REPLAYED_POINT_IN_TIME,2011-11-14,2026-08-21,771,771,0,0a15b5f0b9ba9941a02e461f7ce42c2bc9b29a807e5d4b4aa3aa1ed413028f4b,06da575f6aef17dcef46f69d71591335464c4f2ee7155a508217efcade290c1c,True,
VRSK,EQUITY,WEEKLY,REPLAYED_POINT_IN_TIME,2010-12-14,2026-08-21,819,819,0,579c165df06ab47596317b78fcb802a0c7d98fc14ef2b1303194a4d5f3d6917c,15ae1ec1f12b4b9328a6bc0188cf6ae29f718b8b1f040cd75e0818fb83dd46be,True,
VRSN,EQUITY,WEEKLY,REPLAYED_POINT_IN_TIME,2004-11-16,2026-08-21,1136,1136,0,cb7ffe42e98fbc5d0e6a91baea3e8b8a48728a9926648c6ff087029a7f7970fd,d3cd6a5f24a49819ccb50a8647bad066ccbd552b15fd165442f9496d8ad0595c,True,
VRT,EQUITY,WEEKLY,REPLAYED_POINT_IN_TIME,2021-04-19,2026-08-21,279,279,0,da740017c1d3861f1f27e5691d8ecaf025afcbe373b020a231cf0639d1839df0,b6a57df9fca436f376d543362b0a0a7bdb3a0c4dff12ab6be9b7e7d52b2dcb88,True,
VRTX,EQUITY,WEEKLY,REPLAYED_POINT_IN_TIME,2004-11-16,2026-08-21,1136,1136,0,006c8fb78a5822306d9df8ae93c24ecdcc57c065963b4df0063e46a4071eafa3,a0138fa7d51bea9eecc2b3c7dc65716cd460a5a21221ecbd4fc62558b91b390d,True,
VST,EQUITY,WEEKLY,REPLAYED_POINT_IN_TIME,2018-07-18,2026-08-21,423,423,0,1659be384ce4fa44f0d41bd19e297c01cc1573a0ac8b5827f718c747902db8dc,a8de31b8f69596dbb725712243e501bd09be7523ca9b4e2935a5544518e3b91e,True,
VTI,ETF,WEEKLY,REPLAYED_POINT_IN_TIME,2004-11-16,2026-08-21,1136,1136,0,0606125aa2f40c93d979e65db1c6d387c5e70dbcdec704dd1380d120da38d0be,f4e20eaf810ef390e29e08de18b160c1928e6b293742759f953cc1d83661c5c3,True,
VTR,EQUITY,WEEKLY,REPLAYED_POINT_IN_TIME,2004-11-16,2026-08-21,1136,1136,0,06627bc04a38236e62ecf96b49e4f77891465ff41eb4dc573a421873c5612769,714342cd817e7a9b53f8dbe6b9efc3bfcd7f853c0b718f23d17af2e98df46e08,True,
VTRS,EQUITY,WEEKLY,REPLAYED_POINT_IN_TIME,2022-01-26,2026-08-21,239,239,0,10b65bbe2f8f01920cbbb764cf65b03a81365e79ded501408e902ff13f22bb33,94fb6f9ede27194911deb4c670bb5710b82069dad2abe6306f2d77af24433fa2,True,
VTV,ETF,WEEKLY,REPLAYED_POINT_IN_TIME,2005-04-08,2026-08-21,1116,1116,0,b070b51d1708756f865ca1d16bc77d2c81a167f2a9021ba04d6ce4716a3fa729,62e23aa83a350de624881fba3a71b61709cb3c50e9f4317e155ad8a966d1e739,True,
VUG,ETF,WEEKLY,REPLAYED_POINT_IN_TIME,2005-04-12,2026-08-21,1115,1115,0,35371725c694128b59826d0634e6a7db8656258b878add196f7a6b2d49bdde74,0e502e1afce2b10d7c22ac4e3e1095177123c130942d70810d01ec2af9f265a1,True,
VWO,ETF,WEEKLY,REPLAYED_POINT_IN_TIME,2006-05-17,2026-08-21,1058,1058,0,a1e0ef8ca8a25ce5979db4bb5f8b5f500b951e43ee8f463637d0789228807c78,65ea47869568951014d2fc39c9f6dca8d738706667de6573c394d7d8736bacd2,True,
VYM,ETF,WEEKLY,REPLAYED_POINT_IN_TIME,2008-01-29,2026-08-21,969,969,0,755cf6328236b7f30e6853d716a0afbbc92c9c4f06ccb437ee0e4e9cc457b68f,3fd07fb5711a52e74896badcfb2333b45ced6f5699d59a00d9c1dfd1648ad5b9,True,
VZ,EQUITY,WEEKLY,REPLAYED_POINT_IN_TIME,2004-11-16,2026-08-21,1136,1136,0,78209a76ba499b63aabe66fdcf88915cf7ba9991efee13f74a36bb92b62e22e9,5ab248c266c8b8b02193faca8e749d8c3de4b05ca63df8cac1df7cdb6ef0daa4,True,
WAB,EQUITY,WEEKLY,REPLAYED_POINT_IN_TIME,2004-11-16,2026-08-21,1136,1136,0,817d85d7b38fbe4345fded3103bd1fcc56c09487265ab2278fbac25e664b8b2e,46ad982d6b1dc98532abd63d8128fe756434320cca8d0e2a854312d9d743fd26,True,
WAT,EQUITY,WEEKLY,REPLAYED_POINT_IN_TIME,2004-11-16,2026-08-21,1136,1136,0,9f78d10705332b0b56660a2dce98429e281baade09e909e2c1a4f147034d3696,931b8a210f97366780d187d42601d5e4df56761a6020d04d87b9336475e6435b,True,
WBD,EQUITY,WEEKLY,REPLAYED_POINT_IN_TIME,2023-06-21,2026-08-21,166,166,0,8330406ebea08da3cc1d54ee4a374e32aa8058982ebc60c5de02cb0d755ce5f0,ac416a37558cbf5cf972d20da380d6f800320942bbd9da1711569c8608cf5d3d,True,
WDAY,EQUITY,WEEKLY,REPLAYED_POINT_IN_TIME,2013-12-23,2026-08-21,661,661,0,43b7a68d164b954d935e2ff57d170a196dabddf9ad07c7edd04db566979810e6,49f5d6bf9fae7b848b836357266da5e2c6d842b6985da53621a7ccb690b63e16,True,
WDC,EQUITY,WEEKLY,REPLAYED_POINT_IN_TIME,2004-11-16,2026-08-21,1136,1136,0,02a3361488b5a4911edc4592faaa96496d5355171c7505e8e88537cadb56c42e,5e7cc45d1ccd8fd85578cd27639a35fd082b97e76aab818b1f3574fb00912b4e,True,
WEC,EQUITY,WEEKLY,REPLAYED_POINT_IN_TIME,2004-11-16,2026-08-21,1136,1136,0,cab2c94eb339c6f4a915a2a01fc0391994a52337b975bc8fe423ffd7c12f1481,fd8df4f1606b7c5f3ea130e66ca8e5d8d1b32f15b5e253976a2faf432ed24b6e,True,
WELL,EQUITY,WEEKLY,REPLAYED_POINT_IN_TIME,2019-05-08,2026-08-21,381,381,0,e93703793cd527a15b5d0c997585b741765a8fc29dc5adbda8a44db32470ff9a,e78fbc1a98dbf37b236916a8b4fed3be75b7410c027978f45f5eebf3a023eb5c,True,
WFC,EQUITY,WEEKLY,REPLAYED_POINT_IN_TIME,2004-11-16,2026-08-21,1136,1136,0,51fd6be23d646ceaa83558d5bf07e635a36794f58b910bceb124f0f3b214ce1a,c42f1f906adaf1c71c2802f056efb32b9f42ae958e9d83bf460dec53312e9a1b,True,
WM,EQUITY,WEEKLY,REPLAYED_POINT_IN_TIME,2010-10-13,2026-08-21,828,828,0,cf0024814289cbafed43d140cfb876a279d87f824f51090af14d8b9875a5e71e,94fa55700dfc563f33d87d7b39327aae91682d312738b5cac43023382ae76f2f,True,
WMB,EQUITY,WEEKLY,REPLAYED_POINT_IN_TIME,2004-11-16,2026-08-21,1136,1136,0,d789d342b30c19482e80f14bb6a99b31bd69e194c871091cdd843fad6c4ea533,c4b8ed660e30e997582f4396c4d3023f4f4a07b9f67b88507fd6d85a857fdbd4,True,
WMT,EQUITY,WEEKLY,REPLAYED_POINT_IN_TIME,2004-11-16,2026-08-21,1136,1136,0,c535f10cc3c0d28fb70489cf84c3254bdcc22f0b8a36fa6a70ddbd9d109dfb60,15cbecafdcd96ad7281d0486c0005bb2941584e8fa88e2d33587e14865394031,True,
WRB,EQUITY,WEEKLY,REPLAYED_POINT_IN_TIME,2009-06-22,2026-08-21,896,896,0,fea484b08a3d1fa8d6899974e413d48dfe90d5ec3d1d32a5a0ebacc3eb9a7435,6f0adc01f066e3425ebd75f4409434b70857a9cb586cd63e19dd22b38c1fc5e6,True,
WSM,EQUITY,WEEKLY,REPLAYED_POINT_IN_TIME,2004-11-16,2026-08-21,1136,1136,0,2241cc5fae98f0acc392c9f90a5a8668cc0456a5111fd3da38bcd1d166e34a9b,7c736b35efbf5449e0d691ff6364da7fedc350422fefbb83a909269e07640365,True,
WST,EQUITY,WEEKLY,REPLAYED_POINT_IN_TIME,2004-11-16,2026-08-21,1136,1136,0,8bcac2f6d79e56b601487021e16d31cab27710ad98bc67a9fdc4b207394e65d0,f7bac620defd7668e5da0660c70f8e63b302316cd038a4d9d98c2cef5d062334,True,
WTW,EQUITY,WEEKLY,REPLAYED_POINT_IN_TIME,2023-03-21,2026-08-21,179,179,0,1a184353c468b959abf9735e528a544209d4e855b728008a153ebd0aec888f60,49dda1fcf29871b1a0fef673202683f60d4aef4134411e5aabb576245064eb1c,True,
WY,EQUITY,WEEKLY,REPLAYED_POINT_IN_TIME,2004-11-16,2026-08-21,1136,1136,0,d8dfb435c3ccf54a63c4900a0c052327b63892812128b15abbc2b6475a89a079,88ce23195c321c2d4096b397cd0664378f08dea2d6a48a7479b8e1e235d33cea,True,
WYNN,EQUITY,WEEKLY,REPLAYED_POINT_IN_TIME,2004-11-16,2026-08-21,1136,1136,0,4a91d31645ebf96671c11a1126d2e1bebc0e9b21e50012661db6d77c465d713a,a7cd6fd9625724639932c0c7dbb6c04a775d0c26fdffebf0d170a3254b3a4f60,True,
XBI,ETF,WEEKLY,REPLAYED_POINT_IN_TIME,2007-04-17,2026-08-21,1010,1010,0,4b4be15100dbe4d6e4ca03a7134c1b1b3ae91c2c1959dd2e797bdb4ae650ee40,f60b98ce04d390ce1953b722c22f647586bb0af69ea819a4b99da4f5295ac7d7,True,
XEL,EQUITY,WEEKLY,REPLAYED_POINT_IN_TIME,2004-11-16,2026-08-21,1136,1136,0,823947655785a62b97df472c24517a032b876a596fdc5fc0ed2d4a9ad4d800ee,57be4e3f7b2f58c109c7fd20ae9a7acbde0fe152ece2766285fa513f6953a4e5,True,
XHB,ETF,WEEKLY,REPLAYED_POINT_IN_TIME,2007-04-17,2026-08-21,1010,1010,0,2b352263721c3cf39e8125c1abeed261fe2cdc46225b042847c2a2a5e99b294e,a9b9f51c1fba9d7f0a14493f15be529eb6e3fdb1cc8b74e25ffb2eb7b0250147,True,
XLB,ETF,WEEKLY,REPLAYED_POINT_IN_TIME,2004-11-16,2026-08-21,1136,1136,0,201d59f8d883ffc113d735e269d69918442c102f7e5a62e4f0d64da7772e7ecf,f6dee46fe4985a600f5fe6f4fca594885a990e214a66bd267131cca5e2381ae5,True,
XLC,ETF,WEEKLY,REPLAYED_POINT_IN_TIME,2019-08-27,2026-08-21,365,365,0,21d5836f3cdf0b1dedeac3997ac70f1d5aef6ce9db935c72f26e74ae90e5611a,5f51be84931434517d964d7ad9f99b790d5340c18beb78346dc5edb774d9218d,True,
XLE,ETF,WEEKLY,REPLAYED_POINT_IN_TIME,2004-11-16,2026-08-21,1136,1136,0,b85f6dd41e590f2133c809a8dc0385199be402da4b3babde625eb0603b3338ad,58867c66291a1e0c0c5deb66c668ddd38b100ab3c4647719a113e10bfc794d72,True,
XLF,ETF,WEEKLY,REPLAYED_POINT_IN_TIME,2004-11-16,2026-08-21,1136,1136,0,da7a123962828d31d861907e8cf045674a72b2fc315abd0ad6af7781e0e4bb76,936d48ba19db6431352b78437195c22f42d44f4919b15996572811bd04950d4f,True,
XLI,ETF,WEEKLY,REPLAYED_POINT_IN_TIME,2004-11-16,2026-08-21,1136,1136,0,2c8eab29cb0c0f71d848c5a9b98c8d5fd5038c69808e461e394cdbcc117695c3,cc43a98087dcc8ee4b4aee258adc9ceb878a636e812d86b38a1e48c071f37d06,True,
XLK,ETF,WEEKLY,REPLAYED_POINT_IN_TIME,2004-11-16,2026-08-21,1136,1136,0,cd316b0b1a91186ff8160448e0b5c0196547ebff91b7f221ecf8913c84110113,b6a3394bc2b41b00dd7e63103ae7d6415bdf1a6aa2ac2ad12b25968e84faadd9,True,
XLP,ETF,WEEKLY,REPLAYED_POINT_IN_TIME,2004-11-16,2026-08-21,1136,1136,0,6633bd14796706550ad5e67a52d6202dd15bbb6db39fd976b0da83f6db00de1f,f6fdf2dbfc7fd5f8521a330beb582e2c2e3e74be991fe89928db633340a36439,True,
XLRE,ETF,WEEKLY,REPLAYED_POINT_IN_TIME,2016-12-23,2026-08-21,505,505,0,846ff58fd7aa7d07220af807d8ff714013009977a861b6cc1bde49332302afb6,2f3dc55c14e99817fc591df80128f52456d7c438751e12ed31ba040972de9a92,True,
XLU,ETF,WEEKLY,REPLAYED_POINT_IN_TIME,2004-11-16,2026-08-21,1136,1136,0,6adc8ed3265f4585c40e45592ad06674893b6d6892422ce7854518ac48ec1c6d,0cce92f6d4f16710679679f73785b3b51054554169adf63b01c7f0adeca5f208,True,
XLV,ETF,WEEKLY,REPLAYED_POINT_IN_TIME,2004-11-16,2026-08-21,1136,1136,0,242f08cfff22fa595fa4410462781cd662f40e2261da366abfc6b8e4e95a69e8,30a6d66a3edbfef2946884a217835c46f19929b702cfc3358aee65ba574858e0,True,
XLY,ETF,WEEKLY,REPLAYED_POINT_IN_TIME,2004-11-16,2026-08-21,1136,1136,0,9e930b13e9f5c372c5741e29099d4d35d721d4ce31833302ed1a470f463f202e,ef2af03a40643c02dba6ead112fd52a17d597eb20c971e59fea176f517ebc215,True,
XOM,EQUITY,WEEKLY,REPLAYED_POINT_IN_TIME,2004-11-16,2026-08-21,1136,1136,0,b2b57a49f0a092d61b818fe249aa4584eed3a192cddcb35f3c23e62e63589ae4,24be217c187cdeda8a399cf6ebf67156239f00e5ec5f30abff983de09a9db239,True,
XOP,ETF,WEEKLY,REPLAYED_POINT_IN_TIME,2007-08-31,2026-08-21,991,991,0,c3e7a30c631a5b8eee1be42b7c726b2926efdc48e1202b9ae53675cc9fb14898,4de7effe8752c0a2e824813ccad5efeafd5a90ce4037453986b6ca36947e2640,True,
XPH,ETF,WEEKLY,REPLAYED_POINT_IN_TIME,2007-09-27,2026-08-21,987,987,0,7f7aa535779a84502d47a88d53bc2f997f6b13c5d02ecab057a3e1e9d78223cf,499c6d6f9fa07fd855317af5dcba3e71892027aaf2c6580e9fe797a9511ed1f4,True,
XRT,ETF,WEEKLY,REPLAYED_POINT_IN_TIME,2007-09-04,2026-08-21,990,990,0,f4dfce2afab80d909cb95c6ea91fe70920e4f7de45551cdf85201c2bfec78598,5c0f4c99b38ede11cdfc57fac57f8427be57808daf0293e625ad00e1c5d3eacd,True,
XYL,EQUITY,WEEKLY,REPLAYED_POINT_IN_TIME,2013-01-11,2026-08-21,711,711,0,53f7160ba0f65b33f0decf5017f1bba52eca9097356663b08bc2bd5cfe07a45a,1c61615a5dcc1ddbb02a9fe36747ac7bb84e8357d7c5d50fe5021590648d89db,True,
XYZ,EQUITY,WEEKLY,REPLAYED_POINT_IN_TIME,2026-03-31,2026-08-21,21,21,0,65a2cf5ffebb570a779f7269648e40525df8b0297889e4963f530df1a23bb3b5,2fdc68bd7853754f5089e29c26aee5c8b6b170bbdf8f3ce5f17f9571c963d728,True,
YUM,EQUITY,WEEKLY,REPLAYED_POINT_IN_TIME,2004-11-16,2026-08-21,1136,1136,0,ca229962bcb68cf86f1ac9c883cb725f31a91d7eb0b540b1a3c44c047f20f3d7,63c0a26d3db366ef62d1808883ae829367a82cfd4a130063bb8d1d317c60eeff,True,
ZBH,EQUITY,WEEKLY,REPLAYED_POINT_IN_TIME,2016-09-06,2026-08-21,520,520,0,296a3a5c89a92ea60aa2a8a4a9af637cb398cada7313e7e0297554162e6189e6,1175092606123a6b2112afec25a613fbb287adacb8a626e7be55d3d5fcc9427f,True,
ZBRA,EQUITY,WEEKLY,REPLAYED_POINT_IN_TIME,2004-11-16,2026-08-21,1136,1136,0,80c180058147df5252ce4bfcff4b7e8c52313ac140d96e4fa559747a8a1120c2,aaac5c188a86101657ee54708b97f9e5dc54569ac8c939b616d41397dbdec7cb,True,
ZTS,EQUITY,WEEKLY,REPLAYED_POINT_IN_TIME,2014-04-10,2026-08-21,646,646,0,685ffbe28e9d7f4c1c10c25751e71d2996aa668c72d50c9fd251283e2b4d5aa1,558795e1030178fd68ba77f78804c57a0e948176cbd598ea7b158a61940f261d,True,
