symbol,asset_type,name,current_ticker_first_observation,current_ticker_first_replay_eligible_date,current_ticker_last_observation,lineage_earliest_polygon_observation,lineage_earliest_replay_eligible_date,history_years_current_ticker,history_years_lineage_envelope,replay_eligibility,current_ticker_history_status,ticker_details_status,ticker_events_status,split_history_status,active,list_date,delisted_utc,primary_exchange,ticker_change_count,split_count,lifecycle_flags,blockers,lineage_join_authorized
A,EQUITY,Agilent Technologies Inc.,2003-09-10,2004-11-16,2026-08-21,2003-09-10,2004-11-16,22.9464,22.9464,ELIGIBLE_CURRENT_TICKER_WINDOW,AVAILABLE,AVAILABLE,AVAILABLE,AVAILABLE,True,1999-11-18,,XNYS,1,1,TICKER_CHANGE_LINEAGE_PRESENT|SPLIT_HISTORY_PRESENT|OBSERVED_AT_POLYGON_PROVIDER_HISTORY_FLOOR|FIRST_BAR_AFTER_REPORTED_LIST_DATE,LINEAGE_JOIN_REQUIRES_SEPARATE_CERTIFICATION,False
AAPL,EQUITY,Apple Inc.,2003-09-10,2004-11-16,2026-08-21,2003-09-10,2004-11-16,22.9464,22.9464,ELIGIBLE_CURRENT_TICKER_WINDOW,AVAILABLE,AVAILABLE,AVAILABLE,AVAILABLE,True,1980-12-12,,XNAS,0,5,SPLIT_HISTORY_PRESENT|OBSERVED_AT_POLYGON_PROVIDER_HISTORY_FLOOR|FIRST_BAR_AFTER_REPORTED_LIST_DATE,,False
ABBV,EQUITY,ABBVIE INC.,2013-01-02,2014-03-12,2026-08-21,2013-01-02,2014-03-12,13.632,13.632,ELIGIBLE_CURRENT_TICKER_WINDOW,AVAILABLE,AVAILABLE,AVAILABLE,AVAILABLE,True,2012-12-10,,XNYS,0,0,FIRST_BAR_AFTER_REPORTED_LIST_DATE,,False
ABNB,EQUITY,"Airbnb, Inc. Class A Common Stock",2020-12-10,2022-02-17,2026-08-21,2020-12-10,2022-02-17,5.6948,5.6948,ELIGIBLE_CURRENT_TICKER_WINDOW,AVAILABLE,AVAILABLE,AVAILABLE,AVAILABLE,True,2020-12-10,,XNAS,0,0,,,False
ABT,EQUITY,Abbott Laboratories,2003-09-10,2004-11-16,2026-08-21,2003-09-10,2004-11-16,22.9464,22.9464,ELIGIBLE_CURRENT_TICKER_WINDOW,AVAILABLE,AVAILABLE,AVAILABLE,AVAILABLE,True,1949-04-19,,XNYS,0,0,OBSERVED_AT_POLYGON_PROVIDER_HISTORY_FLOOR|FIRST_BAR_AFTER_REPORTED_LIST_DATE,,False
ACGL,EQUITY,Arch Capital Group Ltd,2003-09-10,2004-11-16,2026-08-21,2003-09-10,2004-11-16,22.9464,22.9464,ELIGIBLE_CURRENT_TICKER_WINDOW,AVAILABLE,AVAILABLE,AVAILABLE,AVAILABLE,True,1995-09-14,,XNAS,0,2,SPLIT_HISTORY_PRESENT|OBSERVED_AT_POLYGON_PROVIDER_HISTORY_FLOOR|FIRST_BAR_AFTER_REPORTED_LIST_DATE,,False
ACN,EQUITY,Accenture PLC,2003-09-10,2004-11-16,2026-08-21,2003-09-10,2004-11-16,22.9464,22.9464,ELIGIBLE_CURRENT_TICKER_WINDOW,AVAILABLE,AVAILABLE,AVAILABLE,AVAILABLE,True,2001-07-19,,XNYS,0,0,OBSERVED_AT_POLYGON_PROVIDER_HISTORY_FLOOR|FIRST_BAR_AFTER_REPORTED_LIST_DATE,,False
ADBE,EQUITY,Adobe Inc.,2003-09-10,2004-11-16,2026-08-21,2003-09-10,2004-11-16,22.9464,22.9464,ELIGIBLE_CURRENT_TICKER_WINDOW,AVAILABLE,AVAILABLE,AVAILABLE,AVAILABLE,True,1986-08-20,,XNAS,0,1,SPLIT_HISTORY_PRESENT|OBSERVED_AT_POLYGON_PROVIDER_HISTORY_FLOOR|FIRST_BAR_AFTER_REPORTED_LIST_DATE,,False
ADI,EQUITY,"Analog Devices, Inc.",2003-09-10,2004-11-16,2026-08-21,2003-09-10,2004-11-16,22.9464,22.9464,ELIGIBLE_CURRENT_TICKER_WINDOW,AVAILABLE,AVAILABLE,AVAILABLE,AVAILABLE,True,1972-06-01,,XNAS,0,0,OBSERVED_AT_POLYGON_PROVIDER_HISTORY_FLOOR|FIRST_BAR_AFTER_REPORTED_LIST_DATE,,False
ADM,EQUITY,Archer Daniels Midland Company,2003-09-10,2004-11-16,2026-08-21,2003-09-10,2004-11-16,22.9464,22.9464,ELIGIBLE_CURRENT_TICKER_WINDOW,AVAILABLE,AVAILABLE,AVAILABLE,AVAILABLE,True,1945-09-10,,XNYS,0,0,OBSERVED_AT_POLYGON_PROVIDER_HISTORY_FLOOR|FIRST_BAR_AFTER_REPORTED_LIST_DATE,,False
ADP,EQUITY,Automatic Data Processing,2003-09-10,2004-11-16,2026-08-21,2003-09-10,2004-11-16,22.9464,22.9464,ELIGIBLE_CURRENT_TICKER_WINDOW,AVAILABLE,AVAILABLE,AVAILABLE,AVAILABLE,True,1968-01-31,,XNAS,0,0,OBSERVED_AT_POLYGON_PROVIDER_HISTORY_FLOOR|FIRST_BAR_AFTER_REPORTED_LIST_DATE,,False
ADSK,EQUITY,Autodesk Inc,2003-09-10,2004-11-16,2026-08-21,2003-09-10,2004-11-16,22.9464,22.9464,ELIGIBLE_CURRENT_TICKER_WINDOW,AVAILABLE,AVAILABLE,AVAILABLE,AVAILABLE,True,1985-07-01,,XNAS,0,0,OBSERVED_AT_POLYGON_PROVIDER_HISTORY_FLOOR|FIRST_BAR_AFTER_REPORTED_LIST_DATE,,False
AEE,EQUITY,Ameren Corporation,2003-09-10,2004-11-16,2026-08-21,2003-09-10,2004-11-16,22.9464,22.9464,ELIGIBLE_CURRENT_TICKER_WINDOW,AVAILABLE,AVAILABLE,AVAILABLE,AVAILABLE,True,1984-11-05,,XNYS,0,0,OBSERVED_AT_POLYGON_PROVIDER_HISTORY_FLOOR|FIRST_BAR_AFTER_REPORTED_LIST_DATE,,False
AEP,EQUITY,"American Electric Power Company, Inc.",2003-09-10,2004-11-16,2026-08-21,2003-09-10,2004-11-16,22.9464,22.9464,ELIGIBLE_CURRENT_TICKER_WINDOW,AVAILABLE,AVAILABLE,AVAILABLE,AVAILABLE,True,1949-09-01,,XNAS,0,0,OBSERVED_AT_POLYGON_PROVIDER_HISTORY_FLOOR|FIRST_BAR_AFTER_REPORTED_LIST_DATE,,False
AES,EQUITY,AES Corporation,2003-09-10,2004-11-16,2026-08-21,2003-09-10,2004-11-16,22.9464,22.9464,ELIGIBLE_CURRENT_TICKER_WINDOW,AVAILABLE,AVAILABLE,AVAILABLE,AVAILABLE,True,1991-06-27,,XNYS,0,0,OBSERVED_AT_POLYGON_PROVIDER_HISTORY_FLOOR|FIRST_BAR_AFTER_REPORTED_LIST_DATE,,False
AFL,EQUITY,Aflac Inc.,2003-09-10,2004-11-16,2026-08-21,2003-09-10,2004-11-16,22.9464,22.9464,ELIGIBLE_CURRENT_TICKER_WINDOW,AVAILABLE,AVAILABLE,AVAILABLE,AVAILABLE,True,1973-08-27,,XNYS,0,1,SPLIT_HISTORY_PRESENT|OBSERVED_AT_POLYGON_PROVIDER_HISTORY_FLOOR|FIRST_BAR_AFTER_REPORTED_LIST_DATE,,False
AGG,ETF,iShares Core U.S. Aggregate Bond ETF,2003-09-26,2004-12-03,2026-08-21,2003-09-26,2004-12-03,22.9026,22.9026,ELIGIBLE_CURRENT_TICKER_WINDOW,AVAILABLE,AVAILABLE,AVAILABLE,AVAILABLE,True,2003-09-22,,ARCX,0,0,FIRST_BAR_AFTER_REPORTED_LIST_DATE,,False
AIG,EQUITY,"American International Group, Inc.",2003-09-10,2004-11-16,2026-08-21,2003-09-10,2004-11-16,22.9464,22.9464,ELIGIBLE_CURRENT_TICKER_WINDOW,AVAILABLE,AVAILABLE,AVAILABLE,AVAILABLE,True,1975-02-18,,XNYS,0,2,SPLIT_HISTORY_PRESENT|OBSERVED_AT_POLYGON_PROVIDER_HISTORY_FLOOR|FIRST_BAR_AFTER_REPORTED_LIST_DATE,,False
AIZ,EQUITY,"Assurant, Inc.",2004-02-05,2005-04-14,2026-08-21,2004-02-05,2005-04-14,22.5412,22.5412,ELIGIBLE_CURRENT_TICKER_WINDOW,AVAILABLE,AVAILABLE,AVAILABLE,AVAILABLE,True,2004-02-05,,XNYS,0,0,,,False
AJG,EQUITY,Arthur J. Gallagher & Co.,2003-09-10,2004-11-16,2026-08-21,2003-09-10,2004-11-16,22.9464,22.9464,ELIGIBLE_CURRENT_TICKER_WINDOW,AVAILABLE,AVAILABLE,AVAILABLE,AVAILABLE,True,1984-06-20,,XNYS,0,0,OBSERVED_AT_POLYGON_PROVIDER_HISTORY_FLOOR|FIRST_BAR_AFTER_REPORTED_LIST_DATE,,False
AKAM,EQUITY,Akamai Technologies Inc,2003-09-10,2004-11-16,2026-08-21,2003-09-10,2004-11-16,22.9464,22.9464,ELIGIBLE_CURRENT_TICKER_WINDOW,AVAILABLE,AVAILABLE,AVAILABLE,AVAILABLE,True,1999-10-29,,XNAS,0,0,OBSERVED_AT_POLYGON_PROVIDER_HISTORY_FLOOR|FIRST_BAR_AFTER_REPORTED_LIST_DATE,,False
ALAB,EQUITY,"Astera Labs, Inc. Common Stock",2003-09-10,2004-11-16,2026-08-21,2003-09-10,2004-11-16,22.9464,22.9464,ELIGIBLE_CURRENT_TICKER_WINDOW,AVAILABLE,AVAILABLE,AVAILABLE,AVAILABLE,True,2024-03-20,,XNAS,0,0,OBSERVED_AT_POLYGON_PROVIDER_HISTORY_FLOOR,,False
ALB,EQUITY,Albemarle Corporation,2003-09-10,2004-11-16,2026-08-21,2003-09-10,2004-11-16,22.9464,22.9464,ELIGIBLE_CURRENT_TICKER_WINDOW,AVAILABLE,AVAILABLE,AVAILABLE,AVAILABLE,True,1994-02-22,,XNYS,0,1,SPLIT_HISTORY_PRESENT|OBSERVED_AT_POLYGON_PROVIDER_HISTORY_FLOOR|FIRST_BAR_AFTER_REPORTED_LIST_DATE,,False
ALGN,EQUITY,Align Technology Inc,2003-09-10,2004-11-16,2026-08-21,2003-09-10,2004-11-16,22.9464,22.9464,ELIGIBLE_CURRENT_TICKER_WINDOW,AVAILABLE,AVAILABLE,AVAILABLE,AVAILABLE,True,2001-01-26,,XNAS,0,0,OBSERVED_AT_POLYGON_PROVIDER_HISTORY_FLOOR|FIRST_BAR_AFTER_REPORTED_LIST_DATE,,False
ALL,EQUITY,The Allstate Corporation,2003-09-10,2004-11-16,2026-08-21,2003-09-10,2004-11-16,22.9464,22.9464,ELIGIBLE_CURRENT_TICKER_WINDOW,AVAILABLE,AVAILABLE,AVAILABLE,AVAILABLE,True,1993-06-03,,XNYS,0,0,OBSERVED_AT_POLYGON_PROVIDER_HISTORY_FLOOR|FIRST_BAR_AFTER_REPORTED_LIST_DATE,,False
ALLE,EQUITY,Allegion Public Limited Company,2003-09-10,2014-07-11,2026-08-21,2003-09-10,2014-07-11,22.9464,22.9464,ELIGIBLE_CURRENT_TICKER_WINDOW,AVAILABLE,AVAILABLE,AVAILABLE,AVAILABLE,True,2013-11-18,,XNYS,0,0,OBSERVED_AT_POLYGON_PROVIDER_HISTORY_FLOOR,,False
ALNY,EQUITY,"Alnylam Pharmaceuticals, Inc.",2004-05-28,2005-08-05,2026-08-21,2004-05-28,2005-08-05,22.2318,22.2318,ELIGIBLE_CURRENT_TICKER_WINDOW,AVAILABLE,AVAILABLE,AVAILABLE,AVAILABLE,True,2004-05-28,,XNAS,0,0,,,False
AMAT,EQUITY,Applied Materials Inc,2003-09-10,2004-11-16,2026-08-21,2003-09-10,2004-11-16,22.9464,22.9464,ELIGIBLE_CURRENT_TICKER_WINDOW,AVAILABLE,AVAILABLE,AVAILABLE,AVAILABLE,True,1972-10-12,,XNAS,0,0,OBSERVED_AT_POLYGON_PROVIDER_HISTORY_FLOOR|FIRST_BAR_AFTER_REPORTED_LIST_DATE,,False
AMCR,EQUITY,Amcor plc Ordinary Shares,2003-09-10,2004-11-16,2026-08-21,2003-09-10,2004-11-16,22.9464,22.9464,ELIGIBLE_CURRENT_TICKER_WINDOW,AVAILABLE,AVAILABLE,AVAILABLE,AVAILABLE,True,2019-06-11,,XNYS,0,1,SPLIT_HISTORY_PRESENT|OBSERVED_AT_POLYGON_PROVIDER_HISTORY_FLOOR,,False
AMD,EQUITY,Advanced Micro Devices,2003-09-10,2004-11-16,2026-08-21,2003-09-10,2004-11-16,22.9464,22.9464,ELIGIBLE_CURRENT_TICKER_WINDOW,AVAILABLE,AVAILABLE,AVAILABLE,AVAILABLE,True,1973-01-02,,XNAS,0,6,SPLIT_HISTORY_PRESENT|OBSERVED_AT_POLYGON_PROVIDER_HISTORY_FLOOR|FIRST_BAR_AFTER_REPORTED_LIST_DATE,,False
AME,EQUITY,"Ametek, Inc.",2003-09-10,2004-11-16,2026-08-21,2003-09-10,2004-11-16,22.9464,22.9464,ELIGIBLE_CURRENT_TICKER_WINDOW,AVAILABLE,AVAILABLE,AVAILABLE,AVAILABLE,True,1930-07-01,,XNYS,0,4,SPLIT_HISTORY_PRESENT|OBSERVED_AT_POLYGON_PROVIDER_HISTORY_FLOOR|FIRST_BAR_AFTER_REPORTED_LIST_DATE,,False
AMGN,EQUITY,Amgen Inc,2003-09-10,2004-11-16,2026-08-21,2003-09-10,2004-11-16,22.9464,22.9464,ELIGIBLE_CURRENT_TICKER_WINDOW,AVAILABLE,AVAILABLE,AVAILABLE,AVAILABLE,True,1983-06-17,,XNAS,0,0,OBSERVED_AT_POLYGON_PROVIDER_HISTORY_FLOOR|FIRST_BAR_AFTER_REPORTED_LIST_DATE,,False
AMP,EQUITY,"Ameriprise Financial, Inc.",2005-10-03,2006-12-08,2026-08-21,2005-10-03,2006-12-08,20.882,20.882,ELIGIBLE_CURRENT_TICKER_WINDOW,AVAILABLE,AVAILABLE,AVAILABLE,AVAILABLE,True,2005-09-15,,XNYS,0,0,FIRST_BAR_AFTER_REPORTED_LIST_DATE,,False
AMT,EQUITY,American Tower Corporation,2003-09-10,2004-11-16,2026-08-21,2003-09-10,2004-11-16,22.9464,22.9464,ELIGIBLE_CURRENT_TICKER_WINDOW,AVAILABLE,AVAILABLE,AVAILABLE,AVAILABLE,True,1998-02-27,,XNYS,0,0,OBSERVED_AT_POLYGON_PROVIDER_HISTORY_FLOOR|FIRST_BAR_AFTER_REPORTED_LIST_DATE,,False
AMZN,EQUITY,Amazon.Com Inc,2003-09-10,2004-11-16,2026-08-21,2003-09-10,2004-11-16,22.9464,22.9464,ELIGIBLE_CURRENT_TICKER_WINDOW,AVAILABLE,AVAILABLE,AVAILABLE,AVAILABLE,True,1997-05-15,,XNAS,0,1,SPLIT_HISTORY_PRESENT|OBSERVED_AT_POLYGON_PROVIDER_HISTORY_FLOOR|FIRST_BAR_AFTER_REPORTED_LIST_DATE,,False
ANET,EQUITY,Arista Networks,2007-04-30,2015-02-05,2026-08-21,2007-04-30,2015-02-05,19.3105,19.3105,ELIGIBLE_CURRENT_TICKER_WINDOW,AVAILABLE,AVAILABLE,AVAILABLE,AVAILABLE,True,2014-06-06,,XNYS,0,2,SPLIT_HISTORY_PRESENT,,False
AON,EQUITY,Aon plc Class A,2009-12-01,2011-02-08,2026-08-21,2009-12-01,2011-02-08,16.7204,16.7204,ELIGIBLE_CURRENT_TICKER_WINDOW,AVAILABLE,AVAILABLE,AVAILABLE,AVAILABLE,True,1975-02-18,,XNYS,0,0,FIRST_BAR_AFTER_REPORTED_LIST_DATE,,False
AOS,EQUITY,A.O. Smith Corporation,2003-09-10,2004-11-16,2026-08-21,2003-09-10,2004-11-16,22.9464,22.9464,ELIGIBLE_CURRENT_TICKER_WINDOW,AVAILABLE,AVAILABLE,AVAILABLE,AVAILABLE,True,1983-09-30,,XNYS,0,3,SPLIT_HISTORY_PRESENT|OBSERVED_AT_POLYGON_PROVIDER_HISTORY_FLOOR|FIRST_BAR_AFTER_REPORTED_LIST_DATE,,False
APA,EQUITY,APA Corporation Common Stock,2003-09-10,2004-11-16,2026-08-21,2003-09-10,2004-11-16,22.9464,22.9464,ELIGIBLE_CURRENT_TICKER_WINDOW,AVAILABLE,AVAILABLE,AVAILABLE,AVAILABLE,True,1969-05-27,,XNAS,0,1,SPLIT_HISTORY_PRESENT|OBSERVED_AT_POLYGON_PROVIDER_HISTORY_FLOOR|FIRST_BAR_AFTER_REPORTED_LIST_DATE,,False
APD,EQUITY,"Air Products & Chemicals, Inc.",2003-09-10,2004-11-16,2026-08-21,2003-09-10,2004-11-16,22.9464,22.9464,ELIGIBLE_CURRENT_TICKER_WINDOW,AVAILABLE,AVAILABLE,AVAILABLE,AVAILABLE,True,1961-11-13,,XNYS,0,0,OBSERVED_AT_POLYGON_PROVIDER_HISTORY_FLOOR|FIRST_BAR_AFTER_REPORTED_LIST_DATE,,False
APH,EQUITY,Amphenol Corporation,2003-09-10,2004-11-16,2026-08-21,2003-09-10,2004-11-16,22.9464,22.9464,ELIGIBLE_CURRENT_TICKER_WINDOW,AVAILABLE,AVAILABLE,AVAILABLE,AVAILABLE,True,1991-11-08,,XNYS,0,6,SPLIT_HISTORY_PRESENT|OBSERVED_AT_POLYGON_PROVIDER_HISTORY_FLOOR|FIRST_BAR_AFTER_REPORTED_LIST_DATE,,False
APO,EQUITY,"Apollo Global Management, Inc.",2003-09-10,2005-01-10,2026-08-21,2003-09-10,2005-01-10,22.9464,22.9464,ELIGIBLE_CURRENT_TICKER_WINDOW,AVAILABLE,AVAILABLE,AVAILABLE,AVAILABLE,True,2011-03-30,,XNYS,0,0,OBSERVED_AT_POLYGON_PROVIDER_HISTORY_FLOOR,,False
APP,EQUITY,Applovin Corporation Class A Common Stock,2003-09-18,2007-02-09,2026-08-21,2003-09-18,2007-02-09,22.9245,22.9245,ELIGIBLE_CURRENT_TICKER_WINDOW,AVAILABLE,AVAILABLE,AVAILABLE,AVAILABLE,True,2021-04-15,,XNAS,0,0,,,False
APTV,EQUITY,Aptiv PLC,2017-12-05,2019-02-14,2026-08-21,2017-12-05,2019-02-14,8.7093,8.7093,ELIGIBLE_CURRENT_TICKER_WINDOW,AVAILABLE,AVAILABLE,AVAILABLE,AVAILABLE,True,2011-11-17,,XNYS,0,0,FIRST_BAR_AFTER_REPORTED_LIST_DATE,,False
ARE,EQUITY,"Alexandria Real Estate Equities, Inc.",2003-09-10,2004-11-16,2026-08-21,2003-09-10,2004-11-16,22.9464,22.9464,ELIGIBLE_CURRENT_TICKER_WINDOW,AVAILABLE,AVAILABLE,AVAILABLE,AVAILABLE,True,1997-05-28,,XNYS,0,0,OBSERVED_AT_POLYGON_PROVIDER_HISTORY_FLOOR|FIRST_BAR_AFTER_REPORTED_LIST_DATE,,False
ARES,EQUITY,Ares Management Corporation Class A Common Stock,2014-05-02,2015-07-10,2026-08-21,2014-05-02,2015-07-10,12.3042,12.3042,ELIGIBLE_CURRENT_TICKER_WINDOW,AVAILABLE,AVAILABLE,AVAILABLE,AVAILABLE,True,2014-05-02,,XNYS,0,1,SPLIT_HISTORY_PRESENT,,False
ARKK,ETF,ARK Innovation ETF,2014-10-31,2016-01-11,2026-08-21,2014-10-31,2016-01-11,11.8059,11.8059,ELIGIBLE_CURRENT_TICKER_WINDOW,AVAILABLE,AVAILABLE,AVAILABLE,AVAILABLE,True,2014-10-31,,BATS,0,1,SPLIT_HISTORY_PRESENT,,False
ARM,EQUITY,Arm Holdings plc American Depositary Shares,2003-09-10,2004-11-16,2026-08-21,2003-09-10,2004-11-16,22.9464,22.9464,ELIGIBLE_CURRENT_TICKER_WINDOW,AVAILABLE,AVAILABLE,AVAILABLE,AVAILABLE,True,2023-09-14,,XNAS,0,0,OBSERVED_AT_POLYGON_PROVIDER_HISTORY_FLOOR,,False
ASML,EQUITY,ASML Holding NV,2003-09-10,2004-11-16,2026-08-21,2003-09-10,2004-11-16,22.9464,22.9464,ELIGIBLE_CURRENT_TICKER_WINDOW,AVAILABLE,AVAILABLE,AVAILABLE,AVAILABLE,True,1995-03-15,,XNAS,0,2,SPLIT_HISTORY_PRESENT|OBSERVED_AT_POLYGON_PROVIDER_HISTORY_FLOOR|FIRST_BAR_AFTER_REPORTED_LIST_DATE,,False
ATO,EQUITY,Atmos Energy Corporation,2003-09-10,2004-11-16,2026-08-21,2003-09-10,2004-11-16,22.9464,22.9464,ELIGIBLE_CURRENT_TICKER_WINDOW,AVAILABLE,AVAILABLE,AVAILABLE,AVAILABLE,True,1983-12-28,,XNYS,0,0,OBSERVED_AT_POLYGON_PROVIDER_HISTORY_FLOOR|FIRST_BAR_AFTER_REPORTED_LIST_DATE,,False
AVB,EQUITY,,2003-09-10,2004-11-16,2026-08-14,2003-09-10,2004-11-16,22.9272,22.9272,ELIGIBLE_CURRENT_TICKER_WINDOW,AVAILABLE,UNAVAILABLE,UNAVAILABLE,AVAILABLE,,,,,0,0,TICKER_EVENTS_UNAVAILABLE|OBSERVED_AT_POLYGON_PROVIDER_HISTORY_FLOOR,,False
AVGO,EQUITY,Broadcom Inc. Common Stock,2009-08-06,2010-10-13,2026-08-21,2009-08-06,2010-10-13,17.0407,17.0407,ELIGIBLE_CURRENT_TICKER_WINDOW,AVAILABLE,AVAILABLE,AVAILABLE,AVAILABLE,True,2009-08-06,,XNAS,0,1,SPLIT_HISTORY_PRESENT,,False
AVY,EQUITY,Avery Dennison Corp.,2003-09-10,2004-11-16,2026-08-21,2003-09-10,2004-11-16,22.9464,22.9464,ELIGIBLE_CURRENT_TICKER_WINDOW,AVAILABLE,AVAILABLE,AVAILABLE,AVAILABLE,True,1972-06-01,,XNYS,0,0,OBSERVED_AT_POLYGON_PROVIDER_HISTORY_FLOOR|FIRST_BAR_AFTER_REPORTED_LIST_DATE,,False
AWK,EQUITY,"American Water Works Company, Inc",2008-04-23,2009-06-30,2026-08-21,2008-04-23,2009-06-30,18.3275,18.3275,ELIGIBLE_CURRENT_TICKER_WINDOW,AVAILABLE,AVAILABLE,AVAILABLE,AVAILABLE,True,1947-12-15,,XNYS,0,0,FIRST_BAR_AFTER_REPORTED_LIST_DATE,,False
AXON,EQUITY,"Axon Enterprise, Inc. Common Stock",2015-06-11,2016-08-17,2026-08-21,2015-06-11,2016-08-17,11.1953,11.1953,ELIGIBLE_CURRENT_TICKER_WINDOW,AVAILABLE,AVAILABLE,AVAILABLE,AVAILABLE,True,2001-06-07,,XNAS,1,4,TICKER_CHANGE_LINEAGE_PRESENT|SPLIT_HISTORY_PRESENT|FIRST_BAR_AFTER_REPORTED_LIST_DATE,LINEAGE_JOIN_REQUIRES_SEPARATE_CERTIFICATION,False
AXP,EQUITY,American Express Company,2003-09-10,2004-11-16,2026-08-21,2003-09-10,2004-11-16,22.9464,22.9464,ELIGIBLE_CURRENT_TICKER_WINDOW,AVAILABLE,AVAILABLE,AVAILABLE,AVAILABLE,True,1972-06-01,,XNYS,0,0,OBSERVED_AT_POLYGON_PROVIDER_HISTORY_FLOOR|FIRST_BAR_AFTER_REPORTED_LIST_DATE,,False
AZO,EQUITY,"AutoZone, Inc.",2003-09-10,2004-11-16,2026-08-21,2003-09-10,2004-11-16,22.9464,22.9464,ELIGIBLE_CURRENT_TICKER_WINDOW,AVAILABLE,AVAILABLE,AVAILABLE,AVAILABLE,True,1991-04-02,,XNYS,0,0,OBSERVED_AT_POLYGON_PROVIDER_HISTORY_FLOOR|FIRST_BAR_AFTER_REPORTED_LIST_DATE,,False
BA,EQUITY,Boeing Company,2003-09-10,2004-11-16,2026-08-21,2003-09-10,2004-11-16,22.9464,22.9464,ELIGIBLE_CURRENT_TICKER_WINDOW,AVAILABLE,AVAILABLE,AVAILABLE,AVAILABLE,True,1952-05-23,,XNYS,0,0,OBSERVED_AT_POLYGON_PROVIDER_HISTORY_FLOOR|FIRST_BAR_AFTER_REPORTED_LIST_DATE,,False
BAC,EQUITY,Bank of America Corporation,2003-09-10,2004-11-16,2026-08-21,2003-09-10,2004-11-16,22.9464,22.9464,ELIGIBLE_CURRENT_TICKER_WINDOW,AVAILABLE,AVAILABLE,AVAILABLE,AVAILABLE,True,1973-01-02,,XNYS,0,1,SPLIT_HISTORY_PRESENT|OBSERVED_AT_POLYGON_PROVIDER_HISTORY_FLOOR|FIRST_BAR_AFTER_REPORTED_LIST_DATE,,False
BALL,EQUITY,Ball Corporation,2022-05-10,2023-07-20,2026-08-21,2003-09-10,2004-11-16,4.2821,22.9464,ELIGIBLE_CURRENT_TICKER_WINDOW,AVAILABLE,AVAILABLE,AVAILABLE,AVAILABLE,True,1972-09-21,,XNYS,1,0,TICKER_CHANGE_LINEAGE_PRESENT|FIRST_BAR_AFTER_REPORTED_LIST_DATE,LINEAGE_JOIN_REQUIRES_SEPARATE_CERTIFICATION,False
BAX,EQUITY,Baxter International Inc.,2003-09-10,2004-11-16,2026-08-21,2003-09-10,2004-11-16,22.9464,22.9464,ELIGIBLE_CURRENT_TICKER_WINDOW,AVAILABLE,AVAILABLE,AVAILABLE,AVAILABLE,True,1961-05-15,,XNYS,0,0,OBSERVED_AT_POLYGON_PROVIDER_HISTORY_FLOOR|FIRST_BAR_AFTER_REPORTED_LIST_DATE,,False
BBY,EQUITY,"Best Buy Company, Inc.",2003-09-10,2004-11-16,2026-08-21,2003-09-10,2004-11-16,22.9464,22.9464,ELIGIBLE_CURRENT_TICKER_WINDOW,AVAILABLE,AVAILABLE,AVAILABLE,AVAILABLE,True,1985-04-18,,XNYS,0,1,SPLIT_HISTORY_PRESENT|OBSERVED_AT_POLYGON_PROVIDER_HISTORY_FLOOR|FIRST_BAR_AFTER_REPORTED_LIST_DATE,,False
BDX,EQUITY,"Becton, Dickinson and Co.",2003-09-10,2004-11-16,2026-08-21,2003-09-10,2004-11-16,22.9464,22.9464,ELIGIBLE_CURRENT_TICKER_WINDOW,AVAILABLE,AVAILABLE,AVAILABLE,AVAILABLE,True,1963-09-25,,XNYS,0,0,OBSERVED_AT_POLYGON_PROVIDER_HISTORY_FLOOR|FIRST_BAR_AFTER_REPORTED_LIST_DATE,,False
BEN,EQUITY,"Franklin Templeton, Inc.",2003-09-10,2004-11-16,2026-08-21,2003-09-10,2004-11-16,22.9464,22.9464,ELIGIBLE_CURRENT_TICKER_WINDOW,AVAILABLE,AVAILABLE,AVAILABLE,AVAILABLE,True,1983-09-23,,XNYS,0,1,SPLIT_HISTORY_PRESENT|OBSERVED_AT_POLYGON_PROVIDER_HISTORY_FLOOR|FIRST_BAR_AFTER_REPORTED_LIST_DATE,,False
BF.B,EQUITY,Brown-Forman Corporation Class B,2003-09-10,2004-11-16,2026-08-21,2003-09-10,2004-11-16,22.9464,22.9464,ELIGIBLE_CURRENT_TICKER_WINDOW,AVAILABLE,AVAILABLE,AVAILABLE,AVAILABLE,True,1972-06-30,,XNYS,1,5,TICKER_CHANGE_LINEAGE_PRESENT|SPLIT_HISTORY_PRESENT|OBSERVED_AT_POLYGON_PROVIDER_HISTORY_FLOOR|FIRST_BAR_AFTER_REPORTED_LIST_DATE,LINEAGE_JOIN_REQUIRES_SEPARATE_CERTIFICATION,False
BG,EQUITY,Bunge Global SA,2003-09-10,2004-11-16,2026-08-21,2003-09-10,2004-11-16,22.9464,22.9464,ELIGIBLE_CURRENT_TICKER_WINDOW,AVAILABLE,AVAILABLE,AVAILABLE,AVAILABLE,True,2001-08-02,,XNYS,0,0,OBSERVED_AT_POLYGON_PROVIDER_HISTORY_FLOOR|FIRST_BAR_AFTER_REPORTED_LIST_DATE,,False
BIIB,EQUITY,Biogen Inc. Common Stock,2003-11-13,2005-01-24,2026-08-21,2003-11-13,2005-01-24,22.7712,22.7712,ELIGIBLE_CURRENT_TICKER_WINDOW,AVAILABLE,AVAILABLE,AVAILABLE,AVAILABLE,True,1991-09-17,,XNAS,0,0,FIRST_BAR_AFTER_REPORTED_LIST_DATE,,False
BITO,ETF,ProShares Bitcoin ETF,2021-10-19,2022-12-27,2026-08-21,2021-10-19,2022-12-27,4.8379,4.8379,ELIGIBLE_CURRENT_TICKER_WINDOW,AVAILABLE,AVAILABLE,AVAILABLE,AVAILABLE,True,2021-10-18,,ARCX,0,0,FIRST_BAR_AFTER_REPORTED_LIST_DATE,,False
BKNG,EQUITY,Booking Holdings Inc. Common Stock,2018-02-27,2019-05-07,2026-08-21,2018-02-27,2019-05-07,8.4793,8.4793,ELIGIBLE_CURRENT_TICKER_WINDOW,AVAILABLE,AVAILABLE,AVAILABLE,AVAILABLE,True,1999-03-31,,XNAS,0,2,SPLIT_HISTORY_PRESENT|FIRST_BAR_AFTER_REPORTED_LIST_DATE,,False
BKR,EQUITY,Baker Hughes Company,2003-09-10,2004-11-18,2026-08-21,2003-09-10,2004-11-18,22.9464,22.9464,ELIGIBLE_CURRENT_TICKER_WINDOW,AVAILABLE,AVAILABLE,AVAILABLE,AVAILABLE,True,2017-07-05,,XNAS,1,0,TICKER_CHANGE_LINEAGE_PRESENT|OBSERVED_AT_POLYGON_PROVIDER_HISTORY_FLOOR,LINEAGE_JOIN_REQUIRES_SEPARATE_CERTIFICATION,False
BLDR,EQUITY,"Builders FirstSource, Inc.",2005-06-22,2006-08-29,2026-08-21,2005-06-22,2006-08-29,21.164,21.164,ELIGIBLE_CURRENT_TICKER_WINDOW,AVAILABLE,AVAILABLE,AVAILABLE,AVAILABLE,True,2005-06-22,,XNYS,0,0,,,False
BLK,EQUITY,"Blackrock, Inc.",2003-09-10,2004-11-16,2026-08-21,2003-09-10,2004-11-16,22.9464,22.9464,ELIGIBLE_CURRENT_TICKER_WINDOW,AVAILABLE,AVAILABLE,AVAILABLE,AVAILABLE,True,1999-10-01,,XNYS,0,0,OBSERVED_AT_POLYGON_PROVIDER_HISTORY_FLOOR|FIRST_BAR_AFTER_REPORTED_LIST_DATE,,False
BMY,EQUITY,Bristol-Myers Squibb Co.,2003-09-10,2004-11-16,2026-08-21,2003-09-10,2004-11-16,22.9464,22.9464,ELIGIBLE_CURRENT_TICKER_WINDOW,AVAILABLE,AVAILABLE,AVAILABLE,AVAILABLE,True,1952-06-23,,XNYS,0,0,OBSERVED_AT_POLYGON_PROVIDER_HISTORY_FLOOR|FIRST_BAR_AFTER_REPORTED_LIST_DATE,,False
BND,ETF,Vanguard Total Bond Market,2007-04-10,2008-06-16,2026-08-21,2007-04-10,2008-06-16,19.3652,19.3652,ELIGIBLE_CURRENT_TICKER_WINDOW,AVAILABLE,AVAILABLE,AVAILABLE,AVAILABLE,True,2007-04-03,,XNAS,0,0,FIRST_BAR_AFTER_REPORTED_LIST_DATE,,False
BNY,EQUITY,Bank of New York Mellon Corporation,2003-09-10,2004-11-16,2026-08-21,2003-09-10,2004-11-16,22.9464,22.9464,ELIGIBLE_CURRENT_TICKER_WINDOW,AVAILABLE,AVAILABLE,AVAILABLE,AVAILABLE,True,1969-12-04,,XNYS,1,0,TICKER_CHANGE_LINEAGE_PRESENT|OBSERVED_AT_POLYGON_PROVIDER_HISTORY_FLOOR|FIRST_BAR_AFTER_REPORTED_LIST_DATE,LINEAGE_JOIN_REQUIRES_SEPARATE_CERTIFICATION,False
BR,EQUITY,Broadridge Financial Solutions Inc,2003-09-10,2004-11-16,2026-08-21,2003-09-10,2004-11-16,22.9464,22.9464,ELIGIBLE_CURRENT_TICKER_WINDOW,AVAILABLE,AVAILABLE,AVAILABLE,AVAILABLE,True,2007-03-22,,XNYS,0,1,SPLIT_HISTORY_PRESENT|OBSERVED_AT_POLYGON_PROVIDER_HISTORY_FLOOR,,False
BRK.B,EQUITY,BERKSHIRE HATHAWAY Class B,2003-09-10,2004-11-16,2026-08-21,2003-09-10,2004-11-16,22.9464,22.9464,ELIGIBLE_CURRENT_TICKER_WINDOW,AVAILABLE,AVAILABLE,AVAILABLE,AVAILABLE,True,1996-05-09,,XNYS,1,1,TICKER_CHANGE_LINEAGE_PRESENT|SPLIT_HISTORY_PRESENT|OBSERVED_AT_POLYGON_PROVIDER_HISTORY_FLOOR|FIRST_BAR_AFTER_REPORTED_LIST_DATE,LINEAGE_JOIN_REQUIRES_SEPARATE_CERTIFICATION,False
BRO,EQUITY,"Brown & Brown, Inc.",2003-09-10,2004-11-16,2026-08-21,2003-09-10,2004-11-16,22.9464,22.9464,ELIGIBLE_CURRENT_TICKER_WINDOW,AVAILABLE,AVAILABLE,AVAILABLE,AVAILABLE,True,1981-02-27,,XNYS,0,2,SPLIT_HISTORY_PRESENT|OBSERVED_AT_POLYGON_PROVIDER_HISTORY_FLOOR|FIRST_BAR_AFTER_REPORTED_LIST_DATE,,False
BSX,EQUITY,Boston Scientific Corp.,2003-09-10,2004-11-16,2026-08-21,2003-09-10,2004-11-16,22.9464,22.9464,ELIGIBLE_CURRENT_TICKER_WINDOW,AVAILABLE,AVAILABLE,AVAILABLE,AVAILABLE,True,1992-05-18,,XNYS,0,0,OBSERVED_AT_POLYGON_PROVIDER_HISTORY_FLOOR|FIRST_BAR_AFTER_REPORTED_LIST_DATE,,False
BX,EQUITY,Blackstone Inc.,2007-06-22,2008-08-28,2026-08-21,2007-06-22,2008-08-28,19.1653,19.1653,ELIGIBLE_CURRENT_TICKER_WINDOW,AVAILABLE,AVAILABLE,AVAILABLE,AVAILABLE,True,2007-06-22,,XNYS,0,0,,,False
BXP,EQUITY,"BXP, Inc.",2003-09-10,2004-11-16,2026-08-21,2003-09-10,2004-11-16,22.9464,22.9464,ELIGIBLE_CURRENT_TICKER_WINDOW,AVAILABLE,AVAILABLE,AVAILABLE,AVAILABLE,True,1997-06-18,,XNYS,0,0,OBSERVED_AT_POLYGON_PROVIDER_HISTORY_FLOOR|FIRST_BAR_AFTER_REPORTED_LIST_DATE,,False
C,EQUITY,Citigroup Inc.,2003-09-10,2004-11-16,2026-08-21,2003-09-10,2004-11-16,22.9464,22.9464,ELIGIBLE_CURRENT_TICKER_WINDOW,AVAILABLE,AVAILABLE,AVAILABLE,AVAILABLE,True,1986-06-02,,XNYS,0,1,SPLIT_HISTORY_PRESENT|OBSERVED_AT_POLYGON_PROVIDER_HISTORY_FLOOR|FIRST_BAR_AFTER_REPORTED_LIST_DATE,,False
CAH,EQUITY,"Cardinal Health, Inc.",2003-09-10,2004-11-16,2026-08-21,2003-09-10,2004-11-16,22.9464,22.9464,ELIGIBLE_CURRENT_TICKER_WINDOW,AVAILABLE,AVAILABLE,AVAILABLE,AVAILABLE,True,1983-08-04,,XNYS,0,0,OBSERVED_AT_POLYGON_PROVIDER_HISTORY_FLOOR|FIRST_BAR_AFTER_REPORTED_LIST_DATE,,False
CARR,EQUITY,Carrier Global Corporation,2020-04-03,2021-06-11,2026-08-21,2020-04-03,2021-06-11,6.3821,6.3821,ELIGIBLE_CURRENT_TICKER_WINDOW,AVAILABLE,AVAILABLE,AVAILABLE,AVAILABLE,True,2020-03-18,,XNYS,0,0,FIRST_BAR_AFTER_REPORTED_LIST_DATE,,False
CASY,EQUITY,Casey's General Stores Inc,2003-09-10,2004-11-16,2026-08-21,2003-09-10,2004-11-16,22.9464,22.9464,ELIGIBLE_CURRENT_TICKER_WINDOW,AVAILABLE,AVAILABLE,AVAILABLE,AVAILABLE,True,1983-10-20,,XNAS,1,0,TICKER_CHANGE_LINEAGE_PRESENT|OBSERVED_AT_POLYGON_PROVIDER_HISTORY_FLOOR|FIRST_BAR_AFTER_REPORTED_LIST_DATE,LINEAGE_JOIN_REQUIRES_SEPARATE_CERTIFICATION,False
CAT,EQUITY,Caterpillar Inc.,2003-09-10,2004-11-16,2026-08-21,2003-09-10,2004-11-16,22.9464,22.9464,ELIGIBLE_CURRENT_TICKER_WINDOW,AVAILABLE,AVAILABLE,AVAILABLE,AVAILABLE,True,1929-12-02,,XNYS,0,1,SPLIT_HISTORY_PRESENT|OBSERVED_AT_POLYGON_PROVIDER_HISTORY_FLOOR|FIRST_BAR_AFTER_REPORTED_LIST_DATE,,False
CB,EQUITY,Chubb Limited,2003-09-10,2004-11-16,2026-08-21,2003-09-10,2004-11-16,22.9464,22.9464,ELIGIBLE_CURRENT_TICKER_WINDOW,AVAILABLE,AVAILABLE,AVAILABLE,AVAILABLE,True,1984-02-29,,XNYS,0,1,SPLIT_HISTORY_PRESENT|OBSERVED_AT_POLYGON_PROVIDER_HISTORY_FLOOR|FIRST_BAR_AFTER_REPORTED_LIST_DATE,,False
CBOE,EQUITY,"Cboe Global Markets, Inc.",2010-06-15,2011-08-19,2026-08-21,2010-06-15,2011-08-19,16.1838,16.1838,ELIGIBLE_CURRENT_TICKER_WINDOW,AVAILABLE,AVAILABLE,AVAILABLE,AVAILABLE,True,2010-06-15,,BATS,0,0,,,False
CBRE,EQUITY,"CBRE GROUP, INC.",2018-03-20,2019-05-29,2026-08-21,2004-06-10,2005-08-17,8.4218,22.1962,ELIGIBLE_CURRENT_TICKER_WINDOW,AVAILABLE,AVAILABLE,AVAILABLE,AVAILABLE,True,2004-06-10,,XNYS,1,1,TICKER_CHANGE_LINEAGE_PRESENT|SPLIT_HISTORY_PRESENT|FIRST_BAR_AFTER_REPORTED_LIST_DATE,LINEAGE_JOIN_REQUIRES_SEPARATE_CERTIFICATION,False
CCEP,EQUITY,Coca-Cola Europacific Partners plc Ordinary Shares,2018-11-07,2020-01-17,2026-08-21,2003-09-10,2004-11-16,7.7866,22.9464,ELIGIBLE_CURRENT_TICKER_WINDOW,AVAILABLE,AVAILABLE,AVAILABLE,AVAILABLE,True,1986-11-21,,XNAS,1,0,TICKER_CHANGE_LINEAGE_PRESENT|FIRST_BAR_AFTER_REPORTED_LIST_DATE,LINEAGE_JOIN_REQUIRES_SEPARATE_CERTIFICATION,False
CCI,EQUITY,Crown Castle Inc.,2003-09-10,2004-11-16,2026-08-21,2003-09-10,2004-11-16,22.9464,22.9464,ELIGIBLE_CURRENT_TICKER_WINDOW,AVAILABLE,AVAILABLE,AVAILABLE,AVAILABLE,True,1998-08-18,,XNYS,0,0,OBSERVED_AT_POLYGON_PROVIDER_HISTORY_FLOOR|FIRST_BAR_AFTER_REPORTED_LIST_DATE,,False
CCL,EQUITY,Carnival Corporation Ltd.,2003-09-10,2004-11-16,2026-08-21,2003-09-10,2004-11-16,22.9464,22.9464,ELIGIBLE_CURRENT_TICKER_WINDOW,AVAILABLE,AVAILABLE,AVAILABLE,AVAILABLE,True,1987-07-24,,XNYS,0,0,OBSERVED_AT_POLYGON_PROVIDER_HISTORY_FLOOR|FIRST_BAR_AFTER_REPORTED_LIST_DATE,,False
CDNS,EQUITY,Cadence Design Systems,2005-10-31,2007-01-10,2026-08-21,2003-09-10,2004-11-16,20.8054,22.9464,ELIGIBLE_CURRENT_TICKER_WINDOW,AVAILABLE,AVAILABLE,AVAILABLE,AVAILABLE,True,1987-06-10,,XNAS,1,0,TICKER_CHANGE_LINEAGE_PRESENT|FIRST_BAR_AFTER_REPORTED_LIST_DATE,LINEAGE_JOIN_REQUIRES_SEPARATE_CERTIFICATION,False
CDW,EQUITY,CDW Corporation,2013-06-27,2014-09-04,2026-08-21,2013-06-27,2014-09-04,13.1502,13.1502,ELIGIBLE_CURRENT_TICKER_WINDOW,AVAILABLE,AVAILABLE,AVAILABLE,AVAILABLE,True,2013-06-27,,XNAS,0,0,,,False
CEG,EQUITY,Constellation Energy Corporation Common Stock,2003-09-10,2004-11-16,2026-08-21,2003-09-10,2004-11-16,22.9464,22.9464,ELIGIBLE_CURRENT_TICKER_WINDOW,AVAILABLE,AVAILABLE,AVAILABLE,AVAILABLE,True,2022-01-19,,XNAS,1,0,TICKER_CHANGE_LINEAGE_PRESENT|OBSERVED_AT_POLYGON_PROVIDER_HISTORY_FLOOR,LINEAGE_JOIN_REQUIRES_SEPARATE_CERTIFICATION,False
CF,EQUITY,"CF Industries Holding, Inc.",2003-09-10,2005-10-26,2026-08-21,2003-09-10,2005-10-26,22.9464,22.9464,ELIGIBLE_CURRENT_TICKER_WINDOW,AVAILABLE,AVAILABLE,AVAILABLE,AVAILABLE,True,2005-08-11,,XNYS,0,1,SPLIT_HISTORY_PRESENT|OBSERVED_AT_POLYGON_PROVIDER_HISTORY_FLOOR,,False
CFG,EQUITY,"Citizens Financial Group, Inc.",2014-09-24,2015-12-01,2026-08-21,2014-09-24,2015-12-01,11.9072,11.9072,ELIGIBLE_CURRENT_TICKER_WINDOW,AVAILABLE,AVAILABLE,AVAILABLE,AVAILABLE,True,2014-09-24,,XNYS,0,0,,,False
CHD,EQUITY,"Church & Dwight Co., Inc.",2003-09-10,2004-11-16,2026-08-21,2003-09-10,2004-11-16,22.9464,22.9464,ELIGIBLE_CURRENT_TICKER_WINDOW,AVAILABLE,AVAILABLE,AVAILABLE,AVAILABLE,True,1976-12-30,,XNYS,0,3,SPLIT_HISTORY_PRESENT|OBSERVED_AT_POLYGON_PROVIDER_HISTORY_FLOOR|FIRST_BAR_AFTER_REPORTED_LIST_DATE,,False
CHRW,EQUITY,"C.H. Robinson Worldwide, Inc.",2003-09-10,2004-11-16,2026-08-21,2003-09-10,2004-11-16,22.9464,22.9464,ELIGIBLE_CURRENT_TICKER_WINDOW,AVAILABLE,AVAILABLE,AVAILABLE,AVAILABLE,True,1997-10-15,,XNAS,1,1,TICKER_CHANGE_LINEAGE_PRESENT|SPLIT_HISTORY_PRESENT|OBSERVED_AT_POLYGON_PROVIDER_HISTORY_FLOOR|FIRST_BAR_AFTER_REPORTED_LIST_DATE,LINEAGE_JOIN_REQUIRES_SEPARATE_CERTIFICATION,False
CHTR,EQUITY,Charter Comm Inc Del CL A New,2003-09-10,2004-11-16,2026-08-21,2003-09-10,2004-11-16,22.9464,22.9464,ELIGIBLE_CURRENT_TICKER_WINDOW,AVAILABLE,AVAILABLE,AVAILABLE,AVAILABLE,True,1999-11-08,,XNAS,0,0,OBSERVED_AT_POLYGON_PROVIDER_HISTORY_FLOOR|FIRST_BAR_AFTER_REPORTED_LIST_DATE,,False
CI,EQUITY,The Cigna Group,2003-09-10,2004-11-16,2026-08-21,2003-09-10,2004-11-16,22.9464,22.9464,ELIGIBLE_CURRENT_TICKER_WINDOW,AVAILABLE,AVAILABLE,AVAILABLE,AVAILABLE,True,1982-04-01,,XNYS,0,1,SPLIT_HISTORY_PRESENT|OBSERVED_AT_POLYGON_PROVIDER_HISTORY_FLOOR|FIRST_BAR_AFTER_REPORTED_LIST_DATE,,False
CIBR,ETF,First Trust Exchange-Traded Fund II First Trust NASDAQ Cybersecurity ETF,2015-07-07,2016-09-12,2026-08-21,2015-07-07,2016-09-12,11.1241,11.1241,ELIGIBLE_CURRENT_TICKER_WINDOW,AVAILABLE,AVAILABLE,AVAILABLE,AVAILABLE,True,2015-07-06,,XNAS,0,0,FIRST_BAR_AFTER_REPORTED_LIST_DATE,,False
CIEN,EQUITY,Ciena Corporation,2003-09-10,2004-11-16,2026-08-21,2003-09-10,2004-11-16,22.9464,22.9464,ELIGIBLE_CURRENT_TICKER_WINDOW,AVAILABLE,AVAILABLE,AVAILABLE,AVAILABLE,True,1997-02-07,,XNYS,1,1,TICKER_CHANGE_LINEAGE_PRESENT|SPLIT_HISTORY_PRESENT|OBSERVED_AT_POLYGON_PROVIDER_HISTORY_FLOOR|FIRST_BAR_AFTER_REPORTED_LIST_DATE,LINEAGE_JOIN_REQUIRES_SEPARATE_CERTIFICATION,False
CINF,EQUITY,Cincinnati Financial Corp,2003-09-10,2004-11-16,2026-08-21,2003-09-10,2004-11-16,22.9464,22.9464,ELIGIBLE_CURRENT_TICKER_WINDOW,AVAILABLE,AVAILABLE,AVAILABLE,AVAILABLE,True,1972-06-01,,XNAS,0,0,OBSERVED_AT_POLYGON_PROVIDER_HISTORY_FLOOR|FIRST_BAR_AFTER_REPORTED_LIST_DATE,,False
CL,EQUITY,Colgate-Palmolive Company,2003-09-10,2004-11-16,2026-08-21,2003-09-10,2004-11-16,22.9464,22.9464,ELIGIBLE_CURRENT_TICKER_WINDOW,AVAILABLE,AVAILABLE,AVAILABLE,AVAILABLE,True,1951-01-09,,XNYS,0,1,SPLIT_HISTORY_PRESENT|OBSERVED_AT_POLYGON_PROVIDER_HISTORY_FLOOR|FIRST_BAR_AFTER_REPORTED_LIST_DATE,,False
CLX,EQUITY,Clorox Company,2003-09-10,2004-11-16,2026-08-21,2003-09-10,2004-11-16,22.9464,22.9464,ELIGIBLE_CURRENT_TICKER_WINDOW,AVAILABLE,AVAILABLE,AVAILABLE,AVAILABLE,True,1972-06-01,,XNYS,0,0,OBSERVED_AT_POLYGON_PROVIDER_HISTORY_FLOOR|FIRST_BAR_AFTER_REPORTED_LIST_DATE,,False
CMCSA,EQUITY,Comcast Corp,2003-09-10,2004-11-16,2026-08-21,2003-09-10,2004-11-16,22.9464,22.9464,ELIGIBLE_CURRENT_TICKER_WINDOW,AVAILABLE,AVAILABLE,AVAILABLE,AVAILABLE,True,1973-01-02,,XNAS,1,2,TICKER_CHANGE_LINEAGE_PRESENT|SPLIT_HISTORY_PRESENT|OBSERVED_AT_POLYGON_PROVIDER_HISTORY_FLOOR|FIRST_BAR_AFTER_REPORTED_LIST_DATE,LINEAGE_JOIN_REQUIRES_SEPARATE_CERTIFICATION,False
CME,EQUITY,CME Group Inc.,2003-09-10,2004-11-16,2026-08-21,2003-09-10,2004-11-16,22.9464,22.9464,ELIGIBLE_CURRENT_TICKER_WINDOW,AVAILABLE,AVAILABLE,AVAILABLE,AVAILABLE,True,2002-12-06,,XNAS,0,1,SPLIT_HISTORY_PRESENT|OBSERVED_AT_POLYGON_PROVIDER_HISTORY_FLOOR|FIRST_BAR_AFTER_REPORTED_LIST_DATE,,False
CMG,EQUITY,"Chipotle Mexican Grill, Inc.",2006-01-26,2007-04-05,2026-08-21,2006-01-26,2007-04-05,20.5672,20.5672,ELIGIBLE_CURRENT_TICKER_WINDOW,AVAILABLE,AVAILABLE,AVAILABLE,AVAILABLE,True,2006-01-26,,XNYS,0,1,SPLIT_HISTORY_PRESENT,,False
CMI,EQUITY,Cummins Inc.,2003-12-10,2005-02-17,2026-08-21,2003-09-10,2005-02-17,22.6972,22.9464,ELIGIBLE_CURRENT_TICKER_WINDOW,AVAILABLE,AVAILABLE,AVAILABLE,AVAILABLE,True,1972-06-01,,XNYS,1,4,TICKER_CHANGE_LINEAGE_PRESENT|SPLIT_HISTORY_PRESENT|FIRST_BAR_AFTER_REPORTED_LIST_DATE,LINEAGE_JOIN_REQUIRES_SEPARATE_CERTIFICATION,False
CMS,EQUITY,CMS Energy Corporation,2003-09-10,2004-11-16,2026-08-21,2003-09-10,2004-11-16,22.9464,22.9464,ELIGIBLE_CURRENT_TICKER_WINDOW,AVAILABLE,AVAILABLE,AVAILABLE,AVAILABLE,True,1972-06-01,,XNYS,0,0,OBSERVED_AT_POLYGON_PROVIDER_HISTORY_FLOOR|FIRST_BAR_AFTER_REPORTED_LIST_DATE,,False
CNC,EQUITY,Centene Corporation,2003-10-16,2004-12-23,2026-08-21,2003-09-10,2004-12-23,22.8478,22.9464,ELIGIBLE_CURRENT_TICKER_WINDOW,AVAILABLE,AVAILABLE,AVAILABLE,AVAILABLE,True,2001-12-13,,XNYS,1,2,TICKER_CHANGE_LINEAGE_PRESENT|SPLIT_HISTORY_PRESENT|FIRST_BAR_AFTER_REPORTED_LIST_DATE,LINEAGE_JOIN_REQUIRES_SEPARATE_CERTIFICATION,False
CNP,EQUITY,"CenterPoint Energy, Inc.",2003-09-10,2004-11-16,2026-08-21,2003-09-10,2004-11-16,22.9464,22.9464,ELIGIBLE_CURRENT_TICKER_WINDOW,AVAILABLE,AVAILABLE,AVAILABLE,AVAILABLE,True,1972-06-30,,XNYS,0,0,OBSERVED_AT_POLYGON_PROVIDER_HISTORY_FLOOR|FIRST_BAR_AFTER_REPORTED_LIST_DATE,,False
COF,EQUITY,Capital One Financial,2003-09-10,2004-11-16,2026-08-21,2003-09-10,2004-11-16,22.9464,22.9464,ELIGIBLE_CURRENT_TICKER_WINDOW,AVAILABLE,AVAILABLE,AVAILABLE,AVAILABLE,True,1994-11-16,,XNYS,0,0,OBSERVED_AT_POLYGON_PROVIDER_HISTORY_FLOOR|FIRST_BAR_AFTER_REPORTED_LIST_DATE,,False
COHR,EQUITY,Coherent Corp.,2003-09-10,2004-11-16,2026-08-21,2003-09-10,2004-11-16,22.9464,22.9464,ELIGIBLE_CURRENT_TICKER_WINDOW,AVAILABLE,AVAILABLE,AVAILABLE,AVAILABLE,True,1987-10-02,,XNYS,0,1,SPLIT_HISTORY_PRESENT|OBSERVED_AT_POLYGON_PROVIDER_HISTORY_FLOOR|FIRST_BAR_AFTER_REPORTED_LIST_DATE,,False
COIN,EQUITY,"Coinbase Global, Inc. Class A Common Stock",2007-03-16,2008-06-16,2026-08-21,2007-03-16,2008-06-16,19.4337,19.4337,ELIGIBLE_CURRENT_TICKER_WINDOW,AVAILABLE,AVAILABLE,AVAILABLE,AVAILABLE,True,2021-04-14,,XNAS,0,0,,,False
COO,EQUITY,"The Cooper Companies, Inc. Common Stock",2003-09-10,2004-11-16,2026-08-21,2003-09-10,2004-11-16,22.9464,22.9464,ELIGIBLE_CURRENT_TICKER_WINDOW,AVAILABLE,AVAILABLE,AVAILABLE,AVAILABLE,True,1983-01-21,,XNAS,0,1,SPLIT_HISTORY_PRESENT|OBSERVED_AT_POLYGON_PROVIDER_HISTORY_FLOOR|FIRST_BAR_AFTER_REPORTED_LIST_DATE,,False
COP,EQUITY,ConocoPhillips,2003-09-10,2004-11-16,2026-08-21,2003-09-10,2004-11-16,22.9464,22.9464,ELIGIBLE_CURRENT_TICKER_WINDOW,AVAILABLE,AVAILABLE,AVAILABLE,AVAILABLE,True,1972-06-30,,XNYS,0,1,SPLIT_HISTORY_PRESENT|OBSERVED_AT_POLYGON_PROVIDER_HISTORY_FLOOR|FIRST_BAR_AFTER_REPORTED_LIST_DATE,,False
COR,EQUITY,"Cencora, Inc.",2003-09-10,2004-11-16,2026-08-21,2003-09-10,2004-11-16,22.9464,22.9464,ELIGIBLE_CURRENT_TICKER_WINDOW,AVAILABLE,AVAILABLE,AVAILABLE,AVAILABLE,True,1995-04-04,,XNYS,1,0,TICKER_CHANGE_LINEAGE_PRESENT|OBSERVED_AT_POLYGON_PROVIDER_HISTORY_FLOOR|FIRST_BAR_AFTER_REPORTED_LIST_DATE,LINEAGE_JOIN_REQUIRES_SEPARATE_CERTIFICATION,False
COST,EQUITY,Costco Wholesale Corp,2003-09-10,2004-11-16,2026-08-21,2003-09-10,2004-11-16,22.9464,22.9464,ELIGIBLE_CURRENT_TICKER_WINDOW,AVAILABLE,AVAILABLE,AVAILABLE,AVAILABLE,True,1982-03-02,,XNAS,0,0,OBSERVED_AT_POLYGON_PROVIDER_HISTORY_FLOOR|FIRST_BAR_AFTER_REPORTED_LIST_DATE,,False
CPAY,EQUITY,"Corpay, Inc.",2024-03-25,2025-06-04,2026-08-21,2024-03-25,2025-06-04,2.4066,2.4066,ELIGIBLE_CURRENT_TICKER_WINDOW,AVAILABLE,AVAILABLE,AVAILABLE,AVAILABLE,True,2010-12-15,,XNYS,0,0,FIRST_BAR_AFTER_REPORTED_LIST_DATE,,False
CPRT,EQUITY,Copart Inc,2003-09-10,2004-11-16,2026-08-21,2003-09-10,2004-11-16,22.9464,22.9464,ELIGIBLE_CURRENT_TICKER_WINDOW,AVAILABLE,AVAILABLE,AVAILABLE,AVAILABLE,True,1994-03-17,,XNAS,0,4,SPLIT_HISTORY_PRESENT|OBSERVED_AT_POLYGON_PROVIDER_HISTORY_FLOOR|FIRST_BAR_AFTER_REPORTED_LIST_DATE,,False
CPT,EQUITY,Camden Property Trust,2003-09-10,2004-11-16,2026-08-21,2003-09-10,2004-11-16,22.9464,22.9464,ELIGIBLE_CURRENT_TICKER_WINDOW,AVAILABLE,AVAILABLE,AVAILABLE,AVAILABLE,True,1993-07-22,,XNYS,0,0,OBSERVED_AT_POLYGON_PROVIDER_HISTORY_FLOOR|FIRST_BAR_AFTER_REPORTED_LIST_DATE,,False
CRH,EQUITY,CRH Public Limited Company,2003-09-10,2005-01-28,2026-08-21,2003-09-10,2005-01-28,22.9464,22.9464,ELIGIBLE_CURRENT_TICKER_WINDOW,AVAILABLE,AVAILABLE,AVAILABLE,AVAILABLE,True,2009-09-10,,XNYS,1,0,TICKER_CHANGE_LINEAGE_PRESENT|OBSERVED_AT_POLYGON_PROVIDER_HISTORY_FLOOR,LINEAGE_JOIN_REQUIRES_SEPARATE_CERTIFICATION,False
CRL,EQUITY,"Charles River Laboratories International, Inc.",2003-09-10,2004-11-16,2026-08-21,2003-09-10,2004-11-16,22.9464,22.9464,ELIGIBLE_CURRENT_TICKER_WINDOW,AVAILABLE,AVAILABLE,AVAILABLE,AVAILABLE,True,2000-06-23,,XNYS,0,0,OBSERVED_AT_POLYGON_PROVIDER_HISTORY_FLOOR|FIRST_BAR_AFTER_REPORTED_LIST_DATE,,False
CRM,EQUITY,"Salesforce, Inc.",2004-06-23,2005-08-29,2026-08-21,2004-06-23,2005-08-29,22.1606,22.1606,ELIGIBLE_CURRENT_TICKER_WINDOW,AVAILABLE,AVAILABLE,AVAILABLE,AVAILABLE,True,2004-06-23,,XNYS,0,1,SPLIT_HISTORY_PRESENT,,False
CRWD,EQUITY,"CrowdStrike Holdings, Inc. Class A Common Stock",2019-06-12,2020-08-18,2026-08-21,2019-06-12,2020-08-18,7.1925,7.1925,ELIGIBLE_CURRENT_TICKER_WINDOW,AVAILABLE,AVAILABLE,AVAILABLE,AVAILABLE,True,2019-06-12,,XNAS,0,1,SPLIT_HISTORY_PRESENT,,False
CRWV,EQUITY,"CoreWeave, Inc. Class A Common Stock",2025-03-28,2026-06-08,2026-08-21,2025-03-28,2026-06-08,1.3991,1.3991,ELIGIBLE_CURRENT_TICKER_WINDOW,AVAILABLE,AVAILABLE,AVAILABLE,AVAILABLE,True,2025-03-28,,XNAS,0,1,SPLIT_HISTORY_PRESENT,,False
CSCO,EQUITY,"Cisco Systems, Inc. Common Stock (DE)",2003-09-10,2004-11-16,2026-08-21,2003-09-10,2004-11-16,22.9464,22.9464,ELIGIBLE_CURRENT_TICKER_WINDOW,AVAILABLE,AVAILABLE,AVAILABLE,AVAILABLE,True,1990-02-16,,XNAS,0,0,OBSERVED_AT_POLYGON_PROVIDER_HISTORY_FLOOR|FIRST_BAR_AFTER_REPORTED_LIST_DATE,,False
CSGP,EQUITY,CoStar Group Inc,2003-09-10,2004-11-16,2026-08-21,2003-09-10,2004-11-16,22.9464,22.9464,ELIGIBLE_CURRENT_TICKER_WINDOW,AVAILABLE,AVAILABLE,AVAILABLE,AVAILABLE,True,1998-07-01,,XNAS,0,1,SPLIT_HISTORY_PRESENT|OBSERVED_AT_POLYGON_PROVIDER_HISTORY_FLOOR|FIRST_BAR_AFTER_REPORTED_LIST_DATE,,False
CSX,EQUITY,CSX Corporation,2003-09-10,2004-11-16,2026-08-21,2003-09-10,2004-11-16,22.9464,22.9464,ELIGIBLE_CURRENT_TICKER_WINDOW,AVAILABLE,AVAILABLE,AVAILABLE,AVAILABLE,True,1980-11-03,,XNAS,0,3,SPLIT_HISTORY_PRESENT|OBSERVED_AT_POLYGON_PROVIDER_HISTORY_FLOOR|FIRST_BAR_AFTER_REPORTED_LIST_DATE,,False
CTAS,EQUITY,Cintas Corp,2003-09-10,2004-11-16,2026-08-21,2003-09-10,2004-11-16,22.9464,22.9464,ELIGIBLE_CURRENT_TICKER_WINDOW,AVAILABLE,AVAILABLE,AVAILABLE,AVAILABLE,True,1983-08-18,,XNAS,0,1,SPLIT_HISTORY_PRESENT|OBSERVED_AT_POLYGON_PROVIDER_HISTORY_FLOOR|FIRST_BAR_AFTER_REPORTED_LIST_DATE,,False
CTSH,EQUITY,Cognizant Technology Solutions,2003-09-10,2004-11-16,2026-08-21,2003-09-10,2004-11-16,22.9464,22.9464,ELIGIBLE_CURRENT_TICKER_WINDOW,AVAILABLE,AVAILABLE,AVAILABLE,AVAILABLE,True,1998-06-19,,XNAS,0,2,SPLIT_HISTORY_PRESENT|OBSERVED_AT_POLYGON_PROVIDER_HISTORY_FLOOR|FIRST_BAR_AFTER_REPORTED_LIST_DATE,,False
CTVA,EQUITY,"Corteva, Inc. Common Stock",2019-06-03,2020-08-07,2026-08-21,2019-06-03,2020-08-07,7.2171,7.2171,ELIGIBLE_CURRENT_TICKER_WINDOW,AVAILABLE,AVAILABLE,AVAILABLE,AVAILABLE,True,2019-05-24,,XNYS,0,0,FIRST_BAR_AFTER_REPORTED_LIST_DATE,,False
CVNA,EQUITY,Carvana Co.,2017-04-28,2018-07-06,2026-08-21,2017-04-28,2018-07-06,9.3144,9.3144,ELIGIBLE_CURRENT_TICKER_WINDOW,AVAILABLE,AVAILABLE,AVAILABLE,AVAILABLE,True,2017-04-28,,XNYS,0,1,SPLIT_HISTORY_PRESENT,,False
CVS,EQUITY,CVS HEALTH CORPORATION,2003-09-10,2004-11-16,2026-08-21,2003-09-10,2004-11-16,22.9464,22.9464,ELIGIBLE_CURRENT_TICKER_WINDOW,AVAILABLE,AVAILABLE,AVAILABLE,AVAILABLE,True,1952-10-01,,XNYS,0,1,SPLIT_HISTORY_PRESENT|OBSERVED_AT_POLYGON_PROVIDER_HISTORY_FLOOR|FIRST_BAR_AFTER_REPORTED_LIST_DATE,,False
CVX,EQUITY,Chevron Corporation,2003-09-10,2004-11-16,2026-08-21,2003-09-10,2004-11-16,22.9464,22.9464,ELIGIBLE_CURRENT_TICKER_WINDOW,AVAILABLE,AVAILABLE,AVAILABLE,AVAILABLE,True,1970-01-02,,XNYS,0,2,SPLIT_HISTORY_PRESENT|OBSERVED_AT_POLYGON_PROVIDER_HISTORY_FLOOR|FIRST_BAR_AFTER_REPORTED_LIST_DATE,,False
D,EQUITY,"Dominion Energy, Inc Common Stock",2003-09-10,2004-11-16,2026-08-21,2003-09-10,2004-11-16,22.9464,22.9464,ELIGIBLE_CURRENT_TICKER_WINDOW,AVAILABLE,AVAILABLE,AVAILABLE,AVAILABLE,True,1972-06-01,,XNYS,0,1,SPLIT_HISTORY_PRESENT|OBSERVED_AT_POLYGON_PROVIDER_HISTORY_FLOOR|FIRST_BAR_AFTER_REPORTED_LIST_DATE,,False
DAL,EQUITY,"Delta Air Lines, Inc.",2003-09-10,2004-11-16,2026-08-21,2003-09-10,2004-11-16,22.9464,22.9464,ELIGIBLE_CURRENT_TICKER_WINDOW,AVAILABLE,AVAILABLE,AVAILABLE,AVAILABLE,True,1967-07-03,,XNYS,0,0,OBSERVED_AT_POLYGON_PROVIDER_HISTORY_FLOOR|FIRST_BAR_AFTER_REPORTED_LIST_DATE,,False
DASH,EQUITY,"DoorDash, Inc. Class A Common Stock",2020-12-09,2022-02-16,2026-08-21,2020-12-09,2022-02-16,5.6976,5.6976,ELIGIBLE_CURRENT_TICKER_WINDOW,AVAILABLE,AVAILABLE,AVAILABLE,AVAILABLE,True,2020-12-09,,XNAS,0,0,,,False
DBA,ETF,Invesco DB Agriculture Fund,2007-01-05,2008-03-14,2026-08-21,2007-01-05,2008-03-14,19.6253,19.6253,ELIGIBLE_CURRENT_TICKER_WINDOW,AVAILABLE,AVAILABLE,AVAILABLE,AVAILABLE,True,2007-01-05,,ARCX,0,0,,,False
DD,EQUITY,"DuPont de Nemours, Inc. Common Stock",2003-09-10,2004-11-16,2026-08-21,2003-09-10,2004-11-16,22.9464,22.9464,ELIGIBLE_CURRENT_TICKER_WINDOW,AVAILABLE,AVAILABLE,AVAILABLE,AVAILABLE,True,1947-07-24,,XNYS,0,3,SPLIT_HISTORY_PRESENT|OBSERVED_AT_POLYGON_PROVIDER_HISTORY_FLOOR|FIRST_BAR_AFTER_REPORTED_LIST_DATE,,False
DDOG,EQUITY,"Datadog, Inc. Class A Common Stock",2019-09-19,2020-11-24,2026-08-21,2019-09-19,2020-11-24,6.9214,6.9214,ELIGIBLE_CURRENT_TICKER_WINDOW,AVAILABLE,AVAILABLE,AVAILABLE,AVAILABLE,True,2019-09-19,,XNAS,0,0,,,False
DE,EQUITY,Deere & Company,2003-09-10,2004-11-16,2026-08-21,2003-09-10,2004-11-16,22.9464,22.9464,ELIGIBLE_CURRENT_TICKER_WINDOW,AVAILABLE,AVAILABLE,AVAILABLE,AVAILABLE,True,1958-08-04,,XNYS,0,1,SPLIT_HISTORY_PRESENT|OBSERVED_AT_POLYGON_PROVIDER_HISTORY_FLOOR|FIRST_BAR_AFTER_REPORTED_LIST_DATE,,False
DECK,EQUITY,Deckers Outdoor Corp,2003-09-10,2004-11-16,2026-08-21,2003-09-10,2004-11-16,22.9464,22.9464,ELIGIBLE_CURRENT_TICKER_WINDOW,AVAILABLE,AVAILABLE,AVAILABLE,AVAILABLE,True,1993-10-21,,XNYS,0,2,SPLIT_HISTORY_PRESENT|OBSERVED_AT_POLYGON_PROVIDER_HISTORY_FLOOR|FIRST_BAR_AFTER_REPORTED_LIST_DATE,,False
DELL,EQUITY,Dell Technologies Inc.,2003-09-10,2004-11-16,2026-08-21,2003-09-10,2004-11-16,22.9464,22.9464,ELIGIBLE_CURRENT_TICKER_WINDOW,AVAILABLE,AVAILABLE,AVAILABLE,AVAILABLE,True,2018-12-19,,XNYS,0,2,SPLIT_HISTORY_PRESENT|OBSERVED_AT_POLYGON_PROVIDER_HISTORY_FLOOR,,False
DG,EQUITY,Dollar General Corp.,2003-09-10,2004-11-16,2026-08-21,2003-09-10,2004-11-16,22.9464,22.9464,ELIGIBLE_CURRENT_TICKER_WINDOW,AVAILABLE,AVAILABLE,AVAILABLE,AVAILABLE,True,2009-11-13,,XNYS,0,0,OBSERVED_AT_POLYGON_PROVIDER_HISTORY_FLOOR,,False
DGX,EQUITY,Quest Diagnostics Inc.,2003-09-10,2004-11-16,2026-08-21,2003-09-10,2004-11-16,22.9464,22.9464,ELIGIBLE_CURRENT_TICKER_WINDOW,AVAILABLE,AVAILABLE,AVAILABLE,AVAILABLE,True,1996-12-17,,XNYS,0,1,SPLIT_HISTORY_PRESENT|OBSERVED_AT_POLYGON_PROVIDER_HISTORY_FLOOR|FIRST_BAR_AFTER_REPORTED_LIST_DATE,,False
DHI,EQUITY,D.R. Horton Inc.,2003-09-10,2004-11-16,2026-08-21,2003-09-10,2004-11-16,22.9464,22.9464,ELIGIBLE_CURRENT_TICKER_WINDOW,AVAILABLE,AVAILABLE,AVAILABLE,AVAILABLE,True,1992-06-12,,XNYS,0,2,SPLIT_HISTORY_PRESENT|OBSERVED_AT_POLYGON_PROVIDER_HISTORY_FLOOR|FIRST_BAR_AFTER_REPORTED_LIST_DATE,,False
DHR,EQUITY,Danaher Corporation,2003-09-10,2004-11-16,2026-08-21,2003-09-10,2004-11-16,22.9464,22.9464,ELIGIBLE_CURRENT_TICKER_WINDOW,AVAILABLE,AVAILABLE,AVAILABLE,AVAILABLE,True,1978-12-29,,XNYS,0,3,SPLIT_HISTORY_PRESENT|OBSERVED_AT_POLYGON_PROVIDER_HISTORY_FLOOR|FIRST_BAR_AFTER_REPORTED_LIST_DATE,,False
DIA,ETF,State Street SPDR Dow Jones Industrial Average ETF Trust,2003-09-10,2004-11-16,2026-08-21,2003-09-10,2004-11-16,22.9464,22.9464,ELIGIBLE_CURRENT_TICKER_WINDOW,AVAILABLE,AVAILABLE,AVAILABLE,AVAILABLE,True,1998-01-13,,ARCX,0,0,OBSERVED_AT_POLYGON_PROVIDER_HISTORY_FLOOR|FIRST_BAR_AFTER_REPORTED_LIST_DATE,,False
DIS,EQUITY,The Walt Disney Company,2003-09-10,2004-11-16,2026-08-21,2003-09-10,2004-11-16,22.9464,22.9464,ELIGIBLE_CURRENT_TICKER_WINDOW,AVAILABLE,AVAILABLE,AVAILABLE,AVAILABLE,True,1962-01-02,,XNYS,0,0,OBSERVED_AT_POLYGON_PROVIDER_HISTORY_FLOOR|FIRST_BAR_AFTER_REPORTED_LIST_DATE,,False
DLR,EQUITY,"Digital Realty Trust, Inc.",2004-10-29,2006-01-06,2026-08-21,2004-10-29,2006-01-06,21.8102,21.8102,ELIGIBLE_CURRENT_TICKER_WINDOW,AVAILABLE,AVAILABLE,AVAILABLE,AVAILABLE,True,2004-10-29,,XNYS,0,0,,,False
DLTR,EQUITY,Dollar Tree Inc.,2003-09-10,2004-11-16,2026-08-21,2003-09-10,2004-11-16,22.9464,22.9464,ELIGIBLE_CURRENT_TICKER_WINDOW,AVAILABLE,AVAILABLE,AVAILABLE,AVAILABLE,True,1995-03-06,,XNAS,0,2,SPLIT_HISTORY_PRESENT|OBSERVED_AT_POLYGON_PROVIDER_HISTORY_FLOOR|FIRST_BAR_AFTER_REPORTED_LIST_DATE,,False
DOC,EQUITY,"Healthpeak Properties, Inc.",2003-09-10,2004-11-16,2026-08-21,2003-09-10,2004-11-16,22.9464,22.9464,ELIGIBLE_CURRENT_TICKER_WINDOW,AVAILABLE,AVAILABLE,AVAILABLE,AVAILABLE,True,1985-05-23,,XNYS,1,0,TICKER_CHANGE_LINEAGE_PRESENT|OBSERVED_AT_POLYGON_PROVIDER_HISTORY_FLOOR|FIRST_BAR_AFTER_REPORTED_LIST_DATE,LINEAGE_JOIN_REQUIRES_SEPARATE_CERTIFICATION,False
DOV,EQUITY,Dover Corporation,2003-09-10,2004-11-16,2026-08-21,2003-09-10,2004-11-16,22.9464,22.9464,ELIGIBLE_CURRENT_TICKER_WINDOW,AVAILABLE,AVAILABLE,AVAILABLE,AVAILABLE,True,1956-12-03,,XNYS,0,0,OBSERVED_AT_POLYGON_PROVIDER_HISTORY_FLOOR|FIRST_BAR_AFTER_REPORTED_LIST_DATE,,False
DOW,EQUITY,Dow Inc.,2003-09-10,2004-11-16,2026-08-21,2003-09-10,2004-11-16,22.9464,22.9464,ELIGIBLE_CURRENT_TICKER_WINDOW,AVAILABLE,AVAILABLE,AVAILABLE,AVAILABLE,True,2019-03-20,,XNYS,0,0,OBSERVED_AT_POLYGON_PROVIDER_HISTORY_FLOOR,,False
DPZ,EQUITY,Domino's Pizza Inc.,2004-07-13,2005-09-16,2026-08-21,2004-07-13,2005-09-16,22.1059,22.1059,ELIGIBLE_CURRENT_TICKER_WINDOW,AVAILABLE,AVAILABLE,AVAILABLE,AVAILABLE,True,2004-07-13,,XNAS,0,0,,,False
DRI,EQUITY,"Darden Restaurants, Inc.",2003-09-10,2004-11-16,2026-08-21,2003-09-10,2004-11-16,22.9464,22.9464,ELIGIBLE_CURRENT_TICKER_WINDOW,AVAILABLE,AVAILABLE,AVAILABLE,AVAILABLE,True,1995-05-15,,XNYS,0,0,OBSERVED_AT_POLYGON_PROVIDER_HISTORY_FLOOR|FIRST_BAR_AFTER_REPORTED_LIST_DATE,,False
DTE,EQUITY,DTE Energy Company,2003-09-10,2004-11-16,2026-08-21,2003-09-10,2004-11-16,22.9464,22.9464,ELIGIBLE_CURRENT_TICKER_WINDOW,AVAILABLE,AVAILABLE,AVAILABLE,AVAILABLE,True,1949-11-16,,XNYS,0,0,OBSERVED_AT_POLYGON_PROVIDER_HISTORY_FLOOR|FIRST_BAR_AFTER_REPORTED_LIST_DATE,,False
DUK,EQUITY,Duke Energy Corporation,2003-09-10,2004-11-16,2026-08-21,2003-09-10,2004-11-16,22.9464,22.9464,ELIGIBLE_CURRENT_TICKER_WINDOW,AVAILABLE,AVAILABLE,AVAILABLE,AVAILABLE,True,1964-06-16,,XNYS,0,1,SPLIT_HISTORY_PRESENT|OBSERVED_AT_POLYGON_PROVIDER_HISTORY_FLOOR|FIRST_BAR_AFTER_REPORTED_LIST_DATE,,False
DVA,EQUITY,DaVita Inc.,2003-09-10,2004-11-16,2026-08-21,2003-09-10,2004-11-16,22.9464,22.9464,ELIGIBLE_CURRENT_TICKER_WINDOW,AVAILABLE,AVAILABLE,AVAILABLE,AVAILABLE,True,1995-10-31,,XNYS,0,2,SPLIT_HISTORY_PRESENT|OBSERVED_AT_POLYGON_PROVIDER_HISTORY_FLOOR|FIRST_BAR_AFTER_REPORTED_LIST_DATE,,False
DVN,EQUITY,Devon Energy Corporation,2003-09-10,2004-11-16,2026-08-21,2003-09-10,2004-11-16,22.9464,22.9464,ELIGIBLE_CURRENT_TICKER_WINDOW,AVAILABLE,AVAILABLE,AVAILABLE,AVAILABLE,True,1988-09-30,,XNYS,0,1,SPLIT_HISTORY_PRESENT|OBSERVED_AT_POLYGON_PROVIDER_HISTORY_FLOOR|FIRST_BAR_AFTER_REPORTED_LIST_DATE,,False
DXCM,EQUITY,"DexCom, Inc.",2005-04-14,2006-06-21,2026-08-21,2005-04-14,2006-06-21,21.3529,21.3529,ELIGIBLE_CURRENT_TICKER_WINDOW,AVAILABLE,AVAILABLE,AVAILABLE,AVAILABLE,True,2005-04-14,,XNAS,0,1,SPLIT_HISTORY_PRESENT,,False
EA,EQUITY,,2011-12-20,2013-03-04,2026-08-04,2011-12-20,2013-03-04,14.6232,14.6232,ELIGIBLE_CURRENT_TICKER_WINDOW,AVAILABLE,UNAVAILABLE,UNAVAILABLE,AVAILABLE,,,,,0,0,TICKER_EVENTS_UNAVAILABLE,,False
EBAY,EQUITY,eBay Inc,2003-09-10,2004-11-16,2026-08-21,2003-09-10,2004-11-16,22.9464,22.9464,ELIGIBLE_CURRENT_TICKER_WINDOW,AVAILABLE,AVAILABLE,AVAILABLE,AVAILABLE,True,1998-09-24,,XNAS,0,3,SPLIT_HISTORY_PRESENT|OBSERVED_AT_POLYGON_PROVIDER_HISTORY_FLOOR|FIRST_BAR_AFTER_REPORTED_LIST_DATE,,False
ECHO,EQUITY,EchoStar Corporation,2003-09-10,2004-11-16,2026-08-21,2003-09-10,2004-11-16,22.9464,22.9464,ELIGIBLE_CURRENT_TICKER_WINDOW,AVAILABLE,AVAILABLE,AVAILABLE,AVAILABLE,True,2007-12-31,,XNAS,2,0,TICKER_CHANGE_LINEAGE_PRESENT|OBSERVED_AT_POLYGON_PROVIDER_HISTORY_FLOOR,LINEAGE_JOIN_REQUIRES_SEPARATE_CERTIFICATION,False
ECL,EQUITY,"Ecolab, Inc.",2003-09-10,2004-11-16,2026-08-21,2003-09-10,2004-11-16,22.9464,22.9464,ELIGIBLE_CURRENT_TICKER_WINDOW,AVAILABLE,AVAILABLE,AVAILABLE,AVAILABLE,True,1972-06-01,,XNYS,0,1,SPLIT_HISTORY_PRESENT|OBSERVED_AT_POLYGON_PROVIDER_HISTORY_FLOOR|FIRST_BAR_AFTER_REPORTED_LIST_DATE,,False
ED,EQUITY,"Consolidated Edison, Inc.",2003-09-10,2004-11-16,2026-08-21,2003-09-10,2004-11-16,22.9464,22.9464,ELIGIBLE_CURRENT_TICKER_WINDOW,AVAILABLE,AVAILABLE,AVAILABLE,AVAILABLE,True,1948-06-21,,XNYS,0,0,OBSERVED_AT_POLYGON_PROVIDER_HISTORY_FLOOR|FIRST_BAR_AFTER_REPORTED_LIST_DATE,,False
EEM,ETF,iShares MSCI Emerging Markets ETF,2003-09-10,2004-11-16,2026-08-21,2003-09-10,2004-11-16,22.9464,22.9464,ELIGIBLE_CURRENT_TICKER_WINDOW,AVAILABLE,AVAILABLE,AVAILABLE,AVAILABLE,True,2003-04-07,,ARCX,0,1,SPLIT_HISTORY_PRESENT|OBSERVED_AT_POLYGON_PROVIDER_HISTORY_FLOOR|FIRST_BAR_AFTER_REPORTED_LIST_DATE,,False
EFA,ETF,iShares MSCI EAFE ETF,2003-09-10,2004-11-16,2026-08-21,2003-09-10,2004-11-16,22.9464,22.9464,ELIGIBLE_CURRENT_TICKER_WINDOW,AVAILABLE,AVAILABLE,AVAILABLE,AVAILABLE,True,2001-08-14,,ARCX,0,0,OBSERVED_AT_POLYGON_PROVIDER_HISTORY_FLOOR|FIRST_BAR_AFTER_REPORTED_LIST_DATE,,False
EFX,EQUITY,"Equifax, Incorporated",2003-09-10,2004-11-16,2026-08-21,2003-09-10,2004-11-16,22.9464,22.9464,ELIGIBLE_CURRENT_TICKER_WINDOW,AVAILABLE,AVAILABLE,AVAILABLE,AVAILABLE,True,1971-05-11,,XNYS,0,0,OBSERVED_AT_POLYGON_PROVIDER_HISTORY_FLOOR|FIRST_BAR_AFTER_REPORTED_LIST_DATE,,False
EG,EQUITY,"Everest Group, Ltd.",2023-07-10,2024-09-16,2026-08-21,2003-09-10,2004-11-16,3.1157,22.9464,ELIGIBLE_CURRENT_TICKER_WINDOW,AVAILABLE,AVAILABLE,AVAILABLE,AVAILABLE,True,1995-10-03,,XNYS,1,0,TICKER_CHANGE_LINEAGE_PRESENT|FIRST_BAR_AFTER_REPORTED_LIST_DATE,LINEAGE_JOIN_REQUIRES_SEPARATE_CERTIFICATION,False
EIX,EQUITY,Edison International,2003-09-10,2004-11-16,2026-08-21,2003-09-10,2004-11-16,22.9464,22.9464,ELIGIBLE_CURRENT_TICKER_WINDOW,AVAILABLE,AVAILABLE,AVAILABLE,AVAILABLE,True,1972-06-01,,XNYS,0,0,OBSERVED_AT_POLYGON_PROVIDER_HISTORY_FLOOR|FIRST_BAR_AFTER_REPORTED_LIST_DATE,,False
EL,EQUITY,The Estee Lauder Companies Inc. Class A,2003-09-10,2004-11-16,2026-08-21,2003-09-10,2004-11-16,22.9464,22.9464,ELIGIBLE_CURRENT_TICKER_WINDOW,AVAILABLE,AVAILABLE,AVAILABLE,AVAILABLE,True,1995-11-17,,XNYS,0,1,SPLIT_HISTORY_PRESENT|OBSERVED_AT_POLYGON_PROVIDER_HISTORY_FLOOR|FIRST_BAR_AFTER_REPORTED_LIST_DATE,,False
ELV,EQUITY,"Elevance Health, Inc.",2003-09-10,2004-11-16,2026-08-21,2003-09-10,2004-11-16,22.9464,22.9464,ELIGIBLE_CURRENT_TICKER_WINDOW,AVAILABLE,AVAILABLE,AVAILABLE,AVAILABLE,True,2001-10-30,,XNYS,1,1,TICKER_CHANGE_LINEAGE_PRESENT|SPLIT_HISTORY_PRESENT|OBSERVED_AT_POLYGON_PROVIDER_HISTORY_FLOOR|FIRST_BAR_AFTER_REPORTED_LIST_DATE,LINEAGE_JOIN_REQUIRES_SEPARATE_CERTIFICATION,False
EME,EQUITY,"EMCOR Group, Inc.",2003-09-10,2004-11-16,2026-08-21,2003-09-10,2004-11-16,22.9464,22.9464,ELIGIBLE_CURRENT_TICKER_WINDOW,AVAILABLE,AVAILABLE,AVAILABLE,AVAILABLE,True,1994-10-28,,XNYS,0,2,SPLIT_HISTORY_PRESENT|OBSERVED_AT_POLYGON_PROVIDER_HISTORY_FLOOR|FIRST_BAR_AFTER_REPORTED_LIST_DATE,,False
EMR,EQUITY,Emerson Electric Co.,2003-09-10,2004-11-16,2026-08-21,2003-09-10,2004-11-16,22.9464,22.9464,ELIGIBLE_CURRENT_TICKER_WINDOW,AVAILABLE,AVAILABLE,AVAILABLE,AVAILABLE,True,1953-04-23,,XNYS,0,1,SPLIT_HISTORY_PRESENT|OBSERVED_AT_POLYGON_PROVIDER_HISTORY_FLOOR|FIRST_BAR_AFTER_REPORTED_LIST_DATE,,False
EOG,EQUITY,"EOG Resources, Inc.",2003-09-10,2004-11-16,2026-08-21,2003-09-10,2004-11-16,22.9464,22.9464,ELIGIBLE_CURRENT_TICKER_WINDOW,AVAILABLE,AVAILABLE,AVAILABLE,AVAILABLE,True,1989-10-04,,XNYS,0,1,SPLIT_HISTORY_PRESENT|OBSERVED_AT_POLYGON_PROVIDER_HISTORY_FLOOR|FIRST_BAR_AFTER_REPORTED_LIST_DATE,,False
EQIX,EQUITY,"Equinix, Inc. Common Stock REIT",2003-09-10,2004-11-16,2026-08-21,2003-09-10,2004-11-16,22.9464,22.9464,ELIGIBLE_CURRENT_TICKER_WINDOW,AVAILABLE,AVAILABLE,AVAILABLE,AVAILABLE,True,2000-08-11,,XNAS,0,0,OBSERVED_AT_POLYGON_PROVIDER_HISTORY_FLOOR|FIRST_BAR_AFTER_REPORTED_LIST_DATE,,False
EQR,EQUITY,,2003-09-10,2004-11-16,2026-08-17,2003-09-10,2004-11-16,22.9354,22.9354,ELIGIBLE_CURRENT_TICKER_WINDOW,AVAILABLE,UNAVAILABLE,UNAVAILABLE,AVAILABLE,,,,,0,0,TICKER_EVENTS_UNAVAILABLE|OBSERVED_AT_POLYGON_PROVIDER_HISTORY_FLOOR,,False
EQT,EQUITY,EQT CORP,2003-09-10,2004-11-16,2026-08-21,2003-09-10,2004-11-16,22.9464,22.9464,ELIGIBLE_CURRENT_TICKER_WINDOW,AVAILABLE,AVAILABLE,AVAILABLE,AVAILABLE,True,1950-06-05,,XNYS,0,2,SPLIT_HISTORY_PRESENT|OBSERVED_AT_POLYGON_PROVIDER_HISTORY_FLOOR|FIRST_BAR_AFTER_REPORTED_LIST_DATE,,False
ERIE,EQUITY,Erie Indemnity Co,2003-09-10,2004-11-16,2026-08-21,2003-09-10,2004-11-16,22.9464,22.9464,ELIGIBLE_CURRENT_TICKER_WINDOW,AVAILABLE,AVAILABLE,AVAILABLE,AVAILABLE,True,1995-10-02,,XNAS,0,0,OBSERVED_AT_POLYGON_PROVIDER_HISTORY_FLOOR|FIRST_BAR_AFTER_REPORTED_LIST_DATE,,False
ES,EQUITY,Eversource Energy,2007-11-15,2009-01-26,2026-08-21,2007-11-15,2009-01-26,18.7656,18.7656,ELIGIBLE_CURRENT_TICKER_WINDOW,AVAILABLE,AVAILABLE,AVAILABLE,AVAILABLE,True,1972-06-01,,XNYS,0,0,FIRST_BAR_AFTER_REPORTED_LIST_DATE,,False
ESS,EQUITY,"Essex Property Trust, Inc",2003-09-10,2004-11-16,2026-08-21,2003-09-10,2004-11-16,22.9464,22.9464,ELIGIBLE_CURRENT_TICKER_WINDOW,AVAILABLE,AVAILABLE,AVAILABLE,AVAILABLE,True,1994-06-06,,XNYS,0,0,OBSERVED_AT_POLYGON_PROVIDER_HISTORY_FLOOR|FIRST_BAR_AFTER_REPORTED_LIST_DATE,,False
ETHA,ETF,iShares Ethereum Trust ETF,2024-07-23,2025-10-01,2026-08-21,2024-07-23,2025-10-01,2.0781,2.0781,ELIGIBLE_CURRENT_TICKER_WINDOW,AVAILABLE,AVAILABLE,AVAILABLE,AVAILABLE,True,2024-06-24,,XNAS,0,1,SPLIT_HISTORY_PRESENT|FIRST_BAR_AFTER_REPORTED_LIST_DATE,,False
ETN,EQUITY,"Eaton Corporation, plc Ordinary Shares",2003-09-10,2004-11-16,2026-08-21,2003-09-10,2004-11-16,22.9464,22.9464,ELIGIBLE_CURRENT_TICKER_WINDOW,AVAILABLE,AVAILABLE,AVAILABLE,AVAILABLE,True,1948-12-01,,XNYS,0,2,SPLIT_HISTORY_PRESENT|OBSERVED_AT_POLYGON_PROVIDER_HISTORY_FLOOR|FIRST_BAR_AFTER_REPORTED_LIST_DATE,,False
ETR,EQUITY,Entergy Corporation,2003-09-10,2004-11-16,2026-08-21,2003-09-10,2004-11-16,22.9464,22.9464,ELIGIBLE_CURRENT_TICKER_WINDOW,AVAILABLE,AVAILABLE,AVAILABLE,AVAILABLE,True,1972-06-01,,XNYS,0,1,SPLIT_HISTORY_PRESENT|OBSERVED_AT_POLYGON_PROVIDER_HISTORY_FLOOR|FIRST_BAR_AFTER_REPORTED_LIST_DATE,,False
EVRG,EQUITY,"Evergy, Inc.",2018-06-05,2019-08-13,2026-08-21,2018-06-05,2019-08-13,8.211,8.211,ELIGIBLE_CURRENT_TICKER_WINDOW,AVAILABLE,AVAILABLE,AVAILABLE,AVAILABLE,True,1949-09-01,,XNAS,0,0,FIRST_BAR_AFTER_REPORTED_LIST_DATE,,False
EW,EQUITY,Edwards Lifesciences Corp,2003-09-10,2004-11-16,2026-08-21,2003-09-10,2004-11-16,22.9464,22.9464,ELIGIBLE_CURRENT_TICKER_WINDOW,AVAILABLE,AVAILABLE,AVAILABLE,AVAILABLE,True,2000-04-03,,XNYS,0,3,SPLIT_HISTORY_PRESENT|OBSERVED_AT_POLYGON_PROVIDER_HISTORY_FLOOR|FIRST_BAR_AFTER_REPORTED_LIST_DATE,,False
EWJ,ETF,iShares MSCI Japan ETF,2003-09-10,2004-11-16,2026-08-21,2003-09-10,2004-11-16,22.9464,22.9464,ELIGIBLE_CURRENT_TICKER_WINDOW,AVAILABLE,AVAILABLE,AVAILABLE,AVAILABLE,True,1996-03-12,,ARCX,0,1,SPLIT_HISTORY_PRESENT|OBSERVED_AT_POLYGON_PROVIDER_HISTORY_FLOOR|FIRST_BAR_AFTER_REPORTED_LIST_DATE,,False
EWZ,ETF,iShares MSCI Brazil ETF,2003-09-10,2004-11-16,2026-08-21,2003-09-10,2004-11-16,22.9464,22.9464,ELIGIBLE_CURRENT_TICKER_WINDOW,AVAILABLE,AVAILABLE,AVAILABLE,AVAILABLE,True,2000-07-10,,ARCX,0,0,OBSERVED_AT_POLYGON_PROVIDER_HISTORY_FLOOR|FIRST_BAR_AFTER_REPORTED_LIST_DATE,,False
EXC,EQUITY,Exelon Corporation,2003-09-10,2004-11-16,2026-08-21,2003-09-10,2004-11-16,22.9464,22.9464,ELIGIBLE_CURRENT_TICKER_WINDOW,AVAILABLE,AVAILABLE,AVAILABLE,AVAILABLE,True,1972-06-01,,XNAS,0,0,OBSERVED_AT_POLYGON_PROVIDER_HISTORY_FLOOR|FIRST_BAR_AFTER_REPORTED_LIST_DATE,,False
EXE,EQUITY,Expand Energy Corporation Common Stock,2004-11-15,2006-01-24,2026-08-21,2003-09-10,2004-11-16,21.7636,22.9464,ELIGIBLE_CURRENT_TICKER_WINDOW,AVAILABLE,AVAILABLE,AVAILABLE,AVAILABLE,True,2021-02-10,,XNAS,1,0,TICKER_CHANGE_LINEAGE_PRESENT,LINEAGE_JOIN_REQUIRES_SEPARATE_CERTIFICATION,False
EXPD,EQUITY,"Expeditors International of Washington, Inc.",2003-09-10,2004-11-16,2026-08-21,2003-09-10,2004-11-16,22.9464,22.9464,ELIGIBLE_CURRENT_TICKER_WINDOW,AVAILABLE,AVAILABLE,AVAILABLE,AVAILABLE,True,1984-09-26,,XNYS,0,2,SPLIT_HISTORY_PRESENT|OBSERVED_AT_POLYGON_PROVIDER_HISTORY_FLOOR|FIRST_BAR_AFTER_REPORTED_LIST_DATE,,False
EXPE,EQUITY,"Expedia Group, Inc. Common Stock",2005-08-09,2006-10-16,2026-08-21,2005-07-20,2006-10-16,21.0326,21.0874,ELIGIBLE_CURRENT_TICKER_WINDOW,AVAILABLE,AVAILABLE,AVAILABLE,AVAILABLE,True,1999-11-10,,XNAS,1,1,TICKER_CHANGE_LINEAGE_PRESENT|SPLIT_HISTORY_PRESENT|FIRST_BAR_AFTER_REPORTED_LIST_DATE,LINEAGE_JOIN_REQUIRES_SEPARATE_CERTIFICATION,False
EXR,EQUITY,"Extra Space Storage, Inc.",2004-08-12,2005-10-18,2026-08-21,2004-08-12,2005-10-18,22.0237,22.0237,ELIGIBLE_CURRENT_TICKER_WINDOW,AVAILABLE,AVAILABLE,AVAILABLE,AVAILABLE,True,2004-08-12,,XNYS,0,0,,,False
F,EQUITY,Ford Motor Company,2003-09-10,2004-11-16,2026-08-21,2003-09-10,2004-11-16,22.9464,22.9464,ELIGIBLE_CURRENT_TICKER_WINDOW,AVAILABLE,AVAILABLE,AVAILABLE,AVAILABLE,True,1972-06-01,,XNYS,0,0,OBSERVED_AT_POLYGON_PROVIDER_HISTORY_FLOOR|FIRST_BAR_AFTER_REPORTED_LIST_DATE,,False
FANG,EQUITY,"Diamondback Energy, Inc.",2012-10-12,2013-12-23,2026-08-21,2012-10-12,2013-12-23,13.8565,13.8565,ELIGIBLE_CURRENT_TICKER_WINDOW,AVAILABLE,AVAILABLE,AVAILABLE,AVAILABLE,True,2012-10-12,,XNAS,0,0,,,False
FAST,EQUITY,Fastenal Co,2003-09-10,2004-11-16,2026-08-21,2003-09-10,2004-11-16,22.9464,22.9464,ELIGIBLE_CURRENT_TICKER_WINDOW,AVAILABLE,AVAILABLE,AVAILABLE,AVAILABLE,True,1987-08-20,,XNAS,0,4,SPLIT_HISTORY_PRESENT|OBSERVED_AT_POLYGON_PROVIDER_HISTORY_FLOOR|FIRST_BAR_AFTER_REPORTED_LIST_DATE,,False
FBTC,ETF,Fidelity Wise Origin Bitcoin Fund,2003-09-11,2005-06-17,2026-08-21,2003-09-11,2005-06-17,22.9437,22.9437,ELIGIBLE_CURRENT_TICKER_WINDOW,AVAILABLE,AVAILABLE,AVAILABLE,AVAILABLE,True,2024-01-10,,BATS,0,0,,,False
FCX,EQUITY,Freeport-McMoran Inc.,2003-09-10,2004-11-16,2026-08-21,2003-09-10,2004-11-16,22.9464,22.9464,ELIGIBLE_CURRENT_TICKER_WINDOW,AVAILABLE,AVAILABLE,AVAILABLE,AVAILABLE,True,1995-08-01,,XNYS,0,1,SPLIT_HISTORY_PRESENT|OBSERVED_AT_POLYGON_PROVIDER_HISTORY_FLOOR|FIRST_BAR_AFTER_REPORTED_LIST_DATE,,False
FDS,EQUITY,Factset Research Systems,2003-09-10,2004-11-16,2026-08-21,2003-09-10,2004-11-16,22.9464,22.9464,ELIGIBLE_CURRENT_TICKER_WINDOW,AVAILABLE,AVAILABLE,AVAILABLE,AVAILABLE,True,1996-06-28,,XNYS,0,0,OBSERVED_AT_POLYGON_PROVIDER_HISTORY_FLOOR|FIRST_BAR_AFTER_REPORTED_LIST_DATE,,False
FDX,EQUITY,FedEx Corporation,2003-09-10,2004-11-16,2026-08-21,2003-09-10,2004-11-16,22.9464,22.9464,ELIGIBLE_CURRENT_TICKER_WINDOW,AVAILABLE,AVAILABLE,AVAILABLE,AVAILABLE,True,1978-04-12,,XNYS,0,0,OBSERVED_AT_POLYGON_PROVIDER_HISTORY_FLOOR|FIRST_BAR_AFTER_REPORTED_LIST_DATE,,False
FDXF,EQUITY,"FedEx Freight Holding Company, Inc.",2026-06-01,,2026-08-21,2026-06-01,,0.2218,0.2218,INSUFFICIENT_WARMUP_IN_EARLIEST_RETURNED_WINDOW,AVAILABLE,AVAILABLE,AVAILABLE,AVAILABLE,True,2026-05-27,,XNYS,0,0,FIRST_BAR_AFTER_REPORTED_LIST_DATE,CURRENT_TICKER_WARMUP_NOT_SATISFIED,False
FE,EQUITY,FirstEnergy Corp.,2003-09-10,2004-11-16,2026-08-21,2003-09-10,2004-11-16,22.9464,22.9464,ELIGIBLE_CURRENT_TICKER_WINDOW,AVAILABLE,AVAILABLE,AVAILABLE,AVAILABLE,True,1997-11-10,,XNYS,0,0,OBSERVED_AT_POLYGON_PROVIDER_HISTORY_FLOOR|FIRST_BAR_AFTER_REPORTED_LIST_DATE,,False
FER,EQUITY,Ferrovial N.V. Ordinary Shares,2024-05-09,2025-07-22,2026-08-21,2024-05-09,2025-07-22,2.2834,2.2834,ELIGIBLE_CURRENT_TICKER_WINDOW,AVAILABLE,AVAILABLE,AVAILABLE,AVAILABLE,True,2004-11-17,,XNAS,1,1,TICKER_CHANGE_LINEAGE_PRESENT|SPLIT_HISTORY_PRESENT|FIRST_BAR_AFTER_REPORTED_LIST_DATE,LINEAGE_JOIN_REQUIRES_SEPARATE_CERTIFICATION,False
FFIV,EQUITY,"F5, Inc. Common Stock",2003-09-10,2004-11-16,2026-08-21,2003-09-10,2004-11-16,22.9464,22.9464,ELIGIBLE_CURRENT_TICKER_WINDOW,AVAILABLE,AVAILABLE,AVAILABLE,AVAILABLE,True,1999-06-04,,XNAS,0,1,SPLIT_HISTORY_PRESENT|OBSERVED_AT_POLYGON_PROVIDER_HISTORY_FLOOR|FIRST_BAR_AFTER_REPORTED_LIST_DATE,,False
FICO,EQUITY,Fair Isaac Corporation,2009-08-18,2010-10-25,2026-08-21,2003-09-10,2004-11-16,17.0079,22.9464,ELIGIBLE_CURRENT_TICKER_WINDOW,AVAILABLE,AVAILABLE,AVAILABLE,AVAILABLE,True,1987-07-31,,XNYS,1,0,TICKER_CHANGE_LINEAGE_PRESENT|FIRST_BAR_AFTER_REPORTED_LIST_DATE,LINEAGE_JOIN_REQUIRES_SEPARATE_CERTIFICATION,False
FIS,EQUITY,"Fidelity National Information Services, Inc.",2006-02-01,2007-04-12,2026-08-21,2006-02-01,2007-04-12,20.5507,20.5507,ELIGIBLE_CURRENT_TICKER_WINDOW,AVAILABLE,AVAILABLE,AVAILABLE,AVAILABLE,True,2001-06-20,,XNYS,0,0,FIRST_BAR_AFTER_REPORTED_LIST_DATE,,False
FISV,EQUITY,"Fiserv, Inc. Common Stock",2003-09-10,2004-11-16,2026-08-21,2003-09-10,2004-11-16,22.9464,22.9464,ELIGIBLE_CURRENT_TICKER_WINDOW,AVAILABLE,AVAILABLE,AVAILABLE,AVAILABLE,True,1986-09-25,,XNAS,1,2,TICKER_CHANGE_LINEAGE_PRESENT|SPLIT_HISTORY_PRESENT|OBSERVED_AT_POLYGON_PROVIDER_HISTORY_FLOOR|FIRST_BAR_AFTER_REPORTED_LIST_DATE,LINEAGE_JOIN_REQUIRES_SEPARATE_CERTIFICATION,False
FITB,EQUITY,Fifth Third Bancorp,2003-09-10,2004-11-16,2026-08-21,2003-09-10,2004-11-16,22.9464,22.9464,ELIGIBLE_CURRENT_TICKER_WINDOW,AVAILABLE,AVAILABLE,AVAILABLE,AVAILABLE,True,1973-01-02,,XNYS,0,0,OBSERVED_AT_POLYGON_PROVIDER_HISTORY_FLOOR|FIRST_BAR_AFTER_REPORTED_LIST_DATE,,False
FIX,EQUITY,"Comfort Systems USA, Inc.",2003-09-10,2004-11-16,2026-08-21,2003-09-10,2004-11-16,22.9464,22.9464,ELIGIBLE_CURRENT_TICKER_WINDOW,AVAILABLE,AVAILABLE,AVAILABLE,AVAILABLE,True,1997-06-27,,XNYS,0,0,OBSERVED_AT_POLYGON_PROVIDER_HISTORY_FLOOR|FIRST_BAR_AFTER_REPORTED_LIST_DATE,,False
FLEX,EQUITY,Flex Ltd. Ordinary Shares,2003-09-10,2004-11-16,2026-08-21,2003-09-10,2004-11-16,22.9464,22.9464,ELIGIBLE_CURRENT_TICKER_WINDOW,AVAILABLE,AVAILABLE,AVAILABLE,AVAILABLE,True,1987-09-28,,XNAS,0,0,OBSERVED_AT_POLYGON_PROVIDER_HISTORY_FLOOR|FIRST_BAR_AFTER_REPORTED_LIST_DATE,,False
FOX,EQUITY,Fox Corporation Class B Common Stock,2003-09-10,2004-11-16,2026-08-21,2003-09-10,2004-11-16,22.9464,22.9464,ELIGIBLE_CURRENT_TICKER_WINDOW,AVAILABLE,AVAILABLE,AVAILABLE,AVAILABLE,True,2019-02-27,,XNAS,1,0,TICKER_CHANGE_LINEAGE_PRESENT|OBSERVED_AT_POLYGON_PROVIDER_HISTORY_FLOOR,LINEAGE_JOIN_REQUIRES_SEPARATE_CERTIFICATION,False
FOXA,EQUITY,Fox Corporation Class A Common Stock,2013-07-01,2014-09-08,2026-08-21,2013-07-01,2014-09-08,13.1392,13.1392,ELIGIBLE_CURRENT_TICKER_WINDOW,AVAILABLE,AVAILABLE,AVAILABLE,AVAILABLE,True,2019-02-27,,XNAS,0,0,,,False
FRT,EQUITY,Federal Realty Investment Trust,2003-09-10,2004-11-16,2026-08-21,2003-09-10,2004-11-16,22.9464,22.9464,ELIGIBLE_CURRENT_TICKER_WINDOW,AVAILABLE,AVAILABLE,AVAILABLE,AVAILABLE,True,1973-01-02,,XNYS,0,0,OBSERVED_AT_POLYGON_PROVIDER_HISTORY_FLOOR|FIRST_BAR_AFTER_REPORTED_LIST_DATE,,False
FSLR,EQUITY,"First Solar, Inc.",2006-11-17,2008-01-30,2026-08-21,2006-11-17,2008-01-30,19.7595,19.7595,ELIGIBLE_CURRENT_TICKER_WINDOW,AVAILABLE,AVAILABLE,AVAILABLE,AVAILABLE,True,2006-11-17,,XNAS,0,0,,,False
FTNT,EQUITY,"Fortinet, Inc.",2009-11-18,2011-01-27,2026-08-21,2009-11-18,2011-01-27,16.756,16.756,ELIGIBLE_CURRENT_TICKER_WINDOW,AVAILABLE,AVAILABLE,AVAILABLE,AVAILABLE,True,2009-11-18,,XNAS,0,2,SPLIT_HISTORY_PRESENT,,False
FTV,EQUITY,Fortive Corporation,2016-07-05,2017-09-11,2026-08-21,2016-07-05,2017-09-11,10.1275,10.1275,ELIGIBLE_CURRENT_TICKER_WINDOW,AVAILABLE,AVAILABLE,AVAILABLE,AVAILABLE,True,2016-07-05,,XNYS,0,1,SPLIT_HISTORY_PRESENT,,False
FXI,ETF,iShares China Large-Cap ETF,2004-10-08,2005-12-14,2026-08-21,2004-10-08,2005-12-14,21.8677,21.8677,ELIGIBLE_CURRENT_TICKER_WINDOW,AVAILABLE,AVAILABLE,AVAILABLE,AVAILABLE,True,2004-10-05,,ARCX,0,1,SPLIT_HISTORY_PRESENT|FIRST_BAR_AFTER_REPORTED_LIST_DATE,,False
GD,EQUITY,General Dynamics Corporation,2003-09-10,2004-11-16,2026-08-21,2003-09-10,2004-11-16,22.9464,22.9464,ELIGIBLE_CURRENT_TICKER_WINDOW,AVAILABLE,AVAILABLE,AVAILABLE,AVAILABLE,True,1952-04-25,,XNYS,0,1,SPLIT_HISTORY_PRESENT|OBSERVED_AT_POLYGON_PROVIDER_HISTORY_FLOOR|FIRST_BAR_AFTER_REPORTED_LIST_DATE,,False
GDDY,EQUITY,GoDaddy Inc,2015-04-01,2016-06-08,2026-08-21,2015-04-01,2016-06-08,11.3897,11.3897,ELIGIBLE_CURRENT_TICKER_WINDOW,AVAILABLE,AVAILABLE,AVAILABLE,AVAILABLE,True,2015-04-01,,XNYS,0,0,,,False
GDX,ETF,VanEck Gold Miners ETF,2003-09-15,2007-01-17,2026-08-21,2003-09-15,2007-01-17,22.9327,22.9327,ELIGIBLE_CURRENT_TICKER_WINDOW,AVAILABLE,AVAILABLE,AVAILABLE,AVAILABLE,True,2006-05-16,,ARCX,0,0,,,False
GDXJ,ETF,VanEck Junior Gold Miners ETF,2009-11-11,2011-01-20,2026-08-21,2009-11-11,2011-01-20,16.7752,16.7752,ELIGIBLE_CURRENT_TICKER_WINDOW,AVAILABLE,AVAILABLE,AVAILABLE,AVAILABLE,True,2009-11-10,,ARCX,0,1,SPLIT_HISTORY_PRESENT|FIRST_BAR_AFTER_REPORTED_LIST_DATE,,False
GE,EQUITY,GE Aerospace,2003-09-10,2004-11-16,2026-08-21,2003-09-10,2004-11-16,22.9464,22.9464,ELIGIBLE_CURRENT_TICKER_WINDOW,AVAILABLE,AVAILABLE,AVAILABLE,AVAILABLE,True,1900-01-01,,XNYS,0,3,SPLIT_HISTORY_PRESENT|OBSERVED_AT_POLYGON_PROVIDER_HISTORY_FLOOR|FIRST_BAR_AFTER_REPORTED_LIST_DATE,,False
GEHC,EQUITY,GE HealthCare Technologies Inc. Common Stock,2023-01-04,2024-03-14,2026-08-21,2023-01-04,2024-03-14,3.6277,3.6277,ELIGIBLE_CURRENT_TICKER_WINDOW,AVAILABLE,AVAILABLE,AVAILABLE,AVAILABLE,True,2022-12-15,,XNAS,0,0,FIRST_BAR_AFTER_REPORTED_LIST_DATE,,False
GEN,EQUITY,Gen Digital Inc. Common Stock,2010-12-06,2012-02-13,2026-08-21,2010-12-06,2012-02-13,15.7074,15.7074,ELIGIBLE_CURRENT_TICKER_WINDOW,AVAILABLE,AVAILABLE,AVAILABLE,AVAILABLE,True,1989-06-23,,XNAS,1,2,TICKER_CHANGE_LINEAGE_PRESENT|SPLIT_HISTORY_PRESENT|FIRST_BAR_AFTER_REPORTED_LIST_DATE,LINEAGE_JOIN_REQUIRES_SEPARATE_CERTIFICATION,False
GEV,EQUITY,GE Vernova Inc.,2024-04-02,2025-06-11,2026-08-21,2024-04-02,2025-06-11,2.3847,2.3847,ELIGIBLE_CURRENT_TICKER_WINDOW,AVAILABLE,AVAILABLE,AVAILABLE,AVAILABLE,True,2024-03-27,,XNYS,0,0,FIRST_BAR_AFTER_REPORTED_LIST_DATE,,False
GILD,EQUITY,Gilead Sciences Inc,2003-09-10,2004-11-16,2026-08-21,2003-09-10,2004-11-16,22.9464,22.9464,ELIGIBLE_CURRENT_TICKER_WINDOW,AVAILABLE,AVAILABLE,AVAILABLE,AVAILABLE,True,1992-01-22,,XNAS,0,3,SPLIT_HISTORY_PRESENT|OBSERVED_AT_POLYGON_PROVIDER_HISTORY_FLOOR|FIRST_BAR_AFTER_REPORTED_LIST_DATE,,False
GIS,EQUITY,"General Mills, Inc.",2003-09-10,2004-11-16,2026-08-21,2003-09-10,2004-11-16,22.9464,22.9464,ELIGIBLE_CURRENT_TICKER_WINDOW,AVAILABLE,AVAILABLE,AVAILABLE,AVAILABLE,True,1952-11-14,,XNYS,0,1,SPLIT_HISTORY_PRESENT|OBSERVED_AT_POLYGON_PROVIDER_HISTORY_FLOOR|FIRST_BAR_AFTER_REPORTED_LIST_DATE,,False
GL,EQUITY,Globe Life Inc.,2003-09-10,2020-03-02,2026-08-21,2003-09-10,2020-03-02,22.9464,22.9464,ELIGIBLE_CURRENT_TICKER_WINDOW,AVAILABLE,AVAILABLE,AVAILABLE,AVAILABLE,True,1980-12-31,,XNYS,0,2,SPLIT_HISTORY_PRESENT|OBSERVED_AT_POLYGON_PROVIDER_HISTORY_FLOOR|FIRST_BAR_AFTER_REPORTED_LIST_DATE,,False
GLD,ETF,"SPDR Gold Trust, SPDR Gold Shares",2004-11-18,2006-01-27,2026-08-21,2004-11-18,2006-01-27,21.7554,21.7554,ELIGIBLE_CURRENT_TICKER_WINDOW,AVAILABLE,AVAILABLE,AVAILABLE,AVAILABLE,True,2004-11-18,,ARCX,0,0,,,False
GLW,EQUITY,Corning Incorporated,2003-09-10,2004-11-16,2026-08-21,2003-09-10,2004-11-16,22.9464,22.9464,ELIGIBLE_CURRENT_TICKER_WINDOW,AVAILABLE,AVAILABLE,AVAILABLE,AVAILABLE,True,1945-05-21,,XNYS,0,0,OBSERVED_AT_POLYGON_PROVIDER_HISTORY_FLOOR|FIRST_BAR_AFTER_REPORTED_LIST_DATE,,False
GM,EQUITY,General Motors Company,2003-09-10,2004-11-16,2026-08-21,2003-09-10,2004-11-16,22.9464,22.9464,ELIGIBLE_CURRENT_TICKER_WINDOW,AVAILABLE,AVAILABLE,AVAILABLE,AVAILABLE,True,2010-11-18,,XNYS,0,0,OBSERVED_AT_POLYGON_PROVIDER_HISTORY_FLOOR,,False
GNRC,EQUITY,GENERAC HOLDINGS INC,2010-02-11,2011-04-19,2026-08-21,2010-02-11,2011-04-19,16.5233,16.5233,ELIGIBLE_CURRENT_TICKER_WINDOW,AVAILABLE,AVAILABLE,AVAILABLE,AVAILABLE,True,2010-02-11,,XNYS,0,0,,,False
GOOG,EQUITY,Alphabet Inc. Class C Capital Stock,2004-08-19,2005-10-25,2026-08-21,2004-08-19,2005-10-25,22.0046,22.0046,ELIGIBLE_CURRENT_TICKER_WINDOW,AVAILABLE,AVAILABLE,AVAILABLE,AVAILABLE,True,2004-08-19,,XNAS,0,1,SPLIT_HISTORY_PRESENT,,False
GOOGL,EQUITY,Alphabet Inc. Class A Common Stock,2014-04-03,2015-06-11,2026-08-21,2004-08-19,2005-10-25,12.3836,22.0046,ELIGIBLE_CURRENT_TICKER_WINDOW,AVAILABLE,AVAILABLE,AVAILABLE,AVAILABLE,True,2004-08-19,,XNAS,1,1,TICKER_CHANGE_LINEAGE_PRESENT|SPLIT_HISTORY_PRESENT|FIRST_BAR_AFTER_REPORTED_LIST_DATE,LINEAGE_JOIN_REQUIRES_SEPARATE_CERTIFICATION,False
GPC,EQUITY,Genuine Parts Company,2003-09-10,2004-11-16,2026-08-21,2003-09-10,2004-11-16,22.9464,22.9464,ELIGIBLE_CURRENT_TICKER_WINDOW,AVAILABLE,AVAILABLE,AVAILABLE,AVAILABLE,True,1968-08-20,,XNYS,0,0,OBSERVED_AT_POLYGON_PROVIDER_HISTORY_FLOOR|FIRST_BAR_AFTER_REPORTED_LIST_DATE,,False
GPN,EQUITY,"Global Payments, Inc.",2003-09-10,2004-11-16,2026-08-21,2003-09-10,2004-11-16,22.9464,22.9464,ELIGIBLE_CURRENT_TICKER_WINDOW,AVAILABLE,AVAILABLE,AVAILABLE,AVAILABLE,True,2001-01-26,,XNYS,0,2,SPLIT_HISTORY_PRESENT|OBSERVED_AT_POLYGON_PROVIDER_HISTORY_FLOOR|FIRST_BAR_AFTER_REPORTED_LIST_DATE,,False
GRMN,EQUITY,Garmin Ltd,2003-09-10,2004-11-16,2026-08-21,2003-09-10,2004-11-16,22.9464,22.9464,ELIGIBLE_CURRENT_TICKER_WINDOW,AVAILABLE,AVAILABLE,AVAILABLE,AVAILABLE,True,2000-12-08,,XNYS,0,1,SPLIT_HISTORY_PRESENT|OBSERVED_AT_POLYGON_PROVIDER_HISTORY_FLOOR|FIRST_BAR_AFTER_REPORTED_LIST_DATE,,False
GS,EQUITY,Goldman Sachs Group Inc.,2003-09-10,2004-11-16,2026-08-21,2003-09-10,2004-11-16,22.9464,22.9464,ELIGIBLE_CURRENT_TICKER_WINDOW,AVAILABLE,AVAILABLE,AVAILABLE,AVAILABLE,True,1999-05-04,,XNYS,0,0,OBSERVED_AT_POLYGON_PROVIDER_HISTORY_FLOOR|FIRST_BAR_AFTER_REPORTED_LIST_DATE,,False
GWW,EQUITY,"W.W. Grainger, Inc.",2003-09-10,2004-11-16,2026-08-21,2003-09-10,2004-11-16,22.9464,22.9464,ELIGIBLE_CURRENT_TICKER_WINDOW,AVAILABLE,AVAILABLE,AVAILABLE,AVAILABLE,True,1972-06-01,,XNYS,0,0,OBSERVED_AT_POLYGON_PROVIDER_HISTORY_FLOOR|FIRST_BAR_AFTER_REPORTED_LIST_DATE,,False
HACK,ETF,Amplify Cybersecurity ETF,2014-11-12,2016-01-22,2026-08-21,2014-11-12,2016-01-22,11.773,11.773,ELIGIBLE_CURRENT_TICKER_WINDOW,AVAILABLE,AVAILABLE,AVAILABLE,AVAILABLE,True,2014-11-11,,ARCX,0,0,FIRST_BAR_AFTER_REPORTED_LIST_DATE,,False
HAL,EQUITY,Halliburton Company,2003-09-10,2004-11-16,2026-08-21,2003-09-10,2004-11-16,22.9464,22.9464,ELIGIBLE_CURRENT_TICKER_WINDOW,AVAILABLE,AVAILABLE,AVAILABLE,AVAILABLE,True,1948-09-15,,XNYS,0,1,SPLIT_HISTORY_PRESENT|OBSERVED_AT_POLYGON_PROVIDER_HISTORY_FLOOR|FIRST_BAR_AFTER_REPORTED_LIST_DATE,,False
HAS,EQUITY,"Hasbro, Inc.",2003-09-10,2004-11-16,2026-08-21,2003-09-10,2004-11-16,22.9464,22.9464,ELIGIBLE_CURRENT_TICKER_WINDOW,AVAILABLE,AVAILABLE,AVAILABLE,AVAILABLE,True,1972-06-01,,XNAS,0,0,OBSERVED_AT_POLYGON_PROVIDER_HISTORY_FLOOR|FIRST_BAR_AFTER_REPORTED_LIST_DATE,,False
HBAN,EQUITY,Huntington Bancshares Inc,2003-09-10,2004-11-16,2026-08-21,2003-09-10,2004-11-16,22.9464,22.9464,ELIGIBLE_CURRENT_TICKER_WINDOW,AVAILABLE,AVAILABLE,AVAILABLE,AVAILABLE,True,1973-01-02,,XNAS,0,0,OBSERVED_AT_POLYGON_PROVIDER_HISTORY_FLOOR|FIRST_BAR_AFTER_REPORTED_LIST_DATE,,False
HCA,EQUITY,"HCA Healthcare, Inc.",2003-09-10,2004-11-16,2026-08-21,2003-09-10,2004-11-16,22.9464,22.9464,ELIGIBLE_CURRENT_TICKER_WINDOW,AVAILABLE,AVAILABLE,AVAILABLE,AVAILABLE,True,2011-03-10,,XNYS,0,0,OBSERVED_AT_POLYGON_PROVIDER_HISTORY_FLOOR,,False
HD,EQUITY,"Home Depot, Inc.",2003-09-10,2004-11-16,2026-08-21,2003-09-10,2004-11-16,22.9464,22.9464,ELIGIBLE_CURRENT_TICKER_WINDOW,AVAILABLE,AVAILABLE,AVAILABLE,AVAILABLE,True,1981-09-22,,XNYS,0,0,OBSERVED_AT_POLYGON_PROVIDER_HISTORY_FLOOR|FIRST_BAR_AFTER_REPORTED_LIST_DATE,,False
HIG,EQUITY,"The Hartford Insurance Group, Inc.",2003-09-10,2004-11-16,2026-08-21,2003-09-10,2004-11-16,22.9464,22.9464,ELIGIBLE_CURRENT_TICKER_WINDOW,AVAILABLE,AVAILABLE,AVAILABLE,AVAILABLE,True,1995-12-15,,XNYS,0,0,OBSERVED_AT_POLYGON_PROVIDER_HISTORY_FLOOR|FIRST_BAR_AFTER_REPORTED_LIST_DATE,,False
HII,EQUITY,"Huntington Ingalls Industries, Inc.",2011-03-31,2012-06-07,2026-08-21,2011-03-31,2012-06-07,15.3925,15.3925,ELIGIBLE_CURRENT_TICKER_WINDOW,AVAILABLE,AVAILABLE,AVAILABLE,AVAILABLE,True,2011-03-22,,XNYS,0,0,FIRST_BAR_AFTER_REPORTED_LIST_DATE,,False
HLT,EQUITY,Hilton Worldwide Holdings Inc.,2003-09-10,2004-11-16,2026-08-21,2003-09-10,2004-11-16,22.9464,22.9464,ELIGIBLE_CURRENT_TICKER_WINDOW,AVAILABLE,AVAILABLE,AVAILABLE,AVAILABLE,True,2013-12-12,,XNYS,0,1,SPLIT_HISTORY_PRESENT|OBSERVED_AT_POLYGON_PROVIDER_HISTORY_FLOOR,,False
HON,EQUITY,"Honeywell International, Inc.",2003-09-10,2004-11-16,2026-08-21,2003-09-10,2004-11-16,22.9464,22.9464,ELIGIBLE_CURRENT_TICKER_WINDOW,AVAILABLE,AVAILABLE,AVAILABLE,AVAILABLE,True,1929-09-19,,XNAS,1,1,TICKER_CHANGE_LINEAGE_PRESENT|SPLIT_HISTORY_PRESENT|OBSERVED_AT_POLYGON_PROVIDER_HISTORY_FLOOR|FIRST_BAR_AFTER_REPORTED_LIST_DATE,LINEAGE_JOIN_REQUIRES_SEPARATE_CERTIFICATION,False
HONA,EQUITY,Honeywell Aerospace Inc. Common Stock,2026-06-29,,2026-08-21,2026-06-29,,0.1451,0.1451,INSUFFICIENT_WARMUP_IN_EARLIEST_RETURNED_WINDOW,AVAILABLE,AVAILABLE,AVAILABLE,AVAILABLE,True,2026-06-15,,XNAS,0,0,FIRST_BAR_AFTER_REPORTED_LIST_DATE,CURRENT_TICKER_WARMUP_NOT_SATISFIED,False
HOOD,EQUITY,"Robinhood Markets, Inc. Class A Common Stock",2021-07-29,2022-10-05,2026-08-21,2021-07-29,2022-10-05,5.0624,5.0624,ELIGIBLE_CURRENT_TICKER_WINDOW,AVAILABLE,AVAILABLE,AVAILABLE,AVAILABLE,True,2021-07-29,,XNAS,0,0,,,False
HPE,EQUITY,Hewlett Packard Enterprise Company,2015-11-02,2017-01-10,2026-08-21,2015-11-02,2017-01-10,10.801,10.801,ELIGIBLE_CURRENT_TICKER_WINDOW,AVAILABLE,AVAILABLE,AVAILABLE,AVAILABLE,True,2015-10-19,,XNYS,0,0,FIRST_BAR_AFTER_REPORTED_LIST_DATE,,False
HPQ,EQUITY,HP Inc.,2003-09-10,2004-11-16,2026-08-21,2003-09-10,2004-11-16,22.9464,22.9464,ELIGIBLE_CURRENT_TICKER_WINDOW,AVAILABLE,AVAILABLE,AVAILABLE,AVAILABLE,True,1957-11-06,,XNYS,0,0,OBSERVED_AT_POLYGON_PROVIDER_HISTORY_FLOOR|FIRST_BAR_AFTER_REPORTED_LIST_DATE,,False
HRL,EQUITY,Hormel Foods Corporation,2003-09-10,2004-11-16,2026-08-21,2003-09-10,2004-11-16,22.9464,22.9464,ELIGIBLE_CURRENT_TICKER_WINDOW,AVAILABLE,AVAILABLE,AVAILABLE,AVAILABLE,True,1972-06-01,,XNYS,0,2,SPLIT_HISTORY_PRESENT|OBSERVED_AT_POLYGON_PROVIDER_HISTORY_FLOOR|FIRST_BAR_AFTER_REPORTED_LIST_DATE,,False
HSIC,EQUITY,Henry Schein Inc,2003-09-10,2004-11-16,2026-08-21,2003-09-10,2004-11-16,22.9464,22.9464,ELIGIBLE_CURRENT_TICKER_WINDOW,AVAILABLE,AVAILABLE,AVAILABLE,AVAILABLE,True,1995-11-03,,XNAS,0,3,SPLIT_HISTORY_PRESENT|OBSERVED_AT_POLYGON_PROVIDER_HISTORY_FLOOR|FIRST_BAR_AFTER_REPORTED_LIST_DATE,,False
HST,EQUITY,"Host Hotels & Resorts, Inc.",2006-04-18,2007-06-26,2026-08-21,2003-09-10,2004-11-16,20.3426,22.9464,ELIGIBLE_CURRENT_TICKER_WINDOW,AVAILABLE,AVAILABLE,AVAILABLE,AVAILABLE,True,1983-04-06,,XNAS,1,0,TICKER_CHANGE_LINEAGE_PRESENT|FIRST_BAR_AFTER_REPORTED_LIST_DATE,LINEAGE_JOIN_REQUIRES_SEPARATE_CERTIFICATION,False
HSY,EQUITY,The Hershey Company,2003-09-10,2004-11-16,2026-08-21,2003-09-10,2004-11-16,22.9464,22.9464,ELIGIBLE_CURRENT_TICKER_WINDOW,AVAILABLE,AVAILABLE,AVAILABLE,AVAILABLE,True,1947-09-19,,XNYS,0,1,SPLIT_HISTORY_PRESENT|OBSERVED_AT_POLYGON_PROVIDER_HISTORY_FLOOR|FIRST_BAR_AFTER_REPORTED_LIST_DATE,,False
HUBB,EQUITY,Hubbell Incorporated,2015-12-24,2017-03-06,2026-08-21,2015-12-24,2017-03-06,10.6587,10.6587,ELIGIBLE_CURRENT_TICKER_WINDOW,AVAILABLE,AVAILABLE,AVAILABLE,AVAILABLE,True,1972-06-01,,XNYS,0,0,FIRST_BAR_AFTER_REPORTED_LIST_DATE,,False
HUM,EQUITY,Humana Inc.,2003-09-10,2004-11-16,2026-08-21,2003-09-10,2004-11-16,22.9464,22.9464,ELIGIBLE_CURRENT_TICKER_WINDOW,AVAILABLE,AVAILABLE,AVAILABLE,AVAILABLE,True,1971-05-18,,XNYS,0,0,OBSERVED_AT_POLYGON_PROVIDER_HISTORY_FLOOR|FIRST_BAR_AFTER_REPORTED_LIST_DATE,,False
HWM,EQUITY,Howmet Aerospace Inc.,2020-04-01,2021-06-09,2026-08-21,2020-04-01,2021-06-09,6.3875,6.3875,ELIGIBLE_CURRENT_TICKER_WINDOW,AVAILABLE,AVAILABLE,AVAILABLE,AVAILABLE,True,2016-10-18,,XNYS,0,1,SPLIT_HISTORY_PRESENT|FIRST_BAR_AFTER_REPORTED_LIST_DATE,,False
HYG,ETF,iShares iBoxx $ High Yield Corporate Bond ETF,2004-02-04,2008-03-31,2026-08-21,2004-02-04,2008-03-31,22.5439,22.5439,ELIGIBLE_CURRENT_TICKER_WINDOW,AVAILABLE,AVAILABLE,AVAILABLE,AVAILABLE,True,2007-04-04,,ARCX,0,0,,,False
IAU,ETF,iShares Gold Trust,2005-01-28,2006-04-06,2026-08-21,2005-01-28,2006-04-06,21.561,21.561,ELIGIBLE_CURRENT_TICKER_WINDOW,AVAILABLE,AVAILABLE,AVAILABLE,AVAILABLE,True,2005-01-21,,ARCX,0,2,SPLIT_HISTORY_PRESENT|FIRST_BAR_AFTER_REPORTED_LIST_DATE,,False
IBB,ETF,iShares Biotechnology ETF,2003-09-10,2004-11-16,2026-08-21,2003-09-10,2004-11-16,22.9464,22.9464,ELIGIBLE_CURRENT_TICKER_WINDOW,AVAILABLE,AVAILABLE,AVAILABLE,AVAILABLE,True,2001-02-05,,XNAS,0,1,SPLIT_HISTORY_PRESENT|OBSERVED_AT_POLYGON_PROVIDER_HISTORY_FLOOR|FIRST_BAR_AFTER_REPORTED_LIST_DATE,,False
IBIT,ETF,iShares Bitcoin Trust ETF,2022-09-08,2024-08-16,2026-08-21,2022-09-08,2024-08-16,3.9508,3.9508,ELIGIBLE_CURRENT_TICKER_WINDOW,AVAILABLE,AVAILABLE,AVAILABLE,AVAILABLE,True,2024-01-05,,XNAS,0,0,,,False
IBKR,EQUITY,"Interactive Brokers Group, Inc. Class A Common Stock",2007-05-04,2008-07-11,2026-08-21,2007-05-04,2008-07-11,19.2995,19.2995,ELIGIBLE_CURRENT_TICKER_WINDOW,AVAILABLE,AVAILABLE,AVAILABLE,AVAILABLE,True,2007-05-04,,XNAS,0,1,SPLIT_HISTORY_PRESENT,,False
IBM,EQUITY,International Business Machines Corporation,2003-09-10,2004-11-16,2026-08-21,2003-09-10,2004-11-16,22.9464,22.9464,ELIGIBLE_CURRENT_TICKER_WINDOW,AVAILABLE,AVAILABLE,AVAILABLE,AVAILABLE,True,1949-01-28,,XNYS,0,1,SPLIT_HISTORY_PRESENT|OBSERVED_AT_POLYGON_PROVIDER_HISTORY_FLOOR|FIRST_BAR_AFTER_REPORTED_LIST_DATE,,False
ICE,EQUITY,Intercontinental Exchange  Inc.,2005-11-16,2007-01-29,2026-08-21,2005-11-16,2007-01-29,20.7615,20.7615,ELIGIBLE_CURRENT_TICKER_WINDOW,AVAILABLE,AVAILABLE,AVAILABLE,AVAILABLE,True,2005-11-16,,XNYS,0,1,SPLIT_HISTORY_PRESENT,,False
ICLN,ETF,iShares Global Clean Energy ETF,2008-06-25,2009-09-01,2026-08-21,2008-06-25,2009-09-01,18.1551,18.1551,ELIGIBLE_CURRENT_TICKER_WINDOW,AVAILABLE,AVAILABLE,AVAILABLE,AVAILABLE,True,2008-06-24,,XNAS,0,0,FIRST_BAR_AFTER_REPORTED_LIST_DATE,,False
IDXX,EQUITY,Idexx Laboratories Inc,2003-09-10,2004-11-16,2026-08-21,2003-09-10,2004-11-16,22.9464,22.9464,ELIGIBLE_CURRENT_TICKER_WINDOW,AVAILABLE,AVAILABLE,AVAILABLE,AVAILABLE,True,1991-06-21,,XNAS,0,2,SPLIT_HISTORY_PRESENT|OBSERVED_AT_POLYGON_PROVIDER_HISTORY_FLOOR|FIRST_BAR_AFTER_REPORTED_LIST_DATE,,False
IEF,ETF,iShares 7-10 Year Treasury Bond ETF,2003-09-10,2004-11-16,2026-08-21,2003-09-10,2004-11-16,22.9464,22.9464,ELIGIBLE_CURRENT_TICKER_WINDOW,AVAILABLE,AVAILABLE,AVAILABLE,AVAILABLE,True,2002-07-22,,XNAS,0,0,OBSERVED_AT_POLYGON_PROVIDER_HISTORY_FLOOR|FIRST_BAR_AFTER_REPORTED_LIST_DATE,,False
IEX,EQUITY,IDEX Corporation,2003-09-10,2004-11-16,2026-08-21,2003-09-10,2004-11-16,22.9464,22.9464,ELIGIBLE_CURRENT_TICKER_WINDOW,AVAILABLE,AVAILABLE,AVAILABLE,AVAILABLE,True,1989-04-01,,XNYS,0,1,SPLIT_HISTORY_PRESENT|OBSERVED_AT_POLYGON_PROVIDER_HISTORY_FLOOR|FIRST_BAR_AFTER_REPORTED_LIST_DATE,,False
IFF,EQUITY,International Flavors & Fragrances Inc.,2003-09-10,2004-11-16,2026-08-21,2003-09-10,2004-11-16,22.9464,22.9464,ELIGIBLE_CURRENT_TICKER_WINDOW,AVAILABLE,AVAILABLE,AVAILABLE,AVAILABLE,True,1964-03-02,,XNYS,0,0,OBSERVED_AT_POLYGON_PROVIDER_HISTORY_FLOOR|FIRST_BAR_AFTER_REPORTED_LIST_DATE,,False
IGV,ETF,iShares Expanded Tech-Software Sector ETF,2003-09-10,2004-11-16,2026-08-21,2003-09-10,2004-11-16,22.9464,22.9464,ELIGIBLE_CURRENT_TICKER_WINDOW,AVAILABLE,AVAILABLE,AVAILABLE,AVAILABLE,True,2001-07-10,,BATS,0,1,SPLIT_HISTORY_PRESENT|OBSERVED_AT_POLYGON_PROVIDER_HISTORY_FLOOR|FIRST_BAR_AFTER_REPORTED_LIST_DATE,,False
IHI,ETF,iShares U.S. Medical Devices ETF,2003-09-10,2004-11-16,2026-08-21,2003-09-10,2004-11-16,22.9464,22.9464,ELIGIBLE_CURRENT_TICKER_WINDOW,AVAILABLE,AVAILABLE,AVAILABLE,AVAILABLE,True,2006-05-01,,ARCX,0,1,SPLIT_HISTORY_PRESENT|OBSERVED_AT_POLYGON_PROVIDER_HISTORY_FLOOR,,False
INCY,EQUITY,Incyte Genomics Inc,2003-09-10,2004-11-16,2026-08-21,2003-09-10,2004-11-16,22.9464,22.9464,ELIGIBLE_CURRENT_TICKER_WINDOW,AVAILABLE,AVAILABLE,AVAILABLE,AVAILABLE,True,1993-11-03,,XNAS,0,0,OBSERVED_AT_POLYGON_PROVIDER_HISTORY_FLOOR|FIRST_BAR_AFTER_REPORTED_LIST_DATE,,False
INDA,ETF,iShares MSCI India ETF,2012-02-03,2013-05-21,2026-08-21,2012-02-03,2013-05-21,14.5465,14.5465,ELIGIBLE_CURRENT_TICKER_WINDOW,AVAILABLE,AVAILABLE,AVAILABLE,AVAILABLE,True,2012-02-02,,BATS,0,0,FIRST_BAR_AFTER_REPORTED_LIST_DATE,,False
INTC,EQUITY,Intel Corp,2003-09-10,2004-11-16,2026-08-21,2003-09-10,2004-11-16,22.9464,22.9464,ELIGIBLE_CURRENT_TICKER_WINDOW,AVAILABLE,AVAILABLE,AVAILABLE,AVAILABLE,True,1971-10-13,,XNAS,0,8,SPLIT_HISTORY_PRESENT|OBSERVED_AT_POLYGON_PROVIDER_HISTORY_FLOOR|FIRST_BAR_AFTER_REPORTED_LIST_DATE,,False
INTU,EQUITY,Intuit Inc,2003-09-10,2004-11-16,2026-08-21,2003-09-10,2004-11-16,22.9464,22.9464,ELIGIBLE_CURRENT_TICKER_WINDOW,AVAILABLE,AVAILABLE,AVAILABLE,AVAILABLE,True,1993-03-12,,XNAS,0,1,SPLIT_HISTORY_PRESENT|OBSERVED_AT_POLYGON_PROVIDER_HISTORY_FLOOR|FIRST_BAR_AFTER_REPORTED_LIST_DATE,,False
INVH,EQUITY,Invitation Homes Inc. Common Stock,2017-02-01,2018-04-11,2026-08-21,2017-02-01,2018-04-11,9.5498,9.5498,ELIGIBLE_CURRENT_TICKER_WINDOW,AVAILABLE,AVAILABLE,AVAILABLE,AVAILABLE,True,2017-02-01,,XNYS,0,0,,,False
IP,EQUITY,International Paper Co.,2003-09-10,2004-11-16,2026-08-21,2003-09-10,2004-11-16,22.9464,22.9464,ELIGIBLE_CURRENT_TICKER_WINDOW,AVAILABLE,AVAILABLE,AVAILABLE,AVAILABLE,True,1949-12-21,,XNYS,0,0,OBSERVED_AT_POLYGON_PROVIDER_HISTORY_FLOOR|FIRST_BAR_AFTER_REPORTED_LIST_DATE,,False
IQV,EQUITY,IQVIA Holdings Inc.,2017-11-15,2019-01-28,2026-08-21,2017-11-15,2019-01-28,8.764,8.764,ELIGIBLE_CURRENT_TICKER_WINDOW,AVAILABLE,AVAILABLE,AVAILABLE,AVAILABLE,True,2013-05-09,,XNYS,0,0,FIRST_BAR_AFTER_REPORTED_LIST_DATE,,False
IR,EQUITY,Ingersoll Rand Inc. Common Stock,2003-09-10,2004-11-16,2026-08-21,2003-09-10,2004-11-16,22.9464,22.9464,ELIGIBLE_CURRENT_TICKER_WINDOW,AVAILABLE,AVAILABLE,AVAILABLE,AVAILABLE,True,2017-05-12,,XNYS,0,1,SPLIT_HISTORY_PRESENT|OBSERVED_AT_POLYGON_PROVIDER_HISTORY_FLOOR,,False
IRM,EQUITY,Iron Mountain Inc.,2003-09-10,2004-11-16,2026-08-21,2003-09-10,2004-11-16,22.9464,22.9464,ELIGIBLE_CURRENT_TICKER_WINDOW,AVAILABLE,AVAILABLE,AVAILABLE,AVAILABLE,True,1996-02-01,,XNYS,0,0,OBSERVED_AT_POLYGON_PROVIDER_HISTORY_FLOOR|FIRST_BAR_AFTER_REPORTED_LIST_DATE,,False
ISRG,EQUITY,Intuitive Surgical Inc.,2003-09-10,2004-11-16,2026-08-21,2003-09-10,2004-11-16,22.9464,22.9464,ELIGIBLE_CURRENT_TICKER_WINDOW,AVAILABLE,AVAILABLE,AVAILABLE,AVAILABLE,True,2000-06-13,,XNAS,0,3,SPLIT_HISTORY_PRESENT|OBSERVED_AT_POLYGON_PROVIDER_HISTORY_FLOOR|FIRST_BAR_AFTER_REPORTED_LIST_DATE,,False
IT,EQUITY,"Gartner, Inc.",2003-09-10,2004-11-16,2026-08-21,2003-09-10,2004-11-16,22.9464,22.9464,ELIGIBLE_CURRENT_TICKER_WINDOW,AVAILABLE,AVAILABLE,AVAILABLE,AVAILABLE,True,1993-10-29,,XNYS,0,3,SPLIT_HISTORY_PRESENT|OBSERVED_AT_POLYGON_PROVIDER_HISTORY_FLOOR|FIRST_BAR_AFTER_REPORTED_LIST_DATE,,False
ITB,ETF,iShares U.S. Home Construction ETF,2006-05-05,2007-07-16,2026-08-21,2006-05-05,2007-07-16,20.2961,20.2961,ELIGIBLE_CURRENT_TICKER_WINDOW,AVAILABLE,AVAILABLE,AVAILABLE,AVAILABLE,True,2006-05-01,,BATS,0,0,FIRST_BAR_AFTER_REPORTED_LIST_DATE,,False
ITOT,ETF,iShares Core S&P Total U.S. Stock Market ETF,2012-10-17,2013-12-27,2026-08-21,2004-01-23,2005-04-05,13.8429,22.5768,ELIGIBLE_CURRENT_TICKER_WINDOW,AVAILABLE,AVAILABLE,AVAILABLE,AVAILABLE,True,2004-01-20,,ARCX,1,1,TICKER_CHANGE_LINEAGE_PRESENT|SPLIT_HISTORY_PRESENT|FIRST_BAR_AFTER_REPORTED_LIST_DATE,LINEAGE_JOIN_REQUIRES_SEPARATE_CERTIFICATION,False
ITW,EQUITY,Illinois Tool Works Inc.,2003-09-10,2004-11-16,2026-08-21,2003-09-10,2004-11-16,22.9464,22.9464,ELIGIBLE_CURRENT_TICKER_WINDOW,AVAILABLE,AVAILABLE,AVAILABLE,AVAILABLE,True,1973-03-13,,XNYS,0,1,SPLIT_HISTORY_PRESENT|OBSERVED_AT_POLYGON_PROVIDER_HISTORY_FLOOR|FIRST_BAR_AFTER_REPORTED_LIST_DATE,,False
IVV,ETF,iShares Core S&P 500 ETF,2003-09-10,2004-11-16,2026-08-21,2003-09-10,2004-11-16,22.9464,22.9464,ELIGIBLE_CURRENT_TICKER_WINDOW,AVAILABLE,AVAILABLE,AVAILABLE,AVAILABLE,True,2000-05-15,,ARCX,0,0,OBSERVED_AT_POLYGON_PROVIDER_HISTORY_FLOOR|FIRST_BAR_AFTER_REPORTED_LIST_DATE,,False
IVZ,EQUITY,Invesco LTD,2007-05-24,2008-07-31,2026-08-21,2007-05-24,2008-07-31,19.2447,19.2447,ELIGIBLE_CURRENT_TICKER_WINDOW,AVAILABLE,AVAILABLE,AVAILABLE,AVAILABLE,True,1994-03-01,,XNYS,0,1,SPLIT_HISTORY_PRESENT|FIRST_BAR_AFTER_REPORTED_LIST_DATE,,False
IWD,ETF,iShares Russell 1000 Value ETF,2003-09-10,2004-11-16,2026-08-21,2003-09-10,2004-11-16,22.9464,22.9464,ELIGIBLE_CURRENT_TICKER_WINDOW,AVAILABLE,AVAILABLE,AVAILABLE,AVAILABLE,True,2000-05-22,,ARCX,0,0,OBSERVED_AT_POLYGON_PROVIDER_HISTORY_FLOOR|FIRST_BAR_AFTER_REPORTED_LIST_DATE,,False
IWF,ETF,iShares Russell 1000 Growth ETF,2003-09-10,2004-11-16,2026-08-21,2003-09-10,2004-11-16,22.9464,22.9464,ELIGIBLE_CURRENT_TICKER_WINDOW,AVAILABLE,AVAILABLE,AVAILABLE,AVAILABLE,True,2000-05-22,,ARCX,0,1,SPLIT_HISTORY_PRESENT|OBSERVED_AT_POLYGON_PROVIDER_HISTORY_FLOOR|FIRST_BAR_AFTER_REPORTED_LIST_DATE,,False
IWM,ETF,iShares Russell 2000 ETF,2003-09-10,2004-11-16,2026-08-21,2003-09-10,2004-11-16,22.9464,22.9464,ELIGIBLE_CURRENT_TICKER_WINDOW,AVAILABLE,AVAILABLE,AVAILABLE,AVAILABLE,True,2000-05-22,,ARCX,0,1,SPLIT_HISTORY_PRESENT|OBSERVED_AT_POLYGON_PROVIDER_HISTORY_FLOOR|FIRST_BAR_AFTER_REPORTED_LIST_DATE,,False
IYR,ETF,iShares U.S. Real Estate ETF,2003-09-10,2004-11-16,2026-08-21,2003-09-10,2004-11-16,22.9464,22.9464,ELIGIBLE_CURRENT_TICKER_WINDOW,AVAILABLE,AVAILABLE,AVAILABLE,AVAILABLE,True,2000-06-12,,ARCX,0,0,OBSERVED_AT_POLYGON_PROVIDER_HISTORY_FLOOR|FIRST_BAR_AFTER_REPORTED_LIST_DATE,,False
J,EQUITY,Jacobs Solutions Inc.,2019-12-10,2021-02-18,2026-08-21,2019-12-10,2021-02-18,6.6969,6.6969,ELIGIBLE_CURRENT_TICKER_WINDOW,AVAILABLE,AVAILABLE,AVAILABLE,AVAILABLE,True,1972-06-01,,XNYS,0,0,FIRST_BAR_AFTER_REPORTED_LIST_DATE,,False
JBHT,EQUITY,JB Hunt Transport Services Inc,2003-09-10,2004-11-16,2026-08-21,2003-09-10,2004-11-16,22.9464,22.9464,ELIGIBLE_CURRENT_TICKER_WINDOW,AVAILABLE,AVAILABLE,AVAILABLE,AVAILABLE,True,1983-11-22,,XNAS,0,2,SPLIT_HISTORY_PRESENT|OBSERVED_AT_POLYGON_PROVIDER_HISTORY_FLOOR|FIRST_BAR_AFTER_REPORTED_LIST_DATE,,False
JBL,EQUITY,Jabil Inc.,2003-09-10,2004-11-16,2026-08-21,2003-09-10,2004-11-16,22.9464,22.9464,ELIGIBLE_CURRENT_TICKER_WINDOW,AVAILABLE,AVAILABLE,AVAILABLE,AVAILABLE,True,1993-04-29,,XNYS,0,3,SPLIT_HISTORY_PRESENT|OBSERVED_AT_POLYGON_PROVIDER_HISTORY_FLOOR|FIRST_BAR_AFTER_REPORTED_LIST_DATE,,False
JCI,EQUITY,Johnson Controls International plc,2003-09-10,2004-11-16,2026-08-21,2003-09-10,2004-11-16,22.9464,22.9464,ELIGIBLE_CURRENT_TICKER_WINDOW,AVAILABLE,AVAILABLE,AVAILABLE,AVAILABLE,True,1965-10-11,,XNYS,0,2,SPLIT_HISTORY_PRESENT|OBSERVED_AT_POLYGON_PROVIDER_HISTORY_FLOOR|FIRST_BAR_AFTER_REPORTED_LIST_DATE,,False
JEPI,ETF,JPMorgan Equity Premium Income ETF,2020-05-21,2021-07-29,2026-08-21,2020-05-21,2021-07-29,6.2506,6.2506,ELIGIBLE_CURRENT_TICKER_WINDOW,AVAILABLE,AVAILABLE,AVAILABLE,AVAILABLE,True,2020-05-20,,ARCX,0,0,FIRST_BAR_AFTER_REPORTED_LIST_DATE,,False
JEPQ,ETF,J.P. Morgan Nasdaq Equity Premium Income ETF,2022-05-04,2023-07-14,2026-08-21,2022-05-04,2023-07-14,4.2985,4.2985,ELIGIBLE_CURRENT_TICKER_WINDOW,AVAILABLE,AVAILABLE,AVAILABLE,AVAILABLE,True,2022-05-03,,XNAS,0,0,FIRST_BAR_AFTER_REPORTED_LIST_DATE,,False
JETS,ETF,U.S. Global Jets ETF,2015-04-30,2016-07-07,2026-08-21,2015-04-30,2016-07-07,11.3103,11.3103,ELIGIBLE_CURRENT_TICKER_WINDOW,AVAILABLE,AVAILABLE,AVAILABLE,AVAILABLE,True,2015-04-30,,ARCX,0,0,,,False
JKHY,EQUITY,Henry (Jack) & Associates,2003-09-10,2004-11-16,2026-08-21,2003-09-10,2004-11-16,22.9464,22.9464,ELIGIBLE_CURRENT_TICKER_WINDOW,AVAILABLE,AVAILABLE,AVAILABLE,AVAILABLE,True,1985-11-20,,XNAS,0,0,OBSERVED_AT_POLYGON_PROVIDER_HISTORY_FLOOR|FIRST_BAR_AFTER_REPORTED_LIST_DATE,,False
JNJ,EQUITY,Johnson & Johnson,2003-09-10,2004-11-16,2026-08-21,2003-09-10,2004-11-16,22.9464,22.9464,ELIGIBLE_CURRENT_TICKER_WINDOW,AVAILABLE,AVAILABLE,AVAILABLE,AVAILABLE,True,1944-09-25,,XNYS,0,0,OBSERVED_AT_POLYGON_PROVIDER_HISTORY_FLOOR|FIRST_BAR_AFTER_REPORTED_LIST_DATE,,False
JPM,EQUITY,JPMorgan Chase & Co.,2003-09-10,2004-11-16,2026-08-21,2003-09-10,2004-11-16,22.9464,22.9464,ELIGIBLE_CURRENT_TICKER_WINDOW,AVAILABLE,AVAILABLE,AVAILABLE,AVAILABLE,True,1969-03-05,,XNYS,0,0,OBSERVED_AT_POLYGON_PROVIDER_HISTORY_FLOOR|FIRST_BAR_AFTER_REPORTED_LIST_DATE,,False
KBE,ETF,State Street SPDR S&P Bank ETF,2005-11-15,2007-01-26,2026-08-21,2005-11-15,2007-01-26,20.7643,20.7643,ELIGIBLE_CURRENT_TICKER_WINDOW,AVAILABLE,AVAILABLE,AVAILABLE,AVAILABLE,True,2005-11-08,,ARCX,0,0,FIRST_BAR_AFTER_REPORTED_LIST_DATE,,False
KDP,EQUITY,Keurig Dr Pepper Inc.,2018-07-10,2019-09-17,2026-08-21,2018-07-10,2019-09-17,8.1152,8.1152,ELIGIBLE_CURRENT_TICKER_WINDOW,AVAILABLE,AVAILABLE,AVAILABLE,AVAILABLE,True,2008-05-07,,XNAS,0,0,FIRST_BAR_AFTER_REPORTED_LIST_DATE,,False
KEY,EQUITY,KeyCorp,2003-09-10,2004-11-16,2026-08-21,2003-09-10,2004-11-16,22.9464,22.9464,ELIGIBLE_CURRENT_TICKER_WINDOW,AVAILABLE,AVAILABLE,AVAILABLE,AVAILABLE,True,1975-02-18,,XNYS,0,0,OBSERVED_AT_POLYGON_PROVIDER_HISTORY_FLOOR|FIRST_BAR_AFTER_REPORTED_LIST_DATE,,False
KEYS,EQUITY,"Keysight Technologies, Inc.",2003-09-10,2004-11-16,2026-08-21,2003-09-10,2004-11-16,22.9464,22.9464,ELIGIBLE_CURRENT_TICKER_WINDOW,AVAILABLE,AVAILABLE,AVAILABLE,AVAILABLE,True,2014-10-20,,XNYS,0,0,OBSERVED_AT_POLYGON_PROVIDER_HISTORY_FLOOR,,False
KHC,EQUITY,The Kraft Heinz Company Common Stock,2015-07-06,2016-09-09,2026-08-21,2015-07-06,2016-09-09,11.1269,11.1269,ELIGIBLE_CURRENT_TICKER_WINDOW,AVAILABLE,AVAILABLE,AVAILABLE,AVAILABLE,True,2015-07-06,,XNAS,0,0,,,False
KIM,EQUITY,Kimco Realty Corp.,2003-09-10,2004-11-16,2026-08-21,2003-09-10,2004-11-16,22.9464,22.9464,ELIGIBLE_CURRENT_TICKER_WINDOW,AVAILABLE,AVAILABLE,AVAILABLE,AVAILABLE,True,1991-11-22,,XNYS,0,0,OBSERVED_AT_POLYGON_PROVIDER_HISTORY_FLOOR|FIRST_BAR_AFTER_REPORTED_LIST_DATE,,False
KKR,EQUITY,KKR & Co. Inc.,2010-07-15,2011-09-20,2026-08-21,2010-07-15,2011-09-20,16.1016,16.1016,ELIGIBLE_CURRENT_TICKER_WINDOW,AVAILABLE,AVAILABLE,AVAILABLE,AVAILABLE,True,2010-07-15,,XNYS,0,0,,,False
KLAC,EQUITY,KLA Corporation Common Stock,2003-09-10,2004-11-16,2026-08-21,2003-09-10,2004-11-16,22.9464,22.9464,ELIGIBLE_CURRENT_TICKER_WINDOW,AVAILABLE,AVAILABLE,AVAILABLE,AVAILABLE,True,1980-10-08,,XNAS,0,1,SPLIT_HISTORY_PRESENT|OBSERVED_AT_POLYGON_PROVIDER_HISTORY_FLOOR|FIRST_BAR_AFTER_REPORTED_LIST_DATE,,False
KMB,EQUITY,Kimberly-Clark Corp.,2003-09-10,2004-11-16,2026-08-21,2003-09-10,2004-11-16,22.9464,22.9464,ELIGIBLE_CURRENT_TICKER_WINDOW,AVAILABLE,AVAILABLE,AVAILABLE,AVAILABLE,True,1946-08-22,,XNAS,0,0,OBSERVED_AT_POLYGON_PROVIDER_HISTORY_FLOOR|FIRST_BAR_AFTER_REPORTED_LIST_DATE,,False
KMI,EQUITY,"Kinder Morgan, Inc.",2003-09-10,2004-11-16,2026-08-21,2003-09-10,2004-11-16,22.9464,22.9464,ELIGIBLE_CURRENT_TICKER_WINDOW,AVAILABLE,AVAILABLE,AVAILABLE,AVAILABLE,True,2011-02-11,,XNYS,0,0,OBSERVED_AT_POLYGON_PROVIDER_HISTORY_FLOOR,,False
KO,EQUITY,Coca-Cola Company,2003-09-10,2004-11-16,2026-08-21,2003-09-10,2004-11-16,22.9464,22.9464,ELIGIBLE_CURRENT_TICKER_WINDOW,AVAILABLE,AVAILABLE,AVAILABLE,AVAILABLE,True,1924-09-26,,XNYS,0,1,SPLIT_HISTORY_PRESENT|OBSERVED_AT_POLYGON_PROVIDER_HISTORY_FLOOR|FIRST_BAR_AFTER_REPORTED_LIST_DATE,,False
KR,EQUITY,The Kroger Co.,2003-09-10,2004-11-16,2026-08-21,2003-09-10,2004-11-16,22.9464,22.9464,ELIGIBLE_CURRENT_TICKER_WINDOW,AVAILABLE,AVAILABLE,AVAILABLE,AVAILABLE,True,1951-01-12,,XNYS,0,1,SPLIT_HISTORY_PRESENT|OBSERVED_AT_POLYGON_PROVIDER_HISTORY_FLOOR|FIRST_BAR_AFTER_REPORTED_LIST_DATE,,False
KRE,ETF,State Street SPDR S&P Regional Banking ETF,2006-06-22,2007-08-30,2026-08-21,2006-06-22,2007-08-30,20.1647,20.1647,ELIGIBLE_CURRENT_TICKER_WINDOW,AVAILABLE,AVAILABLE,AVAILABLE,AVAILABLE,True,2006-06-19,,ARCX,0,0,FIRST_BAR_AFTER_REPORTED_LIST_DATE,,False
KVUE,EQUITY,Kenvue Inc.,2023-05-04,2024-07-15,2026-08-21,2023-05-04,2024-07-15,3.2992,3.2992,ELIGIBLE_CURRENT_TICKER_WINDOW,AVAILABLE,AVAILABLE,AVAILABLE,AVAILABLE,True,2023-05-04,,XNYS,0,0,,,False
KWEB,ETF,KraneShares CSI China Internet ETF,2013-08-01,2014-10-17,2026-08-21,2013-08-01,2014-10-17,13.0543,13.0543,ELIGIBLE_CURRENT_TICKER_WINDOW,AVAILABLE,AVAILABLE,AVAILABLE,AVAILABLE,True,2013-07-31,,ARCX,0,0,FIRST_BAR_AFTER_REPORTED_LIST_DATE,,False
L,EQUITY,Loews Corporation,2003-09-10,2004-11-16,2026-08-21,2003-09-10,2004-11-16,22.9464,22.9464,ELIGIBLE_CURRENT_TICKER_WINDOW,AVAILABLE,AVAILABLE,AVAILABLE,AVAILABLE,True,1972-06-01,,XNYS,1,0,TICKER_CHANGE_LINEAGE_PRESENT|OBSERVED_AT_POLYGON_PROVIDER_HISTORY_FLOOR|FIRST_BAR_AFTER_REPORTED_LIST_DATE,LINEAGE_JOIN_REQUIRES_SEPARATE_CERTIFICATION,False
LDOS,EQUITY,"Leidos Holdings, Inc.",2013-09-30,2014-12-05,2026-08-21,2013-09-30,2014-12-05,12.8901,12.8901,ELIGIBLE_CURRENT_TICKER_WINDOW,AVAILABLE,AVAILABLE,AVAILABLE,AVAILABLE,True,2006-10-13,,XNYS,0,0,FIRST_BAR_AFTER_REPORTED_LIST_DATE,,False
LEN,EQUITY,Lennar Corporation Class A,2003-09-10,2004-11-16,2026-08-21,2003-09-10,2004-11-16,22.9464,22.9464,ELIGIBLE_CURRENT_TICKER_WINDOW,AVAILABLE,AVAILABLE,AVAILABLE,AVAILABLE,True,1972-07-27,,XNYS,0,4,SPLIT_HISTORY_PRESENT|OBSERVED_AT_POLYGON_PROVIDER_HISTORY_FLOOR|FIRST_BAR_AFTER_REPORTED_LIST_DATE,,False
LH,EQUITY,Labcorp Holdings Inc.,2003-09-10,2004-11-16,2026-08-21,2003-09-10,2004-11-16,22.9464,22.9464,ELIGIBLE_CURRENT_TICKER_WINDOW,AVAILABLE,AVAILABLE,AVAILABLE,AVAILABLE,True,1988-07-07,,XNYS,0,1,SPLIT_HISTORY_PRESENT|OBSERVED_AT_POLYGON_PROVIDER_HISTORY_FLOOR|FIRST_BAR_AFTER_REPORTED_LIST_DATE,,False
LHX,EQUITY,"L3Harris Technologies, Inc.",2019-07-01,2020-09-04,2026-08-21,2019-07-01,2020-09-04,7.1405,7.1405,ELIGIBLE_CURRENT_TICKER_WINDOW,AVAILABLE,AVAILABLE,AVAILABLE,AVAILABLE,True,1955-07-13,,XNYS,0,1,SPLIT_HISTORY_PRESENT|FIRST_BAR_AFTER_REPORTED_LIST_DATE,,False
LII,EQUITY,Lennox International Inc.,2003-09-10,2004-11-16,2026-08-21,2003-09-10,2004-11-16,22.9464,22.9464,ELIGIBLE_CURRENT_TICKER_WINDOW,AVAILABLE,AVAILABLE,AVAILABLE,AVAILABLE,True,1999-07-29,,XNYS,0,0,OBSERVED_AT_POLYGON_PROVIDER_HISTORY_FLOOR|FIRST_BAR_AFTER_REPORTED_LIST_DATE,,False
LIN,EQUITY,Linde plc Ordinary Share,2003-09-10,2004-11-16,2026-08-21,2003-09-10,2004-11-16,22.9464,22.9464,ELIGIBLE_CURRENT_TICKER_WINDOW,AVAILABLE,AVAILABLE,AVAILABLE,AVAILABLE,True,1992-06-01,,XNAS,0,0,OBSERVED_AT_POLYGON_PROVIDER_HISTORY_FLOOR|FIRST_BAR_AFTER_REPORTED_LIST_DATE,,False
LITE,EQUITY,Lumentum Holdings Inc. Common Stock,2003-09-10,2016-09-28,2026-08-21,2003-09-10,2016-09-28,22.9464,22.9464,ELIGIBLE_CURRENT_TICKER_WINDOW,AVAILABLE,AVAILABLE,AVAILABLE,AVAILABLE,True,2015-07-23,,XNAS,0,0,OBSERVED_AT_POLYGON_PROVIDER_HISTORY_FLOOR,,False
LLY,EQUITY,Eli Lilly & Co.,2003-09-10,2004-11-16,2026-08-21,2003-09-10,2004-11-16,22.9464,22.9464,ELIGIBLE_CURRENT_TICKER_WINDOW,AVAILABLE,AVAILABLE,AVAILABLE,AVAILABLE,True,1970-07-09,,XNYS,0,0,OBSERVED_AT_POLYGON_PROVIDER_HISTORY_FLOOR|FIRST_BAR_AFTER_REPORTED_LIST_DATE,,False
LMT,EQUITY,Lockheed Martin Corp.,2003-09-10,2004-11-16,2026-08-21,2003-09-10,2004-11-16,22.9464,22.9464,ELIGIBLE_CURRENT_TICKER_WINDOW,AVAILABLE,AVAILABLE,AVAILABLE,AVAILABLE,True,1995-03-16,,XNYS,0,0,OBSERVED_AT_POLYGON_PROVIDER_HISTORY_FLOOR|FIRST_BAR_AFTER_REPORTED_LIST_DATE,,False
LNT,EQUITY,Alliant Energy Corporation Common Stock,2003-09-10,2004-11-16,2026-08-21,2003-09-10,2004-11-16,22.9464,22.9464,ELIGIBLE_CURRENT_TICKER_WINDOW,AVAILABLE,AVAILABLE,AVAILABLE,AVAILABLE,True,1972-06-30,,XNAS,0,1,SPLIT_HISTORY_PRESENT|OBSERVED_AT_POLYGON_PROVIDER_HISTORY_FLOOR|FIRST_BAR_AFTER_REPORTED_LIST_DATE,,False
LOW,EQUITY,Lowe's Companies Inc.,2003-09-10,2004-11-16,2026-08-21,2003-09-10,2004-11-16,22.9464,22.9464,ELIGIBLE_CURRENT_TICKER_WINDOW,AVAILABLE,AVAILABLE,AVAILABLE,AVAILABLE,True,1972-06-01,,XNYS,0,1,SPLIT_HISTORY_PRESENT|OBSERVED_AT_POLYGON_PROVIDER_HISTORY_FLOOR|FIRST_BAR_AFTER_REPORTED_LIST_DATE,,False
LQD,ETF,iShares iBoxx $ Investment Grade Corporate Bond ETF,2003-09-10,2004-11-16,2026-08-21,2003-09-10,2004-11-16,22.9464,22.9464,ELIGIBLE_CURRENT_TICKER_WINDOW,AVAILABLE,AVAILABLE,AVAILABLE,AVAILABLE,True,2002-07-22,,ARCX,0,0,OBSERVED_AT_POLYGON_PROVIDER_HISTORY_FLOOR|FIRST_BAR_AFTER_REPORTED_LIST_DATE,,False
LRCX,EQUITY,Lam Research Corp,2003-09-10,2004-11-16,2026-08-21,2003-09-10,2004-11-16,22.9464,22.9464,ELIGIBLE_CURRENT_TICKER_WINDOW,AVAILABLE,AVAILABLE,AVAILABLE,AVAILABLE,True,1984-05-04,,XNAS,0,1,SPLIT_HISTORY_PRESENT|OBSERVED_AT_POLYGON_PROVIDER_HISTORY_FLOOR|FIRST_BAR_AFTER_REPORTED_LIST_DATE,,False
LULU,EQUITY,lululemon athletica inc.,2007-07-30,2008-10-03,2026-08-21,2007-07-27,2008-10-03,19.0613,19.0695,ELIGIBLE_CURRENT_TICKER_WINDOW,AVAILABLE,AVAILABLE,AVAILABLE,AVAILABLE,True,2007-07-27,,XNAS,1,1,TICKER_CHANGE_LINEAGE_PRESENT|SPLIT_HISTORY_PRESENT|FIRST_BAR_AFTER_REPORTED_LIST_DATE,LINEAGE_JOIN_REQUIRES_SEPARATE_CERTIFICATION,False
LUV,EQUITY,Southwest Airlines Co.,2003-09-10,2004-11-16,2026-08-21,2003-09-10,2004-11-16,22.9464,22.9464,ELIGIBLE_CURRENT_TICKER_WINDOW,AVAILABLE,AVAILABLE,AVAILABLE,AVAILABLE,True,1973-01-02,,XNYS,0,0,OBSERVED_AT_POLYGON_PROVIDER_HISTORY_FLOOR|FIRST_BAR_AFTER_REPORTED_LIST_DATE,,False
LVS,EQUITY,Las Vegas Sands Corp.,2004-12-15,2006-02-23,2026-08-21,2004-12-15,2006-02-23,21.6815,21.6815,ELIGIBLE_CURRENT_TICKER_WINDOW,AVAILABLE,AVAILABLE,AVAILABLE,AVAILABLE,True,2004-12-15,,XNYS,0,0,,,False
LYB,EQUITY,LyondellBasell Industries N.V. Class A,2010-10-14,2011-12-20,2026-08-21,2010-10-14,2011-12-20,15.8525,15.8525,ELIGIBLE_CURRENT_TICKER_WINDOW,AVAILABLE,AVAILABLE,AVAILABLE,AVAILABLE,True,2010-04-28,,XNYS,0,0,FIRST_BAR_AFTER_REPORTED_LIST_DATE,,False
LYV,EQUITY,Live Nation Entertainment Inc.,2005-12-22,2007-03-06,2026-08-21,2005-12-22,2007-03-06,20.663,20.663,ELIGIBLE_CURRENT_TICKER_WINDOW,AVAILABLE,AVAILABLE,AVAILABLE,AVAILABLE,True,2005-12-14,,XNYS,0,0,FIRST_BAR_AFTER_REPORTED_LIST_DATE,,False
MA,EQUITY,Mastercard Incorporated,2006-05-25,2007-08-03,2026-08-21,2006-05-25,2007-08-03,20.2413,20.2413,ELIGIBLE_CURRENT_TICKER_WINDOW,AVAILABLE,AVAILABLE,AVAILABLE,AVAILABLE,True,2006-05-25,,XNYS,0,1,SPLIT_HISTORY_PRESENT,,False
MAA,EQUITY,"Mid-America Apartment Communities, Inc.",2003-09-10,2004-11-16,2026-08-21,2003-09-10,2004-11-16,22.9464,22.9464,ELIGIBLE_CURRENT_TICKER_WINDOW,AVAILABLE,AVAILABLE,AVAILABLE,AVAILABLE,True,1994-01-28,,XNYS,0,0,OBSERVED_AT_POLYGON_PROVIDER_HISTORY_FLOOR|FIRST_BAR_AFTER_REPORTED_LIST_DATE,,False
MAR,EQUITY,Marriott International Class A Common Stock,2003-09-10,2004-11-16,2026-08-21,2003-09-10,2004-11-16,22.9464,22.9464,ELIGIBLE_CURRENT_TICKER_WINDOW,AVAILABLE,AVAILABLE,AVAILABLE,AVAILABLE,True,1998-03-30,,XNAS,0,1,SPLIT_HISTORY_PRESENT|OBSERVED_AT_POLYGON_PROVIDER_HISTORY_FLOOR|FIRST_BAR_AFTER_REPORTED_LIST_DATE,,False
MAS,EQUITY,Masco Corporation,2003-09-10,2004-11-16,2026-08-21,2003-09-10,2004-11-16,22.9464,22.9464,ELIGIBLE_CURRENT_TICKER_WINDOW,AVAILABLE,AVAILABLE,AVAILABLE,AVAILABLE,True,1969-05-05,,XNYS,0,0,OBSERVED_AT_POLYGON_PROVIDER_HISTORY_FLOOR|FIRST_BAR_AFTER_REPORTED_LIST_DATE,,False
MCD,EQUITY,McDonald's Corporation,2003-09-10,2004-11-16,2026-08-21,2003-09-10,2004-11-16,22.9464,22.9464,ELIGIBLE_CURRENT_TICKER_WINDOW,AVAILABLE,AVAILABLE,AVAILABLE,AVAILABLE,True,1966-07-05,,XNYS,0,0,OBSERVED_AT_POLYGON_PROVIDER_HISTORY_FLOOR|FIRST_BAR_AFTER_REPORTED_LIST_DATE,,False
MCHP,EQUITY,Microchip Technology Inc,2003-09-10,2004-11-16,2026-08-21,2003-09-10,2004-11-16,22.9464,22.9464,ELIGIBLE_CURRENT_TICKER_WINDOW,AVAILABLE,AVAILABLE,AVAILABLE,AVAILABLE,True,1993-03-26,,XNAS,0,1,SPLIT_HISTORY_PRESENT|OBSERVED_AT_POLYGON_PROVIDER_HISTORY_FLOOR|FIRST_BAR_AFTER_REPORTED_LIST_DATE,,False
MCK,EQUITY,McKesson Corporation,2003-09-10,2004-11-16,2026-08-21,2003-09-10,2004-11-16,22.9464,22.9464,ELIGIBLE_CURRENT_TICKER_WINDOW,AVAILABLE,AVAILABLE,AVAILABLE,AVAILABLE,True,1987-08-03,,XNYS,0,0,OBSERVED_AT_POLYGON_PROVIDER_HISTORY_FLOOR|FIRST_BAR_AFTER_REPORTED_LIST_DATE,,False
MCO,EQUITY,Moody's Corporation,2003-09-10,2004-11-16,2026-08-21,2003-09-10,2004-11-16,22.9464,22.9464,ELIGIBLE_CURRENT_TICKER_WINDOW,AVAILABLE,AVAILABLE,AVAILABLE,AVAILABLE,True,1984-11-05,,XNYS,0,1,SPLIT_HISTORY_PRESENT|OBSERVED_AT_POLYGON_PROVIDER_HISTORY_FLOOR|FIRST_BAR_AFTER_REPORTED_LIST_DATE,,False
MDLZ,EQUITY,"Mondelez International, Inc. Class A",2012-10-02,2013-12-11,2026-08-21,2012-09-17,2013-12-11,13.8839,13.925,ELIGIBLE_CURRENT_TICKER_WINDOW,AVAILABLE,AVAILABLE,AVAILABLE,AVAILABLE,True,2001-06-13,,XNAS,1,0,TICKER_CHANGE_LINEAGE_PRESENT|FIRST_BAR_AFTER_REPORTED_LIST_DATE,LINEAGE_JOIN_REQUIRES_SEPARATE_CERTIFICATION,False
MDT,EQUITY,Medtronic plc,2003-09-10,2004-11-16,2026-08-21,2003-09-10,2004-11-16,22.9464,22.9464,ELIGIBLE_CURRENT_TICKER_WINDOW,AVAILABLE,AVAILABLE,AVAILABLE,AVAILABLE,True,1972-06-01,,XNYS,0,0,OBSERVED_AT_POLYGON_PROVIDER_HISTORY_FLOOR|FIRST_BAR_AFTER_REPORTED_LIST_DATE,,False
MELI,EQUITY,"Mercado Libre, Inc",2007-08-10,2008-10-16,2026-08-21,2007-08-10,2008-10-16,19.0312,19.0312,ELIGIBLE_CURRENT_TICKER_WINDOW,AVAILABLE,AVAILABLE,AVAILABLE,AVAILABLE,True,2007-08-10,,XNAS,0,0,,,False
MET,EQUITY,"MetLife, Inc.",2003-09-10,2004-11-16,2026-08-21,2003-09-10,2004-11-16,22.9464,22.9464,ELIGIBLE_CURRENT_TICKER_WINDOW,AVAILABLE,AVAILABLE,AVAILABLE,AVAILABLE,True,2000-04-05,,XNYS,0,0,OBSERVED_AT_POLYGON_PROVIDER_HISTORY_FLOOR|FIRST_BAR_AFTER_REPORTED_LIST_DATE,,False
META,EQUITY,"Meta Platforms, Inc. Class A Common Stock",2021-06-30,2023-01-17,2026-08-21,2012-05-18,2013-07-30,5.1418,14.259,ELIGIBLE_CURRENT_TICKER_WINDOW,AVAILABLE,AVAILABLE,AVAILABLE,AVAILABLE,True,2012-05-18,,XNAS,1,0,TICKER_CHANGE_LINEAGE_PRESENT|FIRST_BAR_AFTER_REPORTED_LIST_DATE,LINEAGE_JOIN_REQUIRES_SEPARATE_CERTIFICATION,False
MGM,EQUITY,MGM RESORTS INTERNATIONAL,2003-09-10,2004-11-16,2026-08-21,2003-09-10,2004-11-16,22.9464,22.9464,ELIGIBLE_CURRENT_TICKER_WINDOW,AVAILABLE,AVAILABLE,AVAILABLE,AVAILABLE,True,1997-11-12,,XNYS,1,2,TICKER_CHANGE_LINEAGE_PRESENT|SPLIT_HISTORY_PRESENT|OBSERVED_AT_POLYGON_PROVIDER_HISTORY_FLOOR|FIRST_BAR_AFTER_REPORTED_LIST_DATE,LINEAGE_JOIN_REQUIRES_SEPARATE_CERTIFICATION,False
MKC,EQUITY,"McCormick & Company, Incorporated Non-VTG CS",2003-09-10,2004-11-16,2026-08-21,2003-09-10,2004-11-16,22.9464,22.9464,ELIGIBLE_CURRENT_TICKER_WINDOW,AVAILABLE,AVAILABLE,AVAILABLE,AVAILABLE,True,1972-06-01,,XNYS,0,1,SPLIT_HISTORY_PRESENT|OBSERVED_AT_POLYGON_PROVIDER_HISTORY_FLOOR|FIRST_BAR_AFTER_REPORTED_LIST_DATE,,False
MLM,EQUITY,Martin Marietta Materials,2003-09-10,2004-11-16,2026-08-21,2003-09-10,2004-11-16,22.9464,22.9464,ELIGIBLE_CURRENT_TICKER_WINDOW,AVAILABLE,AVAILABLE,AVAILABLE,AVAILABLE,True,1994-02-16,,XNYS,0,0,OBSERVED_AT_POLYGON_PROVIDER_HISTORY_FLOOR|FIRST_BAR_AFTER_REPORTED_LIST_DATE,,False
MMM,EQUITY,3M Company,2003-09-10,2004-11-16,2026-08-21,2003-09-10,2004-11-16,22.9464,22.9464,ELIGIBLE_CURRENT_TICKER_WINDOW,AVAILABLE,AVAILABLE,AVAILABLE,AVAILABLE,True,1946-01-14,,XNYS,0,2,SPLIT_HISTORY_PRESENT|OBSERVED_AT_POLYGON_PROVIDER_HISTORY_FLOOR|FIRST_BAR_AFTER_REPORTED_LIST_DATE,,False
MNST,EQUITY,Monster Beverage Corporation,2003-09-10,2004-11-16,2026-08-21,2003-09-10,2004-11-16,22.9464,22.9464,ELIGIBLE_CURRENT_TICKER_WINDOW,AVAILABLE,AVAILABLE,AVAILABLE,AVAILABLE,True,1985-12-06,,XNAS,0,3,SPLIT_HISTORY_PRESENT|OBSERVED_AT_POLYGON_PROVIDER_HISTORY_FLOOR|FIRST_BAR_AFTER_REPORTED_LIST_DATE,,False
MO,EQUITY,"Altria Group, Inc.",2003-09-10,2004-11-16,2026-08-21,2003-09-10,2004-11-16,22.9464,22.9464,ELIGIBLE_CURRENT_TICKER_WINDOW,AVAILABLE,AVAILABLE,AVAILABLE,AVAILABLE,True,1972-06-01,,XNYS,0,0,OBSERVED_AT_POLYGON_PROVIDER_HISTORY_FLOOR|FIRST_BAR_AFTER_REPORTED_LIST_DATE,,False
MOS,EQUITY,The Mosaic Company,2004-10-25,2005-12-30,2026-08-21,2004-10-25,2005-12-30,21.8211,21.8211,ELIGIBLE_CURRENT_TICKER_WINDOW,AVAILABLE,AVAILABLE,AVAILABLE,AVAILABLE,True,1988-01-26,,XNYS,0,0,FIRST_BAR_AFTER_REPORTED_LIST_DATE,,False
MPC,EQUITY,MARATHON PETROLEUM CORPORATION,2003-09-17,2012-08-10,2026-08-21,2003-09-17,2012-08-10,22.9272,22.9272,ELIGIBLE_CURRENT_TICKER_WINDOW,AVAILABLE,AVAILABLE,AVAILABLE,AVAILABLE,True,2011-06-23,,XNYS,0,1,SPLIT_HISTORY_PRESENT,,False
MPWR,EQUITY,"Monolithic Power Systems, Inc.",2004-11-19,2006-06-08,2026-08-21,2004-11-19,2006-06-08,21.7527,21.7527,ELIGIBLE_CURRENT_TICKER_WINDOW,AVAILABLE,AVAILABLE,AVAILABLE,AVAILABLE,True,2004-11-19,,XNAS,1,0,TICKER_CHANGE_LINEAGE_PRESENT,LINEAGE_JOIN_REQUIRES_SEPARATE_CERTIFICATION,False
MRK,EQUITY,"Merck & Co., Inc.",2003-09-10,2004-11-16,2026-08-21,2003-09-10,2004-11-16,22.9464,22.9464,ELIGIBLE_CURRENT_TICKER_WINDOW,AVAILABLE,AVAILABLE,AVAILABLE,AVAILABLE,True,1949-04-20,,XNYS,0,0,OBSERVED_AT_POLYGON_PROVIDER_HISTORY_FLOOR|FIRST_BAR_AFTER_REPORTED_LIST_DATE,,False
MRNA,EQUITY,"Moderna, Inc. Common Stock",2008-06-11,2009-08-18,2026-08-21,2008-06-11,2009-08-18,18.1934,18.1934,ELIGIBLE_CURRENT_TICKER_WINDOW,AVAILABLE,AVAILABLE,AVAILABLE,AVAILABLE,True,2018-12-07,,XNAS,0,3,SPLIT_HISTORY_PRESENT,,False
MRSH,EQUITY,Marsh,2026-01-14,,2026-08-21,2003-09-10,2004-11-16,0.5996,22.9464,INSUFFICIENT_WARMUP_IN_EARLIEST_RETURNED_WINDOW,AVAILABLE,AVAILABLE,AVAILABLE,AVAILABLE,True,1969-06-04,,XNYS,1,0,TICKER_CHANGE_LINEAGE_PRESENT|FIRST_BAR_AFTER_REPORTED_LIST_DATE,LINEAGE_JOIN_REQUIRES_SEPARATE_CERTIFICATION|CURRENT_TICKER_WARMUP_NOT_SATISFIED,False
MRVL,EQUITY,"Marvell Technology, Inc. Common Stock",2003-09-10,2004-11-16,2026-08-21,2003-09-10,2004-11-16,22.9464,22.9464,ELIGIBLE_CURRENT_TICKER_WINDOW,AVAILABLE,AVAILABLE,AVAILABLE,AVAILABLE,True,2000-06-27,,XNAS,0,0,OBSERVED_AT_POLYGON_PROVIDER_HISTORY_FLOOR|FIRST_BAR_AFTER_REPORTED_LIST_DATE,,False
MS,EQUITY,Morgan Stanley,2003-09-10,2004-11-18,2026-08-21,2003-09-10,2004-11-16,22.9464,22.9464,ELIGIBLE_CURRENT_TICKER_WINDOW,AVAILABLE,AVAILABLE,AVAILABLE,AVAILABLE,True,1986-03-21,,XNYS,1,0,TICKER_CHANGE_LINEAGE_PRESENT|OBSERVED_AT_POLYGON_PROVIDER_HISTORY_FLOOR|FIRST_BAR_AFTER_REPORTED_LIST_DATE,LINEAGE_JOIN_REQUIRES_SEPARATE_CERTIFICATION,False
MSCI,EQUITY,"MSCI, Inc.",2010-07-06,2011-09-09,2026-08-21,2007-11-15,2009-01-26,16.1263,18.7656,ELIGIBLE_CURRENT_TICKER_WINDOW,AVAILABLE,AVAILABLE,AVAILABLE,AVAILABLE,True,2007-11-15,,XNYS,1,0,TICKER_CHANGE_LINEAGE_PRESENT|FIRST_BAR_AFTER_REPORTED_LIST_DATE,LINEAGE_JOIN_REQUIRES_SEPARATE_CERTIFICATION,False
MSFT,EQUITY,Microsoft Corp,2003-09-10,2004-11-16,2026-08-21,2003-09-10,2004-11-16,22.9464,22.9464,ELIGIBLE_CURRENT_TICKER_WINDOW,AVAILABLE,AVAILABLE,AVAILABLE,AVAILABLE,True,1986-03-13,,XNAS,0,1,SPLIT_HISTORY_PRESENT|OBSERVED_AT_POLYGON_PROVIDER_HISTORY_FLOOR|FIRST_BAR_AFTER_REPORTED_LIST_DATE,,False
MSI,EQUITY,"Motorola Solutions, Inc. New",2003-09-10,2004-11-16,2026-08-21,2003-09-10,2004-11-16,22.9464,22.9464,ELIGIBLE_CURRENT_TICKER_WINDOW,AVAILABLE,AVAILABLE,AVAILABLE,AVAILABLE,True,1972-06-01,,XNYS,0,1,SPLIT_HISTORY_PRESENT|OBSERVED_AT_POLYGON_PROVIDER_HISTORY_FLOOR|FIRST_BAR_AFTER_REPORTED_LIST_DATE,,False
MSTR,EQUITY,Strategy Inc Common Stock Class A,2003-09-10,2004-11-16,2026-08-21,2003-09-10,2004-11-16,22.9464,22.9464,ELIGIBLE_CURRENT_TICKER_WINDOW,AVAILABLE,AVAILABLE,AVAILABLE,AVAILABLE,True,1998-06-11,,XNAS,0,2,SPLIT_HISTORY_PRESENT|OBSERVED_AT_POLYGON_PROVIDER_HISTORY_FLOOR|FIRST_BAR_AFTER_REPORTED_LIST_DATE,,False
MTB,EQUITY,M&T Bank Corp.,2003-09-10,2004-11-16,2026-08-21,2003-09-10,2004-11-16,22.9464,22.9464,ELIGIBLE_CURRENT_TICKER_WINDOW,AVAILABLE,AVAILABLE,AVAILABLE,AVAILABLE,True,1973-01-02,,XNYS,0,0,OBSERVED_AT_POLYGON_PROVIDER_HISTORY_FLOOR|FIRST_BAR_AFTER_REPORTED_LIST_DATE,,False
MTD,EQUITY,Mettler-Toledo International,2003-09-10,2004-11-16,2026-08-21,2003-09-10,2004-11-16,22.9464,22.9464,ELIGIBLE_CURRENT_TICKER_WINDOW,AVAILABLE,AVAILABLE,AVAILABLE,AVAILABLE,True,1997-11-14,,XNYS,0,0,OBSERVED_AT_POLYGON_PROVIDER_HISTORY_FLOOR|FIRST_BAR_AFTER_REPORTED_LIST_DATE,,False
MTUM,ETF,iShares MSCI USA Momentum Factor ETF,2013-04-18,2014-06-27,2026-08-21,2013-04-18,2014-06-27,13.3418,13.3418,ELIGIBLE_CURRENT_TICKER_WINDOW,AVAILABLE,AVAILABLE,AVAILABLE,AVAILABLE,True,2013-04-16,,BATS,0,0,FIRST_BAR_AFTER_REPORTED_LIST_DATE,,False
MU,EQUITY,"Micron Technology, Inc.",2003-09-10,2004-11-16,2026-08-21,2003-09-10,2004-11-16,22.9464,22.9464,ELIGIBLE_CURRENT_TICKER_WINDOW,AVAILABLE,AVAILABLE,AVAILABLE,AVAILABLE,True,1984-06-01,,XNAS,0,3,SPLIT_HISTORY_PRESENT|OBSERVED_AT_POLYGON_PROVIDER_HISTORY_FLOOR|FIRST_BAR_AFTER_REPORTED_LIST_DATE,,False
NBIS,EQUITY,Nebius Group N.V. Class A Ordinary Shares,2024-10-21,2025-12-31,2026-08-21,2011-05-24,2012-07-31,1.8317,15.2447,ELIGIBLE_CURRENT_TICKER_WINDOW,AVAILABLE,AVAILABLE,AVAILABLE,AVAILABLE,True,2011-05-24,,XNAS,1,0,TICKER_CHANGE_LINEAGE_PRESENT|FIRST_BAR_AFTER_REPORTED_LIST_DATE,LINEAGE_JOIN_REQUIRES_SEPARATE_CERTIFICATION,False
NCLH,EQUITY,Norwegian Cruise Line Holdings Ltd. Ordinary Shares,2013-01-18,2014-03-28,2026-08-21,2013-01-18,2014-03-28,13.5882,13.5882,ELIGIBLE_CURRENT_TICKER_WINDOW,AVAILABLE,AVAILABLE,AVAILABLE,AVAILABLE,True,2013-01-18,,XNYS,0,0,,,False
NDAQ,EQUITY,"Nasdaq, Inc. Common Stock",2005-02-10,2006-04-20,2026-08-21,2005-02-10,2006-04-20,21.5254,21.5254,ELIGIBLE_CURRENT_TICKER_WINDOW,AVAILABLE,AVAILABLE,AVAILABLE,AVAILABLE,True,2002-07-01,,XNAS,0,1,SPLIT_HISTORY_PRESENT|FIRST_BAR_AFTER_REPORTED_LIST_DATE,,False
NDSN,EQUITY,Nordson Corp,2003-09-10,2004-11-16,2026-08-21,2003-09-10,2004-11-16,22.9464,22.9464,ELIGIBLE_CURRENT_TICKER_WINDOW,AVAILABLE,AVAILABLE,AVAILABLE,AVAILABLE,True,1979-12-13,,XNAS,0,1,SPLIT_HISTORY_PRESENT|OBSERVED_AT_POLYGON_PROVIDER_HISTORY_FLOOR|FIRST_BAR_AFTER_REPORTED_LIST_DATE,,False
NEE,EQUITY,"NextEra Energy, Inc.",2010-06-23,2011-08-29,2026-08-21,2003-09-10,2004-11-16,16.1619,22.9464,ELIGIBLE_CURRENT_TICKER_WINDOW,AVAILABLE,AVAILABLE,AVAILABLE,AVAILABLE,True,1972-06-30,,XNYS,1,2,TICKER_CHANGE_LINEAGE_PRESENT|SPLIT_HISTORY_PRESENT|FIRST_BAR_AFTER_REPORTED_LIST_DATE,LINEAGE_JOIN_REQUIRES_SEPARATE_CERTIFICATION,False
NEM,EQUITY,Newmont Corporation,2003-09-10,2004-11-16,2026-08-21,2003-09-10,2004-11-16,22.9464,22.9464,ELIGIBLE_CURRENT_TICKER_WINDOW,AVAILABLE,AVAILABLE,AVAILABLE,AVAILABLE,True,1951-12-21,,XNYS,0,0,OBSERVED_AT_POLYGON_PROVIDER_HISTORY_FLOOR|FIRST_BAR_AFTER_REPORTED_LIST_DATE,,False
NFLX,EQUITY,NetFlix Inc,2003-09-10,2004-11-16,2026-08-21,2003-09-10,2004-11-16,22.9464,22.9464,ELIGIBLE_CURRENT_TICKER_WINDOW,AVAILABLE,AVAILABLE,AVAILABLE,AVAILABLE,True,2002-05-23,,XNAS,0,3,SPLIT_HISTORY_PRESENT|OBSERVED_AT_POLYGON_PROVIDER_HISTORY_FLOOR|FIRST_BAR_AFTER_REPORTED_LIST_DATE,,False
NI,EQUITY,NiSource Inc.,2003-09-10,2004-11-16,2026-08-21,2003-09-10,2004-11-16,22.9464,22.9464,ELIGIBLE_CURRENT_TICKER_WINDOW,AVAILABLE,AVAILABLE,AVAILABLE,AVAILABLE,True,1972-06-01,,XNYS,0,0,OBSERVED_AT_POLYGON_PROVIDER_HISTORY_FLOOR|FIRST_BAR_AFTER_REPORTED_LIST_DATE,,False
NKE,EQUITY,"Nike, Inc.",2003-09-10,2004-11-16,2026-08-21,2003-09-10,2004-11-16,22.9464,22.9464,ELIGIBLE_CURRENT_TICKER_WINDOW,AVAILABLE,AVAILABLE,AVAILABLE,AVAILABLE,True,1980-12-02,,XNYS,0,3,SPLIT_HISTORY_PRESENT|OBSERVED_AT_POLYGON_PROVIDER_HISTORY_FLOOR|FIRST_BAR_AFTER_REPORTED_LIST_DATE,,False
NOC,EQUITY,Northrop Grumman Corp.,2003-09-10,2004-11-16,2026-08-21,2003-09-10,2004-11-16,22.9464,22.9464,ELIGIBLE_CURRENT_TICKER_WINDOW,AVAILABLE,AVAILABLE,AVAILABLE,AVAILABLE,True,1972-06-01,,XNYS,0,1,SPLIT_HISTORY_PRESENT|OBSERVED_AT_POLYGON_PROVIDER_HISTORY_FLOOR|FIRST_BAR_AFTER_REPORTED_LIST_DATE,,False
NOW,EQUITY,"SERVICENOW, INC.",2005-09-26,2007-12-31,2026-08-21,2005-09-26,2007-12-31,20.9012,20.9012,ELIGIBLE_CURRENT_TICKER_WINDOW,AVAILABLE,AVAILABLE,AVAILABLE,AVAILABLE,True,2012-06-29,,XNYS,0,1,SPLIT_HISTORY_PRESENT,,False
NRG,EQUITY,"NRG Energy, Inc.",2004-03-25,2005-06-02,2026-08-21,2004-03-25,2005-06-02,22.407,22.407,ELIGIBLE_CURRENT_TICKER_WINDOW,AVAILABLE,AVAILABLE,AVAILABLE,AVAILABLE,True,1993-10-20,,XNYS,0,1,SPLIT_HISTORY_PRESENT|FIRST_BAR_AFTER_REPORTED_LIST_DATE,,False
NSC,EQUITY,Norfolk Southern Corp.,2003-09-10,2004-11-16,2026-08-21,2003-09-10,2004-11-16,22.9464,22.9464,ELIGIBLE_CURRENT_TICKER_WINDOW,AVAILABLE,AVAILABLE,AVAILABLE,AVAILABLE,True,1982-06-02,,XNYS,0,0,OBSERVED_AT_POLYGON_PROVIDER_HISTORY_FLOOR|FIRST_BAR_AFTER_REPORTED_LIST_DATE,,False
NTAP,EQUITY,"NetApp, Inc",2003-09-10,2004-11-16,2026-08-21,2003-09-10,2004-11-16,22.9464,22.9464,ELIGIBLE_CURRENT_TICKER_WINDOW,AVAILABLE,AVAILABLE,AVAILABLE,AVAILABLE,True,1995-11-21,,XNAS,0,0,OBSERVED_AT_POLYGON_PROVIDER_HISTORY_FLOOR|FIRST_BAR_AFTER_REPORTED_LIST_DATE,,False
NTRS,EQUITY,Northern Trust Corp,2003-09-10,2004-11-16,2026-08-21,2003-09-10,2004-11-16,22.9464,22.9464,ELIGIBLE_CURRENT_TICKER_WINDOW,AVAILABLE,AVAILABLE,AVAILABLE,AVAILABLE,True,1975-02-18,,XNAS,0,0,OBSERVED_AT_POLYGON_PROVIDER_HISTORY_FLOOR|FIRST_BAR_AFTER_REPORTED_LIST_DATE,,False
NUE,EQUITY,Nucor Corporation,2003-09-10,2004-11-16,2026-08-21,2003-09-10,2004-11-16,22.9464,22.9464,ELIGIBLE_CURRENT_TICKER_WINDOW,AVAILABLE,AVAILABLE,AVAILABLE,AVAILABLE,True,1972-07-12,,XNYS,0,2,SPLIT_HISTORY_PRESENT|OBSERVED_AT_POLYGON_PROVIDER_HISTORY_FLOOR|FIRST_BAR_AFTER_REPORTED_LIST_DATE,,False
NVDA,EQUITY,Nvidia Corp,2003-09-10,2004-11-16,2026-08-21,2003-09-10,2004-11-16,22.9464,22.9464,ELIGIBLE_CURRENT_TICKER_WINDOW,AVAILABLE,AVAILABLE,AVAILABLE,AVAILABLE,True,1999-01-22,,XNAS,0,4,SPLIT_HISTORY_PRESENT|OBSERVED_AT_POLYGON_PROVIDER_HISTORY_FLOOR|FIRST_BAR_AFTER_REPORTED_LIST_DATE,,False
NVR,EQUITY,"NVR, Inc.",2003-09-10,2004-11-16,2026-08-21,2003-09-10,2004-11-16,22.9464,22.9464,ELIGIBLE_CURRENT_TICKER_WINDOW,AVAILABLE,AVAILABLE,AVAILABLE,AVAILABLE,True,1986-06-17,,XNYS,0,0,OBSERVED_AT_POLYGON_PROVIDER_HISTORY_FLOOR|FIRST_BAR_AFTER_REPORTED_LIST_DATE,,False
NWS,EQUITY,News Corporation Class B Common Stock,2003-09-10,2004-11-26,2026-08-21,2003-09-10,2004-11-26,22.9464,22.9464,ELIGIBLE_CURRENT_TICKER_WINDOW,AVAILABLE,AVAILABLE,AVAILABLE,AVAILABLE,True,2013-06-19,,XNAS,2,0,TICKER_CHANGE_LINEAGE_PRESENT|OBSERVED_AT_POLYGON_PROVIDER_HISTORY_FLOOR,LINEAGE_JOIN_REQUIRES_SEPARATE_CERTIFICATION,False
NWSA,EQUITY,News Corporation Class A Common Stock,2008-12-29,2010-03-09,2026-08-21,2008-12-29,2010-03-09,17.6431,17.6431,ELIGIBLE_CURRENT_TICKER_WINDOW,AVAILABLE,AVAILABLE,AVAILABLE,AVAILABLE,True,2013-06-19,,XNAS,1,0,TICKER_CHANGE_LINEAGE_PRESENT,LINEAGE_JOIN_REQUIRES_SEPARATE_CERTIFICATION,False
NXPI,EQUITY,NXP Semiconductors N.V.,2010-08-06,2011-10-12,2026-08-21,2010-08-06,2011-10-12,16.0414,16.0414,ELIGIBLE_CURRENT_TICKER_WINDOW,AVAILABLE,AVAILABLE,AVAILABLE,AVAILABLE,True,2010-08-06,,XNAS,0,0,,,False
O,EQUITY,Realty Income Corporation,2003-09-10,2004-11-16,2026-08-21,2003-09-10,2004-11-16,22.9464,22.9464,ELIGIBLE_CURRENT_TICKER_WINDOW,AVAILABLE,AVAILABLE,AVAILABLE,AVAILABLE,True,1994-10-18,,XNYS,0,1,SPLIT_HISTORY_PRESENT|OBSERVED_AT_POLYGON_PROVIDER_HISTORY_FLOOR|FIRST_BAR_AFTER_REPORTED_LIST_DATE,,False
ODFL,EQUITY,Old Dominion Freight Line,2003-09-10,2004-11-16,2026-08-21,2003-09-10,2004-11-16,22.9464,22.9464,ELIGIBLE_CURRENT_TICKER_WINDOW,AVAILABLE,AVAILABLE,AVAILABLE,AVAILABLE,True,1991-10-24,,XNAS,0,7,SPLIT_HISTORY_PRESENT|OBSERVED_AT_POLYGON_PROVIDER_HISTORY_FLOOR|FIRST_BAR_AFTER_REPORTED_LIST_DATE,,False
OIH,ETF,VanEck Oil Services ETF,2003-09-10,2004-11-16,2026-08-21,2003-09-10,2004-11-16,22.9464,22.9464,ELIGIBLE_CURRENT_TICKER_WINDOW,AVAILABLE,AVAILABLE,AVAILABLE,AVAILABLE,True,2011-12-20,,ARCX,0,2,SPLIT_HISTORY_PRESENT|OBSERVED_AT_POLYGON_PROVIDER_HISTORY_FLOOR,,False
OKE,EQUITY,"Oneok, Inc.",2003-09-10,2004-11-16,2026-08-21,2003-09-10,2004-11-16,22.9464,22.9464,ELIGIBLE_CURRENT_TICKER_WINDOW,AVAILABLE,AVAILABLE,AVAILABLE,AVAILABLE,True,1954-05-24,,XNYS,0,1,SPLIT_HISTORY_PRESENT|OBSERVED_AT_POLYGON_PROVIDER_HISTORY_FLOOR|FIRST_BAR_AFTER_REPORTED_LIST_DATE,,False
OMC,EQUITY,Omnicom Group Inc.,2003-09-10,2004-11-16,2026-08-21,2003-09-10,2004-11-16,22.9464,22.9464,ELIGIBLE_CURRENT_TICKER_WINDOW,AVAILABLE,AVAILABLE,AVAILABLE,AVAILABLE,True,1972-06-01,,XNYS,0,1,SPLIT_HISTORY_PRESENT|OBSERVED_AT_POLYGON_PROVIDER_HISTORY_FLOOR|FIRST_BAR_AFTER_REPORTED_LIST_DATE,,False
ON,EQUITY,ON Semiconductor Corp,2015-04-06,2016-06-10,2026-08-21,2003-09-10,2004-11-16,11.376,22.9464,ELIGIBLE_CURRENT_TICKER_WINDOW,AVAILABLE,AVAILABLE,AVAILABLE,AVAILABLE,True,2000-04-28,,XNAS,1,0,TICKER_CHANGE_LINEAGE_PRESENT|FIRST_BAR_AFTER_REPORTED_LIST_DATE,LINEAGE_JOIN_REQUIRES_SEPARATE_CERTIFICATION,False
ORCL,EQUITY,Oracle Corp,2003-09-10,2004-11-16,2026-08-21,2003-09-10,2004-11-16,22.9464,22.9464,ELIGIBLE_CURRENT_TICKER_WINDOW,AVAILABLE,AVAILABLE,AVAILABLE,AVAILABLE,True,1986-03-12,,XNYS,0,0,OBSERVED_AT_POLYGON_PROVIDER_HISTORY_FLOOR|FIRST_BAR_AFTER_REPORTED_LIST_DATE,,False
ORLY,EQUITY,"O'Reilly Automotive, Inc.",2003-09-10,2004-11-16,2026-08-21,2003-09-10,2004-11-16,22.9464,22.9464,ELIGIBLE_CURRENT_TICKER_WINDOW,AVAILABLE,AVAILABLE,AVAILABLE,AVAILABLE,True,1993-04-22,,XNAS,0,2,SPLIT_HISTORY_PRESENT|OBSERVED_AT_POLYGON_PROVIDER_HISTORY_FLOOR|FIRST_BAR_AFTER_REPORTED_LIST_DATE,,False
OTIS,EQUITY,Otis Worldwide Corporation,2020-04-03,2021-06-11,2026-08-21,2020-04-03,2021-06-11,6.3821,6.3821,ELIGIBLE_CURRENT_TICKER_WINDOW,AVAILABLE,AVAILABLE,AVAILABLE,AVAILABLE,True,2020-03-18,,XNYS,0,0,FIRST_BAR_AFTER_REPORTED_LIST_DATE,,False
OXY,EQUITY,Occidental Petroleum Corporation,2003-09-10,2004-11-16,2026-08-21,2003-09-10,2004-11-16,22.9464,22.9464,ELIGIBLE_CURRENT_TICKER_WINDOW,AVAILABLE,AVAILABLE,AVAILABLE,AVAILABLE,True,1972-06-01,,XNYS,0,1,SPLIT_HISTORY_PRESENT|OBSERVED_AT_POLYGON_PROVIDER_HISTORY_FLOOR|FIRST_BAR_AFTER_REPORTED_LIST_DATE,,False
PANW,EQUITY,"Palo Alto Networks, Inc. Common Stock",2012-07-20,2013-09-30,2026-08-21,2012-07-20,2013-09-30,14.0865,14.0865,ELIGIBLE_CURRENT_TICKER_WINDOW,AVAILABLE,AVAILABLE,AVAILABLE,AVAILABLE,True,2012-07-20,,XNAS,0,2,SPLIT_HISTORY_PRESENT,,False
PAYX,EQUITY,Paychex Inc,2003-09-10,2004-11-16,2026-08-21,2003-09-10,2004-11-16,22.9464,22.9464,ELIGIBLE_CURRENT_TICKER_WINDOW,AVAILABLE,AVAILABLE,AVAILABLE,AVAILABLE,True,1983-08-26,,XNAS,0,0,OBSERVED_AT_POLYGON_PROVIDER_HISTORY_FLOOR|FIRST_BAR_AFTER_REPORTED_LIST_DATE,,False
PCAR,EQUITY,Paccar Inc,2003-09-10,2004-11-16,2026-08-21,2003-09-10,2004-11-16,22.9464,22.9464,ELIGIBLE_CURRENT_TICKER_WINDOW,AVAILABLE,AVAILABLE,AVAILABLE,AVAILABLE,True,1972-06-01,,XNAS,0,3,SPLIT_HISTORY_PRESENT|OBSERVED_AT_POLYGON_PROVIDER_HISTORY_FLOOR|FIRST_BAR_AFTER_REPORTED_LIST_DATE,,False
PCG,EQUITY,PG&E Corporation,2003-09-10,2004-11-16,2026-08-21,2003-09-10,2004-11-16,22.9464,22.9464,ELIGIBLE_CURRENT_TICKER_WINDOW,AVAILABLE,AVAILABLE,AVAILABLE,AVAILABLE,True,1947-06-06,,XNYS,0,0,OBSERVED_AT_POLYGON_PROVIDER_HISTORY_FLOOR|FIRST_BAR_AFTER_REPORTED_LIST_DATE,,False
PDD,EQUITY,PDD Holdings Inc. American Depositary Shares,2005-02-24,2007-08-28,2026-08-21,2005-02-24,2007-08-28,21.4871,21.4871,ELIGIBLE_CURRENT_TICKER_WINDOW,AVAILABLE,AVAILABLE,AVAILABLE,AVAILABLE,True,2018-07-26,,XNAS,0,0,,,False
PEG,EQUITY,Public Service Enterprise Group Incorporated,2003-09-10,2004-11-16,2026-08-21,2003-09-10,2004-11-16,22.9464,22.9464,ELIGIBLE_CURRENT_TICKER_WINDOW,AVAILABLE,AVAILABLE,AVAILABLE,AVAILABLE,True,1972-06-01,,XNYS,0,1,SPLIT_HISTORY_PRESENT|OBSERVED_AT_POLYGON_PROVIDER_HISTORY_FLOOR|FIRST_BAR_AFTER_REPORTED_LIST_DATE,,False
PEP,EQUITY,"PepsiCo, Inc.",2003-09-10,2004-11-16,2026-08-21,2003-09-10,2004-11-16,22.9464,22.9464,ELIGIBLE_CURRENT_TICKER_WINDOW,AVAILABLE,AVAILABLE,AVAILABLE,AVAILABLE,True,1919-12-18,,XNAS,0,0,OBSERVED_AT_POLYGON_PROVIDER_HISTORY_FLOOR|FIRST_BAR_AFTER_REPORTED_LIST_DATE,,False
PFE,EQUITY,Pfizer Inc.,2003-09-10,2004-11-16,2026-08-21,2003-09-10,2004-11-16,22.9464,22.9464,ELIGIBLE_CURRENT_TICKER_WINDOW,AVAILABLE,AVAILABLE,AVAILABLE,AVAILABLE,True,1951-06-22,,XNYS,0,0,OBSERVED_AT_POLYGON_PROVIDER_HISTORY_FLOOR|FIRST_BAR_AFTER_REPORTED_LIST_DATE,,False
PFG,EQUITY,"Principal Financial Group, Inc.",2003-09-10,2004-11-16,2026-08-21,2003-09-10,2004-11-16,22.9464,22.9464,ELIGIBLE_CURRENT_TICKER_WINDOW,AVAILABLE,AVAILABLE,AVAILABLE,AVAILABLE,True,2001-10-23,,XNAS,0,0,OBSERVED_AT_POLYGON_PROVIDER_HISTORY_FLOOR|FIRST_BAR_AFTER_REPORTED_LIST_DATE,,False
PG,EQUITY,Procter & Gamble Company,2003-09-10,2004-11-16,2026-08-21,2003-09-10,2004-11-16,22.9464,22.9464,ELIGIBLE_CURRENT_TICKER_WINDOW,AVAILABLE,AVAILABLE,AVAILABLE,AVAILABLE,True,1950-03-22,,XNYS,0,1,SPLIT_HISTORY_PRESENT|OBSERVED_AT_POLYGON_PROVIDER_HISTORY_FLOOR|FIRST_BAR_AFTER_REPORTED_LIST_DATE,,False
PGR,EQUITY,Progressive Corporation,2003-09-10,2004-11-16,2026-08-21,2003-09-10,2004-11-16,22.9464,22.9464,ELIGIBLE_CURRENT_TICKER_WINDOW,AVAILABLE,AVAILABLE,AVAILABLE,AVAILABLE,True,1972-06-01,,XNYS,0,1,SPLIT_HISTORY_PRESENT|OBSERVED_AT_POLYGON_PROVIDER_HISTORY_FLOOR|FIRST_BAR_AFTER_REPORTED_LIST_DATE,,False
PH,EQUITY,Parker-Hannifin Corporation,2003-09-10,2004-11-16,2026-08-21,2003-09-10,2004-11-16,22.9464,22.9464,ELIGIBLE_CURRENT_TICKER_WINDOW,AVAILABLE,AVAILABLE,AVAILABLE,AVAILABLE,True,1964-12-09,,XNYS,0,1,SPLIT_HISTORY_PRESENT|OBSERVED_AT_POLYGON_PROVIDER_HISTORY_FLOOR|FIRST_BAR_AFTER_REPORTED_LIST_DATE,,False
PHM,EQUITY,"Pultegroup, Inc.",2003-09-10,2004-11-16,2026-08-21,2003-09-10,2004-11-16,22.9464,22.9464,ELIGIBLE_CURRENT_TICKER_WINDOW,AVAILABLE,AVAILABLE,AVAILABLE,AVAILABLE,True,1972-06-01,,XNYS,0,2,SPLIT_HISTORY_PRESENT|OBSERVED_AT_POLYGON_PROVIDER_HISTORY_FLOOR|FIRST_BAR_AFTER_REPORTED_LIST_DATE,,False
PKG,EQUITY,Packaging Corp of America,2003-09-10,2004-11-16,2026-08-21,2003-09-10,2004-11-16,22.9464,22.9464,ELIGIBLE_CURRENT_TICKER_WINDOW,AVAILABLE,AVAILABLE,AVAILABLE,AVAILABLE,True,2000-01-28,,XNYS,0,0,OBSERVED_AT_POLYGON_PROVIDER_HISTORY_FLOOR|FIRST_BAR_AFTER_REPORTED_LIST_DATE,,False
PLD,EQUITY,"PROLOGIS, INC.",2003-09-10,2004-11-16,2026-08-21,2003-09-10,2004-11-16,22.9464,22.9464,ELIGIBLE_CURRENT_TICKER_WINDOW,AVAILABLE,AVAILABLE,AVAILABLE,AVAILABLE,True,1997-11-21,,XNYS,0,0,OBSERVED_AT_POLYGON_PROVIDER_HISTORY_FLOOR|FIRST_BAR_AFTER_REPORTED_LIST_DATE,,False
PLTR,EQUITY,Palantir Technologies Inc. Class A Common Stock,2020-09-30,2021-12-07,2026-08-21,2020-09-30,2021-12-07,5.8892,5.8892,ELIGIBLE_CURRENT_TICKER_WINDOW,AVAILABLE,AVAILABLE,AVAILABLE,AVAILABLE,True,2020-09-30,,XNAS,0,0,,,False
PM,EQUITY,Philip Morris International Inc.,2008-03-31,2009-06-05,2026-08-21,2008-03-31,2009-06-05,18.3905,18.3905,ELIGIBLE_CURRENT_TICKER_WINDOW,AVAILABLE,AVAILABLE,AVAILABLE,AVAILABLE,True,2008-03-31,,XNYS,0,0,,,False
PNC,EQUITY,PNC Financial Services Group,2003-09-10,2004-11-16,2026-08-21,2003-09-10,2004-11-16,22.9464,22.9464,ELIGIBLE_CURRENT_TICKER_WINDOW,AVAILABLE,AVAILABLE,AVAILABLE,AVAILABLE,True,1975-02-18,,XNYS,0,0,OBSERVED_AT_POLYGON_PROVIDER_HISTORY_FLOOR|FIRST_BAR_AFTER_REPORTED_LIST_DATE,,False
PNR,EQUITY,Pentair plc,2003-09-10,2004-11-16,2026-08-21,2003-09-10,2004-11-16,22.9464,22.9464,ELIGIBLE_CURRENT_TICKER_WINDOW,AVAILABLE,AVAILABLE,AVAILABLE,AVAILABLE,True,1973-01-02,,XNYS,0,0,OBSERVED_AT_POLYGON_PROVIDER_HISTORY_FLOOR|FIRST_BAR_AFTER_REPORTED_LIST_DATE,,False
PNW,EQUITY,Pinnacle West Capital Corporation,2003-09-10,2004-11-16,2026-08-21,2003-09-10,2004-11-16,22.9464,22.9464,ELIGIBLE_CURRENT_TICKER_WINDOW,AVAILABLE,AVAILABLE,AVAILABLE,AVAILABLE,True,1972-06-01,,XNYS,0,0,OBSERVED_AT_POLYGON_PROVIDER_HISTORY_FLOOR|FIRST_BAR_AFTER_REPORTED_LIST_DATE,,False
PODD,EQUITY,Insulet Corporation,2007-05-15,2008-07-22,2026-08-21,2007-05-15,2008-07-22,19.2694,19.2694,ELIGIBLE_CURRENT_TICKER_WINDOW,AVAILABLE,AVAILABLE,AVAILABLE,AVAILABLE,True,2007-05-15,,XNAS,0,0,,,False
PPG,EQUITY,"PPG Industries, Inc.",2003-09-10,2004-11-16,2026-08-21,2003-09-10,2004-11-16,22.9464,22.9464,ELIGIBLE_CURRENT_TICKER_WINDOW,AVAILABLE,AVAILABLE,AVAILABLE,AVAILABLE,True,1945-12-17,,XNYS,0,1,SPLIT_HISTORY_PRESENT|OBSERVED_AT_POLYGON_PROVIDER_HISTORY_FLOOR|FIRST_BAR_AFTER_REPORTED_LIST_DATE,,False
PPL,EQUITY,PPL Corporation,2003-09-10,2004-11-16,2026-08-21,2003-09-10,2004-11-16,22.9464,22.9464,ELIGIBLE_CURRENT_TICKER_WINDOW,AVAILABLE,AVAILABLE,AVAILABLE,AVAILABLE,True,1948-09-17,,XNYS,0,1,SPLIT_HISTORY_PRESENT|OBSERVED_AT_POLYGON_PROVIDER_HISTORY_FLOOR|FIRST_BAR_AFTER_REPORTED_LIST_DATE,,False
PRU,EQUITY,"Prudential Financial, Inc.",2003-09-10,2004-11-16,2026-08-21,2003-09-10,2004-11-16,22.9464,22.9464,ELIGIBLE_CURRENT_TICKER_WINDOW,AVAILABLE,AVAILABLE,AVAILABLE,AVAILABLE,True,2001-12-13,,XNYS,0,0,OBSERVED_AT_POLYGON_PROVIDER_HISTORY_FLOOR|FIRST_BAR_AFTER_REPORTED_LIST_DATE,,False
PSA,EQUITY,Public Storage,2003-09-10,2004-11-16,2026-08-21,2003-09-10,2004-11-16,22.9464,22.9464,ELIGIBLE_CURRENT_TICKER_WINDOW,AVAILABLE,AVAILABLE,AVAILABLE,AVAILABLE,True,1980-11-18,,XNYS,0,0,OBSERVED_AT_POLYGON_PROVIDER_HISTORY_FLOOR|FIRST_BAR_AFTER_REPORTED_LIST_DATE,,False
PSKY,EQUITY,Paramount Skydance Corporation Class B Common Stock,2025-08-07,,2026-08-21,2025-08-07,,1.0377,1.0377,INSUFFICIENT_WARMUP_IN_EARLIEST_RETURNED_WINDOW,AVAILABLE,AVAILABLE,AVAILABLE,AVAILABLE,True,1937-08-02,,XNAS,0,0,FIRST_BAR_AFTER_REPORTED_LIST_DATE,CURRENT_TICKER_WARMUP_NOT_SATISFIED,False
PSX,EQUITY,PHILLIPS 66,2012-05-01,2013-07-11,2026-08-21,2012-05-01,2013-07-11,14.3056,14.3056,ELIGIBLE_CURRENT_TICKER_WINDOW,AVAILABLE,AVAILABLE,AVAILABLE,AVAILABLE,True,2012-04-12,,XNYS,0,0,FIRST_BAR_AFTER_REPORTED_LIST_DATE,,False
PTC,EQUITY,"PTC, INC",2003-09-10,2004-11-26,2026-08-21,2003-09-10,2004-11-16,22.9464,22.9464,ELIGIBLE_CURRENT_TICKER_WINDOW,AVAILABLE,AVAILABLE,AVAILABLE,AVAILABLE,True,1989-12-07,,XNAS,1,2,TICKER_CHANGE_LINEAGE_PRESENT|SPLIT_HISTORY_PRESENT|OBSERVED_AT_POLYGON_PROVIDER_HISTORY_FLOOR|FIRST_BAR_AFTER_REPORTED_LIST_DATE,LINEAGE_JOIN_REQUIRES_SEPARATE_CERTIFICATION,False
PWR,EQUITY,"Quanta Services, Inc.",2003-09-10,2004-11-16,2026-08-21,2003-09-10,2004-11-16,22.9464,22.9464,ELIGIBLE_CURRENT_TICKER_WINDOW,AVAILABLE,AVAILABLE,AVAILABLE,AVAILABLE,True,1998-02-12,,XNYS,0,0,OBSERVED_AT_POLYGON_PROVIDER_HISTORY_FLOOR|FIRST_BAR_AFTER_REPORTED_LIST_DATE,,False
PYPL,EQUITY,"PayPal Holdings, Inc. Common Stock",2015-07-20,2016-09-23,2026-08-21,2015-07-20,2016-09-23,11.0885,11.0885,ELIGIBLE_CURRENT_TICKER_WINDOW,AVAILABLE,AVAILABLE,AVAILABLE,AVAILABLE,True,2015-07-20,,XNAS,0,0,,,False
Q,EQUITY,"Qnity Electronics, Inc.",2003-09-10,2004-11-16,2026-08-21,2003-09-10,2004-11-16,22.9464,22.9464,ELIGIBLE_CURRENT_TICKER_WINDOW,AVAILABLE,AVAILABLE,AVAILABLE,AVAILABLE,True,2025-10-27,,XNYS,0,0,OBSERVED_AT_POLYGON_PROVIDER_HISTORY_FLOOR,,False
QCOM,EQUITY,Qualcomm Inc,2003-09-10,2004-11-16,2026-08-21,2003-09-10,2004-11-16,22.9464,22.9464,ELIGIBLE_CURRENT_TICKER_WINDOW,AVAILABLE,AVAILABLE,AVAILABLE,AVAILABLE,True,1991-12-13,,XNAS,0,0,OBSERVED_AT_POLYGON_PROVIDER_HISTORY_FLOOR|FIRST_BAR_AFTER_REPORTED_LIST_DATE,,False
QQQ,ETF,"Invesco QQQ Trust, Series 1",2003-09-10,2004-11-16,2026-08-21,2003-09-10,2004-11-16,22.9464,22.9464,ELIGIBLE_CURRENT_TICKER_WINDOW,AVAILABLE,AVAILABLE,AVAILABLE,AVAILABLE,True,1999-03-10,,XNAS,0,0,OBSERVED_AT_POLYGON_PROVIDER_HISTORY_FLOOR|FIRST_BAR_AFTER_REPORTED_LIST_DATE,,False
QQQM,ETF,Invesco NASDAQ 100 ETF,2011-12-06,2021-09-20,2026-08-21,2011-12-06,2021-09-20,14.708,14.708,ELIGIBLE_CURRENT_TICKER_WINDOW,AVAILABLE,AVAILABLE,AVAILABLE,AVAILABLE,True,2020-10-13,,XNAS,0,0,,,False
QUAL,ETF,iShares MSCI USA Quality Factor ETF,2013-07-18,2014-09-25,2026-08-21,2013-07-18,2014-09-25,13.0927,13.0927,ELIGIBLE_CURRENT_TICKER_WINDOW,AVAILABLE,AVAILABLE,AVAILABLE,AVAILABLE,True,2013-07-16,,BATS,0,0,FIRST_BAR_AFTER_REPORTED_LIST_DATE,,False
RCL,EQUITY,Royal Caribbean Group,2003-09-10,2004-11-16,2026-08-21,2003-09-10,2004-11-16,22.9464,22.9464,ELIGIBLE_CURRENT_TICKER_WINDOW,AVAILABLE,AVAILABLE,AVAILABLE,AVAILABLE,True,1993-04-27,,XNYS,0,0,OBSERVED_AT_POLYGON_PROVIDER_HISTORY_FLOOR|FIRST_BAR_AFTER_REPORTED_LIST_DATE,,False
REG,EQUITY,Regency Centers Corporation,2003-09-10,2004-11-16,2026-08-21,2003-09-10,2004-11-16,22.9464,22.9464,ELIGIBLE_CURRENT_TICKER_WINDOW,AVAILABLE,AVAILABLE,AVAILABLE,AVAILABLE,True,1993-10-29,,XNAS,0,0,OBSERVED_AT_POLYGON_PROVIDER_HISTORY_FLOOR|FIRST_BAR_AFTER_REPORTED_LIST_DATE,,False
REGN,EQUITY,Regeneron Pharmaceuticals Inc,2003-09-10,2004-11-16,2026-08-21,2003-09-10,2004-11-16,22.9464,22.9464,ELIGIBLE_CURRENT_TICKER_WINDOW,AVAILABLE,AVAILABLE,AVAILABLE,AVAILABLE,True,1991-04-02,,XNAS,0,0,OBSERVED_AT_POLYGON_PROVIDER_HISTORY_FLOOR|FIRST_BAR_AFTER_REPORTED_LIST_DATE,,False
RF,EQUITY,Regions Financial Corp.,2003-09-10,2004-11-16,2026-08-21,2003-09-10,2004-11-16,22.9464,22.9464,ELIGIBLE_CURRENT_TICKER_WINDOW,AVAILABLE,AVAILABLE,AVAILABLE,AVAILABLE,True,1981-11-01,,XNYS,0,0,OBSERVED_AT_POLYGON_PROVIDER_HISTORY_FLOOR|FIRST_BAR_AFTER_REPORTED_LIST_DATE,,False
RJF,EQUITY,"Raymond James Financial, Inc.",2003-09-10,2004-11-16,2026-08-21,2003-09-10,2004-11-16,22.9464,22.9464,ELIGIBLE_CURRENT_TICKER_WINDOW,AVAILABLE,AVAILABLE,AVAILABLE,AVAILABLE,True,1983-07-01,,XNYS,0,3,SPLIT_HISTORY_PRESENT|OBSERVED_AT_POLYGON_PROVIDER_HISTORY_FLOOR|FIRST_BAR_AFTER_REPORTED_LIST_DATE,,False
RKLB,EQUITY,Rocket Lab Corporation Common Stock,2021-08-25,2022-11-01,2026-08-21,2021-08-25,2022-11-01,4.9885,4.9885,ELIGIBLE_CURRENT_TICKER_WINDOW,AVAILABLE,AVAILABLE,AVAILABLE,AVAILABLE,True,2021-08-25,,XNAS,0,0,,,False
RL,EQUITY,Ralph Lauren Corporation,2003-09-10,2004-11-16,2026-08-21,2003-09-10,2004-11-16,22.9464,22.9464,ELIGIBLE_CURRENT_TICKER_WINDOW,AVAILABLE,AVAILABLE,AVAILABLE,AVAILABLE,True,1997-06-12,,XNYS,0,0,OBSERVED_AT_POLYGON_PROVIDER_HISTORY_FLOOR|FIRST_BAR_AFTER_REPORTED_LIST_DATE,,False
RMD,EQUITY,ResMed Inc.,2003-09-10,2004-11-16,2026-08-21,2003-09-10,2004-11-16,22.9464,22.9464,ELIGIBLE_CURRENT_TICKER_WINDOW,AVAILABLE,AVAILABLE,AVAILABLE,AVAILABLE,True,1995-06-02,,XNYS,0,2,SPLIT_HISTORY_PRESENT|OBSERVED_AT_POLYGON_PROVIDER_HISTORY_FLOOR|FIRST_BAR_AFTER_REPORTED_LIST_DATE,,False
ROK,EQUITY,"Rockwell Automation, Inc.",2003-09-10,2004-11-16,2026-08-21,2003-09-10,2004-11-16,22.9464,22.9464,ELIGIBLE_CURRENT_TICKER_WINDOW,AVAILABLE,AVAILABLE,AVAILABLE,AVAILABLE,True,1956-08-29,,XNYS,0,0,OBSERVED_AT_POLYGON_PROVIDER_HISTORY_FLOOR|FIRST_BAR_AFTER_REPORTED_LIST_DATE,,False
ROL,EQUITY,"Rollins, Inc.",2003-09-10,2004-11-16,2026-08-21,2003-09-10,2004-11-16,22.9464,22.9464,ELIGIBLE_CURRENT_TICKER_WINDOW,AVAILABLE,AVAILABLE,AVAILABLE,AVAILABLE,True,1968-08-12,,XNYS,0,7,SPLIT_HISTORY_PRESENT|OBSERVED_AT_POLYGON_PROVIDER_HISTORY_FLOOR|FIRST_BAR_AFTER_REPORTED_LIST_DATE,,False
ROP,EQUITY,"Roper Technologies, Inc. Common Stock",2003-09-10,2004-11-16,2026-08-21,2003-09-10,2004-11-16,22.9464,22.9464,ELIGIBLE_CURRENT_TICKER_WINDOW,AVAILABLE,AVAILABLE,AVAILABLE,AVAILABLE,True,1992-02-13,,XNAS,0,1,SPLIT_HISTORY_PRESENT|OBSERVED_AT_POLYGON_PROVIDER_HISTORY_FLOOR|FIRST_BAR_AFTER_REPORTED_LIST_DATE,,False
ROST,EQUITY,Ross Stores Inc,2003-09-10,2004-11-16,2026-08-21,2003-09-10,2004-11-16,22.9464,22.9464,ELIGIBLE_CURRENT_TICKER_WINDOW,AVAILABLE,AVAILABLE,AVAILABLE,AVAILABLE,True,1985-08-08,,XNAS,0,3,SPLIT_HISTORY_PRESENT|OBSERVED_AT_POLYGON_PROVIDER_HISTORY_FLOOR|FIRST_BAR_AFTER_REPORTED_LIST_DATE,,False
RSG,EQUITY,Republic Services Inc.,2003-09-10,2004-11-16,2026-08-21,2003-09-10,2004-11-16,22.9464,22.9464,ELIGIBLE_CURRENT_TICKER_WINDOW,AVAILABLE,AVAILABLE,AVAILABLE,AVAILABLE,True,1998-07-01,,XNYS,0,1,SPLIT_HISTORY_PRESENT|OBSERVED_AT_POLYGON_PROVIDER_HISTORY_FLOOR|FIRST_BAR_AFTER_REPORTED_LIST_DATE,,False
RSP,ETF,Invesco S&P 500 Equal Weight ETF,2003-09-10,2004-11-16,2026-08-21,2003-09-10,2004-11-16,22.9464,22.9464,ELIGIBLE_CURRENT_TICKER_WINDOW,AVAILABLE,AVAILABLE,AVAILABLE,AVAILABLE,True,2003-04-24,,ARCX,0,1,SPLIT_HISTORY_PRESENT|OBSERVED_AT_POLYGON_PROVIDER_HISTORY_FLOOR|FIRST_BAR_AFTER_REPORTED_LIST_DATE,,False
RTX,EQUITY,RTX Corporation,2007-08-08,2020-05-11,2026-08-21,2007-08-08,2020-05-11,19.0367,19.0367,ELIGIBLE_CURRENT_TICKER_WINDOW,AVAILABLE,AVAILABLE,AVAILABLE,AVAILABLE,True,1951-05-25,,XNYS,0,1,SPLIT_HISTORY_PRESENT|FIRST_BAR_AFTER_REPORTED_LIST_DATE,,False
RVTY,EQUITY,"Revvity, Inc.",2023-05-16,2024-07-25,2026-08-21,2003-09-10,2004-11-16,3.2663,22.9464,ELIGIBLE_CURRENT_TICKER_WINDOW,AVAILABLE,AVAILABLE,AVAILABLE,AVAILABLE,True,1972-06-01,,XNYS,1,0,TICKER_CHANGE_LINEAGE_PRESENT|FIRST_BAR_AFTER_REPORTED_LIST_DATE,LINEAGE_JOIN_REQUIRES_SEPARATE_CERTIFICATION,False
SBAC,EQUITY,SBA Communications Corp,2003-09-10,2004-11-16,2026-08-21,2003-09-10,2004-11-16,22.9464,22.9464,ELIGIBLE_CURRENT_TICKER_WINDOW,AVAILABLE,AVAILABLE,AVAILABLE,AVAILABLE,True,1999-06-16,,XNAS,0,0,OBSERVED_AT_POLYGON_PROVIDER_HISTORY_FLOOR|FIRST_BAR_AFTER_REPORTED_LIST_DATE,,False
SBUX,EQUITY,Starbucks Corp,2003-09-10,2004-11-16,2026-08-21,2003-09-10,2004-11-16,22.9464,22.9464,ELIGIBLE_CURRENT_TICKER_WINDOW,AVAILABLE,AVAILABLE,AVAILABLE,AVAILABLE,True,1992-06-26,,XNAS,0,2,SPLIT_HISTORY_PRESENT|OBSERVED_AT_POLYGON_PROVIDER_HISTORY_FLOOR|FIRST_BAR_AFTER_REPORTED_LIST_DATE,,False
SCHB,ETF,Schwab U.S. Broad Market ETF,2009-11-03,2011-01-11,2026-08-21,2009-11-03,2011-01-11,16.7971,16.7971,ELIGIBLE_CURRENT_TICKER_WINDOW,AVAILABLE,AVAILABLE,AVAILABLE,AVAILABLE,True,2009-11-03,,ARCX,0,2,SPLIT_HISTORY_PRESENT,,False
SCHD,ETF,Schwab US Dividend Equity ETF,2011-10-20,2012-12-31,2026-08-21,2011-10-20,2012-12-31,14.8367,14.8367,ELIGIBLE_CURRENT_TICKER_WINDOW,AVAILABLE,AVAILABLE,AVAILABLE,AVAILABLE,True,2011-10-20,,ARCX,0,1,SPLIT_HISTORY_PRESENT,,False
SCHW,EQUITY,The Charles Schwab Corporation,2005-12-20,2007-03-02,2026-08-21,2003-09-10,2004-11-16,20.6685,22.9464,ELIGIBLE_CURRENT_TICKER_WINDOW,AVAILABLE,AVAILABLE,AVAILABLE,AVAILABLE,True,1987-09-30,,XNYS,1,0,TICKER_CHANGE_LINEAGE_PRESENT|FIRST_BAR_AFTER_REPORTED_LIST_DATE,LINEAGE_JOIN_REQUIRES_SEPARATE_CERTIFICATION,False
SHOP,EQUITY,Shopify Inc. Class A subordinate voting shares,2004-10-26,2015-09-23,2026-08-21,2004-10-26,2015-09-23,21.8184,21.8184,ELIGIBLE_CURRENT_TICKER_WINDOW,AVAILABLE,AVAILABLE,AVAILABLE,AVAILABLE,True,2015-05-21,,XNAS,0,1,SPLIT_HISTORY_PRESENT,,False
SHW,EQUITY,The Sherwin-Williams Company,2003-09-10,2004-11-16,2026-08-21,2003-09-10,2004-11-16,22.9464,22.9464,ELIGIBLE_CURRENT_TICKER_WINDOW,AVAILABLE,AVAILABLE,AVAILABLE,AVAILABLE,True,1964-02-11,,XNYS,0,1,SPLIT_HISTORY_PRESENT|OBSERVED_AT_POLYGON_PROVIDER_HISTORY_FLOOR|FIRST_BAR_AFTER_REPORTED_LIST_DATE,,False
SHY,ETF,iShares 1-3 Year Treasury Bond ETF,2003-09-10,2004-11-16,2026-08-21,2003-09-10,2004-11-16,22.9464,22.9464,ELIGIBLE_CURRENT_TICKER_WINDOW,AVAILABLE,AVAILABLE,AVAILABLE,AVAILABLE,True,2002-07-22,,XNAS,0,0,OBSERVED_AT_POLYGON_PROVIDER_HISTORY_FLOOR|FIRST_BAR_AFTER_REPORTED_LIST_DATE,,False
SJM,EQUITY,The J.M. Smucker Company,2003-09-10,2004-11-16,2026-08-21,2003-09-10,2004-11-16,22.9464,22.9464,ELIGIBLE_CURRENT_TICKER_WINDOW,AVAILABLE,AVAILABLE,AVAILABLE,AVAILABLE,True,1994-10-31,,XNYS,0,0,OBSERVED_AT_POLYGON_PROVIDER_HISTORY_FLOOR|FIRST_BAR_AFTER_REPORTED_LIST_DATE,,False
SKYY,ETF,First Trust Cloud Computing ETF,2011-07-06,2012-09-11,2026-08-21,2011-07-06,2012-09-11,15.1269,15.1269,ELIGIBLE_CURRENT_TICKER_WINDOW,AVAILABLE,AVAILABLE,AVAILABLE,AVAILABLE,True,2011-07-05,,XNAS,0,1,SPLIT_HISTORY_PRESENT|FIRST_BAR_AFTER_REPORTED_LIST_DATE,,False
SLB,EQUITY,SLB Limited,2003-09-10,2004-11-16,2026-08-21,2003-09-10,2004-11-16,22.9464,22.9464,ELIGIBLE_CURRENT_TICKER_WINDOW,AVAILABLE,AVAILABLE,AVAILABLE,AVAILABLE,True,1962-02-02,,XNYS,0,1,SPLIT_HISTORY_PRESENT|OBSERVED_AT_POLYGON_PROVIDER_HISTORY_FLOOR|FIRST_BAR_AFTER_REPORTED_LIST_DATE,,False
SLV,ETF,iShares Silver Trust,2006-04-28,2007-07-09,2026-08-21,2006-04-28,2007-07-09,20.3153,20.3153,ELIGIBLE_CURRENT_TICKER_WINDOW,AVAILABLE,AVAILABLE,AVAILABLE,AVAILABLE,True,2006-04-21,,ARCX,0,1,SPLIT_HISTORY_PRESENT|FIRST_BAR_AFTER_REPORTED_LIST_DATE,,False
SMCI,EQUITY,"Super Micro Computer, Inc. Common Stock",2007-03-29,2008-06-05,2026-08-21,2007-03-29,2008-06-05,19.3981,19.3981,ELIGIBLE_CURRENT_TICKER_WINDOW,AVAILABLE,AVAILABLE,AVAILABLE,AVAILABLE,True,2007-03-29,,XNAS,0,1,SPLIT_HISTORY_PRESENT,,False
SMH,ETF,VanEck Semiconductor ETF,2003-09-10,2004-11-16,2026-08-21,2003-09-10,2004-11-16,22.9464,22.9464,ELIGIBLE_CURRENT_TICKER_WINDOW,AVAILABLE,AVAILABLE,AVAILABLE,AVAILABLE,True,2011-12-20,,XNAS,0,1,SPLIT_HISTORY_PRESENT|OBSERVED_AT_POLYGON_PROVIDER_HISTORY_FLOOR,,False
SNA,EQUITY,Snap-on Incorporated,2003-09-10,2004-11-16,2026-08-21,2003-09-10,2004-11-16,22.9464,22.9464,ELIGIBLE_CURRENT_TICKER_WINDOW,AVAILABLE,AVAILABLE,AVAILABLE,AVAILABLE,True,1972-06-01,,XNYS,0,0,OBSERVED_AT_POLYGON_PROVIDER_HISTORY_FLOOR|FIRST_BAR_AFTER_REPORTED_LIST_DATE,,False
SNDK,EQUITY,Sandisk Corporation Common Stock,2003-09-10,2004-11-16,2026-08-21,2003-09-10,2004-11-16,22.9464,22.9464,ELIGIBLE_CURRENT_TICKER_WINDOW,AVAILABLE,AVAILABLE,AVAILABLE,AVAILABLE,True,2025-02-13,,XNAS,0,0,OBSERVED_AT_POLYGON_PROVIDER_HISTORY_FLOOR,,False
SNPS,EQUITY,Synopsys Inc,2003-09-10,2004-11-16,2026-08-21,2003-09-10,2004-11-16,22.9464,22.9464,ELIGIBLE_CURRENT_TICKER_WINDOW,AVAILABLE,AVAILABLE,AVAILABLE,AVAILABLE,True,1992-03-03,,XNAS,0,1,SPLIT_HISTORY_PRESENT|OBSERVED_AT_POLYGON_PROVIDER_HISTORY_FLOOR|FIRST_BAR_AFTER_REPORTED_LIST_DATE,,False
SO,EQUITY,The Southern Company,2003-09-10,2004-11-16,2026-08-21,2003-09-10,2004-11-16,22.9464,22.9464,ELIGIBLE_CURRENT_TICKER_WINDOW,AVAILABLE,AVAILABLE,AVAILABLE,AVAILABLE,True,1949-10-04,,XNYS,0,0,OBSERVED_AT_POLYGON_PROVIDER_HISTORY_FLOOR|FIRST_BAR_AFTER_REPORTED_LIST_DATE,,False
SOLV,EQUITY,Solventum Corporation,2024-04-01,2025-06-10,2026-08-21,2024-04-01,2025-06-10,2.3875,2.3875,ELIGIBLE_CURRENT_TICKER_WINDOW,AVAILABLE,AVAILABLE,AVAILABLE,AVAILABLE,True,2024-03-26,,XNYS,0,0,FIRST_BAR_AFTER_REPORTED_LIST_DATE,,False
SOXX,ETF,iShares Semiconductor ETF,2010-10-15,2011-12-21,2026-08-21,2003-09-10,2004-11-16,15.8497,22.9464,ELIGIBLE_CURRENT_TICKER_WINDOW,AVAILABLE,AVAILABLE,AVAILABLE,AVAILABLE,True,2001-07-10,,XNAS,1,1,TICKER_CHANGE_LINEAGE_PRESENT|SPLIT_HISTORY_PRESENT|FIRST_BAR_AFTER_REPORTED_LIST_DATE,LINEAGE_JOIN_REQUIRES_SEPARATE_CERTIFICATION,False
SPG,EQUITY,"Simon Property Group, Inc.",2003-09-10,2004-11-16,2026-08-21,2003-09-10,2004-11-16,22.9464,22.9464,ELIGIBLE_CURRENT_TICKER_WINDOW,AVAILABLE,AVAILABLE,AVAILABLE,AVAILABLE,True,1993-12-14,,XNYS,0,0,OBSERVED_AT_POLYGON_PROVIDER_HISTORY_FLOOR|FIRST_BAR_AFTER_REPORTED_LIST_DATE,,False
SPGI,EQUITY,S&P Global Inc.,2016-04-28,2017-07-06,2026-08-21,2016-04-28,2017-07-06,10.3137,10.3137,ELIGIBLE_CURRENT_TICKER_WINDOW,AVAILABLE,AVAILABLE,AVAILABLE,AVAILABLE,True,1929-02-14,,XNYS,0,1,SPLIT_HISTORY_PRESENT|FIRST_BAR_AFTER_REPORTED_LIST_DATE,,False
SPXU,ETF,ProShares UltraPro Short S&P 500,2009-06-25,2010-09-01,2026-08-21,2009-06-25,2010-09-01,17.1557,17.1557,ELIGIBLE_CURRENT_TICKER_WINDOW,AVAILABLE,AVAILABLE,AVAILABLE,AVAILABLE,True,2009-06-23,,ARCX,0,6,SPLIT_HISTORY_PRESENT|FIRST_BAR_AFTER_REPORTED_LIST_DATE,,False
SPY,ETF,State Street SPDR S&P 500 ETF Trust,2003-09-10,2004-11-16,2026-08-21,2003-09-10,2004-11-16,22.9464,22.9464,ELIGIBLE_CURRENT_TICKER_WINDOW,AVAILABLE,AVAILABLE,AVAILABLE,AVAILABLE,True,1993-01-22,,ARCX,0,0,OBSERVED_AT_POLYGON_PROVIDER_HISTORY_FLOOR|FIRST_BAR_AFTER_REPORTED_LIST_DATE,,False
SQQQ,ETF,ProShares UltraPro Short QQQ,2010-02-11,2011-04-19,2026-08-21,2010-02-11,2011-04-19,16.5233,16.5233,ELIGIBLE_CURRENT_TICKER_WINDOW,AVAILABLE,AVAILABLE,AVAILABLE,AVAILABLE,True,2010-02-09,,XNAS,0,8,SPLIT_HISTORY_PRESENT|FIRST_BAR_AFTER_REPORTED_LIST_DATE,,False
SRE,EQUITY,Sempra,2003-09-10,2004-11-16,2026-08-21,2003-09-10,2004-11-16,22.9464,22.9464,ELIGIBLE_CURRENT_TICKER_WINDOW,AVAILABLE,AVAILABLE,AVAILABLE,AVAILABLE,True,1972-06-01,,XNYS,0,1,SPLIT_HISTORY_PRESENT|OBSERVED_AT_POLYGON_PROVIDER_HISTORY_FLOOR|FIRST_BAR_AFTER_REPORTED_LIST_DATE,,False
STE,EQUITY,STERIS plc,2003-09-10,2004-11-16,2026-08-21,2003-09-10,2004-11-16,22.9464,22.9464,ELIGIBLE_CURRENT_TICKER_WINDOW,AVAILABLE,AVAILABLE,AVAILABLE,AVAILABLE,True,1992-06-02,,XNYS,0,0,OBSERVED_AT_POLYGON_PROVIDER_HISTORY_FLOOR|FIRST_BAR_AFTER_REPORTED_LIST_DATE,,False
STLD,EQUITY,Steel Dynamics Inc,2003-09-10,2004-11-16,2026-08-21,2003-09-10,2004-11-16,22.9464,22.9464,ELIGIBLE_CURRENT_TICKER_WINDOW,AVAILABLE,AVAILABLE,AVAILABLE,AVAILABLE,True,1996-11-22,,XNAS,0,2,SPLIT_HISTORY_PRESENT|OBSERVED_AT_POLYGON_PROVIDER_HISTORY_FLOOR|FIRST_BAR_AFTER_REPORTED_LIST_DATE,,False
STT,EQUITY,State Street Corporation,2003-09-10,2004-11-16,2026-08-21,2003-09-10,2004-11-16,22.9464,22.9464,ELIGIBLE_CURRENT_TICKER_WINDOW,AVAILABLE,AVAILABLE,AVAILABLE,AVAILABLE,True,1975-02-18,,XNYS,0,0,OBSERVED_AT_POLYGON_PROVIDER_HISTORY_FLOOR|FIRST_BAR_AFTER_REPORTED_LIST_DATE,,False
STX,EQUITY,Seagate Technology Holdings PLC Ordinary Shares (Ireland),2003-09-10,2004-11-16,2026-08-21,2003-09-10,2004-11-16,22.9464,22.9464,ELIGIBLE_CURRENT_TICKER_WINDOW,AVAILABLE,AVAILABLE,AVAILABLE,AVAILABLE,True,2002-12-11,,XNAS,0,0,OBSERVED_AT_POLYGON_PROVIDER_HISTORY_FLOOR|FIRST_BAR_AFTER_REPORTED_LIST_DATE,,False
STZ,EQUITY,"Constellation Brands, Inc.",2003-09-10,2004-11-16,2026-08-21,2003-09-10,2004-11-16,22.9464,22.9464,ELIGIBLE_CURRENT_TICKER_WINDOW,AVAILABLE,AVAILABLE,AVAILABLE,AVAILABLE,True,1986-07-31,,XNYS,0,1,SPLIT_HISTORY_PRESENT|OBSERVED_AT_POLYGON_PROVIDER_HISTORY_FLOOR|FIRST_BAR_AFTER_REPORTED_LIST_DATE,,False
SW,EQUITY,Smurfit Westrock plc,2024-07-08,2025-09-16,2026-08-21,2024-07-08,2025-09-16,2.1191,2.1191,ELIGIBLE_CURRENT_TICKER_WINDOW,AVAILABLE,AVAILABLE,AVAILABLE,AVAILABLE,True,2008-04-10,,XNYS,0,0,FIRST_BAR_AFTER_REPORTED_LIST_DATE,,False
SWK,EQUITY,"Stanley Black & Decker, Inc.",2003-09-10,2004-11-16,2026-08-21,2003-09-10,2004-11-16,22.9464,22.9464,ELIGIBLE_CURRENT_TICKER_WINDOW,AVAILABLE,AVAILABLE,AVAILABLE,AVAILABLE,True,1966-06-15,,XNYS,0,0,OBSERVED_AT_POLYGON_PROVIDER_HISTORY_FLOOR|FIRST_BAR_AFTER_REPORTED_LIST_DATE,,False
SWKS,EQUITY,Skyworks Solutions Inc,2003-09-10,2004-11-16,2026-08-21,2003-09-10,2004-11-16,22.9464,22.9464,ELIGIBLE_CURRENT_TICKER_WINDOW,AVAILABLE,AVAILABLE,AVAILABLE,AVAILABLE,True,1972-06-01,,XNAS,0,0,OBSERVED_AT_POLYGON_PROVIDER_HISTORY_FLOOR|FIRST_BAR_AFTER_REPORTED_LIST_DATE,,False
SYF,EQUITY,SYNCHRONY FINANCIAL,2014-07-31,2015-10-07,2026-08-21,2014-07-31,2015-10-07,12.0577,12.0577,ELIGIBLE_CURRENT_TICKER_WINDOW,AVAILABLE,AVAILABLE,AVAILABLE,AVAILABLE,True,2014-07-31,,XNYS,0,0,,,False
SYK,EQUITY,Stryker Corporation,2003-09-10,2004-11-16,2026-08-21,2003-09-10,2004-11-16,22.9464,22.9464,ELIGIBLE_CURRENT_TICKER_WINDOW,AVAILABLE,AVAILABLE,AVAILABLE,AVAILABLE,True,1979-05-02,,XNYS,0,1,SPLIT_HISTORY_PRESENT|OBSERVED_AT_POLYGON_PROVIDER_HISTORY_FLOOR|FIRST_BAR_AFTER_REPORTED_LIST_DATE,,False
SYY,EQUITY,Sysco Corporation,2003-09-10,2004-11-16,2026-08-21,2003-09-10,2004-11-16,22.9464,22.9464,ELIGIBLE_CURRENT_TICKER_WINDOW,AVAILABLE,AVAILABLE,AVAILABLE,AVAILABLE,True,1972-06-01,,XNYS,0,0,OBSERVED_AT_POLYGON_PROVIDER_HISTORY_FLOOR|FIRST_BAR_AFTER_REPORTED_LIST_DATE,,False
T,EQUITY,AT&T Inc.,2003-09-10,2004-11-16,2026-08-21,2003-09-10,2004-11-16,22.9464,22.9464,ELIGIBLE_CURRENT_TICKER_WINDOW,AVAILABLE,AVAILABLE,AVAILABLE,AVAILABLE,True,1946-11-01,,XNYS,1,0,TICKER_CHANGE_LINEAGE_PRESENT|OBSERVED_AT_POLYGON_PROVIDER_HISTORY_FLOOR|FIRST_BAR_AFTER_REPORTED_LIST_DATE,LINEAGE_JOIN_REQUIRES_SEPARATE_CERTIFICATION,False
TAN,ETF,Invesco Solar ETF,2008-04-15,2009-06-22,2026-08-21,2008-04-15,2009-06-22,18.3495,18.3495,ELIGIBLE_CURRENT_TICKER_WINDOW,AVAILABLE,AVAILABLE,AVAILABLE,AVAILABLE,True,2008-04-15,,ARCX,0,0,,,False
TAP,EQUITY,Molson Coors Beverage Company Class B,2005-02-09,2006-04-19,2026-08-21,2005-02-09,2006-04-19,21.5282,21.5282,ELIGIBLE_CURRENT_TICKER_WINDOW,AVAILABLE,AVAILABLE,AVAILABLE,AVAILABLE,True,1975-06-10,,XNYS,0,2,SPLIT_HISTORY_PRESENT|FIRST_BAR_AFTER_REPORTED_LIST_DATE,,False
TDG,EQUITY,TransDigm Group Incorporated,2006-03-15,2007-05-23,2026-08-21,2006-03-15,2007-05-23,20.4357,20.4357,ELIGIBLE_CURRENT_TICKER_WINDOW,AVAILABLE,AVAILABLE,AVAILABLE,AVAILABLE,True,2006-03-15,,XNYS,0,0,,,False
TDY,EQUITY,Teledyne Technologies Incorporated,2003-09-10,2004-11-16,2026-08-21,2003-09-10,2004-11-16,22.9464,22.9464,ELIGIBLE_CURRENT_TICKER_WINDOW,AVAILABLE,AVAILABLE,AVAILABLE,AVAILABLE,True,1999-11-23,,XNYS,0,0,OBSERVED_AT_POLYGON_PROVIDER_HISTORY_FLOOR|FIRST_BAR_AFTER_REPORTED_LIST_DATE,,False
TECH,EQUITY,Bio-Techne Corp.,2003-09-10,2004-11-16,2026-08-21,2003-09-10,2004-11-16,22.9464,22.9464,ELIGIBLE_CURRENT_TICKER_WINDOW,AVAILABLE,AVAILABLE,AVAILABLE,AVAILABLE,True,1989-05-08,,XNAS,0,1,SPLIT_HISTORY_PRESENT|OBSERVED_AT_POLYGON_PROVIDER_HISTORY_FLOOR|FIRST_BAR_AFTER_REPORTED_LIST_DATE,,False
TEL,EQUITY,TE Connectivity plc,2007-07-02,2008-09-08,2026-08-21,2007-07-02,2008-09-08,19.138,19.138,ELIGIBLE_CURRENT_TICKER_WINDOW,AVAILABLE,AVAILABLE,AVAILABLE,AVAILABLE,True,2007-06-14,,XNYS,0,0,FIRST_BAR_AFTER_REPORTED_LIST_DATE,,False
TER,EQUITY,"Teradyne, Inc. Common Stock",2003-09-10,2004-11-16,2026-08-21,2003-09-10,2004-11-16,22.9464,22.9464,ELIGIBLE_CURRENT_TICKER_WINDOW,AVAILABLE,AVAILABLE,AVAILABLE,AVAILABLE,True,1972-06-01,,XNAS,0,4,SPLIT_HISTORY_PRESENT|OBSERVED_AT_POLYGON_PROVIDER_HISTORY_FLOOR|FIRST_BAR_AFTER_REPORTED_LIST_DATE,,False
TFC,EQUITY,Truist Financial Corporation,2004-01-02,2005-03-11,2026-08-21,2004-01-02,2005-03-11,22.6343,22.6343,ELIGIBLE_CURRENT_TICKER_WINDOW,AVAILABLE,AVAILABLE,AVAILABLE,AVAILABLE,True,1973-01-02,,XNYS,0,0,FIRST_BAR_AFTER_REPORTED_LIST_DATE,,False
TGT,EQUITY,Target Corporation,2003-09-10,2004-11-16,2026-08-21,2003-09-10,2004-11-16,22.9464,22.9464,ELIGIBLE_CURRENT_TICKER_WINDOW,AVAILABLE,AVAILABLE,AVAILABLE,AVAILABLE,True,1972-06-01,,XNYS,0,0,OBSERVED_AT_POLYGON_PROVIDER_HISTORY_FLOOR|FIRST_BAR_AFTER_REPORTED_LIST_DATE,,False
TIP,ETF,iShares TIPS Bond ETF,2003-12-05,2005-02-14,2026-08-21,2003-12-05,2005-02-14,22.7109,22.7109,ELIGIBLE_CURRENT_TICKER_WINDOW,AVAILABLE,AVAILABLE,AVAILABLE,AVAILABLE,True,2003-12-04,,ARCX,0,0,FIRST_BAR_AFTER_REPORTED_LIST_DATE,,False
TJX,EQUITY,"TJX Companies, Inc. (The)",2003-09-10,2004-11-16,2026-08-21,2003-09-10,2004-11-16,22.9464,22.9464,ELIGIBLE_CURRENT_TICKER_WINDOW,AVAILABLE,AVAILABLE,AVAILABLE,AVAILABLE,True,1965-11-17,,XNYS,0,2,SPLIT_HISTORY_PRESENT|OBSERVED_AT_POLYGON_PROVIDER_HISTORY_FLOOR|FIRST_BAR_AFTER_REPORTED_LIST_DATE,,False
TKO,EQUITY,"TKO Group Holdings, Inc.",2004-02-04,2005-04-13,2026-08-21,2004-02-04,2005-04-13,22.5439,22.5439,ELIGIBLE_CURRENT_TICKER_WINDOW,AVAILABLE,AVAILABLE,AVAILABLE,AVAILABLE,True,2023-09-12,,XNYS,0,0,,,False
TLT,ETF,iShares 20+ Year Treasury Bond ETF,2003-09-10,2004-11-16,2026-08-21,2003-09-10,2004-11-16,22.9464,22.9464,ELIGIBLE_CURRENT_TICKER_WINDOW,AVAILABLE,AVAILABLE,AVAILABLE,AVAILABLE,True,2002-07-22,,XNAS,0,0,OBSERVED_AT_POLYGON_PROVIDER_HISTORY_FLOOR|FIRST_BAR_AFTER_REPORTED_LIST_DATE,,False
TMO,EQUITY,"Thermo Fisher Scientific, Inc.",2003-09-10,2004-11-16,2026-08-21,2003-09-10,2004-11-16,22.9464,22.9464,ELIGIBLE_CURRENT_TICKER_WINDOW,AVAILABLE,AVAILABLE,AVAILABLE,AVAILABLE,True,1972-06-01,,XNYS,0,0,OBSERVED_AT_POLYGON_PROVIDER_HISTORY_FLOOR|FIRST_BAR_AFTER_REPORTED_LIST_DATE,,False
TMUS,EQUITY,"T-Mobile US, Inc.",2013-05-01,2014-07-09,2026-08-21,2013-05-01,2014-07-09,13.3062,13.3062,ELIGIBLE_CURRENT_TICKER_WINDOW,AVAILABLE,AVAILABLE,AVAILABLE,AVAILABLE,True,2007-04-19,,XNAS,0,0,FIRST_BAR_AFTER_REPORTED_LIST_DATE,,False
TPL,EQUITY,Texas Pacific Land Corporation,2003-09-10,2004-11-18,2026-08-21,2003-09-10,2004-11-18,22.9464,22.9464,ELIGIBLE_CURRENT_TICKER_WINDOW,AVAILABLE,AVAILABLE,AVAILABLE,AVAILABLE,True,1972-06-01,,XNYS,0,2,SPLIT_HISTORY_PRESENT|OBSERVED_AT_POLYGON_PROVIDER_HISTORY_FLOOR|FIRST_BAR_AFTER_REPORTED_LIST_DATE,,False
TPR,EQUITY,"Tapestry, Inc. Common Stock",2003-09-10,2004-12-10,2026-08-21,2003-09-10,2004-12-10,22.9464,22.9464,ELIGIBLE_CURRENT_TICKER_WINDOW,AVAILABLE,AVAILABLE,AVAILABLE,AVAILABLE,True,2000-10-05,,XNYS,0,2,SPLIT_HISTORY_PRESENT|OBSERVED_AT_POLYGON_PROVIDER_HISTORY_FLOOR|FIRST_BAR_AFTER_REPORTED_LIST_DATE,,False
TQQQ,ETF,ProShares  UltraPro QQQ,2010-02-11,2011-04-19,2026-08-21,2010-02-11,2011-04-19,16.5233,16.5233,ELIGIBLE_CURRENT_TICKER_WINDOW,AVAILABLE,AVAILABLE,AVAILABLE,AVAILABLE,True,2010-02-09,,XNAS,0,8,SPLIT_HISTORY_PRESENT|FIRST_BAR_AFTER_REPORTED_LIST_DATE,,False
TRGP,EQUITY,Targa Resources Corp.,2010-12-07,2012-02-14,2026-08-21,2010-12-07,2012-02-14,15.7046,15.7046,ELIGIBLE_CURRENT_TICKER_WINDOW,AVAILABLE,AVAILABLE,AVAILABLE,AVAILABLE,True,2010-12-07,,XNYS,0,0,,,False
TRI,EQUITY,Thomson Reuters Corporation Common Shares,2003-09-10,2004-11-16,2026-08-21,2003-09-10,2004-11-16,22.9464,22.9464,ELIGIBLE_CURRENT_TICKER_WINDOW,AVAILABLE,AVAILABLE,AVAILABLE,AVAILABLE,True,1993-05-27,,XNAS,0,3,SPLIT_HISTORY_PRESENT|OBSERVED_AT_POLYGON_PROVIDER_HISTORY_FLOOR|FIRST_BAR_AFTER_REPORTED_LIST_DATE,,False
TRMB,EQUITY,Trimble Inc. Common Stock,2003-09-10,2004-11-16,2026-08-21,2003-09-10,2004-11-16,22.9464,22.9464,ELIGIBLE_CURRENT_TICKER_WINDOW,AVAILABLE,AVAILABLE,AVAILABLE,AVAILABLE,True,1990-07-01,,XNAS,0,3,SPLIT_HISTORY_PRESENT|OBSERVED_AT_POLYGON_PROVIDER_HISTORY_FLOOR|FIRST_BAR_AFTER_REPORTED_LIST_DATE,,False
TROW,EQUITY,T Rowe Price Group Inc,2003-09-10,2004-11-16,2026-08-21,2003-09-10,2004-11-16,22.9464,22.9464,ELIGIBLE_CURRENT_TICKER_WINDOW,AVAILABLE,AVAILABLE,AVAILABLE,AVAILABLE,True,1986-04-09,,XNAS,0,1,SPLIT_HISTORY_PRESENT|OBSERVED_AT_POLYGON_PROVIDER_HISTORY_FLOOR|FIRST_BAR_AFTER_REPORTED_LIST_DATE,,False
TRV,EQUITY,"The Travelers Companies, Inc.",2007-02-27,2008-05-05,2026-08-21,2007-02-27,2008-05-05,19.4802,19.4802,ELIGIBLE_CURRENT_TICKER_WINDOW,AVAILABLE,AVAILABLE,AVAILABLE,AVAILABLE,True,1975-02-18,,XNYS,0,0,FIRST_BAR_AFTER_REPORTED_LIST_DATE,,False
TSCO,EQUITY,Tractor Supply Co,2003-09-10,2004-11-16,2026-08-21,2003-09-10,2004-11-16,22.9464,22.9464,ELIGIBLE_CURRENT_TICKER_WINDOW,AVAILABLE,AVAILABLE,AVAILABLE,AVAILABLE,True,1994-02-17,,XNAS,0,4,SPLIT_HISTORY_PRESENT|OBSERVED_AT_POLYGON_PROVIDER_HISTORY_FLOOR|FIRST_BAR_AFTER_REPORTED_LIST_DATE,,False
TSLA,EQUITY,"Tesla, Inc. Common Stock",2010-06-29,2011-09-02,2026-08-21,2010-06-29,2011-09-02,16.1454,16.1454,ELIGIBLE_CURRENT_TICKER_WINDOW,AVAILABLE,AVAILABLE,AVAILABLE,AVAILABLE,True,2010-06-29,,XNAS,0,2,SPLIT_HISTORY_PRESENT,,False
TSN,EQUITY,"Tyson Foods, Inc.",2003-09-10,2004-11-16,2026-08-21,2003-09-10,2004-11-16,22.9464,22.9464,ELIGIBLE_CURRENT_TICKER_WINDOW,AVAILABLE,AVAILABLE,AVAILABLE,AVAILABLE,True,1972-06-01,,XNYS,0,0,OBSERVED_AT_POLYGON_PROVIDER_HISTORY_FLOOR|FIRST_BAR_AFTER_REPORTED_LIST_DATE,,False
TT,EQUITY,Trane Technologies plc,2003-09-10,2004-11-19,2026-08-21,2003-09-10,2004-11-19,22.9464,22.9464,ELIGIBLE_CURRENT_TICKER_WINDOW,AVAILABLE,AVAILABLE,AVAILABLE,AVAILABLE,True,1948-06-09,,XNYS,0,1,SPLIT_HISTORY_PRESENT|OBSERVED_AT_POLYGON_PROVIDER_HISTORY_FLOOR|FIRST_BAR_AFTER_REPORTED_LIST_DATE,,False
TTD,EQUITY,"The Trade Desk, Inc.",2016-09-21,2017-11-28,2026-08-21,2016-09-21,2017-11-28,9.914,9.914,ELIGIBLE_CURRENT_TICKER_WINDOW,AVAILABLE,AVAILABLE,AVAILABLE,AVAILABLE,True,2016-09-21,,XNAS,0,1,SPLIT_HISTORY_PRESENT,,False
TTWO,EQUITY,Take-Two Interactive Software Inc,2003-09-10,2004-11-16,2026-08-21,2003-09-10,2004-11-16,22.9464,22.9464,ELIGIBLE_CURRENT_TICKER_WINDOW,AVAILABLE,AVAILABLE,AVAILABLE,AVAILABLE,True,1997-04-14,,XNAS,0,1,SPLIT_HISTORY_PRESENT|OBSERVED_AT_POLYGON_PROVIDER_HISTORY_FLOOR|FIRST_BAR_AFTER_REPORTED_LIST_DATE,,False
TXN,EQUITY,Texas Instruments Incorporated,2003-09-10,2004-11-16,2026-08-21,2003-09-10,2004-11-16,22.9464,22.9464,ELIGIBLE_CURRENT_TICKER_WINDOW,AVAILABLE,AVAILABLE,AVAILABLE,AVAILABLE,True,1953-10-01,,XNAS,0,0,OBSERVED_AT_POLYGON_PROVIDER_HISTORY_FLOOR|FIRST_BAR_AFTER_REPORTED_LIST_DATE,,False
TXT,EQUITY,"Textron, Inc.",2003-09-10,2004-11-16,2026-08-21,2003-09-10,2004-11-16,22.9464,22.9464,ELIGIBLE_CURRENT_TICKER_WINDOW,AVAILABLE,AVAILABLE,AVAILABLE,AVAILABLE,True,1968-01-02,,XNYS,0,1,SPLIT_HISTORY_PRESENT|OBSERVED_AT_POLYGON_PROVIDER_HISTORY_FLOOR|FIRST_BAR_AFTER_REPORTED_LIST_DATE,,False
TYL,EQUITY,"Tyler Technologies, Inc.",2003-09-10,2004-11-16,2026-08-21,2003-09-10,2004-11-16,22.9464,22.9464,ELIGIBLE_CURRENT_TICKER_WINDOW,AVAILABLE,AVAILABLE,AVAILABLE,AVAILABLE,True,1969-03-24,,XNYS,0,0,OBSERVED_AT_POLYGON_PROVIDER_HISTORY_FLOOR|FIRST_BAR_AFTER_REPORTED_LIST_DATE,,False
UAL,EQUITY,"United Airlines Holdings, Inc. Common Stock",2010-10-01,2011-12-07,2026-08-21,2010-10-01,2011-12-07,15.8881,15.8881,ELIGIBLE_CURRENT_TICKER_WINDOW,AVAILABLE,AVAILABLE,AVAILABLE,AVAILABLE,True,1969-08-01,,XNAS,0,0,FIRST_BAR_AFTER_REPORTED_LIST_DATE,,False
UBER,EQUITY,"Uber Technologies, Inc.",2019-05-10,2020-07-17,2026-08-21,2019-05-10,2020-07-17,7.2828,7.2828,ELIGIBLE_CURRENT_TICKER_WINDOW,AVAILABLE,AVAILABLE,AVAILABLE,AVAILABLE,True,2019-05-10,,XNYS,0,0,,,False
UDR,EQUITY,"UDR, Inc.",2003-09-10,2004-11-16,2026-08-21,2003-09-10,2004-11-16,22.9464,22.9464,ELIGIBLE_CURRENT_TICKER_WINDOW,AVAILABLE,AVAILABLE,AVAILABLE,AVAILABLE,True,1973-01-02,,XNYS,0,0,OBSERVED_AT_POLYGON_PROVIDER_HISTORY_FLOOR|FIRST_BAR_AFTER_REPORTED_LIST_DATE,,False
UHS,EQUITY,"Universal Health Services, Inc. Class B",2003-09-10,2004-11-16,2026-08-21,2003-09-10,2004-11-16,22.9464,22.9464,ELIGIBLE_CURRENT_TICKER_WINDOW,AVAILABLE,AVAILABLE,AVAILABLE,AVAILABLE,True,1981-07-09,,XNYS,0,1,SPLIT_HISTORY_PRESENT|OBSERVED_AT_POLYGON_PROVIDER_HISTORY_FLOOR|FIRST_BAR_AFTER_REPORTED_LIST_DATE,,False
ULTA,EQUITY,"Ulta Beauty, Inc. Common Stock",2007-10-25,2009-01-02,2026-08-21,2007-10-25,2009-01-02,18.8231,18.8231,ELIGIBLE_CURRENT_TICKER_WINDOW,AVAILABLE,AVAILABLE,AVAILABLE,AVAILABLE,True,2007-10-25,,XNAS,0,0,,,False
UNG,ETF,"United States Natural Gas Fund, LP Unit",2007-04-18,2008-06-24,2026-08-21,2007-04-18,2008-06-24,19.3433,19.3433,ELIGIBLE_CURRENT_TICKER_WINDOW,AVAILABLE,AVAILABLE,AVAILABLE,AVAILABLE,True,2007-04-18,,ARCX,0,4,SPLIT_HISTORY_PRESENT,,False
UNH,EQUITY,UNITEDHEALTH GROUP INCORPORATED (Delaware),2003-09-10,2004-11-16,2026-08-21,2003-09-10,2004-11-16,22.9464,22.9464,ELIGIBLE_CURRENT_TICKER_WINDOW,AVAILABLE,AVAILABLE,AVAILABLE,AVAILABLE,True,1984-10-17,,XNYS,0,2,SPLIT_HISTORY_PRESENT|OBSERVED_AT_POLYGON_PROVIDER_HISTORY_FLOOR|FIRST_BAR_AFTER_REPORTED_LIST_DATE,,False
UNP,EQUITY,Union Pacific Corp.,2003-09-10,2004-11-16,2026-08-21,2003-09-10,2004-11-16,22.9464,22.9464,ELIGIBLE_CURRENT_TICKER_WINDOW,AVAILABLE,AVAILABLE,AVAILABLE,AVAILABLE,True,1969-06-20,,XNYS,0,1,SPLIT_HISTORY_PRESENT|OBSERVED_AT_POLYGON_PROVIDER_HISTORY_FLOOR|FIRST_BAR_AFTER_REPORTED_LIST_DATE,,False
UPRO,ETF,ProShares UltraPro S&P 500,2009-06-25,2010-09-01,2026-08-21,2009-06-25,2010-09-01,17.1557,17.1557,ELIGIBLE_CURRENT_TICKER_WINDOW,AVAILABLE,AVAILABLE,AVAILABLE,AVAILABLE,True,2009-06-23,,ARCX,0,6,SPLIT_HISTORY_PRESENT|FIRST_BAR_AFTER_REPORTED_LIST_DATE,,False
UPS,EQUITY,"United Parcel Service, Inc. Class B",2003-09-10,2004-11-16,2026-08-21,2003-09-10,2004-11-16,22.9464,22.9464,ELIGIBLE_CURRENT_TICKER_WINDOW,AVAILABLE,AVAILABLE,AVAILABLE,AVAILABLE,True,1999-11-10,,XNYS,0,0,OBSERVED_AT_POLYGON_PROVIDER_HISTORY_FLOOR|FIRST_BAR_AFTER_REPORTED_LIST_DATE,,False
URI,EQUITY,"United Rentals, Inc.",2003-09-10,2004-11-16,2026-08-21,2003-09-10,2004-11-16,22.9464,22.9464,ELIGIBLE_CURRENT_TICKER_WINDOW,AVAILABLE,AVAILABLE,AVAILABLE,AVAILABLE,True,1997-12-18,,XNYS,0,0,OBSERVED_AT_POLYGON_PROVIDER_HISTORY_FLOOR|FIRST_BAR_AFTER_REPORTED_LIST_DATE,,False
USB,EQUITY,U.S. Bancorp,2003-09-10,2004-11-16,2026-08-21,2003-09-10,2004-11-16,22.9464,22.9464,ELIGIBLE_CURRENT_TICKER_WINDOW,AVAILABLE,AVAILABLE,AVAILABLE,AVAILABLE,True,1973-01-02,,XNYS,0,0,OBSERVED_AT_POLYGON_PROVIDER_HISTORY_FLOOR|FIRST_BAR_AFTER_REPORTED_LIST_DATE,,False
USMV,ETF,iShares MSCI USA Min Vol Factor ETF,2011-10-20,2013-01-10,2026-08-21,2011-10-20,2013-01-10,14.8367,14.8367,ELIGIBLE_CURRENT_TICKER_WINDOW,AVAILABLE,AVAILABLE,AVAILABLE,AVAILABLE,True,2011-10-18,,BATS,0,0,FIRST_BAR_AFTER_REPORTED_LIST_DATE,,False
USO,ETF,"United States Oil Fund, LP",2006-04-10,2007-06-19,2026-08-21,2006-04-10,2007-06-19,20.3646,20.3646,ELIGIBLE_CURRENT_TICKER_WINDOW,AVAILABLE,AVAILABLE,AVAILABLE,AVAILABLE,True,2006-04-10,,ARCX,0,1,SPLIT_HISTORY_PRESENT,,False
UVXY,ETF,ProShares Ultra VIX Short-Term Futures ETF,2011-10-04,2012-12-12,2026-08-21,2011-10-04,2012-12-12,14.8805,14.8805,ELIGIBLE_CURRENT_TICKER_WINDOW,AVAILABLE,AVAILABLE,AVAILABLE,AVAILABLE,True,2011-10-03,,BATS,0,13,SPLIT_HISTORY_PRESENT|FIRST_BAR_AFTER_REPORTED_LIST_DATE,,False
V,EQUITY,VISA Inc.,2003-09-10,2004-11-16,2026-08-21,2003-09-10,2004-11-16,22.9464,22.9464,ELIGIBLE_CURRENT_TICKER_WINDOW,AVAILABLE,AVAILABLE,AVAILABLE,AVAILABLE,True,2008-03-19,,XNYS,0,1,SPLIT_HISTORY_PRESENT|OBSERVED_AT_POLYGON_PROVIDER_HISTORY_FLOOR,,False
VEA,ETF,Vanguard FTSE Developed Markets ETF,2003-09-10,2008-07-24,2026-08-21,2003-09-10,2008-07-24,22.9464,22.9464,ELIGIBLE_CURRENT_TICKER_WINDOW,AVAILABLE,AVAILABLE,AVAILABLE,AVAILABLE,True,2007-07-20,,ARCX,0,0,OBSERVED_AT_POLYGON_PROVIDER_HISTORY_FLOOR,,False
VEEV,EQUITY,Veeva Systems Inc.,2013-10-16,2014-12-23,2026-08-21,2013-10-16,2014-12-23,12.8463,12.8463,ELIGIBLE_CURRENT_TICKER_WINDOW,AVAILABLE,AVAILABLE,AVAILABLE,AVAILABLE,True,2013-10-16,,XNYS,0,0,,,False
VICI,EQUITY,VICI Properties Inc. Common Stock,2018-02-01,2019-04-11,2026-08-21,2018-02-01,2019-04-11,8.5505,8.5505,ELIGIBLE_CURRENT_TICKER_WINDOW,AVAILABLE,AVAILABLE,AVAILABLE,AVAILABLE,True,2017-10-17,,XNYS,0,1,SPLIT_HISTORY_PRESENT|FIRST_BAR_AFTER_REPORTED_LIST_DATE,,False
VIG,ETF,Vanguard Dividend Appreciation ETF,2003-09-10,2004-12-03,2026-08-21,2003-09-10,2004-12-03,22.9464,22.9464,ELIGIBLE_CURRENT_TICKER_WINDOW,AVAILABLE,AVAILABLE,AVAILABLE,AVAILABLE,True,2006-04-21,,ARCX,0,0,OBSERVED_AT_POLYGON_PROVIDER_HISTORY_FLOOR,,False
VIXY,ETF,ProShares VIX Short-Term Futures ETF,2011-01-04,2012-03-13,2026-08-21,2011-01-04,2012-03-13,15.628,15.628,ELIGIBLE_CURRENT_TICKER_WINDOW,AVAILABLE,AVAILABLE,AVAILABLE,AVAILABLE,True,2011-01-03,,BATS,0,6,SPLIT_HISTORY_PRESENT|FIRST_BAR_AFTER_REPORTED_LIST_DATE,,False
VLO,EQUITY,Valero Energy Corporation,2003-09-10,2004-11-16,2026-08-21,2003-09-10,2004-11-16,22.9464,22.9464,ELIGIBLE_CURRENT_TICKER_WINDOW,AVAILABLE,AVAILABLE,AVAILABLE,AVAILABLE,True,1997-08-01,,XNYS,0,3,SPLIT_HISTORY_PRESENT|OBSERVED_AT_POLYGON_PROVIDER_HISTORY_FLOOR|FIRST_BAR_AFTER_REPORTED_LIST_DATE,,False
VLTO,EQUITY,Veralto Corporation,2023-10-02,2024-12-09,2026-08-21,2023-10-02,2024-12-09,2.8858,2.8858,ELIGIBLE_CURRENT_TICKER_WINDOW,AVAILABLE,AVAILABLE,AVAILABLE,AVAILABLE,True,2023-09-27,,XNYS,0,0,FIRST_BAR_AFTER_REPORTED_LIST_DATE,,False
VLUE,ETF,iShares MSCI USA Value Factor ETF,2013-04-18,2014-10-14,2026-08-21,2013-04-18,2014-10-14,13.3418,13.3418,ELIGIBLE_CURRENT_TICKER_WINDOW,AVAILABLE,AVAILABLE,AVAILABLE,AVAILABLE,True,2013-04-16,,BATS,0,0,FIRST_BAR_AFTER_REPORTED_LIST_DATE,,False
VMC,EQUITY,Vulcan Materials Company(Holding Company),2003-09-10,2004-11-16,2026-08-21,2003-09-10,2004-11-16,22.9464,22.9464,ELIGIBLE_CURRENT_TICKER_WINDOW,AVAILABLE,AVAILABLE,AVAILABLE,AVAILABLE,True,1957-01-02,,XNYS,0,0,OBSERVED_AT_POLYGON_PROVIDER_HISTORY_FLOOR|FIRST_BAR_AFTER_REPORTED_LIST_DATE,,False
VNQ,ETF,Vanguard Real Estate ETF,2004-09-29,2005-12-05,2026-08-21,2004-09-29,2005-12-05,21.8923,21.8923,ELIGIBLE_CURRENT_TICKER_WINDOW,AVAILABLE,AVAILABLE,AVAILABLE,AVAILABLE,True,2004-09-23,,ARCX,0,0,FIRST_BAR_AFTER_REPORTED_LIST_DATE,,False
VOO,ETF,Vanguard S&P 500 ETF,2010-09-09,2011-11-14,2026-08-21,2010-09-09,2011-11-14,15.9483,15.9483,ELIGIBLE_CURRENT_TICKER_WINDOW,AVAILABLE,AVAILABLE,AVAILABLE,AVAILABLE,True,2010-09-07,,ARCX,0,1,SPLIT_HISTORY_PRESENT|FIRST_BAR_AFTER_REPORTED_LIST_DATE,,False
VRSK,EQUITY,"Verisk Analytics, Inc. Common Stock",2009-10-07,2010-12-14,2026-08-21,2009-10-07,2010-12-14,16.871,16.871,ELIGIBLE_CURRENT_TICKER_WINDOW,AVAILABLE,AVAILABLE,AVAILABLE,AVAILABLE,True,2009-10-07,,XNAS,0,0,,,False
VRSN,EQUITY,VeriSign Inc,2003-09-10,2004-11-16,2026-08-21,2003-09-10,2004-11-16,22.9464,22.9464,ELIGIBLE_CURRENT_TICKER_WINDOW,AVAILABLE,AVAILABLE,AVAILABLE,AVAILABLE,True,1998-01-30,,XNAS,0,0,OBSERVED_AT_POLYGON_PROVIDER_HISTORY_FLOOR|FIRST_BAR_AFTER_REPORTED_LIST_DATE,,False
VRT,EQUITY,Vertiv Holdings Co Class A Common Stock,2020-02-10,2021-04-19,2026-08-21,2020-02-10,2021-04-19,6.5272,6.5272,ELIGIBLE_CURRENT_TICKER_WINDOW,AVAILABLE,AVAILABLE,AVAILABLE,AVAILABLE,True,2018-07-30,,XNYS,0,0,FIRST_BAR_AFTER_REPORTED_LIST_DATE,,False
VRTX,EQUITY,Vertex Pharmaceuticals Inc,2003-09-10,2004-11-16,2026-08-21,2003-09-10,2004-11-16,22.9464,22.9464,ELIGIBLE_CURRENT_TICKER_WINDOW,AVAILABLE,AVAILABLE,AVAILABLE,AVAILABLE,True,1991-07-31,,XNAS,0,0,OBSERVED_AT_POLYGON_PROVIDER_HISTORY_FLOOR|FIRST_BAR_AFTER_REPORTED_LIST_DATE,,False
VST,EQUITY,Vistra Corp.,2017-05-10,2018-07-18,2026-08-21,2017-05-10,2018-07-18,9.2815,9.2815,ELIGIBLE_CURRENT_TICKER_WINDOW,AVAILABLE,AVAILABLE,AVAILABLE,AVAILABLE,True,2016-09-28,,XNYS,0,0,FIRST_BAR_AFTER_REPORTED_LIST_DATE,,False
VTI,ETF,Vanguard Morningstar Total Stock Market ETF,2003-09-10,2004-11-16,2026-08-21,2003-09-10,2004-11-16,22.9464,22.9464,ELIGIBLE_CURRENT_TICKER_WINDOW,AVAILABLE,AVAILABLE,AVAILABLE,AVAILABLE,True,2001-05-24,,ARCX,0,1,SPLIT_HISTORY_PRESENT|OBSERVED_AT_POLYGON_PROVIDER_HISTORY_FLOOR|FIRST_BAR_AFTER_REPORTED_LIST_DATE,,False
VTR,EQUITY,"Ventas, Inc.",2003-09-10,2004-11-16,2026-08-21,2003-09-10,2004-11-16,22.9464,22.9464,ELIGIBLE_CURRENT_TICKER_WINDOW,AVAILABLE,AVAILABLE,AVAILABLE,AVAILABLE,True,1994-10-31,,XNYS,0,0,OBSERVED_AT_POLYGON_PROVIDER_HISTORY_FLOOR|FIRST_BAR_AFTER_REPORTED_LIST_DATE,,False
VTRS,EQUITY,Viatris Inc. Common Stock,2020-11-17,2022-01-26,2026-08-21,2020-11-17,2022-01-26,5.7578,5.7578,ELIGIBLE_CURRENT_TICKER_WINDOW,AVAILABLE,AVAILABLE,AVAILABLE,AVAILABLE,True,1973-02-23,,XNAS,0,0,FIRST_BAR_AFTER_REPORTED_LIST_DATE,,False
VTV,ETF,Vanguard Morningstar Value ETF,2004-01-30,2005-04-08,2026-08-21,2004-01-30,2005-04-08,22.5576,22.5576,ELIGIBLE_CURRENT_TICKER_WINDOW,AVAILABLE,AVAILABLE,AVAILABLE,AVAILABLE,True,2004-01-26,,ARCX,0,0,FIRST_BAR_AFTER_REPORTED_LIST_DATE,,False
VUG,ETF,Vanguard Morningstar Growth ETF,2004-01-30,2005-04-12,2026-08-21,2004-01-30,2005-04-12,22.5576,22.5576,ELIGIBLE_CURRENT_TICKER_WINDOW,AVAILABLE,AVAILABLE,AVAILABLE,AVAILABLE,True,2004-01-26,,ARCX,0,1,SPLIT_HISTORY_PRESENT|FIRST_BAR_AFTER_REPORTED_LIST_DATE,,False
VWO,ETF,Vanguard FTSE Emerging Markets ETF,2005-03-10,2006-05-17,2026-08-21,2005-03-10,2006-05-17,21.4488,21.4488,ELIGIBLE_CURRENT_TICKER_WINDOW,AVAILABLE,AVAILABLE,AVAILABLE,AVAILABLE,True,2005-03-04,,ARCX,0,1,SPLIT_HISTORY_PRESENT|FIRST_BAR_AFTER_REPORTED_LIST_DATE,,False
VYM,ETF,Vanguard High Dividend Yield ETF,2003-09-11,2005-02-11,2026-08-21,2003-09-11,2005-02-11,22.9437,22.9437,ELIGIBLE_CURRENT_TICKER_WINDOW,AVAILABLE,AVAILABLE,AVAILABLE,AVAILABLE,True,2006-11-10,,ARCX,0,0,,,False
VZ,EQUITY,Verizon Communications,2003-09-10,2004-11-16,2026-08-21,2003-09-10,2004-11-16,22.9464,22.9464,ELIGIBLE_CURRENT_TICKER_WINDOW,AVAILABLE,AVAILABLE,AVAILABLE,AVAILABLE,True,1983-11-21,,XNYS,0,0,OBSERVED_AT_POLYGON_PROVIDER_HISTORY_FLOOR|FIRST_BAR_AFTER_REPORTED_LIST_DATE,,False
WAB,EQUITY,Wabtec Inc.,2003-09-10,2004-11-16,2026-08-21,2003-09-10,2004-11-16,22.9464,22.9464,ELIGIBLE_CURRENT_TICKER_WINDOW,AVAILABLE,AVAILABLE,AVAILABLE,AVAILABLE,True,1995-06-15,,XNYS,0,1,SPLIT_HISTORY_PRESENT|OBSERVED_AT_POLYGON_PROVIDER_HISTORY_FLOOR|FIRST_BAR_AFTER_REPORTED_LIST_DATE,,False
WAT,EQUITY,Waters Corp,2003-09-10,2004-11-16,2026-08-21,2003-09-10,2004-11-16,22.9464,22.9464,ELIGIBLE_CURRENT_TICKER_WINDOW,AVAILABLE,AVAILABLE,AVAILABLE,AVAILABLE,True,1995-11-17,,XNYS,0,0,OBSERVED_AT_POLYGON_PROVIDER_HISTORY_FLOOR|FIRST_BAR_AFTER_REPORTED_LIST_DATE,,False
WBD,EQUITY,"Warner Bros. Discovery, Inc. Series A Common Stock",2003-09-10,2004-11-16,2026-08-21,2003-09-10,2004-11-16,22.9464,22.9464,ELIGIBLE_CURRENT_TICKER_WINDOW,AVAILABLE,AVAILABLE,AVAILABLE,AVAILABLE,True,2005-07-06,,XNAS,1,2,TICKER_CHANGE_LINEAGE_PRESENT|SPLIT_HISTORY_PRESENT|OBSERVED_AT_POLYGON_PROVIDER_HISTORY_FLOOR,LINEAGE_JOIN_REQUIRES_SEPARATE_CERTIFICATION,False
WDAY,EQUITY,"Workday, Inc. Class A Common Stock",2012-10-12,2013-12-23,2026-08-21,2012-10-12,2013-12-23,13.8565,13.8565,ELIGIBLE_CURRENT_TICKER_WINDOW,AVAILABLE,AVAILABLE,AVAILABLE,AVAILABLE,True,2012-10-12,,XNAS,0,0,,,False
WDC,EQUITY,Western Digital Corp.,2003-09-10,2004-11-16,2026-08-21,2003-09-10,2004-11-16,22.9464,22.9464,ELIGIBLE_CURRENT_TICKER_WINDOW,AVAILABLE,AVAILABLE,AVAILABLE,AVAILABLE,True,1978-10-31,,XNAS,0,0,OBSERVED_AT_POLYGON_PROVIDER_HISTORY_FLOOR|FIRST_BAR_AFTER_REPORTED_LIST_DATE,,False
WEC,EQUITY,"WEC Energy Group, Inc.",2003-09-10,2004-11-16,2026-08-21,2003-09-10,2004-11-16,22.9464,22.9464,ELIGIBLE_CURRENT_TICKER_WINDOW,AVAILABLE,AVAILABLE,AVAILABLE,AVAILABLE,True,1972-06-01,,XNYS,0,1,SPLIT_HISTORY_PRESENT|OBSERVED_AT_POLYGON_PROVIDER_HISTORY_FLOOR|FIRST_BAR_AFTER_REPORTED_LIST_DATE,,False
WELL,EQUITY,Welltower Inc.,2018-02-28,2019-05-08,2026-08-21,2003-09-10,2004-11-16,8.4766,22.9464,ELIGIBLE_CURRENT_TICKER_WINDOW,AVAILABLE,AVAILABLE,AVAILABLE,AVAILABLE,True,1978-02-17,,XNYS,1,1,TICKER_CHANGE_LINEAGE_PRESENT|SPLIT_HISTORY_PRESENT|FIRST_BAR_AFTER_REPORTED_LIST_DATE,LINEAGE_JOIN_REQUIRES_SEPARATE_CERTIFICATION,False
WFC,EQUITY,Wells Fargo & Co.,2003-09-10,2004-11-16,2026-08-21,2003-09-10,2004-11-16,22.9464,22.9464,ELIGIBLE_CURRENT_TICKER_WINDOW,AVAILABLE,AVAILABLE,AVAILABLE,AVAILABLE,True,1962-12-10,,XNYS,0,1,SPLIT_HISTORY_PRESENT|OBSERVED_AT_POLYGON_PROVIDER_HISTORY_FLOOR|FIRST_BAR_AFTER_REPORTED_LIST_DATE,,False
WM,EQUITY,"Waste Management, Inc.",2003-09-10,2004-11-16,2026-08-21,2003-09-10,2004-11-16,22.9464,22.9464,ELIGIBLE_CURRENT_TICKER_WINDOW,AVAILABLE,AVAILABLE,AVAILABLE,AVAILABLE,True,1988-09-30,,XNYS,1,0,TICKER_CHANGE_LINEAGE_PRESENT|OBSERVED_AT_POLYGON_PROVIDER_HISTORY_FLOOR|FIRST_BAR_AFTER_REPORTED_LIST_DATE,LINEAGE_JOIN_REQUIRES_SEPARATE_CERTIFICATION,False
WMB,EQUITY,Williams Companies Inc.,2003-09-10,2004-11-16,2026-08-21,2003-09-10,2004-11-16,22.9464,22.9464,ELIGIBLE_CURRENT_TICKER_WINDOW,AVAILABLE,AVAILABLE,AVAILABLE,AVAILABLE,True,1972-06-01,,XNYS,0,0,OBSERVED_AT_POLYGON_PROVIDER_HISTORY_FLOOR|FIRST_BAR_AFTER_REPORTED_LIST_DATE,,False
WMT,EQUITY,Walmart Inc. Common Stock,2003-09-10,2004-11-16,2026-08-21,2003-09-10,2004-11-16,22.9464,22.9464,ELIGIBLE_CURRENT_TICKER_WINDOW,AVAILABLE,AVAILABLE,AVAILABLE,AVAILABLE,True,1970-10-01,,XNAS,0,1,SPLIT_HISTORY_PRESENT|OBSERVED_AT_POLYGON_PROVIDER_HISTORY_FLOOR|FIRST_BAR_AFTER_REPORTED_LIST_DATE,,False
WRB,EQUITY,W.R. Berkley Corporation,2008-04-15,2009-06-22,2026-08-21,2003-09-10,2004-11-16,18.3495,22.9464,ELIGIBLE_CURRENT_TICKER_WINDOW,AVAILABLE,AVAILABLE,AVAILABLE,AVAILABLE,True,1973-10-23,,XNYS,1,4,TICKER_CHANGE_LINEAGE_PRESENT|SPLIT_HISTORY_PRESENT|FIRST_BAR_AFTER_REPORTED_LIST_DATE,LINEAGE_JOIN_REQUIRES_SEPARATE_CERTIFICATION,False
WSM,EQUITY,"Williams-Sonoma, Inc.",2003-09-10,2004-11-16,2026-08-21,2003-09-10,2004-11-16,22.9464,22.9464,ELIGIBLE_CURRENT_TICKER_WINDOW,AVAILABLE,AVAILABLE,AVAILABLE,AVAILABLE,True,1983-07-07,,XNYS,0,1,SPLIT_HISTORY_PRESENT|OBSERVED_AT_POLYGON_PROVIDER_HISTORY_FLOOR|FIRST_BAR_AFTER_REPORTED_LIST_DATE,,False
WST,EQUITY,"West Pharmaceutical Services, Inc.",2003-09-10,2004-11-16,2026-08-21,2003-09-10,2004-11-16,22.9464,22.9464,ELIGIBLE_CURRENT_TICKER_WINDOW,AVAILABLE,AVAILABLE,AVAILABLE,AVAILABLE,True,1973-01-02,,XNYS,0,1,SPLIT_HISTORY_PRESENT|OBSERVED_AT_POLYGON_PROVIDER_HISTORY_FLOOR|FIRST_BAR_AFTER_REPORTED_LIST_DATE,,False
WTW,EQUITY,Willis Towers Watson Public Limited Company Ordinary Shares,2003-09-10,2004-11-16,2026-08-21,2003-09-10,2004-11-16,22.9464,22.9464,ELIGIBLE_CURRENT_TICKER_WINDOW,AVAILABLE,AVAILABLE,AVAILABLE,AVAILABLE,True,2001-06-12,,XNAS,1,1,TICKER_CHANGE_LINEAGE_PRESENT|SPLIT_HISTORY_PRESENT|OBSERVED_AT_POLYGON_PROVIDER_HISTORY_FLOOR|FIRST_BAR_AFTER_REPORTED_LIST_DATE,LINEAGE_JOIN_REQUIRES_SEPARATE_CERTIFICATION,False
WY,EQUITY,Weyerhaeuser Company,2003-09-10,2004-11-16,2026-08-21,2003-09-10,2004-11-16,22.9464,22.9464,ELIGIBLE_CURRENT_TICKER_WINDOW,AVAILABLE,AVAILABLE,AVAILABLE,AVAILABLE,True,1963-12-06,,XNYS,0,1,SPLIT_HISTORY_PRESENT|OBSERVED_AT_POLYGON_PROVIDER_HISTORY_FLOOR|FIRST_BAR_AFTER_REPORTED_LIST_DATE,,False
WYNN,EQUITY,Wynn Resorts Ltd,2003-09-10,2004-11-16,2026-08-21,2003-09-10,2004-11-16,22.9464,22.9464,ELIGIBLE_CURRENT_TICKER_WINDOW,AVAILABLE,AVAILABLE,AVAILABLE,AVAILABLE,True,2002-10-25,,XNAS,0,0,OBSERVED_AT_POLYGON_PROVIDER_HISTORY_FLOOR|FIRST_BAR_AFTER_REPORTED_LIST_DATE,,False
XBI,ETF,State Street SPDR S&P Biotech ETF,2006-02-06,2007-04-17,2026-08-21,2006-02-06,2007-04-17,20.537,20.537,ELIGIBLE_CURRENT_TICKER_WINDOW,AVAILABLE,AVAILABLE,AVAILABLE,AVAILABLE,True,2006-01-31,,ARCX,0,1,SPLIT_HISTORY_PRESENT|FIRST_BAR_AFTER_REPORTED_LIST_DATE,,False
XEL,EQUITY,"Xcel Energy, Inc.",2003-09-10,2004-11-16,2026-08-21,2003-09-10,2004-11-16,22.9464,22.9464,ELIGIBLE_CURRENT_TICKER_WINDOW,AVAILABLE,AVAILABLE,AVAILABLE,AVAILABLE,True,1972-06-01,,XNAS,0,0,OBSERVED_AT_POLYGON_PROVIDER_HISTORY_FLOOR|FIRST_BAR_AFTER_REPORTED_LIST_DATE,,False
XHB,ETF,State Street SPDR S&P Homebuilders ETF,2006-02-06,2007-04-17,2026-08-21,2006-02-06,2007-04-17,20.537,20.537,ELIGIBLE_CURRENT_TICKER_WINDOW,AVAILABLE,AVAILABLE,AVAILABLE,AVAILABLE,True,2006-01-31,,ARCX,0,0,FIRST_BAR_AFTER_REPORTED_LIST_DATE,,False
XLB,ETF,State Street Materials Select Sector SPDR ETF,2003-09-10,2004-11-16,2026-08-21,2003-09-10,2004-11-16,22.9464,22.9464,ELIGIBLE_CURRENT_TICKER_WINDOW,AVAILABLE,AVAILABLE,AVAILABLE,AVAILABLE,True,1998-12-16,,ARCX,0,1,SPLIT_HISTORY_PRESENT|OBSERVED_AT_POLYGON_PROVIDER_HISTORY_FLOOR|FIRST_BAR_AFTER_REPORTED_LIST_DATE,,False
XLC,ETF,State Street Communication Services Select Sector SPDR ETF,2018-06-19,2019-08-27,2026-08-21,2018-06-19,2019-08-27,8.1727,8.1727,ELIGIBLE_CURRENT_TICKER_WINDOW,AVAILABLE,AVAILABLE,AVAILABLE,AVAILABLE,True,2018-06-18,,ARCX,0,0,FIRST_BAR_AFTER_REPORTED_LIST_DATE,,False
XLE,ETF,State Street Energy Select Sector SPDR ETF,2003-09-10,2004-11-16,2026-08-21,2003-09-10,2004-11-16,22.9464,22.9464,ELIGIBLE_CURRENT_TICKER_WINDOW,AVAILABLE,AVAILABLE,AVAILABLE,AVAILABLE,True,1998-12-16,,ARCX,0,1,SPLIT_HISTORY_PRESENT|OBSERVED_AT_POLYGON_PROVIDER_HISTORY_FLOOR|FIRST_BAR_AFTER_REPORTED_LIST_DATE,,False
XLF,ETF,State Street Financial Select Sector SPDR ETF,2003-09-10,2004-11-16,2026-08-21,2003-09-10,2004-11-16,22.9464,22.9464,ELIGIBLE_CURRENT_TICKER_WINDOW,AVAILABLE,AVAILABLE,AVAILABLE,AVAILABLE,True,1998-12-16,,ARCX,0,1,SPLIT_HISTORY_PRESENT|OBSERVED_AT_POLYGON_PROVIDER_HISTORY_FLOOR|FIRST_BAR_AFTER_REPORTED_LIST_DATE,,False
XLI,ETF,State Street Industrial Select Sector SPDR ETF,2003-09-10,2004-11-16,2026-08-21,2003-09-10,2004-11-16,22.9464,22.9464,ELIGIBLE_CURRENT_TICKER_WINDOW,AVAILABLE,AVAILABLE,AVAILABLE,AVAILABLE,True,1998-12-16,,ARCX,0,0,OBSERVED_AT_POLYGON_PROVIDER_HISTORY_FLOOR|FIRST_BAR_AFTER_REPORTED_LIST_DATE,,False
XLK,ETF,State Street Technology Select Sector SPDR ETF,2003-09-10,2004-11-16,2026-08-21,2003-09-10,2004-11-16,22.9464,22.9464,ELIGIBLE_CURRENT_TICKER_WINDOW,AVAILABLE,AVAILABLE,AVAILABLE,AVAILABLE,True,1998-12-16,,ARCX,0,1,SPLIT_HISTORY_PRESENT|OBSERVED_AT_POLYGON_PROVIDER_HISTORY_FLOOR|FIRST_BAR_AFTER_REPORTED_LIST_DATE,,False
XLP,ETF,State Street Consumer Staples Select Sector SPDR ETF,2003-09-10,2004-11-16,2026-08-21,2003-09-10,2004-11-16,22.9464,22.9464,ELIGIBLE_CURRENT_TICKER_WINDOW,AVAILABLE,AVAILABLE,AVAILABLE,AVAILABLE,True,1998-12-16,,ARCX,0,0,OBSERVED_AT_POLYGON_PROVIDER_HISTORY_FLOOR|FIRST_BAR_AFTER_REPORTED_LIST_DATE,,False
XLRE,ETF,State Street Real Estate Select Sector SPDR ETF,2015-10-08,2016-12-23,2026-08-21,2015-10-08,2016-12-23,10.8695,10.8695,ELIGIBLE_CURRENT_TICKER_WINDOW,AVAILABLE,AVAILABLE,AVAILABLE,AVAILABLE,True,2015-10-07,,ARCX,0,0,FIRST_BAR_AFTER_REPORTED_LIST_DATE,,False
XLU,ETF,State Street Utilities Select Sector SPDR ETF,2003-09-10,2004-11-16,2026-08-21,2003-09-10,2004-11-16,22.9464,22.9464,ELIGIBLE_CURRENT_TICKER_WINDOW,AVAILABLE,AVAILABLE,AVAILABLE,AVAILABLE,True,1998-12-16,,ARCX,0,1,SPLIT_HISTORY_PRESENT|OBSERVED_AT_POLYGON_PROVIDER_HISTORY_FLOOR|FIRST_BAR_AFTER_REPORTED_LIST_DATE,,False
XLV,ETF,State Street Health Care Select Sector SPDR ETF,2003-09-10,2004-11-16,2026-08-21,2003-09-10,2004-11-16,22.9464,22.9464,ELIGIBLE_CURRENT_TICKER_WINDOW,AVAILABLE,AVAILABLE,AVAILABLE,AVAILABLE,True,1998-12-16,,ARCX,0,0,OBSERVED_AT_POLYGON_PROVIDER_HISTORY_FLOOR|FIRST_BAR_AFTER_REPORTED_LIST_DATE,,False
XLY,ETF,State Street Consumer Discretionary Select Sector SPDR ETF,2003-09-10,2004-11-16,2026-08-21,2003-09-10,2004-11-16,22.9464,22.9464,ELIGIBLE_CURRENT_TICKER_WINDOW,AVAILABLE,AVAILABLE,AVAILABLE,AVAILABLE,True,1998-12-16,,ARCX,0,1,SPLIT_HISTORY_PRESENT|OBSERVED_AT_POLYGON_PROVIDER_HISTORY_FLOOR|FIRST_BAR_AFTER_REPORTED_LIST_DATE,,False
XOM,EQUITY,ExxonMobil Holdings Corporation,2003-09-10,2004-11-16,2026-08-21,2003-09-10,2004-11-16,22.9464,22.9464,ELIGIBLE_CURRENT_TICKER_WINDOW,AVAILABLE,AVAILABLE,AVAILABLE,AVAILABLE,True,1920-03-25,,XNYS,0,0,OBSERVED_AT_POLYGON_PROVIDER_HISTORY_FLOOR|FIRST_BAR_AFTER_REPORTED_LIST_DATE,,False
XOP,ETF,State Street SPDR S&P Oil & Gas Exploration & Production ETF,2006-06-22,2007-08-31,2026-08-21,2006-06-22,2007-08-31,20.1647,20.1647,ELIGIBLE_CURRENT_TICKER_WINDOW,AVAILABLE,AVAILABLE,AVAILABLE,AVAILABLE,True,2006-06-19,,ARCX,0,1,SPLIT_HISTORY_PRESENT|FIRST_BAR_AFTER_REPORTED_LIST_DATE,,False
XPH,ETF,State Street SPDR S&P Pharmaceuticals ETF,2006-06-22,2007-09-27,2026-08-21,2006-06-22,2007-09-27,20.1647,20.1647,ELIGIBLE_CURRENT_TICKER_WINDOW,AVAILABLE,AVAILABLE,AVAILABLE,AVAILABLE,True,2006-06-19,,ARCX,0,1,SPLIT_HISTORY_PRESENT|FIRST_BAR_AFTER_REPORTED_LIST_DATE,,False
XRT,ETF,State Street SPDR S&P Retail ETF,2006-06-22,2007-09-04,2026-08-21,2006-06-22,2007-09-04,20.1647,20.1647,ELIGIBLE_CURRENT_TICKER_WINDOW,AVAILABLE,AVAILABLE,AVAILABLE,AVAILABLE,True,2006-06-19,,ARCX,0,1,SPLIT_HISTORY_PRESENT|FIRST_BAR_AFTER_REPORTED_LIST_DATE,,False
XYL,EQUITY,Xylem Inc,2011-11-01,2013-01-11,2026-08-21,2011-11-01,2013-01-11,14.8039,14.8039,ELIGIBLE_CURRENT_TICKER_WINDOW,AVAILABLE,AVAILABLE,AVAILABLE,AVAILABLE,True,2011-10-13,,XNYS,0,0,FIRST_BAR_AFTER_REPORTED_LIST_DATE,,False
XYZ,EQUITY,"Block, Inc.",2010-03-18,2026-03-30,2026-08-21,2010-03-18,2017-01-30,16.4274,16.4274,ELIGIBLE_CURRENT_TICKER_WINDOW,AVAILABLE,AVAILABLE,AVAILABLE,AVAILABLE,True,2015-11-19,,XNYS,1,0,TICKER_CHANGE_LINEAGE_PRESENT,LINEAGE_JOIN_REQUIRES_SEPARATE_CERTIFICATION,False
YUM,EQUITY,"Yum! Brands, Inc.",2003-09-10,2004-11-16,2026-08-21,2003-09-10,2004-11-16,22.9464,22.9464,ELIGIBLE_CURRENT_TICKER_WINDOW,AVAILABLE,AVAILABLE,AVAILABLE,AVAILABLE,True,1997-09-17,,XNYS,0,2,SPLIT_HISTORY_PRESENT|OBSERVED_AT_POLYGON_PROVIDER_HISTORY_FLOOR|FIRST_BAR_AFTER_REPORTED_LIST_DATE,,False
ZBH,EQUITY,"Zimmer Biomet Holdings, Inc.",2015-06-29,2016-09-02,2026-08-21,2003-09-10,2004-11-16,11.146,22.9464,ELIGIBLE_CURRENT_TICKER_WINDOW,AVAILABLE,AVAILABLE,AVAILABLE,AVAILABLE,True,2001-08-07,,XNYS,1,0,TICKER_CHANGE_LINEAGE_PRESENT|FIRST_BAR_AFTER_REPORTED_LIST_DATE,LINEAGE_JOIN_REQUIRES_SEPARATE_CERTIFICATION,False
ZBRA,EQUITY,Zebra Technologies Corporation,2003-09-10,2004-11-16,2026-08-21,2003-09-10,2004-11-16,22.9464,22.9464,ELIGIBLE_CURRENT_TICKER_WINDOW,AVAILABLE,AVAILABLE,AVAILABLE,AVAILABLE,True,1991-08-15,,XNAS,0,2,SPLIT_HISTORY_PRESENT|OBSERVED_AT_POLYGON_PROVIDER_HISTORY_FLOOR|FIRST_BAR_AFTER_REPORTED_LIST_DATE,,False
ZTS,EQUITY,ZOETIS INC.,2013-02-01,2014-04-10,2026-08-21,2013-02-01,2014-04-10,13.5499,13.5499,ELIGIBLE_CURRENT_TICKER_WINDOW,AVAILABLE,AVAILABLE,AVAILABLE,AVAILABLE,True,2013-02-01,,XNYS,0,0,,,False
SPCX,EQUITY,Space Exploration Technologies Corp. Class A Common Stock,2020-12-16,2022-02-24,2026-08-21,2020-12-16,2022-02-24,5.6784,5.6784,ELIGIBLE_CURRENT_TICKER_WINDOW,AVAILABLE,AVAILABLE,AVAILABLE,AVAILABLE,True,2026-06-12,,XNAS,0,0,,,False
