symbol,asset_type,classification,replay_window_status,current_ticker_first_observation,reported_list_date,ticker_change_count,identity_anchor_date,identity_anchor_reason,direct_polygon_revalidation_required,direct_polygon_revalidation_status,post_anchor_first_observation,post_anchor_bar_count,certified_replay_start,certified_replay_end,predecessor_join_authorized,production_authority_effect,blockers
A,EQUITY,DECLARED_LINEAGE_REQUIRE_CURRENT_TICKER_REANCHOR,CERTIFIED_CURRENT_TICKER_WINDOW,2003-09-10,1999-11-18,1,2003-09-10,DECLARED_TICKER_CHANGE_CURRENT_SEGMENT_IDENTITY_BOUNDARY,True,OK,2003-09-10,5000,2004-11-16,2026-08-21,False,False,PREDECESSOR_LINEAGE_JOIN_NOT_AUTHORIZED
AAPL,EQUITY,CURRENT_TICKER_WINDOW_NO_IDENTITY_ANOMALY_DETECTED,CERTIFIED_CURRENT_TICKER_WINDOW,2003-09-10,1980-12-12,0,,UPSTREAM_CURRENT_TICKER_WARMUP_AUTHORITY,False,NOT_REQUIRED,,,2004-11-16,2026-08-21,False,False,
ABBV,EQUITY,CURRENT_TICKER_WINDOW_NO_IDENTITY_ANOMALY_DETECTED,CERTIFIED_CURRENT_TICKER_WINDOW,2013-01-02,2012-12-10,0,,UPSTREAM_CURRENT_TICKER_WARMUP_AUTHORITY,False,NOT_REQUIRED,,,2014-03-12,2026-08-21,False,False,
ABNB,EQUITY,CURRENT_TICKER_WINDOW_NO_IDENTITY_ANOMALY_DETECTED,CERTIFIED_CURRENT_TICKER_WINDOW,2020-12-10,2020-12-10,0,,UPSTREAM_CURRENT_TICKER_WARMUP_AUTHORITY,False,NOT_REQUIRED,,,2022-02-17,2026-08-21,False,False,
ABT,EQUITY,CURRENT_TICKER_WINDOW_NO_IDENTITY_ANOMALY_DETECTED,CERTIFIED_CURRENT_TICKER_WINDOW,2003-09-10,1949-04-19,0,,UPSTREAM_CURRENT_TICKER_WARMUP_AUTHORITY,False,NOT_REQUIRED,,,2004-11-16,2026-08-21,False,False,
ACGL,EQUITY,CURRENT_TICKER_WINDOW_NO_IDENTITY_ANOMALY_DETECTED,CERTIFIED_CURRENT_TICKER_WINDOW,2003-09-10,1995-09-14,0,,UPSTREAM_CURRENT_TICKER_WARMUP_AUTHORITY,False,NOT_REQUIRED,,,2004-11-16,2026-08-21,False,False,
ACN,EQUITY,CURRENT_TICKER_WINDOW_NO_IDENTITY_ANOMALY_DETECTED,CERTIFIED_CURRENT_TICKER_WINDOW,2003-09-10,2001-07-19,0,,UPSTREAM_CURRENT_TICKER_WARMUP_AUTHORITY,False,NOT_REQUIRED,,,2004-11-16,2026-08-21,False,False,
ADBE,EQUITY,CURRENT_TICKER_WINDOW_NO_IDENTITY_ANOMALY_DETECTED,CERTIFIED_CURRENT_TICKER_WINDOW,2003-09-10,1986-08-20,0,,UPSTREAM_CURRENT_TICKER_WARMUP_AUTHORITY,False,NOT_REQUIRED,,,2004-11-16,2026-08-21,False,False,
ADI,EQUITY,CURRENT_TICKER_WINDOW_NO_IDENTITY_ANOMALY_DETECTED,CERTIFIED_CURRENT_TICKER_WINDOW,2003-09-10,1972-06-01,0,,UPSTREAM_CURRENT_TICKER_WARMUP_AUTHORITY,False,NOT_REQUIRED,,,2004-11-16,2026-08-21,False,False,
ADM,EQUITY,CURRENT_TICKER_WINDOW_NO_IDENTITY_ANOMALY_DETECTED,CERTIFIED_CURRENT_TICKER_WINDOW,2003-09-10,1945-09-10,0,,UPSTREAM_CURRENT_TICKER_WARMUP_AUTHORITY,False,NOT_REQUIRED,,,2004-11-16,2026-08-21,False,False,
ADP,EQUITY,CURRENT_TICKER_WINDOW_NO_IDENTITY_ANOMALY_DETECTED,CERTIFIED_CURRENT_TICKER_WINDOW,2003-09-10,1968-01-31,0,,UPSTREAM_CURRENT_TICKER_WARMUP_AUTHORITY,False,NOT_REQUIRED,,,2004-11-16,2026-08-21,False,False,
ADSK,EQUITY,CURRENT_TICKER_WINDOW_NO_IDENTITY_ANOMALY_DETECTED,CERTIFIED_CURRENT_TICKER_WINDOW,2003-09-10,1985-07-01,0,,UPSTREAM_CURRENT_TICKER_WARMUP_AUTHORITY,False,NOT_REQUIRED,,,2004-11-16,2026-08-21,False,False,
AEE,EQUITY,CURRENT_TICKER_WINDOW_NO_IDENTITY_ANOMALY_DETECTED,CERTIFIED_CURRENT_TICKER_WINDOW,2003-09-10,1984-11-05,0,,UPSTREAM_CURRENT_TICKER_WARMUP_AUTHORITY,False,NOT_REQUIRED,,,2004-11-16,2026-08-21,False,False,
AEP,EQUITY,CURRENT_TICKER_WINDOW_NO_IDENTITY_ANOMALY_DETECTED,CERTIFIED_CURRENT_TICKER_WINDOW,2003-09-10,1949-09-01,0,,UPSTREAM_CURRENT_TICKER_WARMUP_AUTHORITY,False,NOT_REQUIRED,,,2004-11-16,2026-08-21,False,False,
AES,EQUITY,CURRENT_TICKER_WINDOW_NO_IDENTITY_ANOMALY_DETECTED,CERTIFIED_CURRENT_TICKER_WINDOW,2003-09-10,1991-06-27,0,,UPSTREAM_CURRENT_TICKER_WARMUP_AUTHORITY,False,NOT_REQUIRED,,,2004-11-16,2026-08-21,False,False,
AFL,EQUITY,CURRENT_TICKER_WINDOW_NO_IDENTITY_ANOMALY_DETECTED,CERTIFIED_CURRENT_TICKER_WINDOW,2003-09-10,1973-08-27,0,,UPSTREAM_CURRENT_TICKER_WARMUP_AUTHORITY,False,NOT_REQUIRED,,,2004-11-16,2026-08-21,False,False,
AGG,ETF,CURRENT_TICKER_WINDOW_NO_IDENTITY_ANOMALY_DETECTED,CERTIFIED_CURRENT_TICKER_WINDOW,2003-09-26,2003-09-22,0,,UPSTREAM_CURRENT_TICKER_WARMUP_AUTHORITY,False,NOT_REQUIRED,,,2004-12-03,2026-08-21,False,False,
AIG,EQUITY,CURRENT_TICKER_WINDOW_NO_IDENTITY_ANOMALY_DETECTED,CERTIFIED_CURRENT_TICKER_WINDOW,2003-09-10,1975-02-18,0,,UPSTREAM_CURRENT_TICKER_WARMUP_AUTHORITY,False,NOT_REQUIRED,,,2004-11-16,2026-08-21,False,False,
AIZ,EQUITY,CURRENT_TICKER_WINDOW_NO_IDENTITY_ANOMALY_DETECTED,CERTIFIED_CURRENT_TICKER_WINDOW,2004-02-05,2004-02-05,0,,UPSTREAM_CURRENT_TICKER_WARMUP_AUTHORITY,False,NOT_REQUIRED,,,2005-04-14,2026-08-21,False,False,
AJG,EQUITY,CURRENT_TICKER_WINDOW_NO_IDENTITY_ANOMALY_DETECTED,CERTIFIED_CURRENT_TICKER_WINDOW,2003-09-10,1984-06-20,0,,UPSTREAM_CURRENT_TICKER_WARMUP_AUTHORITY,False,NOT_REQUIRED,,,2004-11-16,2026-08-21,False,False,
AKAM,EQUITY,CURRENT_TICKER_WINDOW_NO_IDENTITY_ANOMALY_DETECTED,CERTIFIED_CURRENT_TICKER_WINDOW,2003-09-10,1999-10-29,0,,UPSTREAM_CURRENT_TICKER_WARMUP_AUTHORITY,False,NOT_REQUIRED,,,2004-11-16,2026-08-21,False,False,
ALAB,EQUITY,PRELISTING_TICKER_HISTORY_REQUIRE_REANCHOR,CERTIFIED_CURRENT_TICKER_WINDOW,2003-09-10,2024-03-20,0,2024-03-20,PRELISTING_TICKER_HISTORY_CONTAMINATION_BOUNDARY,True,OK,2024-03-20,608,2025-05-30,2026-08-21,False,False,
ALB,EQUITY,CURRENT_TICKER_WINDOW_NO_IDENTITY_ANOMALY_DETECTED,CERTIFIED_CURRENT_TICKER_WINDOW,2003-09-10,1994-02-22,0,,UPSTREAM_CURRENT_TICKER_WARMUP_AUTHORITY,False,NOT_REQUIRED,,,2004-11-16,2026-08-21,False,False,
ALGN,EQUITY,CURRENT_TICKER_WINDOW_NO_IDENTITY_ANOMALY_DETECTED,CERTIFIED_CURRENT_TICKER_WINDOW,2003-09-10,2001-01-26,0,,UPSTREAM_CURRENT_TICKER_WARMUP_AUTHORITY,False,NOT_REQUIRED,,,2004-11-16,2026-08-21,False,False,
ALL,EQUITY,CURRENT_TICKER_WINDOW_NO_IDENTITY_ANOMALY_DETECTED,CERTIFIED_CURRENT_TICKER_WINDOW,2003-09-10,1993-06-03,0,,UPSTREAM_CURRENT_TICKER_WARMUP_AUTHORITY,False,NOT_REQUIRED,,,2004-11-16,2026-08-21,False,False,
ALLE,EQUITY,PRELISTING_TICKER_HISTORY_REQUIRE_REANCHOR,CERTIFIED_CURRENT_TICKER_WINDOW,2003-09-10,2013-11-18,0,2013-11-18,PRELISTING_TICKER_HISTORY_CONTAMINATION_BOUNDARY,True,OK,2013-12-02,3199,2015-02-10,2026-08-21,False,False,
ALNY,EQUITY,CURRENT_TICKER_WINDOW_NO_IDENTITY_ANOMALY_DETECTED,CERTIFIED_CURRENT_TICKER_WINDOW,2004-05-28,2004-05-28,0,,UPSTREAM_CURRENT_TICKER_WARMUP_AUTHORITY,False,NOT_REQUIRED,,,2005-08-05,2026-08-21,False,False,
AMAT,EQUITY,CURRENT_TICKER_WINDOW_NO_IDENTITY_ANOMALY_DETECTED,CERTIFIED_CURRENT_TICKER_WINDOW,2003-09-10,1972-10-12,0,,UPSTREAM_CURRENT_TICKER_WARMUP_AUTHORITY,False,NOT_REQUIRED,,,2004-11-16,2026-08-21,False,False,
AMCR,EQUITY,PRELISTING_TICKER_HISTORY_REQUIRE_REANCHOR,CERTIFIED_CURRENT_TICKER_WINDOW,2003-09-10,2019-06-11,0,2019-06-11,PRELISTING_TICKER_HISTORY_CONTAMINATION_BOUNDARY,True,OK,2019-06-11,1810,2020-08-17,2026-08-21,False,False,
AMD,EQUITY,CURRENT_TICKER_WINDOW_NO_IDENTITY_ANOMALY_DETECTED,CERTIFIED_CURRENT_TICKER_WINDOW,2003-09-10,1973-01-02,0,,UPSTREAM_CURRENT_TICKER_WARMUP_AUTHORITY,False,NOT_REQUIRED,,,2004-11-16,2026-08-21,False,False,
AME,EQUITY,CURRENT_TICKER_WINDOW_NO_IDENTITY_ANOMALY_DETECTED,CERTIFIED_CURRENT_TICKER_WINDOW,2003-09-10,1930-07-01,0,,UPSTREAM_CURRENT_TICKER_WARMUP_AUTHORITY,False,NOT_REQUIRED,,,2004-11-16,2026-08-21,False,False,
AMGN,EQUITY,CURRENT_TICKER_WINDOW_NO_IDENTITY_ANOMALY_DETECTED,CERTIFIED_CURRENT_TICKER_WINDOW,2003-09-10,1983-06-17,0,,UPSTREAM_CURRENT_TICKER_WARMUP_AUTHORITY,False,NOT_REQUIRED,,,2004-11-16,2026-08-21,False,False,
AMP,EQUITY,CURRENT_TICKER_WINDOW_NO_IDENTITY_ANOMALY_DETECTED,CERTIFIED_CURRENT_TICKER_WINDOW,2005-10-03,2005-09-15,0,,UPSTREAM_CURRENT_TICKER_WARMUP_AUTHORITY,False,NOT_REQUIRED,,,2006-12-08,2026-08-21,False,False,
AMT,EQUITY,CURRENT_TICKER_WINDOW_NO_IDENTITY_ANOMALY_DETECTED,CERTIFIED_CURRENT_TICKER_WINDOW,2003-09-10,1998-02-27,0,,UPSTREAM_CURRENT_TICKER_WARMUP_AUTHORITY,False,NOT_REQUIRED,,,2004-11-16,2026-08-21,False,False,
AMZN,EQUITY,CURRENT_TICKER_WINDOW_NO_IDENTITY_ANOMALY_DETECTED,CERTIFIED_CURRENT_TICKER_WINDOW,2003-09-10,1997-05-15,0,,UPSTREAM_CURRENT_TICKER_WARMUP_AUTHORITY,False,NOT_REQUIRED,,,2004-11-16,2026-08-21,False,False,
ANET,EQUITY,PRELISTING_TICKER_HISTORY_REQUIRE_REANCHOR,CERTIFIED_CURRENT_TICKER_WINDOW,2007-04-30,2014-06-06,0,2014-06-06,PRELISTING_TICKER_HISTORY_CONTAMINATION_BOUNDARY,True,OK,2014-06-06,3071,2015-08-13,2026-08-21,False,False,
AON,EQUITY,CURRENT_TICKER_WINDOW_NO_IDENTITY_ANOMALY_DETECTED,CERTIFIED_CURRENT_TICKER_WINDOW,2009-12-01,1975-02-18,0,,UPSTREAM_CURRENT_TICKER_WARMUP_AUTHORITY,False,NOT_REQUIRED,,,2011-02-08,2026-08-21,False,False,
AOS,EQUITY,CURRENT_TICKER_WINDOW_NO_IDENTITY_ANOMALY_DETECTED,CERTIFIED_CURRENT_TICKER_WINDOW,2003-09-10,1983-09-30,0,,UPSTREAM_CURRENT_TICKER_WARMUP_AUTHORITY,False,NOT_REQUIRED,,,2004-11-16,2026-08-21,False,False,
APA,EQUITY,CURRENT_TICKER_WINDOW_NO_IDENTITY_ANOMALY_DETECTED,CERTIFIED_CURRENT_TICKER_WINDOW,2003-09-10,1969-05-27,0,,UPSTREAM_CURRENT_TICKER_WARMUP_AUTHORITY,False,NOT_REQUIRED,,,2004-11-16,2026-08-21,False,False,
APD,EQUITY,CURRENT_TICKER_WINDOW_NO_IDENTITY_ANOMALY_DETECTED,CERTIFIED_CURRENT_TICKER_WINDOW,2003-09-10,1961-11-13,0,,UPSTREAM_CURRENT_TICKER_WARMUP_AUTHORITY,False,NOT_REQUIRED,,,2004-11-16,2026-08-21,False,False,
APH,EQUITY,CURRENT_TICKER_WINDOW_NO_IDENTITY_ANOMALY_DETECTED,CERTIFIED_CURRENT_TICKER_WINDOW,2003-09-10,1991-11-08,0,,UPSTREAM_CURRENT_TICKER_WARMUP_AUTHORITY,False,NOT_REQUIRED,,,2004-11-16,2026-08-21,False,False,
APO,EQUITY,PRELISTING_TICKER_HISTORY_REQUIRE_REANCHOR,CERTIFIED_CURRENT_TICKER_WINDOW,2003-09-10,2011-03-30,0,2011-03-30,PRELISTING_TICKER_HISTORY_CONTAMINATION_BOUNDARY,True,OK,2011-03-30,3872,2012-06-06,2026-08-21,False,False,
APP,EQUITY,PRELISTING_TICKER_HISTORY_REQUIRE_REANCHOR,CERTIFIED_CURRENT_TICKER_WINDOW,2003-09-18,2021-04-15,0,2021-04-15,PRELISTING_TICKER_HISTORY_CONTAMINATION_BOUNDARY,True,OK,2021-04-15,1345,2022-06-22,2026-08-21,False,False,
APTV,EQUITY,CURRENT_TICKER_WINDOW_NO_IDENTITY_ANOMALY_DETECTED,CERTIFIED_CURRENT_TICKER_WINDOW,2017-12-05,2011-11-17,0,,UPSTREAM_CURRENT_TICKER_WARMUP_AUTHORITY,False,NOT_REQUIRED,,,2019-02-14,2026-08-21,False,False,
ARE,EQUITY,CURRENT_TICKER_WINDOW_NO_IDENTITY_ANOMALY_DETECTED,CERTIFIED_CURRENT_TICKER_WINDOW,2003-09-10,1997-05-28,0,,UPSTREAM_CURRENT_TICKER_WARMUP_AUTHORITY,False,NOT_REQUIRED,,,2004-11-16,2026-08-21,False,False,
ARES,EQUITY,CURRENT_TICKER_WINDOW_NO_IDENTITY_ANOMALY_DETECTED,CERTIFIED_CURRENT_TICKER_WINDOW,2014-05-02,2014-05-02,0,,UPSTREAM_CURRENT_TICKER_WARMUP_AUTHORITY,False,NOT_REQUIRED,,,2015-07-10,2026-08-21,False,False,
ARKK,ETF,CURRENT_TICKER_WINDOW_NO_IDENTITY_ANOMALY_DETECTED,CERTIFIED_CURRENT_TICKER_WINDOW,2014-10-31,2014-10-31,0,,UPSTREAM_CURRENT_TICKER_WARMUP_AUTHORITY,False,NOT_REQUIRED,,,2016-01-11,2026-08-21,False,False,
ARM,EQUITY,PRELISTING_TICKER_HISTORY_REQUIRE_REANCHOR,CERTIFIED_CURRENT_TICKER_WINDOW,2003-09-10,2023-09-14,0,2023-09-14,PRELISTING_TICKER_HISTORY_CONTAMINATION_BOUNDARY,True,OK,2023-09-14,737,2024-11-20,2026-08-21,False,False,
ASML,EQUITY,CURRENT_TICKER_WINDOW_NO_IDENTITY_ANOMALY_DETECTED,CERTIFIED_CURRENT_TICKER_WINDOW,2003-09-10,1995-03-15,0,,UPSTREAM_CURRENT_TICKER_WARMUP_AUTHORITY,False,NOT_REQUIRED,,,2004-11-16,2026-08-21,False,False,
ATO,EQUITY,CURRENT_TICKER_WINDOW_NO_IDENTITY_ANOMALY_DETECTED,CERTIFIED_CURRENT_TICKER_WINDOW,2003-09-10,1983-12-28,0,,UPSTREAM_CURRENT_TICKER_WARMUP_AUTHORITY,False,NOT_REQUIRED,,,2004-11-16,2026-08-21,False,False,
AVB,EQUITY,CURRENT_TICKER_WINDOW_WITH_INCOMPLETE_REFERENCE_METADATA,CERTIFIED_CURRENT_TICKER_WINDOW,2003-09-10,,0,,UPSTREAM_CURRENT_TICKER_WARMUP_AUTHORITY,False,NOT_REQUIRED,,,2004-11-16,2026-08-14,False,False,REFERENCE_METADATA_INCOMPLETE
AVGO,EQUITY,CURRENT_TICKER_WINDOW_NO_IDENTITY_ANOMALY_DETECTED,CERTIFIED_CURRENT_TICKER_WINDOW,2009-08-06,2009-08-06,0,,UPSTREAM_CURRENT_TICKER_WARMUP_AUTHORITY,False,NOT_REQUIRED,,,2010-10-13,2026-08-21,False,False,
AVY,EQUITY,CURRENT_TICKER_WINDOW_NO_IDENTITY_ANOMALY_DETECTED,CERTIFIED_CURRENT_TICKER_WINDOW,2003-09-10,1972-06-01,0,,UPSTREAM_CURRENT_TICKER_WARMUP_AUTHORITY,False,NOT_REQUIRED,,,2004-11-16,2026-08-21,False,False,
AWK,EQUITY,CURRENT_TICKER_WINDOW_NO_IDENTITY_ANOMALY_DETECTED,CERTIFIED_CURRENT_TICKER_WINDOW,2008-04-23,1947-12-15,0,,UPSTREAM_CURRENT_TICKER_WARMUP_AUTHORITY,False,NOT_REQUIRED,,,2009-06-30,2026-08-21,False,False,
AXON,EQUITY,DECLARED_LINEAGE_REQUIRE_CURRENT_TICKER_REANCHOR,CERTIFIED_CURRENT_TICKER_WINDOW,2015-06-11,2001-06-07,1,2021-01-26,DECLARED_TICKER_CHANGE_CURRENT_SEGMENT_IDENTITY_BOUNDARY,True,OK,2021-01-26,1400,2022-04-01,2026-08-21,False,False,PREDECESSOR_LINEAGE_JOIN_NOT_AUTHORIZED
AXP,EQUITY,CURRENT_TICKER_WINDOW_NO_IDENTITY_ANOMALY_DETECTED,CERTIFIED_CURRENT_TICKER_WINDOW,2003-09-10,1972-06-01,0,,UPSTREAM_CURRENT_TICKER_WARMUP_AUTHORITY,False,NOT_REQUIRED,,,2004-11-16,2026-08-21,False,False,
AZO,EQUITY,CURRENT_TICKER_WINDOW_NO_IDENTITY_ANOMALY_DETECTED,CERTIFIED_CURRENT_TICKER_WINDOW,2003-09-10,1991-04-02,0,,UPSTREAM_CURRENT_TICKER_WARMUP_AUTHORITY,False,NOT_REQUIRED,,,2004-11-16,2026-08-21,False,False,
BA,EQUITY,CURRENT_TICKER_WINDOW_NO_IDENTITY_ANOMALY_DETECTED,CERTIFIED_CURRENT_TICKER_WINDOW,2003-09-10,1952-05-23,0,,UPSTREAM_CURRENT_TICKER_WARMUP_AUTHORITY,False,NOT_REQUIRED,,,2004-11-16,2026-08-21,False,False,
BAC,EQUITY,CURRENT_TICKER_WINDOW_NO_IDENTITY_ANOMALY_DETECTED,CERTIFIED_CURRENT_TICKER_WINDOW,2003-09-10,1973-01-02,0,,UPSTREAM_CURRENT_TICKER_WARMUP_AUTHORITY,False,NOT_REQUIRED,,,2004-11-16,2026-08-21,False,False,
BALL,EQUITY,DECLARED_LINEAGE_REQUIRE_CURRENT_TICKER_REANCHOR,CERTIFIED_CURRENT_TICKER_WINDOW,2022-05-10,1972-09-21,1,2022-05-10,DECLARED_TICKER_CHANGE_CURRENT_SEGMENT_IDENTITY_BOUNDARY,True,OK,2022-05-10,1075,2023-07-20,2026-08-21,False,False,PREDECESSOR_LINEAGE_JOIN_NOT_AUTHORIZED
BAX,EQUITY,CURRENT_TICKER_WINDOW_NO_IDENTITY_ANOMALY_DETECTED,CERTIFIED_CURRENT_TICKER_WINDOW,2003-09-10,1961-05-15,0,,UPSTREAM_CURRENT_TICKER_WARMUP_AUTHORITY,False,NOT_REQUIRED,,,2004-11-16,2026-08-21,False,False,
BBY,EQUITY,CURRENT_TICKER_WINDOW_NO_IDENTITY_ANOMALY_DETECTED,CERTIFIED_CURRENT_TICKER_WINDOW,2003-09-10,1985-04-18,0,,UPSTREAM_CURRENT_TICKER_WARMUP_AUTHORITY,False,NOT_REQUIRED,,,2004-11-16,2026-08-21,False,False,
BDX,EQUITY,CURRENT_TICKER_WINDOW_NO_IDENTITY_ANOMALY_DETECTED,CERTIFIED_CURRENT_TICKER_WINDOW,2003-09-10,1963-09-25,0,,UPSTREAM_CURRENT_TICKER_WARMUP_AUTHORITY,False,NOT_REQUIRED,,,2004-11-16,2026-08-21,False,False,
BEN,EQUITY,CURRENT_TICKER_WINDOW_NO_IDENTITY_ANOMALY_DETECTED,CERTIFIED_CURRENT_TICKER_WINDOW,2003-09-10,1983-09-23,0,,UPSTREAM_CURRENT_TICKER_WARMUP_AUTHORITY,False,NOT_REQUIRED,,,2004-11-16,2026-08-21,False,False,
BF.B,EQUITY,DECLARED_LINEAGE_REQUIRE_CURRENT_TICKER_REANCHOR,CERTIFIED_CURRENT_TICKER_WINDOW,2003-09-10,1972-06-30,1,1972-06-30,DECLARED_TICKER_CHANGE_CURRENT_SEGMENT_IDENTITY_BOUNDARY,True,OK,2003-09-10,5000,2004-11-16,2026-08-21,False,False,PREDECESSOR_LINEAGE_JOIN_NOT_AUTHORIZED
BG,EQUITY,CURRENT_TICKER_WINDOW_NO_IDENTITY_ANOMALY_DETECTED,CERTIFIED_CURRENT_TICKER_WINDOW,2003-09-10,2001-08-02,0,,UPSTREAM_CURRENT_TICKER_WARMUP_AUTHORITY,False,NOT_REQUIRED,,,2004-11-16,2026-08-21,False,False,
BIIB,EQUITY,CURRENT_TICKER_WINDOW_NO_IDENTITY_ANOMALY_DETECTED,CERTIFIED_CURRENT_TICKER_WINDOW,2003-11-13,1991-09-17,0,,UPSTREAM_CURRENT_TICKER_WARMUP_AUTHORITY,False,NOT_REQUIRED,,,2005-01-24,2026-08-21,False,False,
BITO,ETF,CURRENT_TICKER_WINDOW_NO_IDENTITY_ANOMALY_DETECTED,CERTIFIED_CURRENT_TICKER_WINDOW,2021-10-19,2021-10-18,0,,UPSTREAM_CURRENT_TICKER_WARMUP_AUTHORITY,False,NOT_REQUIRED,,,2022-12-27,2026-08-21,False,False,
BKNG,EQUITY,CURRENT_TICKER_WINDOW_NO_IDENTITY_ANOMALY_DETECTED,CERTIFIED_CURRENT_TICKER_WINDOW,2018-02-27,1999-03-31,0,,UPSTREAM_CURRENT_TICKER_WARMUP_AUTHORITY,False,NOT_REQUIRED,,,2019-05-07,2026-08-21,False,False,
BKR,EQUITY,LINEAGE_AND_PRELISTING_HISTORY_REQUIRE_CURRENT_TICKER_REANCHOR,CERTIFIED_CURRENT_TICKER_WINDOW,2003-09-10,2017-07-05,1,2019-10-18,DECLARED_TICKER_CHANGE_CURRENT_SEGMENT_IDENTITY_BOUNDARY,True,OK,2019-10-18,1719,2020-12-24,2026-08-21,False,False,PREDECESSOR_LINEAGE_JOIN_NOT_AUTHORIZED
BLDR,EQUITY,CURRENT_TICKER_WINDOW_NO_IDENTITY_ANOMALY_DETECTED,CERTIFIED_CURRENT_TICKER_WINDOW,2005-06-22,2005-06-22,0,,UPSTREAM_CURRENT_TICKER_WARMUP_AUTHORITY,False,NOT_REQUIRED,,,2006-08-29,2026-08-21,False,False,
BLK,EQUITY,CURRENT_TICKER_WINDOW_NO_IDENTITY_ANOMALY_DETECTED,CERTIFIED_CURRENT_TICKER_WINDOW,2003-09-10,1999-10-01,0,,UPSTREAM_CURRENT_TICKER_WARMUP_AUTHORITY,False,NOT_REQUIRED,,,2004-11-16,2026-08-21,False,False,
BMY,EQUITY,CURRENT_TICKER_WINDOW_NO_IDENTITY_ANOMALY_DETECTED,CERTIFIED_CURRENT_TICKER_WINDOW,2003-09-10,1952-06-23,0,,UPSTREAM_CURRENT_TICKER_WARMUP_AUTHORITY,False,NOT_REQUIRED,,,2004-11-16,2026-08-21,False,False,
BND,ETF,CURRENT_TICKER_WINDOW_NO_IDENTITY_ANOMALY_DETECTED,CERTIFIED_CURRENT_TICKER_WINDOW,2007-04-10,2007-04-03,0,,UPSTREAM_CURRENT_TICKER_WARMUP_AUTHORITY,False,NOT_REQUIRED,,,2008-06-16,2026-08-21,False,False,
BNY,EQUITY,DECLARED_LINEAGE_REQUIRE_CURRENT_TICKER_REANCHOR,BLOCKED_INSUFFICIENT_POST_ANCHOR_WARMUP,2003-09-10,1969-12-04,1,2026-05-21,DECLARED_TICKER_CHANGE_CURRENT_SEGMENT_IDENTITY_BOUNDARY,True,OK,2026-05-21,64,,,False,False,PREDECESSOR_LINEAGE_JOIN_NOT_AUTHORIZED|INSUFFICIENT_POST_ANCHOR_WARMUP
BR,EQUITY,PRELISTING_TICKER_HISTORY_REQUIRE_REANCHOR,CERTIFIED_CURRENT_TICKER_WINDOW,2003-09-10,2007-03-22,0,2007-03-22,PRELISTING_TICKER_HISTORY_CONTAMINATION_BOUNDARY,True,OK,2007-04-02,4879,2008-06-09,2026-08-21,False,False,
BRK.B,EQUITY,DECLARED_LINEAGE_REQUIRE_CURRENT_TICKER_REANCHOR,CERTIFIED_CURRENT_TICKER_WINDOW,2003-09-10,1996-05-09,1,1996-05-09,DECLARED_TICKER_CHANGE_CURRENT_SEGMENT_IDENTITY_BOUNDARY,True,OK,2003-09-10,5000,2004-11-16,2026-08-21,False,False,PREDECESSOR_LINEAGE_JOIN_NOT_AUTHORIZED
BRO,EQUITY,CURRENT_TICKER_WINDOW_NO_IDENTITY_ANOMALY_DETECTED,CERTIFIED_CURRENT_TICKER_WINDOW,2003-09-10,1981-02-27,0,,UPSTREAM_CURRENT_TICKER_WARMUP_AUTHORITY,False,NOT_REQUIRED,,,2004-11-16,2026-08-21,False,False,
BSX,EQUITY,CURRENT_TICKER_WINDOW_NO_IDENTITY_ANOMALY_DETECTED,CERTIFIED_CURRENT_TICKER_WINDOW,2003-09-10,1992-05-18,0,,UPSTREAM_CURRENT_TICKER_WARMUP_AUTHORITY,False,NOT_REQUIRED,,,2004-11-16,2026-08-21,False,False,
BX,EQUITY,CURRENT_TICKER_WINDOW_NO_IDENTITY_ANOMALY_DETECTED,CERTIFIED_CURRENT_TICKER_WINDOW,2007-06-22,2007-06-22,0,,UPSTREAM_CURRENT_TICKER_WARMUP_AUTHORITY,False,NOT_REQUIRED,,,2008-08-28,2026-08-21,False,False,
BXP,EQUITY,CURRENT_TICKER_WINDOW_NO_IDENTITY_ANOMALY_DETECTED,CERTIFIED_CURRENT_TICKER_WINDOW,2003-09-10,1997-06-18,0,,UPSTREAM_CURRENT_TICKER_WARMUP_AUTHORITY,False,NOT_REQUIRED,,,2004-11-16,2026-08-21,False,False,
C,EQUITY,CURRENT_TICKER_WINDOW_NO_IDENTITY_ANOMALY_DETECTED,CERTIFIED_CURRENT_TICKER_WINDOW,2003-09-10,1986-06-02,0,,UPSTREAM_CURRENT_TICKER_WARMUP_AUTHORITY,False,NOT_REQUIRED,,,2004-11-16,2026-08-21,False,False,
CAH,EQUITY,CURRENT_TICKER_WINDOW_NO_IDENTITY_ANOMALY_DETECTED,CERTIFIED_CURRENT_TICKER_WINDOW,2003-09-10,1983-08-04,0,,UPSTREAM_CURRENT_TICKER_WARMUP_AUTHORITY,False,NOT_REQUIRED,,,2004-11-16,2026-08-21,False,False,
CARR,EQUITY,CURRENT_TICKER_WINDOW_NO_IDENTITY_ANOMALY_DETECTED,CERTIFIED_CURRENT_TICKER_WINDOW,2020-04-03,2020-03-18,0,,UPSTREAM_CURRENT_TICKER_WARMUP_AUTHORITY,False,NOT_REQUIRED,,,2021-06-11,2026-08-21,False,False,
CASY,EQUITY,DECLARED_LINEAGE_REQUIRE_CURRENT_TICKER_REANCHOR,CERTIFIED_CURRENT_TICKER_WINDOW,2003-09-10,1983-10-20,1,2003-09-10,DECLARED_TICKER_CHANGE_CURRENT_SEGMENT_IDENTITY_BOUNDARY,True,OK,2003-09-10,5000,2004-11-16,2026-08-21,False,False,PREDECESSOR_LINEAGE_JOIN_NOT_AUTHORIZED
CAT,EQUITY,CURRENT_TICKER_WINDOW_NO_IDENTITY_ANOMALY_DETECTED,CERTIFIED_CURRENT_TICKER_WINDOW,2003-09-10,1929-12-02,0,,UPSTREAM_CURRENT_TICKER_WARMUP_AUTHORITY,False,NOT_REQUIRED,,,2004-11-16,2026-08-21,False,False,
CB,EQUITY,CURRENT_TICKER_WINDOW_NO_IDENTITY_ANOMALY_DETECTED,CERTIFIED_CURRENT_TICKER_WINDOW,2003-09-10,1984-02-29,0,,UPSTREAM_CURRENT_TICKER_WARMUP_AUTHORITY,False,NOT_REQUIRED,,,2004-11-16,2026-08-21,False,False,
CBOE,EQUITY,CURRENT_TICKER_WINDOW_NO_IDENTITY_ANOMALY_DETECTED,CERTIFIED_CURRENT_TICKER_WINDOW,2010-06-15,2010-06-15,0,,UPSTREAM_CURRENT_TICKER_WARMUP_AUTHORITY,False,NOT_REQUIRED,,,2011-08-19,2026-08-21,False,False,
CBRE,EQUITY,DECLARED_LINEAGE_REQUIRE_CURRENT_TICKER_REANCHOR,CERTIFIED_CURRENT_TICKER_WINDOW,2018-03-20,2004-06-10,1,2018-03-20,DECLARED_TICKER_CHANGE_CURRENT_SEGMENT_IDENTITY_BOUNDARY,True,OK,2018-03-20,2118,2019-05-29,2026-08-21,False,False,PREDECESSOR_LINEAGE_JOIN_NOT_AUTHORIZED
CCEP,EQUITY,DECLARED_LINEAGE_REQUIRE_CURRENT_TICKER_REANCHOR,CERTIFIED_CURRENT_TICKER_WINDOW,2018-11-07,1986-11-21,1,2018-11-07,DECLARED_TICKER_CHANGE_CURRENT_SEGMENT_IDENTITY_BOUNDARY,True,OK,2018-11-07,1956,2020-01-17,2026-08-21,False,False,PREDECESSOR_LINEAGE_JOIN_NOT_AUTHORIZED
CCI,EQUITY,CURRENT_TICKER_WINDOW_NO_IDENTITY_ANOMALY_DETECTED,CERTIFIED_CURRENT_TICKER_WINDOW,2003-09-10,1998-08-18,0,,UPSTREAM_CURRENT_TICKER_WARMUP_AUTHORITY,False,NOT_REQUIRED,,,2004-11-16,2026-08-21,False,False,
CCL,EQUITY,CURRENT_TICKER_WINDOW_NO_IDENTITY_ANOMALY_DETECTED,CERTIFIED_CURRENT_TICKER_WINDOW,2003-09-10,1987-07-24,0,,UPSTREAM_CURRENT_TICKER_WARMUP_AUTHORITY,False,NOT_REQUIRED,,,2004-11-16,2026-08-21,False,False,
CDNS,EQUITY,DECLARED_LINEAGE_REQUIRE_CURRENT_TICKER_REANCHOR,CERTIFIED_CURRENT_TICKER_WINDOW,2005-10-31,1987-06-10,1,2005-11-03,DECLARED_TICKER_CHANGE_CURRENT_SEGMENT_IDENTITY_BOUNDARY,True,OK,2005-11-03,5000,2007-01-16,2026-08-21,False,False,PREDECESSOR_LINEAGE_JOIN_NOT_AUTHORIZED
CDW,EQUITY,CURRENT_TICKER_WINDOW_NO_IDENTITY_ANOMALY_DETECTED,CERTIFIED_CURRENT_TICKER_WINDOW,2013-06-27,2013-06-27,0,,UPSTREAM_CURRENT_TICKER_WARMUP_AUTHORITY,False,NOT_REQUIRED,,,2014-09-04,2026-08-21,False,False,
CEG,EQUITY,LINEAGE_AND_PRELISTING_HISTORY_REQUIRE_CURRENT_TICKER_REANCHOR,CERTIFIED_CURRENT_TICKER_WINDOW,2003-09-10,2022-01-19,1,2022-02-02,DECLARED_TICKER_CHANGE_CURRENT_SEGMENT_IDENTITY_BOUNDARY,True,OK,2022-02-02,1142,2023-04-13,2026-08-21,False,False,PREDECESSOR_LINEAGE_JOIN_NOT_AUTHORIZED
CF,EQUITY,PRELISTING_TICKER_HISTORY_REQUIRE_REANCHOR,CERTIFIED_CURRENT_TICKER_WINDOW,2003-09-10,2005-08-11,0,2005-08-11,PRELISTING_TICKER_HISTORY_CONTAMINATION_BOUNDARY,True,OK,2005-08-11,5000,2006-10-18,2026-08-21,False,False,
CFG,EQUITY,CURRENT_TICKER_WINDOW_NO_IDENTITY_ANOMALY_DETECTED,CERTIFIED_CURRENT_TICKER_WINDOW,2014-09-24,2014-09-24,0,,UPSTREAM_CURRENT_TICKER_WARMUP_AUTHORITY,False,NOT_REQUIRED,,,2015-12-01,2026-08-21,False,False,
CHD,EQUITY,CURRENT_TICKER_WINDOW_NO_IDENTITY_ANOMALY_DETECTED,CERTIFIED_CURRENT_TICKER_WINDOW,2003-09-10,1976-12-30,0,,UPSTREAM_CURRENT_TICKER_WARMUP_AUTHORITY,False,NOT_REQUIRED,,,2004-11-16,2026-08-21,False,False,
CHRW,EQUITY,DECLARED_LINEAGE_REQUIRE_CURRENT_TICKER_REANCHOR,CERTIFIED_CURRENT_TICKER_WINDOW,2003-09-10,1997-10-15,1,2005-11-14,DECLARED_TICKER_CHANGE_CURRENT_SEGMENT_IDENTITY_BOUNDARY,True,OK,2005-11-14,5000,2007-01-25,2026-08-21,False,False,PREDECESSOR_LINEAGE_JOIN_NOT_AUTHORIZED
CHTR,EQUITY,CURRENT_TICKER_WINDOW_NO_IDENTITY_ANOMALY_DETECTED,CERTIFIED_CURRENT_TICKER_WINDOW,2003-09-10,1999-11-08,0,,UPSTREAM_CURRENT_TICKER_WARMUP_AUTHORITY,False,NOT_REQUIRED,,,2004-11-16,2026-08-21,False,False,
CI,EQUITY,CURRENT_TICKER_WINDOW_NO_IDENTITY_ANOMALY_DETECTED,CERTIFIED_CURRENT_TICKER_WINDOW,2003-09-10,1982-04-01,0,,UPSTREAM_CURRENT_TICKER_WARMUP_AUTHORITY,False,NOT_REQUIRED,,,2004-11-16,2026-08-21,False,False,
CIBR,ETF,CURRENT_TICKER_WINDOW_NO_IDENTITY_ANOMALY_DETECTED,CERTIFIED_CURRENT_TICKER_WINDOW,2015-07-07,2015-07-06,0,,UPSTREAM_CURRENT_TICKER_WARMUP_AUTHORITY,False,NOT_REQUIRED,,,2016-09-12,2026-08-21,False,False,
CIEN,EQUITY,DECLARED_LINEAGE_REQUIRE_CURRENT_TICKER_REANCHOR,CERTIFIED_CURRENT_TICKER_WINDOW,2003-09-10,1997-02-07,1,2006-10-23,DECLARED_TICKER_CHANGE_CURRENT_SEGMENT_IDENTITY_BOUNDARY,True,OK,2006-10-23,4988,2008-01-02,2026-08-21,False,False,PREDECESSOR_LINEAGE_JOIN_NOT_AUTHORIZED
CINF,EQUITY,CURRENT_TICKER_WINDOW_NO_IDENTITY_ANOMALY_DETECTED,CERTIFIED_CURRENT_TICKER_WINDOW,2003-09-10,1972-06-01,0,,UPSTREAM_CURRENT_TICKER_WARMUP_AUTHORITY,False,NOT_REQUIRED,,,2004-11-16,2026-08-21,False,False,
CL,EQUITY,CURRENT_TICKER_WINDOW_NO_IDENTITY_ANOMALY_DETECTED,CERTIFIED_CURRENT_TICKER_WINDOW,2003-09-10,1951-01-09,0,,UPSTREAM_CURRENT_TICKER_WARMUP_AUTHORITY,False,NOT_REQUIRED,,,2004-11-16,2026-08-21,False,False,
CLX,EQUITY,CURRENT_TICKER_WINDOW_NO_IDENTITY_ANOMALY_DETECTED,CERTIFIED_CURRENT_TICKER_WINDOW,2003-09-10,1972-06-01,0,,UPSTREAM_CURRENT_TICKER_WARMUP_AUTHORITY,False,NOT_REQUIRED,,,2004-11-16,2026-08-21,False,False,
CMCSA,EQUITY,DECLARED_LINEAGE_REQUIRE_CURRENT_TICKER_REANCHOR,CERTIFIED_CURRENT_TICKER_WINDOW,2003-09-10,1973-01-02,1,2004-11-08,DECLARED_TICKER_CHANGE_CURRENT_SEGMENT_IDENTITY_BOUNDARY,True,OK,2004-11-08,5000,2006-01-17,2026-08-21,False,False,PREDECESSOR_LINEAGE_JOIN_NOT_AUTHORIZED
CME,EQUITY,CURRENT_TICKER_WINDOW_NO_IDENTITY_ANOMALY_DETECTED,CERTIFIED_CURRENT_TICKER_WINDOW,2003-09-10,2002-12-06,0,,UPSTREAM_CURRENT_TICKER_WARMUP_AUTHORITY,False,NOT_REQUIRED,,,2004-11-16,2026-08-21,False,False,
CMG,EQUITY,CURRENT_TICKER_WINDOW_NO_IDENTITY_ANOMALY_DETECTED,CERTIFIED_CURRENT_TICKER_WINDOW,2006-01-26,2006-01-26,0,,UPSTREAM_CURRENT_TICKER_WARMUP_AUTHORITY,False,NOT_REQUIRED,,,2007-04-05,2026-08-21,False,False,
CMI,EQUITY,DECLARED_LINEAGE_REQUIRE_CURRENT_TICKER_REANCHOR,CERTIFIED_CURRENT_TICKER_WINDOW,2003-12-10,1972-06-01,1,2003-12-10,DECLARED_TICKER_CHANGE_CURRENT_SEGMENT_IDENTITY_BOUNDARY,True,OK,2003-12-10,5000,2005-02-17,2026-08-21,False,False,PREDECESSOR_LINEAGE_JOIN_NOT_AUTHORIZED
CMS,EQUITY,CURRENT_TICKER_WINDOW_NO_IDENTITY_ANOMALY_DETECTED,CERTIFIED_CURRENT_TICKER_WINDOW,2003-09-10,1972-06-01,0,,UPSTREAM_CURRENT_TICKER_WARMUP_AUTHORITY,False,NOT_REQUIRED,,,2004-11-16,2026-08-21,False,False,
CNC,EQUITY,DECLARED_LINEAGE_REQUIRE_CURRENT_TICKER_REANCHOR,CERTIFIED_CURRENT_TICKER_WINDOW,2003-10-16,2001-12-13,1,2003-10-16,DECLARED_TICKER_CHANGE_CURRENT_SEGMENT_IDENTITY_BOUNDARY,True,OK,2003-10-16,5000,2004-12-23,2026-08-21,False,False,PREDECESSOR_LINEAGE_JOIN_NOT_AUTHORIZED
CNP,EQUITY,CURRENT_TICKER_WINDOW_NO_IDENTITY_ANOMALY_DETECTED,CERTIFIED_CURRENT_TICKER_WINDOW,2003-09-10,1972-06-30,0,,UPSTREAM_CURRENT_TICKER_WARMUP_AUTHORITY,False,NOT_REQUIRED,,,2004-11-16,2026-08-21,False,False,
COF,EQUITY,CURRENT_TICKER_WINDOW_NO_IDENTITY_ANOMALY_DETECTED,CERTIFIED_CURRENT_TICKER_WINDOW,2003-09-10,1994-11-16,0,,UPSTREAM_CURRENT_TICKER_WARMUP_AUTHORITY,False,NOT_REQUIRED,,,2004-11-16,2026-08-21,False,False,
COHR,EQUITY,CURRENT_TICKER_WINDOW_NO_IDENTITY_ANOMALY_DETECTED,CERTIFIED_CURRENT_TICKER_WINDOW,2003-09-10,1987-10-02,0,,UPSTREAM_CURRENT_TICKER_WARMUP_AUTHORITY,False,NOT_REQUIRED,,,2004-11-16,2026-08-21,False,False,
COIN,EQUITY,PRELISTING_TICKER_HISTORY_REQUIRE_REANCHOR,CERTIFIED_CURRENT_TICKER_WINDOW,2007-03-16,2021-04-14,0,2021-04-14,PRELISTING_TICKER_HISTORY_CONTAMINATION_BOUNDARY,True,OK,2021-04-14,1346,2022-06-21,2026-08-21,False,False,
COO,EQUITY,CURRENT_TICKER_WINDOW_NO_IDENTITY_ANOMALY_DETECTED,CERTIFIED_CURRENT_TICKER_WINDOW,2003-09-10,1983-01-21,0,,UPSTREAM_CURRENT_TICKER_WARMUP_AUTHORITY,False,NOT_REQUIRED,,,2004-11-16,2026-08-21,False,False,
COP,EQUITY,CURRENT_TICKER_WINDOW_NO_IDENTITY_ANOMALY_DETECTED,CERTIFIED_CURRENT_TICKER_WINDOW,2003-09-10,1972-06-30,0,,UPSTREAM_CURRENT_TICKER_WARMUP_AUTHORITY,False,NOT_REQUIRED,,,2004-11-16,2026-08-21,False,False,
COR,EQUITY,DECLARED_LINEAGE_REQUIRE_CURRENT_TICKER_REANCHOR,CERTIFIED_CURRENT_TICKER_WINDOW,2003-09-10,1995-04-04,1,2023-08-30,DECLARED_TICKER_CHANGE_CURRENT_SEGMENT_IDENTITY_BOUNDARY,True,OK,2023-08-30,747,2024-11-06,2026-08-21,False,False,PREDECESSOR_LINEAGE_JOIN_NOT_AUTHORIZED
COST,EQUITY,CURRENT_TICKER_WINDOW_NO_IDENTITY_ANOMALY_DETECTED,CERTIFIED_CURRENT_TICKER_WINDOW,2003-09-10,1982-03-02,0,,UPSTREAM_CURRENT_TICKER_WARMUP_AUTHORITY,False,NOT_REQUIRED,,,2004-11-16,2026-08-21,False,False,
CPAY,EQUITY,CURRENT_TICKER_WINDOW_NO_IDENTITY_ANOMALY_DETECTED,CERTIFIED_CURRENT_TICKER_WINDOW,2024-03-25,2010-12-15,0,,UPSTREAM_CURRENT_TICKER_WARMUP_AUTHORITY,False,NOT_REQUIRED,,,2025-06-04,2026-08-21,False,False,
CPRT,EQUITY,CURRENT_TICKER_WINDOW_NO_IDENTITY_ANOMALY_DETECTED,CERTIFIED_CURRENT_TICKER_WINDOW,2003-09-10,1994-03-17,0,,UPSTREAM_CURRENT_TICKER_WARMUP_AUTHORITY,False,NOT_REQUIRED,,,2004-11-16,2026-08-21,False,False,
CPT,EQUITY,CURRENT_TICKER_WINDOW_NO_IDENTITY_ANOMALY_DETECTED,CERTIFIED_CURRENT_TICKER_WINDOW,2003-09-10,1993-07-22,0,,UPSTREAM_CURRENT_TICKER_WARMUP_AUTHORITY,False,NOT_REQUIRED,,,2004-11-16,2026-08-21,False,False,
CRH,EQUITY,LINEAGE_AND_PRELISTING_HISTORY_REQUIRE_CURRENT_TICKER_REANCHOR,CERTIFIED_CURRENT_TICKER_WINDOW,2003-09-10,2009-09-10,1,2023-09-25,DECLARED_TICKER_CHANGE_CURRENT_SEGMENT_IDENTITY_BOUNDARY,True,OK,2023-09-25,730,2024-12-02,2026-08-21,False,False,PREDECESSOR_LINEAGE_JOIN_NOT_AUTHORIZED
CRL,EQUITY,CURRENT_TICKER_WINDOW_NO_IDENTITY_ANOMALY_DETECTED,CERTIFIED_CURRENT_TICKER_WINDOW,2003-09-10,2000-06-23,0,,UPSTREAM_CURRENT_TICKER_WARMUP_AUTHORITY,False,NOT_REQUIRED,,,2004-11-16,2026-08-21,False,False,
CRM,EQUITY,CURRENT_TICKER_WINDOW_NO_IDENTITY_ANOMALY_DETECTED,CERTIFIED_CURRENT_TICKER_WINDOW,2004-06-23,2004-06-23,0,,UPSTREAM_CURRENT_TICKER_WARMUP_AUTHORITY,False,NOT_REQUIRED,,,2005-08-29,2026-08-21,False,False,
CRWD,EQUITY,CURRENT_TICKER_WINDOW_NO_IDENTITY_ANOMALY_DETECTED,CERTIFIED_CURRENT_TICKER_WINDOW,2019-06-12,2019-06-12,0,,UPSTREAM_CURRENT_TICKER_WARMUP_AUTHORITY,False,NOT_REQUIRED,,,2020-08-18,2026-08-21,False,False,
CRWV,EQUITY,CURRENT_TICKER_WINDOW_NO_IDENTITY_ANOMALY_DETECTED,CERTIFIED_CURRENT_TICKER_WINDOW,2025-03-28,2025-03-28,0,,UPSTREAM_CURRENT_TICKER_WARMUP_AUTHORITY,False,NOT_REQUIRED,,,2026-06-08,2026-08-21,False,False,
CSCO,EQUITY,CURRENT_TICKER_WINDOW_NO_IDENTITY_ANOMALY_DETECTED,CERTIFIED_CURRENT_TICKER_WINDOW,2003-09-10,1990-02-16,0,,UPSTREAM_CURRENT_TICKER_WARMUP_AUTHORITY,False,NOT_REQUIRED,,,2004-11-16,2026-08-21,False,False,
CSGP,EQUITY,CURRENT_TICKER_WINDOW_NO_IDENTITY_ANOMALY_DETECTED,CERTIFIED_CURRENT_TICKER_WINDOW,2003-09-10,1998-07-01,0,,UPSTREAM_CURRENT_TICKER_WARMUP_AUTHORITY,False,NOT_REQUIRED,,,2004-11-16,2026-08-21,False,False,
CSX,EQUITY,CURRENT_TICKER_WINDOW_NO_IDENTITY_ANOMALY_DETECTED,CERTIFIED_CURRENT_TICKER_WINDOW,2003-09-10,1980-11-03,0,,UPSTREAM_CURRENT_TICKER_WARMUP_AUTHORITY,False,NOT_REQUIRED,,,2004-11-16,2026-08-21,False,False,
CTAS,EQUITY,CURRENT_TICKER_WINDOW_NO_IDENTITY_ANOMALY_DETECTED,CERTIFIED_CURRENT_TICKER_WINDOW,2003-09-10,1983-08-18,0,,UPSTREAM_CURRENT_TICKER_WARMUP_AUTHORITY,False,NOT_REQUIRED,,,2004-11-16,2026-08-21,False,False,
CTSH,EQUITY,CURRENT_TICKER_WINDOW_NO_IDENTITY_ANOMALY_DETECTED,CERTIFIED_CURRENT_TICKER_WINDOW,2003-09-10,1998-06-19,0,,UPSTREAM_CURRENT_TICKER_WARMUP_AUTHORITY,False,NOT_REQUIRED,,,2004-11-16,2026-08-21,False,False,
CTVA,EQUITY,CURRENT_TICKER_WINDOW_NO_IDENTITY_ANOMALY_DETECTED,CERTIFIED_CURRENT_TICKER_WINDOW,2019-06-03,2019-05-24,0,,UPSTREAM_CURRENT_TICKER_WARMUP_AUTHORITY,False,NOT_REQUIRED,,,2020-08-07,2026-08-21,False,False,
CVNA,EQUITY,CURRENT_TICKER_WINDOW_NO_IDENTITY_ANOMALY_DETECTED,CERTIFIED_CURRENT_TICKER_WINDOW,2017-04-28,2017-04-28,0,,UPSTREAM_CURRENT_TICKER_WARMUP_AUTHORITY,False,NOT_REQUIRED,,,2018-07-06,2026-08-21,False,False,
CVS,EQUITY,CURRENT_TICKER_WINDOW_NO_IDENTITY_ANOMALY_DETECTED,CERTIFIED_CURRENT_TICKER_WINDOW,2003-09-10,1952-10-01,0,,UPSTREAM_CURRENT_TICKER_WARMUP_AUTHORITY,False,NOT_REQUIRED,,,2004-11-16,2026-08-21,False,False,
CVX,EQUITY,CURRENT_TICKER_WINDOW_NO_IDENTITY_ANOMALY_DETECTED,CERTIFIED_CURRENT_TICKER_WINDOW,2003-09-10,1970-01-02,0,,UPSTREAM_CURRENT_TICKER_WARMUP_AUTHORITY,False,NOT_REQUIRED,,,2004-11-16,2026-08-21,False,False,
D,EQUITY,CURRENT_TICKER_WINDOW_NO_IDENTITY_ANOMALY_DETECTED,CERTIFIED_CURRENT_TICKER_WINDOW,2003-09-10,1972-06-01,0,,UPSTREAM_CURRENT_TICKER_WARMUP_AUTHORITY,False,NOT_REQUIRED,,,2004-11-16,2026-08-21,False,False,
DAL,EQUITY,CURRENT_TICKER_WINDOW_NO_IDENTITY_ANOMALY_DETECTED,CERTIFIED_CURRENT_TICKER_WINDOW,2003-09-10,1967-07-03,0,,UPSTREAM_CURRENT_TICKER_WARMUP_AUTHORITY,False,NOT_REQUIRED,,,2004-11-16,2026-08-21,False,False,
DASH,EQUITY,CURRENT_TICKER_WINDOW_NO_IDENTITY_ANOMALY_DETECTED,CERTIFIED_CURRENT_TICKER_WINDOW,2020-12-09,2020-12-09,0,,UPSTREAM_CURRENT_TICKER_WARMUP_AUTHORITY,False,NOT_REQUIRED,,,2022-02-16,2026-08-21,False,False,
DBA,ETF,CURRENT_TICKER_WINDOW_NO_IDENTITY_ANOMALY_DETECTED,CERTIFIED_CURRENT_TICKER_WINDOW,2007-01-05,2007-01-05,0,,UPSTREAM_CURRENT_TICKER_WARMUP_AUTHORITY,False,NOT_REQUIRED,,,2008-03-14,2026-08-21,False,False,
DD,EQUITY,CURRENT_TICKER_WINDOW_NO_IDENTITY_ANOMALY_DETECTED,CERTIFIED_CURRENT_TICKER_WINDOW,2003-09-10,1947-07-24,0,,UPSTREAM_CURRENT_TICKER_WARMUP_AUTHORITY,False,NOT_REQUIRED,,,2004-11-16,2026-08-21,False,False,
DDOG,EQUITY,CURRENT_TICKER_WINDOW_NO_IDENTITY_ANOMALY_DETECTED,CERTIFIED_CURRENT_TICKER_WINDOW,2019-09-19,2019-09-19,0,,UPSTREAM_CURRENT_TICKER_WARMUP_AUTHORITY,False,NOT_REQUIRED,,,2020-11-24,2026-08-21,False,False,
DE,EQUITY,CURRENT_TICKER_WINDOW_NO_IDENTITY_ANOMALY_DETECTED,CERTIFIED_CURRENT_TICKER_WINDOW,2003-09-10,1958-08-04,0,,UPSTREAM_CURRENT_TICKER_WARMUP_AUTHORITY,False,NOT_REQUIRED,,,2004-11-16,2026-08-21,False,False,
DECK,EQUITY,CURRENT_TICKER_WINDOW_NO_IDENTITY_ANOMALY_DETECTED,CERTIFIED_CURRENT_TICKER_WINDOW,2003-09-10,1993-10-21,0,,UPSTREAM_CURRENT_TICKER_WARMUP_AUTHORITY,False,NOT_REQUIRED,,,2004-11-16,2026-08-21,False,False,
DELL,EQUITY,PRELISTING_TICKER_HISTORY_REQUIRE_REANCHOR,CERTIFIED_CURRENT_TICKER_WINDOW,2003-09-10,2018-12-19,0,2018-12-19,PRELISTING_TICKER_HISTORY_CONTAMINATION_BOUNDARY,True,OK,2018-12-28,1922,2020-03-09,2026-08-21,False,False,
DG,EQUITY,PRELISTING_TICKER_HISTORY_REQUIRE_REANCHOR,CERTIFIED_CURRENT_TICKER_WINDOW,2003-09-10,2009-11-13,0,2009-11-13,PRELISTING_TICKER_HISTORY_CONTAMINATION_BOUNDARY,True,OK,2009-11-13,4217,2011-01-24,2026-08-21,False,False,
DGX,EQUITY,CURRENT_TICKER_WINDOW_NO_IDENTITY_ANOMALY_DETECTED,CERTIFIED_CURRENT_TICKER_WINDOW,2003-09-10,1996-12-17,0,,UPSTREAM_CURRENT_TICKER_WARMUP_AUTHORITY,False,NOT_REQUIRED,,,2004-11-16,2026-08-21,False,False,
DHI,EQUITY,CURRENT_TICKER_WINDOW_NO_IDENTITY_ANOMALY_DETECTED,CERTIFIED_CURRENT_TICKER_WINDOW,2003-09-10,1992-06-12,0,,UPSTREAM_CURRENT_TICKER_WARMUP_AUTHORITY,False,NOT_REQUIRED,,,2004-11-16,2026-08-21,False,False,
DHR,EQUITY,CURRENT_TICKER_WINDOW_NO_IDENTITY_ANOMALY_DETECTED,CERTIFIED_CURRENT_TICKER_WINDOW,2003-09-10,1978-12-29,0,,UPSTREAM_CURRENT_TICKER_WARMUP_AUTHORITY,False,NOT_REQUIRED,,,2004-11-16,2026-08-21,False,False,
DIA,ETF,CURRENT_TICKER_WINDOW_NO_IDENTITY_ANOMALY_DETECTED,CERTIFIED_CURRENT_TICKER_WINDOW,2003-09-10,1998-01-13,0,,UPSTREAM_CURRENT_TICKER_WARMUP_AUTHORITY,False,NOT_REQUIRED,,,2004-11-16,2026-08-21,False,False,
DIS,EQUITY,CURRENT_TICKER_WINDOW_NO_IDENTITY_ANOMALY_DETECTED,CERTIFIED_CURRENT_TICKER_WINDOW,2003-09-10,1962-01-02,0,,UPSTREAM_CURRENT_TICKER_WARMUP_AUTHORITY,False,NOT_REQUIRED,,,2004-11-16,2026-08-21,False,False,
DLR,EQUITY,CURRENT_TICKER_WINDOW_NO_IDENTITY_ANOMALY_DETECTED,CERTIFIED_CURRENT_TICKER_WINDOW,2004-10-29,2004-10-29,0,,UPSTREAM_CURRENT_TICKER_WARMUP_AUTHORITY,False,NOT_REQUIRED,,,2006-01-06,2026-08-21,False,False,
DLTR,EQUITY,CURRENT_TICKER_WINDOW_NO_IDENTITY_ANOMALY_DETECTED,CERTIFIED_CURRENT_TICKER_WINDOW,2003-09-10,1995-03-06,0,,UPSTREAM_CURRENT_TICKER_WARMUP_AUTHORITY,False,NOT_REQUIRED,,,2004-11-16,2026-08-21,False,False,
DOC,EQUITY,DECLARED_LINEAGE_REQUIRE_CURRENT_TICKER_REANCHOR,CERTIFIED_CURRENT_TICKER_WINDOW,2003-09-10,1985-05-23,1,2024-03-04,DECLARED_TICKER_CHANGE_CURRENT_SEGMENT_IDENTITY_BOUNDARY,True,OK,2024-03-04,620,2025-05-13,2026-08-21,False,False,PREDECESSOR_LINEAGE_JOIN_NOT_AUTHORIZED
DOV,EQUITY,CURRENT_TICKER_WINDOW_NO_IDENTITY_ANOMALY_DETECTED,CERTIFIED_CURRENT_TICKER_WINDOW,2003-09-10,1956-12-03,0,,UPSTREAM_CURRENT_TICKER_WARMUP_AUTHORITY,False,NOT_REQUIRED,,,2004-11-16,2026-08-21,False,False,
DOW,EQUITY,PRELISTING_TICKER_HISTORY_REQUIRE_REANCHOR,CERTIFIED_CURRENT_TICKER_WINDOW,2003-09-10,2019-03-20,0,2019-03-20,PRELISTING_TICKER_HISTORY_CONTAMINATION_BOUNDARY,True,OK,2019-04-02,1858,2020-06-09,2026-08-21,False,False,
DPZ,EQUITY,CURRENT_TICKER_WINDOW_NO_IDENTITY_ANOMALY_DETECTED,CERTIFIED_CURRENT_TICKER_WINDOW,2004-07-13,2004-07-13,0,,UPSTREAM_CURRENT_TICKER_WARMUP_AUTHORITY,False,NOT_REQUIRED,,,2005-09-16,2026-08-21,False,False,
DRI,EQUITY,CURRENT_TICKER_WINDOW_NO_IDENTITY_ANOMALY_DETECTED,CERTIFIED_CURRENT_TICKER_WINDOW,2003-09-10,1995-05-15,0,,UPSTREAM_CURRENT_TICKER_WARMUP_AUTHORITY,False,NOT_REQUIRED,,,2004-11-16,2026-08-21,False,False,
DTE,EQUITY,CURRENT_TICKER_WINDOW_NO_IDENTITY_ANOMALY_DETECTED,CERTIFIED_CURRENT_TICKER_WINDOW,2003-09-10,1949-11-16,0,,UPSTREAM_CURRENT_TICKER_WARMUP_AUTHORITY,False,NOT_REQUIRED,,,2004-11-16,2026-08-21,False,False,
DUK,EQUITY,CURRENT_TICKER_WINDOW_NO_IDENTITY_ANOMALY_DETECTED,CERTIFIED_CURRENT_TICKER_WINDOW,2003-09-10,1964-06-16,0,,UPSTREAM_CURRENT_TICKER_WARMUP_AUTHORITY,False,NOT_REQUIRED,,,2004-11-16,2026-08-21,False,False,
DVA,EQUITY,CURRENT_TICKER_WINDOW_NO_IDENTITY_ANOMALY_DETECTED,CERTIFIED_CURRENT_TICKER_WINDOW,2003-09-10,1995-10-31,0,,UPSTREAM_CURRENT_TICKER_WARMUP_AUTHORITY,False,NOT_REQUIRED,,,2004-11-16,2026-08-21,False,False,
DVN,EQUITY,CURRENT_TICKER_WINDOW_NO_IDENTITY_ANOMALY_DETECTED,CERTIFIED_CURRENT_TICKER_WINDOW,2003-09-10,1988-09-30,0,,UPSTREAM_CURRENT_TICKER_WARMUP_AUTHORITY,False,NOT_REQUIRED,,,2004-11-16,2026-08-21,False,False,
DXCM,EQUITY,CURRENT_TICKER_WINDOW_NO_IDENTITY_ANOMALY_DETECTED,CERTIFIED_CURRENT_TICKER_WINDOW,2005-04-14,2005-04-14,0,,UPSTREAM_CURRENT_TICKER_WARMUP_AUTHORITY,False,NOT_REQUIRED,,,2006-06-21,2026-08-21,False,False,
EA,EQUITY,CURRENT_TICKER_WINDOW_WITH_INCOMPLETE_REFERENCE_METADATA,CERTIFIED_CURRENT_TICKER_WINDOW,2011-12-20,,0,,UPSTREAM_CURRENT_TICKER_WARMUP_AUTHORITY,False,NOT_REQUIRED,,,2013-03-04,2026-08-04,False,False,REFERENCE_METADATA_INCOMPLETE
EBAY,EQUITY,CURRENT_TICKER_WINDOW_NO_IDENTITY_ANOMALY_DETECTED,CERTIFIED_CURRENT_TICKER_WINDOW,2003-09-10,1998-09-24,0,,UPSTREAM_CURRENT_TICKER_WARMUP_AUTHORITY,False,NOT_REQUIRED,,,2004-11-16,2026-08-21,False,False,
ECHO,EQUITY,LINEAGE_AND_PRELISTING_HISTORY_REQUIRE_CURRENT_TICKER_REANCHOR,BLOCKED_INSUFFICIENT_POST_ANCHOR_WARMUP,2003-09-10,2007-12-31,2,2026-06-24,DECLARED_TICKER_CHANGE_CURRENT_SEGMENT_IDENTITY_BOUNDARY,True,OK,2026-06-24,42,,,False,False,PREDECESSOR_LINEAGE_JOIN_NOT_AUTHORIZED|PRELISTING_TICKER_HISTORY_NOT_AUTHORIZED|INSUFFICIENT_POST_ANCHOR_WARMUP
ECL,EQUITY,CURRENT_TICKER_WINDOW_NO_IDENTITY_ANOMALY_DETECTED,CERTIFIED_CURRENT_TICKER_WINDOW,2003-09-10,1972-06-01,0,,UPSTREAM_CURRENT_TICKER_WARMUP_AUTHORITY,False,NOT_REQUIRED,,,2004-11-16,2026-08-21,False,False,
ED,EQUITY,CURRENT_TICKER_WINDOW_NO_IDENTITY_ANOMALY_DETECTED,CERTIFIED_CURRENT_TICKER_WINDOW,2003-09-10,1948-06-21,0,,UPSTREAM_CURRENT_TICKER_WARMUP_AUTHORITY,False,NOT_REQUIRED,,,2004-11-16,2026-08-21,False,False,
EEM,ETF,CURRENT_TICKER_WINDOW_NO_IDENTITY_ANOMALY_DETECTED,CERTIFIED_CURRENT_TICKER_WINDOW,2003-09-10,2003-04-07,0,,UPSTREAM_CURRENT_TICKER_WARMUP_AUTHORITY,False,NOT_REQUIRED,,,2004-11-16,2026-08-21,False,False,
EFA,ETF,CURRENT_TICKER_WINDOW_NO_IDENTITY_ANOMALY_DETECTED,CERTIFIED_CURRENT_TICKER_WINDOW,2003-09-10,2001-08-14,0,,UPSTREAM_CURRENT_TICKER_WARMUP_AUTHORITY,False,NOT_REQUIRED,,,2004-11-16,2026-08-21,False,False,
EFX,EQUITY,CURRENT_TICKER_WINDOW_NO_IDENTITY_ANOMALY_DETECTED,CERTIFIED_CURRENT_TICKER_WINDOW,2003-09-10,1971-05-11,0,,UPSTREAM_CURRENT_TICKER_WARMUP_AUTHORITY,False,NOT_REQUIRED,,,2004-11-16,2026-08-21,False,False,
EG,EQUITY,DECLARED_LINEAGE_REQUIRE_CURRENT_TICKER_REANCHOR,CERTIFIED_CURRENT_TICKER_WINDOW,2023-07-10,1995-10-03,1,2023-07-10,DECLARED_TICKER_CHANGE_CURRENT_SEGMENT_IDENTITY_BOUNDARY,True,OK,2023-07-10,784,2024-09-16,2026-08-21,False,False,PREDECESSOR_LINEAGE_JOIN_NOT_AUTHORIZED
EIX,EQUITY,CURRENT_TICKER_WINDOW_NO_IDENTITY_ANOMALY_DETECTED,CERTIFIED_CURRENT_TICKER_WINDOW,2003-09-10,1972-06-01,0,,UPSTREAM_CURRENT_TICKER_WARMUP_AUTHORITY,False,NOT_REQUIRED,,,2004-11-16,2026-08-21,False,False,
EL,EQUITY,CURRENT_TICKER_WINDOW_NO_IDENTITY_ANOMALY_DETECTED,CERTIFIED_CURRENT_TICKER_WINDOW,2003-09-10,1995-11-17,0,,UPSTREAM_CURRENT_TICKER_WARMUP_AUTHORITY,False,NOT_REQUIRED,,,2004-11-16,2026-08-21,False,False,
ELV,EQUITY,DECLARED_LINEAGE_REQUIRE_CURRENT_TICKER_REANCHOR,CERTIFIED_CURRENT_TICKER_WINDOW,2003-09-10,2001-10-30,1,2022-06-28,DECLARED_TICKER_CHANGE_CURRENT_SEGMENT_IDENTITY_BOUNDARY,True,OK,2022-06-28,1042,2023-09-06,2026-08-21,False,False,PREDECESSOR_LINEAGE_JOIN_NOT_AUTHORIZED
EME,EQUITY,CURRENT_TICKER_WINDOW_NO_IDENTITY_ANOMALY_DETECTED,CERTIFIED_CURRENT_TICKER_WINDOW,2003-09-10,1994-10-28,0,,UPSTREAM_CURRENT_TICKER_WARMUP_AUTHORITY,False,NOT_REQUIRED,,,2004-11-16,2026-08-21,False,False,
EMR,EQUITY,CURRENT_TICKER_WINDOW_NO_IDENTITY_ANOMALY_DETECTED,CERTIFIED_CURRENT_TICKER_WINDOW,2003-09-10,1953-04-23,0,,UPSTREAM_CURRENT_TICKER_WARMUP_AUTHORITY,False,NOT_REQUIRED,,,2004-11-16,2026-08-21,False,False,
EOG,EQUITY,CURRENT_TICKER_WINDOW_NO_IDENTITY_ANOMALY_DETECTED,CERTIFIED_CURRENT_TICKER_WINDOW,2003-09-10,1989-10-04,0,,UPSTREAM_CURRENT_TICKER_WARMUP_AUTHORITY,False,NOT_REQUIRED,,,2004-11-16,2026-08-21,False,False,
EQIX,EQUITY,CURRENT_TICKER_WINDOW_NO_IDENTITY_ANOMALY_DETECTED,CERTIFIED_CURRENT_TICKER_WINDOW,2003-09-10,2000-08-11,0,,UPSTREAM_CURRENT_TICKER_WARMUP_AUTHORITY,False,NOT_REQUIRED,,,2004-11-16,2026-08-21,False,False,
EQR,EQUITY,CURRENT_TICKER_WINDOW_WITH_INCOMPLETE_REFERENCE_METADATA,CERTIFIED_CURRENT_TICKER_WINDOW,2003-09-10,,0,,UPSTREAM_CURRENT_TICKER_WARMUP_AUTHORITY,False,NOT_REQUIRED,,,2004-11-16,2026-08-17,False,False,REFERENCE_METADATA_INCOMPLETE
EQT,EQUITY,CURRENT_TICKER_WINDOW_NO_IDENTITY_ANOMALY_DETECTED,CERTIFIED_CURRENT_TICKER_WINDOW,2003-09-10,1950-06-05,0,,UPSTREAM_CURRENT_TICKER_WARMUP_AUTHORITY,False,NOT_REQUIRED,,,2004-11-16,2026-08-21,False,False,
ERIE,EQUITY,CURRENT_TICKER_WINDOW_NO_IDENTITY_ANOMALY_DETECTED,CERTIFIED_CURRENT_TICKER_WINDOW,2003-09-10,1995-10-02,0,,UPSTREAM_CURRENT_TICKER_WARMUP_AUTHORITY,False,NOT_REQUIRED,,,2004-11-16,2026-08-21,False,False,
ES,EQUITY,CURRENT_TICKER_WINDOW_NO_IDENTITY_ANOMALY_DETECTED,CERTIFIED_CURRENT_TICKER_WINDOW,2007-11-15,1972-06-01,0,,UPSTREAM_CURRENT_TICKER_WARMUP_AUTHORITY,False,NOT_REQUIRED,,,2009-01-26,2026-08-21,False,False,
ESS,EQUITY,CURRENT_TICKER_WINDOW_NO_IDENTITY_ANOMALY_DETECTED,CERTIFIED_CURRENT_TICKER_WINDOW,2003-09-10,1994-06-06,0,,UPSTREAM_CURRENT_TICKER_WARMUP_AUTHORITY,False,NOT_REQUIRED,,,2004-11-16,2026-08-21,False,False,
ETHA,ETF,CURRENT_TICKER_WINDOW_NO_IDENTITY_ANOMALY_DETECTED,CERTIFIED_CURRENT_TICKER_WINDOW,2024-07-23,2024-06-24,0,,UPSTREAM_CURRENT_TICKER_WARMUP_AUTHORITY,False,NOT_REQUIRED,,,2025-10-01,2026-08-21,False,False,
ETN,EQUITY,CURRENT_TICKER_WINDOW_NO_IDENTITY_ANOMALY_DETECTED,CERTIFIED_CURRENT_TICKER_WINDOW,2003-09-10,1948-12-01,0,,UPSTREAM_CURRENT_TICKER_WARMUP_AUTHORITY,False,NOT_REQUIRED,,,2004-11-16,2026-08-21,False,False,
ETR,EQUITY,CURRENT_TICKER_WINDOW_NO_IDENTITY_ANOMALY_DETECTED,CERTIFIED_CURRENT_TICKER_WINDOW,2003-09-10,1972-06-01,0,,UPSTREAM_CURRENT_TICKER_WARMUP_AUTHORITY,False,NOT_REQUIRED,,,2004-11-16,2026-08-21,False,False,
EVRG,EQUITY,CURRENT_TICKER_WINDOW_NO_IDENTITY_ANOMALY_DETECTED,CERTIFIED_CURRENT_TICKER_WINDOW,2018-06-05,1949-09-01,0,,UPSTREAM_CURRENT_TICKER_WARMUP_AUTHORITY,False,NOT_REQUIRED,,,2019-08-13,2026-08-21,False,False,
EW,EQUITY,CURRENT_TICKER_WINDOW_NO_IDENTITY_ANOMALY_DETECTED,CERTIFIED_CURRENT_TICKER_WINDOW,2003-09-10,2000-04-03,0,,UPSTREAM_CURRENT_TICKER_WARMUP_AUTHORITY,False,NOT_REQUIRED,,,2004-11-16,2026-08-21,False,False,
EWJ,ETF,CURRENT_TICKER_WINDOW_NO_IDENTITY_ANOMALY_DETECTED,CERTIFIED_CURRENT_TICKER_WINDOW,2003-09-10,1996-03-12,0,,UPSTREAM_CURRENT_TICKER_WARMUP_AUTHORITY,False,NOT_REQUIRED,,,2004-11-16,2026-08-21,False,False,
EWZ,ETF,CURRENT_TICKER_WINDOW_NO_IDENTITY_ANOMALY_DETECTED,CERTIFIED_CURRENT_TICKER_WINDOW,2003-09-10,2000-07-10,0,,UPSTREAM_CURRENT_TICKER_WARMUP_AUTHORITY,False,NOT_REQUIRED,,,2004-11-16,2026-08-21,False,False,
EXC,EQUITY,CURRENT_TICKER_WINDOW_NO_IDENTITY_ANOMALY_DETECTED,CERTIFIED_CURRENT_TICKER_WINDOW,2003-09-10,1972-06-01,0,,UPSTREAM_CURRENT_TICKER_WARMUP_AUTHORITY,False,NOT_REQUIRED,,,2004-11-16,2026-08-21,False,False,
EXE,EQUITY,LINEAGE_AND_PRELISTING_HISTORY_REQUIRE_CURRENT_TICKER_REANCHOR,CERTIFIED_CURRENT_TICKER_WINDOW,2004-11-15,2021-02-10,1,2024-10-02,DECLARED_TICKER_CHANGE_CURRENT_SEGMENT_IDENTITY_BOUNDARY,True,OK,2024-10-02,473,2025-12-11,2026-08-21,False,False,PREDECESSOR_LINEAGE_JOIN_NOT_AUTHORIZED
EXPD,EQUITY,CURRENT_TICKER_WINDOW_NO_IDENTITY_ANOMALY_DETECTED,CERTIFIED_CURRENT_TICKER_WINDOW,2003-09-10,1984-09-26,0,,UPSTREAM_CURRENT_TICKER_WARMUP_AUTHORITY,False,NOT_REQUIRED,,,2004-11-16,2026-08-21,False,False,
EXPE,EQUITY,DECLARED_LINEAGE_REQUIRE_CURRENT_TICKER_REANCHOR,CERTIFIED_CURRENT_TICKER_WINDOW,2005-08-09,1999-11-10,1,2011-12-22,DECLARED_TICKER_CHANGE_CURRENT_SEGMENT_IDENTITY_BOUNDARY,True,OK,2011-12-22,3686,2013-03-06,2026-08-21,False,False,PREDECESSOR_LINEAGE_JOIN_NOT_AUTHORIZED
EXR,EQUITY,CURRENT_TICKER_WINDOW_NO_IDENTITY_ANOMALY_DETECTED,CERTIFIED_CURRENT_TICKER_WINDOW,2004-08-12,2004-08-12,0,,UPSTREAM_CURRENT_TICKER_WARMUP_AUTHORITY,False,NOT_REQUIRED,,,2005-10-18,2026-08-21,False,False,
F,EQUITY,CURRENT_TICKER_WINDOW_NO_IDENTITY_ANOMALY_DETECTED,CERTIFIED_CURRENT_TICKER_WINDOW,2003-09-10,1972-06-01,0,,UPSTREAM_CURRENT_TICKER_WARMUP_AUTHORITY,False,NOT_REQUIRED,,,2004-11-16,2026-08-21,False,False,
FANG,EQUITY,CURRENT_TICKER_WINDOW_NO_IDENTITY_ANOMALY_DETECTED,CERTIFIED_CURRENT_TICKER_WINDOW,2012-10-12,2012-10-12,0,,UPSTREAM_CURRENT_TICKER_WARMUP_AUTHORITY,False,NOT_REQUIRED,,,2013-12-23,2026-08-21,False,False,
FAST,EQUITY,CURRENT_TICKER_WINDOW_NO_IDENTITY_ANOMALY_DETECTED,CERTIFIED_CURRENT_TICKER_WINDOW,2003-09-10,1987-08-20,0,,UPSTREAM_CURRENT_TICKER_WARMUP_AUTHORITY,False,NOT_REQUIRED,,,2004-11-16,2026-08-21,False,False,
FBTC,ETF,PRELISTING_TICKER_HISTORY_REQUIRE_REANCHOR,CERTIFIED_CURRENT_TICKER_WINDOW,2003-09-11,2024-01-10,0,2024-01-10,PRELISTING_TICKER_HISTORY_CONTAMINATION_BOUNDARY,True,OK,2024-01-11,655,2025-03-24,2026-08-21,False,False,
FCX,EQUITY,CURRENT_TICKER_WINDOW_NO_IDENTITY_ANOMALY_DETECTED,CERTIFIED_CURRENT_TICKER_WINDOW,2003-09-10,1995-08-01,0,,UPSTREAM_CURRENT_TICKER_WARMUP_AUTHORITY,False,NOT_REQUIRED,,,2004-11-16,2026-08-21,False,False,
FDS,EQUITY,CURRENT_TICKER_WINDOW_NO_IDENTITY_ANOMALY_DETECTED,CERTIFIED_CURRENT_TICKER_WINDOW,2003-09-10,1996-06-28,0,,UPSTREAM_CURRENT_TICKER_WARMUP_AUTHORITY,False,NOT_REQUIRED,,,2004-11-16,2026-08-21,False,False,
FDX,EQUITY,CURRENT_TICKER_WINDOW_NO_IDENTITY_ANOMALY_DETECTED,CERTIFIED_CURRENT_TICKER_WINDOW,2003-09-10,1978-04-12,0,,UPSTREAM_CURRENT_TICKER_WARMUP_AUTHORITY,False,NOT_REQUIRED,,,2004-11-16,2026-08-21,False,False,
FDXF,EQUITY,CURRENT_TICKER_WINDOW_NO_IDENTITY_ANOMALY_DETECTED,BLOCKED_UPSTREAM_INSUFFICIENT_WARMUP,2026-06-01,2026-05-27,0,,UPSTREAM_CURRENT_TICKER_WARMUP_AUTHORITY,False,NOT_REQUIRED,,,,,False,False,UPSTREAM_INSUFFICIENT_WARMUP
FE,EQUITY,CURRENT_TICKER_WINDOW_NO_IDENTITY_ANOMALY_DETECTED,CERTIFIED_CURRENT_TICKER_WINDOW,2003-09-10,1997-11-10,0,,UPSTREAM_CURRENT_TICKER_WARMUP_AUTHORITY,False,NOT_REQUIRED,,,2004-11-16,2026-08-21,False,False,
FER,EQUITY,DECLARED_LINEAGE_REQUIRE_CURRENT_TICKER_REANCHOR,CERTIFIED_CURRENT_TICKER_WINDOW,2024-05-09,2004-11-17,1,2024-05-09,DECLARED_TICKER_CHANGE_CURRENT_SEGMENT_IDENTITY_BOUNDARY,True,OK,2024-05-09,573,2025-07-22,2026-08-21,False,False,PREDECESSOR_LINEAGE_JOIN_NOT_AUTHORIZED
FFIV,EQUITY,CURRENT_TICKER_WINDOW_NO_IDENTITY_ANOMALY_DETECTED,CERTIFIED_CURRENT_TICKER_WINDOW,2003-09-10,1999-06-04,0,,UPSTREAM_CURRENT_TICKER_WARMUP_AUTHORITY,False,NOT_REQUIRED,,,2004-11-16,2026-08-21,False,False,
FICO,EQUITY,DECLARED_LINEAGE_REQUIRE_CURRENT_TICKER_REANCHOR,CERTIFIED_CURRENT_TICKER_WINDOW,2009-08-18,1987-07-31,1,2009-08-19,DECLARED_TICKER_CHANGE_CURRENT_SEGMENT_IDENTITY_BOUNDARY,True,OK,2009-08-19,4278,2010-10-26,2026-08-21,False,False,PREDECESSOR_LINEAGE_JOIN_NOT_AUTHORIZED
FIS,EQUITY,CURRENT_TICKER_WINDOW_NO_IDENTITY_ANOMALY_DETECTED,CERTIFIED_CURRENT_TICKER_WINDOW,2006-02-01,2001-06-20,0,,UPSTREAM_CURRENT_TICKER_WARMUP_AUTHORITY,False,NOT_REQUIRED,,,2007-04-12,2026-08-21,False,False,
FISV,EQUITY,DECLARED_LINEAGE_REQUIRE_CURRENT_TICKER_REANCHOR,CERTIFIED_CURRENT_TICKER_WINDOW,2003-09-10,1986-09-25,1,2003-09-10,DECLARED_TICKER_CHANGE_CURRENT_SEGMENT_IDENTITY_BOUNDARY,True,OK,2003-09-10,5000,2004-11-16,2026-08-21,False,False,PREDECESSOR_LINEAGE_JOIN_NOT_AUTHORIZED
FITB,EQUITY,CURRENT_TICKER_WINDOW_NO_IDENTITY_ANOMALY_DETECTED,CERTIFIED_CURRENT_TICKER_WINDOW,2003-09-10,1973-01-02,0,,UPSTREAM_CURRENT_TICKER_WARMUP_AUTHORITY,False,NOT_REQUIRED,,,2004-11-16,2026-08-21,False,False,
FIX,EQUITY,CURRENT_TICKER_WINDOW_NO_IDENTITY_ANOMALY_DETECTED,CERTIFIED_CURRENT_TICKER_WINDOW,2003-09-10,1997-06-27,0,,UPSTREAM_CURRENT_TICKER_WARMUP_AUTHORITY,False,NOT_REQUIRED,,,2004-11-16,2026-08-21,False,False,
FLEX,EQUITY,CURRENT_TICKER_WINDOW_NO_IDENTITY_ANOMALY_DETECTED,CERTIFIED_CURRENT_TICKER_WINDOW,2003-09-10,1987-09-28,0,,UPSTREAM_CURRENT_TICKER_WARMUP_AUTHORITY,False,NOT_REQUIRED,,,2004-11-16,2026-08-21,False,False,
FOX,EQUITY,LINEAGE_AND_PRELISTING_HISTORY_REQUIRE_CURRENT_TICKER_REANCHOR,CERTIFIED_CURRENT_TICKER_WINDOW,2003-09-10,2019-02-27,1,2019-03-19,DECLARED_TICKER_CHANGE_CURRENT_SEGMENT_IDENTITY_BOUNDARY,True,OK,2019-03-19,1868,2020-05-26,2026-08-21,False,False,PREDECESSOR_LINEAGE_JOIN_NOT_AUTHORIZED
FOXA,EQUITY,PRELISTING_TICKER_HISTORY_REQUIRE_REANCHOR,CERTIFIED_CURRENT_TICKER_WINDOW,2013-07-01,2019-02-27,0,2019-02-27,PRELISTING_TICKER_HISTORY_CONTAMINATION_BOUNDARY,True,OK,2019-02-27,1882,2020-05-05,2026-08-21,False,False,
FRT,EQUITY,CURRENT_TICKER_WINDOW_NO_IDENTITY_ANOMALY_DETECTED,CERTIFIED_CURRENT_TICKER_WINDOW,2003-09-10,1973-01-02,0,,UPSTREAM_CURRENT_TICKER_WARMUP_AUTHORITY,False,NOT_REQUIRED,,,2004-11-16,2026-08-21,False,False,
FSLR,EQUITY,CURRENT_TICKER_WINDOW_NO_IDENTITY_ANOMALY_DETECTED,CERTIFIED_CURRENT_TICKER_WINDOW,2006-11-17,2006-11-17,0,,UPSTREAM_CURRENT_TICKER_WARMUP_AUTHORITY,False,NOT_REQUIRED,,,2008-01-30,2026-08-21,False,False,
FTNT,EQUITY,CURRENT_TICKER_WINDOW_NO_IDENTITY_ANOMALY_DETECTED,CERTIFIED_CURRENT_TICKER_WINDOW,2009-11-18,2009-11-18,0,,UPSTREAM_CURRENT_TICKER_WARMUP_AUTHORITY,False,NOT_REQUIRED,,,2011-01-27,2026-08-21,False,False,
FTV,EQUITY,CURRENT_TICKER_WINDOW_NO_IDENTITY_ANOMALY_DETECTED,CERTIFIED_CURRENT_TICKER_WINDOW,2016-07-05,2016-07-05,0,,UPSTREAM_CURRENT_TICKER_WARMUP_AUTHORITY,False,NOT_REQUIRED,,,2017-09-11,2026-08-21,False,False,
FXI,ETF,CURRENT_TICKER_WINDOW_NO_IDENTITY_ANOMALY_DETECTED,CERTIFIED_CURRENT_TICKER_WINDOW,2004-10-08,2004-10-05,0,,UPSTREAM_CURRENT_TICKER_WARMUP_AUTHORITY,False,NOT_REQUIRED,,,2005-12-14,2026-08-21,False,False,
GD,EQUITY,CURRENT_TICKER_WINDOW_NO_IDENTITY_ANOMALY_DETECTED,CERTIFIED_CURRENT_TICKER_WINDOW,2003-09-10,1952-04-25,0,,UPSTREAM_CURRENT_TICKER_WARMUP_AUTHORITY,False,NOT_REQUIRED,,,2004-11-16,2026-08-21,False,False,
GDDY,EQUITY,CURRENT_TICKER_WINDOW_NO_IDENTITY_ANOMALY_DETECTED,CERTIFIED_CURRENT_TICKER_WINDOW,2015-04-01,2015-04-01,0,,UPSTREAM_CURRENT_TICKER_WARMUP_AUTHORITY,False,NOT_REQUIRED,,,2016-06-08,2026-08-21,False,False,
GDX,ETF,PRELISTING_TICKER_HISTORY_REQUIRE_REANCHOR,CERTIFIED_CURRENT_TICKER_WINDOW,2003-09-15,2006-05-16,0,2006-05-16,PRELISTING_TICKER_HISTORY_CONTAMINATION_BOUNDARY,True,OK,2006-05-22,5000,2007-07-31,2026-08-21,False,False,
GDXJ,ETF,CURRENT_TICKER_WINDOW_NO_IDENTITY_ANOMALY_DETECTED,CERTIFIED_CURRENT_TICKER_WINDOW,2009-11-11,2009-11-10,0,,UPSTREAM_CURRENT_TICKER_WARMUP_AUTHORITY,False,NOT_REQUIRED,,,2011-01-20,2026-08-21,False,False,
GE,EQUITY,CURRENT_TICKER_WINDOW_NO_IDENTITY_ANOMALY_DETECTED,CERTIFIED_CURRENT_TICKER_WINDOW,2003-09-10,1900-01-01,0,,UPSTREAM_CURRENT_TICKER_WARMUP_AUTHORITY,False,NOT_REQUIRED,,,2004-11-16,2026-08-21,False,False,
GEHC,EQUITY,CURRENT_TICKER_WINDOW_NO_IDENTITY_ANOMALY_DETECTED,CERTIFIED_CURRENT_TICKER_WINDOW,2023-01-04,2022-12-15,0,,UPSTREAM_CURRENT_TICKER_WARMUP_AUTHORITY,False,NOT_REQUIRED,,,2024-03-14,2026-08-21,False,False,
GEN,EQUITY,DECLARED_LINEAGE_REQUIRE_CURRENT_TICKER_REANCHOR,CERTIFIED_CURRENT_TICKER_WINDOW,2010-12-06,1989-06-23,1,2022-11-08,DECLARED_TICKER_CHANGE_CURRENT_SEGMENT_IDENTITY_BOUNDARY,True,OK,2022-11-08,949,2024-01-19,2026-08-21,False,False,PREDECESSOR_LINEAGE_JOIN_NOT_AUTHORIZED
GEV,EQUITY,CURRENT_TICKER_WINDOW_NO_IDENTITY_ANOMALY_DETECTED,CERTIFIED_CURRENT_TICKER_WINDOW,2024-04-02,2024-03-27,0,,UPSTREAM_CURRENT_TICKER_WARMUP_AUTHORITY,False,NOT_REQUIRED,,,2025-06-11,2026-08-21,False,False,
GILD,EQUITY,CURRENT_TICKER_WINDOW_NO_IDENTITY_ANOMALY_DETECTED,CERTIFIED_CURRENT_TICKER_WINDOW,2003-09-10,1992-01-22,0,,UPSTREAM_CURRENT_TICKER_WARMUP_AUTHORITY,False,NOT_REQUIRED,,,2004-11-16,2026-08-21,False,False,
GIS,EQUITY,CURRENT_TICKER_WINDOW_NO_IDENTITY_ANOMALY_DETECTED,CERTIFIED_CURRENT_TICKER_WINDOW,2003-09-10,1952-11-14,0,,UPSTREAM_CURRENT_TICKER_WARMUP_AUTHORITY,False,NOT_REQUIRED,,,2004-11-16,2026-08-21,False,False,
GL,EQUITY,CURRENT_TICKER_WINDOW_NO_IDENTITY_ANOMALY_DETECTED,CERTIFIED_CURRENT_TICKER_WINDOW,2003-09-10,1980-12-31,0,,UPSTREAM_CURRENT_TICKER_WARMUP_AUTHORITY,False,NOT_REQUIRED,,,2020-03-02,2026-08-21,False,False,
GLD,ETF,CURRENT_TICKER_WINDOW_NO_IDENTITY_ANOMALY_DETECTED,CERTIFIED_CURRENT_TICKER_WINDOW,2004-11-18,2004-11-18,0,,UPSTREAM_CURRENT_TICKER_WARMUP_AUTHORITY,False,NOT_REQUIRED,,,2006-01-27,2026-08-21,False,False,
GLW,EQUITY,CURRENT_TICKER_WINDOW_NO_IDENTITY_ANOMALY_DETECTED,CERTIFIED_CURRENT_TICKER_WINDOW,2003-09-10,1945-05-21,0,,UPSTREAM_CURRENT_TICKER_WARMUP_AUTHORITY,False,NOT_REQUIRED,,,2004-11-16,2026-08-21,False,False,
GM,EQUITY,PRELISTING_TICKER_HISTORY_REQUIRE_REANCHOR,CERTIFIED_CURRENT_TICKER_WINDOW,2003-09-10,2010-11-18,0,2010-11-18,PRELISTING_TICKER_HISTORY_CONTAMINATION_BOUNDARY,True,OK,2010-11-18,3962,2012-01-27,2026-08-21,False,False,
GNRC,EQUITY,CURRENT_TICKER_WINDOW_NO_IDENTITY_ANOMALY_DETECTED,CERTIFIED_CURRENT_TICKER_WINDOW,2010-02-11,2010-02-11,0,,UPSTREAM_CURRENT_TICKER_WARMUP_AUTHORITY,False,NOT_REQUIRED,,,2011-04-19,2026-08-21,False,False,
GOOG,EQUITY,CURRENT_TICKER_WINDOW_NO_IDENTITY_ANOMALY_DETECTED,CERTIFIED_CURRENT_TICKER_WINDOW,2004-08-19,2004-08-19,0,,UPSTREAM_CURRENT_TICKER_WARMUP_AUTHORITY,False,NOT_REQUIRED,,,2005-10-25,2026-08-21,False,False,
GOOGL,EQUITY,DECLARED_LINEAGE_REQUIRE_CURRENT_TICKER_REANCHOR,CERTIFIED_CURRENT_TICKER_WINDOW,2014-04-03,2004-08-19,1,2004-08-19,DECLARED_TICKER_CHANGE_CURRENT_SEGMENT_IDENTITY_BOUNDARY,True,OK,2014-04-03,3115,2015-06-11,2026-08-21,False,False,PREDECESSOR_LINEAGE_JOIN_NOT_AUTHORIZED
GPC,EQUITY,CURRENT_TICKER_WINDOW_NO_IDENTITY_ANOMALY_DETECTED,CERTIFIED_CURRENT_TICKER_WINDOW,2003-09-10,1968-08-20,0,,UPSTREAM_CURRENT_TICKER_WARMUP_AUTHORITY,False,NOT_REQUIRED,,,2004-11-16,2026-08-21,False,False,
GPN,EQUITY,CURRENT_TICKER_WINDOW_NO_IDENTITY_ANOMALY_DETECTED,CERTIFIED_CURRENT_TICKER_WINDOW,2003-09-10,2001-01-26,0,,UPSTREAM_CURRENT_TICKER_WARMUP_AUTHORITY,False,NOT_REQUIRED,,,2004-11-16,2026-08-21,False,False,
GRMN,EQUITY,CURRENT_TICKER_WINDOW_NO_IDENTITY_ANOMALY_DETECTED,CERTIFIED_CURRENT_TICKER_WINDOW,2003-09-10,2000-12-08,0,,UPSTREAM_CURRENT_TICKER_WARMUP_AUTHORITY,False,NOT_REQUIRED,,,2004-11-16,2026-08-21,False,False,
GS,EQUITY,CURRENT_TICKER_WINDOW_NO_IDENTITY_ANOMALY_DETECTED,CERTIFIED_CURRENT_TICKER_WINDOW,2003-09-10,1999-05-04,0,,UPSTREAM_CURRENT_TICKER_WARMUP_AUTHORITY,False,NOT_REQUIRED,,,2004-11-16,2026-08-21,False,False,
GWW,EQUITY,CURRENT_TICKER_WINDOW_NO_IDENTITY_ANOMALY_DETECTED,CERTIFIED_CURRENT_TICKER_WINDOW,2003-09-10,1972-06-01,0,,UPSTREAM_CURRENT_TICKER_WARMUP_AUTHORITY,False,NOT_REQUIRED,,,2004-11-16,2026-08-21,False,False,
HACK,ETF,CURRENT_TICKER_WINDOW_NO_IDENTITY_ANOMALY_DETECTED,CERTIFIED_CURRENT_TICKER_WINDOW,2014-11-12,2014-11-11,0,,UPSTREAM_CURRENT_TICKER_WARMUP_AUTHORITY,False,NOT_REQUIRED,,,2016-01-22,2026-08-21,False,False,
HAL,EQUITY,CURRENT_TICKER_WINDOW_NO_IDENTITY_ANOMALY_DETECTED,CERTIFIED_CURRENT_TICKER_WINDOW,2003-09-10,1948-09-15,0,,UPSTREAM_CURRENT_TICKER_WARMUP_AUTHORITY,False,NOT_REQUIRED,,,2004-11-16,2026-08-21,False,False,
HAS,EQUITY,CURRENT_TICKER_WINDOW_NO_IDENTITY_ANOMALY_DETECTED,CERTIFIED_CURRENT_TICKER_WINDOW,2003-09-10,1972-06-01,0,,UPSTREAM_CURRENT_TICKER_WARMUP_AUTHORITY,False,NOT_REQUIRED,,,2004-11-16,2026-08-21,False,False,
HBAN,EQUITY,CURRENT_TICKER_WINDOW_NO_IDENTITY_ANOMALY_DETECTED,CERTIFIED_CURRENT_TICKER_WINDOW,2003-09-10,1973-01-02,0,,UPSTREAM_CURRENT_TICKER_WARMUP_AUTHORITY,False,NOT_REQUIRED,,,2004-11-16,2026-08-21,False,False,
HCA,EQUITY,PRELISTING_TICKER_HISTORY_REQUIRE_REANCHOR,CERTIFIED_CURRENT_TICKER_WINDOW,2003-09-10,2011-03-10,0,2011-03-10,PRELISTING_TICKER_HISTORY_CONTAMINATION_BOUNDARY,True,OK,2011-03-10,3886,2012-05-16,2026-08-21,False,False,
HD,EQUITY,CURRENT_TICKER_WINDOW_NO_IDENTITY_ANOMALY_DETECTED,CERTIFIED_CURRENT_TICKER_WINDOW,2003-09-10,1981-09-22,0,,UPSTREAM_CURRENT_TICKER_WARMUP_AUTHORITY,False,NOT_REQUIRED,,,2004-11-16,2026-08-21,False,False,
HIG,EQUITY,CURRENT_TICKER_WINDOW_NO_IDENTITY_ANOMALY_DETECTED,CERTIFIED_CURRENT_TICKER_WINDOW,2003-09-10,1995-12-15,0,,UPSTREAM_CURRENT_TICKER_WARMUP_AUTHORITY,False,NOT_REQUIRED,,,2004-11-16,2026-08-21,False,False,
HII,EQUITY,CURRENT_TICKER_WINDOW_NO_IDENTITY_ANOMALY_DETECTED,CERTIFIED_CURRENT_TICKER_WINDOW,2011-03-31,2011-03-22,0,,UPSTREAM_CURRENT_TICKER_WARMUP_AUTHORITY,False,NOT_REQUIRED,,,2012-06-07,2026-08-21,False,False,
HLT,EQUITY,PRELISTING_TICKER_HISTORY_REQUIRE_REANCHOR,CERTIFIED_CURRENT_TICKER_WINDOW,2003-09-10,2013-12-12,0,2013-12-12,PRELISTING_TICKER_HISTORY_CONTAMINATION_BOUNDARY,True,OK,2013-12-12,3191,2015-02-23,2026-08-21,False,False,
HON,EQUITY,DECLARED_LINEAGE_REQUIRE_CURRENT_TICKER_REANCHOR,BLOCKED_INSUFFICIENT_POST_ANCHOR_WARMUP,2003-09-10,1929-09-19,1,2026-06-29,DECLARED_TICKER_CHANGE_CURRENT_SEGMENT_IDENTITY_BOUNDARY,True,OK,2026-06-29,39,,,False,False,PREDECESSOR_LINEAGE_JOIN_NOT_AUTHORIZED|INSUFFICIENT_POST_ANCHOR_WARMUP
HONA,EQUITY,CURRENT_TICKER_WINDOW_NO_IDENTITY_ANOMALY_DETECTED,BLOCKED_UPSTREAM_INSUFFICIENT_WARMUP,2026-06-29,2026-06-15,0,,UPSTREAM_CURRENT_TICKER_WARMUP_AUTHORITY,False,NOT_REQUIRED,,,,,False,False,UPSTREAM_INSUFFICIENT_WARMUP
HOOD,EQUITY,CURRENT_TICKER_WINDOW_NO_IDENTITY_ANOMALY_DETECTED,CERTIFIED_CURRENT_TICKER_WINDOW,2021-07-29,2021-07-29,0,,UPSTREAM_CURRENT_TICKER_WARMUP_AUTHORITY,False,NOT_REQUIRED,,,2022-10-05,2026-08-21,False,False,
HPE,EQUITY,CURRENT_TICKER_WINDOW_NO_IDENTITY_ANOMALY_DETECTED,CERTIFIED_CURRENT_TICKER_WINDOW,2015-11-02,2015-10-19,0,,UPSTREAM_CURRENT_TICKER_WARMUP_AUTHORITY,False,NOT_REQUIRED,,,2017-01-10,2026-08-21,False,False,
HPQ,EQUITY,CURRENT_TICKER_WINDOW_NO_IDENTITY_ANOMALY_DETECTED,CERTIFIED_CURRENT_TICKER_WINDOW,2003-09-10,1957-11-06,0,,UPSTREAM_CURRENT_TICKER_WARMUP_AUTHORITY,False,NOT_REQUIRED,,,2004-11-16,2026-08-21,False,False,
HRL,EQUITY,CURRENT_TICKER_WINDOW_NO_IDENTITY_ANOMALY_DETECTED,CERTIFIED_CURRENT_TICKER_WINDOW,2003-09-10,1972-06-01,0,,UPSTREAM_CURRENT_TICKER_WARMUP_AUTHORITY,False,NOT_REQUIRED,,,2004-11-16,2026-08-21,False,False,
HSIC,EQUITY,CURRENT_TICKER_WINDOW_NO_IDENTITY_ANOMALY_DETECTED,CERTIFIED_CURRENT_TICKER_WINDOW,2003-09-10,1995-11-03,0,,UPSTREAM_CURRENT_TICKER_WARMUP_AUTHORITY,False,NOT_REQUIRED,,,2004-11-16,2026-08-21,False,False,
HST,EQUITY,DECLARED_LINEAGE_REQUIRE_CURRENT_TICKER_REANCHOR,CERTIFIED_CURRENT_TICKER_WINDOW,2006-04-18,1983-04-06,1,2006-04-18,DECLARED_TICKER_CHANGE_CURRENT_SEGMENT_IDENTITY_BOUNDARY,True,OK,2006-04-18,5000,2007-06-26,2026-08-21,False,False,PREDECESSOR_LINEAGE_JOIN_NOT_AUTHORIZED
HSY,EQUITY,CURRENT_TICKER_WINDOW_NO_IDENTITY_ANOMALY_DETECTED,CERTIFIED_CURRENT_TICKER_WINDOW,2003-09-10,1947-09-19,0,,UPSTREAM_CURRENT_TICKER_WARMUP_AUTHORITY,False,NOT_REQUIRED,,,2004-11-16,2026-08-21,False,False,
HUBB,EQUITY,CURRENT_TICKER_WINDOW_NO_IDENTITY_ANOMALY_DETECTED,CERTIFIED_CURRENT_TICKER_WINDOW,2015-12-24,1972-06-01,0,,UPSTREAM_CURRENT_TICKER_WARMUP_AUTHORITY,False,NOT_REQUIRED,,,2017-03-06,2026-08-21,False,False,
HUM,EQUITY,CURRENT_TICKER_WINDOW_NO_IDENTITY_ANOMALY_DETECTED,CERTIFIED_CURRENT_TICKER_WINDOW,2003-09-10,1971-05-18,0,,UPSTREAM_CURRENT_TICKER_WARMUP_AUTHORITY,False,NOT_REQUIRED,,,2004-11-16,2026-08-21,False,False,
HWM,EQUITY,CURRENT_TICKER_WINDOW_NO_IDENTITY_ANOMALY_DETECTED,CERTIFIED_CURRENT_TICKER_WINDOW,2020-04-01,2016-10-18,0,,UPSTREAM_CURRENT_TICKER_WARMUP_AUTHORITY,False,NOT_REQUIRED,,,2021-06-09,2026-08-21,False,False,
HYG,ETF,PRELISTING_TICKER_HISTORY_REQUIRE_REANCHOR,CERTIFIED_CURRENT_TICKER_WINDOW,2004-02-04,2007-04-04,0,2007-04-04,PRELISTING_TICKER_HISTORY_CONTAMINATION_BOUNDARY,True,OK,2007-04-11,4873,2008-06-17,2026-08-21,False,False,
IAU,ETF,CURRENT_TICKER_WINDOW_NO_IDENTITY_ANOMALY_DETECTED,CERTIFIED_CURRENT_TICKER_WINDOW,2005-01-28,2005-01-21,0,,UPSTREAM_CURRENT_TICKER_WARMUP_AUTHORITY,False,NOT_REQUIRED,,,2006-04-06,2026-08-21,False,False,
IBB,ETF,CURRENT_TICKER_WINDOW_NO_IDENTITY_ANOMALY_DETECTED,CERTIFIED_CURRENT_TICKER_WINDOW,2003-09-10,2001-02-05,0,,UPSTREAM_CURRENT_TICKER_WARMUP_AUTHORITY,False,NOT_REQUIRED,,,2004-11-16,2026-08-21,False,False,
IBIT,ETF,PRELISTING_TICKER_HISTORY_REQUIRE_REANCHOR,CERTIFIED_CURRENT_TICKER_WINDOW,2022-09-08,2024-01-05,0,2024-01-05,PRELISTING_TICKER_HISTORY_CONTAMINATION_BOUNDARY,True,OK,2024-01-11,655,2025-03-24,2026-08-21,False,False,
IBKR,EQUITY,CURRENT_TICKER_WINDOW_NO_IDENTITY_ANOMALY_DETECTED,CERTIFIED_CURRENT_TICKER_WINDOW,2007-05-04,2007-05-04,0,,UPSTREAM_CURRENT_TICKER_WARMUP_AUTHORITY,False,NOT_REQUIRED,,,2008-07-11,2026-08-21,False,False,
IBM,EQUITY,CURRENT_TICKER_WINDOW_NO_IDENTITY_ANOMALY_DETECTED,CERTIFIED_CURRENT_TICKER_WINDOW,2003-09-10,1949-01-28,0,,UPSTREAM_CURRENT_TICKER_WARMUP_AUTHORITY,False,NOT_REQUIRED,,,2004-11-16,2026-08-21,False,False,
ICE,EQUITY,CURRENT_TICKER_WINDOW_NO_IDENTITY_ANOMALY_DETECTED,CERTIFIED_CURRENT_TICKER_WINDOW,2005-11-16,2005-11-16,0,,UPSTREAM_CURRENT_TICKER_WARMUP_AUTHORITY,False,NOT_REQUIRED,,,2007-01-29,2026-08-21,False,False,
ICLN,ETF,CURRENT_TICKER_WINDOW_NO_IDENTITY_ANOMALY_DETECTED,CERTIFIED_CURRENT_TICKER_WINDOW,2008-06-25,2008-06-24,0,,UPSTREAM_CURRENT_TICKER_WARMUP_AUTHORITY,False,NOT_REQUIRED,,,2009-09-01,2026-08-21,False,False,
IDXX,EQUITY,CURRENT_TICKER_WINDOW_NO_IDENTITY_ANOMALY_DETECTED,CERTIFIED_CURRENT_TICKER_WINDOW,2003-09-10,1991-06-21,0,,UPSTREAM_CURRENT_TICKER_WARMUP_AUTHORITY,False,NOT_REQUIRED,,,2004-11-16,2026-08-21,False,False,
IEF,ETF,CURRENT_TICKER_WINDOW_NO_IDENTITY_ANOMALY_DETECTED,CERTIFIED_CURRENT_TICKER_WINDOW,2003-09-10,2002-07-22,0,,UPSTREAM_CURRENT_TICKER_WARMUP_AUTHORITY,False,NOT_REQUIRED,,,2004-11-16,2026-08-21,False,False,
IEX,EQUITY,CURRENT_TICKER_WINDOW_NO_IDENTITY_ANOMALY_DETECTED,CERTIFIED_CURRENT_TICKER_WINDOW,2003-09-10,1989-04-01,0,,UPSTREAM_CURRENT_TICKER_WARMUP_AUTHORITY,False,NOT_REQUIRED,,,2004-11-16,2026-08-21,False,False,
IFF,EQUITY,CURRENT_TICKER_WINDOW_NO_IDENTITY_ANOMALY_DETECTED,CERTIFIED_CURRENT_TICKER_WINDOW,2003-09-10,1964-03-02,0,,UPSTREAM_CURRENT_TICKER_WARMUP_AUTHORITY,False,NOT_REQUIRED,,,2004-11-16,2026-08-21,False,False,
IGV,ETF,CURRENT_TICKER_WINDOW_NO_IDENTITY_ANOMALY_DETECTED,CERTIFIED_CURRENT_TICKER_WINDOW,2003-09-10,2001-07-10,0,,UPSTREAM_CURRENT_TICKER_WARMUP_AUTHORITY,False,NOT_REQUIRED,,,2004-11-16,2026-08-21,False,False,
IHI,ETF,PRELISTING_TICKER_HISTORY_REQUIRE_REANCHOR,CERTIFIED_CURRENT_TICKER_WINDOW,2003-09-10,2006-05-01,0,2006-05-01,PRELISTING_TICKER_HISTORY_CONTAMINATION_BOUNDARY,True,OK,2006-05-05,5000,2007-07-16,2026-08-21,False,False,
INCY,EQUITY,CURRENT_TICKER_WINDOW_NO_IDENTITY_ANOMALY_DETECTED,CERTIFIED_CURRENT_TICKER_WINDOW,2003-09-10,1993-11-03,0,,UPSTREAM_CURRENT_TICKER_WARMUP_AUTHORITY,False,NOT_REQUIRED,,,2004-11-16,2026-08-21,False,False,
INDA,ETF,CURRENT_TICKER_WINDOW_NO_IDENTITY_ANOMALY_DETECTED,CERTIFIED_CURRENT_TICKER_WINDOW,2012-02-03,2012-02-02,0,,UPSTREAM_CURRENT_TICKER_WARMUP_AUTHORITY,False,NOT_REQUIRED,,,2013-05-21,2026-08-21,False,False,
INTC,EQUITY,CURRENT_TICKER_WINDOW_NO_IDENTITY_ANOMALY_DETECTED,CERTIFIED_CURRENT_TICKER_WINDOW,2003-09-10,1971-10-13,0,,UPSTREAM_CURRENT_TICKER_WARMUP_AUTHORITY,False,NOT_REQUIRED,,,2004-11-16,2026-08-21,False,False,
INTU,EQUITY,CURRENT_TICKER_WINDOW_NO_IDENTITY_ANOMALY_DETECTED,CERTIFIED_CURRENT_TICKER_WINDOW,2003-09-10,1993-03-12,0,,UPSTREAM_CURRENT_TICKER_WARMUP_AUTHORITY,False,NOT_REQUIRED,,,2004-11-16,2026-08-21,False,False,
INVH,EQUITY,CURRENT_TICKER_WINDOW_NO_IDENTITY_ANOMALY_DETECTED,CERTIFIED_CURRENT_TICKER_WINDOW,2017-02-01,2017-02-01,0,,UPSTREAM_CURRENT_TICKER_WARMUP_AUTHORITY,False,NOT_REQUIRED,,,2018-04-11,2026-08-21,False,False,
IP,EQUITY,CURRENT_TICKER_WINDOW_NO_IDENTITY_ANOMALY_DETECTED,CERTIFIED_CURRENT_TICKER_WINDOW,2003-09-10,1949-12-21,0,,UPSTREAM_CURRENT_TICKER_WARMUP_AUTHORITY,False,NOT_REQUIRED,,,2004-11-16,2026-08-21,False,False,
IQV,EQUITY,CURRENT_TICKER_WINDOW_NO_IDENTITY_ANOMALY_DETECTED,CERTIFIED_CURRENT_TICKER_WINDOW,2017-11-15,2013-05-09,0,,UPSTREAM_CURRENT_TICKER_WARMUP_AUTHORITY,False,NOT_REQUIRED,,,2019-01-28,2026-08-21,False,False,
IR,EQUITY,PRELISTING_TICKER_HISTORY_REQUIRE_REANCHOR,CERTIFIED_CURRENT_TICKER_WINDOW,2003-09-10,2017-05-12,0,2017-05-12,PRELISTING_TICKER_HISTORY_CONTAMINATION_BOUNDARY,True,OK,2017-05-12,2332,2018-07-20,2026-08-21,False,False,
IRM,EQUITY,CURRENT_TICKER_WINDOW_NO_IDENTITY_ANOMALY_DETECTED,CERTIFIED_CURRENT_TICKER_WINDOW,2003-09-10,1996-02-01,0,,UPSTREAM_CURRENT_TICKER_WARMUP_AUTHORITY,False,NOT_REQUIRED,,,2004-11-16,2026-08-21,False,False,
ISRG,EQUITY,CURRENT_TICKER_WINDOW_NO_IDENTITY_ANOMALY_DETECTED,CERTIFIED_CURRENT_TICKER_WINDOW,2003-09-10,2000-06-13,0,,UPSTREAM_CURRENT_TICKER_WARMUP_AUTHORITY,False,NOT_REQUIRED,,,2004-11-16,2026-08-21,False,False,
IT,EQUITY,CURRENT_TICKER_WINDOW_NO_IDENTITY_ANOMALY_DETECTED,CERTIFIED_CURRENT_TICKER_WINDOW,2003-09-10,1993-10-29,0,,UPSTREAM_CURRENT_TICKER_WARMUP_AUTHORITY,False,NOT_REQUIRED,,,2004-11-16,2026-08-21,False,False,
ITB,ETF,CURRENT_TICKER_WINDOW_NO_IDENTITY_ANOMALY_DETECTED,CERTIFIED_CURRENT_TICKER_WINDOW,2006-05-05,2006-05-01,0,,UPSTREAM_CURRENT_TICKER_WARMUP_AUTHORITY,False,NOT_REQUIRED,,,2007-07-16,2026-08-21,False,False,
ITOT,ETF,DECLARED_LINEAGE_REQUIRE_CURRENT_TICKER_REANCHOR,CERTIFIED_CURRENT_TICKER_WINDOW,2012-10-17,2004-01-20,1,2012-10-18,DECLARED_TICKER_CHANGE_CURRENT_SEGMENT_IDENTITY_BOUNDARY,True,OK,2012-10-18,3479,2013-12-30,2026-08-21,False,False,PREDECESSOR_LINEAGE_JOIN_NOT_AUTHORIZED
ITW,EQUITY,CURRENT_TICKER_WINDOW_NO_IDENTITY_ANOMALY_DETECTED,CERTIFIED_CURRENT_TICKER_WINDOW,2003-09-10,1973-03-13,0,,UPSTREAM_CURRENT_TICKER_WARMUP_AUTHORITY,False,NOT_REQUIRED,,,2004-11-16,2026-08-21,False,False,
IVV,ETF,CURRENT_TICKER_WINDOW_NO_IDENTITY_ANOMALY_DETECTED,CERTIFIED_CURRENT_TICKER_WINDOW,2003-09-10,2000-05-15,0,,UPSTREAM_CURRENT_TICKER_WARMUP_AUTHORITY,False,NOT_REQUIRED,,,2004-11-16,2026-08-21,False,False,
IVZ,EQUITY,CURRENT_TICKER_WINDOW_NO_IDENTITY_ANOMALY_DETECTED,CERTIFIED_CURRENT_TICKER_WINDOW,2007-05-24,1994-03-01,0,,UPSTREAM_CURRENT_TICKER_WARMUP_AUTHORITY,False,NOT_REQUIRED,,,2008-07-31,2026-08-21,False,False,
IWD,ETF,CURRENT_TICKER_WINDOW_NO_IDENTITY_ANOMALY_DETECTED,CERTIFIED_CURRENT_TICKER_WINDOW,2003-09-10,2000-05-22,0,,UPSTREAM_CURRENT_TICKER_WARMUP_AUTHORITY,False,NOT_REQUIRED,,,2004-11-16,2026-08-21,False,False,
IWF,ETF,CURRENT_TICKER_WINDOW_NO_IDENTITY_ANOMALY_DETECTED,CERTIFIED_CURRENT_TICKER_WINDOW,2003-09-10,2000-05-22,0,,UPSTREAM_CURRENT_TICKER_WARMUP_AUTHORITY,False,NOT_REQUIRED,,,2004-11-16,2026-08-21,False,False,
IWM,ETF,CURRENT_TICKER_WINDOW_NO_IDENTITY_ANOMALY_DETECTED,CERTIFIED_CURRENT_TICKER_WINDOW,2003-09-10,2000-05-22,0,,UPSTREAM_CURRENT_TICKER_WARMUP_AUTHORITY,False,NOT_REQUIRED,,,2004-11-16,2026-08-21,False,False,
IYR,ETF,CURRENT_TICKER_WINDOW_NO_IDENTITY_ANOMALY_DETECTED,CERTIFIED_CURRENT_TICKER_WINDOW,2003-09-10,2000-06-12,0,,UPSTREAM_CURRENT_TICKER_WARMUP_AUTHORITY,False,NOT_REQUIRED,,,2004-11-16,2026-08-21,False,False,
J,EQUITY,CURRENT_TICKER_WINDOW_NO_IDENTITY_ANOMALY_DETECTED,CERTIFIED_CURRENT_TICKER_WINDOW,2019-12-10,1972-06-01,0,,UPSTREAM_CURRENT_TICKER_WARMUP_AUTHORITY,False,NOT_REQUIRED,,,2021-02-18,2026-08-21,False,False,
JBHT,EQUITY,CURRENT_TICKER_WINDOW_NO_IDENTITY_ANOMALY_DETECTED,CERTIFIED_CURRENT_TICKER_WINDOW,2003-09-10,1983-11-22,0,,UPSTREAM_CURRENT_TICKER_WARMUP_AUTHORITY,False,NOT_REQUIRED,,,2004-11-16,2026-08-21,False,False,
JBL,EQUITY,CURRENT_TICKER_WINDOW_NO_IDENTITY_ANOMALY_DETECTED,CERTIFIED_CURRENT_TICKER_WINDOW,2003-09-10,1993-04-29,0,,UPSTREAM_CURRENT_TICKER_WARMUP_AUTHORITY,False,NOT_REQUIRED,,,2004-11-16,2026-08-21,False,False,
JCI,EQUITY,CURRENT_TICKER_WINDOW_NO_IDENTITY_ANOMALY_DETECTED,CERTIFIED_CURRENT_TICKER_WINDOW,2003-09-10,1965-10-11,0,,UPSTREAM_CURRENT_TICKER_WARMUP_AUTHORITY,False,NOT_REQUIRED,,,2004-11-16,2026-08-21,False,False,
JEPI,ETF,CURRENT_TICKER_WINDOW_NO_IDENTITY_ANOMALY_DETECTED,CERTIFIED_CURRENT_TICKER_WINDOW,2020-05-21,2020-05-20,0,,UPSTREAM_CURRENT_TICKER_WARMUP_AUTHORITY,False,NOT_REQUIRED,,,2021-07-29,2026-08-21,False,False,
JEPQ,ETF,CURRENT_TICKER_WINDOW_NO_IDENTITY_ANOMALY_DETECTED,CERTIFIED_CURRENT_TICKER_WINDOW,2022-05-04,2022-05-03,0,,UPSTREAM_CURRENT_TICKER_WARMUP_AUTHORITY,False,NOT_REQUIRED,,,2023-07-14,2026-08-21,False,False,
JETS,ETF,CURRENT_TICKER_WINDOW_NO_IDENTITY_ANOMALY_DETECTED,CERTIFIED_CURRENT_TICKER_WINDOW,2015-04-30,2015-04-30,0,,UPSTREAM_CURRENT_TICKER_WARMUP_AUTHORITY,False,NOT_REQUIRED,,,2016-07-07,2026-08-21,False,False,
JKHY,EQUITY,CURRENT_TICKER_WINDOW_NO_IDENTITY_ANOMALY_DETECTED,CERTIFIED_CURRENT_TICKER_WINDOW,2003-09-10,1985-11-20,0,,UPSTREAM_CURRENT_TICKER_WARMUP_AUTHORITY,False,NOT_REQUIRED,,,2004-11-16,2026-08-21,False,False,
JNJ,EQUITY,CURRENT_TICKER_WINDOW_NO_IDENTITY_ANOMALY_DETECTED,CERTIFIED_CURRENT_TICKER_WINDOW,2003-09-10,1944-09-25,0,,UPSTREAM_CURRENT_TICKER_WARMUP_AUTHORITY,False,NOT_REQUIRED,,,2004-11-16,2026-08-21,False,False,
JPM,EQUITY,CURRENT_TICKER_WINDOW_NO_IDENTITY_ANOMALY_DETECTED,CERTIFIED_CURRENT_TICKER_WINDOW,2003-09-10,1969-03-05,0,,UPSTREAM_CURRENT_TICKER_WARMUP_AUTHORITY,False,NOT_REQUIRED,,,2004-11-16,2026-08-21,False,False,
KBE,ETF,CURRENT_TICKER_WINDOW_NO_IDENTITY_ANOMALY_DETECTED,CERTIFIED_CURRENT_TICKER_WINDOW,2005-11-15,2005-11-08,0,,UPSTREAM_CURRENT_TICKER_WARMUP_AUTHORITY,False,NOT_REQUIRED,,,2007-01-26,2026-08-21,False,False,
KDP,EQUITY,CURRENT_TICKER_WINDOW_NO_IDENTITY_ANOMALY_DETECTED,CERTIFIED_CURRENT_TICKER_WINDOW,2018-07-10,2008-05-07,0,,UPSTREAM_CURRENT_TICKER_WARMUP_AUTHORITY,False,NOT_REQUIRED,,,2019-09-17,2026-08-21,False,False,
KEY,EQUITY,CURRENT_TICKER_WINDOW_NO_IDENTITY_ANOMALY_DETECTED,CERTIFIED_CURRENT_TICKER_WINDOW,2003-09-10,1975-02-18,0,,UPSTREAM_CURRENT_TICKER_WARMUP_AUTHORITY,False,NOT_REQUIRED,,,2004-11-16,2026-08-21,False,False,
KEYS,EQUITY,PRELISTING_TICKER_HISTORY_REQUIRE_REANCHOR,CERTIFIED_CURRENT_TICKER_WINDOW,2003-09-10,2014-10-20,0,2014-10-20,PRELISTING_TICKER_HISTORY_CONTAMINATION_BOUNDARY,True,OK,2014-11-03,2967,2016-01-12,2026-08-21,False,False,
KHC,EQUITY,CURRENT_TICKER_WINDOW_NO_IDENTITY_ANOMALY_DETECTED,CERTIFIED_CURRENT_TICKER_WINDOW,2015-07-06,2015-07-06,0,,UPSTREAM_CURRENT_TICKER_WARMUP_AUTHORITY,False,NOT_REQUIRED,,,2016-09-09,2026-08-21,False,False,
KIM,EQUITY,CURRENT_TICKER_WINDOW_NO_IDENTITY_ANOMALY_DETECTED,CERTIFIED_CURRENT_TICKER_WINDOW,2003-09-10,1991-11-22,0,,UPSTREAM_CURRENT_TICKER_WARMUP_AUTHORITY,False,NOT_REQUIRED,,,2004-11-16,2026-08-21,False,False,
KKR,EQUITY,CURRENT_TICKER_WINDOW_NO_IDENTITY_ANOMALY_DETECTED,CERTIFIED_CURRENT_TICKER_WINDOW,2010-07-15,2010-07-15,0,,UPSTREAM_CURRENT_TICKER_WARMUP_AUTHORITY,False,NOT_REQUIRED,,,2011-09-20,2026-08-21,False,False,
KLAC,EQUITY,CURRENT_TICKER_WINDOW_NO_IDENTITY_ANOMALY_DETECTED,CERTIFIED_CURRENT_TICKER_WINDOW,2003-09-10,1980-10-08,0,,UPSTREAM_CURRENT_TICKER_WARMUP_AUTHORITY,False,NOT_REQUIRED,,,2004-11-16,2026-08-21,False,False,
KMB,EQUITY,CURRENT_TICKER_WINDOW_NO_IDENTITY_ANOMALY_DETECTED,CERTIFIED_CURRENT_TICKER_WINDOW,2003-09-10,1946-08-22,0,,UPSTREAM_CURRENT_TICKER_WARMUP_AUTHORITY,False,NOT_REQUIRED,,,2004-11-16,2026-08-21,False,False,
KMI,EQUITY,PRELISTING_TICKER_HISTORY_REQUIRE_REANCHOR,CERTIFIED_CURRENT_TICKER_WINDOW,2003-09-10,2011-02-11,0,2011-02-11,PRELISTING_TICKER_HISTORY_CONTAMINATION_BOUNDARY,True,OK,2011-02-11,3904,2012-04-20,2026-08-21,False,False,
KO,EQUITY,CURRENT_TICKER_WINDOW_NO_IDENTITY_ANOMALY_DETECTED,CERTIFIED_CURRENT_TICKER_WINDOW,2003-09-10,1924-09-26,0,,UPSTREAM_CURRENT_TICKER_WARMUP_AUTHORITY,False,NOT_REQUIRED,,,2004-11-16,2026-08-21,False,False,
KR,EQUITY,CURRENT_TICKER_WINDOW_NO_IDENTITY_ANOMALY_DETECTED,CERTIFIED_CURRENT_TICKER_WINDOW,2003-09-10,1951-01-12,0,,UPSTREAM_CURRENT_TICKER_WARMUP_AUTHORITY,False,NOT_REQUIRED,,,2004-11-16,2026-08-21,False,False,
KRE,ETF,CURRENT_TICKER_WINDOW_NO_IDENTITY_ANOMALY_DETECTED,CERTIFIED_CURRENT_TICKER_WINDOW,2006-06-22,2006-06-19,0,,UPSTREAM_CURRENT_TICKER_WARMUP_AUTHORITY,False,NOT_REQUIRED,,,2007-08-30,2026-08-21,False,False,
KVUE,EQUITY,CURRENT_TICKER_WINDOW_NO_IDENTITY_ANOMALY_DETECTED,CERTIFIED_CURRENT_TICKER_WINDOW,2023-05-04,2023-05-04,0,,UPSTREAM_CURRENT_TICKER_WARMUP_AUTHORITY,False,NOT_REQUIRED,,,2024-07-15,2026-08-21,False,False,
KWEB,ETF,CURRENT_TICKER_WINDOW_NO_IDENTITY_ANOMALY_DETECTED,CERTIFIED_CURRENT_TICKER_WINDOW,2013-08-01,2013-07-31,0,,UPSTREAM_CURRENT_TICKER_WARMUP_AUTHORITY,False,NOT_REQUIRED,,,2014-10-17,2026-08-21,False,False,
L,EQUITY,DECLARED_LINEAGE_REQUIRE_CURRENT_TICKER_REANCHOR,CERTIFIED_CURRENT_TICKER_WINDOW,2003-09-10,1972-06-01,1,2008-06-24,DECLARED_TICKER_CHANGE_CURRENT_SEGMENT_IDENTITY_BOUNDARY,True,OK,2008-06-24,4569,2009-08-31,2026-08-21,False,False,PREDECESSOR_LINEAGE_JOIN_NOT_AUTHORIZED
LDOS,EQUITY,CURRENT_TICKER_WINDOW_NO_IDENTITY_ANOMALY_DETECTED,CERTIFIED_CURRENT_TICKER_WINDOW,2013-09-30,2006-10-13,0,,UPSTREAM_CURRENT_TICKER_WARMUP_AUTHORITY,False,NOT_REQUIRED,,,2014-12-05,2026-08-21,False,False,
LEN,EQUITY,CURRENT_TICKER_WINDOW_NO_IDENTITY_ANOMALY_DETECTED,CERTIFIED_CURRENT_TICKER_WINDOW,2003-09-10,1972-07-27,0,,UPSTREAM_CURRENT_TICKER_WARMUP_AUTHORITY,False,NOT_REQUIRED,,,2004-11-16,2026-08-21,False,False,
LH,EQUITY,CURRENT_TICKER_WINDOW_NO_IDENTITY_ANOMALY_DETECTED,CERTIFIED_CURRENT_TICKER_WINDOW,2003-09-10,1988-07-07,0,,UPSTREAM_CURRENT_TICKER_WARMUP_AUTHORITY,False,NOT_REQUIRED,,,2004-11-16,2026-08-21,False,False,
LHX,EQUITY,CURRENT_TICKER_WINDOW_NO_IDENTITY_ANOMALY_DETECTED,CERTIFIED_CURRENT_TICKER_WINDOW,2019-07-01,1955-07-13,0,,UPSTREAM_CURRENT_TICKER_WARMUP_AUTHORITY,False,NOT_REQUIRED,,,2020-09-04,2026-08-21,False,False,
LII,EQUITY,CURRENT_TICKER_WINDOW_NO_IDENTITY_ANOMALY_DETECTED,CERTIFIED_CURRENT_TICKER_WINDOW,2003-09-10,1999-07-29,0,,UPSTREAM_CURRENT_TICKER_WARMUP_AUTHORITY,False,NOT_REQUIRED,,,2004-11-16,2026-08-21,False,False,
LIN,EQUITY,CURRENT_TICKER_WINDOW_NO_IDENTITY_ANOMALY_DETECTED,CERTIFIED_CURRENT_TICKER_WINDOW,2003-09-10,1992-06-01,0,,UPSTREAM_CURRENT_TICKER_WARMUP_AUTHORITY,False,NOT_REQUIRED,,,2004-11-16,2026-08-21,False,False,
LITE,EQUITY,PRELISTING_TICKER_HISTORY_REQUIRE_REANCHOR,CERTIFIED_CURRENT_TICKER_WINDOW,2003-09-10,2015-07-23,0,2015-07-23,PRELISTING_TICKER_HISTORY_CONTAMINATION_BOUNDARY,True,OK,2015-08-04,2779,2016-10-10,2026-08-21,False,False,
LLY,EQUITY,CURRENT_TICKER_WINDOW_NO_IDENTITY_ANOMALY_DETECTED,CERTIFIED_CURRENT_TICKER_WINDOW,2003-09-10,1970-07-09,0,,UPSTREAM_CURRENT_TICKER_WARMUP_AUTHORITY,False,NOT_REQUIRED,,,2004-11-16,2026-08-21,False,False,
LMT,EQUITY,CURRENT_TICKER_WINDOW_NO_IDENTITY_ANOMALY_DETECTED,CERTIFIED_CURRENT_TICKER_WINDOW,2003-09-10,1995-03-16,0,,UPSTREAM_CURRENT_TICKER_WARMUP_AUTHORITY,False,NOT_REQUIRED,,,2004-11-16,2026-08-21,False,False,
LNT,EQUITY,CURRENT_TICKER_WINDOW_NO_IDENTITY_ANOMALY_DETECTED,CERTIFIED_CURRENT_TICKER_WINDOW,2003-09-10,1972-06-30,0,,UPSTREAM_CURRENT_TICKER_WARMUP_AUTHORITY,False,NOT_REQUIRED,,,2004-11-16,2026-08-21,False,False,
LOW,EQUITY,CURRENT_TICKER_WINDOW_NO_IDENTITY_ANOMALY_DETECTED,CERTIFIED_CURRENT_TICKER_WINDOW,2003-09-10,1972-06-01,0,,UPSTREAM_CURRENT_TICKER_WARMUP_AUTHORITY,False,NOT_REQUIRED,,,2004-11-16,2026-08-21,False,False,
LQD,ETF,CURRENT_TICKER_WINDOW_NO_IDENTITY_ANOMALY_DETECTED,CERTIFIED_CURRENT_TICKER_WINDOW,2003-09-10,2002-07-22,0,,UPSTREAM_CURRENT_TICKER_WARMUP_AUTHORITY,False,NOT_REQUIRED,,,2004-11-16,2026-08-21,False,False,
LRCX,EQUITY,CURRENT_TICKER_WINDOW_NO_IDENTITY_ANOMALY_DETECTED,CERTIFIED_CURRENT_TICKER_WINDOW,2003-09-10,1984-05-04,0,,UPSTREAM_CURRENT_TICKER_WARMUP_AUTHORITY,False,NOT_REQUIRED,,,2004-11-16,2026-08-21,False,False,
LULU,EQUITY,DECLARED_LINEAGE_REQUIRE_CURRENT_TICKER_REANCHOR,CERTIFIED_CURRENT_TICKER_WINDOW,2007-07-30,2007-07-27,1,2007-07-30,DECLARED_TICKER_CHANGE_CURRENT_SEGMENT_IDENTITY_BOUNDARY,True,OK,2007-07-30,4797,2008-10-03,2026-08-21,False,False,PREDECESSOR_LINEAGE_JOIN_NOT_AUTHORIZED
LUV,EQUITY,CURRENT_TICKER_WINDOW_NO_IDENTITY_ANOMALY_DETECTED,CERTIFIED_CURRENT_TICKER_WINDOW,2003-09-10,1973-01-02,0,,UPSTREAM_CURRENT_TICKER_WARMUP_AUTHORITY,False,NOT_REQUIRED,,,2004-11-16,2026-08-21,False,False,
LVS,EQUITY,CURRENT_TICKER_WINDOW_NO_IDENTITY_ANOMALY_DETECTED,CERTIFIED_CURRENT_TICKER_WINDOW,2004-12-15,2004-12-15,0,,UPSTREAM_CURRENT_TICKER_WARMUP_AUTHORITY,False,NOT_REQUIRED,,,2006-02-23,2026-08-21,False,False,
LYB,EQUITY,CURRENT_TICKER_WINDOW_NO_IDENTITY_ANOMALY_DETECTED,CERTIFIED_CURRENT_TICKER_WINDOW,2010-10-14,2010-04-28,0,,UPSTREAM_CURRENT_TICKER_WARMUP_AUTHORITY,False,NOT_REQUIRED,,,2011-12-20,2026-08-21,False,False,
LYV,EQUITY,CURRENT_TICKER_WINDOW_NO_IDENTITY_ANOMALY_DETECTED,CERTIFIED_CURRENT_TICKER_WINDOW,2005-12-22,2005-12-14,0,,UPSTREAM_CURRENT_TICKER_WARMUP_AUTHORITY,False,NOT_REQUIRED,,,2007-03-06,2026-08-21,False,False,
MA,EQUITY,CURRENT_TICKER_WINDOW_NO_IDENTITY_ANOMALY_DETECTED,CERTIFIED_CURRENT_TICKER_WINDOW,2006-05-25,2006-05-25,0,,UPSTREAM_CURRENT_TICKER_WARMUP_AUTHORITY,False,NOT_REQUIRED,,,2007-08-03,2026-08-21,False,False,
MAA,EQUITY,CURRENT_TICKER_WINDOW_NO_IDENTITY_ANOMALY_DETECTED,CERTIFIED_CURRENT_TICKER_WINDOW,2003-09-10,1994-01-28,0,,UPSTREAM_CURRENT_TICKER_WARMUP_AUTHORITY,False,NOT_REQUIRED,,,2004-11-16,2026-08-21,False,False,
MAR,EQUITY,CURRENT_TICKER_WINDOW_NO_IDENTITY_ANOMALY_DETECTED,CERTIFIED_CURRENT_TICKER_WINDOW,2003-09-10,1998-03-30,0,,UPSTREAM_CURRENT_TICKER_WARMUP_AUTHORITY,False,NOT_REQUIRED,,,2004-11-16,2026-08-21,False,False,
MAS,EQUITY,CURRENT_TICKER_WINDOW_NO_IDENTITY_ANOMALY_DETECTED,CERTIFIED_CURRENT_TICKER_WINDOW,2003-09-10,1969-05-05,0,,UPSTREAM_CURRENT_TICKER_WARMUP_AUTHORITY,False,NOT_REQUIRED,,,2004-11-16,2026-08-21,False,False,
MCD,EQUITY,CURRENT_TICKER_WINDOW_NO_IDENTITY_ANOMALY_DETECTED,CERTIFIED_CURRENT_TICKER_WINDOW,2003-09-10,1966-07-05,0,,UPSTREAM_CURRENT_TICKER_WARMUP_AUTHORITY,False,NOT_REQUIRED,,,2004-11-16,2026-08-21,False,False,
MCHP,EQUITY,CURRENT_TICKER_WINDOW_NO_IDENTITY_ANOMALY_DETECTED,CERTIFIED_CURRENT_TICKER_WINDOW,2003-09-10,1993-03-26,0,,UPSTREAM_CURRENT_TICKER_WARMUP_AUTHORITY,False,NOT_REQUIRED,,,2004-11-16,2026-08-21,False,False,
MCK,EQUITY,CURRENT_TICKER_WINDOW_NO_IDENTITY_ANOMALY_DETECTED,CERTIFIED_CURRENT_TICKER_WINDOW,2003-09-10,1987-08-03,0,,UPSTREAM_CURRENT_TICKER_WARMUP_AUTHORITY,False,NOT_REQUIRED,,,2004-11-16,2026-08-21,False,False,
MCO,EQUITY,CURRENT_TICKER_WINDOW_NO_IDENTITY_ANOMALY_DETECTED,CERTIFIED_CURRENT_TICKER_WINDOW,2003-09-10,1984-11-05,0,,UPSTREAM_CURRENT_TICKER_WARMUP_AUTHORITY,False,NOT_REQUIRED,,,2004-11-16,2026-08-21,False,False,
MDLZ,EQUITY,DECLARED_LINEAGE_REQUIRE_CURRENT_TICKER_REANCHOR,CERTIFIED_CURRENT_TICKER_WINDOW,2012-10-02,2001-06-13,1,2012-10-02,DECLARED_TICKER_CHANGE_CURRENT_SEGMENT_IDENTITY_BOUNDARY,True,OK,2012-10-02,3491,2013-12-11,2026-08-21,False,False,PREDECESSOR_LINEAGE_JOIN_NOT_AUTHORIZED
MDT,EQUITY,CURRENT_TICKER_WINDOW_NO_IDENTITY_ANOMALY_DETECTED,CERTIFIED_CURRENT_TICKER_WINDOW,2003-09-10,1972-06-01,0,,UPSTREAM_CURRENT_TICKER_WARMUP_AUTHORITY,False,NOT_REQUIRED,,,2004-11-16,2026-08-21,False,False,
MELI,EQUITY,CURRENT_TICKER_WINDOW_NO_IDENTITY_ANOMALY_DETECTED,CERTIFIED_CURRENT_TICKER_WINDOW,2007-08-10,2007-08-10,0,,UPSTREAM_CURRENT_TICKER_WARMUP_AUTHORITY,False,NOT_REQUIRED,,,2008-10-16,2026-08-21,False,False,
MET,EQUITY,CURRENT_TICKER_WINDOW_NO_IDENTITY_ANOMALY_DETECTED,CERTIFIED_CURRENT_TICKER_WINDOW,2003-09-10,2000-04-05,0,,UPSTREAM_CURRENT_TICKER_WARMUP_AUTHORITY,False,NOT_REQUIRED,,,2004-11-16,2026-08-21,False,False,
META,EQUITY,DECLARED_LINEAGE_REQUIRE_CURRENT_TICKER_REANCHOR,CERTIFIED_CURRENT_TICKER_WINDOW,2021-06-30,2012-05-18,1,2022-06-09,DECLARED_TICKER_CHANGE_CURRENT_SEGMENT_IDENTITY_BOUNDARY,True,OK,2022-06-09,1054,2023-08-18,2026-08-21,False,False,PREDECESSOR_LINEAGE_JOIN_NOT_AUTHORIZED
MGM,EQUITY,DECLARED_LINEAGE_REQUIRE_CURRENT_TICKER_REANCHOR,CERTIFIED_CURRENT_TICKER_WINDOW,2003-09-10,1997-11-12,1,2005-05-02,DECLARED_TICKER_CHANGE_CURRENT_SEGMENT_IDENTITY_BOUNDARY,True,OK,2005-05-02,5000,2006-07-10,2026-08-21,False,False,PREDECESSOR_LINEAGE_JOIN_NOT_AUTHORIZED
MKC,EQUITY,CURRENT_TICKER_WINDOW_NO_IDENTITY_ANOMALY_DETECTED,CERTIFIED_CURRENT_TICKER_WINDOW,2003-09-10,1972-06-01,0,,UPSTREAM_CURRENT_TICKER_WARMUP_AUTHORITY,False,NOT_REQUIRED,,,2004-11-16,2026-08-21,False,False,
MLM,EQUITY,CURRENT_TICKER_WINDOW_NO_IDENTITY_ANOMALY_DETECTED,CERTIFIED_CURRENT_TICKER_WINDOW,2003-09-10,1994-02-16,0,,UPSTREAM_CURRENT_TICKER_WARMUP_AUTHORITY,False,NOT_REQUIRED,,,2004-11-16,2026-08-21,False,False,
MMM,EQUITY,CURRENT_TICKER_WINDOW_NO_IDENTITY_ANOMALY_DETECTED,CERTIFIED_CURRENT_TICKER_WINDOW,2003-09-10,1946-01-14,0,,UPSTREAM_CURRENT_TICKER_WARMUP_AUTHORITY,False,NOT_REQUIRED,,,2004-11-16,2026-08-21,False,False,
MNST,EQUITY,CURRENT_TICKER_WINDOW_NO_IDENTITY_ANOMALY_DETECTED,CERTIFIED_CURRENT_TICKER_WINDOW,2003-09-10,1985-12-06,0,,UPSTREAM_CURRENT_TICKER_WARMUP_AUTHORITY,False,NOT_REQUIRED,,,2004-11-16,2026-08-21,False,False,
MO,EQUITY,CURRENT_TICKER_WINDOW_NO_IDENTITY_ANOMALY_DETECTED,CERTIFIED_CURRENT_TICKER_WINDOW,2003-09-10,1972-06-01,0,,UPSTREAM_CURRENT_TICKER_WARMUP_AUTHORITY,False,NOT_REQUIRED,,,2004-11-16,2026-08-21,False,False,
MOS,EQUITY,CURRENT_TICKER_WINDOW_NO_IDENTITY_ANOMALY_DETECTED,CERTIFIED_CURRENT_TICKER_WINDOW,2004-10-25,1988-01-26,0,,UPSTREAM_CURRENT_TICKER_WARMUP_AUTHORITY,False,NOT_REQUIRED,,,2005-12-30,2026-08-21,False,False,
MPC,EQUITY,PRELISTING_TICKER_HISTORY_REQUIRE_REANCHOR,CERTIFIED_CURRENT_TICKER_WINDOW,2003-09-17,2011-06-23,0,2011-06-23,PRELISTING_TICKER_HISTORY_CONTAMINATION_BOUNDARY,True,OK,2011-07-01,3807,2012-09-07,2026-08-21,False,False,
MPWR,EQUITY,DECLARED_LINEAGE_REQUIRE_CURRENT_TICKER_REANCHOR,CERTIFIED_CURRENT_TICKER_WINDOW,2004-11-19,2004-11-19,1,2004-11-19,DECLARED_TICKER_CHANGE_CURRENT_SEGMENT_IDENTITY_BOUNDARY,True,OK,2004-11-19,5000,2006-06-08,2026-08-21,False,False,PREDECESSOR_LINEAGE_JOIN_NOT_AUTHORIZED
MRK,EQUITY,CURRENT_TICKER_WINDOW_NO_IDENTITY_ANOMALY_DETECTED,CERTIFIED_CURRENT_TICKER_WINDOW,2003-09-10,1949-04-20,0,,UPSTREAM_CURRENT_TICKER_WARMUP_AUTHORITY,False,NOT_REQUIRED,,,2004-11-16,2026-08-21,False,False,
MRNA,EQUITY,PRELISTING_TICKER_HISTORY_REQUIRE_REANCHOR,CERTIFIED_CURRENT_TICKER_WINDOW,2008-06-11,2018-12-07,0,2018-12-07,PRELISTING_TICKER_HISTORY_CONTAMINATION_BOUNDARY,True,OK,2018-12-07,1936,2020-02-18,2026-08-21,False,False,
MRSH,EQUITY,DECLARED_LINEAGE_REQUIRE_CURRENT_TICKER_REANCHOR,BLOCKED_INSUFFICIENT_POST_ANCHOR_WARMUP,2026-01-14,1969-06-04,1,2026-01-14,DECLARED_TICKER_CHANGE_CURRENT_SEGMENT_IDENTITY_BOUNDARY,True,OK,2026-01-14,152,,,False,False,PREDECESSOR_LINEAGE_JOIN_NOT_AUTHORIZED|INSUFFICIENT_POST_ANCHOR_WARMUP
MRVL,EQUITY,CURRENT_TICKER_WINDOW_NO_IDENTITY_ANOMALY_DETECTED,CERTIFIED_CURRENT_TICKER_WINDOW,2003-09-10,2000-06-27,0,,UPSTREAM_CURRENT_TICKER_WARMUP_AUTHORITY,False,NOT_REQUIRED,,,2004-11-16,2026-08-21,False,False,
MS,EQUITY,DECLARED_LINEAGE_REQUIRE_CURRENT_TICKER_REANCHOR,CERTIFIED_CURRENT_TICKER_WINDOW,2003-09-10,1986-03-21,1,2006-01-17,DECLARED_TICKER_CHANGE_CURRENT_SEGMENT_IDENTITY_BOUNDARY,True,OK,2006-01-17,5000,2007-03-27,2026-08-21,False,False,PREDECESSOR_LINEAGE_JOIN_NOT_AUTHORIZED
MSCI,EQUITY,DECLARED_LINEAGE_REQUIRE_CURRENT_TICKER_REANCHOR,CERTIFIED_CURRENT_TICKER_WINDOW,2010-07-06,2007-11-15,1,2010-07-07,DECLARED_TICKER_CHANGE_CURRENT_SEGMENT_IDENTITY_BOUNDARY,True,OK,2010-07-07,4057,2011-09-12,2026-08-21,False,False,PREDECESSOR_LINEAGE_JOIN_NOT_AUTHORIZED
MSFT,EQUITY,CURRENT_TICKER_WINDOW_NO_IDENTITY_ANOMALY_DETECTED,CERTIFIED_CURRENT_TICKER_WINDOW,2003-09-10,1986-03-13,0,,UPSTREAM_CURRENT_TICKER_WARMUP_AUTHORITY,False,NOT_REQUIRED,,,2004-11-16,2026-08-21,False,False,
MSI,EQUITY,CURRENT_TICKER_WINDOW_NO_IDENTITY_ANOMALY_DETECTED,CERTIFIED_CURRENT_TICKER_WINDOW,2003-09-10,1972-06-01,0,,UPSTREAM_CURRENT_TICKER_WARMUP_AUTHORITY,False,NOT_REQUIRED,,,2004-11-16,2026-08-21,False,False,
MSTR,EQUITY,CURRENT_TICKER_WINDOW_NO_IDENTITY_ANOMALY_DETECTED,CERTIFIED_CURRENT_TICKER_WINDOW,2003-09-10,1998-06-11,0,,UPSTREAM_CURRENT_TICKER_WARMUP_AUTHORITY,False,NOT_REQUIRED,,,2004-11-16,2026-08-21,False,False,
MTB,EQUITY,CURRENT_TICKER_WINDOW_NO_IDENTITY_ANOMALY_DETECTED,CERTIFIED_CURRENT_TICKER_WINDOW,2003-09-10,1973-01-02,0,,UPSTREAM_CURRENT_TICKER_WARMUP_AUTHORITY,False,NOT_REQUIRED,,,2004-11-16,2026-08-21,False,False,
MTD,EQUITY,CURRENT_TICKER_WINDOW_NO_IDENTITY_ANOMALY_DETECTED,CERTIFIED_CURRENT_TICKER_WINDOW,2003-09-10,1997-11-14,0,,UPSTREAM_CURRENT_TICKER_WARMUP_AUTHORITY,False,NOT_REQUIRED,,,2004-11-16,2026-08-21,False,False,
MTUM,ETF,CURRENT_TICKER_WINDOW_NO_IDENTITY_ANOMALY_DETECTED,CERTIFIED_CURRENT_TICKER_WINDOW,2013-04-18,2013-04-16,0,,UPSTREAM_CURRENT_TICKER_WARMUP_AUTHORITY,False,NOT_REQUIRED,,,2014-06-27,2026-08-21,False,False,
MU,EQUITY,CURRENT_TICKER_WINDOW_NO_IDENTITY_ANOMALY_DETECTED,CERTIFIED_CURRENT_TICKER_WINDOW,2003-09-10,1984-06-01,0,,UPSTREAM_CURRENT_TICKER_WARMUP_AUTHORITY,False,NOT_REQUIRED,,,2004-11-16,2026-08-21,False,False,
NBIS,EQUITY,DECLARED_LINEAGE_REQUIRE_CURRENT_TICKER_REANCHOR,CERTIFIED_CURRENT_TICKER_WINDOW,2024-10-21,2011-05-24,1,2024-08-21,DECLARED_TICKER_CHANGE_CURRENT_SEGMENT_IDENTITY_BOUNDARY,True,OK,2024-10-21,460,2025-12-31,2026-08-21,False,False,PREDECESSOR_LINEAGE_JOIN_NOT_AUTHORIZED
NCLH,EQUITY,CURRENT_TICKER_WINDOW_NO_IDENTITY_ANOMALY_DETECTED,CERTIFIED_CURRENT_TICKER_WINDOW,2013-01-18,2013-01-18,0,,UPSTREAM_CURRENT_TICKER_WARMUP_AUTHORITY,False,NOT_REQUIRED,,,2014-03-28,2026-08-21,False,False,
NDAQ,EQUITY,CURRENT_TICKER_WINDOW_NO_IDENTITY_ANOMALY_DETECTED,CERTIFIED_CURRENT_TICKER_WINDOW,2005-02-10,2002-07-01,0,,UPSTREAM_CURRENT_TICKER_WARMUP_AUTHORITY,False,NOT_REQUIRED,,,2006-04-20,2026-08-21,False,False,
NDSN,EQUITY,CURRENT_TICKER_WINDOW_NO_IDENTITY_ANOMALY_DETECTED,CERTIFIED_CURRENT_TICKER_WINDOW,2003-09-10,1979-12-13,0,,UPSTREAM_CURRENT_TICKER_WARMUP_AUTHORITY,False,NOT_REQUIRED,,,2004-11-16,2026-08-21,False,False,
NEE,EQUITY,DECLARED_LINEAGE_REQUIRE_CURRENT_TICKER_REANCHOR,CERTIFIED_CURRENT_TICKER_WINDOW,2010-06-23,1972-06-30,1,2010-06-23,DECLARED_TICKER_CHANGE_CURRENT_SEGMENT_IDENTITY_BOUNDARY,True,OK,2010-06-23,4066,2011-08-29,2026-08-21,False,False,PREDECESSOR_LINEAGE_JOIN_NOT_AUTHORIZED
NEM,EQUITY,CURRENT_TICKER_WINDOW_NO_IDENTITY_ANOMALY_DETECTED,CERTIFIED_CURRENT_TICKER_WINDOW,2003-09-10,1951-12-21,0,,UPSTREAM_CURRENT_TICKER_WARMUP_AUTHORITY,False,NOT_REQUIRED,,,2004-11-16,2026-08-21,False,False,
NFLX,EQUITY,CURRENT_TICKER_WINDOW_NO_IDENTITY_ANOMALY_DETECTED,CERTIFIED_CURRENT_TICKER_WINDOW,2003-09-10,2002-05-23,0,,UPSTREAM_CURRENT_TICKER_WARMUP_AUTHORITY,False,NOT_REQUIRED,,,2004-11-16,2026-08-21,False,False,
NI,EQUITY,CURRENT_TICKER_WINDOW_NO_IDENTITY_ANOMALY_DETECTED,CERTIFIED_CURRENT_TICKER_WINDOW,2003-09-10,1972-06-01,0,,UPSTREAM_CURRENT_TICKER_WARMUP_AUTHORITY,False,NOT_REQUIRED,,,2004-11-16,2026-08-21,False,False,
NKE,EQUITY,CURRENT_TICKER_WINDOW_NO_IDENTITY_ANOMALY_DETECTED,CERTIFIED_CURRENT_TICKER_WINDOW,2003-09-10,1980-12-02,0,,UPSTREAM_CURRENT_TICKER_WARMUP_AUTHORITY,False,NOT_REQUIRED,,,2004-11-16,2026-08-21,False,False,
NOC,EQUITY,CURRENT_TICKER_WINDOW_NO_IDENTITY_ANOMALY_DETECTED,CERTIFIED_CURRENT_TICKER_WINDOW,2003-09-10,1972-06-01,0,,UPSTREAM_CURRENT_TICKER_WARMUP_AUTHORITY,False,NOT_REQUIRED,,,2004-11-16,2026-08-21,False,False,
NOW,EQUITY,PRELISTING_TICKER_HISTORY_REQUIRE_REANCHOR,CERTIFIED_CURRENT_TICKER_WINDOW,2005-09-26,2012-06-29,0,2012-06-29,PRELISTING_TICKER_HISTORY_CONTAMINATION_BOUNDARY,True,OK,2012-06-29,3556,2013-09-10,2026-08-21,False,False,
NRG,EQUITY,CURRENT_TICKER_WINDOW_NO_IDENTITY_ANOMALY_DETECTED,CERTIFIED_CURRENT_TICKER_WINDOW,2004-03-25,1993-10-20,0,,UPSTREAM_CURRENT_TICKER_WARMUP_AUTHORITY,False,NOT_REQUIRED,,,2005-06-02,2026-08-21,False,False,
NSC,EQUITY,CURRENT_TICKER_WINDOW_NO_IDENTITY_ANOMALY_DETECTED,CERTIFIED_CURRENT_TICKER_WINDOW,2003-09-10,1982-06-02,0,,UPSTREAM_CURRENT_TICKER_WARMUP_AUTHORITY,False,NOT_REQUIRED,,,2004-11-16,2026-08-21,False,False,
NTAP,EQUITY,CURRENT_TICKER_WINDOW_NO_IDENTITY_ANOMALY_DETECTED,CERTIFIED_CURRENT_TICKER_WINDOW,2003-09-10,1995-11-21,0,,UPSTREAM_CURRENT_TICKER_WARMUP_AUTHORITY,False,NOT_REQUIRED,,,2004-11-16,2026-08-21,False,False,
NTRS,EQUITY,CURRENT_TICKER_WINDOW_NO_IDENTITY_ANOMALY_DETECTED,CERTIFIED_CURRENT_TICKER_WINDOW,2003-09-10,1975-02-18,0,,UPSTREAM_CURRENT_TICKER_WARMUP_AUTHORITY,False,NOT_REQUIRED,,,2004-11-16,2026-08-21,False,False,
NUE,EQUITY,CURRENT_TICKER_WINDOW_NO_IDENTITY_ANOMALY_DETECTED,CERTIFIED_CURRENT_TICKER_WINDOW,2003-09-10,1972-07-12,0,,UPSTREAM_CURRENT_TICKER_WARMUP_AUTHORITY,False,NOT_REQUIRED,,,2004-11-16,2026-08-21,False,False,
NVDA,EQUITY,CURRENT_TICKER_WINDOW_NO_IDENTITY_ANOMALY_DETECTED,CERTIFIED_CURRENT_TICKER_WINDOW,2003-09-10,1999-01-22,0,,UPSTREAM_CURRENT_TICKER_WARMUP_AUTHORITY,False,NOT_REQUIRED,,,2004-11-16,2026-08-21,False,False,
NVR,EQUITY,CURRENT_TICKER_WINDOW_NO_IDENTITY_ANOMALY_DETECTED,CERTIFIED_CURRENT_TICKER_WINDOW,2003-09-10,1986-06-17,0,,UPSTREAM_CURRENT_TICKER_WARMUP_AUTHORITY,False,NOT_REQUIRED,,,2004-11-16,2026-08-21,False,False,
NWS,EQUITY,LINEAGE_AND_PRELISTING_HISTORY_REQUIRE_CURRENT_TICKER_REANCHOR,CERTIFIED_CURRENT_TICKER_WINDOW,2003-09-10,2013-06-19,2,2013-07-02,DECLARED_TICKER_CHANGE_CURRENT_SEGMENT_IDENTITY_BOUNDARY,True,OK,2013-07-02,3305,2014-09-09,2026-08-21,False,False,PREDECESSOR_LINEAGE_JOIN_NOT_AUTHORIZED
NWSA,EQUITY,LINEAGE_AND_PRELISTING_HISTORY_REQUIRE_CURRENT_TICKER_REANCHOR,CERTIFIED_CURRENT_TICKER_WINDOW,2008-12-29,2013-06-19,1,2013-06-19,DECLARED_TICKER_CHANGE_CURRENT_SEGMENT_IDENTITY_BOUNDARY,True,OK,2013-06-19,3314,2014-08-26,2026-08-21,False,False,PREDECESSOR_LINEAGE_JOIN_NOT_AUTHORIZED
NXPI,EQUITY,CURRENT_TICKER_WINDOW_NO_IDENTITY_ANOMALY_DETECTED,CERTIFIED_CURRENT_TICKER_WINDOW,2010-08-06,2010-08-06,0,,UPSTREAM_CURRENT_TICKER_WARMUP_AUTHORITY,False,NOT_REQUIRED,,,2011-10-12,2026-08-21,False,False,
O,EQUITY,CURRENT_TICKER_WINDOW_NO_IDENTITY_ANOMALY_DETECTED,CERTIFIED_CURRENT_TICKER_WINDOW,2003-09-10,1994-10-18,0,,UPSTREAM_CURRENT_TICKER_WARMUP_AUTHORITY,False,NOT_REQUIRED,,,2004-11-16,2026-08-21,False,False,
ODFL,EQUITY,CURRENT_TICKER_WINDOW_NO_IDENTITY_ANOMALY_DETECTED,CERTIFIED_CURRENT_TICKER_WINDOW,2003-09-10,1991-10-24,0,,UPSTREAM_CURRENT_TICKER_WARMUP_AUTHORITY,False,NOT_REQUIRED,,,2004-11-16,2026-08-21,False,False,
OIH,ETF,PRELISTING_TICKER_HISTORY_REQUIRE_REANCHOR,CERTIFIED_CURRENT_TICKER_WINDOW,2003-09-10,2011-12-20,0,2011-12-20,PRELISTING_TICKER_HISTORY_CONTAMINATION_BOUNDARY,True,OK,2011-12-20,3688,2013-03-04,2026-08-21,False,False,
OKE,EQUITY,CURRENT_TICKER_WINDOW_NO_IDENTITY_ANOMALY_DETECTED,CERTIFIED_CURRENT_TICKER_WINDOW,2003-09-10,1954-05-24,0,,UPSTREAM_CURRENT_TICKER_WARMUP_AUTHORITY,False,NOT_REQUIRED,,,2004-11-16,2026-08-21,False,False,
OMC,EQUITY,CURRENT_TICKER_WINDOW_NO_IDENTITY_ANOMALY_DETECTED,CERTIFIED_CURRENT_TICKER_WINDOW,2003-09-10,1972-06-01,0,,UPSTREAM_CURRENT_TICKER_WARMUP_AUTHORITY,False,NOT_REQUIRED,,,2004-11-16,2026-08-21,False,False,
ON,EQUITY,DECLARED_LINEAGE_REQUIRE_CURRENT_TICKER_REANCHOR,CERTIFIED_CURRENT_TICKER_WINDOW,2015-04-06,2000-04-28,1,2015-04-07,DECLARED_TICKER_CHANGE_CURRENT_SEGMENT_IDENTITY_BOUNDARY,True,OK,2015-04-07,2862,2016-06-13,2026-08-21,False,False,PREDECESSOR_LINEAGE_JOIN_NOT_AUTHORIZED
ORCL,EQUITY,CURRENT_TICKER_WINDOW_NO_IDENTITY_ANOMALY_DETECTED,CERTIFIED_CURRENT_TICKER_WINDOW,2003-09-10,1986-03-12,0,,UPSTREAM_CURRENT_TICKER_WARMUP_AUTHORITY,False,NOT_REQUIRED,,,2004-11-16,2026-08-21,False,False,
ORLY,EQUITY,CURRENT_TICKER_WINDOW_NO_IDENTITY_ANOMALY_DETECTED,CERTIFIED_CURRENT_TICKER_WINDOW,2003-09-10,1993-04-22,0,,UPSTREAM_CURRENT_TICKER_WARMUP_AUTHORITY,False,NOT_REQUIRED,,,2004-11-16,2026-08-21,False,False,
OTIS,EQUITY,CURRENT_TICKER_WINDOW_NO_IDENTITY_ANOMALY_DETECTED,CERTIFIED_CURRENT_TICKER_WINDOW,2020-04-03,2020-03-18,0,,UPSTREAM_CURRENT_TICKER_WARMUP_AUTHORITY,False,NOT_REQUIRED,,,2021-06-11,2026-08-21,False,False,
OXY,EQUITY,CURRENT_TICKER_WINDOW_NO_IDENTITY_ANOMALY_DETECTED,CERTIFIED_CURRENT_TICKER_WINDOW,2003-09-10,1972-06-01,0,,UPSTREAM_CURRENT_TICKER_WARMUP_AUTHORITY,False,NOT_REQUIRED,,,2004-11-16,2026-08-21,False,False,
PANW,EQUITY,CURRENT_TICKER_WINDOW_NO_IDENTITY_ANOMALY_DETECTED,CERTIFIED_CURRENT_TICKER_WINDOW,2012-07-20,2012-07-20,0,,UPSTREAM_CURRENT_TICKER_WARMUP_AUTHORITY,False,NOT_REQUIRED,,,2013-09-30,2026-08-21,False,False,
PAYX,EQUITY,CURRENT_TICKER_WINDOW_NO_IDENTITY_ANOMALY_DETECTED,CERTIFIED_CURRENT_TICKER_WINDOW,2003-09-10,1983-08-26,0,,UPSTREAM_CURRENT_TICKER_WARMUP_AUTHORITY,False,NOT_REQUIRED,,,2004-11-16,2026-08-21,False,False,
PCAR,EQUITY,CURRENT_TICKER_WINDOW_NO_IDENTITY_ANOMALY_DETECTED,CERTIFIED_CURRENT_TICKER_WINDOW,2003-09-10,1972-06-01,0,,UPSTREAM_CURRENT_TICKER_WARMUP_AUTHORITY,False,NOT_REQUIRED,,,2004-11-16,2026-08-21,False,False,
PCG,EQUITY,CURRENT_TICKER_WINDOW_NO_IDENTITY_ANOMALY_DETECTED,CERTIFIED_CURRENT_TICKER_WINDOW,2003-09-10,1947-06-06,0,,UPSTREAM_CURRENT_TICKER_WARMUP_AUTHORITY,False,NOT_REQUIRED,,,2004-11-16,2026-08-21,False,False,
PDD,EQUITY,PRELISTING_TICKER_HISTORY_REQUIRE_REANCHOR,CERTIFIED_CURRENT_TICKER_WINDOW,2005-02-24,2018-07-26,0,2018-07-26,PRELISTING_TICKER_HISTORY_CONTAMINATION_BOUNDARY,True,OK,2018-07-26,2029,2019-10-03,2026-08-21,False,False,
PEG,EQUITY,CURRENT_TICKER_WINDOW_NO_IDENTITY_ANOMALY_DETECTED,CERTIFIED_CURRENT_TICKER_WINDOW,2003-09-10,1972-06-01,0,,UPSTREAM_CURRENT_TICKER_WARMUP_AUTHORITY,False,NOT_REQUIRED,,,2004-11-16,2026-08-21,False,False,
PEP,EQUITY,CURRENT_TICKER_WINDOW_NO_IDENTITY_ANOMALY_DETECTED,CERTIFIED_CURRENT_TICKER_WINDOW,2003-09-10,1919-12-18,0,,UPSTREAM_CURRENT_TICKER_WARMUP_AUTHORITY,False,NOT_REQUIRED,,,2004-11-16,2026-08-21,False,False,
PFE,EQUITY,CURRENT_TICKER_WINDOW_NO_IDENTITY_ANOMALY_DETECTED,CERTIFIED_CURRENT_TICKER_WINDOW,2003-09-10,1951-06-22,0,,UPSTREAM_CURRENT_TICKER_WARMUP_AUTHORITY,False,NOT_REQUIRED,,,2004-11-16,2026-08-21,False,False,
PFG,EQUITY,CURRENT_TICKER_WINDOW_NO_IDENTITY_ANOMALY_DETECTED,CERTIFIED_CURRENT_TICKER_WINDOW,2003-09-10,2001-10-23,0,,UPSTREAM_CURRENT_TICKER_WARMUP_AUTHORITY,False,NOT_REQUIRED,,,2004-11-16,2026-08-21,False,False,
PG,EQUITY,CURRENT_TICKER_WINDOW_NO_IDENTITY_ANOMALY_DETECTED,CERTIFIED_CURRENT_TICKER_WINDOW,2003-09-10,1950-03-22,0,,UPSTREAM_CURRENT_TICKER_WARMUP_AUTHORITY,False,NOT_REQUIRED,,,2004-11-16,2026-08-21,False,False,
PGR,EQUITY,CURRENT_TICKER_WINDOW_NO_IDENTITY_ANOMALY_DETECTED,CERTIFIED_CURRENT_TICKER_WINDOW,2003-09-10,1972-06-01,0,,UPSTREAM_CURRENT_TICKER_WARMUP_AUTHORITY,False,NOT_REQUIRED,,,2004-11-16,2026-08-21,False,False,
PH,EQUITY,CURRENT_TICKER_WINDOW_NO_IDENTITY_ANOMALY_DETECTED,CERTIFIED_CURRENT_TICKER_WINDOW,2003-09-10,1964-12-09,0,,UPSTREAM_CURRENT_TICKER_WARMUP_AUTHORITY,False,NOT_REQUIRED,,,2004-11-16,2026-08-21,False,False,
PHM,EQUITY,CURRENT_TICKER_WINDOW_NO_IDENTITY_ANOMALY_DETECTED,CERTIFIED_CURRENT_TICKER_WINDOW,2003-09-10,1972-06-01,0,,UPSTREAM_CURRENT_TICKER_WARMUP_AUTHORITY,False,NOT_REQUIRED,,,2004-11-16,2026-08-21,False,False,
PKG,EQUITY,CURRENT_TICKER_WINDOW_NO_IDENTITY_ANOMALY_DETECTED,CERTIFIED_CURRENT_TICKER_WINDOW,2003-09-10,2000-01-28,0,,UPSTREAM_CURRENT_TICKER_WARMUP_AUTHORITY,False,NOT_REQUIRED,,,2004-11-16,2026-08-21,False,False,
PLD,EQUITY,CURRENT_TICKER_WINDOW_NO_IDENTITY_ANOMALY_DETECTED,CERTIFIED_CURRENT_TICKER_WINDOW,2003-09-10,1997-11-21,0,,UPSTREAM_CURRENT_TICKER_WARMUP_AUTHORITY,False,NOT_REQUIRED,,,2004-11-16,2026-08-21,False,False,
PLTR,EQUITY,CURRENT_TICKER_WINDOW_NO_IDENTITY_ANOMALY_DETECTED,CERTIFIED_CURRENT_TICKER_WINDOW,2020-09-30,2020-09-30,0,,UPSTREAM_CURRENT_TICKER_WARMUP_AUTHORITY,False,NOT_REQUIRED,,,2021-12-07,2026-08-21,False,False,
PM,EQUITY,CURRENT_TICKER_WINDOW_NO_IDENTITY_ANOMALY_DETECTED,CERTIFIED_CURRENT_TICKER_WINDOW,2008-03-31,2008-03-31,0,,UPSTREAM_CURRENT_TICKER_WARMUP_AUTHORITY,False,NOT_REQUIRED,,,2009-06-05,2026-08-21,False,False,
PNC,EQUITY,CURRENT_TICKER_WINDOW_NO_IDENTITY_ANOMALY_DETECTED,CERTIFIED_CURRENT_TICKER_WINDOW,2003-09-10,1975-02-18,0,,UPSTREAM_CURRENT_TICKER_WARMUP_AUTHORITY,False,NOT_REQUIRED,,,2004-11-16,2026-08-21,False,False,
PNR,EQUITY,CURRENT_TICKER_WINDOW_NO_IDENTITY_ANOMALY_DETECTED,CERTIFIED_CURRENT_TICKER_WINDOW,2003-09-10,1973-01-02,0,,UPSTREAM_CURRENT_TICKER_WARMUP_AUTHORITY,False,NOT_REQUIRED,,,2004-11-16,2026-08-21,False,False,
PNW,EQUITY,CURRENT_TICKER_WINDOW_NO_IDENTITY_ANOMALY_DETECTED,CERTIFIED_CURRENT_TICKER_WINDOW,2003-09-10,1972-06-01,0,,UPSTREAM_CURRENT_TICKER_WARMUP_AUTHORITY,False,NOT_REQUIRED,,,2004-11-16,2026-08-21,False,False,
PODD,EQUITY,CURRENT_TICKER_WINDOW_NO_IDENTITY_ANOMALY_DETECTED,CERTIFIED_CURRENT_TICKER_WINDOW,2007-05-15,2007-05-15,0,,UPSTREAM_CURRENT_TICKER_WARMUP_AUTHORITY,False,NOT_REQUIRED,,,2008-07-22,2026-08-21,False,False,
PPG,EQUITY,CURRENT_TICKER_WINDOW_NO_IDENTITY_ANOMALY_DETECTED,CERTIFIED_CURRENT_TICKER_WINDOW,2003-09-10,1945-12-17,0,,UPSTREAM_CURRENT_TICKER_WARMUP_AUTHORITY,False,NOT_REQUIRED,,,2004-11-16,2026-08-21,False,False,
PPL,EQUITY,CURRENT_TICKER_WINDOW_NO_IDENTITY_ANOMALY_DETECTED,CERTIFIED_CURRENT_TICKER_WINDOW,2003-09-10,1948-09-17,0,,UPSTREAM_CURRENT_TICKER_WARMUP_AUTHORITY,False,NOT_REQUIRED,,,2004-11-16,2026-08-21,False,False,
PRU,EQUITY,CURRENT_TICKER_WINDOW_NO_IDENTITY_ANOMALY_DETECTED,CERTIFIED_CURRENT_TICKER_WINDOW,2003-09-10,2001-12-13,0,,UPSTREAM_CURRENT_TICKER_WARMUP_AUTHORITY,False,NOT_REQUIRED,,,2004-11-16,2026-08-21,False,False,
PSA,EQUITY,CURRENT_TICKER_WINDOW_NO_IDENTITY_ANOMALY_DETECTED,CERTIFIED_CURRENT_TICKER_WINDOW,2003-09-10,1980-11-18,0,,UPSTREAM_CURRENT_TICKER_WARMUP_AUTHORITY,False,NOT_REQUIRED,,,2004-11-16,2026-08-21,False,False,
PSKY,EQUITY,CURRENT_TICKER_WINDOW_NO_IDENTITY_ANOMALY_DETECTED,BLOCKED_UPSTREAM_INSUFFICIENT_WARMUP,2025-08-07,1937-08-02,0,,UPSTREAM_CURRENT_TICKER_WARMUP_AUTHORITY,False,NOT_REQUIRED,,,,,False,False,UPSTREAM_INSUFFICIENT_WARMUP
PSX,EQUITY,CURRENT_TICKER_WINDOW_NO_IDENTITY_ANOMALY_DETECTED,CERTIFIED_CURRENT_TICKER_WINDOW,2012-05-01,2012-04-12,0,,UPSTREAM_CURRENT_TICKER_WARMUP_AUTHORITY,False,NOT_REQUIRED,,,2013-07-11,2026-08-21,False,False,
PTC,EQUITY,DECLARED_LINEAGE_REQUIRE_CURRENT_TICKER_REANCHOR,CERTIFIED_CURRENT_TICKER_WINDOW,2003-09-10,1989-12-07,1,2013-12-04,DECLARED_TICKER_CHANGE_CURRENT_SEGMENT_IDENTITY_BOUNDARY,True,OK,2013-12-04,3197,2015-02-12,2026-08-21,False,False,PREDECESSOR_LINEAGE_JOIN_NOT_AUTHORIZED
PWR,EQUITY,CURRENT_TICKER_WINDOW_NO_IDENTITY_ANOMALY_DETECTED,CERTIFIED_CURRENT_TICKER_WINDOW,2003-09-10,1998-02-12,0,,UPSTREAM_CURRENT_TICKER_WARMUP_AUTHORITY,False,NOT_REQUIRED,,,2004-11-16,2026-08-21,False,False,
PYPL,EQUITY,CURRENT_TICKER_WINDOW_NO_IDENTITY_ANOMALY_DETECTED,CERTIFIED_CURRENT_TICKER_WINDOW,2015-07-20,2015-07-20,0,,UPSTREAM_CURRENT_TICKER_WARMUP_AUTHORITY,False,NOT_REQUIRED,,,2016-09-23,2026-08-21,False,False,
Q,EQUITY,PRELISTING_TICKER_HISTORY_REQUIRE_REANCHOR,BLOCKED_INSUFFICIENT_POST_ANCHOR_WARMUP,2003-09-10,2025-10-27,0,2025-10-27,PRELISTING_TICKER_HISTORY_CONTAMINATION_BOUNDARY,True,OK,2025-11-03,201,,,False,False,PRELISTING_TICKER_HISTORY_NOT_AUTHORIZED|INSUFFICIENT_POST_ANCHOR_WARMUP
QCOM,EQUITY,CURRENT_TICKER_WINDOW_NO_IDENTITY_ANOMALY_DETECTED,CERTIFIED_CURRENT_TICKER_WINDOW,2003-09-10,1991-12-13,0,,UPSTREAM_CURRENT_TICKER_WARMUP_AUTHORITY,False,NOT_REQUIRED,,,2004-11-16,2026-08-21,False,False,
QQQ,ETF,CURRENT_TICKER_WINDOW_NO_IDENTITY_ANOMALY_DETECTED,CERTIFIED_CURRENT_TICKER_WINDOW,2003-09-10,1999-03-10,0,,UPSTREAM_CURRENT_TICKER_WARMUP_AUTHORITY,False,NOT_REQUIRED,,,2004-11-16,2026-08-21,False,False,
QQQM,ETF,PRELISTING_TICKER_HISTORY_REQUIRE_REANCHOR,CERTIFIED_CURRENT_TICKER_WINDOW,2011-12-06,2020-10-13,0,2020-10-13,PRELISTING_TICKER_HISTORY_CONTAMINATION_BOUNDARY,True,OK,2020-10-13,1471,2021-12-20,2026-08-21,False,False,
QUAL,ETF,CURRENT_TICKER_WINDOW_NO_IDENTITY_ANOMALY_DETECTED,CERTIFIED_CURRENT_TICKER_WINDOW,2013-07-18,2013-07-16,0,,UPSTREAM_CURRENT_TICKER_WARMUP_AUTHORITY,False,NOT_REQUIRED,,,2014-09-25,2026-08-21,False,False,
RCL,EQUITY,CURRENT_TICKER_WINDOW_NO_IDENTITY_ANOMALY_DETECTED,CERTIFIED_CURRENT_TICKER_WINDOW,2003-09-10,1993-04-27,0,,UPSTREAM_CURRENT_TICKER_WARMUP_AUTHORITY,False,NOT_REQUIRED,,,2004-11-16,2026-08-21,False,False,
REG,EQUITY,CURRENT_TICKER_WINDOW_NO_IDENTITY_ANOMALY_DETECTED,CERTIFIED_CURRENT_TICKER_WINDOW,2003-09-10,1993-10-29,0,,UPSTREAM_CURRENT_TICKER_WARMUP_AUTHORITY,False,NOT_REQUIRED,,,2004-11-16,2026-08-21,False,False,
REGN,EQUITY,CURRENT_TICKER_WINDOW_NO_IDENTITY_ANOMALY_DETECTED,CERTIFIED_CURRENT_TICKER_WINDOW,2003-09-10,1991-04-02,0,,UPSTREAM_CURRENT_TICKER_WARMUP_AUTHORITY,False,NOT_REQUIRED,,,2004-11-16,2026-08-21,False,False,
RF,EQUITY,CURRENT_TICKER_WINDOW_NO_IDENTITY_ANOMALY_DETECTED,CERTIFIED_CURRENT_TICKER_WINDOW,2003-09-10,1981-11-01,0,,UPSTREAM_CURRENT_TICKER_WARMUP_AUTHORITY,False,NOT_REQUIRED,,,2004-11-16,2026-08-21,False,False,
RJF,EQUITY,CURRENT_TICKER_WINDOW_NO_IDENTITY_ANOMALY_DETECTED,CERTIFIED_CURRENT_TICKER_WINDOW,2003-09-10,1983-07-01,0,,UPSTREAM_CURRENT_TICKER_WARMUP_AUTHORITY,False,NOT_REQUIRED,,,2004-11-16,2026-08-21,False,False,
RKLB,EQUITY,CURRENT_TICKER_WINDOW_NO_IDENTITY_ANOMALY_DETECTED,CERTIFIED_CURRENT_TICKER_WINDOW,2021-08-25,2021-08-25,0,,UPSTREAM_CURRENT_TICKER_WARMUP_AUTHORITY,False,NOT_REQUIRED,,,2022-11-01,2026-08-21,False,False,
RL,EQUITY,CURRENT_TICKER_WINDOW_NO_IDENTITY_ANOMALY_DETECTED,CERTIFIED_CURRENT_TICKER_WINDOW,2003-09-10,1997-06-12,0,,UPSTREAM_CURRENT_TICKER_WARMUP_AUTHORITY,False,NOT_REQUIRED,,,2004-11-16,2026-08-21,False,False,
RMD,EQUITY,CURRENT_TICKER_WINDOW_NO_IDENTITY_ANOMALY_DETECTED,CERTIFIED_CURRENT_TICKER_WINDOW,2003-09-10,1995-06-02,0,,UPSTREAM_CURRENT_TICKER_WARMUP_AUTHORITY,False,NOT_REQUIRED,,,2004-11-16,2026-08-21,False,False,
ROK,EQUITY,CURRENT_TICKER_WINDOW_NO_IDENTITY_ANOMALY_DETECTED,CERTIFIED_CURRENT_TICKER_WINDOW,2003-09-10,1956-08-29,0,,UPSTREAM_CURRENT_TICKER_WARMUP_AUTHORITY,False,NOT_REQUIRED,,,2004-11-16,2026-08-21,False,False,
ROL,EQUITY,CURRENT_TICKER_WINDOW_NO_IDENTITY_ANOMALY_DETECTED,CERTIFIED_CURRENT_TICKER_WINDOW,2003-09-10,1968-08-12,0,,UPSTREAM_CURRENT_TICKER_WARMUP_AUTHORITY,False,NOT_REQUIRED,,,2004-11-16,2026-08-21,False,False,
ROP,EQUITY,CURRENT_TICKER_WINDOW_NO_IDENTITY_ANOMALY_DETECTED,CERTIFIED_CURRENT_TICKER_WINDOW,2003-09-10,1992-02-13,0,,UPSTREAM_CURRENT_TICKER_WARMUP_AUTHORITY,False,NOT_REQUIRED,,,2004-11-16,2026-08-21,False,False,
ROST,EQUITY,CURRENT_TICKER_WINDOW_NO_IDENTITY_ANOMALY_DETECTED,CERTIFIED_CURRENT_TICKER_WINDOW,2003-09-10,1985-08-08,0,,UPSTREAM_CURRENT_TICKER_WARMUP_AUTHORITY,False,NOT_REQUIRED,,,2004-11-16,2026-08-21,False,False,
RSG,EQUITY,CURRENT_TICKER_WINDOW_NO_IDENTITY_ANOMALY_DETECTED,CERTIFIED_CURRENT_TICKER_WINDOW,2003-09-10,1998-07-01,0,,UPSTREAM_CURRENT_TICKER_WARMUP_AUTHORITY,False,NOT_REQUIRED,,,2004-11-16,2026-08-21,False,False,
RSP,ETF,CURRENT_TICKER_WINDOW_NO_IDENTITY_ANOMALY_DETECTED,CERTIFIED_CURRENT_TICKER_WINDOW,2003-09-10,2003-04-24,0,,UPSTREAM_CURRENT_TICKER_WARMUP_AUTHORITY,False,NOT_REQUIRED,,,2004-11-16,2026-08-21,False,False,
RTX,EQUITY,CURRENT_TICKER_WINDOW_NO_IDENTITY_ANOMALY_DETECTED,CERTIFIED_CURRENT_TICKER_WINDOW,2007-08-08,1951-05-25,0,,UPSTREAM_CURRENT_TICKER_WARMUP_AUTHORITY,False,NOT_REQUIRED,,,2020-05-11,2026-08-21,False,False,
RVTY,EQUITY,DECLARED_LINEAGE_REQUIRE_CURRENT_TICKER_REANCHOR,CERTIFIED_CURRENT_TICKER_WINDOW,2023-05-16,1972-06-01,1,2023-05-16,DECLARED_TICKER_CHANGE_CURRENT_SEGMENT_IDENTITY_BOUNDARY,True,OK,2023-05-16,820,2024-07-25,2026-08-21,False,False,PREDECESSOR_LINEAGE_JOIN_NOT_AUTHORIZED
SBAC,EQUITY,CURRENT_TICKER_WINDOW_NO_IDENTITY_ANOMALY_DETECTED,CERTIFIED_CURRENT_TICKER_WINDOW,2003-09-10,1999-06-16,0,,UPSTREAM_CURRENT_TICKER_WARMUP_AUTHORITY,False,NOT_REQUIRED,,,2004-11-16,2026-08-21,False,False,
SBUX,EQUITY,CURRENT_TICKER_WINDOW_NO_IDENTITY_ANOMALY_DETECTED,CERTIFIED_CURRENT_TICKER_WINDOW,2003-09-10,1992-06-26,0,,UPSTREAM_CURRENT_TICKER_WARMUP_AUTHORITY,False,NOT_REQUIRED,,,2004-11-16,2026-08-21,False,False,
SCHB,ETF,CURRENT_TICKER_WINDOW_NO_IDENTITY_ANOMALY_DETECTED,CERTIFIED_CURRENT_TICKER_WINDOW,2009-11-03,2009-11-03,0,,UPSTREAM_CURRENT_TICKER_WARMUP_AUTHORITY,False,NOT_REQUIRED,,,2011-01-11,2026-08-21,False,False,
SCHD,ETF,CURRENT_TICKER_WINDOW_NO_IDENTITY_ANOMALY_DETECTED,CERTIFIED_CURRENT_TICKER_WINDOW,2011-10-20,2011-10-20,0,,UPSTREAM_CURRENT_TICKER_WARMUP_AUTHORITY,False,NOT_REQUIRED,,,2012-12-31,2026-08-21,False,False,
SCHW,EQUITY,DECLARED_LINEAGE_REQUIRE_CURRENT_TICKER_REANCHOR,CERTIFIED_CURRENT_TICKER_WINDOW,2005-12-20,1987-09-30,1,2005-12-23,DECLARED_TICKER_CHANGE_CURRENT_SEGMENT_IDENTITY_BOUNDARY,True,OK,2005-12-23,5000,2007-03-07,2026-08-21,False,False,PREDECESSOR_LINEAGE_JOIN_NOT_AUTHORIZED
SHOP,EQUITY,PRELISTING_TICKER_HISTORY_REQUIRE_REANCHOR,CERTIFIED_CURRENT_TICKER_WINDOW,2004-10-26,2015-05-21,0,2015-05-21,PRELISTING_TICKER_HISTORY_CONTAMINATION_BOUNDARY,True,OK,2015-05-21,2830,2016-07-28,2026-08-21,False,False,
SHW,EQUITY,CURRENT_TICKER_WINDOW_NO_IDENTITY_ANOMALY_DETECTED,CERTIFIED_CURRENT_TICKER_WINDOW,2003-09-10,1964-02-11,0,,UPSTREAM_CURRENT_TICKER_WARMUP_AUTHORITY,False,NOT_REQUIRED,,,2004-11-16,2026-08-21,False,False,
SHY,ETF,CURRENT_TICKER_WINDOW_NO_IDENTITY_ANOMALY_DETECTED,CERTIFIED_CURRENT_TICKER_WINDOW,2003-09-10,2002-07-22,0,,UPSTREAM_CURRENT_TICKER_WARMUP_AUTHORITY,False,NOT_REQUIRED,,,2004-11-16,2026-08-21,False,False,
SJM,EQUITY,CURRENT_TICKER_WINDOW_NO_IDENTITY_ANOMALY_DETECTED,CERTIFIED_CURRENT_TICKER_WINDOW,2003-09-10,1994-10-31,0,,UPSTREAM_CURRENT_TICKER_WARMUP_AUTHORITY,False,NOT_REQUIRED,,,2004-11-16,2026-08-21,False,False,
SKYY,ETF,CURRENT_TICKER_WINDOW_NO_IDENTITY_ANOMALY_DETECTED,CERTIFIED_CURRENT_TICKER_WINDOW,2011-07-06,2011-07-05,0,,UPSTREAM_CURRENT_TICKER_WARMUP_AUTHORITY,False,NOT_REQUIRED,,,2012-09-11,2026-08-21,False,False,
SLB,EQUITY,CURRENT_TICKER_WINDOW_NO_IDENTITY_ANOMALY_DETECTED,CERTIFIED_CURRENT_TICKER_WINDOW,2003-09-10,1962-02-02,0,,UPSTREAM_CURRENT_TICKER_WARMUP_AUTHORITY,False,NOT_REQUIRED,,,2004-11-16,2026-08-21,False,False,
SLV,ETF,CURRENT_TICKER_WINDOW_NO_IDENTITY_ANOMALY_DETECTED,CERTIFIED_CURRENT_TICKER_WINDOW,2006-04-28,2006-04-21,0,,UPSTREAM_CURRENT_TICKER_WARMUP_AUTHORITY,False,NOT_REQUIRED,,,2007-07-09,2026-08-21,False,False,
SMCI,EQUITY,CURRENT_TICKER_WINDOW_NO_IDENTITY_ANOMALY_DETECTED,CERTIFIED_CURRENT_TICKER_WINDOW,2007-03-29,2007-03-29,0,,UPSTREAM_CURRENT_TICKER_WARMUP_AUTHORITY,False,NOT_REQUIRED,,,2008-06-05,2026-08-21,False,False,
SMH,ETF,PRELISTING_TICKER_HISTORY_REQUIRE_REANCHOR,CERTIFIED_CURRENT_TICKER_WINDOW,2003-09-10,2011-12-20,0,2011-12-20,PRELISTING_TICKER_HISTORY_CONTAMINATION_BOUNDARY,True,OK,2011-12-20,3688,2013-03-04,2026-08-21,False,False,
SNA,EQUITY,CURRENT_TICKER_WINDOW_NO_IDENTITY_ANOMALY_DETECTED,CERTIFIED_CURRENT_TICKER_WINDOW,2003-09-10,1972-06-01,0,,UPSTREAM_CURRENT_TICKER_WARMUP_AUTHORITY,False,NOT_REQUIRED,,,2004-11-16,2026-08-21,False,False,
SNDK,EQUITY,PRELISTING_TICKER_HISTORY_REQUIRE_REANCHOR,CERTIFIED_CURRENT_TICKER_WINDOW,2003-09-10,2025-02-13,0,2025-02-13,PRELISTING_TICKER_HISTORY_CONTAMINATION_BOUNDARY,True,OK,2025-02-24,376,2026-05-04,2026-08-21,False,False,
SNPS,EQUITY,CURRENT_TICKER_WINDOW_NO_IDENTITY_ANOMALY_DETECTED,CERTIFIED_CURRENT_TICKER_WINDOW,2003-09-10,1992-03-03,0,,UPSTREAM_CURRENT_TICKER_WARMUP_AUTHORITY,False,NOT_REQUIRED,,,2004-11-16,2026-08-21,False,False,
SO,EQUITY,CURRENT_TICKER_WINDOW_NO_IDENTITY_ANOMALY_DETECTED,CERTIFIED_CURRENT_TICKER_WINDOW,2003-09-10,1949-10-04,0,,UPSTREAM_CURRENT_TICKER_WARMUP_AUTHORITY,False,NOT_REQUIRED,,,2004-11-16,2026-08-21,False,False,
SOLV,EQUITY,CURRENT_TICKER_WINDOW_NO_IDENTITY_ANOMALY_DETECTED,CERTIFIED_CURRENT_TICKER_WINDOW,2024-04-01,2024-03-26,0,,UPSTREAM_CURRENT_TICKER_WARMUP_AUTHORITY,False,NOT_REQUIRED,,,2025-06-10,2026-08-21,False,False,
SOXX,ETF,DECLARED_LINEAGE_REQUIRE_CURRENT_TICKER_REANCHOR,CERTIFIED_CURRENT_TICKER_WINDOW,2010-10-15,2001-07-10,1,2010-10-18,DECLARED_TICKER_CHANGE_CURRENT_SEGMENT_IDENTITY_BOUNDARY,True,OK,2010-10-18,3985,2011-12-22,2026-08-21,False,False,PREDECESSOR_LINEAGE_JOIN_NOT_AUTHORIZED
SPG,EQUITY,CURRENT_TICKER_WINDOW_NO_IDENTITY_ANOMALY_DETECTED,CERTIFIED_CURRENT_TICKER_WINDOW,2003-09-10,1993-12-14,0,,UPSTREAM_CURRENT_TICKER_WARMUP_AUTHORITY,False,NOT_REQUIRED,,,2004-11-16,2026-08-21,False,False,
SPGI,EQUITY,CURRENT_TICKER_WINDOW_NO_IDENTITY_ANOMALY_DETECTED,CERTIFIED_CURRENT_TICKER_WINDOW,2016-04-28,1929-02-14,0,,UPSTREAM_CURRENT_TICKER_WARMUP_AUTHORITY,False,NOT_REQUIRED,,,2017-07-06,2026-08-21,False,False,
SPXU,ETF,CURRENT_TICKER_WINDOW_NO_IDENTITY_ANOMALY_DETECTED,CERTIFIED_CURRENT_TICKER_WINDOW,2009-06-25,2009-06-23,0,,UPSTREAM_CURRENT_TICKER_WARMUP_AUTHORITY,False,NOT_REQUIRED,,,2010-09-01,2026-08-21,False,False,
SPY,ETF,CURRENT_TICKER_WINDOW_NO_IDENTITY_ANOMALY_DETECTED,CERTIFIED_CURRENT_TICKER_WINDOW,2003-09-10,1993-01-22,0,,UPSTREAM_CURRENT_TICKER_WARMUP_AUTHORITY,False,NOT_REQUIRED,,,2004-11-16,2026-08-21,False,False,
SQQQ,ETF,CURRENT_TICKER_WINDOW_NO_IDENTITY_ANOMALY_DETECTED,CERTIFIED_CURRENT_TICKER_WINDOW,2010-02-11,2010-02-09,0,,UPSTREAM_CURRENT_TICKER_WARMUP_AUTHORITY,False,NOT_REQUIRED,,,2011-04-19,2026-08-21,False,False,
SRE,EQUITY,CURRENT_TICKER_WINDOW_NO_IDENTITY_ANOMALY_DETECTED,CERTIFIED_CURRENT_TICKER_WINDOW,2003-09-10,1972-06-01,0,,UPSTREAM_CURRENT_TICKER_WARMUP_AUTHORITY,False,NOT_REQUIRED,,,2004-11-16,2026-08-21,False,False,
STE,EQUITY,CURRENT_TICKER_WINDOW_NO_IDENTITY_ANOMALY_DETECTED,CERTIFIED_CURRENT_TICKER_WINDOW,2003-09-10,1992-06-02,0,,UPSTREAM_CURRENT_TICKER_WARMUP_AUTHORITY,False,NOT_REQUIRED,,,2004-11-16,2026-08-21,False,False,
STLD,EQUITY,CURRENT_TICKER_WINDOW_NO_IDENTITY_ANOMALY_DETECTED,CERTIFIED_CURRENT_TICKER_WINDOW,2003-09-10,1996-11-22,0,,UPSTREAM_CURRENT_TICKER_WARMUP_AUTHORITY,False,NOT_REQUIRED,,,2004-11-16,2026-08-21,False,False,
STT,EQUITY,CURRENT_TICKER_WINDOW_NO_IDENTITY_ANOMALY_DETECTED,CERTIFIED_CURRENT_TICKER_WINDOW,2003-09-10,1975-02-18,0,,UPSTREAM_CURRENT_TICKER_WARMUP_AUTHORITY,False,NOT_REQUIRED,,,2004-11-16,2026-08-21,False,False,
STX,EQUITY,CURRENT_TICKER_WINDOW_NO_IDENTITY_ANOMALY_DETECTED,CERTIFIED_CURRENT_TICKER_WINDOW,2003-09-10,2002-12-11,0,,UPSTREAM_CURRENT_TICKER_WARMUP_AUTHORITY,False,NOT_REQUIRED,,,2004-11-16,2026-08-21,False,False,
STZ,EQUITY,CURRENT_TICKER_WINDOW_NO_IDENTITY_ANOMALY_DETECTED,CERTIFIED_CURRENT_TICKER_WINDOW,2003-09-10,1986-07-31,0,,UPSTREAM_CURRENT_TICKER_WARMUP_AUTHORITY,False,NOT_REQUIRED,,,2004-11-16,2026-08-21,False,False,
SW,EQUITY,CURRENT_TICKER_WINDOW_NO_IDENTITY_ANOMALY_DETECTED,CERTIFIED_CURRENT_TICKER_WINDOW,2024-07-08,2008-04-10,0,,UPSTREAM_CURRENT_TICKER_WARMUP_AUTHORITY,False,NOT_REQUIRED,,,2025-09-16,2026-08-21,False,False,
SWK,EQUITY,CURRENT_TICKER_WINDOW_NO_IDENTITY_ANOMALY_DETECTED,CERTIFIED_CURRENT_TICKER_WINDOW,2003-09-10,1966-06-15,0,,UPSTREAM_CURRENT_TICKER_WARMUP_AUTHORITY,False,NOT_REQUIRED,,,2004-11-16,2026-08-21,False,False,
SWKS,EQUITY,CURRENT_TICKER_WINDOW_NO_IDENTITY_ANOMALY_DETECTED,CERTIFIED_CURRENT_TICKER_WINDOW,2003-09-10,1972-06-01,0,,UPSTREAM_CURRENT_TICKER_WARMUP_AUTHORITY,False,NOT_REQUIRED,,,2004-11-16,2026-08-21,False,False,
SYF,EQUITY,CURRENT_TICKER_WINDOW_NO_IDENTITY_ANOMALY_DETECTED,CERTIFIED_CURRENT_TICKER_WINDOW,2014-07-31,2014-07-31,0,,UPSTREAM_CURRENT_TICKER_WARMUP_AUTHORITY,False,NOT_REQUIRED,,,2015-10-07,2026-08-21,False,False,
SYK,EQUITY,CURRENT_TICKER_WINDOW_NO_IDENTITY_ANOMALY_DETECTED,CERTIFIED_CURRENT_TICKER_WINDOW,2003-09-10,1979-05-02,0,,UPSTREAM_CURRENT_TICKER_WARMUP_AUTHORITY,False,NOT_REQUIRED,,,2004-11-16,2026-08-21,False,False,
SYY,EQUITY,CURRENT_TICKER_WINDOW_NO_IDENTITY_ANOMALY_DETECTED,CERTIFIED_CURRENT_TICKER_WINDOW,2003-09-10,1972-06-01,0,,UPSTREAM_CURRENT_TICKER_WARMUP_AUTHORITY,False,NOT_REQUIRED,,,2004-11-16,2026-08-21,False,False,
T,EQUITY,DECLARED_LINEAGE_REQUIRE_CURRENT_TICKER_REANCHOR,CERTIFIED_CURRENT_TICKER_WINDOW,2003-09-10,1946-11-01,1,2005-12-01,DECLARED_TICKER_CHANGE_CURRENT_SEGMENT_IDENTITY_BOUNDARY,True,OK,2005-12-01,5000,2007-02-12,2026-08-21,False,False,PREDECESSOR_LINEAGE_JOIN_NOT_AUTHORIZED
TAN,ETF,CURRENT_TICKER_WINDOW_NO_IDENTITY_ANOMALY_DETECTED,CERTIFIED_CURRENT_TICKER_WINDOW,2008-04-15,2008-04-15,0,,UPSTREAM_CURRENT_TICKER_WARMUP_AUTHORITY,False,NOT_REQUIRED,,,2009-06-22,2026-08-21,False,False,
TAP,EQUITY,CURRENT_TICKER_WINDOW_NO_IDENTITY_ANOMALY_DETECTED,CERTIFIED_CURRENT_TICKER_WINDOW,2005-02-09,1975-06-10,0,,UPSTREAM_CURRENT_TICKER_WARMUP_AUTHORITY,False,NOT_REQUIRED,,,2006-04-19,2026-08-21,False,False,
TDG,EQUITY,CURRENT_TICKER_WINDOW_NO_IDENTITY_ANOMALY_DETECTED,CERTIFIED_CURRENT_TICKER_WINDOW,2006-03-15,2006-03-15,0,,UPSTREAM_CURRENT_TICKER_WARMUP_AUTHORITY,False,NOT_REQUIRED,,,2007-05-23,2026-08-21,False,False,
TDY,EQUITY,CURRENT_TICKER_WINDOW_NO_IDENTITY_ANOMALY_DETECTED,CERTIFIED_CURRENT_TICKER_WINDOW,2003-09-10,1999-11-23,0,,UPSTREAM_CURRENT_TICKER_WARMUP_AUTHORITY,False,NOT_REQUIRED,,,2004-11-16,2026-08-21,False,False,
TECH,EQUITY,CURRENT_TICKER_WINDOW_NO_IDENTITY_ANOMALY_DETECTED,CERTIFIED_CURRENT_TICKER_WINDOW,2003-09-10,1989-05-08,0,,UPSTREAM_CURRENT_TICKER_WARMUP_AUTHORITY,False,NOT_REQUIRED,,,2004-11-16,2026-08-21,False,False,
TEL,EQUITY,CURRENT_TICKER_WINDOW_NO_IDENTITY_ANOMALY_DETECTED,CERTIFIED_CURRENT_TICKER_WINDOW,2007-07-02,2007-06-14,0,,UPSTREAM_CURRENT_TICKER_WARMUP_AUTHORITY,False,NOT_REQUIRED,,,2008-09-08,2026-08-21,False,False,
TER,EQUITY,CURRENT_TICKER_WINDOW_NO_IDENTITY_ANOMALY_DETECTED,CERTIFIED_CURRENT_TICKER_WINDOW,2003-09-10,1972-06-01,0,,UPSTREAM_CURRENT_TICKER_WARMUP_AUTHORITY,False,NOT_REQUIRED,,,2004-11-16,2026-08-21,False,False,
TFC,EQUITY,CURRENT_TICKER_WINDOW_NO_IDENTITY_ANOMALY_DETECTED,CERTIFIED_CURRENT_TICKER_WINDOW,2004-01-02,1973-01-02,0,,UPSTREAM_CURRENT_TICKER_WARMUP_AUTHORITY,False,NOT_REQUIRED,,,2005-03-11,2026-08-21,False,False,
TGT,EQUITY,CURRENT_TICKER_WINDOW_NO_IDENTITY_ANOMALY_DETECTED,CERTIFIED_CURRENT_TICKER_WINDOW,2003-09-10,1972-06-01,0,,UPSTREAM_CURRENT_TICKER_WARMUP_AUTHORITY,False,NOT_REQUIRED,,,2004-11-16,2026-08-21,False,False,
TIP,ETF,CURRENT_TICKER_WINDOW_NO_IDENTITY_ANOMALY_DETECTED,CERTIFIED_CURRENT_TICKER_WINDOW,2003-12-05,2003-12-04,0,,UPSTREAM_CURRENT_TICKER_WARMUP_AUTHORITY,False,NOT_REQUIRED,,,2005-02-14,2026-08-21,False,False,
TJX,EQUITY,CURRENT_TICKER_WINDOW_NO_IDENTITY_ANOMALY_DETECTED,CERTIFIED_CURRENT_TICKER_WINDOW,2003-09-10,1965-11-17,0,,UPSTREAM_CURRENT_TICKER_WARMUP_AUTHORITY,False,NOT_REQUIRED,,,2004-11-16,2026-08-21,False,False,
TKO,EQUITY,PRELISTING_TICKER_HISTORY_REQUIRE_REANCHOR,CERTIFIED_CURRENT_TICKER_WINDOW,2004-02-04,2023-09-12,0,2023-09-12,PRELISTING_TICKER_HISTORY_CONTAMINATION_BOUNDARY,True,OK,2023-09-12,739,2024-11-18,2026-08-21,False,False,
TLT,ETF,CURRENT_TICKER_WINDOW_NO_IDENTITY_ANOMALY_DETECTED,CERTIFIED_CURRENT_TICKER_WINDOW,2003-09-10,2002-07-22,0,,UPSTREAM_CURRENT_TICKER_WARMUP_AUTHORITY,False,NOT_REQUIRED,,,2004-11-16,2026-08-21,False,False,
TMO,EQUITY,CURRENT_TICKER_WINDOW_NO_IDENTITY_ANOMALY_DETECTED,CERTIFIED_CURRENT_TICKER_WINDOW,2003-09-10,1972-06-01,0,,UPSTREAM_CURRENT_TICKER_WARMUP_AUTHORITY,False,NOT_REQUIRED,,,2004-11-16,2026-08-21,False,False,
TMUS,EQUITY,CURRENT_TICKER_WINDOW_NO_IDENTITY_ANOMALY_DETECTED,CERTIFIED_CURRENT_TICKER_WINDOW,2013-05-01,2007-04-19,0,,UPSTREAM_CURRENT_TICKER_WARMUP_AUTHORITY,False,NOT_REQUIRED,,,2014-07-09,2026-08-21,False,False,
TPL,EQUITY,CURRENT_TICKER_WINDOW_NO_IDENTITY_ANOMALY_DETECTED,CERTIFIED_CURRENT_TICKER_WINDOW,2003-09-10,1972-06-01,0,,UPSTREAM_CURRENT_TICKER_WARMUP_AUTHORITY,False,NOT_REQUIRED,,,2004-11-18,2026-08-21,False,False,
TPR,EQUITY,CURRENT_TICKER_WINDOW_NO_IDENTITY_ANOMALY_DETECTED,CERTIFIED_CURRENT_TICKER_WINDOW,2003-09-10,2000-10-05,0,,UPSTREAM_CURRENT_TICKER_WARMUP_AUTHORITY,False,NOT_REQUIRED,,,2004-12-10,2026-08-21,False,False,
TQQQ,ETF,CURRENT_TICKER_WINDOW_NO_IDENTITY_ANOMALY_DETECTED,CERTIFIED_CURRENT_TICKER_WINDOW,2010-02-11,2010-02-09,0,,UPSTREAM_CURRENT_TICKER_WARMUP_AUTHORITY,False,NOT_REQUIRED,,,2011-04-19,2026-08-21,False,False,
TRGP,EQUITY,CURRENT_TICKER_WINDOW_NO_IDENTITY_ANOMALY_DETECTED,CERTIFIED_CURRENT_TICKER_WINDOW,2010-12-07,2010-12-07,0,,UPSTREAM_CURRENT_TICKER_WARMUP_AUTHORITY,False,NOT_REQUIRED,,,2012-02-14,2026-08-21,False,False,
TRI,EQUITY,CURRENT_TICKER_WINDOW_NO_IDENTITY_ANOMALY_DETECTED,CERTIFIED_CURRENT_TICKER_WINDOW,2003-09-10,1993-05-27,0,,UPSTREAM_CURRENT_TICKER_WARMUP_AUTHORITY,False,NOT_REQUIRED,,,2004-11-16,2026-08-21,False,False,
TRMB,EQUITY,CURRENT_TICKER_WINDOW_NO_IDENTITY_ANOMALY_DETECTED,CERTIFIED_CURRENT_TICKER_WINDOW,2003-09-10,1990-07-01,0,,UPSTREAM_CURRENT_TICKER_WARMUP_AUTHORITY,False,NOT_REQUIRED,,,2004-11-16,2026-08-21,False,False,
TROW,EQUITY,CURRENT_TICKER_WINDOW_NO_IDENTITY_ANOMALY_DETECTED,CERTIFIED_CURRENT_TICKER_WINDOW,2003-09-10,1986-04-09,0,,UPSTREAM_CURRENT_TICKER_WARMUP_AUTHORITY,False,NOT_REQUIRED,,,2004-11-16,2026-08-21,False,False,
TRV,EQUITY,CURRENT_TICKER_WINDOW_NO_IDENTITY_ANOMALY_DETECTED,CERTIFIED_CURRENT_TICKER_WINDOW,2007-02-27,1975-02-18,0,,UPSTREAM_CURRENT_TICKER_WARMUP_AUTHORITY,False,NOT_REQUIRED,,,2008-05-05,2026-08-21,False,False,
TSCO,EQUITY,CURRENT_TICKER_WINDOW_NO_IDENTITY_ANOMALY_DETECTED,CERTIFIED_CURRENT_TICKER_WINDOW,2003-09-10,1994-02-17,0,,UPSTREAM_CURRENT_TICKER_WARMUP_AUTHORITY,False,NOT_REQUIRED,,,2004-11-16,2026-08-21,False,False,
TSLA,EQUITY,CURRENT_TICKER_WINDOW_NO_IDENTITY_ANOMALY_DETECTED,CERTIFIED_CURRENT_TICKER_WINDOW,2010-06-29,2010-06-29,0,,UPSTREAM_CURRENT_TICKER_WARMUP_AUTHORITY,False,NOT_REQUIRED,,,2011-09-02,2026-08-21,False,False,
TSN,EQUITY,CURRENT_TICKER_WINDOW_NO_IDENTITY_ANOMALY_DETECTED,CERTIFIED_CURRENT_TICKER_WINDOW,2003-09-10,1972-06-01,0,,UPSTREAM_CURRENT_TICKER_WARMUP_AUTHORITY,False,NOT_REQUIRED,,,2004-11-16,2026-08-21,False,False,
TT,EQUITY,CURRENT_TICKER_WINDOW_NO_IDENTITY_ANOMALY_DETECTED,CERTIFIED_CURRENT_TICKER_WINDOW,2003-09-10,1948-06-09,0,,UPSTREAM_CURRENT_TICKER_WARMUP_AUTHORITY,False,NOT_REQUIRED,,,2004-11-19,2026-08-21,False,False,
TTD,EQUITY,CURRENT_TICKER_WINDOW_NO_IDENTITY_ANOMALY_DETECTED,CERTIFIED_CURRENT_TICKER_WINDOW,2016-09-21,2016-09-21,0,,UPSTREAM_CURRENT_TICKER_WARMUP_AUTHORITY,False,NOT_REQUIRED,,,2017-11-28,2026-08-21,False,False,
TTWO,EQUITY,CURRENT_TICKER_WINDOW_NO_IDENTITY_ANOMALY_DETECTED,CERTIFIED_CURRENT_TICKER_WINDOW,2003-09-10,1997-04-14,0,,UPSTREAM_CURRENT_TICKER_WARMUP_AUTHORITY,False,NOT_REQUIRED,,,2004-11-16,2026-08-21,False,False,
TXN,EQUITY,CURRENT_TICKER_WINDOW_NO_IDENTITY_ANOMALY_DETECTED,CERTIFIED_CURRENT_TICKER_WINDOW,2003-09-10,1953-10-01,0,,UPSTREAM_CURRENT_TICKER_WARMUP_AUTHORITY,False,NOT_REQUIRED,,,2004-11-16,2026-08-21,False,False,
TXT,EQUITY,CURRENT_TICKER_WINDOW_NO_IDENTITY_ANOMALY_DETECTED,CERTIFIED_CURRENT_TICKER_WINDOW,2003-09-10,1968-01-02,0,,UPSTREAM_CURRENT_TICKER_WARMUP_AUTHORITY,False,NOT_REQUIRED,,,2004-11-16,2026-08-21,False,False,
TYL,EQUITY,CURRENT_TICKER_WINDOW_NO_IDENTITY_ANOMALY_DETECTED,CERTIFIED_CURRENT_TICKER_WINDOW,2003-09-10,1969-03-24,0,,UPSTREAM_CURRENT_TICKER_WARMUP_AUTHORITY,False,NOT_REQUIRED,,,2004-11-16,2026-08-21,False,False,
UAL,EQUITY,CURRENT_TICKER_WINDOW_NO_IDENTITY_ANOMALY_DETECTED,CERTIFIED_CURRENT_TICKER_WINDOW,2010-10-01,1969-08-01,0,,UPSTREAM_CURRENT_TICKER_WARMUP_AUTHORITY,False,NOT_REQUIRED,,,2011-12-07,2026-08-21,False,False,
UBER,EQUITY,CURRENT_TICKER_WINDOW_NO_IDENTITY_ANOMALY_DETECTED,CERTIFIED_CURRENT_TICKER_WINDOW,2019-05-10,2019-05-10,0,,UPSTREAM_CURRENT_TICKER_WARMUP_AUTHORITY,False,NOT_REQUIRED,,,2020-07-17,2026-08-21,False,False,
UDR,EQUITY,CURRENT_TICKER_WINDOW_NO_IDENTITY_ANOMALY_DETECTED,CERTIFIED_CURRENT_TICKER_WINDOW,2003-09-10,1973-01-02,0,,UPSTREAM_CURRENT_TICKER_WARMUP_AUTHORITY,False,NOT_REQUIRED,,,2004-11-16,2026-08-21,False,False,
UHS,EQUITY,CURRENT_TICKER_WINDOW_NO_IDENTITY_ANOMALY_DETECTED,CERTIFIED_CURRENT_TICKER_WINDOW,2003-09-10,1981-07-09,0,,UPSTREAM_CURRENT_TICKER_WARMUP_AUTHORITY,False,NOT_REQUIRED,,,2004-11-16,2026-08-21,False,False,
ULTA,EQUITY,CURRENT_TICKER_WINDOW_NO_IDENTITY_ANOMALY_DETECTED,CERTIFIED_CURRENT_TICKER_WINDOW,2007-10-25,2007-10-25,0,,UPSTREAM_CURRENT_TICKER_WARMUP_AUTHORITY,False,NOT_REQUIRED,,,2009-01-02,2026-08-21,False,False,
UNG,ETF,CURRENT_TICKER_WINDOW_NO_IDENTITY_ANOMALY_DETECTED,CERTIFIED_CURRENT_TICKER_WINDOW,2007-04-18,2007-04-18,0,,UPSTREAM_CURRENT_TICKER_WARMUP_AUTHORITY,False,NOT_REQUIRED,,,2008-06-24,2026-08-21,False,False,
UNH,EQUITY,CURRENT_TICKER_WINDOW_NO_IDENTITY_ANOMALY_DETECTED,CERTIFIED_CURRENT_TICKER_WINDOW,2003-09-10,1984-10-17,0,,UPSTREAM_CURRENT_TICKER_WARMUP_AUTHORITY,False,NOT_REQUIRED,,,2004-11-16,2026-08-21,False,False,
UNP,EQUITY,CURRENT_TICKER_WINDOW_NO_IDENTITY_ANOMALY_DETECTED,CERTIFIED_CURRENT_TICKER_WINDOW,2003-09-10,1969-06-20,0,,UPSTREAM_CURRENT_TICKER_WARMUP_AUTHORITY,False,NOT_REQUIRED,,,2004-11-16,2026-08-21,False,False,
UPRO,ETF,CURRENT_TICKER_WINDOW_NO_IDENTITY_ANOMALY_DETECTED,CERTIFIED_CURRENT_TICKER_WINDOW,2009-06-25,2009-06-23,0,,UPSTREAM_CURRENT_TICKER_WARMUP_AUTHORITY,False,NOT_REQUIRED,,,2010-09-01,2026-08-21,False,False,
UPS,EQUITY,CURRENT_TICKER_WINDOW_NO_IDENTITY_ANOMALY_DETECTED,CERTIFIED_CURRENT_TICKER_WINDOW,2003-09-10,1999-11-10,0,,UPSTREAM_CURRENT_TICKER_WARMUP_AUTHORITY,False,NOT_REQUIRED,,,2004-11-16,2026-08-21,False,False,
URI,EQUITY,CURRENT_TICKER_WINDOW_NO_IDENTITY_ANOMALY_DETECTED,CERTIFIED_CURRENT_TICKER_WINDOW,2003-09-10,1997-12-18,0,,UPSTREAM_CURRENT_TICKER_WARMUP_AUTHORITY,False,NOT_REQUIRED,,,2004-11-16,2026-08-21,False,False,
USB,EQUITY,CURRENT_TICKER_WINDOW_NO_IDENTITY_ANOMALY_DETECTED,CERTIFIED_CURRENT_TICKER_WINDOW,2003-09-10,1973-01-02,0,,UPSTREAM_CURRENT_TICKER_WARMUP_AUTHORITY,False,NOT_REQUIRED,,,2004-11-16,2026-08-21,False,False,
USMV,ETF,CURRENT_TICKER_WINDOW_NO_IDENTITY_ANOMALY_DETECTED,CERTIFIED_CURRENT_TICKER_WINDOW,2011-10-20,2011-10-18,0,,UPSTREAM_CURRENT_TICKER_WARMUP_AUTHORITY,False,NOT_REQUIRED,,,2013-01-10,2026-08-21,False,False,
USO,ETF,CURRENT_TICKER_WINDOW_NO_IDENTITY_ANOMALY_DETECTED,CERTIFIED_CURRENT_TICKER_WINDOW,2006-04-10,2006-04-10,0,,UPSTREAM_CURRENT_TICKER_WARMUP_AUTHORITY,False,NOT_REQUIRED,,,2007-06-19,2026-08-21,False,False,
UVXY,ETF,CURRENT_TICKER_WINDOW_NO_IDENTITY_ANOMALY_DETECTED,CERTIFIED_CURRENT_TICKER_WINDOW,2011-10-04,2011-10-03,0,,UPSTREAM_CURRENT_TICKER_WARMUP_AUTHORITY,False,NOT_REQUIRED,,,2012-12-12,2026-08-21,False,False,
V,EQUITY,PRELISTING_TICKER_HISTORY_REQUIRE_REANCHOR,CERTIFIED_CURRENT_TICKER_WINDOW,2003-09-10,2008-03-19,0,2008-03-19,PRELISTING_TICKER_HISTORY_CONTAMINATION_BOUNDARY,True,OK,2008-03-19,4636,2009-05-27,2026-08-21,False,False,
VEA,ETF,PRELISTING_TICKER_HISTORY_REQUIRE_REANCHOR,CERTIFIED_CURRENT_TICKER_WINDOW,2003-09-10,2007-07-20,0,2007-07-20,PRELISTING_TICKER_HISTORY_CONTAMINATION_BOUNDARY,True,OK,2007-07-26,4799,2008-10-01,2026-08-21,False,False,
VEEV,EQUITY,CURRENT_TICKER_WINDOW_NO_IDENTITY_ANOMALY_DETECTED,CERTIFIED_CURRENT_TICKER_WINDOW,2013-10-16,2013-10-16,0,,UPSTREAM_CURRENT_TICKER_WARMUP_AUTHORITY,False,NOT_REQUIRED,,,2014-12-23,2026-08-21,False,False,
VICI,EQUITY,CURRENT_TICKER_WINDOW_NO_IDENTITY_ANOMALY_DETECTED,CERTIFIED_CURRENT_TICKER_WINDOW,2018-02-01,2017-10-17,0,,UPSTREAM_CURRENT_TICKER_WARMUP_AUTHORITY,False,NOT_REQUIRED,,,2019-04-11,2026-08-21,False,False,
VIG,ETF,PRELISTING_TICKER_HISTORY_REQUIRE_REANCHOR,CERTIFIED_CURRENT_TICKER_WINDOW,2003-09-10,2006-04-21,0,2006-04-21,PRELISTING_TICKER_HISTORY_CONTAMINATION_BOUNDARY,True,OK,2006-04-27,5000,2007-07-06,2026-08-21,False,False,
VIXY,ETF,CURRENT_TICKER_WINDOW_NO_IDENTITY_ANOMALY_DETECTED,CERTIFIED_CURRENT_TICKER_WINDOW,2011-01-04,2011-01-03,0,,UPSTREAM_CURRENT_TICKER_WARMUP_AUTHORITY,False,NOT_REQUIRED,,,2012-03-13,2026-08-21,False,False,
VLO,EQUITY,CURRENT_TICKER_WINDOW_NO_IDENTITY_ANOMALY_DETECTED,CERTIFIED_CURRENT_TICKER_WINDOW,2003-09-10,1997-08-01,0,,UPSTREAM_CURRENT_TICKER_WARMUP_AUTHORITY,False,NOT_REQUIRED,,,2004-11-16,2026-08-21,False,False,
VLTO,EQUITY,CURRENT_TICKER_WINDOW_NO_IDENTITY_ANOMALY_DETECTED,CERTIFIED_CURRENT_TICKER_WINDOW,2023-10-02,2023-09-27,0,,UPSTREAM_CURRENT_TICKER_WARMUP_AUTHORITY,False,NOT_REQUIRED,,,2024-12-09,2026-08-21,False,False,
VLUE,ETF,CURRENT_TICKER_WINDOW_NO_IDENTITY_ANOMALY_DETECTED,CERTIFIED_CURRENT_TICKER_WINDOW,2013-04-18,2013-04-16,0,,UPSTREAM_CURRENT_TICKER_WARMUP_AUTHORITY,False,NOT_REQUIRED,,,2014-10-14,2026-08-21,False,False,
VMC,EQUITY,CURRENT_TICKER_WINDOW_NO_IDENTITY_ANOMALY_DETECTED,CERTIFIED_CURRENT_TICKER_WINDOW,2003-09-10,1957-01-02,0,,UPSTREAM_CURRENT_TICKER_WARMUP_AUTHORITY,False,NOT_REQUIRED,,,2004-11-16,2026-08-21,False,False,
VNQ,ETF,CURRENT_TICKER_WINDOW_NO_IDENTITY_ANOMALY_DETECTED,CERTIFIED_CURRENT_TICKER_WINDOW,2004-09-29,2004-09-23,0,,UPSTREAM_CURRENT_TICKER_WARMUP_AUTHORITY,False,NOT_REQUIRED,,,2005-12-05,2026-08-21,False,False,
VOO,ETF,CURRENT_TICKER_WINDOW_NO_IDENTITY_ANOMALY_DETECTED,CERTIFIED_CURRENT_TICKER_WINDOW,2010-09-09,2010-09-07,0,,UPSTREAM_CURRENT_TICKER_WARMUP_AUTHORITY,False,NOT_REQUIRED,,,2011-11-14,2026-08-21,False,False,
VRSK,EQUITY,CURRENT_TICKER_WINDOW_NO_IDENTITY_ANOMALY_DETECTED,CERTIFIED_CURRENT_TICKER_WINDOW,2009-10-07,2009-10-07,0,,UPSTREAM_CURRENT_TICKER_WARMUP_AUTHORITY,False,NOT_REQUIRED,,,2010-12-14,2026-08-21,False,False,
VRSN,EQUITY,CURRENT_TICKER_WINDOW_NO_IDENTITY_ANOMALY_DETECTED,CERTIFIED_CURRENT_TICKER_WINDOW,2003-09-10,1998-01-30,0,,UPSTREAM_CURRENT_TICKER_WARMUP_AUTHORITY,False,NOT_REQUIRED,,,2004-11-16,2026-08-21,False,False,
VRT,EQUITY,CURRENT_TICKER_WINDOW_NO_IDENTITY_ANOMALY_DETECTED,CERTIFIED_CURRENT_TICKER_WINDOW,2020-02-10,2018-07-30,0,,UPSTREAM_CURRENT_TICKER_WARMUP_AUTHORITY,False,NOT_REQUIRED,,,2021-04-19,2026-08-21,False,False,
VRTX,EQUITY,CURRENT_TICKER_WINDOW_NO_IDENTITY_ANOMALY_DETECTED,CERTIFIED_CURRENT_TICKER_WINDOW,2003-09-10,1991-07-31,0,,UPSTREAM_CURRENT_TICKER_WARMUP_AUTHORITY,False,NOT_REQUIRED,,,2004-11-16,2026-08-21,False,False,
VST,EQUITY,CURRENT_TICKER_WINDOW_NO_IDENTITY_ANOMALY_DETECTED,CERTIFIED_CURRENT_TICKER_WINDOW,2017-05-10,2016-09-28,0,,UPSTREAM_CURRENT_TICKER_WARMUP_AUTHORITY,False,NOT_REQUIRED,,,2018-07-18,2026-08-21,False,False,
VTI,ETF,CURRENT_TICKER_WINDOW_NO_IDENTITY_ANOMALY_DETECTED,CERTIFIED_CURRENT_TICKER_WINDOW,2003-09-10,2001-05-24,0,,UPSTREAM_CURRENT_TICKER_WARMUP_AUTHORITY,False,NOT_REQUIRED,,,2004-11-16,2026-08-21,False,False,
VTR,EQUITY,CURRENT_TICKER_WINDOW_NO_IDENTITY_ANOMALY_DETECTED,CERTIFIED_CURRENT_TICKER_WINDOW,2003-09-10,1994-10-31,0,,UPSTREAM_CURRENT_TICKER_WARMUP_AUTHORITY,False,NOT_REQUIRED,,,2004-11-16,2026-08-21,False,False,
VTRS,EQUITY,CURRENT_TICKER_WINDOW_NO_IDENTITY_ANOMALY_DETECTED,CERTIFIED_CURRENT_TICKER_WINDOW,2020-11-17,1973-02-23,0,,UPSTREAM_CURRENT_TICKER_WARMUP_AUTHORITY,False,NOT_REQUIRED,,,2022-01-26,2026-08-21,False,False,
VTV,ETF,CURRENT_TICKER_WINDOW_NO_IDENTITY_ANOMALY_DETECTED,CERTIFIED_CURRENT_TICKER_WINDOW,2004-01-30,2004-01-26,0,,UPSTREAM_CURRENT_TICKER_WARMUP_AUTHORITY,False,NOT_REQUIRED,,,2005-04-08,2026-08-21,False,False,
VUG,ETF,CURRENT_TICKER_WINDOW_NO_IDENTITY_ANOMALY_DETECTED,CERTIFIED_CURRENT_TICKER_WINDOW,2004-01-30,2004-01-26,0,,UPSTREAM_CURRENT_TICKER_WARMUP_AUTHORITY,False,NOT_REQUIRED,,,2005-04-12,2026-08-21,False,False,
VWO,ETF,CURRENT_TICKER_WINDOW_NO_IDENTITY_ANOMALY_DETECTED,CERTIFIED_CURRENT_TICKER_WINDOW,2005-03-10,2005-03-04,0,,UPSTREAM_CURRENT_TICKER_WARMUP_AUTHORITY,False,NOT_REQUIRED,,,2006-05-17,2026-08-21,False,False,
VYM,ETF,PRELISTING_TICKER_HISTORY_REQUIRE_REANCHOR,CERTIFIED_CURRENT_TICKER_WINDOW,2003-09-11,2006-11-10,0,2006-11-10,PRELISTING_TICKER_HISTORY_CONTAMINATION_BOUNDARY,True,OK,2006-11-16,4970,2008-01-29,2026-08-21,False,False,
VZ,EQUITY,CURRENT_TICKER_WINDOW_NO_IDENTITY_ANOMALY_DETECTED,CERTIFIED_CURRENT_TICKER_WINDOW,2003-09-10,1983-11-21,0,,UPSTREAM_CURRENT_TICKER_WARMUP_AUTHORITY,False,NOT_REQUIRED,,,2004-11-16,2026-08-21,False,False,
WAB,EQUITY,CURRENT_TICKER_WINDOW_NO_IDENTITY_ANOMALY_DETECTED,CERTIFIED_CURRENT_TICKER_WINDOW,2003-09-10,1995-06-15,0,,UPSTREAM_CURRENT_TICKER_WARMUP_AUTHORITY,False,NOT_REQUIRED,,,2004-11-16,2026-08-21,False,False,
WAT,EQUITY,CURRENT_TICKER_WINDOW_NO_IDENTITY_ANOMALY_DETECTED,CERTIFIED_CURRENT_TICKER_WINDOW,2003-09-10,1995-11-17,0,,UPSTREAM_CURRENT_TICKER_WARMUP_AUTHORITY,False,NOT_REQUIRED,,,2004-11-16,2026-08-21,False,False,
WBD,EQUITY,LINEAGE_AND_PRELISTING_HISTORY_REQUIRE_CURRENT_TICKER_REANCHOR,CERTIFIED_CURRENT_TICKER_WINDOW,2003-09-10,2005-07-06,1,2022-04-11,DECLARED_TICKER_CHANGE_CURRENT_SEGMENT_IDENTITY_BOUNDARY,True,OK,2022-04-11,1095,2023-06-21,2026-08-21,False,False,PREDECESSOR_LINEAGE_JOIN_NOT_AUTHORIZED
WDAY,EQUITY,CURRENT_TICKER_WINDOW_NO_IDENTITY_ANOMALY_DETECTED,CERTIFIED_CURRENT_TICKER_WINDOW,2012-10-12,2012-10-12,0,,UPSTREAM_CURRENT_TICKER_WARMUP_AUTHORITY,False,NOT_REQUIRED,,,2013-12-23,2026-08-21,False,False,
WDC,EQUITY,CURRENT_TICKER_WINDOW_NO_IDENTITY_ANOMALY_DETECTED,CERTIFIED_CURRENT_TICKER_WINDOW,2003-09-10,1978-10-31,0,,UPSTREAM_CURRENT_TICKER_WARMUP_AUTHORITY,False,NOT_REQUIRED,,,2004-11-16,2026-08-21,False,False,
WEC,EQUITY,CURRENT_TICKER_WINDOW_NO_IDENTITY_ANOMALY_DETECTED,CERTIFIED_CURRENT_TICKER_WINDOW,2003-09-10,1972-06-01,0,,UPSTREAM_CURRENT_TICKER_WARMUP_AUTHORITY,False,NOT_REQUIRED,,,2004-11-16,2026-08-21,False,False,
WELL,EQUITY,DECLARED_LINEAGE_REQUIRE_CURRENT_TICKER_REANCHOR,CERTIFIED_CURRENT_TICKER_WINDOW,2018-02-28,1978-02-17,1,2018-02-28,DECLARED_TICKER_CHANGE_CURRENT_SEGMENT_IDENTITY_BOUNDARY,True,OK,2018-02-28,2132,2019-05-08,2026-08-21,False,False,PREDECESSOR_LINEAGE_JOIN_NOT_AUTHORIZED
WFC,EQUITY,CURRENT_TICKER_WINDOW_NO_IDENTITY_ANOMALY_DETECTED,CERTIFIED_CURRENT_TICKER_WINDOW,2003-09-10,1962-12-10,0,,UPSTREAM_CURRENT_TICKER_WARMUP_AUTHORITY,False,NOT_REQUIRED,,,2004-11-16,2026-08-21,False,False,
WM,EQUITY,DECLARED_LINEAGE_REQUIRE_CURRENT_TICKER_REANCHOR,CERTIFIED_CURRENT_TICKER_WINDOW,2003-09-10,1988-09-30,1,2009-08-06,DECLARED_TICKER_CHANGE_CURRENT_SEGMENT_IDENTITY_BOUNDARY,True,OK,2009-08-06,4287,2010-10-13,2026-08-21,False,False,PREDECESSOR_LINEAGE_JOIN_NOT_AUTHORIZED
WMB,EQUITY,CURRENT_TICKER_WINDOW_NO_IDENTITY_ANOMALY_DETECTED,CERTIFIED_CURRENT_TICKER_WINDOW,2003-09-10,1972-06-01,0,,UPSTREAM_CURRENT_TICKER_WARMUP_AUTHORITY,False,NOT_REQUIRED,,,2004-11-16,2026-08-21,False,False,
WMT,EQUITY,CURRENT_TICKER_WINDOW_NO_IDENTITY_ANOMALY_DETECTED,CERTIFIED_CURRENT_TICKER_WINDOW,2003-09-10,1970-10-01,0,,UPSTREAM_CURRENT_TICKER_WARMUP_AUTHORITY,False,NOT_REQUIRED,,,2004-11-16,2026-08-21,False,False,
WRB,EQUITY,DECLARED_LINEAGE_REQUIRE_CURRENT_TICKER_REANCHOR,CERTIFIED_CURRENT_TICKER_WINDOW,2008-04-15,1973-10-23,1,2008-04-15,DECLARED_TICKER_CHANGE_CURRENT_SEGMENT_IDENTITY_BOUNDARY,True,OK,2008-04-15,4618,2009-06-22,2026-08-21,False,False,PREDECESSOR_LINEAGE_JOIN_NOT_AUTHORIZED
WSM,EQUITY,CURRENT_TICKER_WINDOW_NO_IDENTITY_ANOMALY_DETECTED,CERTIFIED_CURRENT_TICKER_WINDOW,2003-09-10,1983-07-07,0,,UPSTREAM_CURRENT_TICKER_WARMUP_AUTHORITY,False,NOT_REQUIRED,,,2004-11-16,2026-08-21,False,False,
WST,EQUITY,CURRENT_TICKER_WINDOW_NO_IDENTITY_ANOMALY_DETECTED,CERTIFIED_CURRENT_TICKER_WINDOW,2003-09-10,1973-01-02,0,,UPSTREAM_CURRENT_TICKER_WARMUP_AUTHORITY,False,NOT_REQUIRED,,,2004-11-16,2026-08-21,False,False,
WTW,EQUITY,DECLARED_LINEAGE_REQUIRE_CURRENT_TICKER_REANCHOR,CERTIFIED_CURRENT_TICKER_WINDOW,2003-09-10,2001-06-12,1,2022-01-10,DECLARED_TICKER_CHANGE_CURRENT_SEGMENT_IDENTITY_BOUNDARY,True,OK,2022-01-10,1158,2023-03-21,2026-08-21,False,False,PREDECESSOR_LINEAGE_JOIN_NOT_AUTHORIZED
WY,EQUITY,CURRENT_TICKER_WINDOW_NO_IDENTITY_ANOMALY_DETECTED,CERTIFIED_CURRENT_TICKER_WINDOW,2003-09-10,1963-12-06,0,,UPSTREAM_CURRENT_TICKER_WARMUP_AUTHORITY,False,NOT_REQUIRED,,,2004-11-16,2026-08-21,False,False,
WYNN,EQUITY,CURRENT_TICKER_WINDOW_NO_IDENTITY_ANOMALY_DETECTED,CERTIFIED_CURRENT_TICKER_WINDOW,2003-09-10,2002-10-25,0,,UPSTREAM_CURRENT_TICKER_WARMUP_AUTHORITY,False,NOT_REQUIRED,,,2004-11-16,2026-08-21,False,False,
XBI,ETF,CURRENT_TICKER_WINDOW_NO_IDENTITY_ANOMALY_DETECTED,CERTIFIED_CURRENT_TICKER_WINDOW,2006-02-06,2006-01-31,0,,UPSTREAM_CURRENT_TICKER_WARMUP_AUTHORITY,False,NOT_REQUIRED,,,2007-04-17,2026-08-21,False,False,
XEL,EQUITY,CURRENT_TICKER_WINDOW_NO_IDENTITY_ANOMALY_DETECTED,CERTIFIED_CURRENT_TICKER_WINDOW,2003-09-10,1972-06-01,0,,UPSTREAM_CURRENT_TICKER_WARMUP_AUTHORITY,False,NOT_REQUIRED,,,2004-11-16,2026-08-21,False,False,
XHB,ETF,CURRENT_TICKER_WINDOW_NO_IDENTITY_ANOMALY_DETECTED,CERTIFIED_CURRENT_TICKER_WINDOW,2006-02-06,2006-01-31,0,,UPSTREAM_CURRENT_TICKER_WARMUP_AUTHORITY,False,NOT_REQUIRED,,,2007-04-17,2026-08-21,False,False,
XLB,ETF,CURRENT_TICKER_WINDOW_NO_IDENTITY_ANOMALY_DETECTED,CERTIFIED_CURRENT_TICKER_WINDOW,2003-09-10,1998-12-16,0,,UPSTREAM_CURRENT_TICKER_WARMUP_AUTHORITY,False,NOT_REQUIRED,,,2004-11-16,2026-08-21,False,False,
XLC,ETF,CURRENT_TICKER_WINDOW_NO_IDENTITY_ANOMALY_DETECTED,CERTIFIED_CURRENT_TICKER_WINDOW,2018-06-19,2018-06-18,0,,UPSTREAM_CURRENT_TICKER_WARMUP_AUTHORITY,False,NOT_REQUIRED,,,2019-08-27,2026-08-21,False,False,
XLE,ETF,CURRENT_TICKER_WINDOW_NO_IDENTITY_ANOMALY_DETECTED,CERTIFIED_CURRENT_TICKER_WINDOW,2003-09-10,1998-12-16,0,,UPSTREAM_CURRENT_TICKER_WARMUP_AUTHORITY,False,NOT_REQUIRED,,,2004-11-16,2026-08-21,False,False,
XLF,ETF,CURRENT_TICKER_WINDOW_NO_IDENTITY_ANOMALY_DETECTED,CERTIFIED_CURRENT_TICKER_WINDOW,2003-09-10,1998-12-16,0,,UPSTREAM_CURRENT_TICKER_WARMUP_AUTHORITY,False,NOT_REQUIRED,,,2004-11-16,2026-08-21,False,False,
XLI,ETF,CURRENT_TICKER_WINDOW_NO_IDENTITY_ANOMALY_DETECTED,CERTIFIED_CURRENT_TICKER_WINDOW,2003-09-10,1998-12-16,0,,UPSTREAM_CURRENT_TICKER_WARMUP_AUTHORITY,False,NOT_REQUIRED,,,2004-11-16,2026-08-21,False,False,
XLK,ETF,CURRENT_TICKER_WINDOW_NO_IDENTITY_ANOMALY_DETECTED,CERTIFIED_CURRENT_TICKER_WINDOW,2003-09-10,1998-12-16,0,,UPSTREAM_CURRENT_TICKER_WARMUP_AUTHORITY,False,NOT_REQUIRED,,,2004-11-16,2026-08-21,False,False,
XLP,ETF,CURRENT_TICKER_WINDOW_NO_IDENTITY_ANOMALY_DETECTED,CERTIFIED_CURRENT_TICKER_WINDOW,2003-09-10,1998-12-16,0,,UPSTREAM_CURRENT_TICKER_WARMUP_AUTHORITY,False,NOT_REQUIRED,,,2004-11-16,2026-08-21,False,False,
XLRE,ETF,CURRENT_TICKER_WINDOW_NO_IDENTITY_ANOMALY_DETECTED,CERTIFIED_CURRENT_TICKER_WINDOW,2015-10-08,2015-10-07,0,,UPSTREAM_CURRENT_TICKER_WARMUP_AUTHORITY,False,NOT_REQUIRED,,,2016-12-23,2026-08-21,False,False,
XLU,ETF,CURRENT_TICKER_WINDOW_NO_IDENTITY_ANOMALY_DETECTED,CERTIFIED_CURRENT_TICKER_WINDOW,2003-09-10,1998-12-16,0,,UPSTREAM_CURRENT_TICKER_WARMUP_AUTHORITY,False,NOT_REQUIRED,,,2004-11-16,2026-08-21,False,False,
XLV,ETF,CURRENT_TICKER_WINDOW_NO_IDENTITY_ANOMALY_DETECTED,CERTIFIED_CURRENT_TICKER_WINDOW,2003-09-10,1998-12-16,0,,UPSTREAM_CURRENT_TICKER_WARMUP_AUTHORITY,False,NOT_REQUIRED,,,2004-11-16,2026-08-21,False,False,
XLY,ETF,CURRENT_TICKER_WINDOW_NO_IDENTITY_ANOMALY_DETECTED,CERTIFIED_CURRENT_TICKER_WINDOW,2003-09-10,1998-12-16,0,,UPSTREAM_CURRENT_TICKER_WARMUP_AUTHORITY,False,NOT_REQUIRED,,,2004-11-16,2026-08-21,False,False,
XOM,EQUITY,CURRENT_TICKER_WINDOW_NO_IDENTITY_ANOMALY_DETECTED,CERTIFIED_CURRENT_TICKER_WINDOW,2003-09-10,1920-03-25,0,,UPSTREAM_CURRENT_TICKER_WARMUP_AUTHORITY,False,NOT_REQUIRED,,,2004-11-16,2026-08-21,False,False,
XOP,ETF,CURRENT_TICKER_WINDOW_NO_IDENTITY_ANOMALY_DETECTED,CERTIFIED_CURRENT_TICKER_WINDOW,2006-06-22,2006-06-19,0,,UPSTREAM_CURRENT_TICKER_WARMUP_AUTHORITY,False,NOT_REQUIRED,,,2007-08-31,2026-08-21,False,False,
XPH,ETF,CURRENT_TICKER_WINDOW_NO_IDENTITY_ANOMALY_DETECTED,CERTIFIED_CURRENT_TICKER_WINDOW,2006-06-22,2006-06-19,0,,UPSTREAM_CURRENT_TICKER_WARMUP_AUTHORITY,False,NOT_REQUIRED,,,2007-09-27,2026-08-21,False,False,
XRT,ETF,CURRENT_TICKER_WINDOW_NO_IDENTITY_ANOMALY_DETECTED,CERTIFIED_CURRENT_TICKER_WINDOW,2006-06-22,2006-06-19,0,,UPSTREAM_CURRENT_TICKER_WARMUP_AUTHORITY,False,NOT_REQUIRED,,,2007-09-04,2026-08-21,False,False,
XYL,EQUITY,CURRENT_TICKER_WINDOW_NO_IDENTITY_ANOMALY_DETECTED,CERTIFIED_CURRENT_TICKER_WINDOW,2011-11-01,2011-10-13,0,,UPSTREAM_CURRENT_TICKER_WARMUP_AUTHORITY,False,NOT_REQUIRED,,,2013-01-11,2026-08-21,False,False,
XYZ,EQUITY,LINEAGE_AND_PRELISTING_HISTORY_REQUIRE_CURRENT_TICKER_REANCHOR,CERTIFIED_CURRENT_TICKER_WINDOW,2010-03-18,2015-11-19,1,2025-01-21,DECLARED_TICKER_CHANGE_CURRENT_SEGMENT_IDENTITY_BOUNDARY,True,OK,2025-01-21,399,2026-03-31,2026-08-21,False,False,PREDECESSOR_LINEAGE_JOIN_NOT_AUTHORIZED
YUM,EQUITY,CURRENT_TICKER_WINDOW_NO_IDENTITY_ANOMALY_DETECTED,CERTIFIED_CURRENT_TICKER_WINDOW,2003-09-10,1997-09-17,0,,UPSTREAM_CURRENT_TICKER_WARMUP_AUTHORITY,False,NOT_REQUIRED,,,2004-11-16,2026-08-21,False,False,
ZBH,EQUITY,DECLARED_LINEAGE_REQUIRE_CURRENT_TICKER_REANCHOR,CERTIFIED_CURRENT_TICKER_WINDOW,2015-06-29,2001-08-07,1,2015-06-30,DECLARED_TICKER_CHANGE_CURRENT_SEGMENT_IDENTITY_BOUNDARY,True,OK,2015-06-30,2803,2016-09-06,2026-08-21,False,False,PREDECESSOR_LINEAGE_JOIN_NOT_AUTHORIZED
ZBRA,EQUITY,CURRENT_TICKER_WINDOW_NO_IDENTITY_ANOMALY_DETECTED,CERTIFIED_CURRENT_TICKER_WINDOW,2003-09-10,1991-08-15,0,,UPSTREAM_CURRENT_TICKER_WARMUP_AUTHORITY,False,NOT_REQUIRED,,,2004-11-16,2026-08-21,False,False,
ZTS,EQUITY,CURRENT_TICKER_WINDOW_NO_IDENTITY_ANOMALY_DETECTED,CERTIFIED_CURRENT_TICKER_WINDOW,2013-02-01,2013-02-01,0,,UPSTREAM_CURRENT_TICKER_WARMUP_AUTHORITY,False,NOT_REQUIRED,,,2014-04-10,2026-08-21,False,False,
SPCX,EQUITY,PRELISTING_TICKER_HISTORY_REQUIRE_REANCHOR,BLOCKED_INSUFFICIENT_POST_ANCHOR_WARMUP,2020-12-16,2026-06-12,0,2026-06-12,PRELISTING_TICKER_HISTORY_CONTAMINATION_BOUNDARY,True,OK,2026-06-12,49,,,False,False,PRELISTING_TICKER_HISTORY_NOT_AUTHORIZED|INSUFFICIENT_POST_ANCHOR_WARMUP
