symbol,asset_type,horizon_sessions,directional_evaluable_count,directional_hit_count,directional_accuracy,bullish_count,bullish_accuracy,bearish_count,bearish_accuracy,neutral_count,always_bullish_accuracy,previous_period_direction_accuracy,edge_vs_random_50_50,edge_vs_always_bullish,edge_vs_previous_period_direction,mean_directional_return,median_directional_return,payoff_ratio
A,EQUITY,5,930,473,0.5086021505376344,630,0.5253968253968254,300,0.47333333333333333,205,0.5277533039647577,0.4818744473916888,0.008602150537634357,-0.01915115342712337,0.02672770314594558,8.065697127344934e-05,0.0007706971207757096,0.9713798844178669
A,EQUITY,10,929,475,0.511302475780409,629,0.5548489666136724,300,0.42,205,0.5590828924162258,0.515929203539823,0.011302475780408994,-0.04778041663581678,-0.004626727759413973,0.0005036743472949779,0.0016113462816963464,0.978705836462749
A,EQUITY,20,927,479,0.5167206040992449,627,0.583732057416268,300,0.37666666666666665,205,0.5830388692579506,0.502210433244916,0.016720604099244918,-0.06631826515870565,0.01451017085432893,0.0006356620475528399,0.004008585822180555,0.9544419822832405
AAPL,EQUITY,5,925,515,0.5567567567567567,742,0.5835579514824798,183,0.44808743169398907,210,0.5797356828193833,0.5198237885462555,0.05675675675675673,-0.022978926062626526,0.03693296821050118,0.0032322489626966087,0.004897743067046267,0.9668354241349522
AAPL,EQUITY,10,925,528,0.5708108108108109,742,0.6091644204851752,183,0.41530054644808745,209,0.5987654320987654,0.5477031802120141,0.07081081081081086,-0.027954621287954562,0.023107630598796725,0.00799032748930973,0.01027183474263671,1.0462825725337517
AAPL,EQUITY,20,924,547,0.591991341991342,741,0.6369770580296896,183,0.4098360655737705,208,0.6289752650176679,0.5437665782493368,0.09199134199134196,-0.036983923026325916,0.04822476374200513,0.014786638095776662,0.017883436204433,1.039777122819414
ABBV,EQUITY,5,538,281,0.5223048327137546,375,0.568,163,0.4171779141104294,111,0.5439137134052389,0.5346687211093991,0.022304832713754608,-0.021608880691484256,-0.012363888395644507,-0.00164076752160756,0.001267335757473509,0.8093742651517983
ABBV,EQUITY,10,537,269,0.5009310986964618,374,0.5641711229946524,163,0.3558282208588957,111,0.5632716049382716,0.4899536321483771,0.0009310986964617962,-0.06234050624180976,0.01097746654808468,-0.002928755814362083,0.00024530847540771283,0.8595472776171221
ABBV,EQUITY,20,536,280,0.5223880597014925,373,0.5710455764075067,163,0.4110429447852761,110,0.5619195046439629,0.537984496124031,0.02238805970149249,-0.039531444942470406,-0.015596436422538495,-0.0027601261574086706,0.0032153337148011496,0.8308310185656027
ABNB,EQUITY,5,181,77,0.425414364640884,89,0.43820224719101125,92,0.41304347826086957,54,0.5404255319148936,0.49361702127659574,-0.074585635359116,-0.11501116727400962,-0.06820265663571173,-0.006782838365381642,-0.009430840502978155,0.9949171169600572
ABNB,EQUITY,10,180,73,0.40555555555555556,88,0.4318181818181818,92,0.3804347826086957,54,0.5341880341880342,0.4829059829059829,-0.09444444444444444,-0.12863247863247862,-0.07735042735042735,-0.013824359157337346,-0.016432106956558168,0.9478450680042259
ABNB,EQUITY,20,178,61,0.34269662921348315,86,0.3488372093023256,92,0.33695652173913043,54,0.5301724137931034,0.41379310344827586,-0.15730337078651685,-0.18747578457962027,-0.0710964742347927,-0.029583017304714382,-0.030560825611781917,0.9962937085232162
ABT,EQUITY,5,934,470,0.5032119914346895,611,0.5351882160392799,323,0.44272445820433437,201,0.5286343612334802,0.4969053934571176,0.0032119914346895317,-0.025422369798790645,0.006306597977571937,-0.00043825285895528974,0.00027754043620087376,0.9495264177148379
ABT,EQUITY,10,933,484,0.5187566988210075,610,0.5491803278688525,323,0.4613003095975232,201,0.5493827160493827,0.5212014134275619,0.0187566988210075,-0.030626017228375213,-0.0024447146065543768,-0.00047581658561463507,0.0016224986479178582,0.8997335831764758
ABT,EQUITY,20,931,468,0.5026852846401718,608,0.5460526315789473,323,0.42105263157894735,201,0.5706713780918727,0.48717948717948717,0.0026852846401718145,-0.06798609345170092,0.015505797460684645,-0.0027859351447627424,0.0008860759493669601,0.8707633744603829
ACGL,EQUITY,5,939,495,0.5271565495207667,769,0.552665799739922,170,0.4117647058823529,196,0.5691629955947136,0.48894783377542,0.027156549520766737,-0.04200644607394688,0.03820871574534673,0.0003246985783613888,0.0012276080084299146,0.9242788297608883
ACGL,EQUITY,10,938,493,0.5255863539445629,768,0.55859375,170,0.3764705882352941,196,0.5758377425044092,0.4876325088339223,0.02558635394456288,-0.050251388559846344,0.037953845110640594,0.0008318756157364876,0.0023021272481561494,0.95497155482408
ACGL,EQUITY,20,936,507,0.5416666666666666,766,0.5939947780678851,170,0.3058823529411765,196,0.6157243816254417,0.4920494699646643,0.04166666666666663,-0.07405771495877511,0.04961719670200232,0.00245479190841816,0.0028124175007789853,0.9510932759073557
ACN,EQUITY,5,922,475,0.5151843817787418,676,0.5473372781065089,246,0.4268292682926829,213,0.5506607929515418,0.4881057268722467,0.015184381778741818,-0.03547641117279998,0.027078654906495137,0.0001350958191712181,0.00175752713771693,0.9506249578827306
ACN,EQUITY,10,922,492,0.5336225596529284,676,0.5724852071005917,246,0.4268292682926829,212,0.572310405643739,0.517636684303351,0.033622559652928374,-0.038687845990810654,0.015985875349577405,0.0009751949271948375,0.003831573981909253,0.9214048522663139
ACN,EQUITY,20,922,498,0.5401301518438177,676,0.6005917159763313,246,0.37398373983739835,210,0.6060070671378092,0.4946902654867257,0.04013015184381774,-0.06587691529399142,0.04543988635709206,0.00010446788722967355,0.007564316236523094,0.8547662838089938
ADBE,EQUITY,5,910,473,0.5197802197802198,641,0.5335413416536662,269,0.48698884758364314,225,0.5277533039647577,0.5127978817299206,0.01978021978021982,-0.007973084184537904,0.006982338050299242,0.00020545724464030615,0.0018537678236337785,0.9358912401194729
ADBE,EQUITY,10,910,480,0.5274725274725275,641,0.5694227769110765,269,0.4275092936802974,224,0.5679012345679012,0.5203539823008849,0.027472527472527486,-0.04042870709537372,0.007118545171642565,0.0006137352271271948,0.0037448368967210044,0.9199357099050517
ADBE,EQUITY,20,910,498,0.5472527472527473,641,0.5881435257410297,269,0.44981412639405205,222,0.5759717314487632,0.502210433244916,0.04725274725274731,-0.02871898419601593,0.04504231400783132,0.0025338342610840585,0.010567747047759923,0.8920580678636547
ADI,EQUITY,5,880,425,0.48295454545454547,627,0.48963317384370014,253,0.466403162055336,255,0.5277533039647577,0.4743816254416961,-0.01704545454545453,-0.044798758510212255,0.008572920012849372,-0.0016545628976354601,-0.0013749785909253354,0.9592995075977689
ADI,EQUITY,10,879,415,0.472127417519909,626,0.48722044728434505,253,0.43478260869565216,255,0.5370370370370371,0.49338040600176525,-0.027872582480091,-0.06490961951712809,-0.02125298848185625,-0.0019430384057842103,-0.0032138442521632005,1.0195102636907694
ADI,EQUITY,20,879,418,0.47554038680318544,626,0.4904153354632588,253,0.43873517786561267,253,0.5485865724381626,0.4437555358724535,-0.024459613196814556,-0.07304618563497711,0.03178485093073197,-0.0026685079620707907,-0.0033651149747617737,1.0069192261874256
ADM,EQUITY,5,894,442,0.49440715883668906,551,0.5099818511796733,343,0.46938775510204084,241,0.5277533039647577,0.4664310954063604,-0.005592841163310935,-0.03334614512806866,0.027976063430328657,0.00029640995721936847,-0.0002610645666138445,1.0429711615936035
ADM,EQUITY,10,893,447,0.5005599104143337,550,0.509090909090909,343,0.4868804664723032,241,0.5291005291005291,0.48102383053839365,0.0005599104143336753,-0.028540618686195396,0.019536079875940027,0.0006422828861928294,0.000137249519626792,1.0288664287309917
ADM,EQUITY,20,892,458,0.5134529147982063,549,0.5537340619307832,343,0.4489795918367347,240,0.549469964664311,0.5123674911660777,0.013452914798206317,-0.036017049866104656,0.0010854236321286015,0.002431010151717864,0.0024009659164224706,1.027820427163486
ADP,EQUITY,5,909,460,0.506050605060506,655,0.5374045801526718,254,0.4251968503937008,226,0.5462555066079295,0.4872021182700794,0.006050605060506031,-0.04020490154742351,0.01884848679042661,-0.0012867625756488505,0.0003410641200545239,0.8661881323116847
ADP,EQUITY,10,908,438,0.48237885462555063,654,0.5229357798165137,254,0.3779527559055118,226,0.5529100529100529,0.5114840989399293,-0.017621145374449365,-0.07053119828450227,-0.029105244314378664,-0.0023960798983932055,-0.0012615820561417412,0.9166878962816899
ADP,EQUITY,20,906,433,0.47792494481236203,652,0.5245398773006135,254,0.35826771653543305,226,0.5706713780918727,0.48010610079575594,-0.02207505518763797,-0.09274643327951071,-0.002181155983393912,-0.004813459644787928,-0.0027188058580400742,0.8753881164001641
ADSK,EQUITY,5,913,443,0.48521358159912376,587,0.5212947189097104,326,0.42024539877300615,222,0.5374449339207048,0.5092511013215859,-0.014786418400876244,-0.05223135232158105,-0.024037519722462153,-0.00330036805952951,-0.0012823800974609556,0.8953974236629098
ADSK,EQUITY,10,912,438,0.48026315789473684,586,0.5238907849829352,326,0.401840490797546,222,0.5440917107583775,0.4880847308031774,-0.019736842105263164,-0.06382855286364064,-0.007821572908440544,-0.0053856360994552,-0.0030763053097490056,0.8935930981535712
ADSK,EQUITY,20,912,434,0.4758771929824561,586,0.5187713310580204,326,0.3987730061349693,220,0.553886925795053,0.4761061946902655,-0.02412280701754388,-0.07800973281259693,-0.00022900170780937312,-0.011203642676418806,-0.006642690681544661,0.839516068759083
AEE,EQUITY,5,896,443,0.49441964285714285,608,0.5115131578947368,288,0.4583333333333333,239,0.5162995594713656,0.4512411347517731,-0.005580357142857151,-0.021879916614222783,0.04317850810536977,-0.001404448727982304,0.0,0.8918063534829622
AEE,EQUITY,10,896,418,0.46651785714285715,608,0.5148026315789473,288,0.3645833333333333,238,0.5485008818342152,0.47957371225577267,-0.03348214285714285,-0.08198302469135804,-0.013055855112915515,-0.0027225191360910938,-0.002036976014254843,0.9404425754815932
AEE,EQUITY,20,896,440,0.49107142857142855,608,0.5279605263157895,288,0.4131944444444444,236,0.5618374558303887,0.47741364038972545,-0.008928571428571452,-0.07076602725896014,0.013657788181703101,-0.00482303805993582,-0.0003782045239364984,0.811437902541704
AEP,EQUITY,5,899,443,0.492769744160178,634,0.5252365930599369,265,0.41509433962264153,236,0.5436123348017621,0.46595932802829354,-0.0072302558398220085,-0.050842590641584084,0.02681041613188445,-0.0005456748986886461,-0.0004420866489832642,0.976560457137215
AEP,EQUITY,10,898,445,0.4955456570155902,634,0.5299684542586751,264,0.4128787878787879,236,0.5564373897707231,0.49381625441696114,-0.004454342984409776,-0.06089173275513288,0.0017294025986290817,-0.001145485782376551,-0.0003048233534633238,0.9381737381088525
AEP,EQUITY,20,898,466,0.5189309576837416,634,0.5583596214511041,264,0.42424242424242425,234,0.5856890459363958,0.5004428697962799,0.018930957683741645,-0.06675808825265417,0.0184880878874617,-0.001676816315180399,0.0023185321062429987,0.8533176317321737
AES,EQUITY,5,885,435,0.4915254237288136,517,0.4912959381044487,368,0.49184782608695654,250,0.4951541850220264,0.46844444444444444,-0.008474576271186418,-0.0036287612932128233,0.02308097928436914,0.00059063602168654,0.0,1.0713402471523792
AES,EQUITY,10,884,439,0.49660633484162897,516,0.5038759689922481,368,0.48641304347826086,250,0.5114638447971781,0.48619768477292963,-0.0033936651583710287,-0.01485750995554913,0.010408650068699343,0.000831376814072869,0.0,1.0498493370216502
AES,EQUITY,20,882,441,0.5,514,0.5077821011673151,368,0.4891304347826087,250,0.523851590106007,0.5026690391459074,0.0,-0.023851590106007015,-0.002669039145907437,-0.0012175050153208184,0.0003843197540353005,0.9649142973148092
AFL,EQUITY,5,924,449,0.48593073593073594,693,0.5108225108225108,231,0.41125541125541126,211,0.5259911894273128,0.4819064430714916,-0.014069264069264065,-0.04006045349657689,0.004024292859244327,0.0005828521380337818,-0.0008688154978928608,1.1051236776683677
AFL,EQUITY,10,924,478,0.5173160173160173,693,0.5555555555555556,231,0.4025974025974026,210,0.5634920634920635,0.4964726631393298,0.017316017316017285,-0.046176046176046204,0.02084335417668748,-0.00045450986776513955,0.0011177938782318542,0.9103351489991401
AFL,EQUITY,20,922,470,0.5097613882863341,691,0.573082489146165,231,0.3203463203463203,210,0.5892226148409894,0.4911504424778761,0.009761388286334105,-0.07946122655465526,0.018610945808458013,-0.0014731567824111129,0.0018925728695117772,0.9086521496242708
AGG,ETF,5,876,433,0.4942922374429224,490,0.5163265306122449,386,0.46632124352331605,257,0.529567519858782,0.48660714285714285,-0.005707762557077611,-0.03527528241585964,0.007685094585779539,-0.00010495963158079272,-0.0,0.9795974347409439
AGG,ETF,10,875,440,0.5028571428571429,490,0.5061224489795918,385,0.4987012987012987,257,0.5097173144876325,0.48761061946902656,0.0028571428571428914,-0.0068601716304895755,0.015246523388116329,4.8148557300313625e-05,0.0001891252955081857,1.0032094354226886
AGG,ETF,20,873,438,0.5017182130584192,490,0.5122448979591837,383,0.48825065274151436,257,0.5141592920353982,0.47293700088731144,0.0017182130584192379,-0.012441078976978992,0.028781212171107795,-1.9203843788823364e-05,9.308386856554662e-05,0.9890155426664851
AIG,EQUITY,5,908,463,0.5099118942731278,539,0.5120593692022264,369,0.5067750677506775,227,0.5110132158590308,0.4977934686672551,0.009911894273127775,-0.0011013215859030367,0.012118425605872674,0.0011548591243552774,0.0007537144028786358,1.0181965326116929
AIG,EQUITY,10,907,474,0.5226019845644984,539,0.5547309833024119,368,0.47554347826086957,227,0.5511463844797179,0.5101500441306267,0.022601984564498356,-0.02854439991521951,0.012451940433871656,0.0024371892643634,0.0022083179977916423,0.9925242058935659
AIG,EQUITY,20,905,465,0.5138121546961326,537,0.5381750465549349,368,0.4782608695652174,227,0.5397526501766784,0.5057573073516386,0.013812154696132617,-0.025940495480545778,0.00805484734449402,0.0011053632831628177,0.002423822714681445,0.9703628204063217
AIZ,EQUITY,5,910,461,0.5065934065934066,669,0.5381165919282511,241,0.4190871369294606,204,0.5448833034111311,0.4919064748201439,0.00659340659340657,-0.038289896817724545,0.01468693177326269,0.0013326125987442549,0.0005563421092792398,1.0763919172565362
AIZ,EQUITY,10,909,460,0.506050605060506,668,0.5523952095808383,241,0.3775933609958506,204,0.5660377358490566,0.504950495049505,0.006050605060506031,-0.05998713078855056,0.0011001100110010764,0.00254951071859,0.0006443298969074363,1.11800747824754
AIZ,EQUITY,20,907,480,0.5292171995589857,666,0.5960960960960962,241,0.34439834024896265,204,0.5985598559855986,0.518918918918919,0.029217199558985718,-0.06934265642661286,0.01029828064006677,0.0034223184476948297,0.005206525511975091,1.007124660910459
AJG,EQUITY,5,901,477,0.5294117647058824,667,0.5487256371814093,234,0.47435897435897434,234,0.5436123348017621,0.4800708591674048,0.02941176470588236,-0.014200570095879717,0.049340905538477586,0.0007536960453758999,0.001801477211313296,0.9533401040923801
AJG,EQUITY,10,900,482,0.5355555555555556,666,0.5645645645645646,234,0.452991452991453,234,0.5696649029982364,0.5057369814651368,0.03555555555555556,-0.03410934744268079,0.02981857409041877,0.002437728106588004,0.002711635481167707,1.018868306181979
AJG,EQUITY,20,898,480,0.534521158129176,664,0.5632530120481928,234,0.452991452991453,234,0.5759717314487632,0.48315602836879434,0.034521158129176,-0.041450573319587236,0.051365129760381656,0.0024495964802393397,0.004985795454545416,0.9760418654154227
AKAM,EQUITY,5,890,442,0.4966292134831461,565,0.5256637168141592,325,0.4461538461538462,245,0.5400881057268723,0.48364279398762156,-0.0033707865168539075,-0.04345889224372618,0.012986419495524537,-0.00020518424486009544,-0.00010552975939215337,1.003018063882966
AKAM,EQUITY,10,889,467,0.5253093363329584,564,0.5656028368794326,325,0.4553846153846154,245,0.5582010582010583,0.5070671378091873,0.0253093363329584,-0.032891721868099855,0.01824219852377107,0.0009994436508795736,0.0033046926635823537,0.9359363155135113
AKAM,EQUITY,20,887,457,0.5152198421645998,564,0.5567375886524822,323,0.44272445820433437,245,0.5530035335689046,0.47606382978723405,0.015219842164599817,-0.03778369140430482,0.03915601237736577,0.0011398396594066603,0.005043746783324643,0.9676246317004613
ALAB,EQUITY,5,50,25,0.5,39,0.5384615384615384,11,0.36363636363636365,14,0.5625,0.5,0.0,-0.0625,0.0,0.017392511441654258,-0.00028305976754489093,1.428969816463528
ALAB,EQUITY,10,49,29,0.5918367346938775,38,0.6052631578947368,11,0.5454545454545454,14,0.5873015873015873,0.3968253968253968,0.09183673469387754,0.0045351473922902175,0.19501133786848074,0.04603796465414363,0.020620437956204496,1.2298639728107241
ALAB,EQUITY,20,48,28,0.5833333333333334,37,0.6486486486486487,11,0.36363636363636365,13,0.5737704918032787,0.5737704918032787,0.08333333333333337,0.009562841530054711,0.009562841530054711,0.06702207666414373,0.02562601978148038,1.1514120916933037
ALB,EQUITY,5,895,450,0.5027932960893855,560,0.5232142857142857,335,0.46865671641791046,240,0.5215859030837005,0.49162995594713654,0.0027932960893854997,-0.018792606994314953,0.011163340142248956,0.0006463912209437222,0.0008820286659316778,1.0196331417300903
ALB,EQUITY,10,894,449,0.5022371364653244,559,0.5491949910554562,335,0.42388059701492536,240,0.5405643738977073,0.5017667844522968,0.0022371364653244186,-0.038327237432382866,0.0004703520130275862,0.0017582617511670419,0.0006314925326008636,1.050276429036727
ALB,EQUITY,20,893,466,0.5218365061590146,559,0.5760286225402504,334,0.4311377245508982,239,0.5591872791519434,0.5008849557522124,0.021836506159014557,-0.03735077299292888,0.02095155040680219,0.0023822487372373385,0.005315461058470028,0.9678153281556569
ALGN,EQUITY,5,942,493,0.5233545647558386,612,0.5294117647058824,330,0.5121212121212121,193,0.5171806167400881,0.4796099290780142,0.023354564755838636,0.006173948015750552,0.04374463567782444,0.0037405602707012335,0.002867908824021659,1.0681923033479963
ALGN,EQUITY,10,941,515,0.5472901168969182,611,0.5564648117839607,330,0.5303030303030303,193,0.5299823633156967,0.499558693733451,0.0472901168969182,0.017307753581221497,0.04773142316346718,0.0062478257900030355,0.006315026657694456,1.0024517049796788
ALGN,EQUITY,20,939,526,0.5601703940362087,611,0.6006546644844517,328,0.4847560975609756,193,0.5627208480565371,0.5419982316534041,0.06017039403620872,-0.0025504540203283854,0.018172162382804613,0.006250830863386133,0.014718614718614687,0.891842265358882
ALL,EQUITY,5,931,479,0.514500537056928,663,0.5460030165912518,268,0.43656716417910446,204,0.5533039647577093,0.5110717449069974,0.014500537056927998,-0.03880342770078127,0.0034287921499306373,0.0007307405199868707,0.0005392773683263741,1.0047949725559486
ALL,EQUITY,10,930,484,0.5204301075268817,662,0.5604229607250756,268,0.4216417910447761,204,0.5670194003527337,0.5013262599469496,0.02043010752688168,-0.046589292825852,0.01910384757993211,0.0003364685261119119,0.0012558787970168295,0.9404883144277685
ALL,EQUITY,20,928,494,0.5323275862068966,660,0.5772727272727273,268,0.4216417910447761,204,0.5768551236749117,0.5106007067137809,0.032327586206896575,-0.04452753746801508,0.02172687949311569,0.0005413791624534063,0.0027625909549112704,0.8984983252596389
ALLE,EQUITY,5,481,231,0.4802494802494803,323,0.5232198142414861,158,0.3924050632911392,120,0.5391014975041597,0.4683333333333333,-0.019750519750519724,-0.05885201725467942,0.011916146916146952,-0.0017365247294960282,-0.0007862871520678549,0.9483796654598081
ALLE,EQUITY,10,480,245,0.5104166666666666,322,0.5559006211180124,158,0.4177215189873418,120,0.5533333333333333,0.4774624373956594,0.01041666666666663,-0.042916666666666714,0.03295422927100722,-0.0033983543163698723,0.000810098450840846,0.7971209003888694
ALLE,EQUITY,20,478,229,0.4790794979079498,320,0.521875,158,0.3924050632911392,120,0.5484949832775919,0.48408710217755446,-0.02092050209205021,-0.06941548536964215,-0.005007604269604671,-0.006286562236784753,-0.0024422214296350164,0.8491790161723137
ALNY,EQUITY,5,857,416,0.485414235705951,486,0.5061728395061729,371,0.4582210242587601,241,0.5154826958105647,0.4995442114858706,-0.014585764294049008,-0.030068460104613726,-0.01412997577991959,-0.0033891998601760726,-0.002144082332761643,0.9385722149153954
ALNY,EQUITY,10,856,408,0.4766355140186916,486,0.49588477366255146,370,0.45135135135135135,241,0.5168641750227895,0.479014598540146,-0.023364485981308414,-0.04022866100409789,-0.002379084521454411,-0.003444370215413064,-0.006695063880295116,1.0097675003608972
ALNY,EQUITY,20,854,390,0.4566744730679157,486,0.48559670781893005,368,0.41847826086956524,241,0.5242009132420091,0.4789762340036563,-0.0433255269320843,-0.06752644017409343,-0.0223017609357406,-0.005084579351706336,-0.009371010036722305,1.0883272491397584
AMAT,EQUITY,5,910,473,0.5197802197802198,590,0.5338983050847458,320,0.49375,225,0.5348017621145374,0.4766107678729038,0.01978021978021982,-0.015021542334317628,0.043169451907316025,0.0016447881549457183,0.0015687957847300704,1.0073584256169805
AMAT,EQUITY,10,910,490,0.5384615384615384,590,0.5474576271186441,320,0.521875,224,0.5493827160493827,0.5181576616474757,0.038461538461538436,-0.010921177587844277,0.02030387681406276,0.003929531753136255,0.005247622586600276,0.9957840482316177
AMAT,EQUITY,20,910,492,0.5406593406593406,590,0.5644067796610169,320,0.496875,222,0.5547703180212014,0.5070671378091873,0.040659340659340626,-0.014110977361860733,0.0335922028501533,0.006653655137213717,0.008930129705940815,1.0071597174212066
AMCR,EQUITY,5,240,115,0.4791666666666667,116,0.46551724137931033,124,0.49193548387096775,73,0.4984025559105431,0.4838709677419355,-0.020833333333333315,-0.019235889243876425,-0.004704301075268813,-0.00307701861411642,-0.0008648386132695252,0.8578582093283785
AMCR,EQUITY,10,239,101,0.4225941422594142,115,0.3565217391304348,124,0.4838709677419355,73,0.4583333333333333,0.47266881028938906,-0.07740585774058578,-0.0357391910739191,-0.050074668029974845,-0.006088121928577803,-0.008048289738430636,0.9651171468998365
AMCR,EQUITY,20,237,94,0.39662447257383965,113,0.34513274336283184,124,0.4435483870967742,73,0.4774193548387097,0.4411764705882353,-0.10337552742616035,-0.08079488226487003,-0.04455199801439563,-0.01464711858903928,-0.013665594855305496,0.8163171465565506
AMD,EQUITY,5,889,454,0.5106861642294713,504,0.5396825396825397,385,0.4727272727272727,246,0.5277533039647577,0.5089126559714795,0.010686164229471329,-0.017067139735286396,0.0017735082579918293,0.0056207327804816765,0.002732240437158584,1.1595703202124361
AMD,EQUITY,10,888,470,0.5292792792792793,503,0.5646123260437376,385,0.4831168831168831,246,0.5335097001763669,0.5177304964539007,0.029279279279279313,-0.004230420897087583,0.011548782825378634,0.011615507053240211,0.007624546060651161,1.1648713503081172
AMD,EQUITY,20,888,464,0.5225225225225225,503,0.5487077534791253,385,0.4883116883116883,244,0.519434628975265,0.5079928952042628,0.022522522522522515,0.00308789354725747,0.014529627318259686,0.015433270116830662,0.00781100587744421,1.1549613928012068
AME,EQUITY,5,928,468,0.5043103448275862,762,0.5249343832020997,166,0.40963855421686746,207,0.5497797356828193,0.47619047619047616,0.004310344827586188,-0.04546939085523316,0.028119868637110024,-0.000910296338170975,0.0003903369906728127,0.9135221284332377
AME,EQUITY,10,927,475,0.5124056094929881,761,0.545335085413929,166,0.3614457831325301,207,0.5687830687830688,0.4911816578483245,0.012405609492988079,-0.056377459290080756,0.021223951644663563,-0.0005189850001180113,0.0013220018885742313,0.9231215098107868
AME,EQUITY,20,925,495,0.5351351351351351,759,0.5744400527009222,166,0.35542168674698793,207,0.6042402826855123,0.45671378091872794,0.03513513513513511,-0.06910514755037722,0.07842135421640717,0.001722190267922606,0.005685048322910613,0.9301168381651458
AMGN,EQUITY,5,890,422,0.47415730337078654,587,0.48722316865417375,303,0.44884488448844884,245,0.5215859030837005,0.5,-0.025842696629213457,-0.04742859971291391,-0.025842696629213457,-0.002125680446445142,-0.001665373769760059,0.9405825020845321
AMGN,EQUITY,10,889,399,0.44881889763779526,586,0.4658703071672355,303,0.4158415841584158,245,0.5185185185185185,0.4947089947089947,-0.051181102362204745,-0.06969962088072323,-0.045890097071199454,-0.003414687836537468,-0.004905705898910262,1.0207351395423017
AMGN,EQUITY,20,887,383,0.4317925591882751,584,0.4606164383561644,303,0.37623762376237624,245,0.5203180212014135,0.4787985865724382,-0.06820744081172492,-0.08852546201313838,-0.047006027384163096,-0.006712764228769935,-0.011608623548922004,1.0221085356570343
AMP,EQUITY,5,835,451,0.5401197604790419,593,0.5699831365935919,242,0.4669421487603306,193,0.5603112840466926,0.4853801169590643,0.040119760479041866,-0.02019152356765075,0.054739643519977566,0.001783053757296845,0.0038819875776396895,0.9449866803104796
AMP,EQUITY,10,834,458,0.5491606714628298,592,0.5827702702702703,242,0.4669421487603306,193,0.5744888023369036,0.5277507302823758,0.049160671462829764,-0.025328130874073818,0.021409941180453917,0.0034514918788178645,0.006643408461574796,0.9483697453274385
AMP,EQUITY,20,832,463,0.5564903846153846,590,0.5949152542372881,242,0.4628099173553719,193,0.5912195121951219,0.5229268292682927,0.05649038461538458,-0.03472912757973734,0.03356355534709188,0.0038174670191413952,0.012867600701532311,0.8888002137608989
AMT,EQUITY,5,935,482,0.5155080213903743,664,0.5436746987951807,271,0.44649446494464945,200,0.5400881057268723,0.4677846425419241,0.015508021390374327,-0.024580084336497943,0.04772337884845024,-0.00033619207391876864,0.0012025316455697155,0.9164112802767036
AMT,EQUITY,10,934,486,0.5203426124197003,664,0.5632530120481928,270,0.4148148148148148,200,0.5608465608465608,0.4969108561341571,0.020342612419700257,-0.04050394842686056,0.02343175628554317,-0.001162239243435214,0.0012628195560181465,0.8635254063017175
AMT,EQUITY,20,932,483,0.5182403433476395,664,0.5677710843373494,268,0.39552238805970147,200,0.5742049469964664,0.4827586206896552,0.018240343347639465,-0.05596460364882694,0.03548172265798427,-0.0005811735314723953,0.0036888392206404497,0.9084601013410294
AMZN,EQUITY,5,886,470,0.5304740406320542,674,0.5504451038575667,212,0.4669811320754717,249,0.5418502202643172,0.5088183421516755,0.030474040632054167,-0.011376179632263006,0.021655698480378627,0.0020037031101278907,0.002427149279625951,0.9875594546004849
AMZN,EQUITY,10,885,479,0.5412429378531074,673,0.575037147102526,212,0.4339622641509434,249,0.5634920634920635,0.5141093474426808,0.0412429378531074,-0.02224912563895609,0.027133590410426622,0.0042659622741066825,0.005870399638744583,0.9919948811184168
AMZN,EQUITY,20,883,488,0.5526613816534541,671,0.6035767511177347,212,0.3915094339622642,249,0.6130742049469965,0.5008833922261484,0.05266138165345413,-0.06041282329354236,0.051777989427305715,0.006703753426096711,0.014081673707503573,0.9615775533112264
ANET,EQUITY,5,457,240,0.5251641137855579,353,0.5609065155807366,104,0.40384615384615385,118,0.5826086956521739,0.5165217391304348,0.02516411378555794,-0.05744458186661594,0.008642374655123186,-0.0005476044131587858,0.0020080321285143032,0.8831102136130075
ANET,EQUITY,10,456,236,0.5175438596491229,352,0.5653409090909091,104,0.3557692307692308,118,0.5905923344947736,0.5156794425087108,0.01754385964912286,-0.07304847484565069,0.001864417140412078,-0.001143448197365767,0.004533084042909752,0.9005738676111362
ANET,EQUITY,20,454,246,0.5418502202643172,350,0.6114285714285714,104,0.3076923076923077,118,0.6451048951048951,0.513986013986014,0.04185022026431717,-0.10325467484057793,0.027864206278303216,0.0031310934527934847,0.011915139444424183,0.9035503869454079
AON,EQUITY,5,668,336,0.5029940119760479,537,0.5418994413407822,131,0.3435114503816794,142,0.5728395061728395,0.5024752475247525,0.0029940119760478723,-0.06984549419679165,0.0005187644512953948,-0.001783306398293692,0.0001728836753310259,0.834573707505194
AON,EQUITY,10,668,336,0.5029940119760479,537,0.5605214152700186,131,0.26717557251908397,141,0.5871446229913473,0.4783683559950556,0.0029940119760478723,-0.08415061101529941,0.024625655980992256,-0.002140455450076744,0.0005481033012485481,0.8542668540008804
AON,EQUITY,20,666,340,0.5105105105105106,535,0.5682242990654206,131,0.2748091603053435,141,0.61090458488228,0.4857496902106567,0.010510510510510551,-0.1003940743717695,0.024760820299853825,-0.0032009624667469604,0.0006941851102180152,0.822124696895661
AOS,EQUITY,5,933,481,0.5155412647374062,640,0.5390625,293,0.4641638225255973,202,0.5480176211453744,0.5088183421516755,0.015541264737406246,-0.0324763564079682,0.006722922585730706,0.0001040464215931647,0.001777145903678723,0.9462033251102642
AOS,EQUITY,10,933,467,0.5005359056806002,640,0.540625,293,0.4129692832764505,201,0.5634920634920635,0.47530864197530864,0.000535905680600246,-0.06295615781146324,0.025227263705291603,-0.000991079450917431,0.00043846828412741345,0.9529511586672536
AOS,EQUITY,20,932,497,0.5332618025751072,639,0.5758998435054773,293,0.4402730375426621,200,0.5830388692579506,0.4946808510638298,0.03326180257510725,-0.04977706668284332,0.03858095151127744,0.0017797180043277246,0.005912850270534453,0.9278025549195126
APA,EQUITY,5,876,439,0.5011415525114156,457,0.5251641137855579,419,0.47494033412887826,259,0.5277533039647577,0.5097001763668431,0.0011415525114155667,-0.02661175145334216,-0.008558623855427494,-5.398617401693332e-05,0.00023633017850099858,0.9931260087115676
APA,EQUITY,10,875,421,0.48114285714285715,456,0.4934210526315789,419,0.4677804295942721,259,0.5123456790123457,0.48631950573698146,-0.01885714285714285,-0.031202821869488584,-0.005176648594124311,-0.0019973257022886594,-0.004199916001680126,1.0169551010381708
APA,EQUITY,20,873,424,0.4856815578465063,454,0.5066079295154186,419,0.4630071599045346,259,0.5247349823321554,0.48851590106007065,-0.014318442153493705,-0.039053424485649135,-0.00283434321356435,-0.0110275481366886,-0.0061517429938482415,0.840481922828226
APD,EQUITY,5,912,460,0.5043859649122807,656,0.5137195121951219,256,0.48046875,223,0.5321585903083701,0.47749338040600176,0.004385964912280715,-0.02777262539608938,0.02689258450627896,-0.0007617198592695649,0.00033203957877725454,0.9241213392027946
APD,EQUITY,10,911,459,0.5038419319429198,655,0.5282442748091603,256,0.44140625,223,0.544973544973545,0.45943562610229277,0.0038419319429198184,-0.04113161303062518,0.04440630584062705,-0.001614854946234672,0.00041884816753934295,0.8983149775725382
APD,EQUITY,20,909,459,0.504950495049505,653,0.55895865237366,256,0.3671875,223,0.5812720848056537,0.48099027409372236,0.004950495049504955,-0.07632158975614878,0.023960220955782596,-0.004392212369657555,0.00027489519620660374,0.821454019414443
APH,EQUITY,5,928,483,0.5204741379310345,766,0.5365535248041775,162,0.4444444444444444,207,0.5541850220264317,0.5008833922261484,0.020474137931034475,-0.03371088409539724,0.01959074570488606,0.0009550710426118371,0.0015694001316358674,0.9862393470934387
APH,EQUITY,10,927,494,0.5329018338727076,765,0.5686274509803921,162,0.36419753086419754,207,0.5925925925925926,0.5097345132743363,0.03290183387270762,-0.05969075871988494,0.023167320598371344,0.0013727012425188518,0.0032669062397909787,0.9396699639453043
APH,EQUITY,20,925,529,0.5718918918918919,763,0.6186107470511141,162,0.35185185185185186,207,0.6280918727915195,0.5225464190981433,0.07189189189189193,-0.05619998089962752,0.04934547279374868,0.001731751510435418,0.01121666699178725,0.796541959384631
APO,EQUITY,5,590,301,0.5101694915254237,403,0.5186104218362283,187,0.4919786096256685,151,0.5141700404858299,0.5,0.01016949152542368,-0.004000548960406247,0.01016949152542368,0.0009964045492400935,0.0016148832555164527,1.014233589054907
APO,EQUITY,10,589,295,0.5008488964346349,402,0.5223880597014925,187,0.45454545454545453,151,0.5391891891891892,0.5,0.000848896434634927,-0.038340292754554306,0.000848896434634927,0.0019227534279027967,0.00022356360384523377,1.0761848343685054
APO,EQUITY,20,588,316,0.5374149659863946,401,0.5610972568578554,187,0.48663101604278075,150,0.5582655826558266,0.5101763907734057,0.0374149659863946,-0.020850616669432,0.02723857521298889,0.002927514109697763,0.007474897434669503,0.9307224517203808
APP,EQUITY,5,175,106,0.6057142857142858,125,0.616,50,0.58,42,0.5622119815668203,0.5391705069124424,0.10571428571428576,0.043502304147465476,0.06654377880184337,0.024728011100962895,0.016933080465998396,1.2041881713887956
APP,EQUITY,10,174,105,0.603448275862069,125,0.624,49,0.5510204081632653,42,0.5833333333333334,0.6018518518518519,0.10344827586206895,0.02011494252873558,0.0015964240102170901,0.03938852628054635,0.0400860258231418,1.2801928516194407
APP,EQUITY,20,172,108,0.627906976744186,125,0.664,47,0.5319148936170213,42,0.5981308411214953,0.5934579439252337,0.12790697674418605,0.02977613562269077,0.034449032818952396,0.08663968367502085,0.07861365913965779,1.4677653600613785
APTV,EQUITY,5,296,151,0.5101351351351351,148,0.4797297297297297,148,0.5405405405405406,96,0.5,0.5204081632653061,0.010135135135135087,0.010135135135135087,-0.010273028130171058,-0.00019539451245747136,0.0010829960388238358,0.951805207117919
APTV,EQUITY,10,295,149,0.5050847457627119,148,0.47297297297297297,147,0.5374149659863946,96,0.49872122762148335,0.5153846153846153,0.005084745762711895,0.006363518141228541,-0.010299869621903435,-0.001139532836814108,0.0022495500899819554,0.9450697017209096
APTV,EQUITY,20,293,153,0.5221843003412969,148,0.5337837837837838,145,0.5103448275862069,96,0.5218508997429306,0.5398457583547558,0.022184300341296925,0.00033340059836628466,-0.017661458013458864,-0.003643372379691654,0.0053219797764767485,0.8452650392751493
ARE,EQUITY,5,906,459,0.5066225165562914,575,0.5269565217391304,331,0.47129909365558914,229,0.5312775330396475,0.49338040600176525,0.0066225165562914245,-0.024655016483356107,0.013242110554526176,-0.0008815097286408873,0.00078536583758676,0.9196103449536968
ARE,EQUITY,10,905,447,0.49392265193370166,575,0.5356521739130434,330,0.4212121212121212,229,0.5511463844797179,0.5035273368606702,-0.006077348066298338,-0.057223732546016204,-0.009604684926968532,-0.0020217821918266403,-0.0007419773696901721,0.9321028922596359
ARE,EQUITY,20,903,447,0.4950166112956811,574,0.5296167247386759,329,0.43465045592705165,229,0.5450530035335689,0.4588859416445623,-0.004983388704318914,-0.050036392237887806,0.036130669651118774,-0.007454317229660923,-0.000543212559074302,0.80052207741685
ARES,EQUITY,5,470,245,0.5212765957446809,356,0.5589887640449438,114,0.40350877192982454,110,0.5603448275862069,0.48961937716262977,0.021276595744680882,-0.03906823184152597,0.031657218582051116,-7.951660864944319e-05,0.002583404880292739,0.9143171218702922
ARES,EQUITY,10,469,249,0.5309168443496801,355,0.5774647887323944,114,0.38596491228070173,110,0.5872193436960277,0.5,0.030916844349680117,-0.05630249934634757,0.030916844349680117,-0.0012971621677185224,0.005026641198351278,0.8401212439295519
ARES,EQUITY,20,468,246,0.5256410256410257,354,0.5875706214689266,114,0.3333333333333333,109,0.610051993067591,0.4712041884816754,0.02564102564102566,-0.08441096742656529,0.05443683715935027,-0.005361520089324277,0.007063090120787985,0.7858997244167403
ARKK,ETF,5,463,253,0.5464362850971922,311,0.5627009646302251,152,0.5131578947368421,90,0.5370705244122965,0.5327272727272727,0.04643628509719222,0.009365760684895696,0.013709012369919504,0.0023296494498960636,0.006228428220442117,0.9303305708445827
ARKK,ETF,10,462,252,0.5454545454545454,310,0.6161290322580645,152,0.40131578947368424,90,0.592391304347826,0.49818181818181817,0.045454545454545414,-0.04693675889328064,0.047272727272727244,0.0025936561144295736,0.005335310964119988,0.91131629141313
ARKK,ETF,20,460,248,0.5391304347826087,309,0.6213592233009708,151,0.3708609271523179,90,0.610909090909091,0.509090909090909,0.03913043478260869,-0.07177865612648227,0.030039525691699653,0.0027317663449394434,0.012888840283853453,0.9097170290320786
ARM,EQUITY,5,73,35,0.4794520547945205,46,0.4782608695652174,27,0.48148148148148145,18,0.5054945054945055,0.4835164835164835,-0.02054794520547948,-0.026042450699984954,-0.004064428721962998,0.00950525005512133,-0.005038668853995842,1.3634502451133776
ARM,EQUITY,10,72,34,0.4722222222222222,45,0.5555555555555556,27,0.3333333333333333,18,0.5666666666666667,0.5,-0.02777777777777779,-0.09444444444444444,-0.02777777777777779,0.019618332301326553,-0.00035470111345403676,1.5379891731713957
ARM,EQUITY,20,72,38,0.5277777777777778,45,0.5555555555555556,27,0.48148148148148145,16,0.5568181818181818,0.5454545454545454,0.02777777777777779,-0.029040404040403978,-0.017676767676767624,0.037212805805601885,0.02513728666453774,1.3078628013674336
ASML,EQUITY,5,900,476,0.5288888888888889,665,0.5458646616541354,235,0.4808510638297872,231,0.5490716180371353,0.4942528735632184,0.028888888888888853,-0.02018272914824648,0.034636015325670455,0.0017986683816793695,0.0028853692509173134,0.9821678896764964
ASML,EQUITY,10,899,487,0.5417130144605117,664,0.5632530120481928,235,0.4808510638297872,231,0.5672566371681416,0.5394154118689105,0.04171301446051168,-0.025543622707629887,0.0022976025916011666,0.003289657395075257,0.007014599765061469,0.9632335753476998
ASML,EQUITY,20,899,495,0.5506117908787542,664,0.5918674698795181,235,0.4340425531914894,229,0.598404255319149,0.4920212765957447,0.050611790878754226,-0.047792464440394755,0.05859051428300954,0.007658395482786632,0.010955233291298994,1.0048312310748446
ATO,EQUITY,5,902,440,0.4878048780487805,683,0.5256222547584187,219,0.3698630136986301,233,0.5409691629955947,0.4616063548102383,-0.012195121951219523,-0.053164284946814244,0.02619852323854216,-0.0017109853067562891,-0.0006697013647404271,0.8822992028224451
ATO,EQUITY,10,901,455,0.5049944506104328,683,0.5519765739385066,218,0.3577981651376147,233,0.5696649029982364,0.49601417183348095,0.004994450610432799,-0.06467045238780356,0.008980278776951844,-0.002558311592567823,0.0003679175864605977,0.8093419230778228
ATO,EQUITY,20,899,440,0.489432703003337,683,0.5578330893118595,216,0.27314814814814814,233,0.5954063604240283,0.4743362831858407,-0.010567296996662978,-0.10597365742069126,0.01509641981749632,-0.0047055205075108835,-0.0006600660066006236,0.8132968824001519
AVB,EQUITY,5,909,451,0.4961496149614962,586,0.5221843003412969,323,0.44891640866873067,225,0.5352733686067019,0.49469964664310956,-0.003850385038503823,-0.03912375364520576,0.0014499683183866185,-8.645415210172733e-05,-0.00037883571157970586,1.008888210086661
AVB,EQUITY,10,909,462,0.5082508250825083,586,0.5460750853242321,323,0.43962848297213625,224,0.5428067078552515,0.48984995586937335,0.008250825082508295,-0.03455588277274324,0.01840086921313494,0.0001904820805558641,0.0006169665809769853,0.9779831462524208
AVB,EQUITY,20,908,476,0.5242290748898678,585,0.5709401709401709,323,0.43962848297213625,223,0.5614500442086648,0.4739168877099912,0.024229074889867808,-0.03722096931879704,0.05031218717987662,-0.00111734735319141,0.0035760239386283255,0.8682643028677046
AVGO,EQUITY,5,682,350,0.5131964809384164,579,0.5284974093264249,103,0.42718446601941745,145,0.5562273276904474,0.48426150121065376,0.01319648093841641,-0.04303084675203095,0.028934979727762655,0.00110299334377744,0.0012258197249695457,1.0072532234645202
AVGO,EQUITY,10,681,362,0.5315712187958884,578,0.5692041522491349,103,0.32038834951456313,145,0.5932203389830508,0.5182038834951457,0.03157121879588842,-0.0616491201871624,0.013367335300742744,0.0033110975501357016,0.00508811119384478,1.0051202506558523
AVGO,EQUITY,20,680,378,0.5558823529411765,577,0.6048526863084922,103,0.2815533980582524,144,0.6322815533980582,0.4975728155339806,0.055882352941176494,-0.07639920045688176,0.05830953740719591,0.00786603275025112,0.011298546483136607,0.9835221593826128
AVY,EQUITY,5,913,461,0.5049288061336255,568,0.5334507042253521,345,0.4579710144927536,222,0.533920704845815,0.5061837455830389,0.004928806133625452,-0.028991898712189546,-0.0012549394494134614,-0.00046980614217740117,0.0004404316229904559,0.9470290273246922
AVY,EQUITY,10,912,446,0.48903508771929827,567,0.5326278659611993,345,0.41739130434782606,222,0.5388007054673721,0.4951284322409212,-0.010964912280701733,-0.049765617748073865,-0.006093344521622912,-0.0011299725299692904,-0.0006617271449724793,0.9832720323304119
AVY,EQUITY,20,911,450,0.49396267837541163,566,0.5406360424028268,345,0.41739130434782606,221,0.5512367491166078,0.4738243123336291,-0.006037321624588365,-0.05727407074119617,0.02013836604178254,-0.0033334781981555098,-0.00029256875365701873,0.9039516732595915
AWK,EQUITY,5,718,362,0.5041782729805014,554,0.5288808664259927,164,0.42073170731707316,176,0.5469798657718121,0.49887892376681614,0.004178272980501441,-0.04280159279131068,0.0052993492136853,-0.0014639980589867447,0.0005583427455360113,0.8526212847082901
AWK,EQUITY,10,717,377,0.5258019525801952,553,0.5587703435804702,164,0.4146341463414634,176,0.5767077267637178,0.47586980920314254,0.025801952580195242,-0.0509057741835226,0.04993214337705271,-0.0012976608190388725,0.002283464566929183,0.8238679350808376
AWK,EQUITY,20,715,386,0.5398601398601398,551,0.5825771324863884,164,0.39634146341463417,176,0.5993265993265994,0.500562429696288,0.03986013986013981,-0.059466459466459565,0.03929771016385186,-0.0011894773842196986,0.004378578646008657,0.8038893601550657
AXON,EQUITY,5,175,89,0.5085714285714286,128,0.546875,47,0.40425531914893614,54,0.5633187772925764,0.4847161572052402,0.008571428571428563,-0.05474734872114784,0.02385527136618837,0.0001500843864011722,0.0029364311068087456,0.9719127453217938
AXON,EQUITY,10,174,93,0.5344827586206896,127,0.5748031496062992,47,0.425531914893617,54,0.5921052631578947,0.5,0.03448275862068961,-0.05762250453720508,0.03448275862068961,0.0036458057589715555,0.0071604856329874345,0.9500868430925712
AXON,EQUITY,20,172,93,0.5406976744186046,125,0.576,47,0.44680851063829785,54,0.6106194690265486,0.4690265486725664,0.04069767441860461,-0.06992179460794401,0.07167112574603823,0.014318022357635673,0.010609442836318372,1.0751987178328062
AXP,EQUITY,5,914,453,0.49562363238512036,637,0.5196232339089482,277,0.4404332129963899,221,0.5418502202643172,0.4819383259911894,-0.004376367614879639,-0.04622658787919681,0.013685306393930952,-0.001267014454003188,-0.0004253064167267784,0.9367580621557725
AXP,EQUITY,10,913,446,0.488499452354874,636,0.5330188679245284,277,0.3862815884476534,221,0.5652557319223986,0.47530864197530864,-0.01150054764512598,-0.07675627956752462,0.013190810379565376,-0.0016206969471052584,-0.001168614357262121,0.9719919718504764
AXP,EQUITY,20,912,477,0.5230263157894737,635,0.5700787401574803,277,0.4151624548736462,220,0.5777385159010601,0.5141342756183745,0.023026315789473673,-0.054712200111586395,0.008892040171099125,-0.0010167444337276308,0.002594048558758777,0.8812807711976599
AZO,EQUITY,5,919,493,0.5364526659412405,740,0.5594594594594594,179,0.441340782122905,216,0.5559471365638766,0.5039647577092511,0.036452665941240525,-0.019494470622636095,0.03248790823198944,0.00045683812891293755,0.0019949077355172484,0.8965493976331719
AZO,EQUITY,10,918,494,0.5381263616557734,740,0.5689189189189189,178,0.4101123595505618,216,0.5776014109347443,0.5132275132275133,0.03812636165577343,-0.03947504927897083,0.02489884842826018,0.0012612387835389345,0.004045967006632956,0.9227060065291008
AZO,EQUITY,20,917,505,0.5507088331515813,740,0.5864864864864865,177,0.4011299435028249,215,0.6068904593639576,0.5141342756183745,0.050708833151581256,-0.05618162621237632,0.03657455753320671,0.003829491681064224,0.005881538887351434,0.951365274211131
BA,EQUITY,5,910,447,0.4912087912087912,589,0.5144312393887945,321,0.4485981308411215,225,0.5259911894273128,0.48722466960352423,-0.008791208791208815,-0.03478239821852164,0.003984121605266955,-0.0011195448846955491,-0.00041204900234736996,0.9706977959364181
BA,EQUITY,10,909,460,0.506050605060506,588,0.5493197278911565,321,0.42679127725856697,225,0.5440917107583775,0.48674911660777387,0.006050605060506031,-0.03804110569787145,0.019301488452732163,0.0002491183331514236,0.0012283851459888862,0.9859188814541084
BA,EQUITY,20,907,471,0.5192943770672547,587,0.575809199318569,320,0.415625,225,0.5627208480565371,0.5159010600706714,0.019294377067254675,-0.04342647098928243,0.0033933169965832954,0.0010181148237936963,0.002452984464431762,0.9529728093361658
BAC,EQUITY,5,911,456,0.5005488474204172,556,0.5,355,0.5014084507042254,224,0.5215859030837005,0.5176678445229682,0.0005488474204171645,-0.02103705566328329,-0.017118997102551048,0.0009608541126041758,0.00026616981634275394,1.0507073265125422
BAC,EQUITY,10,910,459,0.5043956043956044,555,0.5135135135135135,355,0.49014084507042255,224,0.5308641975308642,0.48498233215547704,0.00439560439560438,-0.026468593135259844,0.019413272240127344,0.000959087441441166,0.0009479318767537936,1.0173821878605314
BAC,EQUITY,20,908,454,0.5,553,0.5171790235081374,355,0.4732394366197183,224,0.5300353356890459,0.4862710363153233,0.0,-0.030035335689045928,0.013728963684676687,0.0009665477933213331,0.0001563966218329771,1.0249507312017767
BALL,EQUITY,5,132,64,0.48484848484848486,72,0.5277777777777778,60,0.43333333333333335,29,0.546583850931677,0.5403726708074534,-0.015151515151515138,-0.06173536608319219,-0.055524185958968575,0.0011688972891568143,-0.0017951594515060454,1.1588286046200413
BALL,EQUITY,10,132,67,0.5075757575757576,72,0.5,60,0.5166666666666667,28,0.49375,0.54375,0.007575757575757569,0.013825757575757547,-0.03617424242424239,0.0029447028686004737,0.003100105347836002,1.1168583685411086
BALL,EQUITY,20,130,69,0.5307692307692308,70,0.5142857142857142,60,0.55,28,0.5189873417721519,0.5632911392405063,0.03076923076923077,0.011781888997078882,-0.03252190847127556,-0.0003752440406022235,0.011235356762513193,0.8741431873176484
BAX,EQUITY,5,913,457,0.5005476451259584,557,0.533213644524237,356,0.449438202247191,222,0.5383259911894274,0.45454545454545453,0.0005476451259583959,-0.03777834606346897,0.046002190580503866,-0.000554652476336624,0.0001651800462503239,0.9550126225254864
BAX,EQUITY,10,912,460,0.5043859649122807,556,0.5413669064748201,356,0.44662921348314605,222,0.54673721340388,0.5048543689320388,0.004385964912280715,-0.042351248491599325,-0.0004684040197581174,-0.00032640890265327145,0.0005617351528650616,0.9641901393564561
BAX,EQUITY,20,910,459,0.5043956043956044,554,0.5469314079422383,356,0.43820224719101125,222,0.5512367491166078,0.5106194690265486,0.00439560439560438,-0.046841144721003425,-0.006223864630944265,-0.0011407226771403586,0.000868958065447456,0.9398390807092097
BBY,EQUITY,5,905,457,0.5049723756906077,491,0.5132382892057027,414,0.49516908212560384,230,0.5118942731277533,0.49382716049382713,0.004972375690607711,-0.006921897437145552,0.011145215196780578,-0.0014449351179973296,0.0005224660397074032,0.9124567741201315
BBY,EQUITY,10,904,430,0.4756637168141593,490,0.5081632653061224,414,0.43719806763285024,230,0.5352733686067019,0.48148148148148145,-0.02433628318584069,-0.05960965179254263,-0.005817764667322145,-0.002668524314096076,-0.00417764033717255,1.0025515430031602
BBY,EQUITY,20,902,457,0.5066518847006651,488,0.5266393442622951,414,0.4830917874396135,230,0.5212014134275619,0.5190097259062776,0.006651884700665134,-0.014549528726896743,-0.012357841205612452,-0.00665481506286204,0.0023608116807334323,0.828156912269807
BDX,EQUITY,5,904,447,0.4944690265486726,602,0.5299003322259136,302,0.423841059602649,231,0.5400881057268723,0.46825396825396826,-0.0055309734513274145,-0.045619079178199684,0.02621505829470433,-0.0014662497472982892,-0.00021692793196798066,0.8916333176409558
BDX,EQUITY,10,903,444,0.49169435215946844,601,0.5457570715474209,302,0.3841059602649007,231,0.5608465608465608,0.49514563106796117,-0.00830564784053156,-0.06915220868709238,-0.0034512789084927276,-0.002519252819721924,-0.0009420631182288641,0.8723005208260955
BDX,EQUITY,20,901,410,0.4550499445061043,599,0.5141903171953256,302,0.33774834437086093,231,0.5565371024734982,0.4650751547303271,-0.04495005549389569,-0.10148715796739388,-0.010025210224222814,-0.006689381243356889,-0.0041965059526524184,0.8603728790759553
BEN,EQUITY,5,895,452,0.5050279329608939,504,0.5158730158730159,391,0.49104859335038364,240,0.5180616740088105,0.48586572438162545,0.005027932960893877,-0.013033741047916658,0.019162208579268425,0.0006815668076926571,0.001142490372272098,1.0225896433138664
BEN,EQUITY,10,894,441,0.49328859060402686,503,0.5248508946322068,391,0.45268542199488493,240,0.5299823633156967,0.4819064430714916,-0.006711409395973145,-0.03669377271166985,0.011382147532535247,-0.00019244187599943375,-0.0008954629214601995,1.0186106968431703
BEN,EQUITY,20,892,480,0.5381165919282511,501,0.5608782435129741,391,0.5089514066496164,240,0.5335689045936396,0.5079505300353356,0.03811659192825112,0.004547687334611528,0.030166061892915486,-0.000904754603644058,0.0076340239413287825,0.8355571625202809
BF.B,EQUITY,5,888,422,0.4752252252252252,505,0.504950495049505,383,0.4360313315926893,247,0.5330396475770925,0.4942426926483614,-0.0247747747747748,-0.057814422351867345,-0.019017467423136203,-0.002197047100275776,-0.0014951639539385053,0.9209612373334899
BF.B,EQUITY,10,887,426,0.48027057497181513,504,0.5138888888888888,383,0.4360313315926893,247,0.5405643738977073,0.5026455026455027,-0.019729425028184866,-0.06029379892589215,-0.02237492767368754,-0.0038488265019455846,-0.0020993701889432392,0.8642903065200492
BF.B,EQUITY,20,885,406,0.45875706214689266,502,0.5258964143426295,383,0.370757180156658,247,0.5547703180212014,0.47614840989399293,-0.04124293785310734,-0.0960132558743087,-0.017391347747100272,-0.009048552949618874,-0.005369303300157058,0.8168519113740815
BG,EQUITY,5,910,455,0.5,539,0.5324675324675324,371,0.4528301886792453,225,0.5321585903083701,0.4863436123348018,0.0,-0.032158590308370094,0.013656387665198222,-0.0014161642671671317,2.8265124599746727e-06,0.9157129343486302
BG,EQUITY,10,909,449,0.49394939493949397,539,0.5194805194805194,370,0.45675675675675675,225,0.5246913580246914,0.4876543209876543,-0.006050605060506031,-0.030741963085197388,0.006295073951839647,-0.003261433799918826,-0.0007896221094191302,0.8892430758367937
BG,EQUITY,20,907,449,0.49503858875413453,539,0.5306122448979592,368,0.4429347826086957,225,0.5335689045936396,0.5132508833922261,-0.004961411245865466,-0.03853031583950506,-0.018212294638091597,-0.003038447378433582,-0.0012683201803833644,0.9276551409029729
BIIB,EQUITY,5,891,428,0.48035914702581367,525,0.4876190476190476,366,0.46994535519125685,234,0.5137777777777778,0.48576512455516013,-0.01964085297418633,-0.03341863075196411,-0.005405977529346462,-0.004870557497941096,-0.0019363640364389312,0.8142972619300473
BIIB,EQUITY,10,890,423,0.4752808988764045,524,0.4866412213740458,366,0.45901639344262296,234,0.5231316725978647,0.48131672597864766,-0.02471910112359549,-0.04785077372146024,-0.006035827102243152,-0.00769268038932519,-0.004880521989057696,0.8076319555646783
BIIB,EQUITY,20,888,419,0.47184684684684686,522,0.49233716475095785,366,0.4426229508196721,234,0.535650623885918,0.49376114081996436,-0.028153153153153143,-0.06380377703907114,-0.021914293973117505,-0.008831367271143125,-0.006343794515747292,0.8694983412136434
BITO,ETF,5,155,72,0.4645161290322581,65,0.36923076923076925,90,0.5333333333333333,35,0.4473684210526316,0.544973544973545,-0.035483870967741915,0.017147707979626503,-0.08045741594128691,-0.0018143331029200351,-0.0023068050749710522,1.0821020710094171
BITO,ETF,10,154,72,0.4675324675324675,65,0.4153846153846154,89,0.5056179775280899,35,0.48148148148148145,0.49206349206349204,-0.03246753246753248,-0.013949013949013933,-0.024531024531024515,-0.0022796754232598786,-0.009578063971932171,1.0778781468880272
BITO,ETF,20,152,67,0.4407894736842105,65,0.4,87,0.47126436781609193,35,0.48128342245989303,0.49732620320855614,-0.05921052631578949,-0.04049394877568252,-0.05653672952434563,-0.004011162810157767,-0.01080667520759715,1.1760377389914083
BKNG,EQUITY,5,298,154,0.5167785234899329,210,0.5619047619047619,88,0.4090909090909091,82,0.5394736842105263,0.4921052631578947,0.016778523489932917,-0.02269516072059341,0.024673260332038205,-0.0020768327751461784,0.0013012499649310283,0.8353291522933427
BKNG,EQUITY,10,297,139,0.468013468013468,209,0.5263157894736842,88,0.32954545454545453,82,0.5567282321899736,0.48548812664907653,-0.03198653198653201,-0.08871476417650559,-0.017474658635608542,-0.007471836252937868,-0.0030352794608980993,0.8582607870836433
BKNG,EQUITY,20,295,141,0.47796610169491527,207,0.5458937198067633,88,0.3181818181818182,82,0.5782493368700266,0.4854111405835544,-0.02203389830508473,-0.10028323517511128,-0.007445038888639122,-0.012926927914809658,-0.005639845436981372,0.7670290508711466
BKR,EQUITY,5,235,119,0.5063829787234042,176,0.5284090909090909,59,0.4406779661016949,60,0.5423728813559322,0.48639455782312924,0.006382978723404209,-0.03598990263252799,0.019988420900274972,-0.0009633805058428217,0.0004759638267490818,0.9280625151492667
BKR,EQUITY,10,234,116,0.49572649572649574,175,0.5428571428571428,59,0.3559322033898305,60,0.5680272108843537,0.5034013605442177,-0.004273504273504258,-0.07230071515785796,-0.007674864817721949,-0.003352813125119037,-0.0009128629047163717,0.899330307882475
BKR,EQUITY,20,232,104,0.4482758620689655,173,0.49710982658959535,59,0.3050847457627119,60,0.5547945205479452,0.4383561643835616,-0.051724137931034475,-0.10651865847897968,0.009919697685403905,-0.008423988612583833,-0.010456428515833283,0.991596731947283
BLDR,EQUITY,5,849,437,0.5147232037691402,486,0.522633744855967,363,0.5041322314049587,193,0.5076775431861804,0.4724104549854792,0.014723203769140158,0.007045660582959745,0.04231274878366098,0.001102033478420304,0.002195389681668436,0.9777264584697085
BLDR,EQUITY,10,848,457,0.5389150943396226,486,0.5596707818930041,362,0.511049723756906,193,0.526416906820365,0.5240847784200385,0.03891509433962259,0.012498187519257575,0.014830315919584058,0.004441029188497908,0.006037776709801157,0.9470033647314012
BLDR,EQUITY,20,846,462,0.5460992907801419,486,0.588477366255144,360,0.4888888888888889,193,0.5553416746871992,0.5106177606177607,0.046099290780141855,-0.009242383907057339,0.0354815301623812,0.010866881814907161,0.01760731417102457,0.9925231380762114
BLK,EQUITY,5,904,487,0.5387168141592921,666,0.5570570570570571,238,0.48739495798319327,231,0.5409691629955947,0.5088183421516755,0.03871681415929207,-0.0022523488363026534,0.029898472007616528,0.001462791682449314,0.002348480117406737,0.9445737277662231
BLK,EQUITY,10,903,465,0.5149501661129569,665,0.5458646616541354,238,0.42857142857142855,231,0.5555555555555556,0.4977934686672551,0.014950166112956853,-0.04060538944259873,0.017156697445701752,0.0028989449469728375,0.0016320397906843809,1.080476977988489
BLK,EQUITY,20,901,494,0.5482796892341842,663,0.5897435897435898,238,0.4327731092436975,231,0.5918727915194346,0.5185512367491166,0.04827968923418424,-0.043593102285250374,0.029728452485067614,0.002572907001755752,0.0067143671903353574,0.8958046461700405
BMY,EQUITY,5,886,430,0.4853273137697517,543,0.5046040515653776,343,0.45481049562682213,249,0.5171806167400881,0.49514563106796117,-0.01467268623024831,-0.031853302970336395,-0.009818317298209478,-0.000782305745690113,-0.0007722122838401679,0.9935306489804544
BMY,EQUITY,10,885,448,0.5062146892655367,542,0.5369003690036901,343,0.4577259475218659,249,0.5379188712522046,0.48983200707338637,0.006214689265536699,-0.03170418198666791,0.016382682192150333,-0.0012068691881064767,0.0009915716410512365,0.9104135694710371
BMY,EQUITY,20,883,450,0.5096262740656852,540,0.5592592592592592,343,0.4314868804664723,249,0.5627208480565371,0.5044326241134752,0.00962627406568517,-0.053094573990851934,0.005193649952209944,-0.002406059004363285,0.0020935101186321248,0.8737800265396509
BND,ETF,5,753,377,0.50066401062417,417,0.5251798561151079,336,0.47023809523809523,195,0.5263713080168776,0.4909670563230606,0.0006640106241699861,-0.025707297392707606,0.009696954301109395,-6.0159904223078084e-05,0.00011420740063949886,0.9725770827444133
BND,ETF,10,752,380,0.5053191489361702,417,0.513189448441247,335,0.4955223880597015,195,0.5100316789862724,0.48731501057082455,0.005319148936170248,-0.004712530050102193,0.0180041383653457,1.2277528653678858e-05,0.0001973022231311905,0.9826919456739489
BND,ETF,20,750,379,0.5053333333333333,417,0.5299760191846523,333,0.4744744744744745,195,0.5153439153439153,0.4739084132055378,0.005333333333333301,-0.010010582010582025,0.03142492012779552,0.000475738373899622,0.0004016065910930622,1.088594721617097
BR,EQUITY,5,753,399,0.5298804780876494,579,0.5457685664939551,174,0.47701149425287354,196,0.5395152792413066,0.5121693121693122,0.029880478087649376,-0.009634801153657224,0.017711165918337213,0.0023954621413118608,0.0026574541589157175,1.077744129504414
BR,EQUITY,10,752,412,0.5478723404255319,578,0.5605536332179931,174,0.5057471264367817,196,0.5664556962025317,0.5190274841437632,0.0478723404255319,-0.018583355776999766,0.028844856281768694,0.004261092688216137,0.0040696218198001954,1.0527802765653393
BR,EQUITY,20,752,421,0.5598404255319149,578,0.5865051903114187,174,0.47126436781609193,194,0.5887949260042283,0.5306553911205074,0.05984042553191493,-0.028954500472313405,0.029185034411407518,0.008276674644914106,0.007922660907639156,1.09261532993795
BRK.B,EQUITY,5,912,470,0.5153508771929824,702,0.5356125356125356,210,0.44761904761904764,223,0.5400881057268723,0.47703180212014135,0.015350877192982448,-0.02473722853388982,0.0383190750728411,7.09683721859129e-05,0.0007191982490969973,0.9471346595132508
BRK.B,EQUITY,10,911,464,0.5093304061470911,701,0.5335235378031383,210,0.42857142857142855,223,0.54673721340388,0.47572815533980584,0.00933040614709113,-0.03740680725678891,0.033602250807285294,0.0006110535693972756,0.0006286342920005517,1.008090224222258
BRK.B,EQUITY,20,909,474,0.5214521452145214,699,0.5550786838340487,210,0.4095238095238095,223,0.5715547703180212,0.5031000885739593,0.021452145214521434,-0.05010262510349972,0.018352056640562164,0.0011621714031163214,0.0020539152759949664,0.9750415095130233
BRO,EQUITY,5,909,485,0.5335533553355336,645,0.5596899224806201,264,0.4696969696969697,226,0.5612334801762114,0.49248452696728556,0.03355335533553361,-0.027680124840677833,0.041068828368248045,0.0004898260661064604,0.00199259891830339,0.913157787933675
BRO,EQUITY,10,908,480,0.5286343612334802,644,0.5512422360248447,264,0.4734848484848485,226,0.5564373897707231,0.49734513274336284,0.028634361233480177,-0.027803028537242924,0.03128922849011734,0.001963634845702174,0.0028462958904996727,1.006000858043799
BRO,EQUITY,20,906,491,0.5419426048565121,642,0.5716510903426791,264,0.4696969696969697,226,0.5715547703180212,0.4871567759078831,0.04194260485651213,-0.02961216546150902,0.054785828948629045,0.0048119087240152845,0.005171835922956558,1.0413314026040001
BSX,EQUITY,5,911,463,0.5082327113062569,545,0.5192660550458715,366,0.4918032786885246,224,0.5233480176211454,0.47914818101153506,0.008232711306256912,-0.015115306314888444,0.029084530294721855,0.0012619897819940058,0.0008417508417508657,1.0516697562661441
BSX,EQUITY,10,911,455,0.4994511525795829,545,0.5247706422018349,366,0.46174863387978143,223,0.5352733686067019,0.4804964539007092,-0.000548847420417109,-0.03582221602711905,0.01895469867887367,0.002660189725267587,0.0,1.1319820228851794
BSX,EQUITY,20,911,488,0.535675082327113,545,0.5577981651376147,366,0.5027322404371585,221,0.5291519434628975,0.5141843971631206,0.03567508232711303,0.006523138864215516,0.02149068516399244,0.006852044462719966,0.005617977528089901,1.0892941704145531
BX,EQUITY,5,740,361,0.48783783783783785,489,0.5051124744376279,251,0.4541832669322709,198,0.5170575692963753,0.4732905982905983,-0.012162162162162149,-0.0292197314585374,0.014547239547239577,2.5606187464625144e-05,-0.0014050342397620708,1.0511119614399096
BX,EQUITY,10,739,385,0.5209742895805142,488,0.5614754098360656,251,0.44223107569721115,198,0.5613660618996799,0.5005347593582887,0.02097428958051417,-0.040391772319165686,0.020439530222225444,0.002214406236947338,0.003767491926802924,0.9904552741272404
BX,EQUITY,20,737,384,0.5210312075983717,486,0.5802469135802469,251,0.4063745019920319,198,0.5775401069518716,0.5203426124197003,0.021031207598371737,-0.0565088993534999,0.0006885951786714806,0.002950072478879308,0.005699606646865307,0.9847088363358186
BXP,EQUITY,5,905,471,0.5204419889502763,543,0.5285451197053407,362,0.5082872928176796,230,0.5259911894273128,0.4541446208112875,0.02044198895027627,-0.005549200477036553,0.06629736813898879,0.00015773305325250222,0.0018325697625989346,0.9307613319091338
BXP,EQUITY,10,905,454,0.5016574585635359,543,0.5193370165745856,362,0.47513812154696133,229,0.5246913580246914,0.5030891438658429,0.0016574585635359407,-0.023033899461155416,-0.001431685302306973,0.0003563877073349058,0.0002085505735140991,1.0102623197783647
BXP,EQUITY,20,903,456,0.5049833887043189,541,0.512014787430684,362,0.494475138121547,229,0.5265017667844523,0.48586572438162545,0.004983388704318914,-0.02151837808013335,0.01911766432269346,-0.0035864214039497792,0.0013369924706212455,0.8711770995956759
C,EQUITY,5,900,460,0.5111111111111111,524,0.5343511450381679,376,0.4787234042553192,235,0.5233480176211454,0.49734513274336284,0.011111111111111072,-0.012236906510034284,0.013765978367748233,-6.931172526881468e-05,0.001040539127387552,0.9531580585591978
C,EQUITY,10,899,451,0.5016685205784205,523,0.5124282982791587,376,0.4867021276595745,235,0.5308641975308642,0.4929203539823009,0.0016685205784204848,-0.02919567695244374,0.0087481665961196,0.0011093570873753034,0.0001682651859329365,1.0337358131006764
C,EQUITY,20,897,454,0.5061315496098104,521,0.5316698656429942,376,0.47074468085106386,235,0.5371024734982333,0.4928952042628774,0.006131549609810438,-0.03097092388842282,0.01323634534693302,0.00319235603887508,0.0011990407673860837,1.0565054722866476
CAH,EQUITY,5,898,435,0.4844097995545657,563,0.5204262877442274,335,0.42388059701492536,237,0.5365638766519824,0.4708994708994709,-0.015590200445434299,-0.05215407709741665,0.013510328655094828,-0.0012922879200244382,-0.0008963823429129492,0.9648535884686983
CAH,EQUITY,10,897,439,0.48940914158305465,562,0.5480427046263345,335,0.39104477611940297,237,0.5634920634920635,0.4982300884955752,-0.010590858416945348,-0.07408292190900884,-0.008820946912520555,-0.0026952929808437163,-0.0011938872970392866,0.9058358584718916
CAH,EQUITY,20,895,426,0.4759776536312849,560,0.5428571428571428,335,0.3641791044776119,237,0.5680212014134276,0.4620141342756184,-0.024022346368715086,-0.09204354778214269,0.013963519355666532,-0.004072592667513415,-0.0054590947001288415,0.9483714990053611
CARR,EQUITY,5,218,112,0.5137614678899083,136,0.5,82,0.5365853658536586,53,0.4944649446494465,0.4981549815498155,0.013761467889908285,0.01929652324046177,0.015606486340092762,-0.0026930558090634852,0.001449377374997729,0.8052680852233927
CARR,EQUITY,10,217,112,0.5161290322580645,136,0.5147058823529411,81,0.5185185185185185,53,0.5148148148148148,0.4703703703703704,0.016129032258064502,0.0013142174432496656,0.04575866188769412,-0.004162868197526698,0.0028998438545617677,0.7859139660647341
CARR,EQUITY,20,217,101,0.46543778801843316,136,0.45588235294117646,81,0.48148148148148145,51,0.48134328358208955,0.47388059701492535,-0.03456221198156684,-0.01590549556365639,-0.00844280899649219,-0.009417799019118305,-0.003701989819528073,0.8879574797265624
CASY,EQUITY,5,911,461,0.5060373216245884,723,0.5269709543568465,188,0.425531914893617,224,0.5427312775330396,0.4562334217506631,0.006037321624588365,-0.03669395590845126,0.04980389987392525,-0.0011000638920576715,0.000572737686139857,0.9044387176038148
CASY,EQUITY,10,910,442,0.4857142857142857,722,0.5055401662049861,188,0.4095744680851064,224,0.5511463844797179,0.48364279398762156,-0.01428571428571429,-0.06543209876543216,0.002071491726664154,-0.001752357050238051,-0.001009667560529115,0.9682239152273526
CASY,EQUITY,20,908,445,0.4900881057268722,720,0.5277777777777778,188,0.34574468085106386,224,0.588339222614841,0.4535809018567639,-0.009911894273127775,-0.09825111688796873,0.03650720387010831,-0.001635217085559329,-0.0020822148625041503,0.9797239755416709
CAT,EQUITY,5,914,480,0.5251641137855579,608,0.5476973684210527,306,0.4803921568627451,221,0.5365638766519824,0.5022026431718062,0.02516411378555794,-0.011399762866424412,0.022961470613751755,0.0013847019310975785,0.0028493946003426696,0.9829703125503588
CAT,EQUITY,10,914,484,0.5295404814004376,608,0.5723684210526315,306,0.4444444444444444,220,0.5599647266313933,0.5057369814651368,0.029540481400437635,-0.03042424523095566,0.023803499935300843,0.0034020444456001183,0.00452817853244758,1.022619890343535
CAT,EQUITY,20,914,501,0.5481400437636762,608,0.6052631578947368,306,0.434640522875817,218,0.5795053003533569,0.5220848056537103,0.0481400437636762,-0.0313652565896807,0.026055238109965906,0.0031685472099584034,0.01032164483018494,0.9027955462766557
CB,EQUITY,5,895,444,0.4960893854748603,709,0.5176304654442877,186,0.41397849462365593,240,0.5444933920704845,0.46519823788546255,-0.0039106145251396884,-0.048404006595624216,0.03089114758939776,-0.0011643155955442224,-0.0006540935353755994,0.9066217822975255
CB,EQUITY,10,894,444,0.4966442953020134,708,0.5296610169491526,186,0.3709677419354839,240,0.5590828924162258,0.47619047619047616,-0.0033557046979865723,-0.062438597114212346,0.020453819111537264,-0.0025413410777757055,-0.000384883702758243,0.8503158644637545
CB,EQUITY,20,892,437,0.4899103139013453,706,0.5382436260623229,186,0.3064516129032258,240,0.5768551236749117,0.46631205673758863,-0.010089686098654682,-0.08694480977356633,0.023598257163756686,-0.006345089548750522,-0.0007132260321786599,0.7574829767806825
CBOE,EQUITY,5,652,349,0.5352760736196319,502,0.5677290836653387,150,0.4266666666666667,131,0.565772669220945,0.4711168164313222,0.03527607361963192,-0.030496595601313126,0.06415925718830973,0.00023101063288203337,0.0018450899621380024,0.8847391903603868
CBOE,EQUITY,10,651,361,0.554531490015361,501,0.5988023952095808,150,0.4066666666666667,131,0.5959079283887468,0.5140664961636828,0.05453149001536095,-0.04137643837338589,0.04046499385167812,0.0011210728488988532,0.005751419181356576,0.8583267445366124
CBOE,EQUITY,20,650,367,0.5646153846153846,500,0.616,150,0.3933333333333333,130,0.6115384615384616,0.5237483953786907,0.06461538461538463,-0.046923076923076956,0.04086698923669396,0.0029886823571927605,0.00873517015058678,0.8704126614031349
CBRE,EQUITY,5,302,161,0.5331125827814569,216,0.5555555555555556,86,0.47674418604651164,75,0.5570291777188329,0.5225464190981433,0.0331125827814569,-0.023916594937375968,0.010566163683313645,0.0009095643063381509,0.00344382038280977,0.9243107147726778
CBRE,EQUITY,10,301,160,0.53156146179402,215,0.5720930232558139,86,0.43023255813953487,75,0.5851063829787234,0.5345744680851063,0.031561461794019974,-0.05354492118470344,-0.003013006291086362,0.0010670615162479092,0.0028337531486146705,0.9216778196324734
CBRE,EQUITY,20,299,164,0.5484949832775919,213,0.6197183098591549,86,0.37209302325581395,75,0.6229946524064172,0.5347593582887701,0.04849498327759194,-0.07449966912882522,0.01373562498882186,-0.004367898710854152,0.008643144683874171,0.7300202804432757
CCEP,EQUITY,5,274,133,0.4854014598540146,204,0.5343137254901961,70,0.34285714285714286,70,0.5755813953488372,0.49709302325581395,-0.014598540145985384,-0.09017993549482262,-0.011691563401799332,-0.0013052591735025572,-0.0005522362449516538,0.9656249428370552
CCEP,EQUITY,10,273,135,0.4945054945054945,203,0.5517241379310345,70,0.32857142857142857,70,0.5801749271137027,0.4606413994169096,-0.005494505494505475,-0.08566943260820814,0.0338640950885849,-0.0043402659320460925,-0.0005586592178770111,0.8182976348043656
CCEP,EQUITY,20,271,127,0.46863468634686345,201,0.5373134328358209,70,0.2714285714285714,70,0.5865102639296188,0.4823529411764706,-0.03136531365313655,-0.11787557758275535,-0.013718254829607146,-0.012839510779308729,-0.0024307900067520594,0.6968729545467354
CCI,EQUITY,5,898,439,0.4888641425389755,628,0.5,270,0.46296296296296297,237,0.5259911894273128,0.45719329214474846,-0.011135857461024523,-0.037127046888337345,0.03167085039422701,-0.0015490798367815701,-0.0007798057736131958,0.938874421928557
CCI,EQUITY,10,897,421,0.4693422519509476,628,0.4840764331210191,269,0.4349442379182156,237,0.5246913580246914,0.4889673433362754,-0.030657748049052413,-0.05534910607374377,-0.01962509138532781,-0.002790651405240876,-0.003015984719010767,0.9786742756380674
CCI,EQUITY,20,895,423,0.47262569832402235,628,0.5047770700636943,267,0.3970037453183521,237,0.553886925795053,0.45969884853852966,-0.027374301675977653,-0.0812612274710307,0.012926849785492689,-0.0019161322124789525,-0.002949852507374784,1.0388365754972608
CCL,EQUITY,5,888,433,0.48761261261261263,475,0.4926315789473684,413,0.48184019370460046,247,0.4986784140969163,0.4960212201591512,-0.012387387387387372,-0.011065801484303694,-0.008408607546538549,-0.0008431386112707699,-0.0015673078628749004,1.009848838289479
CCL,EQUITY,10,887,409,0.46110484780157834,474,0.4810126582278481,413,0.43825665859564167,247,0.5105820105820106,0.5163283318623124,-0.038895152198421656,-0.04947716278043224,-0.055223484060734074,-0.0030097369855137225,-0.0055124029065396485,1.055429166617595
CCL,EQUITY,20,885,402,0.4542372881355932,472,0.4851694915254237,413,0.4188861985472155,247,0.5167844522968198,0.464,-0.04576271186440678,-0.06254716416122658,-0.009762711864406803,-0.008176953013632212,-0.00954838709677408,0.9947906241006563
CDNS,EQUITY,5,839,434,0.5172824791418356,640,0.5328125,199,0.46733668341708545,183,0.5352250489236791,0.5148221343873518,0.01728247914183556,-0.017942569781843498,0.0024603447544837564,0.0017092882307083313,0.002107728337236381,1.0297671266724742
CDNS,EQUITY,10,838,451,0.5381861575178998,640,0.5796875,198,0.40404040404040403,183,0.5759059745347699,0.5186274509803922,0.03818615751789978,-0.037719817016870105,0.019558706537507575,0.003950823522684496,0.004219992014306229,1.008531833824361
CDNS,EQUITY,20,838,453,0.5405727923627685,640,0.590625,198,0.3787878787878788,181,0.5986261040235525,0.4955839057899902,0.04057279236276845,-0.05805331166078409,0.044988886572778275,0.006554761530211763,0.0080666067359354,1.02439194825008
CDW,EQUITY,5,505,248,0.4910891089108911,358,0.5223463687150838,147,0.41496598639455784,119,0.5352564102564102,0.47351524879614765,-0.008910891089108919,-0.04416730134551916,0.017573860114743434,-7.438232022056207e-05,-0.000673627484001349,1.0310669796793703
CDW,EQUITY,10,504,264,0.5238095238095238,357,0.5658263305322129,147,0.4217687074829932,119,0.550561797752809,0.4799357945425361,0.023809523809523836,-0.026752273943285165,0.04387372926698774,0.0005369584964876623,0.003259860481154342,0.9328854766802973
CDW,EQUITY,20,502,263,0.5239043824701195,355,0.5746478873239437,147,0.4013605442176871,119,0.5700483091787439,0.4894991922455573,0.0239043824701195,-0.04614392670862444,0.03440519022456218,-0.0007549231621332325,0.004877117981115231,0.8856387367280386
CEG,EQUITY,5,143,73,0.5104895104895105,112,0.5357142857142857,31,0.41935483870967744,32,0.5542857142857143,0.5714285714285714,0.010489510489510523,-0.04379620379620375,-0.060939060939060874,2.4878501374166866e-05,0.0011977072461288873,0.9599029829706394
CEG,EQUITY,10,142,72,0.5070422535211268,111,0.5405405405405406,31,0.3870967741935484,32,0.5862068965517241,0.4942528735632184,0.007042253521126751,-0.07916464303059734,0.012789379957908353,-0.0013432502019832307,0.003270815710263497,0.9364112301467795
CEG,EQUITY,20,141,77,0.5460992907801419,111,0.6126126126126126,30,0.3,31,0.6395348837209303,0.5581395348837209,0.046099290780141855,-0.0934355929407884,-0.012040244103579067,-0.0050069756752379084,0.015274121738000024,0.7553619006892899
CF,EQUITY,5,804,406,0.5049751243781094,540,0.5296296296296297,264,0.45454545454545453,231,0.5429951690821256,0.5019342359767892,0.00497512437810943,-0.03802004470401621,0.0030408884013202186,0.0020631608867352626,0.00024427780773339514,1.0765416321716959
CF,EQUITY,10,804,407,0.5062189054726368,540,0.5425925925925926,264,0.4318181818181818,230,0.5502901353965184,0.49709302325581395,0.006218905472636815,-0.04407122992388157,0.009125882216822867,0.005113227176355014,0.000772588161868093,1.1461352212685951
CF,EQUITY,20,803,409,0.5093399750933998,539,0.549165120593692,264,0.42803030303030304,229,0.5542635658914729,0.49224806201550386,0.009339975093399788,-0.044923590798073065,0.017091913077895926,0.005913148088268412,0.001509206157561005,1.0994595481633926
CFG,EQUITY,5,430,212,0.4930232558139535,280,0.5392857142857143,150,0.4066666666666667,129,0.5635062611806798,0.48300536672629696,-0.006976744186046491,-0.0704830053667263,0.01001788908765655,-0.00022210861923581965,-0.0005494334464014594,1.0155738468596403
CFG,EQUITY,10,429,202,0.47086247086247085,279,0.5125448028673835,150,0.3933333333333333,129,0.553763440860215,0.496415770609319,-0.02913752913752915,-0.08290096999774416,-0.025553299746848168,-0.0012690836112740495,-0.0016344320348679053,1.0717338716089564
CFG,EQUITY,20,427,208,0.48711943793911006,277,0.5270758122743683,150,0.41333333333333333,129,0.5575539568345323,0.48201438848920863,-0.012880562060889944,-0.0704345188954223,0.005105049449901422,-0.003993788745824913,-0.0025163563160544022,0.9469599161079096
CHD,EQUITY,5,907,459,0.5060639470782801,706,0.5368271954674221,201,0.39800995024875624,228,0.5629955947136563,0.49245785270629994,0.006063947078280063,-0.05693164763537628,0.013606094371980126,-1.5913909562235047e-05,0.0006233118637024582,0.9744346277078492
CHD,EQUITY,10,906,467,0.5154525386313465,705,0.5446808510638298,201,0.4129353233830846,228,0.5687830687830688,0.4814159292035398,0.015452538631346546,-0.05333053015172229,0.03403660942780673,0.0009388592401638922,0.0012215940688498628,1.0067910997762946
CHD,EQUITY,20,904,476,0.5265486725663717,703,0.5746799431009957,201,0.3582089552238806,228,0.5980565371024735,0.5035335689045937,0.026548672566371723,-0.0715078645361018,0.023015103661778058,0.0022228099468839862,0.002522389901059019,1.0062871054757807
CHRW,EQUITY,5,808,369,0.4566831683168317,481,0.48440748440748443,327,0.41590214067278286,213,0.5239960822722821,0.45088408644400785,-0.0433168316831683,-0.06731291395545042,0.0057990818728238525,-0.0034814244003009203,-0.0023807059373455175,0.9191419095492607
CHRW,EQUITY,10,807,371,0.459727385377943,481,0.4781704781704782,326,0.4325153374233129,213,0.5254901960784314,0.4950884086444008,-0.040272614622057,-0.0657628107004884,-0.03536102326645779,-0.007001308450450808,-0.00355628504992489,0.8130475278083045
CHRW,EQUITY,20,805,357,0.4434782608695652,481,0.4864864864864865,324,0.37962962962962965,213,0.5392927308447937,0.452755905511811,-0.05652173913043479,-0.09581446997522847,-0.009277644642245786,-0.011807242158198061,-0.008054892601431884,0.8174439554399352
CHTR,EQUITY,5,827,431,0.5211608222490931,470,0.5553191489361702,357,0.47619047619047616,173,0.512,0.4817444219066937,0.021160822249093103,0.009160822249093092,0.039416400342399405,-3.5750478409028976,0.0020790020790021346,0.006047964339450713
CHTR,EQUITY,10,827,458,0.5538089480048367,470,0.5829787234042553,357,0.5154061624649859,172,0.5225225225225225,0.4949596774193548,0.05380894800483671,0.031286425482314195,0.058849270585481894,-3.451664264403908,0.007906549683738051,0.008307737609857556
CHTR,EQUITY,20,827,468,0.56590084643289,470,0.6042553191489362,357,0.5154061624649859,170,0.5416248746238717,0.5462776659959758,0.06590084643288996,0.024275971809018304,0.019623180436914134,-5.339408382282248,0.013965194438476436,0.0077398265254142295
CI,EQUITY,5,921,469,0.509229098805646,649,0.5485362095531587,272,0.41544117647058826,214,0.5436123348017621,0.4929328621908127,0.009229098805646041,-0.034383235996116035,0.016296236614833315,-0.00031789822472152123,0.0006531678641410466,0.9439782547706358
CI,EQUITY,10,920,487,0.5293478260869565,649,0.5916795069337443,271,0.3800738007380074,214,0.582010582010582,0.4818744473916888,0.02934782608695652,-0.05266275592362546,0.04747337869526774,-0.0006446914088646198,0.002588519982795079,0.8631312654092547
CI,EQUITY,20,919,503,0.5473340587595212,649,0.6194144838212635,270,0.37407407407407406,213,0.5998233215547704,0.534452296819788,0.047334058759521236,-0.052489262795249125,0.012881761939733227,0.0016016316727721495,0.008365700627427586,0.8713796367182478
CIBR,ETF,5,426,236,0.5539906103286385,343,0.565597667638484,83,0.5060240963855421,92,0.5656370656370656,0.5164410058027079,0.0539906103286385,-0.011646455308427117,0.03754960452593059,0.0018049933707317864,0.003460178866140251,0.9273896543639653
CIBR,ETF,10,425,226,0.5317647058823529,342,0.5672514619883041,83,0.3855421686746988,92,0.5918762088974855,0.46421663442940037,0.03176470588235292,-0.06011150301513257,0.06754807145295255,0.0034087384150555283,0.0037190082644626976,1.068128236975449
CIBR,ETF,20,423,233,0.5508274231678487,340,0.5823529411764706,83,0.42168674698795183,92,0.5883495145631068,0.487378640776699,0.05082742316784872,-0.037522091395258084,0.0634487823911497,0.0030116784376009436,0.008266472161439387,0.9236680794934788
CIEN,EQUITY,5,793,399,0.5031525851197982,481,0.5343035343035343,312,0.4551282051282051,179,0.5349794238683128,0.5077399380804953,0.0031525851197982124,-0.03182683874851455,-0.004587352960697122,0.0013764099593813214,0.0007800312012480326,1.044937092851662
CIEN,EQUITY,10,792,391,0.4936868686868687,480,0.5104166666666666,312,0.46794871794871795,179,0.5262615859938208,0.5242018537590113,-0.006313131313131326,-0.032574717306952106,-0.03051498507214262,0.0031507675351137676,-0.0009868484983008297,1.1198150495471468
CIEN,EQUITY,20,790,383,0.48481012658227846,480,0.5354166666666667,310,0.4064516129032258,179,0.5510835913312694,0.4855371900826446,-0.015189873417721544,-0.06627346474899093,-0.0007270635003661652,0.00264966912790764,-0.007203611539006116,1.1155613802337434
CINF,EQUITY,5,927,476,0.5134843581445523,628,0.535031847133758,299,0.4682274247491639,208,0.5356828193832599,0.4986737400530504,0.013484358144552289,-0.022198461238707612,0.014810618091501915,-0.0012863667771905037,0.0006566946369938043,0.8491220892363898
CINF,EQUITY,10,927,464,0.5005393743257821,628,0.5366242038216561,299,0.42474916387959866,207,0.5502645502645502,0.4951370468611848,0.0005393743257821049,-0.04972517593876813,0.00540232746459729,-0.0028898055583037323,0.0002000400080015563,0.843430902817144
CINF,EQUITY,20,925,468,0.505945945945946,626,0.5463258785942492,299,0.4214046822742475,207,0.5565371024734982,0.50177304964539,0.005945945945945996,-0.050591156527552195,0.0041728963005559505,-0.003660822199963357,0.0007580351728322388,0.839637056881947
CL,EQUITY,5,908,437,0.4812775330396476,630,0.5095238095238095,278,0.4172661870503597,227,0.5259911894273128,0.4801412180052957,-0.018722466960352402,-0.044713656387665224,0.001136315034351909,-0.0013555210230370147,-0.0007804386259218643,0.9293164574398675
CL,EQUITY,10,907,440,0.48511576626240355,629,0.5214626391096979,278,0.4028776978417266,227,0.5546737213403881,0.479646017699115,-0.014884233737596453,-0.06955795507798451,0.0054697485632885234,-0.002289091193835142,-0.0009132420091324533,0.8813682170086032
CL,EQUITY,20,905,446,0.49281767955801103,627,0.5406698564593302,278,0.38489208633093525,227,0.5697879858657244,0.5190097259062776,-0.007182320441988965,-0.0769703063077134,-0.02619204634826655,-0.003717712225616763,-0.0007242178447278702,0.8270810284624083
CLX,EQUITY,5,880,448,0.509090909090909,549,0.5191256830601093,331,0.49244712990936557,255,0.5330396475770925,0.46996466431095407,0.009090909090909038,-0.023948738486183507,0.039126244779954966,-0.0003437078907947727,0.00047070117717379345,0.9328848033740293
CLX,EQUITY,10,879,447,0.5085324232081911,548,0.5164233576642335,331,0.4954682779456193,255,0.5343915343915344,0.499558693733451,0.008532423208191142,-0.025859111183343275,0.008973729474740122,0.0001781198735176633,0.0005869405722669363,0.9784033349666253
CLX,EQUITY,20,878,447,0.5091116173120729,547,0.5210237659963437,331,0.48942598187311176,254,0.5300353356890459,0.5163572060123784,0.009111617312072884,-0.020923718376973044,-0.007245588700305561,-0.000746892537078685,0.001339258456839354,0.9297609615986041
CMCSA,EQUITY,5,863,432,0.5005793742757821,557,0.5098743267504489,306,0.48366013071895425,211,0.5111731843575419,0.46492048643592143,0.0005793742757821407,-0.010593810081759747,0.03565888783986071,-0.0007777873694125467,0.00023364485981325345,0.9401946379842105
CMCSA,EQUITY,10,863,444,0.5144843568945539,557,0.5421903052064632,306,0.46405228758169936,210,0.5312208760484622,0.5023430178069354,0.014484356894553851,-0.01673651915390839,0.012141339087618497,-0.00040588349342944255,0.001466634074798412,0.9232089260502875
CMCSA,EQUITY,20,862,454,0.5266821345707656,557,0.5565529622980251,305,0.4721311475409836,209,0.5555555555555556,0.5093632958801498,0.026682134570765625,-0.028873420984789955,0.01731883869061579,-0.0007145351100975023,0.004736461214943977,0.8750067956670217
CME,EQUITY,5,904,436,0.4823008849557522,620,0.5016129032258064,284,0.44014084507042256,231,0.5198237885462555,0.4713656387665198,-0.017699115044247815,-0.037522903590503365,0.010935246189232362,0.00020267812167016486,-0.0016539026119780642,1.0885411957857138
CME,EQUITY,10,903,447,0.4950166112956811,619,0.5266558966074314,284,0.426056338028169,231,0.544973544973545,0.47707231040564374,-0.004983388704318914,-0.04995693367786391,0.017944300890037346,0.0006743292200745183,-0.00041457937467614947,1.0542488523291056
CME,EQUITY,20,902,458,0.5077605321507761,618,0.5469255663430421,284,0.4225352112676056,230,0.5450530035335689,0.5061837455830389,0.0077605321507761005,-0.03729247138279279,0.0015767865677371873,0.0029819358062702314,0.0015011519663631345,1.0794162513201058
CMG,EQUITY,5,823,450,0.5467800729040098,559,0.5652951699463328,264,0.5075757575757576,188,0.533135509396637,0.5014836795252225,0.04678007290400976,0.013644563507372753,0.045296393378787214,0.0026472280744643376,0.003754906980713457,0.9537345734709853
CMG,EQUITY,10,822,461,0.5608272506082725,559,0.6046511627906976,263,0.467680608365019,188,0.5722772277227722,0.5257425742574258,0.06082725060827254,-0.011449977114499688,0.03508467635084678,0.0049430416796531285,0.008304198533017892,0.937117310642074
CMG,EQUITY,20,821,468,0.5700365408038977,558,0.6236559139784946,263,0.45627376425855515,187,0.5892857142857143,0.5178571428571429,0.07003654080389765,-0.01924917348181665,0.052179397946754746,0.009209082125234422,0.013782324524012513,0.9393681412389507
CMI,EQUITY,5,894,455,0.5089485458612976,647,0.5239567233384853,247,0.46963562753036436,228,0.5320855614973262,0.48438893844781444,0.008948545861297563,-0.023137015636028657,0.02455960741348312,0.0018071783123068004,0.001904942767350315,1.0717222820014551
CMI,EQUITY,10,894,474,0.5302013422818792,647,0.5610510046367851,247,0.4493927125506073,227,0.567350579839429,0.49241748438893845,0.030201342281879207,-0.03714923755754984,0.03778385789294075,0.0030345717816280286,0.004122307501856826,1.0042470378069963
CMI,EQUITY,20,894,485,0.5425055928411633,647,0.5749613601236476,247,0.4574898785425101,225,0.5764075067024129,0.5004468275245755,0.04250559284116329,-0.03390191386124963,0.04205876531658781,0.006314016690021155,0.007893644513169595,1.0128800598902477
CMS,EQUITY,5,905,461,0.5093922651933702,684,0.533625730994152,221,0.4343891402714932,230,0.5462555066079295,0.47079646017699117,0.00939226519337022,-0.03686324141455932,0.03859580501637905,-0.0010333561458075425,0.0005543237250555944,0.8722386475652857
CMS,EQUITY,10,904,462,0.5110619469026548,684,0.5599415204678363,220,0.35909090909090907,230,0.5811287477954145,0.4995571302037201,0.011061946902654829,-0.07006680089275963,0.011504816698934717,-0.00119103035684581,0.0009556875435603462,0.8812561661207199
CMS,EQUITY,20,902,449,0.4977827050997783,684,0.554093567251462,218,0.3211009174311927,230,0.5918727915194346,0.5004444444444445,-0.0022172949002217113,-0.09409008641965633,-0.002661739344666181,-0.0015238971397831976,0.0,0.9371321176833173
CNC,EQUITY,5,908,480,0.5286343612334802,553,0.5605786618444847,355,0.4788732394366197,222,0.5539823008849557,0.5022143489813995,0.028634361233480177,-0.025347939651475526,0.026420012252080682,-0.003676783639391112,0.0033732061249818757,0.7435854202208737
CNC,EQUITY,10,907,445,0.4906284454244763,552,0.532608695652174,355,0.4253521126760563,222,0.5509300265721878,0.4924712134632418,-0.009371554575523688,-0.0603015811477115,-0.0018427680387654854,-0.0055676254405755115,-0.0013170498084290605,0.853654096388237
CNC,EQUITY,20,906,439,0.4845474613686534,551,0.5390199637023594,355,0.4,221,0.5501330967169477,0.48845470692717585,-0.015452538631346602,-0.06558563534829426,-0.003907245558522454,-0.011002925408435098,-0.0028744260700893642,0.8135980002886576
CNP,EQUITY,5,874,447,0.511441647597254,610,0.5508196721311476,264,0.42045454545454547,261,0.5506607929515418,0.4933451641526176,0.011441647597253968,-0.03921914535428783,0.01809648344463638,-0.00109421533729922,0.0007708919744369158,0.8684809125843654
CNP,EQUITY,10,873,437,0.5005727376861397,610,0.5393442622950819,263,0.41064638783269963,261,0.5573192239858906,0.48936170212765956,0.000572737686139746,-0.056746486299750876,0.011211035558480187,-0.0016026792172482097,0.0004728132387707973,0.9012235667802813
CNP,EQUITY,20,872,430,0.49311926605504586,610,0.5393442622950819,262,0.38549618320610685,260,0.5750883392226148,0.4951111111111111,-0.006880733944954143,-0.08196907316756896,-0.0019918450560652556,-0.0016530523030264738,-0.00041678177065740396,0.9543890067926545
COF,EQUITY,5,919,454,0.4940152339499456,583,0.516295025728988,336,0.45535714285714285,216,0.5303964757709251,0.47703180212014135,-0.00598476605005438,-0.03638124182097946,0.016983431829804274,-0.0010825225970184666,-0.0003726774210723871,0.9664048692352876
COF,EQUITY,10,918,446,0.485838779956427,582,0.5034364261168385,336,0.45535714285714285,216,0.5255731922398589,0.4907325684024713,-0.014161220043573008,-0.039734412283431886,-0.004893788446044323,-0.0020370452095201533,-0.0019742114114985054,0.9774387529293036
COF,EQUITY,20,916,447,0.48799126637554585,580,0.5310344827586206,336,0.41369047619047616,216,0.558303886925795,0.49646643109540634,-0.012008733624454149,-0.07031262055024917,-0.008475164719860484,-0.0023951594980025736,-0.0039054535491863662,0.9827770869738467
COHR,EQUITY,5,795,429,0.539622641509434,585,0.558974358974359,210,0.4857142857142857,200,0.5547738693467337,0.513595166163142,0.03962264150943395,-0.015151227837299719,0.026027475346291906,0.0028217041878173124,0.0032357473035438122,0.9724910021255102
COHR,EQUITY,10,794,433,0.5453400503778337,584,0.5684931506849316,210,0.48095238095238096,200,0.5583501006036218,0.5,0.04534005037783373,-0.01301005022578805,0.04534005037783373,0.006574116355531613,0.006040490247170016,1.0268513583911798
COHR,EQUITY,20,792,449,0.5669191919191919,583,0.5986277873070326,209,0.4784688995215311,200,0.5897177419354839,0.5050403225806451,0.06691919191919193,-0.02279855001629194,0.061878869338546805,0.010731258415421205,0.012212480657246838,0.9538533570973421
COIN,EQUITY,5,170,70,0.4117647058823529,82,0.36585365853658536,88,0.45454545454545453,47,0.46543778801843316,0.4930875576036866,-0.08823529411764708,-0.05367308213608024,-0.08132285172133369,-0.014049637500254984,-0.022424818384728595,1.0600709924525724
COIN,EQUITY,10,169,75,0.4437869822485207,82,0.4146341463414634,87,0.47126436781609193,47,0.5,0.42592592592592593,-0.0562130177514793,-0.0562130177514793,0.01786105632259477,-0.0075666086003173426,-0.021856209150326933,1.124618548981063
COIN,EQUITY,20,167,76,0.4550898203592814,82,0.4268292682926829,85,0.4823529411764706,47,0.4953271028037383,0.4485981308411215,-0.044910179640718584,-0.0402372824444569,0.0064916895181599266,-0.028063088098571807,-0.04421975880131579,0.9130162485698647
COO,EQUITY,5,911,474,0.5203073545554336,611,0.5368248772504092,300,0.4866666666666667,224,0.5321585903083701,0.4575971731448763,0.020307354555433643,-0.011851235752936451,0.06271018141055734,0.0011767487176928776,0.001452432824981642,0.9967488084510279
COO,EQUITY,10,910,474,0.5208791208791209,610,0.5573770491803278,300,0.44666666666666666,224,0.5520282186948854,0.5158730158730159,0.020879120879120916,-0.03114909781576447,0.005006105006104988,0.0023744073213642475,0.001893979230587095,1.027253802658974
COO,EQUITY,20,908,500,0.5506607929515418,608,0.5986842105263158,300,0.4533333333333333,224,0.5715547703180212,0.5318021201413428,0.0506607929515418,-0.020893977366479355,0.01885867281019904,0.004873639216772753,0.00791301444616821,0.954533900646998
COP,EQUITY,5,867,418,0.48212226066897346,508,0.5216535433070866,359,0.42618384401114207,268,0.5286343612334802,0.4920353982300885,-0.017877739331026543,-0.04651210056450672,-0.00991313756111506,-0.0007639017505069682,-0.0012557555462536785,1.0272185500336017
COP,EQUITY,10,866,411,0.4745958429561201,507,0.514792899408284,359,0.4178272980501393,268,0.5326278659611993,0.5070671378091873,-0.025404157043879882,-0.05803202300507915,-0.03247129485306721,-0.0006596027971893923,-0.004653478978161596,1.0782081434992212
COP,EQUITY,20,864,420,0.4861111111111111,505,0.5346534653465347,359,0.4178272980501393,268,0.5477031802120141,0.5053003533568905,-0.013888888888888895,-0.061592069100903035,-0.019189242245779392,0.0013069028061932738,-0.003376469953595196,1.0962269479508975
COR,EQUITY,5,79,44,0.5569620253164557,65,0.5692307692307692,14,0.5,14,0.5698924731182796,0.5591397849462365,0.05696202531645567,-0.012930447801823952,-0.00217775962978084,0.00464906230816889,0.004398051496172561,1.2109273199817274
COR,EQUITY,10,78,45,0.5769230769230769,64,0.609375,14,0.42857142857142855,14,0.6086956521739131,0.5760869565217391,0.07692307692307687,-0.03177257525083621,0.0008361204013377366,0.007886069933624494,0.010561264318035501,1.1931027275322312
COR,EQUITY,20,76,43,0.5657894736842105,62,0.5967741935483871,14,0.42857142857142855,14,0.6222222222222222,0.5444444444444444,0.06578947368421051,-0.05643274853801172,0.02134502923976611,0.01017587038951829,0.007521866950978284,1.1092549630065638
COST,EQUITY,5,908,478,0.526431718061674,727,0.562585969738652,181,0.3812154696132597,227,0.5797356828193833,0.4673721340388007,0.026431718061673992,-0.053303964757709266,0.05905958402287331,0.0006786628483630114,0.001723843561274585,0.9553589577910512
COST,EQUITY,10,908,492,0.5418502202643172,727,0.5749656121045392,181,0.4088397790055249,226,0.5731922398589065,0.5185512367491166,0.04185022026431717,-0.031342019594589376,0.023298983515200544,0.001934601988960612,0.0030279702413881227,0.9579153119302731
COST,EQUITY,20,908,495,0.5451541850220264,727,0.5955983493810179,181,0.3425414364640884,224,0.5998233215547704,0.502210433244916,0.045154185022026394,-0.05466913653274397,0.042943751777110406,0.003295407057391451,0.006229390889938569,0.9645013356015405
CPAY,EQUITY,5,53,22,0.41509433962264153,28,0.39285714285714285,25,0.44,10,0.49206349206349204,0.5238095238095238,-0.08490566037735847,-0.07696915244085051,-0.10871518418688231,-0.007583460589412357,-0.011595687006806799,0.9233557367371008
CPAY,EQUITY,10,52,25,0.4807692307692308,27,0.5185185185185185,25,0.44,10,0.5483870967741935,0.43548387096774194,-0.019230769230769218,-0.06761786600496272,0.045285359801488845,-0.0032938061085061995,-0.0023940861166756866,0.9443211231189542
CPAY,EQUITY,20,50,27,0.54,25,0.6,25,0.48,10,0.5833333333333334,0.5333333333333333,0.040000000000000036,-0.043333333333333335,0.00666666666666671,-0.0031813742694605973,0.0136870703914998,0.7758999576999616
CPRT,EQUITY,5,936,497,0.530982905982906,688,0.559593023255814,248,0.45161290322580644,199,0.5577092511013216,0.5296198054818745,0.030982905982905984,-0.02672634511841565,0.0013631005010315,0.0008335773310716757,0.002159326153164165,0.9408756630510716
CPRT,EQUITY,10,936,486,0.5192307692307693,688,0.5436046511627907,248,0.45161290322580644,198,0.5564373897707231,0.4664310954063604,0.019230769230769273,-0.03720662053995383,0.052799673824408866,0.0012935596060720564,0.0021473448019452834,0.9909271547968291
CPRT,EQUITY,20,936,498,0.532051282051282,688,0.5828488372093024,248,0.3911290322580645,196,0.5909893992932862,0.4995571302037201,0.03205128205128205,-0.05893811724200415,0.032494151847561936,0.001293713956300045,0.004056660548250157,0.9213513862475662
CPT,EQUITY,5,915,455,0.4972677595628415,619,0.5250403877221325,296,0.4391891891891892,220,0.5312775330396475,0.47883597883597884,-0.002732240437158473,-0.034009773476806004,0.01843178072686269,0.00022404735797163463,-0.00027647221454252247,1.0280948697497483
CPT,EQUITY,10,915,454,0.4961748633879781,619,0.5428109854604201,296,0.39864864864864863,219,0.5485008818342152,0.4832155477031802,-0.0038251366120218844,-0.05232601844623708,0.012959315684797912,-0.0003389900657764784,-0.00029572674848432623,0.99693666736197
CPT,EQUITY,20,914,477,0.5218818380743983,618,0.5728155339805825,296,0.4155405405405405,218,0.5671378091872792,0.4929328621908127,0.021881838074398252,-0.04525597111288093,0.028948975883585526,-0.0017443854345740354,0.0030195730412171384,0.8567745932491968
CRH,EQUITY,5,74,33,0.44594594594594594,47,0.40425531914893614,27,0.5185185185185185,15,0.43820224719101125,0.4606741573033708,-0.05405405405405406,0.007743698754934691,-0.014728211357424859,-0.0024360421536087176,-0.0037092305489000443,1.0785647496359758
CRH,EQUITY,10,73,35,0.4794520547945205,47,0.5319148936170213,26,0.38461538461538464,15,0.5227272727272727,0.5,-0.02054794520547948,-0.043275217932752186,-0.02054794520547948,-0.009797389464886612,-0.006107940322419125,0.7233666372997355
CRH,EQUITY,20,71,25,0.352112676056338,47,0.3829787234042553,24,0.2916666666666667,15,0.5116279069767442,0.3953488372093023,-0.147887323943662,-0.1595152309204062,-0.0432361611529643,-0.031967255790993715,-0.027314273567860647,0.7299625382127475
CRL,EQUITY,5,907,474,0.5226019845644984,603,0.5538971807628524,304,0.4605263157894737,228,0.5453744493392071,0.47791519434628976,0.022601984564498356,-0.022772464774708734,0.044686790218208594,0.0003101065082543586,0.0017493986442160825,0.9307362536915231
CRL,EQUITY,10,906,485,0.5353200883002207,602,0.5880398671096345,304,0.4309210526315789,228,0.5828924162257496,0.4969108561341571,0.03532008830022071,-0.0475723279255289,0.03840923216606362,0.001327655300746405,0.003490701134245766,0.918133655229449
CRL,EQUITY,20,904,481,0.5320796460176991,600,0.5866666666666667,304,0.4243421052631579,228,0.5856890459363958,0.5070796460176992,0.03207964601769908,-0.05360939991869673,0.02499999999999991,-0.0021271300880056658,0.005636912431262742,0.8278963523821306
CRM,EQUITY,5,881,439,0.4982973893303065,639,0.5226917057902973,242,0.43388429752066116,213,0.5356489945155393,0.484903934126258,-0.0017026106696935162,-0.037351605185232784,0.013393455204048499,-0.00024105473114022715,-6.19156708562274e-05,0.9947583643249728
CRM,EQUITY,10,881,466,0.52894438138479,639,0.568075117370892,242,0.4256198347107438,212,0.5645013723696248,0.5041171088746569,0.028944381384790052,-0.03555699098483478,0.02482727251013317,0.0013341329139651109,0.004467401926567138,0.9342292044458036
CRM,EQUITY,20,881,468,0.5312145289443814,639,0.5899843505477308,242,0.3760330578512397,210,0.5847846012832264,0.4972477064220184,0.03121452894438137,-0.05357007233884503,0.033966822522362994,0.002938722984612631,0.005439485721350001,0.94898493540195
CRWD,EQUITY,5,251,131,0.5219123505976095,185,0.5783783783783784,66,0.36363636363636365,62,0.5750798722044729,0.5047923322683706,0.021912350597609542,-0.05316752160686333,0.01712001832923893,0.004579207807384413,0.00998426915791839,1.0775754142009655
CRWD,EQUITY,10,250,134,0.536,184,0.5760869565217391,66,0.42424242424242425,62,0.5801282051282052,0.5256410256410257,0.03600000000000003,-0.044128205128205145,0.010358974358974371,0.01184823151138734,0.010977301121431693,1.1675943762706433
CRWD,EQUITY,20,249,141,0.5662650602409639,183,0.6010928961748634,66,0.4696969696969697,61,0.6096774193548387,0.5709677419354838,0.0662650602409639,-0.043412359113874754,-0.004702681694519928,0.01808859341066849,0.025375646860776868,1.0355513249832287
CRWV,EQUITY,5,9,4,0.4444444444444444,3,0.3333333333333333,6,0.5,1,0.4,0.5,-0.05555555555555558,0.0444444444444444,-0.05555555555555558,-0.04967780396873029,-0.08728362590984151,0.554895145893695
CRWV,EQUITY,10,8,4,0.5,2,0.0,6,0.6666666666666666,1,0.2222222222222222,0.4444444444444444,0.0,0.2777777777777778,0.05555555555555558,-0.08258047508480756,-0.005716176831503217,0.3561709183546934
CRWV,EQUITY,20,6,2,0.3333333333333333,1,0.0,5,0.4,1,0.42857142857142855,0.42857142857142855,-0.16666666666666669,-0.09523809523809523,-0.09523809523809523,-0.12228060293977754,-0.12115768129400584,0.6165814781887308
CSCO,EQUITY,5,894,455,0.5089485458612976,579,0.5250431778929189,315,0.4793650793650794,241,0.5303964757709251,0.48894783377542,0.008948545861297563,-0.021447929909627517,0.02000071208587756,-0.001080155655277287,0.0008205460005661913,0.8895837864905513
CSCO,EQUITY,10,893,466,0.5218365061590146,578,0.5467128027681661,315,0.47619047619047616,241,0.5458553791887125,0.49024822695035464,0.021836506159014557,-0.024018873029697962,0.03158827920865992,-0.0003141829689334525,0.002870813397129135,0.9011161596694437
CSCO,EQUITY,20,891,459,0.5151515151515151,576,0.5555555555555556,315,0.44126984126984126,241,0.5565371024734982,0.4818744473916888,0.015151515151515138,-0.04138558732198305,0.03327706775982636,-0.0025588154482509085,0.0028328611898015277,0.8572351192690374
CSGP,EQUITY,5,942,462,0.49044585987261147,647,0.500772797527048,295,0.46779661016949153,193,0.5136563876651983,0.47266313932980597,-0.009554140127388533,-0.02321052779258681,0.017782720542805497,0.0005257289382382815,-0.0008209824791504672,1.0713507656089656
CSGP,EQUITY,10,942,491,0.5212314225053079,647,0.5363214837712519,295,0.488135593220339,192,0.5370370370370371,0.49867608120035306,0.02123142250530785,-0.01580561453172924,0.02255534130495479,0.001879575934385818,0.002618504127103294,0.9954584304864376
CSGP,EQUITY,20,941,525,0.5579171094580234,647,0.5965996908809892,294,0.47278911564625853,191,0.5795053003533569,0.5485865724381626,0.05791710945802342,-0.02158819089533348,0.009330537019860863,0.00544811050774847,0.009769595662977304,0.9357112495757853
CSX,EQUITY,5,925,461,0.4983783783783784,702,0.5185185185185185,223,0.4349775784753363,210,0.5400881057268723,0.47480106100795755,-0.001621621621621605,-0.041709727348493875,0.023577317370420847,-0.00041688040650832646,-0.0,0.9789667728168981
CSX,EQUITY,10,924,492,0.5324675324675324,701,0.5649072753209701,223,0.4304932735426009,210,0.5749559082892416,0.525243578387954,0.03246753246753242,-0.04248837582170917,0.007223954079578432,0.000294497190486861,0.0028096566316836435,0.890647169708448
CSX,EQUITY,20,922,488,0.5292841648590022,699,0.5679542203147353,223,0.4080717488789238,210,0.588339222614841,0.5101679929266136,0.029284164859002204,-0.05905505775583875,0.01911617193238857,0.0014781433858447439,0.005674592420641944,0.9338574609763554
CTAS,EQUITY,5,971,500,0.5149330587023687,727,0.5337001375515819,244,0.45901639344262296,164,0.5436123348017621,0.48677248677248675,0.014933058702368718,-0.028679276099393358,0.028160571929881972,0.0010347003886180233,0.001640881387716897,1.0286143207136116
CTAS,EQUITY,10,970,512,0.5278350515463918,726,0.5606060606060606,244,0.430327868852459,164,0.5652557319223986,0.4801412180052957,0.027835051546391765,-0.037420680376006876,0.047693833541096076,0.002622753373532719,0.003270220013154801,1.0475648438191114
CTAS,EQUITY,20,968,550,0.5681818181818182,724,0.6146408839779005,244,0.430327868852459,164,0.6051236749116607,0.5278514588859416,0.06818181818181823,-0.036941856729842515,0.04033035929587658,0.002121022237249579,0.008185194726842537,0.8280163517137528
CTSH,EQUITY,5,917,463,0.504907306434024,581,0.5387263339070568,336,0.44642857142857145,218,0.5312775330396475,0.5075154730327144,0.004907306434024039,-0.026370226605623492,-0.0026081665986903424,-0.000467553085380452,0.0005310674455656361,0.9521506083503767
CTSH,EQUITY,10,917,466,0.5081788440567067,581,0.5576592082616179,336,0.4226190476190476,217,0.54673721340388,0.4880636604774536,0.008178844056706658,-0.03855836934717338,0.02011518357925307,-0.002171936251482463,0.001349163518618468,0.8762081615062891
CTSH,EQUITY,20,917,474,0.5169029443838604,581,0.5783132530120482,336,0.4107142857142857,215,0.568904593639576,0.502210433244916,0.01690294438386042,-0.0520016492557156,0.01469251113894443,-0.008221478975768462,0.003303055326176696,0.7221114337352873
CTVA,EQUITY,5,247,127,0.5141700404858299,181,0.5580110497237569,66,0.3939393939393939,68,0.5523809523809524,0.5063694267515924,0.014170040485829927,-0.03821091189512249,0.007800613734237571,-0.002813526751776469,0.0008768853034023527,0.7806685945177919
CTVA,EQUITY,10,247,117,0.47368421052631576,181,0.5248618784530387,66,0.3333333333333333,67,0.5477707006369427,0.47770700636942676,-0.026315789473684237,-0.0740864901106269,-0.004022795843110993,-0.005620950555322843,-0.0025087807325639977,0.844827917960146
CTVA,EQUITY,20,246,123,0.5,180,0.5444444444444444,66,0.3787878787878788,66,0.5608974358974359,0.5,0.0,-0.0608974358974359,0.0,-0.004893639592338472,-7.778749628156723e-05,0.8463103667889746
CVNA,EQUITY,5,340,187,0.55,224,0.5803571428571429,116,0.49137931034482757,84,0.5400943396226415,0.47877358490566035,0.050000000000000044,0.009905660377358516,0.07122641509433969,0.01568559071339333,0.017984515064630724,1.1234656000649592
CVNA,EQUITY,10,339,184,0.5427728613569321,223,0.5739910313901345,116,0.4827586206896552,84,0.5531914893617021,0.524822695035461,0.042772861356932146,-0.010418628004770003,0.017950166321471173,0.022572916834363337,0.018367346938775397,1.1597251072747137
CVNA,EQUITY,20,337,183,0.543026706231454,222,0.5765765765765766,115,0.4782608695652174,84,0.5629453681710214,0.4928571428571429,0.04302670623145399,-0.019918661939567373,0.05016956337431111,0.014840971772322978,0.028243504213483206,0.9578552692548992
CVS,EQUITY,5,920,448,0.48695652173913045,589,0.5246179966044142,331,0.4199395770392749,215,0.5409691629955947,0.4960282436010591,-0.013043478260869545,-0.05401264125646427,-0.009071721861928672,-0.0008021774191983701,-0.0006954213669541631,0.9920088283761332
CVS,EQUITY,10,920,453,0.4923913043478261,589,0.5398981324278438,331,0.4078549848942598,214,0.5485008818342152,0.5039787798408488,-0.007608695652173925,-0.05610957748638912,-0.011587475493022747,-0.0016062376881950987,-0.0016249285561213966,0.9458728997194128
CVS,EQUITY,20,919,455,0.49510337323177367,588,0.5731292517006803,331,0.3564954682779456,213,0.5795053003533569,0.4880636604774536,-0.004896626768226331,-0.08440192712158323,0.007039712754320082,-0.002778847190925861,-0.0003427592116538314,0.9200744194837069
CVX,EQUITY,5,880,421,0.4784090909090909,568,0.5140845070422535,312,0.41346153846153844,255,0.5303964757709251,0.4991181657848324,-0.021590909090909105,-0.051987384861834185,-0.02070907487574153,-0.002390518049142393,-0.0017140256132336384,0.9137225759481624
CVX,EQUITY,10,879,418,0.47554038680318544,567,0.527336860670194,312,0.3814102564102564,255,0.5414462081128748,0.4973544973544973,-0.024459613196814556,-0.06590582130968936,-0.021814110551311883,-0.0050950117410679015,-0.003026205653209657,0.8472216216098065
CVX,EQUITY,20,877,401,0.4572405929304447,565,0.5132743362831859,312,0.3557692307692308,255,0.553886925795053,0.4854111405835544,-0.04275940706955528,-0.09664633286460833,-0.028170547653109668,-0.007723965470294512,-0.006409715779708058,0.8949437978704102
D,EQUITY,5,895,442,0.49385474860335193,624,0.5240384615384616,271,0.42435424354243545,240,0.5348017621145374,0.4500442086648983,-0.006145251396648066,-0.040947013511185515,0.04381053993845363,-0.001611418883624403,-0.0002707092582565629,0.8730835516866472
D,EQUITY,10,894,448,0.5011185682326622,623,0.5409309791332263,271,0.4095940959409594,240,0.5582010582010583,0.5044169611307421,0.0011185682326622093,-0.057082489968396044,-0.0032983928980798716,-0.002029028044313297,0.0004032404978188131,0.8569511088534087
D,EQUITY,20,893,437,0.48936170212765956,622,0.5273311897106109,271,0.4022140221402214,239,0.5715547703180212,0.4792219274977896,-0.010638297872340441,-0.0821930681903616,0.01013977462986998,-0.0028852766304400938,-0.0008225375282746583,0.8984181892741899
DAL,EQUITY,5,788,380,0.48223350253807107,491,0.4908350305498982,297,0.468013468013468,205,0.5085599194360524,0.5232793522267206,-0.017766497461928932,-0.02632641689798132,-0.04104584968864955,-0.07056606578140755,-0.0020184121552812573,0.27580469051154194
DAL,EQUITY,10,787,364,0.4625158831003812,490,0.49387755102040815,297,0.4107744107744108,205,0.5362903225806451,0.520242914979757,-0.03748411689961878,-0.07377443948026391,-0.057727031879375834,-0.10249340580335226,-0.008579933461740574,0.29266340319532635
DAL,EQUITY,20,785,341,0.43439490445859874,488,0.46311475409836067,297,0.3872053872053872,205,0.5272727272727272,0.4727272727272727,-0.06560509554140126,-0.09287782281412849,-0.03833236826867398,-0.16473586137584623,-0.018905191873588967,0.29091298912390406
DASH,EQUITY,5,194,110,0.5670103092783505,115,0.5826086956521739,79,0.5443037974683544,41,0.5234042553191489,0.5404255319148936,0.0670103092783505,0.043606053959201585,0.02658477736345688,0.0023096193684246143,0.011844495498624208,0.834443030082029
DASH,EQUITY,10,193,120,0.6217616580310881,114,0.6842105263157895,79,0.5316455696202531,41,0.5555555555555556,0.5811965811965812,0.12176165803108807,0.06620610247553249,0.04056507683450683,0.005194204432802621,0.023834826172764334,0.6982825608551372
DASH,EQUITY,20,191,109,0.5706806282722513,112,0.6696428571428571,79,0.43037974683544306,41,0.5818965517241379,0.5043103448275862,0.0706806282722513,-0.0112159234518866,0.06637028344466511,0.0008583064686459743,0.029954236582998117,0.7637036119819012
DBA,ETF,5,765,406,0.530718954248366,326,0.549079754601227,439,0.5170842824601367,197,0.5114345114345115,0.48370136698212407,0.030718954248366015,0.019284442813854552,0.047017587266241945,0.0009451174935243502,0.0014888337468983437,0.9929213048153157
DBA,ETF,10,764,397,0.5196335078534031,325,0.5169230769230769,439,0.5216400911161732,197,0.4984391259105099,0.4612159329140461,0.01963350785340312,0.021194381942893248,0.05841757493935701,0.0011120897206813535,0.0014704949741572992,1.0187083256543703
DBA,ETF,20,763,393,0.5150720838794234,324,0.4845679012345679,439,0.5375854214123007,196,0.45985401459854014,0.4989517819706499,0.015072083879423381,0.05521806928088324,0.016120301908773504,0.0020424234953554843,0.0011372251705836778,1.0669437759006983
DD,EQUITY,5,785,401,0.510828025477707,535,0.5158878504672897,250,0.5,198,0.5249237029501526,0.5020366598778004,0.010828025477707004,-0.014095677472445556,0.008791365599906564,-0.0011367728674692346,0.0007946617305474302,0.8850528021012161
DD,EQUITY,10,784,378,0.48214285714285715,534,0.5,250,0.444,198,0.5376782077393075,0.48778004073319753,-0.01785714285714285,-0.05553535059645037,-0.005637183590340378,-0.001929689838394261,-0.0021763773396342168,0.9780345100873037
DD,EQUITY,20,782,402,0.5140664961636828,532,0.5413533834586466,250,0.456,198,0.5591836734693878,0.5010224948875256,0.014066496163682829,-0.04511717730570497,0.013044001276157235,-0.004422827375758889,0.0012955612028978658,0.8147800959784901
DDOG,EQUITY,5,248,128,0.5161290322580645,145,0.5310344827586206,103,0.49514563106796117,51,0.5250836120401338,0.49498327759197325,0.016129032258064502,-0.00895457978206926,0.021145754666091254,0.0034840787061553675,0.0017689661298087578,1.0511850397540428
DDOG,EQUITY,10,248,131,0.5282258064516129,145,0.5724137931034483,103,0.46601941747572817,50,0.5469798657718121,0.5268456375838926,0.028225806451612878,-0.018754059320199246,0.0013801688677202995,0.0029991732707842483,0.006896156367573125,0.9570724126431793
DDOG,EQUITY,20,247,129,0.5222672064777328,144,0.5555555555555556,103,0.47572815533980584,49,0.5168918918918919,0.5033783783783784,0.022267206477732837,0.005375314585840951,0.018888828099354438,0.002723060750511861,0.006142185049660243,0.9556113780860142
DE,EQUITY,5,913,467,0.511500547645126,661,0.5370650529500757,252,0.4444444444444444,222,0.5480176211453744,0.4960212201591512,0.01150054764512598,-0.036517073500248465,0.015479327485974803,-0.00030256912309827076,0.0013210039630118242,0.9370383718146255
DE,EQUITY,10,912,468,0.5131578947368421,660,0.5424242424242425,252,0.4365079365079365,222,0.5502645502645502,0.4964726631393298,0.013157894736842146,-0.03710665552770809,0.01668523159751234,-0.0005423438586330823,0.0013761378785910883,0.9257913251196225
DE,EQUITY,20,910,471,0.5175824175824176,658,0.560790273556231,252,0.40476190476190477,222,0.5644876325088339,0.4995579133510168,0.01758241758241763,-0.046905214926416305,0.01802450423140084,0.0009927363491379166,0.003503930454886506,0.9620785008272189
DECK,EQUITY,5,901,473,0.5249722530521642,609,0.5599343185550082,292,0.4520547945205479,234,0.5559471365638766,0.5088183421516755,0.024972253052164217,-0.030974883511712403,0.016153910900488677,0.002564552523512985,0.0027738095238095672,1.0085657918086117
DECK,EQUITY,10,900,481,0.5344444444444445,609,0.5599343185550082,291,0.48109965635738833,234,0.5502645502645502,0.49559082892416223,0.0344444444444445,-0.015820105820105734,0.03885361552028227,0.004801300198290824,0.008236768342303136,1.0029385740107428
DECK,EQUITY,20,898,511,0.5690423162583519,609,0.5993431855500821,289,0.5051903114186851,234,0.5697879858657244,0.5128205128205128,0.06904231625835189,-0.0007456696073725455,0.05622180343783911,0.012012074219641539,0.0216908312163121,0.9686576873700992
DELL,EQUITY,5,292,157,0.5376712328767124,220,0.5681818181818182,72,0.4444444444444444,44,0.5803571428571429,0.4851190476190476,0.03767123287671237,-0.042685909980430536,0.05255218525766475,0.006091512628062577,0.003152032090838419,1.098876897270526
DELL,EQUITY,10,291,166,0.570446735395189,219,0.6164383561643836,72,0.4305555555555556,44,0.6179104477611941,0.5299401197604791,0.07044673539518898,-0.047463712366005106,0.04050661563470992,0.01208885253370725,0.010903714655331687,1.0605973487515699
DELL,EQUITY,20,289,174,0.6020761245674741,217,0.6728110599078341,72,0.3888888888888889,44,0.6546546546546547,0.5705705705705706,0.10207612456747406,-0.05257853008718061,0.03150555399690347,0.031072556012480226,0.028022925542706467,1.1968597998963495
DG,EQUITY,5,663,353,0.5324283559577677,463,0.5485961123110151,200,0.495,149,0.5394088669950738,0.5203452527743526,0.03242835595776772,-0.006980511037306125,0.0120831031834151,0.0017318712223398126,0.0025019167910900197,0.9979687573269135
DG,EQUITY,10,662,354,0.5347432024169184,462,0.5692640692640693,200,0.455,149,0.5672009864364982,0.5006165228113441,0.03474320241691842,-0.03245778401957977,0.03412667960557436,0.003313819980887537,0.004157800077488005,1.0297153180391498
DG,EQUITY,20,660,355,0.5378787878787878,460,0.5652173913043478,200,0.475,149,0.5735475896168108,0.4900990099009901,0.037878787878787845,-0.035668801738023004,0.047779777977797755,0.004967315916967394,0.005410170425827199,1.0195939614039173
DGX,EQUITY,5,912,467,0.5120614035087719,643,0.5318818040435459,269,0.4646840148698885,223,0.5418502202643172,0.5017636684303352,0.01206140350877194,-0.029788816755545233,0.010297735078436787,-0.001178438090102672,0.0010785178354315583,0.8575492920108385
DGX,EQUITY,10,911,424,0.4654226125137212,642,0.5,269,0.3828996282527881,223,0.5405643738977073,0.5106007067137809,-0.03457738748627881,-0.0751417613839861,-0.04517809420005969,-0.004413829533003262,-0.003665689149560114,0.8724061739400651
DGX,EQUITY,20,909,425,0.4675467546754675,640,0.515625,269,0.35315985130111527,223,0.5724381625441696,0.46153846153846156,-0.032453245324532476,-0.10489140786870205,0.00600829313700596,-0.010346745486052302,-0.003349573690621166,0.7282405034841083
DHI,EQUITY,5,904,463,0.5121681415929203,563,0.5364120781527532,341,0.47214076246334313,231,0.5251101321585903,0.4911660777385159,0.012168141592920345,-0.012941990565669914,0.02100206385440445,-0.002196404418246161,0.0017155941224683557,0.8606597090702813
DHI,EQUITY,10,903,448,0.49612403100775193,563,0.522202486678508,340,0.45294117647058824,231,0.5202821869488536,0.49249779346866723,-0.003875968992248069,-0.02415815594110171,0.003626237539084698,-0.004809723306859934,-0.0008275862068966022,0.8655540101811541
DHI,EQUITY,20,901,467,0.5183129855715871,563,0.5506216696269982,338,0.46449704142011833,231,0.5406360424028268,0.48674911660777387,0.018312985571587115,-0.022323056831239696,0.031563868963813246,-0.00606116064007023,0.006466367005756757,0.8056193693899751
DHR,EQUITY,5,910,465,0.510989010989011,703,0.5405405405405406,207,0.4106280193236715,225,0.5506607929515418,0.4523809523809524,0.01098901098901095,-0.03967178196253085,0.058608058608058566,-0.00010165295387430281,0.0005660399239767466,0.9490995837524058
DHR,EQUITY,10,909,477,0.5247524752475248,702,0.5641025641025641,207,0.391304347826087,225,0.5802469135802469,0.48278905560458957,0.024752475247524774,-0.05549443833272216,0.04196341964293521,-0.0003232782602563036,0.0015018853454336067,0.8881817165012217
DHR,EQUITY,20,907,474,0.5226019845644984,700,0.5685714285714286,207,0.3671497584541063,225,0.5901060070671378,0.48717948717948717,0.022601984564498356,-0.06750402250263943,0.03542249738501119,-0.000834462944230021,0.003813423249839465,0.8819850570749105
DIA,ETF,5,933,507,0.5434083601286174,764,0.5536649214659686,169,0.4970414201183432,202,0.5550660792951542,0.4964726631393298,0.043408360128617374,-0.011657719166536795,0.04693569698928757,0.0007603634737822473,0.002242333643085237,0.92433584515915
DIA,ETF,10,932,531,0.5697424892703863,763,0.5950196592398427,169,0.4556213017751479,202,0.5952380952380952,0.523851590106007,0.06974248927038629,-0.025495605967708945,0.04589089916437927,0.0015837533014775803,0.00427989244938809,0.8728234428593432
DIA,ETF,20,930,548,0.589247311827957,761,0.633377135348226,169,0.3905325443786982,202,0.6439929328621908,0.5326855123674912,0.08924731182795698,-0.05474562103423386,0.0565617994604658,0.0015382628413934066,0.006932832907717734,0.7683099848700898
DIS,EQUITY,5,912,475,0.5208333333333334,587,0.534923339011925,325,0.49538461538461537,223,0.5154185022026432,0.47614840989399293,0.02083333333333337,0.00541483113069019,0.04468492343934044,0.0014066085213311486,0.0012664687569594602,1.025373527946637
DIS,EQUITY,10,911,465,0.5104281009879253,586,0.5307167235494881,325,0.47384615384615386,223,0.527336860670194,0.4893805309734513,0.010428100987925348,-0.01690875968226868,0.02104757001447405,0.0007940478216636231,0.00125195618153362,1.002252936082549
DIS,EQUITY,20,910,479,0.5263736263736264,586,0.5614334470989761,324,0.46296296296296297,222,0.5512367491166078,0.5225464190981433,0.02637362637362639,-0.024863122742981414,0.0038272072754831354,0.0013636466258047171,0.004465942409019319,0.947435249817213
DLR,EQUITY,5,863,445,0.5156431054461182,615,0.5430894308943089,248,0.4475806451612903,213,0.5390334572490706,0.488328664799253,0.015643105446118244,-0.023390351802952347,0.027314440646865223,-8.240659755193085e-06,0.0017782088587132705,0.9388203159258468
DLR,EQUITY,10,862,429,0.4976798143851508,614,0.5374592833876222,248,0.39919354838709675,213,0.5497674418604651,0.4753488372093023,-0.0023201856148492017,-0.05208762747531431,0.022330977175848477,-0.000561870724348641,-0.0005674205351837713,0.9821613199631691
DLR,EQUITY,20,860,454,0.5279069767441861,612,0.5751633986928104,248,0.4112903225806452,213,0.5731593662628145,0.49860205032618826,0.027906976744186074,-0.04525238951862842,0.029304926417997812,-0.0006149073389294909,0.005626371734933799,0.8746732785781839
DLTR,EQUITY,5,925,486,0.5254054054054054,622,0.5546623794212219,303,0.46534653465346537,210,0.5409691629955947,0.5030946065428824,0.025405405405405368,-0.015563757590189353,0.022310798862522963,0.0010266826127222344,0.002122391227449505,0.9685099085435235
DLTR,EQUITY,10,924,517,0.5595238095238095,621,0.5877616747181964,303,0.5016501650165016,210,0.5599647266313933,0.5299823633156967,0.059523809523809534,-0.00044091710758376035,0.02954144620811283,0.0011758464310099145,0.0061135968393733475,0.8307490876222845
DLTR,EQUITY,20,922,512,0.5553145336225597,619,0.6090468497576736,303,0.44554455445544555,210,0.5918727915194346,0.5481874447391689,0.05531453362255967,-0.036558257896874946,0.007127088883390753,0.003700609775284719,0.007368773151584795,0.8984305211772036
DOC,EQUITY,5,49,15,0.30612244897959184,19,0.3684210526315789,30,0.26666666666666666,17,0.5454545454545454,0.45454545454545453,-0.19387755102040816,-0.23933209647495357,-0.1484230055658627,-0.010939715960417807,-0.011329755515802065,1.0151465893094904
DOC,EQUITY,10,49,19,0.3877551020408163,19,0.5263157894736842,30,0.3,16,0.5538461538461539,0.47692307692307695,-0.11224489795918369,-0.16609105180533756,-0.08916797488226064,-0.018255138282046904,-0.025534441805225683,0.6283482541782249
DOC,EQUITY,20,48,18,0.375,18,0.5,30,0.3,15,0.5714285714285714,0.42857142857142855,-0.125,-0.1964285714285714,-0.05357142857142855,-0.017041178484313482,-0.012227961942012422,0.903151908980414
DOV,EQUITY,5,908,464,0.5110132158590308,635,0.5165354330708661,273,0.4981684981684982,227,0.5224669603524229,0.5083848190644307,0.011013215859030812,-0.011453744493392093,0.0026283967946001408,0.0004392140603101693,0.0011050560304832757,0.9872547038621277
DOV,EQUITY,10,907,459,0.5060639470782801,635,0.525984251968504,272,0.45955882352941174,227,0.5440917107583775,0.5176678445229682,0.006063947078280063,-0.038027763680097415,-0.01160389744468815,0.0006717855111554394,0.0010590976488031867,1.0095062349815103
DOV,EQUITY,20,906,477,0.5264900662251656,635,0.5700787401574803,271,0.42435424354243545,226,0.573321554770318,0.4827586206896552,0.026490066225165587,-0.0468314885451524,0.043731445535510394,-0.0014569834368992041,0.0037326916369729846,0.8548798596154333
DOW,EQUITY,5,260,125,0.4807692307692308,133,0.47368421052631576,127,0.4881889763779528,63,0.4984520123839009,0.484472049689441,-0.019230769230769218,-0.01768278161467013,-0.003702818920210238,0.00041259079192282886,-0.0015311529390597545,1.1067195427796197
DOW,EQUITY,10,260,126,0.4846153846153846,133,0.48120300751879697,127,0.4881889763779528,62,0.4906832298136646,0.4751552795031056,-0.015384615384615385,-0.006067845198279964,0.009460105112279016,0.0027681148387990744,-0.0010953413941426904,1.193570277230679
DOW,EQUITY,20,258,135,0.5232558139534884,133,0.5413533834586466,125,0.504,62,0.50625,0.49843260188087773,0.023255813953488413,0.017005813953488436,0.02482321207261068,0.006982922938861481,0.0034278712069877315,1.1417041076942724
DPZ,EQUITY,5,910,484,0.5318681318681319,637,0.5525902668759811,273,0.4835164835164835,182,0.543040293040293,0.4816849816849817,0.031868131868131866,-0.011172161172161132,0.05018315018315017,0.0035937642763012845,0.00257635392465444,1.1054963797303474
DPZ,EQUITY,10,910,490,0.5384615384615384,637,0.5792778649921507,273,0.4432234432234432,181,0.5673693858845096,0.5032198712051518,0.038461538461538436,-0.028907847422971145,0.035241667256386666,0.006525367284350842,0.005210820058911603,1.1359770130467368
DPZ,EQUITY,20,910,525,0.5769230769230769,637,0.6216640502354788,273,0.4725274725274725,179,0.5803489439853077,0.5445362718089991,0.07692307692307687,-0.003425867062230803,0.032386805114077766,0.009071958856747173,0.013746423768518867,0.9541685329863049
DRI,EQUITY,5,913,425,0.4654983570646221,637,0.4835164835164835,276,0.42391304347826086,222,0.5154185022026432,0.4734982332155477,-0.034501642935377885,-0.049920145138021066,-0.007999876150925567,-0.0022649924243786186,-0.00221483942414169,0.9965900251908487
DRI,EQUITY,10,912,420,0.4605263157894737,636,0.5015723270440252,276,0.36594202898550726,222,0.54673721340388,0.4766107678729038,-0.03947368421052633,-0.08621089761440637,-0.016084452083430123,-0.004140366707268826,-0.0056224542032755065,0.9725668897098979
DRI,EQUITY,20,910,430,0.4725274725274725,634,0.5189274447949527,276,0.36594202898550726,222,0.5556537102473498,0.5048629531388152,-0.027472527472527486,-0.08312623771987726,-0.032335480611342726,-0.007251921138842844,-0.004832507037127065,0.8875268267530544
DTE,EQUITY,5,866,419,0.4838337182448037,609,0.5073891625615764,257,0.4280155642023346,269,0.5295154185022026,0.47293700088731144,-0.0161662817551963,-0.04568170025739893,0.010896717357492258,-0.0014061139809153512,-0.0006493730310931922,0.927771797511649
DTE,EQUITY,10,865,402,0.4647398843930636,609,0.5205254515599343,256,0.33203125,269,0.5617283950617284,0.48849557522123893,-0.035260115606936426,-0.09698851066866487,-0.023755690828175358,-0.0023522392220975998,-0.002348662777483135,0.9721342233060104
DTE,EQUITY,20,865,408,0.47167630057803467,609,0.5369458128078818,256,0.31640625,267,0.5830388692579506,0.4640638864241349,-0.02832369942196533,-0.1113625686799159,0.007612414153899794,-0.005373348718309499,-0.002853648593558855,0.8569430081614462
DUK,EQUITY,5,885,432,0.488135593220339,602,0.5232558139534884,283,0.4134275618374558,250,0.533920704845815,0.48361381753764393,-0.011864406779660996,-0.045785111625475994,0.004521775682695073,-0.002601383461400427,-0.0005760368663594306,0.8069520609513545
DUK,EQUITY,10,885,418,0.47231638418079097,602,0.521594684385382,283,0.3674911660777385,249,0.5493827160493827,0.4650132860938884,-0.02768361581920903,-0.07706633186859174,0.007303098086902549,-0.0047558302713577045,-0.002041113864994948,0.7932689488415814
DUK,EQUITY,20,884,393,0.4445701357466063,601,0.5158069883527454,283,0.29328621908127206,248,0.573321554770318,0.4787985865724382,-0.05542986425339369,-0.12875141902371168,-0.03422845082583187,-0.008400166487211935,-0.005264848496728647,0.7981319342839451
DVA,EQUITY,5,923,464,0.5027085590465872,635,0.5244094488188976,288,0.4548611111111111,212,0.5180616740088105,0.46996466431095407,0.002708559046587178,-0.015353114962223358,0.032743894735633106,0.00018347589467419484,0.0002787456445991765,1.0021504311203193
DVA,EQUITY,10,923,454,0.49187432286023836,635,0.5417322834645669,288,0.3819444444444444,211,0.5687830687830688,0.48059964726631393,-0.008125677139761645,-0.07690874592283048,0.011274675593924421,-0.0008725218356077407,-0.0008554319931564081,0.9895339005216021
DVA,EQUITY,20,922,486,0.527114967462039,634,0.5599369085173501,288,0.4548611111111111,210,0.5618374558303887,0.48894783377542,0.027114967462039008,-0.03472248836834968,0.038167133686619004,0.0011937534268557527,0.004455495136366006,0.9344428963086386
DVN,EQUITY,5,885,430,0.4858757062146893,475,0.5010526315789474,410,0.4682926829268293,250,0.5233480176211454,0.5008818342151675,-0.014124293785310715,-0.03747231140645607,-0.015006128000478236,-0.0011971749905016341,-0.0018284574468085957,1.0024633258459297
DVN,EQUITY,10,884,420,0.4751131221719457,474,0.48945147679324896,410,0.4585365853658537,250,0.5132275132275133,0.4832155477031802,-0.02488687782805432,-0.038114391055567576,-0.008102425531234525,-0.0017389211382329232,-0.004553123288878802,1.0453436585033125
DVN,EQUITY,20,882,434,0.49206349206349204,473,0.5264270613107822,409,0.45232273838630804,250,0.5326855123674912,0.5137046861184792,-0.007936507936507964,-0.04062202030399914,-0.021641194054987156,0.0005683515607865834,-0.002253203942807369,1.0456602035746327
DXCM,EQUITY,5,820,432,0.526829268292683,535,0.5570093457943925,285,0.47017543859649125,232,0.5389733840304183,0.5061963775023832,0.02682926829268295,-0.012144115737735328,0.02063289079029973,0.0017132495223884246,0.003306503874002442,0.9577752007476669
DXCM,EQUITY,10,819,433,0.5286935286935287,534,0.5711610486891385,285,0.44912280701754387,232,0.5623215984776403,0.5133843212237094,0.028693528693528703,-0.03362806978411159,0.015309207469819341,0.0002119026021190476,0.005875872199779586,0.8962468152905833
DXCM,EQUITY,20,817,429,0.5250917992656059,532,0.5827067669172933,285,0.41754385964912283,232,0.5872259294566253,0.5038167938931297,0.025091799265605896,-0.06213413019101943,0.021275005372476175,0.0006911609424086506,0.007407407407407307,0.9154117851846825
EA,EQUITY,5,562,290,0.5160142348754448,423,0.5508274231678487,139,0.41007194244604317,137,0.5550786838340487,0.4828080229226361,0.016014234875444844,-0.03906444895860384,0.03320621195280876,4.323580303347395e-05,0.0011313280713703966,0.9408343225385768
EA,EQUITY,10,561,300,0.5347593582887701,422,0.580568720379147,139,0.39568345323741005,137,0.5773638968481375,0.5301724137931034,0.03475935828877008,-0.04260453855936741,0.004586944495666656,0.00028953092165410116,0.002613776137761148,0.8828120176649547
EA,EQUITY,20,559,285,0.5098389982110912,420,0.569047619047619,139,0.33093525179856115,137,0.5962643678160919,0.5223021582733813,0.009838998211091243,-0.08642536960500069,-0.01246316006229009,0.0005703608387679163,0.0011278932914868811,0.9806414375496603
EBAY,EQUITY,5,909,455,0.5005500550055005,584,0.4965753424657534,325,0.5076923076923077,226,0.5030837004405286,0.5128205128205128,0.0005500550055005382,-0.002533645435028098,-0.012270457815012237,-0.00043637830174696364,0.00032368445389818756,0.9723355262193634
EBAY,EQUITY,10,909,444,0.4884488448844885,584,0.5034246575342466,325,0.46153846153846156,225,0.5282186948853616,0.48853615520282184,-0.011551155115511524,-0.039769850000873075,-8.731031833336678e-05,-1.6756898338338932e-05,-0.0011855364552459946,1.0465604897252
EBAY,EQUITY,20,907,445,0.4906284454244763,582,0.5017182130584192,325,0.4707692307692308,225,0.5247349823321554,0.4778761061946903,-0.009371554575523688,-0.03410653690767912,0.012752339229786025,-0.00014067037467313073,-0.002092079982921824,1.0340334745198811
ECL,EQUITY,5,896,472,0.5267857142857143,693,0.5483405483405484,203,0.45320197044334976,239,0.560352422907489,0.4717314487632509,0.0267857142857143,-0.03356670862177469,0.0550542655224634,-0.0008670111742169438,0.0012685281360244605,0.8292205800116481
ECL,EQUITY,10,895,451,0.5039106145251396,692,0.5332369942196532,203,0.4039408866995074,239,0.5617283950617284,0.4942630185348632,0.003910614525139633,-0.057817780536588814,0.009647595990276425,-0.0013855471769442151,0.00046500813764227544,0.8975946190966939
ECL,EQUITY,20,893,447,0.5005599104143337,690,0.5478260869565217,203,0.3399014778325123,239,0.5768551236749117,0.48894783377542,0.0005599104143336753,-0.07629521326057798,0.011612076638913671,-0.003134049559656633,7.97384578583582e-05,0.8599410855648125
ED,EQUITY,5,895,441,0.49273743016759775,582,0.5171821305841925,313,0.4472843450479233,240,0.520704845814978,0.4995579133510168,-0.007262569832402255,-0.027967415647380256,-0.006820483183419046,-0.0019039229401899376,-0.00023696682464446894,0.835685946357787
ED,EQUITY,10,895,423,0.47262569832402235,582,0.5223367697594502,313,0.3801916932907348,239,0.5502645502645502,0.48586572438162545,-0.027374301675977653,-0.07763885194052789,-0.013240026057603105,-0.0035957883699891512,-0.0019351717464923812,0.8495772146728237
ED,EQUITY,20,895,413,0.46145251396648046,582,0.520618556701031,313,0.3514376996805112,237,0.5706713780918727,0.4964601769911504,-0.03854748603351954,-0.10921886412539228,-0.035007663024669955,-0.007733452406449202,-0.004655695106106528,0.7611615465670755
EEM,ETF,5,903,456,0.5049833887043189,552,0.5362318840579711,351,0.45584045584045585,232,0.5427312775330396,0.4720992028343667,0.004983388704318914,-0.03774788882872071,0.03288418586995223,-0.0006824759670584712,0.00039200313602516523,0.9271070016580094
EEM,ETF,10,902,453,0.5022172949002217,551,0.542649727767695,351,0.43874643874643876,232,0.5476190476190477,0.49557522123893805,0.0022172949002217113,-0.04540175271882596,0.006642073661283665,-0.0014525867152097001,0.00028578629617059814,0.9103308484519639
EEM,ETF,20,902,465,0.5155210643015521,551,0.558983666061706,351,0.4472934472934473,230,0.5530035335689046,0.5035398230088496,0.01552106430155209,-0.03748246926735255,0.011981241292702505,-0.0014498287028285593,0.0012888025480125576,0.8861109132271691
EFA,ETF,5,888,461,0.5191441441441441,594,0.5505050505050505,294,0.4557823129251701,247,0.5480176211453744,0.4951370468611848,0.019144144144144115,-0.02887347700123033,0.0240070972829593,0.000966538374940011,0.0010728771851539198,1.020991568970282
EFA,ETF,10,887,470,0.5298759864712514,593,0.5716694772344013,294,0.445578231292517,247,0.5670194003527337,0.49069973427812225,0.029875986471251448,-0.037143413881482235,0.0391762521931292,0.001145959954184618,0.002457357617808409,0.9656779371765231
EFA,ETF,20,885,475,0.536723163841808,591,0.5972927241962775,294,0.41496598639455784,247,0.5848056537102474,0.5212389380530974,0.03672316384180796,-0.04808248986843944,0.01548422578871056,0.0019342564354323504,0.0037804324814758594,0.957665136055612
EFX,EQUITY,5,937,487,0.5197438633938101,641,0.5366614664586583,296,0.4831081081081081,198,0.5427312775330396,0.48717948717948717,0.01974386339381007,-0.022987414139229556,0.0325643762143229,0.0003317104685582245,0.001765083440308013,0.9468589697204776
EFX,EQUITY,10,937,504,0.5378868729989328,641,0.5865834633385335,296,0.43243243243243246,197,0.5767195767195767,0.5106007067137809,0.037886872998932786,-0.03883270372064396,0.027286166285151903,0.0006982519024239982,0.0034619692495672094,0.8907234387978217
EFX,EQUITY,20,937,516,0.5506937033084311,641,0.5990639625585024,296,0.44594594594594594,195,0.5742049469964664,0.5388692579505301,0.05069370330843115,-0.023511243688035255,0.011824445357901059,0.00014505991860242195,0.006685277696150349,0.8201054728037437
EG,EQUITY,5,81,32,0.3950617283950617,26,0.38461538461538464,55,0.4,19,0.5,0.45,-0.1049382716049383,-0.1049382716049383,-0.054938271604938305,-0.007376458833825165,-0.005541069100391205,0.7596374597829713
EG,EQUITY,10,80,30,0.375,25,0.32,55,0.4,19,0.46464646464646464,0.5151515151515151,-0.125,-0.08964646464646464,-0.14015151515151514,-0.014360222087840204,-0.01427691378779028,0.6504953163461832
EG,EQUITY,20,78,31,0.3974358974358974,23,0.21739130434782608,55,0.4727272727272727,19,0.4020618556701031,0.32989690721649484,-0.10256410256410259,-0.004625958234205696,0.06753899021940257,-0.024973840031219063,-0.024773715888080416,0.44149610239972586
EIX,EQUITY,5,901,474,0.5260821309655938,601,0.5657237936772047,300,0.44666666666666666,234,0.5612334801762114,0.48984995586937335,0.026082130965593753,-0.03515134921061769,0.0362321750962204,0.000318000188391909,0.0016313213703100793,0.9250832546313246
EIX,EQUITY,10,901,464,0.5149833518312985,601,0.5540765391014975,300,0.43666666666666665,233,0.5546737213403881,0.5008849557522124,0.014983351831298508,-0.03969036950908955,0.01409839607908614,0.00048722322456538637,0.001168224299065379,0.9687502957979846
EIX,EQUITY,20,900,449,0.4988888888888889,600,0.5516666666666666,300,0.3933333333333333,232,0.568904593639576,0.5008849557522124,-0.0011111111111111183,-0.07001570475068714,-0.001996066863323487,-0.0021220797947405653,0.0,0.9217645988585527
EL,EQUITY,5,909,459,0.504950495049505,606,0.523102310231023,303,0.46864686468646866,226,0.5330396475770925,0.4832155477031802,0.004950495049504955,-0.02808915252758759,0.02173494734632475,0.00032014462781202515,0.0002122691572914448,1.0014070439670761
EL,EQUITY,10,909,490,0.5390539053905391,606,0.566006600660066,303,0.48514851485148514,225,0.5537918871252204,0.5114638447971781,0.0390539053905391,-0.014737981734681327,0.027590060593361,0.001337326108701027,0.004989727032580049,0.9077832771374923
EL,EQUITY,20,909,482,0.5302530253025303,606,0.5561056105610561,303,0.47854785478547857,223,0.5503533568904594,0.5008849557522124,0.030253025302530268,-0.02010033158792912,0.0293680695503179,0.0011278375441214938,0.004181184668989424,0.9171032079060877
ELV,EQUITY,5,123,64,0.5203252032520326,65,0.5692307692307692,58,0.46551724137931033,31,0.564935064935065,0.5064935064935064,0.020325203252032575,-0.04460986168303238,0.013831696758526135,0.0024085556312766617,0.0008542564254940821,1.098914971874846
ELV,EQUITY,10,122,58,0.47540983606557374,64,0.484375,58,0.46551724137931033,31,0.5359477124183006,0.5490196078431373,-0.024590163934426257,-0.060537876352726894,-0.07360977177756356,0.0023903063198316833,-0.002816322518065517,1.2316016505678078
ELV,EQUITY,20,121,55,0.45454545454545453,63,0.47619047619047616,58,0.43103448275862066,30,0.5496688741721855,0.47019867549668876,-0.04545454545454547,-0.09512341962673093,-0.015653220951234226,-0.004625643292414213,-0.007298321200416069,1.041221785379757
EME,EQUITY,5,902,450,0.49889135254988914,690,0.5304347826086957,212,0.39622641509433965,233,0.5524229074889868,0.4819064430714916,-0.0011086474501108556,-0.05353155493909767,0.016984909478397536,0.0009093181402690379,0.0,1.059560901131141
EME,EQUITY,10,901,451,0.5005549389567148,689,0.5283018867924528,212,0.41037735849056606,233,0.5485008818342152,0.4995579133510168,0.0005549389567147678,-0.047945942877500425,0.0009970256056979765,0.0009818485553839914,0.00015929908403022885,1.038709956167157
EME,EQUITY,20,899,450,0.5005561735261401,688,0.5581395348837209,211,0.3127962085308057,233,0.5865724381625441,0.508833922261484,0.0005561735261401246,-0.086016264636404,-0.008277748735343926,0.0015108505177572086,8.014104824494162e-05,1.0409151129316043
EMR,EQUITY,5,890,433,0.48651685393258426,614,0.50814332247557,276,0.4384057971014493,245,0.5295154185022026,0.4907325684024713,-0.013483146067415741,-0.04299856456961837,-0.004215714469887055,-0.0018292295172019244,-0.0009023359326335578,0.9188003603286925
EMR,EQUITY,10,889,434,0.4881889763779528,613,0.5203915171288744,276,0.4166666666666667,245,0.5440917107583775,0.5004428697962799,-0.011811023622047223,-0.0559027343804247,-0.012253893418327166,-0.0028746523188761153,-0.0016959932160270919,0.9014959143669056
EMR,EQUITY,20,887,428,0.48252536640360766,611,0.5286415711947627,276,0.3804347826086957,245,0.5653710247349824,0.4792219274977896,-0.01747463359639234,-0.0828456583313747,0.003303438905818079,-0.005193858623815881,-0.0038100820633057975,0.8879570748311535
EOG,EQUITY,5,890,442,0.4966292134831461,542,0.514760147601476,348,0.46839080459770116,245,0.5321585903083701,0.4863436123348018,-0.0033707865168539075,-0.035529376825224,0.010285601148344314,-0.0011581136028128004,-0.0004455779185389974,0.9558696450131914
EOG,EQUITY,10,889,426,0.47919010123734535,541,0.5083179297597042,348,0.4339080459770115,245,0.5264550264550265,0.48500881834215165,-0.020809898762654655,-0.047264925217681164,-0.0058187171048063036,-0.0025310764036437002,-0.0038615773058072733,0.9934624935480925
EOG,EQUITY,20,888,439,0.49436936936936937,540,0.5277777777777778,348,0.4425287356321839,244,0.534452296819788,0.48672566371681414,-0.005630630630630629,-0.04008292745041864,0.007643705652555233,-0.004020141793679722,-0.001021324233314469,0.9238633840266297
EQIX,EQUITY,5,931,482,0.5177228786251342,690,0.5449275362318841,241,0.43983402489626555,204,0.5550660792951542,0.4801762114537445,0.01772287862513422,-0.03734320067001995,0.037546667171389714,-0.000238222897896626,0.0020361415118350656,0.918080777602784
EQIX,EQUITY,10,930,491,0.5279569892473118,689,0.5631349782293179,241,0.42738589211618255,204,0.5670194003527337,0.5141342756183745,0.027956989247311825,-0.03906241110542186,0.013822713628937278,0.0004943446884967666,0.0028364821771930115,0.9142165759315418
EQIX,EQUITY,20,930,505,0.543010752688172,689,0.5936139332365747,241,0.3983402489626556,202,0.5998233215547704,0.5159010600706714,0.043010752688172005,-0.056812568866598356,0.027109692617500625,0.0008664505748454648,0.008127352157881906,0.8645255628058901
EQR,EQUITY,5,898,458,0.5100222717149221,552,0.5416666666666666,346,0.4595375722543353,236,0.5388007054673721,0.5145631067961165,0.010022271714922093,-0.02877843375245004,-0.004540835081194405,-0.0005065542314996433,0.0007192909255701041,0.9254515737997075
EQR,EQUITY,10,898,460,0.512249443207127,552,0.5416666666666666,346,0.4653179190751445,235,0.5454545454545454,0.46819787985865724,0.012249443207126953,-0.03320510224741846,0.04405156334846971,-0.0012286359335122287,0.0008916425418058482,0.8916105050717487
EQR,EQUITY,20,897,465,0.5183946488294314,551,0.5680580762250453,346,0.4393063583815029,234,0.5552608311229,0.4800708591674048,0.018394648829431426,-0.03686618229346861,0.03832378966202665,-0.002053296272444583,0.0019047619047620756,0.8584060391775852
EQT,EQUITY,5,874,442,0.505720823798627,539,0.5176252319109462,335,0.48656716417910445,261,0.5286343612334802,0.48455428067078554,0.005720823798627039,-0.022913537434853137,0.021166543127841497,0.0004808056327078293,0.0013202951864864643,1.0008064971904909
EQT,EQUITY,10,874,448,0.5125858123569794,539,0.5250463821892394,335,0.4925373134328358,260,0.5282186948853616,0.48144876325088337,0.01258581235697942,-0.01563288252838213,0.03113704910609605,-0.0006532278108482912,0.0011940198945045721,0.9294292126002202
EQT,EQUITY,20,874,447,0.511441647597254,539,0.5269016697588126,335,0.48656716417910445,258,0.5300353356890459,0.4876325088339223,0.011441647597253968,-0.01859368809179196,0.023809138763331683,0.0021569784141966097,0.001822192846238524,1.0093280217742897
ERIE,EQUITY,5,907,478,0.5270121278941565,549,0.5610200364298725,358,0.4748603351955307,228,0.5400881057268723,0.5101860053144376,0.027012127894156523,-0.013075977832715746,0.01682612257971894,0.0015944432767419244,0.0015969716685395596,1.0303357995970908
ERIE,EQUITY,10,906,477,0.5264900662251656,548,0.5602189781021898,358,0.4748603351955307,228,0.5458553791887125,0.5110717449069974,0.026490066225165587,-0.019365312963546932,0.015418321318168227,0.0030798579738483757,0.003067405230287812,1.0834924914522486
ERIE,EQUITY,20,905,490,0.5414364640883977,547,0.5758683729433273,358,0.4888268156424581,227,0.553886925795053,0.5176991150442478,0.04143646408839774,-0.012450461706655314,0.023737349044149925,0.0070420619574829936,0.005840241145440794,1.136499361970296
ES,EQUITY,5,597,273,0.457286432160804,350,0.4857142857142857,247,0.41700404858299595,167,0.5287958115183246,0.4966887417218543,-0.042713567839196,-0.07150937935752055,-0.039402309561050286,0.017685293527234656,-0.0024817316972288728,2.4199638818603275
ES,EQUITY,10,596,262,0.4395973154362416,349,0.4699140401146132,247,0.3967611336032389,167,0.5321100917431193,0.4794701986754967,-0.06040268456375841,-0.09251277630687771,-0.039872883239255086,0.03476359335703101,-0.0037477668645607976,2.993287325634348
ES,EQUITY,20,595,277,0.46554621848739497,348,0.5057471264367817,247,0.4089068825910931,166,0.5427069645203679,0.48353096179183136,-0.03445378151260503,-0.07716074603297296,-0.01798474330443639,0.06861142784249448,-0.006382978723404209,3.1652088705287307
ESS,EQUITY,5,921,474,0.5146579804560261,637,0.5463108320251178,284,0.44366197183098594,214,0.5453744493392071,0.4960352422907489,0.014657980456026065,-0.030716468883181025,0.018622738165277153,-0.0004710197712936796,0.0008803521408562442,0.9083174430300103
ESS,EQUITY,10,920,475,0.5163043478260869,636,0.5534591194968553,284,0.43309859154929575,214,0.5573192239858906,0.4872021182700794,0.016304347826086918,-0.041014876159803704,0.029102229556007497,0.0002722309658009467,0.0018816742808891451,0.9514229520316516
ESS,EQUITY,20,918,483,0.5261437908496732,634,0.5630914826498423,284,0.44366197183098594,214,0.5662544169611308,0.4823008849557522,0.02614379084967322,-0.04011062611145755,0.043842905893921036,-0.0020891025316293593,0.002764978890053671,0.8291146229252835
ETHA,ETF,5,35,17,0.4857142857142857,2,0.0,33,0.5151515151515151,11,0.45652173913043476,0.5217391304347826,-0.01428571428571429,0.029192546583850953,-0.036024844720496885,-0.0007414396560774346,-0.0033816425120773985,1.0373159983415887
ETHA,ETF,10,34,16,0.47058823529411764,2,0.0,32,0.5,11,0.4888888888888889,0.5555555555555556,-0.02941176470588236,-0.018300653594771232,-0.08496732026143794,0.006026716356849338,-0.008314860904439447,1.2599971497756834
ETHA,ETF,20,34,14,0.4117647058823529,2,0.0,32,0.4375,9,0.5116279069767442,0.5581395348837209,-0.08823529411764708,-0.09986320109439129,-0.146374829001368,0.009117504005060636,-0.03728582658242385,1.6263543823773448
ETN,EQUITY,5,932,489,0.5246781115879828,682,0.5542521994134897,250,0.444,203,0.5524229074889868,0.5079646017699115,0.02467811158798283,-0.027744795901003982,0.016713509818071293,1.2645169093206383e-05,0.0022306095005292237,0.9067029825014801
ETN,EQUITY,10,931,494,0.5306122448979592,681,0.566813509544787,250,0.432,203,0.5590828924162258,0.5326278659611993,0.030612244897959218,-0.028470647518266556,-0.0020156210632400473,0.000430599806809198,0.0038202807075824463,0.9029736647840991
ETN,EQUITY,20,930,506,0.5440860215053763,680,0.5985294117647059,250,0.396,202,0.6007067137809188,0.5061837455830389,0.04408602150537633,-0.05662069227554245,0.037902275922337414,-0.0003795687105712082,0.010781126843386835,0.8279279149926834
ETR,EQUITY,5,903,454,0.5027685492801772,555,0.5315315315315315,348,0.45689655172413796,232,0.5303964757709251,0.46861184792219274,0.002768549280177224,-0.027627926490747856,0.03415670135798449,-0.0004723695786811415,0.00014894250819186272,0.9472226966716408
ETR,EQUITY,10,903,452,0.5005537098560354,555,0.5459459459459459,348,0.4281609195402299,231,0.5502645502645502,0.4832155477031802,0.0005537098560354226,-0.04971084040851481,0.01733816215285522,-0.0005318645742541636,0.00012218963831855945,0.9633050895169282
ETR,EQUITY,20,903,454,0.5027685492801772,555,0.554954954954955,348,0.41954022988505746,229,0.5653710247349824,0.5075154730327144,0.002768549280177224,-0.06260247545480513,-0.004746923752537158,-0.0012035713694927247,0.0007886435331230235,0.9355221238669023
EVRG,EQUITY,5,279,138,0.4946236559139785,185,0.518918918918919,94,0.44680851063829785,87,0.5218579234972678,0.4328767123287671,-0.005376344086021501,-0.027234267583289284,0.06174694358521138,-0.0025440652584110377,-0.00025647601949230214,0.8264958176439026
EVRG,EQUITY,10,279,132,0.4731182795698925,185,0.5081081081081081,94,0.40425531914893614,86,0.536986301369863,0.48760330578512395,-0.026881720430107503,-0.06386802179997053,-0.014485026215231456,-0.006153660421676816,-0.00272618844777639,0.7564701254227942
EVRG,EQUITY,20,279,111,0.3978494623655914,185,0.43783783783783786,94,0.3191489361702128,84,0.5316804407713499,0.4325068870523416,-0.10215053763440862,-0.13383097840575853,-0.034657424686750204,-0.014179321034162104,-0.0149653434152488,0.8319283909370999
EW,EQUITY,5,896,440,0.49107142857142855,666,0.5165165165165165,230,0.41739130434782606,239,0.5436123348017621,0.479646017699115,-0.008928571428571452,-0.05254090623033353,0.011425410872313524,-0.0013085149535125454,-0.0005962109232676149,0.9458864673424587
EW,EQUITY,10,895,433,0.48379888268156424,665,0.530827067669173,230,0.34782608695652173,239,0.582010582010582,0.47530864197530864,-0.016201117318435765,-0.09821169932901774,0.008490240706255592,-0.0014265784915494573,-0.0019308694351526379,0.9978816423966533
EW,EQUITY,20,894,450,0.5033557046979866,664,0.552710843373494,230,0.36086956521739133,238,0.5936395759717314,0.48674911660777387,0.003355704697986628,-0.09028387127374482,0.01660658809021276,-0.0014285058214730903,0.0005499316184464087,0.9407809339363041
EWJ,ETF,5,908,448,0.4933920704845815,590,0.523728813559322,318,0.4371069182389937,227,0.5453744493392071,0.4849023090586146,-0.006607929515418498,-0.05198237885462559,0.008489761425966913,-0.0007663318933369702,-0.0002820411419023894,0.947291879976051
EWJ,ETF,10,907,450,0.4961411245865491,589,0.5398981324278438,318,0.41509433962264153,227,0.5573192239858906,0.48401420959147423,-0.003858875413450924,-0.061178099399341546,0.012126914995074844,-0.0014827858100083912,-0.0003892565200467324,0.9054394062876591
EWJ,ETF,20,905,466,0.5149171270718232,587,0.565587734241908,318,0.42138364779874216,227,0.573321554770318,0.4968888888888889,0.014917127071823244,-0.05840442769849474,0.018028238182934364,-0.0006509932814055885,0.0016556291390728006,0.908550562246647
EWZ,ETF,5,874,452,0.517162471395881,491,0.539714867617108,383,0.48825065274151436,261,0.5268722466960353,0.48892825509300264,0.017162471395881007,-0.009709775300154266,0.028234216302878368,0.0009759285110658701,0.0015832261233685307,0.9863448030676536
EWZ,ETF,10,873,450,0.5154639175257731,491,0.5254582484725051,382,0.5026178010471204,261,0.5194003527336861,0.536283185840708,0.015463917525773141,-0.0039364352079129805,-0.020819268314934858,0.0022191752813248942,0.0035454706612303433,1.0270496036043049
EWZ,ETF,20,872,450,0.5160550458715596,490,0.5244897959183673,382,0.5052356020942408,260,0.523851590106007,0.5283185840707965,0.016055045871559592,-0.007796544234447422,-0.012263538199236867,0.00456713579661018,0.002811826508620663,1.0615069026049768
EXC,EQUITY,5,919,454,0.4940152339499456,531,0.5160075329566854,388,0.4639175257731959,216,0.5162995594713656,0.48412698412698413,-0.00598476605005438,-0.022284325521420012,0.009888249822961492,-0.0015338095713205212,-0.00027793218454696955,0.9004377344464725
EXC,EQUITY,10,919,444,0.48313384113166485,531,0.5216572504708098,388,0.43041237113402064,215,0.5343915343915344,0.471315092674316,-0.016866158868335146,-0.05125769325986956,0.011818748457348871,-0.002600281655392156,-0.0015906680805939377,0.9111055169885298
EXC,EQUITY,20,919,428,0.4657236126224157,531,0.5028248587570622,388,0.41494845360824745,213,0.5441696113074205,0.4778761061946903,-0.034276387377584316,-0.07844599868500479,-0.012152493572274603,-0.0033733765287723397,-0.0035790980672869566,0.9863756638386391
EXE,EQUITY,5,26,11,0.4230769230769231,5,0.2,21,0.47619047619047616,10,0.4722222222222222,0.5277777777777778,-0.07692307692307693,-0.04914529914529914,-0.10470085470085472,-0.00803065579661777,-0.0071439256611148805,0.8100897965484469
EXE,EQUITY,10,26,12,0.46153846153846156,5,0.0,21,0.5714285714285714,9,0.4,0.42857142857142855,-0.038461538461538436,0.06153846153846154,0.032967032967033016,-0.01456738489358521,-0.008495979121084685,0.5795643948908807
EXE,EQUITY,20,26,11,0.4230769230769231,5,0.0,21,0.5238095238095238,7,0.36363636363636365,0.5454545454545454,-0.07692307692307693,0.059440559440559426,-0.12237762237762234,-0.007764872333010973,-0.012316618130167822,0.9796232173913332
EXPD,EQUITY,5,902,444,0.49223946784922396,624,0.5144230769230769,278,0.44244604316546765,233,0.5312775330396475,0.5030891438658429,-0.007760532150776045,-0.039038065190423576,-0.010849676016618959,-0.0023944452496018702,-0.000356099597646764,0.8650429384875559
EXPD,EQUITY,10,901,422,0.4683684794672586,623,0.4911717495987159,278,0.4172661870503597,233,0.5343915343915344,0.4969053934571176,-0.031631520532741375,-0.06602305492427579,-0.02853691398985897,-0.0047714241502722935,-0.0031455533314269646,0.8833560680223673
EXPD,EQUITY,20,900,399,0.44333333333333336,622,0.48392282958199356,278,0.35251798561151076,232,0.5485865724381626,0.46065428824049515,-0.05666666666666664,-0.1052532391048292,-0.01732095490716179,-0.008371367803682259,-0.0061796169027412695,0.922205346933817
EXPE,EQUITY,5,551,265,0.4809437386569873,372,0.521505376344086,179,0.39664804469273746,151,0.5427350427350427,0.47150997150997154,-0.019056261343012693,-0.06179130407805539,0.00943376714701577,-0.004523362270424173,-0.002436950977613983,0.8586960508148168
EXPE,EQUITY,10,550,253,0.46,371,0.5094339622641509,179,0.3575418994413408,151,0.5534950071326676,0.4579172610556348,-0.03999999999999998,-0.09349500713266762,0.0020827389443652256,-0.007553344655706853,-0.004939828389310896,0.8986363538541917
EXPE,EQUITY,20,548,258,0.4708029197080292,369,0.5392953929539296,179,0.329608938547486,151,0.580829756795422,0.5050071530758226,-0.029197080291970823,-0.11002683708739286,-0.03420423336779338,-0.013429562615495454,-0.00777314327442713,0.8146239888550048
EXR,EQUITY,5,873,461,0.5280641466208477,619,0.5525040387722132,254,0.468503937007874,214,0.547378104875805,0.5050784856879039,0.028064146620847663,-0.019313958254957297,0.02298566093294374,0.0009668984429940687,0.002116402116402072,0.9535086096355139
EXR,EQUITY,10,872,480,0.5504587155963303,618,0.5857605177993528,254,0.4645669291338583,214,0.569060773480663,0.4824074074074074,0.050458715596330306,-0.018602057884332668,0.06805130818892291,0.0018316803235152916,0.005458380929144302,0.8908408729396594
EXR,EQUITY,20,870,488,0.5609195402298851,616,0.6103896103896104,254,0.4409448818897638,214,0.5811808118081181,0.5147874306839186,0.060919540229885105,-0.020261271578232987,0.04613210954596647,0.004622566549767009,0.00959426959876819,0.9154620079765649
F,EQUITY,5,892,431,0.48318385650224216,403,0.4987593052109181,489,0.4703476482617587,243,0.5118942731277533,0.5102770330652369,-0.01681614349775784,-0.028710416625511104,-0.027093176562994703,0.00047992859865977504,-0.0015321960694564818,1.0942622957443935
F,EQUITY,10,891,434,0.48709315375982043,402,0.48258706467661694,489,0.49079754601226994,243,0.49029982363315694,0.48444444444444446,-0.01290684624017957,-0.0032066698733365095,0.0026487093153759744,-0.0007486436355789715,-0.0009157509157509125,1.0267762768433395
F,EQUITY,20,890,435,0.4887640449438202,401,0.49625935162094764,489,0.48261758691206547,242,0.5017667844522968,0.49955634427684115,-0.011235955056179803,-0.013002739508476635,-0.01079229933302095,-0.0033076466956802153,-0.002846181985564633,0.9678453495997728
FANG,EQUITY,5,520,251,0.4826923076923077,335,0.5194029850746269,185,0.41621621621621624,140,0.5393939393939394,0.4803030303030303,-0.0173076923076923,-0.05670163170163173,0.002389277389277411,-0.0024376409771540816,-0.0016205768841761614,0.9627424353971311
FANG,EQUITY,10,519,237,0.45664739884393063,334,0.47904191616766467,185,0.41621621621621624,140,0.5189681335356601,0.4658573596358118,-0.04335260115606937,-0.06232073469172944,-0.009209960791881189,-0.004001479933492582,-0.005585874799358015,1.0540734893436234
FANG,EQUITY,20,518,247,0.4768339768339768,333,0.5345345345345346,185,0.372972972972973,139,0.5662100456621004,0.4634146341463415,-0.023166023166023175,-0.0893760688281236,0.013419342687635338,-0.004218515072127969,-0.006898409946214934,1.0016768015761008
FAST,EQUITY,5,906,456,0.5033112582781457,624,0.5368589743589743,282,0.42907801418439717,229,0.533920704845815,0.4916003536693192,0.0033112582781457123,-0.030609446567669285,0.011710904608826511,-0.00032316054976912835,0.00031789801568082865,0.9655106495712104
FAST,EQUITY,10,905,447,0.49392265193370166,623,0.5377207062600321,282,0.3971631205673759,229,0.544973544973545,0.4942630185348632,-0.006077348066298338,-0.05105089303984334,-0.0003403666011615458,-0.002743503740825478,-0.000400400400400458,0.8992087322025504
FAST,EQUITY,20,903,453,0.5016611295681063,621,0.5555555555555556,282,0.3829787234042553,229,0.558303886925795,0.5083996463306808,0.0016611295681062677,-0.056642757357688756,-0.006738516762574531,-0.007196671265073214,0.0002946977081584867,0.7837977646069126
FBTC,ETF,5,60,28,0.4666666666666667,23,0.43478260869565216,37,0.4864864864864865,13,0.5205479452054794,0.5342465753424658,-0.033333333333333326,-0.05388127853881275,-0.0675799086757991,-0.0017637840114238152,-0.0029817714190507605,1.0570634535414496
FBTC,ETF,10,59,26,0.4406779661016949,23,0.5217391304347826,36,0.3888888888888889,13,0.5833333333333334,0.5138888888888888,-0.05932203389830509,-0.14265536723163846,-0.07321092278719393,-0.001308790361634287,-0.0036285181916250187,1.2182562520396474
FBTC,ETF,20,57,20,0.3508771929824561,23,0.43478260869565216,34,0.29411764705882354,13,0.5571428571428572,0.5142857142857142,-0.14912280701754388,-0.20626566416040104,-0.16340852130325811,-0.01175322508670056,-0.020319874147876282,1.3846156645588632
FCX,EQUITY,5,885,434,0.4903954802259887,505,0.5069306930693069,380,0.46842105263157896,250,0.5171806167400881,0.5136804942630185,-0.009604519774011278,-0.02678513651409936,-0.023285014037029816,0.0007901375325464382,-0.0008127878623680473,1.0703082145209593
FCX,EQUITY,10,884,438,0.49547511312217196,504,0.5297619047619048,380,0.45,250,0.5379188712522046,0.48498233215547704,-0.004524886877828038,-0.04244375813003265,0.010492780966694926,0.0019526034508521412,-0.00037406405827455913,1.072039979240082
FCX,EQUITY,20,882,466,0.528344671201814,502,0.547808764940239,380,0.5026315789473684,250,0.5424028268551236,0.5526083112290009,0.028344671201814053,-0.01405815565330959,-0.02426364002718684,0.0034774721374471822,0.008946162809173208,0.9517191682042159
FDS,EQUITY,5,909,473,0.5203520352035204,624,0.5528846153846154,285,0.44912280701754387,226,0.5524229074889868,0.5101321585903084,0.020352035203520358,-0.032070872285466456,0.010219876613211998,-0.001462450674198442,0.0018539474634627906,0.8294195638144424
FDS,EQUITY,10,908,453,0.4988986784140969,623,0.5537720706260032,285,0.37894736842105264,226,0.5634920634920635,0.49646643109540634,-0.0011013215859030923,-0.06459338507796658,0.0024322473186905724,-0.0035048046449846918,-0.0004577651389429116,0.8450037581812618
FDS,EQUITY,20,906,449,0.4955849889624724,621,0.571658615136876,285,0.3298245614035088,226,0.5821554770318021,0.5119363395225465,-0.004415011037527616,-0.08657048806932977,-0.016351350560074085,-0.005103513581352498,-0.0005865314944570321,0.8570947904257933
FDX,EQUITY,5,871,452,0.5189437428243399,547,0.5594149908592322,324,0.4506172839506173,264,0.5594713656387665,0.4876543209876543,0.01894374282433986,-0.04052762281442668,0.03128942183668554,0.00022800107716232476,0.0010845986984815426,0.940983947957711
FDX,EQUITY,10,870,433,0.49770114942528737,546,0.532967032967033,324,0.4382716049382716,264,0.5440917107583775,0.5211640211640212,-0.0022988505747126298,-0.04639056133309011,-0.023462871738733793,0.001407570700986999,-0.0005213198854726597,1.0742752098495996
FDX,EQUITY,20,868,425,0.48963133640552997,546,0.532967032967033,322,0.4161490683229814,264,0.553886925795053,0.4840989399293286,-0.010368663594470029,-0.06425558938952308,0.005532396476201351,0.0018978345776594402,-0.0026673016486119527,1.10426108624234
FE,EQUITY,5,917,446,0.48636859323882226,549,0.5336976320582878,368,0.4157608695652174,218,0.5374449339207048,0.470432480141218,-0.013631406761177745,-0.05107634068188255,0.015936113097604232,-0.0023800175752718023,-0.0007913479293062409,0.8565138171062074
FE,EQUITY,10,917,436,0.47546346782988,549,0.5500910746812386,368,0.3641304347826087,217,0.5661375661375662,0.4739168877099912,-0.024536532170119973,-0.09067409830768614,0.0015465801198888407,-0.004307073011203009,-0.0013048016701460163,0.8342113184557858
FE,EQUITY,20,916,423,0.46179039301310043,548,0.5565693430656934,368,0.32065217391304346,216,0.5865724381625441,0.47614840989399293,-0.03820960698689957,-0.12478204514944369,-0.014358016880892499,-0.007719450767366651,-0.004631823676641944,0.8164072389994433
FER,EQUITY,5,46,25,0.5434782608695652,41,0.5609756097560976,5,0.4,10,0.5714285714285714,0.5,0.04347826086956519,-0.02795031055900621,0.04347826086956519,-0.0012357837037494863,0.004344883373567643,0.7607386593289069
FER,EQUITY,10,46,25,0.5434782608695652,41,0.5609756097560976,5,0.4,9,0.5818181818181818,0.4,0.04347826086956519,-0.0383399209486166,0.14347826086956517,-0.0027447389734310797,0.002691700035077349,0.7236504025828637
FER,EQUITY,20,44,27,0.6136363636363636,40,0.65,4,0.25,9,0.6792452830188679,0.4528301886792453,0.11363636363636365,-0.06560891938250424,0.16080617495711835,0.007635039532680582,0.017562426254418617,0.8326997374772155
FFIV,EQUITY,5,933,491,0.5262593783494105,594,0.5606060606060606,339,0.46607669616519176,202,0.5550660792951542,0.5035335689045937,0.0262593783494105,-0.02880670094574367,0.022725809444816836,0.0013164790079057407,0.002200535782625357,0.9667102904415338
FFIV,EQUITY,10,932,487,0.5225321888412017,593,0.5581787521079258,339,0.46017699115044247,202,0.5520282186948854,0.5092674315975286,0.022532188841201672,-0.029496029853683714,0.013264757243673042,0.002963619327254214,0.003002536669449829,1.0195207058075015
FFIV,EQUITY,20,931,496,0.5327604726100966,592,0.5962837837837838,339,0.4218289085545723,201,0.5777385159010601,0.5137046861184792,0.032760472610096625,-0.04497804329096344,0.019055786491617432,0.0034334812216533046,0.007902298850574585,0.9569914766632186
FICO,EQUITY,5,708,380,0.536723163841808,561,0.5650623885918004,147,0.42857142857142855,117,0.5587878787878788,0.5097087378640777,0.03672316384180796,-0.022064714946070874,0.027014425977730294,0.0016206135152910454,0.0028437756167719597,0.9517380806170224
FICO,EQUITY,10,707,397,0.5615275813295615,561,0.6042780748663101,146,0.3972602739726027,117,0.5825242718446602,0.5351941747572816,0.06152758132956149,-0.02099669051509867,0.026333406572279894,0.0047685396458961886,0.006338028169013965,0.9626190050176358
FICO,EQUITY,20,705,425,0.6028368794326241,561,0.6631016042780749,144,0.3680555555555556,117,0.6362530413625304,0.5700365408038977,0.1028368794326241,-0.03341616192990626,0.032800338628726444,0.0047740818954374814,0.017497812773403343,0.7497177820460134
FIS,EQUITY,5,793,413,0.5208070617906684,520,0.551923076923077,273,0.46153846153846156,217,0.5346534653465347,0.497029702970297,0.02080706179066838,-0.013846403555866305,0.023777358820371353,0.0012311336475756343,0.0012503907471086428,1.0092800694524406
FIS,EQUITY,10,793,419,0.5283732660781841,520,0.5692307692307692,273,0.45054945054945056,216,0.5500495540138751,0.5153617443012884,0.028373266078184134,-0.021676287935690985,0.013011521776895685,0.004180772863593506,0.002966929589695244,1.114522158821349
FIS,EQUITY,20,793,438,0.5523329129886507,520,0.5980769230769231,273,0.4652014652014652,214,0.5660377358490566,0.4990059642147117,0.052332912988650726,-0.013704822860405863,0.05332694877393901,0.007812661120833375,0.009247783392125175,1.093811018105885
FISV,EQUITY,5,809,424,0.5241038318912238,656,0.5548780487804879,153,0.39215686274509803,160,0.564499484004128,0.4653567735263702,0.02410383189122378,-0.04039565211290419,0.058747058364853555,-0.0002740439354857262,0.001229407425620721,0.8865407413029928
FISV,EQUITY,10,809,421,0.5203955500618047,656,0.5579268292682927,153,0.35947712418300654,160,0.5779153766769866,0.4865702479338843,0.020395550061804713,-0.057519826615181846,0.0338253021279204,-0.0008117578072963591,0.0021469465648855657,0.8739048303232272
FISV,EQUITY,20,809,440,0.5438813349814586,656,0.6082317073170732,153,0.2679738562091503,160,0.6171310629514963,0.49430051813471504,0.04388133498145863,-0.0732497279700377,0.04958081684674359,-0.003074140469651135,0.004967969669237959,0.7305082642368457
FITB,EQUITY,5,888,431,0.48536036036036034,531,0.4990583804143126,357,0.4649859943977591,247,0.5083700440528635,0.4920353982300885,-0.014639639639639657,-0.023009683692503113,-0.006675037869728173,0.001528561072752177,-0.0008762281354385282,1.144523149788783
FITB,EQUITY,10,887,446,0.5028184892897407,530,0.5339622641509434,357,0.4565826330532213,247,0.5343915343915344,0.5102040816326531,0.002818489289740711,-0.031573045101793706,-0.0073855923429123616,0.0027554712812087935,0.0007790184367697517,1.0962783373729865
FITB,EQUITY,20,885,444,0.5016949152542373,528,0.5378787878787878,357,0.4481792717086835,247,0.5406360424028268,0.49380530973451325,0.0016949152542372614,-0.03894112714858955,0.007889605519724008,0.0013753928031071797,0.0004055972419387821,1.0293026989751501
FIX,EQUITY,5,911,479,0.5257958287596048,682,0.5542521994134897,229,0.4410480349344978,224,0.5533039647577093,0.5035398230088496,0.025795828759604844,-0.02750813599810442,0.02225600575075526,0.0015213334254785807,0.00402684563758382,0.9743985008800672
FIX,EQUITY,10,911,482,0.5290889132821076,682,0.5689149560117303,229,0.4104803493449782,223,0.572310405643739,0.5128205128205128,0.02908891328210761,-0.04322149236163142,0.016268400461594834,0.0028373552827614576,0.0065885797950220315,0.9821375993600276
FIX,EQUITY,20,911,477,0.5236004390779363,682,0.5762463343108505,229,0.36681222707423583,221,0.5856890459363958,0.5062056737588653,0.023600439077936297,-0.062088606858459516,0.017394765319071026,0.005582959352187806,0.005439709882139709,1.0386468199703234
FLEX,EQUITY,5,921,439,0.4766558089033659,589,0.4906621392190153,332,0.45180722891566266,214,0.518942731277533,0.49422222222222223,-0.023344191096634104,-0.04228692237416709,-0.017566413318856333,-0.0017242102998606594,-0.0015438054805094747,1.0078052088753982
FLEX,EQUITY,10,920,435,0.47282608695652173,588,0.5034013605442177,332,0.4186746987951807,214,0.5343915343915344,0.4800354924578527,-0.02717391304347827,-0.06156544743501269,-0.007209405501330979,-0.0021904783809494,-0.0031882515912689535,1.0321076999328413
FLEX,EQUITY,20,920,448,0.48695652173913045,588,0.5340136054421769,332,0.4036144578313253,212,0.5547703180212014,0.5071047957371225,-0.013043478260869545,-0.0678137962820709,-0.020148273997992072,-0.001391566331929508,-0.002994072364219058,1.0190720255107726
FOX,EQUITY,5,270,136,0.5037037037037037,161,0.5527950310559007,109,0.43119266055045874,55,0.556923076923077,0.49846153846153846,0.0037037037037036535,-0.05321937321937331,0.005242165242165198,-0.0005327074859777516,0.0005972597982518146,0.9494242591460045
FOX,EQUITY,10,269,124,0.46096654275092935,160,0.51875,109,0.3761467889908257,55,0.5648148148148148,0.48297213622291024,-0.03903345724907065,-0.10384827206388542,-0.02200559347198089,-0.003239440595908996,-0.002602472348731455,1.0014976286630115
FOX,EQUITY,20,268,127,0.47388059701492535,159,0.5345911949685535,109,0.3853211009174312,54,0.5496894409937888,0.5202492211838006,-0.026119402985074647,-0.07580884397886345,-0.04636862416887522,-0.007892825495024085,-0.004260355289018636,0.8607671866582638
FOXA,EQUITY,5,264,133,0.5037878787878788,166,0.536144578313253,98,0.4489795918367347,64,0.5579268292682927,0.5030487804878049,0.0037878787878787845,-0.05413895048041395,0.0007390983000739038,0.000579717848830303,0.0013201121090131163,1.0230819555042086
FOXA,EQUITY,10,263,125,0.4752851711026616,165,0.5393939393939394,98,0.3673469387755102,64,0.5871559633027523,0.49079754601226994,-0.024714828897338392,-0.11187079220009072,-0.015512374909608329,-0.001584798349277846,-0.0036302708740576506,1.027591289702717
FOXA,EQUITY,20,262,129,0.49236641221374045,164,0.5670731707317073,98,0.3673469387755102,63,0.5876923076923077,0.5323076923076923,-0.007633587786259555,-0.09532589547856729,-0.039941280093951814,-0.0061368953493591465,-0.001051356713994922,0.8505078400793455
FRT,EQUITY,5,895,429,0.4793296089385475,579,0.5146804835924007,316,0.41455696202531644,240,0.5303964757709251,0.48105726872246696,-0.02067039106145252,-0.0510668668323776,-0.0017276597839194774,-0.0006993161396027993,-0.0012756118950809636,1.0307219815755384
FRT,EQUITY,10,895,445,0.4972067039106145,579,0.5440414507772021,316,0.41139240506329117,239,0.5405643738977073,0.4872021182700794,-0.0027932960893854997,-0.043357669987092784,0.01000458564053508,-0.000797488152452561,-0.00022070183182532066,0.9685065123997312
FRT,EQUITY,20,894,440,0.49217002237136465,578,0.532871972318339,316,0.4177215189873418,238,0.5521201413427562,0.4673144876325088,-0.007829977628635354,-0.059950118971391575,0.024855534738855822,-0.0036079140722819827,-0.0009518680392941459,0.8943626210241241
FSLR,EQUITY,5,744,380,0.510752688172043,392,0.5051020408163265,352,0.5170454545454546,224,0.49173553719008267,0.4901758014477766,0.010752688172043001,0.01901715098196033,0.020576886724266386,-0.0016247880431920468,0.002110257006607219,0.9044036872962338
FSLR,EQUITY,10,744,371,0.4986559139784946,392,0.4923469387755102,352,0.5056818181818182,223,0.49948293691830403,0.4870734229576008,-0.0013440860215053752,-0.0008270229398094076,0.011582491020893815,-0.0021026975401795558,-0.0010577052434028733,0.9548049041110113
FSLR,EQUITY,20,742,372,0.5013477088948787,391,0.4884910485933504,351,0.5156695156695157,223,0.49740932642487046,0.5031120331950207,0.0013477088948786742,0.003938382470008217,-0.0017643243001420617,0.0014851293450545261,0.000365899935414582,1.020226594801174
FTNT,EQUITY,5,669,349,0.5216741405082213,474,0.5759493670886076,195,0.38974358974358975,143,0.5701970443349754,0.5172839506172839,0.02167414050822125,-0.04852290382675417,0.004390189890937313,2.1515865446625114e-05,0.002306501999941535,0.9179448015057744
FTNT,EQUITY,10,668,349,0.5224550898203593,473,0.5792811839323467,195,0.38461538461538464,143,0.5795314426633785,0.5012345679012346,0.022455089820359264,-0.05707635284301926,0.021220521919124713,0.0012757968741434584,0.004259981610125252,0.9586672554335199
FTNT,EQUITY,20,666,368,0.5525525525525525,471,0.6284501061571125,195,0.36923076923076925,143,0.6044499381953028,0.5396039603960396,0.052552552552552534,-0.05189738564275026,0.012948592156512895,-0.0030528879182275368,0.010907137239890674,0.7537388048152436
FTV,EQUITY,5,374,170,0.45454545454545453,233,0.4678111587982833,141,0.4326241134751773,92,0.51931330472103,0.46652267818574517,-0.04545454545454547,-0.06476785017557546,-0.011977223640290635,-0.0037304397896035894,-0.0038381619206452333,0.9133975342180075
FTV,EQUITY,10,373,170,0.45576407506702415,232,0.47413793103448276,141,0.425531914893617,92,0.5204301075268817,0.4838709677419355,-0.044235924932975845,-0.06466603245985753,-0.028106892674911343,-0.005329964690650543,-0.007060314894085984,0.8952737372703472
FTV,EQUITY,20,372,164,0.44086021505376344,231,0.47186147186147187,141,0.3900709219858156,91,0.5334773218142549,0.4557235421166307,-0.05913978494623656,-0.09261710676049145,-0.014863327062867249,-0.012820508444386152,-0.00800485267601958,0.7743971641297145
FXI,ETF,5,816,411,0.5036764705882353,448,0.5245535714285714,368,0.4782608695652174,263,0.5125115848007414,0.47866419294990725,0.003676470588235281,-0.008835114212506157,0.02501227763832803,0.0009800247819530383,0.0006133507965009888,1.0516973930073024
FXI,ETF,10,816,406,0.49754901960784315,448,0.5066964285714286,368,0.48641304347826086,262,0.5018552875695733,0.5065055762081785,-0.002450980392156854,-0.00430626796173017,-0.008956556600335341,0.0017419803892083042,-0.00030673917340928725,1.0985102546734367
FXI,ETF,20,814,409,0.5024570024570024,446,0.5358744394618834,368,0.46195652173913043,262,0.5232342007434945,0.49162011173184356,0.002457002457002422,-0.02077719828649205,0.010836890725158865,0.004489783903198126,0.00046441261563401337,1.1489486054795124
GD,EQUITY,5,917,485,0.5288985823336968,689,0.5573294629898403,228,0.44298245614035087,218,0.5585903083700441,0.47400881057268723,0.0288985823336968,-0.029691726036347288,0.054889771761009565,0.0009007596972912471,0.0016500000000001513,0.9630336069875777
GD,EQUITY,10,916,489,0.5338427947598253,688,0.5697674418604651,228,0.42543859649122806,218,0.5696649029982364,0.49646643109540634,0.03384279475982532,-0.03582210823841103,0.03737636366441899,0.00243303620401958,0.0036299726192298154,1.0145457154218942
GD,EQUITY,20,914,491,0.537199124726477,686,0.5874635568513119,228,0.38596491228070173,218,0.5865724381625441,0.4854111405835544,0.03719912472647702,-0.0493733134360671,0.05178798414292263,0.002085133507402956,0.005245821682377916,0.9447194680599389
GDDY,EQUITY,5,427,207,0.4847775175644028,280,0.5107142857142857,147,0.43537414965986393,105,0.5338345864661654,0.5056390977443609,-0.015222482435597207,-0.049057068901762646,-0.020861580179958095,-0.0017249110848201311,-0.0007424593967517712,0.9538956272671228
GDDY,EQUITY,10,426,215,0.5046948356807511,279,0.5627240143369175,147,0.3945578231292517,105,0.5706214689265536,0.4971751412429379,0.0046948356807511304,-0.0659266332458025,0.007519694437813251,-0.0018019540069345594,0.0006457212090040798,0.9074227461614018
GDDY,EQUITY,20,426,223,0.5234741784037559,279,0.5806451612903226,147,0.41496598639455784,103,0.5689981096408318,0.4763705103969754,0.023474178403755874,-0.045523931237075876,0.04710366800678045,-0.002932159897313098,0.007523840681092575,0.8364692025392779
GDX,ETF,5,786,384,0.48854961832061067,414,0.5217391304347826,372,0.45161290322580644,208,0.5201207243460765,0.49798387096774194,-0.011450381679389332,-0.03157110602546581,-0.00943425264713127,-0.0018855862085472303,-0.001816155080410109,0.9518442119982835
GDX,ETF,10,785,381,0.4853503184713376,413,0.5060532687651331,372,0.46236559139784944,208,0.5206445115810675,0.46875,-0.014649681528662417,-0.03529419310972992,0.016600318471337583,-0.002520062967701088,-0.002908385845855621,0.9716787960362735
GDX,ETF,20,783,377,0.48148148148148145,412,0.4975728155339806,371,0.4636118598382749,208,0.5116044399596368,0.502020202020202,-0.018518518518518545,-0.030122958478155326,-0.02053872053872058,-0.0065174958758816535,-0.0038732394366198797,0.918361723732794
GDXJ,ETF,5,646,319,0.4938080495356037,292,0.4897260273972603,354,0.4971751412429379,167,0.5006150061500615,0.499383477188656,-0.006191950464396301,-0.006806956614457793,-0.005575427653052301,-0.0011839323313502137,-0.0005249783432704769,0.9724098292389337
GDXJ,ETF,10,645,330,0.5116279069767442,291,0.5051546391752577,354,0.5169491525423728,167,0.5,0.4746600741656366,0.011627906976744207,0.011627906976744207,0.036967832811107604,-0.0024602686750577235,0.00179157957599263,0.8853073152485816
GDXJ,ETF,20,643,320,0.4976671850699845,290,0.4793103448275862,353,0.5127478753541076,167,0.48271604938271606,0.5217391304347826,-0.0023328149300155254,0.014951135687268413,-0.02407194536479812,-0.0020817450674016536,0.0,0.9654255789154902
GE,EQUITY,5,917,455,0.4961832061068702,557,0.5026929982046678,360,0.4861111111111111,218,0.5162995594713656,0.5057471264367817,-0.0038167938931297773,-0.02011635336449541,-0.009563920329911435,0.0011923161055396624,-9.429914517822269e-05,1.0943704391036648
GE,EQUITY,10,916,476,0.519650655021834,556,0.5251798561151079,360,0.5111111111111111,218,0.5246913580246914,0.5061728395061729,0.01965065502183405,-0.005040703002857305,0.013477815515661185,0.003305161836139467,0.002624053760757694,1.0693964174832438
GE,EQUITY,20,914,469,0.513129102844639,554,0.5180505415162455,360,0.5055555555555555,218,0.5203180212014135,0.4991166077738516,0.013129102844638973,-0.007188918356774487,0.01401249507078739,0.004724861940022434,0.0026486064731450765,1.0952013892480583
GEHC,EQUITY,5,97,40,0.41237113402061853,41,0.4146341463414634,56,0.4107142857142857,30,0.49606299212598426,0.49606299212598426,-0.08762886597938147,-0.08369185810536572,-0.08369185810536572,-0.006724376375956016,-0.004266024939838076,0.9287395692932419
GEHC,EQUITY,10,96,42,0.4375,40,0.45,56,0.42857142857142855,30,0.5,0.48412698412698413,-0.0625,-0.0625,-0.04662698412698413,-0.010259710986901371,-0.011192115501867717,0.8207395049550323
GEHC,EQUITY,20,95,31,0.3263157894736842,39,0.358974358974359,56,0.30357142857142855,29,0.5080645161290323,0.5,-0.17368421052631577,-0.18174872665534803,-0.17368421052631577,-0.027609151996846135,-0.028728348119982927,0.8323373408466603
GEN,EQUITY,5,108,52,0.48148148148148145,68,0.5,40,0.45,27,0.5111111111111111,0.4701492537313433,-0.018518518518518545,-0.029629629629629617,0.011332227750138146,-0.00032266795194486425,-0.0004229425093468242,1.0567884898129731
GEN,EQUITY,10,107,54,0.5046728971962616,67,0.4925373134328358,40,0.525,27,0.4925373134328358,0.43283582089552236,0.004672897196261627,0.012135583763425828,0.07183707630073927,-0.005134488357480076,0.002624671916010346,0.7839471645841729
GEN,EQUITY,20,105,58,0.5523809523809524,65,0.6,40,0.475,27,0.553030303030303,0.5227272727272727,0.05238095238095242,-0.0006493506493505663,0.02965367965367971,-0.010828337888079591,0.014527845036319542,0.6053210247850778
GEV,EQUITY,5,50,27,0.54,48,0.5416666666666666,2,0.5,12,0.5806451612903226,0.5161290322580645,0.040000000000000036,-0.040645161290322585,0.023870967741935534,0.011927181680201435,0.00829925104256779,1.4522601616607187
GEV,EQUITY,10,49,28,0.5714285714285714,47,0.5531914893617021,2,1.0,12,0.5245901639344263,0.639344262295082,0.0714285714285714,0.04683840749414514,-0.06791569086651061,0.028652661946250706,0.015845582573281503,1.8740252783472993
GEV,EQUITY,20,49,29,0.5918367346938775,47,0.574468085106383,2,1.0,10,0.5932203389830508,0.5254237288135594,0.09183673469387754,-0.0013836042891732792,0.06641300588031818,0.05459274130416664,0.02496567671074512,2.34764394417588
GILD,EQUITY,5,919,448,0.48748639825897716,580,0.5172413793103449,339,0.4365781710914454,216,0.5330396475770925,0.4708994708994709,-0.01251360174102284,-0.045553249318115385,0.016586927359506287,-0.0010798263454408752,-0.0018943380340979976,0.9761542722633839
GILD,EQUITY,10,918,437,0.4760348583877996,579,0.5181347150259067,339,0.40412979351032446,216,0.5423280423280423,0.45446507515473034,-0.023965141612200425,-0.06629318394024275,0.02156978323306924,0.00014790723109796262,-0.0026953960859756876,1.108816288044935
GILD,EQUITY,20,917,461,0.5027262813522355,578,0.5363321799307958,339,0.44542772861356933,215,0.5459363957597173,0.5106194690265486,0.0027262813522355156,-0.04321011440748179,-0.007893187674313129,0.0022079311464301634,0.0008804108584006265,1.0711866663666063
GIS,EQUITY,5,910,455,0.5,561,0.5169340463458111,349,0.47277936962750716,225,0.5242290748898678,0.46466431095406363,0.0,-0.024229074889867808,0.03533568904593637,-0.0006984190785315397,8.996041741632377e-05,0.930275825043137
GIS,EQUITY,10,909,456,0.5016501650165016,560,0.5232142857142857,349,0.4670487106017192,225,0.5343915343915344,0.4854111405835544,0.0016501650165016146,-0.0327413693750328,0.016239024432947224,0.0002785465709465729,0.0002901494269549332,1.0147555797853767
GIS,EQUITY,20,908,471,0.5187224669603524,560,0.55,348,0.46839080459770116,224,0.5450530035335689,0.5137046861184792,0.018722466960352402,-0.02633053657321649,0.0050177808418732095,0.0022094967709243418,0.001853346142545731,1.0443735697175587
GL,EQUITY,5,237,118,0.4978902953586498,187,0.5080213903743316,50,0.46,68,0.5311475409836065,0.4934210526315789,-0.002109704641350185,-0.03325724562495669,0.004469242727070888,-0.0009104759009160098,0.0,0.939637542182047
GL,EQUITY,10,236,120,0.5084745762711864,186,0.543010752688172,50,0.38,68,0.5822368421052632,0.47368421052631576,0.008474576271186418,-0.07376226583407675,0.034790365744870655,-0.00016671664514055341,0.0005382175832446268,0.9581926585499577
GL,EQUITY,20,234,119,0.5085470085470085,184,0.5706521739130435,50,0.28,68,0.609271523178808,0.46688741721854304,0.008547008547008517,-0.10072451463179943,0.04165959132846547,-0.0006534007357161576,0.0018080891700913426,0.9405990281540286
GLD,ETF,5,847,442,0.5218417945690673,591,0.55668358714044,256,0.44140625,226,0.5591798695246971,0.5200372786579683,0.02184179456906732,-0.037338074955629796,0.0018045159110989806,0.0013325328804764834,0.001714196665108192,1.0593645480401437
GLD,ETF,10,846,433,0.5118203309692672,590,0.5423728813559322,256,0.44140625,226,0.5569029850746269,0.4822429906542056,0.011820330969267157,-0.04508265410535972,0.02957734031506154,0.0025830608769821743,0.0013834028156523015,1.1602857878323838
GLD,ETF,20,845,450,0.5325443786982249,590,0.5661016949152542,255,0.4549019607843137,225,0.5663551401869159,0.5046728971962616,0.03254437869822491,-0.033810761488691,0.02787148150196328,0.005901849796155985,0.004415011037527616,1.2047604290976577
GLW,EQUITY,5,916,473,0.5163755458515283,584,0.5496575342465754,332,0.4578313253012048,219,0.533920704845815,0.4906832298136646,0.01637554585152834,-0.017545158994286658,0.02569231603786376,0.0003178278930436352,0.0023247083138913105,0.9541865843545585
GLW,EQUITY,10,915,471,0.5147540983606558,583,0.5523156089193825,332,0.44879518072289154,219,0.5361552028218695,0.5213523131672598,0.014754098360655776,-0.021401104461213682,-0.0065982148066040525,0.0008129959495217733,0.0018018018018017834,0.9750408219853808
GLW,EQUITY,20,914,495,0.5415754923413567,583,0.5969125214408233,331,0.44410876132930516,218,0.5680212014134276,0.5061837455830389,0.04157549234135671,-0.02644570907207089,0.0353917467583178,0.004838371401598652,0.008142106506262126,0.9636973201868558
GM,EQUITY,5,578,259,0.44809688581314877,348,0.4454022988505747,230,0.45217391304347826,182,0.5144736842105263,0.4815303430079156,-0.05190311418685123,-0.06637679839737753,-0.033433457194766814,-0.0011983867387212088,-0.005482689888828496,1.1515095469645062
GM,EQUITY,10,577,272,0.4714038128249567,347,0.46397694524495675,230,0.4826086956521739,182,0.5138339920948617,0.47424042272126815,-0.02859618717504331,-0.042430179269905,-0.0028366098963114594,-0.001941824867671045,-0.0029124550282678685,1.0348484057044072
GM,EQUITY,20,575,280,0.48695652173913045,345,0.48985507246376814,230,0.4826086956521739,182,0.5284015852047557,0.49074074074074076,-0.013043478260869545,-0.04144506346562521,-0.0037842190016103006,-0.002760151457033304,-0.002490660024906499,0.9755349283316365
GNRC,EQUITY,5,647,338,0.5224111282843895,407,0.538083538083538,240,0.49583333333333335,153,0.5275,0.4993726474278545,0.022411128284389514,-0.005088871715610455,0.023038480856535037,0.0009884016789995038,0.0022084805653710404,0.9574069754320916
GNRC,EQUITY,10,647,324,0.500772797527048,407,0.5184275184275184,240,0.4708333333333333,152,0.5306633291614519,0.49748743718592964,0.0007727975270479526,-0.029890531634403916,0.003285360341118315,0.002103834055274773,0.0005145122726308848,1.0652710802670775
GNRC,EQUITY,20,645,340,0.5271317829457365,407,0.5626535626535627,238,0.46638655462184875,152,0.562107904642409,0.5238693467336684,0.027131782945736482,-0.034976121696672524,0.0032624362120681205,0.010780850283371923,0.00788075019854606,1.133842443200803
GOOG,EQUITY,5,868,464,0.5345622119815668,643,0.567651632970451,225,0.44,218,0.5441988950276243,0.4972375690607735,0.03456221198156684,-0.00963668304605747,0.03732464292079335,0.0018916990093006416,0.003466719776640148,0.9845003510679989
GOOG,EQUITY,10,868,472,0.543778801843318,643,0.5878693623639192,225,0.4177777777777778,217,0.5769585253456221,0.5179723502304148,0.04377880184331795,-0.03317972350230414,0.02580645161290318,0.002899619620037472,0.0050853352314017,0.9600727974652539
GOOG,EQUITY,20,867,494,0.5697808535178778,642,0.6230529595015576,225,0.4177777777777778,216,0.5946445060018467,0.5235457063711911,0.06978085351787777,-0.024863652483968934,0.04623514714668664,0.004002077847851908,0.011151603498542384,0.8533276776672969
GOOGL,EQUITY,5,479,259,0.5407098121085595,388,0.5670103092783505,91,0.42857142857142855,105,0.5565068493150684,0.5051369863013698,0.04070981210855951,-0.015797037206508935,0.03557282580718968,0.0014726903789541316,0.004352192835620938,0.9339504095079961
GOOGL,EQUITY,10,479,266,0.5553235908141962,388,0.5927835051546392,91,0.3956043956043956,104,0.58147512864494,0.4939965694682676,0.055323590814196244,-0.026151537830743754,0.061327021345928656,0.004300769805167994,0.0045986446100096945,0.9838719229673039
GOOGL,EQUITY,20,478,278,0.5815899581589958,387,0.6382428940568475,91,0.34065934065934067,103,0.6179001721170396,0.5094664371772806,0.08158995815899583,-0.03631021395804379,0.07212352098171526,0.010263875289068842,0.013179617964041768,1.0083306577696036
GPC,EQUITY,5,881,413,0.46878547105561863,559,0.4865831842576029,322,0.43788819875776397,254,0.520704845814978,0.4651368049426302,-0.03121452894438137,-0.05191937475935937,0.003648666112988419,-0.0027269860744599476,-0.0017102615694165602,0.9045133078130614
GPC,EQUITY,10,880,409,0.4647727272727273,558,0.5017921146953405,322,0.40062111801242234,254,0.5361552028218695,0.4730803177405119,-0.03522727272727272,-0.07138247554914218,-0.00830759046778462,-0.0035221911011206405,-0.003666389667327241,0.939607198163692
GPC,EQUITY,20,878,396,0.4510250569476082,556,0.49640287769784175,322,0.37267080745341613,254,0.5468197879858657,0.4588131089459699,-0.048974943052391806,-0.09579473103825753,-0.007788051998361689,-0.005998861952860852,-0.004875745928142161,0.9513262581134917
GPN,EQUITY,5,917,459,0.5005452562704471,594,0.5437710437710438,323,0.42105263157894735,218,0.5436123348017621,0.495583038869258,0.0005452562704471031,-0.04306707853131497,0.0049622174011891285,-0.0010294633010440337,0.0003774297037175689,0.9310218361467728
GPN,EQUITY,10,916,483,0.527292576419214,593,0.5851602023608768,323,0.42105263157894735,218,0.5634920634920635,0.5216622458001768,0.02729257641921401,-0.03619948707284948,0.005630330619037172,-0.0006917329929802644,0.002514550268943261,0.8676289693352186
GPN,EQUITY,20,914,493,0.5393873085339168,591,0.5939086294416244,323,0.43962848297213625,218,0.5600706713780919,0.5088495575221239,0.03938730853391681,-0.020683362844175046,0.030537751011792902,0.0005713465963912189,0.006332651379952758,0.8698801978018711
GRMN,EQUITY,5,901,475,0.5271920088790233,615,0.5382113821138211,286,0.5034965034965035,234,0.5286343612334802,0.48586572438162545,0.02719200887902329,-0.0014423523544568884,0.041326284497397836,0.0026379100595477715,0.0029066093769747336,1.048110630160119
GRMN,EQUITY,10,900,498,0.5533333333333333,614,0.5700325732899023,286,0.5174825174825175,234,0.5476190476190477,0.4907325684024713,0.053333333333333344,0.005714285714285672,0.06260076493086203,0.005194492259746265,0.007496171431462972,0.9991871008850696
GRMN,EQUITY,20,898,525,0.5846325167037862,612,0.6160130718954249,286,0.5174825174825175,234,0.5724381625441696,0.5455349248452697,0.08463251670378624,0.012194354159616672,0.03909759185851658,0.011854653993265032,0.01417945815494448,0.9932110769500089
GS,EQUITY,5,908,468,0.5154185022026432,607,0.5403624382207578,301,0.46511627906976744,227,0.533920704845815,0.5118942731277533,0.01541850220264318,-0.018502202643171817,0.0035242290748899174,0.0003297656749885413,0.0011993520270403568,0.9594963700845551
GS,EQUITY,10,907,466,0.5137816979051819,606,0.5528052805280528,301,0.43521594684385384,227,0.5599647266313933,0.47530864197530864,0.013781697905181911,-0.046183028726211384,0.03847305592987327,0.0006266486917687591,0.0024192247728618277,0.9722717983227436
GS,EQUITY,20,906,477,0.5264900662251656,605,0.5685950413223141,301,0.4418604651162791,226,0.5627208480565371,0.519434628975265,0.026490066225165587,-0.03623078183137152,0.0070554372499005424,0.0032673620012658817,0.005538988780407261,0.9922159298909596
GWW,EQUITY,5,925,478,0.5167567567567568,682,0.5439882697947214,243,0.4403292181069959,210,0.5453744493392071,0.500441306266549,0.016756756756756808,-0.028617692582450283,0.016315450490207772,0.00020746585747505444,0.001224353504248099,0.9498083149231367
GWW,EQUITY,10,925,475,0.5135135135135135,682,0.5469208211143695,243,0.41975308641975306,209,0.5537918871252204,0.5026455026455027,0.013513513513513487,-0.04027837361170694,0.010868010868010813,-0.0006350970518806865,0.0019933554817277432,0.9154028388402474
GWW,EQUITY,20,924,487,0.5270562770562771,681,0.5697503671071953,243,0.4074074074074074,208,0.5786219081272085,0.5092838196286472,0.02705627705627711,-0.05156563107093137,0.017772457427629895,-0.00010389983855974294,0.005176510664707701,0.893912320500221
HACK,ETF,5,447,241,0.5391498881431768,345,0.5710144927536231,102,0.43137254901960786,105,0.572463768115942,0.5144927536231884,0.03914988814317677,-0.03331387997276525,0.02465713451998841,0.000749432555697379,0.002438174851967956,0.9066479355163263
HACK,ETF,10,446,224,0.5022421524663677,344,0.5494186046511628,102,0.3431372549019608,105,0.5807622504537205,0.47186932849364793,0.0022421524663677195,-0.07852009798735282,0.030372823972719787,0.0015594834056718865,0.0005282913631149411,1.0841638884472782
HACK,ETF,20,444,246,0.5540540540540541,342,0.6111111111111112,102,0.3627450980392157,105,0.6138433515482696,0.5091240875912408,0.05405405405405406,-0.059789297494215576,0.04492996646281322,0.0013744482913512265,0.010978936508343362,0.850913205371492
HAL,EQUITY,5,864,433,0.5011574074074074,490,0.5061224489795918,374,0.4946524064171123,271,0.5136563876651983,0.497789566755084,0.0011574074074074403,-0.012498980257790837,0.0033678406523234283,0.003011204687357433,0.00023425473205207492,1.1375147752163781
HAL,EQUITY,10,864,443,0.5127314814814815,490,0.5326530612244897,374,0.48663101604278075,270,0.5264550264550265,0.5075022065313327,0.01273148148148151,-0.013723544973544999,0.005229274950148799,0.004927832636876187,0.002305396388398273,1.110017430355969
HAL,EQUITY,20,862,452,0.5243619489559165,490,0.5489795918367347,372,0.49193548387096775,270,0.5273851590106007,0.5168141592920354,0.02436194895591648,-0.0030232100546842,0.007547789663881033,0.006045831713848814,0.0061638552624271314,1.0396029050511078
HAS,EQUITY,5,906,443,0.488962472406181,604,0.5149006622516556,302,0.4370860927152318,229,0.5242290748898678,0.48053097345132745,-0.011037527593818985,-0.03526660248368679,0.008431498954853567,6.3473697284638106e-06,-0.00046009151098597156,1.0456066921305343
HAS,EQUITY,10,905,462,0.5104972375690607,603,0.538971807628524,302,0.45364238410596025,229,0.5396825396825397,0.48631950573698146,0.010497237569060736,-0.029185302113478917,0.024177731832079274,-0.000660827324404302,0.0012591575091575047,0.9293341035924121
HAS,EQUITY,20,903,464,0.5138427464008859,601,0.5757071547420965,302,0.39072847682119205,229,0.5786219081272085,0.4951284322409212,0.013842746400885897,-0.06477916172632259,0.018714314159964718,-0.0007867662579092531,0.0020986358866736943,0.9228781951493655
HBAN,EQUITY,5,894,420,0.4697986577181208,565,0.4849557522123894,329,0.44376899696048633,241,0.5118942731277533,0.46922390722569135,-0.030201342281879207,-0.04209561540963247,0.0005747504924294433,-0.0014490853663486356,-0.002122449053116593,1.044211080862744
HBAN,EQUITY,10,893,417,0.4669652855543113,564,0.49645390070921985,329,0.41641337386018235,241,0.5361552028218695,0.47602131438721135,-0.03303471444568867,-0.06918991726755813,-0.00905602883290002,-0.0036342423378681074,-0.0042337002540220325,0.9956988560787822
HBAN,EQUITY,20,892,403,0.4517937219730942,563,0.48134991119005327,329,0.4012158054711246,240,0.5362190812720848,0.4715808170515098,-0.0482062780269058,-0.08442535929899064,-0.019787095078415584,-0.005714439999589618,-0.007568774828673519,1.0399435158440415
HCA,EQUITY,5,602,318,0.5282392026578073,468,0.5576923076923077,134,0.4253731343283582,142,0.5591397849462365,0.4797843665768194,0.028239202657807327,-0.03090058228842918,0.04845483608098794,0.00012335193730104137,0.0019064856908860284,0.9003379555478843
HCA,EQUITY,10,602,325,0.5398671096345515,468,0.5726495726495726,134,0.4253731343283582,141,0.585464333781965,0.5134770889487871,0.039867109634551534,-0.04559722414741352,0.02639002068576446,0.0008594968515320123,0.003903427397626058,0.8857678960578237
HCA,EQUITY,20,601,331,0.5507487520798668,467,0.5910064239828694,134,0.41044776119402987,140,0.6045883940620783,0.5135135135135135,0.05074875207986684,-0.05383964198221147,0.03723523856635336,0.0031319891638424482,0.008285686597538477,0.8972860813617412
HD,EQUITY,5,939,501,0.5335463258785943,668,0.5523952095808383,271,0.4870848708487085,196,0.5383259911894274,0.4766107678729038,0.033546325878594296,-0.00477966531083307,0.0569355580056905,-0.0001373180823086302,0.0028918449971082616,0.865389888500886
HD,EQUITY,10,938,498,0.5309168443496801,667,0.568215892053973,271,0.43911439114391143,196,0.5546737213403881,0.5265017667844523,0.030916844349680117,-0.023756876990707942,0.004415077565227854,0.0001243120863623093,0.0032529984075585494,0.8895967276684655
HD,EQUITY,20,936,486,0.5192307692307693,666,0.5735735735735735,270,0.3851851851851852,196,0.5874558303886925,0.5207780725022104,0.019230769230769273,-0.06822506115792326,-0.0015473032714411472,-0.0027666299263873566,0.0020634314673488863,0.8342946047763744
HIG,EQUITY,5,888,434,0.48873873873873874,626,0.5063897763578274,262,0.44656488549618323,247,0.533920704845815,0.4628975265017668,-0.011261261261261257,-0.045181966107076255,0.025841212236971944,0.00012261809590581908,-0.0006336405529953071,1.0533366820557515
HIG,EQUITY,10,887,448,0.5050732807215332,625,0.5296,262,0.44656488549618323,247,0.5564373897707231,0.4960282436010591,0.005073280721533235,-0.051364109049189866,0.009045037120474109,-0.0001607117959339097,0.0009817824806370723,0.9736973863667346
HIG,EQUITY,20,885,456,0.5152542372881356,623,0.5329052969502408,262,0.4732824427480916,247,0.5512367491166078,0.5159574468085106,0.015254237288135575,-0.03598251182847223,-0.0007032095203750588,0.002658855564408237,0.0023219814241486336,1.0143668886135182
HII,EQUITY,5,613,338,0.5513866231647635,431,0.5916473317865429,182,0.45604395604395603,128,0.562753036437247,0.48043184885290147,0.0513866231647635,-0.011366413272483444,0.07095477431186203,0.0010719794299592366,0.003594138789051682,0.8766854410921289
HII,EQUITY,10,612,322,0.5261437908496732,430,0.5837209302325581,182,0.3901098901098901,128,0.5702702702702702,0.5277401894451962,0.02614379084967322,-0.044126479420597,-0.0015963985955229631,0.0018877666672914653,0.003839248661574257,0.9879051273908012
HII,EQUITY,20,610,336,0.5508196721311476,428,0.6261682242990654,182,0.37362637362637363,128,0.5853658536585366,0.55420054200542,0.050819672131147575,-0.034546181527388975,-0.003380869874272441,0.0040294989094549465,0.011189679885332149,0.9323215741913692
HLT,EQUITY,5,480,243,0.50625,360,0.5277777777777778,120,0.44166666666666665,119,0.5609348914858097,0.5141903171953256,0.006249999999999978,-0.054684891485809684,-0.007940317195325619,-0.0010963312520846458,0.0004041777598767782,0.9058487911967413
HLT,EQUITY,10,480,233,0.48541666666666666,360,0.5166666666666667,120,0.39166666666666666,118,0.568561872909699,0.5,-0.014583333333333337,-0.08314520624303229,-0.014583333333333337,-0.0026816062449184384,-0.0017961029638646764,0.9305962698802489
HLT,EQUITY,20,480,235,0.4895833333333333,360,0.5333333333333333,120,0.35833333333333334,116,0.5889261744966443,0.46554621848739497,-0.010416666666666685,-0.09934284116331099,0.024037114845938345,-0.006858436197534556,-0.0013428089373029861,0.8239918334771712
HOOD,EQUITY,5,163,82,0.5030674846625767,108,0.5277777777777778,55,0.45454545454545453,39,0.5346534653465347,0.5422885572139303,0.0030674846625766694,-0.031585980683958015,-0.03922107255135365,0.008533071038522319,0.001094091903719896,1.2574254846522843
HOOD,EQUITY,10,162,89,0.5493827160493827,107,0.5981308411214953,55,0.45454545454545453,39,0.5870646766169154,0.56,0.04938271604938271,-0.0376819605675327,-0.01061728395061734,0.01659985071335843,0.01821122751626497,1.1148755303673512
HOOD,EQUITY,20,162,90,0.5555555555555556,107,0.5887850467289719,55,0.4909090909090909,37,0.5728643216080402,0.5226130653266332,0.05555555555555558,-0.01730876605248466,0.03294249022892237,0.01905889286872486,0.023314397822692012,1.012198217697575
HPE,EQUITY,5,392,194,0.49489795918367346,218,0.5412844036697247,174,0.4367816091954023,109,0.5389221556886228,0.5020161290322581,-0.005102040816326536,-0.04402419650494932,-0.0071181698485846545,-0.000994774200299069,0.0,0.9717420514853768
HPE,EQUITY,10,391,183,0.4680306905370844,217,0.5069124423963134,174,0.41954022988505746,109,0.538,0.4979919678714859,-0.031969309462915596,-0.06996930946291563,-0.029961277334401515,-0.0022453439822500442,-0.006369426751592355,1.05554970527995
HPE,EQUITY,20,389,172,0.442159383033419,215,0.4697674418604651,174,0.40804597701149425,109,0.5200803212851406,0.46680080482897385,-0.05784061696658099,-0.07792093825172158,-0.02464142179555484,-0.0007553661801541589,-0.015091863517060489,1.239356030876578
HPQ,EQUITY,5,901,465,0.516093229744728,548,0.531021897810219,353,0.49291784702549574,234,0.5277533039647577,0.4872021182700794,0.016093229744728044,-0.011660074220029681,0.028891111474648623,0.0013671692260658257,0.001996672212978279,1.0184804873706843
HPQ,EQUITY,10,900,472,0.5244444444444445,547,0.5612431444241316,353,0.46742209631728043,234,0.5520282186948854,0.5279007971656333,0.02444444444444449,-0.027583774250440896,-0.0034563527211888267,0.001319480734433381,0.003877175649541764,0.9594683064304985
HPQ,EQUITY,20,898,470,0.5233853006681515,545,0.5761467889908257,353,0.44192634560906513,234,0.568904593639576,0.4991166077738516,0.023385300668151476,-0.04551929297142454,0.024268692894299893,-9.824831154728906e-05,0.005072642965991969,0.9080979731165304
HRL,EQUITY,5,890,449,0.5044943820224719,595,0.5327731092436975,295,0.44745762711864406,245,0.5462555066079295,0.45962732919254656,0.004494382022471877,-0.041761124585457665,0.044867052829925314,-0.0003065799450384867,0.00042164363321217646,0.9536090472755706
HRL,EQUITY,10,890,452,0.5078651685393258,595,0.5478991596638656,295,0.4271186440677966,244,0.5652557319223986,0.495583038869258,0.00786516853932584,-0.0573905633830728,0.012282129670067865,-0.00015688871260444384,0.0006928443040280508,0.9587930961700869
HRL,EQUITY,20,888,437,0.49211711711711714,593,0.5379426644182125,295,0.4,244,0.5591872791519434,0.47876106194690266,-0.007882882882882858,-0.0670701620348263,0.013356055170214487,-0.0005211241812466203,-0.000761996421954958,1.0068233938185314
HSIC,EQUITY,5,931,471,0.505907626208378,670,0.5238805970149254,261,0.45977011494252873,204,0.5224669603524229,0.47614840989399293,0.005907626208378036,-0.016559334144044868,0.029759216314385106,-0.00047856820883764896,0.00036799222498484774,0.9400397360248396
HSIC,EQUITY,10,930,470,0.5053763440860215,669,0.5366218236173393,261,0.42528735632183906,204,0.5537918871252204,0.49382716049382713,0.005376344086021501,-0.04841554303919893,0.011549183592194368,-0.0008836256762264994,0.0003381978148891407,0.9282124349979008
HSIC,EQUITY,20,928,463,0.4989224137931034,667,0.5442278860569715,261,0.3831417624521073,204,0.5786219081272085,0.45663716814159294,-0.0010775862068965747,-0.07969949433410506,0.042285245651510484,-0.004268879675923535,-0.0003858093936299767,0.840316073335073
HST,EQUITY,5,786,370,0.4707379134860051,450,0.48444444444444446,336,0.4523809523809524,213,0.5125125125125125,0.5055499495459133,-0.029262086513994923,-0.04177459902650743,-0.03481203605990818,-0.0016243000095403253,-0.002346880011889152,1.028454967175172
HST,EQUITY,10,786,381,0.4847328244274809,450,0.49777777777777776,336,0.46726190476190477,212,0.5190380761523046,0.5226586102719033,-0.01526717557251911,-0.03430525172482368,-0.03792578584442241,-0.0020589470666046612,-0.001318630900636053,0.9799008638296715
HST,EQUITY,20,784,364,0.4642857142857143,448,0.47098214285714285,336,0.45535714285714285,212,0.5160642570281124,0.47035175879396984,-0.0357142857142857,-0.051778542742398126,-0.006066044508255541,-0.006393323375139804,-0.006877354178815187,0.9658846323496908
HSY,EQUITY,5,887,447,0.503945885005637,566,0.5229681978798587,321,0.470404984423676,248,0.5312775330396475,0.46690203000882613,0.003945885005636973,-0.02733164803401056,0.03704385499681084,-0.0008969348732474056,0.00018102824040555632,0.9031016861641563
HSY,EQUITY,10,887,459,0.5174746335963923,566,0.5406360424028268,321,0.4766355140186916,247,0.5326278659611993,0.4995579133510168,0.01747463359639234,-0.015153232364806923,0.01791672024537555,-0.0008746805442842135,0.001067022340780488,0.8794987867369195
HSY,EQUITY,20,887,464,0.5231116121758738,566,0.5547703180212014,321,0.4672897196261682,245,0.5591872791519434,0.5013262599469496,0.023111612175873764,-0.036075666976069676,0.021785352228924193,0.0005430385964017526,0.002276277616603428,0.9353163974598248
HUBB,EQUITY,5,383,197,0.5143603133159269,300,0.55,83,0.3855421686746988,110,0.5537525354969574,0.5345528455284553,0.01436031331592691,-0.039392222181030445,-0.02019253221252837,-0.0011524320756003488,0.0015902848055515673,0.8721303469335293
HUBB,EQUITY,10,382,193,0.5052356020942408,299,0.5585284280936454,83,0.3132530120481928,110,0.5752032520325203,0.5345528455284553,0.005235602094240788,-0.06996764993827953,-0.02931724343421449,-0.0006350452079284381,0.0006140402375240939,0.9501992614760536
HUBB,EQUITY,20,380,175,0.4605263157894737,298,0.5201342281879194,82,0.24390243902439024,110,0.5816326530612245,0.45918367346938777,-0.03947368421052633,-0.1211063372717508,0.0013426423200859072,-0.004339244927559532,-0.006434842232214355,1.0190704387896994
HUM,EQUITY,5,906,453,0.5,645,0.5286821705426357,261,0.42911877394636017,229,0.5480176211453744,0.5048458149779735,0.0,-0.048017621145374445,-0.004845814977973539,-0.00224806409913322,-0.00012615795101467153,0.883262264568872
HUM,EQUITY,10,905,453,0.5005524861878453,644,0.5496894409937888,261,0.3793103448275862,229,0.5731922398589065,0.5075022065313327,0.0005524861878453136,-0.07263975367106124,-0.006949720343487398,-0.00425400672929403,4.901240013710506e-05,0.8484246307709672
HUM,EQUITY,20,905,440,0.4861878453038674,644,0.5357142857142857,261,0.36398467432950193,227,0.5742049469964664,0.47345132743362833,-0.013812154696132617,-0.08801710169259902,0.01273651787023905,-0.008981974352098037,-0.0036191329005297312,0.8293431699912791
HWM,EQUITY,5,227,114,0.5022026431718062,201,0.5223880597014925,26,0.34615384615384615,44,0.5498154981549815,0.5148148148148148,0.0022026431718061845,-0.04761285498317536,-0.012612171643008652,0.0016724023699095341,0.0008707009142359112,1.1027435343897745
HWM,EQUITY,10,226,120,0.5309734513274337,200,0.57,26,0.23076923076923078,44,0.6111111111111112,0.48698884758364314,0.030973451327433676,-0.08013765978367748,0.04398460374379054,0.0040833956749719786,0.004797777290890259,1.0567391913560908
HWM,EQUITY,20,224,132,0.5892857142857143,198,0.6313131313131313,26,0.2692307692307692,44,0.6455223880597015,0.4962686567164179,0.0892857142857143,-0.05623667377398722,0.0930170575692964,0.013703754401197395,0.017679467294246964,1.0804716616956267
HYG,ETF,5,751,382,0.5086551264980027,459,0.5315904139433552,292,0.4726027397260274,197,0.5305907172995781,0.4867444326617179,0.008655126498002708,-0.021935590801575366,0.0219106938362848,0.00011655266169397071,0.000229515721826834,0.9907450306322507
HYG,ETF,10,751,373,0.4966711051930759,459,0.49673202614379086,292,0.4965753424657534,196,0.515311510031679,0.47674418604651164,-0.0033288948069241098,-0.018640404838603075,0.019926919146564248,4.643281481481387e-05,-0.00010611205432931037,1.0207506823772803
HYG,ETF,20,749,378,0.5046728971962616,459,0.5119825708061002,290,0.49310344827586206,196,0.5280423280423281,0.4585987261146497,0.004672897196261627,-0.023369430846066463,0.046074171081611937,-0.0007666330811466579,0.00011473152822394361,0.9040107476966208
IAU,ETF,5,793,406,0.5119798234552333,531,0.5461393596986818,262,0.44274809160305345,207,0.545,0.5111561866125761,0.011979823455233296,-0.033020176544766744,0.0008236368426571827,0.01267635338098496,0.0008045052292839916,2.334769250728673
IAU,ETF,10,792,403,0.5088383838383839,530,0.5433962264150943,262,0.4389312977099237,207,0.5515515515515516,0.4823766364551863,0.008838383838383868,-0.04271316771316769,0.026461747383197565,0.013620315302791626,0.0008573584131727485,2.0351416986032804
IAU,ETF,20,791,408,0.515802781289507,530,0.5490566037735849,261,0.4482758620689655,206,0.551654964894684,0.5,0.015802781289506962,-0.03585218360517706,0.015802781289506962,0.016123350055894978,0.0023534445870772025,1.8427930884080759
IBB,ETF,5,906,456,0.5033112582781457,630,0.5301587301587302,276,0.4420289855072464,229,0.5418502202643172,0.5057369814651368,0.0033112582781457123,-0.03853896198617146,-0.00242572318699108,4.032278806001697e-05,0.0002599433149234609,0.9902394832826079
IBB,ETF,10,905,454,0.5016574585635359,629,0.5516693163751988,276,0.38768115942028986,229,0.5652557319223986,0.4734982332155477,0.0016574585635359407,-0.0635982733588627,0.02815922534798826,-0.0009131529296617901,0.00021691474921703424,0.9393496704232671
IBB,ETF,20,903,472,0.5227021040974529,627,0.5789473684210527,276,0.39492753623188404,229,0.5892226148409894,0.49734982332155475,0.02270210409745288,-0.06652051074353649,0.02535228077589813,-0.0008952429826926675,0.0026525198938991412,0.8783268546285825
IBIT,ETF,5,60,28,0.4666666666666667,23,0.43478260869565216,37,0.4864864864864865,13,0.5068493150684932,0.5277777777777778,-0.033333333333333326,-0.040182648401826504,-0.061111111111111116,-0.0018934905767298911,-0.0030068169539259615,1.0512400719198294
IBIT,ETF,10,59,27,0.4576271186440678,23,0.5217391304347826,36,0.4166666666666667,13,0.5694444444444444,0.5277777777777778,-0.0423728813559322,-0.11181732580037662,-0.07015065913370999,-0.0014319533822048185,-0.003312172232956323,1.133352593003398
IBIT,ETF,20,57,20,0.3508771929824561,23,0.43478260869565216,34,0.29411764705882354,13,0.5571428571428572,0.5142857142857142,-0.14912280701754388,-0.20626566416040104,-0.16340852130325811,-0.011843357305686829,-0.02056037089296514,1.3820360052087133
IBKR,EQUITY,5,764,387,0.506544502617801,465,0.5290322580645161,299,0.47157190635451507,181,0.5227513227513227,0.5079702444208289,0.00654450261780104,-0.016206820133521704,-0.0014257418030279023,0.0001539567109823648,0.0009349273949066927,0.9828899647995969
IBKR,EQUITY,10,763,386,0.5058977719528178,464,0.5452586206896551,299,0.44481605351170567,181,0.5391949152542372,0.48034006376195537,0.005897771952817821,-0.03329714330141942,0.02555770819086245,0.0003227181302868995,0.0014738393515105752,0.9897239331651767
IBKR,EQUITY,20,763,411,0.5386631716906947,464,0.6142241379310345,299,0.4214046822742475,179,0.5912951167728238,0.5303514376996805,0.038663171690694664,-0.052631945082129095,0.008311733991014147,0.004230990255132977,0.006830601092896238,0.9688702858179254
IBM,EQUITY,5,891,432,0.48484848484848486,537,0.4972067039106145,354,0.4661016949152542,244,0.5233480176211454,0.47749338040600176,-0.015151515151515138,-0.038499532772660494,0.007355104442483107,-0.0017023396485534687,-0.0006977226216854371,0.9246721279745136
IBM,EQUITY,10,890,423,0.4752808988764045,537,0.5046554934823091,353,0.43059490084985835,244,0.5361552028218695,0.48148148148148145,-0.02471910112359549,-0.06087430394546495,-0.006200582605076943,-0.003400679341126704,-0.002454403452448184,0.9036479487177559
IBM,EQUITY,20,888,423,0.47635135135135137,537,0.5139664804469274,351,0.4188034188034188,244,0.5485865724381626,0.48144876325088337,-0.02364864864864863,-0.07223522108681119,-0.005097411899532001,-0.007135520452179328,-0.004060722929474181,0.8250365645330963
ICE,EQUITY,5,814,411,0.504914004914005,606,0.523102310231023,208,0.4519230769230769,206,0.5411764705882353,0.4715686274509804,0.004914004914004955,-0.036262465674230304,0.03334537746302457,-0.000987155581639904,0.0003134115652021485,0.914664274677445
ICE,EQUITY,10,813,410,0.5043050430504306,605,0.5355371900826447,208,0.41346153846153844,206,0.5613346418056918,0.48282630029440626,0.004305043050430557,-0.05702959875526126,0.021478742756024294,-0.0018758367403467085,0.0005692167577413532,0.8966353837482927
ICE,EQUITY,20,813,398,0.48954489544895446,605,0.5256198347107438,208,0.38461538461538464,204,0.5644051130776795,0.4625984251968504,-0.010455104551045535,-0.07486021762872502,0.02694647025210406,-0.005590594149595792,-0.0017869907076483171,0.8573112372683755
ICLN,ETF,5,706,364,0.5155807365439093,359,0.5236768802228412,347,0.5072046109510087,179,0.5129943502824859,0.522083805209513,0.015580736543909346,0.00258638626142349,-0.006503068665603684,0.001972672830123468,0.0014146769335858789,1.0797953919933734
ICLN,ETF,10,705,363,0.5148936170212766,359,0.5403899721448467,346,0.4884393063583815,179,0.5214932126696833,0.5199543899657925,0.014893617021276562,-0.006599595648406731,-0.005060772944515901,0.00204408662985971,0.003030303030302939,1.042463233409324
ICLN,ETF,20,703,361,0.5135135135135135,359,0.5181058495821727,344,0.5087209302325582,179,0.5068027210884354,0.5074285714285715,0.013513513513513487,0.006710792425078105,0.0060849420849420355,0.0037177454104845293,0.002136752136752351,1.0722864318155936
IDXX,EQUITY,5,926,490,0.5291576673866091,685,0.5591240875912409,241,0.44398340248962653,209,0.5594713656387665,0.5022026431718062,0.029157667386609076,-0.03031369825215746,0.026955024214802892,0.001402732467975923,0.002825993668429838,0.976765049528077
IDXX,EQUITY,10,926,487,0.5259179265658748,685,0.5693430656934306,241,0.4024896265560166,208,0.5740740740740741,0.5097001763668431,0.02591792656587477,-0.0481561475081993,0.01621775019903171,0.00388249793053828,0.0035524060381841305,1.080950381514586
IDXX,EQUITY,20,925,519,0.5610810810810811,684,0.597953216374269,241,0.45643153526970953,207,0.5830388692579506,0.5114840989399293,0.06108108108108112,-0.02195778817686944,0.049596982141151824,0.005651320312368831,0.009441542788268364,0.9420463210118255
IEF,ETF,5,849,410,0.4829210836277974,446,0.5112107623318386,403,0.45161290322580644,286,0.5233480176211454,0.49157054125998223,-0.0170789163722026,-0.04042693399334796,-0.008649457632184832,0.000206034892764865,-0.00027364772416305083,1.1344163052557865
IEF,ETF,10,848,428,0.5047169811320755,446,0.5089686098654709,402,0.5,286,0.4964726631393298,0.4991103202846975,0.004716981132075526,0.00824431799274572,0.005606660847378042,0.0006627783753845552,0.00020641778682961576,1.123079300145146
IEF,ETF,20,846,421,0.49763593380614657,446,0.5089686098654709,400,0.485,286,0.5106007067137809,0.4907161803713528,-0.0023640661938534313,-0.012964772907634314,0.006919753434793785,0.0012354968448106804,-0.00025007888305161874,1.2057487886047897
IEX,EQUITY,5,934,485,0.5192719486081371,692,0.546242774566474,242,0.44214876033057854,201,0.5497797356828193,0.47883597883597884,0.01927194860813708,-0.03050778707468227,0.04043596977215824,-3.7590754711272567e-05,0.001611494786784129,0.9230976876907481
IEX,EQUITY,10,933,497,0.5326902465166131,691,0.5629522431259045,242,0.4462809917355372,201,0.5590828924162258,0.5,0.03269024651661312,-0.026392645899612655,0.03269024651661312,-0.00017428491158757447,0.002568218298555358,0.8687442710724832
IEX,EQUITY,20,931,494,0.5306122448979592,689,0.5732946298984035,242,0.4090909090909091,201,0.588339222614841,0.5075154730327144,0.030612244897959218,-0.05772697771688173,0.023096771865244836,-0.001445790871125082,0.005846243788365957,0.8365829450398933
IFF,EQUITY,5,940,483,0.5138297872340426,579,0.533678756476684,361,0.481994459833795,195,0.5286343612334802,0.49206349206349204,0.013829787234042601,-0.014804573999437576,0.021766295170550565,-0.0010775567607156373,0.0009328833865939745,0.868553338850374
IFF,EQUITY,10,939,474,0.5047923322683706,578,0.5346020761245674,361,0.45706371191135736,195,0.5361552028218695,0.49381625441696114,0.004792332268370614,-0.031362870553498845,0.010976077851409471,-0.0022812464033629292,0.00044984255510582827,0.8633827950814466
IFF,EQUITY,20,937,489,0.5218783351120597,576,0.5694444444444444,361,0.44598337950138506,195,0.5618374558303887,0.48498233215547704,0.02187833511205972,-0.039959120718328967,0.036896002956582685,-0.0038242007476101585,0.0019507004788081872,0.7893559062041101
IGV,ETF,5,940,505,0.5372340425531915,741,0.5587044534412956,199,0.457286432160804,195,0.5585903083700441,0.4986784140969163,0.037234042553191515,-0.02135626581685257,0.03855562845627519,0.0011060511384952886,0.002047771194720105,0.9462655175658706
IGV,ETF,10,939,514,0.5473908413205538,740,0.5783783783783784,199,0.4321608040201005,195,0.5811287477954145,0.5101500441306267,0.04739084132055382,-0.033737906474860635,0.03724079718992712,0.0018067060943205077,0.004234513467499035,0.9237824205394799
IGV,ETF,20,937,544,0.5805763073639274,738,0.6124661246612466,199,0.4623115577889447,195,0.6121908127208481,0.5057471264367817,0.0805763073639274,-0.031614505356920675,0.07482918092714574,0.002828939472665931,0.010272264884811255,0.8145459618665649
IHI,ETF,5,834,447,0.5359712230215827,657,0.5540334855403348,177,0.4689265536723164,162,0.5552208835341366,0.47076612903225806,0.03597122302158273,-0.019249660512553834,0.06520509398932467,0.0010746675036538058,0.00253916752356681,0.9663714822783884
IHI,ETF,10,833,456,0.5474189675870348,656,0.5853658536585366,177,0.4067796610169492,162,0.6,0.5135678391959799,0.04741896758703479,-0.05258103241296519,0.03385112839105486,0.0018347915020489607,0.00327908242228081,0.9488546006371342
IHI,ETF,20,832,474,0.5697115384615384,655,0.6,177,0.4576271186440678,161,0.6102719033232629,0.5287009063444109,0.06971153846153844,-0.04056036486172443,0.04101063211712752,0.00159418941258729,0.008208299603713665,0.8198745678046182
INCY,EQUITY,5,917,447,0.48745910577971646,519,0.48940269749518306,398,0.4849246231155779,218,0.4977973568281938,0.49823321554770317,-0.012540894220283538,-0.010338251048477354,-0.010774109767986706,0.0007972946900070308,-0.0010318586353669223,1.0880730235121272
INCY,EQUITY,10,916,458,0.5,518,0.5308880308880309,398,0.45979899497487436,218,0.5264550264550265,0.5159010600706714,0.0,-0.02645502645502651,-0.01590106007067138,0.001118391228729232,6.169031462055496e-05,1.0343678194826194
INCY,EQUITY,20,914,442,0.48358862144420134,516,0.5232558139534884,398,0.4321608040201005,218,0.5362190812720848,0.479646017699115,-0.01641137855579866,-0.0526304598278835,0.003942603745086315,1.9432420574301372e-07,-0.0035607945112599015,1.0678774939631184
INDA,ETF,5,545,279,0.5119266055045871,369,0.5392953929539296,176,0.45454545454545453,146,0.5412445730824892,0.5188953488372093,0.011926605504587129,-0.02931796757790206,-0.006968743332622207,0.00012980058620632863,0.0009633911368016612,0.966080584666945
INDA,ETF,10,545,272,0.4990825688073395,369,0.5392953929539296,176,0.4147727272727273,145,0.5376811594202898,0.49199417758369723,-0.0009174311926605228,-0.038598590612950345,0.007088391223642243,-0.00045804469634414284,-0.0,0.9705973784740626
INDA,ETF,20,544,283,0.5202205882352942,368,0.5760869565217391,176,0.4034090909090909,144,0.5857558139534884,0.5349854227405247,0.020220588235294157,-0.06553522571819426,-0.014764834505230584,-0.0024196070420069208,0.0017091530813529987,0.812475387243622
INTC,EQUITY,5,916,449,0.490174672489083,537,0.4972067039106145,379,0.48021108179419525,219,0.5092511013215859,0.5044091710758377,-0.009825327510917026,-0.019076428832502934,-0.01423449858675474,-0.0013718993182603274,-0.0010528570048987662,0.9609145625880143
INTC,EQUITY,10,915,420,0.45901639344262296,536,0.48507462686567165,379,0.42216358839050133,219,0.5238095238095238,0.47833775419982316,-0.04098360655737704,-0.06479313036690088,-0.0193213607572002,-0.003329174167063896,-0.004943502824858559,1.0302441597555916
INTC,EQUITY,20,915,432,0.4721311475409836,536,0.5149253731343284,379,0.41160949868073876,217,0.5415194346289752,0.4858156028368794,-0.02786885245901638,-0.0693882870879916,-0.013684455295895792,-0.00518498063746443,-0.0032699775189044544,0.9661043203338087
INTU,EQUITY,5,926,465,0.5021598272138229,706,0.5297450424929179,220,0.41363636363636364,209,0.5427312775330396,0.48099027409372236,0.002159827213822907,-0.04057145031921672,0.021169553120100548,-0.0004993008832538189,0.0001278066908598774,0.9573861586196493
INTU,EQUITY,10,926,466,0.5032397408207343,706,0.5424929178470255,220,0.37727272727272726,208,0.5564373897707231,0.4726148409893993,0.003239740820734305,-0.053197648949988796,0.030624899831334984,0.00016571093687705013,0.00024353654406017444,0.9953178851572917
INTU,EQUITY,20,926,470,0.5075593952483801,706,0.5609065155807366,220,0.33636363636363636,206,0.583922261484099,0.495583038869258,0.0075593952483801186,-0.07636286623571886,0.011976356379122144,-0.0002205520623851727,0.0013490776116462655,0.9626112213502697
INVH,EQUITY,5,362,189,0.5220994475138122,224,0.5491071428571429,138,0.4782608695652174,74,0.5458715596330275,0.5126436781609195,0.02209944751381221,-0.02377211211921526,0.009455769352892718,-0.0010814213699558112,0.0014592382118870373,0.8412730449587348
INVH,EQUITY,10,361,187,0.518005540166205,223,0.5381165919282511,138,0.4855072463768116,74,0.5494252873563218,0.4976958525345622,0.018005540166205036,-0.031419747190116754,0.020309687631642814,-0.0011730081498225028,0.0022048015678588495,0.8646493705272248
INVH,EQUITY,20,360,195,0.5416666666666666,222,0.545045045045045,138,0.5362318840579711,73,0.5334872979214781,0.513953488372093,0.04166666666666663,0.008179368745188542,0.027713178294573648,-0.004199300460098303,0.004556142232489069,0.7044826667866065
IP,EQUITY,5,901,437,0.48501664816870144,484,0.47520661157024796,417,0.49640287769784175,234,0.4995594713656388,0.5061946902654867,-0.014983351831298564,-0.014542823196937338,-0.021178042096785255,-0.00021429998557285078,-0.0010412328196585108,1.0486430049416329
IP,EQUITY,10,900,443,0.4922222222222222,483,0.4886128364389234,417,0.49640287769784175,234,0.5141093474426808,0.4991166077738516,-0.007777777777777772,-0.021887125220458548,-0.006894385551629356,-0.0007636474523818504,-0.0009077446248354493,1.0000086089256954
IP,EQUITY,20,898,443,0.4933184855233853,481,0.5031185031185031,417,0.48201438848920863,234,0.5273851590106007,0.4933569530558016,-0.006681514476614692,-0.03406667348721537,-3.8467532416264216e-05,-0.001071894055964094,-0.0015141003294828481,0.9961550745931834
IQV,EQUITY,5,311,157,0.5048231511254019,199,0.48743718592964824,112,0.5357142857142857,83,0.5,0.46055979643765904,0.004823151125401881,0.004823151125401881,0.04426335468774284,-0.0003991809739386745,0.00031398817311223404,0.9585153603316032
IQV,EQUITY,10,310,156,0.5032258064516129,198,0.51010101010101,112,0.49107142857142855,83,0.5190839694656488,0.4872448979591837,0.003225806451612856,-0.015858163014035975,0.01598090849242917,0.0009721170357210361,0.0003447929180214748,1.0263162158068375
IQV,EQUITY,20,308,163,0.5292207792207793,196,0.5306122448979592,112,0.5267857142857143,83,0.5345268542199488,0.5498721227621484,0.02922077922077926,-0.005306074999169574,-0.020651343541369105,-0.004426725818802236,0.004824906277356655,0.7833862648934113
IR,EQUITY,5,323,159,0.49226006191950467,222,0.5315315315315315,101,0.40594059405940597,99,0.5545023696682464,0.5071090047393365,-0.007739938080495334,-0.06224230774874173,-0.014848942819831845,-0.0027000205326959134,-0.0014744602422327446,0.8670025354542533
IR,EQUITY,10,322,154,0.4782608695652174,221,0.5384615384615384,101,0.3465346534653465,99,0.5771971496437055,0.530952380952381,-0.021739130434782594,-0.09893628007848809,-0.05269151138716355,-0.01204592816627732,-0.001100249239245621,0.6579457362844952
IR,EQUITY,20,320,154,0.48125,219,0.547945205479452,101,0.33663366336633666,99,0.6109785202863962,0.5107398568019093,-0.01874999999999999,-0.1297285202863962,-0.029489856801909242,-0.022933290899631576,-0.0014404872729133489,0.5715174851379348
IRM,EQUITY,5,911,482,0.5290889132821076,534,0.5561797752808989,377,0.4907161803713528,224,0.5303964757709251,0.4982363315696649,0.02908891328210761,-0.0013075624888174708,0.030852581712442706,-0.0003793336839300289,0.0023084025854109846,0.8686015850306968
IRM,EQUITY,10,910,465,0.510989010989011,533,0.525328330206379,377,0.4907161803713528,224,0.5123456790123457,0.4929453262786596,0.01098901098901095,-0.0013566680233347839,0.018043684710351338,-0.0012712280133450732,0.0015303844563869795,0.9052269026399354
IRM,EQUITY,20,909,451,0.4961496149614962,532,0.5375939849624061,377,0.4376657824933687,223,0.5388692579505301,0.4920494699646643,-0.003850385038503823,-0.04271964298903391,0.004100144996831867,-0.005004892213199167,-0.0006093845216332827,0.870302937557316
ISRG,EQUITY,5,953,502,0.5267576075550892,686,0.5393586005830904,267,0.4943820224719101,182,0.5330396475770925,0.49427312775330395,0.026757607555089158,-0.006282040022003388,0.032484479801785204,0.0017400902854991327,0.0019217915728282353,0.9891282811512854
ISRG,EQUITY,10,953,503,0.527806925498426,686,0.5641399416909622,267,0.4344569288389513,181,0.5670194003527337,0.4929453262786596,0.027806925498426005,-0.03921247485430768,0.03486159921976639,0.0009594214418322801,0.0040397534698197735,0.927762534854053
ISRG,EQUITY,20,951,522,0.5488958990536278,686,0.5991253644314869,265,0.4188679245283019,181,0.5901060070671378,0.519434628975265,0.04889589905362779,-0.041210108013509994,0.029461270078362745,0.003095571886381591,0.011032147163712036,0.8892135866998276
IT,EQUITY,5,920,480,0.5217391304347826,687,0.5443959243085881,233,0.45493562231759654,215,0.5541850220264317,0.48894783377542,0.021739130434782594,-0.03244589159164912,0.03279129665936259,0.003124365045270193,0.0015741426701643135,1.1203487029054198
IT,EQUITY,10,919,486,0.528835690968444,686,0.5685131195335277,233,0.41201716738197425,215,0.5784832451499118,0.5163283318623124,0.02883569096844396,-0.04964755418146782,0.012507359106131544,0.0035617851866491133,0.003202077022933736,1.0440656045712697
IT,EQUITY,20,919,498,0.5418933623503809,686,0.5830903790087464,233,0.4206008583690987,213,0.5962897526501767,0.5300884955752212,0.04189336235038088,-0.054396390299795816,0.011804866775159684,0.003920841837992661,0.0072727272727273196,0.9509135459461995
ITB,ETF,5,802,423,0.527431421446384,527,0.523719165085389,275,0.5345454545454545,194,0.5100401606425703,0.4944612286002014,0.027431421446383997,0.017391260803813702,0.03297019284618258,0.0007210578585584957,0.002221808454344054,0.9336252777301252
ITB,ETF,10,801,429,0.5355805243445693,526,0.5665399239543726,275,0.4763636363636364,194,0.5477386934673367,0.5030241935483871,0.035580524344569264,-0.01215816912276746,0.03255633079618214,0.0014163380375300592,0.004088307440719419,0.9204482482858517
ITB,ETF,20,799,433,0.541927409261577,525,0.5733333333333334,274,0.48175182481751827,194,0.5458207452165156,0.5252016129032258,0.04192740926157701,-0.0038933359549385704,0.016725796358351253,0.0027152967923524366,0.007429026266914329,0.9158216672597422
ITOT,ETF,5,559,320,0.5724508050089445,477,0.589098532494759,82,0.47560975609756095,100,0.582701062215478,0.5304878048780488,0.07245080500894452,-0.010250257206533497,0.04196300013089571,0.0010855723214130298,0.0028143302654597413,0.8558271599081582
ITOT,ETF,10,558,324,0.5806451612903226,476,0.6113445378151261,82,0.4024390243902439,100,0.621580547112462,0.5395136778115501,0.08064516129032262,-0.0409353858221394,0.04113148347877249,0.0016505253107116388,0.004996706707196985,0.8412660768811097
ITOT,ETF,20,556,335,0.6025179856115108,474,0.6561181434599156,82,0.2926829268292683,100,0.6707317073170732,0.5312977099236641,0.10251798561151082,-0.06821372170556239,0.07122027568784672,0.0009387350886200734,0.00811646745772232,0.6988905519826933
ITW,EQUITY,5,913,457,0.5005476451259584,667,0.5172413793103449,246,0.45528455284552843,222,0.5233480176211454,0.4880636604774536,0.0005476451259583959,-0.02280037249518696,0.012483984648504809,-0.00025294775249976926,0.00023065390381726836,0.9767221090055765
ITW,EQUITY,10,912,467,0.5120614035087719,666,0.5465465465465466,246,0.4186991869918699,222,0.5537918871252204,0.499558693733451,0.01206140350877194,-0.04173048361644849,0.01250270977532092,-0.0003820735694347856,0.0014319420576821562,0.9308753594400779
ITW,EQUITY,20,910,478,0.5252747252747253,664,0.5602409638554217,246,0.43089430894308944,222,0.5671378091872792,0.4849557522123894,0.025274725274725296,-0.04186308391255389,0.040318973062335894,-0.002043821683115924,0.0031262638659044217,0.8291938710889408
IVV,ETF,5,964,542,0.5622406639004149,785,0.5808917197452229,179,0.48044692737430167,171,0.5744493392070484,0.5026455026455027,0.06224066390041494,-0.012208675306633499,0.059595161254912266,0.0010318467621592442,0.002099231950037417,0.8825449819633587
IVV,ETF,10,963,550,0.5711318795430945,784,0.6135204081632653,179,0.3854748603351955,171,0.6146384479717814,0.5551632833186231,0.07113187954309452,-0.04350656842868683,0.015968596224471443,0.0019345023273088693,0.0044582178002501305,0.8931166602671476
IVV,ETF,20,961,589,0.6129032258064516,782,0.6611253196930946,179,0.4022346368715084,171,0.6563604240282686,0.5397526501766784,0.11290322580645162,-0.04345719822181693,0.07315057562977323,0.0026187292701584323,0.00939327135052248,0.739383811121884
IVZ,EQUITY,5,740,391,0.5283783783783784,412,0.5509708737864077,328,0.5,202,0.5212314225053079,0.5228966986155484,0.02837837837837842,0.007146955873070571,0.005481679762829983,0.0008889630362115537,0.0025087931809444353,0.934247540643432
IVZ,EQUITY,10,739,360,0.4871447902571042,411,0.5231143552311436,328,0.4420731707317073,202,0.5292242295430393,0.4861407249466951,-0.012855209742895779,-0.04207943928593505,0.0010040653104091413,0.0007000931826466236,-0.0027639579878385723,1.0792658738103196
IVZ,EQUITY,20,737,382,0.5183175033921302,409,0.5378973105134475,328,0.49390243902439024,202,0.5292864749733759,0.49464668094218417,0.01831750339213023,-0.010968971581245657,0.02367082244994606,8.067015125742051e-05,0.003866335266500931,0.9312067939569697
IWD,ETF,5,952,523,0.5493697478991597,750,0.5706666666666667,202,0.47029702970297027,183,0.5744493392070484,0.4982363315696649,0.04936974789915971,-0.025079591307888727,0.05113341632949481,0.0005891650805594802,0.001863007788429738,0.8798351544332269
IWD,ETF,10,951,530,0.5573080967402734,749,0.5927903871829105,202,0.42574257425742573,183,0.6022927689594356,0.5428824049513705,0.05730809674027337,-0.04498467221916225,0.01442569178890285,0.0009205184902815108,0.0033003300330032292,0.8589999875600832
IWD,ETF,20,949,534,0.5626975763962065,747,0.6104417670682731,202,0.38613861386138615,183,0.6245583038869258,0.5097173144876325,0.06269757639620654,-0.06186072749071925,0.05298026190857408,0.0012246259412783198,0.006432748538011568,0.8356105630032211
IWF,ETF,5,950,533,0.5610526315789474,777,0.5791505791505791,173,0.4797687861271676,185,0.5718061674008811,0.49823321554770317,0.06105263157894736,-0.010753535821933724,0.06281941603124419,0.0014992300898705809,0.0026708135747567363,0.9241487110512899
IWF,ETF,10,949,551,0.5806111696522656,776,0.6069587628865979,173,0.4624277456647399,185,0.6058201058201058,0.5590828924162258,0.08061116965226556,-0.025208936167840257,0.021528277236039783,0.0028676987578862205,0.005212510024057648,0.9117799951244164
IWF,ETF,20,948,586,0.6181434599156118,775,0.655483870967742,173,0.4508670520231214,184,0.6484098939929329,0.5473032714412025,0.11814345991561181,-0.030266434077321103,0.07084018847440932,0.004730610945382824,0.011592294068395681,0.8010594507801723
IWM,ETF,5,913,483,0.5290251916757941,690,0.5507246376811594,223,0.4618834080717489,222,0.5550660792951542,0.5044091710758377,0.029025191675794093,-0.026040887619360076,0.02461602059995638,0.0002728456631275652,0.0015624999999999112,0.911900182837795
IWM,ETF,10,912,467,0.5120614035087719,689,0.548621190130624,223,0.3991031390134529,222,0.5749559082892416,0.5247349823321554,0.01206140350877194,-0.06289450478046965,-0.012673578823383491,8.995350770074372e-05,0.0005719120706491054,0.9583270939049139
IWM,ETF,20,910,467,0.5131868131868131,687,0.5545851528384279,223,0.38565022421524664,222,0.5945229681978799,0.4849557522123894,0.01318681318681314,-0.08133615501106672,0.02823106097442374,-0.0024468123573764193,0.001475889570390243,0.8507149529288136
IYR,ETF,5,892,441,0.4943946188340807,590,0.523728813559322,302,0.4370860927152318,243,0.5409691629955947,0.46337157987643424,-0.005605381165919299,-0.04657454416151402,0.031023038957646465,-0.0013244166485784081,-0.0002294677353229524,0.9134173003096014
IYR,ETF,10,891,436,0.489337822671156,589,0.533106960950764,302,0.40397350993377484,243,0.5511463844797179,0.49867139061116034,-0.010662177328844002,-0.06180856180856187,-0.00933356794000434,-0.00247107893921277,-0.0007471049682480357,0.8991407250973076
IYR,ETF,20,889,424,0.4769403824521935,587,0.5400340715502555,302,0.3543046357615894,243,0.5759717314487632,0.46106194690265484,-0.0230596175478065,-0.09903134899656973,0.01587843554953866,-0.006839756129338073,-0.002011336624611504,0.8176606403683505
J,EQUITY,5,226,109,0.4823008849557522,127,0.49606299212598426,99,0.46464646464646464,61,0.5156794425087108,0.4160839160839161,-0.017699115044247815,-0.0333785575529586,0.06621696887183609,-0.005380654725831861,-0.0014932707535381673,0.7236588472886519
J,EQUITY,10,225,106,0.4711111111111111,126,0.5,99,0.43434343434343436,61,0.5384615384615384,0.47719298245614034,-0.02888888888888891,-0.06735042735042734,-0.006081871345029244,-0.00563811013152847,-0.002711129185305694,0.8221663880015988
J,EQUITY,20,223,101,0.452914798206278,124,0.49193548387096775,99,0.40404040404040403,61,0.5316901408450704,0.519434628975265,-0.047085201793722,-0.07877534263879238,-0.06651983076898704,-0.005317221318723821,-0.007030151538821805,0.9709709848806591
JBHT,EQUITY,5,891,432,0.48484848484848486,630,0.5063492063492063,261,0.4329501915708812,244,0.5303964757709251,0.47707231040564374,-0.015151515151515138,-0.04554799092244022,0.007776174442841122,-0.0010794281712997237,-0.0012443338369922952,0.9880957546537666
JBHT,EQUITY,10,890,428,0.48089887640449436,629,0.49761526232114467,261,0.44061302681992337,244,0.5308641975308642,0.48148148148148145,-0.019101123595505642,-0.049965321126369866,-0.0005826050769870972,-0.002010909969819958,-0.0024309590597264563,0.9812951613085114
JBHT,EQUITY,20,890,446,0.501123595505618,629,0.5373608903020668,261,0.41379310344827586,242,0.5565371024734982,0.47079646017699117,0.0011235955056180247,-0.055413506967880166,0.030327135328626853,-0.0039517750500061705,0.0002532788561729893,0.8677992099355833
JBL,EQUITY,5,891,448,0.5028058361391695,601,0.5291181364392679,290,0.4482758620689655,244,0.5330396475770925,0.5110717449069974,0.0028058361391695152,-0.03023381143792303,-0.008265908767827845,0.0016548637600794537,0.0005175983436851439,1.070980175501628
JBL,EQUITY,10,890,437,0.4910112359550562,600,0.52,290,0.43103448275862066,244,0.5440917107583775,0.5155004428697962,-0.008988764044943809,-0.05308047480332129,-0.024489206914740047,0.002037480529084161,-0.0006732561556303529,1.1104078773828703
JBL,EQUITY,20,889,458,0.515185601799775,599,0.5575959933222037,290,0.42758620689655175,243,0.5724381625441696,0.4964601769911504,0.015185601799775017,-0.057252560744394554,0.018725424808624602,0.0011998286664625963,0.0035231943628891704,0.9671461540039443
JCI,EQUITY,5,911,476,0.5225027442371021,595,0.5445378151260504,316,0.4810126582278481,224,0.5444933920704845,0.48500881834215165,0.02250274423710208,-0.02199064783338245,0.03749392589495043,0.0013545622500322112,0.002229930624380705,0.9955083986928597
JCI,EQUITY,10,910,483,0.5307692307692308,594,0.5538720538720538,316,0.4873417721518987,224,0.5396825396825397,0.5105820105820106,0.03076923076923077,-0.008913308913308882,0.02018722018722019,0.0020123697433354236,0.003277751126292139,0.9658887202138244
JCI,EQUITY,20,908,501,0.551762114537445,592,0.6047297297297297,316,0.4525316455696203,224,0.5768551236749117,0.5163572060123784,0.05176211453744495,-0.025093009137466704,0.0354049085250665,0.0025772045957156977,0.007975837954069476,0.8796746085878373
JEPI,ETF,5,192,83,0.4322916666666667,114,0.4473684210526316,78,0.41025641025641024,72,0.5265151515151515,0.44274809160305345,-0.06770833333333331,-0.0942234848484848,-0.010456424936386766,-0.0016476222761227354,-0.001364198450259979,0.978349652118034
JEPI,ETF,10,191,88,0.4607329842931937,113,0.504424778761062,78,0.3974358974358974,72,0.5551330798479087,0.5153846153846153,-0.039267015706806296,-0.09440009555471501,-0.054651631091421626,-0.0024684636442654164,-0.001101928374655614,0.844917493392657
JEPI,ETF,20,190,79,0.41578947368421054,112,0.4375,78,0.38461538461538464,71,0.5440613026819924,0.45,-0.08421052631578946,-0.12827182899778183,-0.03421052631578947,-0.006355265404982103,-0.005042103968783629,0.7750764989057227
JEPQ,ETF,5,132,74,0.5606060606060606,115,0.5826086956521739,17,0.4117647058823529,30,0.5987654320987654,0.5,0.06060606060606055,-0.038159371492704874,0.06060606060606055,-0.000428221562428764,0.00251810157253074,0.7401006894659447
JEPQ,ETF,10,131,72,0.549618320610687,114,0.5877192982456141,17,0.29411764705882354,30,0.6024844720496895,0.4968944099378882,0.04961832061068705,-0.05286615143900242,0.05272391067279886,-0.0019857663643163158,0.0025796941219826675,0.6716139258393107
JEPQ,ETF,20,130,80,0.6153846153846154,113,0.672566371681416,17,0.23529411764705882,29,0.6855345911949685,0.5822784810126582,0.11538461538461542,-0.0701499758103531,0.0331061343719572,-0.0012843766659831925,0.007165365025466941,0.5704297483470235
JETS,ETF,5,404,185,0.45792079207920794,242,0.47520661157024796,162,0.43209876543209874,124,0.509469696969697,0.5285171102661597,-0.04207920792079206,-0.05154890489048908,-0.07059631818695172,-0.003916484755824405,-0.0030371175139897733,0.9312453639235972
JETS,ETF,10,403,171,0.42431761786600497,241,0.4730290456431535,162,0.35185185185185186,124,0.5180265654648957,0.5219885277246654,-0.07568238213399503,-0.0937089475988907,-0.09767090985866045,-0.00854593631122179,-0.008451786400307415,0.9375879934416429
JETS,ETF,20,401,166,0.4139650872817955,239,0.46443514644351463,162,0.3395061728395062,124,0.5276190476190477,0.4685714285714286,-0.08603491271820451,-0.11365396033725217,-0.0546063412896331,-0.01527380723668837,-0.015104808877928422,0.9109684648873231
JKHY,EQUITY,5,897,476,0.5306577480490524,660,0.5424242424242425,237,0.4978902953586498,238,0.5427312775330396,0.48361381753764393,0.030657748049052413,-0.012073529483987211,0.04704393051140848,0.00045718799205641695,0.002191060473269113,0.9198754513581435
JKHY,EQUITY,10,896,469,0.5234375,659,0.5553869499241275,237,0.4345991561181435,238,0.5617283950617284,0.5220848056537103,0.0234375,-0.03829089506172845,0.0013526943462897068,0.0005114288580217643,0.0019032747289632335,0.9397899764407014
JKHY,EQUITY,20,894,491,0.5492170022371364,657,0.6073059360730594,237,0.3881856540084388,238,0.6024734982332155,0.5282685512367491,0.04921700223713643,-0.05325649599607907,0.020948451000387336,0.0023884772901751465,0.006466918484764328,0.9111986107694887
JNJ,EQUITY,5,916,448,0.4890829694323144,616,0.525974025974026,300,0.41333333333333333,219,0.5480176211453744,0.48717948717948717,-0.010917030567685615,-0.05893465171306006,0.0019034822528272155,-0.001179825157251857,-0.00035653902403043336,0.9079941242468094
JNJ,EQUITY,10,915,439,0.47978142076502733,615,0.5235772357723577,300,0.39,219,0.5440917107583775,0.4929453262786596,-0.020218579234972667,-0.06431028999335014,-0.013163905513632279,-0.0017512398855373138,-0.0014383315354190573,0.9350973370525447
JNJ,EQUITY,20,913,452,0.4950711938663746,613,0.5481239804241436,300,0.38666666666666666,219,0.5609540636042403,0.48983200707338637,-0.004928806133625396,-0.06588286973786567,0.005239186792988237,-0.0028942401503343775,-0.0004503152206545291,0.8607556670790141
JPM,EQUITY,5,904,461,0.5099557522123894,629,0.5325914149443561,275,0.4581818181818182,231,0.5409691629955947,0.5119363395225465,0.009955752212389424,-0.031013410783205297,-0.001980587310157045,-0.000470703916294113,0.0015369896985498732,0.9312466280809731
JPM,EQUITY,10,903,481,0.5326688815060908,628,0.5748407643312102,275,0.43636363636363634,231,0.5661375661375662,0.500441306266549,0.03266888150609082,-0.03346868463147534,0.032227575239541784,-0.0006862296318233123,0.0031446540880502027,0.8497611208236603
JPM,EQUITY,20,901,459,0.5094339622641509,626,0.5638977635782748,275,0.38545454545454544,231,0.5750883392226148,0.4814159292035398,0.009433962264150941,-0.06565437695846388,0.028018033060611125,-0.001680366015152271,0.0015117157974300355,0.909655292821865
KBE,ETF,5,797,388,0.4868255959849435,486,0.5041152263374485,311,0.45980707395498394,224,0.5190989226248776,0.4778761061946903,-0.013174404015056485,-0.03227332663993404,0.008949489790253229,0.0001640032889430243,-0.0005188516084400074,1.0653423123101944
KBE,ETF,10,796,380,0.47738693467336685,485,0.5257731958762887,311,0.40192926045016075,224,0.5549019607843138,0.5103042198233563,-0.022613065326633153,-0.0775150261109469,-0.03291728514998943,-0.000612218622614247,-0.001676895748304541,1.0646196405540371
KBE,ETF,20,794,368,0.4634760705289673,483,0.5010351966873706,311,0.40514469453376206,224,0.5422396856581533,0.4822485207100592,-0.03652392947103272,-0.078763615129186,-0.018772450181091915,-0.0038569255074411787,-0.005214809761686701,1.0210197066625892
KDP,EQUITY,5,250,125,0.5,142,0.5422535211267606,108,0.4444444444444444,111,0.5373961218836565,0.48044692737430167,0.0,-0.037396121883656486,0.01955307262569833,-0.003024297929502073,0.00014220705346990048,0.7696553488180355
KDP,EQUITY,10,249,110,0.44176706827309237,141,0.49645390070921985,108,0.37037037037037035,111,0.5472222222222223,0.5027777777777778,-0.05823293172690763,-0.10545515394912991,-0.0610107095046854,-0.00879895263142565,-0.0053802008608321295,0.7299928360712454
KDP,EQUITY,20,248,96,0.3870967741935484,140,0.42857142857142855,108,0.3333333333333333,110,0.5195530726256983,0.5070028011204482,-0.11290322580645162,-0.1324562984321499,-0.11990602692689978,-0.017632845149774753,-0.016729962318571545,0.7269903540682051
KEY,EQUITY,5,863,406,0.4704519119351101,532,0.4981203007518797,331,0.4259818731117825,272,0.518942731277533,0.4645390070921986,-0.0295480880648899,-0.048490819342422886,0.005912904842911515,-0.0012782376441048738,-0.002060793405461059,1.0502523110705109
KEY,EQUITY,10,862,403,0.46751740139211134,531,0.504708097928437,331,0.4078549848942598,272,0.5308641975308642,0.48981399468556247,-0.03248259860788866,-0.06334679613875288,-0.022296593293451128,-0.001990635646385966,-0.004739442946990191,1.0528594079021398
KEY,EQUITY,20,861,396,0.45993031358885017,530,0.5,331,0.3957703927492447,271,0.5212014134275619,0.4601063829787234,-0.04006968641114983,-0.06127109983871171,-0.00017606938987324572,-0.005946222640540691,-0.00596026490066226,0.9900457383024551
KEYS,EQUITY,5,466,249,0.5343347639484979,368,0.5543478260869565,98,0.45918367346938777,87,0.5623869801084991,0.5009074410163339,0.03433476394849788,-0.028052216160001198,0.033427322932163994,0.0016148790013037638,0.0033188456220411,0.963156938893511
KEYS,EQUITY,10,465,253,0.5440860215053763,367,0.5694822888283378,98,0.4489795918367347,87,0.5869565217391305,0.5036231884057971,0.04408602150537633,-0.04287050023375416,0.04046283309957921,0.0032866763050384117,0.007009910563209987,0.9698644888310116
KEYS,EQUITY,20,464,255,0.5495689655172413,366,0.5846994535519126,98,0.41836734693877553,86,0.6090909090909091,0.47454545454545455,0.049568965517241326,-0.0595219435736678,0.07502351097178678,0.005900667886554125,0.01247338898684447,0.9801605629223751
KHC,EQUITY,5,402,205,0.5099502487562189,146,0.5136986301369864,256,0.5078125,117,0.4816955684007707,0.5057915057915058,0.00995024875621886,0.028254680355448147,0.00415874296471308,0.0007439498051188463,0.0008580716461727422,1.0188578150477516
KHC,EQUITY,10,402,209,0.5199004975124378,146,0.5342465753424658,256,0.51171875,116,0.48455598455598453,0.525096525096525,0.01990049751243783,0.0353445129564533,-0.005196027584087215,0.0006787792804758698,0.0020740502605061106,0.9587124652031497
KHC,EQUITY,20,400,201,0.5025,144,0.4444444444444444,256,0.53515625,116,0.44573643410852715,0.5116279069767442,0.0024999999999999467,0.0567635658914728,-0.00912790697674426,-0.00038851207116179064,0.0003978170513876389,0.9758806124363284
KIM,EQUITY,5,890,445,0.5,519,0.5105973025048169,371,0.48517520215633425,245,0.5110132158590308,0.47876106194690266,0.0,-0.011013215859030812,0.021238938053097345,-0.0014581326106307612,0.00020721094073761215,0.9196552765783093
KIM,EQUITY,10,890,448,0.503370786516854,519,0.5240847784200385,371,0.4743935309973046,244,0.5291005291005291,0.506631299734748,0.003370786516853963,-0.025729742583675108,-0.003260513217894001,-0.001446819603132762,0.0006258326404322556,0.9299451244893692
KIM,EQUITY,20,889,449,0.5050618672665916,518,0.5231660231660231,371,0.4797843665768194,243,0.5326855123674912,0.515473032714412,0.005061867266591635,-0.02762364510089954,-0.010411165447820392,-0.004719646762967686,0.001577287066246047,0.8543349052813156
KKR,EQUITY,5,638,323,0.5062695924764891,455,0.5230769230769231,183,0.4644808743169399,140,0.5308483290488432,0.45666235446313064,0.006269592476489061,-0.0245787365723541,0.04960723801335842,-0.00013969352373302066,0.0005562292728802931,0.9677323233647217
KKR,EQUITY,10,637,321,0.5039246467817896,454,0.539647577092511,183,0.41530054644808745,140,0.5598455598455598,0.5096774193548387,0.003924646781789609,-0.05592091306377023,-0.00575277257304907,0.0015844741645464429,0.0005249343832021136,1.0489491944707423
KKR,EQUITY,20,636,336,0.5283018867924528,453,0.5761589403973509,183,0.4098360655737705,139,0.5793548387096774,0.5070967741935484,0.028301886792452824,-0.05105295191722459,0.021205112598904452,0.002144991476578032,0.005378758890301483,0.9476568176322313
KLAC,EQUITY,5,913,469,0.5136911281489595,651,0.5253456221198156,262,0.4847328244274809,222,0.5400881057268723,0.4796819787985866,0.013691128148959453,-0.026396977577912817,0.03400914935037286,0.0022111282507990366,0.0014398050725439315,1.064854982561549
KLAC,EQUITY,10,912,493,0.5405701754385965,650,0.5676923076923077,262,0.4732824427480916,222,0.5652557319223986,0.5123674911660777,0.040570175438596534,-0.024685556483802107,0.02820268427251882,0.004091526428576674,0.005546175906974593,0.9929978327976166
KLAC,EQUITY,20,912,476,0.5219298245614035,650,0.56,262,0.42748091603053434,220,0.5706713780918727,0.4840989399293286,0.021929824561403466,-0.04874155353046927,0.037830884632074846,0.0023103391519488023,0.00708875909796175,0.9732164163390807
KMB,EQUITY,5,916,456,0.4978165938864629,549,0.517304189435337,367,0.46866485013623976,219,0.5312775330396475,0.4819383259911894,-0.002183406113537123,-0.033460939153184655,0.015878267895273468,-0.0012189103862682805,-0.00018824353919161263,0.8815842933785916
KMB,EQUITY,10,915,467,0.5103825136612021,548,0.5237226277372263,367,0.4904632152588556,219,0.5352733686067019,0.47971781305114636,0.01038251366120213,-0.024890854945499807,0.030664700610055773,-0.0019535308927294197,0.0005784247565796541,0.8226208680650562
KMB,EQUITY,20,913,442,0.484118291347207,546,0.4981684981684982,367,0.46321525885558584,219,0.5326855123674912,0.48056537102473496,-0.01588170865279298,-0.04856722102028416,0.003552920322472064,-0.0032401934029791914,-0.0024963289280468537,0.8886988289747552
KMI,EQUITY,5,583,303,0.5197255574614065,342,0.5292397660818714,241,0.5062240663900415,165,0.517379679144385,0.48517520215633425,0.019725557461406473,0.002345878317021488,0.03455035530507222,-0.0008757736486067454,0.0013280212483398612,0.8656541823908026
KMI,EQUITY,10,582,282,0.4845360824742268,341,0.501466275659824,241,0.4605809128630705,165,0.5140562248995983,0.4851351351351351,-0.015463917525773196,-0.029520142425371543,-0.0005990526609083169,-0.001013514237485394,-0.0009669179112144488,1.008259786669419
KMI,EQUITY,20,582,267,0.4587628865979381,341,0.4897360703812317,241,0.4149377593360996,163,0.5248322147651007,0.478494623655914,-0.041237113402061876,-0.06606932816716254,-0.019731737057975873,-0.0032461615439611504,-0.005089150052948965,1.044494384960825
KO,EQUITY,5,875,437,0.49942857142857144,626,0.5223642172523961,249,0.44176706827309237,260,0.5400881057268723,0.46949602122015915,-0.0005714285714285561,-0.040659534298300826,0.02993255020841229,-0.0011013901322265642,0.0,0.8848572253942298
KO,EQUITY,10,874,423,0.4839816933638444,625,0.528,249,0.37349397590361444,260,0.5573192239858906,0.4739168877099912,-0.01601830663615561,-0.07333753062204623,0.010064805653853204,-0.0018850726810461598,-0.0004532097716438699,0.9124612275536379
KO,EQUITY,20,872,415,0.47591743119266056,623,0.521669341894061,249,0.3614457831325301,260,0.5636042402826855,0.45204262877442275,-0.024082568807339444,-0.08768680909002496,0.023874802418237806,-0.0038984219499980286,-0.002649914639691886,0.8725746923891696
KR,EQUITY,5,920,448,0.48695652173913045,589,0.5178268251273345,331,0.43202416918429004,215,0.520704845814978,0.46814159292035395,-0.013043478260869545,-0.03374832407584755,0.0188149288187765,-0.0010159787501435058,-0.0007132301264337615,0.9709478040784281
KR,EQUITY,10,919,439,0.4776931447225245,589,0.5263157894736842,330,0.39090909090909093,215,0.5405643738977073,0.4920212765957447,-0.0223068552774755,-0.06287122917518279,-0.014328131873220185,-0.0016305465536913945,-0.0016494845360823795,0.9952394864481822
KR,EQUITY,20,917,450,0.49073064340239914,589,0.5551782682512734,328,0.375,215,0.5627208480565371,0.5,-0.009269356597600864,-0.07199020465413797,-0.009269356597600864,-0.0006912649333671415,-0.001323451561672906,1.0099071164629123
KRE,ETF,5,775,369,0.4761290322580645,476,0.5021008403361344,299,0.43478260869565216,215,0.5232323232323233,0.4796747967479675,-0.023870967741935478,-0.04710329097425875,-0.0035457644899029583,-0.001583177612103451,-0.0020661157024793875,0.9941086797026389
KRE,ETF,10,774,359,0.46382428940568476,475,0.49473684210526314,299,0.41471571906354515,215,0.5328614762386249,0.5025380710659898,-0.036175710594315236,-0.06903718683294013,-0.038713781660305036,-0.0018316556102346223,-0.0033310461729927354,1.0638011456390728
KRE,ETF,20,772,363,0.47020725388601037,473,0.5137420718816068,299,0.4013377926421405,215,0.5531914893617021,0.473630831643002,-0.029792746113989632,-0.08298423547569178,-0.003423577756991647,-0.005731339743054511,-0.005324134938034963,0.9396537698999251
KVUE,EQUITY,5,86,42,0.4883720930232558,42,0.5,44,0.4772727272727273,23,0.4954128440366973,0.5229357798165137,-0.011627906976744207,-0.007040751013441482,-0.03456368679325794,-0.0008320672548816542,-0.0007388024629402801,0.9841382396520252
KVUE,EQUITY,10,85,39,0.4588235294117647,41,0.4634146341463415,44,0.45454545454545453,23,0.49074074074074076,0.5462962962962963,-0.041176470588235314,-0.03191721132897607,-0.0874727668845316,-0.004465104989933692,-0.002593360995850613,0.9501899563782807
KVUE,EQUITY,20,83,32,0.3855421686746988,39,0.358974358974359,44,0.4090909090909091,23,0.49056603773584906,0.38461538461538464,-0.11445783132530118,-0.10502386906115024,0.0009267840593141785,-0.01577284128188616,-0.013832853025936398,0.9847287163065944
KWEB,ETF,5,501,260,0.5189620758483033,244,0.5286885245901639,257,0.5097276264591439,117,0.511326860841424,0.5089141004862237,0.01896207584830334,0.007635215006879359,0.010047975362079686,0.0018295611841956279,0.002484815019326403,1.0187180946400858
KWEB,ETF,10,500,268,0.536,244,0.5655737704918032,256,0.5078125,117,0.5121555915721232,0.5413290113452188,0.03600000000000003,0.02384440842787683,-0.005329011345218793,0.0038727673107347635,0.006538414107781443,1.0006447448416158
KWEB,ETF,20,500,278,0.556,244,0.5737704918032787,256,0.5390625,115,0.4975609756097561,0.5439739413680782,0.05600000000000005,0.058439024390243954,0.012026058631921854,0.004568688014522013,0.014655901526538173,0.8965721808568888
L,EQUITY,5,698,344,0.49283667621776506,535,0.5177570093457944,163,0.4110429447852761,187,0.5378531073446328,0.46258503401360546,-0.007163323782234943,-0.045016431126867706,0.0302516422041596,-0.0009931031200365935,-0.0002631686541926248,0.9298745460751996
L,EQUITY,10,697,351,0.503586800573888,534,0.5411985018726592,163,0.3803680981595092,187,0.5690045248868778,0.45413363533408835,0.0035868005738880493,-0.06541772431298976,0.0494531652397997,-0.0010050731797509446,0.0002072109407378342,0.9171997178182258
L,EQUITY,20,695,366,0.5266187050359712,532,0.5639097744360902,163,0.4049079754601227,187,0.5804988662131519,0.43813847900113506,0.02661870503597119,-0.05388016117718075,0.08848022603483613,-0.0004910745705640712,0.0020910780669145534,0.875915246274152
LDOS,EQUITY,5,501,249,0.49700598802395207,343,0.5422740524781341,158,0.3987341772151899,110,0.5548281505728314,0.541871921182266,-0.002994011976047928,-0.05782216254887934,-0.04486593315831394,-0.0003206190407531042,-0.00021068155482972806,0.9886056999942868
LDOS,EQUITY,10,501,246,0.49101796407185627,343,0.5247813411078717,158,0.4177215189873418,109,0.5475409836065573,0.5213815789473685,-0.008982035928143728,-0.05652301953470107,-0.0303636148755122,-0.0009664077067745419,-0.000763431625155242,0.9881572536881148
LDOS,EQUITY,20,501,241,0.4810379241516966,343,0.5276967930029155,158,0.379746835443038,107,0.5608552631578947,0.46381578947368424,-0.018962075848303395,-0.07981733900619808,0.01722213467801237,-0.00514689379555595,-0.0019507437210436462,0.9147634489638226
LEN,EQUITY,5,894,455,0.5089485458612976,534,0.5074906367041199,360,0.5111111111111111,241,0.5066079295154186,0.4708480565371025,0.008948545861297563,0.0023406163458790097,0.038100489324195075,-0.0016360189652079482,0.0008070744615802372,0.897716849618504
LEN,EQUITY,10,894,475,0.5313199105145414,534,0.5337078651685393,360,0.5277777777777778,240,0.5238095238095238,0.5057471264367817,0.031319910514541416,0.00751038670501758,0.025572784077759758,-0.0017265611704388043,0.004089357719897491,0.8341870023817292
LEN,EQUITY,20,893,469,0.5251959686450168,534,0.5449438202247191,359,0.4958217270194986,239,0.5291519434628975,0.5230088495575221,0.02519596864501683,-0.003955974817880681,0.0021871190874946933,-0.0007952616332749869,0.005715315423542977,0.8871255832596802
LH,EQUITY,5,895,444,0.4960893854748603,672,0.5238095238095238,223,0.4125560538116592,240,0.5488986784140969,0.500441306266549,-0.0039106145251396884,-0.052809292939236585,-0.004351920791688724,-0.0012059617664998156,-0.0002139889024360686,0.9116549819166689
LH,EQUITY,10,894,451,0.5044742729306487,671,0.5499254843517138,223,0.36771300448430494,240,0.5776014109347443,0.5026501766784452,0.004474272930648726,-0.07312713800409554,0.0018240962522034776,-0.0017443794583954714,0.0005876656044900841,0.8801913043164513
LH,EQUITY,20,892,446,0.5,669,0.554559043348281,223,0.336322869955157,240,0.5980565371024735,0.49911504424778763,0.0,-0.09805653710247353,0.0008849557522123686,-0.004931910333980874,0.00017509236777901727,0.8085104312616898
LHX,EQUITY,5,259,136,0.525096525096525,164,0.5365853658536586,95,0.5052631578947369,52,0.5048231511254019,0.4790996784565916,0.025096525096525046,0.020273373971123165,0.04599684663993342,8.24548281534055e-05,0.0022470879574429947,0.9099274365790906
LHX,EQUITY,10,258,139,0.5387596899224806,164,0.5792682926829268,94,0.46808510638297873,52,0.5419354838709678,0.4967741935483871,0.03875968992248058,-0.0031757939484872155,0.04198549637409349,0.001371544785010536,0.0038554614375850838,0.9187080515917079
LHX,EQUITY,20,256,136,0.53125,164,0.5609756097560976,92,0.4782608695652174,52,0.5324675324675324,0.5032467532467533,0.03125,-0.0012175324675324228,0.028003246753246724,0.003888654771039499,0.004185607372238387,1.0306207459422656
LII,EQUITY,5,922,468,0.5075921908893709,697,0.5208034433285509,225,0.4666666666666667,213,0.5295154185022026,0.4889867841409692,0.007592190889370909,-0.02192322761283172,0.01860540674840172,-0.0005726755557560539,0.0005672046279171505,0.9359692722831069
LII,EQUITY,10,921,487,0.5287730727470141,697,0.5480631276901005,224,0.46875,213,0.5520282186948854,0.5066195939982348,0.028773072747014128,-0.02325514594787126,0.022153478748779376,0.000867601852135558,0.0037028969723371663,0.9265215107914085
LII,EQUITY,20,919,508,0.5527747551686616,697,0.5853658536585366,222,0.45045045045045046,213,0.5803886925795053,0.5155004428697962,0.05277475516866159,-0.027613937410843725,0.03727431229886535,0.0039307978123267326,0.01087036627607052,0.9190106294575712
LIN,EQUITY,5,326,171,0.5245398773006135,255,0.5568627450980392,71,0.4084507042253521,96,0.5616113744075829,0.48931116389548696,0.024539877300613466,-0.03707149710696944,0.03522871340512651,0.011759723975590445,0.0011317213130263015,1.536298695332998
LIN,EQUITY,10,325,146,0.4492307692307692,255,0.4666666666666667,70,0.38571428571428573,96,0.5225653206650831,0.4642857142857143,-0.05076923076923079,-0.07333455143431389,-0.01505494505494509,0.02547220493547162,-0.00330641571819168,2.4922319095321317
LIN,EQUITY,20,325,147,0.4523076923076923,255,0.5019607843137255,70,0.2714285714285714,94,0.5656324582338902,0.4439140811455847,-0.0476923076923077,-0.11332476592619789,0.008393611162107573,0.06804130630506298,-0.0058386748746588335,3.430032821417824
LITE,EQUITY,5,405,186,0.45925925925925926,254,0.48031496062992124,151,0.423841059602649,109,0.5155642023346303,0.5019455252918288,-0.040740740740740744,-0.05630494307537104,-0.04268626603256953,-0.0012901444431439313,-0.004852013585638026,1.1273666389195593
LITE,EQUITY,10,404,203,0.5024752475247525,253,0.5533596837944664,151,0.41721854304635764,109,0.5536062378167641,0.49707602339181284,0.0024752475247524774,-0.051130990292011624,0.0053992241329396395,0.0017414926044471977,0.000729248973430352,1.0301220277836602
LITE,EQUITY,20,402,197,0.4900497512437811,252,0.5357142857142857,150,0.41333333333333333,109,0.5538160469667319,0.49510763209393344,-0.009950248756218916,-0.06376629572295084,-0.005057880850152352,0.007304630600603134,-0.004790029315294819,1.1660081695574764
LLY,EQUITY,5,888,417,0.46959459459459457,601,0.5141430948419301,287,0.37630662020905925,247,0.5453744493392071,0.502210433244916,-0.030405405405405428,-0.07577985474461252,-0.032615838650321416,-0.0012742731189467943,-0.0016364879008039512,1.025544772672104
LLY,EQUITY,10,887,433,0.4881623449830891,600,0.5383333333333333,287,0.3832752613240418,247,0.5617283950617284,0.4924712134632418,-0.01183765501691092,-0.07356605007863937,-0.004308868480152717,-0.0005664623569355331,-0.0009685230024213398,1.0174979220693174
LLY,EQUITY,20,885,423,0.47796610169491527,598,0.5250836120401338,287,0.3797909407665505,247,0.5618374558303887,0.4907161803713528,-0.02203389830508473,-0.08387135413547342,-0.012750078676437515,0.00042929923591792285,-0.0030186608122941827,1.11006753405741
LMT,EQUITY,5,918,462,0.5032679738562091,651,0.5360983102918587,267,0.4232209737827715,217,0.547136563876652,0.46819787985865724,0.0032679738562091387,-0.043868590020442855,0.0350700939975519,6.714990602663336e-05,0.00022891500507182805,0.9930598154682025
LMT,EQUITY,10,917,461,0.5027262813522355,650,0.5492307692307692,267,0.3895131086142322,217,0.5634920634920635,0.5004420866489832,0.0027262813522355156,-0.06076578213982797,0.0022841947032523624,0.00036627432241129204,0.0001197031362221157,1.0130794887412595
LMT,EQUITY,20,915,474,0.5180327868852459,648,0.5725308641975309,267,0.3857677902621723,217,0.5795053003533569,0.5291519434628975,0.0180327868852459,-0.061472513468111,-0.011119156577651612,-0.00018107215544624754,0.0022248932306985214,0.9228721632653027
LNT,EQUITY,5,922,467,0.5065075921908894,688,0.5450581395348837,234,0.39316239316239315,213,0.560352422907489,0.47707231040564374,0.006507592190889366,-0.05384483071659962,0.029435281785245626,-0.001128811458506877,0.0003808670237100409,0.8721719503003703
LNT,EQUITY,10,921,451,0.48968512486427795,688,0.5377906976744186,233,0.34763948497854075,213,0.5573192239858906,0.4854368932038835,-0.010314875135722046,-0.06763409912161267,0.0042482316603944525,-0.001479067245512804,-0.00048038430744601346,0.9360332345567003
LNT,EQUITY,20,921,475,0.5157437567861021,688,0.5755813953488372,233,0.33905579399141633,211,0.598939929328622,0.491585473870682,0.01574375678610207,-0.08319617254251988,0.02415828291542005,-0.0025566158347932535,0.002267002518891559,0.826210188323141
LOW,EQUITY,5,900,462,0.5133333333333333,597,0.5393634840871022,303,0.46204620462046203,235,0.5251101321585903,0.48851590106007065,0.013333333333333308,-0.011776798825256951,0.024817432273262663,8.778425921611624e-05,0.0011377209309608727,0.9534307704859475
LOW,EQUITY,10,900,454,0.5044444444444445,597,0.542713567839196,303,0.429042904290429,234,0.5352733686067019,0.5172109443954104,0.004444444444444473,-0.030828924162257465,-0.012766499950965904,0.0004559569759047318,0.0006368420922143736,1.0034451767817574
LOW,EQUITY,20,899,450,0.5005561735261401,597,0.5494137353433836,302,0.40397350993377484,233,0.5459363957597173,0.5017699115044247,0.0005561735261401246,-0.04538022223357718,-0.0012137379782846125,-0.0024404581729251577,5.800464037108988e-05,0.9236390871048837
LQD,ETF,5,871,443,0.5086107921928817,488,0.5389344262295082,383,0.4699738903394256,264,0.5392070484581498,0.4907325684024713,0.008610792192881744,-0.030596256265268074,0.01787822379041043,-8.318921733560254e-05,0.0003619909502263763,0.9450583056586201
LQD,ETF,10,870,456,0.5241379310344828,488,0.5491803278688525,382,0.49214659685863876,264,0.5255731922398589,0.5,0.024137931034482807,-0.0014352612053760705,0.024137931034482807,3.278757901476961e-05,0.0005441315508465383,0.9135089415947073
LQD,ETF,20,868,436,0.5023041474654378,488,0.5286885245901639,380,0.46842105263157896,264,0.5212014134275619,0.500886524822695,0.0023041474654378336,-0.018897265962124044,0.0014176226427428107,0.0002567173561188909,9.170678996350823e-05,1.025014928777049
LRCX,EQUITY,5,906,462,0.5099337748344371,647,0.5332302936630603,259,0.4517374517374517,229,0.5444933920704845,0.47442680776014107,0.009933774834437137,-0.03455961723604739,0.03550696707429607,0.0015309851633119973,0.0017999479191544432,1.03504687414044
LRCX,EQUITY,10,905,499,0.5513812154696133,646,0.5758513931888545,259,0.49034749034749037,229,0.5634920634920635,0.5061837455830389,0.05138121546961327,-0.012110848022450216,0.04519746988657436,0.005135016257240493,0.007530930607853703,0.9689988444582779
LRCX,EQUITY,20,905,503,0.5558011049723757,646,0.586687306501548,259,0.47876447876447875,227,0.5759717314487632,0.47703180212014135,0.05580110497237567,-0.020170626476387565,0.07876930285223432,0.00926045664024044,0.014837819185645085,0.9916048203924646
LULU,EQUITY,5,771,410,0.5317769130998703,484,0.5557851239669421,287,0.4912891986062718,162,0.5412647374062165,0.5069667738478028,0.031776913099870296,-0.009487824306346204,0.024810139252067542,0.003615878550290925,0.0034417600215952415,1.0293627113795571
LULU,EQUITY,10,770,409,0.5311688311688312,484,0.5640495867768595,286,0.4755244755244755,162,0.5525751072961373,0.5075268817204301,0.03116883116883118,-0.021406276127306167,0.023641949448401034,0.006730828453990837,0.006750837642036822,1.0821750651354587
LULU,EQUITY,20,769,407,0.52925877763329,484,0.5599173553719008,285,0.47719298245614034,161,0.5516129032258065,0.513978494623656,0.02925877763328999,-0.022354125592516483,0.015280283009634021,0.007832392317896428,0.008469125214408235,1.0431581764737925
LUV,EQUITY,5,910,478,0.5252747252747253,495,0.5575757575757576,415,0.4867469879518072,225,0.5321585903083701,0.5057471264367817,0.025274725274725296,-0.006883865033644798,0.01952759883794364,0.00020795377042686714,0.0031866909380551256,0.9144734831735604
LUV,EQUITY,10,910,470,0.5164835164835165,495,0.5555555555555556,415,0.46987951807228917,224,0.5317460317460317,0.5234720992028343,0.016483516483516536,-0.015262515262515208,-0.006988582719317793,0.00017741820984388184,0.002111247575022568,0.9426060283910231
LUV,EQUITY,20,909,461,0.5071507150715071,494,0.5587044534412956,415,0.4457831325301205,223,0.5371024734982333,0.5101860053144376,0.007150715071507108,-0.02995175842672615,-0.0030352902429304773,-0.0001044381258953751,0.0021082220660576523,0.9691694714105223
LVS,EQUITY,5,833,427,0.5126050420168067,456,0.5131578947368421,377,0.5119363395225465,236,0.5126286248830683,0.5023430178069354,0.012605042016806678,-2.3582866261584456e-05,0.010262024209871323,0.0014913303636748458,0.0015645371577575062,1.008287537203819
LVS,EQUITY,10,832,444,0.5336538461538461,456,0.5460526315789473,376,0.5186170212765957,236,0.5243445692883895,0.5135895032802249,0.033653846153846145,0.009309276865456684,0.020064342873621244,0.005603115640590231,0.005210347031829321,1.0252731361500198
LVS,EQUITY,20,831,419,0.5042117930204573,456,0.5,375,0.5093333333333333,235,0.50093808630394,0.48872180451127817,0.004211793020457266,0.0032737067165172773,0.015489988509179098,0.0034756783644816543,0.0020687871735194374,1.0509796881345015
LYB,EQUITY,5,612,308,0.5032679738562091,355,0.5380281690140845,257,0.45525291828793774,153,0.5294117647058824,0.4744429882044561,0.0032679738562091387,-0.02614379084967322,0.028824985651753066,9.807325609939087e-05,0.00039150734621107297,0.9928763802951363
LYB,EQUITY,10,612,308,0.5032679738562091,355,0.5352112676056338,257,0.4591439688715953,152,0.5287958115183246,0.4980340760157274,0.0032679738562091387,-0.025527837662115416,0.005233897840481727,0.0014538638289748691,0.0005333502969753212,1.0496419228070835
LYB,EQUITY,20,611,308,0.5040916530278232,355,0.5492957746478874,256,0.44140625,151,0.536745406824147,0.5164257555847569,0.004091653027823217,-0.03265375379632374,-0.01233410255693368,0.003984945799933019,0.0009137188356610482,1.106107709504394
LYV,EQUITY,5,817,410,0.5018359853121175,551,0.5335753176043557,266,0.43609022556390975,198,0.5438423645320197,0.5029644268774703,0.001835985312117483,-0.042006379219902246,-0.0011284415653528557,0.0007879078993794105,0.0002870264064294137,1.0290832867257182
LYV,EQUITY,10,816,418,0.5122549019607843,550,0.5509090909090909,266,0.4323308270676692,198,0.5542406311637081,0.5371655104063429,0.01225490196078427,-0.04198572920292387,-0.02491060844555859,0.000777850947802605,0.001804639804639796,0.9768061948949097
LYV,EQUITY,20,814,413,0.5073710073710074,548,0.5656934306569343,266,0.38721804511278196,198,0.5800395256916996,0.49851632047477745,0.0073710073710073765,-0.07266851832069221,0.008854686896229924,0.00010565233945421253,0.0019364975793779715,0.9731869792173973
MA,EQUITY,5,831,444,0.5342960288808665,681,0.5609397944199707,150,0.41333333333333333,163,0.5653923541247485,0.45271629778672035,0.03429602888086647,-0.03109632524388206,0.08157973109414612,0.0011067455997305564,0.0022399609025005596,0.9432789475960057
MA,EQUITY,10,830,468,0.563855421686747,680,0.6044117647058823,150,0.38,163,0.5981873111782477,0.5191532258064516,0.06385542168674696,-0.03433188949150079,0.04470219588029534,0.0018358136673813873,0.004955220681323258,0.8496511527208809
MA,EQUITY,20,828,481,0.5809178743961353,678,0.6268436578171092,150,0.37333333333333335,163,0.6226034308779012,0.5307769929364279,0.08091787439613529,-0.04168555648176586,0.05014088145970741,0.004772170251494142,0.012182979231509461,0.8585993608907296
MAA,EQUITY,5,905,459,0.507182320441989,602,0.5382059800664452,303,0.44554455445544555,230,0.5348017621145374,0.47883597883597884,0.007182320441988965,-0.027619441672548484,0.028346341606010128,-0.0006196573614048942,0.0004498425551056062,0.925857441003769
MAA,EQUITY,10,905,463,0.5116022099447514,602,0.553156146179402,303,0.429042904290429,229,0.5582010582010583,0.48148148148148145,0.011602209944751363,-0.04659884825630689,0.030120728463269908,-0.0006512527137137317,0.0011114198388439966,0.9197019334807848
MAA,EQUITY,20,905,476,0.5259668508287293,602,0.5714285714285714,303,0.43564356435643564,227,0.5680212014134276,0.48894783377542,0.025966850828729293,-0.04205435058469831,0.03701901705330929,0.0010324442210618877,0.00402567729300396,0.9392162972938427
MAR,EQUITY,5,915,469,0.512568306010929,672,0.5342261904761905,243,0.45267489711934156,220,0.5409691629955947,0.5052910052910053,0.012568306010928953,-0.028400856984665768,0.007277300719923607,0.0006200549522681427,0.001010237068965525,0.9888426170338072
MAR,EQUITY,10,915,455,0.4972677595628415,672,0.5357142857142857,243,0.39094650205761317,219,0.5546737213403881,0.5070671378091873,-0.002732240437158473,-0.05740596177754653,-0.009799378246345802,0.0003395008828516914,-0.0003081664098615322,1.0263066152068852
MAR,EQUITY,20,914,472,0.5164113785557987,671,0.5663189269746647,243,0.3786008230452675,218,0.5830388692579506,0.4823321554770318,0.01641137855579866,-0.0666274907021519,0.034079223078766874,-0.001439901219476481,0.0024318783296946034,0.8946549928150439
MAS,EQUITY,5,909,448,0.49284928492849284,548,0.4835766423357664,361,0.5069252077562327,226,0.49427312775330395,0.4889673433362754,-0.007150715071507163,-0.0014238428248111168,0.0038819415922174416,-0.0015919824305651537,-0.0005448601525608332,0.9432089136246882
MAS,EQUITY,10,908,448,0.4933920704845815,547,0.5009140767824497,361,0.481994459833795,226,0.5238095238095238,0.4916151809355693,-0.006607929515418498,-0.030417453324942334,0.0017768895490122283,-0.0040853071257346526,-0.0007565404697647549,0.8766102308536836
MAS,EQUITY,20,907,434,0.4785005512679162,546,0.5,361,0.44598337950138506,225,0.519434628975265,0.49557522123893805,-0.021499448732083815,-0.04093407770734886,-0.01707466997102186,-0.009168904785910358,-0.0029787234042553123,0.8488917412632188
MCD,EQUITY,5,909,466,0.5126512651265126,700,0.5471428571428572,209,0.39712918660287083,226,0.547136563876652,0.4876325088339223,0.0126512651265126,-0.03448529875013939,0.025018756292590316,0.00012967054458165903,0.0010966716016889144,0.9638789321343546
MCD,EQUITY,10,908,471,0.5187224669603524,700,0.5742857142857143,208,0.3317307692307692,226,0.5749559082892416,0.4907161803713528,0.018722466960352402,-0.05623344132888919,0.028006286588999618,-0.00028864204065837145,0.0014677208624458427,0.9070051610963201
MCD,EQUITY,20,906,469,0.5176600441501104,700,0.5871428571428572,206,0.2815533980582524,226,0.5901060070671378,0.4991166077738516,0.017660044150110354,-0.07244596291702743,0.01854343637625877,-0.0010953677078289453,0.0015936485901509867,0.8782048946010502
MCHP,EQUITY,5,892,447,0.5011210762331838,613,0.5106035889070146,279,0.48028673835125446,243,0.5286343612334802,0.500441306266549,0.0011210762331838042,-0.027513285000296372,0.000679769966634769,-0.001872610531749152,0.00038380350674582786,0.8927499704098328
MCHP,EQUITY,10,891,427,0.4792368125701459,613,0.49755301794453505,278,0.43884892086330934,243,0.5343915343915344,0.48853615520282184,-0.020763187429854113,-0.05515472182138853,-0.009299342632675955,-0.002899340916917689,-0.0033499137143436775,0.9670986158861856
MCHP,EQUITY,20,890,429,0.4820224719101124,613,0.5024469820554649,277,0.4368231046931408,242,0.5397526501766784,0.4739168877099912,-0.017977528089887618,-0.05773017826656601,0.008105584200121196,-0.007791143740468997,-0.002530738064164706,0.8581820113927856
MCK,EQUITY,5,940,514,0.5468085106382978,710,0.576056338028169,230,0.45652173913043476,195,0.5647577092511014,0.4501323918799647,0.04680851063829783,-0.01794919861280353,0.09667611875833315,0.002409567569051991,0.0027117974217014673,0.9973855253182718
MCK,EQUITY,10,939,507,0.5399361022364217,709,0.5726375176304654,230,0.4391304347826087,195,0.5740740740740741,0.48500881834215165,0.039936102236421744,-0.034137971837652326,0.054927283894270096,0.004380605496172895,0.0044530858003011264,1.0826548846292123
MCK,EQUITY,20,937,534,0.5699039487726788,707,0.620933521923621,230,0.41304347826086957,195,0.6051236749116607,0.5349248452696729,0.0699039487726788,-0.035219726138981944,0.034979103503005926,0.008443752043445217,0.010547980447646044,1.0403674598136843
MCO,EQUITY,5,936,504,0.5384615384615384,687,0.5662299854439592,249,0.46184738955823296,199,0.5550660792951542,0.5083700440528635,0.038461538461538436,-0.016604540833615733,0.03009149440867498,-0.0007329678932368863,0.0032811668007240447,0.8173494834046313
MCO,EQUITY,10,935,521,0.5572192513368984,686,0.5991253644314869,249,0.44176706827309237,199,0.5855379188712522,0.5229681978798587,0.057219251336898425,-0.028318667534353748,0.034251053457039715,-3.2103444632650686e-05,0.005786235279735874,0.7934663300470122
MCO,EQUITY,20,933,533,0.5712754555198285,684,0.6228070175438597,249,0.42971887550200805,199,0.6095406360424028,0.5234305923961097,0.0712754555198285,-0.03826518052257433,0.04784486312371883,0.0009766026195940911,0.013092710544939656,0.7737904049108897
MDLZ,EQUITY,5,542,256,0.47232472324723246,359,0.5153203342618384,183,0.3879781420765027,120,0.554380664652568,0.4886535552193646,-0.02767527675276754,-0.08205594140533551,-0.01632883197213214,-0.0031349259312015375,-0.001935504343078931,0.8242405594421781
MDLZ,EQUITY,10,541,260,0.4805914972273567,358,0.5139664804469274,183,0.41530054644808745,120,0.5446293494704992,0.4984848484848485,-0.019408502772643277,-0.06403785224314251,-0.017893351257491752,-0.005897542003378694,-0.002447708055184683,0.7329649602596878
MDLZ,EQUITY,20,539,225,0.4174397031539889,356,0.44662921348314605,183,0.36065573770491804,120,0.5174506828528073,0.48628048780487804,-0.08256029684601113,-0.10001097969881839,-0.06884078465088916,-0.010970600970177945,-0.00927811722109062,0.8326250864200746
MDT,EQUITY,5,896,451,0.5033482142857143,588,0.5221088435374149,308,0.4675324675324675,239,0.5242290748898678,0.47699115044247786,0.0033482142857143016,-0.020880860604153506,0.02635706384323644,-0.0001625504824221153,0.0003644570865847796,0.9727470731982608
MDT,EQUITY,10,895,455,0.5083798882681564,587,0.5417376490630323,308,0.4448051948051948,239,0.5502645502645502,0.51105216622458,0.008379888268156388,-0.041884661996393846,-0.002672277956423663,3.901295627534318e-05,0.0005245213742459676,0.9694342642099516
MDT,EQUITY,20,894,450,0.5033557046979866,586,0.5494880546075085,308,0.4155844155844156,238,0.5591872791519434,0.5013309671694764,0.003355704697986628,-0.05583157445395681,0.0020247375285101787,-0.0016999000493567208,0.0005862980915318228,0.914954197036325
MELI,EQUITY,5,735,371,0.5047619047619047,517,0.5164410058027079,218,0.47706422018348627,196,0.514500537056928,0.4870967741935484,0.004761904761904745,-0.009738632295023253,0.017665130568356335,-0.0006074497933162565,0.0009074027179876154,0.958239287754937
MELI,EQUITY,10,734,380,0.5177111716621253,516,0.5542635658914729,218,0.43119266055045874,196,0.5548387096774193,0.510752688172043,0.017711171662125325,-0.037127538015294004,0.006958483490082323,0.0005291681723191111,0.003801773523604557,0.9453468365700926
MELI,EQUITY,20,732,383,0.523224043715847,514,0.5797665369649806,218,0.38990825688073394,196,0.5678879310344828,0.5318230852211435,0.023224043715846965,-0.0446638873186358,-0.008599041505296556,0.0006752954042133296,0.007956299042647552,0.9228564509300772
MET,EQUITY,5,878,386,0.4396355353075171,574,0.47735191637630664,304,0.3684210526315789,257,0.5374449339207048,0.4748898678414097,-0.06036446469248291,-0.09780939861318771,-0.035254332533892596,-0.004256427355324938,-0.0038629162790694282,0.9777184584191821
MET,EQUITY,10,877,383,0.43671607753705816,573,0.4869109947643979,304,0.34210526315789475,257,0.5458553791887125,0.4624889673433363,-0.06328392246294184,-0.10913930165165436,-0.02577288980627812,-0.009301695286241397,-0.005913978494623606,0.858453985131246
MET,EQUITY,20,875,377,0.4308571428571429,571,0.4851138353765324,304,0.32894736842105265,257,0.5547703180212014,0.4584805653710247,-0.06914285714285712,-0.12391317516405848,-0.027623422513881835,-0.015072322181443684,-0.009863429438543125,0.8272499982440898
META,EQUITY,5,128,70,0.546875,95,0.5368421052631579,33,0.5757575757575758,29,0.5095541401273885,0.532051282051282,0.046875,0.03732085987261147,0.014823717948717952,0.0018931070509447048,0.0053212554578331295,0.9104591799018485
META,EQUITY,10,127,69,0.5433070866141733,95,0.5684210526315789,32,0.46875,29,0.5705128205128205,0.4551282051282051,0.04330708661417326,-0.027205733898647222,0.08817888148596814,0.0004949419662815337,0.0071746219982211645,0.8552558599346182
META,EQUITY,20,125,68,0.544,95,0.6,30,0.36666666666666664,29,0.5844155844155844,0.461038961038961,0.04400000000000004,-0.04041558441558435,0.08296103896103901,0.011485273624875489,0.01925692045578875,1.1234209838774505
MGM,EQUITY,5,824,410,0.4975728155339806,465,0.5118279569892473,359,0.479108635097493,225,0.5185891325071497,0.4976122254059217,-0.0024271844660194164,-0.02101631697316908,-3.9409871941120667e-05,-0.0005796150424943863,0.0,0.9866382782706554
MGM,EQUITY,10,824,404,0.49029126213592233,465,0.5010752688172043,359,0.4763231197771588,224,0.5162213740458015,0.505736137667304,-0.009708737864077666,-0.02593011190987915,-0.01544487553138163,-0.002401009310886713,-0.002516171217557428,0.9724838661519981
MGM,EQUITY,20,824,392,0.47572815533980584,465,0.4645161290322581,359,0.49025069637883006,222,0.49521988527724664,0.4598470363288719,-0.024271844660194164,-0.019491729937440805,0.01588111901093392,-0.006590134179397132,-0.007482932915083007,0.9726631407711677
MKC,EQUITY,5,917,455,0.4961832061068702,619,0.5201938610662359,298,0.4463087248322148,218,0.5374449339207048,0.4844995571302037,-0.0038167938931297773,-0.04126172781383458,0.011683648976666516,-0.0009799026043527104,0.0,0.923146511196116
MKC,EQUITY,10,916,453,0.4945414847161572,618,0.5372168284789643,298,0.40604026845637586,218,0.5573192239858906,0.47699115044247786,-0.00545851528384278,-0.0627777392697334,0.017550334273679358,-0.0005730907045130738,-0.00021540159975130813,0.9829191390512112
MKC,EQUITY,20,916,470,0.5131004366812227,618,0.5533980582524272,298,0.42953020134228187,216,0.5618374558303887,0.47833775419982316,0.013100436681222738,-0.04873701914916595,0.034762682481399576,-0.0023727005997063997,0.0016173456455140789,0.8433908448250379
MLM,EQUITY,5,926,480,0.5183585313174947,615,0.5252032520325203,311,0.5048231511254019,209,0.5198237885462555,0.47572815533980584,0.018358531317494653,-0.0014652572287608967,0.04263037597768882,5.0194233053301207e-05,0.0016578805139116914,0.9320146401557347
MLM,EQUITY,10,925,464,0.5016216216216216,615,0.5235772357723577,310,0.45806451612903226,209,0.5335097001763669,0.4947089947089947,0.001621621621621605,-0.03188807855474529,0.006912626912626896,-0.001549876472753511,0.0005605904886480939,0.9284129521816219
MLM,EQUITY,20,923,465,0.5037919826652221,615,0.5528455284552846,308,0.40584415584415584,209,0.5618374558303887,0.5114840989399293,0.003791982665222071,-0.05804547316516662,-0.007692116274707228,-0.004472508665773109,0.0009304798617570942,0.8594874612020977
MMM,EQUITY,5,928,466,0.5021551724137931,588,0.5187074829931972,340,0.47352941176470587,207,0.5277533039647577,0.5004405286343613,0.0021551724137931494,-0.025598131550964576,0.001714643779431868,-0.0003030955692586858,6.659738310532681e-05,0.9663758982463827
MMM,EQUITY,10,927,476,0.5134843581445523,587,0.534923339011925,340,0.4764705882352941,207,0.5440917107583775,0.48851590106007065,0.013484358144552289,-0.03060735261382519,0.024968457084481643,-0.0005406478038960669,0.0018037128735767238,0.9171033566566535
MMM,EQUITY,20,925,485,0.5243243243243243,585,0.5726495726495726,340,0.4411764705882353,207,0.5662544169611308,0.4880636604774536,0.024324324324324298,-0.04193009263680647,0.03626066384687071,-0.00041527163984168565,0.0038093006491757286,0.8914072209825863
MNST,EQUITY,5,740,399,0.5391891891891892,510,0.5627450980392157,230,0.48695652173913045,168,0.5374449339207048,0.48233995584988965,0.03918918918918923,0.0017442552684844292,0.05684923333929959,-0.008288589728304043,0.0028438240539631066,0.5714590631360436
MNST,EQUITY,10,740,396,0.5351351351351351,510,0.5725490196078431,230,0.45217391304347826,167,0.5545755237045203,0.5309050772626932,0.03513513513513511,-0.019440388569385236,0.004230057872441906,-0.015477060295318493,0.003357968239525,0.5285018185930795
MNST,EQUITY,20,739,402,0.543978349120433,509,0.5854616895874263,230,0.45217391304347826,166,0.5679558011049723,0.5215469613259669,0.04397834912043297,-0.023977451984539377,0.022431387794466073,-0.03447808817433027,0.009581032802858047,0.4270223488594882
MO,EQUITY,5,920,473,0.5141304347826087,623,0.5537720706260032,297,0.43097643097643096,215,0.5541850220264317,0.5159010600706714,0.01413043478260867,-0.04005458724382305,-0.0017706252880627105,0.00020194769787963032,0.0014213856182258011,0.9618797865002736
MO,EQUITY,10,919,461,0.5016322089227421,623,0.5425361155698234,296,0.4155405405405405,215,0.5511463844797179,0.5013262599469496,0.0016322089227420733,-0.04951417555697579,0.0003059489757925027,0.0015187488842149637,0.0002629503023927615,1.087438823940511
MO,EQUITY,20,919,457,0.4972796517954298,623,0.5473515248796148,296,0.3918918918918919,213,0.573321554770318,0.49689991142604073,-0.0027203482045701777,-0.07604190297488816,0.00037974036938909217,0.0016999750762597605,-0.0004616805170821747,1.0837580609779578
MOS,EQUITY,5,839,421,0.5017878426698451,409,0.5256723716381418,430,0.4790697674418605,238,0.5246053853296193,0.4762790697674419,0.0017878426698451078,-0.022817542659774204,0.02550877290240322,0.0007676001234814994,0.0003374957813027102,1.0258856529521465
MOS,EQUITY,10,838,416,0.4964200477326969,409,0.5207823960880196,429,0.4731934731934732,238,0.5148698884758365,0.4934823091247672,-0.0035799522673031214,-0.0184498407431396,0.002937738607929674,0.0015507854070606062,-0.000978696024252601,1.0635340229001313
MOS,EQUITY,20,837,429,0.5125448028673835,409,0.5550122249388753,428,0.4719626168224299,237,0.5251396648044693,0.5088536812674743,0.012544802867383464,-0.01259486193708581,0.003691121599909142,0.005945640957224459,0.00248447204968949,1.0789752858402433
MPC,EQUITY,5,568,290,0.5105633802816901,421,0.5439429928741093,147,0.41496598639455784,160,0.5618131868131868,0.48760330578512395,0.010563380281690127,-0.05124980653149669,0.022960074496566174,0.0019147828135128622,0.0015250239355107942,1.0584715968005922
MPC,EQUITY,10,567,308,0.5432098765432098,420,0.5857142857142857,147,0.4217687074829932,160,0.5900962861072903,0.5364511691884457,0.043209876543209846,-0.04688640956408041,0.006758707354764137,0.0036393234032148047,0.005471380471380405,0.9600401824169961
MPC,EQUITY,20,565,301,0.5327433628318584,418,0.5909090909090909,147,0.3673469387755102,160,0.5958620689655172,0.5124309392265194,0.032743362831858414,-0.06311870613365878,0.020312423605339025,0.0054942779005719465,0.008727719729563654,1.000613850775013
MPWR,EQUITY,5,824,439,0.5327669902912622,635,0.5590551181102362,189,0.4444444444444444,177,0.5564435564435565,0.5,0.03276699029126218,-0.0236765661522943,0.03276699029126218,-0.00018173047513794405,0.003189138386506807,0.8694065262388465
MPWR,EQUITY,10,823,441,0.5358444714459295,634,0.582018927444795,189,0.38095238095238093,177,0.59,0.54,0.035844471445929504,-0.054155528554070465,-0.004155528554070531,-0.00020159439568711096,0.004437303955320715,0.8603636325567426
MPWR,EQUITY,20,822,453,0.551094890510949,633,0.6050552922590837,189,0.37037037037037035,176,0.6142284569138277,0.5035175879396985,0.051094890510948954,-0.0631335664028787,0.04757730257125048,-0.00013645375316551767,0.013314690370915705,0.8120358554190793
MRK,EQUITY,5,869,419,0.48216340621403914,566,0.4929328621908127,303,0.46204620462046203,266,0.518942731277533,0.48849557522123893,-0.017836593785960864,-0.03677932506349385,-0.006332169007199795,-0.0002714903658542889,-0.0011746280344557825,1.0501197959181687
MRK,EQUITY,10,868,409,0.47119815668202764,565,0.49734513274336284,303,0.42244224422442245,266,0.5238095238095238,0.47957371225577267,-0.028801843317972364,-0.0526113671274962,-0.00837555557374503,-0.000954380986163562,-0.0023300331547203568,1.0611805321249617
MRK,EQUITY,20,866,408,0.47113163972286376,563,0.4955595026642984,303,0.42574257425742573,266,0.5371024734982333,0.46194690265486726,-0.02886836027713624,-0.0659708337753695,0.009184737067996496,-0.001110517439497943,-0.0032754551633260576,1.069770986723396
MRNA,EQUITY,5,272,134,0.49264705882352944,127,0.5118110236220472,145,0.47586206896551725,67,0.5339233038348082,0.49554896142433236,-0.007352941176470562,-0.0412762450112788,-0.002901902600802919,0.013705432414878944,-0.00045669051606034294,1.4234161553446738
MRNA,EQUITY,10,271,135,0.4981549815498155,126,0.47619047619047616,145,0.5172413793103449,67,0.4970414201183432,0.46745562130177515,-0.0018450184501844769,0.001113561431472343,0.030699360248040375,0.019717547191295672,-0.0007964954201513663,1.4186863088172532
MRNA,EQUITY,20,271,151,0.5571955719557196,126,0.5396825396825397,145,0.5724137931034483,65,0.49702380952380953,0.5089285714285714,0.05719557195571956,0.060171762431910025,0.04826700052714816,0.04265511532870305,0.02914350862191817,1.3268791382397969
MRVL,EQUITY,5,891,443,0.49719416386083054,559,0.5044722719141324,332,0.48493975903614456,244,0.5066079295154186,0.48226950354609927,-0.0028058361391694597,-0.009413765654588013,0.014924660314731275,0.004411516898769073,-0.0,1.2221788261748068
MRVL,EQUITY,10,890,469,0.5269662921348315,558,0.5304659498207885,332,0.5210843373493976,244,0.5097001763668431,0.5097173144876325,0.026966292134831482,0.01726611576798842,0.017248977647199015,0.007897355003590095,0.00600930200841554,1.1357385078213746
MRVL,EQUITY,20,889,483,0.5433070866141733,557,0.5816876122082585,332,0.4789156626506024,243,0.5415194346289752,0.5079646017699115,0.04330708661417326,0.0017876519851980355,0.03534248484426172,0.014870565200116941,0.011954022988505786,1.1399429773093732
MS,EQUITY,5,788,413,0.5241116751269036,499,0.5370741482965932,289,0.5017301038062284,224,0.5227272727272727,0.5084241823587711,0.024111675126903598,0.0013844023996308907,0.015687492768132527,5.864128750142425e-05,0.0028299665863118495,0.9106796942236101
MS,EQUITY,10,787,411,0.5222363405336722,498,0.5582329317269076,289,0.4602076124567474,224,0.5479723046488625,0.5084241823587711,0.022236340533672183,-0.025735964115190302,0.013812158174901112,0.0002513554733728444,0.002486531288852012,0.9233841754404957
MS,EQUITY,20,786,418,0.5318066157760815,497,0.5734406438631791,289,0.4602076124567474,223,0.557978196233895,0.4955312810327706,0.03180661577608146,-0.026171580457813537,0.03627533474331085,0.0027613513776572605,0.0056091087353558056,0.9462464142100799
MSCI,EQUITY,5,637,324,0.5086342229199372,499,0.5430861723446894,138,0.38405797101449274,142,0.5468549422336328,0.49293966623876767,0.008634222919937207,-0.03822071931369564,0.015694556681169536,-0.00031525822851610514,0.0011301756909483096,0.9440420305675608
MSCI,EQUITY,10,636,329,0.5172955974842768,499,0.5731462925851704,137,0.31386861313868614,142,0.5938303341902313,0.4800514800514801,0.01729559748427678,-0.07653473670595456,0.03724411743279671,-0.0011622699012415758,0.0021934302711213993,0.8793425779981601
MSCI,EQUITY,20,635,332,0.5228346456692914,499,0.591182364729459,136,0.27205882352941174,141,0.6237113402061856,0.5025773195876289,0.022834645669291387,-0.10087669453689418,0.02025732608166253,-0.0006269430288031408,0.003965333016739958,0.8919585673073986
MSFT,EQUITY,5,928,506,0.5452586206896551,654,0.5688073394495413,274,0.48905109489051096,207,0.5436123348017621,0.4902654867256637,0.04525862068965514,0.001646285887893062,0.054993133963991414,0.0008570459508470616,0.0031399966526177714,0.8929242824789368
MSFT,EQUITY,10,927,494,0.5329018338727076,653,0.5742725880551302,274,0.4343065693430657,207,0.5661375661375662,0.5,0.03290183387270762,-0.03323573226485854,0.03290183387270762,0.0017808411711175839,0.002541415662650648,0.971423723918998
MSFT,EQUITY,20,925,523,0.5654054054054054,651,0.620583717357911,274,0.4343065693430657,207,0.5980565371024735,0.5411868910540301,0.0654054054054054,-0.032651131697068125,0.024218514351375342,0.003313694862293152,0.008330195783132543,0.8745112462043307
MSI,EQUITY,5,754,394,0.5225464190981433,539,0.5510204081632653,215,0.4511627906976744,167,0.5526601520086862,0.4840834248079034,0.022546419098143256,-0.03011373291054298,0.03846299429023986,0.0006687656680771426,0.0013242290475167784,0.9553131742844307
MSI,EQUITY,10,753,389,0.5166002656042497,538,0.5520446096654275,215,0.42790697674418604,167,0.5554347826086956,0.4945054945054945,0.016600265604249653,-0.038834517004445956,0.022094771098755128,-0.014446193791033351,0.0017323516673883876,0.5634603655094155
MSI,EQUITY,20,751,390,0.5193075898801598,536,0.5671641791044776,215,0.4,167,0.5740740740740741,0.5098468271334792,0.019307589880159792,-0.05476648419391428,0.009460762746680618,-0.06018032400642993,0.004195459032576565,0.32629921728258593
MSTR,EQUITY,5,880,425,0.48295454545454547,509,0.4950884086444008,371,0.46630727762803237,255,0.5030837004405286,0.4907488986784141,-0.01704545454545453,-0.020129154985983166,-0.007794353223868622,0.0026715171109462014,-0.0012595680544476018,1.180609292577822
MSTR,EQUITY,10,879,423,0.4812286689419795,509,0.5049115913555993,370,0.4486486486486487,255,0.5211640211640212,0.4969108561341571,-0.01877133105802048,-0.03993535222204164,-0.015682187192177566,0.00509734998526215,-0.002767892447607778,1.2249962214195258
MSTR,EQUITY,20,877,431,0.49144811858608894,509,0.5265225933202358,368,0.4429347826086957,255,0.5335689045936396,0.4902654867256637,-0.008551881413911055,-0.04212078600755065,0.0011826318604252206,0.008707134260835267,-0.0009454147385182798,1.1970764311269553
MTB,EQUITY,5,893,416,0.4658454647256439,602,0.46511627906976744,291,0.46735395189003437,242,0.4995594713656388,0.47178130511463845,-0.03415453527435608,-0.033714006639994853,-0.005935840388994529,-0.0015290530628420953,-0.0021299254526090383,1.0341767469994305
MTB,EQUITY,10,892,416,0.4663677130044843,601,0.4925124792013311,291,0.41237113402061853,242,0.5414462081128748,0.47707231040564374,-0.03363228699551568,-0.07507849510839049,-0.010704597401159421,-0.002789635488336741,-0.003054251993790169,1.0017319080199496
MTB,EQUITY,20,890,407,0.45730337078651684,599,0.5041736227045075,291,0.36082474226804123,242,0.5662544169611308,0.46106194690265484,-0.04269662921348316,-0.10895104617461393,-0.0037585761161380016,-0.006711251895808062,-0.006254782926002622,0.9435627238632487
MTD,EQUITY,5,961,516,0.5369406867845994,727,0.5708390646492435,234,0.43162393162393164,174,0.5612334801762114,0.5039717563989409,0.036940686784599386,-0.024292793391612055,0.03296893038565851,0.0017782365322816774,0.002827466820542357,0.9787666467909344
MTD,EQUITY,10,960,519,0.540625,726,0.5757575757575758,234,0.43162393162393164,174,0.5687830687830688,0.5198587819947044,0.04062500000000002,-0.028158068783068813,0.020766218005295656,0.0027699763085306402,0.003641302059599283,0.9795633343813699
MTD,EQUITY,20,958,511,0.5334029227557411,724,0.5773480662983426,234,0.3974358974358974,174,0.5848056537102474,0.5017667844522968,0.03340292275574108,-0.051402730954506315,0.03163613830344425,0.0034671688630377247,0.00621063824625101,0.9869689322264384
MTUM,ETF,5,531,296,0.5574387947269304,431,0.5777262180974478,100,0.47,103,0.5694006309148265,0.4864864864864865,0.057438794726930364,-0.011961836187896147,0.07095230824044385,0.0013425810721551497,0.002558221594918919,0.9144473667678961
MTUM,ETF,10,530,312,0.5886792452830188,430,0.6186046511627907,100,0.46,103,0.6034755134281201,0.5118483412322274,0.08867924528301885,-0.014796268145101266,0.0768309040507914,0.002561046041337981,0.005324707906035231,0.849880655870503
MTUM,ETF,20,530,329,0.620754716981132,430,0.672093023255814,100,0.4,101,0.652931854199683,0.5625990491283677,0.12075471698113205,-0.03217713721855098,0.05815566785276438,0.0033248612977716412,0.011408758435428823,0.7278624523352769
MU,EQUITY,5,903,471,0.521594684385382,547,0.5301645338208409,356,0.5084269662921348,232,0.5233480176211454,0.4995571302037201,0.021594684385382035,-0.0017533332357633213,0.022037554181661922,0.0024218794495163114,0.003330689928628061,1.003960685621834
MU,EQUITY,10,902,470,0.5210643015521065,546,0.554945054945055,356,0.4691011235955056,232,0.5476190476190477,0.4862710363153233,0.02106430155210648,-0.026554746066941193,0.034793265236783166,0.007409097539603943,0.0025907700338058115,1.1186999920538234
MU,EQUITY,20,902,518,0.5742793791574279,546,0.5824175824175825,356,0.5617977528089888,230,0.5388692579505301,0.5168141592920354,0.07427937915742788,0.03541012120689779,0.057465219865392436,0.021456757360888184,0.023774160909915687,1.0946663587126109
NBIS,EQUITY,5,25,11,0.44,22,0.5,3,0.0,8,0.6060606060606061,0.3939393939393939,-0.06,-0.16606060606060608,0.04606060606060608,-0.008062609826419985,-0.014193604223462719,1.100570082820295
NBIS,EQUITY,10,24,11,0.4583333333333333,21,0.5238095238095238,3,0.0,8,0.625,0.46875,-0.041666666666666685,-0.16666666666666669,-0.010416666666666685,0.022134201825823794,-0.030026938332764375,1.553879476324968
NBIS,EQUITY,20,24,15,0.625,21,0.7142857142857143,3,0.0,6,0.7,0.6,0.125,-0.07499999999999996,0.025000000000000022,0.12496286414072814,0.15626902117014874,1.8203741264423823
NCLH,EQUITY,5,493,217,0.44016227180527384,271,0.4797047970479705,222,0.3918918918918919,154,0.5316846986089645,0.47213622291021673,-0.05983772819472616,-0.09152242680369066,-0.03197395110494289,-0.004328915167480094,-0.007482629609834257,1.0749662047425779
NCLH,EQUITY,10,492,211,0.42886178861788615,271,0.45387453874538747,221,0.39819004524886875,154,0.5201238390092879,0.5085271317829457,-0.07113821138211385,-0.09126205039140178,-0.07966534316505958,-0.0077551816403905426,-0.012729137300242277,1.072329085392845
NCLH,EQUITY,20,490,206,0.4204081632653061,271,0.46494464944649444,219,0.365296803652968,154,0.5388198757763976,0.4797507788161994,-0.07959183673469389,-0.11841171251109145,-0.05934261555089326,-0.027102115085003698,-0.02914407554066406,0.8208298005008553
NDAQ,EQUITY,5,848,429,0.5058962264150944,611,0.5400981996726678,237,0.4177215189873418,213,0.5447690857681433,0.480188679245283,0.005896226415094352,-0.03887285935304896,0.02570754716981133,-0.001419874729932327,0.0008332541139087768,0.8882508626514873
NDAQ,EQUITY,10,847,450,0.5312868949232585,610,0.5737704918032787,237,0.4219409282700422,213,0.569811320754717,0.49528301886792453,0.031286894923258535,-0.03852442583145843,0.036003876055334005,-0.00047062238282575224,0.003773717724077974,0.8628570006852394
NDAQ,EQUITY,20,845,439,0.5195266272189349,608,0.5855263157894737,237,0.350210970464135,213,0.5954631379962193,0.5156102175969726,0.019526627218934944,-0.07593651077728436,0.00391640962196238,0.0008138882734205292,0.004325674325674322,0.950550712231281
NDSN,EQUITY,5,920,482,0.5239130434782608,681,0.55359765051395,239,0.4393305439330544,215,0.5533039647577093,0.5008818342151675,0.023913043478260843,-0.029390921279448423,0.023031209263093322,0.00012105530360177173,0.002221779863591178,0.9157288372667245
NDSN,EQUITY,10,919,482,0.5244831338411317,680,0.5676470588235294,239,0.401673640167364,215,0.5767195767195767,0.5190097259062776,0.024483133841131655,-0.05223644287844509,0.005473407934854069,0.0007577141634370937,0.004143646408839574,0.9378094885277428
NDSN,EQUITY,20,917,474,0.5169029443838604,678,0.56047197640118,239,0.39330543933054396,215,0.5795053003533569,0.49646643109540634,0.01690294438386042,-0.06260235596949648,0.020436513288454083,-0.0008347308241817092,0.00396628656420428,0.9113967322997205
NEE,EQUITY,5,639,344,0.5383411580594679,503,0.5725646123260437,136,0.4117647058823529,142,0.5761843790012804,0.49615384615384617,0.03834115805946792,-0.03784322094181247,0.04218731190562175,-0.0009135795367714092,0.0027718550106610174,0.7879361410959004
NEE,EQUITY,10,638,338,0.5297805642633229,503,0.5805168986083499,135,0.34074074074074073,142,0.5961538461538461,0.5173299101412067,0.029780564263322873,-0.06637328189052327,0.012450654122116211,-0.0014218731069037495,0.0021351521994035227,0.8087649115583823
NEE,EQUITY,20,636,341,0.5361635220125787,503,0.5924453280318092,133,0.3233082706766917,142,0.615681233933162,0.4910025706940874,0.036163522012578664,-0.07951771192058332,0.04516095131849124,-0.0014716949298865152,0.004861938443565861,0.8116431524205386
NEM,EQUITY,5,902,443,0.4911308203991131,473,0.49682875264270615,429,0.48484848484848486,233,0.5154185022026432,0.48984995586937335,-0.0088691796008869,-0.02428768180353008,0.0012808645297397447,-0.0004822884064227236,-0.0007501338771815358,1.0107802723693908
NEM,EQUITY,10,901,421,0.4672586015538291,472,0.4766949152542373,429,0.4568764568764569,233,0.5141093474426808,0.47703180212014135,-0.03274139844617091,-0.046850745888851686,-0.009773200566312257,-0.0012846584029484606,-0.004869825810076778,1.089371629908238
NEM,EQUITY,20,899,420,0.4671857619577308,471,0.47770700636942676,428,0.45560747663551404,233,0.5026501766784452,0.48584070796460177,-0.032814238042269184,-0.03546441472071443,-0.018654946006870954,-0.0027416090283908868,-0.006914639961850266,1.0657818089972197
NFLX,EQUITY,5,898,473,0.5267260579064588,650,0.5246153846153846,248,0.532258064516129,237,0.5242290748898678,0.4783759929390997,0.026726057906458767,0.002496983016590959,0.04835006496735905,0.0055995196848547864,0.0037142848762480307,1.1308619777796514
NFLX,EQUITY,10,898,476,0.5300668151447662,650,0.5415384615384615,248,0.5,236,0.5485008818342152,0.501323918799647,0.030066815144766168,-0.018434066689449025,0.028742896345119173,0.00998474236933719,0.0071539300497426295,1.1761546342049154
NFLX,EQUITY,20,897,526,0.5863991081382386,650,0.6153846153846154,247,0.5101214574898786,235,0.5901060070671378,0.5459363957597173,0.08639910813823859,-0.003706898928899194,0.04046271237852128,0.02219959858415162,0.026118326118326207,1.0828941379754933
NI,EQUITY,5,935,484,0.5176470588235295,653,0.5375191424196019,282,0.4716312056737589,200,0.5400881057268723,0.45785270629991126,0.01764705882352946,-0.02244104690334281,0.0597943525236182,-0.0002529072245712026,0.0008691873098651826,0.9105589075361231
NI,EQUITY,10,934,494,0.5289079229122056,653,0.55895865237366,281,0.45907473309608543,200,0.5670194003527337,0.4920212765957447,0.028907922912205564,-0.03811147744052812,0.03688664631646088,-0.00031619141305448716,0.0022076930848907717,0.8717863625188709
NI,EQUITY,20,932,508,0.5450643776824035,653,0.5972434915773354,279,0.4229390681003584,200,0.5971731448763251,0.5083996463306808,0.045064377682403456,-0.05210876719392166,0.03666473135172266,0.0006531816475129309,0.006266701613776515,0.8606709353528745
NKE,EQUITY,5,928,485,0.5226293103448276,604,0.543046357615894,324,0.4845679012345679,207,0.5251101321585903,0.5030837004405286,0.022629310344827624,-0.0024808218137626348,0.01954560990429899,-0.0002146125687004413,0.0015611960845226536,0.899527304525687
NKE,EQUITY,10,927,482,0.5199568500539374,604,0.5579470198675497,323,0.44891640866873067,207,0.5423280423280423,0.5075022065313327,0.019956850053937436,-0.02237119227410489,0.012454643522604725,0.000522976198174841,0.0019096985404446487,0.9484090568508234
NKE,EQUITY,20,925,473,0.5113513513513513,604,0.5496688741721855,321,0.4392523364485981,207,0.5512367491166078,0.5,0.011351351351351346,-0.03988539776525646,0.011351351351351346,0.0012722986915788038,0.0025798129635601352,1.0000647061927426
NOC,EQUITY,5,919,469,0.5103373231773667,692,0.5303468208092486,227,0.44933920704845814,216,0.5497797356828193,0.4541446208112875,0.010337323177366686,-0.03944241250545266,0.056192702366079206,0.0011232517903381636,0.0008168599901976492,1.0535952761802392
NOC,EQUITY,10,918,506,0.55119825708061,691,0.5904486251808972,227,0.43171806167400884,216,0.5864197530864198,0.5097173144876325,0.05119825708060999,-0.035221496005809816,0.04148094259297752,0.002253338680710418,0.003544353021678215,0.933033881552114
NOC,EQUITY,20,918,497,0.5413943355119826,691,0.597684515195369,227,0.3700440528634361,214,0.6060070671378092,0.5123674911660777,0.04139433551198257,-0.06461273162582659,0.029026844345904856,0.00174537828619551,0.0047500639669220135,0.9133540790694807
NOW,EQUITY,5,541,275,0.5083179297597042,406,0.5369458128078818,135,0.4222222222222222,134,0.5466666666666666,0.5125925925925926,0.008317929759704246,-0.03834873690696239,-0.004274662832888354,-0.0008305946407468572,0.000636875066341025,0.9278001517183998
NOW,EQUITY,10,540,289,0.5351851851851852,405,0.5728395061728395,135,0.4222222222222222,134,0.56973293768546,0.49851632047477745,0.03518518518518521,-0.03454775250027475,0.036668864710407756,-0.0007239987863319347,0.007911580143878938,0.8460242045903892
NOW,EQUITY,20,540,294,0.5444444444444444,405,0.5975308641975309,135,0.3851851851851852,132,0.5892857142857143,0.49702380952380953,0.0444444444444444,-0.044841269841269904,0.04742063492063486,9.286467282989294e-05,0.009825721230509288,0.8387571404834482
NRG,EQUITY,5,869,431,0.49597238204833144,544,0.5238970588235294,325,0.4492307692307692,238,0.5329719963866305,0.5126811594202898,-0.004027617951668561,-0.03699961433829907,-0.01670877737195836,-0.00017663113827962395,-0.00023534949399872662,1.0068155629400042
NRG,EQUITY,10,868,439,0.5057603686635944,544,0.5422794117647058,324,0.4444444444444444,238,0.546112115732369,0.5063291139240507,0.005760368663594417,-0.040351747068774535,-0.0005687452604562493,-0.0007985894582128899,0.0009346522989501782,0.9485705519464913
NRG,EQUITY,20,866,446,0.5150115473441108,544,0.5661764705882353,322,0.42857142857142855,238,0.5588768115942029,0.4841341795104261,0.01501154734411081,-0.04386526425009207,0.03087736783368472,3.9869487268409656e-05,0.0038493035900099004,0.9426691192804546
NSC,EQUITY,5,943,491,0.5206786850477201,673,0.5319465081723626,270,0.4925925925925926,192,0.5374449339207048,0.5,0.02067868504772008,-0.016766248872984724,0.02067868504772008,-0.0005912038807625808,0.0016838256518809658,0.8840030262400375
NSC,EQUITY,10,942,498,0.5286624203821656,672,0.5491071428571429,270,0.4777777777777778,192,0.5511463844797179,0.5202821869488536,0.0286624203821656,-0.022483964097552267,0.008380233433311957,-0.0007578876386528813,0.0031023877194205074,0.8596324310490594
NSC,EQUITY,20,940,490,0.5212765957446809,670,0.5552238805970149,270,0.43703703703703706,192,0.5680212014134276,0.5017699115044247,0.021276595744680882,-0.04674460566874672,0.019506684240256145,-0.003087610731729709,0.005317190642484038,0.8288800814747529
NTAP,EQUITY,5,897,478,0.5328874024526199,544,0.5459558823529411,353,0.5127478753541076,238,0.533920704845815,0.4827586206896552,0.032887402452619896,-0.0010333023931951013,0.0501287817629647,0.0014203228008131555,0.0033358042994811044,0.9450706150440082
NTAP,EQUITY,10,896,462,0.515625,543,0.5285451197053407,353,0.49575070821529743,238,0.5361552028218695,0.4880636604774536,0.015625,-0.02053020282186946,0.027561339522546413,0.00275429388651902,0.002433831297103839,1.0403639370319633
NTAP,EQUITY,20,894,447,0.5,541,0.5286506469500925,353,0.45609065155807366,238,0.5521201413427562,0.4964601769911504,0.0,-0.05212014134275622,0.0035398230088495852,0.004383679237966057,-2.861183246333221e-05,1.1186589741495316
NTRS,EQUITY,5,892,441,0.4943946188340807,604,0.5132450331125827,288,0.4548611111111111,243,0.5268722466960353,0.4801412180052957,-0.005605381165919299,-0.03247762786195457,0.014253400828785012,-0.0013342569597229112,-0.00020768096857393115,0.9311625466813556
NTRS,EQUITY,10,891,438,0.49158249158249157,603,0.5356550580431177,288,0.3993055555555556,243,0.5529100529100529,0.47396293027360986,-0.008417508417508435,-0.06132756132756134,0.017619561308881704,-0.0031723476123438885,-0.00041050903119876914,0.8794737982335441
NTRS,EQUITY,20,889,424,0.4769403824521935,601,0.5274542429284526,288,0.3715277777777778,243,0.558303886925795,0.4725663716814159,-0.0230596175478065,-0.08136350447360152,0.004374010770777592,-0.005718749137417607,-0.0028779739063699017,0.8864713518863703
NUE,EQUITY,5,889,429,0.48256467941507314,546,0.5091575091575091,343,0.4402332361516035,246,0.5312775330396475,0.5163572060123784,-0.01743532058492686,-0.04871285362457439,-0.033792526597305306,-0.0006528357687142611,-0.001677852348993314,1.036212361430174
NUE,EQUITY,10,888,416,0.46846846846846846,545,0.5027522935779817,343,0.4139941690962099,246,0.5370370370370371,0.4872021182700794,-0.03153153153153154,-0.06856856856856863,-0.018733649801610963,-0.004005331429893959,-0.0037214770813800424,0.982272195388439
NUE,EQUITY,20,886,414,0.4672686230248307,543,0.5082872928176796,343,0.40233236151603496,246,0.5406360424028268,0.4867021276595745,-0.03273137697516931,-0.07336741937799612,-0.019433504634743803,-0.0069840846159768665,-0.006643434343709176,0.9531822288011206
NVDA,EQUITY,5,931,517,0.5553168635875403,701,0.5763195435092725,230,0.49130434782608695,204,0.5559471365638766,0.5150442477876106,0.05531686358754029,-0.0006302729763363324,0.04027261579992969,0.006707718305140361,0.0057834809325862935,1.052856030470861
NVDA,EQUITY,10,930,513,0.5516129032258065,700,0.58,230,0.4652173913043478,204,0.5749559082892416,0.5313881520778072,0.05161290322580647,-0.02334300506343512,0.020224751147999265,0.012353684250718219,0.010733876996494418,1.1547828930143875
NVDA,EQUITY,20,929,543,0.5844994617868676,699,0.6194563662374821,230,0.4782608695652174,203,0.6042402826855123,0.5296198054818745,0.08449946178686762,-0.019740820898644706,0.05487965630499314,0.024837041288320604,0.02384615384615385,1.13553903193893
NVR,EQUITY,5,917,473,0.5158124318429662,647,0.5224111282843895,270,0.5,218,0.5162995594713656,0.46825396825396826,0.015812431842966213,-0.0004871276283994197,0.04755846358899796,0.0002857236439029364,0.0017574692442882123,0.9563002315548482
NVR,EQUITY,10,916,494,0.5393013100436681,647,0.5610510046367851,269,0.48698884758364314,218,0.544973544973545,0.49029982363315694,0.0393013100436681,-0.005672234929876896,0.049001486410511164,0.003036554711747421,0.00536230835904683,0.9910809586076255
NVR,EQUITY,20,914,538,0.5886214442013129,647,0.6275115919629057,267,0.4943820224719101,218,0.5812720848056537,0.5406360424028268,0.0886214442013129,0.007349359395659172,0.047985401798486094,0.008465902615484943,0.012040521282630667,0.9271571144782119
NWS,EQUITY,5,482,248,0.5145228215767634,271,0.5350553505535055,211,0.4881516587677725,141,0.5280898876404494,0.4846029173419773,0.014522821576763434,-0.013567066063685962,0.029919904234786132,0.00013219037939355321,0.0013828607145542904,0.9519501232548115
NWS,EQUITY,10,481,230,0.4781704781704782,270,0.4777777777777778,211,0.4786729857819905,141,0.5160771704180064,0.46405228758169936,-0.021829521829521803,-0.037906692247528184,0.014118190588778834,-0.0009907018967497878,-0.0024937655860350905,1.0429448920738933
NWS,EQUITY,20,479,226,0.4718162839248434,268,0.5,211,0.43601895734597157,141,0.5225806451612903,0.5146103896103896,-0.028183716075156573,-0.0507643612364469,-0.0427941056855462,-0.003734781850221047,-0.0034129692832762792,0.9941434391432773
NWSA,EQUITY,5,495,249,0.503030303030303,269,0.5204460966542751,226,0.4823008849557522,130,0.5296,0.47258064516129034,0.00303030303030305,-0.02656969696969691,0.030449657869012714,-0.00015064682428943084,0.0004125412541253759,0.9781560605319226
NWSA,EQUITY,10,494,234,0.47368421052631576,268,0.47388059701492535,226,0.47345132743362833,130,0.5144230769230769,0.4718196457326892,-0.026315789473684237,-0.04073886639676111,0.0018645647936265664,-0.0010051943926777799,-0.0018367346938776286,1.0607424892207886
NWSA,EQUITY,20,492,229,0.4654471544715447,266,0.48872180451127817,226,0.43805309734513276,130,0.5192926045016077,0.518578352180937,-0.03455284552845528,-0.053845450030063025,-0.05313119770939223,-0.0033382125027842727,-0.003703675486900704,1.0339465106810173
NXPI,EQUITY,5,653,317,0.48545176110260335,475,0.5157894736842106,178,0.4044943820224719,122,0.5458064516129032,0.4864516129032258,-0.014548238897396648,-0.06035469051029985,-0.0009998518006224533,-0.0020841501668483957,-0.0009132420091324533,0.9476607690007176
NXPI,EQUITY,10,652,329,0.504601226993865,475,0.5431578947368421,177,0.4011299435028249,122,0.5542635658914729,0.48704663212435234,0.004601226993865004,-0.04966233889760785,0.017554594869512663,-0.0030970073988421387,0.0004255754204245399,0.8719091059874939
NXPI,EQUITY,20,650,350,0.5384615384615384,475,0.5978947368421053,175,0.37714285714285717,122,0.594559585492228,0.5142487046632125,0.038461538461538436,-0.056098047030689546,0.02421283379832595,-0.004051983655535643,0.0044083275619463125,0.7688688053186123
O,EQUITY,5,918,463,0.5043572984749455,579,0.542314335060449,339,0.43952802359882004,217,0.5436123348017621,0.47522123893805307,0.004357298474945481,-0.039255036326816595,0.02913605953689241,-0.0010622903628347271,0.00027809303223313986,0.9026533719605623
O,EQUITY,10,918,460,0.5010893246187363,579,0.531951640759931,339,0.44837758112094395,216,0.5388007054673721,0.5066195939982348,0.0010893246187363426,-0.03771138084863579,-0.005530269379498409,-0.0027221668511996904,0.00018352667161292135,0.8511021746541454
O,EQUITY,20,917,432,0.47110141766630315,578,0.527681660899654,339,0.3746312684365782,215,0.5609540636042403,0.4663716814159292,-0.028898582333696854,-0.08985264593793713,0.004729736250373928,-0.007712060858091273,-0.004587155963302725,0.8214188156109413
ODFL,EQUITY,5,933,482,0.5166130760986066,704,0.5397727272727273,229,0.44541484716157204,202,0.5515418502202644,0.49381625441696114,0.016613076098606627,-0.034928774121657735,0.022796821681645485,-0.0002044230786239162,0.0011370096645821892,0.9245694516178266
ODFL,EQUITY,10,933,466,0.4994640943193998,704,0.5284090909090909,229,0.4104803493449782,201,0.5599647266313933,0.49823321554770317,-0.0005359056806001905,-0.060500632311993485,0.0012308787716966418,0.00015313431594043218,0.0,1.0084480580431743
ODFL,EQUITY,20,933,502,0.5380493033226152,704,0.5809659090909091,229,0.40611353711790393,199,0.5786219081272085,0.48364279398762156,0.03804930332261525,-0.04057260480459324,0.05440650933499369,0.0019874628578116812,0.010055104243594792,0.9095783818415845
OIH,ETF,5,537,279,0.5195530726256983,246,0.524390243902439,291,0.5154639175257731,165,0.5014245014245015,0.5028490028490028,0.019553072625698276,0.01812857120119682,0.016704069776695474,0.0008176413032758222,0.0018726591760299671,0.9621284184714607
OIH,ETF,10,536,256,0.47761194029850745,245,0.4775510204081633,291,0.47766323024054985,165,0.48359486447931527,0.5021398002853067,-0.022388059701492546,-0.005982924180807814,-0.02452785998679924,7.450742844946495e-05,-0.0035128090442186344,1.0964255290591518
OIH,ETF,20,534,261,0.4887640449438202,244,0.5122950819672131,290,0.4689655172413793,165,0.5035765379113019,0.5021459227467812,-0.011235955056179803,-0.01481249296748166,-0.013381877802960962,-0.002417039109184027,-0.0019269448609444129,0.9900741976103293
OKE,EQUITY,5,905,477,0.5270718232044199,655,0.5419847328244275,250,0.488,230,0.5453744493392071,0.5079365079365079,0.02707182320441992,-0.01830262613478717,0.019135315267912012,0.0019428640691799177,0.002519949601007987,1.0091138413212124
OKE,EQUITY,10,904,472,0.5221238938053098,654,0.5458715596330275,250,0.46,230,0.5608465608465608,0.5026501766784452,0.02212389380530977,-0.038722667041251047,0.01947371712686452,0.004250600681493349,0.0030209551065690787,1.0898490909224665
OKE,EQUITY,20,903,501,0.5548172757475083,653,0.5880551301684533,250,0.468,229,0.5821554770318021,0.5265017667844523,0.054817275747508276,-0.027338201284293873,0.028315508963056013,0.005960291366016926,0.011101409504802318,0.9545867308987925
OMC,EQUITY,5,937,448,0.4781216648879402,584,0.5034246575342466,353,0.43626062322946174,198,0.5295154185022026,0.48984995586937335,-0.021878335112059777,-0.051393753614262405,-0.011728290981433132,-0.0016468392778225284,-0.0013671874999999778,0.9592925770456785
OMC,EQUITY,10,936,427,0.4561965811965812,583,0.48198970840480276,353,0.41359773371104813,198,0.5202821869488536,0.4849557522123894,-0.043803418803418814,-0.06408560575227246,-0.028759171015808216,-0.003531984406513113,-0.0031965261761356945,0.9813357239145485
OMC,EQUITY,20,934,440,0.47109207708779444,581,0.5077452667814114,353,0.41076487252124644,198,0.5353356890459364,0.47126436781609193,-0.028907922912205564,-0.06424361195814199,-0.00017229072829749725,-0.0050752399289953395,-0.003292675875676443,0.9128374464285397
ON,EQUITY,5,415,219,0.5277108433734939,284,0.5492957746478874,131,0.48091603053435117,116,0.5423728813559322,0.5511363636363636,0.027710843373493943,-0.014662037982438259,-0.023425520262869703,0.0008396542656411461,0.00222717149220486,0.9257670697747296
ON,EQUITY,10,414,208,0.5024154589371981,284,0.5422535211267606,130,0.4153846153846154,116,0.5566037735849056,0.5406427221172023,0.0024154589371980784,-0.05418831464770757,-0.038227263180004245,0.0002453912200078148,0.002994386963824369,0.9969840745162435
ON,EQUITY,20,412,206,0.5,284,0.5528169014084507,128,0.3828125,116,0.5890151515151515,0.5018939393939394,0.0,-0.08901515151515149,-0.0018939393939394478,-0.0021003039101555984,0.0006957268400387129,0.9605603554384791
ORCL,EQUITY,5,887,414,0.46674182638105977,643,0.48989113530326595,244,0.4057377049180328,248,0.5233480176211454,0.49024822695035464,-0.033258173618940234,-0.05660619124008559,-0.023506400569294872,-0.0003731653650589493,-0.002189324437030904,1.1131587674486776
ORCL,EQUITY,10,887,427,0.4813979706877114,643,0.5116640746500778,244,0.4016393442622951,247,0.544973544973545,0.47876106194690266,-0.018602029312288604,-0.0635755742858336,0.002636908740808741,-0.0016731800538114165,-0.0017702248185519354,0.9950932795291577
ORCL,EQUITY,20,886,426,0.48081264108352145,643,0.5334370139968896,243,0.34156378600823045,246,0.5830388692579506,0.46861184792219274,-0.019187358916478547,-0.10222622817442911,0.012200793161328716,-0.005210058726184148,-0.0038790775428028113,0.9059613736770067
ORLY,EQUITY,5,907,482,0.5314222712238148,742,0.5512129380053908,165,0.44242424242424244,228,0.5568281938325991,0.49427312775330395,0.0314222712238148,-0.02540592260878427,0.03714914347051085,0.0013015952048886956,0.0028493972631065123,0.9731722886659475
ORLY,EQUITY,10,906,506,0.5584988962472406,741,0.581646423751687,165,0.45454545454545453,228,0.5890652557319224,0.5158730158730159,0.058498896247240584,-0.030566359484681782,0.042625880374224656,0.0034440223177483334,0.006006583827062095,0.9538791402703185
ORLY,EQUITY,20,905,496,0.5480662983425414,740,0.5878378378378378,165,0.3696969696969697,227,0.5998233215547704,0.5097173144876325,0.04806629834254139,-0.05175702321222897,0.038348983854908925,0.007703498428847335,0.009004015304122204,1.1094363505667368
OTIS,EQUITY,5,219,108,0.4931506849315068,119,0.5042016806722689,100,0.48,52,0.5129151291512916,0.4981549815498155,-0.006849315068493178,-0.019764444219784738,-0.005004296618308701,-0.00127051644182426,-0.00027804810232168187,0.916613962408934
OTIS,EQUITY,10,218,108,0.4954128440366973,119,0.5042016806722689,99,0.48484848484848486,52,0.4962962962962963,0.516728624535316,-0.004587155963302725,-0.0008834522595990157,-0.02131578049861871,-0.0049134409789187705,-5.6420672534418514e-05,0.741073288729408
OTIS,EQUITY,20,216,92,0.42592592592592593,119,0.46218487394957986,97,0.38144329896907214,52,0.5298507462686567,0.44776119402985076,-0.07407407407407407,-0.10392482034273076,-0.021835268103924832,-0.012209120443213713,-0.01016989371528132,0.7748147814369425
OXY,EQUITY,5,873,422,0.4833906071019473,495,0.49292929292929294,378,0.4708994708994709,262,0.5066079295154186,0.4942630185348632,-0.01660939289805269,-0.023217322413471242,-0.010872411432915896,-0.0012290081930824708,-0.0014641288433381305,1.001667850905601
OXY,EQUITY,10,872,418,0.4793577981651376,494,0.5040485829959515,378,0.4470899470899471,262,0.5220458553791887,0.484070796460177,-0.020642201834862373,-0.042688057214051056,-0.00471299829503935,-0.0012007635887275763,-0.002084109677962298,1.0394420802209727
OXY,EQUITY,20,870,435,0.5,492,0.5284552845528455,378,0.46296296296296297,262,0.5309187279151943,0.4752650176678445,0.0,-0.030918727915194344,0.024734982332155486,0.00134959641059208,3.44864397817668e-05,1.0360144868593273
PANW,EQUITY,5,544,284,0.5220588235294118,421,0.5486935866983373,123,0.43089430894308944,128,0.5565476190476191,0.53125,0.022058823529411797,-0.03448879551820727,-0.009191176470588203,0.0021377730549701655,0.0022440506034004937,1.019320481452784
PANW,EQUITY,10,543,293,0.5395948434622467,420,0.5904761904761905,123,0.36585365853658536,128,0.6020864381520119,0.496274217585693,0.03959484346224673,-0.06249159468976517,0.04332062587655372,0.003228480867453507,0.00732954545454545,0.9526912034524084
PANW,EQUITY,20,541,293,0.5415896487985212,418,0.6100478468899522,123,0.3089430894308943,128,0.6337817638266069,0.5276532137518685,0.04158964879852123,-0.09219211502808566,0.013936435046652762,-0.0006852199980869448,0.010651058585521733,0.8331640118811005
PAYX,EQUITY,5,915,478,0.5224043715846994,610,0.5459016393442623,305,0.47540983606557374,220,0.5374449339207048,0.5106007067137809,0.022404371584699434,-0.01504056233600537,0.011803664870918551,-0.00027196313607338293,0.0012031625988312422,0.8929043701207883
PAYX,EQUITY,10,914,450,0.4923413566739606,609,0.5238095238095238,305,0.42950819672131146,220,0.5458553791887125,0.5220848056537103,-0.007658643326039383,-0.0535140225147519,-0.029743448979749676,-0.001248998101162561,-0.000443936709117132,0.9560980795013794
PAYX,EQUITY,20,912,445,0.48793859649122806,607,0.5271828665568369,305,0.4098360655737705,220,0.5547703180212014,0.5172719220549159,-0.01206140350877194,-0.0668317215299733,-0.02933332556368784,-0.0036575480473263564,-0.0016935450529008134,0.9000789474013503
PCAR,EQUITY,5,905,452,0.4994475138121547,610,0.5147540983606558,295,0.46779661016949153,230,0.5286343612334802,0.5044091710758377,-0.0005524861878453136,-0.02918684742132549,-0.004961657263683028,-0.0022144376069134692,-0.0,0.8692260301912216
PCAR,EQUITY,10,904,428,0.47345132743362833,609,0.49917898193760263,295,0.42033898305084744,230,0.5361552028218695,0.48677248677248675,-0.026548672566371667,-0.06270387538824113,-0.013321159338858413,-0.004101946882147395,-0.0031395184760560357,0.9214057508123953
PCAR,EQUITY,20,902,433,0.48004434589800443,607,0.515650741350906,295,0.4067796610169492,230,0.553886925795053,0.4778761061946903,-0.019955654101995568,-0.07384257989704862,0.0021682397033141454,-0.006416865312372719,-0.0031190775726455677,0.8767837645187229
PCG,EQUITY,5,877,443,0.5051311288483467,543,0.5267034990791897,334,0.47005988023952094,258,0.5277533039647577,0.464,0.0051311288483466555,-0.02262217511641107,0.04113112884834663,-0.00038892037179751574,0.00046093569946981106,0.9555048589621254
PCG,EQUITY,10,876,428,0.4885844748858447,542,0.5166051660516605,334,0.4431137724550898,258,0.5396825396825397,0.4893805309734513,-0.011415525114155278,-0.05109806479669493,-0.0007960560876065781,-0.0011777901298312323,-0.00042386432029889454,0.9919041387423917
PCG,EQUITY,20,874,429,0.49084668192219677,540,0.5222222222222223,334,0.44011976047904194,258,0.5353356890459364,0.5031000885739593,-0.00915331807780323,-0.044489007123739654,-0.0122534066517625,-0.006057957754160801,-0.001053113270311934,0.8567713800994017
PDD,EQUITY,5,293,151,0.515358361774744,156,0.5128205128205128,137,0.5182481751824818,66,0.5097493036211699,0.48746518105849584,0.015358361774744034,0.0056090581535741535,0.02789318071624819,-0.0016257625703995173,0.002822201317027151,0.8947655566149293
PDD,EQUITY,10,293,143,0.4880546075085324,156,0.5128205128205128,137,0.45985401459854014,65,0.5139664804469274,0.4748603351955307,-0.011945392491467588,-0.025911872938394975,0.013194272313001687,-0.0011414249938150032,-0.0032229185317815823,1.0239137158090965
PDD,EQUITY,20,293,142,0.48464163822525597,156,0.5064102564102564,137,0.45985401459854014,63,0.5084269662921348,0.5,-0.015358361774744034,-0.02378532806687883,-0.015358361774744034,-0.0029268742548031776,-0.007308038842727127,1.0200638992358768
PEG,EQUITY,5,914,419,0.45842450765864334,608,0.4967105263157895,306,0.38235294117647056,221,0.5330396475770925,0.48010610079575594,-0.04157549234135666,-0.0746151399184492,-0.021681593137112598,-0.003075667818424569,-0.002011557324373081,0.9029476202089018
PEG,EQUITY,10,913,401,0.43921139101861995,608,0.4868421052631579,305,0.3442622950819672,221,0.5493827160493827,0.46337157987643424,-0.060788608981380055,-0.11017132503076277,-0.02416018885781429,-0.005032545338879332,-0.005090677696468315,0.9292812290342997
PEG,EQUITY,20,911,394,0.43249176728869376,608,0.4934210526315789,303,0.3102310231023102,221,0.5591872791519434,0.47522123893805307,-0.06750823271130624,-0.12669551186324968,-0.04272947164935931,-0.007518428983913267,-0.009503491078355353,0.926745824540323
PEP,EQUITY,5,899,433,0.48164627363737483,654,0.4954128440366973,245,0.4448979591836735,236,0.520704845814978,0.47749338040600176,-0.018353726362625167,-0.03905857217760317,0.004152893231373078,-0.000755031146843449,-0.0005270925574529794,0.984393496355816
PEP,EQUITY,10,898,431,0.4799554565701559,654,0.5091743119266054,244,0.4016393442622951,236,0.5326278659611993,0.471315092674316,-0.020044543429844075,-0.05267240939104334,0.008640363895839942,-0.002218129831454137,-0.001323484263004604,0.8963733860788801
PEP,EQUITY,20,896,442,0.49330357142857145,654,0.536697247706422,242,0.3760330578512397,236,0.5777385159010601,0.499113475177305,-0.006696428571428548,-0.08443494447248862,-0.005809903748733525,-0.005131275277142725,-0.0009493297547595869,0.7578617952882977
PFE,EQUITY,5,910,441,0.4846153846153846,477,0.4989517819706499,433,0.46882217090069284,225,0.5154185022026432,0.49157054125998223,-0.015384615384615385,-0.030803117587258566,-0.006955156644597615,-0.0012987838266291392,-0.0007588165798497193,0.9537636869122339
PFE,EQUITY,10,909,443,0.48734873487348734,476,0.5210084033613446,433,0.4503464203233256,225,0.5308641975308642,0.500886524822695,-0.012651265126512656,-0.04351546265737688,-0.01353778994920768,-0.0019950344170359515,-0.0017072129748185727,0.9334152662133407
PFE,EQUITY,20,908,449,0.4944933920704846,476,0.5147058823529411,432,0.4722222222222222,224,0.5176678445229682,0.526595744680851,-0.005506607929515406,-0.023174452452483618,-0.032102352610366425,-0.0027649050500474213,-0.0004154017836033308,0.9088483739260994
PFG,EQUITY,5,916,464,0.5065502183406113,626,0.5415335463258786,290,0.43103448275862066,219,0.5462555066079295,0.48364279398762156,0.0065502183406113135,-0.03970528826731823,0.022907424352989758,-0.0014767738064705538,0.0006959883643793408,0.894752681193263
PFG,EQUITY,10,915,460,0.5027322404371585,625,0.5536,290,0.3931034482758621,219,0.5652557319223986,0.4893805309734513,0.002732240437158473,-0.06252349148524017,0.013351709463707173,-0.002877754793247669,0.0003461405330562606,0.8793319174423804
PFG,EQUITY,20,913,468,0.5125958378970427,623,0.5698234349919743,290,0.3896551724137931,219,0.5830388692579506,0.519893899204244,0.012595837897042661,-0.0704430313609079,-0.007298061307201342,-0.0058515586612895975,0.0017953321364452268,0.8041523660359896
PG,EQUITY,5,904,457,0.5055309734513275,620,0.5387096774193548,284,0.43309859154929575,231,0.5392070484581498,0.493368700265252,0.00553097345132747,-0.03367607500682235,0.01216227318607549,-0.0009676310186861743,0.0003077072252427593,0.8714065869442708
PG,EQUITY,10,903,443,0.49058693244739754,620,0.535483870967742,283,0.392226148409894,231,0.5537918871252204,0.48586572438162545,-0.009413067552602461,-0.06320495467782289,0.004721208065772087,-0.0016957544682417198,-0.0004550280600637002,0.8960561126424162
PG,EQUITY,20,901,434,0.4816870144284129,620,0.5290322580645161,281,0.37722419928825623,231,0.558303886925795,0.515473032714412,-0.018312985571587115,-0.07661687249738214,-0.03378601828599914,-0.0041330546377747,-0.0023373341756156574,0.8435623030883962
PGR,EQUITY,5,901,471,0.5227524972253053,636,0.5487421383647799,265,0.46037735849056605,234,0.5453744493392071,0.4854368932038835,0.022752497225305257,-0.022621952113901833,0.037315604021421755,0.00039924027969999,0.0018362100624311761,0.9433753532985841
PGR,EQUITY,10,901,473,0.5249722530521642,636,0.5691823899371069,265,0.4188679245283019,233,0.572310405643739,0.5,0.024972253052164217,-0.04733815259157481,0.024972253052164217,0.001203370147497187,0.0024271844660194164,0.9726660396444147
PGR,EQUITY,20,901,469,0.5205327413984462,636,0.559748427672956,265,0.42641509433962266,231,0.5627208480565371,0.49556737588652483,0.020532741398446186,-0.04218810665809092,0.024965365511921356,0.002882115398578506,0.003019627579265327,1.0385324281759987
PH,EQUITY,5,920,485,0.5271739130434783,673,0.5586924219910847,247,0.44129554655870445,215,0.5462555066079295,0.5048458149779735,0.02717391304347827,-0.01908159356445127,0.02232809806550473,0.0009106600196746022,0.0018336288571559889,0.9527742254547334
PH,EQUITY,10,919,489,0.5321001088139282,672,0.5744047619047619,247,0.41700404858299595,215,0.564373897707231,0.5167548500881834,0.03210010881392822,-0.03227378889330279,0.01534525872574477,0.0013237339193922443,0.004749903063202776,0.9356240544168641
PH,EQUITY,20,917,504,0.549618320610687,670,0.608955223880597,247,0.38866396761133604,215,0.6051236749116607,0.5159010600706714,0.04961832061068705,-0.0555053543009737,0.03371726054001567,0.0003253168438933237,0.009633197480548361,0.8279130942296553
PHM,EQUITY,5,896,437,0.4877232142857143,542,0.4870848708487085,354,0.4887005649717514,239,0.5092511013215859,0.4933569530558016,-0.012276785714285698,-0.021527887035871607,-0.005633738770087271,-0.0009628667960566891,-0.001022447686724326,1.0068175827106507
PHM,EQUITY,10,895,447,0.4994413407821229,541,0.512014787430684,354,0.480225988700565,239,0.5211640211640212,0.4792219274977896,-0.0005586592178771221,-0.021722680381898285,0.0202194132843333,-0.00035234861394944586,-0.0,0.9906946831333185
PHM,EQUITY,20,893,473,0.5296752519596865,539,0.5602968460111317,354,0.4830508474576271,239,0.5388692579505301,0.519893899204244,0.029675251959686455,-0.009194005990843634,0.009781352755442452,0.0004992670448290599,0.006636500754147789,0.8980875912229993
PKG,EQUITY,5,921,451,0.48968512486427795,642,0.5109034267912772,279,0.44086021505376344,214,0.5392070484581498,0.4554280670785525,-0.010314875135722046,-0.049521923593871864,0.034257057785725464,0.0009030083838212895,-0.0004387889425188085,1.1083522179666352
PKG,EQUITY,10,920,467,0.5076086956521739,641,0.5397815912636506,279,0.4336917562724014,214,0.5573192239858906,0.5070671378091873,0.007608695652173925,-0.0497105283337167,0.0005415578429865953,0.0006816552432276858,0.0010604608681329397,1.0031918073523172
PKG,EQUITY,20,918,471,0.5130718954248366,639,0.5602503912363067,279,0.4050179211469534,214,0.573321554770318,0.5057471264367817,0.013071895424836555,-0.06024965934548143,0.007324768988054897,0.0002191895815019644,0.002420197409610414,0.9562406717363302
PLD,EQUITY,5,912,461,0.5054824561403509,651,0.5268817204301075,261,0.4521072796934866,223,0.5383259911894274,0.4929203539823009,0.005482456140350922,-0.032843535049076444,0.012562102158050037,0.0014916276029246964,0.0006108304992625269,1.067694621583243
PLD,EQUITY,10,912,462,0.506578947368421,651,0.5422427035330261,261,0.41762452107279696,222,0.5493827160493827,0.4977934686672551,0.006578947368421018,-0.042803768680961696,0.008785478701165916,0.0006267075493505223,0.0006516642393811223,0.9980390221820905
PLD,EQUITY,20,911,462,0.5071350164654226,650,0.556923076923077,261,0.3831417624521073,221,0.568904593639576,0.49646643109540634,0.007135016465422583,-0.061769577174153434,0.010668585370016248,-0.004999295623931462,0.0014074595355382247,0.8526887363329017
PLTR,EQUITY,5,183,103,0.5628415300546448,115,0.5826086956521739,68,0.5294117647058824,62,0.5469387755102041,0.5081967213114754,0.06284153005464477,0.015902754544440678,0.05464480874316935,0.00771336655456007,0.015446876424988654,0.9606408984366115
PLTR,EQUITY,10,182,101,0.554945054945055,114,0.5701754385964912,68,0.5294117647058824,62,0.5286885245901639,0.47540983606557374,0.05494505494505497,0.02625653035489106,0.07953521887948123,0.010206588300605451,0.015219950187534748,0.9656341663773349
PLTR,EQUITY,20,180,101,0.5611111111111111,113,0.6106194690265486,67,0.47761194029850745,62,0.5785123966942148,0.512396694214876,0.061111111111111116,-0.01740128558310372,0.048714416896235124,0.033384067332660174,0.03329251720851256,1.2298252180856788
PM,EQUITY,5,716,353,0.4930167597765363,474,0.5485232067510548,242,0.384297520661157,182,0.5690423162583519,0.5022321428571429,-0.006983240223463694,-0.07602555648181558,-0.009215383080606598,-0.0009459261053420045,-0.00028085448162390447,0.9457555183335918
PM,EQUITY,10,715,342,0.4783216783216783,473,0.5412262156448203,242,0.35537190082644626,182,0.5652173913043478,0.5100446428571429,-0.021678321678321677,-0.08689571298266946,-0.03172296453546458,-0.002634857260286913,-0.0024239486122894505,0.9307890286885079
PM,EQUITY,20,713,331,0.4642356241234222,471,0.5138004246284501,242,0.3677685950413223,182,0.5486033519553073,0.48769574944071586,-0.035764375876577825,-0.08436772783188512,-0.02346012531729369,-0.0044473863002156095,-0.004030632809351009,0.9562870546146953
PNC,EQUITY,5,900,447,0.49666666666666665,626,0.5175718849840255,274,0.4489051094890511,235,0.5233480176211454,0.4677846425419241,-0.003333333333333355,-0.02668135095447871,0.028882024124742556,-0.0006469391798253048,-0.00013842003772640554,0.9714380887445168
PNC,EQUITY,10,899,446,0.4961067853170189,625,0.5344,274,0.40875912408759124,235,0.5555555555555556,0.49646643109540634,-0.0038932146829810943,-0.059448770238536675,-0.0003596457783874296,-0.0009939380082728427,-0.0002570561924836179,0.9691397951716163
PNC,EQUITY,20,897,451,0.5027870680044593,623,0.5634028892455859,274,0.36496350364963503,235,0.5812720848056537,0.4796819787985866,0.00278706800445927,-0.07848501680119446,0.023105089205872675,-0.0013799114523372915,0.0008699434536756367,0.9436132254901874
PNR,EQUITY,5,909,482,0.5302530253025303,554,0.555956678700361,355,0.49014084507042255,226,0.5383259911894274,0.5030891438658429,0.030253025302530268,-0.008072965886897099,0.027163881436687354,0.0003554369453711909,0.0025272678903962564,0.9060422011893217
PNR,EQUITY,10,908,458,0.5044052863436124,554,0.5433212996389891,354,0.4435028248587571,226,0.5396825396825397,0.5008833922261484,0.004405286343612369,-0.035277253338927284,0.003521894117463953,-0.001164479286632456,0.0008272693533455389,0.9322881504555597
PNR,EQUITY,20,906,466,0.5143487858719646,554,0.5505415162454874,352,0.45738636363636365,226,0.5441696113074205,0.4986737400530504,0.014348785871964642,-0.029820825435455833,0.01567504581891427,-0.0010188379745375378,0.002002863512374664,0.913253798931905
PNW,EQUITY,5,887,434,0.48928974069898534,585,0.49572649572649574,302,0.4768211920529801,248,0.5136563876651983,0.4748455428067079,-0.010710259301014657,-0.024366646966212935,0.014444197892277466,-0.0018759034604095832,-0.0004441976679621096,0.8727775085226455
PNW,EQUITY,10,887,428,0.48252536640360766,585,0.5128205128205128,302,0.423841059602649,247,0.5396825396825397,0.5057369814651368,-0.01747463359639234,-0.057157173278931994,-0.023211615061529134,-0.0036578090964615897,-0.0012628920227319984,0.8353752926508364
PNW,EQUITY,20,887,418,0.47125140924464487,585,0.5076923076923077,302,0.40066225165562913,245,0.5556537102473498,0.4818744473916888,-0.02874859075535513,-0.0844023010027049,-0.010623038147043906,-0.008014641452040549,-0.0030998140111593298,0.7630455747054329
PODD,EQUITY,5,746,370,0.4959785522788204,524,0.5057251908396947,222,0.47297297297297297,197,0.5227995758218452,0.476038338658147,-0.004021447721179627,-0.026821023543024847,0.019940213620673386,0.0017565694551259553,0.0,1.1008586738207249
PODD,EQUITY,10,745,386,0.5181208053691275,524,0.5438931297709924,221,0.45701357466063347,197,0.5615711252653928,0.49840595111583424,0.018120805369127524,-0.043450319896265244,0.01971485425329328,0.0014400424501620655,0.0022737022737022716,0.9729851659934552
PODD,EQUITY,20,744,388,0.521505376344086,524,0.549618320610687,220,0.45454545454545453,196,0.5712765957446808,0.5191489361702127,0.021505376344086002,-0.04977121940059481,0.0023564401738732643,-0.0015373012571166969,0.0055034304046173155,0.8884696114346059
PPG,EQUITY,5,898,457,0.5089086859688196,581,0.5215146299483648,317,0.48580441640378547,237,0.5268722466960353,0.4986784140969163,0.008908685968819552,-0.01796356072721572,0.01023027187190323,0.0001340310284382187,0.0006454279542468244,0.9747517392816906
PPG,EQUITY,10,898,452,0.5033407572383074,581,0.5335628227194492,317,0.4479495268138801,236,0.5432098765432098,0.48455428067078554,0.0033407572383074013,-0.039869119304902445,0.01878647656752186,-0.00014470761992636986,0.0006582864689622103,0.9792900595962641
PPG,EQUITY,20,897,460,0.5128205128205128,580,0.55,317,0.444794952681388,235,0.5432862190812721,0.5079505300353356,0.012820512820512775,-0.030465706260759284,0.0048699827851771404,-0.002281342111311166,0.0016760627761693847,0.8729973003864858
PPL,EQUITY,5,896,415,0.46316964285714285,552,0.4927536231884058,344,0.41569767441860467,239,0.518942731277533,0.4539823008849557,-0.03683035714285715,-0.05577308842039014,0.009187341972187124,-0.0013598422924218146,-0.001974334517493681,1.0247245715166473
PPL,EQUITY,10,895,410,0.4581005586592179,552,0.4963768115942029,343,0.3965014577259475,239,0.5440917107583775,0.46944198405668736,-0.041899441340782106,-0.08599115209915958,-0.011341425397469462,-0.0031363298361240426,-0.003252513305736282,0.951873059890778
PPL,EQUITY,20,893,409,0.458006718924972,552,0.5126811594202898,341,0.36950146627565983,239,0.5644876325088339,0.484526967285588,-0.04199328107502798,-0.10648091358386191,-0.02652024836061595,-0.006009849660787361,-0.0046889653016567445,0.8842356426579034
PRU,EQUITY,5,909,457,0.5027502750275028,589,0.5382003395585738,320,0.4375,226,0.5533039647577093,0.4766107678729038,0.002750275027502802,-0.050553689730206464,0.026139507154599007,-0.0001246090643429404,0.0002311337108515943,0.9819095345317872
PRU,EQUITY,10,908,439,0.4834801762114537,588,0.5289115646258503,320,0.4,226,0.5670194003527337,0.49514563106796117,-0.016519823788546273,-0.08353922414127996,-0.01166545485650744,-0.0029622335840531607,-0.00220929985186763,0.9415032532218932
PRU,EQUITY,20,906,434,0.47902869757174393,586,0.5221843003412969,320,0.4,226,0.5697879858657244,0.47833775419982316,-0.020971302428256067,-0.0907592882939805,0.0006909433719207714,-0.008039975651964392,-0.0033860841855485324,0.8579162723940275
PSA,EQUITY,5,896,472,0.5267857142857143,600,0.5466666666666666,296,0.4864864864864865,239,0.5453744493392071,0.47400881057268723,0.0267857142857143,-0.01858873505349279,0.05277690371302707,1.4291297274772613e-05,0.001776091735527563,0.8993191863446458
PSA,EQUITY,10,895,474,0.529608938547486,599,0.5592654424040067,296,0.46959459459459457,239,0.5520282186948854,0.4880847308031774,0.02960893854748603,-0.022419280147399356,0.04152420774430865,0.00019422281354833734,0.0018992493443068525,0.8979656190167689
PSA,EQUITY,20,893,465,0.5207166853303471,597,0.5561139028475712,296,0.44932432432432434,239,0.5618374558303887,0.48586572438162545,0.020716685330347095,-0.04112077050004159,0.03485096094872164,-0.00036049520074277273,0.003603603603603567,0.9072990374077786
PSX,EQUITY,5,526,274,0.5209125475285171,345,0.5565217391304348,181,0.4530386740331492,158,0.5467836257309941,0.527086383601757,0.020912547528517123,-0.025871078202477027,-0.006173836073239847,0.0004177626474764774,0.0012021335618113138,0.9431339254359369
PSX,EQUITY,10,525,251,0.4780952380952381,344,0.5087209302325582,181,0.4198895027624309,158,0.5344070278184481,0.49487554904831627,-0.021904761904761927,-0.05631178972320999,-0.016780310953078192,-0.0025811379606936733,-0.0022274633123688936,0.9830415734651206
PSX,EQUITY,20,523,260,0.497131931166348,342,0.5292397660818714,181,0.43646408839779005,158,0.5565345080763583,0.5168869309838473,-0.002868068833651982,-0.059402576910010274,-0.019754999817499286,-0.005346025244656729,-0.0001186943620178349,0.8736432229462651
PTC,EQUITY,5,481,266,0.553014553014553,327,0.5749235474006116,154,0.5064935064935064,120,0.5574043261231281,0.4908485856905158,0.053014553014553045,-0.0043897731085750236,0.06216596732403723,0.0018856386198586414,0.005124860231084605,0.9053929187685741
PTC,EQUITY,10,481,266,0.553014553014553,327,0.5902140672782875,154,0.474025974025974,119,0.5666666666666667,0.5166666666666667,0.053014553014553045,-0.013652113652113607,0.03634788634788633,0.0015384735249377262,0.004641567818463033,0.8638840727590705
PTC,EQUITY,20,481,268,0.5571725571725572,327,0.6207951070336392,154,0.42207792207792205,117,0.6120401337792643,0.5234113712374582,0.057172557172557203,-0.05486757660670705,0.033761185935099025,0.0002482955915131552,0.009692270414344506,0.8004679752416096
PWR,EQUITY,5,899,460,0.5116796440489433,671,0.5409836065573771,228,0.42543859649122806,236,0.5541850220264317,0.501323918799647,0.011679644048943283,-0.042505377977488434,0.010355725249296288,0.0008728487957808461,0.0015889830508473146,1.0007852837310025
PWR,EQUITY,10,898,462,0.5144766146993318,670,0.5537313432835821,228,0.3991228070175439,236,0.5696649029982364,0.506631299734748,0.014476614699331813,-0.05518828829890454,0.00784531496458385,0.0015761089392044194,0.003357797622651093,1.0028366091019434
PWR,EQUITY,20,897,476,0.5306577480490524,669,0.5919282511210763,228,0.3508771929824561,235,0.6042402826855123,0.5004420866489832,0.030657748049052413,-0.07358253463645992,0.03021566140006926,0.003859462155633398,0.006242197253433224,0.9812715270321759
PYPL,EQUITY,5,422,234,0.5545023696682464,248,0.5685483870967742,174,0.5344827586206896,95,0.5299806576402321,0.5096899224806202,0.0545023696682464,0.024521712028014342,0.044812447187626225,0.001427688138274685,0.005141166650846907,0.8669355830007561
PYPL,EQUITY,10,421,236,0.5605700712589073,247,0.6072874493927125,174,0.4942528735632184,95,0.5678294573643411,0.5193798449612403,0.06057007125890734,-0.007259386105433752,0.041190226297667,0.006229938953459177,0.007502679528403,0.9864226174942947
PYPL,EQUITY,20,419,241,0.5751789976133651,245,0.6285714285714286,174,0.5,95,0.5719844357976653,0.5,0.0751789976133651,0.00319456181569977,0.0751789976133651,0.012804038529942524,0.02134067636175896,1.0103365587947075
QCOM,EQUITY,5,900,442,0.4911111111111111,526,0.5209125475285171,374,0.44919786096256686,235,0.5383259911894274,0.4881057268722467,-0.00888888888888889,-0.04721488007831626,0.003005384238864428,-0.000152756897847199,-0.0005365182909083388,1.0265765362948196
QCOM,EQUITY,10,899,446,0.4961067853170189,526,0.5171102661596958,373,0.46648793565683644,235,0.517636684303351,0.49469964664310956,-0.0038932146829810943,-0.021529898986332063,0.0014071386739093472,-0.0010210012657776886,-0.0007771215418090893,0.9718270456690692
QCOM,EQUITY,20,897,437,0.48717948717948717,526,0.5247148288973384,371,0.4339622641509434,235,0.5326855123674912,0.47126436781609193,-0.01282051282051283,-0.04550602518800401,0.015915119363395236,-0.008941787769028509,-0.0014985763524653084,0.8031592012199927
QQQ,ETF,5,625,353,0.5648,543,0.580110497237569,82,0.4634146341463415,120,0.5798657718120805,0.5114093959731544,0.06479999999999997,-0.015065771812080575,0.05339060402684559,0.003641640010076489,0.003295867489224946,1.0971905767874166
QQQ,ETF,10,624,373,0.5977564102564102,542,0.6236162361623616,82,0.4268292682926829,120,0.6330645161290323,0.5470430107526881,0.09775641025641024,-0.03530810587262201,0.05071339950372211,0.006038297707802351,0.006508947790172637,1.029310357481255
QQQ,ETF,20,623,392,0.6292134831460674,541,0.6635859519408502,82,0.4024390243902439,119,0.6698113207547169,0.5681511470985156,0.1292134831460674,-0.040597837608649545,0.061062336047551846,0.008664613281733454,0.014113203796650708,0.90058303427624
QQQM,ETF,5,199,112,0.5628140703517588,150,0.5666666666666667,49,0.5510204081632653,44,0.5432098765432098,0.49794238683127573,0.06281407035175879,0.019604193808548942,0.06487168352048306,0.0026719886688397715,0.005859253256872199,0.9761080956308918
QQQM,ETF,10,198,115,0.5808080808080808,149,0.6040268456375839,49,0.5102040816326531,44,0.5826446280991735,0.5247933884297521,0.08080808080808077,-0.0018365472910927272,0.05601469237832868,0.004618967991494111,0.006899548542896317,0.9663385571813449
QQQM,ETF,20,197,125,0.6345177664974619,148,0.6824324324324325,49,0.4897959183673469,43,0.6208333333333333,0.5916666666666667,0.13451776649746194,0.013684433164128595,0.04285109983079527,0.007053824485845716,0.01357220412595006,0.7784595233615574
QUAL,ETF,5,525,296,0.5638095238095238,448,0.5803571428571429,77,0.4675324675324675,96,0.5748792270531401,0.5201938610662359,0.06380952380952376,-0.011069703243616336,0.043615662743287875,0.0007887756660151235,0.0022550456646748263,0.8524294752437493
QUAL,ETF,10,524,307,0.5858778625954199,447,0.6152125279642058,77,0.4155844155844156,96,0.6258064516129033,0.5541195476575121,0.08587786259541985,-0.03992858901748342,0.031758314937907706,0.0016906087292523663,0.005081562854664323,0.8232955125212478
QUAL,ETF,20,522,320,0.6130268199233716,445,0.6629213483146067,77,0.3246753246753247,96,0.6796116504854369,0.5388349514563107,0.1130268199233716,-0.06658483056206532,0.07419186846706094,0.0016122295554951988,0.01020952234447281,0.6964978050956767
RCL,EQUITY,5,901,465,0.516093229744728,560,0.5392857142857143,341,0.4780058651026393,234,0.5321585903083701,0.49867608120035306,0.016093229744728044,-0.01606536056364205,0.017417148544374983,0.0010994743862773053,0.0019765015921819895,0.9823654578103314
RCL,EQUITY,10,900,471,0.5233333333333333,559,0.5635062611806798,341,0.4574780058651026,234,0.5502645502645502,0.5300353356890459,0.023333333333333317,-0.026931216931216917,-0.006702002355712611,0.00043213522547743045,0.00313174951259948,0.9227069257715745
RCL,EQUITY,20,898,458,0.5100222717149221,557,0.5547576301615799,341,0.436950146627566,234,0.5530035335689046,0.4902654867256637,0.010022271714922093,-0.042981261853982544,0.01975678498925837,-0.002928449382750645,0.003148085771234488,0.9061810129918276
REG,EQUITY,5,904,442,0.4889380530973451,552,0.5054347826086957,352,0.4630681818181818,231,0.5224669603524229,0.4739168877099912,-0.011061946902654884,-0.03352890725507779,0.01502116538735393,-0.001010960568366088,-0.0008410968556866183,0.9759463516907916
REG,EQUITY,10,904,448,0.49557522123893805,552,0.532608695652174,352,0.4375,230,0.54673721340388,0.48717948717948717,-0.004424778761061954,-0.051161992164941994,0.008395734059450877,-0.0024816999702198888,-0.0003043725191705926,0.9021750350179594
REG,EQUITY,20,903,431,0.47729789590254706,551,0.5117967332123412,352,0.42329545454545453,229,0.5415194346289752,0.48849557522123893,-0.022702104097452935,-0.06422153872642816,-0.011197679318691867,-0.0067158276444705045,-0.003862068965517218,0.8639544431762535
REGN,EQUITY,5,891,463,0.5196408529741863,591,0.5346869712351946,300,0.49,244,0.5295154185022026,0.4964726631393298,0.019640852974186274,-0.009874565528016355,0.023168189834856467,0.0012800634698005115,0.00169848668667405,0.9786712252752581
REGN,EQUITY,10,890,453,0.5089887640449439,590,0.5406779661016949,300,0.44666666666666666,244,0.5379188712522046,0.5017636684303352,0.008988764044943864,-0.028930107207260747,0.007225095614608712,-0.0004116770980344989,0.002611906714787282,0.9524237680981067
REGN,EQUITY,20,888,458,0.5157657657657657,588,0.5544217687074829,300,0.44,244,0.5680212014134276,0.5251989389920424,0.015765765765765716,-0.052255435647661885,-0.009433173226276681,0.0004247118798415615,0.003822238261203259,0.9476354172783972
RF,EQUITY,5,885,440,0.4971751412429379,536,0.5130597014925373,349,0.47277936962750716,250,0.520704845814978,0.4906832298136646,-0.002824858757062121,-0.023529704572040122,0.0064919114292733004,-0.0006950165056277884,0.0,0.9779661119757188
RF,EQUITY,10,884,418,0.47285067873303166,535,0.4897196261682243,349,0.4469914040114613,250,0.5229276895943563,0.4955595026642984,-0.02714932126696834,-0.050077010861324656,-0.02270882393126672,-0.0009441727065202774,-0.002695540188796808,1.078636765152182
RF,EQUITY,20,882,426,0.48299319727891155,533,0.5121951219512195,349,0.4383954154727794,250,0.5441696113074205,0.4969053934571176,-0.017006802721088454,-0.06117641402850893,-0.013912196178206049,-0.005047374135613322,-0.0034433356387708614,0.9475536520947971
RJF,EQUITY,5,918,473,0.5152505446623094,679,0.5375552282768777,239,0.45188284518828453,217,0.5533039647577093,0.5154457193292145,0.015250544662309351,-0.038053420095399915,-0.00019517466690510687,-0.0013732616610744716,0.0012567853971010567,0.8665798423112897
RJF,EQUITY,10,917,447,0.48745910577971646,678,0.5339233038348082,239,0.35564853556485354,217,0.5617283950617284,0.5048629531388152,-0.012540894220283538,-0.07426928928201199,-0.01740384735909878,-0.003486929932536431,-0.0026342712261470114,0.9086918025822565
RJF,EQUITY,20,915,458,0.5005464480874317,676,0.5665680473372781,239,0.3138075313807531,217,0.6024734982332155,0.4902826855123675,0.0005464480874316502,-0.10192705014578385,0.010263762575064173,-0.006585086125770253,0.000341492347233574,0.8169123909272737
RKLB,EQUITY,5,160,81,0.50625,105,0.5142857142857142,55,0.4909090909090909,38,0.51010101010101,0.4898989898989899,0.006249999999999978,-0.0038510101010100772,0.01635101010101009,0.01515451163634054,0.0016927361743888092,1.416887173615198
RKLB,EQUITY,10,159,82,0.5157232704402516,104,0.5384615384615384,55,0.4727272727272727,38,0.5380710659898477,0.5431472081218274,0.01572327044025157,-0.022347795549596094,-0.027423937681575805,0.02842564076013627,0.007698541329011377,1.443338825479831
RKLB,EQUITY,20,158,84,0.5316455696202531,104,0.6057692307692307,54,0.3888888888888889,37,0.6102564102564103,0.5670103092783505,0.03164556962025311,-0.0786108406361572,-0.03536473965809739,0.06420210110889434,0.032761408096242506,1.647718702151733
RL,EQUITY,5,900,455,0.5055555555555555,573,0.5270506108202443,327,0.46788990825688076,235,0.5251101321585903,0.5180935569285083,0.005555555555555536,-0.019554576603034723,-0.0125380013729528,-0.00026266045008237085,0.0005334922223160787,0.9639546964878605
RL,EQUITY,10,899,447,0.4972191323692992,572,0.5384615384615384,327,0.42507645259938837,235,0.5370370370370371,0.4973544973544973,-0.0027808676307007896,-0.03981790466773788,-0.00013536498519811646,-0.0012330767814586305,-0.0003909304143863146,0.9642936909007569
RL,EQUITY,20,897,449,0.5005574136008919,570,0.5473684210526316,327,0.41896024464831805,235,0.5565371024734982,0.48099027409372236,0.0005574136008918984,-0.05597968887260629,0.01956713950716954,-0.0035620864114288826,0.00018580453363048477,0.9046580218785316
RMD,EQUITY,5,906,455,0.5022075055187638,642,0.5327102803738317,264,0.42803030303030304,229,0.5436123348017621,0.46850044365572313,0.002207505518763808,-0.04140482928299827,0.03370706186304068,-0.0003860225233913663,0.00013830799551806106,0.9652446073832739
RMD,EQUITY,10,905,458,0.5060773480662983,641,0.5304212168486739,264,0.44696969696969696,229,0.5440917107583775,0.49646643109540634,0.006077348066298338,-0.03801436269207914,0.009610916970892003,-0.00037765869700969416,0.0014407624958439058,0.9584576648979116
RMD,EQUITY,20,905,466,0.5149171270718232,641,0.5647425897035881,264,0.3939393939393939,227,0.5821554770318021,0.49248452696728556,0.014917127071823244,-0.0672383499599789,0.02243260010453768,-0.0018377954012069608,0.00200534759358284,0.8867319109103785
ROK,EQUITY,5,907,471,0.5192943770672547,631,0.5435816164817749,276,0.463768115942029,228,0.5418502202643172,0.4766107678729038,0.019294377067254675,-0.022555843197062497,0.04268360919435088,0.0010003274295636343,0.0016301394674878011,0.986863470374551
ROK,EQUITY,10,907,473,0.5214994487320838,631,0.5562599049128367,276,0.4420289855072464,227,0.5537918871252204,0.527336860670194,0.02149944873208376,-0.03229243839313667,-0.005837411938110271,0.002306062615902316,0.00241837968561065,1.0191418536121293
ROK,EQUITY,20,906,487,0.5375275938189845,630,0.5904761904761905,276,0.4166666666666667,226,0.5724381625441696,0.5070671378091873,0.03752759381898452,-0.034910568725185054,0.030460456009797188,0.0014805775838456112,0.0068037703513281755,0.9007277167265829
ROL,EQUITY,5,903,463,0.512735326688815,722,0.5429362880886427,181,0.39226519337016574,232,0.547136563876652,0.502210433244916,0.012735326688815052,-0.03440123718783694,0.010524893443899064,-0.0010241149025046125,0.0008665129462908094,0.8755981581826544
ROL,EQUITY,10,902,461,0.5110864745011087,722,0.5443213296398892,180,0.37777777777777777,232,0.5608465608465608,0.4960212201591512,0.011086474501108667,-0.04976008634545215,0.01506525434195749,-0.001698014500376176,0.0010813788546810699,0.8705128666796242
ROL,EQUITY,20,900,455,0.5055555555555555,722,0.5470914127423823,178,0.33707865168539325,232,0.5830388692579506,0.4535809018567639,0.005555555555555536,-0.07748331370239503,0.05197465369879162,-0.0023668212470114177,0.0009945868627863064,0.891350828157685
ROP,EQUITY,5,938,488,0.5202558635394456,744,0.5416666666666666,194,0.4381443298969072,197,0.5541850220264317,0.501323918799647,0.02025586353944564,-0.03392915848698608,0.018931944739798645,-0.0008350020121338584,0.0010363846579114488,0.8589695222349676
ROP,EQUITY,10,937,471,0.5026680896478122,743,0.5289367429340511,194,0.4020618556701031,197,0.5617283950617284,0.4929453262786596,0.0026680896478121774,-0.05906030541391627,0.009722763369152565,-0.0011527182652072017,0.00026422406200454773,0.9217611905058399
ROP,EQUITY,20,935,475,0.5080213903743316,741,0.543859649122807,194,0.3711340206185567,197,0.5759717314487632,0.48629531388152075,0.008021390374331583,-0.06795034107443165,0.02172607649281083,-0.0002880153984253856,0.0012065556188625148,0.9563265921948108
ROST,EQUITY,5,938,499,0.5319829424307037,705,0.5631205673758866,233,0.43776824034334766,197,0.5506607929515418,0.4656084656084656,0.031982942430703654,-0.018677850520838146,0.06637447682223807,0.00010289412236809873,0.0025759514668941552,0.8863214751873756
ROST,EQUITY,10,937,516,0.5506937033084311,704,0.5809659090909091,233,0.4592274678111588,197,0.5714285714285714,0.5141342756183745,0.05069370330843115,-0.02073486812014025,0.0365594276900566,0.0012633984900442545,0.004593860931300764,0.8711185897699656
ROST,EQUITY,20,935,506,0.5411764705882353,702,0.5854700854700855,233,0.40772532188841204,197,0.5874558303886925,0.5114840989399293,0.04117647058823526,-0.046279359800457276,0.02969237164830596,0.001977726938342483,0.008791981712678032,0.9078516864991376
RSG,EQUITY,5,921,486,0.5276872964169381,742,0.5566037735849056,179,0.40782122905027934,214,0.5629955947136563,0.5053003533568905,0.027687296416938123,-0.03530829829671822,0.022386943060047626,-0.00017678880093009562,0.0016097504886742886,0.8792456854633388
RSG,EQUITY,10,921,489,0.5309446254071661,742,0.5714285714285714,179,0.36312849162011174,213,0.5846560846560847,0.5048543689320388,0.030944625407166138,-0.053711459248918514,0.026090256475127305,-0.00025244308031528305,0.002784545770970981,0.867521209884502
RSG,EQUITY,20,920,486,0.5282608695652173,742,0.5876010781671159,178,0.2808988764044944,212,0.6086572438162544,0.49689991142604073,0.02826086956521734,-0.08039637425103707,0.03136095813917661,-0.0011351311899720075,0.0042004954403574435,0.8429061628682162
RSP,ETF,5,950,534,0.5621052631578948,760,0.5815789473684211,190,0.4842105263157895,185,0.5700440528634361,0.495583038869258,0.062105263157894774,-0.007938789705541294,0.0665222242886368,0.0009830950949278009,0.0023365565974355906,0.8705553108136712
RSP,ETF,10,949,533,0.5616438356164384,759,0.5942028985507246,190,0.43157894736842106,185,0.5961199294532628,0.5392762577228597,0.06164383561643838,-0.03447609383682437,0.022367577893578683,0.001926813943031761,0.003915426781519349,0.9141852649979559
RSP,ETF,20,947,549,0.5797254487856388,757,0.6287978863936592,190,0.38421052631578945,185,0.6333922261484098,0.5145888594164456,0.07972544878563881,-0.053666777362771034,0.0651365893691932,0.00167993540325268,0.007549759780370646,0.7964183852374908
RTX,EQUITY,5,207,105,0.5072463768115942,171,0.52046783625731,36,0.4444444444444444,64,0.5239852398523985,0.4612546125461255,0.007246376811594235,-0.016738863040804297,0.04599176426546875,0.00047222260762007167,0.0008236666895462541,1.006319342412541
RTX,EQUITY,10,206,108,0.5242718446601942,170,0.5647058823529412,36,0.3333333333333333,64,0.5740740740740741,0.48698884758364314,0.024271844660194164,-0.049802229413879906,0.03728299707655103,0.003955098677373993,0.002857671082829971,1.1277490074304797
RTX,EQUITY,20,204,109,0.5343137254901961,168,0.5892857142857143,36,0.2777777777777778,64,0.6231343283582089,0.5186567164179104,0.03431372549019607,-0.08882060286801285,0.01565700907228562,0.007781668395102991,0.007533584287603534,1.17526291040096
RVTY,EQUITY,5,79,37,0.46835443037974683,36,0.5,43,0.4418604651162791,29,0.5370370370370371,0.5092592592592593,-0.03164556962025317,-0.06868260665729026,-0.04090482887951247,-0.005972301814135308,-0.0027552953332183883,0.8246504396427331
RVTY,EQUITY,10,78,36,0.46153846153846156,35,0.45714285714285713,43,0.46511627906976744,29,0.514018691588785,0.411214953271028,-0.038461538461538436,-0.05248023005032343,0.05032350826743354,-0.00905997747542701,-0.015283936743329007,0.8115177772625176
RVTY,EQUITY,20,76,32,0.42105263157894735,33,0.42424242424242425,43,0.4186046511627907,29,0.5142857142857142,0.4380952380952381,-0.07894736842105265,-0.09323308270676689,-0.017042606516290748,-0.01112843685719799,-0.00858486656173263,0.9870242706847906
SBAC,EQUITY,5,916,486,0.5305676855895196,659,0.543247344461305,257,0.4980544747081712,219,0.5365638766519824,0.49382716049382713,0.03056768558951961,-0.005996191062462741,0.03674052509569248,0.001922494398718304,0.0022387948214127595,0.9986460640779539
SBAC,EQUITY,10,915,488,0.5333333333333333,659,0.5508345978755691,256,0.48828125,219,0.5493827160493827,0.4929453262786596,0.033333333333333326,-0.016049382716049387,0.040388007054673714,0.00408789210617604,0.0050397151465351175,1.0506161929422118
SBAC,EQUITY,20,913,511,0.5596933187294633,659,0.5887708649468892,254,0.484251968503937,219,0.5671378091872792,0.4933569530558016,0.05969331872946326,-0.007444490457815922,0.06633636567366169,0.008991077580130772,0.010357142857142732,1.0614880187678448
SBUX,EQUITY,5,936,485,0.5181623931623932,609,0.548440065681445,327,0.4617737003058104,199,0.5321585903083701,0.46954986760812,0.01816239316239321,-0.013996197145976885,0.0486125255542732,0.0009527482830440916,0.0015651372754967863,0.991610064885223
SBUX,EQUITY,10,935,500,0.5347593582887701,608,0.5723684210526315,327,0.4648318042813456,199,0.5476190476190477,0.5070671378091873,0.03475935828877008,-0.01285968933027759,0.027692220479582752,0.003384460086899253,0.004931360789017791,1.0277934931920547
SBUX,EQUITY,20,933,522,0.5594855305466238,606,0.5973597359735974,327,0.4892966360856269,199,0.5521201413427562,0.5432862190812721,0.059485530546623755,0.007365389203867534,0.016199311465351696,0.007149911504146809,0.009728978457261839,1.0093880904077523
SCHB,ETF,5,698,394,0.5644699140401146,599,0.5792988313856428,99,0.47474747474747475,116,0.5712530712530712,0.504950495049505,0.0644699140401146,-0.006783157212956636,0.05951941899060964,0.0010221358768730579,0.0025508630880394234,0.8784558643637155
SCHB,ETF,10,697,401,0.5753228120516499,598,0.6053511705685619,99,0.3939393939393939,116,0.6125461254612546,0.5524044389642416,0.07532281205164992,-0.03722331340960472,0.022918373087408295,0.001590640016180624,0.004624654358404534,0.8567459948319174
SCHB,ETF,20,695,421,0.6057553956834533,596,0.6510067114093959,99,0.3333333333333333,116,0.6633785450061652,0.5462392108508015,0.10575539568345327,-0.05762314932271195,0.05951618483265175,0.0013760037910312951,0.009397473275024382,0.7082950880539982
SCHD,ETF,5,568,313,0.551056338028169,467,0.582441113490364,101,0.40594059405940597,143,0.5850914205344585,0.5105782792665726,0.051056338028169,-0.034035082506289505,0.04047805876159638,0.00030600368914467514,0.002292931099411588,0.8490906629414656
SCHD,ETF,10,567,304,0.5361552028218695,466,0.572961373390558,101,0.36633663366336633,143,0.6,0.5134370579915134,0.03615520282186946,-0.06384479717813052,0.022718144830356057,0.0005772668548564717,0.0020483862038420675,0.9156490235298087
SCHD,ETF,20,565,299,0.5292035398230088,464,0.5797413793103449,101,0.297029702970297,143,0.6200564971751412,0.4823196605374823,0.02920353982300883,-0.09085295735213239,0.04688387928552651,-0.0009338284451114772,0.0022537357539333946,0.8359500452604232
SCHW,EQUITY,5,813,405,0.4981549815498155,542,0.5092250922509225,271,0.47601476014760147,202,0.5251231527093596,0.5029585798816568,-0.0018450184501844769,-0.026968171159544085,-0.004803598331841297,-0.0008135775688645005,-0.0004610419548179978,0.959560980240667
SCHW,EQUITY,10,812,418,0.5147783251231527,541,0.5452865064695009,271,0.45387453874538747,202,0.5571992110453649,0.5098814229249012,0.014778325123152691,-0.04242088592221216,0.0048969021982514516,-0.0022052209391492925,0.0021125418422979214,0.8599084231008827
SCHW,EQUITY,20,810,402,0.4962962962962963,539,0.5287569573283859,271,0.4317343173431734,202,0.5632411067193676,0.5069306930693069,-0.003703703703703709,-0.06694481042307127,-0.010634396773010646,-0.00643713292253456,-9.879470460383288e-05,0.8392232823674157
SHOP,EQUITY,5,418,225,0.5382775119617225,321,0.557632398753894,97,0.4742268041237113,107,0.5485714285714286,0.4723809523809524,0.038277511961722466,-0.010293916609706133,0.06589655958077006,0.00318374329348754,0.006544734418658549,0.949825009804575
SHOP,EQUITY,10,417,222,0.5323741007194245,320,0.584375,97,0.36082474226804123,107,0.5896946564885496,0.5038167938931297,0.03237410071942448,-0.05732055576912509,0.02855730682629476,0.005238035330479519,0.01209845640383822,0.9888152243183522
SHOP,EQUITY,20,415,244,0.5879518072289157,318,0.6540880503144654,97,0.3711340206185567,107,0.6379310344827587,0.5,0.08795180722891571,-0.04997922725384296,0.08795180722891571,0.014013738846718284,0.03770334928229668,0.8646193276691303
SHW,EQUITY,5,921,490,0.5320304017372421,694,0.5576368876080692,227,0.45374449339207046,214,0.5524229074889868,0.479295154185022,0.03203040173724214,-0.02039250575174467,0.052735247552220144,0.00013248489358461777,0.001735106998264957,0.8888270439013718
SHW,EQUITY,10,920,500,0.5434782608695652,693,0.5757575757575758,227,0.44493392070484583,214,0.5758377425044092,0.5149911816578483,0.04347826086956519,-0.032359481634844034,0.028487079211716893,0.00026616091701878864,0.004187017074902266,0.8525848799100276
SHW,EQUITY,20,918,500,0.5446623093681917,691,0.5832127351664255,227,0.42731277533039647,214,0.5821554770318021,0.511504424778761,0.04466230936819171,-0.03749316766361044,0.0331578845894307,0.0014599131705358413,0.008235246795476936,0.8836002172011423
SHY,ETF,5,904,420,0.4646017699115044,471,0.46496815286624205,433,0.46420323325635104,231,0.4986784140969163,0.45128676470588236,-0.035398230088495575,-0.0340766441854119,0.013315005205622066,3.1368024100514385e-05,-8.757901476652563e-05,1.2029318671686782
SHY,ETF,10,903,443,0.49058693244739754,471,0.4734607218683652,432,0.5092592592592593,231,0.47619047619047616,0.45479204339963836,-0.009413067552602461,0.014396456256921375,0.03579488904775918,0.00012931190325280324,0.0,1.180750019464486
SHY,ETF,20,902,437,0.4844789356984479,471,0.45222929936305734,431,0.5197215777262181,230,0.4540636042402827,0.4786944696282865,-0.01552106430155209,0.030415331458165218,0.00578446607016142,0.0003783524865108191,0.0,1.4043141285573695
SJM,EQUITY,5,873,420,0.48109965635738833,529,0.5066162570888468,344,0.4418604651162791,262,0.5321585903083701,0.47442680776014107,-0.018900343642611672,-0.051058933950981766,0.006672848597247261,-0.0011758751811051212,-0.00101825017623558,0.9718644323890353
SJM,EQUITY,10,872,437,0.5011467889908257,528,0.5151515151515151,344,0.4796511627906977,262,0.5299823633156967,0.49867608120035306,0.0011467889908256534,-0.02883557432487105,0.0024707077904725927,-0.0018073182239973153,0.00019297273525842318,0.884322556418684
SJM,EQUITY,20,870,442,0.5080459770114942,526,0.5380228136882129,344,0.4622093023255814,262,0.549469964664311,0.4986737400530504,0.008045977011494232,-0.04142398765281674,0.009372236958443858,-0.0029931465313051114,0.0010221142972386965,0.8414984952927217
SKYY,ETF,5,611,343,0.5613747954173486,492,0.5833333333333334,119,0.47058823529411764,116,0.5667125171939478,0.5172890733056709,0.06137479541734858,-0.005337721776599191,0.044085722111677716,0.00260029121251632,0.003401360544217802,0.9656363139837693
SKYY,ETF,10,610,341,0.559016393442623,491,0.5906313645621182,119,0.42857142857142855,116,0.5881542699724518,0.5013774104683195,0.059016393442622994,-0.0291378765298288,0.057638982974303477,0.004450586733746572,0.00702998883202921,1.0212884716084671
SKYY,ETF,20,608,360,0.5921052631578947,489,0.6441717791411042,119,0.37815126050420167,116,0.6408839779005525,0.5159059474412172,0.09210526315789469,-0.048778714742657825,0.07619931571667748,0.006378013082225319,0.01109263920000525,0.8900955386184306
SLB,EQUITY,5,875,423,0.48342857142857143,475,0.4968421052631579,400,0.4675,260,0.5048458149779735,0.4907161803713528,-0.01657142857142857,-0.02141724354940211,-0.007287608942781354,-0.000468912120490236,-0.0017353579175705125,1.0429148777046848
SLB,EQUITY,10,874,432,0.494279176201373,474,0.5253164556962026,400,0.4575,260,0.5194003527336861,0.4929453262786596,-0.005720823798626984,-0.025121176532313105,0.0013338499227134037,-0.0010977186097954055,-0.0008106597745233257,0.9836080842647361
SLB,EQUITY,20,872,412,0.4724770642201835,472,0.4936440677966102,400,0.4475,260,0.519434628975265,0.48717948717948717,-0.027522935779816515,-0.04695756475508156,-0.014702422959303685,-0.0030501356044751442,-0.006607722525970361,1.0328011022310544
SLV,ETF,5,786,383,0.4872773536895674,426,0.5093896713615024,360,0.46111111111111114,211,0.5255767301905717,0.5091093117408907,-0.012722646310432573,-0.03829937650100429,-0.021831958051323264,-0.00022679086021306253,-0.000314838396485162,1.037807300474415
SLV,ETF,10,785,372,0.47388535031847134,425,0.4894117647058824,360,0.45555555555555555,211,0.5100401606425703,0.4803229061553986,-0.026114649681528657,-0.03615481032409895,-0.006437555836927233,-0.0019326594627716875,-0.0030120481927708997,1.0259010909625899
SLV,ETF,20,784,375,0.47831632653061223,425,0.5011764705882353,359,0.45125348189415043,210,0.528169014084507,0.48993963782696176,-0.021683673469387765,-0.04985268755389477,-0.011623311296349526,-0.0016173583397425073,-0.004609811615621184,1.0424467325644904
SMCI,EQUITY,5,638,314,0.49216300940438873,388,0.5128865979381443,250,0.46,178,0.5220588235294118,0.5061425061425061,-0.00783699059561127,-0.029895814125023068,-0.01397949673811738,-0.003425809907801399,-0.0002962404303926691,0.9244041208401775
SMCI,EQUITY,10,637,313,0.4913657770800628,387,0.5452196382428941,250,0.408,178,0.5411042944785276,0.4870530209617756,-0.008634222919937207,-0.0497385173984648,0.0043127561182871865,-0.005063855228792555,-0.001429933269780581,0.9283960735875924
SMCI,EQUITY,20,636,318,0.5,387,0.5503875968992248,249,0.42168674698795183,177,0.5571955719557196,0.5290482076637825,0.0,-0.05719557195571956,-0.029048207663782466,-0.004018791952639521,0.00023386342376047198,0.9435209626893628
SMH,ETF,5,596,339,0.5687919463087249,511,0.5870841487279843,85,0.4588235294117647,106,0.5883190883190883,0.5150214592274678,0.06879194630872487,-0.01952714201036343,0.05377048708125709,0.0031107203440613844,0.004857005096739697,0.9385779896085797
SMH,ETF,10,595,344,0.5781512605042017,510,0.5980392156862745,85,0.4588235294117647,106,0.6005706134094151,0.525035765379113,0.07815126050420174,-0.022419352905213352,0.05311549512508873,0.005842760311892135,0.008199622463425982,0.9803020625777376
SMH,ETF,20,595,365,0.6134453781512605,510,0.6470588235294118,85,0.4117647058823529,104,0.6566523605150214,0.530758226037196,0.11344537815126055,-0.04320698236376086,0.08268715211406452,0.011570826227912964,0.019005547565235315,0.9301925501112425
SNA,EQUITY,5,921,468,0.50814332247557,702,0.5313390313390314,219,0.4337899543378995,214,0.5418502202643172,0.4845814977973568,0.008143322475570036,-0.03370689778874714,0.023561824678213217,-0.0009758670664808665,0.0006478972788312998,0.8996581686223731
SNA,EQUITY,10,920,457,0.4967391304347826,701,0.5306704707560628,219,0.3881278538812785,214,0.5537918871252204,0.47396293027360986,-0.0032608695652173725,-0.0570527566904378,0.022776200161172766,-0.002134632532698113,-0.00022502015836733946,0.9058318667522236
SNA,EQUITY,20,918,475,0.5174291938997821,699,0.5608011444921316,219,0.3789954337899543,214,0.5812720848056537,0.4902826855123675,0.017429193899782147,-0.06384289090587159,0.02714650838741467,-0.002693646361563479,0.002654166013578596,0.8432532921795861
SNDK,EQUITY,5,15,8,0.5333333333333333,10,0.5,5,0.6,0,0.4666666666666667,0.26666666666666666,0.033333333333333326,0.06666666666666665,0.26666666666666666,0.02518846658150645,0.002156680358568641,1.2736316906553666
SNDK,EQUITY,10,14,8,0.5714285714285714,9,0.5555555555555556,5,0.6,0,0.5,0.5714285714285714,0.0714285714285714,0.0714285714285714,0.0,0.013413625984836213,0.06941279322205557,0.8546710075028483
SNDK,EQUITY,20,12,6,0.5,9,0.5555555555555556,3,0.3333333333333333,0,0.5833333333333334,0.5,0.0,-0.08333333333333337,0.0,3.565983538615184e-05,-0.036801825309764835,1.0002871189783487
SNPS,EQUITY,5,940,493,0.524468085106383,708,0.5466101694915254,232,0.45689655172413796,195,0.5524229074889868,0.5230496453900709,0.024468085106382986,-0.027954822382603828,0.0014184397163120588,-0.000653609187430958,0.0018852531725529476,0.8655038830787419
SNPS,EQUITY,10,940,487,0.5180851063829788,708,0.5522598870056498,232,0.41379310344827586,194,0.5758377425044092,0.5110717449069974,0.018085106382978777,-0.057752636121430445,0.007013361475981417,-0.001710810530930587,0.0024249831747299444,0.8536066745892668
SNPS,EQUITY,20,938,487,0.5191897654584222,708,0.5720338983050848,230,0.3565217391304348,194,0.5918727915194346,0.4920494699646643,0.019189765458422214,-0.0726830260610124,0.027140295493757904,-0.0023353519733391157,0.0031620206738538492,0.8552543470582274
SO,EQUITY,5,918,457,0.49782135076252726,637,0.5149136577708007,281,0.45907473309608543,217,0.5348017621145374,0.4632418069087688,-0.0021786492374727406,-0.03698041135201019,0.03457954385375844,-0.0013834888639043272,-0.0,0.8609446855323827
SO,EQUITY,10,918,458,0.4989106753812636,637,0.5353218210361067,281,0.41637010676156583,216,0.5493827160493827,0.5115248226950354,-0.001089324618736398,-0.05047204066811911,-0.012614147313771806,-0.0030032886770754367,0.0,0.7827842637937616
SO,EQUITY,20,917,416,0.4536532170119956,636,0.5157232704402516,281,0.31316725978647686,215,0.5724381625441696,0.4911504424778761,-0.046346782988004376,-0.11878494553217395,-0.03749722546588047,-0.00718779539996056,-0.006034193764666407,0.7958376023982331
SOLV,EQUITY,5,50,22,0.44,35,0.45714285714285713,15,0.4,12,0.5,0.3870967741935484,-0.06,-0.06,0.052903225806451626,-0.0016749831504597147,-0.007630047619787805,1.1629649843561836
SOLV,EQUITY,10,49,26,0.5306122448979592,34,0.5588235294117647,15,0.4666666666666667,12,0.5409836065573771,0.5409836065573771,0.030612244897959218,-0.010371361659417877,-0.010371361659417877,-0.000981982196157969,0.005821311060491219,0.8482293474754319
SOLV,EQUITY,20,47,14,0.2978723404255319,32,0.34375,15,0.2,12,0.4915254237288136,0.4067796610169492,-0.2021276595744681,-0.19365308330328168,-0.10890732059141728,-0.016986976950272282,-0.02239597137556315,1.3676409712268371
SOXX,ETF,5,641,357,0.5569422776911076,526,0.5855513307984791,115,0.4260869565217391,124,0.5856209150326798,0.5071895424836601,0.0569422776911076,-0.028678637341572166,0.049752735207447496,0.0021116723866868256,0.004394323365433328,0.919763520361126
SOXX,ETF,10,640,362,0.565625,525,0.5980952380952381,115,0.41739130434782606,124,0.5981675392670157,0.5366492146596858,0.06562500000000004,-0.03254253926701567,0.028975785340314197,0.0040707568267851265,0.008263978020948803,0.9393787320721867
SOXX,ETF,20,640,375,0.5859375,525,0.6342857142857142,115,0.3652173913043478,122,0.6443569553805775,0.5177398160315374,0.0859375,-0.05841945538057747,0.0681976839684626,0.007737006216164013,0.0127296953387947,0.9159961265907209
SPG,EQUITY,5,896,485,0.5412946428571429,610,0.5655737704918032,286,0.48951048951048953,239,0.5383259911894274,0.4642541924095322,0.041294642857142905,0.0029686516677155383,0.07704045044761071,0.0028227078774225446,0.002523197201729388,1.0151986627526919
SPG,EQUITY,10,896,473,0.5279017857142857,610,0.5721311475409836,286,0.43356643356643354,238,0.5599647266313933,0.5132508833922261,0.0279017857142857,-0.032062940917107596,0.014650902322059567,0.003867793977981091,0.0023520255284102953,1.0664486600407708
SPG,EQUITY,20,894,475,0.5313199105145414,608,0.5657894736842105,286,0.458041958041958,238,0.5574204946996466,0.4849557522123894,0.031319910514541416,-0.02610058418510519,0.046364158302152014,0.0036256656893918033,0.004148188573501688,0.9905246773663778
SPGI,EQUITY,5,398,228,0.5728643216080402,295,0.5966101694915255,103,0.5048543689320388,78,0.5672268907563025,0.5210084033613446,0.07286432160804024,0.005637430851737735,0.051855918246695665,0.0012660346797847449,0.004707643456589916,0.8260392523900701
SPGI,EQUITY,10,397,229,0.5768261964735516,295,0.6135593220338983,102,0.47058823529411764,78,0.5894736842105263,0.5421940928270043,0.0768261964735516,-0.01264748773697466,0.03463210364654734,0.0018400708524253817,0.007916498588140364,0.8115069700766535
SPGI,EQUITY,20,395,219,0.5544303797468354,295,0.6203389830508474,100,0.36,78,0.6131078224101479,0.5116279069767442,0.0544303797468354,-0.05867744266331254,0.04280247277009119,-0.000999099189347561,0.012641061655446428,0.7747634424581892
SPXU,ETF,5,722,417,0.5775623268698061,65,0.4,657,0.5951293759512938,111,0.39135654261704683,0.5060240963855421,0.07756232686980613,0.1862057842527593,0.071538230484264,0.004229532292581742,0.007407902271425848,0.8828501867703724
SPXU,ETF,10,721,453,0.6282940360610264,65,0.3230769230769231,656,0.6585365853658537,111,0.33774038461538464,0.5757211538461539,0.1282940360610264,0.29055365144564177,0.05257288221487255,0.007297016361966462,0.020000000000000018,0.7508262647025971
SPXU,ETF,20,719,467,0.6495132127955494,65,0.16923076923076924,654,0.6972477064220184,111,0.27951807228915665,0.5693606755126659,0.1495132127955494,0.36999514050639276,0.08015253728288352,0.009540391588483143,0.038461538461538436,0.6629160043647447
SPY,ETF,5,963,540,0.5607476635514018,784,0.576530612244898,179,0.49162011173184356,172,0.5691629955947136,0.499558693733451,0.06074766355140182,-0.008415332043311796,0.0611889698179508,0.000926806224103127,0.002186776434268012,0.8768274392209374
SPY,ETF,10,962,553,0.5748440748440748,783,0.6155810983397191,179,0.39664804469273746,172,0.6146384479717814,0.5590828924162258,0.07484407484407485,-0.039794373127706506,0.015761182427849074,0.00174672572023356,0.0042430621613464,0.8653022754188893
SPY,ETF,20,960,585,0.609375,781,0.6581306017925737,179,0.39664804469273746,172,0.6563604240282686,0.5406360424028268,0.109375,-0.04698542402826855,0.06873895759717319,0.002318653894093828,0.00904803650765218,0.7367975631824183
SQQQ,ETF,5,692,400,0.5780346820809249,67,0.417910447761194,625,0.5952,108,0.405,0.5225563909774437,0.0780346820809249,0.17303468208092487,0.055478291103481236,0.006532187086043458,0.013501577287066302,0.9158321766393651
SQQQ,ETF,10,691,428,0.6193921852387844,67,0.3283582089552239,624,0.6506410256410257,108,0.34167709637046306,0.550251256281407,0.11939218523878437,0.2777150888683213,0.06914092895737733,0.01333288024478065,0.027100271002710064,0.8572711767005683
SQQQ,ETF,20,690,444,0.6434782608695652,67,0.22388059701492538,623,0.6886035313001605,107,0.29234629861982436,0.5741206030150754,0.14347826086956517,0.3511319622497408,0.06935765785448977,0.02264725700896772,0.04491912751196059,0.8196646442148982
SRE,EQUITY,5,917,451,0.49182115594329334,668,0.5269461077844312,249,0.39759036144578314,218,0.5453744493392071,0.4514991181657848,-0.008178844056706658,-0.05355329339591375,0.040322037777508535,-0.0014232542151734094,-0.0005318677422214702,0.9092406945741179
SRE,EQUITY,10,916,447,0.48799126637554585,668,0.5329341317365269,248,0.36693548387096775,218,0.5617283950617284,0.4664310954063604,-0.012008733624454149,-0.0737371286861826,0.021560170969185444,-0.0027404503356840172,-0.001077281821832643,0.8690994459788153
SRE,EQUITY,20,914,453,0.49562363238512036,668,0.5568862275449101,246,0.32926829268292684,218,0.5830388692579506,0.4778368794326241,-0.004376367614879639,-0.0874152368728302,0.017786752952496265,-0.0045321859184686755,0.0,0.8203927665162647
STE,EQUITY,5,893,443,0.49608062709966405,670,0.5268656716417911,223,0.40358744394618834,242,0.5462555066079295,0.4730803177405119,-0.003919372900335949,-0.05017487950826549,0.02300030935915215,-0.0013184226147012414,-0.0008444444444444255,0.9196264756472763
STE,EQUITY,10,892,435,0.4876681614349776,669,0.5171898355754858,223,0.3991031390134529,242,0.5414462081128748,0.4836716681376876,-0.012331838565022402,-0.05377804667789721,0.003996493297290016,-0.004137486026360542,-0.0010789147928252363,0.8385578024867759
STE,EQUITY,20,891,426,0.4781144781144781,668,0.5239520958083832,223,0.34080717488789236,241,0.5777385159010601,0.47833775419982316,-0.021885521885521897,-0.09962403778658196,-0.00022327608534505883,-0.008159162322447117,-0.003526525605642483,0.7940405823307001
STLD,EQUITY,5,865,447,0.5167630057803468,602,0.5332225913621262,263,0.4790874524714829,270,0.5365638766519824,0.4872021182700794,0.01676300578034684,-0.019800870871635512,0.02956088751026742,0.0021559505543754104,0.003299340131973749,1.0263486031662428
STLD,EQUITY,10,864,458,0.5300925925925926,601,0.5540765391014975,263,0.4752851711026616,270,0.54673721340388,0.5181255526083113,0.03009259259259256,-0.01664462081128748,0.01196703998428128,0.0022434262550287904,0.005099006119677174,0.9486834975158135
STLD,EQUITY,20,862,437,0.5069605568445475,599,0.5509181969949917,263,0.4068441064638783,270,0.5662544169611308,0.4880636604774536,0.00696055684454755,-0.05929386011658322,0.018896896367093963,0.0046252791191683995,0.002984648862150552,1.069826254328675
STT,EQUITY,5,912,456,0.5,606,0.5346534653465347,306,0.43137254901960786,223,0.5480176211453744,0.4942630185348632,0.0,-0.048017621145374445,0.005736981465136792,-0.0010529928437309872,7.441583568990051e-05,0.9389566604171911
STT,EQUITY,10,911,479,0.5257958287596048,605,0.5702479338842975,306,0.43790849673202614,223,0.5687830687830688,0.4836716681376876,0.025795828759604844,-0.04298724002346399,0.04212416062191726,-0.0017349868678073128,0.002594231649626133,0.838807944821553
STT,EQUITY,20,909,468,0.5148514851485149,603,0.5588723051409619,306,0.42810457516339867,223,0.5697879858657244,0.4698581560283688,0.014851485148514865,-0.05493650071720957,0.044993329120146086,-0.0010979633108274287,0.00368167657887275,0.9113558303856247
STX,EQUITY,5,894,486,0.5436241610738255,580,0.5724137931034483,314,0.49044585987261147,241,0.5515418502202644,0.5220458553791887,0.043624161073825496,-0.007917689146438867,0.021578305694636812,0.006149196843098475,0.004692493754118399,1.083276751245246
STX,EQUITY,10,893,496,0.555431131019037,579,0.5958549222797928,314,0.48089171974522293,241,0.5687830687830688,0.5243147656940761,0.05543113101903696,-0.013351937764031874,0.03111636532496087,0.012182940773452274,0.00922266139657446,1.1414509207971102
STX,EQUITY,20,892,497,0.5571748878923767,578,0.5847750865051903,314,0.5063694267515924,240,0.5530035335689046,0.5172413793103449,0.05717488789237668,0.004171354323472043,0.03993350858203182,0.019119495190202958,0.018618237973035412,1.1506793496207168
STZ,EQUITY,5,915,458,0.5005464480874317,617,0.5218800648298217,298,0.4563758389261745,220,0.5330396475770925,0.46283185840707963,0.0005464480874316502,-0.032493199489660896,0.03771458968035202,0.00010675220990547502,7.707723138583589e-05,1.0054878051377165
STZ,EQUITY,10,915,483,0.5278688524590164,617,0.5575364667747164,298,0.4664429530201342,219,0.5608465608465608,0.5070671378091873,0.02786885245901638,-0.032977708387544435,0.02080171464982905,0.0007734574207444176,0.0026768642447418944,0.9305297648129672
STZ,EQUITY,20,913,461,0.5049288061336255,617,0.5640194489465153,296,0.38175675675675674,219,0.5795053003533569,0.479646017699115,0.004928806133625452,-0.07457649421973145,0.025282788434510428,-0.002879836694947971,0.0008460236886631556,0.8867762984866041
SW,EQUITY,5,41,22,0.5365853658536586,19,0.5789473684210527,22,0.5,7,0.5833333333333334,0.625,0.03658536585365857,-0.0467479674796748,-0.08841463414634143,0.005622250213146489,0.0028426395939087357,1.0869432409628343
SW,EQUITY,10,40,22,0.55,18,0.6111111111111112,22,0.5,7,0.574468085106383,0.5319148936170213,0.050000000000000044,-0.024468085106382986,0.018085106382978777,0.0067427435869119225,0.00893005668864566,0.9968620037739947
SW,EQUITY,20,38,19,0.5,16,0.625,22,0.4090909090909091,7,0.6222222222222222,0.5111111111111111,0.0,-0.12222222222222223,-0.011111111111111072,-0.006056879393997841,-0.0013461785800950032,0.8764882860440618
SWK,EQUITY,5,914,472,0.5164113785557987,580,0.55,334,0.45808383233532934,221,0.5374449339207048,0.4819383259911894,0.01641137855579866,-0.021033555364906142,0.03447305256460925,-0.000781763238258262,0.001692879768946498,0.8906740261392077
SWK,EQUITY,10,913,482,0.5279299014238773,579,0.5595854922279793,334,0.47305389221556887,221,0.5476190476190477,0.5158730158730159,0.0279299014238773,-0.01968914619517037,0.012056885550861374,0.0003465396723857167,0.0031055900621117516,0.9085757042789583
SWK,EQUITY,20,911,479,0.5257958287596048,577,0.5667244367417678,334,0.4550898203592814,221,0.5530035335689046,0.5035335689045937,0.025795828759604844,-0.027207704809299793,0.02226225985501118,-0.002630375463126123,0.004878282079487262,0.8287247682802356
SWKS,EQUITY,5,911,468,0.5137211855104281,525,0.5257142857142857,386,0.49740932642487046,224,0.5171806167400881,0.5106194690265486,0.013721185510428113,-0.0034594312296599705,0.0031017164838794686,0.0006028357818643703,0.002323125659978942,0.972633462306933
SWKS,EQUITY,10,910,466,0.512087912087912,524,0.5286259541984732,386,0.4896373056994819,224,0.5255731922398589,0.5039717563989409,0.012087912087912045,-0.013485280151946832,0.008116155688971172,0.003278433201331711,0.0019329670633471685,1.05876093026421
SWKS,EQUITY,20,909,491,0.5401540154015402,524,0.566793893129771,385,0.5038961038961038,223,0.5432862190812721,0.537577365163572,0.04015401540154018,-0.003132203679731882,0.002576650237968159,0.00437802069387732,0.008860993169651055,0.9387205522877368
SYF,EQUITY,5,460,238,0.5173913043478261,283,0.5547703180212014,177,0.4576271186440678,107,0.5537918871252204,0.5212014134275619,0.017391304347826098,-0.03640058277739433,-0.0038101090797357795,0.000799555721511749,0.0022471325638767636,0.973749029740655
SYF,EQUITY,10,459,233,0.5076252723311547,282,0.549645390070922,177,0.4406779661016949,107,0.5512367491166078,0.4875886524822695,0.007625272331154731,-0.043611476785453074,0.020036619848885218,0.0005809054119061048,0.0013668671405140387,0.9909596455631351
SYF,EQUITY,20,457,240,0.5251641137855579,280,0.5571428571428572,177,0.4745762711864407,107,0.5531914893617021,0.5150976909413855,0.02516411378555794,-0.02802737557614421,0.010066422844172473,0.0022288625682684803,0.00495899294297153,0.9560511724120224
SYK,EQUITY,5,907,447,0.4928335170893054,678,0.5117994100294986,229,0.4366812227074236,228,0.5374449339207048,0.45704162976085033,-0.007166482910694605,-0.04461141683139941,0.03579188732845506,-0.000999271424277973,-0.00026311942698442614,0.950296154531261
SYK,EQUITY,10,906,444,0.4900662251655629,677,0.5258493353028065,229,0.38427947598253276,228,0.5546737213403881,0.47791519434628976,-0.009933774834437081,-0.06460749617482514,0.012151030819273156,-0.0012881963657112988,-0.0010219705388101463,0.9648283148215072
SYK,EQUITY,20,905,460,0.5082872928176796,676,0.5636094674556213,229,0.34497816593886466,227,0.5980565371024735,0.49248452696728556,0.008287292817679592,-0.08976924428479394,0.01580276585039403,-0.0011135232842082682,0.0010928961748635224,0.9230932584925632
SYY,EQUITY,5,910,442,0.4857142857142857,579,0.5112262521588946,331,0.44108761329305135,225,0.5259911894273128,0.4504424778761062,-0.01428571428571429,-0.04027690371302711,0.035271807838179514,-0.0022486696197487853,-0.0007843386071357261,0.8751441647324483
SYY,EQUITY,10,909,422,0.46424642464246424,578,0.4913494809688581,331,0.4169184290030212,225,0.5132275132275133,0.47522123893805307,-0.03575357535753576,-0.048981088585049015,-0.01097481429558883,-0.0038408694773599777,-0.0026768642447418944,0.9075038915214418
SYY,EQUITY,20,907,428,0.4718853362734289,576,0.5052083333333334,331,0.41389728096676737,225,0.5265017667844523,0.47522123893805307,-0.02811466372657112,-0.054616430511023384,-0.0033359026646241907,-0.0073963617929986725,-0.0034965034965035446,0.8022582293096254
T,EQUITY,5,815,418,0.5128834355828221,413,0.5157384987893463,402,0.5099502487562189,203,0.5039292730844793,0.48221343873517786,0.012883435582822123,0.0089541624983428,0.030669996847644265,-0.0004900341857739795,0.0005356186395284457,0.9094695374255384
T,EQUITY,10,814,417,0.5122850122850123,412,0.5072815533980582,402,0.5174129353233831,203,0.48770894788593905,0.4837117472852912,0.012285012285012331,0.024576064399073283,0.028573264999721126,-0.0005612758037855135,0.0012133805094629024,0.9187790590235457
T,EQUITY,20,814,416,0.5110565110565111,412,0.529126213592233,402,0.4925373134328358,201,0.5142857142857142,0.499009900990099,0.011056511056511065,-0.0032292032292031703,0.012046610066412056,-0.0012738333647298288,0.0018774648000449146,0.9038762011125148
TAN,ETF,5,677,356,0.5258493353028065,329,0.5440729483282675,348,0.5086206896551724,156,0.5114045618247299,0.5024096385542168,0.02584933530280653,0.0144447734780766,0.0234396967485897,0.0029821087377859836,0.0031453134829104723,1.0353071211302916
TAN,ETF,10,676,360,0.5325443786982249,329,0.5714285714285714,347,0.4956772334293948,156,0.5252403846153846,0.5072289156626506,0.03254437869822491,0.007303994082840326,0.025315463035574304,0.0046078874555488146,0.0063403248991452665,1.0203935794364123
TAN,ETF,20,674,356,0.5281899109792285,329,0.5592705167173252,345,0.4985507246376812,156,0.516867469879518,0.532608695652174,0.028189910979228516,0.011322441099710479,-0.0044187846729454305,0.008898066666102527,0.008031235159521644,1.089078922588157
TAP,EQUITY,5,810,381,0.4703703703703704,427,0.4894613583138173,383,0.4490861618798956,251,0.5089538171536286,0.49245283018867925,-0.029629629629629617,-0.03858344678325826,-0.022082459818308864,-0.0016209512149149296,-0.0018189487649599156,0.9991412116972189
TAP,EQUITY,10,810,388,0.47901234567901235,427,0.5105386416861827,383,0.44386422976501305,250,0.5283018867924528,0.4933712121212121,-0.020987654320987648,-0.04928954111344047,-0.014358866442199747,-0.0027613149184446497,-0.0021820749287865815,0.9436188275891298
TAP,EQUITY,20,810,387,0.4777777777777778,427,0.5245901639344263,383,0.4255874673629243,248,0.5349716446124764,0.48722800378429515,-0.0222222222222222,-0.05719386683469857,-0.009450226006517348,-0.005384851437303149,-0.004024100703849343,0.8977009195072935
TDG,EQUITY,5,830,413,0.4975903614457831,661,0.5370650529500757,169,0.3431952662721893,174,0.5567729083665338,0.48705179282868527,-0.0024096385542168863,-0.0591825469207507,0.010538568617097843,-0.0006735820146612254,-0.00030239181932273373,0.9650564143470136
TDG,EQUITY,10,829,434,0.5235223160434258,661,0.5642965204236006,168,0.3630952380952381,174,0.5862412761714856,0.49700598802395207,0.023522316043425806,-0.06271896012805978,0.026516328019473734,-0.0006883170137708772,0.0028627311522049226,0.8801673354435773
TDG,EQUITY,20,828,456,0.5507246376811594,661,0.6172465960665658,167,0.2874251497005988,173,0.6313686313686314,0.5144855144855145,0.050724637681159424,-0.080643993687472,0.03623912319564493,-0.00016621569585830925,0.007178947619660869,0.8112167926537492
TDY,EQUITY,5,889,449,0.5050618672665916,695,0.5338129496402878,194,0.4020618556701031,246,0.5480176211453744,0.48722466960352423,0.005061867266591635,-0.04295575387878281,0.017837197663067406,-0.0006479690928935067,0.0004498073651066914,0.9365227380913096
TDY,EQUITY,10,888,441,0.4966216216216216,694,0.5360230547550432,194,0.3556701030927835,246,0.5590828924162258,0.5127978817299206,-0.0033783783783783994,-0.06246127079460417,-0.01617626010829898,-0.0012721095923631438,-0.00043632063998344517,0.9494398725228553
TDY,EQUITY,20,886,451,0.5090293453724605,692,0.5606936416184971,194,0.3247422680412371,246,0.5945229681978799,0.49469964664310956,0.009029345372460473,-0.08549362282541939,0.014329698729350915,-0.0027669607627554445,0.000765249908082466,0.8734137551048547
TECH,EQUITY,5,927,458,0.49406688241639696,600,0.52,327,0.44648318042813456,208,0.5277533039647577,0.4951370468611848,-0.0059331175836030425,-0.03368642154836077,-0.0010701644447878578,-0.0016370501949182186,-0.00010968520346610333,0.9102580925708689
TECH,EQUITY,10,926,461,0.4978401727861771,599,0.5325542570951586,327,0.43425076452599387,208,0.5396825396825397,0.4876543209876543,-0.002159827213822907,-0.04184236689636256,0.010185851798522771,-0.0027872819579566276,-0.0002417483358651551,0.8775715171865505
TECH,EQUITY,20,924,467,0.5054112554112554,597,0.5376884422110553,327,0.44648318042813456,208,0.5441696113074205,0.500886524822695,0.005411255411255422,-0.03875835589616505,0.0045247305885603994,-0.004030379856172223,0.0007283672334780777,0.850546999270702
TEL,EQUITY,5,769,384,0.49934980494148246,559,0.5295169946332737,210,0.41904761904761906,167,0.5587606837606838,0.487152034261242,-0.0006501950585175442,-0.05941087881920132,0.012197770680240472,-0.00016840977483072154,0.0,0.9913837943225965
TEL,EQUITY,10,768,387,0.50390625,558,0.53584229390681,210,0.41904761904761906,167,0.5572192513368984,0.4989293361884368,0.00390625,-0.053313001336898425,0.004976913811563177,-0.0016829638156215002,0.0005957326006613695,0.9103424097295568
TEL,EQUITY,20,767,400,0.5215123859191656,557,0.585278276481149,210,0.3523809523809524,166,0.6055734190782422,0.4844587352625938,0.0215123859191656,-0.08406103315907665,0.03705365065657179,-0.000323978507623722,0.0028612997090202708,0.9075460823916909
TER,EQUITY,5,902,471,0.5221729490022173,610,0.5524590163934426,292,0.4589041095890411,233,0.5462555066079295,0.4982363315696649,0.022172949002217335,-0.024082557605712207,0.02393661743255243,0.001643235098845612,0.0027342935472863816,0.9872812089524148
TER,EQUITY,10,901,463,0.5138734739178691,609,0.5451559934318555,292,0.4486301369863014,233,0.5432098765432098,0.5172719220549159,0.013873473917869084,-0.029336402625340763,-0.0033984481370468167,0.003453234989405847,0.002283849918433889,1.0565130536071952
TER,EQUITY,20,900,464,0.5155555555555555,608,0.5641447368421053,292,0.4143835616438356,232,0.5671378091872792,0.5106194690265486,0.015555555555555545,-0.05158225363172364,0.0049360865290069,0.004764939783652192,0.00439749942901696,1.0419305285769414
TFC,EQUITY,5,501,266,0.530938123752495,334,0.5538922155688623,167,0.48502994011976047,129,0.5365079365079365,0.5263157894736842,0.03093812375249505,-0.005569812755441439,0.004622334278810869,-0.016769216356351577,0.001980198019801982,0.42662417027773014
TFC,EQUITY,10,500,257,0.514,333,0.5405405405405406,167,0.46107784431137727,129,0.5405405405405406,0.5215311004784688,0.014000000000000012,-0.026540540540540558,-0.007531100478468833,-0.0319879093690951,0.0029288825660355178,0.39562972515001016
TFC,EQUITY,20,498,258,0.5180722891566265,331,0.5468277945619335,167,0.46107784431137727,129,0.5550239234449761,0.5,0.01807228915662651,-0.03695163428834958,0.01807228915662651,-0.07824788736621915,0.004135760108880726,0.26921980197944173
TGT,EQUITY,5,901,465,0.516093229744728,527,0.5332068311195446,374,0.4919786096256685,234,0.5268722466960353,0.51105216622458,0.016093229744728044,-0.01077901695130723,0.0050410635201479925,0.0003813449899249849,0.0010520778537610465,0.9627576265945386
TGT,EQUITY,10,900,445,0.49444444444444446,526,0.5247148288973384,374,0.45187165775401067,234,0.5202821869488536,0.5119152691968226,-0.005555555555555536,-0.025837742504409178,-0.017470824752378156,0.0009227572466892226,-0.0007634644506622212,1.0699079468823758
TGT,EQUITY,20,898,430,0.47884187082405344,524,0.5152671755725191,374,0.42780748663101603,234,0.5335689045936396,0.49469964664310956,-0.02115812917594656,-0.05472703376958615,-0.01585777581905612,-0.0006870046824371425,-0.002011800971850608,1.0635414121349869
TIP,ETF,5,909,440,0.48404840484048406,515,0.5048543689320388,394,0.45685279187817257,213,0.5240641711229946,0.4677996422182469,-0.01595159515951594,-0.04001576628251058,0.01624876262223718,-0.0002429607577004893,-0.0003123609504316338,0.9840740207821893
TIP,ETF,10,908,431,0.4746696035242291,515,0.487378640776699,393,0.4580152671755725,213,0.512042818911686,0.47674418604651164,-0.0253303964757709,-0.037373215387456915,-0.002074582522282542,-0.00016471452594001276,-0.0006230565578967395,1.0642120044799022
TIP,ETF,20,906,440,0.4856512141280353,515,0.5029126213592233,391,0.4629156010230179,213,0.5201072386058981,0.482078853046595,-0.014348785871964698,-0.034456024477862834,0.003572361081440323,0.00027672786456110635,-0.0004001949541390104,1.1109957817115115
TJX,EQUITY,5,932,481,0.5160944206008584,759,0.5335968379446641,173,0.4393063583815029,203,0.5436123348017621,0.45984112974404234,0.016094420600858417,-0.02751791420090366,0.056253290856816074,-4.05216826752725e-05,0.000826128099615353,0.9345864237226955
TJX,EQUITY,10,931,492,0.5284640171858217,759,0.5638998682476943,172,0.37209302325581395,203,0.5811287477954145,0.4792219274977896,0.0284640171858217,-0.05266473060959276,0.04924208968803212,0.0012773658870501063,0.002279016767051889,0.9657329463434038
TJX,EQUITY,20,929,514,0.5532831001076426,757,0.6010568031704095,172,0.3430232558139535,203,0.607773851590106,0.49734982332155475,0.05328310010764259,-0.054490751482463406,0.05593327678608784,0.0035754125279831564,0.006997455470737934,0.9484185221564894
TKO,EQUITY,5,72,27,0.375,58,0.39655172413793105,14,0.2857142857142857,19,0.4835164835164835,0.4835164835164835,-0.125,-0.10851648351648352,-0.10851648351648352,-0.004146825635041395,-0.0063047368469845155,1.2883408411884794
TKO,EQUITY,10,71,28,0.39436619718309857,57,0.42105263157894735,14,0.2857142857142857,19,0.5,0.5111111111111111,-0.10563380281690143,-0.10563380281690143,-0.1167449139280125,-0.00679121380786913,-0.0135288040537217,1.1435215836878192
TKO,EQUITY,20,69,33,0.4782608695652174,57,0.5263157894736842,12,0.25,19,0.5795454545454546,0.42045454545454547,-0.021739130434782594,-0.10128458498023718,0.057806324110671936,-0.0048317928195409105,-0.015823443681032723,0.9386973297480373
TLT,ETF,5,872,409,0.4690366972477064,432,0.49074074074074076,440,0.44772727272727275,263,0.5171806167400881,0.4911660777385159,-0.030963302752293587,-0.04814391949238167,-0.02212938049080948,0.00017166648310621238,-0.0013975143008674307,1.1585670108673671
TLT,ETF,10,871,423,0.4856486796785304,432,0.48842592592592593,439,0.48291571753986334,263,0.5035273368606702,0.499558693733451,-0.014351320321469574,-0.017878657182139768,-0.013910014054920594,0.0011928495728752981,-0.0007464278097675248,1.1915966438192473
TLT,ETF,20,869,427,0.49136939010356734,432,0.47453703703703703,437,0.5080091533180778,263,0.48939929328621906,0.48672566371681414,-0.008630609896432662,0.001970096817348277,0.0046437263867532,0.0030949539687906763,-0.00047460844803037805,1.2841485872339309
TMO,EQUITY,5,932,478,0.5128755364806867,732,0.5245901639344263,200,0.47,203,0.5321585903083701,0.49867608120035306,0.012875536480686733,-0.01928305382768336,0.014199455280333673,0.0005244352169543442,0.000990226474491207,0.9916603188187072
TMO,EQUITY,10,931,493,0.5295381310418904,731,0.5485636114911081,200,0.46,203,0.5608465608465608,0.5057369814651368,0.029538131041890403,-0.03130842980467041,0.02380114957675361,0.0010717588180726597,0.0031404958677685446,0.9452774470986763
TMO,EQUITY,20,929,510,0.5489773950484392,729,0.5898491083676269,200,0.4,203,0.6015901060070671,0.5260831122900088,0.04897739504843923,-0.05261271095862785,0.022894282758430418,0.002946809635488869,0.008313934153641567,0.9240618722296395
TMUS,EQUITY,5,521,259,0.4971209213051823,391,0.5268542199488491,130,0.4076923076923077,111,0.5427215189873418,0.47385103011093505,-0.0028790786948176827,-0.04560059768215946,0.023269891194247272,-0.0006836843001258407,-0.00013368090368293117,0.9579715156445049
TMUS,EQUITY,10,520,259,0.4980769230769231,391,0.5370843989769821,129,0.3798449612403101,111,0.5435816164817749,0.4492063492063492,-0.0019230769230769162,-0.04550469340485186,0.048870573870573863,0.000653263488087681,0.0,1.0460136705786063
TMUS,EQUITY,20,518,274,0.528957528957529,391,0.5677749360613811,127,0.4094488188976378,111,0.5627980922098569,0.465818759936407,0.02895752895752901,-0.03384056325232787,0.06313876902112203,0.004693196220934235,0.004275671985073171,1.08076695070719
TPL,EQUITY,5,866,460,0.5311778290993071,593,0.5480607082630692,273,0.4945054945054945,207,0.5377446411929171,0.516822429906542,0.03117782909930711,-0.006566812093609986,0.014355399192765073,0.005587512812400997,0.0031260535121780952,1.1357203140817038
TPL,EQUITY,10,865,470,0.5433526011560693,593,0.5666104553119731,272,0.49264705882352944,207,0.5438432835820896,0.5163398692810458,0.043352601156069315,-0.0004906824260202391,0.02701273187502351,0.011507802617650723,0.006772832963824138,1.1952832429477236
TPL,EQUITY,20,864,484,0.5601851851851852,593,0.596964586846543,271,0.4797047970479705,206,0.5663551401869159,0.5547240411599625,0.06018518518518523,-0.006169955001730676,0.005461144025222686,0.018147817249929164,0.011977285898843448,1.137466406581198
TPR,EQUITY,5,318,162,0.5094339622641509,207,0.5265700483091788,111,0.4774774774774775,113,0.5220417633410673,0.48259860788863107,0.009433962264150941,-0.012607801076916392,0.02683535437551987,0.018265149109162562,0.001659750711335728,1.7574772447532991
TPR,EQUITY,10,318,171,0.5377358490566038,207,0.5942028985507246,111,0.43243243243243246,112,0.5744186046511628,0.5302325581395348,0.037735849056603765,-0.036682755594559024,0.007503290917068917,0.0208627233629661,0.006396995997661581,1.4422045257032852
TPR,EQUITY,20,316,166,0.5253164556962026,205,0.5804878048780487,111,0.42342342342342343,112,0.5654205607476636,0.5245901639344263,0.025316455696202556,-0.040104105051461,0.0007262917617762987,0.03068207378999813,0.008571312362833428,1.5226694461349595
TQQQ,ETF,5,668,369,0.5523952095808383,540,0.575925925925926,128,0.453125,132,0.5725,0.5269086357947435,0.05239520958083832,-0.02010479041916169,0.025486573786094868,0.0028603018870332333,0.007229464368217087,0.8915387659122657
TQQQ,ETF,10,667,381,0.5712143928035982,539,0.6122448979591837,128,0.3984375,132,0.6170212765957447,0.5431789737171464,0.0712143928035982,-0.04580688379214648,0.028035419086451796,0.00521909063263266,0.014507989907485364,0.8519207292411001
TQQQ,ETF,20,666,383,0.575075075075075,538,0.6245353159851301,128,0.3671875,131,0.6260978670012547,0.5408805031446541,0.07507507507507505,-0.051022791926179645,0.03419457193042097,0.0065006503494237,0.02947148704980662,0.8206125292675717
TRGP,EQUITY,5,619,328,0.529886914378029,427,0.5597189695550351,192,0.4635416666666667,138,0.5653896961690885,0.49403973509933774,0.02988691437802904,-0.03550278179105948,0.0358471792786913,0.005374952068308834,0.004767580452920139,1.15658933181319
TRGP,EQUITY,10,618,339,0.5485436893203883,426,0.5845070422535211,192,0.46875,138,0.5793650793650794,0.528476821192053,0.04854368932038833,-0.030821390044691088,0.020066868128335358,0.008867399237461611,0.007164688776969186,1.106562899064528
TRGP,EQUITY,20,618,356,0.5760517799352751,426,0.6338028169014085,192,0.4479166666666667,136,0.6021220159151194,0.5291777188328912,0.07605177993527512,-0.02607023597984426,0.0468740611023839,0.016841726902793674,0.01689172907283193,1.0733209950539144
TRI,EQUITY,5,835,437,0.5233532934131736,583,0.5403087478559176,252,0.48412698412698413,201,0.5405405405405406,0.5029013539651838,0.023353293413173604,-0.017187247127366967,0.020451939447989842,-0.00014201696068180054,0.0010096658093210475,0.8992143369647316
TRI,EQUITY,10,834,442,0.5299760191846523,582,0.5515463917525774,252,0.4801587301587302,201,0.5507246376811594,0.5082284607938045,0.029976019184652314,-0.02074861849650711,0.021747558390847854,0.0006314785576669776,0.002996617049894623,0.9225956137442869
TRI,EQUITY,20,833,450,0.5402160864345739,581,0.5593803786574871,252,0.49603174603174605,200,0.5605033881897387,0.537864077669903,0.04021608643457386,-0.0202873017551648,0.0023520087646708987,0.0019623950138999828,0.004860936624210055,0.9255237270429958
TRMB,EQUITY,5,923,492,0.5330444203683641,607,0.5469522240527183,316,0.5063291139240507,212,0.5277533039647577,0.49029982363315694,0.03304442036836408,0.005291116403606355,0.04274459673520714,0.002009400748708613,0.0034417484081914473,0.9813094909749501
TRMB,EQUITY,10,923,504,0.5460455037919827,607,0.5634266886326195,316,0.5126582278481012,211,0.5414462081128748,0.5163283318623124,0.04604550379198269,0.004599295679107884,0.029717171929670272,0.0035199973194357604,0.005445686443106834,0.9607305430887499
TRMB,EQUITY,20,923,512,0.5547128927410617,607,0.5930807248764415,316,0.4810126582278481,209,0.5609540636042403,0.497789566755084,0.054712892741061725,-0.006241170863178547,0.05692332598597771,0.004829497275717456,0.015191199580932402,0.916019553386159
TROW,EQUITY,5,909,478,0.5258525852585259,595,0.534453781512605,314,0.5095541401273885,226,0.5251101321585903,0.5035335689045937,0.02585258525852585,0.0007424530999355916,0.022319016353932186,0.0009855370884592832,0.002048480710139966,0.962523070579729
TROW,EQUITY,10,909,477,0.5247524752475248,595,0.5445378151260504,314,0.4872611464968153,225,0.5396825396825397,0.5136804942630185,0.024752475247524774,-0.014930064435014878,0.011071980984506236,0.00017108051642505322,0.0028271405492730217,0.9131352461435025
TROW,EQUITY,20,907,495,0.545755237045204,593,0.581787521079258,314,0.47770700636942676,225,0.5618374558303887,0.5305039787798409,0.04575523704520401,-0.016082218785184677,0.01525125826536311,-0.0006868456404740533,0.006159911297277221,0.8132962526271253
TRV,EQUITY,5,743,364,0.4899057873485868,559,0.5223613595706619,184,0.391304347826087,211,0.5482180293501048,0.49737670514165794,-0.010094212651413192,-0.05831224200151797,-0.00747091779307113,-0.0003823167263108525,-0.0005942211988411161,1.0059776557809665
TRV,EQUITY,10,742,363,0.48921832884097033,558,0.5197132616487455,184,0.3967391304347826,211,0.5414480587618048,0.48105263157894734,-0.010781671159029671,-0.05222972992083447,0.008165697262022986,-0.001602332873665443,-0.00076357454744852,0.9444765141006549
TRV,EQUITY,20,740,366,0.4945945945945946,556,0.5431654676258992,184,0.34782608695652173,211,0.5751840168243953,0.47318611987381703,-0.005405405405405406,-0.08058942222980076,0.02140847472077756,-0.0023372257926630086,-0.0006092181837801247,0.9217112979399326
TSCO,EQUITY,5,938,485,0.5170575692963753,626,0.5511182108626198,312,0.44871794871794873,197,0.5383259911894274,0.49646643109540634,0.017057569296375252,-0.021268421893052114,0.020591138200968917,-0.00021915908033114513,0.0012805284606680067,0.9219322474492535
TSCO,EQUITY,10,938,509,0.5426439232409381,626,0.5686900958466453,312,0.49038461538461536,196,0.5476190476190477,0.49382716049382713,0.04264392324093813,-0.004975124378109541,0.048816762747111,0.0005328058437172864,0.004591451230686938,0.8618384428081853
TSCO,EQUITY,20,937,519,0.5538954108858057,626,0.5830670926517572,311,0.49517684887459806,195,0.5556537102473498,0.5203180212014135,0.05389541088580574,-0.0017582993615440357,0.03357738968439228,0.0015488808117619984,0.010607798165137572,0.8432283665320347
TSLA,EQUITY,5,618,320,0.517799352750809,396,0.553030303030303,222,0.45495495495495497,163,0.5428937259923176,0.5236875800256082,0.017799352750809017,-0.02509437324150854,-0.005888227274799207,0.004275161230246628,0.002773379396073694,1.075524489618488
TSLA,EQUITY,10,617,309,0.5008103727714749,396,0.5454545454545454,221,0.42081447963800905,163,0.5512820512820513,0.5115384615384615,0.0008103727714748876,-0.050471678510576434,-0.01072808876698661,0.0071133326342579925,0.0005298570837537486,1.1731647275056456
TSLA,EQUITY,20,615,308,0.5008130081300813,396,0.5606060606060606,219,0.3926940639269406,163,0.5681233933161953,0.5347043701799485,0.0008130081300813385,-0.06731038518611399,-0.0338913620498672,0.011654212701416353,5.725503026332568e-05,1.17876261349652
TSN,EQUITY,5,881,437,0.4960272417707151,531,0.519774011299435,350,0.46,254,0.520704845814978,0.4902654867256637,-0.0039727582292848895,-0.02467760404426289,0.005761755045051387,0.0001247357543557498,0.0,1.024595183055105
TSN,EQUITY,10,880,440,0.5,531,0.5329566854990584,349,0.4498567335243553,254,0.5458553791887125,0.5097173144876325,0.0,-0.04585537918871252,-0.009717314487632467,0.0004460744613039344,0.00011646866992776062,1.0208962511690485
TSN,EQUITY,20,880,431,0.48977272727272725,531,0.5310734463276836,349,0.4269340974212034,252,0.5388692579505301,0.5106571936056838,-0.010227272727272751,-0.04909653067780284,-0.020884466332956597,0.0012248903564930362,-0.0013525183542481,1.0823023217206613
TT,EQUITY,5,235,129,0.548936170212766,167,0.5508982035928144,68,0.5441176470588235,51,0.5244755244755245,0.4755244755244755,0.04893617021276597,0.024460645737241493,0.07341169468829045,-0.08383943223122914,0.0028310104529616353,0.12538644113169314
TT,EQUITY,10,234,127,0.5427350427350427,166,0.5602409638554217,68,0.5,51,0.5403508771929825,0.4964788732394366,0.042735042735042694,0.0023841655420602237,0.04625616949560607,-0.12433065345204386,0.0035828704296267944,0.11925039481312318
TT,EQUITY,20,233,128,0.5493562231759657,165,0.593939393939394,68,0.4411764705882353,50,0.5759717314487632,0.48936170212765956,0.04935622317596566,-0.026615508272797572,0.059994521048306104,-0.23291935385338322,0.006571165724799544,0.08343076147806816
TTD,EQUITY,5,367,180,0.4904632152588556,222,0.5225225225225225,145,0.4413793103448276,88,0.5186813186813187,0.5076923076923077,-0.009536784741144388,-0.028218103422463114,-0.017229092433452053,-0.002721870592592907,-0.0005478951693909107,0.9544020402240232
TTD,EQUITY,10,366,189,0.5163934426229508,222,0.5720720720720721,144,0.4305555555555556,88,0.5550660792951542,0.4768211920529801,0.016393442622950838,-0.03867263667220333,0.03957225056997071,-0.001667307531849313,0.0041909353474105515,0.9030554307046108
TTD,EQUITY,20,364,209,0.5741758241758241,222,0.6081081081081081,142,0.5211267605633803,88,0.5353982300884956,0.5331858407079646,0.07417582417582413,0.038777594087328504,0.040989983467859537,0.0031070881152472918,0.02636279908448791,0.7752094415287608
TTWO,EQUITY,5,884,450,0.5090497737556561,615,0.5235772357723577,269,0.4758364312267658,251,0.5312775330396475,0.5,0.009049773755656076,-0.022227759283991455,0.009049773755656076,-0.0012502397858442495,0.001280558619825678,0.9032465576712051
TTWO,EQUITY,10,883,458,0.5186862967157417,614,0.5472312703583062,269,0.45353159851301117,251,0.5599647266313933,0.4911660777385159,0.018686296715741735,-0.04127842991565156,0.02752021897722584,-0.0017123855317414142,0.00248508946322068,0.8726388066288678
TTWO,EQUITY,20,881,472,0.5357548240635641,612,0.5718954248366013,269,0.45353159851301117,251,0.5724381625441696,0.5176678445229682,0.03575482406356412,-0.036683338480605454,0.018086979540595904,0.001449681267004954,0.009199632014719628,0.8985489200360774
TXN,EQUITY,5,939,481,0.5122470713525027,666,0.545045045045045,273,0.43223443223443225,196,0.5383259911894274,0.4893805309734513,0.012247071352502692,-0.026078919836924674,0.022866540379051392,0.00031828786095009474,0.0012960082944530882,0.9733365313259156
TXN,EQUITY,10,939,485,0.516506922257721,666,0.545045045045045,273,0.4468864468864469,195,0.5546737213403881,0.48498233215547704,0.01650692225772099,-0.03816679908266707,0.031524590102243955,0.0008830173626135299,0.0018050541516245744,0.9778929761249409
TXN,EQUITY,20,939,501,0.5335463258785943,666,0.575075075075075,273,0.43223443223443225,193,0.5803886925795053,0.49557522123893805,0.033546325878594296,-0.04684236670091102,0.03797110463965625,-0.00047854387590600837,0.003929273084479323,0.8597964880170225
TXT,EQUITY,5,917,451,0.49182115594329334,614,0.495114006514658,303,0.48514851485148514,218,0.518942731277533,0.48324514991181655,-0.008178844056706658,-0.027121575334239645,0.00857600603147679,-0.0003963867273428923,-0.000447560793674473,1.010040142552037
TXT,EQUITY,10,916,465,0.50764192139738,614,0.5276872964169381,302,0.46688741721854304,218,0.5405643738977073,0.4739168877099912,0.007641921397379958,-0.032922452500327326,0.03372503368738877,0.0009037162868369482,0.001475242657760445,1.0049148014363833
TXT,EQUITY,20,914,464,0.5076586433260394,614,0.5260586319218241,300,0.47,218,0.5397526501766784,0.46194690265486726,0.007658643326039383,-0.03209400685063901,0.04571174067117212,-0.0020280478522461546,0.002156901995245264,0.9175553522970002
TYL,EQUITY,5,923,500,0.5417118093174431,690,0.5666666666666667,233,0.4678111587982833,212,0.5585903083700441,0.4876325088339223,0.041711809317443116,-0.01687849905260097,0.05407930048352083,0.003010539773697261,0.002780935368626114,1.0396985231175768
TYL,EQUITY,10,923,503,0.5449620801733478,690,0.572463768115942,233,0.463519313304721,211,0.5608465608465608,0.4911660777385159,0.044962080173347796,-0.01588448067321302,0.0537960024348319,0.005922639422254407,0.004975728155339754,1.1198018888043473
TYL,EQUITY,20,923,534,0.5785482123510293,690,0.6057971014492753,233,0.4978540772532189,209,0.5856890459363958,0.5075154730327144,0.07854821235102927,-0.007140833585366546,0.07103273931831489,0.010457756878795976,0.013716525146962644,1.0486377695169855
UAL,EQUITY,5,588,275,0.467687074829932,381,0.5013123359580053,207,0.4057971014492754,179,0.5202086049543677,0.5136897001303781,-0.03231292517006801,-0.05252153012443572,-0.046002625300446076,-0.004455426919277807,-0.00441405120032734,0.9444347776094829
UAL,EQUITY,10,587,269,0.45826235093696766,380,0.5105263157894737,207,0.36231884057971014,179,0.5535248041775457,0.4954248366013072,-0.041737649063032345,-0.09526245324057803,-0.03716248566433955,-0.011272807372091248,-0.009740259740259827,0.8554104239729925
UAL,EQUITY,20,585,246,0.4205128205128205,378,0.46825396825396826,207,0.3333333333333333,179,0.5523560209424084,0.45157068062827227,-0.07948717948717948,-0.13184320042958791,-0.031057860115451752,-0.0180945671980937,-0.020202020202020332,0.9621994299595357
UBER,EQUITY,5,243,116,0.4773662551440329,146,0.5068493150684932,97,0.4329896907216495,75,0.5251572327044025,0.5031645569620253,-0.022633744855967086,-0.047790977560369596,-0.02579830181799242,-0.005315580725000659,-0.002424830261881672,0.8676825181557509
UBER,EQUITY,10,243,114,0.4691358024691358,146,0.5,97,0.422680412371134,74,0.5078864353312302,0.45222929936305734,-0.030864197530864224,-0.03875063286209446,0.01690650310607844,-0.005154498562227704,-0.007179487179487132,0.9660119230242065
UBER,EQUITY,20,242,117,0.4834710743801653,146,0.5068493150684932,96,0.4479166666666667,73,0.526984126984127,0.46178343949044587,-0.01652892561983471,-0.04351305260396171,0.02168763488971942,-0.008880444550176744,-0.00537153114912664,0.8804525167900557
UDR,EQUITY,5,905,453,0.5005524861878453,585,0.5264957264957265,320,0.453125,230,0.5330396475770925,0.47303271441202477,0.0005524861878453136,-0.03248716138924723,0.027519771775820545,-0.0002655441918430081,0.0002246686137947762,0.9784869072656468
UDR,EQUITY,10,905,451,0.4983425414364641,585,0.5264957264957265,320,0.446875,229,0.5396825396825397,0.48144876325088337,-0.0016574585635358852,-0.04133999824607554,0.016893778185580743,-0.001383708249058197,-0.00020755500207547684,0.935323109281461
UDR,EQUITY,20,905,465,0.5138121546961326,585,0.5521367521367522,320,0.44375,227,0.5653710247349824,0.4792219274977896,0.013812154696132617,-0.051558870038849736,0.03459022719834304,-0.003210249040202645,0.0017980991523247614,0.8387994590414547
UHS,EQUITY,5,903,446,0.4939091915836102,585,0.517948717948718,318,0.449685534591195,232,0.5303964757709251,0.4916151809355693,-0.006090808416389815,-0.036487284187314895,0.0022940106480409117,0.00033480902628198374,-0.0002311604253351085,1.0472828825776401
UHS,EQUITY,10,902,434,0.4811529933481153,584,0.5136986301369864,318,0.42138364779874216,232,0.5432098765432098,0.48629531388152075,-0.018847006651884712,-0.06205688319509456,-0.0051423205334054645,-0.0026434038423329494,-0.002095762474988272,0.9564115970350936
UHS,EQUITY,20,902,443,0.4911308203991131,584,0.5291095890410958,318,0.42138364779874216,230,0.5477031802120141,0.5061946902654867,-0.0088691796008869,-0.05657235981290104,-0.015063869866373591,-0.003995534739792942,-0.0013818797000889615,0.916821845511289
ULTA,EQUITY,5,764,394,0.5157068062827225,570,0.5561403508771929,194,0.39690721649484534,156,0.5684782608695652,0.4809575625680087,0.015706806282722474,-0.052771454586842736,0.03474924371471377,0.0013204813544751331,0.0016368227820364734,1.0049500630846544
ULTA,EQUITY,10,763,405,0.5307994757536042,569,0.5711775043936731,194,0.41237113402061853,156,0.5778019586507073,0.4923747276688453,0.0307994757536042,-0.04700248289710307,0.038424748084758875,0.0028798897104597506,0.0034576438626821027,0.98533630500874
ULTA,EQUITY,20,761,433,0.568988173455979,567,0.6190476190476191,194,0.422680412371134,156,0.6172300981461287,0.5223555070883316,0.06898817345597896,-0.04824192469014976,0.0466326663676474,0.005265505767543547,0.015327079884740469,0.8674291696259037
UNG,ETF,5,763,393,0.5150720838794234,173,0.4624277456647399,590,0.5305084745762711,184,0.4582893347412883,0.5015873015873016,0.015072083879423381,0.05678274913813508,0.0134847822921218,0.0013841656080258889,0.0015680125441002168,0.992575180412122
UNG,ETF,10,762,404,0.5301837270341208,173,0.4393063583815029,589,0.5568760611205433,184,0.4334038054968288,0.4915254237288136,0.030183727034120755,0.09677992153729198,0.03865830330530717,0.004811741883070169,0.005737705874890864,1.011016560904108
UNG,ETF,20,760,419,0.5513157894736842,173,0.4393063583815029,587,0.5843270868824532,184,0.399364406779661,0.5015940488841658,0.051315789473684204,0.1519513826940232,0.04972174058951839,0.011756018162776357,0.018397691068156863,1.0221096863773738
UNH,EQUITY,5,928,471,0.5075431034482759,693,0.5252525252525253,235,0.4553191489361702,207,0.5374449339207048,0.4801412180052957,0.007543103448275912,-0.029901830472428892,0.027401885442980223,-0.0015714541572067547,0.0006984705318135997,0.8740373287261283
UNH,EQUITY,10,928,462,0.4978448275862069,693,0.5396825396825397,235,0.37446808510638296,206,0.5679012345679012,0.470432480141218,-0.002155172413793094,-0.0700564069816943,0.027412347444988883,-0.0023674915624677883,-2.0438194898608764e-05,0.8991728144699068
UNH,EQUITY,20,927,490,0.5285868392664509,692,0.5867052023121387,235,0.3574468085106383,205,0.598939929328622,0.4814159292035398,0.028586839266450892,-0.07035309006217105,0.047170910062911076,-0.004032449001412295,0.004123095309232161,0.7776120257741486
UNP,EQUITY,5,930,465,0.5,693,0.5194805194805194,237,0.4430379746835443,205,0.5444933920704845,0.47354497354497355,0.0,-0.04449339207048453,0.026455026455026454,-0.0012746243847797623,5.025378159706495e-05,0.9108034774063731
UNP,EQUITY,10,929,463,0.4983853606027987,692,0.5260115606936416,237,0.4177215189873418,205,0.5608465608465608,0.48849557522123893,-0.0016146393972013007,-0.062461200243762116,0.009889785381559768,-0.0023216041120770192,0.0,0.8910953474274471
UNP,EQUITY,20,927,483,0.5210355987055016,690,0.5666666666666667,237,0.3881856540084388,205,0.5830388692579506,0.48364279398762156,0.021035598705501646,-0.06200327055244892,0.03739280471788009,-0.003824052031138606,0.003080477474008525,0.7963793401160464
UPRO,ETF,5,700,395,0.5642857142857143,575,0.5860869565217391,125,0.464,133,0.5786314525810324,0.5180288461538461,0.06428571428571428,-0.014345738295318156,0.046256868131868134,0.0019240492461236965,0.00672787656828433,0.8394194500401213
UPRO,ETF,10,699,414,0.592274678111588,574,0.632404181184669,125,0.408,133,0.6310096153846154,0.5697115384615384,0.09227467811158796,-0.03873493727302746,0.022563139650049524,0.004184947705560651,0.014215702809890374,0.7863823680318088
UPRO,ETF,20,697,416,0.5968436154949784,572,0.6503496503496503,125,0.352,133,0.6590361445783133,0.5445783132530121,0.09684361549497844,-0.062192529083334835,0.05226530224196635,0.00393670508709866,0.02615253618781188,0.7332355458824196
UPS,EQUITY,5,895,437,0.488268156424581,515,0.512621359223301,380,0.45526315789473687,240,0.5312775330396475,0.4766107678729038,-0.01173184357541901,-0.04300937661506654,0.011657388551677195,-0.0013654555960171926,-0.0006063230835859912,0.9313283157433125
UPS,EQUITY,10,894,411,0.4597315436241611,515,0.49320388349514566,379,0.41424802110817943,240,0.5291005291005291,0.5079505300353356,-0.040268456375838924,-0.069368985476368,-0.04821898641117456,-0.0028829857979501966,-0.0027435455963698008,0.9918443700150281
UPS,EQUITY,20,892,399,0.44730941704035876,515,0.487378640776699,377,0.3925729442970822,240,0.5335689045936396,0.45977011494252873,-0.05269058295964124,-0.08625948755328083,-0.01246069790216997,-0.008752307665013453,-0.005274749864480344,0.8796730338682557
URI,EQUITY,5,914,462,0.5054704595185996,627,0.5470494417862839,287,0.4146341463414634,221,0.5533039647577093,0.5079505300353356,0.005470459518599591,-0.047833505239109675,-0.0024800705167360437,0.000918795339219644,0.0008539142390400212,1.0153876351207425
URI,EQUITY,10,913,473,0.5180722891566265,626,0.5750798722044729,287,0.39372822299651566,221,0.5749559082892416,0.527802294792586,0.01807228915662651,-0.05688361913261508,-0.009730005635959493,0.0012719792096986982,0.004493464052287566,0.9636568338351005
URI,EQUITY,20,911,487,0.5345773874862788,624,0.594551282051282,287,0.40418118466898956,221,0.5901060070671378,0.5305039787798409,0.03457738748627881,-0.05552861958085897,0.004073408706437909,0.0004518126435636098,0.010355029585798814,0.8778330303881593
USB,EQUITY,5,862,412,0.4779582366589327,581,0.4905335628227194,281,0.45195729537366547,273,0.5215859030837005,0.4632418069087688,-0.022041763341067278,-0.04362766642476773,0.014716429750163906,-0.000502356780375154,-0.0014904518061332195,1.0549445604781413
USB,EQUITY,10,861,405,0.47038327526132406,580,0.496551724137931,281,0.41637010676156583,273,0.5414462081128748,0.4796819787985866,-0.029616724738675937,-0.07106293285155074,-0.009298703537262532,-0.0016434172950584493,-0.002338634237605275,1.0343135328523483
USB,EQUITY,20,859,402,0.4679860302677532,578,0.5,281,0.40213523131672596,273,0.5512367491166078,0.4650751547303271,-0.032013969732246794,-0.0832507188488546,0.002910875537426083,-0.004247193847913889,-0.0030752026838132274,0.9771098439847377
USMV,ETF,5,589,330,0.5602716468590832,524,0.583969465648855,65,0.36923076923076925,121,0.6,0.4836879432624113,0.06027164685908315,-0.03972835314091683,0.07658370359667183,-0.00029706028878159334,0.001631986944104602,0.746885190511373
USMV,ETF,10,588,321,0.5459183673469388,523,0.5736137667304015,65,0.3230769230769231,121,0.61212976022567,0.509915014164306,0.04591836734693877,-0.06621139287873123,0.036003353182632813,-0.000262302865084902,0.0027813014850855966,0.8042992691103591
USMV,ETF,20,586,339,0.5784982935153583,521,0.6276391554702495,65,0.18461538461538463,121,0.6676096181046676,0.524822695035461,0.07849829351535831,-0.08911132458930926,0.053675598479897335,-0.0011013177057715713,0.004489550414000787,0.6620983642317638
USO,ETF,5,765,385,0.5032679738562091,402,0.5373134328358209,363,0.465564738292011,235,0.529,0.518,0.0032679738562091387,-0.025732026143790887,-0.014732026143790877,0.0021151023938608773,0.0006123698714022296,1.0988394705543718
USO,ETF,10,764,378,0.49476439790575916,401,0.5211970074812967,363,0.465564738292011,235,0.5205205205205206,0.5165496489468405,-0.005235602094240843,-0.0257561226147614,-0.021785251041081366,0.004358797554047182,-0.00012987012987009106,1.1890045628104493
USO,ETF,20,763,379,0.4967234600262123,400,0.52,363,0.47107438016528924,234,0.5195586760280843,0.4979919678714859,-0.0032765399737876844,-0.02283521600187194,-0.0012685078452736032,0.010803141151858849,-0.00029761904761893554,1.3150522583308484
UVXY,ETF,5,613,386,0.6296900489396411,48,0.3125,565,0.6566371681415929,101,0.3473389355742297,0.5588235294117647,0.1296900489396411,0.2823511133654114,0.07086651952787637,0.003596448235015192,0.0323809523809524,0.631723915455661
UVXY,ETF,10,612,393,0.6421568627450981,48,0.1875,564,0.6808510638297872,101,0.30575035063113604,0.5702247191011236,0.1421568627450981,0.33640651211396205,0.07193214364397449,0.01028539263628615,0.05269548447029365,0.6389914010960832
UVXY,ETF,20,610,414,0.6786885245901639,48,0.1875,562,0.7206405693950177,101,0.26441631504922647,0.6174402250351617,0.17868852459016393,0.41427220954093746,0.06124829955500222,0.01585589827082683,0.10079151096605332,0.54153218795195
V,EQUITY,5,749,401,0.5353805073431241,626,0.5527156549520766,123,0.44715447154471544,150,0.560622914349277,0.4521158129175947,0.035380507343124146,-0.025242407006152878,0.08326469442552947,-0.00027081662908341915,0.0015502073402318128,0.8476921918684951
V,EQUITY,10,748,404,0.5401069518716578,625,0.5792,123,0.34146341463414637,150,0.5979955456570156,0.515625,0.0401069518716578,-0.05788859378535782,0.024481951871657803,0.00047700036860394993,0.003445135388897791,0.8788271220042045
V,EQUITY,20,746,411,0.5509383378016086,623,0.6019261637239165,123,0.2926829268292683,150,0.6272321428571429,0.5111607142857143,0.05093833780160861,-0.07629380505553429,0.03977762351589431,0.0020908212195478774,0.007269216160308789,0.8964896512610964
VEA,ETF,5,741,379,0.5114709851551957,514,0.5408560311284046,227,0.44493392070484583,192,0.5519828510182208,0.48767416934619506,0.011470985155195734,-0.04051186586302502,0.02379681580900067,-6.997053076058268e-05,0.0007640878701049569,0.9481993060030344
VEA,ETF,10,740,375,0.5067567567567568,513,0.5477582846003899,227,0.41409691629955947,192,0.5590128755364807,0.49461206896551724,0.006756756756756799,-0.052256118779723915,0.012144687791239561,-0.0005815405468413602,0.0010722668787184197,0.931015036862445
VEA,ETF,20,738,384,0.5203252032520326,511,0.5733855185909981,227,0.4008810572687225,192,0.5806451612903226,0.5032397408207343,0.020325203252032575,-0.060319958038290045,0.01708546243129827,-0.0009038811389537966,0.003205670717192244,0.877312482128682
VEEV,EQUITY,5,482,240,0.4979253112033195,315,0.5365079365079365,167,0.4251497005988024,126,0.5361842105263158,0.4588815789473684,-0.0020746887966804906,-0.03825889932299631,0.03904373225595109,-0.001420761124113545,-0.00021087111050605012,0.9392979117609364
VEEV,EQUITY,10,481,241,0.501039501039501,314,0.5764331210191083,167,0.3592814371257485,126,0.5749588138385503,0.48929159802306427,0.0010395010395010118,-0.07391931279904929,0.011747903016436745,-0.0014603897665778655,0.0006408613176109856,0.9448882358365747
VEEV,EQUITY,20,479,246,0.5135699373695198,312,0.592948717948718,167,0.3652694610778443,126,0.6115702479338843,0.5173553719008265,0.013569937369519836,-0.09800031056436442,-0.0037854345313066418,-0.003310370474183385,0.0023039024563142885,0.8729384575345689
VICI,EQUITY,5,320,156,0.4875,193,0.5025906735751295,127,0.4645669291338583,64,0.5260416666666666,0.4581151832460733,-0.012500000000000011,-0.03854166666666664,0.02938481675392668,-0.002053902314949585,-0.00014956625785217392,0.8995675971740481
VICI,EQUITY,10,319,148,0.46394984326018807,193,0.49740932642487046,126,0.4126984126984127,64,0.5248041775456919,0.49081364829396323,-0.036050156739811934,-0.0608543342855038,-0.026863805033775168,-0.005070720103835307,-0.002803083391730965,0.8434877954904992
VICI,EQUITY,20,317,145,0.45741324921135645,193,0.49740932642487046,124,0.3951612903225806,64,0.5170603674540682,0.44854881266490765,-0.042586750788643546,-0.059647118242711794,0.008864436546448806,-0.011620791880442214,-0.006269592476489061,0.7158152340871815
VIG,ETF,5,836,455,0.5442583732057417,680,0.5602941176470588,156,0.47435897435897434,162,0.5581162324649298,0.4794383149448345,0.04425837320574166,-0.013857859259188143,0.06482005826090714,0.00048255599880588063,0.0020029263439519385,0.8927558948625056
VIG,ETF,10,835,475,0.5688622754491018,679,0.5994108983799705,156,0.4358974358974359,162,0.5917753259779338,0.5382293762575453,0.06886227544910184,-0.02291305052883197,0.03063289919155654,0.0015798815480689665,0.002853415946519,0.8838872838243974
VIG,ETF,20,833,492,0.5906362545018007,677,0.6366322008862629,156,0.391025641025641,162,0.6412060301507537,0.5307150050352467,0.09063625450180068,-0.05056977564895304,0.05992124946655397,0.0017366172029160188,0.009438978994948277,0.7771362485576111
VIXY,ETF,5,649,394,0.6070878274268104,78,0.34615384615384615,571,0.6427320490367776,104,0.35723771580345287,0.5493333333333333,0.10708782742681044,0.24985011162335757,0.057754494093477104,0.0007906112317390021,0.017045454545454586,0.6644258273959129
VIXY,ETF,10,648,397,0.6126543209876543,78,0.24358974358974358,570,0.6631578947368421,104,0.324468085106383,0.5567423230974633,0.11265432098765427,0.2881862358812713,0.05591199789019097,0.004657431025431387,0.02415772246986503,0.7020412005211354
VIXY,ETF,20,646,413,0.6393188854489165,78,0.21794871794871795,568,0.6971830985915493,104,0.292,0.588,0.13931888544891646,0.3473188854489165,0.051318885448916496,0.006903666586861661,0.04833593033396982,0.6228734013808088
VLO,EQUITY,5,884,444,0.502262443438914,573,0.5287958115183246,311,0.4533762057877814,251,0.5400881057268723,0.5053003533568905,0.002262443438914019,-0.03782566228795825,-0.003037909917976478,0.0006797829143062885,0.0003600633767656958,1.0228357796035317
VLO,EQUITY,10,883,447,0.5062287655719139,572,0.5332167832167832,311,0.4565916398713826,251,0.5432098765432098,0.5207780725022104,0.006228765571913875,-0.03698111097129597,-0.014549306930296546,0.0012618290876194609,0.0009302325581395099,1.016208216694717
VLO,EQUITY,20,881,427,0.48467650397275824,570,0.531578947368421,311,0.3987138263665595,251,0.5600706713780919,0.5168141592920354,-0.015323496027241756,-0.07539416740533361,-0.0321376553192772,-0.0005500273457562023,-0.003888780867198127,1.0506933130298706
VLTO,EQUITY,5,76,32,0.42105263157894735,28,0.35714285714285715,48,0.4583333333333333,12,0.5340909090909091,0.45454545454545453,-0.07894736842105265,-0.11303827751196172,-0.033492822966507185,-0.001094029368359782,-0.0019082296350736994,1.2462720998881682
VLTO,EQUITY,10,75,38,0.5066666666666667,27,0.5185185185185185,48,0.5,12,0.5057471264367817,0.45977011494252873,0.00666666666666671,0.0009195402298850519,0.04689655172413798,-0.00045825819253370997,0.0004606172270843478,0.9436709052675734
VLTO,EQUITY,20,73,37,0.5068493150684932,25,0.44,48,0.5416666666666666,12,0.49411764705882355,0.4823529411764706,0.006849315068493178,0.012731668009669628,0.024496373892022583,-0.00426858311937098,0.002618308766485722,0.7932674292370072
VLUE,ETF,5,484,260,0.5371900826446281,368,0.5625,116,0.45689655172413796,134,0.5679611650485437,0.5348460291734197,0.037190082644628086,-0.030771082403915573,0.0023440534712083627,-0.000674634487930124,0.000997954875485596,0.8033943353975391
VLUE,ETF,10,483,253,0.5238095238095238,367,0.5722070844686649,116,0.3706896551724138,134,0.5964343598055105,0.5382113821138211,0.023809523809523836,-0.07262483599598668,-0.0144018583042973,-0.001029607014403005,0.0012642225031604948,0.8446952578784648
VLUE,ETF,20,481,242,0.5031185031185031,365,0.5589041095890411,116,0.3275862068965517,134,0.6097560975609756,0.4878048780487805,0.0031185031185031464,-0.10663759444247245,0.01531362506972267,-0.0011720594656751987,0.00015151515151523576,0.9311511165477061
VMC,EQUITY,5,907,462,0.5093715545755237,604,0.5331125827814569,303,0.46204620462046203,228,0.5224669603524229,0.5057369814651368,0.009371554575523744,-0.01309540577689916,0.0036345731103869516,-0.0010859147709354265,0.0008999742864488347,0.9030614802803628
VMC,EQUITY,10,907,447,0.4928335170893054,604,0.5082781456953642,303,0.46204620462046203,227,0.5220458553791887,0.499558693733451,-0.007166482910694605,-0.02921233828988329,-0.006725176644145625,-0.0027837313692573805,-0.0007046595613494633,0.9154846455065405
VMC,EQUITY,20,905,444,0.49060773480662984,604,0.5281456953642384,301,0.4152823920265781,227,0.5432862190812721,0.5004420866489832,-0.009392265193370164,-0.05267848427464222,-0.009834351842353317,-0.006949654360454579,-0.0016495601173021068,0.8475412890977435
VNQ,ETF,5,854,428,0.5011709601873536,571,0.5253940455341506,283,0.45229681978798586,226,0.5388888888888889,0.47075208913649025,0.0011709601873536313,-0.03771792870153523,0.030418871050863383,-0.00021999720535334415,0.00012077555630907177,0.9769761639472214
VNQ,ETF,10,853,411,0.48182883939038684,570,0.5245614035087719,283,0.3957597173144876,226,0.5477293790546802,0.49257884972170685,-0.018171160609613157,-0.06590053966429338,-0.010750010331320003,-0.0010343073718200753,-0.0012127337038908559,1.0106249692605966
VNQ,ETF,20,851,418,0.491186839012926,568,0.5563380281690141,283,0.36042402826855124,226,0.5710306406685237,0.467906976744186,-0.00881316098707402,-0.07984380165559773,0.02327986226873996,-0.004250289133662964,-0.0012430080795524656,0.8646922262178748
VOO,ETF,5,668,382,0.5718562874251497,581,0.5886402753872634,87,0.45977011494252873,102,0.5909090909090909,0.5149544863459038,0.07185628742514971,-0.019052803483941227,0.05690180107924592,0.001006646595429908,0.0025918420694373,0.853867555786182
VOO,ETF,10,667,390,0.5847076461769115,580,0.6189655172413793,87,0.3563218390804598,102,0.6332899869960988,0.5677083333333334,0.08470764617691151,-0.04858234081918733,0.01699931284357814,0.002045271496751248,0.0048881259274347055,0.868579580598162
VOO,ETF,20,665,410,0.6165413533834586,578,0.6660899653979239,87,0.28735632183908044,102,0.6779661016949152,0.5397653194263363,0.11654135338345861,-0.06142474831145661,0.07677603395712229,0.002338415184628102,0.010551196452068812,0.7231022072325994
VRSK,EQUITY,5,663,341,0.5143288084464555,521,0.5585412667946257,142,0.352112676056338,155,0.5709046454767727,0.49571603427172584,0.014328808446455454,-0.05657583703031721,0.018612774174729618,-0.00013926546851887657,0.0005118362124119091,0.932310625027476
VRSK,EQUITY,10,662,352,0.5317220543806647,521,0.5700575815738963,141,0.3900709219858156,155,0.565483476132191,0.5385556915544676,0.031722054380664666,-0.0337614217515263,-0.00683363717380292,0.00011519535652224908,0.002652230245014875,0.887210236239928
VRSK,EQUITY,20,661,355,0.5370650529500757,520,0.5788461538461539,141,0.3829787234042553,154,0.603680981595092,0.5251533742331288,0.03706505295007567,-0.06661592864501631,0.011911678716946872,0.00021168221601144328,0.0037006150317939746,0.8698667057844666
VRSN,EQUITY,5,909,482,0.5302530253025303,642,0.5607476635514018,267,0.45692883895131087,226,0.5409691629955947,0.5172109443954104,0.030253025302530268,-0.010716137693064454,0.01304208090711989,0.00017265532486660187,0.002679830747531753,0.896885696025815
VRSN,EQUITY,10,908,479,0.5275330396475771,641,0.5569422776911076,267,0.45692883895131087,226,0.5537918871252204,0.527802294792586,0.02753303964757714,-0.026258847477643288,-0.00026925514500886205,-0.00020122415134774256,0.002748442493406389,0.8866838632944704
VRSN,EQUITY,20,906,471,0.5198675496688742,639,0.5555555555555556,267,0.4344569288389513,226,0.5636042402826855,0.5083996463306808,0.019867549668874163,-0.04373669061381136,0.011467903338193364,-0.0019519946185801895,0.004577657525236034,0.8641736357702795
VRT,EQUITY,5,228,124,0.543859649122807,171,0.5672514619883041,57,0.47368421052631576,50,0.5539568345323741,0.4676258992805755,0.04385964912280704,-0.010097185409567055,0.07623374984223152,0.00595939397840835,0.01071653576284104,1.0040264681709976
VRT,EQUITY,10,227,137,0.6035242290748899,170,0.6588235294117647,57,0.43859649122807015,50,0.6173285198555957,0.5615942028985508,0.1035242290748899,-0.013804290780705775,0.04193002617633912,0.015798535531512774,0.026872246696035162,0.9120186820142729
VRT,EQUITY,20,225,144,0.64,170,0.6941176470588235,55,0.4727272727272727,50,0.6181818181818182,0.64,0.14,0.021818181818181848,0.0,0.04065845381724827,0.04945142311973294,0.9699076617158042
VRTX,EQUITY,5,901,430,0.4772475027746948,602,0.5033222591362126,299,0.42474916387959866,234,0.5198237885462555,0.47925860547219773,-0.0227524972253052,-0.04257628577156075,-0.002011102697502931,-0.0031410786854601937,-0.0022184426532573243,0.9386929416421566
VRTX,EQUITY,10,900,420,0.4666666666666667,601,0.502495840266223,299,0.39464882943143814,234,0.5370370370370371,0.48853615520282184,-0.033333333333333326,-0.07037037037037042,-0.02186948853615517,-0.006204487575202232,-0.00431337516699537,0.9279536118562443
VRTX,EQUITY,20,898,421,0.4688195991091314,599,0.5191986644407346,299,0.36789297658862874,234,0.5530035335689046,0.5092838196286472,-0.031180400890868598,-0.08418393445977324,-0.040464220519515814,-0.0073772156239681344,-0.006344874509286946,0.9501616798477585
VST,EQUITY,5,345,180,0.5217391304347826,227,0.5726872246696035,118,0.423728813559322,77,0.5616113744075829,0.49643705463182897,0.021739130434782594,-0.039872243972800314,0.025302075802953627,-0.0009039271872715378,0.0018860807242548905,0.8782676756432505
VST,EQUITY,10,344,168,0.4883720930232558,227,0.5374449339207048,117,0.39316239316239315,77,0.5510688836104513,0.4738095238095238,-0.011627906976744207,-0.06269679058719546,0.014562569213732002,-0.0020363891966312746,-0.0013594455822330542,0.9799306543259563
VST,EQUITY,20,342,173,0.5058479532163743,227,0.5550660792951542,115,0.40869565217391307,77,0.5584725536992841,0.5215311004784688,0.005847953216374324,-0.052624600482909734,-0.01568314726209452,0.004996408469273597,0.002865437995915321,1.0981001904973542
VTI,ETF,5,961,542,0.5639958376690947,780,0.5833333333333334,181,0.48066298342541436,174,0.5700440528634361,0.49646643109540634,0.06399583766909467,-0.0060482151943414,0.06752940657368833,0.0011963272822988623,0.0025597269624573205,0.8911349893879759
VTI,ETF,10,960,545,0.5677083333333334,779,0.6059050064184852,181,0.40331491712707185,174,0.6067019400352733,0.5508399646330681,0.06770833333333337,-0.038993606701939965,0.016868368700265313,0.0021385508316523563,0.004419438727755021,0.9173433734327512
VTI,ETF,20,958,582,0.6075156576200418,777,0.6550836550836551,181,0.40331491712707185,174,0.6519434628975265,0.5459363957597173,0.10751565762004178,-0.04442780527748469,0.061579261860324475,0.002754150035404944,0.008824542577548555,0.759128437493994
VTR,EQUITY,5,886,454,0.5124153498871332,598,0.520066889632107,288,0.4965277777777778,249,0.5277533039647577,0.48853615520282184,0.01241534988713322,-0.015337954077624505,0.023879194684311378,-0.0008240958998746553,0.0010917394068235553,0.9024478378015582
VTR,EQUITY,10,886,440,0.4966139954853273,598,0.5367892976588629,288,0.4131944444444444,248,0.5555555555555556,0.5265017667844523,-0.0033860045146726914,-0.05894156007022827,-0.029887771299124954,-0.0011841828284136677,-0.0003810228188362852,0.960428890456217
VTR,EQUITY,20,885,426,0.48135593220338985,597,0.5142378559463987,288,0.4131944444444444,247,0.5485865724381626,0.46595932802829354,-0.018644067796610153,-0.06723064023477271,0.015396604175096307,-0.003831834349305668,-0.003842676311030635,0.9538176413385491
VTRS,EQUITY,5,184,92,0.5,106,0.5,78,0.5,54,0.4831932773109244,0.4810126582278481,0.0,0.016806722689075626,0.01898734177215189,0.0010832827870592705,0.00048309178743954906,1.0612697468367795
VTRS,EQUITY,10,184,88,0.4782608695652174,106,0.4811320754716981,78,0.47435897435897434,53,0.5021097046413502,0.5446808510638298,-0.021739130434782594,-0.02384883507613278,-0.06641998149861239,-0.00036637731038430146,-0.0019141900897866604,1.076079168675803
VTRS,EQUITY,20,182,88,0.4835164835164835,104,0.5,78,0.46153846153846156,53,0.5191489361702127,0.5170940170940171,-0.01648351648351648,-0.03563245265372922,-0.033577533577533625,-0.005431716996153571,-0.004411331462329193,0.9373894095892104
VTV,ETF,5,948,520,0.5485232067510548,748,0.5735294117647058,200,0.455,167,0.5721973094170404,0.48111510791366907,0.048523206751054815,-0.023674102665985575,0.06740809883738574,0.0006900630982073352,0.0018631103410782224,0.8952791871981416
VTV,ETF,10,947,532,0.5617740232312566,747,0.6037483266398929,200,0.405,167,0.604129263913824,0.5350089766606823,0.06177402323125658,-0.04235524068256746,0.026765046570574325,0.0010531788689373588,0.003495994173343009,0.8557707610830527
VTV,ETF,20,945,539,0.5703703703703704,745,0.6241610738255033,200,0.37,167,0.637589928057554,0.5162162162162162,0.07037037037037042,-0.06721955768718357,0.054154154154154255,0.0015694311553419759,0.0061710255656773905,0.8285105936563857
VUG,ETF,5,937,526,0.5613660618996799,774,0.5775193798449613,163,0.48466257668711654,177,0.573608617594255,0.49550359712230213,0.06136606189967986,-0.012242555694575108,0.06586246477737773,0.0015996209209759372,0.002894385026737778,0.928474538641744
VUG,ETF,10,936,547,0.5844017094017094,773,0.6131953428201811,163,0.44785276073619634,177,0.610062893081761,0.5481548154815482,0.08440170940170943,-0.025661183680051547,0.03624689392016123,0.0030809387958005796,0.005808683804903625,0.9073227066692281
VUG,ETF,20,935,584,0.6245989304812835,772,0.6593264248704663,163,0.4601226993865031,176,0.648964896489649,0.5522522522522523,0.12459893048128345,-0.02436596600836549,0.07234667822903118,0.004813943817461928,0.01227721783006741,0.7769088272135615
VWO,ETF,5,845,421,0.4982248520710059,516,0.5174418604651163,329,0.46808510638297873,212,0.5269631031220435,0.46824644549763034,-0.0017751479289940808,-0.02873825105103761,0.029978406573375582,0.00014642090545348698,0.0,1.0200631922274934
VWO,ETF,10,844,417,0.4940758293838863,515,0.5300970873786408,329,0.4376899696048632,212,0.5331439393939394,0.49146110056925996,-0.005924170616113722,-0.03906811001005317,0.0026147288146263215,0.000508742013759724,-0.0006311012439191854,1.0572837299411735
VWO,ETF,20,843,432,0.5124555160142349,514,0.5603112840466926,329,0.4376899696048632,211,0.5455407969639469,0.5023741690408358,0.01245551601423489,-0.03308528094971197,0.01008134697339913,0.0023053040837086123,0.0013389868332960297,1.0518750707182476
VYM,ETF,5,792,424,0.5353535353535354,625,0.5568,167,0.4550898203592814,176,0.5619834710743802,0.483402489626556,0.03535353535353536,-0.026629935720844822,0.05195104572697934,0.0002405484451506228,0.0015482046701473795,0.8951492658687504
VYM,ETF,10,791,433,0.5474083438685209,624,0.5833333333333334,167,0.41317365269461076,176,0.5842812823164426,0.5394190871369294,0.047408343868520886,-0.03687293844792172,0.007989256731591454,0.0007288974248260493,0.0025519081313074565,0.8823947519307829
VYM,ETF,20,789,442,0.5602027883396705,622,0.612540192926045,167,0.3652694610778443,176,0.6300518134715026,0.5109261186264308,0.06020278833967052,-0.06984902513183211,0.04927666971323974,0.0008927042083477586,0.005093064172608575,0.8295205034239804
VZ,EQUITY,5,870,421,0.4839080459770115,466,0.4892703862660944,404,0.4777227722772277,265,0.49691629955947136,0.470432480141218,-0.01609195402298852,-0.013008253582459883,0.013475565835793457,-0.0022245808926282685,-0.0005708122041646058,0.8580691787388859
VZ,EQUITY,10,869,408,0.46950517836593786,465,0.45806451612903226,404,0.48267326732673266,265,0.4911816578483245,0.484070796460177,-0.03049482163406214,-0.021676479482386657,-0.014565618094239119,-0.004718160036186622,-0.0027548209366390353,0.820250601250914
VZ,EQUITY,20,867,390,0.44982698961937717,463,0.42116630669546434,404,0.48267326732673266,265,0.4787985865724382,0.46371681415929206,-0.05017301038062283,-0.028971596953061007,-0.013889824539914886,-0.007684114136223323,-0.007550117156990388,0.8474466818914537
WAB,EQUITY,5,920,477,0.5184782608695652,697,0.533715925394548,223,0.47085201793721976,215,0.5427312775330396,0.4969108561341571,0.018478260869565166,-0.024253016663474458,0.02156740473540808,-0.0006752097117293951,0.0013481362215494452,0.891268517064087
WAB,EQUITY,10,919,470,0.5114254624591947,696,0.5531609195402298,223,0.3811659192825112,215,0.582010582010582,0.4942630185348632,0.011425462459194735,-0.07058511955138724,0.017162443924331527,-0.0015941012515364803,0.0011242270938729426,0.890937899598566
WAB,EQUITY,20,917,483,0.5267175572519084,694,0.579250720461095,223,0.3632286995515695,215,0.6051236749116607,0.5053003533568905,0.026717557251908386,-0.07840611765975236,0.02141720389501789,-0.0022828823460420023,0.006955591225254132,0.838192801637589
WAT,EQUITY,5,938,490,0.5223880597014925,648,0.5509259259259259,290,0.4586206896551724,197,0.5436123348017621,0.4881057268722467,0.02238805970149249,-0.021224275100269585,0.03428233282924581,0.0001409159835305797,0.0019712336841726796,0.9236120006337071
WAT,EQUITY,10,937,486,0.5186766275346851,647,0.5625965996908809,290,0.4206896551724138,197,0.5555555555555556,0.49338040600176525,0.01867662753468513,-0.03687892802087045,0.025296221532919883,-0.0005955158968532732,0.0019511902260378466,0.8997851960622748
WAT,EQUITY,20,935,486,0.5197860962566845,645,0.5751937984496124,290,0.39655172413793105,197,0.5706713780918727,0.5044169611307421,0.019786096256684482,-0.050885281835188256,0.015369135125942401,-0.004624304988007151,0.0036782344474650674,0.786441721472924
WBD,EQUITY,5,117,55,0.4700854700854701,56,0.5357142857142857,61,0.4098360655737705,48,0.5575757575757576,0.4727272727272727,-0.02991452991452992,-0.08749028749028753,-0.0026418026418026375,-0.002577322845809252,-0.006535947712418055,1.0231399125032343
WBD,EQUITY,10,116,56,0.4827586206896552,55,0.5272727272727272,61,0.4426229508196721,48,0.5365853658536586,0.5121951219512195,-0.017241379310344807,-0.053826745164003376,-0.02943650126156433,0.008679559810477301,-0.005036785332779736,1.3410142992774319
WBD,EQUITY,20,115,57,0.4956521739130435,55,0.509090909090909,60,0.48333333333333334,47,0.49382716049382713,0.4906832298136646,-0.004347826086956497,0.0018250134192163703,0.004968944099378925,0.01687382899655759,-0.0035545023696683664,1.3574994526759956
WDAY,EQUITY,5,515,247,0.4796116504854369,326,0.5,189,0.4444444444444444,145,0.5227272727272727,0.4863636363636364,-0.020388349514563087,-0.043115622241835794,-0.0067519858781994735,-0.0020189531628859282,-0.0029997600191984386,0.9871112889161382
WDAY,EQUITY,10,514,246,0.4785992217898833,325,0.47384615384615386,189,0.48677248677248675,145,0.5053110773899848,0.48406676783004554,-0.02140077821011671,-0.02671185560010153,-0.005467546040162252,-0.00384103700019236,-0.003878154131821132,0.9540706369691276
WDAY,EQUITY,20,512,235,0.458984375,323,0.47368421052631576,189,0.43386243386243384,145,0.528158295281583,0.4405487804878049,-0.041015625,-0.06917392028158298,0.01843559451219512,-0.010003320025918888,-0.008672741127102146,0.9215848744093311
WDC,EQUITY,5,932,502,0.5386266094420601,585,0.5641025641025641,347,0.4956772334293948,203,0.533920704845815,0.5039717563989409,0.03862660944206009,0.004705904596245092,0.034654853043119216,0.0036519818354406107,0.0041672573095523635,0.9950079616444083
WDC,EQUITY,10,932,513,0.5504291845493562,585,0.5914529914529915,347,0.4812680115273775,202,0.5599647266313933,0.5185512367491166,0.05042918454935619,-0.009535542082037107,0.03187794780023956,0.008651220967053872,0.009007332553504943,1.04115820913156
WDC,EQUITY,20,931,524,0.5628356605800214,584,0.6078767123287672,347,0.48703170028818443,201,0.5724381625441696,0.5464190981432361,0.06283566058002144,-0.009602501964148136,0.016416562436785354,0.015767838386626685,0.020157522360165547,1.0479924377330674
WEC,EQUITY,5,901,453,0.5027746947835738,673,0.5349182763744428,228,0.40789473684210525,234,0.5453744493392071,0.4832155477031802,0.002774694783573839,-0.04259975455563325,0.019559147080393635,-0.0013431119260746353,0.00020790020790006913,0.8548572922341188
WEC,EQUITY,10,900,473,0.5255555555555556,673,0.5690936106983655,227,0.3964757709251101,234,0.5705467372134039,0.5216622458001768,0.025555555555555554,-0.04499118165784832,0.0038933097553787155,-0.0015420758609051622,0.0021748622640164195,0.8034266662079411
WEC,EQUITY,20,898,454,0.5055679287305123,673,0.5676077265973254,225,0.32,234,0.5936395759717314,0.5,0.0055679287305122616,-0.08807164724121919,0.0055679287305122616,-0.003158967235617772,0.0006569484433989192,0.8281761426407009
WELL,EQUITY,5,307,156,0.50814332247557,245,0.5265306122448979,62,0.43548387096774194,73,0.5342105263157895,0.48157894736842105,0.008143322475570036,-0.026067203840219433,0.026564375107148985,0.0006073460940496044,0.0009632751354604618,1.0049528356974895
WELL,EQUITY,10,306,163,0.5326797385620915,244,0.5655737704918032,62,0.4032258064516129,73,0.58311345646438,0.48548812664907653,0.0326797385620915,-0.050433717902288455,0.047191611913014964,0.0014126558612264763,0.003139428237075137,0.9376917585844319
WELL,EQUITY,20,304,160,0.5263157894736842,242,0.5867768595041323,62,0.2903225806451613,73,0.6074270557029178,0.46419098143236076,0.02631578947368418,-0.08111126622923359,0.06212480804132342,-0.00129458758910985,0.006324392455952621,0.8640129517292797
WFC,EQUITY,5,905,446,0.49281767955801103,586,0.5187713310580204,319,0.445141065830721,230,0.5259911894273128,0.45181255526083114,-0.007182320441988965,-0.03317350986930179,0.041005124297179896,-0.0011913760233110342,-0.0002845759817871052,0.9531895491023882
WFC,EQUITY,10,904,439,0.4856194690265487,585,0.5247863247863248,319,0.41379310344827586,230,0.5440917107583775,0.4889673433362754,-0.014380530973451322,-0.0584722417318288,-0.003347874309726717,-0.002458555168969135,-0.0009026638565080014,0.9436278821525586
WFC,EQUITY,20,902,450,0.49889135254988914,583,0.5454545454545454,319,0.41379310344827586,230,0.5565371024734982,0.49469964664310956,-0.0011086474501108556,-0.057645749923609046,0.004191705906779586,-0.0029737426740183612,0.0,0.9094013246851955
WM,EQUITY,5,676,367,0.5428994082840237,542,0.5645756457564576,134,0.4552238805970149,151,0.5598548972188634,0.5078979343863913,0.04289940828402372,-0.01695548893483967,0.03500147389763242,0.0003283085084817027,0.0022717140450347895,0.8727391235563795
WM,EQUITY,10,676,375,0.5547337278106509,542,0.5885608856088561,134,0.417910447761194,150,0.5944309927360775,0.5236363636363637,0.05473372781065089,-0.03969726492542658,0.031097364174287212,0.0008509274600545836,0.004187727659347051,0.8588579513756541
WM,EQUITY,20,675,353,0.522962962962963,541,0.5693160813308688,134,0.3358208955223881,149,0.5983009708737864,0.5309842041312273,0.022962962962962963,-0.07533800791082346,-0.008021241168264304,-0.0006527979078660589,0.0016646848989299023,0.8800048752173324
WMB,EQUITY,5,904,457,0.5055309734513275,639,0.5320813771517997,265,0.44150943396226416,231,0.5436123348017621,0.479295154185022,0.00553097345132747,-0.038081361350434606,0.02623581926630547,1.6168744820080644e-05,0.0006548961821835064,0.9790077783816231
WMB,EQUITY,10,903,465,0.5149501661129569,638,0.554858934169279,265,0.4188679245283019,231,0.564373897707231,0.5101500441306267,0.014950166112956853,-0.049423731594274156,0.004800121982330152,-9.458068934790693e-05,0.0017846519928614857,0.9383652682826107
WMB,EQUITY,20,903,468,0.5182724252491694,638,0.567398119122257,265,0.4,229,0.5768551236749117,0.5212389380530974,0.01827242524916939,-0.05858269842574226,-0.002966512803928012,0.0021789377448513856,0.004299226139294898,0.9886224858198835
WMT,EQUITY,5,920,449,0.4880434782608696,624,0.5208333333333334,296,0.4189189189189189,215,0.5400881057268723,0.47699115044247786,-0.011956521739130421,-0.05204462746600269,0.011052327818391716,-0.0012383994712640942,-0.0010105733405564865,0.926981412093977
WMT,EQUITY,10,920,459,0.4989130434782609,624,0.5512820512820513,296,0.3885135135135135,214,0.5661375661375662,0.49645390070921985,-0.0010869565217391242,-0.06722452265930529,0.002459142769041023,-0.0012812678415078332,0.0,0.9156300109898968
WMT,EQUITY,20,918,426,0.46405228758169936,624,0.5272435897435898,294,0.3299319727891156,214,0.5680212014134276,0.47699115044247786,-0.03594771241830064,-0.10396891383172824,-0.0129388628607785,-0.0021935568027809213,-0.0031279856330072575,1.031253462777495
WRB,EQUITY,5,698,339,0.48567335243553006,584,0.5102739726027398,114,0.35964912280701755,197,0.5441340782122905,0.46472564389697646,-0.014326647564469941,-0.05846072577676048,0.0209477085385536,-0.000991826803239043,-0.0006387557895612406,0.9632421620294896
WRB,EQUITY,10,698,349,0.5,584,0.5445205479452054,114,0.2719298245614035,196,0.5850111856823266,0.4887640449438202,0.0,-0.08501118568232657,0.011235955056179803,-0.0010526165133960665,0.00017873431452308797,0.9300571071859304
WRB,EQUITY,20,696,350,0.5028735632183908,582,0.5481099656357389,114,0.2719298245614035,196,0.5952914798206278,0.4797752808988764,0.002873563218390829,-0.09241791660223697,0.02309828231951444,-0.0006818875711227211,0.0007604457131641373,0.9568152274864309
WSM,EQUITY,5,907,439,0.48401323042998895,552,0.5090579710144928,355,0.4450704225352113,228,0.5215859030837005,0.470432480141218,-0.01598676957001105,-0.0375726726537115,0.013580750288770926,-0.0013964359641635143,-0.0012772019452768069,0.9969563123619736
WSM,EQUITY,10,906,439,0.4845474613686534,551,0.5136116152450091,355,0.4394366197183099,228,0.527336860670194,0.4929453262786596,-0.015452538631346602,-0.04278939930154063,-0.008397864910006214,-0.0014711805232738736,-0.001593971273762984,1.0113590334274984
WSM,EQUITY,20,904,437,0.4834070796460177,549,0.517304189435337,355,0.4309859154929577,228,0.5424028268551236,0.4920353982300885,-0.0165929203539823,-0.05899574720910594,-0.008628318584070815,-0.004151387540428612,-0.003991673462662382,0.9676403170099124
WST,EQUITY,5,930,484,0.5204301075268817,645,0.5550387596899224,285,0.4421052631578947,205,0.5462555066079295,0.48984995586937335,0.02043010752688168,-0.025825399081047862,0.030580151657508325,0.001413397141989114,0.0025098819741813383,1.0130615525840265
WST,EQUITY,10,929,482,0.5188374596340151,644,0.5683229813664596,285,0.4070175438596491,205,0.562610229276896,0.495583038869258,0.018837459634015064,-0.043772769642880904,0.02325442076475709,0.0019663713857049573,0.002477046040029074,1.017034826151503
WST,EQUITY,20,928,501,0.5398706896551724,643,0.6034214618973561,285,0.39649122807017545,204,0.5936395759717314,0.5163572060123784,0.039870689655172376,-0.05376888631655907,0.02351348364279393,0.0004416273047447884,0.007323838678889749,0.8644454304464526
WTW,EQUITY,5,146,69,0.4726027397260274,94,0.5531914893617021,52,0.3269230769230769,32,0.5842696629213483,0.4293785310734463,-0.0273972602739726,-0.1116669231953209,0.043224208652581086,-0.0019830115007756473,-0.0004151929255878928,0.9380234422795729
WTW,EQUITY,10,145,66,0.45517241379310347,93,0.5161290322580645,52,0.34615384615384615,32,0.559322033898305,0.4576271186440678,-0.04482758620689653,-0.10414962010520157,-0.0024547048509643288,-0.0017347256813457436,-0.003744077399688628,1.071036544915637
WTW,EQUITY,20,143,65,0.45454545454545453,91,0.5274725274725275,52,0.3269230769230769,32,0.5657142857142857,0.49714285714285716,-0.04545454545454547,-0.1111688311688312,-0.042597402597402634,-0.005687314707394973,-0.0023047815617475154,0.9309294476583366
WY,EQUITY,5,871,431,0.49483352468427094,490,0.5061224489795918,381,0.48031496062992124,264,0.5118942731277533,0.5013286093888397,-0.005166475315729058,-0.01706074844348232,-0.0064950847045687765,-0.0020665469733887284,-0.0004496170883976358,0.8999564176465606
WY,EQUITY,10,870,407,0.46781609195402296,489,0.49284253578732107,381,0.4356955380577428,264,0.5264550264550265,0.4929203539823009,-0.03218390804597704,-0.05863893450100355,-0.025104262028277924,-0.004443764125478894,-0.004584242755727219,0.9341693610282097
WY,EQUITY,20,869,381,0.43843498273878023,488,0.46311475409836067,381,0.4068241469816273,263,0.495583038869258,0.45977011494252873,-0.06156501726121977,-0.05714805613047774,-0.021335132203748497,-0.010279978568295196,-0.0086015538290789,0.9318779830584665
WYNN,EQUITY,5,903,451,0.4994462901439646,498,0.5100401606425703,405,0.48641975308641977,232,0.5039647577092511,0.5230088495575221,-0.0005537098560354226,-0.00451846756528651,-0.02356255941355756,-0.0007155587411497541,-0.0,0.973278520535723
WYNN,EQUITY,10,903,453,0.5016611295681063,498,0.5180722891566265,405,0.48148148148148145,231,0.5149911816578483,0.5185185185185185,0.0016611295681062677,-0.013330052089742028,-0.016857388950412222,-0.0012520410002269755,0.0002617572637639842,0.9583504073903161
WYNN,EQUITY,20,902,454,0.5033259423503326,498,0.5100401606425703,404,0.49504950495049505,230,0.5185512367491166,0.4664310954063604,0.003325942350332567,-0.015225294398784062,0.03689484694397216,-0.0019326522297112008,0.0009201491110895632,0.9494910241003254
XBI,ETF,5,816,410,0.5024509803921569,566,0.5300353356890459,250,0.44,193,0.5450941526263627,0.4886025768087215,0.002450980392156854,-0.042643172234205884,0.013848403583435365,-0.00018838082968712942,0.00014284807552522594,0.9779347896241817
XBI,ETF,10,815,404,0.49570552147239266,565,0.5380530973451327,250,0.4,193,0.5555555555555556,0.48214285714285715,-0.004294478527607337,-0.05985003408316292,0.013562664329535512,-0.00102551910029562,-0.0002574333891105507,0.970002368686446
XBI,ETF,20,814,427,0.5245700245700246,564,0.5762411347517731,250,0.408,192,0.5805168986083499,0.4990059642147117,0.02457002457002455,-0.05594687403832532,0.025564060355312834,-7.653164295818323e-05,0.003624136787488963,0.9040802101888635
XEL,EQUITY,5,905,441,0.487292817679558,663,0.5173453996983409,242,0.4049586776859504,230,0.5374449339207048,0.4765694076038904,-0.01270718232044199,-0.050152116241146794,0.010723410075667628,-0.0018592298468886222,-0.0005640157924420297,0.8644498945626324
XEL,EQUITY,10,905,473,0.5226519337016574,663,0.5761689291101055,242,0.3760330578512397,229,0.5828924162257496,0.5185512367491166,0.022651933701657412,-0.0602404825240922,0.004100696952540783,-0.0025486806247207085,0.0019680196801967753,0.7527765466302861
XEL,EQUITY,20,904,435,0.4811946902654867,663,0.5324283559577677,241,0.34024896265560167,228,0.5750883392226148,0.49911504424778763,-0.018805309734513276,-0.0938936489571281,-0.017920353982300907,-0.004341143951210075,-0.0021708215129045416,0.8556694019641785
XHB,ETF,5,813,418,0.5141451414514145,554,0.5072202166064982,259,0.528957528957529,196,0.5133795837462835,0.49355797819623387,0.014145141451414545,0.0007655577051310924,0.020587163255180674,0.00021706879174018692,0.001148369315572051,0.9580252977627317
XHB,ETF,10,812,402,0.49507389162561577,553,0.5099457504520796,259,0.46332046332046334,196,0.5396825396825397,0.5079365079365079,-0.0049261083743842304,-0.04460864805692388,-0.012862616310892139,0.0008831076303484167,-0.0005344280292404746,1.062794804089271
XHB,ETF,20,811,433,0.5339087546239211,552,0.5615942028985508,259,0.4749034749034749,195,0.558648111332008,0.5039761431411531,0.03390875462392107,-0.024739356708086913,0.029932611482767935,0.0005035288971608055,0.005626598465473087,0.8874703262389356
XLB,ETF,5,912,463,0.5076754385964912,681,0.5242290748898678,231,0.4588744588744589,223,0.5418502202643172,0.48144876325088337,0.007675438596491224,-0.03417478166782595,0.026226675345607853,-0.00046768764566633035,0.0004196212565797941,0.9296605611148041
XLB,ETF,10,911,454,0.4983534577387486,680,0.525,231,0.4199134199134199,223,0.5564373897707231,0.5088495575221239,-0.0016465422612513825,-0.05808393203197448,-0.01049609978337529,-0.0013320453367765357,0.0,0.9229851806268468
XLB,ETF,20,909,454,0.49944994499449946,678,0.532448377581121,231,0.4025974025974026,223,0.573321554770318,0.4796819787985866,-0.0005500550055005382,-0.07387160977581853,0.019767966195912867,-0.0043008331992133485,0.0,0.8249122387225742
XLC,ETF,5,311,178,0.572347266881029,241,0.5892116182572614,70,0.5142857142857142,53,0.5659340659340659,0.5082417582417582,0.072347266881029,0.006413200946963071,0.06410550863927078,0.0034117207544274017,0.004467519922723984,1.0259985607399984
XLC,ETF,10,310,184,0.5935483870967742,240,0.6375,70,0.44285714285714284,53,0.6060606060606061,0.56353591160221,0.09354838709677415,-0.012512218963831923,0.030012475494564206,0.005465538622388886,0.007193512558896775,1.009394093444844
XLC,ETF,20,308,199,0.6461038961038961,239,0.702928870292887,69,0.4492753623188406,53,0.6481994459833795,0.5872576177285319,0.14610389610389607,-0.0020955498794834604,0.05884627837536416,0.009481626143315589,0.01679394841198445,0.8591756065810341
XLE,ETF,5,886,450,0.5079006772009029,583,0.5368782161234992,303,0.4521452145214521,249,0.5488986784140969,0.4973544973544973,0.007900677200902928,-0.04099800121319397,0.010546179846405601,-0.0008592995038736295,0.0006922993463572835,0.9125892197153456
XLE,ETF,10,885,422,0.4768361581920904,582,0.49828178694158076,303,0.43564356435643564,249,0.5361552028218695,0.5044169611307421,-0.02316384180790959,-0.05931904462977905,-0.027580802938651672,-0.000863533237665992,-0.0034144259496371454,1.051782460427325
XLE,ETF,20,883,457,0.5175537938844847,580,0.553448275862069,303,0.44884488448844884,249,0.5662544169611308,0.48717948717948717,0.017553793884484747,-0.04870062307664602,0.030374306704997578,-8.427899878779425e-05,0.0032933427428840645,0.9294560558739641
XLF,ETF,5,912,469,0.5142543859649122,658,0.5379939209726444,254,0.452755905511811,223,0.5462555066079295,0.4706405693950178,0.014254385964912242,-0.0320011206430173,0.04361381656989444,0.0008002156642797523,0.0008430064427453754,1.0107266164285578
XLF,ETF,10,911,475,0.5214050493962679,657,0.558599695585997,254,0.4251968503937008,223,0.5776014109347443,0.5061946902654867,0.02140504939626786,-0.0561963615384764,0.01521035913078117,0.0010735087465872392,0.0021222410865875396,0.9797555782296841
XLF,ETF,20,909,477,0.5247524752475248,655,0.5709923664122137,254,0.40551181102362205,223,0.588339222614841,0.49955634427684115,0.024752475247524774,-0.06358674736731618,0.025196130970683628,0.001075590652273217,0.003437022441405535,0.9481071134375919
XLI,ETF,5,944,512,0.5423728813559322,748,0.5561497326203209,196,0.4897959183673469,191,0.5594713656387665,0.48717948717948717,0.0423728813559322,-0.017098484282834336,0.05519339417644503,0.0004622301907219917,0.002003369647003206,0.8841400170971726
XLI,ETF,10,943,515,0.5461293743372216,747,0.571619812583668,196,0.4489795918367347,191,0.5776014109347443,0.5212014134275619,0.04612937433722164,-0.031472036597522624,0.024927960909659763,0.0013312056417576121,0.0026120428924938377,0.9158911987980256
XLI,ETF,20,941,506,0.5377258235919234,745,0.5718120805369128,196,0.40816326530612246,191,0.598939929328622,0.48804251550044286,0.037725823591923446,-0.0612141057366985,0.04968330809148058,0.00030107247623623507,0.0050593500681066494,0.8728453322817098
XLK,ETF,5,956,534,0.5585774058577406,774,0.5723514211886305,182,0.5,179,0.5621145374449339,0.5026455026455027,0.05857740585774063,-0.003537131587193265,0.055931903212237954,0.0015302913628382868,0.0035220306338819007,0.9187592847939217
XLK,ETF,10,955,549,0.574869109947644,773,0.6054333764553687,182,0.44505494505494503,179,0.5987654320987654,0.5358090185676393,0.07486910994764395,-0.023896322151121474,0.03906009138000466,0.0029595363474520815,0.005983545250560995,0.9131516467015516
XLK,ETF,20,954,568,0.5953878406708596,772,0.633419689119171,182,0.4340659340659341,178,0.6369257950530035,0.5273851590106007,0.09538784067085959,-0.041537954382143916,0.06800268166025891,0.00436466335161517,0.010392046508776731,0.8362533861662715
XLP,ETF,5,905,450,0.4972375690607735,729,0.532235939643347,176,0.3522727272727273,230,0.5621145374449339,0.48355555555555557,-0.0027624309392265123,-0.0648769683841604,0.013682013505217916,-0.0008159668500552839,0.0,0.890662529539157
XLP,ETF,10,904,465,0.5143805309734514,728,0.5494505494505495,176,0.3693181818181818,230,0.5776014109347443,0.5026642984014209,0.014380530973451378,-0.06322087996129289,0.011716232572030472,-0.0011448543790844607,0.000871358191856908,0.8270647186289706
XLP,ETF,20,902,461,0.5110864745011087,726,0.5578512396694215,176,0.3181818181818182,230,0.6033568904593639,0.49556737588652483,0.011086474501108667,-0.09227041595825525,0.015519098614583837,-0.003302090200312318,0.0009964831114120942,0.736226356785291
XLRE,ETF,5,386,188,0.48704663212435234,264,0.5113636363636364,122,0.4344262295081967,118,0.5337301587301587,0.47410358565737054,-0.012953367875647659,-0.04668352660580638,0.0129430464669818,-0.002368292472299197,-0.0006653491603885731,0.8331383357703374
XLRE,ETF,10,385,173,0.44935064935064933,263,0.5019011406844106,122,0.3360655737704918,118,0.5526838966202783,0.4590818363273453,-0.050649350649350666,-0.10333324726962895,-0.009731186976695949,-0.004605525111871321,-0.003597122302158251,0.8790440093020936
XLRE,ETF,20,383,167,0.4360313315926893,261,0.4942528735632184,122,0.3114754098360656,118,0.5668662674650699,0.424,-0.06396866840731069,-0.13083493587238054,0.01203133159268932,-0.010156795251927237,-0.00580457916801036,0.7580824400491214
XLU,ETF,5,895,443,0.4949720670391061,677,0.534711964549483,218,0.37155963302752293,240,0.5568281938325991,0.47833775419982316,-0.005027932960893877,-0.06185612679349295,0.01663431283928296,-0.0016796144686259608,-0.0003954913980621644,0.8402452530285872
XLU,ETF,10,894,437,0.4888143176733781,677,0.5376661742983752,217,0.33640552995391704,240,0.5714285714285714,0.47345132743362833,-0.011185682326621926,-0.08261425375519332,0.015362990239749741,-0.002819523644510918,-0.0005065524337148353,0.8248669927667961
XLU,ETF,20,893,429,0.48040313549832026,677,0.5391432791728212,216,0.2962962962962963,239,0.5945229681978799,0.4796099290780142,-0.019596864501679745,-0.11411983269955961,0.0007932064203060585,-0.004134974852038241,-0.0010176390773406485,0.8482620026507368
XLV,ETF,5,943,486,0.5153764581124072,728,0.5563186813186813,215,0.3767441860465116,192,0.5700440528634361,0.4836716681376876,0.015376458112407176,-0.05466759475102889,0.031704789974719594,-0.00018514169084106905,0.0006414368184732844,0.9182313613268567
XLV,ETF,10,942,498,0.5286624203821656,727,0.5749656121045392,215,0.37209302325581395,192,0.5802469135802469,0.5101860053144376,0.0286624203821656,-0.05158449319808134,0.018476415067728014,7.523814720003667e-05,0.0014747964004585556,0.8978738573133019
XLV,ETF,20,940,524,0.5574468085106383,725,0.6137931034482759,215,0.3674418604651163,192,0.6139575971731449,0.5244010647737356,0.057446808510638325,-0.056510788662506584,0.03304574373690272,0.0004376940575038751,0.005276415586606409,0.8174545613050335
XLY,ETF,5,942,519,0.5509554140127388,738,0.5609756097560976,204,0.5147058823529411,193,0.5462555066079295,0.4787985865724382,0.05095541401273884,0.0046999074048093,0.07215682744030066,0.001258103707931568,0.0025564893743282857,0.9193486482868697
XLY,ETF,10,941,508,0.5398512221041445,737,0.5725915875169606,204,0.4215686274509804,193,0.5802469135802469,0.5225464190981433,0.03985122210414449,-0.04039569147610245,0.017304803006001235,0.0020590745525145434,0.0035466461063995425,0.9819601371992641
XLY,ETF,20,939,547,0.582534611288605,736,0.6304347826086957,203,0.4088669950738916,193,0.6183745583038869,0.5341614906832298,0.08253461128860495,-0.035839947015281926,0.04837312060537513,0.0026454945745972634,0.007887914391306872,0.8130962374397344
XOM,EQUITY,5,883,434,0.49150622876557193,522,0.524904214559387,361,0.44321329639889195,252,0.5295154185022026,0.4840989399293286,-0.008493771234428071,-0.0380091897366307,0.007407288836243309,-0.0010054540611973823,-0.00034467901766477294,0.9567442223091261
XOM,EQUITY,10,882,436,0.4943310657596372,521,0.5374280230326296,361,0.43213296398891965,252,0.5352733686067019,0.49734982332155475,-0.0056689342403628,-0.04094230284706474,-0.003018757561917551,-0.0016275615203779205,-0.0008493445102770725,0.9348919860745097
XOM,EQUITY,20,880,421,0.4784090909090909,519,0.5144508670520231,361,0.4265927977839335,252,0.5415194346289752,0.47833775419982316,-0.021590909090909105,-0.06311034371988433,7.133670926773306e-05,-0.0016338849958900396,-0.002941419402708867,1.0226691777353045
XOP,ETF,5,775,383,0.4941935483870968,442,0.5158371040723982,333,0.46546546546546547,215,0.5272727272727272,0.506572295247725,-0.005806451612903218,-0.033079178885630445,-0.012378746860628176,0.00020101539673866866,-0.00035155563367905707,1.0338569684789367
XOP,ETF,10,774,378,0.4883720930232558,441,0.5238095238095238,333,0.44144144144144143,215,0.5288169868554095,0.49190283400809715,-0.011627906976744207,-0.04044489383215366,-0.003530740984841352,0.0004425809569892178,-0.001490270191272236,1.063802374855274
XOP,ETF,20,772,372,0.48186528497409326,439,0.5125284738041003,333,0.44144144144144143,215,0.5349544072948328,0.4847870182555781,-0.018134715025906745,-0.053089122320739535,-0.0029217332814848174,0.0003637511445714906,-0.00478095081245411,1.0846693084339927
XPH,ETF,5,789,400,0.5069708491761724,508,0.5511811023622047,281,0.42704626334519574,197,0.552738336713996,0.4964322120285423,0.006970849176172411,-0.04576748753782356,0.010538637147630092,-0.00041859040699862967,0.0005678095654073623,0.9380178207529292
XPH,ETF,10,788,407,0.516497461928934,507,0.5779092702169625,281,0.40569395017793597,197,0.5756345177664974,0.5238578680203045,0.016497461928933976,-0.05913705583756346,-0.007360406091370564,0.00029323751499944696,0.0018601115000462798,0.9530496090503029
XPH,ETF,20,786,407,0.5178117048346056,505,0.592079207920792,281,0.38434163701067614,197,0.5920651068158698,0.527013251783894,0.01781170483460559,-0.07425340198126418,-0.00920154694928843,0.0003279686986786351,0.002995721341251978,0.9439729374889553
XRT,ETF,5,787,418,0.531130876747141,506,0.5533596837944664,281,0.49110320284697506,202,0.5429726996966633,0.48530901722391084,0.03113087674714099,-0.011841822949522296,0.045821859523230146,0.0011421322053287576,0.0018110152338339791,0.9628017928439385
XRT,ETF,10,786,412,0.5241730279898219,505,0.5564356435643565,281,0.46619217081850534,202,0.5536437246963563,0.5152129817444219,0.024173027989821905,-0.02947069670653435,0.008960046245400033,0.002338063920435527,0.0020317652934451758,1.0343432537521353
XRT,ETF,20,784,413,0.5267857142857143,503,0.5705765407554672,281,0.4483985765124555,202,0.5679513184584178,0.5045685279187817,0.0267857142857143,-0.04116560417270354,0.022217186366932595,0.00017863310157071702,0.003965177964640354,0.9044572460963082
XYL,EQUITY,5,568,294,0.5176056338028169,411,0.5571776155717761,157,0.4140127388535032,142,0.5605633802816902,0.5176304654442877,0.017605633802816878,-0.04295774647887329,-2.483164147082384e-05,-0.0009841399444294554,0.0015169306134765748,0.8644014043846283
XYL,EQUITY,10,568,297,0.522887323943662,411,0.5644768856447688,157,0.4140127388535032,141,0.5655853314527504,0.5113314447592068,0.022887323943661997,-0.042698007509088365,0.01155587918445522,-0.0017057614866815565,0.0027447479133693164,0.8327626144663288
XYL,EQUITY,20,568,295,0.5193661971830986,411,0.5815085158150851,157,0.35668789808917195,139,0.5813295615275813,0.5155807365439093,0.01936619718309862,-0.061963364344482685,0.0037854606391892753,-0.003405027921466749,0.00544015010899912,0.8217841372018695
XYZ,EQUITY,5,18,10,0.5555555555555556,17,0.5882352941176471,1,0.0,2,0.65,0.45,0.05555555555555558,-0.09444444444444444,0.10555555555555557,0.004636236171275849,0.0038525836512350864,1.0064265838794564
XYZ,EQUITY,10,17,12,0.7058823529411765,16,0.75,1,0.0,2,0.7894736842105263,0.5263157894736842,0.20588235294117652,-0.08359133126934981,0.17956656346749233,0.008999530893918773,0.016262196647485627,0.5816005755692761
XYZ,EQUITY,20,15,11,0.7333333333333333,14,0.7857142857142857,1,0.0,2,0.8235294117647058,0.5294117647058824,0.23333333333333328,-0.09019607843137256,0.20392156862745092,0.027834905616948777,0.03677758318739044,0.8247052784102419
YUM,EQUITY,5,905,453,0.5005524861878453,687,0.512372634643377,218,0.463302752293578,230,0.5224669603524229,0.46814159292035395,0.0005524861878453136,-0.02191447416457759,0.03241089326749136,-0.0008369654715450205,0.00013463102684196926,0.931384697553517
YUM,EQUITY,10,904,428,0.47345132743362833,687,0.512372634643377,217,0.35023041474654376,230,0.5608465608465608,0.47614840989399293,-0.026548672566371667,-0.08739523341293248,-0.002697082460364597,-0.0019019087468256446,-0.002536400405133643,0.993220278018213
YUM,EQUITY,20,902,430,0.47671840354767187,687,0.5240174672489083,215,0.32558139534883723,230,0.5759717314487632,0.45977011494252873,-0.023281596452328135,-0.09925332790109137,0.016948288605143136,-0.00572536158411786,-0.0023779983952623707,0.86417099814931
ZBH,EQUITY,5,409,191,0.4669926650366748,202,0.5,207,0.43478260869565216,110,0.5298651252408478,0.5028901734104047,-0.0330073349633252,-0.06287246020417303,-0.03589750837372985,-0.0033331472489728895,-0.00309701743755475,0.8956557914738771
ZBH,EQUITY,10,408,189,0.4632352941176471,201,0.5024875621890548,207,0.4251207729468599,110,0.5366795366795367,0.45366795366795365,-0.03676470588235292,-0.07344424256188964,0.009567340449693429,-0.008335246669598308,-0.004916753398323148,0.7525912192442299
ZBH,EQUITY,20,406,172,0.4236453201970443,199,0.44221105527638194,207,0.4057971014492754,110,0.5155038759689923,0.45930232558139533,-0.07635467980295568,-0.09185855577194796,-0.035657005384351015,-0.016564135522317284,-0.009997929145830753,0.7457188726563393
ZBRA,EQUITY,5,902,468,0.5188470066518847,580,0.5344827586206896,322,0.4906832298136646,233,0.5180616740088105,0.48278905560458957,0.018847006651884657,0.0007853326430741214,0.03605795104729509,0.0012191763328573478,0.0022040712504118876,0.9929446885978522
ZBRA,EQUITY,10,901,463,0.5138734739178691,579,0.5250431778929189,322,0.4937888198757764,233,0.5326278659611993,0.5132275132275133,0.013873473917869084,-0.01875439204333018,0.000645960690355829,0.002338653441273855,0.0023431398073419096,1.038907236663851
ZBRA,EQUITY,20,899,491,0.5461624026696329,577,0.5632582322357019,322,0.515527950310559,233,0.5512367491166078,0.5070671378091873,0.046162402669632896,-0.005074346446974909,0.03909526486044557,0.007155498479363264,0.012935323383084563,1.006195947394071
ZTS,EQUITY,5,537,287,0.5344506517690876,372,0.5698924731182796,165,0.45454545454545453,108,0.5751937984496124,0.4744186046511628,0.03445065176908757,-0.04074314668052481,0.06003204711792476,0.0020401689973963666,0.002398656752218953,1.0201946841486391
ZTS,EQUITY,10,536,292,0.5447761194029851,372,0.5698924731182796,164,0.4878048780487805,108,0.5543478260869565,0.4867807153965785,0.04477611940298509,-0.009571706683971448,0.05799540400640657,0.0043100995110054285,0.0034166307248471584,1.0634233962498072
ZTS,EQUITY,20,534,310,0.5805243445692884,372,0.6155913978494624,162,0.5,108,0.5825545171339563,0.5280373831775701,0.08052434456928836,-0.002030172564667976,0.05248696139171827,0.006572855531333547,0.00997809931350302,0.9422048406916822
