symbol,row_count,development_row_count,validation_row_count,final_holdout_row_count,nearest_destination_available_count,atr_available_count,materialization_file,materialization_sha256
A,300,161,65,74,300,300,/Users/vinay.hatti/TradingPlatform/research_data/m77_19_7_4_10/h4_point_in_time_structural_downside_room/A.jsonl.gz,d351322adaf7d6f406a19f0e4e9039ac9b43915b24a3badbb4748e3cb8652e24
AAPL,183,110,40,33,183,183,/Users/vinay.hatti/TradingPlatform/research_data/m77_19_7_4_10/h4_point_in_time_structural_downside_room/AAPL.jsonl.gz,f1398aeafa5738088664e9efda82d1f8127576fe7de74313d7976cddf1aaca30
ABBV,163,38,81,44,163,163,/Users/vinay.hatti/TradingPlatform/research_data/m77_19_7_4_10/h4_point_in_time_structural_downside_room/ABBV.jsonl.gz,caa6e66c3ddd432c5669a35061cd40bc4daea7f8e1910912280b3326841620da
ABNB,92,0,31,61,92,92,/Users/vinay.hatti/TradingPlatform/research_data/m77_19_7_4_10/h4_point_in_time_structural_downside_room/ABNB.jsonl.gz,cd749fca4ba9385f44df958a0db78bf0797f8a542f06a58c0e5e5fa7bcb9ab72
ABT,323,205,44,74,323,323,/Users/vinay.hatti/TradingPlatform/research_data/m77_19_7_4_10/h4_point_in_time_structural_downside_room/ABT.jsonl.gz,f1161f1c6ded237924c9039eb74f37faf1e9b718804fce611ded9f4e9c7931de
ACGL,170,67,62,41,170,170,/Users/vinay.hatti/TradingPlatform/research_data/m77_19_7_4_10/h4_point_in_time_structural_downside_room/ACGL.jsonl.gz,95051bb52fde5f6daa8b82b892564d0ad1f0e5662c1e03d474685c3108f4a5fd
ACN,246,123,46,77,246,246,/Users/vinay.hatti/TradingPlatform/research_data/m77_19_7_4_10/h4_point_in_time_structural_downside_room/ACN.jsonl.gz,e17995b133452c5fc4c8431508ea6c7a37862b81a066d6337793bdc98c4109be
ADBE,269,121,56,92,269,269,/Users/vinay.hatti/TradingPlatform/research_data/m77_19_7_4_10/h4_point_in_time_structural_downside_room/ADBE.jsonl.gz,ec42c1907a5ab5b300d300760cddaae80f5f98dd1a17c2621419a5707946b35f
ADI,253,173,48,32,253,253,/Users/vinay.hatti/TradingPlatform/research_data/m77_19_7_4_10/h4_point_in_time_structural_downside_room/ADI.jsonl.gz,917b1fec9ab5dbca26ed9aaef289b7f0d8e10ef585521296e70c61c060f8cb1b
ADM,343,200,52,91,343,343,/Users/vinay.hatti/TradingPlatform/research_data/m77_19_7_4_10/h4_point_in_time_structural_downside_room/ADM.jsonl.gz,55a1f14c6952c87f492e2fb968db47151ed47cffaf40ec83d0b03441e2d8d32c
ADP,254,150,45,59,254,254,/Users/vinay.hatti/TradingPlatform/research_data/m77_19_7_4_10/h4_point_in_time_structural_downside_room/ADP.jsonl.gz,adc80e8f90b06670fc1b0c0ea86d9fd32f6c7b8845bc2f3aab3ee2258a851e1d
ADSK,326,186,75,65,326,326,/Users/vinay.hatti/TradingPlatform/research_data/m77_19_7_4_10/h4_point_in_time_structural_downside_room/ADSK.jsonl.gz,863f5a57a3bf55a12433859bb95d14d4eed84c19c560d9bd875ce94e68d8c44d
AEE,289,182,50,57,289,289,/Users/vinay.hatti/TradingPlatform/research_data/m77_19_7_4_10/h4_point_in_time_structural_downside_room/AEE.jsonl.gz,4b3234a5d15c239a27328f7555a68f809e1decfabea367234c2fa503d61aab99
AEP,266,156,65,45,266,266,/Users/vinay.hatti/TradingPlatform/research_data/m77_19_7_4_10/h4_point_in_time_structural_downside_room/AEP.jsonl.gz,080e57d511861dd4b76628daed4adfe620244a0bfda65f44e385802f7763a289
AES,368,223,60,85,368,368,/Users/vinay.hatti/TradingPlatform/research_data/m77_19_7_4_10/h4_point_in_time_structural_downside_room/AES.jsonl.gz,ec94dc06eefb3d411027388458ed1aea7213487ef3d911e2bff919e954ce45f0
AFL,231,160,50,21,231,231,/Users/vinay.hatti/TradingPlatform/research_data/m77_19_7_4_10/h4_point_in_time_structural_downside_room/AFL.jsonl.gz,b3357463bc9d597c0523afe04ca9745756507391195e2fbbc0eabb368ab30d48
AGG,387,201,108,78,386,387,/Users/vinay.hatti/TradingPlatform/research_data/m77_19_7_4_10/h4_point_in_time_structural_downside_room/AGG.jsonl.gz,e36a9391defadf532e3f5963420ff4a52d890861547581d19f5b6f5219b47b18
AIG,370,231,92,47,370,370,/Users/vinay.hatti/TradingPlatform/research_data/m77_19_7_4_10/h4_point_in_time_structural_downside_room/AIG.jsonl.gz,4b16ddef09b43ba544fd97f4bb184cd288032f572e34379b9c448f0b4c53ffde
AIZ,241,131,74,36,241,241,/Users/vinay.hatti/TradingPlatform/research_data/m77_19_7_4_10/h4_point_in_time_structural_downside_room/AIZ.jsonl.gz,57134842d2ae7da03576d6f31cba6f7656dd6617ec845e82781dbd1ebc5d640a
AJG,234,182,14,38,234,234,/Users/vinay.hatti/TradingPlatform/research_data/m77_19_7_4_10/h4_point_in_time_structural_downside_room/AJG.jsonl.gz,d1d8ceef9af5020320af374a0ff0971c74386d9cc384038a7472a4f720230308
AKAM,326,197,56,73,326,326,/Users/vinay.hatti/TradingPlatform/research_data/m77_19_7_4_10/h4_point_in_time_structural_downside_room/AKAM.jsonl.gz,59323203998276b6d05147b451f6c59ea03f541596b32b5942f9bbd868c3cde1
ALAB,11,0,0,11,11,11,/Users/vinay.hatti/TradingPlatform/research_data/m77_19_7_4_10/h4_point_in_time_structural_downside_room/ALAB.jsonl.gz,ca8fabce7e2ccdac7305e48e89358a820c95bd86da27f1bf664e1ff74570dc88
ALB,335,151,90,94,335,335,/Users/vinay.hatti/TradingPlatform/research_data/m77_19_7_4_10/h4_point_in_time_structural_downside_room/ALB.jsonl.gz,530c0b3a366dd9a1bd2eca2a7b863bf75c5409d30c21874fe86763be9e0a85ad
ALGN,331,168,85,78,331,331,/Users/vinay.hatti/TradingPlatform/research_data/m77_19_7_4_10/h4_point_in_time_structural_downside_room/ALGN.jsonl.gz,9e8810e91e38046c476ae120cec7bea7eee56bc45366bcab274411815b67b14e
ALL,268,166,69,33,268,268,/Users/vinay.hatti/TradingPlatform/research_data/m77_19_7_4_10/h4_point_in_time_structural_downside_room/ALL.jsonl.gz,b46ffea3083bdf3a3e9bce52c2ad8ae3ab3f1d0a903fc319c5bf8926705d5191
ALLE,158,20,81,57,158,158,/Users/vinay.hatti/TradingPlatform/research_data/m77_19_7_4_10/h4_point_in_time_structural_downside_room/ALLE.jsonl.gz,ded24616d6fd68d3498aea09681884f35bedc5fcb75ff21edeac37922681be8c
ALNY,372,211,75,86,372,372,/Users/vinay.hatti/TradingPlatform/research_data/m77_19_7_4_10/h4_point_in_time_structural_downside_room/ALNY.jsonl.gz,9dc5f5b2dc3f7acb8b1a47e2f6a6e0d73eca66efc2fd313598d591f12963a9ae
AMAT,320,210,76,34,320,320,/Users/vinay.hatti/TradingPlatform/research_data/m77_19_7_4_10/h4_point_in_time_structural_downside_room/AMAT.jsonl.gz,871430e2cfe15eee8256a517eb1e7e620098534a9b04dd128fe03e1ce000ed23
AMCR,124,0,19,105,123,124,/Users/vinay.hatti/TradingPlatform/research_data/m77_19_7_4_10/h4_point_in_time_structural_downside_room/AMCR.jsonl.gz,f40d7ed455d132e480d68bddc9da83a58a2c4ec2d081115005972e8ed90d3c27
AMD,385,285,59,41,385,385,/Users/vinay.hatti/TradingPlatform/research_data/m77_19_7_4_10/h4_point_in_time_structural_downside_room/AMD.jsonl.gz,5c596801068b3c3c000c051479c50e5808a843317462deae551fa0d979146009
AME,166,101,47,18,166,166,/Users/vinay.hatti/TradingPlatform/research_data/m77_19_7_4_10/h4_point_in_time_structural_downside_room/AME.jsonl.gz,7d11e141845d172ac7de8185998439f98c79456839f02b6f41f5acc465f8c65f
AMGN,303,185,66,52,303,303,/Users/vinay.hatti/TradingPlatform/research_data/m77_19_7_4_10/h4_point_in_time_structural_downside_room/AMGN.jsonl.gz,766d403e5de3bdad7595c4ac955503af2145599efd8801610cfff7f65c15beaf
AMP,242,138,60,44,242,242,/Users/vinay.hatti/TradingPlatform/research_data/m77_19_7_4_10/h4_point_in_time_structural_downside_room/AMP.jsonl.gz,62f380676e464619adb127493d9fc296009941e6e3c8872e3ff3651aa31b2b59
AMT,271,104,64,103,271,271,/Users/vinay.hatti/TradingPlatform/research_data/m77_19_7_4_10/h4_point_in_time_structural_downside_room/AMT.jsonl.gz,2b46108a891de7cbb799b882185db3112ec6e220cb5d8675ae7132fca59764a3
AMZN,212,115,71,26,211,212,/Users/vinay.hatti/TradingPlatform/research_data/m77_19_7_4_10/h4_point_in_time_structural_downside_room/AMZN.jsonl.gz,8be44bb27cd0cbec2683ea945fb47b3a8dff519f0e5d274f6ca1e2f7f716571f
ANET,104,22,64,18,104,104,/Users/vinay.hatti/TradingPlatform/research_data/m77_19_7_4_10/h4_point_in_time_structural_downside_room/ANET.jsonl.gz,95c8b161705289c900c66a25d1da0137c6e82c8f58911bcb2fd65031068ac255
AON,131,43,32,56,131,131,/Users/vinay.hatti/TradingPlatform/research_data/m77_19_7_4_10/h4_point_in_time_structural_downside_room/AON.jsonl.gz,7c405dc8a8f33d260b8f1b4125c42f1769ab66739f17363445df797f86f74f35
AOS,293,126,99,68,293,293,/Users/vinay.hatti/TradingPlatform/research_data/m77_19_7_4_10/h4_point_in_time_structural_downside_room/AOS.jsonl.gz,4ee954562e5d6fa597f2afd329c4194652ed653c548e1aa5673b1fe1b07e8885
APA,419,243,91,85,419,419,/Users/vinay.hatti/TradingPlatform/research_data/m77_19_7_4_10/h4_point_in_time_structural_downside_room/APA.jsonl.gz,afaac83e53046813851ac2de6bb8eaa181c8e5ef51e111c5a4e3b10597a3b1ec
APD,256,132,61,63,256,256,/Users/vinay.hatti/TradingPlatform/research_data/m77_19_7_4_10/h4_point_in_time_structural_downside_room/APD.jsonl.gz,3b72c0afe048fab7f3827fc3356fc0eb1c20ee1f5483b18de5d049946e2ae836
APH,162,86,56,20,162,162,/Users/vinay.hatti/TradingPlatform/research_data/m77_19_7_4_10/h4_point_in_time_structural_downside_room/APH.jsonl.gz,aab68c792e48d844461eee8503d0ed7ba6ede017da01cdcf771c1576bf44ddda
APO,187,84,59,44,187,187,/Users/vinay.hatti/TradingPlatform/research_data/m77_19_7_4_10/h4_point_in_time_structural_downside_room/APO.jsonl.gz,4c3a15df96ef8f39530a42cb82b16961a3ddc03f92868ec222ba3c593dbc6cac
APP,51,0,26,25,51,51,/Users/vinay.hatti/TradingPlatform/research_data/m77_19_7_4_10/h4_point_in_time_structural_downside_room/APP.jsonl.gz,8110c4b11935e69fbcc45ef4e4fc52d30e75ed5096998b9206e4f3339fbb4c94
APTV,149,0,54,95,149,149,/Users/vinay.hatti/TradingPlatform/research_data/m77_19_7_4_10/h4_point_in_time_structural_downside_room/APTV.jsonl.gz,f2cc08f23f0c41fffc25bb62efbfd8b4fdc854057aee0c45674b81ed006e81fe
ARE,331,152,59,120,331,331,/Users/vinay.hatti/TradingPlatform/research_data/m77_19_7_4_10/h4_point_in_time_structural_downside_room/ARE.jsonl.gz,75d64924cd8220bbc898e2ba0e64306a89fc54a100a12da2f0bdc8de1ae85cd1
ARES,114,45,38,31,114,114,/Users/vinay.hatti/TradingPlatform/research_data/m77_19_7_4_10/h4_point_in_time_structural_downside_room/ARES.jsonl.gz,23345fec128c0c44d27a798869b86ff7527fb1e6070c4221749c5c8abe07610f
ARKK,152,13,88,51,151,152,/Users/vinay.hatti/TradingPlatform/research_data/m77_19_7_4_10/h4_point_in_time_structural_downside_room/ARKK.jsonl.gz,5580f087682839d24c237157892eaa472b4cab4eace0f776272142c33fde2624
ARM,28,0,0,28,28,28,/Users/vinay.hatti/TradingPlatform/research_data/m77_19_7_4_10/h4_point_in_time_structural_downside_room/ARM.jsonl.gz,d70443b6f90560d5cf9573beffbe9579bc9cf215728978a86780149c13df6093
ASML,235,138,56,41,235,235,/Users/vinay.hatti/TradingPlatform/research_data/m77_19_7_4_10/h4_point_in_time_structural_downside_room/ASML.jsonl.gz,3d920842606989c8bb507d219f4c94e41d3d3308b28760b8049eba028da7998c
ATO,220,134,65,21,220,220,/Users/vinay.hatti/TradingPlatform/research_data/m77_19_7_4_10/h4_point_in_time_structural_downside_room/ATO.jsonl.gz,9024a66395914fa590007c994f93bc19b96310ce5016244dd05d2997d4f7bb37
AVB,324,155,84,85,324,324,/Users/vinay.hatti/TradingPlatform/research_data/m77_19_7_4_10/h4_point_in_time_structural_downside_room/AVB.jsonl.gz,da6a166d149bd9c6fb56c17812f12b12164131f90f280dbd7c036b1d2065eed1
AVGO,103,40,51,12,103,103,/Users/vinay.hatti/TradingPlatform/research_data/m77_19_7_4_10/h4_point_in_time_structural_downside_room/AVGO.jsonl.gz,51ab7f8cd7fc872d97965314d59b9ec7ed0e2930e0b801360d1a7b8d766ef8d3
AVY,345,193,68,84,345,345,/Users/vinay.hatti/TradingPlatform/research_data/m77_19_7_4_10/h4_point_in_time_structural_downside_room/AVY.jsonl.gz,2dd88bc657f0cf77c1f1ca513bc6c438d07bc785357b31cae5a3b7f887ea6b1e
AWK,164,32,45,87,164,164,/Users/vinay.hatti/TradingPlatform/research_data/m77_19_7_4_10/h4_point_in_time_structural_downside_room/AWK.jsonl.gz,45a4aacd3aa1b6c51f486ca24783815a99de32a198d9d97272408509b0114bbc
AXON,47,0,15,32,47,47,/Users/vinay.hatti/TradingPlatform/research_data/m77_19_7_4_10/h4_point_in_time_structural_downside_room/AXON.jsonl.gz,a3cfb64233cd611fc5cede160b7acd6574f9bbe1172484c295e1be7ebff13999
AXP,277,185,58,34,277,277,/Users/vinay.hatti/TradingPlatform/research_data/m77_19_7_4_10/h4_point_in_time_structural_downside_room/AXP.jsonl.gz,3fc976ace54cb496b023410efa8bff4e181343e4ff73d90db2f7b0722b623e6a
AZO,180,120,24,36,180,180,/Users/vinay.hatti/TradingPlatform/research_data/m77_19_7_4_10/h4_point_in_time_structural_downside_room/AZO.jsonl.gz,5b17746765ac9d727a10cbb88d0a53073d64988395900e6631e32bfc4aad5f63
BA,321,154,107,60,321,321,/Users/vinay.hatti/TradingPlatform/research_data/m77_19_7_4_10/h4_point_in_time_structural_downside_room/BA.jsonl.gz,fbfdfe189f22b50cc73f4edf3b6059598807425b3787777da589dbfd85f3d4cc
BAC,355,235,77,43,355,355,/Users/vinay.hatti/TradingPlatform/research_data/m77_19_7_4_10/h4_point_in_time_structural_downside_room/BAC.jsonl.gz,48921666a91caebf834646b02b82b62754dab854b9d778b26f686a6d7b0a6d2e
BALL,60,0,0,60,60,60,/Users/vinay.hatti/TradingPlatform/research_data/m77_19_7_4_10/h4_point_in_time_structural_downside_room/BALL.jsonl.gz,58da1b94cfba1fc6ed60361bce6efce0921b5977d3ffa12a51099c81f2122c10
BAX,356,148,100,108,356,356,/Users/vinay.hatti/TradingPlatform/research_data/m77_19_7_4_10/h4_point_in_time_structural_downside_room/BAX.jsonl.gz,40c909b31494908c34df5695ebbcf69b4cd76aabdb6bd48fe517b386af117316
BBY,414,250,79,85,414,414,/Users/vinay.hatti/TradingPlatform/research_data/m77_19_7_4_10/h4_point_in_time_structural_downside_room/BBY.jsonl.gz,b6ff8d368e87796e747516abbfacfc432b4fa64aaaba461d5a190a9d5f1b73ec
BDX,302,129,79,94,302,302,/Users/vinay.hatti/TradingPlatform/research_data/m77_19_7_4_10/h4_point_in_time_structural_downside_room/BDX.jsonl.gz,aec21c7b22b87f6e8f962f4ef30a480e584c3a4cdf18b106da965e9a8af1912c
BEN,391,184,129,78,391,391,/Users/vinay.hatti/TradingPlatform/research_data/m77_19_7_4_10/h4_point_in_time_structural_downside_room/BEN.jsonl.gz,7059225a269f6986e09731f979699213949caaf572d8bcdfa7eb2ef3042bc3c6
BF.B,383,174,88,121,382,383,/Users/vinay.hatti/TradingPlatform/research_data/m77_19_7_4_10/h4_point_in_time_structural_downside_room/BF.B.jsonl.gz,6a5f4a56918a395c6f9fe01651b85a39e93f2c582bb35bacc5297291c7384ad0
BG,371,207,98,66,371,371,/Users/vinay.hatti/TradingPlatform/research_data/m77_19_7_4_10/h4_point_in_time_structural_downside_room/BG.jsonl.gz,e7f78b0812adc9b5c9dc13efbebf5c36083858deb7f645d152e1392090f3c4f5
BIIB,366,166,117,83,366,366,/Users/vinay.hatti/TradingPlatform/research_data/m77_19_7_4_10/h4_point_in_time_structural_downside_room/BIIB.jsonl.gz,efe5e80ded5e1c8e22d56ab2b78de13e1cc37b2bde237b24597cdf1f25f939f5
BITO,90,0,1,89,90,90,/Users/vinay.hatti/TradingPlatform/research_data/m77_19_7_4_10/h4_point_in_time_structural_downside_room/BITO.jsonl.gz,1a0eb08c444cea2dea3aff9700fb2625e37f3aa014cc1c516c3973c99e103fe1
BKNG,88,0,57,31,88,88,/Users/vinay.hatti/TradingPlatform/research_data/m77_19_7_4_10/h4_point_in_time_structural_downside_room/BKNG.jsonl.gz,be438fdcb8a42b5fb3fdd8e4f28f155f40e0b4aff4bf17e0b9d7d4e19d5b3a30
BKR,59,0,28,31,59,59,/Users/vinay.hatti/TradingPlatform/research_data/m77_19_7_4_10/h4_point_in_time_structural_downside_room/BKR.jsonl.gz,ae506b5b1902644748e9f98d5d5268c08ccdad23ba1392b96010d3f9536eb459
BLDR,364,227,61,76,363,364,/Users/vinay.hatti/TradingPlatform/research_data/m77_19_7_4_10/h4_point_in_time_structural_downside_room/BLDR.jsonl.gz,66aec3193d6a343efa11fd6d6e2a936f1312d75e33bb0e51a630229f0b57f571
BLK,238,124,74,40,238,238,/Users/vinay.hatti/TradingPlatform/research_data/m77_19_7_4_10/h4_point_in_time_structural_downside_room/BLK.jsonl.gz,e156c98fc865e36f85ead3b340cf5e9c47d1f7965cb1a89b286f3474062fc09a
BMY,343,170,76,97,343,343,/Users/vinay.hatti/TradingPlatform/research_data/m77_19_7_4_10/h4_point_in_time_structural_downside_room/BMY.jsonl.gz,3712e1853f997b55405ebd924c389c30a74ea1b60256994723d59d6887eb3279
BND,337,144,112,81,337,337,/Users/vinay.hatti/TradingPlatform/research_data/m77_19_7_4_10/h4_point_in_time_structural_downside_room/BND.jsonl.gz,8f607f0b67b9d4336db5e583435b4a07361fa5e5ffe9540c559c5b948ac0c820
BR,174,72,58,44,174,174,/Users/vinay.hatti/TradingPlatform/research_data/m77_19_7_4_10/h4_point_in_time_structural_downside_room/BR.jsonl.gz,bcc61924c5adb61dbc65f2fb2d4511fb7737fdd36b7b15d2f4fc809569c2179a
BRK.B,210,134,54,22,210,210,/Users/vinay.hatti/TradingPlatform/research_data/m77_19_7_4_10/h4_point_in_time_structural_downside_room/BRK.B.jsonl.gz,ebae6e7d06b579f57ce0aa1b561d4e88b5b8d9a5c17e12e2a2f85440d010c04e
BRO,264,171,36,57,264,264,/Users/vinay.hatti/TradingPlatform/research_data/m77_19_7_4_10/h4_point_in_time_structural_downside_room/BRO.jsonl.gz,c0d58c37718c1a18e0bc9463e206601e87600b146222d2755e3f35d2e77ee1c5
BSX,366,271,54,41,366,366,/Users/vinay.hatti/TradingPlatform/research_data/m77_19_7_4_10/h4_point_in_time_structural_downside_room/BSX.jsonl.gz,996045dcb34c6b5666e2adbdab7de88384e4c3422c904c407f51417c8c779977
BX,251,137,64,50,251,251,/Users/vinay.hatti/TradingPlatform/research_data/m77_19_7_4_10/h4_point_in_time_structural_downside_room/BX.jsonl.gz,0f7f0bebd1aa620a7d6c456e4a455a80f9c671865a852ad05fb95668de9666ac
BXP,362,167,105,90,362,362,/Users/vinay.hatti/TradingPlatform/research_data/m77_19_7_4_10/h4_point_in_time_structural_downside_room/BXP.jsonl.gz,8be4111ecf5c3f2b465c238b6c56b8eec9798fd060c2aa7d317baec825d16089
C,376,238,106,32,376,376,/Users/vinay.hatti/TradingPlatform/research_data/m77_19_7_4_10/h4_point_in_time_structural_downside_room/C.jsonl.gz,a269cc567c51984f3ef3e6f779b48913828e6c52010ea95cea43d432e50deb9e
CAH,335,222,99,14,335,335,/Users/vinay.hatti/TradingPlatform/research_data/m77_19_7_4_10/h4_point_in_time_structural_downside_room/CAH.jsonl.gz,8d828e4ede78367391faec716d41f317261e978c69dfc558626b263f6ac46400
CARR,83,0,31,52,83,83,/Users/vinay.hatti/TradingPlatform/research_data/m77_19_7_4_10/h4_point_in_time_structural_downside_room/CARR.jsonl.gz,381a85638fd53c40d7f4bebbfdc202d15b512cd4a7dedafc76cf6036ce0a89df
CASY,188,133,49,6,188,188,/Users/vinay.hatti/TradingPlatform/research_data/m77_19_7_4_10/h4_point_in_time_structural_downside_room/CASY.jsonl.gz,674e3ca1fb6ca3285f4e0884e15b057fae09d0d65c44150591d4972a31496a81
CAT,306,198,79,29,306,306,/Users/vinay.hatti/TradingPlatform/research_data/m77_19_7_4_10/h4_point_in_time_structural_downside_room/CAT.jsonl.gz,f8ac82e58a5241b31e85e6d276033d00dee4c9c022ed9fc5f3f3ea0f711edab8
CB,186,94,67,25,186,186,/Users/vinay.hatti/TradingPlatform/research_data/m77_19_7_4_10/h4_point_in_time_structural_downside_room/CB.jsonl.gz,3b177a855a5a0214bc98700c6e7f92f2ee94b3cf937a90831c5c59ff9a2fa7f5
CBOE,150,47,87,16,150,150,/Users/vinay.hatti/TradingPlatform/research_data/m77_19_7_4_10/h4_point_in_time_structural_downside_room/CBOE.jsonl.gz,670647c330bef2b45cdc9bdf5515c8495fa5b207139b862b9d344127af512cde
CBRE,86,0,48,38,86,86,/Users/vinay.hatti/TradingPlatform/research_data/m77_19_7_4_10/h4_point_in_time_structural_downside_room/CBRE.jsonl.gz,5f9d4765deb3773d366f38af4e8cd7224b7b18aa3be49337250b8a0d71fbedb5
CCEP,70,0,55,15,70,70,/Users/vinay.hatti/TradingPlatform/research_data/m77_19_7_4_10/h4_point_in_time_structural_downside_room/CCEP.jsonl.gz,9dece317edb94010dded556cc17e7536fb02c9044b1eb8f7d316d3cf2bea35c3
CCI,271,92,62,117,271,271,/Users/vinay.hatti/TradingPlatform/research_data/m77_19_7_4_10/h4_point_in_time_structural_downside_room/CCI.jsonl.gz,eb4fa37284a7f557b7feab6132d514ee44926add028dfd9582f6fa12bd27e01d
CCL,414,220,144,50,414,414,/Users/vinay.hatti/TradingPlatform/research_data/m77_19_7_4_10/h4_point_in_time_structural_downside_room/CCL.jsonl.gz,f79871aeb35280e0836a9b7e20344ac003abaee000739c10383f2419906e5a9b
CDNS,200,119,46,35,200,200,/Users/vinay.hatti/TradingPlatform/research_data/m77_19_7_4_10/h4_point_in_time_structural_downside_room/CDNS.jsonl.gz,3dc11214956c9245157d1860ef02181a680b8f4fc1657c438a1147c327e6c89f
CDW,147,18,45,84,147,147,/Users/vinay.hatti/TradingPlatform/research_data/m77_19_7_4_10/h4_point_in_time_structural_downside_room/CDW.jsonl.gz,faa2fac2be0a43227709601ec9c927a8cbdcec3522c2e450964ef97e018403bb
CEG,31,0,0,31,31,31,/Users/vinay.hatti/TradingPlatform/research_data/m77_19_7_4_10/h4_point_in_time_structural_downside_room/CEG.jsonl.gz,f715d03038002070c12c53df577891ba675f22715d5c97ad2a85b5f31334d4e0
CF,264,127,70,67,264,264,/Users/vinay.hatti/TradingPlatform/research_data/m77_19_7_4_10/h4_point_in_time_structural_downside_room/CF.jsonl.gz,26c0ac5b7a1f6e853746260c48f9e2563381794428a48715cb5d491c8e5fa78c
CFG,150,21,92,37,150,150,/Users/vinay.hatti/TradingPlatform/research_data/m77_19_7_4_10/h4_point_in_time_structural_downside_room/CFG.jsonl.gz,1bb7749ef1b5aeb45c791b4c266dc9c53379a955cdb7e292487b29ef5e209cd8
CHD,201,93,59,49,201,201,/Users/vinay.hatti/TradingPlatform/research_data/m77_19_7_4_10/h4_point_in_time_structural_downside_room/CHD.jsonl.gz,0cb32e630fec4c245696d00fb629bb5ae558c38d9262c55456a8caa8d51df1b9
CHRW,328,178,84,66,328,328,/Users/vinay.hatti/TradingPlatform/research_data/m77_19_7_4_10/h4_point_in_time_structural_downside_room/CHRW.jsonl.gz,54ace6a4f2e2c55038cd961fd013c5de565a97973b6b3d4f44f6aecf54b0d264
CHTR,357,176,77,104,357,357,/Users/vinay.hatti/TradingPlatform/research_data/m77_19_7_4_10/h4_point_in_time_structural_downside_room/CHTR.jsonl.gz,242546a174b3deab3e47443a226e69580e8cce86f57f5fb1602221f708850840
CI,273,132,72,69,273,273,/Users/vinay.hatti/TradingPlatform/research_data/m77_19_7_4_10/h4_point_in_time_structural_downside_room/CI.jsonl.gz,179728f439533e6f6e722549e95da823cfdd009a1638aa9fc2dd2f8cda68f4ca
CIBR,83,3,55,25,83,83,/Users/vinay.hatti/TradingPlatform/research_data/m77_19_7_4_10/h4_point_in_time_structural_downside_room/CIBR.jsonl.gz,b719ae0cd350f0d2aeb637b9dcb2e0f07d2b1f028c268ae65a782a17ace973e8
CIEN,313,203,63,47,313,313,/Users/vinay.hatti/TradingPlatform/research_data/m77_19_7_4_10/h4_point_in_time_structural_downside_room/CIEN.jsonl.gz,e47e247cba36ba9c4854f1edcc2e3dcba2ea858bb9567bc1702a969abe489b91
CINF,299,193,67,39,298,299,/Users/vinay.hatti/TradingPlatform/research_data/m77_19_7_4_10/h4_point_in_time_structural_downside_room/CINF.jsonl.gz,e6e20db00be04b3a6d1996d416fe4672544491ff5207a2c4cdd41b9d74eeefb3
CL,278,115,88,75,278,278,/Users/vinay.hatti/TradingPlatform/research_data/m77_19_7_4_10/h4_point_in_time_structural_downside_room/CL.jsonl.gz,be5e87918fadccda143e2fc4681fd3580c571052295ad544fd870fe3fbdc44d4
CLX,331,135,101,95,331,331,/Users/vinay.hatti/TradingPlatform/research_data/m77_19_7_4_10/h4_point_in_time_structural_downside_room/CLX.jsonl.gz,f4918cd7c7bca2a88a31506575fdbc42b897a7bbae9f93358cc7a2e6216e3bca
CMCSA,306,126,84,96,306,306,/Users/vinay.hatti/TradingPlatform/research_data/m77_19_7_4_10/h4_point_in_time_structural_downside_room/CMCSA.jsonl.gz,09fa8faf43174ae94ccc01e464c5e28ce28ea2d0be83671ef7adbab2fe543b4b
CME,284,176,73,35,284,284,/Users/vinay.hatti/TradingPlatform/research_data/m77_19_7_4_10/h4_point_in_time_structural_downside_room/CME.jsonl.gz,bd7702526d389357fd1447dd111f19b5f2fdaf45236bd5feb667ff916960c6f8
CMG,264,153,47,64,264,264,/Users/vinay.hatti/TradingPlatform/research_data/m77_19_7_4_10/h4_point_in_time_structural_downside_room/CMG.jsonl.gz,843a2735fe3d58fc609a0d40cbd6aa39502a33290a340cea3423db9f46efd9da
CMI,248,135,83,30,248,248,/Users/vinay.hatti/TradingPlatform/research_data/m77_19_7_4_10/h4_point_in_time_structural_downside_room/CMI.jsonl.gz,f42d41d1d6a66f9b4786530bd2ecb6eed236ee8cc0f14817b01774c7e65e655d
CMS,222,114,58,50,222,222,/Users/vinay.hatti/TradingPlatform/research_data/m77_19_7_4_10/h4_point_in_time_structural_downside_room/CMS.jsonl.gz,117b8be3aef75d56cdae425a125049a22153a1f2a4a5b6e17c828e80964594cd
CNC,355,203,67,85,355,355,/Users/vinay.hatti/TradingPlatform/research_data/m77_19_7_4_10/h4_point_in_time_structural_downside_room/CNC.jsonl.gz,faaf4ec42703ff0aa2afcc2571838fd2597f6b726146c2e3c6ad6cb09fd74a16
CNP,265,155,68,42,265,265,/Users/vinay.hatti/TradingPlatform/research_data/m77_19_7_4_10/h4_point_in_time_structural_downside_room/CNP.jsonl.gz,a2058f604df831e66034d1a4b9f6fd972450ca298b0d77e9b5f74d67208df4c9
COF,336,202,94,40,336,336,/Users/vinay.hatti/TradingPlatform/research_data/m77_19_7_4_10/h4_point_in_time_structural_downside_room/COF.jsonl.gz,977a035e3a0425558e85c8329d6f7457226de6c2ba98145881c884ef9f38a6d5
COHR,211,124,74,13,211,211,/Users/vinay.hatti/TradingPlatform/research_data/m77_19_7_4_10/h4_point_in_time_structural_downside_room/COHR.jsonl.gz,3de35db7fbbbc5e71796f343cfc393ba4759da140441e2b7c5514ba224d80d20
COIN,88,0,21,67,88,88,/Users/vinay.hatti/TradingPlatform/research_data/m77_19_7_4_10/h4_point_in_time_structural_downside_room/COIN.jsonl.gz,d61483a9152444055253c265ed03f68777a9c38118589e1c229793bc0a680c52
COO,300,165,67,68,300,300,/Users/vinay.hatti/TradingPlatform/research_data/m77_19_7_4_10/h4_point_in_time_structural_downside_room/COO.jsonl.gz,3bab0b36949a8d198d941ff516d4a94b4e6474bb49905d5132ec1726d8de2b29
COP,359,210,70,79,359,359,/Users/vinay.hatti/TradingPlatform/research_data/m77_19_7_4_10/h4_point_in_time_structural_downside_room/COP.jsonl.gz,2913b4a0b5739f737608d97882365cbaa361d05be040a133a73efb7def216c6d
COR,14,0,0,14,14,14,/Users/vinay.hatti/TradingPlatform/research_data/m77_19_7_4_10/h4_point_in_time_structural_downside_room/COR.jsonl.gz,0ed2d1678919dc1a88651bdba61fc7b05aae8826d5dd0db3d208df90adfdebec
COST,181,123,29,29,181,181,/Users/vinay.hatti/TradingPlatform/research_data/m77_19_7_4_10/h4_point_in_time_structural_downside_room/COST.jsonl.gz,76af85e807d5d9fb51f53914e0358f1e7909fd1205881c897400e880b0a50862
CPAY,25,0,0,25,25,25,/Users/vinay.hatti/TradingPlatform/research_data/m77_19_7_4_10/h4_point_in_time_structural_downside_room/CPAY.jsonl.gz,f68f6dd33e6f189c313ddca383e6acdd6dd462e21d5634c5e86dfce5384ca069
CPRT,248,128,54,66,248,248,/Users/vinay.hatti/TradingPlatform/research_data/m77_19_7_4_10/h4_point_in_time_structural_downside_room/CPRT.jsonl.gz,bdda9de053d1baca583d9bbf7c00c050b10535e86b741d4f7ce387bda9f9ea86
CPT,297,152,67,78,297,297,/Users/vinay.hatti/TradingPlatform/research_data/m77_19_7_4_10/h4_point_in_time_structural_downside_room/CPT.jsonl.gz,02d52f8ee4dd9eb7b9ea4ee401062d44222065528f1ff8aad377026c190d08d3
CRH,28,0,0,28,28,28,/Users/vinay.hatti/TradingPlatform/research_data/m77_19_7_4_10/h4_point_in_time_structural_downside_room/CRH.jsonl.gz,a23e822205fcf530ce9ce3e8c42e25c2d17f4c43e05cff070ccc886ae37e8283
CRL,304,146,70,88,304,304,/Users/vinay.hatti/TradingPlatform/research_data/m77_19_7_4_10/h4_point_in_time_structural_downside_room/CRL.jsonl.gz,0444ceaf8d8c781d916ed9506f7f9b2a66f322d6f9c175553fb6b2e9ed8c9a33
CRM,242,104,69,69,242,242,/Users/vinay.hatti/TradingPlatform/research_data/m77_19_7_4_10/h4_point_in_time_structural_downside_room/CRM.jsonl.gz,b10fa2ccfe4550869d2e26046409d252c64e177dd3030609d11cdaee427af90c
CRWD,66,0,37,29,66,66,/Users/vinay.hatti/TradingPlatform/research_data/m77_19_7_4_10/h4_point_in_time_structural_downside_room/CRWD.jsonl.gz,f91889ce57ae34662b37670b7f2783cc872fa0e33e22f0cd6fbd359d163d1634
CRWV,6,0,0,6,6,6,/Users/vinay.hatti/TradingPlatform/research_data/m77_19_7_4_10/h4_point_in_time_structural_downside_room/CRWV.jsonl.gz,aa4b7ebbfc25eedfcd93926f2c32dd992c8d0636f98820eadcb96ffd212c2c3e
CSCO,315,207,74,34,315,315,/Users/vinay.hatti/TradingPlatform/research_data/m77_19_7_4_10/h4_point_in_time_structural_downside_room/CSCO.jsonl.gz,ac2fbc1f6d4749a33a83260e23ef4ded41a8fd0283babf9648c852b35d5c2ffd
CSGP,295,152,57,86,295,295,/Users/vinay.hatti/TradingPlatform/research_data/m77_19_7_4_10/h4_point_in_time_structural_downside_room/CSGP.jsonl.gz,de6ce7bcb57e553fa24b3554844e1095bee89e4b3a1eb999e4d64099ee7b385b
CSX,223,125,45,53,223,223,/Users/vinay.hatti/TradingPlatform/research_data/m77_19_7_4_10/h4_point_in_time_structural_downside_room/CSX.jsonl.gz,6388d7702097124abf8dc60830976ed5a7b7ff4e1d95f00915287ee987e19204
CTAS,244,177,35,32,244,244,/Users/vinay.hatti/TradingPlatform/research_data/m77_19_7_4_10/h4_point_in_time_structural_downside_room/CTAS.jsonl.gz,4fe8858f9f71cfacf7126ecb6a3473208858dc0fadfca8df5d83e3467d81bc0d
CTSH,336,172,100,64,336,336,/Users/vinay.hatti/TradingPlatform/research_data/m77_19_7_4_10/h4_point_in_time_structural_downside_room/CTSH.jsonl.gz,01e9a7c2a7f324fe90b9dd9e6b87a13aec38c4d066c466e4d7729156e3058a9d
CTVA,66,0,14,52,66,66,/Users/vinay.hatti/TradingPlatform/research_data/m77_19_7_4_10/h4_point_in_time_structural_downside_room/CTVA.jsonl.gz,23f684bfe36a3a6afc6208abd961068a02e20e38919221336084e625a028cc48
CVNA,116,0,79,37,116,116,/Users/vinay.hatti/TradingPlatform/research_data/m77_19_7_4_10/h4_point_in_time_structural_downside_room/CVNA.jsonl.gz,e90d499ef98b62cd1efcea9c9e0d209117ea97a2d87e29da3ac5e39757f17273
CVS,331,164,86,81,330,331,/Users/vinay.hatti/TradingPlatform/research_data/m77_19_7_4_10/h4_point_in_time_structural_downside_room/CVS.jsonl.gz,4b238d68d54a980dbc973e3392018acf3c702b3a0868556724cb64f7f07ffc79
CVX,312,172,78,62,312,312,/Users/vinay.hatti/TradingPlatform/research_data/m77_19_7_4_10/h4_point_in_time_structural_downside_room/CVX.jsonl.gz,66ee0cb8f83dc5ebca58bc4a78ad19bd98bd4dbf42d3adb8b38526c3cd85a380
D,271,118,90,63,271,271,/Users/vinay.hatti/TradingPlatform/research_data/m77_19_7_4_10/h4_point_in_time_structural_downside_room/D.jsonl.gz,1cca0a607fe53d9c0b1769cfaa30ff4ce34ba82d3aea2d38517e079cf0cc983e
DAL,297,174,87,36,296,297,/Users/vinay.hatti/TradingPlatform/research_data/m77_19_7_4_10/h4_point_in_time_structural_downside_room/DAL.jsonl.gz,06454e67ea90a9e8979daecbd846f07c863381d8e5f4e5dec09ade3dd5b4ab75
DASH,79,0,33,46,79,79,/Users/vinay.hatti/TradingPlatform/research_data/m77_19_7_4_10/h4_point_in_time_structural_downside_room/DASH.jsonl.gz,08da9103751e0ca085e3d2cb4083bb5938e1625982020d70621a9330b65c9593
DBA,439,308,101,30,438,439,/Users/vinay.hatti/TradingPlatform/research_data/m77_19_7_4_10/h4_point_in_time_structural_downside_room/DBA.jsonl.gz,2ae9b4aa44b03ec06b04a855920b8a034796f27ce78855103784306aa9751e72
DD,250,180,38,32,250,250,/Users/vinay.hatti/TradingPlatform/research_data/m77_19_7_4_10/h4_point_in_time_structural_downside_room/DD.jsonl.gz,9fd2f9dc2fd3fdd782b66e4c49aa49016493d5a7cc259c0de44662ff5ae20582
DDOG,103,0,47,56,103,103,/Users/vinay.hatti/TradingPlatform/research_data/m77_19_7_4_10/h4_point_in_time_structural_downside_room/DDOG.jsonl.gz,c0188e845af4db42d22a9656419edfb70905901a2c56296ba4a9ec9122312ada
DE,252,157,49,46,252,252,/Users/vinay.hatti/TradingPlatform/research_data/m77_19_7_4_10/h4_point_in_time_structural_downside_room/DE.jsonl.gz,c4cfb1695c72a947065b31137fb94bfe9285c0a73fd61d5b9a2a1ea253600d6f
DECK,293,200,40,53,293,293,/Users/vinay.hatti/TradingPlatform/research_data/m77_19_7_4_10/h4_point_in_time_structural_downside_room/DECK.jsonl.gz,7ed510b177db39c5c4f195b04cc35f308b46dccb6283edd3bcd0439b709fe884
DELL,72,0,35,37,72,72,/Users/vinay.hatti/TradingPlatform/research_data/m77_19_7_4_10/h4_point_in_time_structural_downside_room/DELL.jsonl.gz,44b60771b370714e821ec4f36aa556147c1091710178148a2d246592f8bee991
DG,200,79,22,99,200,200,/Users/vinay.hatti/TradingPlatform/research_data/m77_19_7_4_10/h4_point_in_time_structural_downside_room/DG.jsonl.gz,4a187cc15f9e2da1aaf7b1cf3989391c2e9aedd49bd77b87255031b5c0c99ca1
DGX,269,171,59,39,269,269,/Users/vinay.hatti/TradingPlatform/research_data/m77_19_7_4_10/h4_point_in_time_structural_downside_room/DGX.jsonl.gz,1dbe739c09a06e4f3f827b48fb22281912d51de4a88c228cd78422f59bf69f8c
DHI,342,214,68,60,342,342,/Users/vinay.hatti/TradingPlatform/research_data/m77_19_7_4_10/h4_point_in_time_structural_downside_room/DHI.jsonl.gz,13db929fd7e1931d27738f9b25755b9715ffdb99032e833661d430b984b138c2
DHR,207,91,29,87,207,207,/Users/vinay.hatti/TradingPlatform/research_data/m77_19_7_4_10/h4_point_in_time_structural_downside_room/DHR.jsonl.gz,e0be3eac37fd713c4058dc9df693038598bc9b22ac7a9f130859ee9055d2cff5
DIA,169,110,44,15,169,169,/Users/vinay.hatti/TradingPlatform/research_data/m77_19_7_4_10/h4_point_in_time_structural_downside_room/DIA.jsonl.gz,97692626d347405f0ef6c5c5826d16a5b09fb2dc70a6044e65190fe6c6802d5a
DIS,325,157,84,84,325,325,/Users/vinay.hatti/TradingPlatform/research_data/m77_19_7_4_10/h4_point_in_time_structural_downside_room/DIS.jsonl.gz,62d4954f507b652b0e18bf16ddc7a49381622073c09cd0223c52253a9266597e
DLR,248,124,84,40,248,248,/Users/vinay.hatti/TradingPlatform/research_data/m77_19_7_4_10/h4_point_in_time_structural_downside_room/DLR.jsonl.gz,11bbe44c523dc8c0f88186d65069460c6569554c7975b3a8084190f8156839e7
DLTR,303,138,89,76,303,303,/Users/vinay.hatti/TradingPlatform/research_data/m77_19_7_4_10/h4_point_in_time_structural_downside_room/DLTR.jsonl.gz,56f92f67bfbebe12ab34355ef647d44aa521a81ba1a2e705eeea128f5edb5654
DOC,30,0,0,30,30,30,/Users/vinay.hatti/TradingPlatform/research_data/m77_19_7_4_10/h4_point_in_time_structural_downside_room/DOC.jsonl.gz,8677fdec5cfdfb1720069762801880f4cb0c5d2ccc89668aae3c15e800a756bb
DOV,274,174,67,33,274,274,/Users/vinay.hatti/TradingPlatform/research_data/m77_19_7_4_10/h4_point_in_time_structural_downside_room/DOV.jsonl.gz,2c8a918c8868b38d6b77be6a0a4e95f86ccb473ee2f3714149ead4668470bddd
DOW,127,0,35,92,126,127,/Users/vinay.hatti/TradingPlatform/research_data/m77_19_7_4_10/h4_point_in_time_structural_downside_room/DOW.jsonl.gz,f1f340371e61160077f96896809e5477dd002348bf38b249bdecb3d74dfcdd15
DPZ,274,128,65,81,274,274,/Users/vinay.hatti/TradingPlatform/research_data/m77_19_7_4_10/h4_point_in_time_structural_downside_room/DPZ.jsonl.gz,76124ec229661bce0db6d8d6186323336f290112a17a087741c3b43cfb9ebd3e
DRI,276,174,60,42,276,276,/Users/vinay.hatti/TradingPlatform/research_data/m77_19_7_4_10/h4_point_in_time_structural_downside_room/DRI.jsonl.gz,9bc84071388c1defe365aec0ccf8f47938d21f7a0f0f8847b41362bb8fd7db97
DTE,258,139,71,48,258,258,/Users/vinay.hatti/TradingPlatform/research_data/m77_19_7_4_10/h4_point_in_time_structural_downside_room/DTE.jsonl.gz,87b60acca049f5194975345c3da11b09fdfed95f5df2365acdb768d358d7a2b7
DUK,284,165,69,50,281,284,/Users/vinay.hatti/TradingPlatform/research_data/m77_19_7_4_10/h4_point_in_time_structural_downside_room/DUK.jsonl.gz,52b8f76c5ae85141b7690f8bf2351f9aad1fd531ece69b8d900d4a37f0d0b518
DVA,288,162,80,46,288,288,/Users/vinay.hatti/TradingPlatform/research_data/m77_19_7_4_10/h4_point_in_time_structural_downside_room/DVA.jsonl.gz,de42394858762f4b7e763295a39841421624a45b810aa9801046de3ad009b652
DVN,410,222,86,102,408,410,/Users/vinay.hatti/TradingPlatform/research_data/m77_19_7_4_10/h4_point_in_time_structural_downside_room/DVN.jsonl.gz,d80818554eb0089bde6574ed47f786731a444ed12ceff0b0ac129ad7e4d5621f
DXCM,285,166,50,69,285,285,/Users/vinay.hatti/TradingPlatform/research_data/m77_19_7_4_10/h4_point_in_time_structural_downside_room/DXCM.jsonl.gz,50cccc2388b9aa8c8537b5ee6258acd3c3ffb193a845f56311bfd3b2d1f433cb
EA,139,20,85,34,139,139,/Users/vinay.hatti/TradingPlatform/research_data/m77_19_7_4_10/h4_point_in_time_structural_downside_room/EA.jsonl.gz,a0e282215836d4ff3267f6e19671403a5f9881e7ccc63b8d68991affffc6109e
EBAY,325,190,97,38,325,325,/Users/vinay.hatti/TradingPlatform/research_data/m77_19_7_4_10/h4_point_in_time_structural_downside_room/EBAY.jsonl.gz,db44a34251f314339db40fdf166250a166aa343a2a4cdd9f52f8d1aa2b0e477f
ECL,203,115,57,31,203,203,/Users/vinay.hatti/TradingPlatform/research_data/m77_19_7_4_10/h4_point_in_time_structural_downside_room/ECL.jsonl.gz,20921a23f58418db07d1c22d188d1202f0c5e3b45cb8cd05946e647c8db0265f
ED,313,173,89,51,313,313,/Users/vinay.hatti/TradingPlatform/research_data/m77_19_7_4_10/h4_point_in_time_structural_downside_room/ED.jsonl.gz,330af041521c3a3d46b19731855592324383bad3bd16f66b70b879c2483677b3
EEM,351,202,112,37,351,351,/Users/vinay.hatti/TradingPlatform/research_data/m77_19_7_4_10/h4_point_in_time_structural_downside_room/EEM.jsonl.gz,e8fa686ff99688142a4f054d7159d6e69a8741f1489f7f7b5a1bf26b492ea15e
EFA,294,193,81,20,294,294,/Users/vinay.hatti/TradingPlatform/research_data/m77_19_7_4_10/h4_point_in_time_structural_downside_room/EFA.jsonl.gz,c67f74f2b0a6c04222bcafbd7eb39308567fb3a6ecd8dbe3d95c71af50c7afed
EFX,296,142,71,83,296,296,/Users/vinay.hatti/TradingPlatform/research_data/m77_19_7_4_10/h4_point_in_time_structural_downside_room/EFX.jsonl.gz,def1e76958cfb4cbe1a1257efec4ca4f37a237316aab6e3f0acc86fd229f5dfc
EG,55,0,0,55,55,55,/Users/vinay.hatti/TradingPlatform/research_data/m77_19_7_4_10/h4_point_in_time_structural_downside_room/EG.jsonl.gz,4c16128e925cd2200e76c9ec4841aedef065681db7290735016d6e14c42ebac2
EIX,300,157,107,36,300,300,/Users/vinay.hatti/TradingPlatform/research_data/m77_19_7_4_10/h4_point_in_time_structural_downside_room/EIX.jsonl.gz,ceb6f858a4f7336d6ea7d53fbc3ff6b75ddf87dcebfc693d28fcf724027a29ee
EL,303,143,55,105,303,303,/Users/vinay.hatti/TradingPlatform/research_data/m77_19_7_4_10/h4_point_in_time_structural_downside_room/EL.jsonl.gz,236bb9dd29c6c0aceed1fe440a7a5921c10d01488160664bb4e6fade9a4679a8
ELV,58,0,0,58,58,58,/Users/vinay.hatti/TradingPlatform/research_data/m77_19_7_4_10/h4_point_in_time_structural_downside_room/ELV.jsonl.gz,fae156c0daa192fcfffc3591a3881f0909205ff7ed9ef921e55fe001237d5bd9
EME,212,132,66,14,212,212,/Users/vinay.hatti/TradingPlatform/research_data/m77_19_7_4_10/h4_point_in_time_structural_downside_room/EME.jsonl.gz,c9412a4e6876237e662c2bee8d20977116d2e3aad131f87848931200ebf31f11
EMR,276,178,60,38,276,276,/Users/vinay.hatti/TradingPlatform/research_data/m77_19_7_4_10/h4_point_in_time_structural_downside_room/EMR.jsonl.gz,54a29babb263d268a9b915a61e605221134d6b601d7663eb15920eb5b89ef98c
EOG,348,192,88,68,347,348,/Users/vinay.hatti/TradingPlatform/research_data/m77_19_7_4_10/h4_point_in_time_structural_downside_room/EOG.jsonl.gz,f15aff31755027370a1ec6ce9996d74c433cb28bc603f2c2dcdc02ba27cbfedb
EQIX,241,117,77,47,241,241,/Users/vinay.hatti/TradingPlatform/research_data/m77_19_7_4_10/h4_point_in_time_structural_downside_room/EQIX.jsonl.gz,f4e959e2dc1fffc845c92a7db009ca80d66f6e90245f4a77ae39853a1fd9a685
EQR,347,196,82,69,347,347,/Users/vinay.hatti/TradingPlatform/research_data/m77_19_7_4_10/h4_point_in_time_structural_downside_room/EQR.jsonl.gz,4464b231c24e3cd2a00eeaf374f1f42157ed98aa90af802f5efa9f35048a0156
EQT,335,181,101,53,335,335,/Users/vinay.hatti/TradingPlatform/research_data/m77_19_7_4_10/h4_point_in_time_structural_downside_room/EQT.jsonl.gz,274af700ed3d205281532c09f9ee97c0f2eb3bc98a1aee878b3258b9ad9b555d
ERIE,358,166,96,96,358,358,/Users/vinay.hatti/TradingPlatform/research_data/m77_19_7_4_10/h4_point_in_time_structural_downside_room/ERIE.jsonl.gz,ae1f4be8601db18f84ed91da273ea8c49dcaf26902379de680fd21bd20dca04c
ES,247,114,62,71,247,247,/Users/vinay.hatti/TradingPlatform/research_data/m77_19_7_4_10/h4_point_in_time_structural_downside_room/ES.jsonl.gz,1d7d4fce94b574e3b81b95ae2cde1850193d663a8130eac301e8a4fd7a074ffd
ESS,284,135,83,66,284,284,/Users/vinay.hatti/TradingPlatform/research_data/m77_19_7_4_10/h4_point_in_time_structural_downside_room/ESS.jsonl.gz,4b4b956a761fd686cd3c168776f1367aa1a0300882ee9298f59af6eb7214a22b
ETHA,33,0,0,33,33,33,/Users/vinay.hatti/TradingPlatform/research_data/m77_19_7_4_10/h4_point_in_time_structural_downside_room/ETHA.jsonl.gz,898906b565a7860a6581e4dce443eab249c6176f2ffe00258d43141eb5d31129
ETN,250,166,59,25,250,250,/Users/vinay.hatti/TradingPlatform/research_data/m77_19_7_4_10/h4_point_in_time_structural_downside_room/ETN.jsonl.gz,d0436d4d2e0dc83ac8c47bef79f8447785e6dfe7fd5bc5042c562634a910b804
ETR,349,247,61,41,349,349,/Users/vinay.hatti/TradingPlatform/research_data/m77_19_7_4_10/h4_point_in_time_structural_downside_room/ETR.jsonl.gz,9dc662d8d196e6e7990c17888c233946d8c6651d14f757e8cde96636d80cc8cb
EVRG,94,0,50,44,94,94,/Users/vinay.hatti/TradingPlatform/research_data/m77_19_7_4_10/h4_point_in_time_structural_downside_room/EVRG.jsonl.gz,d75e8c16b35a1af20e5c31a69b4fc2e7f8f5735a4bc16bec6fa43244f9885e7e
EW,230,119,48,63,230,230,/Users/vinay.hatti/TradingPlatform/research_data/m77_19_7_4_10/h4_point_in_time_structural_downside_room/EW.jsonl.gz,a3e23b0e55018d732c8531dae8373939e8c4661301b6ce38ee039983d5be1afb
EWJ,318,206,93,19,318,318,/Users/vinay.hatti/TradingPlatform/research_data/m77_19_7_4_10/h4_point_in_time_structural_downside_room/EWJ.jsonl.gz,5a01009d37d7a86b7eb7cca706bc78f132c37a11935ace83298a24cbe2bb33bb
EWZ,384,222,98,64,383,384,/Users/vinay.hatti/TradingPlatform/research_data/m77_19_7_4_10/h4_point_in_time_structural_downside_room/EWZ.jsonl.gz,c5bfb9c72edf81fdbe661791b7ea9c6ef5082cd9af47429c12fc16f501fd41b5
EXC,389,251,73,65,389,389,/Users/vinay.hatti/TradingPlatform/research_data/m77_19_7_4_10/h4_point_in_time_structural_downside_room/EXC.jsonl.gz,a1692cdc56d9e0af33d62ef9c0bf7dcafbf8e681ccc362d24a10c8921226b437
EXE,21,0,0,21,21,21,/Users/vinay.hatti/TradingPlatform/research_data/m77_19_7_4_10/h4_point_in_time_structural_downside_room/EXE.jsonl.gz,1785bc8e970c867b853d222258a0b2d40d3af6100f5bff5e844133c979f6bca3
EXPD,278,191,55,32,278,278,/Users/vinay.hatti/TradingPlatform/research_data/m77_19_7_4_10/h4_point_in_time_structural_downside_room/EXPD.jsonl.gz,20a155f114360cd24d55aa4fa8b43223d7936f05f291c32538c221bf939f4e07
EXPE,179,47,85,47,179,179,/Users/vinay.hatti/TradingPlatform/research_data/m77_19_7_4_10/h4_point_in_time_structural_downside_room/EXPE.jsonl.gz,3c533cb77df3cb904006d66a5161a4358eebe80cc115992e17fc2828c1d0e83e
EXR,254,120,55,79,254,254,/Users/vinay.hatti/TradingPlatform/research_data/m77_19_7_4_10/h4_point_in_time_structural_downside_room/EXR.jsonl.gz,dcc3acf00396041c8661f158059e78e8916fd407ab6087795c786dfdb09f98e8
F,489,299,111,79,488,489,/Users/vinay.hatti/TradingPlatform/research_data/m77_19_7_4_10/h4_point_in_time_structural_downside_room/F.jsonl.gz,463c25de8dfa1136e514631a4c2f995161eb7e984bed9f92b093d9552865bc85
FANG,185,42,90,53,185,185,/Users/vinay.hatti/TradingPlatform/research_data/m77_19_7_4_10/h4_point_in_time_structural_downside_room/FANG.jsonl.gz,30e26c3c96ec287cbb5287a071fcafc4bc1e6835762b37d4acb51d5926334570
FAST,282,200,56,26,282,282,/Users/vinay.hatti/TradingPlatform/research_data/m77_19_7_4_10/h4_point_in_time_structural_downside_room/FAST.jsonl.gz,65493ec2da09e7f6cdd7a8858e814880985db1492be67b1f2cef07f2ec1c26cb
FBTC,37,0,0,37,37,37,/Users/vinay.hatti/TradingPlatform/research_data/m77_19_7_4_10/h4_point_in_time_structural_downside_room/FBTC.jsonl.gz,ffe90e4d225d90c0af25a759f7aca1cb72c01a87548002580600aa5068a244ba
FCX,380,248,82,50,380,380,/Users/vinay.hatti/TradingPlatform/research_data/m77_19_7_4_10/h4_point_in_time_structural_downside_room/FCX.jsonl.gz,de58f9a9f0d1252487b287c951f2c8a0141669ea1ca290d55ffe8f19dbb47df6
FDS,285,168,42,75,285,285,/Users/vinay.hatti/TradingPlatform/research_data/m77_19_7_4_10/h4_point_in_time_structural_downside_room/FDS.jsonl.gz,bba6f7860d8bc046f60a8ba494727395649d1b52d4e0f4796f5bbce0617ec163
FDX,324,167,111,46,324,324,/Users/vinay.hatti/TradingPlatform/research_data/m77_19_7_4_10/h4_point_in_time_structural_downside_room/FDX.jsonl.gz,f24f1b37d79e8f0668ffb50b41f5b219d31e2f85779d1af35677a0544ead3fd4
FE,369,268,50,51,369,369,/Users/vinay.hatti/TradingPlatform/research_data/m77_19_7_4_10/h4_point_in_time_structural_downside_room/FE.jsonl.gz,873510d62511938eb0eef9152fe2e1615e56b60673cb440fe8148ef6d2ab84e5
FER,6,0,0,6,6,6,/Users/vinay.hatti/TradingPlatform/research_data/m77_19_7_4_10/h4_point_in_time_structural_downside_room/FER.jsonl.gz,0805ecb183ba725dc88219057523ee11cbb6568a3631a1746103a13e82ef2ddd
FFIV,339,204,100,35,339,339,/Users/vinay.hatti/TradingPlatform/research_data/m77_19_7_4_10/h4_point_in_time_structural_downside_room/FFIV.jsonl.gz,0bf71782d788ff7f7b504b81ed73622e782cd3822072ddb949ccf0dd48393af5
FICO,148,53,52,43,148,148,/Users/vinay.hatti/TradingPlatform/research_data/m77_19_7_4_10/h4_point_in_time_structural_downside_room/FICO.jsonl.gz,5db5a6a906b02e263b3c06c3abce1a6e7ece7640ae2fb6ac579c60779b93056d
FIS,274,113,71,90,274,274,/Users/vinay.hatti/TradingPlatform/research_data/m77_19_7_4_10/h4_point_in_time_structural_downside_room/FIS.jsonl.gz,7d6ae8df2185e75484caedff2fa8bb567d34bd39dacf1c36864b475de6c04cd6
FISV,153,87,66,0,153,153,/Users/vinay.hatti/TradingPlatform/research_data/m77_19_7_4_10/h4_point_in_time_structural_downside_room/FISV.jsonl.gz,8afcb90cd52faba3008365cad44f37fa32140f2d5de73e1e944192879d15035a
FITB,357,237,85,35,355,357,/Users/vinay.hatti/TradingPlatform/research_data/m77_19_7_4_10/h4_point_in_time_structural_downside_room/FITB.jsonl.gz,d82d9bace7e5cdb1c6e519571141c5718f04cc69752a3f30938529ca7d7f37d3
FIX,229,173,47,9,229,229,/Users/vinay.hatti/TradingPlatform/research_data/m77_19_7_4_10/h4_point_in_time_structural_downside_room/FIX.jsonl.gz,98c334c5946c0797a4c7d8c2608aface4e88bf425a5603f2b009ef688e511241
FLEX,332,229,88,15,332,332,/Users/vinay.hatti/TradingPlatform/research_data/m77_19_7_4_10/h4_point_in_time_structural_downside_room/FLEX.jsonl.gz,940ddf33c7f7eff68d4136bec097bc706e5fb54f48caf92335a62fb58c0221f9
FOX,109,0,55,54,109,109,/Users/vinay.hatti/TradingPlatform/research_data/m77_19_7_4_10/h4_point_in_time_structural_downside_room/FOX.jsonl.gz,4c018ad0e0b98c09ee6e8b1a9952e42f571ee9298fbe965f892063ea2f1a30cb
FOXA,98,0,51,47,98,98,/Users/vinay.hatti/TradingPlatform/research_data/m77_19_7_4_10/h4_point_in_time_structural_downside_room/FOXA.jsonl.gz,a0b963c44ed795c9733f496529f94ab6868255d71dc345d2c86023e597035472
FRT,316,148,102,66,316,316,/Users/vinay.hatti/TradingPlatform/research_data/m77_19_7_4_10/h4_point_in_time_structural_downside_room/FRT.jsonl.gz,3b28dda50b2ec83bc7b41ffc03acec114f62f665c0f6cbd416196f81f72973a4
FSLR,353,208,85,60,353,353,/Users/vinay.hatti/TradingPlatform/research_data/m77_19_7_4_10/h4_point_in_time_structural_downside_room/FSLR.jsonl.gz,b71ab74ae62accfd58d85ab0fb09904de9d0e33c3115bbb114ee2364e4dc82e2
FTNT,195,86,53,56,195,195,/Users/vinay.hatti/TradingPlatform/research_data/m77_19_7_4_10/h4_point_in_time_structural_downside_room/FTNT.jsonl.gz,09736321ddd43bf8c6c80fe54be918f939fa9867510e94ead83cf12d29a2030e
FTV,141,0,90,51,141,141,/Users/vinay.hatti/TradingPlatform/research_data/m77_19_7_4_10/h4_point_in_time_structural_downside_room/FTV.jsonl.gz,f4258a157179b3016e9cc1a5d391cb28f4a32aced7006fc5553fe073621fe8bb
FXI,368,181,123,64,368,368,/Users/vinay.hatti/TradingPlatform/research_data/m77_19_7_4_10/h4_point_in_time_structural_downside_room/FXI.jsonl.gz,eaa963008fad48243c85258f82562b329052092b712d02e821665b457106dc88
GD,228,114,81,33,228,228,/Users/vinay.hatti/TradingPlatform/research_data/m77_19_7_4_10/h4_point_in_time_structural_downside_room/GD.jsonl.gz,1c021efc16de0ad91e63584a8fdf7133c2904b08241e24e57b0f9718bd4a90df
GDDY,147,4,69,74,147,147,/Users/vinay.hatti/TradingPlatform/research_data/m77_19_7_4_10/h4_point_in_time_structural_downside_room/GDDY.jsonl.gz,9ee6ca71c2476f3eeea14414c4d0522f89f131458a2b723726648741d5240c95
GDX,372,227,100,45,372,372,/Users/vinay.hatti/TradingPlatform/research_data/m77_19_7_4_10/h4_point_in_time_structural_downside_room/GDX.jsonl.gz,1e73a523fc68d0377c5f015f3ea2f0fc440bd1819ccce9216ea90db8db633e67
GDXJ,354,201,104,49,354,354,/Users/vinay.hatti/TradingPlatform/research_data/m77_19_7_4_10/h4_point_in_time_structural_downside_room/GDXJ.jsonl.gz,926e283a907a3afe55d88c73d17e6e669aa02b0144024778ff9fe4f9d11cf33a
GE,360,224,124,12,360,360,/Users/vinay.hatti/TradingPlatform/research_data/m77_19_7_4_10/h4_point_in_time_structural_downside_room/GE.jsonl.gz,9045b0fc2d51fc32b5cdd186bc796b7750924d3bfc7bf5b1bceac855b167a9ca
GEHC,56,0,0,56,56,56,/Users/vinay.hatti/TradingPlatform/research_data/m77_19_7_4_10/h4_point_in_time_structural_downside_room/GEHC.jsonl.gz,5cf5fc61cb8d449d5c247f3724e96605817fba6e3d5e0a4d68a3a3c0ec4502d0
GEN,40,0,0,40,40,40,/Users/vinay.hatti/TradingPlatform/research_data/m77_19_7_4_10/h4_point_in_time_structural_downside_room/GEN.jsonl.gz,7888e323f065d4969555798db0431aca8291f10bb3ca9c8640365ef5b24c53c0
GEV,2,0,0,2,2,2,/Users/vinay.hatti/TradingPlatform/research_data/m77_19_7_4_10/h4_point_in_time_structural_downside_room/GEV.jsonl.gz,74a055b8b110f6ae46c7c016781d82e639ac2e43dea26be2e1efdb2854c4d4d8
GILD,339,184,106,49,339,339,/Users/vinay.hatti/TradingPlatform/research_data/m77_19_7_4_10/h4_point_in_time_structural_downside_room/GILD.jsonl.gz,fe06818f3fa8a7515b46eb9bf9a35347de38761cd77dfd6e91709af9f8788f7d
GIS,349,150,70,129,348,349,/Users/vinay.hatti/TradingPlatform/research_data/m77_19_7_4_10/h4_point_in_time_structural_downside_room/GIS.jsonl.gz,3020227536c50bf8baadec74147b39c5e179c8969c4d938599335bed03690118
GL,50,0,23,27,50,50,/Users/vinay.hatti/TradingPlatform/research_data/m77_19_7_4_10/h4_point_in_time_structural_downside_room/GL.jsonl.gz,ea1b1b409462257753c7bb39aaec6a3fbbf55d1ac11c24ebc447970278d78d53
GLD,256,172,70,14,256,256,/Users/vinay.hatti/TradingPlatform/research_data/m77_19_7_4_10/h4_point_in_time_structural_downside_room/GLD.jsonl.gz,6c1c9ad1dd1e6495b8a03a899e2b68b1169f933e0cbb1780137f510835529ee6
GLW,333,193,105,35,333,333,/Users/vinay.hatti/TradingPlatform/research_data/m77_19_7_4_10/h4_point_in_time_structural_downside_room/GLW.jsonl.gz,88fca994eeb318650adb30a27adf5974546198f87eff8dad4a2f811d850c1ad7
GM,230,86,101,43,230,230,/Users/vinay.hatti/TradingPlatform/research_data/m77_19_7_4_10/h4_point_in_time_structural_downside_room/GM.jsonl.gz,af0c5eae35fe2018c92544618387285d616ce9f573dad27022964447eb23f998
GNRC,241,117,64,60,241,241,/Users/vinay.hatti/TradingPlatform/research_data/m77_19_7_4_10/h4_point_in_time_structural_downside_room/GNRC.jsonl.gz,0c138855b96d09308c017e7f348bd2a7036f61da3d6d3762b5e420184430ebcc
GOOG,225,143,61,21,225,225,/Users/vinay.hatti/TradingPlatform/research_data/m77_19_7_4_10/h4_point_in_time_structural_downside_room/GOOG.jsonl.gz,9445cd2f974516825b228cf705aac74773af3b9e14b262ded2b7ab22d2861203
GOOGL,91,8,62,21,91,91,/Users/vinay.hatti/TradingPlatform/research_data/m77_19_7_4_10/h4_point_in_time_structural_downside_room/GOOGL.jsonl.gz,ff63b2285f5efde6757e1c4fae650c28246c7c21b8682666b10e911ad4f40f2f
GPC,322,179,45,98,321,322,/Users/vinay.hatti/TradingPlatform/research_data/m77_19_7_4_10/h4_point_in_time_structural_downside_room/GPC.jsonl.gz,59f668f31f049b60b4361fb335cdaf4b7d82c3ab51f66ae383e7993bd7a24f12
GPN,323,152,78,93,323,323,/Users/vinay.hatti/TradingPlatform/research_data/m77_19_7_4_10/h4_point_in_time_structural_downside_room/GPN.jsonl.gz,b1c6b71d698433f75bf4eb89258b0066d5842ea0c5d9ab4db5658344eb662745
GRMN,286,203,65,18,286,286,/Users/vinay.hatti/TradingPlatform/research_data/m77_19_7_4_10/h4_point_in_time_structural_downside_room/GRMN.jsonl.gz,ceae7855a6b7bd0bf6a15a59e9d5bf2098230cae5e5e4ef311674921a3d3f108
GS,301,184,89,28,301,301,/Users/vinay.hatti/TradingPlatform/research_data/m77_19_7_4_10/h4_point_in_time_structural_downside_room/GS.jsonl.gz,1a053f0501e146909517a2b912abe9c1205d325ac930f5848f5161cbcb802326
GWW,243,166,47,30,243,243,/Users/vinay.hatti/TradingPlatform/research_data/m77_19_7_4_10/h4_point_in_time_structural_downside_room/GWW.jsonl.gz,5a6d0c5c0c4a8be9f16d2667d7472406b799e233d839fba848404273795ba9b0
HACK,102,12,62,28,102,102,/Users/vinay.hatti/TradingPlatform/research_data/m77_19_7_4_10/h4_point_in_time_structural_downside_room/HACK.jsonl.gz,c5f2deaf23159758a58efd1c4e699424ab4942570859a27311bdd1c58e85c7c7
HAL,374,193,100,81,374,374,/Users/vinay.hatti/TradingPlatform/research_data/m77_19_7_4_10/h4_point_in_time_structural_downside_room/HAL.jsonl.gz,d87ff43c59fa1fbd55de7e9e42267772744eced12f4865e8f187fa7a23ccf835
HAS,302,156,97,49,302,302,/Users/vinay.hatti/TradingPlatform/research_data/m77_19_7_4_10/h4_point_in_time_structural_downside_room/HAS.jsonl.gz,6347c570468b72ef0857ea4aae3d9f00e5498c07a22dbd6b0abb5f086a01c1a7
HBAN,329,204,81,44,329,329,/Users/vinay.hatti/TradingPlatform/research_data/m77_19_7_4_10/h4_point_in_time_structural_downside_room/HBAN.jsonl.gz,fe1c47048c2cc49001a514ed120046061ef8fe37d48a879c748339398e5c83b8
HCA,134,48,51,35,134,134,/Users/vinay.hatti/TradingPlatform/research_data/m77_19_7_4_10/h4_point_in_time_structural_downside_room/HCA.jsonl.gz,b3ea853b9ae2358055959c219570ea323d6f27c240594a20d585fb119200d9d1
HD,272,153,55,64,272,272,/Users/vinay.hatti/TradingPlatform/research_data/m77_19_7_4_10/h4_point_in_time_structural_downside_room/HD.jsonl.gz,aac7969dc53deb0e98e6d61c4e6843ece20283a892f2c89fb4859d602df9c4cd
HIG,262,165,76,21,262,262,/Users/vinay.hatti/TradingPlatform/research_data/m77_19_7_4_10/h4_point_in_time_structural_downside_room/HIG.jsonl.gz,1cab38bff0b0f6362c7934da6730a4fd25781ab8de637299cd2db09fcaaf4829
HII,182,32,88,62,182,182,/Users/vinay.hatti/TradingPlatform/research_data/m77_19_7_4_10/h4_point_in_time_structural_downside_room/HII.jsonl.gz,6843d67eae0064216d94202c7de2f1b76c0f0f6aed65329f22f78c286fdb85c6
HLT,120,64,49,7,120,120,/Users/vinay.hatti/TradingPlatform/research_data/m77_19_7_4_10/h4_point_in_time_structural_downside_room/HLT.jsonl.gz,0bc2fe7e452fecd6ab7b91fd059b323097e73b3d1e3751f481769e21f2397cbf
HOOD,55,0,9,46,55,55,/Users/vinay.hatti/TradingPlatform/research_data/m77_19_7_4_10/h4_point_in_time_structural_downside_room/HOOD.jsonl.gz,3c80777efbf206172362496c70d63cd89482e17cd468d6690f97bd659787a17a
HPE,174,32,103,39,174,174,/Users/vinay.hatti/TradingPlatform/research_data/m77_19_7_4_10/h4_point_in_time_structural_downside_room/HPE.jsonl.gz,30e94f9653fc5008bb81feb2ca79fd7f80f59eecd20721a495e8289548accda2
HPQ,353,201,78,74,353,353,/Users/vinay.hatti/TradingPlatform/research_data/m77_19_7_4_10/h4_point_in_time_structural_downside_room/HPQ.jsonl.gz,0220564182b50180e0096b8adcd00bec66d3090922a9043d52011541cf8ed587
HRL,296,108,65,123,296,296,/Users/vinay.hatti/TradingPlatform/research_data/m77_19_7_4_10/h4_point_in_time_structural_downside_room/HRL.jsonl.gz,212d103b7c4b4389c11a7024360d77bf030e46bf5e3dabf17659100423ce3b5d
HSIC,261,110,78,73,261,261,/Users/vinay.hatti/TradingPlatform/research_data/m77_19_7_4_10/h4_point_in_time_structural_downside_room/HSIC.jsonl.gz,d40f519f7d5b385a038ec124ba92e8735d0d2376821170265e3986091523a9bc
HST,336,179,91,66,336,336,/Users/vinay.hatti/TradingPlatform/research_data/m77_19_7_4_10/h4_point_in_time_structural_downside_room/HST.jsonl.gz,e3c5832253680963317a4c9e54fe332f92fb8f174182204871eed807aac153a6
HSY,321,199,35,87,320,321,/Users/vinay.hatti/TradingPlatform/research_data/m77_19_7_4_10/h4_point_in_time_structural_downside_room/HSY.jsonl.gz,ab201d1b28dbe70efba24e66f52cd715baf988259712af03ce305fdae9bef659
HUBB,83,11,50,22,83,83,/Users/vinay.hatti/TradingPlatform/research_data/m77_19_7_4_10/h4_point_in_time_structural_downside_room/HUBB.jsonl.gz,900def562ccd4f269c59b9578215f5a397d1e23c7342c5c64f5a54430e3554a4
HUM,261,118,47,96,261,261,/Users/vinay.hatti/TradingPlatform/research_data/m77_19_7_4_10/h4_point_in_time_structural_downside_room/HUM.jsonl.gz,45e05532459ef7f1a965538d0f475591ce032ab5dfdac9153dd80aa149d8f814
HWM,26,0,23,3,26,26,/Users/vinay.hatti/TradingPlatform/research_data/m77_19_7_4_10/h4_point_in_time_structural_downside_room/HWM.jsonl.gz,ddc25ac9ae8ec36c8398ca293c7057ccbe89992a5f16ebf014793d060a6bfb2c
HYG,292,145,100,47,291,292,/Users/vinay.hatti/TradingPlatform/research_data/m77_19_7_4_10/h4_point_in_time_structural_downside_room/HYG.jsonl.gz,0fbcf616fb2301861e0e553b3885ec244d590eb9ecb91f9a5f1e2c875a5db97b
IAU,262,179,69,14,262,262,/Users/vinay.hatti/TradingPlatform/research_data/m77_19_7_4_10/h4_point_in_time_structural_downside_room/IAU.jsonl.gz,03b79637c143a67c71d93a81e1b2559ae7e24de2af24e037284b4d69388ca2d9
IBB,276,141,82,53,276,276,/Users/vinay.hatti/TradingPlatform/research_data/m77_19_7_4_10/h4_point_in_time_structural_downside_room/IBB.jsonl.gz,718a42550b0ffa060d7d64b59f01ee17e4fcb89d52181c14d3037a519ec55c35
IBIT,37,0,0,37,37,37,/Users/vinay.hatti/TradingPlatform/research_data/m77_19_7_4_10/h4_point_in_time_structural_downside_room/IBIT.jsonl.gz,8871383fe5964fc91f3531f7186183d790cadc156861350de6c5c7ab377f197d
IBKR,299,174,107,18,299,299,/Users/vinay.hatti/TradingPlatform/research_data/m77_19_7_4_10/h4_point_in_time_structural_downside_room/IBKR.jsonl.gz,e9d175ee925d2cfbe41be48186bb287bbe704185a6e8cd303af3043f5f7aca18
IBM,355,209,104,42,355,355,/Users/vinay.hatti/TradingPlatform/research_data/m77_19_7_4_10/h4_point_in_time_structural_downside_room/IBM.jsonl.gz,819fb61e5689461b3a91d47e59206238cf822f2cbeeb661b12ae0fde82c8e43a
ICE,208,129,37,42,208,208,/Users/vinay.hatti/TradingPlatform/research_data/m77_19_7_4_10/h4_point_in_time_structural_downside_room/ICE.jsonl.gz,ecc31bc2fb4c8ddc894f9fd1a4ffaa8e1c5b07824e67710cb151fcdc7689b10b
ICLN,348,182,74,92,347,348,/Users/vinay.hatti/TradingPlatform/research_data/m77_19_7_4_10/h4_point_in_time_structural_downside_room/ICLN.jsonl.gz,f4e722d9222142ae7f61370d258f92284ae83244cb9bdfb6da1eccf270601a71
IDXX,242,114,57,71,242,242,/Users/vinay.hatti/TradingPlatform/research_data/m77_19_7_4_10/h4_point_in_time_structural_downside_room/IDXX.jsonl.gz,7110e3ed8e5ea3a2b67af9026a3aaeb59d4c1b811947ed2bb23924cd5935bdc0
IEF,404,201,115,88,404,404,/Users/vinay.hatti/TradingPlatform/research_data/m77_19_7_4_10/h4_point_in_time_structural_downside_room/IEF.jsonl.gz,abf504fc188e88bb85c135f83a14ba78e856cc7e5eaf2f66992d19f21f2d1da7
IEX,242,121,43,78,242,242,/Users/vinay.hatti/TradingPlatform/research_data/m77_19_7_4_10/h4_point_in_time_structural_downside_room/IEX.jsonl.gz,f9563f77aeb570247303f6e64fe67b6139de74d3a755cf4f0afedc20b22c4fb9
IFF,361,160,111,90,361,361,/Users/vinay.hatti/TradingPlatform/research_data/m77_19_7_4_10/h4_point_in_time_structural_downside_room/IFF.jsonl.gz,90d579af9b44bfc9f32de6a035651ff984a405012aee3922e3f2e3b2a361e067
IGV,199,110,57,32,199,199,/Users/vinay.hatti/TradingPlatform/research_data/m77_19_7_4_10/h4_point_in_time_structural_downside_room/IGV.jsonl.gz,8c4504bde61459737dc73e13739ccd2fc16ffea9eb2c650bb78e6d2aff60e4bf
IHI,177,84,43,50,177,177,/Users/vinay.hatti/TradingPlatform/research_data/m77_19_7_4_10/h4_point_in_time_structural_downside_room/IHI.jsonl.gz,e967e14e08ebe9df2545861c2b25434aed743dea32a2041efdfadf0cb0fb952e
INCY,398,199,137,62,398,398,/Users/vinay.hatti/TradingPlatform/research_data/m77_19_7_4_10/h4_point_in_time_structural_downside_room/INCY.jsonl.gz,5e54d46a8a62188d6be7e6514c5cc44ca7093da03f65d57978bfe62ffa9b36eb
INDA,176,56,66,54,176,176,/Users/vinay.hatti/TradingPlatform/research_data/m77_19_7_4_10/h4_point_in_time_structural_downside_room/INDA.jsonl.gz,7648e3d355e385f3eb8eb582358bd6068755950b7552434274bf1f80f10c043f
INTC,379,206,116,57,379,379,/Users/vinay.hatti/TradingPlatform/research_data/m77_19_7_4_10/h4_point_in_time_structural_downside_room/INTC.jsonl.gz,f104345055e890949199412c71aff6b50c278b709c2b13e3395a9d3612b045b1
INTU,220,106,51,63,220,220,/Users/vinay.hatti/TradingPlatform/research_data/m77_19_7_4_10/h4_point_in_time_structural_downside_room/INTU.jsonl.gz,3cd7678c9a353cdf639384192a9a664d161b1dc5e35bc4c231374ceeb15cc3ba
INVH,138,0,52,86,138,138,/Users/vinay.hatti/TradingPlatform/research_data/m77_19_7_4_10/h4_point_in_time_structural_downside_room/INVH.jsonl.gz,4022f1fd05c625ac14565cc628150147d06be96911b9473256e058b6910faa77
IP,417,211,127,79,417,417,/Users/vinay.hatti/TradingPlatform/research_data/m77_19_7_4_10/h4_point_in_time_structural_downside_room/IP.jsonl.gz,6e63d22be8fa4b7bddebbd823d2648f9ebc591d34482ca446c63fc6843c044e0
IQV,112,0,42,70,112,112,/Users/vinay.hatti/TradingPlatform/research_data/m77_19_7_4_10/h4_point_in_time_structural_downside_room/IQV.jsonl.gz,b0fcf3996e39a984b3161188dfed0837bf49da8f2c0dc5cbc4cf541d93754825
IR,101,0,56,45,101,101,/Users/vinay.hatti/TradingPlatform/research_data/m77_19_7_4_10/h4_point_in_time_structural_downside_room/IR.jsonl.gz,4ebeefe742fcae03d8a2a371fa9f71bb816c8151b62380010b1e38bf4eca4ef8
IRM,377,254,94,29,377,377,/Users/vinay.hatti/TradingPlatform/research_data/m77_19_7_4_10/h4_point_in_time_structural_downside_room/IRM.jsonl.gz,b622d8f94c1bfc0b1749e72d76256377d8998ca6e5ff2600692ad5488ea226ac
ISRG,268,147,57,64,268,268,/Users/vinay.hatti/TradingPlatform/research_data/m77_19_7_4_10/h4_point_in_time_structural_downside_room/ISRG.jsonl.gz,7b4fdadf0acc70822e6fd16fcab6918ad07aaabfc9f288f1e888f4d07e783d50
IT,233,103,56,74,233,233,/Users/vinay.hatti/TradingPlatform/research_data/m77_19_7_4_10/h4_point_in_time_structural_downside_room/IT.jsonl.gz,7944bdf8d115130570a9ce9e63aa9814da924105febfcd9d23e4920d58eb639d
ITB,275,150,76,49,275,275,/Users/vinay.hatti/TradingPlatform/research_data/m77_19_7_4_10/h4_point_in_time_structural_downside_room/ITB.jsonl.gz,e1e70822530288039354aad862a67c00a555982958c5e2d283b44d5d68160b23
ITOT,82,15,50,17,82,82,/Users/vinay.hatti/TradingPlatform/research_data/m77_19_7_4_10/h4_point_in_time_structural_downside_room/ITOT.jsonl.gz,24862d351c6ad158f4ce0e11515457ee9dc1c80f7cae1314b303f66231fc1f38
ITW,246,138,68,40,246,246,/Users/vinay.hatti/TradingPlatform/research_data/m77_19_7_4_10/h4_point_in_time_structural_downside_room/ITW.jsonl.gz,031f0cb277bf63f20d02d664ba1327b3fe09988d988f4a6bda0bf870b9fcf8e5
IVV,179,113,50,16,179,179,/Users/vinay.hatti/TradingPlatform/research_data/m77_19_7_4_10/h4_point_in_time_structural_downside_room/IVV.jsonl.gz,9f4cc8eea5445bf8296d5addfdaeda2723e3e0931c2b8666689724d7439c17d2
IVZ,328,134,127,67,328,328,/Users/vinay.hatti/TradingPlatform/research_data/m77_19_7_4_10/h4_point_in_time_structural_downside_room/IVZ.jsonl.gz,be0d3b853fd2938943e5dfb65e2cf1e431591bd730702e12c7cfca4f99eb5b65
IWD,202,130,51,21,202,202,/Users/vinay.hatti/TradingPlatform/research_data/m77_19_7_4_10/h4_point_in_time_structural_downside_room/IWD.jsonl.gz,7cc5a72b454902f162587a55af116c31d54308fd62dc86549841a0b865ee2e15
IWF,173,104,51,18,173,173,/Users/vinay.hatti/TradingPlatform/research_data/m77_19_7_4_10/h4_point_in_time_structural_downside_room/IWF.jsonl.gz,e4829d45e1e450473588229490b47dab791db608e3eabdf7d715f92bd897ada2
IWM,223,122,71,30,223,223,/Users/vinay.hatti/TradingPlatform/research_data/m77_19_7_4_10/h4_point_in_time_structural_downside_room/IWM.jsonl.gz,c198e7d700471f0a2e5dcee6adce9e6fdc08ab2c0c78a146566807ea16322c11
IYR,302,181,68,53,301,302,/Users/vinay.hatti/TradingPlatform/research_data/m77_19_7_4_10/h4_point_in_time_structural_downside_room/IYR.jsonl.gz,b4d07ae74a506b657fe55a0ca8fc025ea3ed12c12395a59d7b48b99db9578347
J,99,0,26,73,99,99,/Users/vinay.hatti/TradingPlatform/research_data/m77_19_7_4_10/h4_point_in_time_structural_downside_room/J.jsonl.gz,451d70fb7f3c50ea45dd0ad98d37a5e8ed3760e9b8e792e862fe52bc6be04fe0
JBHT,261,134,63,64,261,261,/Users/vinay.hatti/TradingPlatform/research_data/m77_19_7_4_10/h4_point_in_time_structural_downside_room/JBHT.jsonl.gz,36615f5eb395a7b905904d3fe3c777eacd4d24abea455a9109b4efd4feedaaba
JBL,291,218,49,24,291,291,/Users/vinay.hatti/TradingPlatform/research_data/m77_19_7_4_10/h4_point_in_time_structural_downside_room/JBL.jsonl.gz,1a7cf3e934c67835cc899808f741dc756e319edd6d513eb17f20457e3376405d
JCI,316,211,79,26,316,316,/Users/vinay.hatti/TradingPlatform/research_data/m77_19_7_4_10/h4_point_in_time_structural_downside_room/JCI.jsonl.gz,e02ed17bcbce351a6b8ecc9d466ef0014a9aac043573f8dc229c30c9296d9558
JEPI,78,0,29,49,78,78,/Users/vinay.hatti/TradingPlatform/research_data/m77_19_7_4_10/h4_point_in_time_structural_downside_room/JEPI.jsonl.gz,d3c8d53ea60f0305ea30bc093ad9afc5c1d381db50f5c1443ff71e43d2d599ed
JEPQ,17,0,0,17,17,17,/Users/vinay.hatti/TradingPlatform/research_data/m77_19_7_4_10/h4_point_in_time_structural_downside_room/JEPQ.jsonl.gz,1831ed94d4ab8a314b23a8202bf721ac7e099d2deb5d91f90fd4b15af35a5b6a
JETS,162,12,109,41,162,162,/Users/vinay.hatti/TradingPlatform/research_data/m77_19_7_4_10/h4_point_in_time_structural_downside_room/JETS.jsonl.gz,c36a73510db5b90d75cf840c53d24ad6d958fed15ba3117df1eff3007941ae58
JKHY,237,106,54,77,237,237,/Users/vinay.hatti/TradingPlatform/research_data/m77_19_7_4_10/h4_point_in_time_structural_downside_room/JKHY.jsonl.gz,97fd57f3e6858d01102ef00bfbde31db15160b324b06ada830b62cf7d4bd9219
JNJ,300,170,63,67,300,300,/Users/vinay.hatti/TradingPlatform/research_data/m77_19_7_4_10/h4_point_in_time_structural_downside_room/JNJ.jsonl.gz,6a7882f73ce5bbb8c56bb1427438fde31c848ea052e3857ba2f45ec04bd99450
JPM,275,186,75,14,275,275,/Users/vinay.hatti/TradingPlatform/research_data/m77_19_7_4_10/h4_point_in_time_structural_downside_room/JPM.jsonl.gz,744c9c7e5641718e07f8a9c1c0406ab01a105a0416769f750262fe2c1508f046
KBE,311,188,87,36,311,311,/Users/vinay.hatti/TradingPlatform/research_data/m77_19_7_4_10/h4_point_in_time_structural_downside_room/KBE.jsonl.gz,a2d7f3ca5da232da80beb2874b26f4bb38d1790ac3983503b1ec76084b97b1bc
KDP,108,0,24,84,108,108,/Users/vinay.hatti/TradingPlatform/research_data/m77_19_7_4_10/h4_point_in_time_structural_downside_room/KDP.jsonl.gz,b120ee1f57cf4fe20cfec485b5b8d72a7f5bb53510501ceb8cec57e52429ffcf
KEY,331,205,85,41,331,331,/Users/vinay.hatti/TradingPlatform/research_data/m77_19_7_4_10/h4_point_in_time_structural_downside_room/KEY.jsonl.gz,df8e6ede6c88d524ebb3a7bfb1359a5d8bd35abdd2454ba26d78bd17550c7680
KEYS,98,10,38,50,98,98,/Users/vinay.hatti/TradingPlatform/research_data/m77_19_7_4_10/h4_point_in_time_structural_downside_room/KEYS.jsonl.gz,76b58f55033914a06b6632c8ca91ecb5ebb89d218ee0aeefe3e9c7ac17e25a3d
KHC,256,26,125,105,256,256,/Users/vinay.hatti/TradingPlatform/research_data/m77_19_7_4_10/h4_point_in_time_structural_downside_room/KHC.jsonl.gz,d006920f86a4a9f4032b8da43ea61c940014783b2432b80c28ad44af1fc75e98
KIM,371,222,74,75,371,371,/Users/vinay.hatti/TradingPlatform/research_data/m77_19_7_4_10/h4_point_in_time_structural_downside_room/KIM.jsonl.gz,798a5e72400fcae9b1bd752bca390993ab33e965c76ae2ad22a0d73708fbd448
KKR,183,79,55,49,183,183,/Users/vinay.hatti/TradingPlatform/research_data/m77_19_7_4_10/h4_point_in_time_structural_downside_room/KKR.jsonl.gz,7f1fd3cbd5261650368f5701f4d76641ae3b73d8c56b9cb8a51f67fbfdecee85
KLAC,263,194,49,20,263,263,/Users/vinay.hatti/TradingPlatform/research_data/m77_19_7_4_10/h4_point_in_time_structural_downside_room/KLAC.jsonl.gz,5568797c3c09fa883e047d042f767a0f73ed18ce14e85e1f9768a4a103197bc9
KMB,367,182,92,93,367,367,/Users/vinay.hatti/TradingPlatform/research_data/m77_19_7_4_10/h4_point_in_time_structural_downside_room/KMB.jsonl.gz,513bdcca06a143e205db375fa6734cf2eb1ee49f356ea8d47fe2b823ebb1c650
KMI,241,124,84,33,241,241,/Users/vinay.hatti/TradingPlatform/research_data/m77_19_7_4_10/h4_point_in_time_structural_downside_room/KMI.jsonl.gz,3de0c7f52e77d7d17ef4ec727fd347e6d4f89bf32abec22d4a0823101d639cb8
KO,249,162,47,40,249,249,/Users/vinay.hatti/TradingPlatform/research_data/m77_19_7_4_10/h4_point_in_time_structural_downside_room/KO.jsonl.gz,50161c4e952f27682949a4f7fedc94454b5c1222b1852cb399b8413d42b956d0
KR,332,203,73,56,332,332,/Users/vinay.hatti/TradingPlatform/research_data/m77_19_7_4_10/h4_point_in_time_structural_downside_room/KR.jsonl.gz,b52b3adff919f3d17fc4a9c600a91a74214671278e1b8bb539ccecb32a6cb08a
KRE,299,164,84,51,299,299,/Users/vinay.hatti/TradingPlatform/research_data/m77_19_7_4_10/h4_point_in_time_structural_downside_room/KRE.jsonl.gz,e439d5719e93843e0cc6a1155d48658e142920d8166b6e059d85a1f8b4f990d9
KVUE,44,0,0,44,44,44,/Users/vinay.hatti/TradingPlatform/research_data/m77_19_7_4_10/h4_point_in_time_structural_downside_room/KVUE.jsonl.gz,95da7213056d2eb467dc1d1a5d91df9e485079e01182bc7338f6b63ee9602e5c
KWEB,258,48,121,89,258,258,/Users/vinay.hatti/TradingPlatform/research_data/m77_19_7_4_10/h4_point_in_time_structural_downside_room/KWEB.jsonl.gz,27403136e813cbf03bec1ea980ee3fe299f4a362731915ac9f723b764004d180
L,163,96,61,6,163,163,/Users/vinay.hatti/TradingPlatform/research_data/m77_19_7_4_10/h4_point_in_time_structural_downside_room/L.jsonl.gz,d52f5024b531ac7cc65987e0859a6aeb736474986cb8aedc9e29c723a522232a
LDOS,158,26,73,59,158,158,/Users/vinay.hatti/TradingPlatform/research_data/m77_19_7_4_10/h4_point_in_time_structural_downside_room/LDOS.jsonl.gz,c127ff84877a07a4e422e30fc2bf79a19a7c38d8b54d39c8649ca0e5bb3efb32
LEN,361,208,82,71,361,361,/Users/vinay.hatti/TradingPlatform/research_data/m77_19_7_4_10/h4_point_in_time_structural_downside_room/LEN.jsonl.gz,790e6d1bc99e7f84aade82cd91e21371400b9dce4181f87edf193c98969c423d
LH,223,119,55,49,223,223,/Users/vinay.hatti/TradingPlatform/research_data/m77_19_7_4_10/h4_point_in_time_structural_downside_room/LH.jsonl.gz,6970d4f1c8bad33193af393a7762545beff6b06105cb9bf843a807759ec88e0c
LHX,96,0,35,61,96,96,/Users/vinay.hatti/TradingPlatform/research_data/m77_19_7_4_10/h4_point_in_time_structural_downside_room/LHX.jsonl.gz,514290dd72dc44b721cd63cdd0e3649ebb71ed44c3b47ea01b3dcee76e2cba85
LII,226,110,69,47,226,226,/Users/vinay.hatti/TradingPlatform/research_data/m77_19_7_4_10/h4_point_in_time_structural_downside_room/LII.jsonl.gz,6cff0247d847aec418db5d464e646610013b9f0f17ec2ba5260e67066306a991
LIN,72,29,26,17,72,72,/Users/vinay.hatti/TradingPlatform/research_data/m77_19_7_4_10/h4_point_in_time_structural_downside_room/LIN.jsonl.gz,1925a3376032f002e318fdb11c6b95d782e740a306e9649ef95f8524618d3fec
LITE,151,12,80,59,151,151,/Users/vinay.hatti/TradingPlatform/research_data/m77_19_7_4_10/h4_point_in_time_structural_downside_room/LITE.jsonl.gz,f47a4e99dc522d169e5cb8cb96f6cb9603f6b60cd02d6cf7a221181c79b4a8f5
LLY,287,216,34,37,287,287,/Users/vinay.hatti/TradingPlatform/research_data/m77_19_7_4_10/h4_point_in_time_structural_downside_room/LLY.jsonl.gz,b4b46134660e828607bd091aabd72b77e8360d9821bf316b97fa8728ae83bcaf
LMT,267,130,74,63,267,267,/Users/vinay.hatti/TradingPlatform/research_data/m77_19_7_4_10/h4_point_in_time_structural_downside_room/LMT.jsonl.gz,e840246e42c46be149c2886a259abfce0b48c175008fed0e345cd62dde83f3dd
LNT,235,127,57,51,235,235,/Users/vinay.hatti/TradingPlatform/research_data/m77_19_7_4_10/h4_point_in_time_structural_downside_room/LNT.jsonl.gz,b5e1a09e02c7bfdc3fdff010d78686ff30beaec9e5b3a1d2fa74a313615d1e72
LOW,304,187,55,62,304,304,/Users/vinay.hatti/TradingPlatform/research_data/m77_19_7_4_10/h4_point_in_time_structural_downside_room/LOW.jsonl.gz,210f7eb110e713b456626b653d702d5ca078cdf21aacd64fe2a8ba36ae2de810
LQD,384,209,103,72,384,384,/Users/vinay.hatti/TradingPlatform/research_data/m77_19_7_4_10/h4_point_in_time_structural_downside_room/LQD.jsonl.gz,9c46a73ae76a902b87e647744d53e9647a8dc4cace25fbf27b83b5b8d1d3b430
LRCX,259,163,71,25,259,259,/Users/vinay.hatti/TradingPlatform/research_data/m77_19_7_4_10/h4_point_in_time_structural_downside_room/LRCX.jsonl.gz,0c1a29c9da5b484bea55e0c8e1220280d42a330c74e9737226d96b9af4f77026
LULU,288,137,52,99,288,288,/Users/vinay.hatti/TradingPlatform/research_data/m77_19_7_4_10/h4_point_in_time_structural_downside_room/LULU.jsonl.gz,995703d8479008dec90b5ceb659f74d5dfbadb12b7c2dfaf8cb23b3de3d70be4
LUV,416,224,116,76,416,416,/Users/vinay.hatti/TradingPlatform/research_data/m77_19_7_4_10/h4_point_in_time_structural_downside_room/LUV.jsonl.gz,a20f3bb6cc3f86046d4b912587e90a50590b2c411d45e04ee381015166e6d22b
LVS,378,189,111,78,378,378,/Users/vinay.hatti/TradingPlatform/research_data/m77_19_7_4_10/h4_point_in_time_structural_downside_room/LVS.jsonl.gz,072189c05eb90fcc637c941c54d5f4e6dde0b016dd749bc1439db32b1f44b224
LYB,257,69,101,87,257,257,/Users/vinay.hatti/TradingPlatform/research_data/m77_19_7_4_10/h4_point_in_time_structural_downside_room/LYB.jsonl.gz,b3b57b2bdbfac3215411910b5ce193c9b8a152d6ba01141e6d1b1b9c5ee7dd43
LYV,266,176,59,31,266,266,/Users/vinay.hatti/TradingPlatform/research_data/m77_19_7_4_10/h4_point_in_time_structural_downside_room/LYV.jsonl.gz,39a9b9c6a16db325f0b5af9e459b1a3614d8143948c8f9214a34598aef9198b4
MA,150,72,42,36,150,150,/Users/vinay.hatti/TradingPlatform/research_data/m77_19_7_4_10/h4_point_in_time_structural_downside_room/MA.jsonl.gz,8c5d66dae60c73a6282be346484c2c0ef02449a8dbb1f57cf150ac9de4955bd8
MAA,304,153,60,91,304,304,/Users/vinay.hatti/TradingPlatform/research_data/m77_19_7_4_10/h4_point_in_time_structural_downside_room/MAA.jsonl.gz,a07fff2c4d0591628608abf3f6c7cf240359c61f54476bfc85145765ec03ad1e
MAR,243,165,63,15,243,243,/Users/vinay.hatti/TradingPlatform/research_data/m77_19_7_4_10/h4_point_in_time_structural_downside_room/MAR.jsonl.gz,b679f8559c88ad6aacebef07ff193a65cdd394040ae05d15cc091a255914c3db
MAS,361,220,80,61,361,361,/Users/vinay.hatti/TradingPlatform/research_data/m77_19_7_4_10/h4_point_in_time_structural_downside_room/MAS.jsonl.gz,53c45e38b8cdd7f9d82f3e2ef7b12cf03115a0dfcde6acf985c184b46e7e0a59
MCD,210,117,40,53,210,210,/Users/vinay.hatti/TradingPlatform/research_data/m77_19_7_4_10/h4_point_in_time_structural_downside_room/MCD.jsonl.gz,a832e6ac4e3a7ca85353f45f4ddc1a04311a0a1f97e8226399e5669677cbe0ea
MCHP,280,138,70,72,280,280,/Users/vinay.hatti/TradingPlatform/research_data/m77_19_7_4_10/h4_point_in_time_structural_downside_room/MCHP.jsonl.gz,a6adbb14feb65f66e63b3d044f5d3ffb03d3e9d7417c9a52c5590be89a64b31f
MCK,230,156,56,18,230,230,/Users/vinay.hatti/TradingPlatform/research_data/m77_19_7_4_10/h4_point_in_time_structural_downside_room/MCK.jsonl.gz,eb3bd85146734ebd3e14cd4b1763867eeb0863ab96cdc0769b4288c955fcad49
MCO,249,162,53,34,249,249,/Users/vinay.hatti/TradingPlatform/research_data/m77_19_7_4_10/h4_point_in_time_structural_downside_room/MCO.jsonl.gz,d64f81cf6081913fb77452a53cb53647b6ec694d852a26287689a99b91951ca2
MDLZ,183,54,60,69,183,183,/Users/vinay.hatti/TradingPlatform/research_data/m77_19_7_4_10/h4_point_in_time_structural_downside_room/MDLZ.jsonl.gz,a0d43d3185cc56e3c8eb9edb27a22beea4129f6aa37b304114ef08f02a6984e0
MDT,308,159,79,70,308,308,/Users/vinay.hatti/TradingPlatform/research_data/m77_19_7_4_10/h4_point_in_time_structural_downside_room/MDT.jsonl.gz,f866b14e7464e1dc682ed5eca10eb9212eef744d4b88a271c156767f99858748
MELI,218,95,78,45,218,218,/Users/vinay.hatti/TradingPlatform/research_data/m77_19_7_4_10/h4_point_in_time_structural_downside_room/MELI.jsonl.gz,fed291044ee549bda0f8c75f58749f69ab4e648baeea12d1006a219047b49815
MET,304,185,78,41,304,304,/Users/vinay.hatti/TradingPlatform/research_data/m77_19_7_4_10/h4_point_in_time_structural_downside_room/MET.jsonl.gz,d5290661e473dc54e7ed202a02fe7c66e6580239fad0ef8abee8622393126b93
META,34,0,0,34,34,34,/Users/vinay.hatti/TradingPlatform/research_data/m77_19_7_4_10/h4_point_in_time_structural_downside_room/META.jsonl.gz,2031ef32f6c9b8d09ea06a26252cca5ecfcea7462ffec82ea98649c2074bf4d7
MGM,359,201,92,66,359,359,/Users/vinay.hatti/TradingPlatform/research_data/m77_19_7_4_10/h4_point_in_time_structural_downside_room/MGM.jsonl.gz,f68a23f850a22bf7bf795621313c36c1a2beeb8da6d458b3d2e440132d6a992f
MKC,298,145,57,96,298,298,/Users/vinay.hatti/TradingPlatform/research_data/m77_19_7_4_10/h4_point_in_time_structural_downside_room/MKC.jsonl.gz,130cbae20835f3f4b3f83deb142338f1989a7a45f0efade0c85ce9962426be5d
MLM,312,191,76,45,312,312,/Users/vinay.hatti/TradingPlatform/research_data/m77_19_7_4_10/h4_point_in_time_structural_downside_room/MLM.jsonl.gz,e5a3a2fe49883fbca7dd08059149475db21e35949643be46d905f57dcf027376
MMM,340,160,122,58,340,340,/Users/vinay.hatti/TradingPlatform/research_data/m77_19_7_4_10/h4_point_in_time_structural_downside_room/MMM.jsonl.gz,4eb883d5be6c6dd8500f2b99e9b1d87ec082f74d05757af1d5c115653f5e62cb
MNST,230,132,63,35,230,230,/Users/vinay.hatti/TradingPlatform/research_data/m77_19_7_4_10/h4_point_in_time_structural_downside_room/MNST.jsonl.gz,62532ab22faff07ae6dc99efdcbd3e612a6f7ab0fc6a778bca4d6215dc1dab72
MO,298,134,110,54,297,298,/Users/vinay.hatti/TradingPlatform/research_data/m77_19_7_4_10/h4_point_in_time_structural_downside_room/MO.jsonl.gz,bfd456c3a52425497874883a10ad730e81f0d02cf64b9fae684f88cada06a5aa
MOS,430,234,80,116,429,430,/Users/vinay.hatti/TradingPlatform/research_data/m77_19_7_4_10/h4_point_in_time_structural_downside_room/MOS.jsonl.gz,f185dabd5a644e788dfc8eb02f3e0aec988ee2e2bec4528c1aea0c845ec5bc2d
MPC,147,47,62,38,147,147,/Users/vinay.hatti/TradingPlatform/research_data/m77_19_7_4_10/h4_point_in_time_structural_downside_room/MPC.jsonl.gz,69cd388eda83c8258b67f36f9c10761cae4fffed1756779c22807e77165d48e6
MPWR,190,112,46,32,190,190,/Users/vinay.hatti/TradingPlatform/research_data/m77_19_7_4_10/h4_point_in_time_structural_downside_room/MPWR.jsonl.gz,c49d930836c908a345b68ca3f078717b1cfbf9e409cd5f2351c9ba8d25659b27
MRK,303,182,59,62,303,303,/Users/vinay.hatti/TradingPlatform/research_data/m77_19_7_4_10/h4_point_in_time_structural_downside_room/MRK.jsonl.gz,d35ad5e4a4b7623ea56d6bc7af172edd1a47d9618964908af2b757d8bc746b8b
MRNA,145,0,38,107,145,145,/Users/vinay.hatti/TradingPlatform/research_data/m77_19_7_4_10/h4_point_in_time_structural_downside_room/MRNA.jsonl.gz,63cecfd24bc8212e8bc020779928ad41c6886830b127689e26f4ee7ff4c1d26d
MRVL,332,228,69,35,332,332,/Users/vinay.hatti/TradingPlatform/research_data/m77_19_7_4_10/h4_point_in_time_structural_downside_room/MRVL.jsonl.gz,1808092fe6cd91ca2b56b040b1ba1ff281e3a4d93b34739a03b2d8310fbdae19
MS,289,179,79,31,289,289,/Users/vinay.hatti/TradingPlatform/research_data/m77_19_7_4_10/h4_point_in_time_structural_downside_room/MS.jsonl.gz,a124247a69261629a7261780bc4aedbae168160bb931375a5bb138a90a58ca44
MSCI,139,43,40,56,139,139,/Users/vinay.hatti/TradingPlatform/research_data/m77_19_7_4_10/h4_point_in_time_structural_downside_room/MSCI.jsonl.gz,5299155d9ce489f6520629ff4e4545958baeb3a8a10e8bcf6e3213d097757ee2
MSFT,274,187,41,46,274,274,/Users/vinay.hatti/TradingPlatform/research_data/m77_19_7_4_10/h4_point_in_time_structural_downside_room/MSFT.jsonl.gz,37447663666de46971e9abae94d98bbf216cb639a3a87d98f353a264d9634b91
MSI,215,134,44,37,215,215,/Users/vinay.hatti/TradingPlatform/research_data/m77_19_7_4_10/h4_point_in_time_structural_downside_room/MSI.jsonl.gz,33986616b091216b84bfe393880b7e2678a333535c92630de7fd7b55815d3a1c
MSTR,371,212,105,54,371,371,/Users/vinay.hatti/TradingPlatform/research_data/m77_19_7_4_10/h4_point_in_time_structural_downside_room/MSTR.jsonl.gz,3f5d668bbef9648c9cf08f5932d3791b49d9501e020351732041a39501720f95
MTB,291,165,83,43,291,291,/Users/vinay.hatti/TradingPlatform/research_data/m77_19_7_4_10/h4_point_in_time_structural_downside_room/MTB.jsonl.gz,ccd2096babb031b3301c35618d5f1d35feefea7e0921c6d2cb51bedec68f4a55
MTD,234,99,70,65,234,234,/Users/vinay.hatti/TradingPlatform/research_data/m77_19_7_4_10/h4_point_in_time_structural_downside_room/MTD.jsonl.gz,cf6b5c76d90366622913fc01d2a6a1119da74ca24f393321fa9cba89f9f21fb6
MTUM,100,17,48,35,100,100,/Users/vinay.hatti/TradingPlatform/research_data/m77_19_7_4_10/h4_point_in_time_structural_downside_room/MTUM.jsonl.gz,9c35c570aa5761533ed4c6794186fdc95d96a144188d5c80f8b1bd2590cd1417
MU,356,236,92,28,356,356,/Users/vinay.hatti/TradingPlatform/research_data/m77_19_7_4_10/h4_point_in_time_structural_downside_room/MU.jsonl.gz,08cf6a2a2bfa934d138c226a93f3b6d0ea117621e912b78095b019d845565b77
NBIS,3,0,0,3,3,3,/Users/vinay.hatti/TradingPlatform/research_data/m77_19_7_4_10/h4_point_in_time_structural_downside_room/NBIS.jsonl.gz,cbeb7e7ef46e8326bfa32403a584dd9d37762d61ae23d78e22f69e462fbc91e3
NCLH,223,47,108,68,223,223,/Users/vinay.hatti/TradingPlatform/research_data/m77_19_7_4_10/h4_point_in_time_structural_downside_room/NCLH.jsonl.gz,6f538ed25002d4ce793b0261b80d0f801c72cafe52985160c0734bcfc882a4d4
NDAQ,237,155,35,47,237,237,/Users/vinay.hatti/TradingPlatform/research_data/m77_19_7_4_10/h4_point_in_time_structural_downside_room/NDAQ.jsonl.gz,2b37d9cec666714cceab1c5bc379c11307d29e89be32fe837dc7342e5103591c
NDSN,239,135,58,46,239,239,/Users/vinay.hatti/TradingPlatform/research_data/m77_19_7_4_10/h4_point_in_time_structural_downside_room/NDSN.jsonl.gz,96c0b5e44096767ab7e1ec7b5e95fa1eded79ab9d77cc3db6669a6ead7839cf0
NEE,137,34,29,74,137,137,/Users/vinay.hatti/TradingPlatform/research_data/m77_19_7_4_10/h4_point_in_time_structural_downside_room/NEE.jsonl.gz,fc1497d6cf4c49067d7ad224ae1454d32fe8ec0f2e8d70e5eed11f971a6e933d
NEM,429,289,80,60,429,429,/Users/vinay.hatti/TradingPlatform/research_data/m77_19_7_4_10/h4_point_in_time_structural_downside_room/NEM.jsonl.gz,08529cb70f87b680a5cf95bf332792424158792dc823add3e35e62f4be86d302
NFLX,248,147,62,39,248,248,/Users/vinay.hatti/TradingPlatform/research_data/m77_19_7_4_10/h4_point_in_time_structural_downside_room/NFLX.jsonl.gz,0642c37347e43b96e062dc4cb161a95b5badf7de292c2083a49a786cf6a12bee
NI,283,168,82,33,282,283,/Users/vinay.hatti/TradingPlatform/research_data/m77_19_7_4_10/h4_point_in_time_structural_downside_room/NI.jsonl.gz,2590183ca1bedb7875351c73adea91060bd1b5063401e60659a7be484d5ddc5c
NKE,325,149,51,125,325,325,/Users/vinay.hatti/TradingPlatform/research_data/m77_19_7_4_10/h4_point_in_time_structural_downside_room/NKE.jsonl.gz,666c52ddb8e30815ef6ce85eb83ac4e4c9d7883c214821b033be7a611fd110c4
NOC,227,101,63,63,227,227,/Users/vinay.hatti/TradingPlatform/research_data/m77_19_7_4_10/h4_point_in_time_structural_downside_room/NOC.jsonl.gz,325c0f1e16cf257ac9a2a3ac010da2e4f965022dd48dfae904e444d128c2e069
NOW,135,24,60,51,135,135,/Users/vinay.hatti/TradingPlatform/research_data/m77_19_7_4_10/h4_point_in_time_structural_downside_room/NOW.jsonl.gz,f2125c9204213c87b727edd98e19de4d01878d2cd6bcd762ef1a352ab99f7be9
NRG,326,223,65,38,326,326,/Users/vinay.hatti/TradingPlatform/research_data/m77_19_7_4_10/h4_point_in_time_structural_downside_room/NRG.jsonl.gz,5bff34eca249141b150382447b07e7dd9377cebf39d8ddddf0b069e7c625eb79
NSC,270,156,60,54,270,270,/Users/vinay.hatti/TradingPlatform/research_data/m77_19_7_4_10/h4_point_in_time_structural_downside_room/NSC.jsonl.gz,701e33f19276827c7bd29087417a7439addd655cb8a5377dceb0ea5481866a39
NTAP,353,226,89,38,353,353,/Users/vinay.hatti/TradingPlatform/research_data/m77_19_7_4_10/h4_point_in_time_structural_downside_room/NTAP.jsonl.gz,9b27680a43abd813f6228b188c1b027ddd724ad1272181de89fd9676d3b18847
NTRS,288,157,89,42,288,288,/Users/vinay.hatti/TradingPlatform/research_data/m77_19_7_4_10/h4_point_in_time_structural_downside_room/NTRS.jsonl.gz,b21fb95d806ace0e41b8adfd8443feb71e384d11ad8f01355a43a04578e5eeb4
NUE,343,211,76,56,343,343,/Users/vinay.hatti/TradingPlatform/research_data/m77_19_7_4_10/h4_point_in_time_structural_downside_room/NUE.jsonl.gz,4ad268a4e1d491fa6024249aec96b1db9e112dee8f70af0d95b6f913e1261c7d
NVDA,230,159,56,15,230,230,/Users/vinay.hatti/TradingPlatform/research_data/m77_19_7_4_10/h4_point_in_time_structural_downside_room/NVDA.jsonl.gz,1e68c548d481f2ed02c872daf08e7bff620901769725f31d74fa67c098e1b8f2
NVR,271,145,71,55,271,271,/Users/vinay.hatti/TradingPlatform/research_data/m77_19_7_4_10/h4_point_in_time_structural_downside_room/NVR.jsonl.gz,577defdcd73915fd127cd1e43f699179e60827f8d3dc008979a2eb27eb779f6f
NWS,211,84,96,31,211,211,/Users/vinay.hatti/TradingPlatform/research_data/m77_19_7_4_10/h4_point_in_time_structural_downside_room/NWS.jsonl.gz,fe16ac20ec35363e97d0e16708138447a416c3754358be37293be2a37a6d7fd5
NWSA,226,88,99,39,226,226,/Users/vinay.hatti/TradingPlatform/research_data/m77_19_7_4_10/h4_point_in_time_structural_downside_room/NWSA.jsonl.gz,19e25a288727dae50da96760458df77b7e9c76bcdeefba433bc0d51e3ae501df
NXPI,179,45,76,58,179,179,/Users/vinay.hatti/TradingPlatform/research_data/m77_19_7_4_10/h4_point_in_time_structural_downside_room/NXPI.jsonl.gz,2d126c94e54ca6c618c04c713a06e1e3cc7331b300407e78d2412796ec0c0b07
O,339,184,70,85,339,339,/Users/vinay.hatti/TradingPlatform/research_data/m77_19_7_4_10/h4_point_in_time_structural_downside_room/O.jsonl.gz,53407faabf122494c1d0a1e447c5caeba8ce054a91d88fc86fbf5fe1b7de1b70
ODFL,230,137,37,56,230,230,/Users/vinay.hatti/TradingPlatform/research_data/m77_19_7_4_10/h4_point_in_time_structural_downside_room/ODFL.jsonl.gz,1d0a27551a91682b987ead8f937c769b8a16174761bfd38fe3233319d7a6be2c
OIH,291,110,116,65,290,291,/Users/vinay.hatti/TradingPlatform/research_data/m77_19_7_4_10/h4_point_in_time_structural_downside_room/OIH.jsonl.gz,4e2597cced2478831a0ebc0714096959db54f93fdcb87550fce024ba3949c259
OKE,250,155,50,45,250,250,/Users/vinay.hatti/TradingPlatform/research_data/m77_19_7_4_10/h4_point_in_time_structural_downside_room/OKE.jsonl.gz,174b50b57fcca3b4bbefb31ed3f2ad8f53b68a7c18095887a032baef797ef26b
OMC,353,180,104,69,353,353,/Users/vinay.hatti/TradingPlatform/research_data/m77_19_7_4_10/h4_point_in_time_structural_downside_room/OMC.jsonl.gz,f07249ad7e0e27b8465ab830dfe50411b935de94009856825bbb3640299f09f7
ON,132,3,54,75,132,132,/Users/vinay.hatti/TradingPlatform/research_data/m77_19_7_4_10/h4_point_in_time_structural_downside_room/ON.jsonl.gz,c1f4e5761d66a824cf7288cdd2f28b0f4119cb9393eae7735c2f90ce016fcd0f
ORCL,244,146,57,41,244,244,/Users/vinay.hatti/TradingPlatform/research_data/m77_19_7_4_10/h4_point_in_time_structural_downside_room/ORCL.jsonl.gz,87c92f4d9aa640ed1c5e7627050205b479fd00e435070c6422f6a3fce088069e
ORLY,165,112,24,29,165,165,/Users/vinay.hatti/TradingPlatform/research_data/m77_19_7_4_10/h4_point_in_time_structural_downside_room/ORLY.jsonl.gz,6e604033e070493cfe14aaed84a0d61785913cfabe5ad93ee9273fd9726dd476
OTIS,101,0,35,66,101,101,/Users/vinay.hatti/TradingPlatform/research_data/m77_19_7_4_10/h4_point_in_time_structural_downside_room/OTIS.jsonl.gz,8e1fdf6cfbfeac9b57456e1aa3c23f97be5aae672bd123fb4cd36c82efb66906
OXY,378,186,104,88,378,378,/Users/vinay.hatti/TradingPlatform/research_data/m77_19_7_4_10/h4_point_in_time_structural_downside_room/OXY.jsonl.gz,a6ca52b259911298b3ac19a4be2c7ec61ab04b464dfeddabd4f371a18fcb23c5
PANW,123,50,43,30,123,123,/Users/vinay.hatti/TradingPlatform/research_data/m77_19_7_4_10/h4_point_in_time_structural_downside_room/PANW.jsonl.gz,970c7d09c17c07acf29706a326c6c926821454c189d405b72a96bb3af387a88a
PAYX,305,192,46,67,305,305,/Users/vinay.hatti/TradingPlatform/research_data/m77_19_7_4_10/h4_point_in_time_structural_downside_room/PAYX.jsonl.gz,fbbdb8dfa8723cb6ff52c30b198f0e7f0011464b4ff65ced5e12b90fe195eb43
PCAR,295,195,68,32,295,295,/Users/vinay.hatti/TradingPlatform/research_data/m77_19_7_4_10/h4_point_in_time_structural_downside_room/PCAR.jsonl.gz,a29ce6b3b49b9a1b4a1af9f35cfb8a8e80ea0632c7ad180d30e48207b613e6b0
PCG,334,169,118,47,334,334,/Users/vinay.hatti/TradingPlatform/research_data/m77_19_7_4_10/h4_point_in_time_structural_downside_room/PCG.jsonl.gz,f3868a986ef3d541825a2ea20b3b10d7aed874062d467fc23c9a5992fd50efd6
PDD,137,0,63,74,137,137,/Users/vinay.hatti/TradingPlatform/research_data/m77_19_7_4_10/h4_point_in_time_structural_downside_room/PDD.jsonl.gz,a9ede342369a9e8ba423dcfa6c22444c3faaeae7d74ad0afc9e6ae2128ac406b
PEG,307,190,52,65,307,307,/Users/vinay.hatti/TradingPlatform/research_data/m77_19_7_4_10/h4_point_in_time_structural_downside_room/PEG.jsonl.gz,65a8746d01546a8e582bfb2336ae7e35687d9d682e7bbbb70b4df568f0f19648
PEP,245,114,42,89,245,245,/Users/vinay.hatti/TradingPlatform/research_data/m77_19_7_4_10/h4_point_in_time_structural_downside_room/PEP.jsonl.gz,2e3f7fa889a8107213616f8069bdf8587fa3ed2d1cd83dfb2c479692cf7ead0e
PFE,433,236,79,118,433,433,/Users/vinay.hatti/TradingPlatform/research_data/m77_19_7_4_10/h4_point_in_time_structural_downside_room/PFE.jsonl.gz,ed436e403f1d43bcd2fc9a3bbf668a0557d71a70a7b2d757a6a2fdebd7fc1ffc
PFG,290,160,81,49,290,290,/Users/vinay.hatti/TradingPlatform/research_data/m77_19_7_4_10/h4_point_in_time_structural_downside_room/PFG.jsonl.gz,38177f4dd86b0fe62ed49ec81c1fa344f269637a0d94ac10d53bd22775e3979d
PG,285,165,53,67,285,285,/Users/vinay.hatti/TradingPlatform/research_data/m77_19_7_4_10/h4_point_in_time_structural_downside_room/PG.jsonl.gz,80ae40099e06dc03b2ab96600a79a8d7d5e0671d4c77bb721e3609906bd3d6a3
PGR,265,182,36,47,265,265,/Users/vinay.hatti/TradingPlatform/research_data/m77_19_7_4_10/h4_point_in_time_structural_downside_room/PGR.jsonl.gz,36187fedb827fb2e889cedbb8929b221d9ce30161abffeebba0d36d12fe2476e
PH,247,154,76,17,247,247,/Users/vinay.hatti/TradingPlatform/research_data/m77_19_7_4_10/h4_point_in_time_structural_downside_room/PH.jsonl.gz,c0cba32e47bc1b815101c91152acd1b70a5580162b917a43bb5808f82738771f
PHM,354,250,69,35,354,354,/Users/vinay.hatti/TradingPlatform/research_data/m77_19_7_4_10/h4_point_in_time_structural_downside_room/PHM.jsonl.gz,ec5d8e4df1e46061ea6f37f379c10e16ca4e1af372e03e53ddf74fe4b8e3acbd
PKG,279,153,87,39,279,279,/Users/vinay.hatti/TradingPlatform/research_data/m77_19_7_4_10/h4_point_in_time_structural_downside_room/PKG.jsonl.gz,7e5b3f29ffc4877ce66675d19c1d10cb5a5d06f689fd046da9c590d73f156568
PLD,261,157,44,60,261,261,/Users/vinay.hatti/TradingPlatform/research_data/m77_19_7_4_10/h4_point_in_time_structural_downside_room/PLD.jsonl.gz,691bb20840a9dbf6e476b7b47a01e67255d008c4dfa5fc93e02929a64b958e90
PLTR,68,0,44,24,68,68,/Users/vinay.hatti/TradingPlatform/research_data/m77_19_7_4_10/h4_point_in_time_structural_downside_room/PLTR.jsonl.gz,7fc20caf45e8c8cf79a455463fb8a8e01c9e5c1abf803a7ee73252055b741f72
PM,242,106,87,49,242,242,/Users/vinay.hatti/TradingPlatform/research_data/m77_19_7_4_10/h4_point_in_time_structural_downside_room/PM.jsonl.gz,545c05b953b5a3d31dbcc97ac7db97fec7795c80da62344fb32ed6a3e3d18fa1
PNC,274,151,81,42,274,274,/Users/vinay.hatti/TradingPlatform/research_data/m77_19_7_4_10/h4_point_in_time_structural_downside_room/PNC.jsonl.gz,14aeb536729a6fc146ec18cfbfc05cf011d78b511f7ca5be352f3e7fce45c6e4
PNR,356,211,104,41,356,356,/Users/vinay.hatti/TradingPlatform/research_data/m77_19_7_4_10/h4_point_in_time_structural_downside_room/PNR.jsonl.gz,ea016721edb32a02b970fe0d4c75a41a05ce860ccd2d2650e92ad87e847f467a
PNW,303,168,97,38,301,303,/Users/vinay.hatti/TradingPlatform/research_data/m77_19_7_4_10/h4_point_in_time_structural_downside_room/PNW.jsonl.gz,aae9d3ed25b033d97a5baa31581c81a41140f6d17c495cb6c4073a8f2ab2714a
PODD,223,107,42,74,223,223,/Users/vinay.hatti/TradingPlatform/research_data/m77_19_7_4_10/h4_point_in_time_structural_downside_room/PODD.jsonl.gz,e88ab864733d2d6578866b101fbda3933fa1c3ed0bf09f8290aea9f21afe2e15
PPG,318,155,79,84,318,318,/Users/vinay.hatti/TradingPlatform/research_data/m77_19_7_4_10/h4_point_in_time_structural_downside_room/PPG.jsonl.gz,751d5115a7717968a1d6959b0ee455900b49a2cafbcaeec7e7f13172d6fb31c3
PPL,345,187,109,49,345,345,/Users/vinay.hatti/TradingPlatform/research_data/m77_19_7_4_10/h4_point_in_time_structural_downside_room/PPL.jsonl.gz,18f65c06f5361d6541296cb874f698bd318a07e5d2334549c30c9690555ddfb6
PRU,320,165,84,71,320,320,/Users/vinay.hatti/TradingPlatform/research_data/m77_19_7_4_10/h4_point_in_time_structural_downside_room/PRU.jsonl.gz,90cc5fd9ab3f05fa939b873e4fcbda092d61331b53bb39ba0efa843fa749111e
PSA,296,136,79,81,296,296,/Users/vinay.hatti/TradingPlatform/research_data/m77_19_7_4_10/h4_point_in_time_structural_downside_room/PSA.jsonl.gz,9049559c77eaf9ca0c21c6c191deae1bd4cdc548c8ede996d1ca14a370a2d7ba
PSX,181,56,83,42,181,181,/Users/vinay.hatti/TradingPlatform/research_data/m77_19_7_4_10/h4_point_in_time_structural_downside_room/PSX.jsonl.gz,e0bdc0334305ee20f60dc0495eaa230500653422c67e9d64dbed5dd3da71d110
PTC,154,26,75,53,154,154,/Users/vinay.hatti/TradingPlatform/research_data/m77_19_7_4_10/h4_point_in_time_structural_downside_room/PTC.jsonl.gz,bf1e9c851516f8db7b59eaa88ee8b3124a249895572b540b75636ac6c34ece91
PWR,228,160,52,16,228,228,/Users/vinay.hatti/TradingPlatform/research_data/m77_19_7_4_10/h4_point_in_time_structural_downside_room/PWR.jsonl.gz,507bf4a3bc2656deb791828c27d86f3a022c7a7fa781e22d99917bdd77445513
PYPL,174,2,69,103,174,174,/Users/vinay.hatti/TradingPlatform/research_data/m77_19_7_4_10/h4_point_in_time_structural_downside_room/PYPL.jsonl.gz,bb76f01330d2b7103a1b81904529b78bbeb2fba08c892c578974346ce4ef2bcd
QCOM,375,226,75,74,375,375,/Users/vinay.hatti/TradingPlatform/research_data/m77_19_7_4_10/h4_point_in_time_structural_downside_room/QCOM.jsonl.gz,96e578771c483e894b550458549c4a656a6fa9a97d74618442fb0da9b593ef88
QQQ,82,20,51,11,82,82,/Users/vinay.hatti/TradingPlatform/research_data/m77_19_7_4_10/h4_point_in_time_structural_downside_room/QQQ.jsonl.gz,7cd5078219593ccc0c5e421cbcf2e6344f7089da3873c7b422f6682c4fa39396
QQQM,49,0,38,11,49,49,/Users/vinay.hatti/TradingPlatform/research_data/m77_19_7_4_10/h4_point_in_time_structural_downside_room/QQQM.jsonl.gz,5265868ed4ad9f4e1cc2af748fe882a729804c9f6bd6f92cc0001d44726022d3
QUAL,77,15,49,13,77,77,/Users/vinay.hatti/TradingPlatform/research_data/m77_19_7_4_10/h4_point_in_time_structural_downside_room/QUAL.jsonl.gz,c809264185f13839c7ba0af9fe920530ede71631a1309997851e0de68227b593
RCL,341,223,93,25,341,341,/Users/vinay.hatti/TradingPlatform/research_data/m77_19_7_4_10/h4_point_in_time_structural_downside_room/RCL.jsonl.gz,519f0ec61e6e9c18305bb163297dd63300a8a16ba8306d3c6b0eaa4445ed3c77
REG,353,206,99,48,353,353,/Users/vinay.hatti/TradingPlatform/research_data/m77_19_7_4_10/h4_point_in_time_structural_downside_room/REG.jsonl.gz,ef72625557f73c9475fd3a8ec5cb0950855b199d4a96ba7acacfd6c2655e5a93
REGN,300,163,81,56,300,300,/Users/vinay.hatti/TradingPlatform/research_data/m77_19_7_4_10/h4_point_in_time_structural_downside_room/REGN.jsonl.gz,9461b6643f6dd273f9203909c98a53b8fd5d953a812421f214a55a1d0e475658
RF,349,235,74,40,349,349,/Users/vinay.hatti/TradingPlatform/research_data/m77_19_7_4_10/h4_point_in_time_structural_downside_room/RF.jsonl.gz,d9fb5de7bffe96d0ab4a44723dbd59cf3f55e702ccc12182016699e246d9fa0f
RJF,239,138,61,40,239,239,/Users/vinay.hatti/TradingPlatform/research_data/m77_19_7_4_10/h4_point_in_time_structural_downside_room/RJF.jsonl.gz,5fc00e9a6a7e95cfb1187145eb8b2c95c70ab37ae592b2cfb3776a7a9c4bf6c3
RKLB,56,0,7,49,56,56,/Users/vinay.hatti/TradingPlatform/research_data/m77_19_7_4_10/h4_point_in_time_structural_downside_room/RKLB.jsonl.gz,0373ee5fe8d525a6ace6bbb92df3c57d82948d8885dc39820f97ed17ba86606e
RL,327,217,92,18,327,327,/Users/vinay.hatti/TradingPlatform/research_data/m77_19_7_4_10/h4_point_in_time_structural_downside_room/RL.jsonl.gz,cb59a0f693f9f3d795661cbabcbc3fb4f372f1daa0c190a1ac71093941fdf53c
RMD,264,150,47,67,264,264,/Users/vinay.hatti/TradingPlatform/research_data/m77_19_7_4_10/h4_point_in_time_structural_downside_room/RMD.jsonl.gz,98cb835f523a5f2402cf8e5fb8e182e9693687ee603344d0588ff891dc729c0c
ROK,276,156,75,45,275,276,/Users/vinay.hatti/TradingPlatform/research_data/m77_19_7_4_10/h4_point_in_time_structural_downside_room/ROK.jsonl.gz,00f5a61059906bfed7019a25812ac9ad945eb5f98e3fb9f4ff9084da62fd66fa
ROL,182,86,51,45,182,182,/Users/vinay.hatti/TradingPlatform/research_data/m77_19_7_4_10/h4_point_in_time_structural_downside_room/ROL.jsonl.gz,6b5f99dd90ed15b615df4d374e00c94e461556d08af152ba3bc622c934fa7479
ROP,194,78,58,58,194,194,/Users/vinay.hatti/TradingPlatform/research_data/m77_19_7_4_10/h4_point_in_time_structural_downside_room/ROP.jsonl.gz,4dd86b8142d7748c00c0f4cf8c88b67921669ff12202cef0caebe5200aa0184b
ROST,233,135,64,34,233,233,/Users/vinay.hatti/TradingPlatform/research_data/m77_19_7_4_10/h4_point_in_time_structural_downside_room/ROST.jsonl.gz,95f944f492ce54789dbfc8ae157188283fe8a60e9f8e45f7644c71e9dfbb3ab6
RSG,179,111,30,38,179,179,/Users/vinay.hatti/TradingPlatform/research_data/m77_19_7_4_10/h4_point_in_time_structural_downside_room/RSG.jsonl.gz,19eb9eea6e33e65104fa62a5b850486dfedf8f1ebf943efb4db1968a3b431cab
RSP,190,120,47,23,190,190,/Users/vinay.hatti/TradingPlatform/research_data/m77_19_7_4_10/h4_point_in_time_structural_downside_room/RSP.jsonl.gz,4f1fcce7c7cef4ce578a69bc61b11d2b9e4cba4f0457e9ff52fe0051480c3e1b
RTX,36,0,15,21,36,36,/Users/vinay.hatti/TradingPlatform/research_data/m77_19_7_4_10/h4_point_in_time_structural_downside_room/RTX.jsonl.gz,26bf6cbad0f869fed4c3a8eea94b81340bcd820e113ca8cabe6e65dc80e09f4a
RVTY,43,0,0,43,43,43,/Users/vinay.hatti/TradingPlatform/research_data/m77_19_7_4_10/h4_point_in_time_structural_downside_room/RVTY.jsonl.gz,06eee667cc6f8c84d970605c19b4262b1287efbd57ab434eb2f4a40739b92245
SBAC,258,88,54,116,258,258,/Users/vinay.hatti/TradingPlatform/research_data/m77_19_7_4_10/h4_point_in_time_structural_downside_room/SBAC.jsonl.gz,36403a106e1269266938dcafbffa090c6fd0edb3677766836ac4d1bb2cb37c4f
SBUX,327,186,63,78,327,327,/Users/vinay.hatti/TradingPlatform/research_data/m77_19_7_4_10/h4_point_in_time_structural_downside_room/SBUX.jsonl.gz,cbf38130b2f4269061c72ade931b7b21d66eb3f45ce531af608d412f403d93b0
SCHB,99,32,50,17,99,99,/Users/vinay.hatti/TradingPlatform/research_data/m77_19_7_4_10/h4_point_in_time_structural_downside_room/SCHB.jsonl.gz,c865694f51cc6f2f34478f86babc45bc4c9786f08974d0830aa98939c60741e3
SCHD,101,21,46,34,101,101,/Users/vinay.hatti/TradingPlatform/research_data/m77_19_7_4_10/h4_point_in_time_structural_downside_room/SCHD.jsonl.gz,8e26dd304080c6cdc085d860e08fe44fb2a2283512ca7f208c5fc686b6055f8e
SCHW,271,144,80,47,271,271,/Users/vinay.hatti/TradingPlatform/research_data/m77_19_7_4_10/h4_point_in_time_structural_downside_room/SCHW.jsonl.gz,c85df888dc605efcea76349359cea3f7df59b623e4acae6a04a3656503316392
SHOP,97,1,55,41,97,97,/Users/vinay.hatti/TradingPlatform/research_data/m77_19_7_4_10/h4_point_in_time_structural_downside_room/SHOP.jsonl.gz,34614e8f9eaf686d5d5dbbd6aaee72ec91d376f2249954cdab70441f669c92d0
SHW,227,113,54,60,227,227,/Users/vinay.hatti/TradingPlatform/research_data/m77_19_7_4_10/h4_point_in_time_structural_downside_room/SHW.jsonl.gz,f6edab6fecca54c1bcb2a7a2e44b6dd78f5465487478fd1c1795b643ccaa021c
SHY,434,227,134,73,433,434,/Users/vinay.hatti/TradingPlatform/research_data/m77_19_7_4_10/h4_point_in_time_structural_downside_room/SHY.jsonl.gz,ffb20932e10a7dfc2c87408c5ac8fda4387946c3477ecee67b06bea610307db5
SJM,344,176,80,88,344,344,/Users/vinay.hatti/TradingPlatform/research_data/m77_19_7_4_10/h4_point_in_time_structural_downside_room/SJM.jsonl.gz,f5ae35c06aa1b6de2d2f47fb6ac12569894a4c5254060a30d6409ac3e7c80c6c
SKYY,119,25,66,28,119,119,/Users/vinay.hatti/TradingPlatform/research_data/m77_19_7_4_10/h4_point_in_time_structural_downside_room/SKYY.jsonl.gz,0c7fcde9dad4139e0e1e1d8f8c628fd878ce56d489522f95126ba6ec45faa3ba
SLB,400,205,113,82,400,400,/Users/vinay.hatti/TradingPlatform/research_data/m77_19_7_4_10/h4_point_in_time_structural_downside_room/SLB.jsonl.gz,ce84897d859212162b4689728e5d5f716945da58321c67d2065cab11c6bb5cc8
SLV,360,225,101,34,360,360,/Users/vinay.hatti/TradingPlatform/research_data/m77_19_7_4_10/h4_point_in_time_structural_downside_room/SLV.jsonl.gz,23607d4ed08631b53c7813d8139d37acbeba8024a0d28ef615a63ff8cd34f99c
SMCI,250,161,32,57,249,250,/Users/vinay.hatti/TradingPlatform/research_data/m77_19_7_4_10/h4_point_in_time_structural_downside_room/SMCI.jsonl.gz,a9fa40085bb9d77da87b48ad26a600e8576d9f1e3083286512f00b6bf0159c23
SMH,85,19,54,12,85,85,/Users/vinay.hatti/TradingPlatform/research_data/m77_19_7_4_10/h4_point_in_time_structural_downside_room/SMH.jsonl.gz,f1174837178c3844a21f1c673438a07d681291a3fa7c5f495c85ac6d723582a0
SNA,219,114,81,24,219,219,/Users/vinay.hatti/TradingPlatform/research_data/m77_19_7_4_10/h4_point_in_time_structural_downside_room/SNA.jsonl.gz,551a848deed657fb918b2bc9b60df2ce18972c9fa8237d355507cd3f67c4ac7f
SNDK,5,0,0,5,5,5,/Users/vinay.hatti/TradingPlatform/research_data/m77_19_7_4_10/h4_point_in_time_structural_downside_room/SNDK.jsonl.gz,b7d5706539d75c77a5c9a17ef42d957cc235532feccdbf42292f9e7a24202b5b
SNPS,233,137,39,57,233,233,/Users/vinay.hatti/TradingPlatform/research_data/m77_19_7_4_10/h4_point_in_time_structural_downside_room/SNPS.jsonl.gz,c1c5c3aa399e72da6f2ce75da7685e541eb7e89e6227418a74e9220021d13de6
SO,282,169,74,39,282,282,/Users/vinay.hatti/TradingPlatform/research_data/m77_19_7_4_10/h4_point_in_time_structural_downside_room/SO.jsonl.gz,b9c8c9ddd3c883c7031c78bf7e72602a1746aa3c150ec81367b2d9bef383493e
SOLV,15,0,0,15,15,15,/Users/vinay.hatti/TradingPlatform/research_data/m77_19_7_4_10/h4_point_in_time_structural_downside_room/SOLV.jsonl.gz,bacf54364c56e8a65ea11b96ab94245d5d9838587146e7a8e91232828a2d9235
SOXX,115,40,53,22,115,115,/Users/vinay.hatti/TradingPlatform/research_data/m77_19_7_4_10/h4_point_in_time_structural_downside_room/SOXX.jsonl.gz,678996c33aea19ed1c7ae14b198ceb93e092eb611f5e6a6b3ac2912ac60faf20
SPG,286,149,109,28,286,286,/Users/vinay.hatti/TradingPlatform/research_data/m77_19_7_4_10/h4_point_in_time_structural_downside_room/SPG.jsonl.gz,32f8afae5c413a754f69abc9bc77c2fb91c8e0be96da8a568e15b4550c939391
SPGI,103,0,54,49,103,103,/Users/vinay.hatti/TradingPlatform/research_data/m77_19_7_4_10/h4_point_in_time_structural_downside_room/SPGI.jsonl.gz,37f35c35d8ced7d86c72d66d1cdf9379604369a00443fb64bab690d79843beac
SPXU,658,317,189,152,654,658,/Users/vinay.hatti/TradingPlatform/research_data/m77_19_7_4_10/h4_point_in_time_structural_downside_room/SPXU.jsonl.gz,739e867add34e25f60c14b5a770c9155f3191da368efc472c5f518aa120a8e6c
SPY,179,113,50,16,179,179,/Users/vinay.hatti/TradingPlatform/research_data/m77_19_7_4_10/h4_point_in_time_structural_downside_room/SPY.jsonl.gz,8a506409e96d85b698492e6b87b07fad6977d4374dd79e4831f1cdb89f8c145f
SQQQ,626,284,190,152,626,626,/Users/vinay.hatti/TradingPlatform/research_data/m77_19_7_4_10/h4_point_in_time_structural_downside_room/SQQQ.jsonl.gz,8eb735dca37b6c2d6c3ae49c0fb52b87a16c633831bf665f4cc235a219e1ab51
SRE,250,131,59,60,250,250,/Users/vinay.hatti/TradingPlatform/research_data/m77_19_7_4_10/h4_point_in_time_structural_downside_room/SRE.jsonl.gz,15d6b4aa279014b2d2afb517c92005d22c5313fbb1910cd019750495692ece8b
STE,223,136,36,51,223,223,/Users/vinay.hatti/TradingPlatform/research_data/m77_19_7_4_10/h4_point_in_time_structural_downside_room/STE.jsonl.gz,7d5d382ef98beedc5e794d430618510c215e7cc255c4d6f765a75bfa06defff3
STLD,263,164,68,31,263,263,/Users/vinay.hatti/TradingPlatform/research_data/m77_19_7_4_10/h4_point_in_time_structural_downside_room/STLD.jsonl.gz,d1753dae9498706ec02424496a2de9adfe115ff6d8954bc47fafcd7fc202805f
STT,306,172,92,42,306,306,/Users/vinay.hatti/TradingPlatform/research_data/m77_19_7_4_10/h4_point_in_time_structural_downside_room/STT.jsonl.gz,df82b541294df2ee8951c8e24fedf36fc266b56b4d3d1de94562fd7259de4902
STX,314,210,80,24,314,314,/Users/vinay.hatti/TradingPlatform/research_data/m77_19_7_4_10/h4_point_in_time_structural_downside_room/STX.jsonl.gz,db16ed6cf1b7644320a433458d027b7c27d628f879ef4cc60426aa3dcbd720cc
STZ,299,130,69,100,299,299,/Users/vinay.hatti/TradingPlatform/research_data/m77_19_7_4_10/h4_point_in_time_structural_downside_room/STZ.jsonl.gz,eab504927a437841af4646e1cadd73742c406e5bf2b970693e822d7f5a5e463a
SW,22,0,0,22,22,22,/Users/vinay.hatti/TradingPlatform/research_data/m77_19_7_4_10/h4_point_in_time_structural_downside_room/SW.jsonl.gz,6fae0d05a063b39b218a47f5c229c9c8d9c959d373f1c644b57e317496b776d6
SWK,334,142,108,84,334,334,/Users/vinay.hatti/TradingPlatform/research_data/m77_19_7_4_10/h4_point_in_time_structural_downside_room/SWK.jsonl.gz,a63ee9dcc07227c1faa3d3a08a73cdfc8150068b2aa64ae925da8371ad65117b
SWKS,386,189,99,98,386,386,/Users/vinay.hatti/TradingPlatform/research_data/m77_19_7_4_10/h4_point_in_time_structural_downside_room/SWKS.jsonl.gz,b1fc8780bc995cd9d5febf3da17195f0d7b23500cd7b818ab6dacf381d3f6df4
SYF,177,44,91,42,177,177,/Users/vinay.hatti/TradingPlatform/research_data/m77_19_7_4_10/h4_point_in_time_structural_downside_room/SYF.jsonl.gz,24d7c974db94c2db6aed6970b25037ea9f16d84a48a7c5185a0ff2270929e67a
SYK,229,137,54,38,228,229,/Users/vinay.hatti/TradingPlatform/research_data/m77_19_7_4_10/h4_point_in_time_structural_downside_room/SYK.jsonl.gz,4a8f71c5b41cbfb38e1e482c396aedf5aaf859b4489ce6d621c5a15b8d40d0bb
SYY,331,191,50,90,331,331,/Users/vinay.hatti/TradingPlatform/research_data/m77_19_7_4_10/h4_point_in_time_structural_downside_room/SYY.jsonl.gz,841999a5b3b42105958745906b96f69d5fd687c114aa2a00453a64a2ae79edb2
T,402,191,154,57,402,402,/Users/vinay.hatti/TradingPlatform/research_data/m77_19_7_4_10/h4_point_in_time_structural_downside_room/T.jsonl.gz,48dcbe8c4ba7427cecab2afaec08ff08640b5c3d7b2093eac47f8d09871ed526
TAN,349,178,73,98,349,349,/Users/vinay.hatti/TradingPlatform/research_data/m77_19_7_4_10/h4_point_in_time_structural_downside_room/TAN.jsonl.gz,c2b246e8a1d037f8633f22c819694440e894730453540d530f87b39a45a5591f
TAP,383,173,125,85,383,383,/Users/vinay.hatti/TradingPlatform/research_data/m77_19_7_4_10/h4_point_in_time_structural_downside_room/TAP.jsonl.gz,1cda7b39cec3b20ef0352839a0d2ad4f3266ea108194f025ff0978a9d248e7fb
TDG,170,91,41,38,170,170,/Users/vinay.hatti/TradingPlatform/research_data/m77_19_7_4_10/h4_point_in_time_structural_downside_room/TDG.jsonl.gz,1047ff1158fc293d128c731507304d61c8f345e4ae621a80e72a281381fd07d9
TDY,194,117,45,32,194,194,/Users/vinay.hatti/TradingPlatform/research_data/m77_19_7_4_10/h4_point_in_time_structural_downside_room/TDY.jsonl.gz,4cbbefaa1c5b4fb7e44b50cf500559e1950d5320012f43e9b2e091971c3931a1
TECH,327,176,54,97,327,327,/Users/vinay.hatti/TradingPlatform/research_data/m77_19_7_4_10/h4_point_in_time_structural_downside_room/TECH.jsonl.gz,053302366f0ee9d43de8eeeec1e6ae9484388c628ed1937665ffd35558ee7e93
TEL,211,98,73,40,211,211,/Users/vinay.hatti/TradingPlatform/research_data/m77_19_7_4_10/h4_point_in_time_structural_downside_room/TEL.jsonl.gz,5e83a6703d1c249a75922ee3baebba6030bf834d782a6dd9f4c8b75f79e0e758
TER,292,187,62,43,292,292,/Users/vinay.hatti/TradingPlatform/research_data/m77_19_7_4_10/h4_point_in_time_structural_downside_room/TER.jsonl.gz,cb086fdb7b6856f6255d9d9d2eee2c02ca37483d32d10b59fe33f02e7b7226ae
TFC,167,79,44,44,167,167,/Users/vinay.hatti/TradingPlatform/research_data/m77_19_7_4_10/h4_point_in_time_structural_downside_room/TFC.jsonl.gz,db2ee4da5ae36c0d97c6a81836665bb541a528f1eff2e2ea62da8a28bcc68811
TGT,374,235,48,91,374,374,/Users/vinay.hatti/TradingPlatform/research_data/m77_19_7_4_10/h4_point_in_time_structural_downside_room/TGT.jsonl.gz,60dc39318447484440c1f2324e8449f45dc5af841b188baaf8e1b7529b9a2262
TIP,395,232,94,69,395,395,/Users/vinay.hatti/TradingPlatform/research_data/m77_19_7_4_10/h4_point_in_time_structural_downside_room/TIP.jsonl.gz,974ab1a95fcce7c1b9211671953d37c98ea2e14496cd296eba75d429f5844570
TJX,174,124,43,7,174,174,/Users/vinay.hatti/TradingPlatform/research_data/m77_19_7_4_10/h4_point_in_time_structural_downside_room/TJX.jsonl.gz,e892357e48ca75564c399db42e7c80dcd6419f0d779a08bef94b2216340006f6
TKO,14,0,0,14,14,14,/Users/vinay.hatti/TradingPlatform/research_data/m77_19_7_4_10/h4_point_in_time_structural_downside_room/TKO.jsonl.gz,9859e8b7a35eaba48216bae61a1ae5ee7ad6ffa8daab8850fc94e6f22d32c0d3
TLT,441,212,115,114,441,441,/Users/vinay.hatti/TradingPlatform/research_data/m77_19_7_4_10/h4_point_in_time_structural_downside_room/TLT.jsonl.gz,3d0da938fe4e992fd5dc62594e1460e9a553c8c74e7f311a0774bfce22cced81
TMO,200,95,34,71,200,200,/Users/vinay.hatti/TradingPlatform/research_data/m77_19_7_4_10/h4_point_in_time_structural_downside_room/TMO.jsonl.gz,3bc273bf6e8df27e7c0327b3a085ac655d4c03e5c99fa5a3aaaf1cc303619f03
TMUS,131,35,37,59,131,131,/Users/vinay.hatti/TradingPlatform/research_data/m77_19_7_4_10/h4_point_in_time_structural_downside_room/TMUS.jsonl.gz,bcaf6946c094e46b47fcac071bf22c815d31ff0b0d86760063fcd748b896906a
TPL,273,132,68,73,273,273,/Users/vinay.hatti/TradingPlatform/research_data/m77_19_7_4_10/h4_point_in_time_structural_downside_room/TPL.jsonl.gz,ea77d29dfc210adeac4abba738bb037074001c28d85095319fab618330a8abfd
TPR,112,0,88,24,112,112,/Users/vinay.hatti/TradingPlatform/research_data/m77_19_7_4_10/h4_point_in_time_structural_downside_room/TPR.jsonl.gz,43e2dd9c618d6e31e6ceb11ff0ef443aa26dcd29d5d4f8ffc553e8c109b21b93
TQQQ,128,48,58,22,128,128,/Users/vinay.hatti/TradingPlatform/research_data/m77_19_7_4_10/h4_point_in_time_structural_downside_room/TQQQ.jsonl.gz,80f4cd14cb3862ef177e02dec6e643d82b8274f8e4505f1b26c3ab9262f7e204
TRGP,192,87,80,25,192,192,/Users/vinay.hatti/TradingPlatform/research_data/m77_19_7_4_10/h4_point_in_time_structural_downside_room/TRGP.jsonl.gz,fb7e0d4d382edf040a1ded939a553589d2c172156e3eb13f984d6b5d5b597043
TRI,252,141,54,57,252,252,/Users/vinay.hatti/TradingPlatform/research_data/m77_19_7_4_10/h4_point_in_time_structural_downside_room/TRI.jsonl.gz,1c36aeb670732fe5fbbfc9a2712bacbeeeb3e137e8b159307d43f09268abbef6
TRMB,316,168,75,73,316,316,/Users/vinay.hatti/TradingPlatform/research_data/m77_19_7_4_10/h4_point_in_time_structural_downside_room/TRMB.jsonl.gz,cfb9ff05d83d15699a258b408a372f971abe0bc19fdf69bd720604adcc103aad
TROW,314,157,73,84,314,314,/Users/vinay.hatti/TradingPlatform/research_data/m77_19_7_4_10/h4_point_in_time_structural_downside_room/TROW.jsonl.gz,0019bbe5a19b27c6a8ccb57b5835099cbc8fe936f0dd867a953bcc7a35cf3b37
TRV,184,98,61,25,184,184,/Users/vinay.hatti/TradingPlatform/research_data/m77_19_7_4_10/h4_point_in_time_structural_downside_room/TRV.jsonl.gz,780cf03195cceccd35d29ed9aa1bde6d3c7dc412cbb80c1c5eddb93896816baa
TSCO,312,191,48,73,312,312,/Users/vinay.hatti/TradingPlatform/research_data/m77_19_7_4_10/h4_point_in_time_structural_downside_room/TSCO.jsonl.gz,f837e4110b00ca799c5da5ef5983f39643e25c95806f67616199e282c363868f
TSLA,222,85,79,58,222,222,/Users/vinay.hatti/TradingPlatform/research_data/m77_19_7_4_10/h4_point_in_time_structural_downside_room/TSLA.jsonl.gz,7e0f62efbaf311d3a94738d2954078c622fd8504f1b74d3e4cc6e8c07e77017a
TSN,350,168,99,83,350,350,/Users/vinay.hatti/TradingPlatform/research_data/m77_19_7_4_10/h4_point_in_time_structural_downside_room/TSN.jsonl.gz,856ad4349104e2ff36770592a6391d12e1c48a6c7b29d6d1ac5d397cced9a33d
TT,68,10,33,25,68,68,/Users/vinay.hatti/TradingPlatform/research_data/m77_19_7_4_10/h4_point_in_time_structural_downside_room/TT.jsonl.gz,786c317dec4700b1742bc8bd1efc5fc5aa93612bdeee78cf2d3578f3550e29ca
TTD,146,5,64,77,146,146,/Users/vinay.hatti/TradingPlatform/research_data/m77_19_7_4_10/h4_point_in_time_structural_downside_room/TTD.jsonl.gz,e8fea5e041ebbca69489c45c32a8ad9bd3ce639dda599c0ccf1a05c1428c23da
TTWO,269,153,95,21,269,269,/Users/vinay.hatti/TradingPlatform/research_data/m77_19_7_4_10/h4_point_in_time_structural_downside_room/TTWO.jsonl.gz,88a2dd2ad63f378f7a11f97e4882fc6f569f0ed14c40344488227b694cc88b28
TXN,273,162,59,52,273,273,/Users/vinay.hatti/TradingPlatform/research_data/m77_19_7_4_10/h4_point_in_time_structural_downside_room/TXN.jsonl.gz,e33496d9d6918fe1d4521912b6d5f89f5914294ee112d7afe8752ca19caf8b80
TXT,304,164,96,44,304,304,/Users/vinay.hatti/TradingPlatform/research_data/m77_19_7_4_10/h4_point_in_time_structural_downside_room/TXT.jsonl.gz,c1b7ec19d09d91823be6403a5d146f7830555b6aafd59b5d3fc4b462ce0b0b9a
TYL,233,103,63,67,233,233,/Users/vinay.hatti/TradingPlatform/research_data/m77_19_7_4_10/h4_point_in_time_structural_downside_room/TYL.jsonl.gz,1884da542f6ed0e665df59af94d93b5b40e30f9a61cefd082c6bd98923aaf8cb
UAL,207,75,92,40,207,207,/Users/vinay.hatti/TradingPlatform/research_data/m77_19_7_4_10/h4_point_in_time_structural_downside_room/UAL.jsonl.gz,8a80c37eae5922cbebbc17718b1c151dfb6e02a85d6ec711cc5a5452d1141af1
UBER,97,0,59,38,97,97,/Users/vinay.hatti/TradingPlatform/research_data/m77_19_7_4_10/h4_point_in_time_structural_downside_room/UBER.jsonl.gz,03c0b3fe1e23919d9d919f54c7af0f64b6b2bc94913525483ce791bd8de2edca
UDR,321,157,81,83,321,321,/Users/vinay.hatti/TradingPlatform/research_data/m77_19_7_4_10/h4_point_in_time_structural_downside_room/UDR.jsonl.gz,a9789be8d234d0e5d4935362d738b02bbe690c39585251f761458f656ae8e607
UHS,318,173,83,62,318,318,/Users/vinay.hatti/TradingPlatform/research_data/m77_19_7_4_10/h4_point_in_time_structural_downside_room/UHS.jsonl.gz,43f5cdc954a75c8761f5d1f973177e985bb71e7d0a211972e1296366b1621e7b
ULTA,194,65,55,74,194,194,/Users/vinay.hatti/TradingPlatform/research_data/m77_19_7_4_10/h4_point_in_time_structural_downside_room/ULTA.jsonl.gz,d9b24025aff0a1cbb470a8ddad4f4ae86e6ae22a86403c42e03dcc1497ba2d36
UNG,591,334,131,126,591,591,/Users/vinay.hatti/TradingPlatform/research_data/m77_19_7_4_10/h4_point_in_time_structural_downside_room/UNG.jsonl.gz,e83b2e620e94cb9c20a101afde07cee330bf3a3e231b2c18f01c31ecc2dc6482
UNH,235,124,27,84,235,235,/Users/vinay.hatti/TradingPlatform/research_data/m77_19_7_4_10/h4_point_in_time_structural_downside_room/UNH.jsonl.gz,bae62a384c76f32f792c41c8e31b6c3726c8bfb582f3566593c948bc9ab18236
UNP,237,128,44,65,237,237,/Users/vinay.hatti/TradingPlatform/research_data/m77_19_7_4_10/h4_point_in_time_structural_downside_room/UNP.jsonl.gz,a0e8e46bddffa03ddbeb3b01d9dda013b3854b7b0da0445b8a4a985547ead98f
UPRO,125,41,59,25,125,125,/Users/vinay.hatti/TradingPlatform/research_data/m77_19_7_4_10/h4_point_in_time_structural_downside_room/UPRO.jsonl.gz,08db86a7853e0682ce6f8831f9b0321eb905e753dac1a2251d90bba5affeb867
UPS,381,198,75,108,381,381,/Users/vinay.hatti/TradingPlatform/research_data/m77_19_7_4_10/h4_point_in_time_structural_downside_room/UPS.jsonl.gz,34a9b1cdcd6a891dc2e3d20a15c1b9889096d848dd2eaa56fd22bc65495d7818
URI,287,174,76,37,287,287,/Users/vinay.hatti/TradingPlatform/research_data/m77_19_7_4_10/h4_point_in_time_structural_downside_room/URI.jsonl.gz,5b4d36043b02184672edd0a9b676ed050741a674b8c621207d65af360ccc3ffa
USB,281,143,93,45,281,281,/Users/vinay.hatti/TradingPlatform/research_data/m77_19_7_4_10/h4_point_in_time_structural_downside_room/USB.jsonl.gz,3113242ca670c0d78216cc857b22a230e6faf98715e69d6520732678978c3c4a
USMV,65,16,33,16,65,65,/Users/vinay.hatti/TradingPlatform/research_data/m77_19_7_4_10/h4_point_in_time_structural_downside_room/USMV.jsonl.gz,8e05dd73a44a1fe35ac288f9c857db57b7e037e2b1defc49073c209f670c9b1d
USO,363,231,69,63,363,363,/Users/vinay.hatti/TradingPlatform/research_data/m77_19_7_4_10/h4_point_in_time_structural_downside_room/USO.jsonl.gz,e47acbe0423ff1581568c7cd3046d3b84e085f19097f286f3c957432d3aed574
UVXY,566,215,200,151,566,566,/Users/vinay.hatti/TradingPlatform/research_data/m77_19_7_4_10/h4_point_in_time_structural_downside_room/UVXY.jsonl.gz,602a263b0abcbad18489221f8ec588c1b3f73dda4cce8e915e22eeba56292e46
V,123,50,44,29,123,123,/Users/vinay.hatti/TradingPlatform/research_data/m77_19_7_4_10/h4_point_in_time_structural_downside_room/V.jsonl.gz,80add2643cf71ae6538c6a4a1a02aa3e807735ef90d44bff534b794b62d8c0f8
VEA,227,124,82,21,226,227,/Users/vinay.hatti/TradingPlatform/research_data/m77_19_7_4_10/h4_point_in_time_structural_downside_room/VEA.jsonl.gz,37fcc2e655015ede571145dfb01c5987fb3c524538bc2abfd1993439a391f560
VEEV,167,39,66,62,167,167,/Users/vinay.hatti/TradingPlatform/research_data/m77_19_7_4_10/h4_point_in_time_structural_downside_room/VEEV.jsonl.gz,d4f1197f51be64e8b83bed7bc3817b0b46bb2cddf363f1c57f47034b3ad42f6d
VICI,128,0,38,90,128,128,/Users/vinay.hatti/TradingPlatform/research_data/m77_19_7_4_10/h4_point_in_time_structural_downside_room/VICI.jsonl.gz,7d8b50d19866a25b6a5230ae44d22b4aacf2326ba07023054761275565c2437a
VIG,156,99,40,17,156,156,/Users/vinay.hatti/TradingPlatform/research_data/m77_19_7_4_10/h4_point_in_time_structural_downside_room/VIG.jsonl.gz,e547b63202ce81879bb2e83c77460a609357ccf1ca04b76bd7c52654c6255493
VIXY,572,245,182,145,570,572,/Users/vinay.hatti/TradingPlatform/research_data/m77_19_7_4_10/h4_point_in_time_structural_downside_room/VIXY.jsonl.gz,bf97a57af2ec52fbf6f5c0f4258e13504f42844b468bf5de84a473f3e5921351
VLO,311,191,73,47,311,311,/Users/vinay.hatti/TradingPlatform/research_data/m77_19_7_4_10/h4_point_in_time_structural_downside_room/VLO.jsonl.gz,5b53c95790b59aecdcd79e6036213e625bf69acd4d1aded6bf5368638cc36c11
VLTO,48,0,0,48,48,48,/Users/vinay.hatti/TradingPlatform/research_data/m77_19_7_4_10/h4_point_in_time_structural_downside_room/VLTO.jsonl.gz,3238075c78ad67f21678f522462750e20caecd7c4902029fa3afaa501a787432
VLUE,116,28,62,26,116,116,/Users/vinay.hatti/TradingPlatform/research_data/m77_19_7_4_10/h4_point_in_time_structural_downside_room/VLUE.jsonl.gz,6f8ea7be66163d6e77bcdb28a8f18470c793e5fcb2ce018707fb959b45b3a94d
VMC,304,197,71,36,304,304,/Users/vinay.hatti/TradingPlatform/research_data/m77_19_7_4_10/h4_point_in_time_structural_downside_room/VMC.jsonl.gz,c0a043f153f3fed18aad6e781ce1f354b818efc94f07668b3f6e404bac6cea20
VNQ,283,153,74,56,283,283,/Users/vinay.hatti/TradingPlatform/research_data/m77_19_7_4_10/h4_point_in_time_structural_downside_room/VNQ.jsonl.gz,e33311b969dd1cb8fe4d91806e3c6e51c7b733c6ec674e9a85f8247077293d38
VOO,87,21,50,16,87,87,/Users/vinay.hatti/TradingPlatform/research_data/m77_19_7_4_10/h4_point_in_time_structural_downside_room/VOO.jsonl.gz,99f7a318cbe5bd2ea20faa938b8acdc43ee3c44672ab9fe1afb48dcd5f37677c
VRSK,143,41,49,53,143,143,/Users/vinay.hatti/TradingPlatform/research_data/m77_19_7_4_10/h4_point_in_time_structural_downside_room/VRSK.jsonl.gz,03cc3e191972ccb5f2f3a699614e71d418473479be3c3ed51f36c4db11c4f432
VRSN,267,148,60,59,267,267,/Users/vinay.hatti/TradingPlatform/research_data/m77_19_7_4_10/h4_point_in_time_structural_downside_room/VRSN.jsonl.gz,58c62c7e6cbd56b14b8a75def0f38a2814b20553996cca91233f2214a0c81d5b
VRT,58,0,37,21,58,58,/Users/vinay.hatti/TradingPlatform/research_data/m77_19_7_4_10/h4_point_in_time_structural_downside_room/VRT.jsonl.gz,1acaaf650b2fc7daa2391a8030b122aae9e307502459f3f902228cd3f01841bb
VRTX,299,193,72,34,299,299,/Users/vinay.hatti/TradingPlatform/research_data/m77_19_7_4_10/h4_point_in_time_structural_downside_room/VRTX.jsonl.gz,65ff37e9b660fbe1e98a6ebfad6ef222e928c692524104a3178672218801b54c
VST,119,0,79,40,119,119,/Users/vinay.hatti/TradingPlatform/research_data/m77_19_7_4_10/h4_point_in_time_structural_downside_room/VST.jsonl.gz,e25a623981543bf6fecc01a80ca474a7b0db3a8457f4f1da9ffbf07a4db408b5
VTI,181,114,50,17,181,181,/Users/vinay.hatti/TradingPlatform/research_data/m77_19_7_4_10/h4_point_in_time_structural_downside_room/VTI.jsonl.gz,144f5479a243d594997674733aed74e520301366a152facd4efc91332704e20d
VTR,288,155,91,42,288,288,/Users/vinay.hatti/TradingPlatform/research_data/m77_19_7_4_10/h4_point_in_time_structural_downside_room/VTR.jsonl.gz,4989a0ef524d6c40366e6bb06e17e2ca9da3a9a9ef2896293d7f7b69500b8e89
VTRS,78,0,25,53,78,78,/Users/vinay.hatti/TradingPlatform/research_data/m77_19_7_4_10/h4_point_in_time_structural_downside_room/VTRS.jsonl.gz,02cfdc3aab1560834c8c44494e0afc51a4955b12b3d81226725bc25aa2b9f8d3
VTV,200,131,49,20,200,200,/Users/vinay.hatti/TradingPlatform/research_data/m77_19_7_4_10/h4_point_in_time_structural_downside_room/VTV.jsonl.gz,5c7863fec6b74f201ac2982034757d757407925e0ae0db566ea323bcc8e577dc
VUG,163,93,52,18,163,163,/Users/vinay.hatti/TradingPlatform/research_data/m77_19_7_4_10/h4_point_in_time_structural_downside_room/VUG.jsonl.gz,2a03c470d05f8de465d87146d71f7be40e5babbda5fb96681b6acaa222614b5c
VWO,329,183,109,37,328,329,/Users/vinay.hatti/TradingPlatform/research_data/m77_19_7_4_10/h4_point_in_time_structural_downside_room/VWO.jsonl.gz,40c87015342524ba410b864482cd1303a3c6180d0e6059c39e344529c8a6372c
VYM,167,96,51,20,167,167,/Users/vinay.hatti/TradingPlatform/research_data/m77_19_7_4_10/h4_point_in_time_structural_downside_room/VYM.jsonl.gz,de1a32c8e29fd1ff142d0b4aee12a6d84c97d3f47b840b46bc7122b5ae8eed6c
VZ,404,241,103,60,404,404,/Users/vinay.hatti/TradingPlatform/research_data/m77_19_7_4_10/h4_point_in_time_structural_downside_room/VZ.jsonl.gz,d95dfd899e967f615d6946107bb2bac96f94cedb3acff32d4c5f90dd20e271d2
WAB,223,123,78,22,223,223,/Users/vinay.hatti/TradingPlatform/research_data/m77_19_7_4_10/h4_point_in_time_structural_downside_room/WAB.jsonl.gz,ac00211dd083483c7432972cc79ae9c57f00d4d24de35814df0fc6db70cbaff4
WAT,290,142,82,66,290,290,/Users/vinay.hatti/TradingPlatform/research_data/m77_19_7_4_10/h4_point_in_time_structural_downside_room/WAT.jsonl.gz,04e399295ae647a55f0925b1e53258d8d7a6f628242651d0e4fe91ecfbb46a5b
WBD,61,0,0,61,61,61,/Users/vinay.hatti/TradingPlatform/research_data/m77_19_7_4_10/h4_point_in_time_structural_downside_room/WBD.jsonl.gz,c2861d9f96deedb0cdc1d0f7f7a8926784643dfb26fc3ceece95bea206e04515
WDAY,189,50,67,72,189,189,/Users/vinay.hatti/TradingPlatform/research_data/m77_19_7_4_10/h4_point_in_time_structural_downside_room/WDAY.jsonl.gz,86d2e97c3052d4c8e908d9fc88d3deb0e7731d6657d1d35d5c03ee41d5d8a59b
WDC,347,174,136,37,347,347,/Users/vinay.hatti/TradingPlatform/research_data/m77_19_7_4_10/h4_point_in_time_structural_downside_room/WDC.jsonl.gz,71466605d17ee8aed69d4f08fd27aa1395cfb667ae7744b905b0eb7df9257833
WEC,229,112,55,62,229,229,/Users/vinay.hatti/TradingPlatform/research_data/m77_19_7_4_10/h4_point_in_time_structural_downside_room/WEC.jsonl.gz,6f7160502dd63f73949d734663562b5b9a99ffa07738a256f8a1cda70ac81a88
WELL,62,0,57,5,62,62,/Users/vinay.hatti/TradingPlatform/research_data/m77_19_7_4_10/h4_point_in_time_structural_downside_room/WELL.jsonl.gz,dd215dc1058916c453c03e940c537fbfada427ddad92a4bec88b8446389e747a
WFC,319,174,107,38,319,319,/Users/vinay.hatti/TradingPlatform/research_data/m77_19_7_4_10/h4_point_in_time_structural_downside_room/WFC.jsonl.gz,b798e398eadbcaa165a99dfdaf702f2857af29de1ee2e4de095f73694a4375c9
WM,134,55,41,38,134,134,/Users/vinay.hatti/TradingPlatform/research_data/m77_19_7_4_10/h4_point_in_time_structural_downside_room/WM.jsonl.gz,98bb4bff54b962d4b57bf6d9dcfa4e3fa1ee757ec0acbf759cd47dfa6dcb9a1f
WMB,265,156,88,21,265,265,/Users/vinay.hatti/TradingPlatform/research_data/m77_19_7_4_10/h4_point_in_time_structural_downside_room/WMB.jsonl.gz,7f1d96e2e2e384268d26a139f369202cc91a746565bf60673fb0642ce0355d95
WMT,297,225,56,16,297,297,/Users/vinay.hatti/TradingPlatform/research_data/m77_19_7_4_10/h4_point_in_time_structural_downside_room/WMT.jsonl.gz,2bc2ce92c6fa8816956e8de37395dc64cd64471432e2a3edf49e35c1c1436e2e
WRB,114,48,26,40,114,114,/Users/vinay.hatti/TradingPlatform/research_data/m77_19_7_4_10/h4_point_in_time_structural_downside_room/WRB.jsonl.gz,10627283dcd0eb2db8863260ab1bdbf5744e2071b0f347578358e376ee30a817
WSM,355,250,66,39,355,355,/Users/vinay.hatti/TradingPlatform/research_data/m77_19_7_4_10/h4_point_in_time_structural_downside_room/WSM.jsonl.gz,3b8177218a79872036eeeabd3c93573d6b15dad2a9d40f6e680784c336d1f02d
WST,285,162,61,62,285,285,/Users/vinay.hatti/TradingPlatform/research_data/m77_19_7_4_10/h4_point_in_time_structural_downside_room/WST.jsonl.gz,da033600c32339b770e33c054a9c7a202faa9320071d298d6138858c02462aba
WTW,52,0,0,52,52,52,/Users/vinay.hatti/TradingPlatform/research_data/m77_19_7_4_10/h4_point_in_time_structural_downside_room/WTW.jsonl.gz,8418d1f194a55f3ab068b9f23907ffff03df7cb88e62f05bddc2ab112a9ce05e
WY,382,209,73,100,382,382,/Users/vinay.hatti/TradingPlatform/research_data/m77_19_7_4_10/h4_point_in_time_structural_downside_room/WY.jsonl.gz,0134f00d55d8751398bc8b828dc38a82c9ed0bd715f63f3deaf4973239f2f9a8
WYNN,405,207,122,76,404,405,/Users/vinay.hatti/TradingPlatform/research_data/m77_19_7_4_10/h4_point_in_time_structural_downside_room/WYNN.jsonl.gz,cceb93d64b6ae10ff9d3236e25f5f724a0420c26bc4a03a712d2f4448615d1bc
XBI,250,109,92,49,250,250,/Users/vinay.hatti/TradingPlatform/research_data/m77_19_7_4_10/h4_point_in_time_structural_downside_room/XBI.jsonl.gz,17e5f2490fbdfbc99d8d35f73829cb12c0b23c0b33fc3858139ac9101db29d54
XEL,243,129,51,63,243,243,/Users/vinay.hatti/TradingPlatform/research_data/m77_19_7_4_10/h4_point_in_time_structural_downside_room/XEL.jsonl.gz,e44539090934ed958dfc761e83019e85a5bbdeb54225190fc00b53c38d96a5a0
XHB,259,145,73,41,259,259,/Users/vinay.hatti/TradingPlatform/research_data/m77_19_7_4_10/h4_point_in_time_structural_downside_room/XHB.jsonl.gz,0a0739603a8f12d939ba63523bcd07099538693173d019d826cef6115edc126b
XLB,231,138,58,35,231,231,/Users/vinay.hatti/TradingPlatform/research_data/m77_19_7_4_10/h4_point_in_time_structural_downside_room/XLB.jsonl.gz,d5b81a261d89a3636205f20e82de61db5bea9a7d1c08954d81964965cd2e3f7f
XLC,70,0,55,15,70,70,/Users/vinay.hatti/TradingPlatform/research_data/m77_19_7_4_10/h4_point_in_time_structural_downside_room/XLC.jsonl.gz,c403f4a518ba1ca92b926092668c002b775124da65c0ec4b3812bdbafe266f4c
XLE,303,175,82,46,303,303,/Users/vinay.hatti/TradingPlatform/research_data/m77_19_7_4_10/h4_point_in_time_structural_downside_room/XLE.jsonl.gz,1385e6b02dafccbd7bd4fc6debbf81e4e724e7dc4d663b03fa6d00bb639f9553
XLF,254,163,63,28,254,254,/Users/vinay.hatti/TradingPlatform/research_data/m77_19_7_4_10/h4_point_in_time_structural_downside_room/XLF.jsonl.gz,a961b662849bbb38d8a42323e8e0c045a5266ddb3e58f3c00e3bc8cd8cd0b149
XLI,196,119,62,15,196,196,/Users/vinay.hatti/TradingPlatform/research_data/m77_19_7_4_10/h4_point_in_time_structural_downside_room/XLI.jsonl.gz,3d06cd98f93ff3a279b62067df0720d053622e3d1789b369ebe6fc8f053a278c
XLK,182,120,47,15,182,182,/Users/vinay.hatti/TradingPlatform/research_data/m77_19_7_4_10/h4_point_in_time_structural_downside_room/XLK.jsonl.gz,0638329aa50209d6599228524e84f76ffdf5da2a8560d4f1d85d5f9d4624dc29
XLP,176,93,46,37,176,176,/Users/vinay.hatti/TradingPlatform/research_data/m77_19_7_4_10/h4_point_in_time_structural_downside_room/XLP.jsonl.gz,baad5fd0d9376d1f5910297aae005d4adf0f9b383b951d5650d09ce884756c11
XLRE,122,3,62,57,122,122,/Users/vinay.hatti/TradingPlatform/research_data/m77_19_7_4_10/h4_point_in_time_structural_downside_room/XLRE.jsonl.gz,7ded486e4dab822ed4d0982e9338e9dc1d0779a522e842bb58cc23312a9c6a28
XLU,219,130,42,47,219,219,/Users/vinay.hatti/TradingPlatform/research_data/m77_19_7_4_10/h4_point_in_time_structural_downside_room/XLU.jsonl.gz,e3ba7bd52a5d67433e567baedec96a83a4593dbb66d3a94de15b8680dded9852
XLV,215,117,41,57,215,215,/Users/vinay.hatti/TradingPlatform/research_data/m77_19_7_4_10/h4_point_in_time_structural_downside_room/XLV.jsonl.gz,2b48c3e66959143b471b702762490180b1541c0c32a6df3e67eb68c9ef1d5e2a
XLY,204,123,56,25,204,204,/Users/vinay.hatti/TradingPlatform/research_data/m77_19_7_4_10/h4_point_in_time_structural_downside_room/XLY.jsonl.gz,5eacd409f0e7e20419814fd9881447e48847cda8cb58ec05c5a8cc953187819c
XOM,361,221,93,47,361,361,/Users/vinay.hatti/TradingPlatform/research_data/m77_19_7_4_10/h4_point_in_time_structural_downside_room/XOM.jsonl.gz,66e3d1b64ccf55a65b964707dcf57cd6b69a036a8d4fd206d36f05779d1eda31
XOP,333,169,91,73,333,333,/Users/vinay.hatti/TradingPlatform/research_data/m77_19_7_4_10/h4_point_in_time_structural_downside_room/XOP.jsonl.gz,ee7495ada4d228c65cc1fc201552e6d17e7992787143046dc6f7fdb8d393d02a
XPH,281,124,105,52,281,281,/Users/vinay.hatti/TradingPlatform/research_data/m77_19_7_4_10/h4_point_in_time_structural_downside_room/XPH.jsonl.gz,4357acc2c8ed3895d4d18343a9c1e33973fd3ba1d708039e2c13c5dfec131851
XRT,281,153,84,44,281,281,/Users/vinay.hatti/TradingPlatform/research_data/m77_19_7_4_10/h4_point_in_time_structural_downside_room/XRT.jsonl.gz,94b7a1829248d8e4d29c77c101a1a26adf04f050bc5297ff1ab644f7f18019a7
XYL,158,37,69,52,158,158,/Users/vinay.hatti/TradingPlatform/research_data/m77_19_7_4_10/h4_point_in_time_structural_downside_room/XYL.jsonl.gz,d4ad5b84b8e45d0ac4155968cb4b4b95a466a272550bfaf3f144a732f54c4bb5
XYZ,1,0,0,1,1,1,/Users/vinay.hatti/TradingPlatform/research_data/m77_19_7_4_10/h4_point_in_time_structural_downside_room/XYZ.jsonl.gz,a9c436c173af9f5e0fa5bcab2e514095f614efbe96284943eb028df55bdf1022
YUM,219,129,51,39,219,219,/Users/vinay.hatti/TradingPlatform/research_data/m77_19_7_4_10/h4_point_in_time_structural_downside_room/YUM.jsonl.gz,1e8562370df5660580b00643c2ad71c027f50ca2bb1c6c77a312fd4ab956f839
ZBH,207,21,93,93,207,207,/Users/vinay.hatti/TradingPlatform/research_data/m77_19_7_4_10/h4_point_in_time_structural_downside_room/ZBH.jsonl.gz,ab075508f8a88880ef790574861d752647a86590b8d07803704a01fbe9e3dda3
ZBRA,322,199,57,66,322,322,/Users/vinay.hatti/TradingPlatform/research_data/m77_19_7_4_10/h4_point_in_time_structural_downside_room/ZBRA.jsonl.gz,3fb34b65a296401cdeaa92866192f554f9c29408292009249ec2411db2e955d8
ZTS,165,21,51,93,165,165,/Users/vinay.hatti/TradingPlatform/research_data/m77_19_7_4_10/h4_point_in_time_structural_downside_room/ZTS.jsonl.gz,06b6f315fb7b68b5fd0b3d129438a56e35aa1d99fa769df7559706b4a9208173
