symbol,asset_type,upstream_replay_window_status,materialization_status,materialization_start,replay_start,replay_end,bar_count,warmup_session_count_through_replay_start,replay_scored_session_count,data_sha256,resumed,blockers
A,EQUITY,CERTIFIED_CURRENT_TICKER_WINDOW,MATERIALIZED_CERTIFIED_CURRENT_TICKER_WINDOW,2003-09-10,2004-11-16,2026-08-21,5774,300,5475,343e2597d0673ba4643dd12fd4d5bb4404d9976dd7f06c32c7294552bb391989,False,
AAPL,EQUITY,CERTIFIED_CURRENT_TICKER_WINDOW,MATERIALIZED_CERTIFIED_CURRENT_TICKER_WINDOW,2003-09-10,2004-11-16,2026-08-21,5774,300,5475,fd6280df30da99e8ec78687a32b87345369342917524da89d58176773c4f0b30,False,
ABBV,EQUITY,CERTIFIED_CURRENT_TICKER_WINDOW,MATERIALIZED_CERTIFIED_CURRENT_TICKER_WINDOW,2013-01-02,2014-03-12,2026-08-21,3430,300,3131,74018d92bd6fd31d558bdf560aff0763e30a12353a0388d2680c501e6843df0f,False,
ABNB,EQUITY,CERTIFIED_CURRENT_TICKER_WINDOW,MATERIALIZED_CERTIFIED_CURRENT_TICKER_WINDOW,2020-12-10,2022-02-17,2026-08-21,1430,300,1131,1c97409c1f59030e1be5ffccdc457976e4975fb750b2e43f39f982a1df621d32,False,
ABT,EQUITY,CERTIFIED_CURRENT_TICKER_WINDOW,MATERIALIZED_CERTIFIED_CURRENT_TICKER_WINDOW,2003-09-10,2004-11-16,2026-08-21,5774,300,5475,5fff59f165586936500c5232f7c8fd7c731f083863cdab65c10ec88b6cefd9d4,False,
ACGL,EQUITY,CERTIFIED_CURRENT_TICKER_WINDOW,MATERIALIZED_CERTIFIED_CURRENT_TICKER_WINDOW,2003-09-10,2004-11-16,2026-08-21,5774,300,5475,cd6a7c0911ba708d98904b25b66a5a046f6f3dd428deb875aed8c00e297948a1,False,
ACN,EQUITY,CERTIFIED_CURRENT_TICKER_WINDOW,MATERIALIZED_CERTIFIED_CURRENT_TICKER_WINDOW,2003-09-10,2004-11-16,2026-08-21,5774,300,5475,a426689dfa5cc131cb4c913071cb7f98f9138e2412f7d45fb059f6174c580cf4,False,
ADBE,EQUITY,CERTIFIED_CURRENT_TICKER_WINDOW,MATERIALIZED_CERTIFIED_CURRENT_TICKER_WINDOW,2003-09-10,2004-11-16,2026-08-21,5774,300,5475,ee6d23cbe58cd60511d126685dd3d282cede60e48411a25ae679fdea9365895e,False,
ADI,EQUITY,CERTIFIED_CURRENT_TICKER_WINDOW,MATERIALIZED_CERTIFIED_CURRENT_TICKER_WINDOW,2003-09-10,2004-11-16,2026-08-21,5774,300,5475,338abd5fa6bf6e3ffce105dd8cf1b3237a7542508baf930b1a9319ef44d13bfa,False,
ADM,EQUITY,CERTIFIED_CURRENT_TICKER_WINDOW,MATERIALIZED_CERTIFIED_CURRENT_TICKER_WINDOW,2003-09-10,2004-11-16,2026-08-21,5774,300,5475,36bef5cbb802e3a632702eea9927ba8b39cbc032f6bfe0d855b76ba7064863e1,False,
ADP,EQUITY,CERTIFIED_CURRENT_TICKER_WINDOW,MATERIALIZED_CERTIFIED_CURRENT_TICKER_WINDOW,2003-09-10,2004-11-16,2026-08-21,5774,300,5475,45cfecffe38161b9c4df95d5d42468391442cbe2fa92f974ba1494876df27a21,False,
ADSK,EQUITY,CERTIFIED_CURRENT_TICKER_WINDOW,MATERIALIZED_CERTIFIED_CURRENT_TICKER_WINDOW,2003-09-10,2004-11-16,2026-08-21,5774,300,5475,148ec1ef676b4eece35dd043de0c8e5ecea8b8bc05dc3bc4102f95d2d5147e82,False,
AEE,EQUITY,CERTIFIED_CURRENT_TICKER_WINDOW,MATERIALIZED_CERTIFIED_CURRENT_TICKER_WINDOW,2003-09-10,2004-11-16,2026-08-21,5774,300,5475,9af5feef2a3632c66a1b92cfa94e682b2dbc2c69252338a1b489021a13b47d35,False,
AEP,EQUITY,CERTIFIED_CURRENT_TICKER_WINDOW,MATERIALIZED_CERTIFIED_CURRENT_TICKER_WINDOW,2003-09-10,2004-11-16,2026-08-21,5774,300,5475,86888c93084df62493d2028ec129a8a00dc6f1d40b8f5555c254b383318619c0,False,
AES,EQUITY,CERTIFIED_CURRENT_TICKER_WINDOW,MATERIALIZED_CERTIFIED_CURRENT_TICKER_WINDOW,2003-09-10,2004-11-16,2026-08-21,5774,300,5475,000511d364512463149bfc6901b6889197a23b0255b6865b050141560abf4b44,False,
AFL,EQUITY,CERTIFIED_CURRENT_TICKER_WINDOW,MATERIALIZED_CERTIFIED_CURRENT_TICKER_WINDOW,2003-09-10,2004-11-16,2026-08-21,5774,300,5475,6b1b783be9ef224b24ee9cba807d35cc12550842513096eb2da54eda269d7ea5,False,
AGG,ETF,CERTIFIED_CURRENT_TICKER_WINDOW,MATERIALIZED_CERTIFIED_CURRENT_TICKER_WINDOW,2003-09-26,2004-12-03,2026-08-21,5762,300,5463,2abf668149f970f210b2f2a4b5f29c853e45edb0e1e41a6dec0634dafc060d1f,False,
AIG,EQUITY,CERTIFIED_CURRENT_TICKER_WINDOW,MATERIALIZED_CERTIFIED_CURRENT_TICKER_WINDOW,2003-09-10,2004-11-16,2026-08-21,5774,300,5475,5bd20a7ae2fb71899684c2c7d7971a3f8cf26d4ee9aab509f1b48ff20befd21a,False,
AIZ,EQUITY,CERTIFIED_CURRENT_TICKER_WINDOW,MATERIALIZED_CERTIFIED_CURRENT_TICKER_WINDOW,2004-02-05,2005-04-14,2026-08-21,5672,300,5373,b49457edd0ffbc264badbc169eccadd3d59a1bd56623ce458bbc465d8a8568e0,False,
AJG,EQUITY,CERTIFIED_CURRENT_TICKER_WINDOW,MATERIALIZED_CERTIFIED_CURRENT_TICKER_WINDOW,2003-09-10,2004-11-16,2026-08-21,5774,300,5475,27f084241879272117511e1c583c7b1b3a663faf8cd8a95b7a2f09cf472c59f6,False,
AKAM,EQUITY,CERTIFIED_CURRENT_TICKER_WINDOW,MATERIALIZED_CERTIFIED_CURRENT_TICKER_WINDOW,2003-09-10,2004-11-16,2026-08-21,5774,300,5475,78370628d7c5424d40d7ef74e70828ea7d4f18b15c0be1a3cbb42357c01493e7,False,
ALAB,EQUITY,CERTIFIED_CURRENT_TICKER_WINDOW,MATERIALIZED_CERTIFIED_CURRENT_TICKER_WINDOW,2024-03-20,2025-05-30,2026-08-21,608,300,309,51e925493eabb29ce2e00c4941a78867bc762108df7f4912e1263ec45545c171,False,
ALB,EQUITY,CERTIFIED_CURRENT_TICKER_WINDOW,MATERIALIZED_CERTIFIED_CURRENT_TICKER_WINDOW,2003-09-10,2004-11-16,2026-08-21,5774,300,5475,be4c36430b41fe9add73723643d236b80e531ddd80e1ab6fe8a6368eb7d8841f,False,
ALGN,EQUITY,CERTIFIED_CURRENT_TICKER_WINDOW,MATERIALIZED_CERTIFIED_CURRENT_TICKER_WINDOW,2003-09-10,2004-11-16,2026-08-21,5774,300,5475,54b7ddfe7b6838d5a13a0c2ce071c473f04f8f91f9d100cb1210d3a408ff63be,False,
ALL,EQUITY,CERTIFIED_CURRENT_TICKER_WINDOW,MATERIALIZED_CERTIFIED_CURRENT_TICKER_WINDOW,2003-09-10,2004-11-16,2026-08-21,5774,300,5475,6598116e9d68d1cd07034a3388e87c1c165349dd9351bddce0f1937eab2b41e6,False,
ALLE,EQUITY,CERTIFIED_CURRENT_TICKER_WINDOW,MATERIALIZED_CERTIFIED_CURRENT_TICKER_WINDOW,2013-12-02,2015-02-10,2026-08-21,3199,300,2900,926fdf5893fe8b80e7ac8a8e3a10f41b26621c123c8bf173ae321c100aab5b06,False,
ALNY,EQUITY,CERTIFIED_CURRENT_TICKER_WINDOW,MATERIALIZED_CERTIFIED_CURRENT_TICKER_WINDOW,2004-05-28,2005-08-05,2026-08-21,5592,300,5293,1f6cd03081097cf13c8af2dd545bbcb12ef1a2e7523ff81a8c32729fd2c67b80,False,
AMAT,EQUITY,CERTIFIED_CURRENT_TICKER_WINDOW,MATERIALIZED_CERTIFIED_CURRENT_TICKER_WINDOW,2003-09-10,2004-11-16,2026-08-21,5774,300,5475,2b0889ed4cdf423dd5f9d823c5655ca624a31d33a66506b029db294f9172df9e,False,
AMCR,EQUITY,CERTIFIED_CURRENT_TICKER_WINDOW,MATERIALIZED_CERTIFIED_CURRENT_TICKER_WINDOW,2019-06-11,2020-08-17,2026-08-21,1810,300,1511,606d5f7645c4eaef3417deb394e458c1bbb952333321d944e0b1e27132a4de06,False,
AMD,EQUITY,CERTIFIED_CURRENT_TICKER_WINDOW,MATERIALIZED_CERTIFIED_CURRENT_TICKER_WINDOW,2003-09-10,2004-11-16,2026-08-21,5774,300,5475,b2b1afae6e2a6c045888d7804ee1326de2321d7ef04a98953946e76be4794fbc,False,
AME,EQUITY,CERTIFIED_CURRENT_TICKER_WINDOW,MATERIALIZED_CERTIFIED_CURRENT_TICKER_WINDOW,2003-09-10,2004-11-16,2026-08-21,5774,300,5475,590ffe7332dd3adc3a430a16afa878fb5c94b4eab938b0d9b6e66a8cb2e5e887,False,
AMGN,EQUITY,CERTIFIED_CURRENT_TICKER_WINDOW,MATERIALIZED_CERTIFIED_CURRENT_TICKER_WINDOW,2003-09-10,2004-11-16,2026-08-21,5774,300,5475,29f7122795aed2be08a5a34fddfb56b196c4ffd64c4187874f664642cebc4115,False,
AMP,EQUITY,CERTIFIED_CURRENT_TICKER_WINDOW,MATERIALIZED_CERTIFIED_CURRENT_TICKER_WINDOW,2005-10-03,2006-12-08,2026-08-21,5254,300,4955,ecfae070f257f648b8d406465904a55eaa7dfbc7b7950707fafcca3220650f3a,False,
AMT,EQUITY,CERTIFIED_CURRENT_TICKER_WINDOW,MATERIALIZED_CERTIFIED_CURRENT_TICKER_WINDOW,2003-09-10,2004-11-16,2026-08-21,5774,300,5475,2cb0e6387bf09ed6d0f88366342ac0b9f034d6e1ea1b188def95ee427002c76a,False,
AMZN,EQUITY,CERTIFIED_CURRENT_TICKER_WINDOW,MATERIALIZED_CERTIFIED_CURRENT_TICKER_WINDOW,2003-09-10,2004-11-16,2026-08-21,5774,300,5475,86ed5b2318fae28eb4ff56c9be6f333f80080bf27f29bc4264adc2baccddb386,False,
ANET,EQUITY,CERTIFIED_CURRENT_TICKER_WINDOW,MATERIALIZED_CERTIFIED_CURRENT_TICKER_WINDOW,2014-06-06,2015-08-13,2026-08-21,3071,300,2772,af0fcdcb4735fa1e22a2f6b9cd68bfe8d74902f3a76af1d0129888a2d48e5292,False,
AON,EQUITY,CERTIFIED_CURRENT_TICKER_WINDOW,MATERIALIZED_CERTIFIED_CURRENT_TICKER_WINDOW,2009-12-01,2011-02-08,2026-08-21,4206,300,3907,408a94f7bce40fb2789baabdf40c08a7c7bafc2d5894107e538e49ec9fd3d5dc,False,
AOS,EQUITY,CERTIFIED_CURRENT_TICKER_WINDOW,MATERIALIZED_CERTIFIED_CURRENT_TICKER_WINDOW,2003-09-10,2004-11-16,2026-08-21,5774,300,5475,6cd440179807a50e9a58eca3ae49190d1ab0390388165ab4d61fc06ba29f6eab,False,
APA,EQUITY,CERTIFIED_CURRENT_TICKER_WINDOW,MATERIALIZED_CERTIFIED_CURRENT_TICKER_WINDOW,2003-09-10,2004-11-16,2026-08-21,5774,300,5475,d0f1e18b1755932f40e75af6e509ac153794cc5fe8ec634eb64a8ed93391dbe3,False,
APD,EQUITY,CERTIFIED_CURRENT_TICKER_WINDOW,MATERIALIZED_CERTIFIED_CURRENT_TICKER_WINDOW,2003-09-10,2004-11-16,2026-08-21,5774,300,5475,83d20f7f828c1d8585ea0a86c27fd0988a920b9e9bd5b9a25e8fb7aead6aac39,False,
APH,EQUITY,CERTIFIED_CURRENT_TICKER_WINDOW,MATERIALIZED_CERTIFIED_CURRENT_TICKER_WINDOW,2003-09-10,2004-11-16,2026-08-21,5774,300,5475,e5d5fd9dc49dc340ca9b74af470f005ec9966de98c9857da9fecd23c850c98e3,False,
APO,EQUITY,CERTIFIED_CURRENT_TICKER_WINDOW,MATERIALIZED_CERTIFIED_CURRENT_TICKER_WINDOW,2011-03-30,2012-06-06,2026-08-21,3872,300,3573,6ad82701498da5d77f7bc230a8ebec9b163010f4313c1e41608bfd2b43d87eb9,False,
APP,EQUITY,CERTIFIED_CURRENT_TICKER_WINDOW,MATERIALIZED_CERTIFIED_CURRENT_TICKER_WINDOW,2021-04-15,2022-06-22,2026-08-21,1345,300,1046,d3f7feb10dc8f5fc3e0a274963e7c9aa9d0802ff2a4c1e7310d7035283f98584,False,
APTV,EQUITY,CERTIFIED_CURRENT_TICKER_WINDOW,MATERIALIZED_CERTIFIED_CURRENT_TICKER_WINDOW,2017-12-05,2019-02-14,2026-08-21,2189,300,1890,7780c2fc5a36282647acfd70d1a3e7c55dfa91e11384352bdd28ef317e245127,False,
ARE,EQUITY,CERTIFIED_CURRENT_TICKER_WINDOW,MATERIALIZED_CERTIFIED_CURRENT_TICKER_WINDOW,2003-09-10,2004-11-16,2026-08-21,5774,300,5475,63c84ab13e41def9b699f0dbb1bb3c3f4df7b8b1d91cbef6f1a383a8c96fc655,False,
ARES,EQUITY,CERTIFIED_CURRENT_TICKER_WINDOW,MATERIALIZED_CERTIFIED_CURRENT_TICKER_WINDOW,2014-05-02,2015-07-10,2026-08-21,3095,300,2796,4e901a34314b729e16214a904538788531b2a76ed99232cdbfecdbf09f55ce05,False,
ARKK,ETF,CERTIFIED_CURRENT_TICKER_WINDOW,MATERIALIZED_CERTIFIED_CURRENT_TICKER_WINDOW,2014-10-31,2016-01-11,2026-08-21,2960,300,2661,9ca9f3818a725869f445e8f24f03308249dd424bd0b828a9bc2927ef6028aba7,False,
ARM,EQUITY,CERTIFIED_CURRENT_TICKER_WINDOW,MATERIALIZED_CERTIFIED_CURRENT_TICKER_WINDOW,2023-09-14,2024-11-20,2026-08-21,737,300,438,1a383dd42705e60c5ae9beaf4506d72867f32dba527b4a13c0886628416499a4,False,
ASML,EQUITY,CERTIFIED_CURRENT_TICKER_WINDOW,MATERIALIZED_CERTIFIED_CURRENT_TICKER_WINDOW,2003-09-10,2004-11-16,2026-08-21,5754,300,5455,133323f1572186cd407ec5228dcaa4a37ea85690b1e8e31e5db4a568fe61d04d,False,
ATO,EQUITY,CERTIFIED_CURRENT_TICKER_WINDOW,MATERIALIZED_CERTIFIED_CURRENT_TICKER_WINDOW,2003-09-10,2004-11-16,2026-08-21,5774,300,5475,686c602cb98646316716946af38cb9df5c9e0c3de4232f4b9f526e72500e9315,False,
AVB,EQUITY,CERTIFIED_CURRENT_TICKER_WINDOW,MATERIALIZED_CERTIFIED_CURRENT_TICKER_WINDOW,2003-09-10,2004-11-16,2026-08-14,5769,300,5470,34ff97669b7066073343ea39642937585941e97ad9430ed22be2bee2f79a3499,False,
AVGO,EQUITY,CERTIFIED_CURRENT_TICKER_WINDOW,MATERIALIZED_CERTIFIED_CURRENT_TICKER_WINDOW,2009-08-06,2010-10-13,2026-08-21,4287,300,3988,3cd0ed258956840efd216942a1f67c6f7a477675c1bdca331dfeaf619de0230e,False,
AVY,EQUITY,CERTIFIED_CURRENT_TICKER_WINDOW,MATERIALIZED_CERTIFIED_CURRENT_TICKER_WINDOW,2003-09-10,2004-11-16,2026-08-21,5774,300,5475,a94ac5532ee559afbb6367fe0dbb69d39157dfc4054fab5e62234d2c5b60a9ef,False,
AWK,EQUITY,CERTIFIED_CURRENT_TICKER_WINDOW,MATERIALIZED_CERTIFIED_CURRENT_TICKER_WINDOW,2008-04-23,2009-06-30,2026-08-21,4612,300,4313,f654d3f5e60df8e3e3cfb4e362a9722d97cd960503eb0350f41e09a9121342db,False,
AXON,EQUITY,CERTIFIED_CURRENT_TICKER_WINDOW,MATERIALIZED_CERTIFIED_CURRENT_TICKER_WINDOW,2021-01-26,2022-04-01,2026-08-21,1400,300,1101,8e5d9d07567da7d13e02ff29fe0f73967e29d70fec12cac63d5712360096416e,False,
AXP,EQUITY,CERTIFIED_CURRENT_TICKER_WINDOW,MATERIALIZED_CERTIFIED_CURRENT_TICKER_WINDOW,2003-09-10,2004-11-16,2026-08-21,5774,300,5475,277880567648a1c3f6a1de39d523cc30381b2106b87fe5d6cd3125a7b0bc462c,False,
AZO,EQUITY,CERTIFIED_CURRENT_TICKER_WINDOW,MATERIALIZED_CERTIFIED_CURRENT_TICKER_WINDOW,2003-09-10,2004-11-16,2026-08-21,5774,300,5475,d1c49ca4ac1d955cf1033a2b90ba91014774e66895a7a2a738c2fdf2df634419,False,
BA,EQUITY,CERTIFIED_CURRENT_TICKER_WINDOW,MATERIALIZED_CERTIFIED_CURRENT_TICKER_WINDOW,2003-09-10,2004-11-16,2026-08-21,5774,300,5475,bd39f9cf1e3364a4cb3d963a81cb5bb0534803d2f6e79a4b81edd38579a40432,False,
BAC,EQUITY,CERTIFIED_CURRENT_TICKER_WINDOW,MATERIALIZED_CERTIFIED_CURRENT_TICKER_WINDOW,2003-09-10,2004-11-16,2026-08-21,5774,300,5475,8cb2293ddc81ab1b4de126e11ff0261dc5266b65769615e415ff43156c24c58c,False,
BALL,EQUITY,CERTIFIED_CURRENT_TICKER_WINDOW,MATERIALIZED_CERTIFIED_CURRENT_TICKER_WINDOW,2022-05-10,2023-07-20,2026-08-21,1075,300,776,8f4b036898ba2e1b01768757384110b5f3173361e8537459138d98d069c32ce2,False,
BAX,EQUITY,CERTIFIED_CURRENT_TICKER_WINDOW,MATERIALIZED_CERTIFIED_CURRENT_TICKER_WINDOW,2003-09-10,2004-11-16,2026-08-21,5774,300,5475,0f9f81e7ae52c8dc04294588784545c308e87ed3251930dd936c539f191d6f8f,False,
BBY,EQUITY,CERTIFIED_CURRENT_TICKER_WINDOW,MATERIALIZED_CERTIFIED_CURRENT_TICKER_WINDOW,2003-09-10,2004-11-16,2026-08-21,5774,300,5475,7df3f1c9b34d250ebf5e2769f3af6b8088680092a4e5f4255cd8ae8ac39c79d8,False,
BDX,EQUITY,CERTIFIED_CURRENT_TICKER_WINDOW,MATERIALIZED_CERTIFIED_CURRENT_TICKER_WINDOW,2003-09-10,2004-11-16,2026-08-21,5774,300,5475,3fe3704c08aa6fc0f42091037af479595f3efd86555e7ea9af12482cb6351a22,False,
BEN,EQUITY,CERTIFIED_CURRENT_TICKER_WINDOW,MATERIALIZED_CERTIFIED_CURRENT_TICKER_WINDOW,2003-09-10,2004-11-16,2026-08-21,5774,300,5475,9df24920ab1e1fa567de26ed11627085818a415efb75d5c147862e523392dd6e,False,
BF.B,EQUITY,CERTIFIED_CURRENT_TICKER_WINDOW,MATERIALIZED_CERTIFIED_CURRENT_TICKER_WINDOW,2003-09-10,2004-11-16,2026-08-21,5774,300,5475,c1a9ab30dbdf6d111dea00f8ee69994e5a8665fdc03d10f165c96d404a604ebe,False,
BG,EQUITY,CERTIFIED_CURRENT_TICKER_WINDOW,MATERIALIZED_CERTIFIED_CURRENT_TICKER_WINDOW,2003-09-10,2004-11-16,2026-08-21,5774,300,5475,4be512fcb123806815e1051e9f26696677ffc1b65a15d6b4b8d7e8446da1fc1a,False,
BIIB,EQUITY,CERTIFIED_CURRENT_TICKER_WINDOW,MATERIALIZED_CERTIFIED_CURRENT_TICKER_WINDOW,2003-11-13,2005-01-24,2026-08-21,5724,300,5425,6054f729b9de2dba19daee319bc9afe8552cd6994fed6d04d3523466481437a4,False,
BITO,ETF,CERTIFIED_CURRENT_TICKER_WINDOW,MATERIALIZED_CERTIFIED_CURRENT_TICKER_WINDOW,2021-10-19,2022-12-27,2026-08-21,1215,300,916,81fcb1619d52ee3474ebed8178a8cbad6ef0c3b8e7b919dd27bcef342c4b0fc1,False,
BKNG,EQUITY,CERTIFIED_CURRENT_TICKER_WINDOW,MATERIALIZED_CERTIFIED_CURRENT_TICKER_WINDOW,2018-02-27,2019-05-07,2026-08-21,2133,300,1834,c6aaaf1e2c0265d0d15d6f97f46dd44a0808ac1dbf137de0657eab8f49a52544,False,
BKR,EQUITY,CERTIFIED_CURRENT_TICKER_WINDOW,MATERIALIZED_CERTIFIED_CURRENT_TICKER_WINDOW,2019-10-18,2020-12-24,2026-08-21,1719,300,1420,46eab48a0118b78570808f520c570c597c2f4751efeebbfb44b018dcbe9bff9e,False,
BLDR,EQUITY,CERTIFIED_CURRENT_TICKER_WINDOW,MATERIALIZED_CERTIFIED_CURRENT_TICKER_WINDOW,2005-06-22,2006-08-29,2026-08-21,5325,300,5026,cda3e8389f39b166f9e4596fdd698b24fc473b315dfc8e11b76c3a18a582e85d,False,
BLK,EQUITY,CERTIFIED_CURRENT_TICKER_WINDOW,MATERIALIZED_CERTIFIED_CURRENT_TICKER_WINDOW,2003-09-10,2004-11-16,2026-08-21,5774,300,5475,2f850a2439695bb83293d6924494bf91cd6df9c62048b40d037802258ce92802,False,
BMY,EQUITY,CERTIFIED_CURRENT_TICKER_WINDOW,MATERIALIZED_CERTIFIED_CURRENT_TICKER_WINDOW,2003-09-10,2004-11-16,2026-08-21,5774,300,5475,ab31304e20069217af296d1cee2220900736b51001bbb1e88a102890146bc8fa,False,
BND,ETF,CERTIFIED_CURRENT_TICKER_WINDOW,MATERIALIZED_CERTIFIED_CURRENT_TICKER_WINDOW,2007-04-10,2008-06-16,2026-08-21,4874,300,4575,ffb744050f5f511c143b0d677fe4946a91861964839f50b18523b0fefdca2ae7,False,
BNY,EQUITY,BLOCKED_INSUFFICIENT_POST_ANCHOR_WARMUP,CARRIED_FORWARD_BLOCKED_NO_POLYGON_MATERIALIZATION,,,,,,,,False,PREDECESSOR_LINEAGE_JOIN_NOT_AUTHORIZED|INSUFFICIENT_POST_ANCHOR_WARMUP
BR,EQUITY,CERTIFIED_CURRENT_TICKER_WINDOW,MATERIALIZED_CERTIFIED_CURRENT_TICKER_WINDOW,2007-04-02,2008-06-09,2026-08-21,4879,300,4580,33705b13789924fca27c0c4b2a08957bd694803c47c96d7bee6ddb8ff4dd0dd0,False,
BRK.B,EQUITY,CERTIFIED_CURRENT_TICKER_WINDOW,MATERIALIZED_CERTIFIED_CURRENT_TICKER_WINDOW,2003-09-10,2004-11-16,2026-08-21,5774,300,5475,efbc8cae1edf10c8edd5bc6c545250e895906b9bf6d45f5ddc4c119f9fa604c9,False,
BRO,EQUITY,CERTIFIED_CURRENT_TICKER_WINDOW,MATERIALIZED_CERTIFIED_CURRENT_TICKER_WINDOW,2003-09-10,2004-11-16,2026-08-21,5774,300,5475,e32b5f6b4168972f83ac196ed97c9888e6ce67b5c01a4bf3653c1448db22d65e,False,
BSX,EQUITY,CERTIFIED_CURRENT_TICKER_WINDOW,MATERIALIZED_CERTIFIED_CURRENT_TICKER_WINDOW,2003-09-10,2004-11-16,2026-08-21,5774,300,5475,b3c51268bfe339a72999a0dac2fe19ce8d80b85505bdbb9b1cde24a42e69c115,False,
BX,EQUITY,CERTIFIED_CURRENT_TICKER_WINDOW,MATERIALIZED_CERTIFIED_CURRENT_TICKER_WINDOW,2007-06-22,2008-08-28,2026-08-21,4822,300,4523,14fe3bd88676a8ef0ef2e15ed1496979e3cf86f3ecf266ea1ff991d5c91d10c7,False,
BXP,EQUITY,CERTIFIED_CURRENT_TICKER_WINDOW,MATERIALIZED_CERTIFIED_CURRENT_TICKER_WINDOW,2003-09-10,2004-11-16,2026-08-21,5774,300,5475,90b0d39547350207162f3c07bf38813c716efbb0fc228c7dbe9946eac5a1407f,False,
C,EQUITY,CERTIFIED_CURRENT_TICKER_WINDOW,MATERIALIZED_CERTIFIED_CURRENT_TICKER_WINDOW,2003-09-10,2004-11-16,2026-08-21,5774,300,5475,a83ab2952688149d6821993ce6c462daef37a4ffbc8258522486c79c6ddb9214,False,
CAH,EQUITY,CERTIFIED_CURRENT_TICKER_WINDOW,MATERIALIZED_CERTIFIED_CURRENT_TICKER_WINDOW,2003-09-10,2004-11-16,2026-08-21,5774,300,5475,f20d838bf875ea006dc195bb005859cae441cebd90f2b257c47ed8d41975b57c,False,
CARR,EQUITY,CERTIFIED_CURRENT_TICKER_WINDOW,MATERIALIZED_CERTIFIED_CURRENT_TICKER_WINDOW,2020-04-03,2021-06-11,2026-08-21,1604,300,1305,852d5b0353f297f677f8ba0b2db53c833a4e625d721d056a445356ecae283201,False,
CASY,EQUITY,CERTIFIED_CURRENT_TICKER_WINDOW,MATERIALIZED_CERTIFIED_CURRENT_TICKER_WINDOW,2003-09-10,2004-11-16,2026-08-21,5774,300,5475,c682efaa95a2680c6bb9d67609b6f12aef12b300d99e0069c17af6839e7411e8,False,
CAT,EQUITY,CERTIFIED_CURRENT_TICKER_WINDOW,MATERIALIZED_CERTIFIED_CURRENT_TICKER_WINDOW,2003-09-10,2004-11-16,2026-08-21,5774,300,5475,3730fa004e841e286f3c80d9c4a77162244054a840974ebe600356c087001e7e,False,
CB,EQUITY,CERTIFIED_CURRENT_TICKER_WINDOW,MATERIALIZED_CERTIFIED_CURRENT_TICKER_WINDOW,2003-09-10,2004-11-16,2026-08-21,5774,300,5475,8405fa7ef66ccfc8c1a896473f2f957e429eb72b3feac9365ad910a75fa9950c,False,
CBOE,EQUITY,CERTIFIED_CURRENT_TICKER_WINDOW,MATERIALIZED_CERTIFIED_CURRENT_TICKER_WINDOW,2010-06-15,2011-08-19,2026-08-21,4072,300,3773,2a2a2363190ee82796f72cfb87c48e5a363b657fd73e241d927c309f0b9b861e,False,
CBRE,EQUITY,CERTIFIED_CURRENT_TICKER_WINDOW,MATERIALIZED_CERTIFIED_CURRENT_TICKER_WINDOW,2018-03-20,2019-05-29,2026-08-21,2118,300,1819,69438cfe5671c48b28ef9f77b2cfbdd32df74a9f92e74f372fbebb8191b05b78,False,
CCEP,EQUITY,CERTIFIED_CURRENT_TICKER_WINDOW,MATERIALIZED_CERTIFIED_CURRENT_TICKER_WINDOW,2018-11-07,2020-01-17,2026-08-21,1956,300,1657,cb5ccbd15305ea732d6654c229272f98819b56c06857dde3113ecc921820f34a,False,
CCI,EQUITY,CERTIFIED_CURRENT_TICKER_WINDOW,MATERIALIZED_CERTIFIED_CURRENT_TICKER_WINDOW,2003-09-10,2004-11-16,2026-08-21,5774,300,5475,019d0df9b77964aea8415a7dff76925401af9b07eb1b9abacb8eaf45f0e29212,False,
CCL,EQUITY,CERTIFIED_CURRENT_TICKER_WINDOW,MATERIALIZED_CERTIFIED_CURRENT_TICKER_WINDOW,2003-09-10,2004-11-16,2026-08-21,5774,300,5475,fbb1dcc189db395e0f1f6e20896960709996d82085f15ff101355b8a349806cd,False,
CDNS,EQUITY,CERTIFIED_CURRENT_TICKER_WINDOW,MATERIALIZED_CERTIFIED_CURRENT_TICKER_WINDOW,2005-11-03,2007-01-16,2026-08-21,5231,300,4932,04918709e17d65fc06fc0324829bf7d780afc2eef827b587fab1737967262f72,False,
CDW,EQUITY,CERTIFIED_CURRENT_TICKER_WINDOW,MATERIALIZED_CERTIFIED_CURRENT_TICKER_WINDOW,2013-06-27,2014-09-04,2026-08-21,3308,300,3009,7df3530e87c7cbb9b643b00e9e6a6ffbc3275d0d7ad1e68099a984fb3c42d6f1,False,
CEG,EQUITY,CERTIFIED_CURRENT_TICKER_WINDOW,MATERIALIZED_CERTIFIED_CURRENT_TICKER_WINDOW,2022-02-02,2023-04-13,2026-08-21,1142,300,843,48e17ae97dbc3ad62b26a35eb4beb1d88164f86d78c42ad64882f8144d2c3190,False,
CF,EQUITY,CERTIFIED_CURRENT_TICKER_WINDOW,MATERIALIZED_CERTIFIED_CURRENT_TICKER_WINDOW,2005-08-11,2006-10-18,2026-08-21,5290,300,4991,86bac5de5ad40b688c89c0b9ac1f240f90333835f059b9897ca54c733f5016f1,False,
CFG,EQUITY,CERTIFIED_CURRENT_TICKER_WINDOW,MATERIALIZED_CERTIFIED_CURRENT_TICKER_WINDOW,2014-09-24,2015-12-01,2026-08-21,2995,300,2696,d32db39f6ead4e02e6578af6bb4e16962f7d74ea2253558d9153e5732c1f3cae,False,
CHD,EQUITY,CERTIFIED_CURRENT_TICKER_WINDOW,MATERIALIZED_CERTIFIED_CURRENT_TICKER_WINDOW,2003-09-10,2004-11-16,2026-08-21,5774,300,5475,94ba102d1189f294cfb0eb15e9d6bd673dd3379a48a2e849094fb7ddee9a8fb1,False,
CHRW,EQUITY,CERTIFIED_CURRENT_TICKER_WINDOW,MATERIALIZED_CERTIFIED_CURRENT_TICKER_WINDOW,2005-11-14,2007-01-25,2026-08-21,5224,300,4925,c9da0f0cc1ada3e5bf8ccf5b6b96f378cb0bc868e8a78f536ee31ba495d36b7f,False,
CHTR,EQUITY,CERTIFIED_CURRENT_TICKER_WINDOW,MATERIALIZED_CERTIFIED_CURRENT_TICKER_WINDOW,2003-09-10,2004-11-16,2026-08-21,5412,300,5113,6329eac2c89b96ce59eda2bfa67482b01677f30ef5c7249471cdb86ecaae2b44,False,
CI,EQUITY,CERTIFIED_CURRENT_TICKER_WINDOW,MATERIALIZED_CERTIFIED_CURRENT_TICKER_WINDOW,2003-09-10,2004-11-16,2026-08-21,5774,300,5475,b9ebc5a074ff7e4ff86911d65d8863eaea01495852a07071d57ca7d781793d6b,False,
CIBR,ETF,CERTIFIED_CURRENT_TICKER_WINDOW,MATERIALIZED_CERTIFIED_CURRENT_TICKER_WINDOW,2015-07-07,2016-09-12,2026-08-21,2799,300,2500,8b39f3e6c75c2666004cb10ac445d86ceb0750a010be9d5b63857e252c200b86,False,
CIEN,EQUITY,CERTIFIED_CURRENT_TICKER_WINDOW,MATERIALIZED_CERTIFIED_CURRENT_TICKER_WINDOW,2006-10-23,2008-01-02,2026-08-21,4988,300,4689,d583dc3b5d1a1cf7e5e84d23d029caf72edcbd87601a46c7e573b225b0095316,False,
CINF,EQUITY,CERTIFIED_CURRENT_TICKER_WINDOW,MATERIALIZED_CERTIFIED_CURRENT_TICKER_WINDOW,2003-09-10,2004-11-16,2026-08-21,5774,300,5475,9b97b90a6bb033987f0240ddf3ee9246325fe08ff366eaffcbbf47d715ec889a,False,
CL,EQUITY,CERTIFIED_CURRENT_TICKER_WINDOW,MATERIALIZED_CERTIFIED_CURRENT_TICKER_WINDOW,2003-09-10,2004-11-16,2026-08-21,5774,300,5475,79493392cb9dd3db9a43f81b6bd44f373f84a7e9f3f7d1a5a4e2a049b508b495,False,
CLX,EQUITY,CERTIFIED_CURRENT_TICKER_WINDOW,MATERIALIZED_CERTIFIED_CURRENT_TICKER_WINDOW,2003-09-10,2004-11-16,2026-08-21,5774,300,5475,a0b86e0c2e61de0b36bbfcb0f5d7966121613194db95fe5f6e1ef5688b313c75,False,
CMCSA,EQUITY,CERTIFIED_CURRENT_TICKER_WINDOW,MATERIALIZED_CERTIFIED_CURRENT_TICKER_WINDOW,2004-11-08,2006-01-17,2026-08-21,5481,300,5182,44229d5d6999633dbe3ce3d6c281b9b8805c3bd0608ad575b3165244b77d37d9,False,
CME,EQUITY,CERTIFIED_CURRENT_TICKER_WINDOW,MATERIALIZED_CERTIFIED_CURRENT_TICKER_WINDOW,2003-09-10,2004-11-16,2026-08-21,5774,300,5475,a99c98c3595f7c0959cb551ac9906251cb8d285e222672e00a23960d5fb735a1,False,
CMG,EQUITY,CERTIFIED_CURRENT_TICKER_WINDOW,MATERIALIZED_CERTIFIED_CURRENT_TICKER_WINDOW,2006-01-26,2007-04-05,2026-08-21,5175,300,4876,49d8e0d28b708fef96f164b604bcf95994d373d577d5ce13fbe801d852d27b81,False,
CMI,EQUITY,CERTIFIED_CURRENT_TICKER_WINDOW,MATERIALIZED_CERTIFIED_CURRENT_TICKER_WINDOW,2003-12-10,2005-02-17,2026-08-21,5710,300,5411,e8c6ea3a5506b6101d560ed6d54c4f0c272f6ed32dc60b41b37ae6a1f60437f1,False,
CMS,EQUITY,CERTIFIED_CURRENT_TICKER_WINDOW,MATERIALIZED_CERTIFIED_CURRENT_TICKER_WINDOW,2003-09-10,2004-11-16,2026-08-21,5774,300,5475,374c23eabe73381021d89a86810bb39ba086585807da35dbdeb1d2608e4f529e,False,
CNC,EQUITY,CERTIFIED_CURRENT_TICKER_WINDOW,MATERIALIZED_CERTIFIED_CURRENT_TICKER_WINDOW,2003-10-16,2004-12-23,2026-08-21,5748,300,5449,81b999e3ef33c8d7be33ee6b11a5b11c851fde168783cf5fa277a719aefe4128,False,
CNP,EQUITY,CERTIFIED_CURRENT_TICKER_WINDOW,MATERIALIZED_CERTIFIED_CURRENT_TICKER_WINDOW,2003-09-10,2004-11-16,2026-08-21,5774,300,5475,e19c26693ec560749a94641b06cd3ed941a5ecc2eed7d2d9738bd8198a419440,False,
COF,EQUITY,CERTIFIED_CURRENT_TICKER_WINDOW,MATERIALIZED_CERTIFIED_CURRENT_TICKER_WINDOW,2003-09-10,2004-11-16,2026-08-21,5774,300,5475,364fc96b2bc810bfa6a6e70f471033dd9a776d53d05d834efe7df0cb31971bf1,False,
COHR,EQUITY,CERTIFIED_CURRENT_TICKER_WINDOW,MATERIALIZED_CERTIFIED_CURRENT_TICKER_WINDOW,2003-09-10,2004-11-16,2026-08-21,5689,300,5390,4c55ba3b1ea56af304b8e67073103c78c5b351160a00f57c3f59644417c79648,False,
COIN,EQUITY,CERTIFIED_CURRENT_TICKER_WINDOW,MATERIALIZED_CERTIFIED_CURRENT_TICKER_WINDOW,2021-04-14,2022-06-21,2026-08-21,1346,300,1047,ab037dd1ac3f1533f5b2ef1c1eb8931da09a488bab2c693e1bb19cb9eb2b17ba,False,
COO,EQUITY,CERTIFIED_CURRENT_TICKER_WINDOW,MATERIALIZED_CERTIFIED_CURRENT_TICKER_WINDOW,2003-09-10,2004-11-16,2026-08-21,5774,300,5475,c5bca8c3c1936457dac23e7217692762cda917abe0ef058776f695df34db0e42,False,
COP,EQUITY,CERTIFIED_CURRENT_TICKER_WINDOW,MATERIALIZED_CERTIFIED_CURRENT_TICKER_WINDOW,2003-09-10,2004-11-16,2026-08-21,5774,300,5475,8cf5496941234c4d221da66d4f393ba5e56cd41b1417349a3f2ad41f89cb8e52,False,
COR,EQUITY,CERTIFIED_CURRENT_TICKER_WINDOW,MATERIALIZED_CERTIFIED_CURRENT_TICKER_WINDOW,2023-08-30,2024-11-06,2026-08-21,747,300,448,186a6279ef4ea0c8fec227aaa9a1d00a3e37993f8c87e9772e1bb922d351664a,False,
COST,EQUITY,CERTIFIED_CURRENT_TICKER_WINDOW,MATERIALIZED_CERTIFIED_CURRENT_TICKER_WINDOW,2003-09-10,2004-11-16,2026-08-21,5774,300,5475,bcc75a1e19de28c456b9443ff4969df49ba52fe6e9287cecda79403074b8a786,False,
CPAY,EQUITY,CERTIFIED_CURRENT_TICKER_WINDOW,MATERIALIZED_CERTIFIED_CURRENT_TICKER_WINDOW,2024-03-25,2025-06-04,2026-08-21,605,300,306,dc5e1b8658971ad9a0cb19e569da1486a0c9fba465997e4d174031d84e69b8c6,False,
CPRT,EQUITY,CERTIFIED_CURRENT_TICKER_WINDOW,MATERIALIZED_CERTIFIED_CURRENT_TICKER_WINDOW,2003-09-10,2004-11-16,2026-08-21,5774,300,5475,76f7b58d84b7ffae27d222b8c96a3fa9192bae6aa28bdfb39589bce6cf3fa286,False,
CPT,EQUITY,CERTIFIED_CURRENT_TICKER_WINDOW,MATERIALIZED_CERTIFIED_CURRENT_TICKER_WINDOW,2003-09-10,2004-11-16,2026-08-21,5774,300,5475,2dac068291444480d44d51073f8a044e43cb9887c268ef73f218f47c3d991e6d,False,
CRH,EQUITY,CERTIFIED_CURRENT_TICKER_WINDOW,MATERIALIZED_CERTIFIED_CURRENT_TICKER_WINDOW,2023-09-25,2024-12-02,2026-08-21,730,300,431,3fc0c8150300e144477a16ac26132a0e07a4e56c56fecff9b9aed11a4973f86a,False,
CRL,EQUITY,CERTIFIED_CURRENT_TICKER_WINDOW,MATERIALIZED_CERTIFIED_CURRENT_TICKER_WINDOW,2003-09-10,2004-11-16,2026-08-21,5774,300,5475,239348daf31e3f44d3333267a1bfdef852f64bdf2be85adb2d5cc1b1f01ff451,False,
CRM,EQUITY,CERTIFIED_CURRENT_TICKER_WINDOW,MATERIALIZED_CERTIFIED_CURRENT_TICKER_WINDOW,2004-06-23,2005-08-29,2026-08-21,5577,300,5278,ca5fab245514b755c8c6fd6c0c75d44cf4e7fea2c6d09cdb0a46c6851c4bf0eb,False,
CRWD,EQUITY,CERTIFIED_CURRENT_TICKER_WINDOW,MATERIALIZED_CERTIFIED_CURRENT_TICKER_WINDOW,2019-06-12,2020-08-18,2026-08-21,1809,300,1510,eea30009c4775c996f906ef527a9eae9217007c2e4af03000f3f12e9ed55b610,False,
CRWV,EQUITY,CERTIFIED_CURRENT_TICKER_WINDOW,MATERIALIZED_CERTIFIED_CURRENT_TICKER_WINDOW,2025-03-28,2026-06-08,2026-08-21,352,300,53,2b88da792a27025800f640f4766fdd0dcda9eb0c279f6086d3d4ca3dac94b2bc,False,
CSCO,EQUITY,CERTIFIED_CURRENT_TICKER_WINDOW,MATERIALIZED_CERTIFIED_CURRENT_TICKER_WINDOW,2003-09-10,2004-11-16,2026-08-21,5774,300,5475,3566185be0dfe214a968eee6454f80d8e780df1c4401dbf4cbea1c22e0377910,False,
CSGP,EQUITY,CERTIFIED_CURRENT_TICKER_WINDOW,MATERIALIZED_CERTIFIED_CURRENT_TICKER_WINDOW,2003-09-10,2004-11-16,2026-08-21,5774,300,5475,a6571a50157114bae0bde32fbfd6f1cec15aa8aadab2896859628e9d740e5ba1,False,
CSX,EQUITY,CERTIFIED_CURRENT_TICKER_WINDOW,MATERIALIZED_CERTIFIED_CURRENT_TICKER_WINDOW,2003-09-10,2004-11-16,2026-08-21,5774,300,5475,6182fac8a9cca8568a991831adb1b702addc97911e1e1e22b804e48694c1a0c8,False,
CTAS,EQUITY,CERTIFIED_CURRENT_TICKER_WINDOW,MATERIALIZED_CERTIFIED_CURRENT_TICKER_WINDOW,2003-09-10,2004-11-16,2026-08-21,5774,300,5475,b323b34868a2b66663cee8fc382c47dc46f24c41952bc2dd005c5814ad6a7e0c,False,
CTSH,EQUITY,CERTIFIED_CURRENT_TICKER_WINDOW,MATERIALIZED_CERTIFIED_CURRENT_TICKER_WINDOW,2003-09-10,2004-11-16,2026-08-21,5774,300,5475,98e3ee2fb8fcdb7f855a6937886a86323a3a9daf154f934d655c1caa2f8c9079,False,
CTVA,EQUITY,CERTIFIED_CURRENT_TICKER_WINDOW,MATERIALIZED_CERTIFIED_CURRENT_TICKER_WINDOW,2019-06-03,2020-08-07,2026-08-21,1816,300,1517,a3ba2dfebbfeccdd3737a7917d3c971adccb2fa7ed140b2c519cfeab22c7c959,False,
CVNA,EQUITY,CERTIFIED_CURRENT_TICKER_WINDOW,MATERIALIZED_CERTIFIED_CURRENT_TICKER_WINDOW,2017-04-28,2018-07-06,2026-08-21,2342,300,2043,7657f62d7c91826cc9b201c9ef57c19bb2e1351da6bc5751c96dfc1edb1b6baf,False,
CVS,EQUITY,CERTIFIED_CURRENT_TICKER_WINDOW,MATERIALIZED_CERTIFIED_CURRENT_TICKER_WINDOW,2003-09-10,2004-11-16,2026-08-21,5774,300,5475,5ee3ae9955a584e8ab4ecc1d2fb90f6236fbf2c1731918cae976d34efb728bc1,False,
CVX,EQUITY,CERTIFIED_CURRENT_TICKER_WINDOW,MATERIALIZED_CERTIFIED_CURRENT_TICKER_WINDOW,2003-09-10,2004-11-16,2026-08-21,5774,300,5475,cbef13a557034192c514f6f17dd0726cb706bd1c5306be7532d6ef51f26f29e1,False,
D,EQUITY,CERTIFIED_CURRENT_TICKER_WINDOW,MATERIALIZED_CERTIFIED_CURRENT_TICKER_WINDOW,2003-09-10,2004-11-16,2026-08-21,5774,300,5475,2b8694e2a581942d8b3bf6aed5d1f58ff569c1fe6bc75128389573ec7ad74a7e,False,
DAL,EQUITY,CERTIFIED_CURRENT_TICKER_WINDOW,MATERIALIZED_CERTIFIED_CURRENT_TICKER_WINDOW,2003-09-10,2004-11-16,2026-08-21,5385,300,5086,77f551915d12e0fe631373607c9120818f333a7c2dcf2c738733914421464308,False,
DASH,EQUITY,CERTIFIED_CURRENT_TICKER_WINDOW,MATERIALIZED_CERTIFIED_CURRENT_TICKER_WINDOW,2020-12-09,2022-02-16,2026-08-21,1431,300,1132,1f90102a4f4c32167155e2c0d8a754b9107512900368a01194294be9b1c7d931,False,
DBA,ETF,CERTIFIED_CURRENT_TICKER_WINDOW,MATERIALIZED_CERTIFIED_CURRENT_TICKER_WINDOW,2007-01-05,2008-03-14,2026-08-21,4938,300,4639,6f6f316b436634a40674827234b1e46a36fe11a22e0f7af65ed8364be3803ef4,False,
DD,EQUITY,CERTIFIED_CURRENT_TICKER_WINDOW,MATERIALIZED_CERTIFIED_CURRENT_TICKER_WINDOW,2003-09-10,2004-11-16,2026-08-21,5336,300,5037,2434f1066b50431a9494118e77183403f081570c6ea7f1e26ce94b7bf8e88f8d,False,
DDOG,EQUITY,CERTIFIED_CURRENT_TICKER_WINDOW,MATERIALIZED_CERTIFIED_CURRENT_TICKER_WINDOW,2019-09-19,2020-11-24,2026-08-21,1740,300,1441,221396aa6a2b56c76123529b5e3a2d14dd13659fba16e8fbd7826c946c6dc08e,False,
DE,EQUITY,CERTIFIED_CURRENT_TICKER_WINDOW,MATERIALIZED_CERTIFIED_CURRENT_TICKER_WINDOW,2003-09-10,2004-11-16,2026-08-21,5774,300,5475,b5a9cb9ea27d7793033dde5259185c9465ae13425f17aa74f844a6b53cad680a,False,
DECK,EQUITY,CERTIFIED_CURRENT_TICKER_WINDOW,MATERIALIZED_CERTIFIED_CURRENT_TICKER_WINDOW,2003-09-10,2004-11-16,2026-08-21,5774,300,5475,2937022bde888c694bdb8491b7d9f27868fbb9b71c33c680dd8f5d897a375190,False,
DELL,EQUITY,CERTIFIED_CURRENT_TICKER_WINDOW,MATERIALIZED_CERTIFIED_CURRENT_TICKER_WINDOW,2018-12-28,2020-03-09,2026-08-21,1922,300,1623,97628f794b0ce9deb1c4e4254ea65c038db5d6edc3a0e71ee11145f6133a0d96,False,
DG,EQUITY,CERTIFIED_CURRENT_TICKER_WINDOW,MATERIALIZED_CERTIFIED_CURRENT_TICKER_WINDOW,2009-11-13,2011-01-24,2026-08-21,4217,300,3918,492b8ba5355d073033efbb868dc3b978dbc74d25e9b23404ec604680cd8ceb23,False,
DGX,EQUITY,CERTIFIED_CURRENT_TICKER_WINDOW,MATERIALIZED_CERTIFIED_CURRENT_TICKER_WINDOW,2003-09-10,2004-11-16,2026-08-21,5774,300,5475,a632f13016e176a18da52336bcd6c1804270c34b7d9279aefd8987864889aa5c,False,
DHI,EQUITY,CERTIFIED_CURRENT_TICKER_WINDOW,MATERIALIZED_CERTIFIED_CURRENT_TICKER_WINDOW,2003-09-10,2004-11-16,2026-08-21,5774,300,5475,9a1188e7ade4e6e7629467fc5263e327e967b36968297cca00d44dd06818d1b9,False,
DHR,EQUITY,CERTIFIED_CURRENT_TICKER_WINDOW,MATERIALIZED_CERTIFIED_CURRENT_TICKER_WINDOW,2003-09-10,2004-11-16,2026-08-21,5774,300,5475,ec6dda00901cf39a7233ddd57ed49c48424a548144b2b38b8ca07f94c14e8419,False,
DIA,ETF,CERTIFIED_CURRENT_TICKER_WINDOW,MATERIALIZED_CERTIFIED_CURRENT_TICKER_WINDOW,2003-09-10,2004-11-16,2026-08-21,5774,300,5475,4684d5e5e7b2944e154470ca56e40d25274b3602edffeb252c2ce8db3023c181,False,
DIS,EQUITY,CERTIFIED_CURRENT_TICKER_WINDOW,MATERIALIZED_CERTIFIED_CURRENT_TICKER_WINDOW,2003-09-10,2004-11-16,2026-08-21,5774,300,5475,2f51fc900c952d5ffb1fa65d028eb7abfa8cda807d70d161cccb1327d39334b1,False,
DLR,EQUITY,CERTIFIED_CURRENT_TICKER_WINDOW,MATERIALIZED_CERTIFIED_CURRENT_TICKER_WINDOW,2004-10-29,2006-01-06,2026-08-21,5487,300,5188,c7b7170d6fab5b44361987290f365dea8e9b1089711f1af41b015c0dd5d365ff,False,
DLTR,EQUITY,CERTIFIED_CURRENT_TICKER_WINDOW,MATERIALIZED_CERTIFIED_CURRENT_TICKER_WINDOW,2003-09-10,2004-11-16,2026-08-21,5774,300,5475,e938e16c64f81348f08a829161757578ddebc1a8e2e1e1b8edaa18fb08b71b8b,False,
DOC,EQUITY,CERTIFIED_CURRENT_TICKER_WINDOW,MATERIALIZED_CERTIFIED_CURRENT_TICKER_WINDOW,2024-03-04,2025-05-13,2026-08-21,620,300,321,e7d7680a8cfd1a01ffbaa5bb15019949ed138d5b7172e38441d12836945a3f0f,False,
DOV,EQUITY,CERTIFIED_CURRENT_TICKER_WINDOW,MATERIALIZED_CERTIFIED_CURRENT_TICKER_WINDOW,2003-09-10,2004-11-16,2026-08-21,5774,300,5475,ee3101df065ee21689c46abdd834188c05c02dcd1d4d2d54ccce665642116c42,False,
DOW,EQUITY,CERTIFIED_CURRENT_TICKER_WINDOW,MATERIALIZED_CERTIFIED_CURRENT_TICKER_WINDOW,2019-04-02,2020-06-09,2026-08-21,1858,300,1559,4b03e9fe01baac09d01d151e3453b2cfef5b1a0f107e2a7fdf734ac7615d4681,False,
DPZ,EQUITY,CERTIFIED_CURRENT_TICKER_WINDOW,MATERIALIZED_CERTIFIED_CURRENT_TICKER_WINDOW,2004-07-13,2005-09-16,2026-08-21,5564,300,5265,fd34c013a9736cf34be8e800d86414c189d81719cd60d9e61938279e24d32003,False,
DRI,EQUITY,CERTIFIED_CURRENT_TICKER_WINDOW,MATERIALIZED_CERTIFIED_CURRENT_TICKER_WINDOW,2003-09-10,2004-11-16,2026-08-21,5774,300,5475,8e361d85895ee8cb9b9daeb746c519918267674d9bcafdf9c04861480cff96ae,False,
DTE,EQUITY,CERTIFIED_CURRENT_TICKER_WINDOW,MATERIALIZED_CERTIFIED_CURRENT_TICKER_WINDOW,2003-09-10,2004-11-16,2026-08-21,5774,300,5475,f6e53876eb415d3738465a0f3d2cac92d114de2f373aae9a143dc7dbcee3d2fa,False,
DUK,EQUITY,CERTIFIED_CURRENT_TICKER_WINDOW,MATERIALIZED_CERTIFIED_CURRENT_TICKER_WINDOW,2003-09-10,2004-11-16,2026-08-21,5774,300,5475,99360efbbc0caad5ff1bc84bf8772f0a0ba65d2ef9a4829638fb1c9a010ddbd4,False,
DVA,EQUITY,CERTIFIED_CURRENT_TICKER_WINDOW,MATERIALIZED_CERTIFIED_CURRENT_TICKER_WINDOW,2003-09-10,2004-11-16,2026-08-21,5774,300,5475,c113d01eb94d57e2c3f2c8900a4e426a7053ba23b182ee0e42e9ab3d32207c33,False,
DVN,EQUITY,CERTIFIED_CURRENT_TICKER_WINDOW,MATERIALIZED_CERTIFIED_CURRENT_TICKER_WINDOW,2003-09-10,2004-11-16,2026-08-21,5774,300,5475,d91a4f6d81026d3df1b00472473d944fb3a60e32d6d063909979626f497e7e44,False,
DXCM,EQUITY,CERTIFIED_CURRENT_TICKER_WINDOW,MATERIALIZED_CERTIFIED_CURRENT_TICKER_WINDOW,2005-04-14,2006-06-21,2026-08-21,5372,300,5073,a518a84c520291d9b497e1df0cd4fb75858408f992db447c3cb490117627abae,False,
EA,EQUITY,CERTIFIED_CURRENT_TICKER_WINDOW,MATERIALIZED_CERTIFIED_CURRENT_TICKER_WINDOW,2011-12-20,2013-03-04,2026-08-04,3675,300,3376,cc6b2e48d0a0dd4816d64afca3b562451c558607f82e9ffb09ca5c00579fb8aa,False,
EBAY,EQUITY,CERTIFIED_CURRENT_TICKER_WINDOW,MATERIALIZED_CERTIFIED_CURRENT_TICKER_WINDOW,2003-09-10,2004-11-16,2026-08-21,5774,300,5475,ee3d5ec73319888e703a2377ecd129b57bd05b94b93d89f998af5a25514260c3,False,
ECHO,EQUITY,BLOCKED_INSUFFICIENT_POST_ANCHOR_WARMUP,CARRIED_FORWARD_BLOCKED_NO_POLYGON_MATERIALIZATION,,,,,,,,False,PREDECESSOR_LINEAGE_JOIN_NOT_AUTHORIZED|PRELISTING_TICKER_HISTORY_NOT_AUTHORIZED|INSUFFICIENT_POST_ANCHOR_WARMUP
ECL,EQUITY,CERTIFIED_CURRENT_TICKER_WINDOW,MATERIALIZED_CERTIFIED_CURRENT_TICKER_WINDOW,2003-09-10,2004-11-16,2026-08-21,5774,300,5475,ce822a657fa68a03d04313568b421fa1940a6af119d2c0f02f93950ba57a00c4,False,
ED,EQUITY,CERTIFIED_CURRENT_TICKER_WINDOW,MATERIALIZED_CERTIFIED_CURRENT_TICKER_WINDOW,2003-09-10,2004-11-16,2026-08-21,5774,300,5475,42bba969a2a6c28da07aeebccac03d1815c9990bdf819a647ee66d45f3f9d1ae,False,
EEM,ETF,CERTIFIED_CURRENT_TICKER_WINDOW,MATERIALIZED_CERTIFIED_CURRENT_TICKER_WINDOW,2003-09-10,2004-11-16,2026-08-21,5774,300,5475,582bfb82aa2e6ce7d310f9943892dd071bc7aa6624691661c0d781043bdba934,False,
EFA,ETF,CERTIFIED_CURRENT_TICKER_WINDOW,MATERIALIZED_CERTIFIED_CURRENT_TICKER_WINDOW,2003-09-10,2004-11-16,2026-08-21,5774,300,5475,772b61b7b1febc8a29963d3eb726fc24f5c0a6dcb476dd1daa3cbe01ec56a171,False,
EFX,EQUITY,CERTIFIED_CURRENT_TICKER_WINDOW,MATERIALIZED_CERTIFIED_CURRENT_TICKER_WINDOW,2003-09-10,2004-11-16,2026-08-21,5774,300,5475,4537021c6ad5698cc6a03de93a27f71c302ba9f7bc8fb6ddd68725ee85458003,False,
EG,EQUITY,CERTIFIED_CURRENT_TICKER_WINDOW,MATERIALIZED_CERTIFIED_CURRENT_TICKER_WINDOW,2023-07-10,2024-09-16,2026-08-21,784,300,485,d320ea8afbeb157bb9ee61d76bc1f7a604f62a2f243a47875853fb5c98c8259b,False,
EIX,EQUITY,CERTIFIED_CURRENT_TICKER_WINDOW,MATERIALIZED_CERTIFIED_CURRENT_TICKER_WINDOW,2003-09-10,2004-11-16,2026-08-21,5774,300,5475,c458f6d03767eb939082f32534a9aee0ce1fda8120bbcc4bc071d68d92ba8a0f,False,
EL,EQUITY,CERTIFIED_CURRENT_TICKER_WINDOW,MATERIALIZED_CERTIFIED_CURRENT_TICKER_WINDOW,2003-09-10,2004-11-16,2026-08-21,5774,300,5475,e649f90e23bd03a524897a53169f458c699f24b1b13433b4305d344380864a91,False,
ELV,EQUITY,CERTIFIED_CURRENT_TICKER_WINDOW,MATERIALIZED_CERTIFIED_CURRENT_TICKER_WINDOW,2022-06-28,2023-09-06,2026-08-21,1042,300,743,2d0f5defed2addac6493dcdd3ea811973593f92df3911b7888f27c30de6c9c8a,False,
EME,EQUITY,CERTIFIED_CURRENT_TICKER_WINDOW,MATERIALIZED_CERTIFIED_CURRENT_TICKER_WINDOW,2003-09-10,2004-11-16,2026-08-21,5774,300,5475,a5a463d99c8826c569aa4937b857afbdbab8133d22400d027850737e4b2342a5,False,
EMR,EQUITY,CERTIFIED_CURRENT_TICKER_WINDOW,MATERIALIZED_CERTIFIED_CURRENT_TICKER_WINDOW,2003-09-10,2004-11-16,2026-08-21,5774,300,5475,834af2ae701ab37c3e47565b481ff76705fc2641abefb7eb22dbafc51564e907,False,
EOG,EQUITY,CERTIFIED_CURRENT_TICKER_WINDOW,MATERIALIZED_CERTIFIED_CURRENT_TICKER_WINDOW,2003-09-10,2004-11-16,2026-08-21,5774,300,5475,fca8b5ff04ce931c1460c3826553f67504bb9a290c4c26b1196da250ca258e60,False,
EQIX,EQUITY,CERTIFIED_CURRENT_TICKER_WINDOW,MATERIALIZED_CERTIFIED_CURRENT_TICKER_WINDOW,2003-09-10,2004-11-16,2026-08-21,5774,300,5475,4b064a51f9ec38a72af9e19a8b1bbe8a98a9a511dda66164365daccbc01bcfcf,False,
EQR,EQUITY,CERTIFIED_CURRENT_TICKER_WINDOW,MATERIALIZED_CERTIFIED_CURRENT_TICKER_WINDOW,2003-09-10,2004-11-16,2026-08-17,5770,300,5471,d94ff865fec00deea6f6ab3810c5c4775cd71a830ca9f48e0ebdac3bb0e0192b,False,
EQT,EQUITY,CERTIFIED_CURRENT_TICKER_WINDOW,MATERIALIZED_CERTIFIED_CURRENT_TICKER_WINDOW,2003-09-10,2004-11-16,2026-08-21,5774,300,5475,b28c863f2ae2083831f6e7d6396ac36def3380de2afa9b878103b836195a58ca,False,
ERIE,EQUITY,CERTIFIED_CURRENT_TICKER_WINDOW,MATERIALIZED_CERTIFIED_CURRENT_TICKER_WINDOW,2003-09-10,2004-11-16,2026-08-21,5774,300,5475,78f46ad4293bba301e972f5971ca4fee029abc175a86beec2eec7734e9172887,False,
ES,EQUITY,CERTIFIED_CURRENT_TICKER_WINDOW,MATERIALIZED_CERTIFIED_CURRENT_TICKER_WINDOW,2007-11-15,2009-01-26,2026-08-21,4284,300,3985,672a43364234a4061e63996660f124fa5be0931eeb4d7e9898938d29c8448e5a,False,
ESS,EQUITY,CERTIFIED_CURRENT_TICKER_WINDOW,MATERIALIZED_CERTIFIED_CURRENT_TICKER_WINDOW,2003-09-10,2004-11-16,2026-08-21,5774,300,5475,8d1e62b0bc3a5bf92e9e492dc8fc3d4d930e3678e58016336a3bd1548b045942,False,
ETHA,ETF,CERTIFIED_CURRENT_TICKER_WINDOW,MATERIALIZED_CERTIFIED_CURRENT_TICKER_WINDOW,2024-07-23,2025-10-01,2026-08-21,523,300,224,736e7173ceb5a377a4538d8d603bd73fec1b53488e814481337a64934235f699,False,
ETN,EQUITY,CERTIFIED_CURRENT_TICKER_WINDOW,MATERIALIZED_CERTIFIED_CURRENT_TICKER_WINDOW,2003-09-10,2004-11-16,2026-08-21,5774,300,5475,141d13a3de389307da57f1511c4683a2d3a53429095bdd474b8d0437fef5ce05,False,
ETR,EQUITY,CERTIFIED_CURRENT_TICKER_WINDOW,MATERIALIZED_CERTIFIED_CURRENT_TICKER_WINDOW,2003-09-10,2004-11-16,2026-08-21,5774,300,5475,9643b70a258f62b13e79dfb571a247d6cfef9a1a1cbd469e33fb575766570c8a,False,
EVRG,EQUITY,CERTIFIED_CURRENT_TICKER_WINDOW,MATERIALIZED_CERTIFIED_CURRENT_TICKER_WINDOW,2018-06-05,2019-08-13,2026-08-21,2065,300,1766,d6cf54882d66317fac689bbb67f0c4effd271a79de29fb1eca94392bb5a1966f,False,
EW,EQUITY,CERTIFIED_CURRENT_TICKER_WINDOW,MATERIALIZED_CERTIFIED_CURRENT_TICKER_WINDOW,2003-09-10,2004-11-16,2026-08-21,5774,300,5475,63a570dea26e9cb853c9b5e1ff460ea4beb9e27a17e9c027994dcd5b9c3670bc,False,
EWJ,ETF,CERTIFIED_CURRENT_TICKER_WINDOW,MATERIALIZED_CERTIFIED_CURRENT_TICKER_WINDOW,2003-09-10,2004-11-16,2026-08-21,5774,300,5475,fd930abfc5a3516e16cafb04e9a1935e0244fd1ed8a11288cfe453e5ae35b704,False,
EWZ,ETF,CERTIFIED_CURRENT_TICKER_WINDOW,MATERIALIZED_CERTIFIED_CURRENT_TICKER_WINDOW,2003-09-10,2004-11-16,2026-08-21,5774,300,5475,db3255880002e54c36dbf77bb71400447a8cd9c44cc0260cfa7ed0ba26a91ac3,False,
EXC,EQUITY,CERTIFIED_CURRENT_TICKER_WINDOW,MATERIALIZED_CERTIFIED_CURRENT_TICKER_WINDOW,2003-09-10,2004-11-16,2026-08-21,5774,300,5475,7f3f6ac96426cbb1183f04f309bef43a19ad11f7856a421d442207cc94db6198,False,
EXE,EQUITY,CERTIFIED_CURRENT_TICKER_WINDOW,MATERIALIZED_CERTIFIED_CURRENT_TICKER_WINDOW,2024-10-02,2025-12-11,2026-08-21,473,300,174,5f488084f98be3034715b137f3ea7c2f7e0d9665ce7bfbf553e4f8de5a9bb840,False,
EXPD,EQUITY,CERTIFIED_CURRENT_TICKER_WINDOW,MATERIALIZED_CERTIFIED_CURRENT_TICKER_WINDOW,2003-09-10,2004-11-16,2026-08-21,5774,300,5475,2b095118ab7c0795f4683041c070b36d6313452d358181bf6c11fe982c9b8b38,False,
EXPE,EQUITY,CERTIFIED_CURRENT_TICKER_WINDOW,MATERIALIZED_CERTIFIED_CURRENT_TICKER_WINDOW,2011-12-22,2013-03-06,2026-08-21,3686,300,3387,f51202bd63f9ac4818a01f6fe48ba302e779569319baf032537fa5e865db0316,False,
EXR,EQUITY,CERTIFIED_CURRENT_TICKER_WINDOW,MATERIALIZED_CERTIFIED_CURRENT_TICKER_WINDOW,2004-08-12,2005-10-18,2026-08-21,5542,300,5243,129a6300da2753c08a9fc703fbed782d754cc2bdd4b5eccd99378c85e4f12533,False,
F,EQUITY,CERTIFIED_CURRENT_TICKER_WINDOW,MATERIALIZED_CERTIFIED_CURRENT_TICKER_WINDOW,2003-09-10,2004-11-16,2026-08-21,5774,300,5475,f7f5fb780c54f0760387e9c02004bb71f7075c0418160d27b2a22dcffd27bb72,False,
FANG,EQUITY,CERTIFIED_CURRENT_TICKER_WINDOW,MATERIALIZED_CERTIFIED_CURRENT_TICKER_WINDOW,2012-10-12,2013-12-23,2026-08-21,3483,300,3184,d7de0303180478b9fcd00f4ecdd4c091b0c1cbf7a35b0d49f9c242f03884e860,False,
FAST,EQUITY,CERTIFIED_CURRENT_TICKER_WINDOW,MATERIALIZED_CERTIFIED_CURRENT_TICKER_WINDOW,2003-09-10,2004-11-16,2026-08-21,5774,300,5475,f6dc209bb86f77eb74a4c02e4a41ca7bc7923e537805f3f61b56dccf42bda19d,False,
FBTC,ETF,CERTIFIED_CURRENT_TICKER_WINDOW,MATERIALIZED_CERTIFIED_CURRENT_TICKER_WINDOW,2024-01-11,2025-03-24,2026-08-21,655,300,356,05bc1d7575f7c8c33007a3ad0a81d12f24896cecf8f77e183884e424c62dab0b,False,
FCX,EQUITY,CERTIFIED_CURRENT_TICKER_WINDOW,MATERIALIZED_CERTIFIED_CURRENT_TICKER_WINDOW,2003-09-10,2004-11-16,2026-08-21,5774,300,5475,3e5d9977f9496daaf98f852f45631bab7f72a520a325fd43ddce5c5ad8cd7a85,False,
FDS,EQUITY,CERTIFIED_CURRENT_TICKER_WINDOW,MATERIALIZED_CERTIFIED_CURRENT_TICKER_WINDOW,2003-09-10,2004-11-16,2026-08-21,5774,300,5475,d34f50a008150c27022c5ee34af5ab0d43b405ce6e40453e5c1404794b79d85e,False,
FDX,EQUITY,CERTIFIED_CURRENT_TICKER_WINDOW,MATERIALIZED_CERTIFIED_CURRENT_TICKER_WINDOW,2003-09-10,2004-11-16,2026-08-21,5774,300,5475,c0b433e37db2cd694b4690715d8b6e585848a4a27b60fb22b87d2d2229936874,False,
FDXF,EQUITY,BLOCKED_UPSTREAM_INSUFFICIENT_WARMUP,CARRIED_FORWARD_BLOCKED_NO_POLYGON_MATERIALIZATION,,,,,,,,False,UPSTREAM_INSUFFICIENT_WARMUP
FE,EQUITY,CERTIFIED_CURRENT_TICKER_WINDOW,MATERIALIZED_CERTIFIED_CURRENT_TICKER_WINDOW,2003-09-10,2004-11-16,2026-08-21,5774,300,5475,63058507c998126c279541ddd560fa05400db8facb5bb99b63cf452c988c4946,False,
FER,EQUITY,CERTIFIED_CURRENT_TICKER_WINDOW,MATERIALIZED_CERTIFIED_CURRENT_TICKER_WINDOW,2024-05-09,2025-07-22,2026-08-21,573,300,274,d4fe1870f2ed881eedb8801b5535c9aae10320e98c72a6730ed7dfa852543db5,False,
FFIV,EQUITY,CERTIFIED_CURRENT_TICKER_WINDOW,MATERIALIZED_CERTIFIED_CURRENT_TICKER_WINDOW,2003-09-10,2004-11-16,2026-08-21,5774,300,5475,2ee89b1a50fd81078fb22fd553bdc595dbee27cc8a172080c4e85d9377119a0e,False,
FICO,EQUITY,CERTIFIED_CURRENT_TICKER_WINDOW,MATERIALIZED_CERTIFIED_CURRENT_TICKER_WINDOW,2009-08-19,2010-10-26,2026-08-21,4278,300,3979,fe23cdff6a6eff462005aa212cb51bd98c18b9b22c961634906e4bd578075462,False,
FIS,EQUITY,CERTIFIED_CURRENT_TICKER_WINDOW,MATERIALIZED_CERTIFIED_CURRENT_TICKER_WINDOW,2006-02-01,2007-04-12,2026-08-21,5171,300,4872,eee00178fbf29a1af73de79d7ab8960807a65af28cc9dbe8f1c25adf2910981d,False,
FISV,EQUITY,CERTIFIED_CURRENT_TICKER_WINDOW,MATERIALIZED_CERTIFIED_CURRENT_TICKER_WINDOW,2003-09-10,2004-11-16,2026-08-21,5164,300,4865,d27200b49ce452dd830bbe06caff4a2a1bbedaef7e680629c543c38db8f2504e,False,
FITB,EQUITY,CERTIFIED_CURRENT_TICKER_WINDOW,MATERIALIZED_CERTIFIED_CURRENT_TICKER_WINDOW,2003-09-10,2004-11-16,2026-08-21,5774,300,5475,5b482d21bd2c68fcd64d52996c453f82559d6ce9618e10e59be32fa509e463e2,False,
FIX,EQUITY,CERTIFIED_CURRENT_TICKER_WINDOW,MATERIALIZED_CERTIFIED_CURRENT_TICKER_WINDOW,2003-09-10,2004-11-16,2026-08-21,5774,300,5475,e5b0c228b0b5717d3f30f9e8ac939ebf825590048c8e6cf4aa6ab12793d5aaec,False,
FLEX,EQUITY,CERTIFIED_CURRENT_TICKER_WINDOW,MATERIALIZED_CERTIFIED_CURRENT_TICKER_WINDOW,2003-09-10,2004-11-16,2026-08-21,5774,300,5475,0068978c1fedf6e6655ffef70e7efcac746da8c0e8b9163bc68c3fe4ecf1e5ee,False,
FOX,EQUITY,CERTIFIED_CURRENT_TICKER_WINDOW,MATERIALIZED_CERTIFIED_CURRENT_TICKER_WINDOW,2019-03-19,2020-05-26,2026-08-21,1868,300,1569,3e5d6db951d981feabf0b17f71351296fa5be4382b25fe1d9815e9485f4a6d55,False,
FOXA,EQUITY,CERTIFIED_CURRENT_TICKER_WINDOW,MATERIALIZED_CERTIFIED_CURRENT_TICKER_WINDOW,2019-02-27,2020-05-05,2026-08-21,1882,300,1583,cf6197c0153899a5340bbb423b5f5339d718be9281233e0615b1e29e138e7e0b,False,
FRT,EQUITY,CERTIFIED_CURRENT_TICKER_WINDOW,MATERIALIZED_CERTIFIED_CURRENT_TICKER_WINDOW,2003-09-10,2004-11-16,2026-08-21,5774,300,5475,fccec79a9149e9a63916cb282af4f914dbc1a5515120123b897731e054c40ead,False,
FSLR,EQUITY,CERTIFIED_CURRENT_TICKER_WINDOW,MATERIALIZED_CERTIFIED_CURRENT_TICKER_WINDOW,2006-11-17,2008-01-30,2026-08-21,4969,300,4670,a7fc0b7e26c46f4cb9434339dcb9932030893e0f3fc39b30e2d2a4120478167b,False,
FTNT,EQUITY,CERTIFIED_CURRENT_TICKER_WINDOW,MATERIALIZED_CERTIFIED_CURRENT_TICKER_WINDOW,2009-11-18,2011-01-27,2026-08-21,4214,300,3915,51515c2ef2a4af11a5065af8086b118d07ea8ed6510933924bdbba99d09f0db4,False,
FTV,EQUITY,CERTIFIED_CURRENT_TICKER_WINDOW,MATERIALIZED_CERTIFIED_CURRENT_TICKER_WINDOW,2016-07-05,2017-09-11,2026-08-21,2548,300,2249,4462681f45370097e837cb238a4c37a2e140efe6d1f8f54a23a9ee19dafba903,False,
FXI,ETF,CERTIFIED_CURRENT_TICKER_WINDOW,MATERIALIZED_CERTIFIED_CURRENT_TICKER_WINDOW,2004-10-08,2005-12-14,2026-08-21,5502,300,5203,b252eb4aa7c995757e126fe6c42799f9fc1a8a17d2c061c98934195d9de519d6,False,
GD,EQUITY,CERTIFIED_CURRENT_TICKER_WINDOW,MATERIALIZED_CERTIFIED_CURRENT_TICKER_WINDOW,2003-09-10,2004-11-16,2026-08-21,5774,300,5475,664efe27ff5dc530d138788a187e809da6b286a3d8ba79ae54200d3f3993e392,False,
GDDY,EQUITY,CERTIFIED_CURRENT_TICKER_WINDOW,MATERIALIZED_CERTIFIED_CURRENT_TICKER_WINDOW,2015-04-01,2016-06-08,2026-08-21,2865,300,2566,f0cb17da60e1a92555a0dc795384ea12692d99db67833cf2d16017eabd061062,False,
GDX,ETF,CERTIFIED_CURRENT_TICKER_WINDOW,MATERIALIZED_CERTIFIED_CURRENT_TICKER_WINDOW,2006-05-22,2007-07-31,2026-08-21,5095,300,4796,9ef57545e1ade7bb8a570f4301b00233a1e63108ef689df70281e3ebbd41ee1f,False,
GDXJ,ETF,CERTIFIED_CURRENT_TICKER_WINDOW,MATERIALIZED_CERTIFIED_CURRENT_TICKER_WINDOW,2009-11-11,2011-01-20,2026-08-21,4219,300,3920,f1b7f4e02de36c8e263bfe903e6d5a830124fc327725b6761bf421c68623a1c1,False,
GE,EQUITY,CERTIFIED_CURRENT_TICKER_WINDOW,MATERIALIZED_CERTIFIED_CURRENT_TICKER_WINDOW,2003-09-10,2004-11-16,2026-08-21,5774,300,5475,d3e5170d9e308229f02c89f1a360eab0011370b47b2ee6fc36569e7b3ab1c387,False,
GEHC,EQUITY,CERTIFIED_CURRENT_TICKER_WINDOW,MATERIALIZED_CERTIFIED_CURRENT_TICKER_WINDOW,2023-01-04,2024-03-14,2026-08-21,911,300,612,1af89d24f815fe56bdb85e84cdde22494032c63746c94be1ad51a8be75ab6c28,False,
GEN,EQUITY,CERTIFIED_CURRENT_TICKER_WINDOW,MATERIALIZED_CERTIFIED_CURRENT_TICKER_WINDOW,2022-11-08,2024-01-19,2026-08-21,949,300,650,8521b28886e960ef75abcfd1ae10ca8b2d449d7afc7e7941bf1ebc71777e5cc7,False,
GEV,EQUITY,CERTIFIED_CURRENT_TICKER_WINDOW,MATERIALIZED_CERTIFIED_CURRENT_TICKER_WINDOW,2024-04-02,2025-06-11,2026-08-21,600,300,301,d1d0e65edece7c700ce93c770e4bdc6e5b39d82867c266a3e752cc7327d44b24,False,
GILD,EQUITY,CERTIFIED_CURRENT_TICKER_WINDOW,MATERIALIZED_CERTIFIED_CURRENT_TICKER_WINDOW,2003-09-10,2004-11-16,2026-08-21,5774,300,5475,4e2b9501d67e31c0acd9e094cb72269b2d54c3aeb7cd1b8524f4c067272a39d3,False,
GIS,EQUITY,CERTIFIED_CURRENT_TICKER_WINDOW,MATERIALIZED_CERTIFIED_CURRENT_TICKER_WINDOW,2003-09-10,2004-11-16,2026-08-21,5774,300,5475,b1cbb13fd1d305ab6b50c439cc435cb85ab1d2997feb1901a353a06d299ed81b,False,
GL,EQUITY,CERTIFIED_CURRENT_TICKER_WINDOW,MATERIALIZED_CERTIFIED_CURRENT_TICKER_WINDOW,2003-09-10,2020-03-02,2026-08-21,1927,300,1628,d9d1ee389db19c532a41e80cc96d45681585a527daa8eb6237806ec23ba44d7c,False,
GLD,ETF,CERTIFIED_CURRENT_TICKER_WINDOW,MATERIALIZED_CERTIFIED_CURRENT_TICKER_WINDOW,2004-11-18,2006-01-27,2026-08-21,5473,300,5174,3cbac671838b485a8668c38b1dce18b4891f719fc1a21ad174a5c6dbd568616d,False,
GLW,EQUITY,CERTIFIED_CURRENT_TICKER_WINDOW,MATERIALIZED_CERTIFIED_CURRENT_TICKER_WINDOW,2003-09-10,2004-11-16,2026-08-21,5774,300,5475,5282bcbe64573c1c16fb1450dc0e58ad37752ed67a76b85ef645305de94a6e2f,False,
GM,EQUITY,CERTIFIED_CURRENT_TICKER_WINDOW,MATERIALIZED_CERTIFIED_CURRENT_TICKER_WINDOW,2010-11-18,2012-01-27,2026-08-21,3962,300,3663,d99a759ae261904d53f1ad38899b37fbe35c95597e94cec530440376282f67c9,False,
GNRC,EQUITY,CERTIFIED_CURRENT_TICKER_WINDOW,MATERIALIZED_CERTIFIED_CURRENT_TICKER_WINDOW,2010-02-11,2011-04-19,2026-08-21,4157,300,3858,e95b2dbace603e5b85c585a77dec2091093b56c33a0eb79682faae924a3b0890,False,
GOOG,EQUITY,CERTIFIED_CURRENT_TICKER_WINDOW,MATERIALIZED_CERTIFIED_CURRENT_TICKER_WINDOW,2004-08-19,2005-10-25,2026-08-21,5537,300,5238,d30f58392f8827621ad3eb0255aa524a7832700549a2ed574f45f09338b621b0,False,
GOOGL,EQUITY,CERTIFIED_CURRENT_TICKER_WINDOW,MATERIALIZED_CERTIFIED_CURRENT_TICKER_WINDOW,2014-04-03,2015-06-11,2026-08-21,3115,300,2816,902db18847b73a56ba12b0b250c579ed7d28b4c5f327a2e7c7455e743aaa29bd,False,
GPC,EQUITY,CERTIFIED_CURRENT_TICKER_WINDOW,MATERIALIZED_CERTIFIED_CURRENT_TICKER_WINDOW,2003-09-10,2004-11-16,2026-08-21,5774,300,5475,8349fc3617e6da863eadf2b6f204ceb8067a3b018b5407b626c82ed357096698,False,
GPN,EQUITY,CERTIFIED_CURRENT_TICKER_WINDOW,MATERIALIZED_CERTIFIED_CURRENT_TICKER_WINDOW,2003-09-10,2004-11-16,2026-08-21,5774,300,5475,65e73f9dcf66bf945f28bfb5e35e65295b6652b6d29a01a9bdafc55b67357d75,False,
GRMN,EQUITY,CERTIFIED_CURRENT_TICKER_WINDOW,MATERIALIZED_CERTIFIED_CURRENT_TICKER_WINDOW,2003-09-10,2004-11-16,2026-08-21,5774,300,5475,d17a07559d1f9f80550a82a2ad1995dfbda38632aa6ceec2de9798b788737680,False,
GS,EQUITY,CERTIFIED_CURRENT_TICKER_WINDOW,MATERIALIZED_CERTIFIED_CURRENT_TICKER_WINDOW,2003-09-10,2004-11-16,2026-08-21,5774,300,5475,b9d05ff3500f073323cad06c4dfb291288ed6821aa9ff7a8a648cca284e3e151,False,
GWW,EQUITY,CERTIFIED_CURRENT_TICKER_WINDOW,MATERIALIZED_CERTIFIED_CURRENT_TICKER_WINDOW,2003-09-10,2004-11-16,2026-08-21,5774,300,5475,9e2e0edfbd2450008d5bf19dc03a8842a174988cfcb80aeb5af33d2169f57f91,False,
HACK,ETF,CERTIFIED_CURRENT_TICKER_WINDOW,MATERIALIZED_CERTIFIED_CURRENT_TICKER_WINDOW,2014-11-12,2016-01-22,2026-08-21,2960,300,2661,72f019bf94a9dfde7d28fc9f083b481e94c36127d4a5140794b67148004dfde2,False,
HAL,EQUITY,CERTIFIED_CURRENT_TICKER_WINDOW,MATERIALIZED_CERTIFIED_CURRENT_TICKER_WINDOW,2003-09-10,2004-11-16,2026-08-21,5774,300,5475,96672efb50cd62687ffbb006afa1104be35803aa2c98f0bdbd1d778bdd874f63,False,
HAS,EQUITY,CERTIFIED_CURRENT_TICKER_WINDOW,MATERIALIZED_CERTIFIED_CURRENT_TICKER_WINDOW,2003-09-10,2004-11-16,2026-08-21,5774,300,5475,884b65ae0b397b666824ac8c0eb4e23b5693103cba0aea546c38a4c5820b19e1,False,
HBAN,EQUITY,CERTIFIED_CURRENT_TICKER_WINDOW,MATERIALIZED_CERTIFIED_CURRENT_TICKER_WINDOW,2003-09-10,2004-11-16,2026-08-21,5774,300,5475,b541b92b1d991a8ddaed9c794b373114cc33ec42dce4ed6477828e29f231a2e6,False,
HCA,EQUITY,CERTIFIED_CURRENT_TICKER_WINDOW,MATERIALIZED_CERTIFIED_CURRENT_TICKER_WINDOW,2011-03-10,2012-05-16,2026-08-21,3886,300,3587,67d12c5eee3b454d9492dc58d758877ae6fa6022e9d43658936a371b8f39747a,False,
HD,EQUITY,CERTIFIED_CURRENT_TICKER_WINDOW,MATERIALIZED_CERTIFIED_CURRENT_TICKER_WINDOW,2003-09-10,2004-11-16,2026-08-21,5774,300,5475,01ecaafba1744b8209dec57118d5129a2aa45005115358147868f7b9774cd538,False,
HIG,EQUITY,CERTIFIED_CURRENT_TICKER_WINDOW,MATERIALIZED_CERTIFIED_CURRENT_TICKER_WINDOW,2003-09-10,2004-11-16,2026-08-21,5774,300,5475,74a31ed95102f152daf5750dcef45ef8fc1bf05ef9ac8a0c8399354d745bfd56,False,
HII,EQUITY,CERTIFIED_CURRENT_TICKER_WINDOW,MATERIALIZED_CERTIFIED_CURRENT_TICKER_WINDOW,2011-03-31,2012-06-07,2026-08-21,3871,300,3572,fc269530eba50bb5e96ffb5d64a98e784a87d99242366ed4b67f8098f5f68079,False,
HLT,EQUITY,CERTIFIED_CURRENT_TICKER_WINDOW,MATERIALIZED_CERTIFIED_CURRENT_TICKER_WINDOW,2013-12-12,2015-02-23,2026-08-21,3191,300,2892,7e650997a4277a8b9bbcd7c045ffcc2975fa46d7aa210b0e7c53c6b4204d3985,False,
HON,EQUITY,BLOCKED_INSUFFICIENT_POST_ANCHOR_WARMUP,CARRIED_FORWARD_BLOCKED_NO_POLYGON_MATERIALIZATION,,,,,,,,False,PREDECESSOR_LINEAGE_JOIN_NOT_AUTHORIZED|INSUFFICIENT_POST_ANCHOR_WARMUP
HONA,EQUITY,BLOCKED_UPSTREAM_INSUFFICIENT_WARMUP,CARRIED_FORWARD_BLOCKED_NO_POLYGON_MATERIALIZATION,,,,,,,,False,UPSTREAM_INSUFFICIENT_WARMUP
HOOD,EQUITY,CERTIFIED_CURRENT_TICKER_WINDOW,MATERIALIZED_CERTIFIED_CURRENT_TICKER_WINDOW,2021-07-29,2022-10-05,2026-08-21,1272,300,973,bbc6a621728bdc1a8d6b2b74b743847710211f7e3fa91047b0b5c9bb47e980bf,False,
HPE,EQUITY,CERTIFIED_CURRENT_TICKER_WINDOW,MATERIALIZED_CERTIFIED_CURRENT_TICKER_WINDOW,2015-11-02,2017-01-10,2026-08-21,2716,300,2417,439ccc9feb2e53b123c3a213e2de7ff9c2405f50ad3a3f2306bed213c2a42d7e,False,
HPQ,EQUITY,CERTIFIED_CURRENT_TICKER_WINDOW,MATERIALIZED_CERTIFIED_CURRENT_TICKER_WINDOW,2003-09-10,2004-11-16,2026-08-21,5774,300,5475,da49f2df8bb97fa3b906bd480ebbc1b1c8af17920ee12c9882a90020762a4b6f,False,
HRL,EQUITY,CERTIFIED_CURRENT_TICKER_WINDOW,MATERIALIZED_CERTIFIED_CURRENT_TICKER_WINDOW,2003-09-10,2004-11-16,2026-08-21,5774,300,5475,8d47ce382acd923caed1d898d26d3eeff149c850c5a21cb6a6e8aa59e78d1324,False,
HSIC,EQUITY,CERTIFIED_CURRENT_TICKER_WINDOW,MATERIALIZED_CERTIFIED_CURRENT_TICKER_WINDOW,2003-09-10,2004-11-16,2026-08-21,5774,300,5475,d9c7c8e5b4be16b1d0b4c6b7f5c62348b84bb17c8f394e6a71ace09a0cf1e611,False,
HST,EQUITY,CERTIFIED_CURRENT_TICKER_WINDOW,MATERIALIZED_CERTIFIED_CURRENT_TICKER_WINDOW,2006-04-18,2007-06-26,2026-08-21,5119,300,4820,ec43ea6bcf476d146b91318cc646a01fbd2b39377b36363e47f12f20fbcd164a,False,
HSY,EQUITY,CERTIFIED_CURRENT_TICKER_WINDOW,MATERIALIZED_CERTIFIED_CURRENT_TICKER_WINDOW,2003-09-10,2004-11-16,2026-08-21,5774,300,5475,4ea7c1a11296765ff940f386fac76fd91940daa054871500fbc7bbf5a7f86772,False,
HUBB,EQUITY,CERTIFIED_CURRENT_TICKER_WINDOW,MATERIALIZED_CERTIFIED_CURRENT_TICKER_WINDOW,2015-12-24,2017-03-06,2026-08-21,2679,300,2380,8402aaf34f4d45edb2b18e4c211cd07bf0326ea3d9407aa6d7b0a8221923aa4e,False,
HUM,EQUITY,CERTIFIED_CURRENT_TICKER_WINDOW,MATERIALIZED_CERTIFIED_CURRENT_TICKER_WINDOW,2003-09-10,2004-11-16,2026-08-21,5774,300,5475,47bd2c3586fea40222dffc2f2887f13f373895611d8918463280634651911ac2,False,
HWM,EQUITY,CERTIFIED_CURRENT_TICKER_WINDOW,MATERIALIZED_CERTIFIED_CURRENT_TICKER_WINDOW,2020-04-01,2021-06-09,2026-08-21,1606,300,1307,748e6a7499c3cbf8c51d28d7c274e8b197466ae5c7b3e4622b2787f5362c4f94,False,
HYG,ETF,CERTIFIED_CURRENT_TICKER_WINDOW,MATERIALIZED_CERTIFIED_CURRENT_TICKER_WINDOW,2007-04-11,2008-06-17,2026-08-21,4873,300,4574,562ba3f89b4327ae126dc1c2529f90191f6f5781e72b4f0c53a6a0ba0b1123e0,False,
IAU,ETF,CERTIFIED_CURRENT_TICKER_WINDOW,MATERIALIZED_CERTIFIED_CURRENT_TICKER_WINDOW,2005-01-28,2006-04-06,2026-08-21,5425,300,5126,8a85bba2ad8b37bbac71139075ce59081b626663c3dcddeb544fdfdc8b927700,False,
IBB,ETF,CERTIFIED_CURRENT_TICKER_WINDOW,MATERIALIZED_CERTIFIED_CURRENT_TICKER_WINDOW,2003-09-10,2004-11-16,2026-08-21,5774,300,5475,4d02339734c1bab174e5e7489483d96347a14f0bdf478f5509b7c2b30867ae04,False,
IBIT,ETF,CERTIFIED_CURRENT_TICKER_WINDOW,MATERIALIZED_CERTIFIED_CURRENT_TICKER_WINDOW,2024-01-11,2025-03-24,2026-08-21,655,300,356,803bcc40a3b28b31ace0d814e19847b0d9ff790eea6bd147adc7167e87e78efe,False,
IBKR,EQUITY,CERTIFIED_CURRENT_TICKER_WINDOW,MATERIALIZED_CERTIFIED_CURRENT_TICKER_WINDOW,2007-05-04,2008-07-11,2026-08-21,4856,300,4557,5a9a7bb7f41badd1417aaa552a893e3a4ff7b09b11791319d7df31fa2bc07979,False,
IBM,EQUITY,CERTIFIED_CURRENT_TICKER_WINDOW,MATERIALIZED_CERTIFIED_CURRENT_TICKER_WINDOW,2003-09-10,2004-11-16,2026-08-21,5774,300,5475,48a42e2ef63d303c8025f4161edc264f6770d2c904ef8ed7f2d435a55ad518a4,False,
ICE,EQUITY,CERTIFIED_CURRENT_TICKER_WINDOW,MATERIALIZED_CERTIFIED_CURRENT_TICKER_WINDOW,2005-11-16,2007-01-29,2026-08-21,5222,300,4923,55208bafe4b2e36b833d4d0b2383ebbc53de773e3c4c4625867d20ed3cb97022,False,
ICLN,ETF,CERTIFIED_CURRENT_TICKER_WINDOW,MATERIALIZED_CERTIFIED_CURRENT_TICKER_WINDOW,2008-06-25,2009-09-01,2026-08-21,4568,300,4269,d1c47356530a99623fe60ce7dee6ac973e02f9fde471580513a8b05d8a368aac,False,
IDXX,EQUITY,CERTIFIED_CURRENT_TICKER_WINDOW,MATERIALIZED_CERTIFIED_CURRENT_TICKER_WINDOW,2003-09-10,2004-11-16,2026-08-21,5774,300,5475,97a78460a07b543248445df69c76e6b39826c291c6e6fabac77d176e32459b73,False,
IEF,ETF,CERTIFIED_CURRENT_TICKER_WINDOW,MATERIALIZED_CERTIFIED_CURRENT_TICKER_WINDOW,2003-09-10,2004-11-16,2026-08-21,5774,300,5475,789e5e66fde48840bc3155d4d4d6a25f878db9ac8d43ebb42bfd7febff0f3848,False,
IEX,EQUITY,CERTIFIED_CURRENT_TICKER_WINDOW,MATERIALIZED_CERTIFIED_CURRENT_TICKER_WINDOW,2003-09-10,2004-11-16,2026-08-21,5774,300,5475,65e579e1f7001bdaea820e1df877b7909a9d38b3537a4a243ab73e0d00457327,False,
IFF,EQUITY,CERTIFIED_CURRENT_TICKER_WINDOW,MATERIALIZED_CERTIFIED_CURRENT_TICKER_WINDOW,2003-09-10,2004-11-16,2026-08-21,5774,300,5475,db962cfc0cbd665993f8f51f910df9460952bba786c89c431d2e62a40ba36acc,False,
IGV,ETF,CERTIFIED_CURRENT_TICKER_WINDOW,MATERIALIZED_CERTIFIED_CURRENT_TICKER_WINDOW,2003-09-10,2004-11-16,2026-08-21,5774,300,5475,13ff52000ea8f74bc6afcca48db915953c08de4b1510e08f7743178f56c4851a,False,
IHI,ETF,CERTIFIED_CURRENT_TICKER_WINDOW,MATERIALIZED_CERTIFIED_CURRENT_TICKER_WINDOW,2006-05-05,2007-07-16,2026-08-21,5106,300,4807,9946744f30a0445f7e581e87706e51b4c9429bc213664f84416262cecc3ed0e4,False,
INCY,EQUITY,CERTIFIED_CURRENT_TICKER_WINDOW,MATERIALIZED_CERTIFIED_CURRENT_TICKER_WINDOW,2003-09-10,2004-11-16,2026-08-21,5774,300,5475,4abc9fc4597eedcfdba2214e29e9211c83727ca3d3b4a16f3096e67ad8987da6,False,
INDA,ETF,CERTIFIED_CURRENT_TICKER_WINDOW,MATERIALIZED_CERTIFIED_CURRENT_TICKER_WINDOW,2012-02-03,2013-05-21,2026-08-21,3633,300,3334,47fbfd1bdaabc82f52373ec12f74ff4a5643f2e1e5d38352071ec7f6ed1a18f1,False,
INTC,EQUITY,CERTIFIED_CURRENT_TICKER_WINDOW,MATERIALIZED_CERTIFIED_CURRENT_TICKER_WINDOW,2003-09-10,2004-11-16,2026-08-21,5774,300,5475,3a60c7239e6f4ea92bdd8c1026cd4df15903a9a1b0f1569a3d8b701d9948303f,False,
INTU,EQUITY,CERTIFIED_CURRENT_TICKER_WINDOW,MATERIALIZED_CERTIFIED_CURRENT_TICKER_WINDOW,2003-09-10,2004-11-16,2026-08-21,5774,300,5475,cfe70ca1d53bfa217ac26d72353040be81f5e9618ecffee866e0305be2099593,False,
INVH,EQUITY,CERTIFIED_CURRENT_TICKER_WINDOW,MATERIALIZED_CERTIFIED_CURRENT_TICKER_WINDOW,2017-02-01,2018-04-11,2026-08-21,2402,300,2103,037c36654cb52de7cb73fe48ae5c9b2876c8ed0a572d7a32538552573d3f583d,False,
IP,EQUITY,CERTIFIED_CURRENT_TICKER_WINDOW,MATERIALIZED_CERTIFIED_CURRENT_TICKER_WINDOW,2003-09-10,2004-11-16,2026-08-21,5774,300,5475,e3e63ccce827899bb27370f91777935e0084d074bdf6b4687bed99aa0151dd18,False,
IQV,EQUITY,CERTIFIED_CURRENT_TICKER_WINDOW,MATERIALIZED_CERTIFIED_CURRENT_TICKER_WINDOW,2017-11-15,2019-01-28,2026-08-21,2202,300,1903,8144c8d1f7ac2b5972372e238575a8d3f25c70886d871cb53a655c15e15b4e9b,False,
IR,EQUITY,CERTIFIED_CURRENT_TICKER_WINDOW,MATERIALIZED_CERTIFIED_CURRENT_TICKER_WINDOW,2017-05-12,2018-07-20,2026-08-21,2332,300,2033,d627a3fc74085dcb1897c9a417be09116851b8136d95cce945d0b110a6c019bb,False,
IRM,EQUITY,CERTIFIED_CURRENT_TICKER_WINDOW,MATERIALIZED_CERTIFIED_CURRENT_TICKER_WINDOW,2003-09-10,2004-11-16,2026-08-21,5774,300,5475,bcca7cab83515aeec6e2db1cbb5cd9f44f6ff866262b03a7d142b9578934fe55,False,
ISRG,EQUITY,CERTIFIED_CURRENT_TICKER_WINDOW,MATERIALIZED_CERTIFIED_CURRENT_TICKER_WINDOW,2003-09-10,2004-11-16,2026-08-21,5774,300,5475,c51c24b3bca1bbd358bacdc2edfa6fa59bc9a084ec4757663ce3abbfa1861ba6,False,
IT,EQUITY,CERTIFIED_CURRENT_TICKER_WINDOW,MATERIALIZED_CERTIFIED_CURRENT_TICKER_WINDOW,2003-09-10,2004-11-16,2026-08-21,5774,300,5475,d0e3f1353bfed64b2e4cec77f3a2417330f093591b96fe0f1a1cdd059797f6f7,False,
ITB,ETF,CERTIFIED_CURRENT_TICKER_WINDOW,MATERIALIZED_CERTIFIED_CURRENT_TICKER_WINDOW,2006-05-05,2007-07-16,2026-08-21,5106,300,4807,78188f56e906ab0bd18c7c5a922bcfa8590daf8a706579b6a5555880543c4679,False,
ITOT,ETF,CERTIFIED_CURRENT_TICKER_WINDOW,MATERIALIZED_CERTIFIED_CURRENT_TICKER_WINDOW,2012-10-18,2013-12-30,2026-08-21,3479,300,3180,0fb63dfb007358b531997d69a5cf12e1b7d728518b69a34a64655eba0f05de0b,False,
ITW,EQUITY,CERTIFIED_CURRENT_TICKER_WINDOW,MATERIALIZED_CERTIFIED_CURRENT_TICKER_WINDOW,2003-09-10,2004-11-16,2026-08-21,5774,300,5475,ac76ad3a2e8bf345a8319fc50e78d5195d5feaf3fd1e1e1f0bbc3a6bb19c8dda,False,
IVV,ETF,CERTIFIED_CURRENT_TICKER_WINDOW,MATERIALIZED_CERTIFIED_CURRENT_TICKER_WINDOW,2003-09-10,2004-11-16,2026-08-21,5774,300,5475,08752fe36cf501e1451818af798eae8f2b4ef01e1a276285061a17a6511e406f,False,
IVZ,EQUITY,CERTIFIED_CURRENT_TICKER_WINDOW,MATERIALIZED_CERTIFIED_CURRENT_TICKER_WINDOW,2007-05-24,2008-07-31,2026-08-21,4842,300,4543,f0d29100b68b090de053ac0d9902298e98f8d7aaa74c2bfa9bcf5a6211312123,False,
IWD,ETF,CERTIFIED_CURRENT_TICKER_WINDOW,MATERIALIZED_CERTIFIED_CURRENT_TICKER_WINDOW,2003-09-10,2004-11-16,2026-08-21,5774,300,5475,cf3d0d5f745b3b09cc74313d28b7c91ee809d3b76c67fdd44b8081244ed179b9,False,
IWF,ETF,CERTIFIED_CURRENT_TICKER_WINDOW,MATERIALIZED_CERTIFIED_CURRENT_TICKER_WINDOW,2003-09-10,2004-11-16,2026-08-21,5774,300,5475,d11ae29bea02e5bb029ed3b19a0035d10822d29b7900a8528766d1e1d1fd7cf4,False,
IWM,ETF,CERTIFIED_CURRENT_TICKER_WINDOW,MATERIALIZED_CERTIFIED_CURRENT_TICKER_WINDOW,2003-09-10,2004-11-16,2026-08-21,5774,300,5475,150a28ba64efbf93e1f00786bdf16348d1d06386799c80eb3dfa81a6af637379,False,
IYR,ETF,CERTIFIED_CURRENT_TICKER_WINDOW,MATERIALIZED_CERTIFIED_CURRENT_TICKER_WINDOW,2003-09-10,2004-11-16,2026-08-21,5774,300,5475,16e512878583888cdb24690ba4d506a444a90ff95fc71980fabb6a71a91ac211,False,
J,EQUITY,CERTIFIED_CURRENT_TICKER_WINDOW,MATERIALIZED_CERTIFIED_CURRENT_TICKER_WINDOW,2019-12-10,2021-02-18,2026-08-21,1683,300,1384,2d238970cb23145f934bd5099ac4a4545ee4941752d38c4dbeebeec4f7fb3bdc,False,
JBHT,EQUITY,CERTIFIED_CURRENT_TICKER_WINDOW,MATERIALIZED_CERTIFIED_CURRENT_TICKER_WINDOW,2003-09-10,2004-11-16,2026-08-21,5774,300,5475,c8a8f945c70213251224e42b0cebd51d007938f1970ec72fd68d182d642d2207,False,
JBL,EQUITY,CERTIFIED_CURRENT_TICKER_WINDOW,MATERIALIZED_CERTIFIED_CURRENT_TICKER_WINDOW,2003-09-10,2004-11-16,2026-08-21,5774,300,5475,febfe940114b8b3f2a40603d4379a8d01e1d9d910f9817b1e1bd153f55c81b19,False,
JCI,EQUITY,CERTIFIED_CURRENT_TICKER_WINDOW,MATERIALIZED_CERTIFIED_CURRENT_TICKER_WINDOW,2003-09-10,2004-11-16,2026-08-21,5774,300,5475,6395f21dd9552e2c0783d01c215c63bdb46f613ec6807aff53eca63d1809d674,False,
JEPI,ETF,CERTIFIED_CURRENT_TICKER_WINDOW,MATERIALIZED_CERTIFIED_CURRENT_TICKER_WINDOW,2020-05-21,2021-07-29,2026-08-21,1571,300,1272,33ef77b90308be1f2b5e6c44f69d3eabbaabc8ca139d7034d365cccf14341fbc,False,
JEPQ,ETF,CERTIFIED_CURRENT_TICKER_WINDOW,MATERIALIZED_CERTIFIED_CURRENT_TICKER_WINDOW,2022-05-04,2023-07-14,2026-08-21,1079,300,780,099e76fdaf0ebf6420f66aaa1e0e1bea33f06fd9787b2be702a5149011651d7c,False,
JETS,ETF,CERTIFIED_CURRENT_TICKER_WINDOW,MATERIALIZED_CERTIFIED_CURRENT_TICKER_WINDOW,2015-04-30,2016-07-07,2026-08-21,2845,300,2546,d9b20bf90502a389eff3db2ba0a17c8382498482bb42ea2d0f96cc3d0a6de710,False,
JKHY,EQUITY,CERTIFIED_CURRENT_TICKER_WINDOW,MATERIALIZED_CERTIFIED_CURRENT_TICKER_WINDOW,2003-09-10,2004-11-16,2026-08-21,5774,300,5475,afbd6d749a121b2b760775f50c4c4ae81b43177206d5be392d1b7b7c28c6d448,False,
JNJ,EQUITY,CERTIFIED_CURRENT_TICKER_WINDOW,MATERIALIZED_CERTIFIED_CURRENT_TICKER_WINDOW,2003-09-10,2004-11-16,2026-08-21,5774,300,5475,9feda72a6b9d4aaafdfbcc0b1e743eb3835b6abba92bafcb3afb2f2bffa4a8cb,False,
JPM,EQUITY,CERTIFIED_CURRENT_TICKER_WINDOW,MATERIALIZED_CERTIFIED_CURRENT_TICKER_WINDOW,2003-09-10,2004-11-16,2026-08-21,5774,300,5475,a43e82f45bf9c8a6c9d8c0500627b52f9a7e6679e66c8e1589c4e0daeb0d9ae3,False,
KBE,ETF,CERTIFIED_CURRENT_TICKER_WINDOW,MATERIALIZED_CERTIFIED_CURRENT_TICKER_WINDOW,2005-11-15,2007-01-26,2026-08-21,5223,300,4924,ebb789306bb246448a776fab5c503a0b2725622b9605a6c510f7ee0c953131e0,False,
KDP,EQUITY,CERTIFIED_CURRENT_TICKER_WINDOW,MATERIALIZED_CERTIFIED_CURRENT_TICKER_WINDOW,2018-07-10,2019-09-17,2026-08-21,2041,300,1742,d18ace8a9e4c436e4fbdccd2a33ba66fae8fffdda3098a43f97377ecf32da0aa,False,
KEY,EQUITY,CERTIFIED_CURRENT_TICKER_WINDOW,MATERIALIZED_CERTIFIED_CURRENT_TICKER_WINDOW,2003-09-10,2004-11-16,2026-08-21,5774,300,5475,7cecb9328b88dbf126af3411c824baa935e5e83246d6d77cd3df215329f933e3,False,
KEYS,EQUITY,CERTIFIED_CURRENT_TICKER_WINDOW,MATERIALIZED_CERTIFIED_CURRENT_TICKER_WINDOW,2014-11-03,2016-01-12,2026-08-21,2967,300,2668,8680c932ccd74b396125cefe652a42c0f87a78ef56ed10de98ad30b6a36ebcc8,False,
KHC,EQUITY,CERTIFIED_CURRENT_TICKER_WINDOW,MATERIALIZED_CERTIFIED_CURRENT_TICKER_WINDOW,2015-07-06,2016-09-09,2026-08-21,2800,300,2501,b4b5a01a7d534b5144696c7ef4e58cf69f60c6fb2f6a43dec5664c0ac03f7743,False,
KIM,EQUITY,CERTIFIED_CURRENT_TICKER_WINDOW,MATERIALIZED_CERTIFIED_CURRENT_TICKER_WINDOW,2003-09-10,2004-11-16,2026-08-21,5774,300,5475,b5b453bb581cdd5373ab8a5014abae577466581edcf5e0ccc0bf5d4d9be86d7f,False,
KKR,EQUITY,CERTIFIED_CURRENT_TICKER_WINDOW,MATERIALIZED_CERTIFIED_CURRENT_TICKER_WINDOW,2010-07-15,2011-09-20,2026-08-21,4051,300,3752,55b05f5ea7014004c9f91be6f3493a7a7375ee05d51189cc6a519381077c97d2,False,
KLAC,EQUITY,CERTIFIED_CURRENT_TICKER_WINDOW,MATERIALIZED_CERTIFIED_CURRENT_TICKER_WINDOW,2003-09-10,2004-11-16,2026-08-21,5774,300,5475,6b535df855afea65f1e2251efeb603225f9f7f365e5b45d16c4e0687aaf4045b,False,
KMB,EQUITY,CERTIFIED_CURRENT_TICKER_WINDOW,MATERIALIZED_CERTIFIED_CURRENT_TICKER_WINDOW,2003-09-10,2004-11-16,2026-08-21,5774,300,5475,d63695042639410203606f7f4718d9b2de25336da0e60c9f1d62444b26d8ad51,False,
KMI,EQUITY,CERTIFIED_CURRENT_TICKER_WINDOW,MATERIALIZED_CERTIFIED_CURRENT_TICKER_WINDOW,2011-02-11,2012-04-20,2026-08-21,3904,300,3605,c4da78ee6958ddb3cf2912c1afe717fd5c04160ae28996610e5160a026b35c98,False,
KO,EQUITY,CERTIFIED_CURRENT_TICKER_WINDOW,MATERIALIZED_CERTIFIED_CURRENT_TICKER_WINDOW,2003-09-10,2004-11-16,2026-08-21,5774,300,5475,ed42ad5980f2c66bfdebf511c46b0b60c2142e76bd2c5649ce362ee99f38ce72,False,
KR,EQUITY,CERTIFIED_CURRENT_TICKER_WINDOW,MATERIALIZED_CERTIFIED_CURRENT_TICKER_WINDOW,2003-09-10,2004-11-16,2026-08-21,5774,300,5475,9935ae8656522cbec00e3609c5d4664131e527f72c4360d7ae132ee0e3aa0ee1,False,
KRE,ETF,CERTIFIED_CURRENT_TICKER_WINDOW,MATERIALIZED_CERTIFIED_CURRENT_TICKER_WINDOW,2006-06-22,2007-08-30,2026-08-21,5073,300,4774,dbaed6ed30fb49490863a6dedfd1b28530d58dfd5941253afd324aa9d47e1ae0,False,
KVUE,EQUITY,CERTIFIED_CURRENT_TICKER_WINDOW,MATERIALIZED_CERTIFIED_CURRENT_TICKER_WINDOW,2023-05-04,2024-07-15,2026-08-21,828,300,529,eb604c108bf382d06bdfd7719aac3878cd5c7dc9276ead095673947cbe216022,False,
KWEB,ETF,CERTIFIED_CURRENT_TICKER_WINDOW,MATERIALIZED_CERTIFIED_CURRENT_TICKER_WINDOW,2013-08-01,2014-10-17,2026-08-21,3277,300,2978,e35d5a969647399655a8b77b91dcd3ebd1052f0c20f636abdaca166b4f887161,False,
L,EQUITY,CERTIFIED_CURRENT_TICKER_WINDOW,MATERIALIZED_CERTIFIED_CURRENT_TICKER_WINDOW,2008-06-24,2009-08-31,2026-08-21,4569,300,4270,b8399a681314c00a39033a83e060af7f9817d2f1804ceda03724ee7d1e9a0d48,False,
LDOS,EQUITY,CERTIFIED_CURRENT_TICKER_WINDOW,MATERIALIZED_CERTIFIED_CURRENT_TICKER_WINDOW,2013-09-30,2014-12-05,2026-08-21,3243,300,2944,f04d82ac3150a7e8a351157901aef57cba74ad49fb15c1e9ada6cee749bc1715,False,
LEN,EQUITY,CERTIFIED_CURRENT_TICKER_WINDOW,MATERIALIZED_CERTIFIED_CURRENT_TICKER_WINDOW,2003-09-10,2004-11-16,2026-08-21,5774,300,5475,e4d0ea2811e8b33b85d4bf8f9a00493acf5e59789895dbab36b08506fa19d80c,False,
LH,EQUITY,CERTIFIED_CURRENT_TICKER_WINDOW,MATERIALIZED_CERTIFIED_CURRENT_TICKER_WINDOW,2003-09-10,2004-11-16,2026-08-21,5774,300,5475,6cab1c01109329bf24b3d1c79b60a41d3de307f40a10f0169354337a252175ba,False,
LHX,EQUITY,CERTIFIED_CURRENT_TICKER_WINDOW,MATERIALIZED_CERTIFIED_CURRENT_TICKER_WINDOW,2019-07-01,2020-09-04,2026-08-21,1796,300,1497,9635673d1dd2d6e9c16f9bea7efcf0134e9e7517f641dd7bc9e4922a5dc16981,False,
LII,EQUITY,CERTIFIED_CURRENT_TICKER_WINDOW,MATERIALIZED_CERTIFIED_CURRENT_TICKER_WINDOW,2003-09-10,2004-11-16,2026-08-21,5774,300,5475,bf47f877e24e25b44060fe1a45dd686e08e66778e22e74655b5405d2cc6c36ad,False,
LIN,EQUITY,CERTIFIED_CURRENT_TICKER_WINDOW,MATERIALIZED_CERTIFIED_CURRENT_TICKER_WINDOW,2003-09-10,2004-11-16,2026-08-21,2926,300,2627,31118cfa351ca3dc7ab3fc2c42d31099ee7725d63a19e01a5497073bb7f17d85,False,
LITE,EQUITY,CERTIFIED_CURRENT_TICKER_WINDOW,MATERIALIZED_CERTIFIED_CURRENT_TICKER_WINDOW,2015-08-04,2016-10-10,2026-08-21,2779,300,2480,0560aa7e1903413e40383d6317be4f8e2e4288d5b0132d6271e87e0975216faa,False,
LLY,EQUITY,CERTIFIED_CURRENT_TICKER_WINDOW,MATERIALIZED_CERTIFIED_CURRENT_TICKER_WINDOW,2003-09-10,2004-11-16,2026-08-21,5774,300,5475,163ff82248367b25ad08a67ae41a53dcd04800c5bbd46cc082cd94de9b4393b4,False,
LMT,EQUITY,CERTIFIED_CURRENT_TICKER_WINDOW,MATERIALIZED_CERTIFIED_CURRENT_TICKER_WINDOW,2003-09-10,2004-11-16,2026-08-21,5774,300,5475,0e4ff7fe2e884e3eaf731175d9561f4def2f647b5441e9927074d9ce3083f370,False,
LNT,EQUITY,CERTIFIED_CURRENT_TICKER_WINDOW,MATERIALIZED_CERTIFIED_CURRENT_TICKER_WINDOW,2003-09-10,2004-11-16,2026-08-21,5774,300,5475,5e869867e3dfab444cf8a15b46a638160caeacf24707bf1280a972a2e2cc11bf,False,
LOW,EQUITY,CERTIFIED_CURRENT_TICKER_WINDOW,MATERIALIZED_CERTIFIED_CURRENT_TICKER_WINDOW,2003-09-10,2004-11-16,2026-08-21,5774,300,5475,0c88a7dbd68932c03eb686ef49c1cc08555dbc2583560a688936c3eb0246abc9,False,
LQD,ETF,CERTIFIED_CURRENT_TICKER_WINDOW,MATERIALIZED_CERTIFIED_CURRENT_TICKER_WINDOW,2003-09-10,2004-11-16,2026-08-21,5774,300,5475,c6de97772dade84eb6b46233a55bdbd733106955cc2a4f48f88ed2a2c3c8efc1,False,
LRCX,EQUITY,CERTIFIED_CURRENT_TICKER_WINDOW,MATERIALIZED_CERTIFIED_CURRENT_TICKER_WINDOW,2003-09-10,2004-11-16,2026-08-21,5774,300,5475,14b2c40170b40c0d570a3f274cf771a7925fd5d7c9e0fd92446658396d3b4bcd,False,
LULU,EQUITY,CERTIFIED_CURRENT_TICKER_WINDOW,MATERIALIZED_CERTIFIED_CURRENT_TICKER_WINDOW,2007-07-30,2008-10-03,2026-08-21,4797,300,4498,9ad13adec0073798ffa4cbab9f682a80e1b2b57892375586de570ed86a094e18,False,
LUV,EQUITY,CERTIFIED_CURRENT_TICKER_WINDOW,MATERIALIZED_CERTIFIED_CURRENT_TICKER_WINDOW,2003-09-10,2004-11-16,2026-08-21,5774,300,5475,acba0b2d1823ef3ed3921e338973df07c3ef794cafd63b8dc5d6030694aabb8f,False,
LVS,EQUITY,CERTIFIED_CURRENT_TICKER_WINDOW,MATERIALIZED_CERTIFIED_CURRENT_TICKER_WINDOW,2004-12-15,2006-02-23,2026-08-21,5455,300,5156,ad610ac34e621dc710ac15f3b34594e66c17e8c0437036b65d8c5b2906f1d5b3,False,
LYB,EQUITY,CERTIFIED_CURRENT_TICKER_WINDOW,MATERIALIZED_CERTIFIED_CURRENT_TICKER_WINDOW,2010-10-14,2011-12-20,2026-08-21,3987,300,3688,bf294fd12f3f65610851b0e9c9c046b04b7217da464a87195331f983289f1d40,False,
LYV,EQUITY,CERTIFIED_CURRENT_TICKER_WINDOW,MATERIALIZED_CERTIFIED_CURRENT_TICKER_WINDOW,2005-12-22,2007-03-06,2026-08-21,5197,300,4898,7b8aab72688fb435ad8494af9dbc51cd26b8ca7774894f70174a50250b7d323b,False,
MA,EQUITY,CERTIFIED_CURRENT_TICKER_WINDOW,MATERIALIZED_CERTIFIED_CURRENT_TICKER_WINDOW,2006-05-25,2007-08-03,2026-08-21,5092,300,4793,6573be4181aca85d0814253b62d6c4dfb6c5d9f2731047ab44a539a4ca367d55,False,
MAA,EQUITY,CERTIFIED_CURRENT_TICKER_WINDOW,MATERIALIZED_CERTIFIED_CURRENT_TICKER_WINDOW,2003-09-10,2004-11-16,2026-08-21,5774,300,5475,bbe627d76a7541e76132f0b75613e8b47c6c06058a74d614f6829a1acd1fead3,False,
MAR,EQUITY,CERTIFIED_CURRENT_TICKER_WINDOW,MATERIALIZED_CERTIFIED_CURRENT_TICKER_WINDOW,2003-09-10,2004-11-16,2026-08-21,5774,300,5475,083b76bb07e093c9bee37efd8999838afc66dd8807c99f610e0f8956499cfd4d,False,
MAS,EQUITY,CERTIFIED_CURRENT_TICKER_WINDOW,MATERIALIZED_CERTIFIED_CURRENT_TICKER_WINDOW,2003-09-10,2004-11-16,2026-08-21,5774,300,5475,7c83a671ca0fd8c267967e284c662416d1efddd9ff690f1c6e00a42d478bd900,False,
MCD,EQUITY,CERTIFIED_CURRENT_TICKER_WINDOW,MATERIALIZED_CERTIFIED_CURRENT_TICKER_WINDOW,2003-09-10,2004-11-16,2026-08-21,5774,300,5475,a462c06a00a89987137886c1a0d1d214aab3ad3be477e109a8528a81448aee63,False,
MCHP,EQUITY,CERTIFIED_CURRENT_TICKER_WINDOW,MATERIALIZED_CERTIFIED_CURRENT_TICKER_WINDOW,2003-09-10,2004-11-16,2026-08-21,5774,300,5475,887baf91fcb229d611cdc090d061f93812346a242e9add18cff6e1cecf36aaa9,False,
MCK,EQUITY,CERTIFIED_CURRENT_TICKER_WINDOW,MATERIALIZED_CERTIFIED_CURRENT_TICKER_WINDOW,2003-09-10,2004-11-16,2026-08-21,5774,300,5475,40869219fe0b061b74d428295fb6eaf6df510628c6919000d87c6a2c16d1bb45,False,
MCO,EQUITY,CERTIFIED_CURRENT_TICKER_WINDOW,MATERIALIZED_CERTIFIED_CURRENT_TICKER_WINDOW,2003-09-10,2004-11-16,2026-08-21,5774,300,5475,d67cffa90c11b37525f9849a9931a22ee7e63ef15f945d1458ea6ae595ba49e5,False,
MDLZ,EQUITY,CERTIFIED_CURRENT_TICKER_WINDOW,MATERIALIZED_CERTIFIED_CURRENT_TICKER_WINDOW,2012-10-02,2013-12-11,2026-08-21,3491,300,3192,21e2085f30eabf6f8ff1a7b1f4473ab234e4bba4c98f92fe4f538e3cf14934c4,False,
MDT,EQUITY,CERTIFIED_CURRENT_TICKER_WINDOW,MATERIALIZED_CERTIFIED_CURRENT_TICKER_WINDOW,2003-09-10,2004-11-16,2026-08-21,5774,300,5475,2873745713d4965ff708f9e8f467b553e94812a2381eae416c07ea6e76f4e62c,False,
MELI,EQUITY,CERTIFIED_CURRENT_TICKER_WINDOW,MATERIALIZED_CERTIFIED_CURRENT_TICKER_WINDOW,2007-08-10,2008-10-16,2026-08-21,4788,300,4489,9dcfb069d72803f15a4eaaa268f2e3d59c854c2247cb3db433db3fbb11259a5e,False,
MET,EQUITY,CERTIFIED_CURRENT_TICKER_WINDOW,MATERIALIZED_CERTIFIED_CURRENT_TICKER_WINDOW,2003-09-10,2004-11-16,2026-08-21,5774,300,5475,a28f3df7cd4b32afd2dc8d52d754808e61654642d25bdfaab025f442c5cd37d8,False,
META,EQUITY,CERTIFIED_CURRENT_TICKER_WINDOW,MATERIALIZED_CERTIFIED_CURRENT_TICKER_WINDOW,2022-06-09,2023-08-18,2026-08-21,1054,300,755,dc4d325502dfebc4d37fa22dfde40bdf23fe04f3c9ac9e4c8381e672ad8e35d0,False,
MGM,EQUITY,CERTIFIED_CURRENT_TICKER_WINDOW,MATERIALIZED_CERTIFIED_CURRENT_TICKER_WINDOW,2005-05-02,2006-07-10,2026-08-21,5361,300,5062,59936e7c67c710b5d3afa9ce6203d7fa4b73d8b21b647b244f787e781919aeb1,False,
MKC,EQUITY,CERTIFIED_CURRENT_TICKER_WINDOW,MATERIALIZED_CERTIFIED_CURRENT_TICKER_WINDOW,2003-09-10,2004-11-16,2026-08-21,5774,300,5475,012c15882597b557107f15c4aa7663a230b7ffe9b4d91df12e6353e9c7552e02,False,
MLM,EQUITY,CERTIFIED_CURRENT_TICKER_WINDOW,MATERIALIZED_CERTIFIED_CURRENT_TICKER_WINDOW,2003-09-10,2004-11-16,2026-08-21,5774,300,5475,903387982533fb24372b89904086bc638612f9c8e1e5c7c9dc8da6ab7f4bbcf3,False,
MMM,EQUITY,CERTIFIED_CURRENT_TICKER_WINDOW,MATERIALIZED_CERTIFIED_CURRENT_TICKER_WINDOW,2003-09-10,2004-11-16,2026-08-21,5774,300,5475,18b7d02bda49135c747ae67fd78978491611e7fbaf3e02d6bee8342feee88a8f,False,
MNST,EQUITY,CERTIFIED_CURRENT_TICKER_WINDOW,MATERIALIZED_CERTIFIED_CURRENT_TICKER_WINDOW,2003-09-10,2004-11-16,2026-08-21,4978,300,4679,cf2986c8f5dfc81f304c11d6231ec858a2fec048879d5da7f44483937e70b8eb,False,
MO,EQUITY,CERTIFIED_CURRENT_TICKER_WINDOW,MATERIALIZED_CERTIFIED_CURRENT_TICKER_WINDOW,2003-09-10,2004-11-16,2026-08-21,5774,300,5475,07cd714f4c2bfad01a1fc9869d2d4b3e3cb4c0979b5c6dd45e62df8f15f2cbb6,False,
MOS,EQUITY,CERTIFIED_CURRENT_TICKER_WINDOW,MATERIALIZED_CERTIFIED_CURRENT_TICKER_WINDOW,2004-10-25,2005-12-30,2026-08-21,5491,300,5192,c6424e055edee699d580a52245beaf8542221bd3ffe048998647e19f1ac85f79,False,
MPC,EQUITY,CERTIFIED_CURRENT_TICKER_WINDOW,MATERIALIZED_CERTIFIED_CURRENT_TICKER_WINDOW,2011-07-01,2012-09-07,2026-08-21,3807,300,3508,0296070de57e3023884fb5423461a1b3e6b6c72c34c9e61131eb7840ff9a0464,False,
MPWR,EQUITY,CERTIFIED_CURRENT_TICKER_WINDOW,MATERIALIZED_CERTIFIED_CURRENT_TICKER_WINDOW,2004-11-19,2006-06-08,2026-08-21,5382,300,5083,c3a1bef197c9b2621c7c667a4618ad4d47d760af1d8b831fc8197fb9fd1acdf8,False,
MRK,EQUITY,CERTIFIED_CURRENT_TICKER_WINDOW,MATERIALIZED_CERTIFIED_CURRENT_TICKER_WINDOW,2003-09-10,2004-11-16,2026-08-21,5774,300,5475,0f9bf1089f78ab4e6ba875a6d887e0c0d59151eed5a1fa464142d012e08a91a5,False,
MRNA,EQUITY,CERTIFIED_CURRENT_TICKER_WINDOW,MATERIALIZED_CERTIFIED_CURRENT_TICKER_WINDOW,2018-12-07,2020-02-18,2026-08-21,1936,300,1637,7a8f679c2d1fff17cc80f18f20be41d9337b66c406e7a1526112fb2d4dd788ec,False,
MRSH,EQUITY,BLOCKED_INSUFFICIENT_POST_ANCHOR_WARMUP,CARRIED_FORWARD_BLOCKED_NO_POLYGON_MATERIALIZATION,,,,,,,,False,PREDECESSOR_LINEAGE_JOIN_NOT_AUTHORIZED|INSUFFICIENT_POST_ANCHOR_WARMUP
MRVL,EQUITY,CERTIFIED_CURRENT_TICKER_WINDOW,MATERIALIZED_CERTIFIED_CURRENT_TICKER_WINDOW,2003-09-10,2004-11-16,2026-08-21,5774,300,5475,3b508c3538f40e8deccf3ed050ed7fecfe344e2b4b4f003351f2069110318470,False,
MS,EQUITY,CERTIFIED_CURRENT_TICKER_WINDOW,MATERIALIZED_CERTIFIED_CURRENT_TICKER_WINDOW,2006-01-17,2007-03-27,2026-08-21,5182,300,4883,1898b41f1b8359d432ad6a0697ae9adfb860a3bcd1138a338610ba12d895efcd,False,
MSCI,EQUITY,CERTIFIED_CURRENT_TICKER_WINDOW,MATERIALIZED_CERTIFIED_CURRENT_TICKER_WINDOW,2010-07-07,2011-09-12,2026-08-21,4057,300,3758,f68a08fd500ea59e42f78e421633ed7935e7ffdf683c00eb226e475d3bae8b45,False,
MSFT,EQUITY,CERTIFIED_CURRENT_TICKER_WINDOW,MATERIALIZED_CERTIFIED_CURRENT_TICKER_WINDOW,2003-09-10,2004-11-16,2026-08-21,5774,300,5475,1f5c372775887f35b482071ebce93edb6e92257c144fe577beae8e7963c895b9,False,
MSI,EQUITY,CERTIFIED_CURRENT_TICKER_WINDOW,MATERIALIZED_CERTIFIED_CURRENT_TICKER_WINDOW,2003-09-10,2004-11-16,2026-08-21,5014,300,4715,a152078e87466f0cae070fd3a37b814ddcba7dbccccbb6b6df5fd119813d5772,False,
MSTR,EQUITY,CERTIFIED_CURRENT_TICKER_WINDOW,MATERIALIZED_CERTIFIED_CURRENT_TICKER_WINDOW,2003-09-10,2004-11-16,2026-08-21,5774,300,5475,e47aabbb09d1fbaba7c0e4e353d3ffe9feb40b2ed51ad576ea37f74c4c8fed85,False,
MTB,EQUITY,CERTIFIED_CURRENT_TICKER_WINDOW,MATERIALIZED_CERTIFIED_CURRENT_TICKER_WINDOW,2003-09-10,2004-11-16,2026-08-21,5774,300,5475,8141360aa025c6cddd3cba0e0610eeae04b38f397192edf913b0bbb83929aecc,False,
MTD,EQUITY,CERTIFIED_CURRENT_TICKER_WINDOW,MATERIALIZED_CERTIFIED_CURRENT_TICKER_WINDOW,2003-09-10,2004-11-16,2026-08-21,5774,300,5475,91d63633da10eed7f9c525b345433e419c46817b2b1289d284cc67b4eae7992a,False,
MTUM,ETF,CERTIFIED_CURRENT_TICKER_WINDOW,MATERIALIZED_CERTIFIED_CURRENT_TICKER_WINDOW,2013-04-18,2014-06-27,2026-08-21,3355,300,3056,ac6548912c2fc00ef583e54d4ada8f384d129c7e3571c5e5ac308ce2e5223670,False,
MU,EQUITY,CERTIFIED_CURRENT_TICKER_WINDOW,MATERIALIZED_CERTIFIED_CURRENT_TICKER_WINDOW,2003-09-10,2004-11-16,2026-08-21,5774,300,5475,cdb6a92359788f3d8bc4c2001c16f953205f2cd261ce6348589fdf25b0508df7,False,
NBIS,EQUITY,CERTIFIED_CURRENT_TICKER_WINDOW,MATERIALIZED_CERTIFIED_CURRENT_TICKER_WINDOW,2024-10-21,2025-12-31,2026-08-21,460,300,161,0629cded93493328bf42181a11784b9bc20019b3916e9689dc538d93156be391,False,
NCLH,EQUITY,CERTIFIED_CURRENT_TICKER_WINDOW,MATERIALIZED_CERTIFIED_CURRENT_TICKER_WINDOW,2013-01-18,2014-03-28,2026-08-21,3418,300,3119,629737b407dfe635e6b2b9dfe4c6396de9a7769e91e9efb565911c1314c689a2,False,
NDAQ,EQUITY,CERTIFIED_CURRENT_TICKER_WINDOW,MATERIALIZED_CERTIFIED_CURRENT_TICKER_WINDOW,2005-02-10,2006-04-20,2026-08-21,5416,300,5117,328d1cd805b8e9075bf689ed1138065d85dbebfac0296cf8053913ddca73e355,False,
NDSN,EQUITY,CERTIFIED_CURRENT_TICKER_WINDOW,MATERIALIZED_CERTIFIED_CURRENT_TICKER_WINDOW,2003-09-10,2004-11-16,2026-08-21,5774,300,5475,85f555d3d5b36ad10a7b4c63c8ca50488bde1d8630643618a2488459766eb069,False,
NEE,EQUITY,CERTIFIED_CURRENT_TICKER_WINDOW,MATERIALIZED_CERTIFIED_CURRENT_TICKER_WINDOW,2010-06-23,2011-08-29,2026-08-21,4066,300,3767,bbb8785539d010e0c10fac72de5518baa50d0987718ad0856263d6f090fba468,False,
NEM,EQUITY,CERTIFIED_CURRENT_TICKER_WINDOW,MATERIALIZED_CERTIFIED_CURRENT_TICKER_WINDOW,2003-09-10,2004-11-16,2026-08-21,5774,300,5475,cdf1ece411a00b038875e598ad4e5a411b959ee88c700101b1385b103e2d118e,False,
NFLX,EQUITY,CERTIFIED_CURRENT_TICKER_WINDOW,MATERIALIZED_CERTIFIED_CURRENT_TICKER_WINDOW,2003-09-10,2004-11-16,2026-08-21,5774,300,5475,9be3855b983b2e65ef2a5dab4998a47f1f75bfc11a35c0edd1ad39cea051845a,False,
NI,EQUITY,CERTIFIED_CURRENT_TICKER_WINDOW,MATERIALIZED_CERTIFIED_CURRENT_TICKER_WINDOW,2003-09-10,2004-11-16,2026-08-21,5774,300,5475,fdf846651b544b1943e8a495d9fe0f7ce35363de3b146f6b4e61fcd653f61d97,False,
NKE,EQUITY,CERTIFIED_CURRENT_TICKER_WINDOW,MATERIALIZED_CERTIFIED_CURRENT_TICKER_WINDOW,2003-09-10,2004-11-16,2026-08-21,5774,300,5475,554bc2ac978a99c89eb3d385659639b89b2614eecc6e95abfbde872e25d7c6aa,False,
NOC,EQUITY,CERTIFIED_CURRENT_TICKER_WINDOW,MATERIALIZED_CERTIFIED_CURRENT_TICKER_WINDOW,2003-09-10,2004-11-16,2026-08-21,5774,300,5475,c17d6d7ceff9b5f5c8964210cb25339d346fa2ac98f029a2501d6e14f3e1a57c,False,
NOW,EQUITY,CERTIFIED_CURRENT_TICKER_WINDOW,MATERIALIZED_CERTIFIED_CURRENT_TICKER_WINDOW,2012-06-29,2013-09-10,2026-08-21,3556,300,3257,8865c6c449604d8850986acc0e401e43c8b4b78f79491abc27b26f474a5638ee,False,
NRG,EQUITY,CERTIFIED_CURRENT_TICKER_WINDOW,MATERIALIZED_CERTIFIED_CURRENT_TICKER_WINDOW,2004-03-25,2005-06-02,2026-08-21,5638,300,5339,3fc4acf3e3ece8b5cecfbcb02e6fb30367c3176f9d7e3d53884271ec5db82e97,False,
NSC,EQUITY,CERTIFIED_CURRENT_TICKER_WINDOW,MATERIALIZED_CERTIFIED_CURRENT_TICKER_WINDOW,2003-09-10,2004-11-16,2026-08-21,5774,300,5475,48dbd1a7f3e4173f0a3868c109fa8bb8b09d2e97c4a40e4516ed7abdbbe53b96,False,
NTAP,EQUITY,CERTIFIED_CURRENT_TICKER_WINDOW,MATERIALIZED_CERTIFIED_CURRENT_TICKER_WINDOW,2003-09-10,2004-11-16,2026-08-21,5774,300,5475,71986d42e9a8d4dd98352a9c196890b8fdc6ce320bcfa1050f5c1a208053a9a0,False,
NTRS,EQUITY,CERTIFIED_CURRENT_TICKER_WINDOW,MATERIALIZED_CERTIFIED_CURRENT_TICKER_WINDOW,2003-09-10,2004-11-16,2026-08-21,5774,300,5475,ae2cc6d6885f02754659179df943856f81b488198af5d2283a57811b7267029e,False,
NUE,EQUITY,CERTIFIED_CURRENT_TICKER_WINDOW,MATERIALIZED_CERTIFIED_CURRENT_TICKER_WINDOW,2003-09-10,2004-11-16,2026-08-21,5774,300,5475,64c00f628780ea590c127b423d28802ce8e9091e914979df2771c67d35df0be8,False,
NVDA,EQUITY,CERTIFIED_CURRENT_TICKER_WINDOW,MATERIALIZED_CERTIFIED_CURRENT_TICKER_WINDOW,2003-09-10,2004-11-16,2026-08-21,5774,300,5475,2a90f447f3bc5e22a3472075bbaec732357e00973c107b5a9fbe43083a74e41b,False,
NVR,EQUITY,CERTIFIED_CURRENT_TICKER_WINDOW,MATERIALIZED_CERTIFIED_CURRENT_TICKER_WINDOW,2003-09-10,2004-11-16,2026-08-21,5774,300,5475,48457eaa21225897bce3919a7a6d2b7419f460ebe261522cb21d7450717f3e42,False,
NWS,EQUITY,CERTIFIED_CURRENT_TICKER_WINDOW,MATERIALIZED_CERTIFIED_CURRENT_TICKER_WINDOW,2013-07-02,2014-09-09,2026-08-21,3305,300,3006,8ba3c0b254092953376da9cb8e10ae62687316f5edb403c8565216428b553425,False,
NWSA,EQUITY,CERTIFIED_CURRENT_TICKER_WINDOW,MATERIALIZED_CERTIFIED_CURRENT_TICKER_WINDOW,2013-06-19,2014-08-26,2026-08-21,3314,300,3015,781885f39ab4975f0326f9cceb79ecd335b710fecb45c172dae7428f893c9356,False,
NXPI,EQUITY,CERTIFIED_CURRENT_TICKER_WINDOW,MATERIALIZED_CERTIFIED_CURRENT_TICKER_WINDOW,2010-08-06,2011-10-12,2026-08-21,4035,300,3736,2676f99d9742082178f797782386d83cec766d86bd348c6664afe639da801fa6,False,
O,EQUITY,CERTIFIED_CURRENT_TICKER_WINDOW,MATERIALIZED_CERTIFIED_CURRENT_TICKER_WINDOW,2003-09-10,2004-11-16,2026-08-21,5774,300,5475,fbca010622abebf0063db2d784a097f3368f445dbb08408eb629c1ef4fa93b11,False,
ODFL,EQUITY,CERTIFIED_CURRENT_TICKER_WINDOW,MATERIALIZED_CERTIFIED_CURRENT_TICKER_WINDOW,2003-09-10,2004-11-16,2026-08-21,5774,300,5475,3ce8dc75dc72cfbc167004e35f17e43ffabb8815b5f8d49e70c8e99e68d6d48a,False,
OIH,ETF,CERTIFIED_CURRENT_TICKER_WINDOW,MATERIALIZED_CERTIFIED_CURRENT_TICKER_WINDOW,2011-12-20,2013-03-04,2026-08-21,3688,300,3389,b61131b41a2d370896db6b3e0743a1e2fe7ae2582ce2282bd7b55d716d29eaea,False,
OKE,EQUITY,CERTIFIED_CURRENT_TICKER_WINDOW,MATERIALIZED_CERTIFIED_CURRENT_TICKER_WINDOW,2003-09-10,2004-11-16,2026-08-21,5774,300,5475,42650a8e8ccac82098af7d962389ae26204864ac5d13ac8216956e29e2ff34a9,False,
OMC,EQUITY,CERTIFIED_CURRENT_TICKER_WINDOW,MATERIALIZED_CERTIFIED_CURRENT_TICKER_WINDOW,2003-09-10,2004-11-16,2026-08-21,5774,300,5475,793456084c0e06b80d1283b311538c9a4cd1ef7e78500cd47cef8490657c12a4,False,
ON,EQUITY,CERTIFIED_CURRENT_TICKER_WINDOW,MATERIALIZED_CERTIFIED_CURRENT_TICKER_WINDOW,2015-04-07,2016-06-13,2026-08-21,2862,300,2563,b9d24dfaf6c490ae6b962b634ef0cbec7d9ad4aad3394662f5dd2948c2b922d9,False,
ORCL,EQUITY,CERTIFIED_CURRENT_TICKER_WINDOW,MATERIALIZED_CERTIFIED_CURRENT_TICKER_WINDOW,2003-09-10,2004-11-16,2026-08-21,5774,300,5475,117b1334f1025b1786e4277438b941ab8ca82635cc29f6ca855a3a519be4b392,False,
ORLY,EQUITY,CERTIFIED_CURRENT_TICKER_WINDOW,MATERIALIZED_CERTIFIED_CURRENT_TICKER_WINDOW,2003-09-10,2004-11-16,2026-08-21,5774,300,5475,c4dadaf2a864f6b05a7e1016e1b617816ba65cc5e2ab750a87a47f74f2259c68,False,
OTIS,EQUITY,CERTIFIED_CURRENT_TICKER_WINDOW,MATERIALIZED_CERTIFIED_CURRENT_TICKER_WINDOW,2020-04-03,2021-06-11,2026-08-21,1604,300,1305,c7d52d61141e6dac3f04e210e86951a102f5cbc0ef316e0f950f5baf3143fa42,False,
OXY,EQUITY,CERTIFIED_CURRENT_TICKER_WINDOW,MATERIALIZED_CERTIFIED_CURRENT_TICKER_WINDOW,2003-09-10,2004-11-16,2026-08-21,5774,300,5475,cc17fd9ce44f9b8abd6ca6c509c784d7d7cf56560004e0d9082c5e5de1921ce2,False,
PANW,EQUITY,CERTIFIED_CURRENT_TICKER_WINDOW,MATERIALIZED_CERTIFIED_CURRENT_TICKER_WINDOW,2012-07-20,2013-09-30,2026-08-21,3542,300,3243,86101dcbcb2063c7113596a9ea03563e48ad609335c5f9ef29dcb3821052b806,False,
PAYX,EQUITY,CERTIFIED_CURRENT_TICKER_WINDOW,MATERIALIZED_CERTIFIED_CURRENT_TICKER_WINDOW,2003-09-10,2004-11-16,2026-08-21,5774,300,5475,aafb1683d78c4f630e06e62d4a3773a32583196ffae4ea8a89432927b6f6e092,False,
PCAR,EQUITY,CERTIFIED_CURRENT_TICKER_WINDOW,MATERIALIZED_CERTIFIED_CURRENT_TICKER_WINDOW,2003-09-10,2004-11-16,2026-08-21,5774,300,5475,7acf7ccdc6a5befafe7ae917b42fc72864c205b6143fc2e3d357aa1417b89152,False,
PCG,EQUITY,CERTIFIED_CURRENT_TICKER_WINDOW,MATERIALIZED_CERTIFIED_CURRENT_TICKER_WINDOW,2003-09-10,2004-11-16,2026-08-21,5774,300,5475,a13d464718cdbc1f399be2f7881a88cceffa16f463fbb2852b042ee9480b6b76,False,
PDD,EQUITY,CERTIFIED_CURRENT_TICKER_WINDOW,MATERIALIZED_CERTIFIED_CURRENT_TICKER_WINDOW,2018-07-26,2019-10-03,2026-08-21,2029,300,1730,7d0248ad91b51327651741e3c7a8e0da426216ab6b67c72b669649b24a17935c,False,
PEG,EQUITY,CERTIFIED_CURRENT_TICKER_WINDOW,MATERIALIZED_CERTIFIED_CURRENT_TICKER_WINDOW,2003-09-10,2004-11-16,2026-08-21,5774,300,5475,ff2f1164f8d1b05212cac6d8c111cd50c65c8adbccb3da50d2092daaee5ab9da,False,
PEP,EQUITY,CERTIFIED_CURRENT_TICKER_WINDOW,MATERIALIZED_CERTIFIED_CURRENT_TICKER_WINDOW,2003-09-10,2004-11-16,2026-08-21,5774,300,5475,05858724cd9010ba29a2d62cf8b4cf16bb57059e69b15527ff617f41aa75bde2,False,
PFE,EQUITY,CERTIFIED_CURRENT_TICKER_WINDOW,MATERIALIZED_CERTIFIED_CURRENT_TICKER_WINDOW,2003-09-10,2004-11-16,2026-08-21,5774,300,5475,5637e04ad0180db909018d7ebec58addf0c3fd1168402d6c92f85c28e1133075,False,
PFG,EQUITY,CERTIFIED_CURRENT_TICKER_WINDOW,MATERIALIZED_CERTIFIED_CURRENT_TICKER_WINDOW,2003-09-10,2004-11-16,2026-08-21,5774,300,5475,cc74502d30e51928cf77705b033c14172e8b03bf3147d25cc42c594d2a0bd0e6,False,
PG,EQUITY,CERTIFIED_CURRENT_TICKER_WINDOW,MATERIALIZED_CERTIFIED_CURRENT_TICKER_WINDOW,2003-09-10,2004-11-16,2026-08-21,5774,300,5475,6251c5b2b0459c76e33941321b9ec6ccf5aa2257dd5fef7796bbb8c883f1e586,False,
PGR,EQUITY,CERTIFIED_CURRENT_TICKER_WINDOW,MATERIALIZED_CERTIFIED_CURRENT_TICKER_WINDOW,2003-09-10,2004-11-16,2026-08-21,5774,300,5475,f2d1f0c24ce8d1e8d3c84cac2cb81c8d438235fe6e0d3165c7c56bd3fcc7e05b,False,
PH,EQUITY,CERTIFIED_CURRENT_TICKER_WINDOW,MATERIALIZED_CERTIFIED_CURRENT_TICKER_WINDOW,2003-09-10,2004-11-16,2026-08-21,5774,300,5475,e2140c48c5726fc272ebc0c8367101092e7f0438c2da13652234d50748ee3f16,False,
PHM,EQUITY,CERTIFIED_CURRENT_TICKER_WINDOW,MATERIALIZED_CERTIFIED_CURRENT_TICKER_WINDOW,2003-09-10,2004-11-16,2026-08-21,5774,300,5475,7d9947657fb99c560e29bc6ddf50eaac9dd4f56de9ba1ae32e45e1aba3f0cbdb,False,
PKG,EQUITY,CERTIFIED_CURRENT_TICKER_WINDOW,MATERIALIZED_CERTIFIED_CURRENT_TICKER_WINDOW,2003-09-10,2004-11-16,2026-08-21,5774,300,5475,e9ac480127c50f192ec18892e9bb1499ca10cada50aca13b15cb65aae1ff70a9,False,
PLD,EQUITY,CERTIFIED_CURRENT_TICKER_WINDOW,MATERIALIZED_CERTIFIED_CURRENT_TICKER_WINDOW,2003-09-10,2004-11-16,2026-08-21,5774,300,5475,107eaf7ac847f15744dde2cca80da18fb0278891ee807fa2e9f3155ec9011ba3,False,
PLTR,EQUITY,CERTIFIED_CURRENT_TICKER_WINDOW,MATERIALIZED_CERTIFIED_CURRENT_TICKER_WINDOW,2020-09-30,2021-12-07,2026-08-21,1480,300,1181,733ca9c6a505db2d1afca3325e5cab978882983be7e5aa9bab27743931b09109,False,
PM,EQUITY,CERTIFIED_CURRENT_TICKER_WINDOW,MATERIALIZED_CERTIFIED_CURRENT_TICKER_WINDOW,2008-03-31,2009-06-05,2026-08-21,4629,300,4330,91821decd4b97550fbf594ace103b5faee148af6ac317ab404ef11cb7d3a7cf9,False,
PNC,EQUITY,CERTIFIED_CURRENT_TICKER_WINDOW,MATERIALIZED_CERTIFIED_CURRENT_TICKER_WINDOW,2003-09-10,2004-11-16,2026-08-21,5774,300,5475,b9035940de2df12853383ebfbe62f2c5f4f039e28b8c0cb8229084b25be3344a,False,
PNR,EQUITY,CERTIFIED_CURRENT_TICKER_WINDOW,MATERIALIZED_CERTIFIED_CURRENT_TICKER_WINDOW,2003-09-10,2004-11-16,2026-08-21,5774,300,5475,92fd75bd7d8790ff0f5c3ed2340f28b7c7365d06c8d6eba7c17e7b28b76e986f,False,
PNW,EQUITY,CERTIFIED_CURRENT_TICKER_WINDOW,MATERIALIZED_CERTIFIED_CURRENT_TICKER_WINDOW,2003-09-10,2004-11-16,2026-08-21,5774,300,5475,ad226cd4db24c065ffb27ff0dbef8299a0e5cfcd15ee7d7a5ea992f057c8525d,False,
PODD,EQUITY,CERTIFIED_CURRENT_TICKER_WINDOW,MATERIALIZED_CERTIFIED_CURRENT_TICKER_WINDOW,2007-05-15,2008-07-22,2026-08-21,4849,300,4550,790da3d3eb9c6b7c00c75c33221283d60c037d17b73905279c056f3b71c4fa03,False,
PPG,EQUITY,CERTIFIED_CURRENT_TICKER_WINDOW,MATERIALIZED_CERTIFIED_CURRENT_TICKER_WINDOW,2003-09-10,2004-11-16,2026-08-21,5774,300,5475,a97ed2128c0c608044a6eca6b939a57c24c2895f9dec663943c652cd8168350c,False,
PPL,EQUITY,CERTIFIED_CURRENT_TICKER_WINDOW,MATERIALIZED_CERTIFIED_CURRENT_TICKER_WINDOW,2003-09-10,2004-11-16,2026-08-21,5774,300,5475,2ae2b26ff198cccdaeac1bd08064e6e029500c4d245eb040faea04d98768bbe2,False,
PRU,EQUITY,CERTIFIED_CURRENT_TICKER_WINDOW,MATERIALIZED_CERTIFIED_CURRENT_TICKER_WINDOW,2003-09-10,2004-11-16,2026-08-21,5774,300,5475,88109c47e782c6db9c16516b47f69d60c6d2628fc61b5ecfebad74eff95c5437,False,
PSA,EQUITY,CERTIFIED_CURRENT_TICKER_WINDOW,MATERIALIZED_CERTIFIED_CURRENT_TICKER_WINDOW,2003-09-10,2004-11-16,2026-08-21,5774,300,5475,612a56f47b7ac5033f66fda128b0bdcf7762a25ab4c7e585b36cd5f8a8a320a8,False,
PSKY,EQUITY,BLOCKED_UPSTREAM_INSUFFICIENT_WARMUP,CARRIED_FORWARD_BLOCKED_NO_POLYGON_MATERIALIZATION,,,,,,,,False,UPSTREAM_INSUFFICIENT_WARMUP
PSX,EQUITY,CERTIFIED_CURRENT_TICKER_WINDOW,MATERIALIZED_CERTIFIED_CURRENT_TICKER_WINDOW,2012-05-01,2013-07-11,2026-08-21,3598,300,3299,a2710a229f8b4b74317adc4a493ef072a683f5b12436596a6371982211167ab8,False,
PTC,EQUITY,CERTIFIED_CURRENT_TICKER_WINDOW,MATERIALIZED_CERTIFIED_CURRENT_TICKER_WINDOW,2013-12-04,2015-02-12,2026-08-21,3197,300,2898,9522501e4cac0f111519072ba860e86abb64fe1b51cafb648ae9bdf35d6e0e8d,False,
PWR,EQUITY,CERTIFIED_CURRENT_TICKER_WINDOW,MATERIALIZED_CERTIFIED_CURRENT_TICKER_WINDOW,2003-09-10,2004-11-16,2026-08-21,5774,300,5475,d1e4afc45c2fc26a850a8b1437db45f6410dd5f2cda90282d93d15dfe9e17f8a,False,
PYPL,EQUITY,CERTIFIED_CURRENT_TICKER_WINDOW,MATERIALIZED_CERTIFIED_CURRENT_TICKER_WINDOW,2015-07-20,2016-09-23,2026-08-21,2790,300,2491,55dd8d80fbc237a575577aa9c4e2db0dd9630962e5c4f2e0d7a30a64e0d0b9fe,False,
Q,EQUITY,BLOCKED_INSUFFICIENT_POST_ANCHOR_WARMUP,CARRIED_FORWARD_BLOCKED_NO_POLYGON_MATERIALIZATION,,,,,,,,False,PRELISTING_TICKER_HISTORY_NOT_AUTHORIZED|INSUFFICIENT_POST_ANCHOR_WARMUP
QCOM,EQUITY,CERTIFIED_CURRENT_TICKER_WINDOW,MATERIALIZED_CERTIFIED_CURRENT_TICKER_WINDOW,2003-09-10,2004-11-16,2026-08-21,5774,300,5475,eb640acd956c2296f236a3856384c0e269c0055868bbdecc43debcdb38d67dee,False,
QQQ,ETF,CERTIFIED_CURRENT_TICKER_WINDOW,MATERIALIZED_CERTIFIED_CURRENT_TICKER_WINDOW,2003-09-10,2004-11-16,2026-08-21,4186,300,3887,904c33e3702c6c3c2779aa97bc7687df1ea680e8bf68d2336dd5af6d7ea687a4,False,
QQQM,ETF,CERTIFIED_CURRENT_TICKER_WINDOW,MATERIALIZED_CERTIFIED_CURRENT_TICKER_WINDOW,2020-10-13,2021-12-20,2026-08-21,1471,300,1172,06a2d134d85b58d261778fd29d462b1272cf0ec32dd0de0b4ddb5c93c7242bc1,False,
QUAL,ETF,CERTIFIED_CURRENT_TICKER_WINDOW,MATERIALIZED_CERTIFIED_CURRENT_TICKER_WINDOW,2013-07-18,2014-09-25,2026-08-21,3293,300,2994,7dc9b1fa69bc548f43e3c0c0ef0b087ded4f570d8e2274f7b0e27a27233d394f,False,
RCL,EQUITY,CERTIFIED_CURRENT_TICKER_WINDOW,MATERIALIZED_CERTIFIED_CURRENT_TICKER_WINDOW,2003-09-10,2004-11-16,2026-08-21,5774,300,5475,f8e1293365bcebe00ed14d35edff43efef8785b1ffb1af6840bc5f6bb716b205,False,
REG,EQUITY,CERTIFIED_CURRENT_TICKER_WINDOW,MATERIALIZED_CERTIFIED_CURRENT_TICKER_WINDOW,2003-09-10,2004-11-16,2026-08-21,5774,300,5475,fe1dd0e848ce4a9e006c8fb82177aa9e327f96d9394b6873090e45385b898528,False,
REGN,EQUITY,CERTIFIED_CURRENT_TICKER_WINDOW,MATERIALIZED_CERTIFIED_CURRENT_TICKER_WINDOW,2003-09-10,2004-11-16,2026-08-21,5773,300,5474,4950d82ac901366de4f6eef9a184e1f6dd8f45f35c2c5fd3e6c7551fa1bcd2eb,False,
RF,EQUITY,CERTIFIED_CURRENT_TICKER_WINDOW,MATERIALIZED_CERTIFIED_CURRENT_TICKER_WINDOW,2003-09-10,2004-11-16,2026-08-21,5774,300,5475,551a1a58f5a492f72c95abec73b44eac1e10d89321cb58eb47a1255c5bd05dd0,False,
RJF,EQUITY,CERTIFIED_CURRENT_TICKER_WINDOW,MATERIALIZED_CERTIFIED_CURRENT_TICKER_WINDOW,2003-09-10,2004-11-16,2026-08-21,5774,300,5475,1c3037758ced61161bc3a21c562b1728f9c8dd0c004abecab2100abc7cb4b250,False,
RKLB,EQUITY,CERTIFIED_CURRENT_TICKER_WINDOW,MATERIALIZED_CERTIFIED_CURRENT_TICKER_WINDOW,2021-08-25,2022-11-01,2026-08-21,1253,300,954,7ebefc0cdea6dce64058ddfd4fac2adc526b1c6952efd22800795030b7d883a6,False,
RL,EQUITY,CERTIFIED_CURRENT_TICKER_WINDOW,MATERIALIZED_CERTIFIED_CURRENT_TICKER_WINDOW,2003-09-10,2004-11-16,2026-08-21,5774,300,5475,4323dfaba0a9cfb0dff2d04409a0bb862cfb6da9da3da11ec984c2f2e0e0e4ac,False,
RMD,EQUITY,CERTIFIED_CURRENT_TICKER_WINDOW,MATERIALIZED_CERTIFIED_CURRENT_TICKER_WINDOW,2003-09-10,2004-11-16,2026-08-21,5774,300,5475,0be93e615f395eaeb7d405fdd64b0c2f9a9a610229a087b543adcefc69bb10a9,False,
ROK,EQUITY,CERTIFIED_CURRENT_TICKER_WINDOW,MATERIALIZED_CERTIFIED_CURRENT_TICKER_WINDOW,2003-09-10,2004-11-16,2026-08-21,5774,300,5475,b56b8509079ea25762c5a8236a6da76062b0eb4d293ff688016e4d8b0001c78b,False,
ROL,EQUITY,CERTIFIED_CURRENT_TICKER_WINDOW,MATERIALIZED_CERTIFIED_CURRENT_TICKER_WINDOW,2003-09-10,2004-11-16,2026-08-21,5774,300,5475,4f5530aa7be479393aa2881533375ee8e092dd5a734deb9aeac8955f9c618bef,False,
ROP,EQUITY,CERTIFIED_CURRENT_TICKER_WINDOW,MATERIALIZED_CERTIFIED_CURRENT_TICKER_WINDOW,2003-09-10,2004-11-16,2026-08-21,5774,300,5475,32a6088d56e318f6a166ab21db3185196291b2f59ae3f20983797f11a99aff04,False,
ROST,EQUITY,CERTIFIED_CURRENT_TICKER_WINDOW,MATERIALIZED_CERTIFIED_CURRENT_TICKER_WINDOW,2003-09-10,2004-11-16,2026-08-21,5774,300,5475,ebb2a1fea50a8510b85c0bc455280ea819076bcb449b8f3e35c73eb60046c73a,False,
RSG,EQUITY,CERTIFIED_CURRENT_TICKER_WINDOW,MATERIALIZED_CERTIFIED_CURRENT_TICKER_WINDOW,2003-09-10,2004-11-16,2026-08-21,5774,300,5475,f90266dbaddfd4caa492552b7c835e33c4990ce2201c946c962d47ec42eaefd2,False,
RSP,ETF,CERTIFIED_CURRENT_TICKER_WINDOW,MATERIALIZED_CERTIFIED_CURRENT_TICKER_WINDOW,2003-09-10,2004-11-16,2026-08-21,5774,300,5475,33e9066cffa14f3b5981081e23a2940e5acd99b4d43817cf03b5b957b97e22f7,False,
RTX,EQUITY,CERTIFIED_CURRENT_TICKER_WINDOW,MATERIALIZED_CERTIFIED_CURRENT_TICKER_WINDOW,2007-08-08,2020-05-11,2026-08-21,1878,300,1579,283abef64e20c9770f67058922d4963933abab5160d33f2d98673a750497b17e,False,
RVTY,EQUITY,CERTIFIED_CURRENT_TICKER_WINDOW,MATERIALIZED_CERTIFIED_CURRENT_TICKER_WINDOW,2023-05-16,2024-07-25,2026-08-21,820,300,521,6623b6a53213c319882622e7062ba10d4a121d8499a0a97b30eafe0888116e34,False,
SBAC,EQUITY,CERTIFIED_CURRENT_TICKER_WINDOW,MATERIALIZED_CERTIFIED_CURRENT_TICKER_WINDOW,2003-09-10,2004-11-16,2026-08-21,5774,300,5475,cc4ca127c7cbf860f301a703434d5dcc76b5fd783e51abef57dcdf5cdccf6a29,False,
SBUX,EQUITY,CERTIFIED_CURRENT_TICKER_WINDOW,MATERIALIZED_CERTIFIED_CURRENT_TICKER_WINDOW,2003-09-10,2004-11-16,2026-08-21,5774,300,5475,40b91b09029aa386a062bdf10d9a76c3aeca52818fd96b10ba1b998ae543e7e0,False,
SCHB,ETF,CERTIFIED_CURRENT_TICKER_WINDOW,MATERIALIZED_CERTIFIED_CURRENT_TICKER_WINDOW,2009-11-03,2011-01-11,2026-08-21,4225,300,3926,8ff4dd55d32e4c08452945342bc38612ff8fb6738b7e6a35355fd2457582ecb2,False,
SCHD,ETF,CERTIFIED_CURRENT_TICKER_WINDOW,MATERIALIZED_CERTIFIED_CURRENT_TICKER_WINDOW,2011-10-20,2012-12-31,2026-08-21,3730,300,3431,14167d64792b7a17d87a5a9e1192f61214e3a07ee84819ddee895caa6f553759,False,
SCHW,EQUITY,CERTIFIED_CURRENT_TICKER_WINDOW,MATERIALIZED_CERTIFIED_CURRENT_TICKER_WINDOW,2005-12-23,2007-03-07,2026-08-21,5196,300,4897,386cc5a9cf68c6558970013a6cdaa5062c170844ce758fa7df21078047ded241,False,
SHOP,EQUITY,CERTIFIED_CURRENT_TICKER_WINDOW,MATERIALIZED_CERTIFIED_CURRENT_TICKER_WINDOW,2015-05-21,2016-07-28,2026-08-21,2830,300,2531,79cd09aaa77174acafe744302c23f37a4dcab42f12446a120b206d67ac30f31f,False,
SHW,EQUITY,CERTIFIED_CURRENT_TICKER_WINDOW,MATERIALIZED_CERTIFIED_CURRENT_TICKER_WINDOW,2003-09-10,2004-11-16,2026-08-21,5774,300,5475,3896e9b9e11fae7e707187e5331491caf6690d061c81379676c86bce74e69e0e,False,
SHY,ETF,CERTIFIED_CURRENT_TICKER_WINDOW,MATERIALIZED_CERTIFIED_CURRENT_TICKER_WINDOW,2003-09-10,2004-11-16,2026-08-21,5774,300,5475,e4c6d20b3321ca36703081bcd083e9510115a75005fd718f58c389fd2b4d7c5d,False,
SJM,EQUITY,CERTIFIED_CURRENT_TICKER_WINDOW,MATERIALIZED_CERTIFIED_CURRENT_TICKER_WINDOW,2003-09-10,2004-11-16,2026-08-21,5774,300,5475,287e94bb9f54576f693d475ca1b44ed818dde949d5796fb871780773e3458fbd,False,
SKYY,ETF,CERTIFIED_CURRENT_TICKER_WINDOW,MATERIALIZED_CERTIFIED_CURRENT_TICKER_WINDOW,2011-07-06,2012-09-11,2026-08-21,3805,300,3506,c1bc1e9d83b9cc33f4b75a1d3473d856b85c7f6ae385ef134e7a8c9b55b9ddf0,False,
SLB,EQUITY,CERTIFIED_CURRENT_TICKER_WINDOW,MATERIALIZED_CERTIFIED_CURRENT_TICKER_WINDOW,2003-09-10,2004-11-16,2026-08-21,5774,300,5475,98c87dfb1bcd7a64859c9056cdff03fc3a71753e7194c9f46d9cf1f71e0a4431,False,
SLV,ETF,CERTIFIED_CURRENT_TICKER_WINDOW,MATERIALIZED_CERTIFIED_CURRENT_TICKER_WINDOW,2006-04-28,2007-07-09,2026-08-21,5111,300,4812,61b5d12cc5699ad40c19750fec3edb3260f999953e593e4064fce1ae9a46c090,False,
SMCI,EQUITY,CERTIFIED_CURRENT_TICKER_WINDOW,MATERIALIZED_CERTIFIED_CURRENT_TICKER_WINDOW,2007-03-29,2008-06-05,2026-08-21,4532,300,4233,46f6a4dc32ba58332ed4e40a621c8a2420766d25dfe4847b7d2f9104d0c663cb,False,
SMH,ETF,CERTIFIED_CURRENT_TICKER_WINDOW,MATERIALIZED_CERTIFIED_CURRENT_TICKER_WINDOW,2011-12-20,2013-03-04,2026-08-21,3688,300,3389,f1fd6254c40d5423c9d46c4c728aed68661e838697d101094b2efbc026ac43a3,False,
SNA,EQUITY,CERTIFIED_CURRENT_TICKER_WINDOW,MATERIALIZED_CERTIFIED_CURRENT_TICKER_WINDOW,2003-09-10,2004-11-16,2026-08-21,5774,300,5475,17ebe8cac76a75c6a45712b4b7911bae78ff62a5dbda06d66c89f0ef790acb1c,False,
SNDK,EQUITY,CERTIFIED_CURRENT_TICKER_WINDOW,MATERIALIZED_CERTIFIED_CURRENT_TICKER_WINDOW,2025-02-24,2026-05-04,2026-08-21,376,300,77,d66ca183ca7e536cae994e4079f0368e9408f6e6ecd4c0744ae2b680e91e51a0,False,
SNPS,EQUITY,CERTIFIED_CURRENT_TICKER_WINDOW,MATERIALIZED_CERTIFIED_CURRENT_TICKER_WINDOW,2003-09-10,2004-11-16,2026-08-21,5774,300,5475,74bfc1ea51c68babe13b1b4c46312188da3b2ac9c162abb921af8b686242192d,False,
SO,EQUITY,CERTIFIED_CURRENT_TICKER_WINDOW,MATERIALIZED_CERTIFIED_CURRENT_TICKER_WINDOW,2003-09-10,2004-11-16,2026-08-21,5774,300,5475,d48ad875ea6a200e434af78eaccc68e71f6568bdd11ee5110e0e94eebf574329,False,
SOLV,EQUITY,CERTIFIED_CURRENT_TICKER_WINDOW,MATERIALIZED_CERTIFIED_CURRENT_TICKER_WINDOW,2024-04-01,2025-06-10,2026-08-21,601,300,302,d6aa29a68f6820b5809fb19f967d87eb55f04168210568cf9a1922103081e18d,False,
SOXX,ETF,CERTIFIED_CURRENT_TICKER_WINDOW,MATERIALIZED_CERTIFIED_CURRENT_TICKER_WINDOW,2010-10-18,2011-12-22,2026-08-21,3985,300,3686,fe789dd874f5ec9df8e94b5a7226fcc4a1ffaff7bbb77bc67ef2c5cf1407b2c3,False,
SPCX,EQUITY,BLOCKED_INSUFFICIENT_POST_ANCHOR_WARMUP,CARRIED_FORWARD_BLOCKED_NO_POLYGON_MATERIALIZATION,,,,,,,,False,PRELISTING_TICKER_HISTORY_NOT_AUTHORIZED|INSUFFICIENT_POST_ANCHOR_WARMUP
SPG,EQUITY,CERTIFIED_CURRENT_TICKER_WINDOW,MATERIALIZED_CERTIFIED_CURRENT_TICKER_WINDOW,2003-09-10,2004-11-16,2026-08-21,5774,300,5475,49220f09ccabd8b7eb53ae5aa4599aefe88d90b52e3f8d31309e6d8f504d9d4f,False,
SPGI,EQUITY,CERTIFIED_CURRENT_TICKER_WINDOW,MATERIALIZED_CERTIFIED_CURRENT_TICKER_WINDOW,2016-04-28,2017-07-06,2026-08-21,2594,300,2295,5b027ca6370075f0d999745960d9c4d58e54670fd3de116054c57767b8c6b644,False,
SPXU,ETF,CERTIFIED_CURRENT_TICKER_WINDOW,MATERIALIZED_CERTIFIED_CURRENT_TICKER_WINDOW,2009-06-25,2010-09-01,2026-08-21,4316,300,4017,d35bb6d57889214c40a404ea0e2e3e07cf4dda8a82f737a52984e8c3db506d10,False,
SPY,ETF,CERTIFIED_CURRENT_TICKER_WINDOW,MATERIALIZED_CERTIFIED_CURRENT_TICKER_WINDOW,2003-09-10,2004-11-16,2026-08-21,5774,300,5475,12510d08659753b0a5c077687ab83be90fa2e9d24f5f3af6e829db989d4506c9,False,
SQQQ,ETF,CERTIFIED_CURRENT_TICKER_WINDOW,MATERIALIZED_CERTIFIED_CURRENT_TICKER_WINDOW,2010-02-11,2011-04-19,2026-08-21,4157,300,3858,296999046b4b07845efc1056a9fc57e2672ae9191d86ba6f4a1e298136567a46,False,
SRE,EQUITY,CERTIFIED_CURRENT_TICKER_WINDOW,MATERIALIZED_CERTIFIED_CURRENT_TICKER_WINDOW,2003-09-10,2004-11-16,2026-08-21,5774,300,5475,38bde0c670392e01818b4f75a522b5e0ed3f9d32af6c5480299b97f04718bdf8,False,
STE,EQUITY,CERTIFIED_CURRENT_TICKER_WINDOW,MATERIALIZED_CERTIFIED_CURRENT_TICKER_WINDOW,2003-09-10,2004-11-16,2026-08-21,5774,300,5475,10f70f1c3b553519f3a8fc7024fda2776be0658dc8815af799019f477de141eb,False,
STLD,EQUITY,CERTIFIED_CURRENT_TICKER_WINDOW,MATERIALIZED_CERTIFIED_CURRENT_TICKER_WINDOW,2003-09-10,2004-11-16,2026-08-21,5774,300,5475,891e2ba3d072293e8e197f212992a689dddd80d84e6f9a2f8cd76310b1d4a557,False,
STT,EQUITY,CERTIFIED_CURRENT_TICKER_WINDOW,MATERIALIZED_CERTIFIED_CURRENT_TICKER_WINDOW,2003-09-10,2004-11-16,2026-08-21,5774,300,5475,6703ecc0cbfc0f27f6c5b63a648652390d4924eb9378bff8de2b2f177fd6d2c9,False,
STX,EQUITY,CERTIFIED_CURRENT_TICKER_WINDOW,MATERIALIZED_CERTIFIED_CURRENT_TICKER_WINDOW,2003-09-10,2004-11-16,2026-08-21,5774,300,5475,6f50c3f6c5548d10df1124e340836cbab5ee0cc2bfc926a73eb0a73520916082,False,
STZ,EQUITY,CERTIFIED_CURRENT_TICKER_WINDOW,MATERIALIZED_CERTIFIED_CURRENT_TICKER_WINDOW,2003-09-10,2004-11-16,2026-08-21,5774,300,5475,322e9652cfe73f4bcaa4ab02776eb33e0d62cd9882a704acce08cad4d1da7f29,False,
SW,EQUITY,CERTIFIED_CURRENT_TICKER_WINDOW,MATERIALIZED_CERTIFIED_CURRENT_TICKER_WINDOW,2024-07-08,2025-09-16,2026-08-21,534,300,235,9c16718753f71a9100c54edf25f1835790c4a6e65fa7f65b660b581791768a1d,False,
SWK,EQUITY,CERTIFIED_CURRENT_TICKER_WINDOW,MATERIALIZED_CERTIFIED_CURRENT_TICKER_WINDOW,2003-09-10,2004-11-16,2026-08-21,5774,300,5475,9450ef2d35db5d1626983e4e7e57df69a5decd32577d00b22b6381617d698c75,False,
SWKS,EQUITY,CERTIFIED_CURRENT_TICKER_WINDOW,MATERIALIZED_CERTIFIED_CURRENT_TICKER_WINDOW,2003-09-10,2004-11-16,2026-08-21,5774,300,5475,0972ae3fe9c7053896e3f86e0f513c7a340297d37235a671cf3484b1f76f7084,False,
SYF,EQUITY,CERTIFIED_CURRENT_TICKER_WINDOW,MATERIALIZED_CERTIFIED_CURRENT_TICKER_WINDOW,2014-07-31,2015-10-07,2026-08-21,3033,300,2734,6f495af7f74c2480acbc8c8f9aebfdf4f0f8be21e837c4b0c8937de318c0971e,False,
SYK,EQUITY,CERTIFIED_CURRENT_TICKER_WINDOW,MATERIALIZED_CERTIFIED_CURRENT_TICKER_WINDOW,2003-09-10,2004-11-16,2026-08-21,5774,300,5475,f2aec5b7ba9c8f09fdddcff372d4115d2a9897ed360cc727180291997424b096,False,
SYY,EQUITY,CERTIFIED_CURRENT_TICKER_WINDOW,MATERIALIZED_CERTIFIED_CURRENT_TICKER_WINDOW,2003-09-10,2004-11-16,2026-08-21,5774,300,5475,173159d19fe14c19f76c7951c60f4309c988e900623d318c2dc00382d2b68d9b,False,
T,EQUITY,CERTIFIED_CURRENT_TICKER_WINDOW,MATERIALIZED_CERTIFIED_CURRENT_TICKER_WINDOW,2005-12-01,2007-02-12,2026-08-21,5212,300,4913,af94eb391dd41a5772c617f32a2da68c619ad31e66a1775a499032bf546883f3,False,
TAN,ETF,CERTIFIED_CURRENT_TICKER_WINDOW,MATERIALIZED_CERTIFIED_CURRENT_TICKER_WINDOW,2008-04-15,2009-06-22,2026-08-21,4618,300,4319,195d2367b4625c3266880186ec5a4db4938620372c54c8ef1557c98d706905ab,False,
TAP,EQUITY,CERTIFIED_CURRENT_TICKER_WINDOW,MATERIALIZED_CERTIFIED_CURRENT_TICKER_WINDOW,2005-02-09,2006-04-19,2026-08-21,5417,300,5118,839df1c7fedb1fe378570d16b819dd4abd61228f2823c77802999181569daddc,False,
TDG,EQUITY,CERTIFIED_CURRENT_TICKER_WINDOW,MATERIALIZED_CERTIFIED_CURRENT_TICKER_WINDOW,2006-03-15,2007-05-23,2026-08-21,5142,300,4843,7ce016b655ce03ea3140c9e2229ef926a295ff7d52dbfb6c792088acb1ee59ed,False,
TDY,EQUITY,CERTIFIED_CURRENT_TICKER_WINDOW,MATERIALIZED_CERTIFIED_CURRENT_TICKER_WINDOW,2003-09-10,2004-11-16,2026-08-21,5774,300,5475,4ee1ca3c640b9d76170ebb08e6a21fe5d41f50dddf9784d48ef0639023e03c43,False,
TECH,EQUITY,CERTIFIED_CURRENT_TICKER_WINDOW,MATERIALIZED_CERTIFIED_CURRENT_TICKER_WINDOW,2003-09-10,2004-11-16,2026-08-21,5774,300,5475,ce497738de3bf6f74bfe59c3d7de2ec4a84ace07b5b729d76f92c86b912756e8,False,
TEL,EQUITY,CERTIFIED_CURRENT_TICKER_WINDOW,MATERIALIZED_CERTIFIED_CURRENT_TICKER_WINDOW,2007-07-02,2008-09-08,2026-08-21,4816,300,4517,d6d224a092b51afc47dd8c35b02539f57915813ba356db2f57e0daa8a082b405,False,
TER,EQUITY,CERTIFIED_CURRENT_TICKER_WINDOW,MATERIALIZED_CERTIFIED_CURRENT_TICKER_WINDOW,2003-09-10,2004-11-16,2026-08-21,5774,300,5475,fb5aa0945d79a6f03ecb365cfa92a96554acdbc1e41e9a1d33431518150d8ed7,False,
TFC,EQUITY,CERTIFIED_CURRENT_TICKER_WINDOW,MATERIALIZED_CERTIFIED_CURRENT_TICKER_WINDOW,2004-01-02,2005-03-11,2026-08-21,3632,300,3333,b0a5b6d430bd0de9c3fe31114860e0fdf808fdf9ec50a74530fdc0986dd627b5,False,
TGT,EQUITY,CERTIFIED_CURRENT_TICKER_WINDOW,MATERIALIZED_CERTIFIED_CURRENT_TICKER_WINDOW,2003-09-10,2004-11-16,2026-08-21,5774,300,5475,77564e33e5c93d85118ef4f587c5749c40236d0227395b872eda67e3977df4f6,False,
TIP,ETF,CERTIFIED_CURRENT_TICKER_WINDOW,MATERIALIZED_CERTIFIED_CURRENT_TICKER_WINDOW,2003-12-05,2005-02-14,2026-08-21,5713,300,5414,eb9ffa9c30d6eb7c5b37e8aae76e5999cc0b2da06d5516d207b518c00bd3cb8b,False,
TJX,EQUITY,CERTIFIED_CURRENT_TICKER_WINDOW,MATERIALIZED_CERTIFIED_CURRENT_TICKER_WINDOW,2003-09-10,2004-11-16,2026-08-21,5774,300,5475,8c6338db533c552b7dfbb30daed0bfbddd7d1ac4eeb76770aa422673b7fb84e0,False,
TKO,EQUITY,CERTIFIED_CURRENT_TICKER_WINDOW,MATERIALIZED_CERTIFIED_CURRENT_TICKER_WINDOW,2023-09-12,2024-11-18,2026-08-21,739,300,440,44650074ee7f38c56f20f96607d0fa3d101a55760dd76a4c2113c0444a46388e,False,
TLT,ETF,CERTIFIED_CURRENT_TICKER_WINDOW,MATERIALIZED_CERTIFIED_CURRENT_TICKER_WINDOW,2003-09-10,2004-11-16,2026-08-21,5774,300,5475,0df7bfa02f778ab0ffd48c799404251f55fec9417fc6158796fa002308739bc6,False,
TMO,EQUITY,CERTIFIED_CURRENT_TICKER_WINDOW,MATERIALIZED_CERTIFIED_CURRENT_TICKER_WINDOW,2003-09-10,2004-11-16,2026-08-21,5774,300,5475,256ad565509ef6e9277fb95ea08b8ff7c4cd96f6361b795bbc57cff4940f14bf,False,
TMUS,EQUITY,CERTIFIED_CURRENT_TICKER_WINDOW,MATERIALIZED_CERTIFIED_CURRENT_TICKER_WINDOW,2013-05-01,2014-07-09,2026-08-21,3348,300,3049,68467ced048fdcbdb71c2ebbdfc79037634da75d513a46b7d4635caeecf86e6b,False,
TPL,EQUITY,CERTIFIED_CURRENT_TICKER_WINDOW,MATERIALIZED_CERTIFIED_CURRENT_TICKER_WINDOW,2003-09-10,2004-11-18,2026-08-21,5768,300,5469,618c88c05d243677ab625461536460d55f7c0e64a322a85f3fa2e54a3251bd6c,False,
TPR,EQUITY,CERTIFIED_CURRENT_TICKER_WINDOW,MATERIALIZED_CERTIFIED_CURRENT_TICKER_WINDOW,2003-09-10,2004-12-10,2026-08-21,2665,300,2366,adb18d3c6a873da1e2665d0f4bd2be6e886244af1801ebfd957ee72e98a2e5cb,False,
TQQQ,ETF,CERTIFIED_CURRENT_TICKER_WINDOW,MATERIALIZED_CERTIFIED_CURRENT_TICKER_WINDOW,2010-02-11,2011-04-19,2026-08-21,4157,300,3858,775b70fbe16873f319e85b0afcf48f91c059af6c1703e35fc59c876d34b8e446,False,
TRGP,EQUITY,CERTIFIED_CURRENT_TICKER_WINDOW,MATERIALIZED_CERTIFIED_CURRENT_TICKER_WINDOW,2010-12-07,2012-02-14,2026-08-21,3950,300,3651,5cdac2c2ef8da891bc3788789013360ff5bc0c042d61805a272160ae7832d814,False,
TRI,EQUITY,CERTIFIED_CURRENT_TICKER_WINDOW,MATERIALIZED_CERTIFIED_CURRENT_TICKER_WINDOW,2003-09-10,2004-11-16,2026-08-21,5590,300,5291,9ee90eb6b2489c5f11e82399de0630bfe0db2038305a56d0417cca2b3125a4f5,False,
TRMB,EQUITY,CERTIFIED_CURRENT_TICKER_WINDOW,MATERIALIZED_CERTIFIED_CURRENT_TICKER_WINDOW,2003-09-10,2004-11-16,2026-08-21,5774,300,5475,2cd44c9c2be06525901cbdc6c40d69269ddc01ff0aa22a25bf333cbb3536b909,False,
TROW,EQUITY,CERTIFIED_CURRENT_TICKER_WINDOW,MATERIALIZED_CERTIFIED_CURRENT_TICKER_WINDOW,2003-09-10,2004-11-16,2026-08-21,5774,300,5475,90d182d9bce0c39267b5e094d81d4413e6da467b5ead98927ac6da19857dc04d,False,
TRV,EQUITY,CERTIFIED_CURRENT_TICKER_WINDOW,MATERIALIZED_CERTIFIED_CURRENT_TICKER_WINDOW,2007-02-27,2008-05-05,2026-08-21,4903,300,4604,60ea13cd907d23ba45a8824fca304d38a46b839026660c45f271492e49ad09db,False,
TSCO,EQUITY,CERTIFIED_CURRENT_TICKER_WINDOW,MATERIALIZED_CERTIFIED_CURRENT_TICKER_WINDOW,2003-09-10,2004-11-16,2026-08-21,5774,300,5475,3b053d95ce02004570a57c90e003ef106f93c3fc77895d090891b1252de0a9bf,False,
TSLA,EQUITY,CERTIFIED_CURRENT_TICKER_WINDOW,MATERIALIZED_CERTIFIED_CURRENT_TICKER_WINDOW,2010-06-29,2011-09-02,2026-08-21,4062,300,3763,b173e0d515c3f8019fd6f67a426f14967d8fb641bc841b0fadba584dd9694bb4,False,
TSN,EQUITY,CERTIFIED_CURRENT_TICKER_WINDOW,MATERIALIZED_CERTIFIED_CURRENT_TICKER_WINDOW,2003-09-10,2004-11-16,2026-08-21,5774,300,5475,f8176b2d68f9e9951a4debedc4864165b097439c37f6827aa1a10476c4e9b909,False,
TT,EQUITY,CERTIFIED_CURRENT_TICKER_WINDOW,MATERIALIZED_CERTIFIED_CURRENT_TICKER_WINDOW,2003-09-10,2004-11-19,2026-08-21,2100,300,1801,f1d8c80b5b6e56e0baa82166e9008fe4593a02aa4f54d627605c48478f914c37,False,
TTD,EQUITY,CERTIFIED_CURRENT_TICKER_WINDOW,MATERIALIZED_CERTIFIED_CURRENT_TICKER_WINDOW,2016-09-21,2017-11-28,2026-08-21,2493,300,2194,d42ad29d37835e882271c34fcf40a0a7d0ad590a8aa4f38a2334e06821ccf1a3,False,
TTWO,EQUITY,CERTIFIED_CURRENT_TICKER_WINDOW,MATERIALIZED_CERTIFIED_CURRENT_TICKER_WINDOW,2003-09-10,2004-11-16,2026-08-21,5774,300,5475,f1a8845787b118322cde2cefe0a0aad262defcade913197c63c2976388ddfd73,False,
TXN,EQUITY,CERTIFIED_CURRENT_TICKER_WINDOW,MATERIALIZED_CERTIFIED_CURRENT_TICKER_WINDOW,2003-09-10,2004-11-16,2026-08-21,5774,300,5475,9aa9bf4ce0161a1da043acbeaa8cc3a86731af54301d14f1f262195a35642177,False,
TXT,EQUITY,CERTIFIED_CURRENT_TICKER_WINDOW,MATERIALIZED_CERTIFIED_CURRENT_TICKER_WINDOW,2003-09-10,2004-11-16,2026-08-21,5774,300,5475,a941178d57a223dbd816d30752c53ed7eee3b160582a3c578b53cbcadfbdc75b,False,
TYL,EQUITY,CERTIFIED_CURRENT_TICKER_WINDOW,MATERIALIZED_CERTIFIED_CURRENT_TICKER_WINDOW,2003-09-10,2004-11-16,2026-08-21,5774,300,5475,b8015cd60439f71db15e8cf43c3967ce35f154ada548c49c26870acc91790c30,False,
UAL,EQUITY,CERTIFIED_CURRENT_TICKER_WINDOW,MATERIALIZED_CERTIFIED_CURRENT_TICKER_WINDOW,2010-10-01,2011-12-07,2026-08-21,3996,300,3697,83aff793e275cfe2b7449e26ee5be1861e72d54934301760f59ac0bcfdf26047,False,
UBER,EQUITY,CERTIFIED_CURRENT_TICKER_WINDOW,MATERIALIZED_CERTIFIED_CURRENT_TICKER_WINDOW,2019-05-10,2020-07-17,2026-08-21,1831,300,1532,79a9795c88447d63aae1f7c2d60b333620639430f70f2e0811eb2af783402649,False,
UDR,EQUITY,CERTIFIED_CURRENT_TICKER_WINDOW,MATERIALIZED_CERTIFIED_CURRENT_TICKER_WINDOW,2003-09-10,2004-11-16,2026-08-21,5774,300,5475,e9cde92a535339d192e165bd53569f6a57f8683d9407b45e12989039ffd5e342,False,
UHS,EQUITY,CERTIFIED_CURRENT_TICKER_WINDOW,MATERIALIZED_CERTIFIED_CURRENT_TICKER_WINDOW,2003-09-10,2004-11-16,2026-08-21,5774,300,5475,dd7a066a89d2a263e1cfe696bc51f12378926cd761f53a520425e936b6e988c3,False,
ULTA,EQUITY,CERTIFIED_CURRENT_TICKER_WINDOW,MATERIALIZED_CERTIFIED_CURRENT_TICKER_WINDOW,2007-10-25,2009-01-02,2026-08-21,4735,300,4436,6b14779f3d7e5398236ec54403c547420ed93d7328f38b88955c85722e8a0cd1,False,
UNG,ETF,CERTIFIED_CURRENT_TICKER_WINDOW,MATERIALIZED_CERTIFIED_CURRENT_TICKER_WINDOW,2007-04-18,2008-06-24,2026-08-21,4868,300,4569,95279d74d99f306f0c2e447803c74c4650caa8f82279cf511058610f6e6490a9,False,
UNH,EQUITY,CERTIFIED_CURRENT_TICKER_WINDOW,MATERIALIZED_CERTIFIED_CURRENT_TICKER_WINDOW,2003-09-10,2004-11-16,2026-08-21,5774,300,5475,e1cceca3c24dff7e51121ce959ccd5d7445f282522967245a2b75fbc82ef24ed,False,
UNP,EQUITY,CERTIFIED_CURRENT_TICKER_WINDOW,MATERIALIZED_CERTIFIED_CURRENT_TICKER_WINDOW,2003-09-10,2004-11-16,2026-08-21,5774,300,5475,ee8eb3e1c706d61155f9396079d86afbbb83d817793c71b9070b22385693fcb7,False,
UPRO,ETF,CERTIFIED_CURRENT_TICKER_WINDOW,MATERIALIZED_CERTIFIED_CURRENT_TICKER_WINDOW,2009-06-25,2010-09-01,2026-08-21,4316,300,4017,da2a3f295f9b27ef3a7ec9ba0a8a2755550ea6bf7775fb5dd5e6db298ed57b29,False,
UPS,EQUITY,CERTIFIED_CURRENT_TICKER_WINDOW,MATERIALIZED_CERTIFIED_CURRENT_TICKER_WINDOW,2003-09-10,2004-11-16,2026-08-21,5774,300,5475,cad5cb572371c1e1d52be0df1b3189da4373e3d7a1c6c3a8d45e4bb7e66652d2,False,
URI,EQUITY,CERTIFIED_CURRENT_TICKER_WINDOW,MATERIALIZED_CERTIFIED_CURRENT_TICKER_WINDOW,2003-09-10,2004-11-16,2026-08-21,5774,300,5475,e1ee6e21cfd6621de4028587b8b04f6f1c96017ca666ae7294163a4d70b84eb4,False,
USB,EQUITY,CERTIFIED_CURRENT_TICKER_WINDOW,MATERIALIZED_CERTIFIED_CURRENT_TICKER_WINDOW,2003-09-10,2004-11-16,2026-08-21,5774,300,5475,af9c832babb19394951fd947b1e9aa5734b7ae024e01cfd0699a43e8dc1fffa1,False,
USMV,ETF,CERTIFIED_CURRENT_TICKER_WINDOW,MATERIALIZED_CERTIFIED_CURRENT_TICKER_WINDOW,2011-10-20,2013-01-10,2026-08-21,3723,300,3424,f87d5d2ee2fdaacceb609a6ac923e1dcd47e7c2694d91c07949a3fb1cb9f340f,False,
USO,ETF,CERTIFIED_CURRENT_TICKER_WINDOW,MATERIALIZED_CERTIFIED_CURRENT_TICKER_WINDOW,2006-04-10,2007-06-19,2026-08-21,5124,300,4825,f9ad826b88d1629385066338d041f146dc4750c41ce75e7e54989a0d73280942,False,
UVXY,ETF,CERTIFIED_CURRENT_TICKER_WINDOW,MATERIALIZED_CERTIFIED_CURRENT_TICKER_WINDOW,2011-10-04,2012-12-12,2026-08-21,3742,300,3443,7786f2b1b65f5cc686c5264f902e41a6b08096335c8d613b14a3a234aedff840,False,
V,EQUITY,CERTIFIED_CURRENT_TICKER_WINDOW,MATERIALIZED_CERTIFIED_CURRENT_TICKER_WINDOW,2008-03-19,2009-05-27,2026-08-21,4636,300,4337,8348a515e51d7f2417f00a89b05ac97c7e8aa9ce2f2ed0c1e1a47140595bfa9f,False,
VEA,ETF,CERTIFIED_CURRENT_TICKER_WINDOW,MATERIALIZED_CERTIFIED_CURRENT_TICKER_WINDOW,2007-07-26,2008-10-01,2026-08-21,4799,300,4500,85ff2d31b9cc61aaa1a6703433b5b44ba652f1f4f9be91cba6b7156c44005176,False,
VEEV,EQUITY,CERTIFIED_CURRENT_TICKER_WINDOW,MATERIALIZED_CERTIFIED_CURRENT_TICKER_WINDOW,2013-10-16,2014-12-23,2026-08-21,3231,300,2932,1e8ad10ee565f6bbcee672283cc0f84b9cfda019ebc59ae20db24d2a87c61d85,False,
VICI,EQUITY,CERTIFIED_CURRENT_TICKER_WINDOW,MATERIALIZED_CERTIFIED_CURRENT_TICKER_WINDOW,2018-02-01,2019-04-11,2026-08-21,2150,300,1851,fe306133088271f9ceb345e50bbe7b8fb9a5e35fe80aa53d582a4d694babac62,False,
VIG,ETF,CERTIFIED_CURRENT_TICKER_WINDOW,MATERIALIZED_CERTIFIED_CURRENT_TICKER_WINDOW,2006-04-27,2007-07-06,2026-08-21,5112,300,4813,2222202e96a6eb0bc64db16a53fdf798db1cb2ad9760f2b5f9a5f333f7e4c9cd,False,
VIXY,ETF,CERTIFIED_CURRENT_TICKER_WINDOW,MATERIALIZED_CERTIFIED_CURRENT_TICKER_WINDOW,2011-01-04,2012-03-13,2026-08-21,3931,300,3632,0baaa38591bceb322459e02a6536272c0bfdd9f8aca5263fbe3f39790fa1abec,False,
VLO,EQUITY,CERTIFIED_CURRENT_TICKER_WINDOW,MATERIALIZED_CERTIFIED_CURRENT_TICKER_WINDOW,2003-09-10,2004-11-16,2026-08-21,5774,300,5475,6e5c862bf541a5a52853cf38d0d41ccf602a15ce4a0b7af578120d7dc0dc9b60,False,
VLTO,EQUITY,CERTIFIED_CURRENT_TICKER_WINDOW,MATERIALIZED_CERTIFIED_CURRENT_TICKER_WINDOW,2023-10-02,2024-12-09,2026-08-21,725,300,426,b84ff446f84628684ddcf5aeee4c605f3ff77ed9519405336a45b41f4327615a,False,
VLUE,ETF,CERTIFIED_CURRENT_TICKER_WINDOW,MATERIALIZED_CERTIFIED_CURRENT_TICKER_WINDOW,2013-04-18,2014-10-14,2026-08-21,3270,300,2971,3614513e54e0a33d7004a409be0ce9dd599ca0ead11e9806824b4bae4319d9fe,False,
VMC,EQUITY,CERTIFIED_CURRENT_TICKER_WINDOW,MATERIALIZED_CERTIFIED_CURRENT_TICKER_WINDOW,2003-09-10,2004-11-16,2026-08-21,5774,300,5475,fcac3cf3cef7155fcf8490dea4f101fc08c529f39ef5e559f16278e4210cf66d,False,
VNQ,ETF,CERTIFIED_CURRENT_TICKER_WINDOW,MATERIALIZED_CERTIFIED_CURRENT_TICKER_WINDOW,2004-09-29,2005-12-05,2026-08-21,5509,300,5210,1647447c149bcd1f600daaa0be3a9cab9924354fa6e7d393b15ca07bdb8138a3,False,
VOO,ETF,CERTIFIED_CURRENT_TICKER_WINDOW,MATERIALIZED_CERTIFIED_CURRENT_TICKER_WINDOW,2010-09-09,2011-11-14,2026-08-21,4012,300,3713,0a15b5f0b9ba9941a02e461f7ce42c2bc9b29a807e5d4b4aa3aa1ed413028f4b,False,
VRSK,EQUITY,CERTIFIED_CURRENT_TICKER_WINDOW,MATERIALIZED_CERTIFIED_CURRENT_TICKER_WINDOW,2009-10-07,2010-12-14,2026-08-21,4244,300,3945,579c165df06ab47596317b78fcb802a0c7d98fc14ef2b1303194a4d5f3d6917c,False,
VRSN,EQUITY,CERTIFIED_CURRENT_TICKER_WINDOW,MATERIALIZED_CERTIFIED_CURRENT_TICKER_WINDOW,2003-09-10,2004-11-16,2026-08-21,5774,300,5475,cb7ffe42e98fbc5d0e6a91baea3e8b8a48728a9926648c6ff087029a7f7970fd,False,
VRT,EQUITY,CERTIFIED_CURRENT_TICKER_WINDOW,MATERIALIZED_CERTIFIED_CURRENT_TICKER_WINDOW,2020-02-10,2021-04-19,2026-08-21,1642,300,1343,da740017c1d3861f1f27e5691d8ecaf025afcbe373b020a231cf0639d1839df0,False,
VRTX,EQUITY,CERTIFIED_CURRENT_TICKER_WINDOW,MATERIALIZED_CERTIFIED_CURRENT_TICKER_WINDOW,2003-09-10,2004-11-16,2026-08-21,5772,300,5473,006c8fb78a5822306d9df8ae93c24ecdcc57c065963b4df0063e46a4071eafa3,False,
VST,EQUITY,CERTIFIED_CURRENT_TICKER_WINDOW,MATERIALIZED_CERTIFIED_CURRENT_TICKER_WINDOW,2017-05-10,2018-07-18,2026-08-21,2334,300,2035,1659be384ce4fa44f0d41bd19e297c01cc1573a0ac8b5827f718c747902db8dc,False,
VTI,ETF,CERTIFIED_CURRENT_TICKER_WINDOW,MATERIALIZED_CERTIFIED_CURRENT_TICKER_WINDOW,2003-09-10,2004-11-16,2026-08-21,5774,300,5475,0606125aa2f40c93d979e65db1c6d387c5e70dbcdec704dd1380d120da38d0be,False,
VTR,EQUITY,CERTIFIED_CURRENT_TICKER_WINDOW,MATERIALIZED_CERTIFIED_CURRENT_TICKER_WINDOW,2003-09-10,2004-11-16,2026-08-21,5774,300,5475,06627bc04a38236e62ecf96b49e4f77891465ff41eb4dc573a421873c5612769,False,
VTRS,EQUITY,CERTIFIED_CURRENT_TICKER_WINDOW,MATERIALIZED_CERTIFIED_CURRENT_TICKER_WINDOW,2020-11-17,2022-01-26,2026-08-21,1446,300,1147,10b65bbe2f8f01920cbbb764cf65b03a81365e79ded501408e902ff13f22bb33,False,
VTV,ETF,CERTIFIED_CURRENT_TICKER_WINDOW,MATERIALIZED_CERTIFIED_CURRENT_TICKER_WINDOW,2004-01-30,2005-04-08,2026-08-21,5676,300,5377,b070b51d1708756f865ca1d16bc77d2c81a167f2a9021ba04d6ce4716a3fa729,False,
VUG,ETF,CERTIFIED_CURRENT_TICKER_WINDOW,MATERIALIZED_CERTIFIED_CURRENT_TICKER_WINDOW,2004-01-30,2005-04-12,2026-08-21,5674,300,5375,35371725c694128b59826d0634e6a7db8656258b878add196f7a6b2d49bdde74,False,
VWO,ETF,CERTIFIED_CURRENT_TICKER_WINDOW,MATERIALIZED_CERTIFIED_CURRENT_TICKER_WINDOW,2005-03-10,2006-05-17,2026-08-21,5397,300,5098,a1e0ef8ca8a25ce5979db4bb5f8b5f500b951e43ee8f463637d0789228807c78,False,
VYM,ETF,CERTIFIED_CURRENT_TICKER_WINDOW,MATERIALIZED_CERTIFIED_CURRENT_TICKER_WINDOW,2006-11-16,2008-01-29,2026-08-21,4970,300,4671,755cf6328236b7f30e6853d716a0afbbc92c9c4f06ccb437ee0e4e9cc457b68f,False,
VZ,EQUITY,CERTIFIED_CURRENT_TICKER_WINDOW,MATERIALIZED_CERTIFIED_CURRENT_TICKER_WINDOW,2003-09-10,2004-11-16,2026-08-21,5774,300,5475,78209a76ba499b63aabe66fdcf88915cf7ba9991efee13f74a36bb92b62e22e9,False,
WAB,EQUITY,CERTIFIED_CURRENT_TICKER_WINDOW,MATERIALIZED_CERTIFIED_CURRENT_TICKER_WINDOW,2003-09-10,2004-11-16,2026-08-21,5774,300,5475,817d85d7b38fbe4345fded3103bd1fcc56c09487265ab2278fbac25e664b8b2e,False,
WAT,EQUITY,CERTIFIED_CURRENT_TICKER_WINDOW,MATERIALIZED_CERTIFIED_CURRENT_TICKER_WINDOW,2003-09-10,2004-11-16,2026-08-21,5774,300,5475,9f78d10705332b0b56660a2dce98429e281baade09e909e2c1a4f147034d3696,False,
WBD,EQUITY,CERTIFIED_CURRENT_TICKER_WINDOW,MATERIALIZED_CERTIFIED_CURRENT_TICKER_WINDOW,2022-04-11,2023-06-21,2026-08-21,1095,300,796,8330406ebea08da3cc1d54ee4a374e32aa8058982ebc60c5de02cb0d755ce5f0,False,
WDAY,EQUITY,CERTIFIED_CURRENT_TICKER_WINDOW,MATERIALIZED_CERTIFIED_CURRENT_TICKER_WINDOW,2012-10-12,2013-12-23,2026-08-21,3483,300,3184,43b7a68d164b954d935e2ff57d170a196dabddf9ad07c7edd04db566979810e6,False,
WDC,EQUITY,CERTIFIED_CURRENT_TICKER_WINDOW,MATERIALIZED_CERTIFIED_CURRENT_TICKER_WINDOW,2003-09-10,2004-11-16,2026-08-21,5774,300,5475,02a3361488b5a4911edc4592faaa96496d5355171c7505e8e88537cadb56c42e,False,
WEC,EQUITY,CERTIFIED_CURRENT_TICKER_WINDOW,MATERIALIZED_CERTIFIED_CURRENT_TICKER_WINDOW,2003-09-10,2004-11-16,2026-08-21,5774,300,5475,cab2c94eb339c6f4a915a2a01fc0391994a52337b975bc8fe423ffd7c12f1481,False,
WELL,EQUITY,CERTIFIED_CURRENT_TICKER_WINDOW,MATERIALIZED_CERTIFIED_CURRENT_TICKER_WINDOW,2018-02-28,2019-05-08,2026-08-21,2132,300,1833,e93703793cd527a15b5d0c997585b741765a8fc29dc5adbda8a44db32470ff9a,False,
WFC,EQUITY,CERTIFIED_CURRENT_TICKER_WINDOW,MATERIALIZED_CERTIFIED_CURRENT_TICKER_WINDOW,2003-09-10,2004-11-16,2026-08-21,5774,300,5475,51fd6be23d646ceaa83558d5bf07e635a36794f58b910bceb124f0f3b214ce1a,False,
WM,EQUITY,CERTIFIED_CURRENT_TICKER_WINDOW,MATERIALIZED_CERTIFIED_CURRENT_TICKER_WINDOW,2009-08-06,2010-10-13,2026-08-21,4287,300,3988,cf0024814289cbafed43d140cfb876a279d87f824f51090af14d8b9875a5e71e,False,
WMB,EQUITY,CERTIFIED_CURRENT_TICKER_WINDOW,MATERIALIZED_CERTIFIED_CURRENT_TICKER_WINDOW,2003-09-10,2004-11-16,2026-08-21,5774,300,5475,d789d342b30c19482e80f14bb6a99b31bd69e194c871091cdd843fad6c4ea533,False,
WMT,EQUITY,CERTIFIED_CURRENT_TICKER_WINDOW,MATERIALIZED_CERTIFIED_CURRENT_TICKER_WINDOW,2003-09-10,2004-11-16,2026-08-21,5774,300,5475,c535f10cc3c0d28fb70489cf84c3254bdcc22f0b8a36fa6a70ddbd9d109dfb60,False,
WRB,EQUITY,CERTIFIED_CURRENT_TICKER_WINDOW,MATERIALIZED_CERTIFIED_CURRENT_TICKER_WINDOW,2008-04-15,2009-06-22,2026-08-21,4618,300,4319,fea484b08a3d1fa8d6899974e413d48dfe90d5ec3d1d32a5a0ebacc3eb9a7435,False,
WSM,EQUITY,CERTIFIED_CURRENT_TICKER_WINDOW,MATERIALIZED_CERTIFIED_CURRENT_TICKER_WINDOW,2003-09-10,2004-11-16,2026-08-21,5774,300,5475,2241cc5fae98f0acc392c9f90a5a8668cc0456a5111fd3da38bcd1d166e34a9b,False,
WST,EQUITY,CERTIFIED_CURRENT_TICKER_WINDOW,MATERIALIZED_CERTIFIED_CURRENT_TICKER_WINDOW,2003-09-10,2004-11-16,2026-08-21,5774,300,5475,8bcac2f6d79e56b601487021e16d31cab27710ad98bc67a9fdc4b207394e65d0,False,
WTW,EQUITY,CERTIFIED_CURRENT_TICKER_WINDOW,MATERIALIZED_CERTIFIED_CURRENT_TICKER_WINDOW,2022-01-10,2023-03-21,2026-08-21,1158,300,859,1a184353c468b959abf9735e528a544209d4e855b728008a153ebd0aec888f60,False,
WY,EQUITY,CERTIFIED_CURRENT_TICKER_WINDOW,MATERIALIZED_CERTIFIED_CURRENT_TICKER_WINDOW,2003-09-10,2004-11-16,2026-08-21,5774,300,5475,d8dfb435c3ccf54a63c4900a0c052327b63892812128b15abbc2b6475a89a079,False,
WYNN,EQUITY,CERTIFIED_CURRENT_TICKER_WINDOW,MATERIALIZED_CERTIFIED_CURRENT_TICKER_WINDOW,2003-09-10,2004-11-16,2026-08-21,5774,300,5475,4a91d31645ebf96671c11a1126d2e1bebc0e9b21e50012661db6d77c465d713a,False,
XBI,ETF,CERTIFIED_CURRENT_TICKER_WINDOW,MATERIALIZED_CERTIFIED_CURRENT_TICKER_WINDOW,2006-02-06,2007-04-17,2026-08-21,5168,300,4869,4b4be15100dbe4d6e4ca03a7134c1b1b3ae91c2c1959dd2e797bdb4ae650ee40,False,
XEL,EQUITY,CERTIFIED_CURRENT_TICKER_WINDOW,MATERIALIZED_CERTIFIED_CURRENT_TICKER_WINDOW,2003-09-10,2004-11-16,2026-08-21,5774,300,5475,823947655785a62b97df472c24517a032b876a596fdc5fc0ed2d4a9ad4d800ee,False,
XHB,ETF,CERTIFIED_CURRENT_TICKER_WINDOW,MATERIALIZED_CERTIFIED_CURRENT_TICKER_WINDOW,2006-02-06,2007-04-17,2026-08-21,5168,300,4869,2b352263721c3cf39e8125c1abeed261fe2cdc46225b042847c2a2a5e99b294e,False,
XLB,ETF,CERTIFIED_CURRENT_TICKER_WINDOW,MATERIALIZED_CERTIFIED_CURRENT_TICKER_WINDOW,2003-09-10,2004-11-16,2026-08-21,5774,300,5475,201d59f8d883ffc113d735e269d69918442c102f7e5a62e4f0d64da7772e7ecf,False,
XLC,ETF,CERTIFIED_CURRENT_TICKER_WINDOW,MATERIALIZED_CERTIFIED_CURRENT_TICKER_WINDOW,2018-06-19,2019-08-27,2026-08-21,2055,300,1756,21d5836f3cdf0b1dedeac3997ac70f1d5aef6ce9db935c72f26e74ae90e5611a,False,
XLE,ETF,CERTIFIED_CURRENT_TICKER_WINDOW,MATERIALIZED_CERTIFIED_CURRENT_TICKER_WINDOW,2003-09-10,2004-11-16,2026-08-21,5774,300,5475,b85f6dd41e590f2133c809a8dc0385199be402da4b3babde625eb0603b3338ad,False,
XLF,ETF,CERTIFIED_CURRENT_TICKER_WINDOW,MATERIALIZED_CERTIFIED_CURRENT_TICKER_WINDOW,2003-09-10,2004-11-16,2026-08-21,5774,300,5475,da7a123962828d31d861907e8cf045674a72b2fc315abd0ad6af7781e0e4bb76,False,
XLI,ETF,CERTIFIED_CURRENT_TICKER_WINDOW,MATERIALIZED_CERTIFIED_CURRENT_TICKER_WINDOW,2003-09-10,2004-11-16,2026-08-21,5774,300,5475,2c8eab29cb0c0f71d848c5a9b98c8d5fd5038c69808e461e394cdbcc117695c3,False,
XLK,ETF,CERTIFIED_CURRENT_TICKER_WINDOW,MATERIALIZED_CERTIFIED_CURRENT_TICKER_WINDOW,2003-09-10,2004-11-16,2026-08-21,5774,300,5475,cd316b0b1a91186ff8160448e0b5c0196547ebff91b7f221ecf8913c84110113,False,
XLP,ETF,CERTIFIED_CURRENT_TICKER_WINDOW,MATERIALIZED_CERTIFIED_CURRENT_TICKER_WINDOW,2003-09-10,2004-11-16,2026-08-21,5774,300,5475,6633bd14796706550ad5e67a52d6202dd15bbb6db39fd976b0da83f6db00de1f,False,
XLRE,ETF,CERTIFIED_CURRENT_TICKER_WINDOW,MATERIALIZED_CERTIFIED_CURRENT_TICKER_WINDOW,2015-10-08,2016-12-23,2026-08-21,2726,300,2427,846ff58fd7aa7d07220af807d8ff714013009977a861b6cc1bde49332302afb6,False,
XLU,ETF,CERTIFIED_CURRENT_TICKER_WINDOW,MATERIALIZED_CERTIFIED_CURRENT_TICKER_WINDOW,2003-09-10,2004-11-16,2026-08-21,5774,300,5475,6adc8ed3265f4585c40e45592ad06674893b6d6892422ce7854518ac48ec1c6d,False,
XLV,ETF,CERTIFIED_CURRENT_TICKER_WINDOW,MATERIALIZED_CERTIFIED_CURRENT_TICKER_WINDOW,2003-09-10,2004-11-16,2026-08-21,5774,300,5475,242f08cfff22fa595fa4410462781cd662f40e2261da366abfc6b8e4e95a69e8,False,
XLY,ETF,CERTIFIED_CURRENT_TICKER_WINDOW,MATERIALIZED_CERTIFIED_CURRENT_TICKER_WINDOW,2003-09-10,2004-11-16,2026-08-21,5774,300,5475,9e930b13e9f5c372c5741e29099d4d35d721d4ce31833302ed1a470f463f202e,False,
XOM,EQUITY,CERTIFIED_CURRENT_TICKER_WINDOW,MATERIALIZED_CERTIFIED_CURRENT_TICKER_WINDOW,2003-09-10,2004-11-16,2026-08-21,5774,300,5475,b2b57a49f0a092d61b818fe249aa4584eed3a192cddcb35f3c23e62e63589ae4,False,
XOP,ETF,CERTIFIED_CURRENT_TICKER_WINDOW,MATERIALIZED_CERTIFIED_CURRENT_TICKER_WINDOW,2006-06-22,2007-08-31,2026-08-21,5072,300,4773,c3e7a30c631a5b8eee1be42b7c726b2926efdc48e1202b9ae53675cc9fb14898,False,
XPH,ETF,CERTIFIED_CURRENT_TICKER_WINDOW,MATERIALIZED_CERTIFIED_CURRENT_TICKER_WINDOW,2006-06-22,2007-09-27,2026-08-21,5049,300,4750,7f7aa535779a84502d47a88d53bc2f997f6b13c5d02ecab057a3e1e9d78223cf,False,
XRT,ETF,CERTIFIED_CURRENT_TICKER_WINDOW,MATERIALIZED_CERTIFIED_CURRENT_TICKER_WINDOW,2006-06-22,2007-09-04,2026-08-21,5071,300,4772,f4dfce2afab80d909cb95c6ea91fe70920e4f7de45551cdf85201c2bfec78598,False,
XYL,EQUITY,CERTIFIED_CURRENT_TICKER_WINDOW,MATERIALIZED_CERTIFIED_CURRENT_TICKER_WINDOW,2011-11-01,2013-01-11,2026-08-21,3722,300,3423,53f7160ba0f65b33f0decf5017f1bba52eca9097356663b08bc2bd5cfe07a45a,False,
XYZ,EQUITY,CERTIFIED_CURRENT_TICKER_WINDOW,MATERIALIZED_CERTIFIED_CURRENT_TICKER_WINDOW,2025-01-21,2026-03-31,2026-08-21,399,300,100,65a2cf5ffebb570a779f7269648e40525df8b0297889e4963f530df1a23bb3b5,False,
YUM,EQUITY,CERTIFIED_CURRENT_TICKER_WINDOW,MATERIALIZED_CERTIFIED_CURRENT_TICKER_WINDOW,2003-09-10,2004-11-16,2026-08-21,5774,300,5475,ca229962bcb68cf86f1ac9c883cb725f31a91d7eb0b540b1a3c44c047f20f3d7,False,
ZBH,EQUITY,CERTIFIED_CURRENT_TICKER_WINDOW,MATERIALIZED_CERTIFIED_CURRENT_TICKER_WINDOW,2015-06-30,2016-09-06,2026-08-21,2803,300,2504,296a3a5c89a92ea60aa2a8a4a9af637cb398cada7313e7e0297554162e6189e6,False,
ZBRA,EQUITY,CERTIFIED_CURRENT_TICKER_WINDOW,MATERIALIZED_CERTIFIED_CURRENT_TICKER_WINDOW,2003-09-10,2004-11-16,2026-08-21,5774,300,5475,80c180058147df5252ce4bfcff4b7e8c52313ac140d96e4fa559747a8a1120c2,False,
ZTS,EQUITY,CERTIFIED_CURRENT_TICKER_WINDOW,MATERIALIZED_CERTIFIED_CURRENT_TICKER_WINDOW,2013-02-01,2014-04-10,2026-08-21,3409,300,3110,685ffbe28e9d7f4c1c10c25751e71d2996aa668c72d50c9fd251283e2b4d5aa1,False,
