{
  "trades": 123,
  "wins": 63,
  "losses": 60,
  "win_rate": 0.5121951219512195,
  "gross_profit": 10012.100000000002,
  "gross_loss": 12855.00000000001,
  "profit_factor": 0.778848697005056,
  "expectancy": -23.113008130081358,
  "average_win": 158.92222222222225,
  "average_loss": -214.25000000000014,
  "largest_win": 308.59999999999957,
  "largest_loss": -444.9999999999999,
  "average_hold_days": 9.983739837398375,
  "net_pnl": -2842.900000000007,
  "return_pct": -0.02842900000000007
}