{
  "trades": 123,
  "wins": 57,
  "losses": 66,
  "win_rate": 0.4634146341463415,
  "gross_profit": 5783.400000000001,
  "gross_loss": 7378.200000000003,
  "profit_factor": 0.7838497194437666,
  "expectancy": -12.965853658536602,
  "average_win": 101.46315789473685,
  "average_loss": -111.79090909090912,
  "largest_win": 396.89999999999975,
  "largest_loss": -408.2000000000002,
  "average_hold_days": 6.861788617886178,
  "net_pnl": -1594.800000000002,
  "return_pct": -0.01594800000000002
}