{
  "trades": 123,
  "wins": 59,
  "losses": 64,
  "win_rate": 0.4796747967479675,
  "gross_profit": 7866.400000000002,
  "gross_loss": 7032.900000000002,
  "profit_factor": 1.1185144108404783,
  "expectancy": 6.776422764227642,
  "average_win": 133.32881355932207,
  "average_loss": -109.88906250000004,
  "largest_win": 308.59999999999957,
  "largest_loss": -230.25000000000017,
  "average_hold_days": 4.959349593495935,
  "net_pnl": 833.5,
  "return_pct": 0.008335
}