{
  "trades": 123,
  "wins": 56,
  "losses": 67,
  "win_rate": 0.45528455284552843,
  "gross_profit": 6760.520000000003,
  "gross_loss": 7744.000000000001,
  "profit_factor": 0.8730010330578516,
  "expectancy": -7.995772357723557,
  "average_win": 120.72357142857149,
  "average_loss": -115.58208955223881,
  "largest_win": 291.56000000000006,
  "largest_loss": -327.1200000000002,
  "average_hold_days": 6.666666666666667,
  "net_pnl": -983.4799999999975,
  "return_pct": -0.009834799999999975
}