{
  "trades": 123,
  "wins": 63,
  "losses": 60,
  "win_rate": 0.5121951219512195,
  "gross_profit": 8767.7,
  "gross_loss": 11331.700000000008,
  "profit_factor": 0.7737320966845217,
  "expectancy": -20.8455284552846,
  "average_win": 139.16984126984127,
  "average_loss": -188.8616666666668,
  "largest_win": 311.3999999999996,
  "largest_loss": -442.1999999999999,
  "average_hold_days": 9.983739837398375,
  "net_pnl": -2564.000000000006,
  "return_pct": -0.02564000000000006
}