{
  "trades": 123,
  "wins": 59,
  "losses": 64,
  "win_rate": 0.4796747967479675,
  "gross_profit": 9568.500000000002,
  "gross_loss": 10449.95000000001,
  "profit_factor": 0.9156503141163348,
  "expectancy": -7.166260162601686,
  "average_win": 162.17796610169495,
  "average_loss": -163.28046875000015,
  "largest_win": 308.59999999999957,
  "largest_loss": -334.9999999999997,
  "average_hold_days": 7.626016260162602,
  "net_pnl": -881.4500000000074,
  "return_pct": -0.008814500000000074
}