{
  "trades": 16,
  "wins": 9,
  "losses": 7,
  "win_rate": 0.5625,
  "gross_profit": 41470.45696855401,
  "gross_loss": 9489.139931019605,
  "profit_factor": 4.370307242808045,
  "expectancy": 1998.8323148459003,
  "average_win": 4607.828552061557,
  "average_loss": -1355.5914187170863,
  "largest_win": 9332.888868855181,
  "largest_loss": -2338.799295167036,
  "average_hold_days": 1.3125,
  "net_pnl": 31981.317037534405,
  "return_pct": 0.31981317037534407
}