{
  "trades": 123,
  "wins": 61,
  "losses": 62,
  "win_rate": 0.4959349593495935,
  "gross_profit": 7483.520000000002,
  "gross_loss": 6836.679999999999,
  "profit_factor": 1.0946131748158467,
  "expectancy": 5.258861788617916,
  "average_win": 122.68065573770495,
  "average_loss": -110.26903225806451,
  "largest_win": 248.56000000000037,
  "largest_loss": -257.68,
  "average_hold_days": 5.365853658536586,
  "net_pnl": 646.8400000000037,
  "return_pct": 0.0064684000000000364
}