{
  "trades": 119,
  "wins": 49,
  "losses": 70,
  "win_rate": 0.4117647058823529,
  "gross_profit": 6861.999999999998,
  "gross_loss": 11241.920000000006,
  "profit_factor": 0.6103939540576694,
  "expectancy": -36.80605042016813,
  "average_win": 140.04081632653057,
  "average_loss": -160.5988571428572,
  "largest_win": 348.1599999999996,
  "largest_loss": -339.04000000000013,
  "average_hold_days": 11.394957983193278,
  "net_pnl": -4379.920000000007,
  "return_pct": -0.04379920000000007
}