{
  "trades": 3,
  "wins": 2,
  "losses": 1,
  "win_rate": 0.6666666666666666,
  "gross_profit": 1121.692051382318,
  "gross_loss": 4597.208876973852,
  "profit_factor": 0.24399414544780926,
  "expectancy": -1158.5056085305114,
  "average_win": 560.846025691159,
  "average_loss": -4597.208876973852,
  "largest_win": 598.5999999881178,
  "largest_loss": -4597.208876973852,
  "average_hold_days": 1.0,
  "net_pnl": -3475.516825591534,
  "return_pct": -0.03475516825591534,
  "total_return": -0.03475516825591534,
  "max_drawdown_pct": 0.0,
  "max_drawdown_dollars": 0.0,
  "sharpe_ratio": 225.39828322908252,
  "sortino_ratio": 0.0,
  "calmar_ratio": 0.0,
  "avg_win": 560.846025691159,
  "avg_loss": 4597.208876973852,
  "payoff_ratio": 0.12199707272390463
}