{
  "trades": 123,
  "wins": 51,
  "losses": 72,
  "win_rate": 0.4146341463414634,
  "gross_profit": 8984.599999999999,
  "gross_loss": 13233.750000000005,
  "profit_factor": 0.6789156512704256,
  "expectancy": -34.54593495934965,
  "average_win": 176.16862745098035,
  "average_loss": -183.8020833333334,
  "largest_win": 476.4,
  "largest_loss": -444.9999999999999,
  "average_hold_days": 12.21951219512195,
  "net_pnl": -4249.150000000007,
  "return_pct": -0.04249150000000007
}