{
  "trades": 123,
  "wins": 67,
  "losses": 56,
  "win_rate": 0.5447154471544715,
  "gross_profit": 89227.96484968647,
  "gross_loss": 224241.3489709656,
  "profit_factor": 0.3979103999291387,
  "expectancy": -1097.6697896038952,
  "average_win": 1331.7606693983055,
  "average_loss": -4004.3098030529572,
  "largest_win": 6921.765705723064,
  "largest_loss": -25302.152256803238,
  "average_hold_days": 1.4552845528455285,
  "net_pnl": -135013.38412127912,
  "return_pct": -1.3501338412127912,
  "total_return": -1.3501338412127912,
  "max_drawdown_pct": -1.77618378461177,
  "max_drawdown_dollars": -182422.22154326376,
  "sharpe_ratio": -2.235628167836222,
  "sortino_ratio": -1.497868482777585,
  "calmar_ratio": -0.760131835967581,
  "avg_win": 1331.7606693983055,
  "avg_loss": 4004.3098030529572,
  "payoff_ratio": 0.33258182680644427
}