{
  "trades": 123,
  "wins": 56,
  "losses": 67,
  "win_rate": 0.45528455284552843,
  "gross_profit": 6419.400000000002,
  "gross_loss": 7744.000000000001,
  "profit_factor": 0.8289514462809919,
  "expectancy": -10.769105691056897,
  "average_win": 114.6321428571429,
  "average_loss": -115.58208955223881,
  "largest_win": 317.2399999999999,
  "largest_loss": -327.1200000000002,
  "average_hold_days": 6.861788617886178,
  "net_pnl": -1324.5999999999983,
  "return_pct": -0.013245999999999983
}