{
  "trades": 119,
  "wins": 36,
  "losses": 83,
  "win_rate": 0.3025210084033613,
  "gross_profit": 6327.959999999998,
  "gross_loss": 9233.200000000008,
  "profit_factor": 0.6853485248884452,
  "expectancy": -24.413781512605116,
  "average_win": 175.7766666666666,
  "average_loss": -111.243373493976,
  "largest_win": 355.23999999999944,
  "largest_loss": -240.5599999999997,
  "average_hold_days": 9.394957983193278,
  "net_pnl": -2905.240000000009,
  "return_pct": -0.02905240000000009
}