{
  "trades": 123,
  "wins": 60,
  "losses": 63,
  "win_rate": 0.4878048780487805,
  "gross_profit": 6893.600000000003,
  "gross_loss": 5991.000000000003,
  "profit_factor": 1.1506593223168085,
  "expectancy": 7.338211382113824,
  "average_win": 114.89333333333339,
  "average_loss": -95.09523809523814,
  "largest_win": 311.3999999999996,
  "largest_loss": -202.2,
  "average_hold_days": 4.959349593495935,
  "net_pnl": 902.6000000000004,
  "return_pct": 0.009026000000000003
}