{
  "trades": 123,
  "wins": 61,
  "losses": 62,
  "win_rate": 0.4959349593495935,
  "gross_profit": 8021.050000000003,
  "gross_loss": 8316.100000000004,
  "profit_factor": 0.9645206286600689,
  "expectancy": -2.3987804878048826,
  "average_win": 131.4926229508197,
  "average_loss": -134.13064516129037,
  "largest_win": 308.59999999999957,
  "largest_loss": -411.0000000000002,
  "average_hold_days": 5.943089430894309,
  "net_pnl": -295.0500000000006,
  "return_pct": -0.0029505000000000056
}