{
  "profile": "aggressive",
  "windows": 3,
  "winning_windows": 1,
  "total_trades": 24,
  "total_pnl": 31308.366996022054,
  "avg_return": 0.10436122332007351,
  "avg_pf": 1.7626689976505165,
  "consistency": 0.3333333333333333,
  "score": 50.623103466684576
}