{
  "profile": "aggressive",
  "windows": 3,
  "winning_windows": 1,
  "total_trades": 24,
  "total_pnl": 31308.366996022054,
  "avg_return": 0.10436122332007351,
  "avg_pf": 1.7626689976505165,
  "consistency": 0.3333333333333333,
  "score": 46.440436737258096,
  "avg_sharpe": 0.0,
  "avg_sortino": 0.0,
  "avg_drawdown": 0.0,
  "avg_risk_score": 0.0,
  "avg_train_sharpe": 0.0,
  "avg_train_sortino": 0.0,
  "avg_train_drawdown": 0.0,
  "avg_train_return": 0.0,
  "avg_train_pf": 0.0
}