{
  "trades": 123,
  "wins": 34,
  "losses": 89,
  "win_rate": 0.2764227642276423,
  "gross_profit": 7341.72,
  "gross_loss": 9694.399999999998,
  "profit_factor": 0.7573155636243607,
  "expectancy": -19.127479674796728,
  "average_win": 215.9329411764706,
  "average_loss": -108.92584269662919,
  "largest_win": 382.80000000000086,
  "largest_loss": -236.39999999999986,
  "average_hold_days": 11.1869918699187,
  "net_pnl": -2352.6799999999976,
  "return_pct": -0.023526799999999976
}