{
  "trades": 119,
  "wins": 44,
  "losses": 75,
  "win_rate": 0.3697478991596639,
  "gross_profit": 6335.839999999999,
  "gross_loss": 8268.000000000007,
  "profit_factor": 0.7663086598935648,
  "expectancy": -16.23663865546225,
  "average_win": 143.9963636363636,
  "average_loss": -110.2400000000001,
  "largest_win": 348.1599999999996,
  "largest_loss": -240.5599999999997,
  "average_hold_days": 8.529411764705882,
  "net_pnl": -1932.1600000000078,
  "return_pct": -0.019321600000000078
}