{
  "trades": 123,
  "wins": 55,
  "losses": 68,
  "win_rate": 0.44715447154471544,
  "gross_profit": 7230.100000000002,
  "gross_loss": 7154.700000000003,
  "profit_factor": 1.0105385271220315,
  "expectancy": 0.6130081300812956,
  "average_win": 131.45636363636368,
  "average_loss": -105.21617647058827,
  "largest_win": 363.3999999999999,
  "largest_loss": -230.25000000000017,
  "average_hold_days": 5.650406504065041,
  "net_pnl": 75.39999999999937,
  "return_pct": 0.0007539999999999937
}