{
  "trades": 123,
  "wins": 50,
  "losses": 73,
  "win_rate": 0.4065040650406504,
  "gross_profit": 7251.9,
  "gross_loss": 9523.800000000003,
  "profit_factor": 0.7614502614502612,
  "expectancy": -18.470731707317107,
  "average_win": 145.03799999999998,
  "average_loss": -130.46301369863016,
  "largest_win": 364.79999999999995,
  "largest_loss": -332.1999999999997,
  "average_hold_days": 9.609756097560975,
  "net_pnl": -2271.900000000004,
  "return_pct": -0.02271900000000004
}