{
  "trades": 123,
  "wins": 39,
  "losses": 84,
  "win_rate": 0.3170731707317073,
  "gross_profit": 7386.0,
  "gross_loss": 10946.700000000008,
  "profit_factor": 0.6747238893913229,
  "expectancy": -28.948780487804935,
  "average_win": 189.3846153846154,
  "average_loss": -130.31785714285724,
  "largest_win": 479.2,
  "largest_loss": -332.1999999999997,
  "average_hold_days": 12.926829268292684,
  "net_pnl": -3560.700000000007,
  "return_pct": -0.03560700000000007
}