{
  "trades": 123,
  "wins": 50,
  "losses": 73,
  "win_rate": 0.4065040650406504,
  "gross_profit": 8597.55,
  "gross_loss": 10776.700000000004,
  "profit_factor": 0.7977906038026479,
  "expectancy": -17.716666666666708,
  "average_win": 171.951,
  "average_loss": -147.62602739726034,
  "largest_win": 363.3999999999999,
  "largest_loss": -334.9999999999997,
  "average_hold_days": 9.609756097560975,
  "net_pnl": -2179.150000000005,
  "return_pct": -0.02179150000000005
}