{
  "trades": 119,
  "wins": 57,
  "losses": 62,
  "win_rate": 0.4789915966386555,
  "gross_profit": 6513.279999999999,
  "gross_loss": 6300.320000000004,
  "profit_factor": 1.0338014577037349,
  "expectancy": 1.789579831932728,
  "average_win": 114.26807017543858,
  "average_loss": -101.6180645161291,
  "largest_win": 244.83999999999952,
  "largest_loss": -240.5599999999997,
  "average_hold_days": 5.016806722689076,
  "net_pnl": 212.95999999999464,
  "return_pct": 0.0021295999999999464
}