{
  "trades": 52,
  "wins": 30,
  "losses": 22,
  "win_rate": 0.5769230769230769,
  "gross_profit": 92516.95898825544,
  "gross_loss": 42713.603903624935,
  "profit_factor": 2.1659834463278314,
  "expectancy": 957.7568285505869,
  "average_win": 3083.898632941848,
  "average_loss": -1941.5274501647698,
  "largest_win": 10437.396105060743,
  "largest_loss": -4545.339657006453,
  "average_hold_days": 1.4615384615384615,
  "net_pnl": 49803.355084630515,
  "return_pct": 0.49803355084630513
}