{
  "trades": 119,
  "wins": 41,
  "losses": 78,
  "win_rate": 0.3445378151260504,
  "gross_profit": 6527.5999999999985,
  "gross_loss": 13502.400000000007,
  "profit_factor": 0.48343998104040725,
  "expectancy": -58.61176470588243,
  "average_win": 159.20975609756093,
  "average_loss": -173.1076923076924,
  "largest_win": 418.8400000000005,
  "largest_loss": -378.88000000000034,
  "average_hold_days": 15.77310924369748,
  "net_pnl": -6974.800000000009,
  "return_pct": -0.06974800000000009
}