{
  "trades": 123,
  "wins": 53,
  "losses": 70,
  "win_rate": 0.43089430894308944,
  "gross_profit": 8069.080000000001,
  "gross_loss": 8233.12,
  "profit_factor": 0.9800755971004916,
  "expectancy": -1.333658536585358,
  "average_win": 152.2467924528302,
  "average_loss": -117.61600000000001,
  "largest_win": 248.56000000000037,
  "largest_loss": -236.39999999999986,
  "average_hold_days": 6.284552845528455,
  "net_pnl": -164.03999999999903,
  "return_pct": -0.0016403999999999902
}