{
  "trades": 123,
  "wins": 56,
  "losses": 67,
  "win_rate": 0.45528455284552843,
  "gross_profit": 6200.500000000002,
  "gross_loss": 6105.800000000002,
  "profit_factor": 1.0155098431000031,
  "expectancy": 0.7699186991869893,
  "average_win": 110.72321428571432,
  "average_loss": -91.13134328358213,
  "largest_win": 364.79999999999995,
  "largest_loss": -202.2,
  "average_hold_days": 5.650406504065041,
  "net_pnl": 94.69999999999969,
  "return_pct": 0.0009469999999999969
}