{
  "trades": 123,
  "wins": 47,
  "losses": 76,
  "win_rate": 0.3821138211382114,
  "gross_profit": 7715.6799999999985,
  "gross_loss": 8556.919999999998,
  "profit_factor": 0.901688925454486,
  "expectancy": -6.839349593495928,
  "average_win": 164.1634042553191,
  "average_loss": -112.59105263157892,
  "largest_win": 291.56000000000006,
  "largest_loss": -236.39999999999986,
  "average_hold_days": 8.373983739837398,
  "net_pnl": -841.2399999999992,
  "return_pct": -0.008412399999999992
}