{
  "trades": 123,
  "wins": 46,
  "losses": 77,
  "win_rate": 0.37398373983739835,
  "gross_profit": 7910.879999999998,
  "gross_loss": 8712.359999999997,
  "profit_factor": 0.9080065562029118,
  "expectancy": -6.516097560975602,
  "average_win": 171.975652173913,
  "average_loss": -113.14753246753243,
  "largest_win": 382.80000000000086,
  "largest_loss": -236.39999999999986,
  "average_hold_days": 9.398373983739837,
  "net_pnl": -801.4799999999991,
  "return_pct": -0.00801479999999999
}