{
  "trades": 119,
  "wins": 54,
  "losses": 65,
  "win_rate": 0.453781512605042,
  "gross_profit": 5517.720000000001,
  "gross_loss": 7400.440000000004,
  "profit_factor": 0.7455935052510388,
  "expectancy": -15.821176470588254,
  "average_win": 102.18000000000002,
  "average_loss": -113.85292307692315,
  "largest_win": 313.36000000000047,
  "largest_loss": -286.96,
  "average_hold_days": 6.73109243697479,
  "net_pnl": -1882.7200000000023,
  "return_pct": -0.018827200000000023
}