{
  "trades": 123,
  "wins": 56,
  "losses": 67,
  "win_rate": 0.45528455284552843,
  "gross_profit": 6419.400000000002,
  "gross_loss": 6978.079999999999,
  "profit_factor": 0.9199378625639149,
  "expectancy": -4.542113821138184,
  "average_win": 114.6321428571429,
  "average_loss": -104.15044776119402,
  "largest_win": 317.2399999999999,
  "largest_loss": -257.68,
  "average_hold_days": 6.284552845528455,
  "net_pnl": -558.6799999999967,
  "return_pct": -0.0055867999999999664
}