{
  "trades": 123,
  "wins": 61,
  "losses": 62,
  "win_rate": 0.4959349593495935,
  "gross_profit": 9371.150000000001,
  "gross_loss": 9729.700000000006,
  "profit_factor": 0.9631489151772403,
  "expectancy": -2.915040650406539,
  "average_win": 153.6254098360656,
  "average_loss": -156.9306451612904,
  "largest_win": 308.59999999999957,
  "largest_loss": -334.9999999999997,
  "average_hold_days": 7.170731707317073,
  "net_pnl": -358.55000000000433,
  "return_pct": -0.0035855000000000435
}