{
  "trades": 123,
  "wins": 43,
  "losses": 80,
  "win_rate": 0.34959349593495936,
  "gross_profit": 9044.9,
  "gross_loss": 15516.850000000008,
  "profit_factor": 0.5829082577971686,
  "expectancy": -52.61747967479682,
  "average_win": 210.34651162790698,
  "average_loss": -193.9606250000001,
  "largest_win": 476.4,
  "largest_loss": -486.0000000000002,
  "average_hold_days": 15.577235772357724,
  "net_pnl": -6471.950000000009,
  "return_pct": -0.06471950000000008
}