{
  "trades": 123,
  "wins": 49,
  "losses": 74,
  "win_rate": 0.3983739837398374,
  "gross_profit": 8283.599999999999,
  "gross_loss": 10022.52,
  "profit_factor": 0.826498724871589,
  "expectancy": -14.137560975609777,
  "average_win": 169.05306122448977,
  "average_loss": -135.43945945945947,
  "largest_win": 382.80000000000086,
  "largest_loss": -292.9200000000007,
  "average_hold_days": 10.642276422764228,
  "net_pnl": -1738.9200000000026,
  "return_pct": -0.017389200000000025
}