{
  "trades": 123,
  "wins": 52,
  "losses": 71,
  "win_rate": 0.42276422764227645,
  "gross_profit": 8280.599999999999,
  "gross_loss": 11677.280000000002,
  "profit_factor": 0.7091206171300163,
  "expectancy": -27.61528455284557,
  "average_win": 159.24230769230766,
  "average_loss": -164.46873239436624,
  "largest_win": 291.56000000000006,
  "largest_loss": -354.32,
  "average_hold_days": 11.178861788617887,
  "net_pnl": -3396.680000000005,
  "return_pct": -0.03396680000000005
}