{
  "trades": 123,
  "wins": 57,
  "losses": 66,
  "win_rate": 0.4634146341463415,
  "gross_profit": 6203.4000000000015,
  "gross_loss": 6561.800000000001,
  "profit_factor": 0.9453808406229999,
  "expectancy": -2.9138211382113783,
  "average_win": 108.83157894736844,
  "average_loss": -99.42121212121214,
  "largest_win": 364.79999999999995,
  "largest_loss": -321.40000000000003,
  "average_hold_days": 6.0894308943089435,
  "net_pnl": -358.3999999999995,
  "return_pct": -0.003583999999999995
}