{
  "trades": 123,
  "wins": 46,
  "losses": 77,
  "win_rate": 0.37398373983739835,
  "gross_profit": 7108.999999999999,
  "gross_loss": 8252.600000000002,
  "profit_factor": 0.861425490148559,
  "expectancy": -9.297560975609787,
  "average_win": 154.54347826086953,
  "average_loss": -107.17662337662341,
  "largest_win": 479.2,
  "largest_loss": -235.79999999999984,
  "average_hold_days": 9.398373983739837,
  "net_pnl": -1143.6000000000038,
  "return_pct": -0.011436000000000038
}