{
  "trades": 123,
  "wins": 44,
  "losses": 79,
  "win_rate": 0.35772357723577236,
  "gross_profit": 7699.9,
  "gross_loss": 13894.600000000008,
  "profit_factor": 0.5541649273818603,
  "expectancy": -50.3634146341464,
  "average_win": 174.99772727272727,
  "average_loss": -175.88101265822795,
  "largest_win": 479.2,
  "largest_loss": -483.2000000000002,
  "average_hold_days": 15.577235772357724,
  "net_pnl": -6194.700000000007,
  "return_pct": -0.06194700000000007
}