{
  "trades": 16,
  "wins": 8,
  "losses": 8,
  "win_rate": 0.5,
  "gross_profit": 14640.523153263268,
  "gross_loss": 28409.9492899024,
  "profit_factor": 0.5153308442710551,
  "expectancy": -860.5891335399458,
  "average_win": 1830.0653941579085,
  "average_loss": -3551.2436612378,
  "largest_win": 4131.90634573184,
  "largest_loss": -8389.485340949099,
  "average_hold_days": 1.375,
  "net_pnl": -13769.426136639133,
  "return_pct": -0.13769426136639132
}