{
  "trades": 123,
  "wins": 59,
  "losses": 64,
  "win_rate": 0.4796747967479675,
  "gross_profit": 7294.040000000003,
  "gross_loss": 6551.680000000001,
  "profit_factor": 1.1133083422877799,
  "expectancy": 6.035447154471554,
  "average_win": 123.62779661016954,
  "average_loss": -102.37000000000002,
  "largest_win": 248.56000000000037,
  "largest_loss": -236.39999999999986,
  "average_hold_days": 4.959349593495935,
  "net_pnl": 742.3600000000012,
  "return_pct": 0.007423600000000011
}