{
  "trades": 123,
  "wins": 51,
  "losses": 72,
  "win_rate": 0.4146341463414634,
  "gross_profit": 7545.5999999999985,
  "gross_loss": 11936.100000000004,
  "profit_factor": 0.6321662854701281,
  "expectancy": -35.69512195121956,
  "average_win": 147.95294117647055,
  "average_loss": -165.77916666666673,
  "largest_win": 479.2,
  "largest_loss": -442.1999999999999,
  "average_hold_days": 12.21951219512195,
  "net_pnl": -4390.500000000006,
  "return_pct": -0.04390500000000006
}