{
  "trades": 7,
  "wins": 4,
  "losses": 3,
  "win_rate": 0.5714285714285714,
  "gross_profit": 19331.19091024142,
  "gross_loss": 3465.0380479847263,
  "profit_factor": 5.57892601539671,
  "expectancy": 2266.5932660366707,
  "average_win": 4832.797727560355,
  "average_loss": -1155.0126826615754,
  "largest_win": 9332.888868855181,
  "largest_loss": -2014.6731986629447,
  "average_hold_days": 1.2857142857142858,
  "net_pnl": 15866.152862256695,
  "return_pct": 0.15866152862256694,
  "total_return": 0.158661528622567,
  "max_drawdown_pct": -0.027442647177936107,
  "max_drawdown_dollars": -3143.4385518659547,
  "sharpe_ratio": 7.288925803793461,
  "sortino_ratio": 21.876736513709375,
  "calmar_ratio": 5.781567922140211,
  "avg_win": 4832.797727560355,
  "avg_loss": 1155.0126826615754,
  "payoff_ratio": 4.184194511547532
}