{
  "trades": 119,
  "wins": 48,
  "losses": 71,
  "win_rate": 0.40336134453781514,
  "gross_profit": 6692.639999999998,
  "gross_loss": 11506.600000000006,
  "profit_factor": 0.5816348878035209,
  "expectancy": -40.45344537815132,
  "average_win": 139.42999999999995,
  "average_loss": -162.06478873239445,
  "largest_win": 418.8400000000005,
  "largest_loss": -339.04000000000013,
  "average_hold_days": 12.352941176470589,
  "net_pnl": -4813.960000000007,
  "return_pct": -0.048139600000000074
}