{
  "trades": 34,
  "wins": 18,
  "losses": 16,
  "win_rate": 0.5294117647058824,
  "gross_profit": 42661.788171435895,
  "gross_loss": 30674.726739672267,
  "profit_factor": 1.3907797299547093,
  "expectancy": 352.560630345989,
  "average_win": 2370.09934285755,
  "average_loss": -1917.1704212295167,
  "largest_win": 6740.018653613568,
  "largest_loss": -4545.339657006453,
  "average_hold_days": 1.4411764705882353,
  "net_pnl": 11987.061431763626,
  "return_pct": 0.11987061431763626
}