{
  "trades": 123,
  "wins": 57,
  "losses": 66,
  "win_rate": 0.4634146341463415,
  "gross_profit": 6203.4000000000015,
  "gross_loss": 7378.200000000003,
  "profit_factor": 0.8407741725624135,
  "expectancy": -9.55121951219513,
  "average_win": 108.83157894736844,
  "average_loss": -111.79090909090912,
  "largest_win": 364.79999999999995,
  "largest_loss": -408.2000000000002,
  "average_hold_days": 6.666666666666667,
  "net_pnl": -1174.800000000001,
  "return_pct": -0.01174800000000001
}