{
  "trades": 123,
  "wins": 67,
  "losses": 56,
  "win_rate": 0.5447154471544715,
  "gross_profit": 174175.85573666156,
  "gross_loss": 167578.68684665626,
  "profit_factor": 1.0393675891257106,
  "expectancy": 53.63551943093757,
  "average_win": 2599.63963786062,
  "average_loss": -2992.4765508331475,
  "largest_win": 10437.396105060743,
  "largest_loss": -18422.55293687531,
  "average_hold_days": 1.4634146341463414,
  "net_pnl": 6597.168890005321,
  "return_pct": 0.06597168890005321
}