{
  "trades": 123,
  "wins": 42,
  "losses": 81,
  "win_rate": 0.34146341463414637,
  "gross_profit": 8650.4,
  "gross_loss": 12079.400000000009,
  "profit_factor": 0.7161282845174424,
  "expectancy": -27.878048780487884,
  "average_win": 205.96190476190475,
  "average_loss": -149.1283950617285,
  "largest_win": 363.3999999999999,
  "largest_loss": -334.9999999999997,
  "average_hold_days": 10.853658536585366,
  "net_pnl": -3429.0000000000095,
  "return_pct": -0.0342900000000001
}