{
  "trades": 123,
  "wins": 51,
  "losses": 72,
  "win_rate": 0.4146341463414634,
  "gross_profit": 8474.679999999998,
  "gross_loss": 12031.120000000003,
  "profit_factor": 0.70439659815545,
  "expectancy": -28.91414634146345,
  "average_win": 166.17019607843133,
  "average_loss": -167.09888888888892,
  "largest_win": 382.80000000000086,
  "largest_loss": -354.32,
  "average_hold_days": 12.21951219512195,
  "net_pnl": -3556.440000000004,
  "return_pct": -0.035564400000000045
}