{
  "trades": 119,
  "wins": 45,
  "losses": 74,
  "win_rate": 0.37815126050420167,
  "gross_profit": 7181.879999999997,
  "gross_loss": 13077.880000000006,
  "profit_factor": 0.5491624024689012,
  "expectancy": -49.546218487395045,
  "average_win": 159.59733333333327,
  "average_loss": -176.7281081081082,
  "largest_win": 355.23999999999944,
  "largest_loss": -378.88000000000034,
  "average_hold_days": 13.789915966386555,
  "net_pnl": -5896.00000000001,
  "return_pct": -0.0589600000000001
}