{
  "trades": 24,
  "wins": 17,
  "losses": 7,
  "win_rate": 0.7083333333333334,
  "gross_profit": 1511.5999999999983,
  "gross_loss": 1015.600000000001,
  "profit_factor": 1.4883812524615958,
  "expectancy": 20.666666666666554,
  "average_win": 88.91764705882343,
  "average_loss": -145.08571428571443,
  "largest_win": 278.80000000000024,
  "largest_loss": -216.10000000000056,
  "average_hold_days": 3.4166666666666665,
  "net_pnl": 495.99999999999727,
  "return_pct": 0.004959999999999973
}