{
  "trades": 119,
  "wins": 60,
  "losses": 59,
  "win_rate": 0.5042016806722689,
  "gross_profit": 8598.079999999994,
  "gross_loss": 10987.680000000006,
  "profit_factor": 0.7825200588295245,
  "expectancy": -20.08067226890766,
  "average_win": 143.30133333333325,
  "average_loss": -186.23186440677975,
  "largest_win": 244.83999999999952,
  "largest_loss": -378.88000000000034,
  "average_hold_days": 10.176470588235293,
  "net_pnl": -2389.6000000000113,
  "return_pct": -0.02389600000000011
}