{
  "trades": 119,
  "wins": 54,
  "losses": 65,
  "win_rate": 0.453781512605042,
  "gross_profit": 5517.720000000001,
  "gross_loss": 6709.000000000003,
  "profit_factor": 0.8224355343568339,
  "expectancy": -10.01075630252102,
  "average_win": 102.18000000000002,
  "average_loss": -103.21538461538466,
  "largest_win": 313.36000000000047,
  "largest_loss": -240.5599999999997,
  "average_hold_days": 6.168067226890757,
  "net_pnl": -1191.2800000000013,
  "return_pct": -0.011912800000000013
}