{
  "trades": 123,
  "wins": 63,
  "losses": 60,
  "win_rate": 0.5121951219512195,
  "gross_profit": 9298.640000000001,
  "gross_loss": 11780.440000000008,
  "profit_factor": 0.7893287517274393,
  "expectancy": -20.177235772357776,
  "average_win": 147.59746031746033,
  "average_loss": -196.3406666666668,
  "largest_win": 248.56000000000037,
  "largest_loss": -380.2799999999996,
  "average_hold_days": 9.983739837398375,
  "net_pnl": -2481.8000000000065,
  "return_pct": -0.024818000000000066
}