{
  "trades": 123,
  "wins": 38,
  "losses": 85,
  "win_rate": 0.3089430894308943,
  "gross_profit": 7451.719999999999,
  "gross_loss": 9426.719999999998,
  "profit_factor": 0.7904891627204373,
  "expectancy": -16.05691056910568,
  "average_win": 196.09789473684208,
  "average_loss": -110.90258823529409,
  "largest_win": 291.56000000000006,
  "largest_loss": -236.39999999999986,
  "average_hold_days": 9.211382113821138,
  "net_pnl": -1974.9999999999984,
  "return_pct": -0.019749999999999983
}