{
  "trades": 123,
  "wins": 62,
  "losses": 61,
  "win_rate": 0.5040650406504065,
  "gross_profit": 7051.7000000000035,
  "gross_loss": 6423.600000000002,
  "profit_factor": 1.0977800610249706,
  "expectancy": 5.10650406504066,
  "average_win": 113.7370967741936,
  "average_loss": -105.30491803278692,
  "largest_win": 311.3999999999996,
  "largest_loss": -321.40000000000003,
  "average_hold_days": 5.365853658536586,
  "net_pnl": 628.1000000000012,
  "return_pct": 0.006281000000000011
}