{
  "trades": 119,
  "wins": 36,
  "losses": 83,
  "win_rate": 0.3025210084033613,
  "gross_profit": 6157.08,
  "gross_loss": 10967.440000000011,
  "profit_factor": 0.5613962784387235,
  "expectancy": -40.423193277311015,
  "average_win": 171.03,
  "average_loss": -132.13783132530133,
  "largest_win": 418.8400000000005,
  "largest_loss": -291.52000000000004,
  "average_hold_days": 13.067226890756302,
  "net_pnl": -4810.360000000011,
  "return_pct": -0.04810360000000011
}