{
  "trades": 123,
  "wins": 56,
  "losses": 67,
  "win_rate": 0.45528455284552843,
  "gross_profit": 7232.350000000001,
  "gross_loss": 8464.100000000002,
  "profit_factor": 0.8544736002646471,
  "expectancy": -10.014227642276435,
  "average_win": 129.14910714285716,
  "average_loss": -126.32985074626869,
  "largest_win": 363.3999999999999,
  "largest_loss": -411.0000000000002,
  "average_hold_days": 6.666666666666667,
  "net_pnl": -1231.7500000000014,
  "return_pct": -0.012317500000000014
}