{
  "as_of_date": "2026-07-20",
  "confidence": 0.5384615384615384,
  "credit_risk_spread": 0.014266613432653563,
  "dollar_return_21d": null,
  "equity_dollar_spread": null,
  "equity_gold_spread": 0.05556519838851404,
  "equity_oil_spread": -0.09722307099955008,
  "equity_return_21d": 0.0015250551302403714,
  "equity_treasury_spread": 0.006630306615850401,
  "equity_volatility_spread": null,
  "feature_version": "m35.phase5.step2.v1",
  "gold_return_21d": -0.054040143258273665,
  "governance_reasons": [],
  "governance_status": "READY",
  "growth_relative_strength_21d": -0.03813356137863322,
  "high_yield_return_21d": -0.0006271547679982392,
  "investment_grade_return_21d": -0.014893768200651802,
  "long_duration_relative_strength_21d": -0.02315841571760935,
  "market_state": "RISK_ON",
  "oil_return_21d": 0.09874812612979045,
  "risk_off_score": 0.0,
  "risk_on_score": 0.5384615384615384,
  "small_cap_relative_strength_21d": 0.006857698543175639,
  "treasury_return_21d": -0.0051052514856100295,
  "volatility_return_21d": null
}
