{
  "trades": 84,
  "wins": 36,
  "losses": 48,
  "win_rate": 0.42857142857142855,
  "gross_profit": 38062.0,
  "gross_loss": 42388.000000000015,
  "profit_factor": 0.897942814003963,
  "expectancy": -51.50000000000012,
  "average_win": 1057.2777777777778,
  "average_loss": -883.0833333333336,
  "largest_win": 1649.000000000001,
  "largest_loss": -1647.0,
  "average_hold_days": 9.880952380952381,
  "net_pnl": -4326.00000000001,
  "return_pct": -0.0432600000000001
}