{
  "trades": 123,
  "wins": 56,
  "losses": 67,
  "win_rate": 0.45528455284552843,
  "gross_profit": 6809.150000000001,
  "gross_loss": 7602.6500000000015,
  "profit_factor": 0.8956284979579487,
  "expectancy": -6.451219512195126,
  "average_win": 121.5919642857143,
  "average_loss": -113.47238805970152,
  "largest_win": 395.4999999999997,
  "largest_loss": -324.20000000000005,
  "average_hold_days": 6.284552845528455,
  "net_pnl": -793.5000000000006,
  "return_pct": -0.007935000000000006
}