expiry,dte,strike,option_type,moneyness,delta,implied_volatility,bid,ask,mid,spread_pct
2026-07-27,3,510.0,PUT,0.6904207573736837,-0.0005908886100511666,1.2879850977301661,0.0,0.01,0.005,
2026-07-27,3,515.0,PUT,0.6971895883283277,-0.0006055169918354745,1.256383019971214,0.0,0.01,0.005,
2026-07-27,3,520.0,PUT,0.7039584192829715,-0.0006207395349420525,1.2250895183378034,0.0,0.01,0.005,
2026-07-27,3,525.0,PUT,0.7107272502376155,-0.0006365964468281434,1.1940990872761197,0.0,0.01,0.005,
2026-07-27,3,530.0,PUT,0.7174960811922595,-0.0010105661400581069,1.2274114345129694,0.0,0.01,0.005,
2026-07-27,3,545.0,PUT,0.7378025740561914,-0.0007072507364630944,1.0730544908651376,0.0,0.01,0.005,
2026-07-27,3,550.0,PUT,0.7445714050108353,-0.0007269803795316159,1.0434959675605742,0.0,0.01,0.005,
2026-07-27,3,555.0,PUT,0.7513402359654793,-0.0007476579222582317,1.0142083639539627,0.0,0.01,0.005,
2026-07-27,3,560.0,PUT,0.7581090669201233,-0.0007693547241910563,0.985186867287491,0.0,0.01,0.005,
2026-07-27,3,565.0,PUT,0.7648778978747672,-0.0007921494602446045,0.9564268024254337,0.0,0.01,0.005,
2026-07-27,3,570.0,PUT,0.7716467288294112,-0.0008161290824536762,0.9279236280146028,0.0,0.01,0.005,
2026-07-27,3,575.0,PUT,0.7784155597840551,-0.0008413899373559711,0.8996729331355813,0.0,0.01,0.005,
2026-07-27,3,580.0,PUT,0.7851843907386991,-0.0008680390691594489,0.8716704340245225,0.0,0.01,0.005,
2026-07-27,3,590.0,PUT,0.798722052647987,-0.0009259932529780058,0.8163935102147558,0.0,0.01,0.005,
2026-07-27,3,595.0,PUT,0.805490883602631,-0.000957581014661589,0.7891111333528078,0.0,0.01,0.005,
2026-07-27,3,605.0,PUT,0.8190285455119188,-0.001026854732289847,0.7352250452104582,0.0,0.01,0.005,
2026-07-27,3,610.0,PUT,0.8257973764665628,-0.0010650669274343064,0.7060288110065844,0.0,0.01,0.005,
2026-07-27,3,615.0,PUT,0.8325662074212068,-0.0011061560600268707,0.6770301651422437,0.0,0.01,0.005,
2026-07-27,3,620.0,PUT,0.8393350383758508,-0.0011504983027342504,0.6482678214869384,0.0,0.01,0.005,
2026-07-27,3,625.0,PUT,0.8461038693304948,-0.0011985085428290463,0.6197382526094857,0.0,0.01,0.005,
2026-07-27,3,625.0,CALL,0.8461038693304948,0.9905141599476562,0.7929853547961004,111.82,115.35,113.585,0.031078047277369382
2026-07-27,3,630.0,PUT,0.8528727002851386,-0.0012506747112267305,0.591438050157213,0.0,0.01,0.005,
2026-07-27,3,635.0,PUT,0.8596415312397826,-0.0013075387959694557,0.5633629647267597,0.0,0.01,0.005,
2026-07-27,3,640.0,PUT,0.8664103621944266,-0.0013698102956538301,0.5355105058918624,0.0,0.01,0.005,
2026-07-27,3,645.0,PUT,0.8731791931490706,-0.0014382928334615065,0.5078771037778005,0.0,0.01,0.005,
2026-07-27,3,650.0,PUT,0.8799480241037145,-0.001513985949736095,0.4804599084398027,0.0,0.01,0.005,
2026-07-27,3,655.0,CALL,0.8867168550583584,0.9876410935684932,0.5958379106195588,81.83,85.36,83.595,0.04222740594533167
2026-07-27,3,655.0,PUT,0.8867168550583584,-0.0015980917278054082,0.453255745918833,0.01,0.02,0.015,0.6666666666666667
2026-07-27,3,660.0,PUT,0.8934856860130024,-0.0016921123803668777,0.42626190939401876,0.01,0.02,0.015,0.6666666666666667
2026-07-27,3,665.0,PUT,0.9002545169676464,-0.0017979247270076527,0.39947579564692315,0.01,0.02,0.015,0.6666666666666667
2026-07-27,3,670.0,PUT,0.9070233479222903,-0.0019179102182987063,0.37289501706689043,0.01,0.02,0.015,0.6666666666666667
2026-07-27,3,670.0,CALL,0.9070233479222903,0.9854007489220827,0.49314865911129185,66.83,70.37,68.6,0.05160349854227415
2026-07-27,3,675.0,PUT,0.9137921788769343,-0.002055136439859009,0.34651745201112916,0.01,0.02,0.015,0.6666666666666667
2026-07-27,3,680.0,PUT,0.9205610098315782,-0.002213622849292891,0.32034132020990524,0.01,0.02,0.015,0.6666666666666667
2026-07-27,3,680.0,CALL,0.9205610098315782,0.9832370843088214,0.4264904760038134,56.84,60.37,58.605000000000004,0.060233768449790864
2026-07-27,3,685.0,PUT,0.9273298407862222,-0.0023987400537387616,0.29436529725253224,0.01,0.02,0.015,0.6666666666666667
2026-07-27,3,690.0,PUT,0.9340986717408661,-0.003995146516702927,0.28638260955810385,0.02,0.03,0.025,0.3999999999999999
2026-07-27,3,690.0,CALL,0.9340986717408661,0.9803248421562647,0.3608428256032712,46.84,50.38,48.61,0.0728245217033532
2026-07-27,3,695.0,CALL,0.9408675026955101,0.9782356652803006,0.3291420826017787,41.85,45.38,43.615,0.08093545798463833
2026-07-27,3,695.0,PUT,0.9408675026955101,-0.004383728265703996,0.25767757373676714,0.02,0.03,0.025,0.3999999999999999
2026-07-27,3,700.0,CALL,0.9476363336501541,0.9757195855086093,0.2976887270000334,36.85,40.39,38.620000000000005,0.09166235111341271
2026-07-27,3,700.0,PUT,0.9476363336501541,-0.004865458731393372,0.22918855263595986,0.02,0.03,0.025,0.3999999999999999
2026-07-27,3,701.0,PUT,0.9489900998410828,-0.004976013592292057,0.22351673012854156,0.02,0.03,0.025,0.3999999999999999
2026-07-27,3,702.0,PUT,0.9503438660320116,-0.00509214211911906,0.21785360241751767,0.02,0.03,0.025,0.3999999999999999
2026-07-27,3,703.0,PUT,0.9516976322229405,-0.005214277412397364,0.21219919230765727,0.02,0.03,0.025,0.3999999999999999
2026-07-27,3,704.0,CALL,0.9530513984138692,0.9742184985993859,0.270028315838414,32.85,36.38,34.615,0.10197891087678755
2026-07-27,3,704.0,PUT,0.9530513984138692,-0.005342898512105864,0.20655352764094542,0.02,0.03,0.025,0.3999999999999999
2026-07-27,3,705.0,PUT,0.9544051646047981,-0.007219906715801098,0.20793036538314102,0.03,0.04,0.035,0.28571428571428575
2026-07-27,3,706.0,PUT,0.9557589307957268,-0.007407008076475957,0.20230193686966838,0.03,0.04,0.035,0.28571428571428575
2026-07-27,3,706.0,CALL,0.9557589307957268,0.9715153666713868,0.2614646676277848,30.86,34.4,32.629999999999995,0.10848912044131166
2026-07-27,3,707.0,PUT,0.9571126969866556,-0.00760450895470631,0.19668260515886785,0.03,0.04,0.035,0.28571428571428575
2026-07-27,3,708.0,CALL,0.9584664631775844,0.9702049029130424,0.24800668631396386,28.86,32.4,30.63,0.11557296767874631
2026-07-27,3,708.0,PUT,0.9584664631775844,-0.00781329952639633,0.19107244230224618,0.03,0.04,0.035,0.28571428571428575
2026-07-27,3,709.0,CALL,0.9598202293685132,0.9694936994543527,0.24059900474159437,27.86,31.4,29.63,0.1194735065811677
2026-07-27,3,709.0,PUT,0.9598202293685132,-0.008034373709391824,0.18547153293985424,0.03,0.04,0.035,0.28571428571428575
2026-07-27,3,710.0,CALL,0.9611739955594419,0.968174655336787,0.23394470937603537,26.87,30.4,28.634999999999998,0.12327571154181938
2026-07-27,3,710.0,PUT,0.9611739955594419,-0.008268845445846044,0.17987997344850082,0.03,0.04,0.035,0.28571428571428575
2026-07-27,3,711.0,PUT,0.9625277617503708,-0.008517966833210667,0.1742978752603975,0.03,0.04,0.035,0.28571428571428575
2026-07-27,3,712.0,PUT,0.9638815279412996,-0.010714445685241264,0.17572394190230212,0.04,0.05,0.045,0.22222222222222227
2026-07-27,3,713.0,CALL,0.9652352941322283,0.9643348426557341,0.21330769002102726,23.9,27.39,25.645,0.13608890621953607
2026-07-27,3,713.0,PUT,0.9652352941322283,-0.01104939370770249,0.17016083128364318,0.04,0.05,0.045,0.22222222222222227
2026-07-27,3,714.0,CALL,0.9665890603231572,0.9677677083165955,0.2007672790500985,22.8,26.42,24.61,0.14709467696058517
2026-07-27,3,714.0,PUT,0.9665890603231572,-0.011408128144586508,0.16459008322648866,0.04,0.05,0.045,0.22222222222222227
2026-07-27,3,715.0,PUT,0.9679428265140859,-0.013775562930210077,0.16133484126158823,0.05,0.06,0.055,0.18181818181818174
2026-07-27,3,716.0,CALL,0.9692965927050148,0.9396147414721352,0.21864114420339398,22.35,23.31,22.83,0.042049934296977544
2026-07-27,3,716.0,PUT,0.9692965927050148,-0.014262840936688694,0.15503343201471062,0.05,0.06,0.055,0.18181818181818174
2026-07-27,3,717.0,PUT,0.9706503588959435,-0.01684079144778629,0.1517370195062835,0.06,0.07,0.065,0.15384615384615397
2026-07-27,3,717.0,CALL,0.9706503588959435,0.9570297838769427,0.1869431688855471,21.36,21.97,21.665,0.028156012000923124
2026-07-27,3,718.0,PUT,0.9720041250868723,-0.019532984039277532,0.14845034184820174,0.07,0.08,0.07500000000000001,0.13333333333333325
2026-07-27,3,718.0,CALL,0.9720041250868723,0.9341819453561017,0.2060566169539992,20.39,21.3,20.845,0.043655552890381394
2026-07-27,3,719.0,CALL,0.9733578912778011,0.9325242761933565,0.19707932182684934,19.38,20.3,19.84,0.04637096774193557
2026-07-27,3,719.0,PUT,0.9733578912778011,-0.02234661314171554,0.14517373256025914,0.08,0.09,0.08499999999999999,0.11764705882352937
2026-07-27,3,720.0,PUT,0.9747116574687299,-0.025289626465159375,0.14190732603226147,0.09,0.1,0.095,0.10526315789473693
2026-07-27,3,720.0,CALL,0.9747116574687299,0.9252396365144386,0.19237968776208866,18.38,19.39,18.884999999999998,0.05348159915276683
2026-07-27,3,721.0,CALL,0.9760654236596586,0.9197358337915088,0.18598777158281146,17.4,18.42,17.91,0.05695142378559481
2026-07-27,3,721.0,PUT,0.9760654236596586,-0.030299477120675135,0.14079665136068337,0.11,0.12,0.11499999999999999,0.0869565217391304
2026-07-27,3,722.0,PUT,0.9774191898505875,-0.035517551705283174,0.1365693128737707,0.13,0.14,0.135,0.07407407407407414
2026-07-27,3,722.0,CALL,0.9774191898505875,0.9122149676965946,0.1808867308155926,16.45,17.45,16.95,0.058997050147492625
2026-07-27,3,723.0,PUT,0.9787729560415163,-0.0429406336894231,0.1338421179366231,0.16,0.17,0.165,0.060606060606060656
2026-07-27,3,723.0,CALL,0.9787729560415163,0.9064224178726097,0.1740970102936645,15.44,16.5,15.969999999999999,0.0663744520976832
2026-07-27,3,724.0,CALL,0.980126722232445,0.8985197245549941,0.16859811928535837,14.46,15.55,15.005,0.07264245251582804
2026-07-27,3,724.0,PUT,0.980126722232445,-0.05067182983557191,0.13112555351936878,0.19,0.2,0.195,0.05128205128205133
2026-07-27,3,725.0,CALL,0.9814804884233739,0.8853346272840088,0.16693490430903526,13.57,14.6,14.085,0.07312744053958106
2026-07-27,3,725.0,PUT,0.9814804884233739,-0.06045890433369434,0.12989975827184,0.23,0.24,0.235,0.042553191489361625
2026-07-27,3,726.0,PUT,0.9828342546143026,-0.07219432679828165,0.12752154107314323,0.28,0.29,0.28500000000000003,0.035087719298245446
2026-07-27,3,726.0,CALL,0.9828342546143026,0.886013910904615,0.1538233291232671,12.56,13.5,13.030000000000001,0.07214121258633917
2026-07-27,3,727.0,PUT,0.9841880208052314,-0.08621516198532038,0.12425671865377926,0.34,0.35,0.345,0.02898550724637668
2026-07-27,3,727.0,CALL,0.9841880208052314,0.8779765096545151,0.14710006042722945,11.9,12.2,12.05,0.024896265560165887
2026-07-27,3,728.0,CALL,0.9855417869961602,0.8685931031413028,0.1399541237872305,11.03,11.12,11.075,0.008126410835214435
2026-07-27,3,728.0,PUT,0.9855417869961602,-0.10099142952440973,0.12100593437799376,0.4,0.41,0.405,0.024691358024691242
2026-07-27,3,729.0,CALL,0.986895553187089,0.8495471151864827,0.13551624776445076,10.13,10.22,10.175,0.00884520884520883
2026-07-27,3,729.0,PUT,0.986895553187089,-0.12016027676582114,0.11989434172606298,0.48,0.5,0.49,0.04081632653061228
2026-07-27,3,730.0,CALL,0.9882493193780179,0.829214488168507,0.13109545099066683,9.23,9.32,9.275,0.009703504043126669
2026-07-27,3,730.0,PUT,0.9882493193780179,-0.141999089754471,0.11706307544641555,0.58,0.6,0.59,0.0338983050847458
2026-07-27,3,731.0,CALL,0.9896030855689466,0.8069763513684939,0.12697435223650386,8.34,8.42,8.379999999999999,0.00954653937947495
2026-07-27,3,731.0,PUT,0.9896030855689466,-0.16722418240951686,0.11354759152293337,0.7,0.71,0.705,0.014184397163120581
2026-07-27,3,732.0,CALL,0.9909568517598754,0.7801287939319498,0.12483843572261255,7.49,7.55,7.52,0.007978723404255268
2026-07-27,3,732.0,PUT,0.9909568517598754,-0.19740775856373,0.11173907647183191,0.84,0.86,0.85,0.023529411764705903
2026-07-27,3,733.0,CALL,0.9923106179508042,0.7494941973849448,0.11991125120703042,6.64,6.73,6.6850000000000005,0.013462976813762264
2026-07-27,3,733.0,PUT,0.9923106179508042,-0.23023262230415215,0.10964010459137663,1.0,1.02,1.01,0.01980198019801982
2026-07-27,3,734.0,PUT,0.993664384141733,-0.2689664247853729,0.10590529110841762,1.2,1.22,1.21,0.016528925619834725
2026-07-27,3,734.0,CALL,0.993664384141733,0.7139219531458832,0.11592813107518517,5.85,5.91,5.88,0.010204081632653145
2026-07-27,3,735.0,CALL,0.9950181503326617,0.6735455630559793,0.11367381956495683,5.08,5.15,5.115,0.01368523949169116
2026-07-27,3,735.0,PUT,0.9950181503326617,-0.31295395587109753,0.10368351670228663,1.44,1.45,1.4449999999999998,0.006920415224913502
2026-07-27,3,736.0,CALL,0.9963719165235906,0.6297662694804601,0.11009628745391749,4.34,4.42,4.38,0.018264840182648418
2026-07-27,3,736.0,PUT,0.9963719165235906,-0.3605532578230237,0.1010992905147445,1.69,1.72,1.705,0.01759530791788858
2026-07-27,3,737.0,CALL,0.9977256827145193,0.5800290793321026,0.10630926742204361,3.66,3.74,3.7,0.02162162162162164
2026-07-27,3,737.0,PUT,0.9977256827145193,-0.414149201227183,0.096785002140336,2.0,2.02,2.01,0.009950248756218916
2026-07-27,3,738.0,PUT,0.9990794489054481,-0.4734949270771164,0.09450197319295063,2.36,2.38,2.37,0.008438818565400852
2026-07-27,3,738.0,CALL,0.9990794489054481,0.5264729107860718,0.10328772759949198,3.03,3.05,3.04,0.006578947368421058
2026-07-27,3,739.0,CALL,1.0004332150963768,0.46910678629010144,0.09927412882095571,2.45,2.46,2.455,0.0040733197556007275
2026-07-27,3,739.0,PUT,1.0004332150963768,-0.5369894875763421,0.09057506803112686,2.78,2.8,2.79,0.007168458781362013
2026-07-27,3,740.0,CALL,1.0017869812873057,0.40748973008388306,0.09595775208801517,1.92,1.94,1.93,0.010362694300518144
2026-07-27,3,740.0,PUT,1.0017869812873057,-0.6053805707513187,0.08742310425142588,3.23,3.31,3.27,0.024464831804281367
2026-07-27,3,741.0,CALL,1.0031407474782346,0.3454657075443939,0.09336930251155057,1.47,1.48,1.475,0.006779661016949158
2026-07-27,3,741.0,PUT,1.0031407474782346,-0.6764553770599189,0.08320673060793474,3.77,3.85,3.81,0.020997375328084007
2026-07-27,3,742.0,CALL,1.0044945136691632,0.28241927599950806,0.08958875710322388,1.08,1.09,1.085,0.00921658986175116
2026-07-27,3,742.0,PUT,1.0044945136691632,-0.7485716393276339,0.07991706759965637,4.39,4.48,4.4350000000000005,0.0202931228861332
2026-07-27,3,743.0,PUT,1.005848279860092,-0.8234867064966019,0.07378884333232563,5.08,5.14,5.109999999999999,0.011741682974559612
2026-07-27,3,743.0,CALL,1.005848279860092,0.223182198131238,0.08740817622098301,0.76,0.78,0.77,0.025974025974025997
2026-07-27,3,744.0,CALL,1.007202046051021,0.1686347991294361,0.08426415588057393,0.52,0.53,0.525,0.019047619047619063
2026-07-27,3,744.0,PUT,1.007202046051021,-0.901104849030921,0.06642719535373767,5.83,5.89,5.859999999999999,0.010238907849829285
2026-07-27,3,745.0,CALL,1.0085558122419498,0.12269551096849085,0.08238819783000255,0.34,0.35,0.345,0.02898550724637668
2026-07-27,3,746.0,CALL,1.0099095784328784,0.08423424842652438,0.0803500904902853,0.21,0.22,0.215,0.046511627906976785
2026-07-27,3,747.0,CALL,1.0112633446238073,0.05733825303463153,0.07913452048395409,0.13,0.14,0.135,0.07407407407407414
2026-07-27,3,748.0,CALL,1.0126171108147362,0.03832473519989751,0.0793886655783605,0.08,0.09,0.08499999999999999,0.11764705882352937
2026-07-27,3,749.0,CALL,1.0139708770056648,0.026038002269016536,0.07958310472522648,0.05,0.06,0.055,0.18181818181818174
2026-07-27,3,750.0,CALL,1.0153246431965937,0.01721275208227088,0.08028975590609413,0.03,0.04,0.035,0.28571428571428575
2026-07-27,3,751.0,CALL,1.0166784093875225,0.012466227682805933,0.08314835703511035,0.02,0.03,0.025,0.3999999999999999
2026-07-27,3,752.0,CALL,1.0180321755784512,0.007807194107400553,0.08226119753338552,0.01,0.02,0.015,0.6666666666666667
2026-07-27,3,753.0,CALL,1.01938594176938,0.0073731288107597975,0.08757467569673387,0.01,0.02,0.015,0.6666666666666667
2026-07-27,3,754.0,CALL,1.0207397079603089,0.006989166868054976,0.09287656575756263,0.01,0.02,0.015,0.6666666666666667
2026-07-27,3,755.0,CALL,1.0220934741512375,0.006647069727862659,0.09816762190324653,0.01,0.02,0.015,0.6666666666666667
2026-07-27,3,756.0,CALL,1.0234472403421664,0.006340319039589485,0.10344844845837507,0.0,0.01,0.005,
2026-07-27,3,757.0,CALL,1.0248010065330952,0.006063688265694281,0.10871953633540504,0.0,0.01,0.005,
2026-07-27,3,758.0,CALL,1.026154772724024,0.005812936658482409,0.11398128927893898,0.0,0.01,0.005,
2026-07-27,3,759.0,CALL,1.0275085389149528,0.005584661488757239,0.11923419743405586,0.0,0.01,0.005,
2026-07-27,3,760.0,CALL,1.0288623051058816,0.005375758649568805,0.12447808004427077,0.0,0.01,0.005,
2026-07-27,3,761.0,CALL,1.0302160712968103,0.005184048190257556,0.12971363962324378,0.0,0.01,0.005,
2026-07-27,3,762.0,CALL,1.0315698374877391,0.00500743088593224,0.13494092692522192,0.0,0.01,0.005,
2026-07-27,3,763.0,CALL,1.032923603678668,0.004844190317985232,0.14016011904173986,0.0,0.01,0.005,
2026-07-27,3,764.0,CALL,1.0342773698695966,0.0046928614265955085,0.1453713701053251,0.0,0.01,0.005,
2026-07-27,3,765.0,CALL,1.0356311360605255,0.004552186025554835,0.15057481526565936,0.0,0.01,0.005,
2026-07-27,3,766.0,CALL,1.0369849022514543,0.004421077459936574,0.15577057387062979,0.0,0.01,0.005,
2026-07-27,3,767.0,CALL,1.038338668442383,0.004298580279248586,0.16086278672872695,0.0,0.01,0.005,
2026-07-27,3,768.0,CALL,1.0396924346333118,0.004183384128697409,0.1654864692261473,0.0,0.01,0.005,
2026-07-27,3,769.0,CALL,1.0410462008242407,0.004074605814582005,0.17010249778078582,0.0,0.01,0.005,
2026-07-27,3,770.0,CALL,1.0423999670151696,0.00397172107635483,0.17471102356362841,0.0,0.01,0.005,
2026-07-27,3,771.0,CALL,1.0437537332060982,0.0038742615142503493,0.17931218351351288,0.0,0.01,0.005,
2026-07-27,3,772.0,CALL,1.045107499397027,0.0037818073095120166,0.18390610209204306,0.0,0.01,0.005,
2026-07-27,3,773.0,CALL,1.046461265587956,0.0036939810587035757,0.18849289283945422,0.0,0.01,0.005,
2026-07-27,3,774.0,CALL,1.0478150317788846,0.0036104425274640544,0.19307265971762294,0.0,0.01,0.005,
2026-07-27,3,775.0,CALL,1.0491687979698134,0.003530884167015263,0.19764549821990035,0.0,0.01,0.005,
2026-07-27,3,776.0,CALL,1.0505225641607423,0.0034550272666656148,0.20221149638530792,0.0,0.01,0.005,
2026-07-27,3,777.0,CALL,1.051876330351671,0.003382618639174819,0.20677073558049536,0.0,0.01,0.005,
2026-07-27,3,778.0,CALL,1.0532300965425998,0.0033134277545097904,0.21132329125750224,0.0,0.01,0.005,
2026-07-27,3,779.0,CALL,1.0545838627335287,0.0032472442525800743,0.21586923361349117,0.0,0.01,0.005,
2026-07-27,3,780.0,CALL,1.0559376289244573,0.003183875777611379,0.22040862813631723,0.0,0.01,0.005,
2026-07-27,3,781.0,CALL,1.0572913951153862,0.003123146086471011,0.22494153602951927,0.0,0.01,0.005,
2026-07-27,3,782.0,CALL,1.058645161306315,0.0030648933912871216,0.22946801473962558,0.0,0.01,0.005,
2026-07-27,3,783.0,CALL,1.0599989274972437,0.0030089626737579726,0.23398805432943004,0.0,0.01,0.005,
2026-07-27,3,784.0,CALL,1.0613526936881725,0.0029552355483508986,0.2385018973480061,0.0,0.01,0.005,
2026-07-27,3,785.0,CALL,1.0627064598791014,0.0029035668354318524,0.24300940015803213,0.0,0.01,0.005,
2026-07-27,3,786.0,CALL,1.06406022607003,0.002853845849961756,0.24751067212582806,0.0,0.01,0.005,
2026-07-27,3,787.0,CALL,1.065413992260959,0.0028059643631684994,0.25200575642605105,0.0,0.01,0.005,
2026-07-27,3,788.0,CALL,1.0667677584518878,0.0027598220381039435,0.25649469410343684,0.0,0.01,0.005,
2026-07-27,3,789.0,CALL,1.0681215246428164,0.0027153257215661135,0.26097752426259296,0.0,0.01,0.005,
2026-07-27,3,790.0,CALL,1.0694752908337453,0.0026723888110795793,0.26545428423145256,0.0,0.01,0.005,
2026-07-27,3,791.0,CALL,1.0708290570246741,0.0026309306878000136,0.2699250097110667,0.0,0.01,0.005,
2026-07-27,3,792.0,CALL,1.072182823215603,0.0025908762074328424,0.2743897349120914,0.0,0.01,0.005,
2026-07-27,3,793.0,CALL,1.0735365894065316,0.0025521552423702688,0.27884849268494294,0.0,0.01,0.005,
2026-07-27,3,794.0,CALL,1.0748903555974605,0.0025147022691111823,0.2833013145587633,0.0,0.01,0.005,
2026-07-27,3,795.0,CALL,1.0762441217883894,0.002478455995802642,0.28774823095323304,0.0,0.01,0.005,
2026-07-27,3,800.0,CALL,1.0830129527430332,0.002313436236389258,0.30989522310029627,0.0,0.01,0.005,
2026-07-27,3,805.0,CALL,1.089781783697677,0.0021713135136588405,0.3318985994962397,0.0,0.01,0.005,
2026-07-27,3,810.0,CALL,1.0965506146523212,0.0020476345157971376,0.3537612525282119,0.0,0.01,0.005,
2026-07-27,3,815.0,CALL,1.103319445606965,0.001939031647809092,0.37548575454391253,0.0,0.01,0.005,
2026-07-27,3,820.0,CALL,1.1100882765616091,0.001842910860518058,0.39707444104229617,0.0,0.01,0.005,
2026-07-27,3,835.0,CALL,1.130394769425541,0.0016111220210594504,0.4610464805105025,0.0,0.01,0.005,
2026-07-27,3,840.0,CALL,1.1371636003801848,0.0015483203848752785,0.482112176503768,0.0,0.01,0.005,
2026-07-27,3,850.0,CALL,1.1507012622894728,0.0014388591486100704,0.5238666095366029,0.0,0.01,0.005,
2026-07-27,3,860.0,CALL,1.1642389241987607,0.0013466931003029848,0.5651292419982917,0.0,0.01,0.005,
2026-07-27,3,865.0,CALL,1.1710077551534046,0.0013058701031896682,0.5855799954758913,0.0,0.01,0.005,
2026-07-27,3,870.0,CALL,1.1777765861080487,0.0012680275530033039,0.6052003361403172,0.0,0.01,0.005,
2026-07-27,3,875.0,CALL,1.1845454170626926,0.0012326584820039049,0.6232495277049381,0.0,0.01,0.005,
2026-07-27,3,880.0,CALL,1.1913142480173364,0.0011994705757540827,0.6411947932495409,0.0,0.01,0.005,
2026-07-28,4,500.0,PUT,0.6768830954643957,-0.0005632312228723652,1.1775853479524998,0.0,0.01,0.005,
2026-07-28,4,505.0,PUT,0.6836519264190397,-0.0008956179116057279,1.2135667649558344,0.0,0.01,0.005,
2026-07-28,4,510.0,PUT,0.6904207573736837,-0.0009168024815811422,1.1854657477059518,0.0,0.01,0.005,
2026-07-28,4,520.0,PUT,0.7039584192829715,-0.0006206751600011254,1.0669669062793434,0.0,0.01,0.005,
2026-07-28,4,525.0,PUT,0.7107272502376155,-0.0006365275503874638,1.0399852094156317,0.0,0.01,0.005,
2026-07-28,4,530.0,PUT,0.7174960811922595,-0.000653054762942759,1.01326248020085,0.0,0.01,0.005,
2026-07-28,4,535.0,PUT,0.7242649121469035,-0.0006703020051192116,0.9867938814742153,0.0,0.01,0.005,
2026-07-28,4,540.0,PUT,0.7310337431015475,-0.0006883185881617545,0.9605747176315835,0.0,0.01,0.005,
2026-07-28,4,545.0,PUT,0.7378025740561914,-0.0007071596462780113,0.934600617110418,0.0,0.01,0.005,
2026-07-28,4,550.0,PUT,0.7445714050108353,-0.0007268804684378052,0.9088665913594648,0.0,0.01,0.005,
2026-07-28,4,555.0,PUT,0.7513402359654793,-0.0007475495478026897,0.8833689054189698,0.0,0.01,0.005,
2026-07-28,4,560.0,PUT,0.7581090669201233,-0.0007692368735393407,0.8581031991830841,0.0,0.01,0.005,
2026-07-28,4,565.0,PUT,0.7648778978747672,-0.0007920209707774359,0.8330654218845216,0.0,0.01,0.005,
2026-07-28,4,570.0,PUT,0.7716467288294112,-0.0008159886154105747,0.8082516414633357,0.0,0.01,0.005,
2026-07-28,4,575.0,PUT,0.7784155597840551,-0.0008412359460437684,0.7836580415180154,0.0,0.01,0.005,
2026-07-28,4,580.0,PUT,0.7851843907386991,-0.000867869760429879,0.7592809194015944,0.0,0.01,0.005,
2026-07-28,4,595.0,PUT,0.805490883602631,-0.0009573517738947663,0.6874130612275606,0.0,0.01,0.005,
2026-07-28,4,600.0,PUT,0.8122597145572749,-0.0009908719668417513,0.66386701689953,0.0,0.01,0.005,
2026-07-28,4,605.0,PUT,0.8190285455119188,-0.0010266172160674646,0.640335834358999,0.0,0.01,0.005,
2026-07-28,4,615.0,PUT,0.8325662074212068,-0.000783118695317958,0.5652509931163723,0.0,0.01,0.005,
2026-07-28,4,620.0,PUT,0.8393350383758508,-0.0011501996679334015,0.5645884833543136,0.0,0.01,0.005,
2026-07-28,4,625.0,PUT,0.8461038693304948,-0.001198181003429299,0.5397490998238973,0.0,0.01,0.005,
2026-07-28,4,630.0,CALL,0.8528727002851386,0.9886178128717686,0.682509488588336,106.89,110.43,108.66,0.03257868580894539
2026-07-28,4,630.0,PUT,0.8528727002851386,-0.0012503342836103935,0.5151102539250441,0.01,0.02,0.015,0.6666666666666667
2026-07-28,4,635.0,PUT,0.8596415312397826,-0.0013071896270390301,0.4906679547940598,0.01,0.02,0.015,0.6666666666666667
2026-07-28,4,640.0,PUT,0.8664103621944266,-0.0013694393924255743,0.4664196994413578,0.01,0.02,0.015,0.6666666666666667
2026-07-28,4,645.0,PUT,0.8731791931490706,-0.0014378994043790032,0.4423627574422769,0.01,0.02,0.015,0.6666666666666667
2026-07-28,4,650.0,PUT,0.8799480241037145,-0.0015135583847359088,0.4184945248703762,0.01,0.02,0.015,0.6666666666666667
2026-07-28,4,655.0,PUT,0.8867168550583584,-0.001597629238412084,0.39481259532957735,0.01,0.02,0.015,0.6666666666666667
2026-07-28,4,660.0,PUT,0.8934856860130024,-0.002615609037180191,0.3885413827195161,0.02,0.03,0.025,0.3999999999999999
2026-07-28,4,660.0,CALL,0.8934856860130024,0.984095065387418,0.5030887315918076,76.94,80.44,78.69,0.04447833269792858
2026-07-28,4,665.0,PUT,0.9002545169676464,-0.002776274636960947,0.3651786014271757,0.02,0.03,0.025,0.3999999999999999
2026-07-28,4,670.0,PUT,0.9070233479222903,-0.002957360895635537,0.3419985333121507,0.02,0.03,0.025,0.3999999999999999
2026-07-28,4,675.0,PUT,0.9137921788769343,-0.004163930774121831,0.33178741286704405,0.03,0.04,0.035,0.28571428571428575
2026-07-28,4,680.0,CALL,0.9205610098315782,0.9796228436362007,0.3854494691674152,56.93,60.47,58.7,0.060306643952299815
2026-07-28,4,680.0,PUT,0.9205610098315782,-0.0044709194607255335,0.30621585627557585,0.03,0.04,0.035,0.28571428571428575
2026-07-28,4,685.0,PUT,0.9273298407862222,-0.004830660925651738,0.2808385245661463,0.03,0.04,0.035,0.28571428571428575
2026-07-28,4,690.0,PUT,0.9340986717408661,-0.006463807349954443,0.26181474411693073,0.04,0.05,0.045,0.22222222222222227
2026-07-28,4,695.0,PUT,0.9408675026955101,-0.007730281721636013,0.23988839328873507,0.04,0.06,0.05,0.3999999999999999
2026-07-28,4,700.0,PUT,0.9476363336501541,-0.010545885328187222,0.22427747897011654,0.06,0.07,0.065,0.15384615384615397
2026-07-28,4,700.0,CALL,0.9476363336501541,0.9690625971717444,0.27662040623922013,36.97,40.51,38.739999999999995,0.09137842023748063
2026-07-28,4,701.0,PUT,0.9489900998410828,-0.010773157372644782,0.21933826652359187,0.06,0.07,0.065,0.15384615384615397
2026-07-28,4,702.0,CALL,0.9503438660320116,0.9674431261787831,0.264196133558255,34.97,38.52,36.745000000000005,0.09661178391617918
2026-07-28,4,702.0,PUT,0.9503438660320116,-0.012298261025582373,0.21797572512806812,0.07,0.08,0.07500000000000001,0.13333333333333325
2026-07-28,4,703.0,PUT,0.9516976322229405,-0.012576130441173634,0.21237819154059862,0.07,0.08,0.07500000000000001,0.13333333333333325
2026-07-28,4,704.0,PUT,0.9530513984138692,-0.012868572443366684,0.20678939844884617,0.07,0.08,0.07500000000000001,0.13333333333333325
2026-07-28,4,705.0,CALL,0.9544051646047981,0.9609232081001958,0.25114950120962276,32.06,35.53,33.795,0.10267791093357001
2026-07-28,4,705.0,PUT,0.9544051646047981,-0.014522048840345914,0.2038283461405818,0.08,0.09,0.08499999999999999,0.11764705882352937
2026-07-28,4,706.0,PUT,0.9557589307957268,-0.014881191401327189,0.19825705156266882,0.08,0.09,0.08499999999999999,0.11764705882352937
2026-07-28,4,707.0,PUT,0.9571126969866556,-0.016637041615783436,0.19531158121530864,0.09,0.1,0.095,0.10526315789473693
2026-07-28,4,708.0,PUT,0.9584664631775844,-0.018446496093736543,0.19237306863299636,0.1,0.11,0.10500000000000001,0.09523809523809518
2026-07-28,4,709.0,PUT,0.9598202293685132,-0.019632277566512698,0.18813548484007983,0.1,0.12,0.11,0.18181818181818174
2026-07-28,4,709.0,CALL,0.9598202293685132,0.9473719674180365,0.2394736926496496,29.7,30.11,29.905,0.01371008192609932
2026-07-28,4,710.0,PUT,0.9611739955594419,-0.021558690302106807,0.18521225721135048,0.11,0.13,0.12,0.1666666666666667
2026-07-28,4,710.0,CALL,0.9611739955594419,0.9461034141550912,0.23301737256064764,28.7,29.11,28.905,0.014184397163120572
2026-07-28,4,711.0,PUT,0.9625277617503708,-0.023546520508668827,0.182296335728798,0.12,0.14,0.13,0.15384615384615397
2026-07-28,4,712.0,CALL,0.9638815279412996,0.939856831741168,0.22530120958493463,26.75,27.14,26.945,0.014473928372610896
2026-07-28,4,712.0,PUT,0.9638815279412996,-0.026268474085245963,0.18069040618509516,0.14,0.15,0.14500000000000002,0.06896551724137917
2026-07-28,4,713.0,PUT,0.9652352941322283,-0.02969727357994163,0.17982789373689603,0.16,0.17,0.165,0.060606060606060656
2026-07-28,4,714.0,PUT,0.9665890603231572,-0.031912021264102884,0.17477503702565947,0.17,0.18,0.175,0.05714285714285704
2026-07-28,4,714.0,CALL,0.9665890603231572,0.9344507042621235,0.21546240196357963,24.76,25.18,24.97,0.016820184221065206
2026-07-28,4,715.0,CALL,0.9679428265140859,0.9304423670625669,0.2098300845828396,23.8,24.19,23.995,0.016253386122108797
2026-07-28,4,715.0,PUT,0.9679428265140859,-0.03558117107978083,0.17103231929813467,0.19,0.2,0.195,0.05128205128205133
2026-07-28,4,716.0,PUT,0.9692965927050148,-0.04006799810472143,0.16794824414955642,0.21,0.23,0.22,0.090909090909091
2026-07-28,4,717.0,PUT,0.9706503588959435,-0.0447223507460479,0.1648727069113122,0.24,0.25,0.245,0.04081632653061228
2026-07-28,4,718.0,PUT,0.9720041250868723,-0.0501887241811968,0.16245378988967973,0.27,0.28,0.275,0.03636363636363639
2026-07-28,4,719.0,PUT,0.9733578912778011,-0.05582009982117703,0.1600420375192886,0.3,0.31,0.305,0.03278688524590167
2026-07-28,4,719.0,CALL,0.9733578912778011,0.911124366673841,0.18815897107841179,19.9,20.31,20.104999999999997,0.020392937080328286
2026-07-28,4,720.0,CALL,0.9747116574687299,0.9040222163610032,0.1840714033733799,18.95,19.35,19.15,0.020887728459530137
2026-07-28,4,720.0,PUT,0.9747116574687299,-0.06282938253798204,0.15892515531760226,0.34,0.35,0.345,0.02898550724637668
2026-07-28,4,721.0,PUT,0.9760654236596586,-0.07120324072720738,0.15624491510959593,0.39,0.4,0.395,0.025316455696202552
2026-07-28,4,721.0,CALL,0.9760654236596586,0.8965989912825358,0.17999477322575314,18.0,18.39,18.195,0.021434460016488077
2026-07-28,4,722.0,PUT,0.9774191898505875,-0.07993848854024542,0.15260422167341903,0.44,0.45,0.445,0.02247191011235957
2026-07-28,4,722.0,CALL,0.9774191898505875,0.887973297762238,0.17667056036997078,17.06,17.44,17.25,0.022028985507246523
2026-07-28,4,723.0,PUT,0.9787729560415163,-0.09022813631490126,0.1497198878486223,0.5,0.51,0.505,0.01980198019801982
2026-07-28,4,723.0,CALL,0.9787729560415163,0.8794382713860218,0.17298529541309443,16.11,16.49,16.299999999999997,0.023312883435582764
2026-07-28,4,724.0,CALL,0.980126722232445,0.8684815269465113,0.1699762910792649,15.2,15.55,15.375,0.022764227642276515
2026-07-28,4,724.0,PUT,0.980126722232445,-0.10146449293445728,0.14721756860008078,0.56,0.58,0.5700000000000001,0.035087719298245446
2026-07-28,4,725.0,CALL,0.9814804884233739,0.8569316902223187,0.16482249033682167,14.27,14.63,14.45,0.024913494809688665
2026-07-28,4,725.0,PUT,0.9814804884233739,-0.11412994894817902,0.14546568664550039,0.64,0.65,0.645,0.015503875968992262
2026-07-28,4,726.0,PUT,0.9828342546143026,-0.12814426077846477,0.14423015756104265,0.72,0.74,0.73,0.02739726027397263
2026-07-28,4,726.0,CALL,0.9828342546143026,0.8438491125135251,0.16017565333753941,13.36,13.71,13.535,0.02585888437384569
2026-07-28,4,727.0,CALL,0.9841880208052314,0.8284630290239836,0.15652673610445741,12.48,12.8,12.64,0.025316455696202552
2026-07-28,4,727.0,PUT,0.9841880208052314,-0.144115214800764,0.14037533135453226,0.82,0.84,0.83,0.024096385542168697
2026-07-28,4,728.0,CALL,0.9855417869961602,0.8123459041792949,0.15289002218015157,11.58,11.91,11.745000000000001,0.028097062579821204
2026-07-28,4,728.0,PUT,0.9855417869961602,-0.16144322237591383,0.1367802895780958,0.93,0.94,0.935,0.010695187165775291
2026-07-28,4,729.0,CALL,0.986895553187089,0.7940839116300845,0.1502468948963617,10.71,11.03,10.870000000000001,0.029438822447101977
2026-07-28,4,729.0,PUT,0.986895553187089,-0.1818407651030718,0.13442924200876477,1.06,1.07,1.065,0.009389671361502356
2026-07-28,4,730.0,CALL,0.9882493193780179,0.77390319271057,0.14780645788518934,9.86,10.17,10.015,0.03095356964553175
2026-07-28,4,730.0,PUT,0.9882493193780179,-0.20453554742466937,0.13306486911986576,1.21,1.22,1.2149999999999999,0.008230452674897127
2026-07-28,4,731.0,CALL,0.9896030855689466,0.7513422897891663,0.14315704005836502,9.03,9.33,9.18,0.03267973856209158
2026-07-28,4,731.0,PUT,0.9896030855689466,-0.22857173047926296,0.13104685867990387,1.37,1.38,1.375,0.0072727272727271175
2026-07-28,4,732.0,PUT,0.9909568517598754,-0.25521933293005017,0.12700872664781518,1.55,1.56,1.5550000000000002,0.0064308681672025775
2026-07-28,4,732.0,CALL,0.9909568517598754,0.7264606076835811,0.13908508374857276,8.21,8.51,8.36,0.03588516746411471
2026-07-28,4,733.0,CALL,0.9923106179508042,0.7003257367925492,0.13484356517317483,7.46,7.61,7.535,0.01990710019907105
2026-07-28,4,733.0,PUT,0.9923106179508042,-0.2856263615130569,0.12429400764753604,1.76,1.78,1.77,0.011299435028248598
2026-07-28,4,734.0,PUT,0.993664384141733,-0.31766874730499717,0.12177094068028955,1.98,2.0,1.99,0.010050251256281416
2026-07-28,4,734.0,CALL,0.993664384141733,0.670433971858858,0.13247924792905028,6.68,6.84,6.76,0.023668639053254458
2026-07-28,4,735.0,PUT,0.9950181503326617,-0.35325915852028644,0.12023080495052454,2.25,2.27,2.26,0.008849557522123902
2026-07-28,4,735.0,CALL,0.9950181503326617,0.6379114083600833,0.12952208992198405,5.95,6.1,6.025,0.024896265560165887
2026-07-28,4,736.0,CALL,0.9963719165235906,0.6022410894223453,0.12537852966817642,5.24,5.4,5.32,0.030075187969924838
2026-07-28,4,736.0,PUT,0.9963719165235906,-0.3915427869464544,0.11611411434158124,2.54,2.57,2.5549999999999997,0.011741682974559612
2026-07-28,4,737.0,PUT,0.9977256827145193,-0.43321297362767563,0.11298329349534605,2.87,2.89,2.88,0.006944444444444451
2026-07-28,4,737.0,CALL,0.9977256827145193,0.563830044385539,0.12190221671047194,4.62,4.65,4.635,0.006472491909385167
2026-07-28,4,738.0,PUT,0.9990794489054481,-0.47765888313802773,0.11095697109921908,3.23,3.25,3.24,0.006172839506172844
2026-07-28,4,738.0,CALL,0.9990794489054481,0.5229583288495836,0.11989430122845722,3.98,4.01,3.995,0.007509386733416722
2026-07-28,4,739.0,CALL,1.0004332150963768,0.4801135968740525,0.11589076558426437,3.38,3.41,3.395,0.008836524300441899
2026-07-28,4,739.0,PUT,1.0004332150963768,-0.5245567028231842,0.10700710507248624,3.63,3.66,3.645,0.008230452674897188
2026-07-28,4,740.0,CALL,1.0017869812873057,0.43430371188793615,0.11217232523709475,2.83,2.86,2.8449999999999998,0.010544815465729282
2026-07-28,4,740.0,PUT,1.0017869812873057,-0.5745298151056164,0.10361440936760362,4.06,4.15,4.105,0.02192448233861163
2026-07-28,4,741.0,CALL,1.0031407474782346,0.38710490119510926,0.11007315684623961,2.33,2.36,2.3449999999999998,0.012793176972281368
2026-07-28,4,741.0,PUT,1.0031407474782346,-0.6265184183526985,0.10159485971355486,4.53,4.69,4.61,0.03470715835141001
2026-07-28,4,742.0,PUT,1.0044945136691632,-0.68077089226975,0.0964122740744772,5.02,5.27,5.145,0.04859086491739553
2026-07-28,4,742.0,CALL,1.0044945136691632,0.33984348714799245,0.1068143070870071,1.89,1.9,1.895,0.0052770448548812715
2026-07-28,4,743.0,CALL,1.005848279860092,0.29143580065174474,0.10314389493592198,1.49,1.5,1.495,0.006688963210702346
2026-07-28,4,743.0,PUT,1.005848279860092,-0.7390169604953715,0.09172775053114747,5.59,5.85,5.72,0.04545454545454542
2026-07-28,4,744.0,CALL,1.007202046051021,0.24479209378999964,0.10166266862406337,1.15,1.16,1.1549999999999998,0.008658008658008667
2026-07-28,4,744.0,PUT,1.007202046051021,-0.7923468912638816,0.0882843229030075,6.26,6.55,6.404999999999999,0.04527712724434037
2026-07-28,4,745.0,CALL,1.0085558122419498,0.20029183284359217,0.09757291101242575,0.86,0.87,0.865,0.011560693641618507
2026-07-28,4,745.0,PUT,1.0085558122419498,-0.8438676468051616,0.08476399480834218,7.1,7.2,7.15,0.01398601398601406
2026-07-28,4,746.0,CALL,1.0099095784328784,0.15942516276894017,0.09553585939794292,0.63,0.64,0.635,0.015748031496063006
2026-07-28,4,746.0,PUT,1.0099095784328784,-0.905551606356561,0.07654826519138147,7.74,8.05,7.8950000000000005,0.03926535782140601
2026-07-28,4,747.0,CALL,1.0112633446238073,0.1240877864282327,0.09347076049593268,0.45,0.46,0.455,0.021978021978021997
2026-07-28,4,748.0,CALL,1.0126171108147362,0.09291774038282799,0.09099478833345262,0.31,0.32,0.315,0.03174603174603177
2026-07-28,4,749.0,CALL,1.0139708770056648,0.06731407310094195,0.08972883092434286,0.2,0.22,0.21000000000000002,0.09523809523809518
2026-07-28,4,750.0,CALL,1.0153246431965937,0.049168991355970304,0.08817159912000762,0.14,0.15,0.14500000000000002,0.06896551724137917
2026-07-28,4,751.0,CALL,1.0166784093875225,0.03431961370822152,0.08838919429643033,0.09,0.1,0.095,0.10526315789473693
2026-07-28,4,752.0,CALL,1.0180321755784512,0.024585817939558125,0.0872343026196496,0.06,0.07,0.065,0.15384615384615397
2026-07-28,4,753.0,CALL,1.01938594176938,0.017573437111013383,0.08785090314080896,0.04,0.05,0.045,0.22222222222222227
2026-07-28,4,754.0,CALL,1.0207397079603089,0.01375844048174534,0.09077909931442836,0.03,0.04,0.035,0.28571428571428575
2026-07-28,4,755.0,CALL,1.0220934741512375,0.010083547718269954,0.09067704946758447,0.02,0.03,0.025,0.3999999999999999
2026-07-28,4,756.0,CALL,1.0234472403421664,0.0063509645875383545,0.08991542610769755,0.01,0.02,0.015,0.6666666666666667
2026-07-28,4,757.0,CALL,1.0248010065330952,0.006073520240369121,0.09451222996997242,0.01,0.02,0.015,0.6666666666666667
2026-07-28,4,758.0,CALL,1.026154772724024,0.005822106659103917,0.0991003197790876,0.01,0.02,0.015,0.6666666666666667
2026-07-28,4,759.0,CALL,1.0275085389149528,0.005593164682817957,0.10367997850347532,0.01,0.02,0.015,0.6666666666666667
2026-07-28,4,760.0,CALL,1.0288623051058816,0.00538384578515013,0.10825160694322292,0.01,0.02,0.015,0.6666666666666667
2026-07-28,4,761.0,CALL,1.0302160712968103,0.005191711304006448,0.1128154396925559,0.0,0.01,0.005,
2026-07-28,4,762.0,CALL,1.0315698374877391,0.005014724330894261,0.11737170247386296,0.0,0.01,0.005,
2026-07-28,4,763.0,CALL,1.032923603678668,0.004851158660764125,0.12192058969660836,0.0,0.01,0.005,
2026-07-28,4,764.0,CALL,1.0342773698695966,0.004699541557088746,0.12646227006945,0.0,0.01,0.005,
2026-07-28,4,765.0,CALL,1.0356311360605255,0.004558609005263144,0.13099689162997286,0.0,0.01,0.005,
2026-07-28,4,766.0,CALL,1.0369849022514543,0.004427269834894478,0.13552458500398595,0.0,0.01,0.005,
2026-07-28,4,767.0,CALL,1.038338668442383,0.004304436692033382,0.1397647277468675,0.0,0.01,0.005,
2026-07-28,4,768.0,CALL,1.0396924346333118,0.004188749711350267,0.14379918653843574,0.0,0.01,0.005,
2026-07-28,4,769.0,CALL,1.0410462008242407,0.004079536745720505,0.1478265290887784,0.0,0.01,0.005,
2026-07-28,4,770.0,CALL,1.0423999670151696,0.00397626582575538,0.15184692336129435,0.0,0.01,0.005,
2026-07-28,4,771.0,CALL,1.0437537332060982,0.003878462067226057,0.1558605210836368,0.0,0.01,0.005,
2026-07-28,4,772.0,CALL,1.045107499397027,0.003785700171301402,0.1598674597521403,0.0,0.01,0.005,
2026-07-28,4,773.0,CALL,1.046461265587956,0.003697598082816297,0.16386786446911739,0.0,0.01,0.005,
2026-07-28,4,774.0,CALL,1.0478150317788846,0.0036138116022887243,0.16786184944080612,0.0,0.01,0.005,
2026-07-28,4,775.0,CALL,1.0491687979698134,0.0035340297876928863,0.17184951922238234,0.0,0.01,0.005,
2026-07-28,4,776.0,CALL,1.0505225641607423,0.003457971013573541,0.17583096989976157,0.0,0.01,0.005,
2026-07-28,4,778.0,CALL,1.0532300965425998,0.0033160227832976126,0.18377556137707404,0.0,0.01,0.005,
2026-07-28,4,779.0,CALL,1.0545838627335287,0.003249688377335248,0.1877388598424029,0.0,0.01,0.005,
2026-07-28,4,780.0,CALL,1.0559376289244573,0.003186182364389251,0.19169625588338332,0.0,0.01,0.005,
2026-07-28,4,781.0,CALL,1.0572913951153862,0.0031253270678441854,0.1956478152043833,0.0,0.01,0.005,
2026-07-28,4,784.0,CALL,1.0613526936881725,0.002957099503315819,0.2074680670321878,0.0,0.01,0.005,
2026-07-28,4,785.0,CALL,1.0627064598791014,0.002905341794241028,0.2113968557544251,0.0,0.01,0.005,
2026-07-28,4,786.0,CALL,1.06406022607003,0.0028555388059105626,0.21532007905388847,0.0,0.01,0.005,
2026-07-28,4,787.0,CALL,1.065413992260959,0.0028075816385776968,0.21923778216912662,0.0,0.01,0.005,
2026-07-28,4,788.0,CALL,1.0667677584518878,0.0027613693591536756,0.22315000794822004,0.0,0.01,0.005,
2026-07-28,4,790.0,CALL,1.0694752908337453,0.002673811336086995,0.23095818796973902,0.0,0.01,0.005,
2026-07-28,4,792.0,CALL,1.072182823215603,0.0025921911747213834,0.2387449212020202,0.0,0.01,0.005,
2026-07-28,4,793.0,CALL,1.0735365894065316,0.0025534219696628307,0.24263033214840302,0.0,0.01,0.005,
2026-07-28,4,794.0,CALL,1.0748903555974605,0.002515924029783861,0.24651048265224573,0.0,0.01,0.005,
2026-07-28,4,795.0,CALL,1.0762441217883894,0.002479635787867993,0.25038540352069305,0.0,0.01,0.005,
2026-07-28,4,800.0,CALL,1.0830129527430332,0.0023144432498508134,0.26968256237065963,0.0,0.01,0.005,
2026-07-28,4,805.0,CALL,1.089781783697677,0.002172193930229017,0.28885300114972506,0.0,0.01,0.005,
2026-07-28,4,810.0,CALL,1.0965506146523212,0.0020484197496523924,0.307899557574278,0.0,0.01,0.005,
2026-07-28,4,815.0,CALL,1.103319445606965,0.001939743635784015,0.3268247137366455,0.0,0.01,0.005,
2026-07-28,4,820.0,CALL,1.1100882765616091,0.0018435652821119032,0.345630690552063,0.0,0.01,0.005,
2026-07-28,4,835.0,CALL,1.130394769425541,0.0016116615387155085,0.40135304812968575,0.0,0.01,0.005,
2026-07-28,4,840.0,CALL,1.1371636003801848,0.001548833685274899,0.4197011644152288,0.0,0.01,0.005,
2026-07-28,4,850.0,CALL,1.1507012622894728,0.0014393308012110538,0.456067955751423,0.0,0.01,0.005,
2026-07-28,4,860.0,CALL,1.1642389241987607,0.0013471352287983535,0.4920052584205444,0.0,0.01,0.005,
2026-07-28,4,865.0,CALL,1.1710077551534046,0.001306297230333354,0.5098162345166591,0.0,0.01,0.005,
2026-07-28,4,870.0,CALL,1.1777765861080487,0.0012684308445626079,0.526705659424884,0.0,0.01,0.005,
2026-07-29,5,500.0,PUT,0.6768830954643957,-0.0005631811518902918,1.0569161218333578,0.0,0.01,0.005,
2026-07-29,5,505.0,PUT,0.6836519264190397,-0.0005767147735163846,1.031730266372466,0.0,0.01,0.005,
2026-07-29,5,510.0,PUT,0.6904207573736837,-0.0005907754731756683,1.0067956536609608,0.0,0.01,0.005,
2026-07-29,5,515.0,PUT,0.6971895883283277,-0.0006053957238588007,0.9821073957746995,0.0,0.01,0.005,
2026-07-29,5,525.0,PUT,0.7107272502376155,-0.0006364585542712972,0.9334511217145705,0.0,0.01,0.005,
2026-07-29,5,530.0,PUT,0.7174960811922595,-0.0006529807616461364,0.9094740435249539,0.0,0.01,0.005,
2026-07-29,5,545.0,PUT,0.7378025740561914,-0.0007070659016710673,0.8388954503429672,0.0,0.01,0.005,
2026-07-29,5,550.0,PUT,0.7445714050108353,-0.0007267803643208565,0.8158065341422419,0.0,0.01,0.005,
2026-07-29,5,555.0,PUT,0.7513402359654793,-0.000747440953361057,0.7929297582512489,0.0,0.01,0.005,
2026-07-29,5,565.0,PUT,0.7648778978747672,-0.0007918921955261545,0.7477978265803289,0.0,0.01,0.005,
2026-07-29,5,585.0,PUT,0.791953221693343,-0.0008958218356646401,0.659922919915345,0.0,0.01,0.005,
2026-07-29,5,595.0,PUT,0.805490883602631,-0.0009571219052546439,0.6171279869677225,0.01,0.02,0.015,0.6666666666666667
2026-07-29,5,600.0,PUT,0.8122597145572749,-0.0009906161502539325,0.5960055469140878,0.01,0.02,0.015,0.6666666666666667
2026-07-29,5,605.0,PUT,0.8190285455119188,-0.0010263528209046523,0.5747087377028368,0.01,0.02,0.015,0.6666666666666667
2026-07-29,5,610.0,PUT,0.8257973764665628,-0.0010645169384717007,0.5518661871044768,0.01,0.02,0.015,0.6666666666666667
2026-07-29,5,615.0,PUT,0.8325662074212068,-0.0011055826421887745,0.5292117087378811,0.01,0.02,0.015,0.6666666666666667
2026-07-29,5,620.0,PUT,0.8393350383758508,-0.0011499008187588029,0.5067423967983845,0.01,0.02,0.015,0.6666666666666667
2026-07-29,5,625.0,PUT,0.8461038693304948,-0.0015312412732158566,0.4923858629430401,0.01,0.03,0.02,0.9999999999999998
2026-07-29,5,630.0,PUT,0.8528727002851386,-0.0019352280686945208,0.47815267693041524,0.02,0.03,0.025,0.3999999999999999
2026-07-29,5,635.0,PUT,0.8596415312397826,-0.002023649253860392,0.4561717693485831,0.02,0.03,0.025,0.3999999999999999
2026-07-29,5,640.0,PUT,0.8664103621944266,-0.002120170618216616,0.4343671134130343,0.02,0.03,0.025,0.3999999999999999
2026-07-29,5,645.0,PUT,0.8731791931490706,-0.0022259674665019266,0.41273643441575486,0.02,0.03,0.025,0.3999999999999999
2026-07-29,5,650.0,PUT,0.8799480241037145,-0.003107654663948938,0.4068661400101285,0.03,0.04,0.035,0.28571428571428575
2026-07-29,5,660.0,CALL,0.8934856860130024,0.9815351593447238,0.4635501390301762,77.01,80.55,78.78,0.04493526275704483
2026-07-29,5,660.0,PUT,0.8934856860130024,-0.004243656306856765,0.3733637673957584,0.04,0.05,0.045,0.22222222222222227
2026-07-29,5,665.0,PUT,0.9002545169676464,-0.004497089993245491,0.3498746488679857,0.04,0.05,0.045,0.22222222222222227
2026-07-29,5,665.0,CALL,0.9002545169676464,0.980376169282963,0.4373008547002241,72.02,75.55,73.785,0.04784170224300334
2026-07-29,5,670.0,PUT,0.9070233479222903,-0.005641723044135821,0.33216207375302786,0.05,0.06,0.055,0.18181818181818174
2026-07-29,5,675.0,PUT,0.9137921788769343,-0.006029488702055057,0.30902073706027616,0.05,0.06,0.055,0.18181818181818174
2026-07-29,5,680.0,PUT,0.9205610098315782,-0.007421933458363322,0.29162490255379814,0.06,0.07,0.065,0.15384615384615397
2026-07-29,5,680.0,CALL,0.9205610098315782,0.9753560043452728,0.36214839876779525,57.04,60.58,58.81,0.06019384458425436
2026-07-29,5,685.0,PUT,0.9273298407862222,-0.008987552461702596,0.2743806564763483,0.07,0.08,0.07500000000000001,0.13333333333333325
2026-07-29,5,685.0,CALL,0.9273298407862222,0.9724861083746407,0.34024615939495306,52.06,55.6,53.83,0.06576258591863272
2026-07-29,5,690.0,PUT,0.9340986717408661,-0.011724553972231485,0.261335946589838,0.09,0.1,0.095,0.10526315789473693
2026-07-29,5,695.0,PUT,0.9408675026955101,-0.01485412228643078,0.24056472376189544,0.11,0.12,0.11499999999999999,0.0869565217391304
2026-07-29,5,700.0,CALL,0.9476363336501541,0.9599666814237947,0.26195559125932677,37.11,40.69,38.9,0.0920308483290488
2026-07-29,5,700.0,PUT,0.9476363336501541,-0.020638099992542278,0.22468894231694664,0.15,0.16,0.155,0.06451612903225812
2026-07-29,5,701.0,PUT,0.9489900998410828,-0.02209618870036869,0.22200378638831242,0.16,0.17,0.165,0.060606060606060656
2026-07-29,5,702.0,PUT,0.9503438660320116,-0.023589698005222523,0.2193245334150576,0.17,0.18,0.175,0.05714285714285704
2026-07-29,5,703.0,PUT,0.9516976322229405,-0.02511990944424309,0.2166510463002162,0.18,0.19,0.185,0.054054054054054106
2026-07-29,5,704.0,PUT,0.9530513984138692,-0.027677150774516452,0.21632908401634798,0.2,0.21,0.20500000000000002,0.04878048780487795
2026-07-29,5,705.0,PUT,0.9544051646047981,-0.02928917435917329,0.21331079812469897,0.21,0.22,0.215,0.046511627906976785
2026-07-29,5,705.0,CALL,0.9544051646047981,0.9484082487075025,0.24371354514018218,32.24,35.75,33.995000000000005,0.1032504780114722
2026-07-29,5,706.0,PUT,0.9557589307957268,-0.03193502177426943,0.20988206626785452,0.23,0.24,0.235,0.042553191489361625
2026-07-29,5,707.0,PUT,0.9571126969866556,-0.0346685294333798,0.20646073081681895,0.25,0.26,0.255,0.03921568627450984
2026-07-29,5,708.0,PUT,0.9584664631775844,-0.037493836969506346,0.2030468952947073,0.27,0.28,0.275,0.03636363636363639
2026-07-29,5,709.0,PUT,0.9598202293685132,-0.040415341220113865,0.19964067056896712,0.29,0.3,0.295,0.0338983050847458
2026-07-29,5,710.0,PUT,0.9611739955594419,-0.04440943161435452,0.19740991538187808,0.32,0.33,0.325,0.030769230769230795
2026-07-29,5,710.0,CALL,0.9611739955594419,0.9261142019439413,0.23398821410273662,29.02,29.41,29.215,0.013349306862912906
2026-07-29,5,711.0,PUT,0.9625277617503708,-0.04801677973036896,0.19460164877654051,0.34,0.36,0.35,0.05714285714285704
2026-07-29,5,711.0,CALL,0.9625277617503708,0.9222808522309022,0.22922438645496293,28.05,28.44,28.245,0.013807753584705278
2026-07-29,5,712.0,CALL,0.9638815279412996,0.9172527415578227,0.22547569830613057,27.08,27.5,27.29,0.015390252839868147
2026-07-29,5,712.0,PUT,0.9638815279412996,-0.052673347129449356,0.1929657172208868,0.38,0.39,0.385,0.025974025974025997
2026-07-29,5,713.0,PUT,0.9652352941322283,-0.05740981421825691,0.19133370904364255,0.41,0.43,0.42,0.047619047619047665
2026-07-29,5,714.0,PUT,0.9665890603231572,-0.06267772962586762,0.19028262842212185,0.45,0.47,0.45999999999999996,0.04347826086956514
2026-07-29,5,715.0,PUT,0.9679428265140859,-0.06849432617037557,0.1877428995946916,0.5,0.51,0.505,0.01980198019801982
2026-07-29,5,715.0,CALL,0.9679428265140859,0.902473682623404,0.21294083627348662,24.2,24.61,24.405,0.016799836099160012
2026-07-29,5,716.0,PUT,0.9692965927050148,-0.07450595185424219,0.18408367123046232,0.54,0.56,0.55,0.03636363636363639
2026-07-29,5,716.0,CALL,0.9692965927050148,0.8967063130603389,0.20922633815944755,23.25,23.65,23.45,0.017057569296375207
2026-07-29,5,717.0,PUT,0.9706503588959435,-0.08205439783284187,0.18144003035137352,0.6,0.62,0.61,0.03278688524590167
2026-07-29,5,718.0,PUT,0.9720041250868723,-0.08940462476667284,0.17846841768675448,0.66,0.67,0.665,0.015037593984962419
2026-07-29,5,718.0,CALL,0.9720041250868723,0.8832309984853154,0.2031575907443075,21.36,21.76,21.560000000000002,0.018552875695732936
2026-07-29,5,719.0,PUT,0.9733578912778011,-0.0982407540511765,0.17650906997048987,0.73,0.74,0.735,0.01360544217687076
2026-07-29,5,720.0,CALL,0.9747116574687299,0.8676504912407362,0.19664812680368687,19.5,19.88,19.689999999999998,0.019299136617572325
2026-07-29,5,720.0,PUT,0.9747116574687299,-0.1076722809314124,0.1748893473896581,0.8,0.82,0.81,0.024691358024691242
2026-07-29,5,721.0,CALL,0.9760654236596586,0.8584067970698104,0.1921933296775217,18.58,18.96,18.77,0.020245071923281968
2026-07-29,5,721.0,PUT,0.9760654236596586,-0.1172832384660245,0.17327252913097882,0.88,0.89,0.885,0.011299435028248598
2026-07-29,5,722.0,PUT,0.9774191898505875,-0.12858943372775197,0.1724940450973295,0.97,0.99,0.98,0.02040816326530614
2026-07-29,5,722.0,CALL,0.9774191898505875,0.8478124882258298,0.18841399835660427,17.68,18.05,17.865000000000002,0.020710887209627816
2026-07-29,5,723.0,CALL,0.9787729560415163,0.8364899794782783,0.1848658937832056,16.79,17.14,16.965,0.020630710285882783
2026-07-29,5,723.0,PUT,0.9787729560415163,-0.1401627260049873,0.16876369266388663,1.07,1.08,1.0750000000000002,0.009302325581395356
2026-07-29,5,724.0,CALL,0.980126722232445,0.8238673581861728,0.1819904982534937,15.91,16.25,16.08,0.021144278606965168
2026-07-29,5,724.0,PUT,0.980126722232445,-0.1532962787750599,0.16570878875035008,1.18,1.19,1.185,0.008438818565400852
2026-07-29,5,725.0,CALL,0.9814804884233739,0.810567959874532,0.1793441889731477,15.03,15.37,15.2,0.022368421052631572
2026-07-29,5,725.0,PUT,0.9814804884233739,-0.16758695507312066,0.16310550351990064,1.3,1.31,1.3050000000000002,0.007662835249042151
2026-07-29,5,726.0,PUT,0.9828342546143026,-0.18328311034067593,0.16117363216727626,1.43,1.45,1.44,0.013888888888888902
2026-07-29,5,726.0,CALL,0.9828342546143026,0.7960944560437188,0.17736702545172875,14.17,14.5,14.335,0.02302057900244158
2026-07-29,5,727.0,PUT,0.9841880208052314,-0.1999570355774464,0.15968614795031544,1.58,1.59,1.585,0.006309148264984233
2026-07-29,5,727.0,CALL,0.9841880208052314,0.7805709240349086,0.17605626186921405,13.33,13.64,13.485,0.022988505747126475
2026-07-29,5,728.0,CALL,0.9855417869961602,0.7643445904190977,0.17192324117808142,12.48,12.8,12.64,0.025316455696202552
2026-07-29,5,728.0,PUT,0.9855417869961602,-0.21753145687546543,0.1586227853925436,1.73,1.75,1.74,0.011494252873563229
2026-07-29,5,729.0,CALL,0.986895553187089,0.7470215681343494,0.167542341399357,11.63,11.97,11.8,0.028813559322033885
2026-07-29,5,729.0,PUT,0.986895553187089,-0.23663934821155103,0.1555011140064435,1.91,1.92,1.915,0.005221932114882511
2026-07-29,5,730.0,CALL,0.9882493193780179,0.7287720041672465,0.1631751646626273,10.87,11.05,10.96,0.016423357664233713
2026-07-29,5,730.0,PUT,0.9882493193780179,-0.25757053635755767,0.15234017464236188,2.1,2.12,2.1100000000000003,0.009478672985781998
2026-07-29,5,731.0,CALL,0.9896030855689466,0.7076232893473271,0.1604959927107801,10.08,10.26,10.17,0.01769911504424776
2026-07-29,5,731.0,PUT,0.9896030855689466,-0.2798255586973881,0.14952500822273518,2.31,2.32,2.315,0.004319654427645697
2026-07-29,5,732.0,CALL,0.9909568517598754,0.6850901514582523,0.15849469496836777,9.31,9.49,9.4,0.019148936170212735
2026-07-29,5,732.0,PUT,0.9909568517598754,-0.30371808165123804,0.14738645951058046,2.53,2.55,2.54,0.007874015748031503
2026-07-29,5,733.0,CALL,0.9923106179508042,0.6615523972613173,0.1570011610998112,8.56,8.73,8.645,0.019664545980335447
2026-07-29,5,733.0,PUT,0.9923106179508042,-0.3290197406424907,0.14591278893714238,2.77,2.8,2.785,0.010771992818671383
2026-07-29,5,734.0,PUT,0.993664384141733,-0.35578557691962714,0.14382774580389013,3.04,3.07,3.0549999999999997,0.009819967266775715
2026-07-29,5,734.0,CALL,0.993664384141733,0.6366628261560832,0.15362186393637678,7.83,8.0,7.915,0.021478205938092222
2026-07-29,5,735.0,PUT,0.9950181503326617,-0.3844569893966795,0.14023758227987546,3.34,3.37,3.355,0.008941877794336885
2026-07-29,5,735.0,CALL,0.9950181503326617,0.6097282047927433,0.15000516455071036,7.13,7.3,7.215,0.023562023562023554
2026-07-29,5,736.0,PUT,0.9963719165235906,-0.4148944010953008,0.13709649442841632,3.66,3.68,3.67,0.005449591280653956
2026-07-29,5,736.0,CALL,0.9963719165235906,0.5812467149029094,0.14683826226841673,6.5,6.56,6.529999999999999,0.009188361408882025
2026-07-29,5,737.0,CALL,0.9977256827145193,0.5512920491013696,0.1444086608370213,5.83,5.91,5.87,0.013628620102214663
2026-07-29,5,737.0,PUT,0.9977256827145193,-0.4471168451817994,0.13482687989863826,4.0,4.03,4.015000000000001,0.007471980074719862
2026-07-29,5,738.0,PUT,0.9990794489054481,-0.48070014057446253,0.1333920392144861,4.38,4.4,4.390000000000001,0.004555808656036551
2026-07-29,5,738.0,CALL,0.9990794489054481,0.5202633794950395,0.14256760065669757,5.21,5.25,5.23,0.0076481835564053595
2026-07-29,5,739.0,PUT,1.0004332150963768,-0.5155038490763253,0.1297884802155096,4.78,4.81,4.795,0.0062565172054221815
2026-07-29,5,739.0,CALL,1.0004332150963768,0.48813337399356416,0.13922098070540634,4.63,4.65,4.640000000000001,0.004310344827586306
2026-07-29,5,740.0,PUT,1.0017869812873057,-0.5521788725100276,0.1261323218590799,5.22,5.25,5.234999999999999,0.005730659025788014
2026-07-29,5,740.0,CALL,1.0017869812873057,0.454195715983915,0.13540501882464817,4.06,4.09,4.074999999999999,0.0073619631901841115
2026-07-29,5,741.0,PUT,1.0031407474782346,-0.5905041362398227,0.1233312504120085,5.62,5.79,5.705,0.029798422436459235
2026-07-29,5,741.0,CALL,1.0031407474782346,0.4189661450215463,0.13261202319633886,3.53,3.56,3.545,0.00846262341325818
2026-07-29,5,742.0,CALL,1.0044945136691632,0.3833169399270249,0.13097771972909167,3.04,3.07,3.0549999999999997,0.009819967266775715
2026-07-29,5,742.0,PUT,1.0044945136691632,-0.629379658571548,0.12188678414235872,6.13,6.32,6.225,0.030522088353413718
2026-07-29,5,743.0,PUT,1.005848279860092,-0.6690921660883391,0.11745369992603621,6.68,6.86,6.77,0.026587887740029632
2026-07-29,5,743.0,CALL,1.005848279860092,0.3476615807546844,0.12800148674899964,2.59,2.61,2.5999999999999996,0.0076923076923077005
2026-07-29,5,744.0,PUT,1.007202046051021,-0.7112565878619964,0.1129362045586026,7.2,7.47,7.335,0.036809815950920186
2026-07-29,5,744.0,CALL,1.007202046051021,0.31144378421977825,0.1243359867762347,2.18,2.2,2.1900000000000004,0.009132420091324207
2026-07-29,5,745.0,CALL,1.0085558122419498,0.27477117060313505,0.12166435306412059,1.8,1.82,1.81,0.011049723756906087
2026-07-29,5,745.0,PUT,1.0085558122419498,-0.7535849957138864,0.11010035125786506,7.81,8.1,7.955,0.03645505971087367
2026-07-29,5,746.0,CALL,1.0099095784328784,0.2398680433603909,0.12062307449668853,1.47,1.49,1.48,0.013513513513513526
2026-07-29,5,746.0,PUT,1.0099095784328784,-0.79550161528808,0.10514601097695532,8.46,8.78,8.620000000000001,0.03712296983758683
2026-07-29,5,747.0,CALL,1.0112633446238073,0.20541460429897523,0.11600378097609657,1.17,1.19,1.18,0.0169491525423729
2026-07-29,5,747.0,PUT,1.0112633446238073,-0.8385598594578171,0.10027843640795431,9.16,9.49,9.325,0.035388739946380705
2026-07-29,5,748.0,CALL,1.0126171108147362,0.17288107248779194,0.11329720616476437,0.92,0.94,0.9299999999999999,0.021505376344085923
2026-07-29,5,748.0,PUT,1.0126171108147362,-0.8818625159613908,0.09504952713983876,9.9,10.25,10.075,0.03473945409429277
2026-07-29,5,749.0,PUT,1.0139708770056648,-0.928416141575523,0.08724174336221568,10.68,11.05,10.865,0.0340543028071791
2026-07-29,5,749.0,CALL,1.0139708770056648,0.1426132797478161,0.11206955325553383,0.71,0.72,0.715,0.013986013986014
2026-07-29,5,750.0,CALL,1.0153246431965937,0.11618748945275212,0.10854504098526885,0.54,0.55,0.545,0.018348623853211024
2026-07-29,5,750.0,PUT,1.0153246431965937,-0.9769556629251663,0.0767579598866034,11.54,11.92,11.73,0.03239556692242121
2026-07-29,5,751.0,CALL,1.0166784093875225,0.09206888625971206,0.10629509289091615,0.4,0.41,0.405,0.024691358024691242
2026-07-29,5,752.0,CALL,1.0180321755784512,0.07166651381404983,0.1057098299992686,0.29,0.3,0.295,0.0338983050847458
2026-07-29,5,753.0,CALL,1.01938594176938,0.05353561892688115,0.1016257117556967,0.2,0.21,0.20500000000000002,0.04878048780487795
2026-07-29,5,754.0,CALL,1.0207397079603089,0.04000508616270912,0.10074138723374243,0.14,0.15,0.14500000000000002,0.06896551724137917
2026-07-29,5,755.0,CALL,1.0220934741512375,0.030380909302773828,0.10059065473753935,0.1,0.11,0.10500000000000001,0.09523809523809518
2026-07-29,5,756.0,CALL,1.0234472403421664,0.020279646917565182,0.09694667642056302,0.06,0.07,0.065,0.15384615384615397
2026-07-29,5,757.0,CALL,1.0248010065330952,0.014633521878683586,0.09748572954465795,0.04,0.05,0.045,0.22222222222222227
2026-07-29,5,758.0,CALL,1.026154772724024,0.011580227801226865,0.09838542516458798,0.03,0.04,0.035,0.28571428571428575
2026-07-29,5,759.0,CALL,1.0275085389149528,0.008507748405891804,0.09769954612129303,0.02,0.03,0.025,0.3999999999999999
2026-07-29,5,760.0,CALL,1.0288623051058816,0.008191176604960456,0.10181635972450435,0.02,0.03,0.025,0.3999999999999999
2026-07-29,5,761.0,CALL,1.0302160712968103,0.005199489506893176,0.10111949767840445,0.01,0.02,0.015,0.6666666666666667
2026-07-29,5,762.0,CALL,1.0315698374877391,0.005022128212159262,0.10521217451690379,0.01,0.02,0.015,0.6666666666666667
2026-07-29,5,763.0,CALL,1.032923603678668,0.004858261800379064,0.10929800331295932,0.01,0.02,0.015,0.6666666666666667
2026-07-29,5,764.0,CALL,1.0342773698695966,0.004706348502103156,0.11337705449653886,0.01,0.02,0.015,0.6666666666666667
2026-07-29,5,765.0,CALL,1.0356311360605255,0.00456512815584124,0.11744949939172625,0.01,0.02,0.015,0.6666666666666667
2026-07-29,5,766.0,CALL,1.0369849022514543,0.004433552338312946,0.12151346044979602,0.01,0.02,0.015,0.6666666666666667
2026-07-29,5,767.0,CALL,1.038338668442383,0.004310243535287086,0.12514824892649354,0.01,0.02,0.015,0.6666666666666667
2026-07-29,5,768.0,CALL,1.0396924346333118,0.0041940713727862955,0.12877605095001032,0.01,0.02,0.015,0.6666666666666667
2026-07-29,5,769.0,CALL,1.0410462008242407,0.004084428760109995,0.13239706994063144,0.01,0.02,0.015,0.6666666666666667
2026-07-29,5,770.0,CALL,1.0423999670151696,0.003980776096623263,0.13601148856387285,0.0,0.02,0.01,2.0
2026-07-29,5,771.0,CALL,1.0437537332060982,0.0038826320818229772,0.13961947150838422,0.01,0.02,0.015,0.6666666666666667
2026-07-29,5,772.0,CALL,1.045107499397027,0.003789565996538554,0.14322116780142258,0.01,0.02,0.015,0.6666666666666667
2026-07-29,5,773.0,CALL,1.046461265587956,0.0037011911861602183,0.14681671272301441,0.01,0.02,0.015,0.6666666666666667
2026-07-29,5,774.0,CALL,1.0478150317788846,0.003617159531804432,0.15040622955502664,0.01,0.02,0.015,0.6666666666666667
2026-07-29,5,775.0,CALL,1.0491687979698134,0.0035371567381709177,0.1539898309547808,0.01,0.02,0.015,0.6666666666666667
2026-07-29,5,776.0,CALL,1.0505225641607423,0.0034609195773379095,0.15756776766413338,0.0,0.01,0.005,
2026-07-29,5,777.0,CALL,1.051876330351671,0.0033881260351329733,0.16113969230895187,0.0,0.01,0.005,
2026-07-29,5,778.0,CALL,1.0532300965425998,0.0033186050933732983,0.16470613479859297,0.0,0.01,0.005,
2026-07-29,5,779.0,CALL,1.0545838627335287,0.003252121365748623,0.16826702867652407,0.0,0.01,0.005,
2026-07-29,5,780.0,CALL,1.0559376289244573,0.0031884792332976253,0.1718224490256435,0.0,0.01,0.005,
2026-07-29,5,781.0,CALL,1.0572913951153862,0.003127499604041928,0.17537246564221917,0.0,0.01,0.005,
2026-07-29,5,782.0,CALL,1.058645161306315,0.0030690181959310016,0.1789171435457189,0.0,0.01,0.005,
2026-07-29,5,783.0,CALL,1.0599989274972437,0.0030128840303678926,0.18245654348765447,0.0,0.01,0.005,
2026-07-29,5,784.0,CALL,1.0613526936881725,0.0029589581067028135,0.1859907223447723,0.0,0.01,0.005,
2026-07-29,5,786.0,CALL,1.06406022607003,0.0028572279900101797,0.1930436270883106,0.0,0.01,0.005,
2026-07-29,5,787.0,CALL,1.065413992260959,0.002809198541116675,0.19656247334422472,0.0,0.01,0.005,
2026-07-29,5,788.0,CALL,1.0667677584518878,0.002762914190456588,0.20007624825218384,0.0,0.01,0.005,
2026-07-29,5,789.0,CALL,1.0681215246428164,0.00271828890425752,0.20358506273751648,0.0,0.01,0.005,
2026-07-29,5,790.0,CALL,1.0694752908337453,0.0026752324135835824,0.20708893396003578,0.0,0.01,0.005,
2026-07-29,5,791.0,CALL,1.0708290570246741,0.0026336632590353544,0.2105878999706536,0.0,0.01,0.005,
2026-07-29,5,792.0,CALL,1.072182823215603,0.002593505542559644,0.2140819969756604,0.0,0.01,0.005,
2026-07-29,5,793.0,CALL,1.0735365894065316,0.002554688460409796,0.21757125947835054,0.0,0.01,0.005,
2026-07-29,5,794.0,CALL,1.0748903555974605,0.0025171458812829803,0.22105572041837224,0.0,0.01,0.005,
2026-07-29,5,795.0,CALL,1.0762441217883894,0.002480815966026778,0.2245354113009532,0.0,0.01,0.005,
2026-07-29,5,800.0,CALL,1.0830129527430332,0.002315451741259334,0.24186332954706696,0.0,0.01,0.005,
2026-07-29,5,810.0,CALL,1.0965506146523212,0.0020492074566002276,0.27617643240184647,0.0,0.01,0.005,
2026-07-29,5,815.0,CALL,1.103319445606965,0.0019404582766743993,0.29316688543964897,0.0,0.01,0.005,
2026-07-29,5,820.0,CALL,1.1100882765616091,0.0018442224247724238,0.31004957798009886,0.0,0.01,0.005,
2026-07-29,5,825.0,CALL,1.116857107516253,0.001758460736237541,0.3268264556697679,0.0,0.01,0.005,
2026-07-29,5,830.0,CALL,1.1236259384708969,0.0016815548030830946,0.3434993006843955,0.0,0.01,0.005,
2026-07-29,5,835.0,CALL,1.130394769425541,0.0016122036564553087,0.3600697664442111,0.0,0.01,0.005,
2026-07-29,5,840.0,CALL,1.1371636003801848,0.0015493494976292854,0.37653940280667314,0.0,0.01,0.005,
2026-07-29,5,845.0,CALL,1.143932431334829,0.001492128159837192,0.3929097490957499,0.0,0.01,0.005,
2026-07-29,5,850.0,CALL,1.1507012622894728,0.0014398047701386961,0.40918197625802805,0.0,0.01,0.005,
2026-07-29,5,855.0,CALL,1.1574700932441166,0.0013917912428851543,0.4253576413204189,0.0,0.01,0.005,
2026-07-29,5,860.0,CALL,1.1642389241987607,0.001347575732019703,0.44143796246644623,0.0,0.01,0.005,
2026-07-29,5,865.0,CALL,1.1710077551534046,0.0013067255677455575,0.4574241445258188,0.0,0.01,0.005,
2026-07-29,5,870.0,CALL,1.1777765861080487,0.0012688328460288597,0.47240575295916826,0.0,0.01,0.005,
2026-07-29,5,875.0,CALL,1.1845454170626926,0.0012333877984737967,0.48652562969220575,0.0,0.01,0.005,
2026-07-29,5,880.0,CALL,1.1913142480173364,0.0012001335211647799,0.5005633229487277,0.0,0.01,0.005,
2026-07-30,6,500.0,PUT,0.6768830954643957,-0.0005631310311451455,0.9671183829976653,0.0,0.01,0.005,
2026-07-30,6,505.0,PUT,0.6836519264190397,-0.0005766633982389304,0.9440789134115124,0.0,0.01,0.005,
2026-07-30,6,515.0,PUT,0.6971895883283277,-0.0006053353018255767,0.8986845520699829,0.0,0.01,0.005,
2026-07-30,6,520.0,PUT,0.7039584192829715,-0.0006205461486645412,0.8763214511776062,0.0,0.01,0.005,
2026-07-30,6,525.0,PUT,0.7107272502376155,-0.0006363894581806691,0.8541753291712395,0.0,0.01,0.005,
2026-07-30,6,530.0,PUT,0.7174960811922595,-0.0006529066460698788,0.8322421120236693,0.0,0.01,0.005,
2026-07-30,6,535.0,PUT,0.7242649121469035,-0.0006701427974689071,0.8105178474217063,0.0,0.01,0.005,
2026-07-30,6,540.0,PUT,0.7310337431015475,-0.0006881470825647839,0.7889987010065287,0.0,0.01,0.005,
2026-07-30,6,545.0,PUT,0.7378025740561914,-0.0007069732298770831,0.7676809527408812,0.0,0.01,0.005,
2026-07-30,6,560.0,PUT,0.7581090669201233,-0.0007690004196207233,0.7049005453786996,0.0,0.01,0.005,
2026-07-30,6,565.0,PUT,0.7648778978747672,-0.0007917631340022484,0.6843533682279915,0.0,0.01,0.005,
2026-07-30,6,570.0,PUT,0.7716467288294112,-0.0008157067032274795,0.6639906000918748,0.0,0.01,0.005,
2026-07-30,6,590.0,PUT,0.798722052647987,-0.0009253719491089363,0.5843232336892246,0.01,0.02,0.015,0.6666666666666667
2026-07-30,6,595.0,PUT,0.805490883602631,-0.0009568914019697361,0.5648380704856446,0.01,0.02,0.015,0.6666666666666667
2026-07-30,6,600.0,PUT,0.8122597145572749,-0.0009903600531622684,0.5455200821596082,0.01,0.02,0.015,0.6666666666666667
2026-07-30,6,605.0,PUT,0.8190285455119188,-0.001309292246030398,0.5332487829416116,0.01,0.03,0.02,0.9999999999999998
2026-07-30,6,610.0,PUT,0.8257973764665628,-0.0016446766502509146,0.5196758671833708,0.02,0.03,0.025,0.3999999999999999
2026-07-30,6,615.0,PUT,0.8325662074212068,-0.0017091318598018615,0.4989015712550812,0.02,0.03,0.025,0.3999999999999999
2026-07-30,6,620.0,PUT,0.8393350383758508,-0.0017785539193358013,0.47829832362274616,0.02,0.03,0.025,0.3999999999999999
2026-07-30,6,625.0,PUT,0.8461038693304948,-0.00216598022199256,0.4651344422304831,0.02,0.04,0.03,0.6666666666666667
2026-07-30,6,630.0,PUT,0.8528727002851386,-0.0025755592893439466,0.4520852441361272,0.03,0.04,0.035,0.28571428571428575
2026-07-30,6,635.0,PUT,0.8596415312397826,-0.0026914614090789617,0.43193469179074323,0.03,0.04,0.035,0.28571428571428575
2026-07-30,6,640.0,PUT,0.8664103621944266,-0.0034679938805070305,0.42632711386924754,0.04,0.05,0.045,0.22222222222222227
2026-07-30,6,645.0,PUT,0.8731791931490706,-0.003633490613505826,0.40645506575698953,0.04,0.05,0.045,0.22222222222222227
2026-07-30,6,650.0,PUT,0.8799480241037145,-0.004493258860884885,0.39035864765609135,0.05,0.06,0.055,0.18181818181818174
2026-07-30,6,655.0,PUT,0.8867168550583584,-0.0047326946327574644,0.36852217688201533,0.05,0.06,0.055,0.18181818181818174
2026-07-30,6,660.0,PUT,0.8934856860130024,-0.005735290298460588,0.35201796909699146,0.06,0.07,0.065,0.15384615384615397
2026-07-30,6,665.0,PUT,0.9002545169676464,-0.006834643470717742,0.3356533198823604,0.07,0.08,0.07500000000000001,0.13333333333333325
2026-07-30,6,670.0,PUT,0.9070233479222903,-0.008794654325265541,0.3245531705113252,0.09,0.1,0.095,0.10526315789473693
2026-07-30,6,675.0,PUT,0.9137921788769343,-0.01014831652724994,0.30845178116837546,0.1,0.11,0.10500000000000001,0.09523809523809518
2026-07-30,6,680.0,PUT,0.9205610098315782,-0.011652286169291952,0.2907596801290353,0.11,0.12,0.11499999999999999,0.0869565217391304
2026-07-30,6,685.0,PUT,0.9273298407862222,-0.015007426288514807,0.2736002449478107,0.14,0.15,0.14500000000000002,0.06896551724137917
2026-07-30,6,690.0,PUT,0.9340986717408661,-0.01962372688734611,0.25876263679540445,0.18,0.19,0.185,0.054054054054054106
2026-07-30,6,695.0,PUT,0.9408675026955101,-0.0256017398336125,0.24622733974679073,0.23,0.24,0.235,0.042553191489361625
2026-07-30,6,700.0,PUT,0.9476363336501541,-0.03469562739623472,0.23258283199516688,0.31,0.32,0.315,0.03174603174603177
2026-07-30,6,701.0,PUT,0.9489900998410828,-0.0369887763087964,0.22941069934226999,0.33,0.34,0.335,0.02985074626865674
2026-07-30,6,702.0,PUT,0.9503438660320116,-0.03974111619165442,0.226782101664469,0.35,0.37,0.36,0.05555555555555561
2026-07-30,6,703.0,PUT,0.9516976322229405,-0.042557757228147045,0.22415925637899928,0.38,0.39,0.385,0.025974025974025997
2026-07-30,6,704.0,PUT,0.9530513984138692,-0.045440784484750626,0.22154219769032385,0.4,0.42,0.41000000000000003,0.04878048780487795
2026-07-30,6,705.0,PUT,0.9544051646047981,-0.04839230921831013,0.21893102518814012,0.43,0.44,0.435,0.022988505747126457
2026-07-30,6,706.0,PUT,0.9557589307957268,-0.05218025072268996,0.21739588171111443,0.46,0.48,0.47,0.042553191489361625
2026-07-30,6,706.0,CALL,0.9557589307957268,0.9205811209232236,0.2512091815201595,33.23,33.68,33.455,0.013450904199671286
2026-07-30,6,707.0,PUT,0.9571126969866556,-0.0560222379515144,0.2158640767732475,0.5,0.51,0.505,0.01980198019801982
2026-07-30,6,708.0,PUT,0.9584664631775844,-0.059919622059766864,0.21433506875230013,0.53,0.55,0.54,0.03703703703703707
2026-07-30,6,709.0,CALL,0.9598202293685132,0.908704666444768,0.2395708425859363,30.35,30.79,30.57,0.014393195943735613
2026-07-30,6,709.0,PUT,0.9598202293685132,-0.06461344618765225,0.21376950112302,0.58,0.59,0.585,0.01709401709401711
2026-07-30,6,710.0,CALL,0.9611739955594419,0.9041117009656131,0.23611649756118264,29.39,29.84,29.615000000000002,0.015195002532500397
2026-07-30,6,710.0,PUT,0.9611739955594419,-0.06937194019785176,0.21037323791846105,0.62,0.64,0.63,0.03174603174603177
2026-07-30,6,711.0,PUT,0.9625277617503708,-0.07428615179443228,0.20698459757702745,0.67,0.68,0.675,0.014814814814814828
2026-07-30,6,712.0,CALL,0.9638815279412996,0.8939612079402545,0.22984298246117074,27.5,27.93,27.715,0.015515064044741105
2026-07-30,6,712.0,PUT,0.9638815279412996,-0.08006616142591468,0.20421944146683998,0.72,0.74,0.73,0.02739726027397263
2026-07-30,6,713.0,PUT,0.9652352941322283,-0.08635022551963699,0.20176843709178963,0.78,0.8,0.79,0.025316455696202552
2026-07-30,6,714.0,PUT,0.9665890603231572,-0.09278853322859631,0.19932353733832864,0.84,0.86,0.85,0.023529411764705903
2026-07-30,6,715.0,CALL,0.9679428265140859,0.8755652523635417,0.22293029470158038,24.69,25.12,24.905,0.017265609315398504
2026-07-30,6,715.0,PUT,0.9679428265140859,-0.10005089794677709,0.19749866503582453,0.91,0.93,0.92,0.021739130434782625
2026-07-30,6,716.0,PUT,0.9692965927050148,-0.10777148532534311,0.19598462385181106,0.99,1.0,0.995,0.010050251256281416
2026-07-30,6,717.0,CALL,0.9706503588959435,0.8610109274161087,0.21539135236949883,22.87,23.25,23.060000000000002,0.016478751084128315
2026-07-30,6,717.0,PUT,0.9706503588959435,-0.11623682362062969,0.19508526353732544,1.07,1.09,1.08,0.018518518518518535
2026-07-30,6,718.0,PUT,0.9720041250868723,-0.12479943129586987,0.1941705135047736,1.16,1.17,1.165,0.00858369098712447
2026-07-30,6,718.0,CALL,0.9720041250868723,0.8531782759485625,0.21127986535720172,21.94,22.34,22.14,0.018066847335139954
2026-07-30,6,719.0,PUT,0.9733578912778011,-0.1341277333433736,0.19133136285202887,1.25,1.27,1.26,0.015873015873015886
2026-07-30,6,720.0,CALL,0.9747116574687299,0.8343794380240732,0.20491073572583504,20.15,20.54,20.345,0.01916932907348246
2026-07-30,6,720.0,PUT,0.9747116574687299,-0.14432518643616776,0.18829427845488816,1.36,1.37,1.3650000000000002,0.007326007326007331
2026-07-30,6,721.0,CALL,0.9760654236596586,0.8237178698184418,0.20244709132555383,19.28,19.65,19.465,0.01900847675314654
2026-07-30,6,721.0,PUT,0.9760654236596586,-0.1554137657102268,0.18567116530193598,1.47,1.49,1.48,0.013513513513513526
2026-07-30,6,722.0,CALL,0.9774191898505875,0.8123455019929301,0.20039461638858191,18.43,18.76,18.595,0.01774670610379144
2026-07-30,6,722.0,PUT,0.9774191898505875,-0.16708942056283443,0.18325786023994586,1.59,1.61,1.6,0.012500000000000011
2026-07-30,6,723.0,PUT,0.9787729560415163,-0.17984917106593354,0.18145915850685954,1.72,1.75,1.7349999999999999,0.017291066282420765
2026-07-30,6,724.0,PUT,0.980126722232445,-0.19311324218028808,0.17986614106231338,1.86,1.89,1.875,0.015999999999999896
2026-07-30,6,725.0,PUT,0.9814804884233739,-0.2073162863147244,0.178879071518012,2.02,2.04,2.0300000000000002,0.00985221674876848
2026-07-30,6,725.0,CALL,0.9814804884233739,0.7762059941098736,0.19416061965640743,15.81,16.19,16.0,0.02375000000000005
2026-07-30,6,726.0,PUT,0.9828342546143026,-0.22221236536851088,0.17796396822458932,2.18,2.21,2.1950000000000003,0.01366742596810925
2026-07-30,6,727.0,CALL,0.9841880208052314,0.7477819645367536,0.18637650975558673,14.15,14.51,14.33,0.02512212142358684
2026-07-30,6,727.0,PUT,0.9841880208052314,-0.23803501711959268,0.17457164328505295,2.36,2.39,2.375,0.012631578947368527
2026-07-30,6,728.0,PUT,0.9855417869961602,-0.25487522064157603,0.17149613589321439,2.55,2.58,2.565,0.011695906432748635
2026-07-30,6,728.0,CALL,0.9855417869961602,0.7321528033556581,0.1829614388431038,13.41,13.61,13.51,0.01480384900074014
2026-07-30,6,729.0,PUT,0.986895553187089,-0.27287643804602646,0.16888982479619563,2.76,2.78,2.7699999999999996,0.007220216606498202
2026-07-30,6,730.0,CALL,0.9882493193780179,0.6970382726793216,0.1783057056095364,11.85,12.03,11.94,0.015075376884422087
2026-07-30,6,730.0,PUT,0.9882493193780179,-0.2919368752887021,0.16675199174488362,2.98,3.0,2.99,0.006688963210702346
2026-07-30,6,731.0,PUT,0.9896030855689466,-0.31196057587443815,0.16507408854538969,3.21,3.24,3.225,0.009302325581395425
2026-07-30,6,731.0,CALL,0.9896030855689466,0.6783974069848878,0.17644757201584602,11.07,11.27,11.17,0.017905102954341924
2026-07-30,6,732.0,PUT,0.9909568517598754,-0.33308633515355895,0.16415217176110414,3.47,3.5,3.4850000000000003,0.008608321377331363
2026-07-30,6,732.0,CALL,0.9909568517598754,0.6586766389086023,0.17551137038568215,10.34,10.52,10.43,0.017257909875359512
2026-07-30,6,733.0,PUT,0.9923106179508042,-0.3547763693703749,0.16184011465801426,3.73,3.77,3.75,0.010666666666666677
2026-07-30,6,733.0,CALL,0.9923106179508042,0.6382775303940321,0.1720103645015457,9.6,9.8,9.7,0.02061855670103104
2026-07-30,6,734.0,PUT,0.993664384141733,-0.37778372270714483,0.1582617876795358,4.02,4.06,4.039999999999999,0.009900990099009912
2026-07-30,6,734.0,CALL,0.993664384141733,0.6165452800526727,0.16840452618993082,8.89,9.09,8.99,0.02224694104560615
2026-07-30,6,735.0,PUT,0.9950181503326617,-0.40217604899658765,0.1552255918539078,4.34,4.36,4.35,0.004597701149425394
2026-07-30,6,735.0,CALL,0.9950181503326617,0.593659964337767,0.16520983053011928,8.25,8.34,8.295,0.010849909584086782
2026-07-30,6,736.0,PUT,0.9963719165235906,-0.4277714498649488,0.15272990427060748,4.67,4.69,4.68,0.004273504273504373
2026-07-30,6,736.0,CALL,0.9963719165235906,0.5695764616655945,0.16282265728950915,7.59,7.67,7.63,0.010484927916120585
2026-07-30,6,737.0,CALL,0.9977256827145193,0.5446303993430425,0.16110651213233615,6.95,7.03,6.99,0.011444921316165962
2026-07-30,6,737.0,PUT,0.9977256827145193,-0.4544426171212125,0.1508932205873309,5.02,5.05,5.035,0.005958291956305908
2026-07-30,6,738.0,CALL,0.9990794489054481,0.5191598941376645,0.1592647071907467,6.33,6.36,6.345000000000001,0.004728132387706895
2026-07-30,6,738.0,PUT,0.9990794489054481,-0.48195517953387806,0.14941379344413908,5.39,5.42,5.404999999999999,0.005550416281221138
2026-07-30,6,739.0,CALL,1.0004332150963768,0.49288865109446306,0.15591288326812555,5.73,5.76,5.745,0.005221932114882395
2026-07-30,6,739.0,PUT,1.0004332150963768,-0.5102867772038673,0.14620919883030906,5.8,5.83,5.8149999999999995,0.005159071367153955
2026-07-30,6,740.0,CALL,1.0017869812873057,0.4653143670973518,0.15213050095075856,5.15,5.19,5.17,0.00773694390715668
2026-07-30,6,740.0,PUT,1.0017869812873057,-0.5399865795839303,0.14231151909587741,6.22,6.25,6.234999999999999,0.004811547714514876
2026-07-30,6,741.0,PUT,1.0031407474782346,-0.5706518213249877,0.1397377608735438,6.61,6.8,6.705,0.0283370618941088
2026-07-30,6,741.0,CALL,1.0031407474782346,0.43671747653569015,0.14915224395683074,4.61,4.64,4.625,0.006486486486486348
2026-07-30,6,742.0,PUT,1.0044945136691632,-0.6024063726174889,0.13740755686455566,7.08,7.29,7.1850000000000005,0.02922755741127348
2026-07-30,6,742.0,CALL,1.0044945136691632,0.40741198669173495,0.14684227614026096,4.09,4.12,4.105,0.007308160779537209
2026-07-30,6,743.0,PUT,1.005848279860092,-0.6348527831710685,0.13572248297853381,7.59,7.8,7.695,0.027290448343079917
2026-07-30,6,743.0,CALL,1.005848279860092,0.3778825176768159,0.14532712991476032,3.6,3.63,3.615,0.008298755186721938
2026-07-30,6,744.0,PUT,1.007202046051021,-0.6674719617354983,0.1311062379312184,8.14,8.34,8.24,0.024271844660194088
2026-07-30,6,744.0,CALL,1.007202046051021,0.34842014164276347,0.14216424240279335,3.15,3.17,3.16,0.006329113924050638
2026-07-30,6,745.0,CALL,1.0085558122419498,0.3183648306646708,0.1384920541858118,2.73,2.75,2.74,0.0072992700729927066
2026-07-30,6,745.0,PUT,1.0085558122419498,-0.7014654525377166,0.12711641809700883,8.67,8.95,8.809999999999999,0.03178206583427916
2026-07-30,6,746.0,PUT,1.0099095784328784,-0.7358142232735043,0.12426515955836509,9.25,9.59,9.42,0.03609341825902334
2026-07-30,6,746.0,CALL,1.0099095784328784,0.28802024103487,0.13572827743653582,2.34,2.36,2.3499999999999996,0.00851063829787235
2026-07-30,6,747.0,PUT,1.0112633446238073,-0.7702526506410947,0.12167596797301698,9.91,10.22,10.065000000000001,0.030799801291604617
2026-07-30,6,747.0,CALL,1.0112633446238073,0.2582391886684629,0.13401362376779935,1.99,2.0,1.995,0.005012531328320806
2026-07-30,6,748.0,PUT,1.0126171108147362,-0.8035509650295181,0.1167417642660286,10.59,10.92,10.754999999999999,0.030683403068340317
2026-07-30,6,748.0,CALL,1.0126171108147362,0.22993842014080035,0.13210292639812254,1.67,1.69,1.68,0.011904761904761916
2026-07-30,6,749.0,CALL,1.0139708770056648,0.20163041637711968,0.12805482235080975,1.38,1.4,1.39,0.014388489208633108
2026-07-30,6,749.0,PUT,1.0139708770056648,-0.8376579746895157,0.11284923049667302,11.29,11.66,11.475,0.03224400871459704
2026-07-30,6,750.0,PUT,1.0153246431965937,-0.875986991215276,0.10734367868762124,12.02,12.37,12.195,0.028700287002869997
2026-07-30,6,750.0,CALL,1.0153246431965937,0.17468571296806681,0.12556301700298594,1.13,1.15,1.14,0.017543859649122823
2026-07-30,6,751.0,PUT,1.0166784093875225,-0.9087051404437169,0.10147607732262987,12.78,13.22,13.0,0.03384615384615394
2026-07-30,6,751.0,CALL,1.0166784093875225,0.14931287212922653,0.12423066994478824,0.91,0.93,0.92,0.021739130434782625
2026-07-30,6,752.0,CALL,1.0180321755784512,0.12646130208245923,0.12158937617766667,0.73,0.74,0.735,0.01360544217687076
2026-07-30,6,752.0,PUT,1.0180321755784512,-0.9476250763068859,0.09394788588494585,13.59,14.05,13.82,0.03328509406657025
2026-07-30,6,753.0,CALL,1.01938594176938,0.10534875579927902,0.11865468705074467,0.57,0.59,0.58,0.03448275862068969
2026-07-30,6,754.0,CALL,1.0207397079603089,0.0862571240944942,0.11715369953758784,0.44,0.46,0.45,0.04444444444444448
2026-07-30,6,755.0,CALL,1.0220934741512375,0.06994259905108371,0.1162652841722192,0.34,0.35,0.345,0.02898550724637668
2026-07-30,6,756.0,CALL,1.0234472403421664,0.05489600664045022,0.11251858829318209,0.25,0.26,0.255,0.03921568627450984
2026-07-30,6,757.0,CALL,1.0248010065330952,0.04293668067136911,0.1112112213534266,0.18,0.2,0.19,0.10526315789473693
2026-07-30,6,758.0,CALL,1.026154772724024,0.03326705779201964,0.11135271546051309,0.13,0.15,0.14,0.14285714285714277
2026-07-30,6,758.0,PUT,1.026154772724024,-0.9603771120587719,0.12300038363062891,18.18,21.45,19.814999999999998,0.16502649507948525
2026-07-30,6,759.0,CALL,1.0275085389149528,0.025998578881183582,0.10900901032751488,0.1,0.11,0.10500000000000001,0.09523809523809518
2026-07-30,6,760.0,CALL,1.0288623051058816,0.01941164045204509,0.10757950667597761,0.07,0.08,0.07500000000000001,0.13333333333333325
2026-07-30,6,761.0,CALL,1.0302160712968103,0.014755266923783341,0.10805466666122761,0.05,0.06,0.055,0.18181818181818174
2026-07-30,6,762.0,CALL,1.0315698374877391,0.01223431141584977,0.10927951681489777,0.04,0.05,0.045,0.22222222222222227
2026-07-30,6,763.0,CALL,1.032923603678668,0.00971026126603523,0.10863437148199148,0.03,0.04,0.035,0.28571428571428575
2026-07-30,6,764.0,CALL,1.0342773698695966,0.00715613923832017,0.10799397578408734,0.02,0.03,0.025,0.3999999999999999
2026-07-30,6,765.0,CALL,1.0356311360605255,0.006939244325577497,0.11172972816787861,0.02,0.03,0.025,0.3999999999999999
2026-07-30,6,766.0,CALL,1.0369849022514543,0.006736635118617206,0.1154588254258651,0.02,0.03,0.025,0.3999999999999999
2026-07-30,6,767.0,CALL,1.038338668442383,0.004316001153817525,0.11424841070869064,0.01,0.02,0.015,0.6666666666666667
2026-07-30,6,768.0,CALL,1.0396924346333118,0.004199349498569479,0.11757405528717595,0.01,0.02,0.015,0.6666666666666667
2026-07-30,6,769.0,CALL,1.0410462008242407,0.004089282267882315,0.12089313848104884,0.01,0.02,0.015,0.6666666666666667
2026-07-30,6,770.0,CALL,1.0423999670151696,0.003985252311795969,0.12420585599734263,0.01,0.02,0.015,0.6666666666666667
2026-07-30,6,771.0,CALL,1.0437537332060982,0.0038867719848280115,0.12751238404571355,0.01,0.02,0.015,0.6666666666666667
2026-07-30,6,772.0,CALL,1.045107499397027,0.003793405209612729,0.1308128818708167,0.01,0.02,0.015,0.6666666666666667
2026-07-30,6,773.0,CALL,1.046461265587956,0.0037047607861456916,0.13410749387653387,0.01,0.02,0.015,0.6666666666666667
2026-07-30,6,774.0,CALL,1.0478150317788846,0.003620486723220657,0.13739635143369047,0.01,0.02,0.015,0.6666666666666667
2026-07-30,6,775.0,CALL,1.0491687979698134,0.003540265413252186,0.14067957445060528,0.01,0.02,0.015,0.6666666666666667
2026-07-30,6,776.0,CALL,1.0505225641607423,0.003463809506868576,0.14395727268834654,0.01,0.02,0.015,0.6666666666666667
2026-07-30,6,777.0,CALL,1.051876330351671,0.0033908583710047643,0.14722954691248993,0.01,0.02,0.015,0.6666666666666667
2026-07-30,6,779.0,CALL,1.0545838627335287,0.003254543553763387,0.15375818734339392,0.01,0.02,0.015,0.6666666666666667
2026-07-30,6,780.0,CALL,1.0559376289244573,0.003190766705165432,0.1570147184743967,0.01,0.02,0.015,0.6666666666666667
2026-07-30,6,782.0,CALL,1.058645161306315,0.003071069936348284,0.16351257097305327,0.01,0.02,0.015,0.6666666666666667
2026-07-30,6,783.0,CALL,1.0599989274972437,0.0030148324587809033,0.166754024557307,0.01,0.02,0.015,0.6666666666666667
2026-07-30,6,784.0,CALL,1.0613526936881725,0.0029608116227563606,0.16999057724495575,0.01,0.02,0.015,0.6666666666666667
2026-07-30,6,785.0,CALL,1.0627064598791014,0.0029088784022609686,0.17322228487540545,0.01,0.02,0.015,0.6666666666666667
2026-07-30,6,786.0,CALL,1.06406022607003,0.0028589136414281335,0.17644919983788077,0.01,0.02,0.015,0.6666666666666667
2026-07-30,6,787.0,CALL,1.065413992260959,0.002810807124327605,0.17967137141684728,0.01,0.02,0.015,0.6666666666666667
2026-07-30,6,788.0,CALL,1.0667677584518878,0.0027644567484445275,0.18288884605219435,0.01,0.02,0.015,0.6666666666666667
2026-07-30,6,789.0,CALL,1.0681215246428164,0.0027197677885375192,0.18610166759592364,0.01,0.02,0.015,0.6666666666666667
2026-07-30,6,790.0,CALL,1.0694752908337453,0.002676652239536987,0.18930987751982528,0.01,0.02,0.015,0.6666666666666667
2026-07-30,6,791.0,CALL,1.0708290570246741,0.0026350282286912367,0.19251351513756162,0.01,0.02,0.015,0.6666666666666667
2026-07-30,6,792.0,CALL,1.072182823215603,0.002594783179523852,0.1957123192197346,0.01,0.02,0.015,0.6666666666666667
2026-07-30,6,793.0,CALL,1.0735365894065316,0.002555954883826668,0.19890722091192767,0.01,0.02,0.015,0.6666666666666667
2026-07-30,6,795.0,CALL,1.0762441217883894,0.002481996683970141,0.20528306239883684,0.01,0.02,0.015,0.6666666666666667
2026-07-30,6,800.0,CALL,1.0830129527430332,0.002316461832451607,0.2211461157014383,0.01,0.02,0.015,0.6666666666666667
2026-07-30,6,805.0,CALL,1.089781783697677,0.0021740069395508595,0.23690290723083868,0.01,0.02,0.015,0.6666666666666667
2026-07-30,6,810.0,CALL,1.0965506146523212,0.002049997716107561,0.2525549385264311,0.0,0.01,0.005,
2026-07-30,6,825.0,CALL,1.116857107516253,0.001759074518561334,0.2989119739369376,0.0,0.01,0.005,
2026-07-30,6,830.0,CALL,1.1236259384708969,0.0016821320060113,0.3141705766981593,0.0,0.01,0.005,
2026-07-30,6,835.0,CALL,1.130394769425541,0.0016127484077294188,0.3293350384935401,0.0,0.01,0.005,
2026-07-30,6,840.0,CALL,1.1371636003801848,0.0015498678509137953,0.3444068811966782,0.0,0.01,0.005,
2026-07-30,6,845.0,CALL,1.143932431334829,0.0014926191718662685,0.35938748143337357,0.0,0.01,0.005,
2026-07-30,6,855.0,CALL,1.1574700932441166,0.0013922505034368257,0.38908016265927253,0.0,0.01,0.005,
2026-07-30,6,865.0,CALL,1.1710077551534046,0.0013071563526673568,0.41842293128852054,0.0,0.01,0.005,
2026-07-30,6,875.0,CALL,1.1845454170626926,0.0012337507534684732,0.44489553993893305,0.0,0.01,0.005,
2026-07-30,6,880.0,CALL,1.1913142480173364,0.0012004634897225526,0.4577453421555242,0.0,0.01,0.005,
2026-07-30,6,885.0,CALL,1.1980830789719805,0.0011691736336799678,0.47052058362187443,0.0,0.01,0.005,
2026-07-31,7,445.0,PUT,0.6024259549633122,-0.0004418132501692992,1.1473287647530848,0.0,0.01,0.005,
2026-07-31,7,445.0,CALL,0.6024259549633122,0.9921903892767229,1.592682057471792,292.13,295.62,293.875,0.011875797532964727
2026-07-31,7,450.0,PUT,0.6091947859179562,-0.0004511250262266234,1.1233057348210658,0.0,0.01,0.005,
2026-07-31,7,450.0,CALL,0.6091947859179562,0.9920883326654234,1.5597503864796223,287.13,290.62,288.875,0.012081350064906998
2026-07-31,7,455.0,CALL,0.6159636168726002,0.9919155635392755,1.5300427239946146,282.13,285.63,283.88,0.01232915316330844
2026-07-31,7,455.0,PUT,0.6159636168726002,-0.0004607281930432589,1.0995513647405335,0.0,0.01,0.005,
2026-07-31,7,460.0,CALL,0.6227324478272441,0.9917378086048522,1.500669103315119,277.14,280.63,278.885,0.012514118722771068
2026-07-31,7,460.0,PUT,0.6227324478272441,-0.00047063753105462973,1.0760597655847781,0.0,0.01,0.005,
2026-07-31,7,465.0,CALL,0.6295012787818881,0.9915548415825731,1.4716223288852202,272.14,275.64,273.89,0.012778852824126474
2026-07-31,7,465.0,PUT,0.6295012787818881,-0.0004808688163630177,1.0528252427522606,0.0,0.01,0.005,
2026-07-31,7,470.0,PUT,0.636270109736532,-0.0004914389066293336,1.0298422877877798,0.0,0.01,0.005,
2026-07-31,7,470.0,CALL,0.636270109736532,0.9913664206799182,1.4428954810536447,267.15,270.64,268.895,0.01297904386470559
2026-07-31,7,475.0,CALL,0.643038940691176,0.9911722934854166,1.414481800004278,262.15,265.65,263.9,0.013262599469496022
2026-07-31,7,475.0,PUT,0.643038940691176,-0.0005023658359679601,1.0071055707150787,0.0,0.01,0.005,
2026-07-31,7,480.0,CALL,0.6498077716458199,0.9910466502124545,1.3836020146871981,257.15,260.65,258.9,0.013518733101583625
2026-07-31,7,480.0,PUT,0.6498077716458199,-0.0005136689199666326,0.9846099325108589,0.0,0.01,0.005,
2026-07-31,7,485.0,CALL,0.6565766026004639,0.9908415725389014,1.355809764673212,252.16,255.65,253.905,0.013745298438392348
2026-07-31,7,485.0,PUT,0.6565766026004639,-0.0005253688721173094,0.9623503785932939,0.0,0.01,0.005,
2026-07-31,7,490.0,CALL,0.6633454335551079,0.9897206330770607,1.3480335293023038,247.73,250.21,248.97,0.009961039482668669
2026-07-31,7,490.0,PUT,0.6633454335551079,-0.0005374878236878061,0.9403220545807391,0.0,0.01,0.005,
2026-07-31,7,495.0,CALL,0.6701142645097518,0.9904115206538008,1.3011006997340213,242.17,245.66,243.915,0.014308263124449128
2026-07-31,7,495.0,PUT,0.6701142645097518,-0.000550050014800629,0.9185203270005926,0.0,0.01,0.005,
2026-07-31,7,500.0,CALL,0.6768830954643957,0.9901858397029561,1.2730370262595685,237.17,240.67,238.92,0.014649254980746694
2026-07-31,7,500.0,PUT,0.6768830954643957,-0.0005630808604653631,0.8969406042720208,0.0,0.01,0.005,
2026-07-31,7,505.0,PUT,0.6836519264190397,-0.0005766082241596157,0.8755785042696653,0.0,0.01,0.005,
2026-07-31,7,505.0,CALL,0.6836519264190397,0.9899518461015314,1.2430543060796604,232.18,235.67,233.925,0.014919311745217401
2026-07-31,7,510.0,CALL,0.6904207573736837,0.9897088335425203,1.2133706590794757,227.18,230.68,228.93,0.015288516140304896
2026-07-31,7,510.0,PUT,0.6904207573736837,-0.0005906620712381725,0.8544297627208903,0.0,0.01,0.005,
2026-07-31,7,515.0,CALL,0.6971895883283277,0.9894562533009014,1.183980263717918,222.19,225.68,223.935,0.015584879540938259
2026-07-31,7,515.0,PUT,0.6971895883283277,-0.0006052748034083724,0.8334902455622014,0.0,0.01,0.005,
2026-07-31,7,520.0,PUT,0.7039584192829715,-0.0006204815117498498,0.8127559444271505,0.0,0.01,0.005,
2026-07-31,7,520.0,CALL,0.7039584192829715,0.9891935119785503,1.1548774708904899,217.19,220.69,218.94,0.015986114917328948
2026-07-31,7,525.0,CALL,0.7107272502376155,0.9885619343565689,1.1305991339100103,212.2,215.73,213.96499999999997,0.016498025377982388
2026-07-31,7,525.0,PUT,0.7107272502376155,-0.0006363202618526519,0.7922229723230115,0.01,0.02,0.015,0.6666666666666667
2026-07-31,7,530.0,CALL,0.7174960811922595,0.9886349191034522,1.0975129274006163,207.2,210.7,208.95,0.016750418760469014
2026-07-31,7,530.0,PUT,0.7174960811922595,-0.0006528324159292122,0.771887559648916,0.01,0.02,0.015,0.6666666666666667
2026-07-31,7,535.0,PUT,0.7242649121469035,-0.0006700629976070467,0.7517460503714934,0.01,0.02,0.015,0.6666666666666667
2026-07-31,7,535.0,CALL,0.7242649121469035,0.9883376108810775,1.0692406916417942,202.21,205.7,203.95499999999998,0.017111617758819253
2026-07-31,7,540.0,CALL,0.7310337431015475,0.9880272153953128,1.0412350776750978,197.21,200.71,198.96,0.01759147567350221
2026-07-31,7,540.0,PUT,0.7310337431015475,-0.0006880611061381962,0.7317948986917642,0.01,0.02,0.015,0.6666666666666667
2026-07-31,7,545.0,CALL,0.7378025740561914,0.9877028307422817,1.0134912172087625,192.22,195.71,193.965,0.017992936870053922
2026-07-31,7,545.0,PUT,0.7378025740561914,-0.0007068803880010759,0.7120306657515711,0.01,0.02,0.015,0.6666666666666667
2026-07-31,7,550.0,CALL,0.7445714050108353,0.9862591085902239,0.9982093312533719,187.3,190.75,189.025,0.01825155402724501
2026-07-31,7,550.0,PUT,0.7445714050108353,-0.0007265795753757669,0.6924500167181697,0.01,0.02,0.015,0.6666666666666667
2026-07-31,7,555.0,CALL,0.7513402359654793,0.9870080554933558,0.9587699806232433,182.23,185.72,183.975,0.01896996874575355
2026-07-31,7,555.0,PUT,0.7513402359654793,-0.0007472231027830097,0.6730497181474137,0.01,0.02,0.015,0.6666666666666667
2026-07-31,7,560.0,CALL,0.7581090669201233,0.9866353973078869,0.9317835658016299,177.23,180.73,178.98,0.01955525757067829
2026-07-31,7,560.0,PUT,0.7581090669201233,-0.0007688818154764341,0.6538266356445892,0.01,0.02,0.015,0.6666666666666667
2026-07-31,7,565.0,CALL,0.7648778978747672,0.9862441920486956,0.9050407971508589,172.24,175.73,173.985,0.020059200505790617
2026-07-31,7,565.0,PUT,0.7648778978747672,-0.0007916337857871229,0.6347777317658576,0.01,0.02,0.015,0.6666666666666667
2026-07-31,7,570.0,PUT,0.7716467288294112,-0.0012574609764628936,0.6421040915914039,0.02,0.03,0.025,0.3999999999999999
2026-07-31,7,570.0,CALL,0.7716467288294112,0.9844983826163899,0.8916196133251597,167.81,170.29,169.05,0.014670215912451877
2026-07-31,7,575.0,CALL,0.7784155597840551,0.9854002271313894,0.8522695266073795,162.25,165.74,163.995,0.02128113662001896
2026-07-31,7,575.0,PUT,0.7784155597840551,-0.0012962159685352794,0.6214798888637663,0.02,0.03,0.025,0.3999999999999999
2026-07-31,7,580.0,CALL,0.7851843907386991,0.9836510602584421,0.8381236235680355,157.82,160.29,159.055,0.015529219452390674
2026-07-31,7,580.0,PUT,0.7851843907386991,-0.0013372262344663877,0.6010360808854267,0.02,0.03,0.025,0.3999999999999999
2026-07-31,7,585.0,CALL,0.791953221693343,0.9843401681652814,0.8015005844393237,152.26,155.76,154.01,0.022725797026167133
2026-07-31,7,585.0,PUT,0.791953221693343,-0.0013806994797155372,0.5807696670914512,0.02,0.03,0.025,0.3999999999999999
2026-07-31,7,590.0,PUT,0.798722052647987,-0.001426869617020734,0.5606777373352605,0.02,0.03,0.025,0.3999999999999999
2026-07-31,7,590.0,CALL,0.798722052647987,0.9838277082836718,0.7759110455986014,147.27,150.76,149.015,0.02342046102741322
2026-07-31,7,595.0,CALL,0.805490883602631,0.9832851441954218,0.7505418180855228,142.72,145.32,144.01999999999998,0.018053048187751664
2026-07-31,7,595.0,PUT,0.805490883602631,-0.0019687303483398593,0.5545618139290845,0.03,0.04,0.035,0.28571428571428575
2026-07-31,7,600.0,PUT,0.8122597145572749,-0.002038445990327236,0.534760291096749,0.03,0.04,0.035,0.28571428571428575
2026-07-31,7,600.0,CALL,0.8122597145572749,0.9801186758463067,0.7466549272232837,139.06,139.19,139.125,0.0009344115004492036
2026-07-31,7,605.0,PUT,0.8190285455119188,-0.002112835725934385,0.5151262511934448,0.03,0.04,0.035,0.28571428571428575
2026-07-31,7,605.0,CALL,0.8190285455119188,0.98196104594504,0.7015097349999313,132.29,135.78,134.035,0.026037975155742972
2026-07-31,7,610.0,PUT,0.8257973764665628,-0.002710662743681275,0.5093010900883818,0.04,0.05,0.045,0.22222222222222227
2026-07-31,7,610.0,CALL,0.8257973764665628,0.9813059637465115,0.6767768005011913,127.74,130.34,129.04,0.020148791072535716
2026-07-31,7,615.0,PUT,0.8325662074212068,-0.002814579116231281,0.489946991598976,0.04,0.05,0.045,0.22222222222222227
2026-07-31,7,615.0,CALL,0.8325662074212068,0.9804617324555214,0.653302033897943,122.75,125.35,124.05,0.02095929060862551
2026-07-31,7,620.0,CALL,0.8393350383758508,0.9795605487264258,0.6300233078912434,117.76,120.36,119.06,0.021837728876196828
2026-07-31,7,620.0,PUT,0.8393350383758508,-0.002926034668134751,0.4707540447316478,0.04,0.05,0.045,0.22222222222222227
2026-07-31,7,621.0,CALL,0.8406888045667795,0.9794331183071692,0.6249723532076219,116.31,119.81,118.06,0.02964594274097916
2026-07-31,7,621.0,PUT,0.8406888045667795,-0.0029493167651826048,0.46693492113332175,0.04,0.05,0.045,0.22222222222222227
2026-07-31,7,622.0,PUT,0.8420425707577083,-0.0029729325318098546,0.46312190493311245,0.04,0.05,0.045,0.22222222222222227
2026-07-31,7,622.0,CALL,0.8420425707577083,0.9793038963724461,0.6199297415911219,115.31,118.81,117.06,0.029899196992995043
2026-07-31,7,623.0,PUT,0.8433963369486371,-0.0035331944394640857,0.47282225740166683,0.05,0.06,0.055,0.18181818181818174
2026-07-31,7,623.0,CALL,0.8433963369486371,0.9791728431595859,0.6148954488488431,114.31,117.81,116.06,0.030156815440289506
2026-07-31,7,624.0,CALL,0.8447501031395659,0.9802867138277974,0.6015170593300028,113.19,116.85,115.02,0.03182055294731348
2026-07-31,7,624.0,PUT,0.8447501031395659,-0.0035613140631258217,0.46901230973026514,0.05,0.06,0.055,0.18181818181818174
2026-07-31,7,625.0,CALL,0.8461038693304948,0.9785966256019109,0.606937917351734,112.77,115.37,114.07,0.02279302182870175
2026-07-31,7,625.0,PUT,0.8461038693304948,-0.0035898734150115225,0.4652068928383881,0.05,0.06,0.055,0.18181818181818174
2026-07-31,7,626.0,CALL,0.8474576355214235,0.9784576167267786,0.6019268973221452,111.32,114.82,113.07,0.030954276112142923
2026-07-31,7,626.0,PUT,0.8474576355214235,-0.0036189912219912524,0.4613960719788209,0.05,0.06,0.055,0.18181818181818174
2026-07-31,7,627.0,CALL,0.8488114017123523,0.9783165789858599,0.5969241076473276,110.32,113.82,112.07,0.031230480949406624
2026-07-31,7,627.0,PUT,0.8488114017123523,-0.0036486977793483842,0.4573007923762408,0.05,0.06,0.055,0.18181818181818174
2026-07-31,7,628.0,CALL,0.8501651679032811,0.9781734658194706,0.5919295252437433,109.32,112.82,111.07,0.031511659313946165
2026-07-31,7,628.0,PUT,0.8501651679032811,-0.0036785754985001547,0.45308722324757417,0.05,0.06,0.055,0.18181818181818174
2026-07-31,7,629.0,CALL,0.8515189340942099,0.9780282292382664,0.5869431272527169,108.32,111.82,110.07,0.031797946761151996
2026-07-31,7,629.0,PUT,0.8515189340942099,-0.003708958727171909,0.44888046703787493,0.05,0.06,0.055,0.18181818181818174
2026-07-31,7,630.0,PUT,0.8528727002851386,-0.00373985998908655,0.4446804987617994,0.05,0.06,0.055,0.18181818181818174
2026-07-31,7,630.0,CALL,0.8528727002851386,0.9775633675553284,0.5840432832144121,107.78,110.38,109.08,0.023835716905023785
2026-07-31,7,631.0,PUT,0.8542264664760675,-0.0037712930959101134,0.4404873011349522,0.05,0.06,0.055,0.18181818181818174
2026-07-31,7,631.0,CALL,0.8542264664760675,0.9774114221416162,0.5790716725714016,106.33,109.83,108.08,0.03238341968911917
2026-07-31,7,632.0,PUT,0.8555802326669962,-0.003803272131211291,0.43630085514139305,0.05,0.06,0.055,0.18181818181818174
2026-07-31,7,632.0,CALL,0.8555802326669962,0.9772571724233553,0.5741081850959637,105.33,108.83,107.08,0.0326858423608517
2026-07-31,7,633.0,CALL,0.856933998857925,0.9771005636606614,0.5691527988638397,104.33,107.83,106.08,0.03299396681749623
2026-07-31,7,633.0,PUT,0.856933998857925,-0.0038358116789616896,0.43212114197433793,0.05,0.06,0.055,0.18181818181818174
2026-07-31,7,634.0,PUT,0.8582877650488538,-0.004433415804013453,0.4328215592742367,0.06,0.07,0.065,0.15384615384615397
2026-07-31,7,634.0,CALL,0.8582877650488538,0.9750306519352717,0.5766363608497598,103.9,106.38,105.14,0.023587597489062105
2026-07-31,7,635.0,PUT,0.8596415312397826,-0.004472337811686433,0.42865224612504593,0.06,0.07,0.065,0.15384615384615397
2026-07-31,7,635.0,CALL,0.8596415312397826,0.9766163249650682,0.5603016226294294,102.34,105.83,104.08500000000001,0.03353028774559249
2026-07-31,7,636.0,PUT,0.8609952974307115,-0.004511954137863496,0.42448963325812833,0.06,0.07,0.065,0.15384615384615397
2026-07-31,7,636.0,CALL,0.8609952974307115,0.9764510795198204,0.5553696679645496,101.34,104.83,103.08500000000001,0.03385555609448508
2026-07-31,7,637.0,PUT,0.8623490636216402,-0.004552283771295199,0.4203337029090161,0.06,0.07,0.065,0.15384615384615397
2026-07-31,7,637.0,CALL,0.8623490636216402,0.9744966406077561,0.5618158250095642,100.9,103.38,102.14,0.024280399451732815
2026-07-31,7,638.0,CALL,0.863702829812569,0.973993885007763,0.5589570027013427,99.9,102.4,101.15,0.024715768660405337
2026-07-31,7,638.0,PUT,0.863702829812569,-0.0045933463976493465,0.416184437522104,0.06,0.07,0.065,0.15384615384615397
2026-07-31,7,639.0,PUT,0.8650565960034978,-0.004635162431704452,0.41204181976899423,0.06,0.07,0.065,0.15384615384615397
2026-07-31,7,639.0,CALL,0.8650565960034978,0.9757714144963191,0.5416542159320362,98.34,101.84,100.09,0.03496852832450794
2026-07-31,7,640.0,PUT,0.8664103621944266,-0.004677753051354689,0.4079058325104443,0.06,0.07,0.065,0.15384615384615397
2026-07-31,7,640.0,CALL,0.8664103621944266,0.9734524630056551,0.5501609553629357,97.91,100.4,99.155,0.02511219807372305
2026-07-31,7,641.0,CALL,0.8677641283853553,0.9750747441455161,0.5339223944026558,96.35,99.85,98.1,0.03567787971457696
2026-07-31,7,641.0,PUT,0.8677641283853553,-0.0047211402335405215,0.4037764588659124,0.06,0.07,0.065,0.15384615384615397
2026-07-31,7,642.0,PUT,0.8691178945762842,-0.005359345439797028,0.4045012783698779,0.07,0.08,0.07500000000000001,0.13333333333333325
2026-07-31,7,642.0,CALL,0.8691178945762842,0.9762720440808718,0.5207939461835269,95.23,98.89,97.06,0.03770863383474136
2026-07-31,7,643.0,PUT,0.8704716607672129,-0.0054100821984806435,0.4003822162433768,0.07,0.08,0.07500000000000001,0.13333333333333325
2026-07-31,7,643.0,CALL,0.8704716607672129,0.972855085735018,0.5354778143876192,94.91,97.4,96.155,0.025895689251729075
2026-07-31,7,644.0,CALL,0.8718254269581417,0.9745081132718055,0.5192871218313192,93.35,96.85,95.1,0.03680336487907466
2026-07-31,7,644.0,PUT,0.8718254269581417,-0.005461782606830312,0.39626972534218485,0.07,0.08,0.07500000000000001,0.13333333333333325
2026-07-31,7,645.0,PUT,0.8731791931490706,-0.005514481162400618,0.3921638419179518,0.07,0.08,0.07500000000000001,0.13333333333333325
2026-07-31,7,645.0,CALL,0.8731791931490706,0.9721087205094594,0.5277834082117643,92.92,95.41,94.16499999999999,0.026442945892847607
2026-07-31,7,646.0,CALL,0.8745329593399993,0.9737649927105062,0.5116239569504668,91.36,94.86,93.11,0.03758994737407367
2026-07-31,7,646.0,PUT,0.8745329593399993,-0.005568200650169401,0.38806449881645244,0.07,0.08,0.07500000000000001,0.13333333333333325
2026-07-31,7,647.0,PUT,0.8758867255309282,-0.005622973545513255,0.38397169825123556,0.07,0.08,0.07500000000000001,0.13333333333333325
2026-07-31,7,647.0,CALL,0.8758867255309282,0.9716750817973476,0.517544149034874,90.92,93.41,92.16499999999999,0.027016763413443227
2026-07-31,7,648.0,PUT,0.8772404917218569,-0.006292486348787941,0.3847136006129205,0.08,0.09,0.08499999999999999,0.11764705882352937
2026-07-31,7,648.0,CALL,0.8772404917218569,0.9733521462841626,0.5019349767174365,89.36,92.86,91.11,0.038415102623202725
2026-07-31,7,649.0,PUT,0.8785942579127857,-0.006355454884241129,0.38063107350639236,0.08,0.09,0.08499999999999999,0.11764705882352937
2026-07-31,7,649.0,CALL,0.8785942579127857,0.9729627420062942,0.49812714462899654,88.37,91.86,90.11500000000001,0.03872829162736497
2026-07-31,7,650.0,CALL,0.8799480241037145,0.9704764203573254,0.5027585387820389,87.93,90.43,89.18,0.02803319129849742
2026-07-31,7,650.0,PUT,0.8799480241037145,-0.0064196803693604065,0.3765550705902037,0.08,0.09,0.08499999999999999,0.11764705882352937
2026-07-31,7,651.0,CALL,0.8813017902946433,0.9723454977209323,0.48950701244724204,86.37,89.87,88.12,0.039718565592374036
2026-07-31,7,651.0,PUT,0.8813017902946433,-0.006485201061488803,0.372485578397555,0.08,0.09,0.08499999999999999,0.11764705882352937
2026-07-31,7,652.0,PUT,0.882655556485572,-0.006552056780892667,0.3684225838102515,0.08,0.09,0.08499999999999999,0.11764705882352937
2026-07-31,7,652.0,CALL,0.882655556485572,0.9721193948213332,0.48469614813443673,85.37,88.87,87.12,0.04017447199265381
2026-07-31,7,653.0,CALL,0.8840093226765009,0.9715266535772844,0.48140195380063994,84.38,87.88,86.13,0.040636247532799256
2026-07-31,7,653.0,PUT,0.8840093226765009,-0.006620288991146415,0.3643660740502643,0.08,0.09,0.08499999999999999,0.11764705882352937
2026-07-31,7,654.0,CALL,0.8853630888674296,0.9693033745426073,0.48162297878270666,83.94,86.43,85.185,0.02923049832717038
2026-07-31,7,654.0,PUT,0.8853630888674296,-0.007323840356289801,0.36512517128331057,0.09,0.1,0.095,0.10526315789473693
2026-07-31,7,655.0,PUT,0.8867168550583584,-0.00740126066984611,0.3610789239516328,0.09,0.1,0.095,0.10526315789473693
2026-07-31,7,655.0,CALL,0.8867168550583584,0.9688602286563155,0.47674255075329297,82.94,85.44,84.19,0.029694738092410026
2026-07-31,7,656.0,CALL,0.8880706212492873,0.9687715072729942,0.47085023440953266,81.94,84.43,83.185,0.02993328124060839
2026-07-31,7,656.0,PUT,0.8880706212492873,-0.00810958093762984,0.3618401468908276,0.1,0.11,0.10500000000000001,0.09523809523809518
2026-07-31,7,657.0,CALL,0.889424387440216,0.9681303242307241,0.46649555107324564,80.95,83.44,82.195,0.030293813492304825
2026-07-31,7,657.0,PUT,0.889424387440216,-0.007561022886208426,0.3530058421484608,0.09,0.1,0.095,0.10526315789473693
2026-07-31,7,658.0,CALL,0.8907781536311448,0.9685893977138916,0.45909284318255794,79.42,82.93,81.17500000000001,0.0432399137665538
2026-07-31,7,658.0,PUT,0.8907781536311448,-0.008285193093472852,0.353774649275152,0.1,0.11,0.10500000000000001,0.09523809523809518
2026-07-31,7,659.0,CALL,0.8921319198220736,0.9673697616155824,0.4562809329894766,78.95,81.45,80.2,0.031172069825436407
2026-07-31,7,659.0,PUT,0.8921319198220736,-0.008375811512899359,0.34975160827367635,0.1,0.11,0.10500000000000001,0.09523809523809518
2026-07-31,7,660.0,CALL,0.8934856860130024,0.9668833629291975,0.45143997401421526,77.96,80.45,79.205,0.03143740925446637
2026-07-31,7,660.0,PUT,0.8934856860130024,-0.008468385977081294,0.3457350269063871,0.1,0.11,0.10500000000000001,0.09523809523809518
2026-07-31,7,661.0,CALL,0.8948394522039312,0.9663869083426146,0.44660673131889395,76.96,79.46,78.21,0.03196522183863956
2026-07-31,7,661.0,PUT,0.8948394522039312,-0.00856298066206986,0.34172489663353595,0.1,0.11,0.10500000000000001,0.09523809523809518
2026-07-31,7,662.0,CALL,0.89619321839486,0.9658800918637434,0.4417811929531699,75.96,78.47,77.215,0.03250663731140329
2026-07-31,7,662.0,PUT,0.89619321839486,-0.009308770744469227,0.3425034598787792,0.11,0.12,0.11499999999999999,0.0869565217391304
2026-07-31,7,663.0,PUT,0.8975469845857887,-0.009414056232586704,0.33850360405022173,0.11,0.12,0.11499999999999999,0.0869565217391304
2026-07-31,7,663.0,CALL,0.8975469845857887,0.965362595008326,0.43696334748050575,74.97,77.47,76.22,0.03279979008134348
2026-07-31,7,664.0,CALL,0.8989007507767176,0.949374021150634,0.47672837279994906,74.87,76.46,75.66499999999999,0.021013678715390068
2026-07-31,7,664.0,PUT,0.8989007507767176,-0.00952168318567844,0.3345101988536792,0.11,0.12,0.11499999999999999,0.0869565217391304
2026-07-31,7,665.0,PUT,0.9002545169676464,-0.010281319056599694,0.3352944782629588,0.12,0.13,0.125,0.08000000000000007
2026-07-31,7,665.0,CALL,0.9002545169676464,0.9646867238471253,0.42633701914549665,72.97,75.47,74.22,0.03368364322285099
2026-07-31,7,666.0,PUT,0.9016082831585751,-0.010400255556810538,0.33131123352647884,0.12,0.13,0.125,0.08000000000000007
2026-07-31,7,666.0,CALL,0.9016082831585751,0.9639402848227807,0.42204936254465975,71.98,74.48,73.23,0.034139014065273796
2026-07-31,7,667.0,CALL,0.902962049349504,0.9633782623425928,0.41726251269462633,70.98,73.49,72.235,0.03474769848411422
2026-07-31,7,667.0,PUT,0.902962049349504,-0.010521887145317217,0.3273344515569882,0.12,0.13,0.125,0.08000000000000007
2026-07-31,7,668.0,CALL,0.9043158155404327,0.9652552107597211,0.40641182017484445,69.43,72.93,71.18,0.04917111548187693
2026-07-31,7,668.0,PUT,0.9043158155404327,-0.01129892751007714,0.32721100124470626,0.13,0.14,0.135,0.07407407407407414
2026-07-31,7,669.0,CALL,0.9056695817313615,0.9622164173357516,0.40771173306553565,68.99,71.5,70.245,0.03573208057512997
2026-07-31,7,669.0,PUT,0.9056695817313615,-0.011433449754854622,0.32272095876984586,0.13,0.14,0.135,0.07407407407407414
2026-07-31,7,670.0,PUT,0.9070233479222903,-0.011571526974388752,0.3182378927856768,0.13,0.14,0.135,0.07407407407407414
2026-07-31,7,670.0,CALL,0.9070233479222903,0.9618206675896946,0.40244257176424886,67.99,70.5,69.245,0.03624810455628572
2026-07-31,7,671.0,PUT,0.9083771141132191,-0.012377815276154391,0.315798498169479,0.14,0.15,0.14500000000000002,0.06896551724137917
2026-07-31,7,671.0,CALL,0.9083771141132191,0.9610013598655164,0.398191464490883,67.0,69.51,68.255,0.03677386272067988
2026-07-31,7,672.0,CALL,0.909730880304148,0.9629102215409845,0.3873866211273793,65.45,68.95,67.2,0.05208333333333333
2026-07-31,7,672.0,PUT,0.909730880304148,-0.012532202583729233,0.3113284356885277,0.14,0.15,0.14500000000000002,0.06896551724137917
2026-07-31,7,673.0,CALL,0.9110846464950767,0.9599396527106785,0.3881974005028953,65.01,67.51,66.26,0.037730153939028066
2026-07-31,7,673.0,PUT,0.9110846464950767,-0.013363970299806011,0.3088995966366844,0.15,0.16,0.155,0.06451612903225812
2026-07-31,7,674.0,CALL,0.9124384126860055,0.9592829533474699,0.3834642256541366,64.01,66.52,65.265,0.038458591894583484
2026-07-31,7,674.0,PUT,0.9124384126860055,-0.013873535676445165,0.30545899767215534,0.15,0.17,0.16,0.1250000000000001
2026-07-31,7,675.0,CALL,0.9137921788769343,0.9583966963196913,0.3792422790065851,63.02,65.53,64.275,0.03905095293660051
2026-07-31,7,675.0,PUT,0.9137921788769343,-0.014394555805727556,0.30202431101501837,0.16,0.17,0.165,0.060606060606060656
2026-07-31,7,676.0,CALL,0.9151459450678631,0.9598899626429369,0.3694899575718478,61.48,64.98,63.230000000000004,0.05535347145342412
2026-07-31,7,676.0,PUT,0.9151459450678631,-0.014585468818824162,0.2975803195459299,0.16,0.17,0.165,0.060606060606060656
2026-07-31,7,677.0,CALL,0.9164997112587918,0.9594255253236205,0.3642791628196475,60.48,63.98,62.23,0.0562429696287964
2026-07-31,7,677.0,PUT,0.9164997112587918,-0.015472437348484878,0.2951727142409945,0.17,0.18,0.175,0.05714285714285704
2026-07-31,7,678.0,PUT,0.9178534774497207,-0.016373915861911385,0.29276967862606196,0.18,0.19,0.185,0.054054054054054106
2026-07-31,7,678.0,CALL,0.9178534774497207,0.9560550060390536,0.3656128863556762,60.04,62.55,61.295,0.04094950648503137
2026-07-31,7,679.0,PUT,0.9192072436406494,-0.01660072909891705,0.28834489693415205,0.18,0.19,0.185,0.054054054054054106
2026-07-31,7,679.0,CALL,0.9192072436406494,0.9553100772445254,0.3609170891231479,59.04,61.56,60.3,0.04179104477611946
2026-07-31,7,680.0,PUT,0.9205610098315782,-0.01753291885614853,0.2859525829159555,0.19,0.2,0.195,0.05128205128205133
2026-07-31,7,680.0,CALL,0.9205610098315782,0.9371688639967652,0.40033491724674936,58.93,60.56,59.745000000000005,0.027282617792283914
2026-07-31,7,681.0,CALL,0.921914776022507,0.9475213578408661,0.36608977859481695,57.34,59.57,58.455,0.03814900350697112
2026-07-31,7,681.0,PUT,0.921914776022507,-0.01848072495117645,0.2835648784483528,0.2,0.21,0.20500000000000002,0.04878048780487795
2026-07-31,7,682.0,PUT,0.9232685422134358,-0.01874751629552098,0.2791594417101541,0.2,0.21,0.20500000000000002,0.04878048780487795
2026-07-31,7,682.0,CALL,0.9232685422134358,0.9525083709623825,0.3478781470252404,56.07,58.58,57.325,0.04378543392935016
2026-07-31,7,683.0,PUT,0.9246223084043647,-0.019728686628155502,0.2767825361675068,0.21,0.22,0.215,0.046511627906976785
2026-07-31,7,683.0,CALL,0.9246223084043647,0.9327526548078136,0.3866930294272524,56.02,57.59,56.80500000000001,0.027638412111609896
2026-07-31,7,684.0,PUT,0.9259760745952934,-0.021075355542190876,0.2754199783059549,0.22,0.24,0.22999999999999998,0.0869565217391304
2026-07-31,7,684.0,CALL,0.9259760745952934,0.9506009857050077,0.3390546027424261,54.08,56.6,55.34,0.04553668232743048
2026-07-31,7,685.0,PUT,0.9273298407862222,-0.021741953103476548,0.2720427132448208,0.23,0.24,0.235,0.042553191489361625
2026-07-31,7,685.0,CALL,0.9273298407862222,0.9467927282079369,0.34090746177177833,53.2,55.62,54.41,0.044477118176805636
2026-07-31,7,686.0,CALL,0.928683606977151,0.948364317572769,0.33076048252716483,52.1,54.62,53.36,0.047226386806596625
2026-07-31,7,686.0,PUT,0.928683606977151,-0.022774840343207578,0.26967982842964067,0.24,0.25,0.245,0.04081632653061228
2026-07-31,7,687.0,PUT,0.9300373731680798,-0.024172237496427162,0.2683288553392807,0.25,0.27,0.26,0.07692307692307698
2026-07-31,7,687.0,CALL,0.9300373731680798,0.9469731505292457,0.3271237277052367,51.11,53.64,52.375,0.04830548926014322
2026-07-31,7,688.0,PUT,0.9313911393590085,-0.025583716337665312,0.2669807020205003,0.27,0.28,0.275,0.03636363636363639
2026-07-31,7,688.0,CALL,0.9313911393590085,0.9450895947818244,0.32449209597401063,49.67,53.13,51.400000000000006,0.06731517509727628
2026-07-31,7,689.0,CALL,0.9327449055499374,0.9443306004221063,0.3193702917130034,49.14,51.66,50.4,0.04999999999999992
2026-07-31,7,689.0,PUT,0.9327449055499374,-0.02667028060066772,0.2646296641388611,0.28,0.29,0.28500000000000003,0.035087719298245446
2026-07-31,7,690.0,PUT,0.9340986717408661,-0.027776584377830347,0.2622813120638778,0.29,0.3,0.295,0.0338983050847458
2026-07-31,7,690.0,CALL,0.9340986717408661,0.9428452239967151,0.31575305740377885,48.15,50.68,49.415,0.051199028635029876
2026-07-31,7,691.0,PUT,0.9354524379317949,-0.029249213460050733,0.2600786384400695,0.3,0.32,0.31,0.06451612903225812
2026-07-31,7,691.0,CALL,0.9354524379317949,0.9415602034247285,0.31164386837219116,47.16,49.69,48.425,0.05224574083634489
2026-07-31,7,692.0,CALL,0.9368062041227238,0.9397725667395677,0.30853789065199083,46.18,48.71,47.445,0.05332490251870589
2026-07-31,7,692.0,PUT,0.9368062041227238,-0.03074862957667693,0.2565799296593833,0.32,0.33,0.325,0.030769230769230795
2026-07-31,7,693.0,PUT,0.9381599703136525,-0.032629971342785634,0.2535891387527742,0.34,0.35,0.345,0.02898550724637668
2026-07-31,7,693.0,CALL,0.9381599703136525,0.9381830674812274,0.30494000153249656,45.19,47.73,46.459999999999994,0.05467068445975031
2026-07-31,7,694.0,CALL,0.9395137365045814,0.9363225888354068,0.30184589871271394,44.21,46.75,45.480000000000004,0.055848724714160046
2026-07-31,7,694.0,PUT,0.9395137365045814,-0.03455595033345328,0.25060411391928195,0.36,0.37,0.365,0.02739726027397263
2026-07-31,7,695.0,PUT,0.9408675026955101,-0.03652811124726231,0.2476249832930777,0.38,0.39,0.385,0.025974025974025997
2026-07-31,7,695.0,CALL,0.9408675026955101,0.9178102453445849,0.31938246924778246,43.99,45.77,44.88,0.0396613190730838
2026-07-31,7,696.0,PUT,0.9422212688864389,-0.03854800162190273,0.24465178610803523,0.4,0.41,0.405,0.024691358024691242
2026-07-31,7,696.0,CALL,0.9422212688864389,0.9326919409345523,0.2925042852266293,42.24,44.79,43.515,0.05860048259220952
2026-07-31,7,697.0,CALL,0.9435750350773677,0.9306664308166696,0.2877641878497964,41.26,43.81,42.535,0.05995062889385223
2026-07-31,7,697.0,PUT,0.9435750350773677,-0.04061723694569613,0.24168456389588885,0.42,0.43,0.425,0.023529411764705903
2026-07-31,7,698.0,CALL,0.9449288012682965,0.9280927408424117,0.28360663596722313,40.29,42.84,41.565,0.061349693251533846
2026-07-31,7,698.0,PUT,0.9449288012682965,-0.042737559471506155,0.23872329975111645,0.44,0.45,0.445,0.02247191011235957
2026-07-31,7,699.0,CALL,0.9462825674592252,0.9259267867021354,0.27888251483587123,39.31,41.86,40.585,0.06283109523222859
2026-07-31,7,699.0,PUT,0.9462825674592252,-0.045587904722371425,0.23676610051742014,0.47,0.48,0.475,0.02105263157894739
2026-07-31,7,700.0,CALL,0.9476363336501541,0.92055701096553,0.2778949140006647,39.61,39.73,39.67,0.0030249558860599305
2026-07-31,7,700.0,PUT,0.9476363336501541,-0.047814895063083736,0.23381625031852918,0.49,0.5,0.495,0.02020202020202022
2026-07-31,7,701.0,CALL,0.9489900998410828,0.9206356153672032,0.2703190165165493,37.36,39.92,38.64,0.06625258799171849
2026-07-31,7,701.0,PUT,0.9489900998410828,-0.05110026260744354,0.2323669555856236,0.52,0.54,0.53,0.03773584905660381
2026-07-31,7,702.0,CALL,0.9503438660320116,0.9174965218975116,0.2664786331157858,36.39,38.96,37.675,0.06821499668214998
2026-07-31,7,702.0,PUT,0.9503438660320116,-0.054426921372465145,0.23092077039317555,0.56,0.57,0.565,0.017699115044247607
2026-07-31,7,703.0,PUT,0.9516976322229405,-0.05747306284783901,0.22898085308485275,0.59,0.6,0.595,0.016806722689075647
2026-07-31,7,703.0,CALL,0.9516976322229405,0.9083105535512679,0.26979862547420064,36.62,37.05,36.834999999999994,0.011673679923985334
2026-07-31,7,704.0,CALL,0.9530513984138692,0.9047560700549805,0.2662534737317748,35.66,36.09,35.875,0.011986062717770226
2026-07-31,7,704.0,PUT,0.9530513984138692,-0.06120779529983019,0.22803616369654733,0.63,0.64,0.635,0.015748031496063006
2026-07-31,7,705.0,CALL,0.9544051646047981,0.907764632167949,0.2547155051444684,33.0,36.55,34.775,0.1020848310567936
2026-07-31,7,705.0,PUT,0.9544051646047981,-0.06499823283160819,0.2265394297875885,0.67,0.68,0.675,0.014814814814814828
2026-07-31,7,706.0,PUT,0.9557589307957268,-0.06916524870460126,0.22336284392686065,0.71,0.73,0.72,0.027777777777777804
2026-07-31,7,706.0,CALL,0.9557589307957268,0.9035060124949396,0.25176165871841194,32.06,35.59,33.825,0.10436067997043609
2026-07-31,7,707.0,CALL,0.9571126969866556,0.8991472467815971,0.24881397658715473,31.11,34.64,32.875,0.10737642585551334
2026-07-31,7,707.0,PUT,0.9571126969866556,-0.07376073240011956,0.22047978160185566,0.76,0.78,0.77,0.025974025974025997
2026-07-31,7,708.0,PUT,0.9584664631775844,-0.078477582281843,0.21760319016808072,0.81,0.83,0.8200000000000001,0.024390243902438907
2026-07-31,7,708.0,CALL,0.9584664631775844,0.8886491140129473,0.25328206903195005,31.85,32.26,32.055,0.012790516300109082
2026-07-31,7,709.0,PUT,0.9598202293685132,-0.0836237421333005,0.21501904355192544,0.87,0.88,0.875,0.011428571428571439
2026-07-31,7,709.0,CALL,0.9598202293685132,0.8836971988051102,0.2509095607067736,30.9,31.33,31.115,0.013819701108789965
2026-07-31,7,710.0,CALL,0.9611739955594419,0.87843378561791,0.24882654851462496,29.97,30.39,30.18,0.013916500994035842
2026-07-31,7,710.0,PUT,0.9611739955594419,-0.0891944134768774,0.2127270008083732,0.93,0.94,0.935,0.010695187165775291
2026-07-31,7,711.0,CALL,0.9625277617503708,0.8732959901322811,0.24627410367919417,29.03,29.45,29.240000000000002,0.014363885088919224
2026-07-31,7,711.0,PUT,0.9625277617503708,-0.09517990335723948,0.21072592872180523,0.99,1.01,1.0,0.020000000000000018
2026-07-31,7,712.0,CALL,0.9638815279412996,0.8675748954463804,0.24202328307819054,28.1,28.52,28.310000000000002,0.014835747085835328
2026-07-31,7,712.0,PUT,0.9638815279412996,-0.10185445280569937,0.20930035127118085,1.07,1.08,1.0750000000000002,0.009302325581395356
2026-07-31,7,713.0,CALL,0.9652352941322283,0.8614379047596602,0.23797014909127892,27.18,27.59,27.384999999999998,0.014971699835676472
2026-07-31,7,713.0,PUT,0.9652352941322283,-0.10834170976541993,0.20759273902129333,1.14,1.15,1.145,0.00873362445414848
2026-07-31,7,714.0,CALL,0.9665890603231572,0.8548786427347076,0.234114364014763,26.26,26.67,26.465000000000003,0.015492159455885135
2026-07-31,7,714.0,PUT,0.9665890603231572,-0.1154831146002819,0.20645746072815396,1.22,1.23,1.225,0.008163265306122455
2026-07-31,7,715.0,PUT,0.9679428265140859,-0.1232410325728454,0.2058825162703076,1.31,1.32,1.315,0.0076045627376425924
2026-07-31,7,715.0,CALL,0.9679428265140859,0.8478924490236818,0.23045556942266354,25.35,25.75,25.55,0.01565557729941286
2026-07-31,7,716.0,CALL,0.9692965927050148,0.8402709852583159,0.2271819548285485,24.44,24.85,24.645000000000003,0.0166362345303307
2026-07-31,7,716.0,PUT,0.9692965927050148,-0.13137325449850457,0.20371271744025904,1.4,1.42,1.41,0.014184397163120581
2026-07-31,7,717.0,CALL,0.9706503588959435,0.8324281962765271,0.2239157935106419,23.54,23.94,23.740000000000002,0.016849199663016096
2026-07-31,7,717.0,PUT,0.9706503588959435,-0.13995508294603812,0.20068441701523146,1.5,1.52,1.51,0.013245033112582794
2026-07-31,7,718.0,CALL,0.9720041250868723,0.8235654926963958,0.22140998636941098,22.66,23.05,22.855,0.017064099759352466
2026-07-31,7,718.0,PUT,0.9720041250868723,-0.1490466121739408,0.19785240599557058,1.61,1.62,1.6150000000000002,0.0061919504643962895
2026-07-31,7,719.0,CALL,0.9733578912778011,0.8146926761608548,0.21872229679988778,21.78,22.15,21.965,0.016844980651035624
2026-07-31,7,719.0,PUT,0.9733578912778011,-0.15888463294924277,0.19540446926342583,1.72,1.74,1.73,0.011560693641618507
2026-07-31,7,720.0,CALL,0.9747116574687299,0.8050439563151685,0.21660454526924075,20.9,21.28,21.09,0.01801801801801814
2026-07-31,7,720.0,PUT,0.9747116574687299,-0.1692054616049473,0.19315137733390234,1.84,1.86,1.85,0.01081081081081082
2026-07-31,7,721.0,CALL,0.9760654236596586,0.7952062509915556,0.21449218846626084,20.02,20.41,20.215,0.019292604501607746
2026-07-31,7,721.0,PUT,0.9760654236596586,-0.18066822328012627,0.191657059952578,1.98,2.0,1.99,0.010050251256281416
2026-07-31,7,722.0,PUT,0.9774191898505875,-0.19210144896121073,0.18997693779545238,2.11,2.14,2.125,0.014117647058823646
2026-07-31,7,722.0,CALL,0.9774191898505875,0.78483229016347,0.21275994935553114,19.18,19.52,19.35,0.01757105943152454
2026-07-31,7,723.0,CALL,0.9787729560415163,0.7732648611021463,0.21045769662625927,18.33,18.7,18.515,0.019983796921415123
2026-07-31,7,723.0,PUT,0.9787729560415163,-0.2043582497916966,0.18886134586582834,2.26,2.29,2.275,0.013186813186813296
2026-07-31,7,724.0,PUT,0.980126722232445,-0.21718791308941215,0.18809700063849563,2.42,2.45,2.435,0.012320328542094557
2026-07-31,7,724.0,CALL,0.980126722232445,0.76132327974278,0.20681499303440218,17.51,17.85,17.68,0.01923076923076922
2026-07-31,7,725.0,CALL,0.9814804884233739,0.7486499225050824,0.20346706896514882,16.69,17.02,16.855,0.019578760011865814
2026-07-31,7,725.0,PUT,0.9814804884233739,-0.23062939946985056,0.18533965464217744,2.59,2.62,2.605,0.01151631477927073
2026-07-31,7,726.0,CALL,0.9828342546143026,0.7361389155796273,0.19955746716300785,15.84,16.18,16.009999999999998,0.021236727045596496
2026-07-31,7,726.0,PUT,0.9828342546143026,-0.24502456517386964,0.1823266884560134,2.78,2.8,2.79,0.007168458781362013
2026-07-31,7,727.0,CALL,0.9841880208052314,0.7222943063648736,0.19651282807768086,15.02,15.37,15.195,0.023033892727870986
2026-07-31,7,727.0,PUT,0.9841880208052314,-0.2602407152102573,0.17960667203023337,2.97,3.0,2.9850000000000003,0.010050251256281341
2026-07-31,7,728.0,PUT,0.9855417869961602,-0.27623677569470717,0.17717963574954973,3.18,3.2,3.1900000000000004,0.006269592476489033
2026-07-31,7,728.0,CALL,0.9855417869961602,0.7076255424987988,0.19390341290692428,14.23,14.56,14.395,0.022924626606460583
2026-07-31,7,729.0,CALL,0.986895553187089,0.6925592724270897,0.1913014861070814,13.46,13.73,13.595,0.019860242736300077
2026-07-31,7,729.0,PUT,0.986895553187089,-0.2932548473608496,0.17532848152196323,3.4,3.43,3.415,0.008784773060029356
2026-07-31,7,730.0,PUT,0.9882493193780179,-0.3109171208401907,0.17376173967812733,3.63,3.67,3.65,0.010958904109589052
2026-07-31,7,730.0,CALL,0.9882493193780179,0.6753281432712244,0.1909769282312327,12.74,13.01,12.875,0.020970873786407735
2026-07-31,7,731.0,CALL,0.9896030855689466,0.6590993134901669,0.1890954109261898,11.95,12.25,12.1,0.024793388429752126
2026-07-31,7,731.0,PUT,0.9896030855689466,-0.32904319863118586,0.1723324540265519,3.87,3.91,3.89,0.010282776349614406
2026-07-31,7,732.0,PUT,0.9909568517598754,-0.34826113612434934,0.1711072601539891,4.14,4.18,4.16,0.009615384615384623
2026-07-31,7,732.0,CALL,0.9909568517598754,0.6419344109043105,0.18538489880621495,11.19,11.51,11.35,0.028193832599118968
2026-07-31,7,733.0,CALL,0.9923106179508042,0.623647792099147,0.18152436369518457,10.47,10.77,10.620000000000001,0.028248587570621365
2026-07-31,7,733.0,PUT,0.9923106179508042,-0.3679099873762785,0.16728103765528549,4.41,4.45,4.43,0.009029345372460505
2026-07-31,7,734.0,CALL,0.993664384141733,0.6040486036255565,0.17866309505469286,9.78,10.08,9.93,0.030211480362537835
2026-07-31,7,734.0,PUT,0.993664384141733,-0.3888747719653541,0.16408209121721695,4.71,4.74,4.725,0.006349206349206402
2026-07-31,7,735.0,CALL,0.9950181503326617,0.5837107371626878,0.17605758202210586,9.14,9.36,9.25,0.023783783783783662
2026-07-31,7,735.0,PUT,0.9950181503326617,-0.4107952792911121,0.16114070865872543,5.02,5.04,5.029999999999999,0.003976143141153174
2026-07-31,7,736.0,CALL,0.9963719165235906,0.5627650769865197,0.17346073751473695,8.46,8.68,8.57,0.02567094515752612
2026-07-31,7,736.0,PUT,0.9963719165235906,-0.43382456785320017,0.1589413442017081,5.35,5.38,5.365,0.005591798695247017
2026-07-31,7,737.0,CALL,0.9977256827145193,0.5410286808380915,0.1717323488740996,7.82,8.03,7.925,0.026498422712933636
2026-07-31,7,737.0,PUT,0.9977256827145193,-0.45762176585857905,0.15710800584389423,5.7,5.73,5.715,0.005249343832021041
2026-07-31,7,738.0,CALL,0.9990794489054481,0.5188881550936384,0.16939714123746683,7.24,7.27,7.255,0.004135079255685646
2026-07-31,7,738.0,PUT,0.9990794489054481,-0.4821721156801374,0.1557189066439855,6.07,6.1,6.085,0.0049301561216104125
2026-07-31,7,739.0,CALL,1.0004332150963768,0.49600378658995775,0.1660304565711597,6.63,6.66,6.645,0.004514672686230286
2026-07-31,7,739.0,PUT,1.0004332150963768,-0.5073833173877266,0.15248459881785234,6.47,6.5,6.484999999999999,0.004626060138781843
2026-07-31,7,740.0,CALL,1.0017869812873057,0.47197650187905804,0.16189807612586454,6.03,6.06,6.045,0.004962779156327438
2026-07-31,7,740.0,PUT,1.0017869812873057,-0.5336954322326004,0.14874377590693114,6.88,6.92,6.9,0.005797101449275368
2026-07-31,7,741.0,PUT,1.0031407474782346,-0.5610928420584245,0.14562464693733956,7.32,7.36,7.34,0.005449591280653956
2026-07-31,7,741.0,CALL,1.0031407474782346,0.44712594199399436,0.15887862010297066,5.48,5.5,5.49,0.003642987249544549
2026-07-31,7,742.0,PUT,1.0044945136691632,-0.588883875204181,0.14383202005535212,7.77,7.9,7.835,0.016592214422463405
2026-07-31,7,742.0,CALL,1.0044945136691632,0.42159009031088224,0.15635773484436946,4.94,4.97,4.955,0.006054490413723383
2026-07-31,7,743.0,PUT,1.005848279860092,-0.6176745372073711,0.14188080620773985,8.26,8.39,8.325,0.01561561561561571
2026-07-31,7,743.0,CALL,1.005848279860092,0.39549139453458937,0.1542112759737175,4.42,4.45,4.4350000000000005,0.006764374295377733
2026-07-31,7,744.0,PUT,1.007202046051021,-0.6468213386859293,0.13901875609629735,8.69,9.0,8.844999999999999,0.03504804974561906
2026-07-31,7,744.0,CALL,1.007202046051021,0.3694403609049959,0.15292144053111664,3.94,3.96,3.95,0.005063291139240511
2026-07-31,7,745.0,PUT,1.0085558122419498,-0.6764989475565498,0.1347693059931374,9.32,9.47,9.395,0.015965939329430585
2026-07-31,7,745.0,CALL,1.0085558122419498,0.343036113117225,0.14868077664825077,3.48,3.5,3.49,0.005730659025787971
2026-07-31,7,746.0,PUT,1.0099095784328784,-0.707231383572853,0.1311960125564357,9.81,10.13,9.97,0.03209628886659983
2026-07-31,7,746.0,CALL,1.0099095784328784,0.3161566971289575,0.1451359915455921,3.05,3.08,3.065,0.009787928221859787
2026-07-31,7,747.0,PUT,1.0112633446238073,-0.7385169464898172,0.12839773353860298,10.41,10.74,10.575,0.03120567375886526
2026-07-31,7,747.0,CALL,1.0112633446238073,0.28912007471572937,0.1424324039176826,2.66,2.68,2.67,0.007490636704119857
2026-07-31,7,748.0,CALL,1.0126171108147362,0.2623983878051275,0.14056383471086295,2.3,2.31,2.3049999999999997,0.004338394793926348
2026-07-31,7,748.0,PUT,1.0126171108147362,-0.7713245508705896,0.12489086065900565,11.04,11.34,11.19,0.026809651474530894
2026-07-31,7,749.0,CALL,1.0139708770056648,0.23646993320779275,0.13905777363171692,1.96,1.98,1.97,0.0101522842639594
2026-07-31,7,749.0,PUT,1.0139708770056648,-0.7995797545455554,0.12122302979752185,11.74,12.07,11.905000000000001,0.02771944561108778
2026-07-31,7,750.0,CALL,1.0153246431965937,0.2112052254747446,0.13494260304332079,1.66,1.68,1.67,0.011976047904191628
2026-07-31,7,750.0,PUT,1.0153246431965937,-0.8297301085326472,0.11763653424070747,12.55,12.7,12.625,0.011881188118811769
2026-07-31,7,751.0,PUT,1.0166784093875225,-0.8610199438515118,0.11451594825039621,13.18,13.55,13.365,0.027684249906472204
2026-07-31,7,751.0,CALL,1.0166784093875225,0.1863783083943872,0.13191631276997232,1.39,1.41,1.4,0.0142857142857143
2026-07-31,7,752.0,PUT,1.0180321755784512,-0.8923032798267684,0.10846782278360978,13.93,14.34,14.135,0.029006013441811116
2026-07-31,7,752.0,CALL,1.0180321755784512,0.16263875530604163,0.1299687488107955,1.15,1.17,1.16,0.017241379310344845
2026-07-31,7,753.0,PUT,1.01938594176938,-0.925806343121344,0.10229305584559492,14.72,15.15,14.935,0.028791429527954448
2026-07-31,7,753.0,CALL,1.01938594176938,0.14062521853331345,0.12908994217026076,0.94,0.96,0.95,0.02105263157894739
2026-07-31,7,754.0,PUT,1.0207397079603089,-0.9658405959995084,0.09168159004792845,15.54,15.99,15.765,0.028544243577545262
2026-07-31,7,754.0,CALL,1.0207397079603089,0.11983035800184871,0.1249224696806491,0.76,0.77,0.765,0.013071895424836612
2026-07-31,7,755.0,CALL,1.0220934741512375,0.10066709526817276,0.12221402704941454,0.6,0.62,0.61,0.03278688524590167
2026-07-31,7,756.0,CALL,1.0234472403421664,0.08399946816640712,0.12109114739693123,0.48,0.49,0.485,0.020618556701030948
2026-07-31,7,757.0,CALL,1.0248010065330952,0.06875042391904215,0.11945992154985616,0.37,0.38,0.375,0.02666666666666669
2026-07-31,7,758.0,CALL,1.026154772724024,0.05584126702305076,0.1164484960244516,0.28,0.3,0.29000000000000004,0.06896551724137917
2026-07-31,7,759.0,CALL,1.0275085389149528,0.045147389969781015,0.11524185620162629,0.22,0.23,0.225,0.04444444444444448
2026-07-31,7,760.0,CALL,1.0288623051058816,0.0349887917156894,0.11448727260807821,0.16,0.17,0.165,0.060606060606060656
2026-07-31,7,761.0,CALL,1.0302160712968103,0.02770122820085423,0.11234748479196308,0.12,0.13,0.125,0.08000000000000007
2026-07-31,7,762.0,CALL,1.0315698374877391,0.021802067005472322,0.11103002730103756,0.09,0.1,0.095,0.10526315789473693
2026-07-31,7,763.0,CALL,1.032923603678668,0.017607676632144093,0.11147383554482401,0.07,0.08,0.07500000000000001,0.13333333333333325
2026-07-31,7,764.0,CALL,1.0342773698695966,0.013446337658909452,0.11191506644993213,0.05,0.06,0.055,0.18181818181818174
2026-07-31,7,765.0,CALL,1.0356311360605255,0.011172754210751331,0.11155787521549802,0.04,0.05,0.045,0.22222222222222227
2026-07-31,7,766.0,CALL,1.0369849022514543,0.008875382286228056,0.11097147389629783,0.03,0.04,0.035,0.28571428571428575
2026-07-31,7,767.0,CALL,1.038338668442383,0.008628067388421942,0.11443240508979481,0.03,0.04,0.035,0.28571428571428575
2026-07-31,7,768.0,CALL,1.0396924346333118,0.00637538302079691,0.11383866135560862,0.02,0.03,0.025,0.3999999999999999
2026-07-31,7,769.0,CALL,1.0410462008242407,0.006207758501127688,0.11728219211516787,0.02,0.03,0.025,0.3999999999999999
2026-07-31,7,770.0,CALL,1.0423999670151696,0.006049889509514167,0.12071995013806973,0.02,0.03,0.025,0.3999999999999999
2026-07-31,7,771.0,CALL,1.0437537332060982,0.003890965244613677,0.11803503790609753,0.01,0.02,0.015,0.6666666666666667
2026-07-31,7,772.0,CALL,1.045107499397027,0.0037972182115721047,0.121099985380723,0.01,0.02,0.015,0.6666666666666667
2026-07-31,7,773.0,CALL,1.046461265587956,0.003708307277065765,0.12415967038807588,0.01,0.02,0.015,0.6666666666666667
2026-07-31,7,774.0,CALL,1.0478150317788846,0.0036237935609773324,0.1272138020449238,0.01,0.02,0.015,0.6666666666666667
2026-07-31,7,775.0,CALL,1.0491687979698134,0.003543356185422583,0.13026250677351447,0.01,0.02,0.015,0.6666666666666667
2026-07-31,7,776.0,CALL,1.0505225641607423,0.003466704993396824,0.13330590018276364,0.01,0.02,0.015,0.6666666666666667
2026-07-31,7,777.0,CALL,1.051876330351671,0.0033935769325825343,0.13634408829658054,0.01,0.02,0.015,0.6666666666666667
2026-07-31,7,778.0,CALL,1.0532300965425998,0.003323732941385872,0.13937716860460747,0.01,0.02,0.015,0.6666666666666667
2026-07-31,7,779.0,CALL,1.0545838627335287,0.00325695525720679,0.1424052310107951,0.01,0.02,0.015,0.6666666666666667
2026-07-31,7,780.0,CALL,1.0559376289244573,0.003193045081296492,0.1454283586245944,0.01,0.02,0.015,0.6666666666666667
2026-07-31,7,781.0,CALL,1.0572913951153862,0.003131820545971916,0.14844662845370482,0.01,0.02,0.015,0.6666666666666667
2026-07-31,7,782.0,CALL,1.058645161306315,0.0030731149392484816,0.1514601120314612,0.01,0.02,0.015,0.6666666666666667
2026-07-31,7,783.0,CALL,1.0599989274972437,0.003016775149444123,0.15446887597509917,0.01,0.02,0.015,0.6666666666666667
2026-07-31,7,784.0,CALL,1.0613526936881725,0.002962611741124538,0.15747265861168783,0.01,0.02,0.015,0.6666666666666667
2026-07-31,7,785.0,CALL,1.0627064598791014,0.002910640537610499,0.16047248952017262,0.01,0.02,0.015,0.6666666666666667
2026-07-31,7,786.0,CALL,1.06406022607003,0.0028605959831652468,0.16346745171956845,0.01,0.02,0.015,0.6666666666666667
2026-07-31,7,787.0,CALL,1.065413992260959,0.002812415774023441,0.16645792017224853,0.01,0.02,0.015,0.6666666666666667
2026-07-31,7,788.0,CALL,1.0667677584518878,0.002765997234360842,0.16944394300351173,0.01,0.02,0.015,0.6666666666666667
2026-07-31,7,789.0,CALL,1.0681215246428164,0.0027212451284278284,0.17242556557832678,0.01,0.02,0.015,0.6666666666666667
2026-07-31,7,790.0,CALL,1.0694752908337453,0.0026780709956169962,0.1754028307398612,0.01,0.02,0.015,0.6666666666666667
2026-07-31,7,791.0,CALL,1.0708290570246741,0.0026363925558834005,0.17837577902174867,0.01,0.02,0.015,0.6666666666666667
2026-07-31,7,792.0,CALL,1.072182823215603,0.0025961331769521943,0.18134444884344467,0.01,0.02,0.015,0.6666666666666667
2026-07-31,7,793.0,CALL,1.0735365894065316,0.002557221395927621,0.18430887667910034,0.01,0.02,0.015,0.6666666666666667
2026-07-31,7,794.0,CALL,1.0748903555974605,0.0025195904888985904,0.1872690972121619,0.01,0.02,0.015,0.6666666666666667
2026-07-31,7,795.0,CALL,1.0762441217883894,0.0024831780829989653,0.1902251434851857,0.01,0.02,0.015,0.6666666666666667
2026-07-31,7,796.0,CALL,1.077597887979318,0.002447925806126626,0.19317704699233254,0.01,0.02,0.015,0.6666666666666667
2026-07-31,7,797.0,CALL,1.0789516541702469,0.0024138025886589805,0.1961250295841003,0.01,0.02,0.015,0.6666666666666667
2026-07-31,7,798.0,CALL,1.0803054203611757,0.0023806862830259776,0.19906854487995315,0.01,0.02,0.015,0.6666666666666667
2026-07-31,7,799.0,CALL,1.0816591865521044,0.0023485995898512055,0.20200819565993694,0.01,0.02,0.015,0.6666666666666667
2026-07-31,7,800.0,CALL,1.0830129527430332,0.0023174736343492316,0.20494381667709086,0.01,0.02,0.015,0.6666666666666667
2026-07-31,7,805.0,CALL,1.089781783697677,0.002174848259481639,0.21956233306361073,0.0,0.01,0.005,
2026-07-31,7,810.0,CALL,1.0965506146523212,0.002050790598847642,0.23408355484816312,0.0,0.01,0.005,
2026-07-31,7,815.0,CALL,1.103319445606965,0.0019418957706419473,0.24850990515807875,0.0,0.01,0.005,
2026-07-31,7,820.0,CALL,1.1100882765616091,0.0018455450835164497,0.2628434876672032,0.0,0.01,0.005,
2026-07-31,7,825.0,CALL,1.116857107516253,0.0017596911043506187,0.2770861676421978,0.0,0.01,0.005,
2026-07-31,7,830.0,CALL,1.1236259384708969,0.001682709691483645,0.29123962817682464,0.0,0.01,0.005,
2026-07-31,7,835.0,CALL,1.130394769425541,0.0016132958197046978,0.30530541016734736,0.0,0.01,0.005,
2026-07-31,7,840.0,CALL,1.1371636003801848,0.0015503887681093315,0.31928494134402985,0.0,0.01,0.005,
2026-07-31,7,845.0,CALL,1.143932431334829,0.001493119155920456,0.3331795800867047,0.0,0.01,0.005,
2026-07-31,7,850.0,CALL,1.1507012622894728,0.0014407597405466336,0.3469905191420501,0.0,0.01,0.005,
2026-07-31,7,855.0,CALL,1.1574700932441166,0.0013927120149113824,0.3607190224760274,0.0,0.01,0.005,
2026-07-31,7,860.0,CALL,1.1642389241987607,0.0013484656753715873,0.37436621014891486,0.0,0.01,0.005,
2026-07-31,7,865.0,CALL,1.1710077551534046,0.001307589188756497,0.3879331779746745,0.0,0.01,0.005,
2026-07-31,7,870.0,CALL,1.1777765861080487,0.001269632991863049,0.40034796595001887,0.0,0.01,0.005,
2026-07-31,7,875.0,CALL,1.1845454170626926,0.0012341125747148932,0.41234027421336517,0.0,0.01,0.005,
2026-07-31,7,880.0,CALL,1.1913142480173364,0.0012007924575542308,0.4242620438189167,0.0,0.01,0.005,
2026-07-31,7,885.0,CALL,1.1980830789719805,0.0011694737405361403,0.43611430079593577,0.0,0.01,0.005,
2026-07-31,7,890.0,CALL,1.2048519099266244,0.0011399808582114195,0.4478980276872258,0.0,0.01,0.005,
2026-07-31,7,895.0,CALL,1.2116207408812685,0.001112158247165889,0.4596141680831533,0.0,0.01,0.005,
2026-07-31,7,900.0,CALL,1.2183895718359123,0.001085868886895997,0.47126370564314735,0.0,0.01,0.005,
2026-08-03,10,500.0,PUT,0.6768830954643957,-0.0005629300439405564,0.752943355339621,0.01,0.02,0.015,0.6666666666666667
2026-08-03,10,505.0,PUT,0.6836519264190397,-0.0005764479620955023,0.7350254784903518,0.01,0.02,0.015,0.6666666666666667
2026-08-03,10,520.0,PUT,0.7039584192829715,-0.0006202870690474087,0.6823338801649967,0.01,0.02,0.015,0.6666666666666667
2026-08-03,10,525.0,PUT,0.7107272502376155,-0.0006361120644694612,0.6651128693038558,0.01,0.02,0.015,0.6666666666666667
2026-08-03,10,535.0,PUT,0.7242649121469035,-0.0006698228051981166,0.6311661233259657,0.01,0.02,0.015,0.6666666666666667
2026-08-03,10,550.0,PUT,0.7445714050108353,-0.0011210626391171543,0.6097510936147531,0.02,0.03,0.025,0.3999999999999999
2026-08-03,10,580.0,PUT,0.7851843907386991,-0.00199822499981231,0.5222238199054183,0.03,0.05,0.04,0.5000000000000001
2026-08-03,10,585.0,PUT,0.791953221693343,-0.002280127925884372,0.51102913043958,0.04,0.05,0.045,0.22222222222222227
2026-08-03,10,600.0,PUT,0.8122597145572749,-0.0029808006818877074,0.47226055853867555,0.05,0.06,0.055,0.18181818181818174
2026-08-03,10,605.0,PUT,0.8190285455119188,-0.003086517065355176,0.4557178182844116,0.05,0.06,0.055,0.18181818181818174
2026-08-03,10,610.0,PUT,0.8257973764665628,-0.003665170035105843,0.4490710826849764,0.06,0.07,0.065,0.15384615384615397
2026-08-03,10,615.0,PUT,0.8325662074212068,-0.0038018712621567157,0.43094788539938095,0.06,0.07,0.065,0.15384615384615397
2026-08-03,10,620.0,PUT,0.8393350383758508,-0.004438589434852084,0.4171295436535041,0.07,0.08,0.07500000000000001,0.13333333333333325
2026-08-03,10,630.0,PUT,0.8528727002851386,-0.005334302137181653,0.38572530191115234,0.08,0.09,0.08499999999999999,0.11764705882352937
2026-08-03,10,650.0,PUT,0.8799480241037145,-0.00876012857988793,0.3326362716020233,0.12,0.13,0.125,0.08000000000000007
2026-08-03,10,655.0,PUT,0.8867168550583584,-0.010348269378939602,0.3237094752158401,0.14,0.15,0.14500000000000002,0.06896551724137917
2026-08-03,10,660.0,PUT,0.8934856860130024,-0.01147632404356688,0.308616249979359,0.15,0.16,0.155,0.06451612903225812
2026-08-03,10,665.0,CALL,0.9002545169676464,0.9659168807601767,0.35539485067233395,72.56,76.06,74.31,0.04709998654286099
2026-08-03,10,665.0,PUT,0.9002545169676464,-0.013907722486366698,0.2947921748381793,0.18,0.19,0.185,0.054054054054054106
2026-08-03,10,670.0,PUT,0.9070233479222903,-0.015974493448536114,0.27936989641867926,0.2,0.21,0.20500000000000002,0.04878048780487795
2026-08-03,10,675.0,PUT,0.9137921788769343,-0.019812017242947212,0.2683736521441381,0.24,0.26,0.25,0.08000000000000007
2026-08-03,10,680.0,PUT,0.9205610098315782,-0.02366960770938786,0.25663084761150157,0.28,0.3,0.29000000000000004,0.06896551724137917
2026-08-03,10,685.0,PUT,0.9273298407862222,-0.02910181648264629,0.2472675786939513,0.34,0.36,0.35,0.05714285714285704
2026-08-03,10,690.0,PUT,0.9340986717408661,-0.03635663451849699,0.23295829894518644,0.42,0.44,0.43,0.046511627906976785
2026-08-03,10,695.0,PUT,0.9408675026955101,-0.04667099446269041,0.22174985494529972,0.54,0.55,0.545,0.018348623853211024
2026-08-03,10,700.0,CALL,0.9476363336501541,0.9170303969866922,0.23747311199552895,38.1,41.66,39.879999999999995,0.08926780341023058
2026-08-03,10,700.0,PUT,0.9476363336501541,-0.060376238351072704,0.21402382455710786,0.69,0.71,0.7,0.0285714285714286
2026-08-03,10,701.0,PUT,0.9489900998410828,-0.06376671179726598,0.21304557389115703,0.73,0.75,0.74,0.027027027027027053
2026-08-03,10,702.0,PUT,0.9503438660320116,-0.06719243570312591,0.2101322645045899,0.77,0.79,0.78,0.025641025641025664
2026-08-03,10,703.0,PUT,0.9516976322229405,-0.07099203487613018,0.2074680395556461,0.82,0.83,0.825,0.012121212121212133
2026-08-03,10,704.0,PUT,0.9530513984138692,-0.07489031471171895,0.2048098082763516,0.86,0.88,0.87,0.022988505747126457
2026-08-03,10,705.0,PUT,0.9544051646047981,-0.07944043041934125,0.20264228627947758,0.92,0.93,0.925,0.01081081081081082
2026-08-03,10,706.0,PUT,0.9557589307957268,-0.08408857139660676,0.20048015162430127,0.97,0.99,0.98,0.02040816326530614
2026-08-03,10,706.0,CALL,0.9557589307957268,0.8889426623877716,0.22760784494742012,34.06,34.51,34.285,0.01312527344319661
2026-08-03,10,707.0,PUT,0.9571126969866556,-0.08910604893356344,0.19856524532617892,1.03,1.05,1.04,0.019230769230769246
2026-08-03,10,707.0,CALL,0.9571126969866556,0.8839222043933308,0.22609755320999061,33.14,33.57,33.355000000000004,0.012891620446709629
2026-08-03,10,708.0,PUT,0.9584664631775844,-0.09422071556612548,0.1966553484901262,1.09,1.11,1.1,0.018181818181818195
2026-08-03,10,709.0,PUT,0.9598202293685132,-0.09995630298517594,0.19523228037708912,1.16,1.18,1.17,0.01709401709401711
2026-08-03,10,710.0,CALL,0.9611739955594419,0.8689796617589877,0.21859174153669544,30.33,30.77,30.549999999999997,0.01440261865793785
2026-08-03,10,710.0,PUT,0.9611739955594419,-0.10552211746524803,0.19357173423742485,1.23,1.24,1.2349999999999999,0.008097165991902843
2026-08-03,10,711.0,PUT,0.9625277617503708,-0.11168335093433841,0.19239614146877312,1.3,1.32,1.31,0.015267175572519097
2026-08-03,10,712.0,PUT,0.9638815279412996,-0.11816839541316174,0.19145956964570937,1.38,1.4,1.39,0.014388489208633108
2026-08-03,10,713.0,PUT,0.9652352941322283,-0.12524490398000435,0.19088272909009632,1.47,1.49,1.48,0.013513513513513526
2026-08-03,10,714.0,PUT,0.9665890603231572,-0.1323870646305355,0.1880381112283178,1.56,1.58,1.57,0.012738853503184724
2026-08-03,10,714.0,CALL,0.9665890603231572,0.8436362773979643,0.2062954145543638,26.67,27.11,26.89,0.016362960208255773
2026-08-03,10,715.0,PUT,0.9679428265140859,-0.14020421687945492,0.18550962490421793,1.66,1.68,1.67,0.011976047904191628
2026-08-03,10,715.0,CALL,0.9679428265140859,0.8360692194356846,0.20387576366428733,25.78,26.21,25.995,0.016541642623581446
2026-08-03,10,716.0,PUT,0.9692965927050148,-0.14823711345621707,0.1829879489320679,1.76,1.78,1.77,0.011299435028248598
2026-08-03,10,717.0,CALL,0.9706503588959435,0.819847005712271,0.1995312347373931,24.01,24.43,24.22,0.01734104046242767
2026-08-03,10,717.0,PUT,0.9706503588959435,-0.15715210032426719,0.1809511017596343,1.88,1.89,1.8849999999999998,0.005305039787798413
2026-08-03,10,718.0,PUT,0.9720041250868723,-0.16669524532637506,0.1792383575316912,2.0,2.02,2.01,0.009950248756218916
2026-08-03,10,719.0,PUT,0.9733578912778011,-0.17642503376491714,0.17752951316561,2.12,2.15,2.135,0.01405152224824347
2026-08-03,10,719.0,CALL,0.9733578912778011,0.8027397235224192,0.19536827042448524,22.23,22.67,22.450000000000003,0.019599109131403173
2026-08-03,10,720.0,CALL,0.9747116574687299,0.7929300009776846,0.19424404582017443,21.4,21.79,21.595,0.018059736050011602
2026-08-03,10,720.0,PUT,0.9747116574687299,-0.18694317968232785,0.17630021213474947,2.26,2.29,2.275,0.013186813186813296
2026-08-03,10,721.0,PUT,0.9760654236596586,-0.19761222489199493,0.17507282320216253,2.4,2.43,2.415,0.012422360248447308
2026-08-03,10,722.0,PUT,0.9774191898505875,-0.20881718666360477,0.17415439229457105,2.55,2.58,2.565,0.011695906432748635
2026-08-03,10,723.0,PUT,0.9787729560415163,-0.2205879443312103,0.1730715534309005,2.71,2.74,2.725,0.011009174311926696
2026-08-03,10,724.0,PUT,0.980126722232445,-0.23287769441102202,0.17019740341557782,2.88,2.91,2.895,0.01036269430051822
2026-08-03,10,725.0,CALL,0.9814804884233739,0.7387430499942078,0.18062509052343478,17.17,17.57,17.37,0.023028209556706883
2026-08-03,10,725.0,PUT,0.9814804884233739,-0.24590853019271458,0.16757283781837226,3.06,3.09,3.075,0.009756097560975546
2026-08-03,10,726.0,PUT,0.9828342546143026,-0.2599595702082659,0.16543764530593885,3.26,3.29,3.275,0.009160305343511527
2026-08-03,10,726.0,CALL,0.9828342546143026,0.7256993996163313,0.17832959595572315,16.37,16.76,16.565,0.023543616057953548
2026-08-03,10,727.0,CALL,0.9841880208052314,0.7121947325380228,0.1761610771438472,15.57,15.96,15.765,0.024738344433872538
2026-08-03,10,727.0,PUT,0.9841880208052314,-0.27437900813341703,0.16330918159425376,3.46,3.49,3.475,0.008633093525179927
2026-08-03,10,728.0,PUT,0.9855417869961602,-0.28946209298644365,0.1614229137233839,3.67,3.7,3.685,0.008141112618724626
2026-08-03,10,728.0,CALL,0.9855417869961602,0.6975558615109666,0.17483703971873452,14.83,15.17,15.0,0.022666666666666658
2026-08-03,10,729.0,PUT,0.986895553187089,-0.3052727181999445,0.1599014594313341,3.89,3.93,3.91,0.010230179028133002
2026-08-03,10,729.0,CALL,0.986895553187089,0.6830090526010584,0.17315905245351249,14.05,14.39,14.22,0.02390998593530238
2026-08-03,10,730.0,CALL,0.9882493193780179,0.6681801819018763,0.17148667845086765,13.25,13.63,13.440000000000001,0.02827380952380958
2026-08-03,10,730.0,PUT,0.9882493193780179,-0.3217616724008738,0.15873089194624151,4.13,4.17,4.15,0.009638554216867478
2026-08-03,10,731.0,CALL,0.9896030855689466,0.6520875250072418,0.17012338104337446,12.55,12.88,12.715,0.025953598112465597
2026-08-03,10,731.0,PUT,0.9896030855689466,-0.338789372643813,0.157757752668618,4.38,4.42,4.4,0.009090909090909097
2026-08-03,10,732.0,CALL,0.9909568517598754,0.6355783743611496,0.16690460398111592,11.82,12.15,11.985,0.02753441802252817
2026-08-03,10,732.0,PUT,0.9909568517598754,-0.3565559295192819,0.1551205613845078,4.65,4.69,4.67,0.00856531049250536
2026-08-03,10,733.0,CALL,0.9923106179508042,0.6184898741942628,0.1635929504539559,11.06,11.44,11.25,0.03377777777777769
2026-08-03,10,733.0,PUT,0.9923106179508042,-0.3750809756952835,0.15215467642152838,4.93,4.97,4.949999999999999,0.00808080808080809
2026-08-03,10,734.0,CALL,0.993664384141733,0.6002945511761959,0.1610187743123664,10.37,10.73,10.55,0.034123222748815275
2026-08-03,10,734.0,PUT,0.993664384141733,-0.3944779361615506,0.14940718105099107,5.22,5.26,5.24,0.007633587786259549
2026-08-03,10,735.0,PUT,0.9950181503326617,-0.41490151978203993,0.147179787442803,5.54,5.57,5.555,0.005400540054005446
2026-08-03,10,735.0,CALL,0.9950181503326617,0.5815110443936428,0.15845408088566298,9.68,10.02,9.85,0.03451776649746192
2026-08-03,10,736.0,CALL,0.9963719165235906,0.5618753896749104,0.15662223959946775,9.02,9.35,9.184999999999999,0.03592814371257486
2026-08-03,10,736.0,PUT,0.9963719165235906,-0.4360866124927866,0.14526768952831276,5.87,5.9,5.885,0.005097706032285514
2026-08-03,10,737.0,PUT,0.9977256827145193,-0.4580092017016076,0.14375615453432156,6.22,6.25,6.234999999999999,0.004811547714514876
2026-08-03,10,737.0,CALL,0.9977256827145193,0.5417574990706593,0.15490066470332928,8.48,8.57,8.525,0.01055718475073312
2026-08-03,10,738.0,PUT,0.9990794489054481,-0.4805975188348665,0.14260313286347054,6.59,6.62,6.605,0.004542013626040915
2026-08-03,10,738.0,CALL,0.9990794489054481,0.5212067217767368,0.15298017613391948,7.84,7.87,7.855,0.003819223424570369
2026-08-03,10,739.0,CALL,1.0004332150963768,0.50000045918273,0.1500929487827293,7.22,7.26,7.24,0.005524861878453044
2026-08-03,10,739.0,PUT,1.0004332150963768,-0.5037444486496943,0.1396891842190484,6.98,7.01,6.995,0.004288777698355877
2026-08-03,10,740.0,PUT,1.0017869812873057,-0.5277866690675755,0.1364943028694829,7.39,7.42,7.404999999999999,0.004051316677920358
2026-08-03,10,740.0,CALL,1.0017869812873057,0.4778355042586435,0.1467702761653875,6.63,6.66,6.645,0.004514672686230286
2026-08-03,10,741.0,PUT,1.0031407474782346,-0.5528685567650903,0.1337070413818378,7.82,7.85,7.835,0.003828972559029912
2026-08-03,10,741.0,CALL,1.0031407474782346,0.45484303731570974,0.14397343207414354,6.06,6.09,6.074999999999999,0.004938271604938313
2026-08-03,10,742.0,CALL,1.0044945136691632,0.43117121539286196,0.14159731666057968,5.51,5.54,5.525,0.00542986425339371
2026-08-03,10,742.0,PUT,1.0044945136691632,-0.5789508983564101,0.13112575048627004,8.15,8.4,8.275,0.030211480362537763
2026-08-03,10,743.0,CALL,1.005848279860092,0.4070720565686181,0.13974101524882876,4.98,5.02,5.0,0.00799999999999983
2026-08-03,10,743.0,PUT,1.005848279860092,-0.6052739329584501,0.1296332981049087,8.59,8.95,8.77,0.04104903078677303
2026-08-03,10,744.0,CALL,1.007202046051021,0.38279697163441057,0.1384009570012546,4.48,4.52,4.5,0.0088888888888887
2026-08-03,10,744.0,PUT,1.007202046051021,-0.6322918830367668,0.12829239790209188,9.13,9.43,9.280000000000001,0.032327586206896436
2026-08-03,10,745.0,CALL,1.0085558122419498,0.3584728403057873,0.13598769711465908,4.01,4.04,4.025,0.007453416149068384
2026-08-03,10,745.0,PUT,1.0085558122419498,-0.6596355233562082,0.12434347941318015,9.66,9.95,9.805,0.029576746557878546
2026-08-03,10,746.0,CALL,1.0099095784328784,0.3334958335576671,0.13248734956688624,3.56,3.59,3.575,0.008391608391608336
2026-08-03,10,746.0,PUT,1.0099095784328784,-0.6872014375231414,0.12139164689540269,10.2,10.56,10.379999999999999,0.03468208092485561
2026-08-03,10,747.0,CALL,1.0112633446238073,0.3083227304491391,0.12981134456430676,3.15,3.17,3.16,0.006329113924050638
2026-08-03,10,747.0,PUT,1.0112633446238073,-0.7159486514777863,0.11865260132339636,10.8,11.13,10.965,0.030095759233926135
2026-08-03,10,748.0,CALL,1.0126171108147362,0.283045941450673,0.12772356616644087,2.76,2.78,2.7699999999999996,0.007220216606498202
2026-08-03,10,748.0,PUT,1.0126171108147362,-0.7451303029989365,0.11650873729004352,11.41,11.75,11.58,0.02936096718480137
2026-08-03,10,749.0,PUT,1.0139708770056648,-0.7735248757382708,0.11420555215446836,12.05,12.43,12.24,0.031045751633986846
2026-08-03,10,749.0,CALL,1.0139708770056648,0.25822376473287156,0.12633315306985354,2.4,2.42,2.41,0.008298755186721999
2026-08-03,10,750.0,PUT,1.0153246431965937,-0.8018857997328303,0.11022412754136929,12.73,13.12,12.925,0.03017408123791093
2026-08-03,10,750.0,CALL,1.0153246431965937,0.23421073152161992,0.12450541442895889,2.07,2.09,2.08,0.009615384615384623
2026-08-03,10,751.0,CALL,1.0166784093875225,0.21049383858702073,0.12113375924822872,1.77,1.79,1.78,0.011235955056179785
2026-08-03,10,751.0,PUT,1.0166784093875225,-0.8332721310095186,0.10611328255306471,13.42,13.8,13.61,0.02792064658339462
2026-08-03,10,752.0,PUT,1.0180321755784512,-0.8636027969247302,0.10334934239472225,14.15,14.55,14.350000000000001,0.027874564459930334
2026-08-03,10,752.0,CALL,1.0180321755784512,0.18730409407374682,0.11867184227218947,1.5,1.52,1.51,0.013245033112582794
2026-08-03,10,753.0,PUT,1.01938594176938,-0.8908259922111484,0.09927430631009318,14.93,15.36,15.145,0.02839220864971936
2026-08-03,10,753.0,CALL,1.01938594176938,0.16486710910745056,0.11696250027646964,1.26,1.27,1.2650000000000001,0.007905138339920955
2026-08-03,10,754.0,CALL,1.0207397079603089,0.14402047998181244,0.11614404128850041,1.04,1.06,1.05,0.019047619047619063
2026-08-03,10,754.0,PUT,1.0207397079603089,-0.9237156209274983,0.09367990356128149,15.71,16.17,15.940000000000001,0.02885821831869516
2026-08-03,10,755.0,CALL,1.0220934741512375,0.12438004896051824,0.11280173451717873,0.85,0.87,0.86,0.023255813953488393
2026-08-03,10,755.0,PUT,1.0220934741512375,-0.9536821172504703,0.08917971836163735,15.54,18.07,16.805,0.15055043141922053
2026-08-03,10,756.0,CALL,1.0234472403421664,0.10576115727913685,0.110178609428844,0.69,0.7,0.695,0.014388489208633108
2026-08-03,10,757.0,CALL,1.0248010065330952,0.08981071693944201,0.10909330308679441,0.56,0.57,0.565,0.017699115044247607
2026-08-03,10,758.0,PUT,1.026154772724024,-0.9619396137984865,0.09921656886195475,18.21,21.37,19.79,0.1596766043456291
2026-08-03,10,758.0,CALL,1.026154772724024,0.07461897327310411,0.10844759324369349,0.44,0.45,0.445,0.02247191011235957
2026-08-03,10,759.0,CALL,1.0275085389149528,0.06167076858939856,0.10542067864884232,0.34,0.36,0.35,0.05714285714285704
2026-08-03,10,760.0,CALL,1.0288623051058816,0.05054189541826304,0.1037500825099568,0.27,0.28,0.275,0.03636363636363639
2026-08-03,10,761.0,CALL,1.0302160712968103,0.04112049379601483,0.10319380994016174,0.21,0.22,0.215,0.046511627906976785
2026-08-03,10,762.0,CALL,1.0315698374877391,0.033022114723458715,0.102851367101443,0.16,0.17,0.165,0.060606060606060656
2026-08-03,10,763.0,CALL,1.032923603678668,0.026127301482994154,0.10037385800237836,0.12,0.13,0.125,0.08000000000000007
2026-08-03,10,764.0,CALL,1.0342773698695966,0.020576022863402706,0.09936463052132678,0.09,0.1,0.095,0.10526315789473693
2026-08-03,10,765.0,CALL,1.0356311360605255,0.016651912711040735,0.09980069398775612,0.07,0.08,0.07500000000000001,0.13333333333333325
2026-08-03,10,766.0,CALL,1.0369849022514543,0.014500333545266652,0.10166898056662335,0.06,0.07,0.065,0.15384615384615397
2026-08-03,10,767.0,CALL,1.038338668442383,0.010595876813757238,0.09891486927310361,0.04,0.05,0.045,0.22222222222222227
2026-08-03,10,768.0,CALL,1.0396924346333118,0.01031417781059776,0.10182978378168671,0.04,0.05,0.045,0.22222222222222227
2026-08-03,10,769.0,CALL,1.0410462008242407,0.008199624890018442,0.10141397953384278,0.03,0.04,0.035,0.28571428571428575
2026-08-03,10,770.0,CALL,1.0423999670151696,0.006067769497927106,0.1010015216623367,0.02,0.03,0.025,0.3999999999999999
2026-08-03,10,771.0,CALL,1.0437537332060982,0.005918100753376709,0.10388810733646035,0.02,0.03,0.025,0.3999999999999999
2026-08-03,10,772.0,CALL,1.045107499397027,0.005776687517501268,0.10676969383824457,0.02,0.03,0.025,0.3999999999999999
2026-08-03,10,773.0,CALL,1.046461265587956,0.0056428623181765,0.1096463909054319,0.02,0.03,0.025,0.3999999999999999
2026-08-03,10,774.0,CALL,1.0478150317788846,0.003633596352861187,0.10626399610027115,0.01,0.02,0.015,0.6666666666666667
2026-08-03,10,775.0,CALL,1.0491687979698134,0.0035525253128636104,0.10883228172060784,0.01,0.02,0.015,0.6666666666666667
2026-08-03,10,776.0,CALL,1.0505225641607423,0.0034753011800838438,0.1113956572333854,0.01,0.02,0.015,0.6666666666666667
2026-08-03,10,777.0,CALL,1.051876330351671,0.0034016538393118723,0.11395424168145743,0.01,0.02,0.015,0.6666666666666667
2026-08-03,10,778.0,CALL,1.0532300965425998,0.003331338122907946,0.11650814429925538,0.01,0.02,0.015,0.6666666666666667
2026-08-03,10,779.0,CALL,1.0545838627335287,0.003264145783059376,0.11905753912411966,0.01,0.02,0.015,0.6666666666666667
2026-08-03,10,780.0,CALL,1.0559376289244573,0.003199828972275713,0.12160229825680717,0.01,0.02,0.015,0.6666666666666667
2026-08-03,10,781.0,CALL,1.0572913951153862,0.0031382462383827653,0.12414272800516185,0.01,0.02,0.015,0.6666666666666667
2026-08-03,10,785.0,CALL,1.0627064598791014,0.0029159053117416966,0.13426192438402024,0.01,0.02,0.015,0.6666666666666667
2026-08-03,10,786.0,CALL,1.06406022607003,0.0028656255923583842,0.13678142538364962,0.01,0.02,0.015,0.6666666666666667
2026-08-03,10,787.0,CALL,1.065413992260959,0.00281722809195376,0.13929692511651748,0.01,0.02,0.015,0.6666666666666667
2026-08-03,10,789.0,CALL,1.0681215246428164,0.002725669969979823,0.1443161277721848,0.01,0.02,0.015,0.6666666666666667
2026-08-03,10,790.0,CALL,1.0694752908337453,0.0026823228297301457,0.1468199265566947,0.01,0.02,0.015,0.6666666666666667
2026-08-03,10,792.0,CALL,1.072182823215603,0.0026000744895025205,0.1518161384562868,0.01,0.02,0.015,0.6666666666666667
2026-08-03,10,793.0,CALL,1.0735365894065316,0.002561023170578111,0.1543086321560969,0.01,0.02,0.015,0.6666666666666667
2026-08-03,10,795.0,CALL,1.0762441217883894,0.002486727911992617,0.15928258088883696,0.01,0.02,0.015,0.6666666666666667
2026-08-03,10,800.0,CALL,1.0830129527430332,0.002320520522320209,0.17165459030296903,0.01,0.02,0.015,0.6666666666666667
2026-08-03,10,805.0,CALL,1.089781783697677,0.0021775241930128844,0.18393962044428266,0.0,0.01,0.005,
2026-08-03,10,815.0,CALL,1.103319445606965,0.0019440734734187013,0.20826006786203338,0.0,0.01,0.005,
2026-08-03,10,820.0,CALL,1.1100882765616091,0.001847550774499595,0.22030003426867942,0.0,0.01,0.005,
2026-08-03,10,825.0,CALL,1.116857107516253,0.001761558130681569,0.2322623504654537,0.0,0.01,0.005,
2026-08-03,10,845.0,CALL,1.143932431334829,0.001494627240104598,0.2793652985102204,0.0,0.01,0.005,
2026-08-03,10,850.0,CALL,1.1507012622894728,0.001442210074329051,0.2909609201702107,0.0,0.01,0.005,
2026-08-03,10,855.0,CALL,1.1574700932441166,0.001394110768466142,0.30248677916883965,0.0,0.01,0.005,
2026-08-03,10,860.0,CALL,1.1642389241987607,0.0013498177985250747,0.3139438826286291,0.0,0.01,0.005,
2026-08-03,10,865.0,CALL,1.1710077551534046,0.0013088992389850092,0.32524112135172856,0.0,0.01,0.005,
2026-08-03,10,870.0,CALL,1.1777765861080487,0.0012708236036486215,0.3353812355953374,0.0,0.01,0.005,
2026-08-04,11,500.0,PUT,0.6768830954643957,-0.0005628796694439296,0.7184540726012011,0.01,0.02,0.015,0.6666666666666667
2026-08-04,11,535.0,PUT,0.7242649121469035,-0.0010353448094730054,0.6340728488183652,0.02,0.03,0.025,0.3999999999999999
2026-08-04,11,585.0,PUT,0.791953221693343,-0.002698916432206726,0.49888359139121385,0.05,0.06,0.055,0.18181818181818174
2026-08-04,11,600.0,PUT,0.8122597145572749,-0.003837893845598995,0.4675419455437451,0.07,0.08,0.07500000000000001,0.13333333333333325
2026-08-04,11,620.0,PUT,0.8393350383758508,-0.005387215394552571,0.40598687230074654,0.09,0.1,0.095,0.10526315789473693
2026-08-04,11,630.0,PUT,0.8528727002851386,-0.006829766324553096,0.3799331060797732,0.11,0.12,0.11499999999999999,0.0869565217391304
2026-08-04,11,640.0,PUT,0.8664103621944266,-0.00897183172774748,0.35824680244341967,0.14,0.15,0.14500000000000002,0.06896551724137917
2026-08-04,11,645.0,PUT,0.8731791931490706,-0.009892651362669543,0.3456027341482623,0.15,0.16,0.155,0.06451612903225812
2026-08-04,11,650.0,PUT,0.8799480241037145,-0.011136233219739963,0.33371276670557937,0.16,0.18,0.16999999999999998,0.11764705882352937
2026-08-04,11,660.0,PUT,0.8934856860130024,-0.01478146297713442,0.3044573085094519,0.21,0.22,0.215,0.046511627906976785
2026-08-04,11,665.0,PUT,0.9002545169676464,-0.01728243869034024,0.29125645716063814,0.24,0.25,0.245,0.04081632653061228
2026-08-04,11,670.0,PUT,0.9070233479222903,-0.020566196167311847,0.2798185323513783,0.28,0.29,0.28500000000000003,0.035087719298245446
2026-08-04,11,675.0,PUT,0.9137921788769343,-0.02412411462336644,0.268489753171336,0.32,0.33,0.325,0.030769230769230795
2026-08-04,11,680.0,PUT,0.9205610098315782,-0.029089579782456947,0.25915469313558015,0.38,0.39,0.385,0.025974025974025997
2026-08-04,11,685.0,PUT,0.9273298407862222,-0.035396848645027706,0.24496149228338526,0.45,0.47,0.45999999999999996,0.04347826086956514
2026-08-04,11,690.0,PUT,0.9340986717408661,-0.04386031210541085,0.23292910942842934,0.55,0.57,0.56,0.035714285714285546
2026-08-04,11,695.0,PUT,0.9408675026955101,-0.05512680473018451,0.22384346767586807,0.69,0.7,0.695,0.014388489208633108
2026-08-04,11,700.0,PUT,0.9476363336501541,-0.07001146332062558,0.21453469664274127,0.87,0.89,0.88,0.02272727272727275
2026-08-04,11,700.0,CALL,0.9476363336501541,0.9075753274097129,0.23672676863720185,38.36,41.92,40.14,0.08868958644743404
2026-08-04,11,701.0,PUT,0.9489900998410828,-0.0735969343889014,0.21198245752404432,0.92,0.93,0.925,0.01081081081081082
2026-08-04,11,702.0,PUT,0.9503438660320116,-0.07752416818351018,0.20966777172954165,0.97,0.98,0.975,0.010256410256410265
2026-08-04,11,703.0,PUT,0.9516976322229405,-0.08153867440115427,0.20735854637788476,1.02,1.03,1.025,0.009756097560975618
2026-08-04,11,704.0,PUT,0.9530513984138692,-0.08589392725281088,0.20528619014197147,1.07,1.09,1.08,0.018518518518518535
2026-08-04,11,705.0,PUT,0.9544051646047981,-0.09058532743188714,0.2034500801112106,1.13,1.15,1.14,0.017543859649122823
2026-08-04,11,706.0,PUT,0.9557589307957268,-0.09536173588738109,0.20161862647869033,1.19,1.21,1.2,0.016666666666666684
2026-08-04,11,707.0,PUT,0.9571126969866556,-0.10022645559066404,0.19979104179392682,1.25,1.27,1.26,0.015873015873015886
2026-08-04,11,708.0,PUT,0.9584664631775844,-0.10565488403623584,0.1984286670984699,1.32,1.34,1.33,0.015037593984962419
2026-08-04,11,709.0,PUT,0.9598202293685132,-0.11139065302701764,0.1972989850989189,1.4,1.41,1.4049999999999998,0.007117437722419936
2026-08-04,11,710.0,CALL,0.9611739955594419,0.8581793823618828,0.21743412792341887,30.67,31.09,30.880000000000003,0.01360103626942999
2026-08-04,11,710.0,PUT,0.9611739955594419,-0.11719669031807134,0.1961691877398761,1.47,1.49,1.48,0.013513513513513526
2026-08-04,11,711.0,PUT,0.9625277617503708,-0.12353874663175511,0.19546494089765448,1.56,1.57,1.565,0.006389776357827482
2026-08-04,11,712.0,PUT,0.9638815279412996,-0.12997535699915963,0.19296484488378313,1.64,1.66,1.65,0.012121212121212133
2026-08-04,11,713.0,PUT,0.9652352941322283,-0.13721086482502343,0.19054190671574556,1.74,1.76,1.75,0.011428571428571439
2026-08-04,11,714.0,PUT,0.9665890603231572,-0.1446325836868532,0.1881253239151582,1.84,1.86,1.85,0.01081081081081082
2026-08-04,11,715.0,CALL,0.9679428265140859,0.8247546936724166,0.20444906967543405,26.14,26.58,26.36,0.016691957511380796
2026-08-04,11,715.0,PUT,0.9679428265140859,-0.15224671648607638,0.185715277836576,1.94,1.96,1.95,0.010256410256410265
2026-08-04,11,716.0,PUT,0.9692965927050148,-0.16066863875402898,0.18376823608268397,2.06,2.07,2.065,0.0048426150121064345
2026-08-04,11,717.0,PUT,0.9706503588959435,-0.16946780748111206,0.1819785550494812,2.18,2.19,2.185,0.004576659038901504
2026-08-04,11,717.0,CALL,0.9706503588959435,0.8092648010503611,0.20014810284634585,24.35,24.81,24.58,0.01871440195280705
2026-08-04,11,718.0,PUT,0.9720041250868723,-0.17882875915571325,0.18049548105026916,2.3,2.33,2.315,0.012958963282937472
2026-08-04,11,718.0,CALL,0.9720041250868723,0.8006385554037546,0.19861106114913749,23.48,23.94,23.71,0.019401096583719985
2026-08-04,11,719.0,PUT,0.9733578912778011,-0.1883449154624049,0.17901665344931886,2.43,2.46,2.4450000000000003,0.012269938650306667
2026-08-04,11,720.0,PUT,0.9747116574687299,-0.1985578129658422,0.17799267190032386,2.58,2.6,2.59,0.007722007722007729
2026-08-04,11,720.0,CALL,0.9747116574687299,0.7826914457437093,0.19585158529554525,21.75,22.21,21.98,0.020928116469517782
2026-08-04,11,721.0,PUT,0.9760654236596586,-0.20908173777551417,0.1771109838782867,2.73,2.75,2.74,0.0072992700729927066
2026-08-04,11,722.0,PUT,0.9774191898505875,-0.22013301632040874,0.17604100300220707,2.89,2.91,2.9000000000000004,0.006896551724137936
2026-08-04,11,723.0,PUT,0.9787729560415163,-0.2314938170663044,0.17317859697751561,3.05,3.08,3.065,0.009787928221859787
2026-08-04,11,724.0,PUT,0.980126722232445,-0.24368742310991648,0.17066993848697343,3.23,3.26,3.245,0.009244992295839694
2026-08-04,11,725.0,PUT,0.9814804884233739,-0.2563878913034273,0.16828406179265679,3.41,3.45,3.43,0.011661807580174937
2026-08-04,11,726.0,CALL,0.9828342546143026,0.7160863776699028,0.1796815695578734,16.8,17.23,17.015,0.025271818983250056
2026-08-04,11,726.0,PUT,0.9828342546143026,-0.26972659247277053,0.16613522568627262,3.61,3.64,3.625,0.008275862068965585
2026-08-04,11,727.0,PUT,0.9841880208052314,-0.28381539781206694,0.16433252611852217,3.82,3.85,3.835,0.007822685788787549
2026-08-04,11,728.0,PUT,0.9855417869961602,-0.29833880397564805,0.16264944286943364,4.04,4.06,4.05,0.0049382716049381666
2026-08-04,11,729.0,PUT,0.986895553187089,-0.31351459103262563,0.1613082845545311,4.26,4.3,4.279999999999999,0.009345794392523374
2026-08-04,11,729.0,CALL,0.986895553187089,0.6752630906322198,0.17497349516090438,14.47,14.89,14.68,0.028610354223433238
2026-08-04,11,730.0,PUT,0.9882493193780179,-0.32939822777979016,0.16040774961720755,4.51,4.55,4.529999999999999,0.008830022075055196
2026-08-04,11,731.0,PUT,0.9896030855689466,-0.34571513275864774,0.15898218876656633,4.76,4.81,4.785,0.010449320794148342
2026-08-04,11,731.0,CALL,0.9896030855689466,0.6458725556016215,0.17085455291401497,12.98,13.37,13.175,0.02960151802656537
2026-08-04,11,732.0,PUT,0.9909568517598754,-0.36259049209919103,0.15594682630217013,5.03,5.08,5.055,0.009891196834816979
2026-08-04,11,732.0,CALL,0.9909568517598754,0.6302220605022372,0.16758608333311803,12.23,12.64,12.435,0.03297145154804987
2026-08-04,11,733.0,PUT,0.9923106179508042,-0.3802774340231836,0.15312074028487335,5.31,5.36,5.335,0.009372071227741464
2026-08-04,11,733.0,CALL,0.9923106179508042,0.6135838104842367,0.16492325387395948,11.53,11.92,11.725,0.03326226012793182
2026-08-04,11,734.0,CALL,0.993664384141733,0.5963502820507603,0.16236877497983038,10.82,11.22,11.02,0.03629764065335757
2026-08-04,11,734.0,PUT,0.993664384141733,-0.3988168235749411,0.15060016918923222,5.61,5.65,5.630000000000001,0.007104795737122563
2026-08-04,11,735.0,PUT,0.9950181503326617,-0.4182137221419869,0.14847579802470443,5.93,5.96,5.945,0.005046257359125357
2026-08-04,11,735.0,CALL,0.9950181503326617,0.5784861755142446,0.16002110212300247,10.14,10.51,10.325,0.0358353510895883
2026-08-04,11,736.0,CALL,0.9963719165235906,0.55997174528704,0.15807649043649963,9.46,9.84,9.65,0.03937823834196881
2026-08-04,11,736.0,PUT,0.9963719165235906,-0.43828725980735395,0.14665420458991207,6.26,6.29,6.275,0.004780876494023944
2026-08-04,11,737.0,CALL,0.9977256827145193,0.541000023022005,0.15613938513137757,8.93,9.02,8.975,0.010027855153203327
2026-08-04,11,737.0,PUT,0.9977256827145193,-0.4590442800382482,0.1452091160953562,6.61,6.64,6.625,0.004528301886792356
2026-08-04,11,738.0,CALL,0.9990794489054481,0.5215146519234599,0.15479897759712888,8.31,8.35,8.33,0.00480192076830722
2026-08-04,11,738.0,PUT,0.9990794489054481,-0.48041158654341665,0.14410139064308625,6.98,7.01,6.995,0.004288777698355877
2026-08-04,11,739.0,PUT,1.0004332150963768,-0.5022529697163997,0.14131495994417664,7.37,7.4,7.385,0.00406228842247803
2026-08-04,11,739.0,CALL,1.0004332150963768,0.5015334425295508,0.15194640205542037,7.69,7.73,7.710000000000001,0.0051880674448767875
2026-08-04,11,740.0,PUT,1.0017869812873057,-0.5249302140585655,0.13807374195633584,7.77,7.8,7.785,0.0038535645472061977
2026-08-04,11,740.0,CALL,1.0017869812873057,0.48069382979083164,0.14877639862213013,7.1,7.13,7.115,0.004216444132115285
2026-08-04,11,741.0,PUT,1.0031407474782346,-0.548516565908151,0.13541678755457087,8.2,8.23,8.215,0.0036518563603166326
2026-08-04,11,741.0,CALL,1.0031407474782346,0.45905304622425447,0.14591278566027482,6.52,6.55,6.535,0.004590665646518783
2026-08-04,11,742.0,CALL,1.0044945136691632,0.43675044735082136,0.14345132346381673,5.96,5.99,5.975,0.005020920502092092
2026-08-04,11,742.0,PUT,1.0044945136691632,-0.5726737569234217,0.13344446883451036,8.52,8.84,8.68,0.03686635944700464
2026-08-04,11,743.0,CALL,1.005848279860092,0.4140719675662107,0.14158372187349888,5.43,5.46,5.445,0.005509641873278282
2026-08-04,11,743.0,PUT,1.005848279860092,-0.5977226278436938,0.13144668466736312,8.96,9.33,9.145,0.040459267359212604
2026-08-04,11,744.0,CALL,1.007202046051021,0.3911228066117218,0.1401122685209469,4.92,4.95,4.9350000000000005,0.00607902735562315
2026-08-04,11,744.0,PUT,1.007202046051021,-0.6235351695070074,0.12966992330337032,9.47,9.78,9.625,0.032207792207792074
2026-08-04,11,745.0,CALL,1.0085558122419498,0.36807955005507836,0.1386317773711993,4.43,4.46,4.445,0.006749156355455623
2026-08-04,11,745.0,PUT,1.0085558122419498,-0.6489462494451484,0.12702049737858695,9.98,10.34,10.16,0.035433070866141676
2026-08-04,11,746.0,CALL,1.0099095784328784,0.344728003172823,0.13506970829786902,3.97,4.0,3.9850000000000003,0.0075282308657465
2026-08-04,11,746.0,PUT,1.0099095784328784,-0.6752762355998241,0.12355508269421454,10.51,10.9,10.705,0.036431574030826766
2026-08-04,11,747.0,CALL,1.0112633446238073,0.3209802223300088,0.13218561974984702,3.54,3.57,3.5549999999999997,0.00843881856540079
2026-08-04,11,747.0,PUT,1.0112633446238073,-0.7022335316861664,0.1207332479346899,11.1,11.46,11.280000000000001,0.03191489361702138
2026-08-04,11,748.0,PUT,1.0126171108147362,-0.7302080038628154,0.11818679957493639,11.69,12.05,11.870000000000001,0.030328559393428912
2026-08-04,11,748.0,CALL,1.0126171108147362,0.2970123547682912,0.12986470011292106,3.14,3.16,3.1500000000000004,0.006349206349206354
2026-08-04,11,749.0,PUT,1.0139708770056648,-0.7583243712128094,0.11626448916803213,12.31,12.68,12.495000000000001,0.029611844737895094
2026-08-04,11,749.0,CALL,1.0139708770056648,0.2731254469870519,0.12810225083830706,2.76,2.78,2.7699999999999996,0.007220216606498202
2026-08-04,11,750.0,CALL,1.0153246431965937,0.25005469088627486,0.12711086006405764,2.42,2.43,2.425,0.004123711340206281
2026-08-04,11,750.0,PUT,1.0153246431965937,-0.7840431932589496,0.11341985122183383,13.0,13.37,13.184999999999999,0.028062191884717425
2026-08-04,11,751.0,CALL,1.0166784093875225,0.22751749413205072,0.1244736678687464,2.1,2.11,2.105,0.004750593824227927
2026-08-04,11,751.0,PUT,1.0166784093875225,-0.8109686110950749,0.11001386132741656,13.68,14.09,13.885,0.029528267915016216
2026-08-04,11,752.0,PUT,1.0180321755784512,-0.8396047989281202,0.1067612863853434,14.39,14.8,14.595,0.028091812264474145
2026-08-04,11,752.0,CALL,1.0180321755784512,0.20499792654588878,0.12141388220085937,1.8,1.82,1.81,0.011049723756906087
2026-08-04,11,753.0,CALL,1.01938594176938,0.18313560302561205,0.11921858050636283,1.54,1.55,1.545,0.00647249190938512
2026-08-04,11,753.0,PUT,1.01938594176938,-0.8681321392252989,0.104291753001432,15.14,15.55,15.345,0.026718800912349308
2026-08-04,11,754.0,CALL,1.0207397079603089,0.16244349380631723,0.11787823385624666,1.3,1.32,1.31,0.015267175572519097
2026-08-04,11,754.0,PUT,1.0207397079603089,-0.8936885997630181,0.10007015689378199,15.93,16.36,16.145,0.026633632703623396
2026-08-04,11,755.0,CALL,1.0220934741512375,0.14270239893844291,0.11710471913897727,1.09,1.1,1.0950000000000002,0.009132420091324207
2026-08-04,11,756.0,CALL,1.0234472403421664,0.12445211110131012,0.11382477370043487,0.9,0.92,0.91,0.021978021978021997
2026-08-04,11,756.0,PUT,1.0234472403421664,-0.95231215725697,0.09108407185267127,16.54,19.09,17.814999999999998,0.14313780522032002
2026-08-04,11,757.0,CALL,1.0248010065330952,0.10730709428864468,0.11154043596551785,0.74,0.76,0.75,0.02666666666666669
2026-08-04,11,758.0,CALL,1.026154772724024,0.09135564068771962,0.11009942048251534,0.6,0.62,0.61,0.03278688524590167
2026-08-04,11,759.0,CALL,1.0275085389149528,0.07751055604468915,0.1096962877627708,0.49,0.5,0.495,0.02020202020202022
2026-08-04,11,760.0,CALL,1.0288623051058816,0.06490925777966892,0.1072369346239126,0.39,0.4,0.395,0.025316455696202552
2026-08-04,11,761.0,CALL,1.0302160712968103,0.05393520733967317,0.10529794321177581,0.31,0.32,0.315,0.03174603174603177
2026-08-04,11,762.0,CALL,1.0315698374877391,0.04446859353818941,0.10442364003940656,0.24,0.26,0.25,0.08000000000000007
2026-08-04,11,763.0,CALL,1.032923603678668,0.03617446297981639,0.10425178708551315,0.19,0.2,0.195,0.05128205128205133
2026-08-04,11,764.0,CALL,1.0342773698695966,0.029809560646309904,0.10291114000460717,0.15,0.16,0.155,0.06451612903225812
2026-08-04,11,765.0,CALL,1.0356311360605255,0.02468176920350151,0.10194940948463856,0.12,0.13,0.125,0.08000000000000007
2026-08-04,11,766.0,CALL,1.0369849022514543,0.019456778379832573,0.100996122651897,0.09,0.1,0.095,0.10526315789473693
2026-08-04,11,767.0,CALL,1.038338668442383,0.01577762466961327,0.1014151976119925,0.07,0.08,0.07500000000000001,0.13333333333333325
2026-08-04,11,768.0,CALL,1.0396924346333118,0.013771220149887933,0.10319461946429385,0.06,0.07,0.065,0.15384615384615397
2026-08-04,11,769.0,CALL,1.0410462008242407,0.011796557180995565,0.10293565238579161,0.05,0.06,0.055,0.18181818181818174
2026-08-04,11,770.0,CALL,1.0423999670151696,0.009806920657187775,0.10254618166127864,0.04,0.05,0.045,0.22222222222222227
2026-08-04,11,771.0,CALL,1.0437537332060982,0.007802160874661376,0.10215977720438864,0.03,0.04,0.035,0.28571428571428575
2026-08-04,11,772.0,CALL,1.045107499397027,0.007615943225715249,0.10491653917121721,0.03,0.04,0.035,0.28571428571428575
2026-08-04,11,773.0,CALL,1.046461265587956,0.00564826015548282,0.10452281750869777,0.02,0.03,0.025,0.3999999999999999
2026-08-04,11,774.0,CALL,1.0478150317788846,0.005521242081231236,0.1072645446398322,0.02,0.03,0.025,0.3999999999999999
2026-08-04,11,775.0,CALL,1.0491687979698134,0.005400694584751273,0.11000170452234681,0.02,0.03,0.025,0.3999999999999999
2026-08-04,11,776.0,CALL,1.0505225641607423,0.005286133874258967,0.11273438195638243,0.02,0.03,0.025,0.3999999999999999
2026-08-04,11,778.0,CALL,1.0532300965425998,0.003333851559808705,0.11101693184464108,0.01,0.02,0.015,0.6666666666666667
2026-08-04,11,779.0,CALL,1.0545838627335287,0.0032665042348493938,0.11345174229672966,0.01,0.02,0.015,0.6666666666666667
2026-08-04,11,780.0,CALL,1.0559376289244573,0.0032020742906777684,0.11588216446578307,0.01,0.02,0.015,0.6666666666666667
2026-08-04,11,781.0,CALL,1.0572913951153862,0.003140462439789824,0.11830871487213654,0.01,0.02,0.015,0.6666666666666667
2026-08-04,11,782.0,CALL,1.058645161306315,0.0030812335814679776,0.1207301899413128,0.01,0.02,0.015,0.6666666666666667
2026-08-04,11,783.0,CALL,1.0599989274972437,0.003024494233411853,0.12314795062298163,0.01,0.02,0.015,0.6666666666666667
2026-08-04,11,786.0,CALL,1.06406022607003,0.0028672971196249237,0.13037705716242529,0.01,0.02,0.015,0.6666666666666667
2026-08-04,11,788.0,CALL,1.0667677584518878,0.0027721428400036916,0.13517692015885133,0.01,0.02,0.015,0.6666666666666667
2026-08-04,11,795.0,CALL,1.0762441217883894,0.0024879135627543856,0.15185956467242423,0.01,0.02,0.015,0.6666666666666667
2026-08-04,11,800.0,CALL,1.0830129527430332,0.0023215403680618757,0.16366987355266738,0.01,0.02,0.015,0.6666666666666667
2026-08-04,11,805.0,CALL,1.089781783697677,0.00217842140779415,0.17539629604382614,0.0,0.02,0.01,2.0
2026-08-04,11,810.0,CALL,1.0965506146523212,0.002053989920961657,0.18704182186233417,0.0,0.01,0.005,
2026-08-04,11,815.0,CALL,1.103319445606965,0.001944805341544342,0.19860892335528751,0.0,0.01,0.005,
2026-08-04,11,820.0,CALL,1.1100882765616091,0.0018482253263634764,0.21009969795802855,0.0,0.01,0.005,
2026-08-04,11,825.0,CALL,1.116857107516253,0.001762186366119339,0.22151596476150273,0.0,0.01,0.005,
2026-08-04,11,835.0,CALL,1.130394769425541,0.0016155127123069388,0.24413124285475668,0.0,0.01,0.005,
2026-08-04,11,840.0,CALL,1.1371636003801848,0.0015524998996127514,0.2553330264121246,0.0,0.01,0.005,
2026-08-04,11,845.0,CALL,1.143932431334829,0.0014951355808066568,0.26646585627530933,0.0,0.01,0.005,
2026-08-04,11,850.0,CALL,1.1507012622894728,0.0014426983616420985,0.2775308977611394,0.0,0.01,0.005,
2026-08-04,11,855.0,CALL,1.1574700932441166,0.0013945824968232981,0.28852921314101493,0.0,0.01,0.005,
2026-08-05,12,550.0,PUT,0.7445714050108353,-0.001851735377195783,0.5795104688503914,0.04,0.05,0.045,0.22222222222222227
2026-08-05,12,635.0,PUT,0.8596415312397826,-0.009508790204193148,0.3668348460039374,0.16,0.17,0.165,0.060606060606060656
2026-08-05,12,645.0,PUT,0.8731791931490706,-0.01204308828920798,0.3423445578863031,0.19,0.21,0.2,0.09999999999999995
2026-08-05,12,650.0,PUT,0.8799480241037145,-0.013827462260018583,0.32853545434373266,0.22,0.23,0.225,0.04444444444444448
2026-08-05,12,660.0,PUT,0.8934856860130024,-0.01787343987904357,0.30127875920409214,0.27,0.28,0.275,0.03636363636363639
2026-08-05,12,665.0,PUT,0.9002545169676464,-0.02093530087564215,0.29020177126064023,0.31,0.32,0.315,0.03174603174603177
2026-08-05,12,670.0,PUT,0.9070233479222903,-0.02423477566701767,0.2792296163931169,0.35,0.36,0.355,0.028169014084507067
2026-08-05,12,675.0,PUT,0.9137921788769343,-0.028809353261001622,0.270292842253937,0.41,0.42,0.415,0.024096385542168697
2026-08-05,12,680.0,PUT,0.9205610098315782,-0.03432087397918913,0.2561743702896577,0.48,0.49,0.485,0.020618556701030948
2026-08-05,12,685.0,PUT,0.9273298407862222,-0.04123820974868613,0.2433564510220742,0.56,0.58,0.5700000000000001,0.035087719298245446
2026-08-05,12,690.0,CALL,0.9340986717408661,0.9265166088318161,0.2651038072711107,48.24,51.8,50.019999999999996,0.07117153138744493
2026-08-05,12,690.0,PUT,0.9340986717408661,-0.05069814418592977,0.233380974134246,0.68,0.7,0.69,0.02898550724637668
2026-08-05,12,695.0,PUT,0.9408675026955101,-0.06295588356766788,0.2265291113743963,0.84,0.86,0.85,0.023529411764705903
2026-08-05,12,700.0,PUT,0.9476363336501541,-0.07885285415116304,0.21366578447028303,1.05,1.07,1.06,0.018867924528301903
2026-08-05,12,701.0,PUT,0.9489900998410828,-0.08287710398656196,0.2116666057008862,1.11,1.12,1.1150000000000002,0.008968609865470859
2026-08-05,12,702.0,PUT,0.9503438660320116,-0.08697766515871888,0.20967226737899408,1.16,1.18,1.17,0.01709401709401711
2026-08-05,12,703.0,PUT,0.9516976322229405,-0.09115645201981565,0.2076828087504814,1.22,1.23,1.225,0.008163265306122455
2026-08-05,12,704.0,PUT,0.9530513984138692,-0.09564458244887203,0.2059195818137999,1.28,1.29,1.2850000000000001,0.007782101167315181
2026-08-05,12,705.0,PUT,0.9544051646047981,-0.10021073613312559,0.20416016852057628,1.34,1.35,1.3450000000000002,0.007434944237918221
2026-08-05,12,706.0,PUT,0.9557589307957268,-0.10552136773206373,0.20306833708181124,1.41,1.43,1.42,0.014084507042253534
2026-08-05,12,707.0,PUT,0.9571126969866556,-0.11045604957323621,0.2015370243190548,1.48,1.49,1.4849999999999999,0.006734006734006741
2026-08-05,12,708.0,PUT,0.9584664631775844,-0.11589645476456262,0.2004477175576282,1.55,1.57,1.56,0.012820512820512832
2026-08-05,12,709.0,PUT,0.9598202293685132,-0.12161885912712192,0.19956493037615786,1.63,1.65,1.64,0.012195121951219523
2026-08-05,12,710.0,PUT,0.9611739955594419,-0.12764524826942586,0.19772961222541813,1.72,1.73,1.725,0.005797101449275368
2026-08-05,12,710.0,CALL,0.9611739955594419,0.8482389408494263,0.2168148949176962,31.0,31.42,31.21,0.0134572252483179
2026-08-05,12,711.0,PUT,0.9625277617503708,-0.133977515016616,0.19510520112143281,1.81,1.82,1.815,0.005509641873278242
2026-08-05,12,712.0,PUT,0.9638815279412996,-0.1406818546902462,0.19263372031744486,1.9,1.92,1.91,0.010471204188481685
2026-08-05,12,713.0,PUT,0.9652352941322283,-0.1477565057206225,0.1903149119713264,2.0,2.02,2.01,0.009950248756218916
2026-08-05,12,714.0,PUT,0.9665890603231572,-0.15539115237027387,0.18829445379006438,2.11,2.13,2.12,0.009433962264150952
2026-08-05,12,715.0,PUT,0.9679428265140859,-0.1631906812267842,0.18627963747101844,2.22,2.24,2.2300000000000004,0.008968609865470859
2026-08-05,12,716.0,PUT,0.9692965927050148,-0.1715310236614926,0.18456090296790226,2.34,2.36,2.3499999999999996,0.00851063829787235
2026-08-05,12,717.0,PUT,0.9706503588959435,-0.1803890738836877,0.1831367081790239,2.47,2.49,2.4800000000000004,0.008064516129032263
2026-08-05,12,718.0,CALL,0.9720041250868723,0.7905434914122663,0.2005080405372188,23.86,24.34,24.1,0.019917012448132796
2026-08-05,12,718.0,PUT,0.9720041250868723,-0.18955788175487379,0.1818620876654865,2.6,2.63,2.615,0.011472275334607955
2026-08-05,12,719.0,PUT,0.9733578912778011,-0.19903203547597484,0.18073141214977928,2.74,2.77,2.755,0.01088929219600719
2026-08-05,12,720.0,PUT,0.9747116574687299,-0.20896485148751034,0.17988250186919408,2.89,2.92,2.9050000000000002,0.010327022375215078
2026-08-05,12,721.0,PUT,0.9760654236596586,-0.21924399835398956,0.17877835263855218,3.05,3.07,3.0599999999999996,0.006535947712418307
2026-08-05,12,722.0,PUT,0.9774191898505875,-0.22994401166495643,0.1760313691201854,3.21,3.24,3.225,0.009302325581395425
2026-08-05,12,723.0,PUT,0.9787729560415163,-0.24112547039654994,0.17340289804197398,3.38,3.41,3.395,0.008836524300441899
2026-08-05,12,724.0,PUT,0.980126722232445,-0.2530628020285138,0.1711130211623079,3.56,3.6,3.58,0.011173184357541908
2026-08-05,12,725.0,CALL,0.9814804884233739,0.7196497521084647,0.18315528678559675,18.04,18.48,18.259999999999998,0.02409638554216875
2026-08-05,12,725.0,PUT,0.9814804884233739,-0.2654543504877919,0.1689404226388499,3.75,3.79,3.77,0.010610079575596827
2026-08-05,12,726.0,PUT,0.9828342546143026,-0.2784290179727755,0.1669908829625399,3.96,3.98,3.9699999999999998,0.0050377833753148665
2026-08-05,12,726.0,CALL,0.9828342546143026,0.7078926509339312,0.18083603557797484,17.23,17.66,17.445,0.024648896531957565
2026-08-05,12,727.0,PUT,0.9841880208052314,-0.29206455802743797,0.16537532603645483,4.17,4.2,4.1850000000000005,0.007168458781362066
2026-08-05,12,727.0,CALL,0.9841880208052314,0.6951358472594125,0.17929038087573057,16.46,16.87,16.665,0.024602460246024613
2026-08-05,12,728.0,PUT,0.9855417869961602,-0.30619003140865,0.16398249325364933,4.39,4.43,4.41,0.009070294784580506
2026-08-05,12,729.0,PUT,0.986895553187089,-0.3207968022453051,0.16280003854286162,4.63,4.66,4.645,0.006458557588805221
2026-08-05,12,729.0,CALL,0.986895553187089,0.6686193015468085,0.17665061907471774,14.92,15.33,15.125,0.027107438016528936
2026-08-05,12,730.0,PUT,0.9882493193780179,-0.33587048199559705,0.16180278894870104,4.87,4.91,4.890000000000001,0.008179959100204505
2026-08-05,12,731.0,PUT,0.9896030855689466,-0.3515105130703764,0.1595329734041645,5.13,5.17,5.15,0.0077669902912621425
2026-08-05,12,732.0,PUT,0.9909568517598754,-0.3677963045233391,0.15672406700735328,5.4,5.45,5.425000000000001,0.009216589861751117
2026-08-05,12,733.0,PUT,0.9923106179508042,-0.38480680211555907,0.15411505083494187,5.69,5.73,5.710000000000001,0.007005253940455347
2026-08-05,12,734.0,PUT,0.993664384141733,-0.4024805763954759,0.15160482130639974,5.98,6.02,6.0,0.006666666666666525
2026-08-05,12,734.0,CALL,0.993664384141733,0.5929777832983321,0.1636369512440183,11.28,11.67,11.475,0.033986928104575216
2026-08-05,12,735.0,CALL,0.9950181503326617,0.5760330686768002,0.16119906949238874,10.58,10.96,10.77,0.03528319405756739
2026-08-05,12,735.0,PUT,0.9950181503326617,-0.42102758693534836,0.14966718862393322,6.3,6.34,6.32,0.006329113924050638
2026-08-05,12,736.0,PUT,0.9963719165235906,-0.44014396403842204,0.14792197513739402,6.63,6.67,6.65,0.006015037593984967
2026-08-05,12,736.0,CALL,0.9963719165235906,0.5583223632831922,0.15962001022627684,9.92,10.3,10.11,0.03758654797230473
2026-08-05,12,737.0,CALL,0.9977256827145193,0.5403470873218892,0.15757580774770186,9.37,9.48,9.425,0.011671087533156627
2026-08-05,12,737.0,PUT,0.9977256827145193,-0.45986609344067975,0.1464428044035916,6.98,7.01,6.995,0.004288777698355877
2026-08-05,12,738.0,CALL,0.9990794489054481,0.5218525445211964,0.15629199378324124,8.76,8.8,8.780000000000001,0.004555808656036551
2026-08-05,12,738.0,PUT,0.9990794489054481,-0.4801873395253412,0.14528010772594085,7.34,7.38,7.359999999999999,0.005434782608695657
2026-08-05,12,739.0,CALL,1.0004332150963768,0.5029060595135715,0.1534657404125294,8.14,8.17,8.155000000000001,0.003678724708767548
2026-08-05,12,739.0,PUT,1.0004332150963768,-0.500942090560398,0.142510731514201,7.73,7.76,7.745,0.003873466752743623
2026-08-05,12,740.0,PUT,1.0017869812873057,-0.5224205411785897,0.13950232476681926,8.13,8.17,8.15,0.004907975460122595
2026-08-05,12,740.0,CALL,1.0017869812873057,0.4831634121410446,0.15033566145623,7.54,7.57,7.555,0.003970880211780311
2026-08-05,12,741.0,CALL,1.0031407474782346,0.462675954368073,0.14749935706176998,6.95,6.99,6.970000000000001,0.0057388809182209516
2026-08-05,12,741.0,PUT,1.0031407474782346,-0.5447648159078435,0.13686575291131872,8.56,8.59,8.575,0.003498542274052404
2026-08-05,12,742.0,CALL,1.0044945136691632,0.4415678250645465,0.14504858512418625,6.39,6.42,6.404999999999999,0.004683840749414559
2026-08-05,12,742.0,PUT,1.0044945136691632,-0.5677606872467873,0.13469965209461549,8.84,9.21,9.025,0.040997229916897616
2026-08-05,12,743.0,PUT,1.005848279860092,-0.5917957712101523,0.13232848586945936,9.29,9.64,9.465,0.03697834125726376
2026-08-05,12,743.0,CALL,1.005848279860092,0.42003511376487296,0.1430740671814864,5.85,5.88,5.865,0.005115089514066538
2026-08-05,12,744.0,PUT,1.007202046051021,-0.6153495980358117,0.1315010359126467,9.82,10.16,9.99,0.034034034034034016
2026-08-05,12,744.0,CALL,1.007202046051021,0.39820107746439387,0.14147988679637213,5.33,5.36,5.345000000000001,0.005612722170252618
2026-08-05,12,745.0,CALL,1.0085558122419498,0.37631970343188165,0.14035602753706555,4.84,4.86,4.85,0.004123711340206281
2026-08-05,12,745.0,PUT,1.0085558122419498,-0.6404389233440619,0.1288609548435661,10.33,10.62,10.475,0.027684964200477245
2026-08-05,12,746.0,CALL,1.0099095784328784,0.3542099568882533,0.13726455897496578,4.36,4.39,4.375,0.006857142857142711
2026-08-05,12,747.0,CALL,1.0112633446238073,0.3317851519544154,0.13429005970846253,3.92,3.95,3.935,0.007623888182973379
2026-08-05,12,747.0,PUT,1.0112633446238073,-0.69076795372333,0.12243545703955107,11.4,11.75,11.575,0.030237580993520488
2026-08-05,12,748.0,CALL,1.0126171108147362,0.3087935415196457,0.13164652672864618,3.5,3.52,3.51,0.0056980056980057035
2026-08-05,12,748.0,PUT,1.0126171108147362,-0.7169862669719035,0.11992661441289591,11.97,12.35,12.16,0.031249999999999917
2026-08-05,12,749.0,CALL,1.0139708770056648,0.28571349872862367,0.12954057023322285,3.1,3.12,3.1100000000000003,0.0064308681672025775
2026-08-05,12,750.0,CALL,1.0153246431965937,0.26339521431752566,0.12828019436347363,2.74,2.76,2.75,0.0072727272727271175
2026-08-05,12,750.0,PUT,1.0153246431965937,-0.7687304982054975,0.1165136547817893,13.26,13.63,13.445,0.027519523986612195
2026-08-05,12,751.0,CALL,1.0166784093875225,0.24146856151429785,0.12721642433962696,2.4,2.42,2.41,0.008298755186721999
2026-08-05,12,751.0,PUT,1.0166784093875225,-0.7951345847543837,0.11233517333239956,13.9,14.32,14.11,0.029766123316796594
2026-08-05,12,752.0,PUT,1.0180321755784512,-0.8211012118363257,0.10932559154327375,14.61,15.03,14.82,0.028340080971659912
2026-08-05,12,752.0,CALL,1.0180321755784512,0.2200066341200637,0.12387482916060953,2.09,2.11,2.0999999999999996,0.009523809523809533
2026-08-05,12,753.0,CALL,1.01938594176938,0.19869679616384392,0.1212301239914272,1.81,1.82,1.815,0.005509641873278242
2026-08-05,12,753.0,PUT,1.01938594176938,-0.8475369955541898,0.10681811426011105,15.35,15.76,15.555,0.026358084217293486
2026-08-05,12,754.0,PUT,1.0207397079603089,-0.875976122666812,0.10350666049833876,16.11,16.49,16.299999999999997,0.023312883435582764
2026-08-05,12,754.0,CALL,1.0207397079603089,0.17791947863325763,0.11927486217315413,1.55,1.56,1.5550000000000002,0.0064308681672025775
2026-08-05,12,755.0,PUT,1.0220934741512375,-0.9005838891713207,0.09941130917111464,16.9,17.32,17.11,0.024547048509643583
2026-08-05,12,755.0,CALL,1.0220934741512375,0.15838044287065023,0.1181352770612793,1.32,1.33,1.3250000000000002,0.00754716981132076
2026-08-05,12,756.0,CALL,1.0234472403421664,0.13982134001936605,0.11696894423567028,1.11,1.12,1.1150000000000002,0.008968609865470859
2026-08-05,12,757.0,CALL,1.0248010065330952,0.1226263637282985,0.11397794541400699,0.93,0.94,0.935,0.010695187165775291
2026-08-05,12,757.0,PUT,1.0248010065330952,-0.9085104546629736,0.10726252963742132,17.51,20.69,19.1,0.1664921465968586
2026-08-05,12,758.0,PUT,1.026154772724024,-0.935157832427259,0.1027960266198775,18.39,21.45,19.92,0.1536144578313252
2026-08-05,12,758.0,CALL,1.026154772724024,0.10620112769310706,0.1118034807598842,0.77,0.78,0.775,0.012903225806451623
2026-08-05,12,759.0,PUT,1.0275085389149528,-0.9572801260871509,0.09868229190781579,19.28,22.34,20.810000000000002,0.1470446900528591
2026-08-05,12,759.0,CALL,1.0275085389149528,0.09095200822449229,0.11043443957871635,0.63,0.64,0.635,0.015748031496063006
2026-08-05,12,760.0,CALL,1.0288623051058816,0.07773270528764549,0.11005673216539472,0.51,0.53,0.52,0.03846153846153849
2026-08-05,12,761.0,CALL,1.0302160712968103,0.06571824021860333,0.10774123277559942,0.41,0.43,0.42,0.047619047619047665
2026-08-05,12,762.0,CALL,1.0315698374877391,0.055276671244001485,0.10589593839347605,0.33,0.35,0.33999999999999997,0.0588235294117646
2026-08-05,12,763.0,CALL,1.032923603678668,0.04627400601885158,0.10506768049657646,0.27,0.28,0.275,0.03636363636363639
2026-08-05,12,764.0,CALL,1.0342773698695966,0.038382216320804935,0.10491051522339317,0.21,0.23,0.22,0.090909090909091
2026-08-05,12,765.0,CALL,1.0356311360605255,0.03172225601345386,0.10408614295512253,0.17,0.18,0.175,0.05714285714285704
2026-08-05,12,766.0,CALL,1.0369849022514543,0.026884575315967437,0.10317174425385701,0.14,0.15,0.14500000000000002,0.06896551724137917
2026-08-05,12,767.0,CALL,1.038338668442383,0.021960621161391726,0.10226517846987142,0.11,0.12,0.11499999999999999,0.0869565217391304
2026-08-05,12,768.0,CALL,1.0396924346333118,0.018469995431685152,0.10267128596261486,0.09,0.1,0.095,0.10526315789473693
2026-08-05,12,769.0,CALL,1.0410462008242407,0.015006730317547234,0.10307483405396718,0.07,0.08,0.07500000000000001,0.13333333333333325
2026-08-05,12,770.0,CALL,1.0423999670151696,0.013123328782906693,0.10412351745031659,0.06,0.07,0.065,0.15384615384615397
2026-08-05,12,771.0,CALL,1.0437537332060982,0.011244130938651422,0.103756260156712,0.05,0.06,0.055,0.18181818181818174
2026-08-05,12,772.0,CALL,1.045107499397027,0.009351584798471561,0.10339183005255631,0.04,0.05,0.045,0.22222222222222227
2026-08-05,12,773.0,CALL,1.046461265587956,0.008303501808053369,0.10453039459660685,0.03,0.05,0.04,0.5000000000000001
2026-08-05,12,774.0,CALL,1.0478150317788846,0.007277959829899605,0.10566354245027765,0.03,0.04,0.035,0.28571428571428575
2026-08-05,12,775.0,CALL,1.0491687979698134,0.007118568285074223,0.10829208867539915,0.03,0.04,0.035,0.28571428571428575
2026-08-05,12,780.0,CALL,1.0559376289244573,0.004884043013323904,0.11834888622759696,0.02,0.03,0.025,0.3999999999999999
2026-08-05,12,783.0,CALL,1.0599989274972437,0.00302641252183508,0.11784653600741667,0.01,0.02,0.015,0.6666666666666667
2026-08-05,12,785.0,CALL,1.0627064598791014,0.002919399683603524,0.12247093886120505,0.01,0.02,0.015,0.6666666666666667
2026-08-05,12,787.0,CALL,1.065413992260959,0.002820427232447254,0.12707994117246627,0.01,0.02,0.015,0.6666666666666667
2026-08-05,12,790.0,CALL,1.0694752908337453,0.0026851556406040237,0.13396554960307477,0.01,0.02,0.015,0.6666666666666667
2026-08-05,12,791.0,CALL,1.0708290570246741,0.0026432111212946995,0.13625351129712415,0.01,0.02,0.015,0.6666666666666667
2026-08-05,12,792.0,CALL,1.072182823215603,0.00260270399387503,0.13853792648886534,0.01,0.02,0.015,0.6666666666666667
2026-08-05,12,793.0,CALL,1.0735365894065316,0.0025635612204416573,0.14081883591794123,0.01,0.02,0.015,0.6666666666666667
2026-08-05,12,800.0,CALL,1.0830129527430332,0.0023225625291827656,0.15669004373846612,0.01,0.02,0.015,0.6666666666666667
2026-08-05,12,805.0,CALL,1.089781783697677,0.0021793214058718757,0.16792859040068775,0.01,0.02,0.015,0.6666666666666667
2026-08-05,12,820.0,CALL,1.1100882765616091,0.0018489029622908925,0.20118469400435557,0.0,0.02,0.01,2.0
2026-08-05,12,835.0,CALL,1.130394769425541,0.0016160738978927317,0.23379350373341892,0.0,0.01,0.005,
2026-08-05,12,840.0,CALL,1.1371636003801848,0.0015530327652950135,0.24452644398983125,0.0,0.01,0.005,
2026-08-05,12,845.0,CALL,1.143932431334829,0.0014956509651675783,0.25519317875459296,0.0,0.01,0.005,
2026-08-05,12,850.0,CALL,1.1507012622894728,0.001443189105896596,0.26579468385489174,0.0,0.01,0.005,
2026-08-06,13,675.0,PUT,0.9137921788769343,-0.033154124833161804,0.26669318547366666,0.5,0.51,0.505,0.01980198019801982
2026-08-06,13,680.0,PUT,0.9205610098315782,-0.03947337527960789,0.25424910171404874,0.58,0.6,0.59,0.0338983050847458
2026-08-06,13,685.0,PUT,0.9273298407862222,-0.047621821895896414,0.24379839804320966,0.69,0.71,0.7,0.0285714285714286
2026-08-06,13,685.0,CALL,0.9273298407862222,0.9302643092956526,0.2780235348884859,53.33,56.84,55.085,0.06371970590904974
2026-08-06,13,690.0,PUT,0.9340986717408661,-0.05787369682469303,0.23568938921047433,0.83,0.85,0.84,0.023809523809523832
2026-08-06,13,695.0,PUT,0.9408675026955101,-0.07078751444964305,0.22527065319826475,1.01,1.03,1.02,0.01960784313725492
2026-08-06,13,700.0,PUT,0.9476363336501541,-0.08769383800022978,0.21387689664620357,1.25,1.26,1.255,0.00796812749003985
2026-08-06,13,705.0,PUT,0.9544051646047981,-0.11001548388864255,0.20622696726681644,1.57,1.58,1.5750000000000002,0.006349206349206354
2026-08-06,13,710.0,CALL,0.9611739955594419,0.838438283200914,0.2171762343456731,31.32,31.8,31.560000000000002,0.015209125475285183
2026-08-06,13,710.0,PUT,0.9611739955594419,-0.13774823145026777,0.19755415951745942,1.98,1.99,1.9849999999999999,0.0050377833753148665
2026-08-06,13,715.0,PUT,0.9679428265140859,-0.173870184900258,0.18767666517316295,2.52,2.54,2.5300000000000002,0.007905138339920955
2026-08-06,13,720.0,PUT,0.9747116574687299,-0.21856574568463086,0.18171091175867293,3.21,3.24,3.225,0.009302325581395425
2026-08-06,13,725.0,PUT,0.9814804884233739,-0.273955257377695,0.17003855253929495,4.11,4.13,4.12,0.004854368932038731
2026-08-06,13,725.0,CALL,0.9814804884233739,0.7119949891896467,0.18422238785505055,18.45,18.91,18.68,0.024625267665952938
2026-08-06,13,730.0,PUT,0.9882493193780179,-0.34196149116576574,0.163380200574758,5.24,5.28,5.26,0.0076045627376425924
2026-08-06,13,730.0,CALL,0.9882493193780179,0.6494025941158955,0.17572499573190134,14.59,15.04,14.815,0.030374620317245988
2026-08-06,13,735.0,PUT,0.9950181503326617,-0.4235513061996753,0.15101147411037105,6.68,6.71,6.695,0.004480955937266654
2026-08-06,13,735.0,CALL,0.9950181503326617,0.5736290472709689,0.1630958484957255,11.04,11.45,11.245,0.0364606491774122
2026-08-06,13,740.0,PUT,1.0017869812873057,-0.5200705154696339,0.14131536133940092,8.51,8.55,8.530000000000001,0.004689331770222851
2026-08-06,13,740.0,CALL,1.0017869812873057,0.4854461009860267,0.15219710085923313,7.99,8.02,8.004999999999999,0.003747657713928715
2026-08-06,13,745.0,PUT,1.0085558122419498,-0.6325888134001754,0.1309436240004262,10.64,10.96,10.8,0.029629629629629655
2026-08-06,13,745.0,CALL,1.0085558122419498,0.38393299347125365,0.14197672679320927,5.25,5.28,5.265000000000001,0.005698005698005744
2026-08-06,13,750.0,CALL,1.0153246431965937,0.2763117357656993,0.13005944613141018,3.09,3.11,3.0999999999999996,0.0064516129032258125
2026-08-06,13,750.0,PUT,1.0153246431965937,-0.755061888449131,0.11829545414326291,13.48,13.92,13.7,0.03211678832116785
2026-08-06,13,755.0,CALL,1.0220934741512375,0.173713233343131,0.11977872839026556,1.57,1.58,1.5750000000000002,0.006349206349206354
2026-08-06,13,755.0,PUT,1.0220934741512375,-0.8809011436413116,0.10361153111563484,17.08,17.48,17.28,0.02314814814814827
2026-08-06,13,760.0,CALL,1.0288623051058816,0.0918849796761778,0.11148465227766528,0.67,0.68,0.675,0.014814814814814828
2026-08-06,13,765.0,CALL,1.0356311360605255,0.04097688891168831,0.10599595373151971,0.24,0.26,0.25,0.08000000000000007
2026-08-06,13,770.0,CALL,1.0423999670151696,0.0168739680807381,0.10374505603875188,0.08,0.1,0.09,0.22222222222222227
2026-08-06,13,775.0,CALL,1.0491687979698134,0.007946340371315972,0.1054257162905977,0.03,0.05,0.04,0.5000000000000001
2026-08-06,13,785.0,CALL,1.0627064598791014,0.002921143029276857,0.11760759644413234,0.01,0.02,0.015,0.6666666666666667
2026-08-07,14,500.0,CALL,0.6768830954643957,0.9863739484727877,0.9440777665337031,237.58,241.07,239.325,0.014582680455447533
2026-08-07,14,500.0,PUT,0.6768830954643957,-0.0011613546557710382,0.687255450489632,0.03,0.04,0.035,0.28571428571428575
2026-08-07,14,505.0,PUT,0.6836519264190397,-0.0011886858049263084,0.6705003801229965,0.03,0.04,0.035,0.28571428571428575
2026-08-07,14,510.0,PUT,0.6904207573736837,-0.001364137919911746,0.6592364858576951,0.03,0.05,0.04,0.5000000000000001
2026-08-07,14,515.0,PUT,0.6971895883283277,-0.0015455397977172602,0.6480870531503334,0.04,0.05,0.045,0.22222222222222227
2026-08-07,14,515.0,CALL,0.6971895883283277,0.985094750613905,0.8834712259412514,222.64,226.1,224.37,0.015420956455854205
2026-08-07,14,520.0,CALL,0.7039584192829715,0.9837754268670239,0.8726398607958596,217.72,221.16,219.44,0.015676266861100973
2026-08-07,14,520.0,PUT,0.7039584192829715,-0.001583821800462951,0.6317763682374304,0.04,0.05,0.045,0.22222222222222227
2026-08-07,14,525.0,CALL,0.7107272502376155,0.9839965683004518,0.8456866469638701,212.65,216.17,214.41,0.0164171447227274
2026-08-07,14,525.0,PUT,0.7107272502376155,-0.0017767050286671842,0.6208749199859505,0.04,0.06,0.05,0.3999999999999999
2026-08-07,14,530.0,PUT,0.7174960811922595,-0.001976258716282023,0.6100820625356667,0.05,0.06,0.055,0.18181818181818174
2026-08-07,14,530.0,CALL,0.7174960811922595,0.9829282715183203,0.8319174405917434,207.74,211.18,209.46,0.016423183424042764
2026-08-07,14,535.0,CALL,0.7242649121469035,0.9822329009345626,0.81426307660317,202.78,206.19,204.485,0.01667603980732081
2026-08-07,14,535.0,PUT,0.7242649121469035,-0.002027563544131762,0.5941937301489338,0.05,0.06,0.055,0.18181818181818174
2026-08-07,14,540.0,PUT,0.7310337431015475,-0.00224020778508551,0.5836366919090392,0.05,0.07,0.060000000000000005,0.33333333333333337
2026-08-07,14,545.0,PUT,0.7378025740561914,-0.002460376909277442,0.5731829535323587,0.06,0.07,0.065,0.15384615384615397
2026-08-07,14,550.0,PUT,0.7445714050108353,-0.0026883755699912745,0.5628309692506128,0.06,0.08,0.07,0.28571428571428575
2026-08-07,14,550.0,CALL,0.7445714050108353,0.9808405347771806,0.7543761408939006,187.79,191.23,189.51,0.018152076407577426
2026-08-07,14,555.0,PUT,0.7513402359654793,-0.002924525468359154,0.5525792303800078,0.07,0.08,0.07500000000000001,0.13333333333333325
2026-08-07,14,555.0,CALL,0.7513402359654793,0.9809358723390419,0.7295221808776916,182.73,186.24,184.485,0.019025937068054416
2026-08-07,14,560.0,PUT,0.7581090669201233,-0.0031691686344708595,0.5424261750706056,0.07,0.09,0.08,0.24999999999999986
2026-08-07,14,560.0,CALL,0.7581090669201233,0.9803914619980968,0.7103990787717406,177.74,181.25,179.495,0.019554862252430378
2026-08-07,14,565.0,PUT,0.7648778978747672,-0.003423337472594847,0.5319724935265964,0.08,0.09,0.08499999999999999,0.11764705882352937
2026-08-07,14,570.0,PUT,0.7716467288294112,-0.0038545468322044468,0.5190403740797065,0.09,0.1,0.095,0.10526315789473693
2026-08-07,14,575.0,PUT,0.7784155597840551,-0.003969038243854003,0.502571620315569,0.09,0.1,0.095,0.10526315789473693
2026-08-07,14,580.0,PUT,0.7851843907386991,-0.004438910510313554,0.4898892226958827,0.1,0.11,0.10500000000000001,0.09523809523809518
2026-08-07,14,585.0,PUT,0.791953221693343,-0.00493298146084777,0.477321985182078,0.11,0.12,0.11499999999999999,0.0869565217391304
2026-08-07,14,590.0,PUT,0.798722052647987,-0.005452872487421613,0.464868519828525,0.12,0.13,0.125,0.08000000000000007
2026-08-07,14,595.0,PUT,0.805490883602631,-0.006000336760264228,0.45252736980629366,0.13,0.14,0.135,0.07407407407407414
2026-08-07,14,600.0,PUT,0.8122597145572749,-0.00657729905268165,0.440297251824164,0.14,0.15,0.14500000000000002,0.06896551724137917
2026-08-07,14,600.0,CALL,0.8122597145572749,0.9738601889113246,0.5711055857544471,137.87,141.38,139.625,0.025138764547896084
2026-08-07,14,605.0,PUT,0.8190285455119188,-0.007185864179398563,0.4281769274432566,0.15,0.16,0.155,0.06451612903225812
2026-08-07,14,605.0,CALL,0.8190285455119188,0.9735406148474104,0.5496468011281943,132.86,136.36,134.61,0.026001040041601663
2026-08-07,14,610.0,CALL,0.8257973764665628,0.9715953223056758,0.5350908269516429,127.91,131.42,129.665,0.02706975668067706
2026-08-07,14,610.0,PUT,0.8257973764665628,-0.007828337183468965,0.4161652618940343,0.16,0.17,0.165,0.060606060606060656
2026-08-07,14,615.0,CALL,0.8325662074212068,0.9696489866602673,0.5180506732396284,122.99,126.44,124.715,0.027663071803712486
2026-08-07,14,615.0,PUT,0.8325662074212068,-0.008507250578376303,0.4042612019654614,0.17,0.18,0.175,0.05714285714285704
2026-08-07,14,620.0,PUT,0.8393350383758508,-0.00961358027767389,0.3959930007212598,0.19,0.2,0.195,0.05128205128205133
2026-08-07,14,620.0,CALL,0.8393350383758508,0.969746161567086,0.49441322682829375,117.93,121.42,119.67500000000001,0.029162314602047167
2026-08-07,14,625.0,CALL,0.8461038693304948,0.9673366727969461,0.4784333977504556,112.98,116.49,114.735,0.03059223427899064
2026-08-07,14,625.0,PUT,0.8461038693304948,-0.010769128888573265,0.38692904813877504,0.21,0.22,0.215,0.046511627906976785
2026-08-07,14,630.0,CALL,0.8528727002851386,0.9654054387581332,0.4607302382187432,108.02,111.52,109.77,0.03188485014120434
2026-08-07,14,630.0,PUT,0.8528727002851386,-0.011993524917301409,0.3728944041917085,0.23,0.24,0.235,0.042553191489361625
2026-08-07,14,635.0,PUT,0.8596415312397826,-0.013310684147266261,0.3589805126824425,0.25,0.26,0.255,0.03921568627450984
2026-08-07,14,640.0,PUT,0.8664103621944266,-0.014730519755922544,0.34518659634905585,0.27,0.28,0.275,0.03636363636363639
2026-08-07,14,645.0,CALL,0.8731791931490706,0.9600850288382131,0.4048237388403041,93.08,96.57,94.82499999999999,0.036804640126548854
2026-08-07,14,645.0,PUT,0.8731791931490706,-0.016688308821268042,0.3329983270974957,0.3,0.31,0.305,0.03278688524590167
2026-08-07,14,650.0,CALL,0.8799480241037145,0.9569310441463689,0.3891856246594079,88.1,91.66,89.88,0.039608366711170476
2026-08-07,14,650.0,PUT,0.8799480241037145,-0.018790801722219218,0.32091916834322753,0.33,0.34,0.335,0.02985074626865674
2026-08-07,14,655.0,CALL,0.8867168550583584,0.9532308413099109,0.3744119721863366,83.19,86.7,84.945,0.04132085467066932
2026-08-07,14,655.0,PUT,0.8867168550583584,-0.021485664699437374,0.31042480062004746,0.37,0.38,0.375,0.02666666666666669
2026-08-07,14,660.0,PUT,0.8934856860130024,-0.024364257307878747,0.30002855483810326,0.41,0.42,0.415,0.024096385542168697
2026-08-07,14,660.0,CALL,0.8934856860130024,0.9507481511021472,0.3561227190384207,78.21,81.71,79.96,0.04377188594297149
2026-08-07,14,665.0,PUT,0.9002545169676464,-0.027885337501613833,0.2910214317466375,0.46,0.47,0.46499999999999997,0.021505376344085923
2026-08-07,14,665.0,CALL,0.9002545169676464,0.9458389895668029,0.3430696352925358,73.32,76.77,75.04499999999999,0.045972416550070005
2026-08-07,14,670.0,CALL,0.9070233479222903,0.9408643766294578,0.3294102282622671,68.36,71.88,70.12,0.05019965772960633
2026-08-07,14,670.0,PUT,0.9070233479222903,-0.03235393321676919,0.2773243414276116,0.52,0.54,0.53,0.03773584905660381
2026-08-07,14,675.0,CALL,0.9137921788769343,0.9349978125121166,0.3147840318158787,63.45,66.97,65.21000000000001,0.0539794510044471
2026-08-07,14,675.0,PUT,0.9137921788769343,-0.037724386305738135,0.2644791783511436,0.6,0.61,0.605,0.016528925619834725
2026-08-07,14,680.0,CALL,0.9205610098315782,0.9284806959947781,0.29683524237645276,58.52,62.08,60.3,0.0590381426202321
2026-08-07,14,680.0,PUT,0.9205610098315782,-0.044752906651101855,0.25356748315193195,0.7,0.71,0.705,0.014184397163120581
2026-08-07,14,685.0,PUT,0.9273298407862222,-0.05350100645538826,0.24456939627163718,0.82,0.84,0.83,0.024096385542168697
2026-08-07,14,685.0,CALL,0.9273298407862222,0.9198271444303532,0.28070082733414864,53.65,57.21,55.43,0.06422514883637023
2026-08-07,14,686.0,PUT,0.928683606977151,-0.05554448084707963,0.2431410909792238,0.85,0.87,0.86,0.023255813953488393
2026-08-07,14,687.0,PUT,0.9300373731680798,-0.05761244949135341,0.2417149957453579,0.88,0.9,0.89,0.02247191011235957
2026-08-07,14,687.0,CALL,0.9300373731680798,0.9158225307081169,0.27461940428001475,51.71,55.27,53.49,0.06655449616750798
2026-08-07,14,688.0,PUT,0.9313911393590085,-0.05970639880913821,0.24028890710906997,0.91,0.93,0.92,0.021739130434782625
2026-08-07,14,689.0,CALL,0.9327449055499374,0.9113085348177593,0.26897436767933347,49.78,53.34,51.56,0.06904577191621417
2026-08-07,14,689.0,PUT,0.9327449055499374,-0.062044726805062955,0.23920072123509376,0.95,0.96,0.955,0.010471204188481685
2026-08-07,14,690.0,CALL,0.9340986717408661,0.910652334375906,0.26409323295015447,48.98,52.11,50.545,0.061925017311306806
2026-08-07,14,690.0,PUT,0.9340986717408661,-0.06441937178856598,0.2368965965266962,0.98,1.0,0.99,0.02020202020202022
2026-08-07,14,691.0,CALL,0.9354524379317949,0.9062739546294262,0.2637640971243521,47.86,51.42,49.64,0.07171635777598716
2026-08-07,14,691.0,PUT,0.9354524379317949,-0.06703968266102744,0.23437444120195497,1.02,1.04,1.03,0.019417475728155355
2026-08-07,14,692.0,PUT,0.9368062041227238,-0.06971677246998637,0.23185744525300542,1.06,1.08,1.07,0.018691588785046745
2026-08-07,14,693.0,CALL,0.9381599703136525,0.9010403552297584,0.2585745789553101,45.94,49.5,47.72,0.07460184409052813
2026-08-07,14,693.0,PUT,0.9381599703136525,-0.07245221897689835,0.22934572986633778,1.1,1.12,1.11,0.018018018018018032
2026-08-07,14,694.0,PUT,0.9395137365045814,-0.07524779246272653,0.2268393141595012,1.14,1.16,1.15,0.017391304347826105
2026-08-07,14,694.0,CALL,0.9395137365045814,0.8981815741177017,0.2561936518340811,44.98,48.55,46.765,0.07633914252111622
2026-08-07,14,695.0,CALL,0.9408675026955101,0.8925364681078451,0.25731537280319716,44.19,47.6,45.894999999999996,0.07430003268329892
2026-08-07,14,695.0,PUT,0.9408675026955101,-0.07852347549983266,0.22475239327298716,1.19,1.21,1.2,0.016666666666666684
2026-08-07,14,696.0,CALL,0.9422212688864389,0.8886431766691991,0.2561743475311935,43.29,46.65,44.97,0.07471647765176784
2026-08-07,14,696.0,PUT,0.9422212688864389,-0.08186014944980334,0.22267019431569812,1.24,1.26,1.25,0.016000000000000014
2026-08-07,14,697.0,CALL,0.9435750350773677,0.8881608360962823,0.25051862739052794,42.17,45.7,43.935,0.08034596563104589
2026-08-07,14,697.0,PUT,0.9435750350773677,-0.08525933742198383,0.22059275618344992,1.29,1.31,1.3,0.015384615384615398
2026-08-07,14,698.0,PUT,0.9449288012682965,-0.08872260326459223,0.21852011230664647,1.34,1.36,1.35,0.014814814814814828
2026-08-07,14,698.0,CALL,0.9449288012682965,0.8839865195652638,0.24959282620313097,41.27,44.76,43.015,0.08113448796931291
2026-08-07,14,699.0,PUT,0.9462825674592252,-0.09265843740555804,0.21686489056838684,1.4,1.42,1.41,0.014184397163120581
2026-08-07,14,700.0,CALL,0.9476363336501541,0.8779940240988644,0.2444712454646582,39.31,42.88,41.095,0.08687188222411486
2026-08-07,14,700.0,PUT,0.9476363336501541,-0.09665545999611355,0.215212923390635,1.46,1.48,1.47,0.01360544217687076
2026-08-07,14,701.0,CALL,0.9489900998410828,0.8742845464254203,0.24196277446052952,38.37,41.94,40.155,0.08890549122151663
2026-08-07,14,701.0,PUT,0.9489900998410828,-0.10071414311457379,0.21356484692445704,1.52,1.54,1.53,0.013071895424836612
2026-08-07,14,702.0,CALL,0.9503438660320116,0.8701704949039433,0.23887886414350476,37.44,41.01,39.224999999999994,0.09101338432122373
2026-08-07,14,702.0,PUT,0.9503438660320116,-0.1050312961601748,0.21212648520055424,1.58,1.61,1.5950000000000002,0.0188087774294671
2026-08-07,14,703.0,PUT,0.9516976322229405,-0.10960081154034033,0.21089604972025952,1.65,1.68,1.665,0.018018018018018035
2026-08-07,14,704.0,PUT,0.9530513984138692,-0.11441610491481809,0.20987119507412974,1.73,1.75,1.74,0.011494252873563229
2026-08-07,14,704.0,CALL,0.9530513984138692,0.8628493117896642,0.23164110837920976,35.63,39.02,37.325,0.09082384460817147
2026-08-07,14,705.0,CALL,0.9544051646047981,0.8510694846544404,0.23523983858208677,35.08,38.2,36.64,0.08515283842794773
2026-08-07,14,705.0,PUT,0.9544051646047981,-0.11928608385537812,0.20884105092363706,1.8,1.83,1.815,0.016528925619834725
2026-08-07,14,706.0,CALL,0.9557589307957268,0.8532178747281758,0.22606397670979936,33.71,37.26,35.485,0.10004227138227412
2026-08-07,14,706.0,PUT,0.9557589307957268,-0.12443800742187498,0.2077316412618162,1.88,1.91,1.895,0.015831134564643815
2026-08-07,14,707.0,PUT,0.9571126969866556,-0.12980587489880013,0.2051419496390574,1.97,1.99,1.98,0.01010101010101011
2026-08-07,14,708.0,CALL,0.9584664631775844,0.842804107482427,0.22078298239842467,31.89,35.42,33.655,0.1048878324171743
2026-08-07,14,708.0,PUT,0.9584664631775844,-0.135489284765224,0.20269454787328214,2.06,2.08,2.0700000000000003,0.009661835748792277
2026-08-07,14,709.0,CALL,0.9598202293685132,0.8350558964744826,0.2203200853919485,31.05,34.59,32.82,0.10786106032906773
2026-08-07,14,709.0,PUT,0.9598202293685132,-0.14148760881270364,0.20038921395254816,2.15,2.18,2.165,0.01385681293302552
2026-08-07,14,710.0,CALL,0.9611739955594419,0.8247622196853654,0.22229382701587772,30.48,33.67,32.075,0.09945440374123152
2026-08-07,14,710.0,PUT,0.9611739955594419,-0.14779914207969178,0.19822561268235056,2.25,2.28,2.2649999999999997,0.013245033112582696
2026-08-07,14,711.0,PUT,0.9625277617503708,-0.15424924547745034,0.19606762698775018,2.35,2.38,2.365,0.012684989429175392
2026-08-07,14,711.0,CALL,0.9625277617503708,0.8234995353299202,0.21547739404333843,29.22,32.79,31.005,0.11514271891630383
2026-08-07,14,712.0,CALL,0.9638815279412996,0.817038974151623,0.2135376280116063,28.34,31.89,30.115000000000002,0.11788145442470531
2026-08-07,14,712.0,PUT,0.9638815279412996,-0.1611795701901645,0.194186530604645,2.46,2.49,2.475,0.012121212121212222
2026-08-07,14,713.0,CALL,0.9652352941322283,0.810189167435751,0.21187264663815586,27.45,31.02,29.235,0.12211390456644435
2026-08-07,14,713.0,PUT,0.9652352941322283,-0.16841205117519512,0.19244500704037285,2.58,2.6,2.59,0.007722007722007729
2026-08-07,14,714.0,CALL,0.9665890603231572,0.8027031666158941,0.2107510981257929,26.6,30.15,28.375,0.1251101321585902
2026-08-07,14,714.0,PUT,0.9665890603231572,-0.17626231229520875,0.19111278749296073,2.7,2.74,2.72,0.014705882352941188
2026-08-07,14,715.0,CALL,0.9679428265140859,0.7922426634880216,0.2127276151058941,25.99,29.27,27.63,0.11871154542164318
2026-08-07,14,715.0,PUT,0.9679428265140859,-0.1839091216687122,0.18951431377649433,2.82,2.86,2.84,0.014084507042253534
2026-08-07,14,716.0,CALL,0.9692965927050148,0.7842135413366647,0.21214565334001442,25.17,28.41,26.79,0.12094064949608058
2026-08-07,14,716.0,PUT,0.9692965927050148,-0.1921442466600519,0.1883236534479451,2.96,2.99,2.975,0.010084033613445462
2026-08-07,14,717.0,CALL,0.9706503588959435,0.7974572780290016,0.18925193462707582,24.03,26.21,25.12,0.08678343949044584
2026-08-07,14,717.0,PUT,0.9706503588959435,-0.20064334657037836,0.18726520301878158,3.1,3.13,3.115,0.009630818619582602
2026-08-07,14,718.0,CALL,0.9720041250868723,0.7701513855743897,0.20481633330473276,23.31,26.7,25.005,0.13557288542291546
2026-08-07,14,718.0,PUT,0.9720041250868723,-0.20953945527236476,0.18646676135359566,3.25,3.28,3.2649999999999997,0.009188361408882025
2026-08-07,14,719.0,CALL,0.9733578912778011,0.7644081818323217,0.19954283614558743,22.23,25.85,24.04,0.15058236272878542
2026-08-07,14,719.0,PUT,0.9733578912778011,-0.2186101328074166,0.18520924193246446,3.4,3.43,3.415,0.008784773060029356
2026-08-07,14,720.0,PUT,0.9747116574687299,-0.22816968180626993,0.1826526919788079,3.56,3.6,3.58,0.011173184357541908
2026-08-07,14,720.0,CALL,0.9747116574687299,0.764870328828617,0.1887480440005335,21.66,23.95,22.805,0.10041657531243145
2026-08-07,14,721.0,PUT,0.9760654236596586,-0.2379998523503068,0.18010347619127917,3.73,3.76,3.745,0.008010680907877116
2026-08-07,14,721.0,CALL,0.9760654236596586,0.7460720967644657,0.19435057929937774,20.56,24.18,22.369999999999997,0.1618238712561467
2026-08-07,14,722.0,CALL,0.9774191898505875,0.7341049835019673,0.19411364423472113,20.36,22.94,21.65,0.11916859122401857
2026-08-07,14,722.0,PUT,0.9774191898505875,-0.24848502054155425,0.17786871694858333,3.91,3.94,3.925,0.007643312101910779
2026-08-07,14,723.0,CALL,0.9787729560415163,0.7302080775683941,0.18581955323118726,18.95,22.12,20.535,0.15437058680301932
2026-08-07,14,723.0,PUT,0.9787729560415163,-0.25935585441355063,0.17574291575473255,4.09,4.13,4.109999999999999,0.009732360097323612
2026-08-07,14,724.0,CALL,0.980126722232445,0.7133630983888916,0.19007873358079724,18.76,21.31,20.035,0.12727726478662327
2026-08-07,14,724.0,PUT,0.980126722232445,-0.2706142778557686,0.17372333685735986,4.28,4.32,4.300000000000001,0.009302325581395356
2026-08-07,14,725.0,CALL,0.9814804884233739,0.7024346450240504,0.18832430775787912,17.98,20.5,19.240000000000002,0.13097713097713093
2026-08-07,14,725.0,PUT,0.9814804884233739,-0.2823623754129027,0.17191150560352583,4.48,4.52,4.5,0.0088888888888887
2026-08-07,14,726.0,PUT,0.9828342546143026,-0.29466773340457203,0.17041067904345103,4.69,4.74,4.715,0.010604453870625625
2026-08-07,14,726.0,CALL,0.9828342546143026,0.6907915824248726,0.18718443559211995,17.68,19.27,18.475,0.08606224627875506
2026-08-07,14,727.0,PUT,0.9841880208052314,-0.30730121003405203,0.16901140954820804,4.91,4.96,4.9350000000000005,0.010131712259371798
2026-08-07,14,727.0,CALL,0.9841880208052314,0.6792446789802937,0.1857439025822014,16.91,18.48,17.695,0.08872562870867479
2026-08-07,14,728.0,CALL,0.9855417869961602,0.6673723479158088,0.18451032105372914,16.15,17.7,16.924999999999997,0.09158050221565738
2026-08-07,14,728.0,PUT,0.9855417869961602,-0.32035471493792905,0.1678094798553228,5.14,5.19,5.165,0.009680542110358318
2026-08-07,14,729.0,CALL,0.986895553187089,0.6551831170860262,0.1825747100658241,15.4,16.93,16.165,0.09464893287967828
2026-08-07,14,729.0,PUT,0.986895553187089,-0.3338247719538158,0.1667794164213992,5.38,5.43,5.404999999999999,0.009250693802035121
2026-08-07,14,730.0,PUT,0.9882493193780179,-0.3478775595363557,0.1649205646869375,5.64,5.69,5.665,0.008826125330979826
2026-08-07,14,730.0,CALL,0.9882493193780179,0.642164100197794,0.1799157408947376,15.2,15.68,15.44,0.03108808290155443
2026-08-07,14,731.0,CALL,0.9896030855689466,0.6291551233935889,0.1766476744245684,13.94,15.42,14.68,0.10081743869209812
2026-08-07,14,731.0,PUT,0.9896030855689466,-0.3622050460927898,0.1620468835144003,5.9,5.95,5.925000000000001,0.008438818565400814
2026-08-07,14,732.0,PUT,0.9909568517598754,-0.3772935474775376,0.15953559331614559,6.18,6.23,6.205,0.008058017727639115
2026-08-07,14,732.0,CALL,0.9909568517598754,0.6152990553543796,0.17400648728009088,13.22,14.69,13.955,0.10533858831959862
2026-08-07,14,733.0,CALL,0.9923106179508042,0.6009289869267459,0.1715498904746388,12.52,13.96,13.24,0.10876132930513605
2026-08-07,14,733.0,PUT,0.9923106179508042,-0.3929846662366749,0.15720560012167004,6.47,6.52,6.494999999999999,0.007698229407236309
2026-08-07,14,734.0,PUT,0.993664384141733,-0.40921736856127267,0.1549657444515597,6.77,6.81,6.789999999999999,0.005891016200294557
2026-08-07,14,734.0,CALL,0.993664384141733,0.5860313379625076,0.16936500059162338,11.83,13.25,12.54,0.11323763955342903
2026-08-07,14,735.0,CALL,0.9950181503326617,0.5702103044373525,0.16876515099106731,11.76,12.1,11.93,0.028499580888516333
2026-08-07,14,735.0,PUT,0.9950181503326617,-0.42610694569890273,0.15317198757835018,7.09,7.13,7.109999999999999,0.005625879043600568
2026-08-07,14,736.0,CALL,0.9963719165235906,0.554996917418563,0.16528067969254548,10.84,11.47,11.155000000000001,0.05647691618108478
2026-08-07,14,736.0,PUT,0.9963719165235906,-0.4434940542504313,0.15154784420348014,7.42,7.46,7.4399999999999995,0.00537634408602151
2026-08-07,14,737.0,CALL,0.9977256827145193,0.5387296399697411,0.16434113697850092,10.48,10.57,10.525,0.008551068883610437
2026-08-07,14,737.0,PUT,0.9977256827145193,-0.4613715220857454,0.15017381963860496,7.77,7.8,7.785,0.0038535645472061977
2026-08-07,14,738.0,CALL,0.9990794489054481,0.5223032737942092,0.16296928943442415,9.85,9.89,9.870000000000001,0.004052684903748827
2026-08-07,14,738.0,PUT,0.9990794489054481,-0.47978715542864186,0.14907835028070027,8.13,8.17,8.15,0.004907975460122595
2026-08-07,14,739.0,CALL,1.0004332150963768,0.5054832410382317,0.16016866246902225,9.21,9.26,9.235,0.005414185165132533
2026-08-07,14,739.0,PUT,1.0004332150963768,-0.4985235501402605,0.14641344841105738,8.51,8.55,8.530000000000001,0.004689331770222851
2026-08-07,14,740.0,CALL,1.0017869812873057,0.4879971219776195,0.15708665337261501,8.61,8.64,8.625,0.0034782608695653494
2026-08-07,14,740.0,PUT,1.0017869812873057,-0.5178850859571719,0.14336634440319215,8.9,8.94,8.92,0.0044843049327353305
2026-08-07,14,741.0,CALL,1.0031407474782346,0.46988520744135065,0.15427698630754863,8.01,8.05,8.030000000000001,0.004981320049813315
2026-08-07,14,741.0,PUT,1.0031407474782346,-0.537966815188737,0.1408374767426504,9.32,9.36,9.34,0.004282655246252586
2026-08-07,14,742.0,CALL,1.0044945136691632,0.45120916633351876,0.1517383701747698,7.43,7.47,7.449999999999999,0.005369127516778528
2026-08-07,14,742.0,PUT,1.0044945136691632,-0.558729799688097,0.1384866345638551,9.75,9.79,9.77,0.004094165813715368
2026-08-07,14,743.0,PUT,1.005848279860092,-0.5789937531229308,0.13803319573352443,9.92,10.7,10.309999999999999,0.07565470417070799
2026-08-07,14,743.0,CALL,1.005848279860092,0.43213293551098086,0.14964190627522023,6.88,6.91,6.895,0.004350978970268347
2026-08-07,14,744.0,PUT,1.007202046051021,-0.6031042704713772,0.13340134028704423,10.06,11.16,10.61,0.10367577756833174
2026-08-07,14,744.0,CALL,1.007202046051021,0.4127506832980539,0.14789883856763297,6.34,6.38,6.359999999999999,0.006289308176100635
2026-08-07,14,745.0,CALL,1.0085558122419498,0.3931202343537802,0.1464210841558794,5.82,5.86,5.84,0.006849315068493157
2026-08-07,14,745.0,PUT,1.0085558122419498,-0.6241271494218006,0.13343378829159097,11.11,11.26,11.184999999999999,0.013410818059901687
2026-08-07,14,746.0,PUT,1.0099095784328784,-0.6469393961449244,0.13023376285201826,10.4,12.96,11.68,0.21917808219178087
2026-08-07,14,746.0,CALL,1.0099095784328784,0.3735037588564329,0.14537825688822253,5.33,5.36,5.345000000000001,0.005612722170252618
2026-08-07,14,747.0,PUT,1.0112633446238073,-0.6703488627355161,0.12667262399974183,10.94,13.46,12.2,0.20655737704918045
2026-08-07,14,747.0,CALL,1.0112633446238073,0.35363243802593297,0.14203953601737904,4.85,4.89,4.869999999999999,0.008213552361396313
2026-08-07,14,748.0,CALL,1.0126171108147362,0.3332294421890062,0.13899248630619082,4.4,4.43,4.415,0.006795016987542324
2026-08-07,14,748.0,PUT,1.0126171108147362,-0.6935628597416905,0.12418212337050845,11.49,14.06,12.775,0.201174168297456
2026-08-07,14,749.0,PUT,1.0139708770056648,-0.7181836444423557,0.12155439596456394,12.09,14.6,13.344999999999999,0.1880854252529037
2026-08-07,14,749.0,CALL,1.0139708770056648,0.31270003144575537,0.13654389003698356,3.98,4.0,3.99,0.005012531328320806
2026-08-07,14,750.0,PUT,1.0153246431965937,-0.739629207030966,0.12112118565848608,13.94,14.12,14.03,0.012829650748396274
2026-08-07,14,750.0,CALL,1.0153246431965937,0.29201482484379476,0.13449548782225915,3.57,3.6,3.585,0.008368200836820152
2026-08-07,14,751.0,CALL,1.0166784093875225,0.2718411285721571,0.13313355529623744,3.2,3.23,3.215,0.009331259720062149
2026-08-07,14,751.0,PUT,1.0166784093875225,-0.7672560607691433,0.11778982221125346,13.33,15.86,14.594999999999999,0.17334703665638915
2026-08-07,14,752.0,CALL,1.0180321755784512,0.25161296877970873,0.13197131036280116,2.84,2.87,2.855,0.010507880910683099
2026-08-07,14,752.0,PUT,1.0180321755784512,-0.8069452025254121,0.10711354962783852,14.0,15.99,14.995000000000001,0.13271090363454485
2026-08-07,14,753.0,CALL,1.01938594176938,0.23203419331934538,0.12958496843490086,2.51,2.54,2.525,0.01188118811881198
2026-08-07,14,753.0,PUT,1.01938594176938,-0.8150859638493223,0.11114534015487003,14.67,17.27,15.969999999999999,0.1628052598622417
2026-08-07,14,754.0,PUT,1.0207397079603089,-0.8392899080207665,0.10873039185223526,15.4,18.0,16.7,0.155688622754491
2026-08-07,14,754.0,CALL,1.0207397079603089,0.21275803025590306,0.1267555834833275,2.21,2.24,2.225,0.013483146067415842
2026-08-07,14,755.0,PUT,1.0220934741512375,-0.8660881077002144,0.10599172807492832,16.16,18.7,17.43,0.14572576018359146
2026-08-07,14,755.0,CALL,1.0220934741512375,0.19359342709532223,0.12444248395964663,1.93,1.96,1.9449999999999998,0.01542416452442161
2026-08-07,14,756.0,PUT,1.0234472403421664,-0.8906486461435801,0.10180010991073678,16.91,19.51,18.21,0.14277869302581006
2026-08-07,14,756.0,CALL,1.0234472403421664,0.17505468458348364,0.12276437646902864,1.68,1.7,1.69,0.011834319526627229
2026-08-07,14,757.0,PUT,1.0248010065330952,-0.9063996120394976,0.10110094570228066,18.87,19.33,19.1,0.02408376963350771
2026-08-07,14,757.0,CALL,1.0248010065330952,0.15745444687284668,0.12171466765132424,1.45,1.47,1.46,0.013698630136986314
2026-08-07,14,758.0,PUT,1.026154772724024,-0.9333289128223998,0.09688637880216502,19.7,20.14,19.92,0.02208835341365468
2026-08-07,14,758.0,CALL,1.026154772724024,0.14138561266580502,0.12100958516370253,1.25,1.27,1.26,0.015873015873015886
2026-08-07,14,759.0,CALL,1.0275085389149528,0.12537423232957043,0.1178791519074261,1.06,1.08,1.07,0.018691588785046745
2026-08-07,14,759.0,PUT,1.0275085389149528,-0.9566178299311201,0.0934044480158747,19.03,22.58,20.805,0.17063205960105732
2026-08-07,14,760.0,CALL,1.0288623051058816,0.11072906233355233,0.11587145663244022,0.9,0.92,0.91,0.021978021978021997
2026-08-07,14,761.0,CALL,1.0302160712968103,0.09715990292654424,0.11460748323419923,0.76,0.78,0.77,0.025974025974025997
2026-08-07,14,762.0,CALL,1.0315698374877391,0.08454846024083121,0.11389683899823647,0.64,0.65,0.645,0.015503875968992262
2026-08-07,14,763.0,CALL,1.032923603678668,0.07352372105364437,0.1134654584190064,0.53,0.55,0.54,0.03703703703703707
2026-08-07,14,764.0,CALL,1.0342773698695966,0.06352618195158263,0.11113050875749304,0.44,0.46,0.45,0.04444444444444448
2026-08-07,14,765.0,CALL,1.0356311360605255,0.05412531607531478,0.1094342363327613,0.36,0.38,0.37,0.054054054054054106
2026-08-07,14,766.0,CALL,1.0369849022514543,0.046051077785018595,0.10867470059152624,0.3,0.31,0.305,0.03278688524590167
2026-08-07,14,767.0,CALL,1.038338668442383,0.03953760732953331,0.1088401868288132,0.25,0.26,0.255,0.03921568627450984
2026-08-07,14,768.0,CALL,1.0396924346333118,0.033608330937721,0.10881684324231156,0.2,0.22,0.21000000000000002,0.09523809523809518
2026-08-07,14,769.0,CALL,1.0410462008242407,0.028734153066443998,0.10736397544179303,0.17,0.18,0.175,0.05714285714285704
2026-08-07,14,770.0,CALL,1.0423999670151696,0.024367840103369044,0.1065287770291546,0.14,0.15,0.14500000000000002,0.06896551724137917
2026-08-07,14,771.0,CALL,1.0437537332060982,0.019932869567300632,0.10570033020010325,0.11,0.12,0.11499999999999999,0.0869565217391304
2026-08-07,14,772.0,CALL,1.045107499397027,0.01681025030519977,0.10607840788291072,0.09,0.1,0.095,0.10526315789473693
2026-08-07,14,773.0,CALL,1.046461265587956,0.015090448834034164,0.1076532435542716,0.08,0.09,0.08499999999999999,0.11764705882352937
2026-08-07,14,774.0,CALL,1.0478150317788846,0.01341835416186883,0.10878133647005458,0.07,0.08,0.07500000000000001,0.13333333333333325
2026-08-07,14,775.0,CALL,1.0491687979698134,0.011753095806837057,0.1084432888087408,0.06,0.07,0.065,0.15384615384615397
2026-08-07,14,776.0,CALL,1.0505225641607423,0.010077410265980562,0.10810764814928699,0.05,0.06,0.055,0.18181818181818174
2026-08-07,14,777.0,CALL,1.051876330351671,0.008391312350469544,0.10777440617273892,0.04,0.05,0.045,0.22222222222222227
2026-08-07,14,778.0,CALL,1.0532300965425998,0.007468338512685567,0.10882230898580711,0.03,0.05,0.04,0.5000000000000001
2026-08-07,14,779.0,CALL,1.0545838627335287,0.006562904423597073,0.10986557380744297,0.03,0.04,0.035,0.28571428571428575
2026-08-07,14,780.0,CALL,1.0559376289244573,0.006436832981507834,0.11228345759458759,0.03,0.04,0.035,0.28571428571428575
2026-08-07,14,781.0,CALL,1.0572913951153862,0.005568360661294927,0.11331623451596645,0.02,0.04,0.03,0.6666666666666667
2026-08-07,14,782.0,CALL,1.058645161306315,0.0047154004327042065,0.11434466339171218,0.02,0.03,0.025,0.3999999999999999
2026-08-07,14,783.0,CALL,1.0599989274972437,0.0046321586286549015,0.1165059831055969,0.02,0.03,0.025,0.3999999999999999
2026-08-07,14,784.0,CALL,1.0613526936881725,0.004552020698778655,0.11866238495696262,0.02,0.03,0.025,0.3999999999999999
2026-08-07,14,785.0,CALL,1.0627064598791014,0.00447486047915875,0.1208146033527003,0.02,0.03,0.025,0.3999999999999999
2026-08-07,14,790.0,CALL,1.0694752908337453,0.002687988953830042,0.12393335136302087,0.01,0.02,0.015,0.6666666666666667
2026-08-07,14,795.0,CALL,1.0762441217883894,0.0024914798407598394,0.1345142577507995,0.01,0.02,0.015,0.6666666666666667
2026-08-07,14,800.0,CALL,1.0830129527430332,0.002324614278038117,0.14501450333205454,0.01,0.02,0.015,0.6666666666666667
2026-08-07,14,805.0,CALL,1.089781783697677,0.0021811301314383766,0.15543796847431854,0.01,0.02,0.015,0.6666666666666667
2026-08-07,14,810.0,CALL,1.0965506146523212,0.002056420734819226,0.1657877383929934,0.01,0.02,0.015,0.6666666666666667
2026-08-07,14,815.0,CALL,1.103319445606965,0.001947019746249796,0.1760663377958958,0.0,0.02,0.01,2.0
2026-08-07,14,820.0,CALL,1.1100882765616091,0.001850267688524611,0.18627588557924604,0.0,0.01,0.005,
2026-08-07,14,825.0,CALL,1.116857107516253,0.0017641291559429488,0.19641850241901251,0.0,0.02,0.01,2.0
2026-08-07,14,830.0,CALL,1.1236259384708969,0.0016868413366099954,0.20649487057815358,0.0,0.02,0.01,2.0
2026-08-07,14,835.0,CALL,1.130394769425541,0.0016172049399774558,0.21650731303569754,0.0,0.02,0.01,2.0
2026-08-07,14,840.0,CALL,1.1371636003801848,0.001554109242960532,0.22645680059531417,0.0,0.01,0.005,
2026-08-07,14,845.0,CALL,1.143932431334829,0.001496686582474231,0.23634459529664278,0.0,0.01,0.005,
2026-08-07,14,850.0,CALL,1.1507012622894728,0.001444178039925571,0.24617148957052168,0.0,0.01,0.005,
2026-08-07,14,855.0,CALL,1.1574700932441166,0.0013960108695869906,0.25593880410405034,0.0,0.01,0.005,
2026-08-07,14,860.0,CALL,1.1642389241987607,0.0013516516634885345,0.26564727590196396,0.0,0.01,0.005,
2026-08-07,14,865.0,CALL,1.1710077551534046,0.001310637968401998,0.27478832093994643,0.0,0.01,0.005,
2026-08-07,14,870.0,CALL,1.1777765861080487,0.0012723932431226777,0.28339438248086946,0.0,0.01,0.005,
2026-08-07,14,875.0,CALL,1.1845454170626926,0.0012366138345323175,0.2919473884509602,0.0,0.01,0.005,
2026-08-07,14,880.0,CALL,1.1913142480173364,0.0012030674723078317,0.30044830283260493,0.0,0.01,0.005,
2026-08-07,14,885.0,CALL,1.1980830789719805,0.00117155032119432,0.30889803075867345,0.0,0.01,0.005,
2026-08-07,14,890.0,CALL,1.2048519099266244,0.0011418827395151068,0.31729742592128646,0.0,0.01,0.005,
2026-08-07,14,895.0,CALL,1.2116207408812685,0.0011139057779499303,0.3256472968292913,0.0,0.01,0.005,
2026-08-07,14,900.0,CALL,1.2183895718359123,0.001087478271567767,0.3339484119738252,0.0,0.01,0.005,
2026-08-14,21,500.0,CALL,0.6768830954643957,0.9822604147403442,0.8109679964547241,238.03,241.52,239.775,0.01455531227192163
2026-08-14,21,500.0,PUT,0.6768830954643957,-0.0024669463973965577,0.606712187379422,0.08,0.09,0.08499999999999999,0.11764705882352937
2026-08-14,21,505.0,PUT,0.6836519264190397,-0.002524117682852392,0.5928177530745317,0.08,0.09,0.08499999999999999,0.11764705882352937
2026-08-14,21,510.0,PUT,0.6904207573736837,-0.0028317451359304306,0.587827883925784,0.09,0.1,0.095,0.10526315789473693
2026-08-14,21,515.0,PUT,0.6971895883283277,-0.003022482120557703,0.5785332123045843,0.09,0.11,0.1,0.20000000000000004
2026-08-14,21,520.0,PUT,0.7039584192829715,-0.003219269518106668,0.5693135940270692,0.1,0.11,0.10500000000000001,0.09523809523809518
2026-08-14,21,520.0,CALL,0.7039584192829715,0.9801484692482693,0.7453601166553444,218.11,221.6,219.85500000000002,0.015874098837870325
2026-08-14,21,525.0,PUT,0.7107272502376155,-0.0035490576728999966,0.5579769739546288,0.11,0.12,0.11499999999999999,0.0869565217391304
2026-08-14,21,530.0,PUT,0.7174960811922595,-0.003891902793456489,0.5464521782765602,0.12,0.13,0.125,0.08000000000000007
2026-08-14,21,535.0,PUT,0.7242649121469035,-0.004119806019629707,0.533483784375275,0.12,0.14,0.13,0.15384615384615397
2026-08-14,21,540.0,PUT,0.7310337431015475,-0.004489927312926641,0.5221901154552463,0.13,0.15,0.14,0.14285714285714277
2026-08-14,21,545.0,PUT,0.7378025740561914,-0.004875696112301539,0.5110059602711656,0.14,0.16,0.15000000000000002,0.13333333333333325
2026-08-14,21,550.0,PUT,0.7445714050108353,-0.005277926398912692,0.4999296684626154,0.15,0.17,0.16,0.1250000000000001
2026-08-14,21,555.0,PUT,0.7513402359654793,-0.005697489368866432,0.4889596533991506,0.16,0.18,0.16999999999999998,0.11764705882352937
2026-08-14,21,560.0,PUT,0.7581090669201233,-0.0059961594427001596,0.4765704271678797,0.17,0.18,0.175,0.05714285714285704
2026-08-14,21,565.0,PUT,0.7648778978747672,-0.006732514283134848,0.4688497943380279,0.19,0.2,0.195,0.05128205128205133
2026-08-14,21,570.0,PUT,0.7716467288294112,-0.0073527823318936545,0.4596943799126202,0.2,0.22,0.21000000000000002,0.09523809523809518
2026-08-14,21,575.0,PUT,0.7784155597840551,-0.007997182374174534,0.4506270119774095,0.22,0.23,0.225,0.04444444444444448
2026-08-14,21,580.0,PUT,0.7851843907386991,-0.008524259894441649,0.4401484482720454,0.23,0.24,0.235,0.042553191489361625
2026-08-14,21,580.0,CALL,0.7851843907386991,0.9709537524215347,0.5581751048763904,158.38,161.87,160.125,0.021795472287275623
2026-08-14,21,585.0,PUT,0.791953221693343,-0.009363001322601002,0.4327514399349988,0.25,0.26,0.255,0.03921568627450984
2026-08-14,21,590.0,CALL,0.798722052647987,0.9686756847915671,0.5254556130622274,148.43,151.93,150.18,0.023305366893061657
2026-08-14,21,590.0,PUT,0.798722052647987,-0.010233041017664118,0.4252809579177711,0.27,0.28,0.275,0.03636363636363639
2026-08-14,21,595.0,PUT,0.805490883602631,-0.01113999277786978,0.41302740287715844,0.29,0.3,0.295,0.0338983050847458
2026-08-14,21,600.0,PUT,0.8122597145572749,-0.012100221439098583,0.400883996475604,0.31,0.32,0.315,0.03174603174603177
2026-08-14,21,600.0,CALL,0.8122597145572749,0.9658402451700383,0.4942471015654711,138.51,141.99,140.25,0.02481283422459906
2026-08-14,21,605.0,PUT,0.8190285455119188,-0.013117832326309082,0.3888490136392174,0.33,0.34,0.335,0.02985074626865674
2026-08-14,21,610.0,PUT,0.8257973764665628,-0.014506127164322976,0.3781760848304668,0.36,0.37,0.365,0.02739726027397263
2026-08-14,21,615.0,CALL,0.8325662074212068,0.9608189348471319,0.4487573402932689,123.61,127.11,125.36,0.02791959157626037
2026-08-14,21,615.0,PUT,0.8325662074212068,-0.015816279321777118,0.3669756742055935,0.38,0.4,0.39,0.05128205128205133
2026-08-14,21,620.0,PUT,0.8393350383758508,-0.01736427535296674,0.35649924496128554,0.41,0.43,0.42,0.047619047619047665
2026-08-14,21,625.0,PUT,0.8461038693304948,-0.019162666968038363,0.3467392724755109,0.45,0.46,0.455,0.021978021978021997
2026-08-14,21,630.0,CALL,0.8528727002851386,0.9542261896180257,0.40596919722636376,108.75,112.24,110.495,0.031585139599076835
2026-08-14,21,630.0,PUT,0.8528727002851386,-0.02090004354107332,0.336452116747462,0.48,0.49,0.485,0.020618556701030948
2026-08-14,21,635.0,PUT,0.8596415312397826,-0.02323045386311858,0.3281068285892002,0.52,0.54,0.53,0.03773584905660381
2026-08-14,21,640.0,PUT,0.8664103621944266,-0.025679424740941335,0.31983760185228194,0.57,0.58,0.575,0.017391304347826105
2026-08-14,21,645.0,PUT,0.8731791931490706,-0.028598324982334142,0.3100951402808676,0.62,0.64,0.63,0.03174603174603177
2026-08-14,21,645.0,CALL,0.8731791931490706,0.9452899696657332,0.3667084155734135,93.92,97.42,95.67,0.03658409114664994
2026-08-14,21,650.0,PUT,0.8799480241037145,-0.03189383566611067,0.2981720896976546,0.68,0.7,0.69,0.02898550724637668
2026-08-14,21,650.0,CALL,0.8799480241037145,0.9413961337875965,0.35515842060414843,89.0,92.5,90.75,0.03856749311294766
2026-08-14,21,655.0,PUT,0.8867168550583584,-0.03579380742783971,0.28696399962180763,0.75,0.77,0.76,0.026315789473684233
2026-08-14,21,660.0,CALL,0.8934856860130024,0.932024680734186,0.3277563709451353,79.16,82.72,80.94,0.043983197430195235
2026-08-14,21,660.0,PUT,0.8934856860130024,-0.040513074194728306,0.27676754013395816,0.84,0.85,0.845,0.011834319526627229
2026-08-14,21,665.0,PUT,0.9002545169676464,-0.04609462712119455,0.26757308513446126,0.94,0.95,0.945,0.010582010582010592
2026-08-14,21,665.0,CALL,0.9002545169676464,0.9263304750093653,0.313251836238929,74.27,77.83,76.05,0.04681130834976992
2026-08-14,21,670.0,PUT,0.9070233479222903,-0.0527361217281718,0.25966985589099173,1.06,1.07,1.065,0.009389671361502356
2026-08-14,21,670.0,CALL,0.9070233479222903,0.9196051957732876,0.2995640159634065,69.4,72.96,71.18,0.050014048890137504
2026-08-14,21,675.0,PUT,0.9137921788769343,-0.060616997840718057,0.2533048094008625,1.2,1.22,1.21,0.016528925619834725
2026-08-14,21,675.0,CALL,0.9137921788769343,0.9115025810967394,0.28702976083784065,64.56,68.12,66.34,0.05366294844739225
2026-08-14,21,680.0,PUT,0.9205610098315782,-0.07005154366589127,0.24250751772280527,1.38,1.39,1.3849999999999998,0.007220216606498202
2026-08-14,21,680.0,CALL,0.9205610098315782,0.9019302842277925,0.27563907954339184,59.75,63.31,61.53,0.05785795546887701
2026-08-14,21,685.0,PUT,0.9273298407862222,-0.08167318090206505,0.23257188979670787,1.59,1.61,1.6,0.012500000000000011
2026-08-14,21,685.0,CALL,0.9273298407862222,0.8908165355332233,0.2653815163745325,54.97,58.53,56.75,0.06273127753303968
2026-08-14,21,690.0,CALL,0.9340986717408661,0.8593724301062518,0.27542305712265164,51.89,53.8,52.845,0.036143438357460436
2026-08-14,21,690.0,PUT,0.9340986717408661,-0.095737819005893,0.22427808401295712,1.85,1.87,1.86,0.01075268817204302
2026-08-14,21,691.0,PUT,0.9354524379317949,-0.09892406315496864,0.2229033185624626,1.91,1.93,1.92,0.010416666666666676
2026-08-14,21,691.0,CALL,0.9354524379317949,0.8746249392240755,0.2541167384203719,49.3,52.87,51.084999999999994,0.06988352745424294
2026-08-14,21,692.0,PUT,0.9368062041227238,-0.10214937120813318,0.22153190437557244,1.97,1.99,1.98,0.01010101010101011
2026-08-14,21,692.0,CALL,0.9368062041227238,0.8716648163229942,0.25130629694369244,48.36,51.93,50.144999999999996,0.0711935387376608
2026-08-14,21,693.0,CALL,0.9381599703136525,0.8685197844441138,0.2486141303050337,47.43,50.99,49.21,0.0723430197114408
2026-08-14,21,693.0,PUT,0.9381599703136525,-0.10541587358537302,0.2201624185938104,2.03,2.05,2.04,0.00980392156862746
2026-08-14,21,694.0,PUT,0.9395137365045814,-0.10902639755781565,0.219134251740907,2.1,2.12,2.1100000000000003,0.009478672985781998
2026-08-14,21,694.0,CALL,0.9395137365045814,0.8651881917765426,0.24603993937262597,46.5,50.06,48.28,0.07373653686826848
2026-08-14,21,695.0,PUT,0.9408675026955101,-0.11252239517045723,0.21793886812943247,2.16,2.19,2.175,0.013793103448275773
2026-08-14,21,695.0,CALL,0.9408675026955101,0.8567936834858895,0.2483066687393363,46.11,49.02,47.565,0.06117943866288245
2026-08-14,21,696.0,PUT,0.9422212688864389,-0.11635690602554877,0.2170767797830572,2.24,2.26,2.25,0.0088888888888887
2026-08-14,21,696.0,CALL,0.9422212688864389,0.8408561333024746,0.25875233877512754,46.26,48.17,47.215,0.04045324579053274
2026-08-14,21,697.0,PUT,0.9435750350773677,-0.12024010384039767,0.2161890686906588,2.31,2.34,2.325,0.012903225806451528
2026-08-14,21,697.0,CALL,0.9435750350773677,0.8545327115853624,0.2385743699762948,43.72,47.28,45.5,0.07824175824175829
2026-08-14,21,698.0,CALL,0.9449288012682965,0.8327126970279043,0.2548430692727668,44.46,46.36,45.41,0.04184100418410039
2026-08-14,21,698.0,PUT,0.9449288012682965,-0.12418320110423252,0.21442134936558424,2.39,2.41,2.4000000000000004,0.00833333333333334
2026-08-14,21,699.0,PUT,0.9462825674592252,-0.12830165329004384,0.21216340283392113,2.47,2.49,2.4800000000000004,0.008064516129032263
2026-08-14,21,699.0,CALL,0.9462825674592252,0.8445560258809477,0.23605271859708554,42.06,45.45,43.755,0.07747685978745288
2026-08-14,21,700.0,CALL,0.9476363336501541,0.8425064934595133,0.2318286389618858,40.97,44.53,42.75,0.08327485380116964
2026-08-14,21,700.0,PUT,0.9476363336501541,-0.13264932004437735,0.2100232865679165,2.55,2.58,2.565,0.011695906432748635
2026-08-14,21,701.0,PUT,0.9489900998410828,-0.13722607834785774,0.20800073879780068,2.64,2.67,2.6550000000000002,0.011299435028248513
2026-08-14,21,702.0,CALL,0.9503438660320116,0.8333436842137045,0.22810196562764543,39.18,42.72,40.95,0.08644688644688642
2026-08-14,21,702.0,PUT,0.9503438660320116,-0.14189215445467301,0.20598312412515637,2.73,2.76,2.745,0.010928961748633809
2026-08-14,21,703.0,PUT,0.9516976322229405,-0.14678751853864586,0.20408273832105892,2.83,2.85,2.84,0.007042253521126767
2026-08-14,21,703.0,CALL,0.9516976322229405,0.8260050287871324,0.22892514580349188,38.57,41.77,40.17,0.07966143888473992
2026-08-14,21,704.0,PUT,0.9530513984138692,-0.1517744760126789,0.20218708182965855,2.92,2.95,2.935,0.010221465076661072
2026-08-14,21,704.0,CALL,0.9530513984138692,0.8213761681167138,0.22695854648222108,37.67,40.86,39.265,0.08124283713230607
2026-08-14,21,705.0,PUT,0.9544051646047981,-0.15712636186164358,0.2005191683353182,3.03,3.05,3.04,0.006578947368421058
2026-08-14,21,705.0,CALL,0.9544051646047981,0.81773623260123,0.22388229804049414,36.76,39.86,38.31,0.08091882015139654
2026-08-14,21,706.0,PUT,0.9557589307957268,-0.16270138586091562,0.19896686154429147,3.14,3.16,3.1500000000000004,0.006349206349206354
2026-08-14,21,706.0,CALL,0.9557589307957268,0.8091861948444516,0.22593235739921128,37.37,37.8,37.584999999999994,0.011440734335506181
2026-08-14,21,707.0,PUT,0.9571126969866556,-0.16823296646565938,0.19730701742048037,3.24,3.27,3.255,0.009216589861751093
2026-08-14,21,707.0,CALL,0.9571126969866556,0.7928737205351934,0.23740795877383225,36.41,38.16,37.285,0.04693576505297037
2026-08-14,21,708.0,PUT,0.9584664631775844,-0.17424197704636632,0.19598641609256673,3.36,3.39,3.375,0.008888888888888962
2026-08-14,21,708.0,CALL,0.9584664631775844,0.8125752547266273,0.20824147657971315,33.79,36.52,35.155,0.0776560944389135
2026-08-14,21,709.0,PUT,0.9598202293685132,-0.18033205308271663,0.19466945946894476,3.48,3.51,3.495,0.008583690987124408
2026-08-14,21,710.0,CALL,0.9611739955594419,0.7764530789619154,0.23122468348726294,33.81,35.55,34.68,0.05017301038062269
2026-08-14,21,710.0,PUT,0.9611739955594419,-0.18663298460783417,0.19346432594467974,3.61,3.63,3.62,0.005524861878453044
2026-08-14,21,711.0,PUT,0.9625277617503708,-0.19325923160172861,0.19248133541457116,3.74,3.77,3.755,0.007989347536617791
2026-08-14,21,712.0,CALL,0.9638815279412996,0.7915915694424622,0.20010124350463693,30.61,32.42,31.515,0.0574329684277329
2026-08-14,21,712.0,PUT,0.9638815279412996,-0.19983984249446587,0.19138767211119576,3.87,3.9,3.885,0.007722007722007672
2026-08-14,21,713.0,CALL,0.9652352941322283,0.7694635033758314,0.21259806004830092,31.25,31.67,31.46,0.013350286077558858
2026-08-14,21,713.0,PUT,0.9652352941322283,-0.20685483968359294,0.19061631749440777,4.02,4.04,4.029999999999999,0.004962779156327659
2026-08-14,21,714.0,CALL,0.9665890603231572,0.7658999490478963,0.20731165897727535,28.71,32.17,30.44,0.11366622864651776
2026-08-14,21,714.0,PUT,0.9665890603231572,-0.21401591111557078,0.18973369522592687,4.16,4.19,4.175000000000001,0.007185628742515028
2026-08-14,21,715.0,CALL,0.9679428265140859,0.7571993804619686,0.2066730755988823,28.07,31.32,29.695,0.10944603468597407
2026-08-14,21,715.0,PUT,0.9679428265140859,-0.22130247091265703,0.18746689339129496,4.31,4.34,4.324999999999999,0.006936416184971157
2026-08-14,21,716.0,PUT,0.9692965927050148,-0.2288550900217392,0.1852014697855108,4.47,4.49,4.48,0.004464285714285817
2026-08-14,21,716.0,CALL,0.9692965927050148,0.7525985876707421,0.20199509824827871,26.94,30.48,28.71,0.12330198537095086
2026-08-14,21,717.0,CALL,0.9706503588959435,0.7457717512514529,0.19926280553360723,26.04,29.64,27.84,0.12931034482758627
2026-08-14,21,717.0,PUT,0.9706503588959435,-0.23679966951248937,0.18311117321417913,4.63,4.66,4.645,0.006458557588805221
2026-08-14,21,718.0,PUT,0.9720041250868723,-0.24502880492247486,0.18111085175361114,4.8,4.83,4.8149999999999995,0.006230529595015628
2026-08-14,21,718.0,CALL,0.9720041250868723,0.7349244647923137,0.2004023362506835,25.59,28.81,27.2,0.11838235294117644
2026-08-14,21,719.0,PUT,0.9733578912778011,-0.2534475256519151,0.17911407082882735,4.97,5.0,4.984999999999999,0.006018054162487513
2026-08-14,21,719.0,CALL,0.9733578912778011,0.7189906440373219,0.20740486162632607,26.2,27.62,26.91,0.05276848755109631
2026-08-14,21,720.0,CALL,0.9747116574687299,0.7239764057321756,0.19127641437395212,23.7,26.78,25.240000000000002,0.12202852614896995
2026-08-14,21,720.0,PUT,0.9747116574687299,-0.2624363631727006,0.1774581489912864,5.16,5.19,5.175000000000001,0.005797101449275409
2026-08-14,21,721.0,PUT,0.9760654236596586,-0.27159336162700726,0.17580741109839987,5.35,5.38,5.365,0.005591798695247017
2026-08-14,21,721.0,CALL,0.9760654236596586,0.7138710609340058,0.19125256930708304,22.7,26.36,24.53,0.14920505503465145
2026-08-14,21,722.0,PUT,0.9774191898505875,-0.28092502615060333,0.1741615236924432,5.54,5.57,5.555,0.005400540054005446
2026-08-14,21,722.0,CALL,0.9774191898505875,0.7032590212133238,0.19181390639871795,22.57,25.14,23.855,0.10773422762523581
2026-08-14,21,723.0,CALL,0.9787729560415163,0.6941977850323913,0.1905374135208887,22.21,23.93,23.07,0.07455570004334629
2026-08-14,21,723.0,PUT,0.9787729560415163,-0.2907702329902127,0.1728545150264849,5.75,5.78,5.765000000000001,0.005203816131830051
2026-08-14,21,724.0,PUT,0.980126722232445,-0.300791580886395,0.17154202564218873,5.96,5.99,5.975,0.005020920502092092
2026-08-14,21,724.0,CALL,0.980126722232445,0.6847569133359702,0.18959813830276284,22.13,22.48,22.305,0.01569154898004938
2026-08-14,21,725.0,PUT,0.9814804884233739,-0.31112071485767195,0.17039918830766823,6.18,6.21,6.195,0.004842615012106578
2026-08-14,21,725.0,CALL,0.9814804884233739,0.6757112636329122,0.18799596279807668,20.66,22.34,21.5,0.07813953488372091
2026-08-14,21,726.0,PUT,0.9828342546143026,-0.32169207982382836,0.16932828196542102,6.4,6.44,6.42,0.006230529595015582
2026-08-14,21,726.0,CALL,0.9828342546143026,0.6621662334243444,0.19264896632967896,20.61,21.56,21.085,0.04505572682001419
2026-08-14,21,727.0,PUT,0.9841880208052314,-0.33261361935236977,0.16838056564574658,6.64,6.67,6.654999999999999,0.0045078888054095045
2026-08-14,21,727.0,CALL,0.9841880208052314,0.6538574177872519,0.18805707273207908,19.61,20.78,20.195,0.05793513245852942
2026-08-14,21,728.0,PUT,0.9855417869961602,-0.3438254900123205,0.16652179426608635,6.88,6.92,6.9,0.005797101449275368
2026-08-14,21,728.0,CALL,0.9855417869961602,0.6462012891585858,0.18195487140838315,18.38,20.02,19.2,0.0854166666666667
2026-08-14,21,729.0,PUT,0.986895553187089,-0.3552647075951154,0.16403247005841765,7.13,7.17,7.15,0.005594405594405599
2026-08-14,21,729.0,CALL,0.986895553187089,0.6356499211980718,0.1794180070107016,17.64,19.26,18.450000000000003,0.08780487804878052
2026-08-14,21,730.0,CALL,0.9882493193780179,0.6273612655721648,0.17276644494594012,16.91,17.92,17.415,0.05799598047660073
2026-08-14,21,730.0,PUT,0.9882493193780179,-0.3671690992953103,0.16169438347958193,7.39,7.43,7.41,0.005398110661268561
2026-08-14,21,731.0,CALL,0.9896030855689466,0.6133944599208933,0.1748014589401573,16.19,17.77,16.98,0.09305064782096574
2026-08-14,21,731.0,PUT,0.9896030855689466,-0.37953764805013707,0.15950318336556163,7.66,7.7,7.68,0.005208333333333338
2026-08-14,21,732.0,PUT,0.9909568517598754,-0.39241688865172775,0.15760856182382663,7.95,7.99,7.970000000000001,0.00501882057716437
2026-08-14,21,732.0,CALL,0.9909568517598754,0.6017528169021812,0.17264865327451645,15.47,17.04,16.255,0.0965856659489387
2026-08-14,21,733.0,CALL,0.9923106179508042,0.5897272528658368,0.1707190050895986,14.77,16.32,15.545,0.09971051785139921
2026-08-14,21,733.0,PUT,0.9923106179508042,-0.40562031189592057,0.1557194339002251,8.24,8.28,8.26,0.0048426150121064345
2026-08-14,21,734.0,CALL,0.993664384141733,0.5773774172342057,0.16893970666285069,14.08,15.61,14.844999999999999,0.1030650050522061
2026-08-14,21,734.0,PUT,0.993664384141733,-0.41921726220469013,0.15397931795217065,8.54,8.58,8.559999999999999,0.004672897196261791
2026-08-14,21,735.0,CALL,0.9950181503326617,0.5646840005546504,0.16745356171200232,14.05,14.28,14.165,0.016237204376985434
2026-08-14,21,735.0,PUT,0.9950181503326617,-0.4332820901564453,0.15251544093260916,8.86,8.9,8.879999999999999,0.004504504504504609
2026-08-14,21,736.0,PUT,0.9963719165235906,-0.44767358096265686,0.15119654982900516,9.19,9.23,9.21,0.004343105320304117
2026-08-14,21,736.0,CALL,0.9963719165235906,0.552079724417642,0.1645408131178001,13.14,13.63,13.385000000000002,0.03660814344415392
2026-08-14,21,737.0,PUT,0.9977256827145193,-0.46243319618534623,0.14999532599950316,9.53,9.57,9.55,0.004188481675392767
2026-08-14,21,737.0,CALL,0.9977256827145193,0.5386080773523019,0.16456879639335667,12.76,12.86,12.809999999999999,0.007806401249024173
2026-08-14,21,738.0,CALL,0.9990794489054481,0.5252053807817286,0.16352669484823917,12.14,12.18,12.16,0.0032894736842104563
2026-08-14,21,738.0,PUT,0.9990794489054481,-0.4775997482490529,0.14878585765043315,9.88,9.91,9.895,0.0030318342597270703
2026-08-14,21,739.0,PUT,1.0004332150963768,-0.49294684716802745,0.14652658833239204,10.25,10.29,10.27,0.00389483933787723
2026-08-14,21,739.0,CALL,1.0004332150963768,0.5115501411903456,0.16124480164544894,11.5,11.55,11.525,0.004338394793926309
2026-08-14,21,740.0,CALL,1.0017869812873057,0.497414930773815,0.15837763409155745,10.87,10.91,10.89,0.003673094582185576
2026-08-14,21,740.0,PUT,1.0017869812873057,-0.5087373393757136,0.1439044567868538,10.63,10.67,10.65,0.0037558685446008586
2026-08-14,21,741.0,CALL,1.0031407474782346,0.4828339367677716,0.1558764316016953,10.26,10.3,10.280000000000001,0.003891050583657677
2026-08-14,21,741.0,PUT,1.0031407474782346,-0.5250248642351959,0.1416448999427425,11.03,11.08,11.055,0.0045228403437359305
2026-08-14,21,742.0,CALL,1.0044945136691632,0.4678232941208692,0.15352698579839025,9.66,9.7,9.68,0.004132231404958589
2026-08-14,21,742.0,PUT,1.0044945136691632,-0.5418308185095838,0.13953120612728165,11.45,11.49,11.469999999999999,0.0034873583260680843
2026-08-14,21,743.0,PUT,1.005848279860092,-0.5591157928756332,0.13756186735345127,11.87,11.92,11.895,0.004203446826397706
2026-08-14,21,743.0,CALL,1.005848279860092,0.45246558488992494,0.1514698339449708,9.08,9.12,9.1,0.004395604395604302
2026-08-14,21,744.0,CALL,1.007202046051021,0.43676187559966106,0.14956240969096626,8.51,8.55,8.530000000000001,0.004689331770222851
2026-08-14,21,744.0,PUT,1.007202046051021,-0.5769273966222421,0.13571076777048882,11.43,13.23,12.33,0.14598540145985406
2026-08-14,21,745.0,PUT,1.0085558122419498,-0.5946741132618791,0.13462971257988268,12.64,13.0,12.82,0.028081123244929753
2026-08-14,21,745.0,CALL,1.0085558122419498,0.42092408749076243,0.1480850481850636,7.97,8.01,7.99,0.005006257822277852
2026-08-14,21,746.0,CALL,1.0099095784328784,0.40477053377484545,0.14661422671755928,7.43,7.47,7.449999999999999,0.005369127516778528
2026-08-14,21,746.0,PUT,1.0099095784328784,-0.6109889319563491,0.1354673688913758,12.38,14.52,13.45,0.15910780669144972
2026-08-14,21,747.0,PUT,1.0112633446238073,-0.6328466681825965,0.1308945286633134,12.48,14.99,13.735,0.1827448125227521
2026-08-14,21,747.0,CALL,1.0112633446238073,0.388658326388135,0.14556976048055426,6.92,6.96,6.9399999999999995,0.005763688760806922
2026-08-14,21,748.0,PUT,1.0126171108147362,-0.6508056064079334,0.1286486669593926,13.01,15.58,14.295,0.17978314095837708
2026-08-14,21,748.0,CALL,1.0126171108147362,0.37243755620272334,0.14409390817767678,6.42,6.46,6.4399999999999995,0.006211180124223608
2026-08-14,21,749.0,CALL,1.0139708770056648,0.35610968699617346,0.14138142675533627,5.95,5.99,5.970000000000001,0.00670016750418761
2026-08-14,21,749.0,PUT,1.0139708770056648,-0.6699426725143782,0.12608209179208857,13.54,16.13,14.834999999999999,0.1745871250421301
2026-08-14,21,750.0,PUT,1.0153246431965937,-0.6901449979604911,0.1234295660986769,15.12,15.62,15.37,0.03253090435914119
2026-08-14,21,750.0,CALL,1.0153246431965937,0.33941710790964424,0.13892080368474258,5.5,5.53,5.515000000000001,0.0054397098821396634
2026-08-14,21,751.0,PUT,1.0166784093875225,-0.7146845226849546,0.11904213016946301,14.7,16.9,15.799999999999999,0.1392405063291139
2026-08-14,21,751.0,CALL,1.0166784093875225,0.32243140888677957,0.13671035806744833,5.06,5.09,5.074999999999999,0.005911330049261134
2026-08-14,21,752.0,CALL,1.0180321755784512,0.3055710498208509,0.1349847724239431,4.65,4.68,4.665,0.006430868167202435
2026-08-14,21,752.0,PUT,1.0180321755784512,-0.7291236166546041,0.12047853588756977,15.29,17.9,16.595,0.1572762880385658
2026-08-14,21,753.0,PUT,1.01938594176938,-0.7491273522986521,0.11923096806978757,15.92,18.54,17.23,0.1520603598374927
2026-08-14,21,753.0,CALL,1.01938594176938,0.28852631272447626,0.1334256617758487,4.25,4.28,4.265000000000001,0.0070339976553341725
2026-08-14,21,754.0,CALL,1.0207397079603089,0.27189537311391526,0.13234521635614047,3.88,3.91,3.895,0.007702182284980808
2026-08-14,21,754.0,PUT,1.0207397079603089,-0.769589874443334,0.11734301773515161,16.57,19.18,17.875,0.146013986013986
2026-08-14,21,755.0,CALL,1.0220934741512375,0.25557663214340415,0.13158313077413195,3.54,3.55,3.545,0.0028208744710859768
2026-08-14,21,755.0,PUT,1.0220934741512375,-0.7895810987565905,0.1142890218204377,17.26,19.83,18.545,0.13858182798597987
2026-08-14,21,756.0,PUT,1.0234472403421664,-0.809275980208543,0.11191723308863105,17.94,20.56,19.25,0.13610389610389598
2026-08-14,21,756.0,CALL,1.0234472403421664,0.23962567337762278,0.1299846213942103,3.2,3.23,3.215,0.009331259720062149
2026-08-14,21,757.0,PUT,1.0248010065330952,-0.8291898080480973,0.1099395764033176,18.67,21.29,19.98,0.131131131131131
2026-08-14,21,757.0,CALL,1.0248010065330952,0.2237306728196487,0.12750784984770905,2.89,2.92,2.9050000000000002,0.010327022375215078
2026-08-14,21,758.0,PUT,1.026154772724024,-0.8496232340767953,0.10813807865001637,19.41,22.04,20.725,0.1268998793727382
2026-08-14,21,758.0,CALL,1.026154772724024,0.20815637968494521,0.12555269480402664,2.61,2.63,2.62,0.007633587786259549
2026-08-14,21,759.0,PUT,1.0275085389149528,-0.8546963622756556,0.11153757901107053,20.16,23.26,21.71,0.14279134039613087
2026-08-14,21,759.0,CALL,1.0275085389149528,0.19270526846243802,0.12391233390896615,2.34,2.36,2.3499999999999996,0.00851063829787235
2026-08-14,21,760.0,CALL,1.0288623051058816,0.17771836499304242,0.12268393670059605,2.09,2.11,2.0999999999999996,0.009523809523809533
2026-08-14,21,760.0,PUT,1.0288623051058816,-0.8720489875828201,0.11069143107602374,20.91,24.12,22.515,0.14257161892071957
2026-08-14,21,761.0,CALL,1.0302160712968103,0.16359086875019913,0.12196330859212083,1.86,1.89,1.875,0.015999999999999896
2026-08-14,21,761.0,PUT,1.0302160712968103,-0.8540501078068263,0.12188016695592654,22.89,24.79,23.84,0.07969798657718115
2026-08-14,21,762.0,PUT,1.0315698374877391,-0.9083489364948331,0.10487620615252762,22.6,25.7,24.15,0.12836438923395438
2026-08-14,21,762.0,CALL,1.0315698374877391,0.15002753829030674,0.12154611710326119,1.65,1.68,1.665,0.018018018018018035
2026-08-14,21,763.0,CALL,1.032923603678668,0.1370071789406493,0.11970454917852573,1.46,1.48,1.47,0.01360544217687076
2026-08-14,21,763.0,PUT,1.032923603678668,-0.9451749358450345,0.0971780401357816,23.11,26.64,24.875,0.14190954773869352
2026-08-14,21,764.0,CALL,1.0342773698695966,0.124555479595349,0.1176592150579173,1.28,1.31,1.295,0.02316602316602319
2026-08-14,21,764.0,PUT,1.0342773698695966,-0.9655956072886387,0.09391808802378007,24.0,27.56,25.78,0.1380915438324282
2026-08-14,21,765.0,CALL,1.0356311360605255,0.1128692166969692,0.11621980984145283,1.13,1.15,1.14,0.017543859649122823
2026-08-14,21,766.0,CALL,1.0369849022514543,0.10184375213841565,0.11523178720935405,0.99,1.01,1.0,0.020000000000000018
2026-08-14,21,767.0,CALL,1.038338668442383,0.09129384854691273,0.11454346064266302,0.86,0.88,0.87,0.022988505747126457
2026-08-14,21,768.0,CALL,1.0396924346333118,0.08199883226127506,0.114443317451042,0.75,0.77,0.76,0.026315789473684233
2026-08-14,21,769.0,CALL,1.0410462008242407,0.07336978233809549,0.11367871437563647,0.65,0.67,0.66,0.030303030303030328
2026-08-14,21,770.0,CALL,1.0423999670151696,0.06522326378959681,0.111835277661236,0.56,0.58,0.5700000000000001,0.035087719298245446
2026-08-14,21,771.0,CALL,1.0437537332060982,0.05802469412934446,0.11075309150419807,0.49,0.5,0.495,0.02020202020202022
2026-08-14,21,772.0,CALL,1.045107499397027,0.051530014749256337,0.11017420942904703,0.42,0.44,0.43,0.046511627906976785
2026-08-14,21,773.0,CALL,1.046461265587956,0.04540389452500405,0.10984601740588679,0.36,0.38,0.37,0.054054054054054106
2026-08-14,21,774.0,CALL,1.0478150317788846,0.04013886029709804,0.11001154044566057,0.31,0.33,0.32,0.06250000000000006
2026-08-14,21,775.0,CALL,1.0491687979698134,0.035346101336911365,0.11039139394000652,0.27,0.28,0.275,0.03636363636363639
2026-08-14,21,776.0,CALL,1.0505225641607423,0.03143967368039515,0.10925741886663874,0.23,0.25,0.24,0.0833333333333333
2026-08-14,21,777.0,CALL,1.051876330351671,0.027451237684095096,0.10813303704304111,0.2,0.21,0.20500000000000002,0.04878048780487795
2026-08-14,21,778.0,CALL,1.0532300965425998,0.02441956983412892,0.10798455912349066,0.17,0.19,0.18,0.11111111111111106
2026-08-14,21,779.0,CALL,1.0545838627335287,0.021379589183139903,0.10783709109960252,0.15,0.16,0.155,0.06451612903225812
2026-08-14,21,780.0,CALL,1.0559376289244573,0.018872998492037177,0.10817099048958848,0.13,0.14,0.135,0.07407407407407414
2026-08-14,21,781.0,CALL,1.0572913951153862,0.01746938072337769,0.10946266313041401,0.12,0.13,0.125,0.08000000000000007
2026-08-14,21,782.0,CALL,1.058645161306315,0.015011301369948616,0.10979033219619223,0.1,0.11,0.10500000000000001,0.09523809523809518
2026-08-14,21,783.0,CALL,1.0599989274972437,0.013669594270574653,0.11047546953648875,0.09,0.1,0.095,0.10526315789473693
2026-08-14,21,784.0,CALL,1.0613526936881725,0.012328827746324118,0.1102370901064953,0.08,0.09,0.08499999999999999,0.11764705882352937
2026-08-14,21,785.0,CALL,1.0627064598791014,0.010982232256221478,0.1100003277102181,0.07,0.08,0.07500000000000001,0.13333333333333325
2026-08-14,21,790.0,CALL,1.0694752908337453,0.00788928487968368,0.11541627350322894,0.05,0.06,0.055,0.18181818181818174
2026-08-14,21,795.0,CALL,1.0762441217883894,0.005071538289730716,0.12073671326425635,0.03,0.04,0.035,0.28571428571428575
2026-08-14,21,800.0,CALL,1.0830129527430332,0.0035984717893649226,0.1241005241664395,0.02,0.03,0.025,0.3999999999999999
2026-08-14,21,805.0,CALL,1.089781783697677,0.0033798085434622992,0.13268030454541424,0.02,0.03,0.025,0.3999999999999999
2026-08-14,21,810.0,CALL,1.0965506146523212,0.0031888950938796777,0.14119120374167035,0.02,0.03,0.025,0.3999999999999999
2026-08-14,21,815.0,CALL,1.103319445606965,0.001952304596334137,0.14359244094158308,0.01,0.02,0.015,0.6666666666666667
2026-08-14,21,820.0,CALL,1.1100882765616091,0.0018551490970814407,0.15196129907938963,0.01,0.02,0.015,0.6666666666666667
2026-08-14,21,825.0,CALL,1.116857107516253,0.0017686421002646457,0.16027321545179896,0.01,0.02,0.015,0.6666666666666667
2026-08-14,21,830.0,CALL,1.1236259384708969,0.0016911218325765202,0.16852977425766358,0.01,0.02,0.015,0.6666666666666667
2026-08-14,21,835.0,CALL,1.130394769425541,0.0016212561398392202,0.17673236108906715,0.01,0.02,0.015,0.6666666666666667
2026-08-14,21,840.0,CALL,1.1371636003801848,0.0015579658291005071,0.18488221610792085,0.01,0.02,0.015,0.6666666666666667
2026-08-14,21,845.0,CALL,1.143932431334829,0.0015003644905020664,0.19298044405581832,0.01,0.02,0.015,0.6666666666666667
2026-08-14,21,850.0,CALL,1.1507012622894728,0.0014477196255724028,0.2010280592553877,0.01,0.02,0.015,0.6666666666666667
2026-08-14,21,855.0,CALL,1.1574700932441166,0.001399419445428688,0.20902599306112096,0.01,0.02,0.015,0.6666666666666667
2026-08-14,21,860.0,CALL,1.1642389241987607,0.0013549352333075795,0.21674112661116327,0.01,0.02,0.015,0.6666666666666667
2026-08-14,21,865.0,CALL,1.1710077551534046,0.0013136254033521745,0.22385258411460582,0.0,0.02,0.01,2.0
2026-08-14,21,870.0,CALL,1.1777765861080487,0.0012750915683587337,0.2309179341987522,0.0,0.02,0.01,2.0
2026-08-14,21,875.0,CALL,1.1845454170626926,0.001239060675343725,0.23793819831312088,0.0,0.02,0.01,2.0
2026-08-14,21,880.0,CALL,1.1913142480173364,0.0012052946070083288,0.2449143203753277,0.0,0.02,0.01,2.0
2026-08-14,21,885.0,CALL,1.1980830789719805,0.0011735847318331692,0.2518471774917482,0.0,0.01,0.005,
2026-08-14,21,890.0,CALL,1.2048519099266244,0.0011437474492281899,0.25873758880438774,0.0,0.01,0.005,
2026-08-14,21,895.0,CALL,1.2116207408812685,0.0011156205230867906,0.26558632281730515,0.0,0.01,0.005,
2026-08-14,21,900.0,CALL,1.2183895718359123,0.001089060044778716,0.272394103571626,0.0,0.01,0.005,
2026-08-21,28,445.0,CALL,0.6024259549633122,0.9830394491354684,0.9154942740512412,293.28,296.77,295.025,0.011829505974070027
2026-08-21,28,445.0,PUT,0.6024259549633122,-0.0017523512803456194,0.65953040894078,0.07,0.08,0.07500000000000001,0.13333333333333325
2026-08-21,28,450.0,PUT,0.6091947859179562,-0.0019883119107273924,0.6541384877484874,0.08,0.09,0.08499999999999999,0.11764705882352937
2026-08-21,28,450.0,CALL,0.6091947859179562,0.9819146625197046,0.9079688637157041,288.89,291.35,290.12,0.00847924996553163
2026-08-21,28,455.0,PUT,0.6159636168726002,-0.0020295176060981523,0.6407374104036998,0.08,0.09,0.08499999999999999,0.11764705882352937
2026-08-21,28,455.0,CALL,0.6159636168726002,0.9822313776188206,0.8824603701832235,283.32,286.82,285.07,0.01227768618234118
2026-08-21,28,460.0,PUT,0.6227324478272441,-0.0020719746623648213,0.6274865671724354,0.08,0.09,0.08499999999999999,0.11764705882352937
2026-08-21,28,460.0,CALL,0.6227324478272441,0.9818363051240644,0.8659136895151925,278.34,281.84,280.09,0.01249598343389625
2026-08-21,28,465.0,PUT,0.6295012787818881,-0.0023222299700478583,0.6223746710500094,0.09,0.1,0.095,0.10526315789473693
2026-08-21,28,465.0,CALL,0.6295012787818881,0.9814299214306345,0.8495521868225434,273.36,276.86,275.11,0.012722183853731235
2026-08-21,28,470.0,CALL,0.636270109736532,0.9810116913003076,0.8333721494578393,268.38,271.88,270.13,0.012956724540036279
2026-08-21,28,470.0,PUT,0.636270109736532,-0.0024746809751466517,0.6133494632090912,0.09,0.11,0.1,0.20000000000000004
2026-08-21,28,475.0,CALL,0.643038940691176,0.9803623640410588,0.819809334244145,263.39,266.95,265.16999999999996,0.013425349775615653
2026-08-21,28,475.0,PUT,0.643038940691176,-0.0026313446323318296,0.6044257314992755,0.1,0.11,0.10500000000000001,0.09523809523809518
2026-08-21,28,480.0,PUT,0.6498077716458199,-0.0028953374109675235,0.5995326902268594,0.11,0.12,0.11499999999999999,0.0869565217391304
2026-08-21,28,480.0,CALL,0.6498077716458199,0.9800261848330983,0.8027551926635925,258.43,261.93,260.18,0.01345222538242755
2026-08-21,28,485.0,CALL,0.6565766026004639,0.9795672293365772,0.7870916007926574,253.45,256.95,255.2,0.01371473354231975
2026-08-21,28,485.0,PUT,0.6565766026004639,-0.0031644788632774327,0.5929838119726834,0.12,0.13,0.125,0.08000000000000007
2026-08-21,28,490.0,CALL,0.6633454335551079,0.9788652770041504,0.7739971670089119,248.46,252.02,250.24,0.014226342710997451
2026-08-21,28,490.0,PUT,0.6633454335551079,-0.0032333367596822983,0.5792196537458416,0.12,0.13,0.125,0.08000000000000007
2026-08-21,28,495.0,PUT,0.6701142645097518,-0.0035174064778981462,0.5684143658760202,0.13,0.14,0.135,0.07407407407407414
2026-08-21,28,495.0,CALL,0.6701142645097518,0.9784895130819741,0.7574584211243409,243.5,247.0,245.25,0.014271151885830785
2026-08-21,28,500.0,PUT,0.6768830954643957,-0.0038119731680116165,0.5577219250234589,0.14,0.15,0.14500000000000002,0.06896551724137917
2026-08-21,28,500.0,CALL,0.6768830954643957,0.9771092340161053,0.7511962152547433,239.11,241.58,240.34500000000003,0.01027689363207056
2026-08-21,28,505.0,PUT,0.6836519264190397,-0.0041175234532237065,0.5471408625236729,0.15,0.16,0.155,0.06451612903225812
2026-08-21,28,505.0,CALL,0.6836519264190397,0.9771631876264208,0.7302199555185462,233.54,237.09,235.315,0.015086161103202139
2026-08-21,28,510.0,PUT,0.6904207573736837,-0.004434491261906273,0.536668749949834,0.16,0.17,0.165,0.060606060606060656
2026-08-21,28,510.0,CALL,0.6904207573736837,0.9765588197119135,0.7159302739711144,228.56,232.12,230.34,0.015455413736216039
2026-08-21,28,515.0,PUT,0.6971895883283277,-0.004763390694027065,0.5263039106168111,0.17,0.18,0.175,0.05714285714285704
2026-08-21,28,515.0,CALL,0.6971895883283277,0.975934528606704,0.7017872581302459,223.59,227.14,225.365,0.01575222416968022
2026-08-21,28,520.0,PUT,0.7039584192829715,-0.005104752513536312,0.5160445614137265,0.18,0.19,0.185,0.054054054054054106
2026-08-21,28,520.0,CALL,0.7039584192829715,0.9752273798131864,0.6883710601926918,218.62,222.17,220.39499999999998,0.016107443453798786
2026-08-21,28,525.0,PUT,0.7107272502376155,-0.005459140071203801,0.5058889754607798,0.19,0.2,0.195,0.05128205128205133
2026-08-21,28,525.0,CALL,0.7107272502376155,0.9745592128438336,0.6735496555114407,213.64,217.2,215.42,0.016525856466437668
2026-08-21,28,530.0,CALL,0.7174960811922595,0.9738001901905728,0.6576283127287653,208.67,212.23,210.45,0.016916132097885495
2026-08-21,28,530.0,PUT,0.7174960811922595,-0.005827150096421692,0.4958354991228065,0.2,0.21,0.20500000000000002,0.04878048780487795
2026-08-21,28,535.0,CALL,0.7242649121469035,0.9730094269218217,0.6418607917701108,203.7,207.26,205.48,0.01732528713256766
2026-08-21,28,535.0,PUT,0.7242649121469035,-0.006442340273797405,0.48859791941918024,0.22,0.23,0.225,0.04444444444444448
2026-08-21,28,540.0,PUT,0.7310337431015475,-0.006842337584890408,0.47873178886974965,0.23,0.24,0.235,0.042553191489361625
2026-08-21,28,540.0,CALL,0.7310337431015475,0.9721849797683528,0.6262443992790022,198.73,202.29,200.51,0.017754725450102253
2026-08-21,28,545.0,CALL,0.7378025740561914,0.9704393950345763,0.6144797309272281,194.36,196.85,195.60500000000002,0.012729735947445007
2026-08-21,28,545.0,PUT,0.7378025740561914,-0.007493759565099832,0.47165423571391635,0.25,0.26,0.255,0.03921568627450984
2026-08-21,28,550.0,CALL,0.7445714050108353,0.9695220316571543,0.5991418151780676,189.39,191.88,190.635,0.013061609882760297
2026-08-21,28,550.0,PUT,0.7445714050108353,-0.007928573587485638,0.46197070254161904,0.26,0.27,0.265,0.03773584905660381
2026-08-21,28,555.0,PUT,0.7513402359654793,-0.008618892588776447,0.45504884898142167,0.28,0.29,0.28500000000000003,0.035087719298245446
2026-08-21,28,555.0,CALL,0.7513402359654793,0.9684930021585041,0.584230135171295,184.43,186.91,185.67000000000002,0.013357031292077286
2026-08-21,28,560.0,PUT,0.7581090669201233,-0.009329691459065124,0.448195347967706,0.3,0.31,0.305,0.03278688524590167
2026-08-21,28,560.0,CALL,0.7581090669201233,0.9685055001650733,0.5652393029289278,178.88,182.38,180.63,0.019376626252560484
2026-08-21,28,565.0,CALL,0.7648778978747672,0.9674025289008972,0.5506212698660737,173.91,177.42,175.665,0.01998121424301933
2026-08-21,28,565.0,PUT,0.7648778978747672,-0.010065263422733612,0.44040787153505123,0.32,0.33,0.325,0.030769230769230795
2026-08-21,28,570.0,PUT,0.7716467288294112,-0.010829534808719836,0.4292555169564807,0.34,0.35,0.345,0.02898550724637668
2026-08-21,28,570.0,CALL,0.7716467288294112,0.9662469261067732,0.536137707397452,168.95,172.45,170.7,0.020503807850029292
2026-08-21,28,575.0,CALL,0.7784155597840551,0.9649572312869983,0.5220643617876901,163.99,167.49,165.74,0.021117412815252805
2026-08-21,28,575.0,PUT,0.7784155597840551,-0.011632566714917875,0.41820693749055826,0.36,0.37,0.365,0.02739726027397263
2026-08-21,28,580.0,CALL,0.7851843907386991,0.9625020386430994,0.5119919578554893,159.61,162.09,160.85000000000002,0.01541809138949325
2026-08-21,28,580.0,PUT,0.7851843907386991,-0.012726959023885024,0.40838007221715666,0.39,0.4,0.395,0.025316455696202552
2026-08-21,28,585.0,PUT,0.791953221693343,-0.013746950295160742,0.398088379114666,0.41,0.43,0.42,0.047619047619047665
2026-08-21,28,585.0,CALL,0.791953221693343,0.9621828873448165,0.4943005517836643,154.07,157.57,155.82,0.022461814914645103
2026-08-21,28,590.0,PUT,0.798722052647987,-0.014818569301316139,0.3878926034795933,0.44,0.45,0.445,0.02247191011235957
2026-08-21,28,590.0,CALL,0.798722052647987,0.9602771789460104,0.48197881713719665,149.11,152.66,150.885,0.023527852337873103
2026-08-21,28,595.0,CALL,0.805490883602631,0.9576165438705556,0.4719557362277619,144.74,147.24,145.99,0.017124460579491744
2026-08-21,28,595.0,PUT,0.805490883602631,-0.016075533679359467,0.3783449348552372,0.47,0.48,0.475,0.02105263157894739
2026-08-21,28,600.0,CALL,0.8122597145572749,0.9558461851402257,0.458759424300197,139.79,142.28,141.035,0.017655191973623634
2026-08-21,28,600.0,PUT,0.8122597145572749,-0.01765719627431624,0.3699890329227676,0.51,0.52,0.515,0.019417475728155355
2026-08-21,28,605.0,PUT,0.8190285455119188,-0.0190455911088722,0.36061592771367196,0.54,0.55,0.545,0.018348623853211024
2026-08-21,28,605.0,CALL,0.8190285455119188,0.9538106992300737,0.44622360957703505,134.84,137.34,136.09,0.01837019619369535
2026-08-21,28,610.0,PUT,0.8257973764665628,-0.020771044411345772,0.35242396852948965,0.58,0.59,0.585,0.01709401709401711
2026-08-21,28,610.0,CALL,0.8257973764665628,0.952714803834898,0.4305585984149737,129.79,132.38,131.08499999999998,0.019758172178357583
2026-08-21,28,615.0,CALL,0.8325662074212068,0.9506513963176157,0.41772096772514067,124.38,127.88,126.13,0.02774914770474907
2026-08-21,28,615.0,PUT,0.8325662074212068,-0.02257530360165646,0.34431144992503726,0.62,0.63,0.625,0.016000000000000014
2026-08-21,28,620.0,PUT,0.8393350383758508,-0.02472999332212799,0.33735778908288416,0.67,0.68,0.675,0.014814814814814828
2026-08-21,28,620.0,CALL,0.8393350383758508,0.9521204978743526,0.3945319230871527,120.01,121.95,120.98,0.01603570838155065
2026-08-21,28,625.0,PUT,0.8461038693304948,-0.02698568928450594,0.3294627544370617,0.72,0.73,0.725,0.013793103448275874
2026-08-21,28,625.0,CALL,0.8461038693304948,0.9441513115029158,0.39826353714042473,115.08,117.58,116.33,0.021490587122840195
2026-08-21,28,630.0,CALL,0.8528727002851386,0.9412136785359609,0.3870740219935389,110.15,112.65,111.4,0.02244165170556553
2026-08-21,28,630.0,PUT,0.8528727002851386,-0.029500123272152665,0.3184700083278501,0.77,0.79,0.78,0.025641025641025664
2026-08-21,28,635.0,CALL,0.8596415312397826,0.9380146069981556,0.3743128725274376,105.22,107.73,106.475,0.023573608828363516
2026-08-21,28,635.0,PUT,0.8596415312397826,-0.032463922078880256,0.30811346037067133,0.84,0.85,0.845,0.011834319526627229
2026-08-21,28,640.0,PUT,0.8664103621944266,-0.03576694370443131,0.2981202344263806,0.91,0.92,0.915,0.010928961748633888
2026-08-21,28,640.0,CALL,0.8664103621944266,0.9346769171464376,0.35981069496345497,100.28,102.81,101.545,0.02491506228765573
2026-08-21,28,645.0,PUT,0.8731791931490706,-0.03971426384228812,0.28901995792972424,0.99,1.01,1.0,0.020000000000000018
2026-08-21,28,645.0,CALL,0.8731791931490706,0.9303017699594701,0.3466523359888065,95.4,97.91,96.655,0.025968651388960644
2026-08-21,28,650.0,CALL,0.8799480241037145,0.9255004036218657,0.33376179179182247,90.51,93.03,91.77000000000001,0.027459954233409564
2026-08-21,28,650.0,PUT,0.8799480241037145,-0.044052092544484604,0.28027288307467135,1.08,1.1,1.09,0.018348623853211024
2026-08-21,28,651.0,PUT,0.8813017902946433,-0.04500792018094649,0.27863977062223805,1.1,1.12,1.11,0.018018018018018032
2026-08-21,28,651.0,CALL,0.8813017902946433,0.9254504971558662,0.3297405154333291,88.97,92.52,90.745,0.03912061270593418
2026-08-21,28,652.0,PUT,0.882655556485572,-0.04611547755762374,0.27727470353655725,1.13,1.14,1.1349999999999998,0.008810572687224679
2026-08-21,28,652.0,CALL,0.882655556485572,0.9243958559464248,0.32724243959012694,87.99,91.55,89.77,0.03965690096914339
2026-08-21,28,653.0,CALL,0.8840093226765009,0.923426085373192,0.3245972942592579,87.01,90.57,88.78999999999999,0.04009460524833865
2026-08-21,28,653.0,PUT,0.8840093226765009,-0.04709338619323357,0.2756480178606314,1.15,1.16,1.1549999999999998,0.008658008658008667
2026-08-21,28,654.0,PUT,0.8853630888674296,-0.04822291677907507,0.27428894163008044,1.17,1.19,1.18,0.0169491525423729
2026-08-21,28,654.0,CALL,0.8853630888674296,0.9223403309936984,0.32210832982809806,86.04,89.59,87.815,0.04042589534817511
2026-08-21,28,655.0,CALL,0.8867168550583584,0.9202323364824362,0.3211373019983174,85.63,88.15,86.89,0.029002186672804815
2026-08-21,28,655.0,PUT,0.8867168550583584,-0.049223513082449495,0.27266869366807095,1.19,1.21,1.2,0.016666666666666684
2026-08-21,28,656.0,CALL,0.8880706212492873,0.9201198721903528,0.317143914554923,84.09,87.64,85.86500000000001,0.041343970185756675
2026-08-21,28,656.0,PUT,0.8880706212492873,-0.050375581168553896,0.27131561795689857,1.22,1.23,1.225,0.008163265306122455
2026-08-21,28,657.0,PUT,0.889424387440216,-0.05153943301745492,0.26996448789510047,1.24,1.26,1.25,0.016000000000000014
2026-08-21,28,657.0,CALL,0.889424387440216,0.9188828298713249,0.3148196164731842,83.12,86.67,84.89500000000001,0.0418163613875964
2026-08-21,28,658.0,PUT,0.8907781536311448,-0.052714878077109825,0.2686160149205001,1.27,1.28,1.275,0.007843137254901968
2026-08-21,28,658.0,CALL,0.8907781536311448,0.9176280515439161,0.3124996130639696,82.15,85.7,83.92500000000001,0.042299672326481935
2026-08-21,28,659.0,PUT,0.8921319198220736,-0.053902043910539495,0.2672702506456481,1.29,1.31,1.3,0.015384615384615398
2026-08-21,28,659.0,CALL,0.8921319198220736,0.9163551885108018,0.31018390702445436,81.18,84.73,82.95500000000001,0.042794286058706485
2026-08-21,28,660.0,PUT,0.8934856860130024,-0.05523889779315181,0.2661901251129964,1.32,1.34,1.33,0.015037593984962419
2026-08-21,28,660.0,CALL,0.8934856860130024,0.9142498276103588,0.3090789256541649,80.77,83.28,82.025,0.03060042669917714
2026-08-21,28,661.0,CALL,0.8948394522039312,0.9137537685551387,0.3055653997887655,79.24,82.79,81.015,0.043819045855705875
2026-08-21,28,661.0,PUT,0.8948394522039312,-0.05645057447953499,0.26484665795861967,1.35,1.36,1.355,0.007380073800738014
2026-08-21,28,662.0,CALL,0.89619321839486,0.9124244684082988,0.30326260596524784,78.27,81.82,80.04499999999999,0.04435005309513396
2026-08-21,28,662.0,PUT,0.89619321839486,-0.057674701217140745,0.26350511976441393,1.37,1.39,1.38,0.014492753623188259
2026-08-21,28,663.0,PUT,0.8975469845857887,-0.05905153155935883,0.2624161039641424,1.4,1.42,1.41,0.014184397163120581
2026-08-21,28,663.0,CALL,0.8975469845857887,0.9101558448689956,0.30231836947269064,77.38,80.86,79.12,0.04398382204246719
2026-08-21,28,664.0,CALL,0.8989007507767176,0.9095013288518566,0.2989707120991632,76.34,79.89,78.11500000000001,0.045445817064584226
2026-08-21,28,664.0,PUT,0.8989007507767176,-0.06045578670100057,0.26124201067172365,1.43,1.45,1.44,0.013888888888888902
2026-08-21,28,665.0,CALL,0.9002545169676464,0.9072932748963232,0.29788261249287795,75.92,78.45,77.185,0.032778389583468306
2026-08-21,28,665.0,PUT,0.9002545169676464,-0.0619962670809189,0.2592895807834859,1.47,1.48,1.475,0.006779661016949158
2026-08-21,28,666.0,PUT,0.9016082831585751,-0.06355419529123764,0.25726580932831544,1.5,1.52,1.51,0.013245033112582794
2026-08-21,28,666.0,CALL,0.9016082831585751,0.9064960172914539,0.2946952098493687,74.41,77.96,76.185,0.04659709916650255
2026-08-21,28,667.0,CALL,0.902962049349504,0.9033325773938865,0.2949635416949574,73.6,77.0,75.3,0.045152722443559175
2026-08-21,28,667.0,PUT,0.902962049349504,-0.06500056872529703,0.2550947705697753,1.53,1.55,1.54,0.012987012987012998
2026-08-21,28,668.0,CALL,0.9043158155404327,0.9042303080690196,0.289236691009153,72.64,75.79,74.215,0.04244424981472755
2026-08-21,28,668.0,PUT,0.9043158155404327,-0.06674384106807997,0.2532305774136969,1.57,1.59,1.58,0.012658227848101276
2026-08-21,28,669.0,CALL,0.9056695817313615,0.89969514382149,0.2914576263593338,71.71,75.08,73.395,0.04591593432795156
2026-08-21,28,669.0,PUT,0.9056695817313615,-0.06824005928190222,0.25106772594461146,1.6,1.62,1.61,0.012422360248447215
2026-08-21,28,670.0,CALL,0.9070233479222903,0.8992052782725549,0.2876901790257241,71.1,73.65,72.375,0.035233160621761815
2026-08-21,28,670.0,PUT,0.9070233479222903,-0.07003487648445623,0.24921130911686704,1.64,1.66,1.65,0.012121212121212133
2026-08-21,28,671.0,CALL,0.9083771141132191,0.8981927238970137,0.28467670141049634,69.6,73.16,71.38,0.04987391426169799
2026-08-21,28,671.0,PUT,0.9083771141132191,-0.07185629124314374,0.2473587609525179,1.68,1.7,1.69,0.011834319526627229
2026-08-21,28,672.0,CALL,0.909730880304148,0.8964434977344267,0.28271471881399074,68.64,72.2,70.42,0.05055381993751778
2026-08-21,28,672.0,PUT,0.909730880304148,-0.07370482267962877,0.24551009320652767,1.72,1.74,1.73,0.011560693641618507
2026-08-21,28,673.0,PUT,0.9110846464950767,-0.07558100276407544,0.24366531815874592,1.76,1.78,1.77,0.011299435028248598
2026-08-21,28,673.0,CALL,0.9110846464950767,0.8926564240450358,0.283741974801593,67.88,71.24,69.56,0.04830362277170787
2026-08-21,28,674.0,CALL,0.9124384126860055,0.8911622333136743,0.28133807224089363,66.88,70.29,68.58500000000001,0.04971932638332012
2026-08-21,28,674.0,PUT,0.9124384126860055,-0.07748537668756436,0.24182444862806154,1.8,1.82,1.81,0.011049723756906087
2026-08-21,28,675.0,PUT,0.9137921788769343,-0.07941852764737406,0.23998748752250879,1.84,1.86,1.85,0.01081081081081082
2026-08-21,28,675.0,CALL,0.9137921788769343,0.8908497736129471,0.27715039922224033,65.77,69.33,67.55,0.05270170244263512
2026-08-21,28,676.0,CALL,0.9151459450678631,0.8888022256876277,0.27550173081514345,64.82,68.38,66.6,0.053453453453453495
2026-08-21,28,676.0,PUT,0.9151459450678631,-0.08165234049456041,0.23845481127105914,1.89,1.91,1.9,0.010526315789473694
2026-08-21,28,677.0,CALL,0.9164997112587918,0.8867307580435253,0.27385649825231995,63.87,67.43,65.65,0.054226961157654366
2026-08-21,28,677.0,PUT,0.9164997112587918,-0.08364502072887338,0.23662497417518663,1.93,1.95,1.94,0.010309278350515474
2026-08-21,28,678.0,CALL,0.9178534774497207,0.8838403741184896,0.27340388039969704,63.08,66.4,64.74000000000001,0.05128205128205139
2026-08-21,28,678.0,PUT,0.9178534774497207,-0.0859381046525503,0.2350989815125686,1.98,2.0,1.99,0.010050251256281416
2026-08-21,28,679.0,PUT,0.9192072436406494,-0.08826072683913841,0.23357645329889082,2.03,2.05,2.04,0.00980392156862746
2026-08-21,28,679.0,CALL,0.9192072436406494,0.8804544204972584,0.2736945760126328,62.17,65.54,63.855000000000004,0.05277582021768075
2026-08-21,28,680.0,PUT,0.9205610098315782,-0.09061336637762497,0.23205740095677713,2.08,2.1,2.09,0.00956937799043063
2026-08-21,28,680.0,CALL,0.9205610098315782,0.8798769167150982,0.26968341740724006,61.06,64.59,62.825,0.05618782331874255
2026-08-21,28,681.0,CALL,0.921914776022507,0.8778020349983869,0.26712897026048726,60.09,63.65,61.870000000000005,0.05754000323258437
2026-08-21,28,681.0,PUT,0.921914776022507,-0.0931293385647535,0.23069140369056623,2.13,2.16,2.145,0.013986013986014102
2026-08-21,28,682.0,PUT,0.9232685422134358,-0.09567485477295999,0.22932861719044695,2.19,2.21,2.2,0.009090909090909097
2026-08-21,28,682.0,CALL,0.9232685422134358,0.8754877708589013,0.2645344797347443,59.14,62.71,60.925,0.058596635207222005
2026-08-21,28,683.0,PUT,0.9246223084043647,-0.09838129070158846,0.22811832592911468,2.25,2.27,2.26,0.008849557522123902
2026-08-21,28,683.0,CALL,0.9246223084043647,0.873030093165093,0.2620437218260796,58.2,61.77,59.985,0.05951487871967993
2026-08-21,28,684.0,PUT,0.9259760745952934,-0.10111737297745042,0.2269098591033459,2.31,2.33,2.3200000000000003,0.00862068965517242
2026-08-21,28,684.0,CALL,0.9259760745952934,0.8705266711609271,0.2595573942062675,57.26,60.83,59.045,0.06046235921754594
2026-08-21,28,685.0,CALL,0.9273298407862222,0.8651475628312469,0.2599343380361566,56.94,59.56,58.25,0.044978540772532265
2026-08-21,28,685.0,PUT,0.9273298407862222,-0.10388384556850987,0.22570250499817018,2.37,2.39,2.38,0.008403361344537823
2026-08-21,28,686.0,CALL,0.928683606977151,0.8651777920999325,0.25479792063854384,55.39,58.96,57.175,0.06243987756886752
2026-08-21,28,686.0,PUT,0.928683606977151,-0.10668053021497775,0.22449842330365125,2.43,2.45,2.4400000000000004,0.008196721311475415
2026-08-21,28,687.0,CALL,0.9300373731680798,0.8594174724366432,0.2554748125438168,54.77,58.02,56.395,0.05762922244879865
2026-08-21,28,687.0,PUT,0.9300373731680798,-0.10963309610244047,0.22344552500000958,2.49,2.52,2.505,0.01197604790419154
2026-08-21,28,688.0,PUT,0.9313911393590085,-0.11261841096451099,0.22238897444404454,2.56,2.58,2.5700000000000003,0.007782101167315181
2026-08-21,28,688.0,CALL,0.9313911393590085,0.8595317704337353,0.25015557629901336,53.53,57.09,55.31,0.06436449105044299
2026-08-21,28,689.0,CALL,0.9327449055499374,0.8411016656291758,0.2644674592539068,54.28,56.17,55.225,0.0342236306020824
2026-08-21,28,689.0,PUT,0.9327449055499374,-0.11575976015843138,0.22147811041325652,2.63,2.65,2.6399999999999997,0.007575757575757584
2026-08-21,28,690.0,PUT,0.9340986717408661,-0.11894994435162645,0.22052945491419032,2.7,2.72,2.71,0.007380073800738014
2026-08-21,28,690.0,CALL,0.9340986717408661,0.8518329699741785,0.24739729225880938,53.45,53.63,53.540000000000006,0.003361972357116169
2026-08-21,28,691.0,CALL,0.9354524379317949,0.8456548555812011,0.24837514837632613,51.23,54.32,52.775,0.05855045002368552
2026-08-21,28,691.0,PUT,0.9354524379317949,-0.12242472041321589,0.2190654512095558,2.78,2.8,2.79,0.007168458781362013
2026-08-21,28,692.0,PUT,0.9368062041227238,-0.12579243062213538,0.21698751690609894,2.85,2.88,2.865,0.010471204188481607
2026-08-21,28,692.0,CALL,0.9368062041227238,0.846922738816788,0.24161457197198002,49.83,53.4,51.614999999999995,0.06916594013368209
2026-08-21,28,693.0,PUT,0.9381599703136525,-0.12934481867672656,0.21501282234828634,2.93,2.96,2.9450000000000003,0.010186757215619627
2026-08-21,28,693.0,CALL,0.9381599703136525,0.8390324525044212,0.2442617584899372,49.39,52.48,50.935,0.06066555413762631
2026-08-21,28,694.0,CALL,0.9395137365045814,0.8399501209975063,0.23771396633430558,48.0,51.57,49.785,0.07170834588731546
2026-08-21,28,694.0,PUT,0.9395137365045814,-0.1329625010855543,0.21304272981311934,3.01,3.04,3.025,0.009917355371900909
2026-08-21,28,695.0,PUT,0.9408675026955101,-0.13676603497790368,0.2111755994997502,3.1,3.12,3.1100000000000003,0.0064308681672025775
2026-08-21,28,695.0,CALL,0.9408675026955101,0.8334748213022902,0.23879899557444118,47.4,50.65,49.025,0.06629270780214176
2026-08-21,28,696.0,CALL,0.9422212688864389,0.8327494354823933,0.2338307327211939,46.17,49.74,47.955,0.07444479199249297
2026-08-21,28,696.0,PUT,0.9422212688864389,-0.14075526085236323,0.2094111046863054,3.19,3.21,3.2,0.0062500000000000056
2026-08-21,28,697.0,CALL,0.9435750350773677,0.8307576100378072,0.2301393378003657,45.39,48.51,46.95,0.0664536741214057
2026-08-21,28,697.0,PUT,0.9435750350773677,-0.14481227948444972,0.2076506253673636,3.28,3.3,3.29,0.0060790273556231055
2026-08-21,28,698.0,CALL,0.9449288012682965,0.824847745802556,0.23045235505835202,44.36,47.94,46.15,0.07757313109425781
2026-08-21,28,698.0,PUT,0.9449288012682965,-0.149056319514803,0.2059915163416792,3.37,3.4,3.385,0.008862629246676457
2026-08-21,28,699.0,CALL,0.9462825674592252,0.8063158490129589,0.24534081817196585,45.16,47.04,46.099999999999994,0.04078091106290679
2026-08-21,28,699.0,PUT,0.9462825674592252,-0.15348403491397655,0.20443438817143886,3.47,3.5,3.4850000000000003,0.008608321377331363
2026-08-21,28,700.0,PUT,0.9476363336501541,-0.15786517642869907,0.20278348039644242,3.57,3.59,3.58,0.005586592178770954
2026-08-21,28,700.0,CALL,0.9476363336501541,0.8150125931619596,0.22893739535653748,44.35,44.53,44.44,0.0040504050405040445
2026-08-21,28,701.0,PUT,0.9489900998410828,-0.16265510388546112,0.20142992010867236,3.68,3.7,3.6900000000000004,0.00542005420054201
2026-08-21,28,701.0,CALL,0.9489900998410828,0.8120703417554903,0.2259489185246375,41.79,45.15,43.47,0.07729468599033815
2026-08-21,28,702.0,CALL,0.9503438660320116,0.8068559072100413,0.22539306658240024,40.89,44.36,42.625,0.08140762463343106
2026-08-21,28,702.0,PUT,0.9503438660320116,-0.16739857686336126,0.19998235271414486,3.78,3.81,3.795,0.007905138339921014
2026-08-21,28,703.0,PUT,0.9516976322229405,-0.17242902680188002,0.1987336113278784,3.9,3.92,3.91,0.005115089514066501
2026-08-21,28,703.0,CALL,0.9516976322229405,0.8022974708521661,0.22406338948116536,40.01,43.47,41.739999999999995,0.08289410637278394
2026-08-21,28,704.0,PUT,0.9530513984138692,-0.1775252121359086,0.19748698174400445,4.01,4.04,4.025,0.007453416149068384
2026-08-21,28,704.0,CALL,0.9530513984138692,0.796350522369526,0.22428576668049155,39.28,42.59,40.935,0.08085989984121172
2026-08-21,28,705.0,CALL,0.9544051646047981,0.7943506439259975,0.21986652049792993,38.32,41.46,39.89,0.07871647029330661
2026-08-21,28,705.0,PUT,0.9544051646047981,-0.18269262399574837,0.19623994146395968,4.13,4.15,4.140000000000001,0.004830917874396246
2026-08-21,28,706.0,CALL,0.9557589307957268,0.7850260863461894,0.22323171655467755,39.05,39.53,39.29,0.012216849071010536
2026-08-21,28,706.0,PUT,0.9557589307957268,-0.1881339297909446,0.19518998975385832,4.25,4.28,4.265000000000001,0.0070339976553341725
2026-08-21,28,707.0,PUT,0.9571126969866556,-0.1937353607744701,0.19423981211585098,4.38,4.41,4.395,0.006825938566552958
2026-08-21,28,707.0,CALL,0.9571126969866556,0.7806404242354228,0.22021161653818636,38.18,38.58,38.379999999999995,0.010422094841063018
2026-08-21,28,708.0,PUT,0.9584664631775844,-0.19940637777095602,0.19328162815084976,4.51,4.54,4.525,0.006629834254143701
2026-08-21,28,708.0,CALL,0.9584664631775844,0.7793008327179674,0.21424941644405948,35.57,38.97,37.269999999999996,0.09122618728199622
2026-08-21,28,709.0,CALL,0.9598202293685132,0.7695066607223678,0.21610580010585767,36.45,36.93,36.69,0.01308258381030245
2026-08-21,28,709.0,PUT,0.9598202293685132,-0.2052532496295486,0.19240667355586943,4.65,4.67,4.66,0.00429184549356214
2026-08-21,28,710.0,CALL,0.9611739955594419,0.7669012138223418,0.21104470138841108,34.08,37.2,35.64,0.08754208754208767
2026-08-21,28,710.0,PUT,0.9611739955594419,-0.2113059364812018,0.1915450117981275,4.79,4.81,4.8,0.004166666666666578
2026-08-21,28,711.0,CALL,0.9625277617503708,0.7595062590812212,0.21047733761809292,33.26,36.53,34.894999999999996,0.09370970053016202
2026-08-21,28,711.0,PUT,0.9625277617503708,-0.21756269038458628,0.18968036842335068,4.94,4.96,4.95,0.0040404040404039545
2026-08-21,28,712.0,CALL,0.9638815279412996,0.7549387634454549,0.20704906953558225,32.48,35.43,33.955,0.08687969371226632
2026-08-21,28,712.0,PUT,0.9638815279412996,-0.2237313266519271,0.18748787200231629,5.08,5.1,5.09,0.003929273084479288
2026-08-21,28,713.0,CALL,0.9652352941322283,0.7473681577237176,0.20648880197818406,31.58,34.84,33.21,0.09816320385426092
2026-08-21,28,713.0,PUT,0.9652352941322283,-0.23040526675614043,0.1855955506896404,5.24,5.26,5.25,0.0038095238095237284
2026-08-21,28,714.0,CALL,0.9665890603231572,0.7527079272638669,0.1931747528965751,30.52,32.67,31.595,0.06804874188953955
2026-08-21,28,714.0,PUT,0.9665890603231572,-0.23722000055246073,0.1837070661281889,5.4,5.42,5.41,0.0036968576709795883
2026-08-21,28,715.0,CALL,0.9679428265140859,0.7257618041468272,0.21253384221525307,31.26,33.16,32.21,0.05898789195901878
2026-08-21,28,715.0,PUT,0.9679428265140859,-0.2442656878261385,0.18189598040237565,5.56,5.59,5.574999999999999,0.005381165919282557
2026-08-21,28,716.0,PUT,0.9692965927050148,-0.2516197392207488,0.18023689474983742,5.74,5.76,5.75,0.0034782608695651434
2026-08-21,28,716.0,CALL,0.9692965927050148,0.7294576356801553,0.19926599625387692,28.86,32.33,30.595,0.11341722503677068
2026-08-21,28,717.0,PUT,0.9706503588959435,-0.2589468615919329,0.1784362459395512,5.9,5.93,5.915,0.005071851225697271
2026-08-21,28,717.0,CALL,0.9706503588959435,0.7211279799750228,0.19915786491097676,28.28,31.48,29.880000000000003,0.10709504685408297
2026-08-21,28,718.0,PUT,0.9720041250868723,-0.2667408799798302,0.1769333403134784,6.09,6.11,6.1,0.00327868852459024
2026-08-21,28,718.0,CALL,0.9720041250868723,0.7151940077349399,0.19628060623617755,27.26,30.69,28.975,0.11837791199309748
2026-08-21,28,719.0,CALL,0.9733578912778011,0.7090881576202537,0.1934108340788382,26.3,29.84,28.07,0.12611328820805126
2026-08-21,28,719.0,PUT,0.9733578912778011,-0.2746677817807244,0.1754350214410599,6.27,6.3,6.285,0.004773269689737509
2026-08-21,28,720.0,PUT,0.9747116574687299,-0.28296097011618576,0.17415741124567932,6.47,6.5,6.484999999999999,0.004626060138781843
2026-08-21,28,720.0,CALL,0.9747116574687299,0.7006161023748094,0.1931667737398407,27.26,27.43,27.345,0.006216858657889858
2026-08-21,28,721.0,PUT,0.9760654236596586,-0.2913957204239339,0.17287642335094563,6.67,6.7,6.6850000000000005,0.004487658937920755
2026-08-21,28,721.0,CALL,0.9760654236596586,0.6961519468285219,0.1879122335421844,24.69,27.86,26.275,0.1206470028544243
2026-08-21,28,722.0,PUT,0.9774191898505875,-0.29995532736797303,0.17159955849576153,6.87,6.9,6.885,0.00435729847494557
2026-08-21,28,722.0,CALL,0.9774191898505875,0.6847998655654389,0.1910860679254068,24.88,26.69,25.785,0.07019585030056243
2026-08-21,28,723.0,PUT,0.9787729560415163,-0.3089127846409124,0.17061342232216678,7.09,7.12,7.105,0.004222378606615095
2026-08-21,28,723.0,CALL,0.9787729560415163,0.6768678943835004,0.18990562249567494,24.1,25.89,24.995,0.07161432286457288
2026-08-21,28,724.0,CALL,0.980126722232445,0.6687891739132921,0.18880104601277578,23.32,25.1,24.21,0.07352333746385796
2026-08-21,28,724.0,PUT,0.980126722232445,-0.31801700359860374,0.16961111213662564,7.31,7.34,7.324999999999999,0.004095563139931775
2026-08-21,28,725.0,CALL,0.9814804884233739,0.6593736369259579,0.18827728447720085,23.25,23.86,23.555,0.025896837189556335
2026-08-21,28,725.0,PUT,0.9814804884233739,-0.3272788631175173,0.16858304906057864,7.53,7.56,7.545,0.003976143141152997
2026-08-21,28,726.0,PUT,0.9828342546143026,-0.33690572052243695,0.16735111499446878,7.76,7.8,7.779999999999999,0.005141388174807203
2026-08-21,28,726.0,CALL,0.9828342546143026,0.6519730685515945,0.18423009591170328,22.25,23.07,22.66,0.036187113857016784
2026-08-21,28,727.0,CALL,0.9841880208052314,0.6425447390492622,0.18271449001416523,21.56,22.37,21.965,0.03687684953334861
2026-08-21,28,727.0,PUT,0.9841880208052314,-0.34659533048002616,0.1650697229546194,8.0,8.04,8.02,0.0049875311720697195
2026-08-21,28,728.0,PUT,0.9855417869961602,-0.35666948305503143,0.1629164744459111,8.25,8.29,8.27,0.004836759371221179
2026-08-21,28,728.0,CALL,0.9855417869961602,0.6320705525670707,0.18265032825817556,20.76,22.01,21.385,0.058452186111760576
2026-08-21,28,729.0,PUT,0.986895553187089,-0.3670133954124537,0.16077044119838,8.5,8.54,8.52,0.004694835680751074
2026-08-21,28,729.0,CALL,0.986895553187089,0.6254565477777982,0.175865542628643,19.69,20.85,20.270000000000003,0.05722742969906265
2026-08-21,28,730.0,PUT,0.9882493193780179,-0.3778046784950667,0.15888261150217106,8.77,8.81,8.79,0.004550625711035373
2026-08-21,28,730.0,CALL,0.9882493193780179,0.6149741953336417,0.17506046819910986,19.55,19.71,19.630000000000003,0.008150789607743257
2026-08-21,28,731.0,CALL,0.9896030855689466,0.6042735815358486,0.1745086411138564,18.25,19.77,19.009999999999998,0.07995791688584954
2026-08-21,28,731.0,PUT,0.9896030855689466,-0.3889336456651998,0.15712635407870432,9.05,9.09,9.07,0.004410143329658119
2026-08-21,28,732.0,PUT,0.9909568517598754,-0.400319295018687,0.15537530589023535,9.33,9.37,9.35,0.0042780748663100695
2026-08-21,28,732.0,CALL,0.9909568517598754,0.5929511936770073,0.17527151642744818,17.95,19.04,18.494999999999997,0.05893484725601514
2026-08-21,28,733.0,CALL,0.9923106179508042,0.5839530634549128,0.16997771982245807,17.28,17.71,17.495,0.02457845098599598
2026-08-21,28,733.0,PUT,0.9923106179508042,-0.4120519838254731,0.15374808732844814,9.62,9.66,9.64,0.004149377593361091
2026-08-21,28,734.0,PUT,0.993664384141733,-0.4241108974691838,0.1522420638199105,9.92,9.96,9.940000000000001,0.004024144869215384
2026-08-21,28,734.0,CALL,0.993664384141733,0.5731947743732881,0.16831589709254907,16.56,17.01,16.785,0.026809651474531
2026-08-21,28,735.0,CALL,0.9950181503326617,0.5622249158541918,0.16665995453784274,16.0,16.15,16.075,0.00933125972006212
2026-08-21,28,735.0,PUT,0.9950181503326617,-0.43651135298607896,0.15098721989824987,10.24,10.28,10.26,0.003898635477582763
2026-08-21,28,736.0,CALL,0.9963719165235906,0.5508775185941733,0.1658172664016697,15.21,15.65,15.43,0.02851587815942965
2026-08-21,28,736.0,PUT,0.9963719165235906,-0.4491781574327887,0.149783816957506,10.56,10.61,10.585,0.004723665564477934
2026-08-21,28,737.0,CALL,0.9977256827145193,0.5395054986543085,0.16429582415152064,14.68,14.78,14.73,0.006788866259334667
2026-08-21,28,737.0,PUT,0.9977256827145193,-0.4621703005858176,0.1486769703660288,10.9,10.94,10.92,0.003663003663003585
2026-08-21,28,738.0,CALL,0.9990794489054481,0.5278852114299505,0.16339872115163848,14.06,14.1,14.08,0.0028409090909090303
2026-08-21,28,738.0,PUT,0.9990794489054481,-0.4754983105653822,0.14773709126614892,11.26,11.29,11.274999999999999,0.002660753880266019
2026-08-21,28,739.0,CALL,1.0004332150963768,0.5160729417581644,0.16124191301027974,13.41,13.45,13.43,0.002978406552494352
2026-08-21,28,739.0,PUT,1.0004332150963768,-0.4889430915196175,0.14545172102110085,11.6,11.65,11.625,0.004301075268817265
2026-08-21,28,740.0,CALL,1.0017869812873057,0.5038853294498385,0.15870177615137415,12.77,12.81,12.79,0.0031274433150899864
2026-08-21,28,740.0,PUT,1.0017869812873057,-0.5026917180894848,0.14313484985958133,11.98,12.02,12.0,0.0033333333333332624
2026-08-21,28,741.0,PUT,1.0031407474782346,-0.5168861170712313,0.1410079039632957,12.37,12.41,12.39,0.0032284100080710995
2026-08-21,28,741.0,CALL,1.0031407474782346,0.4913234644372322,0.15629471355316385,12.14,12.18,12.16,0.0032894736842104563
2026-08-21,28,742.0,CALL,1.0044945136691632,0.47843247904895214,0.15414295870900832,11.53,11.57,11.55,0.003463203463203543
2026-08-21,28,742.0,PUT,1.0044945136691632,-0.5315021321122164,0.13895075494939282,12.76,12.81,12.785,0.003910833007430638
2026-08-21,28,743.0,CALL,1.005848279860092,0.46522068601494204,0.15212266109176942,10.93,10.97,10.95,0.003652968036529765
2026-08-21,28,743.0,PUT,1.005848279860092,-0.5465411723501127,0.1370749493666713,13.17,13.22,13.195,0.0037893141341417743
2026-08-21,28,744.0,CALL,1.007202046051021,0.45170926575566883,0.15023319447401431,10.34,10.38,10.36,0.0038610038610039504
2026-08-21,28,744.0,PUT,1.007202046051021,-0.5619173472580192,0.13543076076488494,13.6,13.65,13.625,0.003669724770642254
2026-08-21,28,745.0,CALL,1.0085558122419498,0.437986582462247,0.14859582540765953,9.77,9.81,9.79,0.004085801838610922
2026-08-21,28,745.0,PUT,1.0085558122419498,-0.5777595104984802,0.13378207494540265,13.97,14.14,14.055,0.012095339736748483
2026-08-21,28,746.0,CALL,1.0099095784328784,0.42407658656907327,0.147148172577977,9.22,9.25,9.235,0.0032485110990795193
2026-08-21,28,746.0,PUT,1.0099095784328784,-0.5947414269902539,0.13143051180038529,14.04,14.82,14.43,0.05405405405405413
2026-08-21,28,747.0,CALL,1.0112633446238073,0.4100270100028809,0.14588905251723525,8.68,8.71,8.695,0.0034502587694078364
2026-08-21,28,747.0,PUT,1.0112633446238073,-0.6103151346271231,0.1311799752724555,13.7,16.26,14.98,0.17089452603471308
2026-08-21,28,748.0,PUT,1.0126171108147362,-0.6347706812754659,0.12293746264645325,14.19,15.72,14.955,0.10230692076228694
2026-08-21,28,748.0,CALL,1.0126171108147362,0.3958880680347817,0.14481724527125367,8.15,8.19,8.17,0.004895960832313237
2026-08-21,28,749.0,CALL,1.0139708770056648,0.3817118891557271,0.14393150404241697,7.64,7.68,7.66,0.005221932114882511
2026-08-21,28,749.0,PUT,1.0139708770056648,-0.6434245385432552,0.1276056988348913,14.7,17.28,15.99,0.16135084427767366
2026-08-21,28,750.0,CALL,1.0153246431965937,0.3674669369434478,0.1415892013899477,7.15,7.19,7.17,0.005578800557880061
2026-08-21,28,750.0,PUT,1.0153246431965937,-0.6597776368888898,0.12561694755353747,16.44,16.65,16.545,0.012692656391658947
2026-08-21,28,751.0,PUT,1.0166784093875225,-0.6767108828832196,0.1236833880318096,15.8,18.41,17.105,0.1525869628763519
2026-08-21,28,751.0,CALL,1.0166784093875225,0.35291007692261234,0.1391989806256676,6.68,6.71,6.695,0.004480955937266654
2026-08-21,28,752.0,CALL,1.0180321755784512,0.3380903330277206,0.13702668474726956,6.22,6.25,6.234999999999999,0.004811547714514876
2026-08-21,28,752.0,PUT,1.0180321755784512,-0.6947189441989577,0.12151234790930106,16.36,18.94,17.65,0.14617563739376782
2026-08-21,28,753.0,PUT,1.01938594176938,-0.7122709332787139,0.12000944836234613,16.93,19.56,18.244999999999997,0.14414908194025758
2026-08-21,28,753.0,CALL,1.01938594176938,0.3233350098592279,0.13527543346522403,5.79,5.82,5.805,0.005167958656330792
2026-08-21,28,754.0,PUT,1.0207397079603089,-0.7330083808902529,0.11731556138035586,17.56,19.96,18.759999999999998,0.12793176972281461
2026-08-21,28,754.0,CALL,1.0207397079603089,0.3083919996434678,0.13366968740562332,5.37,5.4,5.385,0.00557103064066857
2026-08-21,28,755.0,CALL,1.0220934741512375,0.2936234527404766,0.1324117996478476,4.98,5.0,4.99,0.004008016032064043
2026-08-21,28,755.0,PUT,1.0220934741512375,-0.7482812091442308,0.11747811977539559,19.38,19.59,19.485,0.010777521170130915
2026-08-21,28,756.0,CALL,1.0234472403421664,0.27892011884492834,0.1313636022876443,4.6,4.62,4.609999999999999,0.004338394793926348
2026-08-21,28,756.0,PUT,1.0234472403421664,-0.7659618671039436,0.11641164469433588,18.82,21.48,20.15,0.13200992555831267
2026-08-21,28,757.0,CALL,1.0248010065330952,0.2644763064710664,0.1305907701695735,4.24,4.26,4.25,0.004705882352941076
2026-08-21,28,757.0,PUT,1.0248010065330952,-0.7830775933277079,0.11397090853148473,19.5,22.16,20.83,0.12770043206913106
2026-08-21,28,758.0,CALL,1.026154772724024,0.2503867158956938,0.13009100065592055,3.9,3.92,3.91,0.005115089514066501
2026-08-21,28,758.0,PUT,1.026154772724024,-0.8005078792461423,0.11182819307545586,20.2,22.86,21.53,0.12354853692522062
2026-08-21,28,759.0,CALL,1.0275085389149528,0.23638787328407412,0.1277552036794975,3.57,3.6,3.585,0.008368200836820152
2026-08-21,28,759.0,PUT,1.0275085389149528,-0.8182924337999068,0.10995265228374995,20.92,23.58,22.25,0.11955056179775266
2026-08-21,28,760.0,CALL,1.0288623051058816,0.2226318734360557,0.1258245485482647,3.27,3.3,3.285,0.009132420091324141
2026-08-21,28,760.0,PUT,1.0288623051058816,-0.8452712385577704,0.10529802284656638,21.66,24.0,22.83,0.10249671484888305
2026-08-21,28,761.0,CALL,1.0302160712968103,0.20894731891990195,0.12416726225837624,2.99,3.01,3.0,0.006666666666666525
2026-08-21,28,761.0,PUT,1.0302160712968103,-0.841627499929552,0.11105027349827049,22.41,25.51,23.96,0.12938230383973295
2026-08-21,28,762.0,PUT,1.0315698374877391,-0.854381295214799,0.11118264355526199,23.19,26.41,24.8,0.1298387096774193
2026-08-21,28,762.0,CALL,1.0315698374877391,0.1956047566517534,0.12286715218408377,2.72,2.75,2.7350000000000003,0.010968921389396636
2026-08-21,28,763.0,PUT,1.032923603678668,-0.888601889941309,0.1036619399220161,25.07,25.63,25.35,0.022090729783037423
2026-08-21,28,763.0,CALL,1.032923603678668,0.18254342574004834,0.12183422432725019,2.47,2.5,2.4850000000000003,0.012072434607645795
2026-08-21,28,764.0,CALL,1.0342773698695966,0.16985581101635297,0.12106576134898879,2.24,2.26,2.25,0.0088888888888887
2026-08-21,28,764.0,PUT,1.0342773698695966,-0.905698553095629,0.10108614630632011,25.9,26.45,26.174999999999997,0.021012416427889237
2026-08-21,28,765.0,CALL,1.0356311360605255,0.15804518768383294,0.12073054507997368,2.03,2.05,2.04,0.00980392156862746
2026-08-21,28,765.0,PUT,1.0356311360605255,-0.9248268975819158,0.09865326606402769,26.76,27.28,27.020000000000003,0.019245003700962233
2026-08-21,28,766.0,PUT,1.0369849022514543,-0.9436816404009037,0.09639265527053861,27.62,28.15,27.884999999999998,0.01900663439124969
2026-08-21,28,766.0,CALL,1.0369849022514543,0.1465967050431037,0.12027979885179099,1.83,1.85,1.84,0.010869565217391313
2026-08-21,28,767.0,PUT,1.038338668442383,-0.9666591520885012,0.09349128071196701,28.51,29.05,28.78,0.018763029881862375
2026-08-21,28,767.0,CALL,1.038338668442383,0.13577613360968455,0.11841244526428772,1.65,1.67,1.66,0.012048192771084348
2026-08-21,28,768.0,CALL,1.0396924346333118,0.12510194821569506,0.11681338590142819,1.48,1.5,1.49,0.01342281879194632
2026-08-21,28,769.0,CALL,1.0410462008242407,0.11517343744013557,0.11573209128586677,1.33,1.35,1.34,0.01492537313432837
2026-08-21,28,770.0,CALL,1.0423999670151696,0.10560272358414503,0.11491037612342901,1.19,1.21,1.2,0.016666666666666684
2026-08-21,28,771.0,CALL,1.0437537332060982,0.0967443720754333,0.11447069498054646,1.07,1.08,1.0750000000000002,0.009302325581395356
2026-08-21,28,772.0,CALL,1.045107499397027,0.08840292396016865,0.11428395277735268,0.95,0.97,0.96,0.020833333333333353
2026-08-21,28,773.0,CALL,1.046461265587956,0.08063549596249138,0.1143477033958687,0.85,0.86,0.855,0.01169590643274855
2026-08-21,28,774.0,CALL,1.0478150317788846,0.07375189546980028,0.11355395160097034,0.76,0.77,0.765,0.013071895424836612
2026-08-21,28,775.0,CALL,1.0491687979698134,0.06702398344684327,0.11221740597959166,0.67,0.69,0.6799999999999999,0.029411764705882217
2026-08-21,28,776.0,CALL,1.0505225641607423,0.06082477212631143,0.11131657337695337,0.6,0.61,0.605,0.016528925619834725
2026-08-21,28,777.0,CALL,1.051876330351671,0.055239821547431886,0.1108456492757311,0.53,0.55,0.54,0.03703703703703707
2026-08-21,28,778.0,CALL,1.0532300965425998,0.04997518799604088,0.11058880230725521,0.47,0.49,0.48,0.041666666666666706
2026-08-21,28,779.0,CALL,1.0545838627335287,0.04506339035622212,0.1105437493259387,0.42,0.43,0.425,0.023529411764705903
2026-08-21,28,780.0,CALL,1.0559376289244573,0.040916404546398256,0.11091802075602004,0.37,0.39,0.38,0.05263157894736847
2026-08-21,28,781.0,CALL,1.0572913951153862,0.03718562487493354,0.111499381759385,0.33,0.35,0.33999999999999997,0.0588235294117646
2026-08-21,28,782.0,CALL,1.058645161306315,0.03345986166830122,0.11069029348173785,0.29,0.31,0.3,0.06666666666666674
2026-08-21,28,783.0,CALL,1.0599989274972437,0.030484809376322558,0.11016683432203365,0.26,0.28,0.27,0.07407407407407414
2026-08-21,28,784.0,CALL,1.0613526936881725,0.02790916311885584,0.11006031454173702,0.24,0.25,0.245,0.04081632653061228
2026-08-21,28,785.0,CALL,1.0627064598791014,0.02489055094067873,0.10954280125289471,0.21,0.22,0.215,0.046511627906976785
2026-08-21,28,786.0,CALL,1.06406022607003,0.022742939681411126,0.10984933782973005,0.19,0.2,0.195,0.05128205128205133
2026-08-21,28,787.0,CALL,1.065413992260959,0.020607219955426873,0.1101541610752932,0.17,0.18,0.175,0.05714285714285704
2026-08-21,28,788.0,CALL,1.0667677584518878,0.019395949351319105,0.11127501139643142,0.16,0.17,0.165,0.060606060606060656
2026-08-21,28,789.0,CALL,1.0681215246428164,0.01729633971561862,0.11157452799676129,0.14,0.15,0.14500000000000002,0.06896551724137917
2026-08-21,28,790.0,CALL,1.0694752908337453,0.016132872740837044,0.11268776510339439,0.13,0.14,0.135,0.07407407407407414
2026-08-21,28,791.0,CALL,1.0708290570246741,0.014991993974670345,0.11379709894660975,0.12,0.13,0.125,0.08000000000000007
2026-08-21,28,792.0,CALL,1.072182823215603,0.013869001095151294,0.11417796882013607,0.11,0.12,0.11499999999999999,0.0869565217391304
2026-08-21,28,793.0,CALL,1.0735365894065316,0.01274471008874429,0.11398972695188758,0.1,0.11,0.10500000000000001,0.09523809523809518
2026-08-21,28,794.0,CALL,1.0748903555974605,0.01161668258938394,0.1138026750314564,0.09,0.1,0.095,0.10526315789473693
2026-08-21,28,795.0,CALL,1.0762441217883894,0.011458948789869335,0.11550093836685586,0.09,0.1,0.095,0.10526315789473693
2026-08-21,28,796.0,CALL,1.077597887979318,0.010343620821668315,0.11530992905889251,0.08,0.09,0.08499999999999999,0.11764705882352937
2026-08-21,28,797.0,CALL,1.0789516541702469,0.010206581399027186,0.11699992688227033,0.08,0.09,0.08499999999999999,0.11764705882352937
2026-08-21,28,798.0,CALL,1.0803054203611757,0.009103479304969618,0.11680509419837787,0.07,0.08,0.07500000000000001,0.13333333333333325
2026-08-21,28,799.0,CALL,1.0816591865521044,0.008985955938757942,0.11848713704405617,0.07,0.08,0.07500000000000001,0.13333333333333325
2026-08-21,28,800.0,CALL,1.0830129527430332,0.007894636440055412,0.11828860696261641,0.06,0.07,0.065,0.15384615384615397
2026-08-21,28,805.0,CALL,1.089781783697677,0.006477369317684483,0.12475400472087865,0.05,0.06,0.055,0.18181818181818174
2026-08-21,28,810.0,CALL,1.0965506146523212,0.0051994717682151675,0.13114449564566985,0.04,0.05,0.045,0.22222222222222227
2026-08-21,28,815.0,CALL,1.103319445606965,0.0040187513191162726,0.13428366568289113,0.03,0.04,0.035,0.28571428571428575
2026-08-21,28,820.0,CALL,1.1100882765616091,0.0038235709399081453,0.14159048354981993,0.03,0.04,0.035,0.28571428571428575
2026-08-21,28,825.0,CALL,1.116857107516253,0.0027440692852657767,0.14370193147758303,0.02,0.03,0.025,0.3999999999999999
2026-08-21,28,830.0,CALL,1.1236259384708969,0.0026234656533464366,0.1508856504245131,0.02,0.03,0.025,0.3999999999999999
2026-08-21,28,835.0,CALL,1.130394769425541,0.0025144695231617132,0.15801881353717503,0.02,0.03,0.025,0.3999999999999999
2026-08-21,28,840.0,CALL,1.1371636003801848,0.0015619678126592362,0.15997454691228508,0.01,0.02,0.015,0.6666666666666667
2026-08-21,28,845.0,CALL,1.143932431334829,0.0015041904533280087,0.16700325675130342,0.01,0.02,0.015,0.6666666666666667
2026-08-21,28,850.0,CALL,1.1507012622894728,0.001451392921607138,0.1739873424121565,0.01,0.02,0.015,0.6666666666666667
2026-08-21,28,855.0,CALL,1.1574700932441166,0.0014029533101260405,0.1808606314615334,0.01,0.02,0.015,0.6666666666666667
2026-08-21,28,860.0,CALL,1.1642389241987607,0.0013581769230036126,0.1870911652746546,0.01,0.02,0.015,0.6666666666666667
2026-08-21,28,870.0,CALL,1.1777765861080487,0.0012777290243783969,0.1994254541636144,0.01,0.02,0.015,0.6666666666666667
2026-08-21,28,880.0,CALL,1.1913142480173364,0.0012074749428635156,0.2115977566204222,0.01,0.02,0.015,0.6666666666666667
2026-08-21,28,890.0,CALL,1.2048519099266244,0.001145576021595469,0.2236153655080424,0.0,0.01,0.005,
2026-08-21,28,900.0,CALL,1.2183895718359123,0.0010906030655818064,0.23548426032185904,0.0,0.01,0.005,
2026-08-21,28,905.0,CALL,1.2251584027905564,0.0010653767796043032,0.24136522033771707,0.0,0.01,0.005,
2026-08-21,28,910.0,CALL,1.2319272337452003,0.0010414759650466203,0.2472107933224524,0.0,0.01,0.005,
2026-08-21,28,915.0,CALL,1.2386960646998442,0.0010188072656857497,0.2530218599267488,0.0,0.01,0.005,
2026-08-21,28,920.0,CALL,1.2454648956544883,0.0009972771596316787,0.2587989830089066,0.0,0.01,0.005,
2026-08-21,28,925.0,CALL,1.2522337266091321,0.0009768014137497844,0.26454269865582175,0.0,0.01,0.005,
2026-08-21,28,930.0,CALL,1.2590025575637762,0.0009573039522230369,0.2702535187887418,0.0,0.01,0.005,
2026-08-21,28,935.0,CALL,1.26577138851842,0.0009387158873517904,0.2759319334587179,0.0,0.01,0.005,
2026-08-21,28,940.0,CALL,1.272540219473064,0.000920974685970033,0.281578412805082,0.0,0.01,0.005,
2026-08-21,28,945.0,CALL,1.279309050427708,0.0009040234497497698,0.2871934087849167,0.0,0.01,0.005,
2026-08-21,28,950.0,CALL,1.286077881382352,0.0008878102915724806,0.29277735668623084,0.0,0.01,0.005,
2026-08-21,28,955.0,CALL,1.292846712336996,0.0008722877932747608,0.2983306764610849,0.0,0.01,0.005,
2026-08-21,28,960.0,CALL,1.2996155432916399,0.0008574125325959823,0.30385377390322665,0.0,0.01,0.005,
2026-08-21,28,965.0,CALL,1.3063843742462837,0.0008431446692037778,0.30934704169074895,0.0,0.01,0.005,
2026-08-21,28,970.0,CALL,1.3131532052009278,0.000829454265544842,0.31481108651059286,0.0,0.01,0.005,
2026-08-21,28,975.0,CALL,1.3199220361555717,0.000816287545932874,0.32024559893160437,0.0,0.01,0.005,
2026-08-21,28,980.0,CALL,1.3266908671102158,0.0008036334563655754,0.32565161604865395,0.0,0.01,0.005,
2026-08-21,28,985.0,CALL,1.3334596980648596,0.000791456572555414,0.3310292602582306,0.0,0.01,0.005,
2026-08-21,28,990.0,CALL,1.3402285290195035,0.0007797302993445072,0.336378870804895,0.0,0.01,0.005,
2026-08-21,28,995.0,CALL,1.3469973599741476,0.0007684299893743572,0.34170077813503835,0.0,0.01,0.005,
2026-08-21,28,1000.0,CALL,1.3537661909287915,0.0007575327673812867,0.3469953043917115,0.0,0.01,0.005,
2026-08-28,35,500.0,PUT,0.6768830954643957,-0.005455090268974511,0.519602009080266,0.22,0.23,0.225,0.04444444444444448
2026-08-28,35,510.0,PUT,0.6904207573736837,-0.006218754821777561,0.5018777054531692,0.24,0.26,0.25,0.08000000000000007
2026-08-28,35,515.0,PUT,0.6971895883283277,-0.006670447135837177,0.49377657639852723,0.26,0.27,0.265,0.03773584905660381
2026-08-28,35,520.0,PUT,0.7039584192829715,-0.007034295823088681,0.4845231790841957,0.27,0.28,0.275,0.03636363636363639
2026-08-28,35,525.0,PUT,0.7107272502376155,-0.007820502160376027,0.4802906960617193,0.3,0.31,0.305,0.03278688524590167
2026-08-28,35,530.0,PUT,0.7174960811922595,-0.008215259735803985,0.4712040791228802,0.31,0.32,0.315,0.03174603174603177
2026-08-28,35,530.0,CALL,0.7174960811922595,0.9699749160626304,0.6039579632956094,209.22,212.62,210.92000000000002,0.016119855869524014
2026-08-28,35,535.0,PUT,0.7242649121469035,-0.008829869080044867,0.4646486039544871,0.33,0.34,0.335,0.02985074626865674
2026-08-28,35,540.0,PUT,0.7310337431015475,-0.009461779022605645,0.45814777335671714,0.35,0.36,0.355,0.028169014084507067
2026-08-28,35,545.0,PUT,0.7378025740561914,-0.010116271124165797,0.44869095303099193,0.37,0.38,0.375,0.02666666666666669
2026-08-28,35,550.0,PUT,0.7445714050108353,-0.011006787471427004,0.4393264111776852,0.4,0.41,0.405,0.024691358024691242
2026-08-28,35,555.0,PUT,0.7513402359654793,-0.011722085244487642,0.4290261086657261,0.42,0.43,0.425,0.023529411764705903
2026-08-28,35,560.0,PUT,0.7581090669201233,-0.01268657104537305,0.419847773349702,0.45,0.46,0.455,0.021978021978021997
2026-08-28,35,565.0,PUT,0.7648778978747672,-0.013692300867274205,0.4107586263977298,0.48,0.49,0.485,0.020618556701030948
2026-08-28,35,575.0,CALL,0.7784155597840551,0.9592055335037939,0.4864014219021793,164.61,168.04,166.325,0.020622275665113356
2026-08-28,35,575.0,PUT,0.7784155597840551,-0.015836344941993655,0.3928435894531294,0.54,0.55,0.545,0.018348623853211024
2026-08-28,35,580.0,CALL,0.7851843907386991,0.9572180953979894,0.475684855520529,159.72,163.09,161.405,0.020879154920851302
2026-08-28,35,580.0,PUT,0.7851843907386991,-0.01709208190598237,0.38451902033069246,0.57,0.59,0.58,0.03448275862068969
2026-08-28,35,585.0,PUT,0.791953221693343,-0.018400815670892044,0.37627542025248095,0.61,0.62,0.615,0.016260162601626032
2026-08-28,35,590.0,PUT,0.798722052647987,-0.019879300184544556,0.3686110690668682,0.65,0.66,0.655,0.015267175572519097
2026-08-28,35,590.0,CALL,0.798722052647987,0.954025805387308,0.4511006519474993,149.78,153.21,151.495,0.02264101125449689
2026-08-28,35,595.0,PUT,0.805490883602631,-0.021531774405768648,0.361519511035843,0.69,0.71,0.7,0.0285714285714286
2026-08-28,35,600.0,PUT,0.8122597145572749,-0.023247695336651674,0.354495999255473,0.74,0.75,0.745,0.01342281879194632
2026-08-28,35,605.0,PUT,0.8190285455119188,-0.0252593941208569,0.34851139735023196,0.79,0.81,0.8,0.025000000000000022
2026-08-28,35,610.0,PUT,0.8257973764665628,-0.02735863441146453,0.3396798734674024,0.85,0.86,0.855,0.01169590643274855
2026-08-28,35,615.0,PUT,0.8325662074212068,-0.029684576365580036,0.329802392052572,0.91,0.92,0.915,0.010928961748633888
2026-08-28,35,615.0,CALL,0.8325662074212068,0.9423646472407866,0.398103724749376,125.14,128.57,126.85499999999999,0.027038745023846067
2026-08-28,35,620.0,PUT,0.8393350383758508,-0.032266606018657065,0.3202604274228198,0.97,0.99,0.98,0.02040816326530614
2026-08-28,35,625.0,PUT,0.8461038693304948,-0.035120640998915646,0.311050951353307,1.04,1.06,1.05,0.019047619047619063
2026-08-28,35,630.0,PUT,0.8528727002851386,-0.03862332019416365,0.3028966989290042,1.13,1.15,1.14,0.017543859649122823
2026-08-28,35,635.0,PUT,0.8596415312397826,-0.04231408893154624,0.29482187516254155,1.22,1.24,1.23,0.016260162601626032
2026-08-28,35,635.0,CALL,0.8596415312397826,0.927033175185853,0.35268193816828297,105.74,108.96,107.35,0.02999534233814624
2026-08-28,35,640.0,CALL,0.8664103621944266,0.92425601813941,0.33834623411671483,100.66,104.09,102.375,0.03350427350427357
2026-08-28,35,640.0,PUT,0.8664103621944266,-0.046446343782473296,0.2873068849945842,1.32,1.34,1.33,0.015037593984962419
2026-08-28,35,645.0,CALL,0.8731791931490706,0.9186380103321801,0.3282416193771664,95.87,99.23,97.55000000000001,0.034443874935930284
2026-08-28,35,645.0,PUT,0.8731791931490706,-0.05127179960362884,0.28082151517427073,1.44,1.46,1.45,0.013793103448275874
2026-08-28,35,650.0,CALL,0.8799480241037145,0.9133738967886905,0.31714068279398333,90.99,94.38,92.685,0.03657549765334197
2026-08-28,35,650.0,PUT,0.8799480241037145,-0.05655836633788337,0.27486795019330046,1.57,1.59,1.58,0.012658227848101276
2026-08-28,35,655.0,CALL,0.8867168550583584,0.9065228268317218,0.3080445534345322,86.23,89.55,87.89,0.03777449084082368
2026-08-28,35,655.0,PUT,0.8867168550583584,-0.06270844163538589,0.26749555303884703,1.72,1.75,1.7349999999999999,0.017291066282420765
2026-08-28,35,660.0,PUT,0.8934856860130024,-0.06971642640231301,0.2583031334398747,1.9,1.92,1.91,0.010471204188481685
2026-08-28,35,665.0,CALL,0.9002545169676464,0.892539864839201,0.2886353198212605,76.52,79.97,78.245,0.04409227426672634
2026-08-28,35,665.0,PUT,0.9002545169676464,-0.07769805212377938,0.24974787947799298,2.09,2.12,2.105,0.014251781472684204
2026-08-28,35,670.0,CALL,0.9070233479222903,0.8838695264735208,0.2806165483256121,71.74,75.22,73.47999999999999,0.04735982580293963
2026-08-28,35,670.0,PUT,0.9070233479222903,-0.08704668823289755,0.24222847020627963,2.32,2.35,2.335,0.012847965738758137
2026-08-28,35,675.0,CALL,0.9137921788769343,0.8844515962250241,0.2579605925602107,67.11,69.22,68.16499999999999,0.030954302061175085
2026-08-28,35,675.0,PUT,0.9137921788769343,-0.0977729900207754,0.23573512303056957,2.59,2.61,2.5999999999999996,0.0076923076923077005
2026-08-28,35,680.0,CALL,0.9205610098315782,0.8598261901945919,0.26218390072240183,62.64,65.82,64.22999999999999,0.049509574964969535
2026-08-28,35,680.0,PUT,0.9205610098315782,-0.10998166353522186,0.23037264446561576,2.89,2.92,2.9050000000000002,0.010327022375215078
2026-08-28,35,685.0,CALL,0.9273298407862222,0.8490684490378053,0.24947307799668242,57.7,61.19,59.445,0.05870973168475052
2026-08-28,35,685.0,PUT,0.9273298407862222,-0.12382202669346884,0.22415222246011385,3.24,3.27,3.255,0.009216589861751093
2026-08-28,35,690.0,CALL,0.9340986717408661,0.8334015174826248,0.24093897505470427,53.16,56.62,54.89,0.06303516123155403
2026-08-28,35,690.0,PUT,0.9340986717408661,-0.13968684809180637,0.21524118724590197,3.64,3.67,3.6550000000000002,0.008207934336525254
2026-08-28,35,691.0,PUT,0.9354524379317949,-0.14322257625238488,0.21364732258555344,3.73,3.76,3.745,0.008010680907877116
2026-08-28,35,692.0,PUT,0.9368062041227238,-0.146810845474,0.21205734970287388,3.82,3.85,3.835,0.007822685788787549
2026-08-28,35,693.0,PUT,0.9381599703136525,-0.15065329242535028,0.21064788529373904,3.92,3.95,3.935,0.007623888182973379
2026-08-28,35,694.0,CALL,0.9395137365045814,0.8196895383025261,0.2346012056553423,49.54,53.0,51.269999999999996,0.0674858591769066
2026-08-28,35,694.0,PUT,0.9395137365045814,-0.1543481598071019,0.2090655825276149,4.01,4.04,4.025,0.007453416149068384
2026-08-28,35,695.0,PUT,0.9408675026955101,-0.15829603704202513,0.207663408822964,4.11,4.14,4.125,0.0072727272727271175
2026-08-28,35,696.0,PUT,0.9422212688864389,-0.16249175824179157,0.20644088012815506,4.22,4.25,4.234999999999999,0.007083825265643507
2026-08-28,35,696.0,CALL,0.9422212688864389,0.8101255620852268,0.23425305282794254,48.03,51.21,49.620000000000005,0.06408706166868197
2026-08-28,35,697.0,PUT,0.9435750350773677,-0.16654438022621643,0.20504576500641972,4.32,4.35,4.335,0.006920415224913348
2026-08-28,35,698.0,CALL,0.9449288012682965,0.8035195480490267,0.23032997425951926,46.09,49.44,47.765,0.07013503611430952
2026-08-28,35,698.0,PUT,0.9449288012682965,-0.1708435194584726,0.20382946154797527,4.43,4.46,4.445,0.006749156355455623
2026-08-28,35,699.0,PUT,0.9462825674592252,-0.1751993305145957,0.2026129660737375,4.54,4.57,4.555,0.006586169045005544
2026-08-28,35,700.0,PUT,0.9476363336501541,-0.17979438088132124,0.20157371561362492,4.66,4.69,4.675000000000001,0.006417112299465293
2026-08-28,35,700.0,CALL,0.9476363336501541,0.7844983787828649,0.24034323396993396,45.94,47.67,46.805,0.036961863048819654
2026-08-28,35,701.0,CALL,0.9489900998410828,0.7805092732698663,0.2379270423671241,45.05,46.79,45.92,0.03789198606271781
2026-08-28,35,701.0,PUT,0.9489900998410828,-0.18443634442128032,0.20053735151628416,4.78,4.81,4.795,0.0062565172054221815
2026-08-28,35,702.0,PUT,0.9503438660320116,-0.18912692893447375,0.19950358887849157,4.9,4.93,4.915,0.006103763987792342
2026-08-28,35,703.0,CALL,0.9516976322229405,0.7840522612249186,0.22137061616345285,41.58,44.95,43.265,0.07789206055703235
2026-08-28,35,703.0,PUT,0.9516976322229405,-0.19396272553531152,0.1985529019530372,5.02,5.06,5.039999999999999,0.007936507936507945
2026-08-28,35,704.0,PUT,0.9530513984138692,-0.198943556505958,0.19768474804870453,5.15,5.19,5.17,0.00773694390715668
2026-08-28,35,705.0,CALL,0.9544051646047981,0.7634173746759418,0.22864610723588918,41.49,43.32,42.405,0.04315528829147502
2026-08-28,35,705.0,PUT,0.9544051646047981,-0.20407286849300127,0.1968861009923647,5.29,5.32,5.305,0.005655042412818143
2026-08-28,35,706.0,PUT,0.9557589307957268,-0.20929050317210682,0.1960099530867086,5.42,5.46,5.4399999999999995,0.007352941176470595
2026-08-28,35,707.0,PUT,0.9571126969866556,-0.21460274518167652,0.19424114082690686,5.56,5.6,5.58,0.007168458781362013
2026-08-28,35,707.0,CALL,0.9571126969866556,0.7652317094596345,0.21277142363246707,37.99,41.6,39.795,0.09071491393391128
2026-08-28,35,708.0,PUT,0.9584664631775844,-0.2200574369585624,0.19233330196919837,5.71,5.74,5.725,0.005240174672489127
2026-08-28,35,708.0,CALL,0.9584664631775844,0.7586066760665504,0.21231944252409193,37.36,40.75,39.055,0.08680066572781976
2026-08-28,35,709.0,PUT,0.9598202293685132,-0.2257025531131934,0.19049569887400286,5.86,5.89,5.875,0.005106382978723296
2026-08-28,35,710.0,CALL,0.9611739955594419,0.7411161785003562,0.21596309503785077,37.19,38.65,37.92,0.03850210970464137
2026-08-28,35,710.0,PUT,0.9611739955594419,-0.2314609255273349,0.188661622077922,6.01,6.04,6.025,0.004979253112033236
2026-08-28,35,711.0,PUT,0.9625277617503708,-0.23748427879675815,0.18696484871275829,6.17,6.2,6.1850000000000005,0.004850444624090581
2026-08-28,35,711.0,CALL,0.9625277617503708,0.742398478468074,0.20682458910307133,34.82,38.22,36.519999999999996,0.0930996714129244
2026-08-28,35,712.0,PUT,0.9638815279412996,-0.24361704048877278,0.18527291965668793,6.33,6.36,6.345000000000001,0.004728132387706895
2026-08-28,35,712.0,CALL,0.9638815279412996,0.7357744609789987,0.20612039833464765,34.14,37.38,35.760000000000005,0.09060402684563762
2026-08-28,35,713.0,PUT,0.9652352941322283,-0.2500099259653246,0.18371726481689854,6.5,6.53,6.515000000000001,0.004604758250191902
2026-08-28,35,714.0,PUT,0.9665890603231572,-0.25651182251664334,0.18216658274158506,6.67,6.7,6.6850000000000005,0.004487658937920755
2026-08-28,35,714.0,CALL,0.9665890603231572,0.7247970429252218,0.2019630163138386,32.34,35.72,34.03,0.09932412577137806
2026-08-28,35,715.0,CALL,0.9679428265140859,0.7187999187144188,0.2002857022753981,31.49,34.9,33.195,0.10272631420394639
2026-08-28,35,715.0,PUT,0.9679428265140859,-0.26326366848484545,0.18075185675621377,6.85,6.88,6.865,0.004369992716678842
2026-08-28,35,716.0,CALL,0.9692965927050148,0.7118245009178802,0.19966013694428558,30.88,34.0,32.44,0.09617755856966712
2026-08-28,35,716.0,PUT,0.9692965927050148,-0.2701939859457419,0.17940591959780403,7.03,7.07,7.050000000000001,0.005673758865248232
2026-08-28,35,717.0,CALL,0.9706503588959435,0.706451539276052,0.1970102448563773,29.79,33.27,31.53,0.11037107516650821
2026-08-28,35,717.0,PUT,0.9706503588959435,-0.2771059143572162,0.17792932085915186,7.21,7.24,7.225,0.004152249134948132
2026-08-28,35,718.0,PUT,0.9720041250868723,-0.2843984165640636,0.17671470913618842,7.4,7.44,7.42,0.005390835579514829
2026-08-28,35,718.0,CALL,0.9720041250868723,0.6987581844021715,0.19710928458711166,29.19,32.47,30.83,0.10638987998702555
2026-08-28,35,719.0,CALL,0.9733578912778011,0.6932424474184856,0.19433993626756643,28.26,31.56,29.91,0.11033099297893671
2026-08-28,35,719.0,PUT,0.9733578912778011,-0.2917922422000356,0.17550369054233506,7.6,7.63,7.615,0.003939592908732797
2026-08-28,35,720.0,CALL,0.9747116574687299,0.6853560289727716,0.19457306243086026,28.25,30.19,29.22,0.0663928815879535
2026-08-28,35,720.0,PUT,0.9747116574687299,-0.29941186823437893,0.17442599135617465,7.8,7.84,7.82,0.005115089514066501
2026-08-28,35,721.0,CALL,0.9760654236596586,0.6784349316055888,0.19344050005888466,27.46,29.39,28.425,0.06789797713280561
2026-08-28,35,721.0,PUT,0.9760654236596586,-0.30720206267508654,0.17340716962239766,8.01,8.05,8.030000000000001,0.004981320049813315
2026-08-28,35,722.0,CALL,0.9774191898505875,0.6713473180134858,0.19244112185008844,26.68,28.6,27.64,0.06946454413892915
2026-08-28,35,722.0,PUT,0.9774191898505875,-0.3151731542524828,0.17244243491554992,8.23,8.26,8.245000000000001,0.003638568829593615
2026-08-28,35,723.0,CALL,0.9787729560415163,0.6640845286073136,0.1907032947454088,25.91,27.82,26.865000000000002,0.07109622184999069
2026-08-28,35,723.0,PUT,0.9787729560415163,-0.32331577987644217,0.17152275533125164,8.45,8.48,8.465,0.003544004725339768
2026-08-28,35,724.0,CALL,0.980126722232445,0.6566549454181431,0.1884245636452801,25.14,27.04,26.09,0.072824837102338
2026-08-28,35,724.0,PUT,0.980126722232445,-0.33168767845558755,0.17056265252046943,8.67,8.71,8.690000000000001,0.0046029919447642025
2026-08-28,35,725.0,CALL,0.9814804884233739,0.6489309275479821,0.1863221908982247,24.83,25.83,25.33,0.03947887879984209
2026-08-28,35,725.0,PUT,0.9814804884233739,-0.34015496571568493,0.1685953961283554,8.9,8.95,8.925,0.005602240896358424
2026-08-28,35,726.0,CALL,0.9828342546143026,0.6411041408642901,0.18411309553277644,23.62,25.5,24.560000000000002,0.07654723127035826
2026-08-28,35,726.0,PUT,0.9828342546143026,-0.3488311604800786,0.16655308115225217,9.14,9.19,9.165,0.005455537370430872
2026-08-28,35,727.0,PUT,0.9841880208052314,-0.3577634034849574,0.16457415732804637,9.39,9.43,9.41,0.0042507970244419924
2026-08-28,35,727.0,CALL,0.9841880208052314,0.6329869678297206,0.18207993354979746,22.87,24.74,23.805,0.0785549254358327
2026-08-28,35,728.0,CALL,0.9855417869961602,0.624656419875824,0.18010940305690565,22.13,23.98,23.055,0.08024289741921499
2026-08-28,35,728.0,PUT,0.9855417869961602,-0.36699845250496654,0.16271358379189862,9.64,9.69,9.665,0.005173305742369265
2026-08-28,35,729.0,CALL,0.986895553187089,0.6160548985307948,0.1783138501263569,21.4,23.24,22.32,0.08243727598566307
2026-08-28,35,729.0,PUT,0.986895553187089,-0.3765170805443451,0.16097229453021694,9.91,9.95,9.93,0.004028197381671616
2026-08-28,35,730.0,CALL,0.9882493193780179,0.6072802839369726,0.17652408763260083,20.67,22.5,21.585,0.08478109798471152
2026-08-28,35,730.0,PUT,0.9882493193780179,-0.38628003119957394,0.15929249290845707,10.18,10.22,10.2,0.003921568627451071
2026-08-28,35,731.0,CALL,0.9896030855689466,0.5981566582650084,0.1751327342581046,20.77,21.0,20.884999999999998,0.011012688532439571
2026-08-28,35,731.0,PUT,0.9896030855689466,-0.3962975108518829,0.15767189766445067,10.45,10.5,10.475,0.004773269689737538
2026-08-28,35,732.0,CALL,0.9909568517598754,0.5873468088838011,0.17783231354322665,20.06,21.04,20.549999999999997,0.04768856447688567
2026-08-28,35,732.0,PUT,0.9909568517598754,-0.40662892906228276,0.15621517924439315,10.74,10.79,10.765,0.004644681839293909
2026-08-28,35,733.0,CALL,0.9923106179508042,0.5796625586890185,0.17180514777152664,18.54,20.33,19.435,0.09210187805505528
2026-08-28,35,733.0,PUT,0.9923106179508042,-0.41716849318953964,0.15476022136913395,11.03,11.08,11.055,0.0045228403437359305
2026-08-28,35,734.0,CALL,0.993664384141733,0.5700679496159715,0.17042888391967415,17.85,19.62,18.735,0.09447558046437148
2026-08-28,35,734.0,PUT,0.993664384141733,-0.42800317686548706,0.15353104255999828,11.34,11.39,11.365,0.00439947206335246
2026-08-28,35,735.0,CALL,0.9950181503326617,0.5600213980518397,0.17033858910150776,17.75,18.55,18.15,0.04407713498622594
2026-08-28,35,735.0,PUT,0.9950181503326617,-0.4390378990733663,0.1522986846854459,11.65,11.7,11.675,0.004282655246252585
2026-08-28,35,736.0,CALL,0.9963719165235906,0.5496523801463437,0.1720833845428239,17.23,18.23,17.73,0.05640157924421884
2026-08-28,35,736.0,PUT,0.9963719165235906,-0.4503872405687723,0.15126365193011515,11.98,12.03,12.004999999999999,0.004164931278633814
2026-08-28,35,737.0,CALL,0.9977256827145193,0.5402955901976103,0.16677323789875984,16.61,16.74,16.674999999999997,0.007796101949025429
2026-08-28,35,737.0,PUT,0.9977256827145193,-0.46193647453406467,0.15021099772085084,12.31,12.36,12.335,0.0040535062829346515
2026-08-28,35,738.0,CALL,0.9990794489054481,0.5300667246201592,0.16585896019409105,15.95,16.08,16.015,0.008117389946924696
2026-08-28,35,738.0,PUT,0.9990794489054481,-0.4738092551525319,0.14928510593279612,12.66,12.71,12.685,0.0039416633819472375
2026-08-28,35,739.0,CALL,1.0004332150963768,0.5196740230872395,0.1640231973259043,15.35,15.4,15.375,0.0032520325203252497
2026-08-28,35,739.0,PUT,1.0004332150963768,-0.4857081212057598,0.14733302396732817,13.02,13.07,13.045,0.0038328861632810052
2026-08-28,35,740.0,PUT,1.0017869812873057,-0.49786759818809484,0.14510059728642735,13.38,13.43,13.405000000000001,0.003729951510630282
2026-08-28,35,740.0,CALL,1.0017869812873057,0.5089899268956058,0.16163888466906376,14.7,14.75,14.725,0.0033955857385399467
2026-08-28,35,741.0,CALL,1.0031407474782346,0.4980245588265224,0.15953921097826387,14.08,14.12,14.1,0.002836879432624053
2026-08-28,35,741.0,PUT,1.0031407474782346,-0.5103499861015802,0.1431534979400581,13.76,13.82,13.79,0.004350978970268347
2026-08-28,35,742.0,PUT,1.0044945136691632,-0.5231975138833574,0.14126380253434823,14.15,14.21,14.18,0.00423131170662909
2026-08-28,35,742.0,CALL,1.0044945136691632,0.4867910901126081,0.1575577766456256,13.46,13.51,13.485,0.0037078235076009594
2026-08-28,35,743.0,CALL,1.005848279860092,0.4752889818157743,0.15563919757072783,12.85,12.9,12.875,0.0038834951456311233
2026-08-28,35,743.0,PUT,1.005848279860092,-0.5363652140553707,0.1395397795639036,14.56,14.61,14.585,0.003428179636612885
2026-08-28,35,744.0,CALL,1.007202046051021,0.46356150841404276,0.15389275389047163,12.26,12.3,12.280000000000001,0.0032573289902280878
2026-08-28,35,744.0,PUT,1.007202046051021,-0.5498658857445891,0.13791387939768332,14.97,15.03,15.0,0.003999999999999915
2026-08-28,35,745.0,PUT,1.0085558122419498,-0.5636523824535294,0.13644965711393797,15.4,15.46,15.43,0.0038885288399222616
2026-08-28,35,745.0,CALL,1.0085558122419498,0.45161579866631835,0.15226288419573447,11.67,11.72,11.695,0.004275331338178769
2026-08-28,35,746.0,PUT,1.0099095784328784,-0.577725757255973,0.13509108094020636,15.84,15.9,15.870000000000001,0.003780718336483963
2026-08-28,35,746.0,CALL,1.0099095784328784,0.4395006852951509,0.1508034708357135,11.1,11.15,11.125,0.004494382022471974
2026-08-28,35,747.0,CALL,1.0112633446238073,0.42721850874604084,0.1494591234199097,10.54,10.59,10.565,0.004732607666824488
2026-08-28,35,747.0,PUT,1.0112633446238073,-0.5921481574396883,0.1338015866658877,15.25,17.39,16.32,0.1311274509803922
2026-08-28,35,748.0,PUT,1.0126171108147362,-0.6067160224589669,0.13275672179136758,15.71,17.88,16.795,0.12920512057159858
2026-08-28,35,748.0,CALL,1.0126171108147362,0.41486891047405017,0.14833766848900928,10.0,10.05,10.025,0.0049875311720698964
2026-08-28,35,749.0,CALL,1.0139708770056648,0.40241967530495754,0.147329408230373,9.47,9.52,9.495000000000001,0.005265929436545438
2026-08-28,35,749.0,PUT,1.0139708770056648,-0.6207883030116207,0.1324362337679933,15.64,19.05,17.345,0.19659844335543386
2026-08-28,35,750.0,CALL,1.0153246431965937,0.3899445844565995,0.14648762594249212,8.96,9.0,8.98,0.004454342984409705
2026-08-28,35,750.0,PUT,1.0153246431965937,-0.6388572457823287,0.1274951736793777,16.21,19.0,17.605,0.15847770519738705
2026-08-28,35,751.0,PUT,1.0166784093875225,-0.6505151603311501,0.12808224471795876,16.62,20.08,18.35,0.18855585831062655
2026-08-28,35,751.0,CALL,1.0166784093875225,0.37746032307419747,0.14510174674554538,8.46,8.5,8.48,0.004716981132075371
2026-08-28,35,752.0,PUT,1.0180321755784512,-0.6635717176011704,0.12759958624887371,17.4,20.62,19.009999999999998,0.16938453445554985
2026-08-28,35,752.0,CALL,1.0180321755784512,0.36472189089563184,0.14278290262157556,7.97,8.01,7.99,0.005006257822277852
2026-08-28,35,753.0,CALL,1.01938594176938,0.3519580177800046,0.14084316040325784,7.51,7.55,7.529999999999999,0.005312084993359899
2026-08-28,35,753.0,PUT,1.01938594176938,-0.6797033684666464,0.1251859552850291,17.74,21.29,19.515,0.18191135024340255
2026-08-28,35,754.0,CALL,1.0207397079603089,0.3388391057121401,0.13891338998126462,7.05,7.09,7.07,0.005657708628005662
2026-08-28,35,754.0,PUT,1.0207397079603089,-0.6962159487927115,0.12299328282654456,18.34,21.74,20.04,0.1696606786427145
2026-08-28,35,755.0,PUT,1.0220934741512375,-0.7139410054762201,0.12058741057570438,18.94,22.16,20.55,0.1566909975669099
2026-08-28,35,755.0,CALL,1.0220934741512375,0.32582599508933013,0.1373589343693837,6.62,6.66,6.640000000000001,0.006024096385542173
2026-08-28,35,756.0,PUT,1.0234472403421664,-0.7273342775893472,0.12067214145719386,19.6,22.93,21.265,0.1565953444627321
2026-08-28,35,756.0,CALL,1.0234472403421664,0.31268794330094335,0.1359340254790344,6.2,6.24,6.220000000000001,0.0064308681672025775
2026-08-28,35,757.0,CALL,1.0248010065330952,0.2995502563943723,0.13469820582740466,5.8,5.83,5.8149999999999995,0.005159071367153955
2026-08-28,35,757.0,PUT,1.0248010065330952,-0.7411179250598287,0.12064572037278673,20.17,23.78,21.975,0.16427758816837312
2026-08-28,35,758.0,PUT,1.026154772724024,-0.7594624133624651,0.11868340378821446,20.84,24.25,22.545,0.15125304945664225
2026-08-28,35,758.0,CALL,1.026154772724024,0.2865661590613644,0.1337102822805893,5.41,5.45,5.43,0.007366482504604059
2026-08-28,35,759.0,PUT,1.0275085389149528,-0.7753034481852158,0.11660726164553413,21.51,24.9,23.205,0.1460892049127342
2026-08-28,35,759.0,CALL,1.0275085389149528,0.27381040388837413,0.13296821194307293,5.05,5.08,5.0649999999999995,0.005923000987166881
2026-08-28,35,760.0,PUT,1.0288623051058816,-0.7866559711001044,0.11641697081894486,22.4,25.62,24.009999999999998,0.13411078717201178
2026-08-28,35,760.0,CALL,1.0288623051058816,0.26113527154428107,0.13235000180512171,4.69,4.73,4.710000000000001,0.008492569002123149
2026-08-28,35,761.0,CALL,1.0302160712968103,0.24879496504187174,0.1314224668156643,4.36,4.39,4.375,0.006857142857142711
2026-08-28,35,761.0,PUT,1.0302160712968103,-0.8058249909067575,0.11306311167236566,22.92,26.33,24.625,0.13847715736040594
2026-08-28,35,762.0,CALL,1.0315698374877391,0.23649204450235353,0.12939182675667668,4.04,4.07,4.055,0.007398273736128298
2026-08-28,35,762.0,PUT,1.0315698374877391,-0.8174895450524674,0.1130267474384889,23.83,27.06,25.445,0.1269404598152879
2026-08-28,35,763.0,PUT,1.032923603678668,-0.8340791519216941,0.11125386972446526,24.52,27.81,26.165,0.1257404930250334
2026-08-28,35,763.0,CALL,1.032923603678668,0.22434216594483603,0.1276846782484901,3.74,3.77,3.755,0.007989347536617791
2026-08-28,35,764.0,PUT,1.0342773698695966,-0.8484875517042235,0.11043141841498766,25.32,28.58,26.95,0.12096474953617804
2026-08-28,35,764.0,CALL,1.0342773698695966,0.21244409116677512,0.12629775146894248,3.46,3.49,3.475,0.008633093525179927
2026-08-28,35,765.0,PUT,1.0356311360605255,-0.8645212288601768,0.10934274874111971,25.98,29.48,27.73,0.12621709340064913
2026-08-28,35,765.0,CALL,1.0356311360605255,0.20059025396696034,0.1250736669608934,3.19,3.22,3.205,0.009360374414976676
2026-08-28,35,766.0,CALL,1.0369849022514543,0.18915144580024185,0.12416442814044201,2.94,2.97,2.955,0.010152284263959475
2026-08-28,35,766.0,PUT,1.0369849022514543,-0.8794970240569715,0.10844370857061028,26.79,30.29,28.54,0.12263489838822705
2026-08-28,35,767.0,PUT,1.038338668442383,-0.8866906944989654,0.10892217356305499,27.81,31.12,29.465,0.11233667062616672
2026-08-28,35,767.0,CALL,1.038338668442383,0.17788472161600796,0.1234138186452643,2.7,2.73,2.715,0.011049723756906006
2026-08-28,35,768.0,PUT,1.0396924346333118,-0.907670830898974,0.10447664729042512,28.47,31.96,30.215,0.11550554360417017
2026-08-28,35,768.0,CALL,1.0396924346333118,0.1671897410802446,0.12297290457261098,2.48,2.51,2.495,0.012024048096192307
2026-08-28,35,769.0,PUT,1.0410462008242407,-0.9420611662240616,0.09723572080018435,29.34,32.48,30.909999999999997,0.10158524749272071
2026-08-28,35,769.0,CALL,1.0410462008242407,0.15678599230116622,0.12268667959844941,2.27,2.3,2.285,0.013129102844638864
2026-08-28,35,770.0,CALL,1.0423999670151696,0.14708117070832288,0.12217282796885458,2.08,2.11,2.0949999999999998,0.01431980906921232
2026-08-28,35,770.0,PUT,1.0423999670151696,-0.9372943765706074,0.101363245240314,30.22,33.7,31.96,0.1088861076345433
2026-08-28,35,771.0,CALL,1.0437537332060982,0.13755710025974827,0.12052725902355234,1.9,1.93,1.915,0.015665796344647532
2026-08-28,35,771.0,PUT,1.0437537332060982,-0.952541847819402,0.09989027359785468,31.12,34.6,32.86,0.10590383444917835
2026-08-28,35,772.0,CALL,1.045107499397027,0.12819777630570253,0.11911933495385271,1.73,1.76,1.745,0.01719197707736391
2026-08-28,35,772.0,PUT,1.045107499397027,-0.9753207319373817,0.09626639061968854,32.04,35.48,33.76,0.10189573459715634
2026-08-28,35,773.0,CALL,1.046461265587956,0.11951369974991156,0.1181706699799025,1.58,1.61,1.5950000000000002,0.0188087774294671
2026-08-28,35,773.0,PUT,1.046461265587956,-0.9848570641939055,0.09458112376017325,32.98,36.46,34.72,0.1002304147465439
2026-08-28,35,774.0,CALL,1.0478150317788846,0.11092348933012848,0.11734036925790131,1.44,1.46,1.45,0.013793103448275874
2026-08-28,35,775.0,CALL,1.0491687979698134,0.10294006926331072,0.1168499237230168,1.31,1.33,1.32,0.015151515151515164
2026-08-28,35,776.0,CALL,1.0505225641607423,0.09539046902395404,0.11658470190835608,1.19,1.21,1.2,0.016666666666666684
2026-08-28,35,777.0,CALL,1.051876330351671,0.08832082792418734,0.11654251687662284,1.08,1.1,1.09,0.018348623853211024
2026-08-28,35,778.0,CALL,1.0532300965425998,0.08177162079885267,0.116721406807043,0.98,1.0,0.99,0.02020202020202022
2026-08-28,35,779.0,CALL,1.0545838627335287,0.07574882862052097,0.11613822921003564,0.89,0.91,0.9,0.02222222222222224
2026-08-28,35,780.0,CALL,1.0559376289244573,0.07016810645505321,0.11515450490531695,0.81,0.83,0.8200000000000001,0.024390243902438907
2026-08-28,35,781.0,CALL,1.0572913951153862,0.06449109236293396,0.11417820111440177,0.73,0.75,0.74,0.027027027027027053
2026-08-28,35,782.0,CALL,1.058645161306315,0.05932857543344037,0.11358427697638758,0.66,0.68,0.67,0.02985074626865674
2026-08-28,35,783.0,CALL,1.0599989274972437,0.054740531342591665,0.11336816601155965,0.6,0.62,0.61,0.03278688524590167
2026-08-28,35,784.0,CALL,1.0613526936881725,0.050135074231375684,0.11315343589237346,0.54,0.56,0.55,0.03636363636363639
2026-08-28,35,785.0,CALL,1.0627064598791014,0.046169167812771285,0.11331141940190714,0.49,0.51,0.5,0.040000000000000036
2026-08-28,35,790.0,CALL,1.0694752908337453,0.030529553890909267,0.11307646000962682,0.3,0.32,0.31,0.06451612903225812
2026-08-28,35,795.0,CALL,1.0762441217883894,0.020461605718125397,0.11374965113699431,0.19,0.21,0.2,0.09999999999999995
2026-08-28,35,800.0,CALL,1.0830129527430332,0.014607781707154878,0.11780860385658225,0.13,0.15,0.14,0.14285714285714277
2026-08-28,35,805.0,CALL,1.089781783697677,0.010992706794319358,0.11951261066835868,0.1,0.11,0.10500000000000001,0.09523809523809518
2026-08-28,35,810.0,CALL,1.0965506146523212,0.008763568764294582,0.12365263717517333,0.08,0.09,0.08499999999999999,0.11764705882352937
2026-08-28,35,815.0,CALL,1.103319445606965,0.006678322557540543,0.12772744526524943,0.06,0.07,0.065,0.15384615384615397
2026-08-28,35,820.0,CALL,1.1100882765616091,0.0055497932276328595,0.13338960173419004,0.05,0.06,0.055,0.18181818181818174
2026-08-28,35,825.0,CALL,1.116857107516253,0.004505942669694098,0.13715952571180257,0.04,0.05,0.045,0.22222222222222227
2026-08-28,35,830.0,CALL,1.1236259384708969,0.0034986911932248757,0.1391173715044406,0.03,0.04,0.035,0.28571428571428575
2026-08-28,35,835.0,CALL,1.130394769425541,0.0033549301601880598,0.14552939697910688,0.03,0.04,0.035,0.28571428571428575
2026-08-28,35,840.0,CALL,1.1371636003801848,0.002419929563806326,0.14739614177340107,0.02,0.03,0.025,0.3999999999999999
2026-08-28,35,845.0,CALL,1.143932431334829,0.0023292934321956643,0.15370610887344696,0.02,0.03,0.025,0.3999999999999999
2026-08-28,35,850.0,CALL,1.1507012622894728,0.0022462876588156115,0.15997357122104877,0.02,0.03,0.025,0.3999999999999999
2026-08-28,35,855.0,CALL,1.1574700932441166,0.001793402768896236,0.16395052971111457,0.01,0.03,0.02,0.9999999999999998
2026-08-28,35,860.0,CALL,1.1642389241987607,0.0013612551490496927,0.16676623399598375,0.01,0.02,0.015,0.6666666666666667
2026-08-28,35,865.0,CALL,1.1710077551534046,0.0013193138317739125,0.17232431606874704,0.01,0.02,0.015,0.6666666666666667
2026-08-28,35,870.0,CALL,1.1777765861080487,0.0012802333058312713,0.17784395067321482,0.01,0.02,0.015,0.6666666666666667
2026-08-28,35,875.0,CALL,1.1845454170626926,0.0012437269005644365,0.18332618169358472,0.01,0.02,0.015,0.6666666666666667
2026-08-28,35,880.0,CALL,1.1913142480173364,0.001209545412934986,0.18877196185909387,0.01,0.02,0.015,0.6666666666666667
2026-08-28,35,885.0,CALL,1.1980830789719805,0.0011774711252059077,0.19418216576375813,0.01,0.02,0.015,0.6666666666666667
2026-08-28,35,895.0,CALL,1.2116207408812685,0.0011189024087967427,0.2048990150254375,0.01,0.02,0.015,0.6666666666666667
2026-08-28,35,900.0,CALL,1.2183895718359123,0.001092090428032458,0.2102071066478094,0.0,0.01,0.005,
2026-08-31,38,445.0,PUT,0.6024259549633122,-0.0026825870584703164,0.6024302705711687,0.12,0.13,0.125,0.08000000000000007
2026-08-31,38,450.0,PUT,0.6091947859179562,-0.002912471823197373,0.5976617223512892,0.13,0.14,0.135,0.07407407407407414
2026-08-31,38,455.0,PUT,0.6159636168726002,-0.0029717084407518434,0.5857894625315859,0.13,0.14,0.135,0.07407407407407414
2026-08-31,38,460.0,CALL,0.6227324478272441,0.9790403966612725,0.7711902771059578,278.78,282.28,280.53,0.012476383987452324
2026-08-31,38,460.0,PUT,0.6227324478272441,-0.003212042032230304,0.5756997595430424,0.14,0.15,0.14500000000000002,0.06896551724137917
2026-08-31,38,465.0,PUT,0.6295012787818881,-0.00346050145235516,0.5657233557510357,0.15,0.16,0.155,0.06451612903225812
2026-08-31,38,470.0,PUT,0.636270109736532,-0.003717385397495,0.5558580638206535,0.16,0.17,0.165,0.060606060606060656
2026-08-31,38,475.0,PUT,0.643038940691176,-0.003983007630038868,0.546101772039644,0.17,0.18,0.175,0.05714285714285704
2026-08-31,38,480.0,PUT,0.6498077716458199,-0.00435159617878266,0.5376901609150861,0.18,0.2,0.19,0.10526315789473693
2026-08-31,38,480.0,CALL,0.6498077716458199,0.9769788082036344,0.7175219527781531,258.9,262.4,260.65,0.013427968540187993
2026-08-31,38,485.0,PUT,0.6565766026004639,-0.004636838841492809,0.5281397766918372,0.19,0.21,0.2,0.09999999999999995
2026-08-31,38,485.0,CALL,0.6565766026004639,0.9763743521982784,0.704993344506412,253.94,257.43,255.685,0.013649607915990415
2026-08-31,38,490.0,PUT,0.6633454335551079,-0.005027573293302809,0.5199181339007581,0.21,0.22,0.215,0.046511627906976785
2026-08-31,38,495.0,PUT,0.6701142645097518,-0.0053339019848567685,0.5105664474141275,0.22,0.23,0.225,0.04444444444444448
2026-08-31,38,495.0,CALL,0.6701142645097518,0.975164775682882,0.6786114304949266,244.0,247.5,245.75,0.014242115971515769
2026-08-31,38,500.0,PUT,0.6768830954643957,-0.005748292765262143,0.5025281838932725,0.23,0.25,0.24,0.0833333333333333
2026-08-31,38,500.0,CALL,0.6768830954643957,0.9735324692045497,0.6686528411597245,239.63,242.12,240.875,0.010337311883757173
2026-08-31,38,505.0,PUT,0.6836519264190397,-0.006175435895946878,0.4945763389525954,0.25,0.26,0.255,0.03921568627450984
2026-08-31,38,505.0,CALL,0.6836519264190397,0.9738155625718662,0.649605923870618,234.07,237.57,235.82,0.014841828513272835
2026-08-31,38,510.0,PUT,0.6904207573736837,-0.006713967273619616,0.48791137538004314,0.27,0.28,0.275,0.03636363636363639
2026-08-31,38,510.0,CALL,0.6904207573736837,0.9730469701737111,0.6355786567178038,229.11,232.61,230.86,0.015160703456640388
2026-08-31,38,515.0,CALL,0.6971895883283277,0.9721345418141494,0.6221988716260014,224.13,227.69,225.91,0.01575848789340889
2026-08-31,38,515.0,PUT,0.6971895883283277,-0.007069663100907556,0.478926243012834,0.28,0.29,0.28500000000000003,0.035087719298245446
2026-08-31,38,520.0,CALL,0.7039584192829715,0.9711290668697026,0.6092051324722195,219.21,222.72,220.965,0.0158848686443554
2026-08-31,38,520.0,PUT,0.7039584192829715,-0.007636987803730769,0.4724157427325789,0.3,0.31,0.305,0.03278688524590167
2026-08-31,38,525.0,CALL,0.7107272502376155,0.9706798307127843,0.5938344827602052,214.22,217.72,215.97,0.01620595453072186
2026-08-31,38,525.0,PUT,0.7107272502376155,-0.008120008671854799,0.4647902885614458,0.31,0.33,0.32,0.06250000000000006
2026-08-31,38,530.0,PUT,0.7174960811922595,-0.008717941852489534,0.4584227269301795,0.33,0.35,0.33999999999999997,0.0588235294117646
2026-08-31,38,535.0,CALL,0.7242649121469035,0.968735056058275,0.5675151296499905,204.31,207.81,206.06,0.016985344074541397
2026-08-31,38,535.0,PUT,0.7242649121469035,-0.009432090988777831,0.4532706692397849,0.36,0.37,0.365,0.02739726027397263
2026-08-31,38,540.0,PUT,0.7310337431015475,-0.01006848212786642,0.44383060331999236,0.38,0.39,0.385,0.025974025974025997
2026-08-31,38,540.0,CALL,0.7310337431015475,0.967766222280149,0.5543002078859096,199.35,202.85,201.1,0.0174042764793635
2026-08-31,38,545.0,PUT,0.7378025740561914,-0.010729899719110163,0.43375142848937404,0.4,0.41,0.405,0.024691358024691242
2026-08-31,38,545.0,CALL,0.7378025740561914,0.9656722572884103,0.5453982503409696,194.98,197.47,196.225,0.012689514587845632
2026-08-31,38,550.0,PUT,0.7445714050108353,-0.011627859902641341,0.42476326387505114,0.43,0.44,0.435,0.022988505747126457
2026-08-31,38,550.0,CALL,0.7445714050108353,0.9645350741227116,0.5326631385730904,190.03,192.51,191.26999999999998,0.012965964343598002
2026-08-31,38,555.0,PUT,0.7513402359654793,-0.012458460207280385,0.41536918925241306,0.45,0.47,0.45999999999999996,0.04347826086956514
2026-08-31,38,555.0,CALL,0.7513402359654793,0.9632841112445775,0.5202935967318361,185.07,187.57,186.32,0.013417775869471876
2026-08-31,38,560.0,CALL,0.7581090669201233,0.961979739362969,0.508041616562524,180.12,182.62,181.37,0.013783977504548713
2026-08-31,38,560.0,PUT,0.7581090669201233,-0.013431496013261027,0.40655896805399283,0.48,0.5,0.49,0.04081632653061228
2026-08-31,38,565.0,CALL,0.7648778978747672,0.9606187725596149,0.49590543736100223,175.17,177.67,176.42,0.014170728942296793
2026-08-31,38,565.0,PUT,0.7648778978747672,-0.01455259175781407,0.3983253934571319,0.52,0.53,0.525,0.019047619047619063
2026-08-31,38,570.0,CALL,0.7716467288294112,0.9591977696518754,0.4838833703758719,170.22,172.72,171.47,0.014579809879279175
2026-08-31,38,570.0,PUT,0.7716467288294112,-0.015611120953416402,0.3896846856229234,0.55,0.56,0.555,0.018018018018018032
2026-08-31,38,575.0,CALL,0.7784155597840551,0.9587011427000519,0.46861297816471836,164.7,168.2,166.45,0.021027335536197057
2026-08-31,38,575.0,PUT,0.7784155597840551,-0.016715138676003268,0.3811282601257842,0.58,0.59,0.585,0.01709401709401711
2026-08-31,38,580.0,CALL,0.7851843907386991,0.9558762030364744,0.4611313131390823,160.34,162.84,161.59,0.015471254409307507
2026-08-31,38,580.0,PUT,0.7851843907386991,-0.018087153077290318,0.3736238068515669,0.62,0.63,0.625,0.016000000000000014
2026-08-31,38,585.0,PUT,0.791953221693343,-0.019512943598121932,0.3661937412489048,0.66,0.67,0.665,0.015037593984962419
2026-08-31,38,585.0,CALL,0.791953221693343,0.9541028333441823,0.44991445536716,155.4,157.9,156.65,0.015959144589849983
2026-08-31,38,590.0,CALL,0.798722052647987,0.9522481826900244,0.438801932422982,150.46,152.96,151.71,0.01647880825258717
2026-08-31,38,590.0,PUT,0.798722052647987,-0.021215626819619464,0.35979802567179453,0.71,0.72,0.715,0.013986013986014
2026-08-31,38,595.0,PUT,0.805490883602631,-0.022757613476196613,0.3525091806140855,0.75,0.76,0.755,0.013245033112582794
2026-08-31,38,595.0,CALL,0.805490883602631,0.9501594673213545,0.4282647768525212,145.53,148.03,146.78,0.017032293227960214
2026-08-31,38,600.0,CALL,0.8122597145572749,0.9480497481748951,0.41759058642678254,140.59,143.1,141.845,0.01769537170855505
2026-08-31,38,600.0,PUT,0.8122597145572749,-0.024583032002696154,0.34623848360810955,0.8,0.81,0.805,0.012422360248447215
2026-08-31,38,605.0,CALL,0.8190285455119188,0.9456141133102128,0.4077181265128879,135.67,138.18,136.925,0.018331203213438153
2026-08-31,38,605.0,PUT,0.8190285455119188,-0.026598244500221243,0.3387881774067274,0.85,0.87,0.86,0.023255813953488393
2026-08-31,38,610.0,CALL,0.8257973764665628,0.9430679203120362,0.3979380653840786,130.75,133.26,132.005,0.019014431271542676
2026-08-31,38,610.0,PUT,0.8257973764665628,-0.02881940615432427,0.3292229237333355,0.91,0.93,0.92,0.021739130434782625
2026-08-31,38,615.0,PUT,0.8325662074212068,-0.03128219388239711,0.31998263633177143,0.98,0.99,0.985,0.0101522842639594
2026-08-31,38,615.0,CALL,0.8325662074212068,0.9399460232769099,0.3885222933580448,125.43,128.8,127.11500000000001,0.026511426660897647
2026-08-31,38,616.0,PUT,0.8339199736121355,-0.03183693594188388,0.3182391682089998,0.99,1.01,1.0,0.020000000000000018
2026-08-31,38,616.0,CALL,0.8339199736121355,0.9409509609797857,0.38302524668257765,124.28,127.78,126.03,0.027771165595493138
2026-08-31,38,617.0,PUT,0.8352737398030644,-0.032397616116189375,0.3164990577876665,1.01,1.02,1.0150000000000001,0.00985221674876848
2026-08-31,38,618.0,CALL,0.8366275059939932,0.9380078177910937,0.3812975067242578,122.5,125.86,124.18,0.027057497181510706
2026-08-31,38,618.0,PUT,0.8366275059939932,-0.03296431591285081,0.31476230237298597,1.02,1.04,1.03,0.019417475728155355
2026-08-31,38,619.0,CALL,0.8379812721849219,0.9383040371910929,0.3772434664292815,121.4,124.88,123.14,0.0282605164853012
2026-08-31,38,619.0,PUT,0.8379812721849219,-0.03353711828261166,0.31302889942246354,1.04,1.05,1.045,0.00956937799043063
2026-08-31,38,620.0,PUT,0.8393350383758508,-0.03411610764995785,0.3112988465505274,1.05,1.07,1.06,0.018867924528301903
2026-08-31,38,620.0,CALL,0.8393350383758508,0.9386084751930472,0.3731957150846863,120.35,123.85,122.1,0.028665028665028666
2026-08-31,38,621.0,PUT,0.8406888045667795,-0.03470136994434644,0.3095721415309881,1.07,1.08,1.0750000000000002,0.009302325581395356
2026-08-31,38,622.0,CALL,0.8420425707577083,0.9362033094350047,0.3702077676257743,118.49,121.93,120.21000000000001,0.02861658763829974
2026-08-31,38,622.0,PUT,0.8420425707577083,-0.035292992632180685,0.30784878229050905,1.08,1.1,1.09,0.018348623853211024
2026-08-31,38,623.0,PUT,0.8433963369486371,-0.03589106474960953,0.30612876692548435,1.1,1.11,1.105,0.009049773755656116
2026-08-31,38,624.0,CALL,0.8447501031395659,0.9352644504099737,0.3646917442051244,116.48,119.97,118.225,0.029519983083104207
2026-08-31,38,624.0,PUT,0.8447501031395659,-0.03649567693656929,0.3044120936952935,1.11,1.13,1.12,0.017857142857142672
2026-08-31,38,625.0,CALL,0.8461038693304948,0.9341054748517418,0.3630764200970285,115.55,119.0,117.275,0.029418034534214477
2026-08-31,38,625.0,PUT,0.8461038693304948,-0.03722287719812261,0.3029324044283773,1.13,1.15,1.14,0.017543859649122823
2026-08-31,38,626.0,PUT,0.8474576355214235,-0.03784106465468852,0.30122223733715975,1.15,1.16,1.1549999999999998,0.008658008658008667
2026-08-31,38,626.0,CALL,0.8474576355214235,0.9345423472990892,0.3587943028336833,114.47,117.98,116.225,0.030200043020004348
2026-08-31,38,627.0,CALL,0.8488114017123523,0.9318365545670093,0.359721685170747,113.7,117.04,115.37,0.028950333708936495
2026-08-31,38,627.0,PUT,0.8488114017123523,-0.03846611437654388,0.2995153269291896,1.16,1.18,1.17,0.01709401709401711
2026-08-31,38,628.0,CALL,0.8501651679032811,0.9330636138545055,0.3541170530146553,112.52,116.02,114.27,0.030629211516583533
2026-08-31,38,628.0,PUT,0.8501651679032811,-0.039214539660597895,0.29804476025431803,1.18,1.2,1.19,0.016806722689075647
2026-08-31,38,629.0,PUT,0.8515189340942099,-0.039970222056491624,0.2965771412059009,1.2,1.22,1.21,0.016528925619834725
2026-08-31,38,629.0,CALL,0.8515189340942099,0.930245002864869,0.35518136835731456,111.76,115.08,113.42,0.029271733380356137
2026-08-31,38,630.0,PUT,0.8528727002851386,-0.0407332292921906,0.2951124921392583,1.22,1.24,1.23,0.016260162601626032
2026-08-31,38,630.0,CALL,0.8528727002851386,0.9304044317905684,0.3513203685911706,110.66,114.11,112.38499999999999,0.030698046892378903
2026-08-31,38,631.0,PUT,0.8542264664760675,-0.04150364351409643,0.2936508186657135,1.24,1.26,1.25,0.016000000000000014
2026-08-31,38,632.0,PUT,0.8555802326669962,-0.04216511460734446,0.29195978631873953,1.26,1.27,1.2650000000000001,0.007905138339920955
2026-08-31,38,632.0,CALL,0.8555802326669962,0.9299927464907679,0.34481305426217435,108.61,112.11,110.36,0.03171438927147517
2026-08-31,38,633.0,PUT,0.856933998857925,-0.04295061980871822,0.2905042504902577,1.28,1.29,1.2850000000000001,0.007782101167315181
2026-08-31,38,633.0,CALL,0.856933998857925,0.9280041958007528,0.34442372444135044,107.73,111.18,109.45500000000001,0.031519802658626854
2026-08-31,38,634.0,CALL,0.8582877650488538,0.9278994913110832,0.34098279185775693,106.71,110.16,108.435,0.0318162954765528
2026-08-31,38,634.0,PUT,0.8582877650488538,-0.04386021913800227,0.2892836471309216,1.3,1.32,1.31,0.015267175572519097
2026-08-31,38,635.0,CALL,0.8596415312397826,0.926877198000985,0.3390067371764307,105.71,109.23,107.47,0.03275332650972374
2026-08-31,38,635.0,PUT,0.8596415312397826,-0.044661159029896966,0.28783387201822336,1.32,1.34,1.33,0.015037593984962419
2026-08-31,38,636.0,CALL,0.8609952974307115,0.9260096906739914,0.33676928157116315,104.74,108.25,106.495,0.032959293863561716
2026-08-31,38,636.0,PUT,0.8609952974307115,-0.04546996153448229,0.28638707116074363,1.34,1.36,1.35,0.014814814814814828
2026-08-31,38,637.0,CALL,0.8623490636216402,0.9241342714157956,0.3361251904018102,103.88,107.28,105.58,0.032203068763023354
2026-08-31,38,637.0,PUT,0.8623490636216402,-0.046286721916205475,0.2849432446974349,1.36,1.38,1.37,0.014598540145985252
2026-08-31,38,638.0,PUT,0.863702829812569,-0.047111536874241945,0.28350239290628576,1.38,1.4,1.39,0.014388489208633108
2026-08-31,38,638.0,CALL,0.863702829812569,0.923158762407889,0.3340270969159891,102.91,106.31,104.61,0.03250167288022183
2026-08-31,38,639.0,PUT,0.8650565960034978,-0.048060532652135765,0.28229551476809234,1.41,1.42,1.415,0.007067137809187285
2026-08-31,38,639.0,CALL,0.8650565960034978,0.9227542112671219,0.3310072473372548,101.88,105.33,103.60499999999999,0.03329955117996239
2026-08-31,38,640.0,CALL,0.8664103621944266,0.921756122369104,0.328917624808275,101.37,103.9,102.635,0.024650460369269753
2026-08-31,38,640.0,PUT,0.8664103621944266,-0.04901790051441938,0.2810903536755673,1.43,1.45,1.44,0.013888888888888902
2026-08-31,38,641.0,PUT,0.8677641283853553,-0.04986782845764922,0.27965712657670466,1.45,1.47,1.46,0.013698630136986314
2026-08-31,38,641.0,CALL,0.8677641283853553,0.9207458432139587,0.3268318922383331,100.4,102.93,101.665,0.024885653863178096
2026-08-31,38,642.0,PUT,0.8691178945762842,-0.05095712493852953,0.27868725210742196,1.48,1.5,1.49,0.01342281879194632
2026-08-31,38,642.0,CALL,0.8691178945762842,0.9198071966428198,0.3246180934412309,99.43,101.95,100.69,0.02502731155030287
2026-08-31,38,643.0,CALL,0.8704716607672129,0.9187720886956395,0.32254023523123715,98.46,100.98,99.72,0.025270758122743785
2026-08-31,38,643.0,PUT,0.8704716607672129,-0.05182399681898937,0.2772594608151713,1.5,1.52,1.51,0.013245033112582794
2026-08-31,38,644.0,PUT,0.8718254269581417,-0.05292918583136326,0.2762943394166997,1.53,1.55,1.54,0.012987012987012998
2026-08-31,38,644.0,CALL,0.8718254269581417,0.9178085814275085,0.3203345011055119,97.48,100.01,98.745,0.025621550458251062
2026-08-31,38,645.0,CALL,0.8731791931490706,0.9167477909100104,0.3182645143816885,96.51,99.04,97.775,0.025875735106110978
2026-08-31,38,645.0,PUT,0.8731791931490706,-0.05392803026374159,0.27510091015871246,1.56,1.57,1.565,0.006389776357827482
2026-08-31,38,646.0,CALL,0.8745329593399993,0.9155890414500473,0.3163299822733464,95.54,98.08,96.81,0.026236958991839605
2026-08-31,38,646.0,PUT,0.8745329593399993,-0.0549364789680059,0.2739071926875291,1.58,1.6,1.59,0.012578616352201269
2026-08-31,38,647.0,PUT,0.8758867255309282,-0.056067266749136015,0.2729448497850693,1.61,1.63,1.62,0.012345679012345552
2026-08-31,38,647.0,CALL,0.8758867255309282,0.914501387332044,0.3142676713034835,94.11,97.57,95.84,0.036101836393989915
2026-08-31,38,648.0,CALL,0.8772404917218569,0.913315116213081,0.3123406170456635,93.61,96.14,94.875,0.02666666666666668
2026-08-31,38,648.0,PUT,0.8772404917218569,-0.05720891676303207,0.2719757253289166,1.64,1.66,1.65,0.012121212121212133
2026-08-31,38,649.0,CALL,0.8785942579127857,0.9121997006363248,0.31028598328911683,92.64,95.17,93.905,0.026942122357701943
2026-08-31,38,649.0,PUT,0.8785942579127857,-0.05836345942780526,0.27098917696005725,1.67,1.69,1.68,0.011904761904761916
2026-08-31,38,650.0,CALL,0.8799480241037145,0.9109850106830985,0.3083664092850478,91.67,94.21,92.94,0.027329459866580506
2026-08-31,38,650.0,PUT,0.8799480241037145,-0.05954136952808774,0.26975820582706067,1.7,1.72,1.71,0.01169590643274855
2026-08-31,38,651.0,CALL,0.8813017902946433,0.909755738727598,0.30645052641865944,90.71,93.24,91.975,0.02750747485729819
2026-08-31,38,651.0,PUT,0.8813017902946433,-0.060708182608280904,0.2678386218125763,1.73,1.75,1.74,0.011494252873563229
2026-08-31,38,652.0,CALL,0.882655556485572,0.9084265271083618,0.30466930155054583,89.74,92.29,91.015,0.028017359775861245
2026-08-31,38,652.0,PUT,0.882655556485572,-0.06189148291670204,0.26592277795061037,1.76,1.78,1.77,0.011299435028248598
2026-08-31,38,653.0,CALL,0.8840093226765009,0.9071673520813179,0.30276070388075355,88.78,91.32,90.05,0.028206551915602354
2026-08-31,38,653.0,PUT,0.8840093226765009,-0.06309163991677093,0.2640107470533435,1.79,1.81,1.8,0.01111111111111112
2026-08-31,38,654.0,CALL,0.8853630888674296,0.9058928887056593,0.3008558018900648,87.81,90.36,89.08500000000001,0.028624347533254723
2026-08-31,38,654.0,PUT,0.8853630888674296,-0.06442197850308502,0.2622344940507151,1.83,1.84,1.835,0.005449591280653956
2026-08-31,38,655.0,CALL,0.8867168550583584,0.9046881026100415,0.29882393598915336,86.85,89.38,88.115,0.028712478011689285
2026-08-31,38,655.0,PUT,0.8867168550583584,-0.06577014892598229,0.26046183255694705,1.86,1.88,1.87,0.010695187165775291
2026-08-31,38,656.0,CALL,0.8880706212492873,0.9022803944762491,0.29862353779832,85.53,88.9,87.215,0.038640142177377795
2026-08-31,38,656.0,PUT,0.8880706212492873,-0.06713646443173324,0.25869276849134126,1.89,1.92,1.9049999999999998,0.01574803149606301
2026-08-31,38,657.0,CALL,0.889424387440216,0.9025735793061501,0.2942500070923927,84.38,87.93,86.155,0.04120480529278639
2026-08-31,38,657.0,PUT,0.889424387440216,-0.06852124527231351,0.25692730812165204,1.93,1.95,1.94,0.010309278350515474
2026-08-31,38,658.0,PUT,0.8907781536311448,-0.07003820635628175,0.2552970910892178,1.97,1.99,1.98,0.01010101010101011
2026-08-31,38,658.0,CALL,0.8907781536311448,0.8999580421009552,0.2943159193244017,83.55,86.98,85.265,0.04022752594851354
2026-08-31,38,659.0,PUT,0.8921319198220736,-0.07146101035347865,0.2535387539154455,2.0,2.03,2.0149999999999997,0.014888337468982535
2026-08-31,38,659.0,CALL,0.8921319198220736,0.899367642697417,0.2912565534685598,82.49,86.02,84.255,0.04189662334579552
2026-08-31,38,660.0,CALL,0.8934856860130024,0.8968943939674496,0.29106568043206404,81.65,85.06,83.355,0.040909363565472937
2026-08-31,38,660.0,PUT,0.8934856860130024,-0.0729032945155395,0.25178403217535666,2.04,2.06,2.05,0.009756097560975618
2026-08-31,38,661.0,CALL,0.8948394522039312,0.8953377419551528,0.28944549402328185,80.7,84.1,82.4,0.04126213592232999
2026-08-31,38,661.0,PUT,0.8948394522039312,-0.07447889134254937,0.2501642752201848,2.08,2.1,2.09,0.00956937799043063
2026-08-31,38,662.0,PUT,0.89619321839486,-0.07618834621539684,0.248678807761112,2.12,2.15,2.135,0.01405152224824347
2026-08-31,38,662.0,CALL,0.89619321839486,0.8937642338688131,0.28782859965938273,79.74,83.15,81.445,0.04186874577936044
2026-08-31,38,663.0,CALL,0.8975469845857887,0.8931831352920541,0.28465740992820704,78.67,82.19,80.43,0.04376476439139619
2026-08-31,38,663.0,PUT,0.8975469845857887,-0.07791827445305562,0.24719638880529685,2.17,2.19,2.1799999999999997,0.009174311926605514
2026-08-31,38,664.0,CALL,0.8989007507767176,0.8899835849634956,0.28551227862735273,77.9,81.24,79.57,0.04197561895186615
2026-08-31,38,664.0,PUT,0.8989007507767176,-0.07955580386268683,0.24558623251259662,2.21,2.23,2.2199999999999998,0.009009009009009018
2026-08-31,38,665.0,CALL,0.9002545169676464,0.8888570502970157,0.28312725184122856,76.88,80.29,78.58500000000001,0.0433925049309666
2026-08-31,38,665.0,PUT,0.9002545169676464,-0.08132731811750901,0.24411040564514605,2.25,2.28,2.2649999999999997,0.013245033112582696
2026-08-31,38,666.0,CALL,0.9016082831585751,0.8865533129793817,0.28255886068195346,76.0,79.34,77.67,0.04300244624694224
2026-08-31,38,666.0,PUT,0.9016082831585751,-0.08311998799504958,0.24263783020392768,2.3,2.32,2.3099999999999996,0.008658008658008667
2026-08-31,38,667.0,PUT,0.902962049349504,-0.08493413041965261,0.2411685135519797,2.34,2.37,2.355,0.01273885350318482
2026-08-31,38,667.0,CALL,0.902962049349504,0.8856355552000954,0.2797936124386186,74.95,78.39,76.67,0.04486761445154555
2026-08-31,38,668.0,PUT,0.9043158155404327,-0.08688199312425111,0.2398329867858204,2.39,2.42,2.4050000000000002,0.012474012474012391
2026-08-31,38,668.0,CALL,0.9043158155404327,0.8845351581178181,0.2772918920338749,73.92,77.44,75.68,0.04651162790697669
2026-08-31,38,669.0,CALL,0.9056695817313615,0.8829178398638373,0.27556977754998485,73.09,76.35,74.72,0.04362955032119902
2026-08-31,38,669.0,PUT,0.9056695817313615,-0.08885128714606849,0.23850049792427033,2.44,2.47,2.455,0.012219959266802544
2026-08-31,38,670.0,CALL,0.9070233479222903,0.878989218588265,0.27633221538354497,72.25,75.55,73.9,0.04465493910690117
2026-08-31,38,670.0,PUT,0.9070233479222903,-0.09084228872481766,0.23717105726940269,2.49,2.52,2.505,0.01197604790419154
2026-08-31,38,671.0,PUT,0.9083771141132191,-0.09285528914952046,0.23584467157366226,2.54,2.57,2.5549999999999997,0.011741682974559612
2026-08-31,38,671.0,CALL,0.9083771141132191,0.8776464208987407,0.27343972994968885,71.23,74.61,72.92,0.04635216675809099
2026-08-31,38,672.0,PUT,0.909730880304148,-0.09500079561885613,0.23465126094864405,2.6,2.62,2.6100000000000003,0.007662835249042151
2026-08-31,38,672.0,CALL,0.909730880304148,0.8747263279133459,0.2721837556473792,70.4,73.67,72.035,0.0453945998472964
2026-08-31,38,673.0,PUT,0.9110846464950767,-0.097169417367894,0.23345914854666805,2.65,2.68,2.665,0.011257035647279643
2026-08-31,38,673.0,CALL,0.9110846464950767,0.8748789004820243,0.26767041538612346,69.19,72.73,70.96000000000001,0.049887260428410456
2026-08-31,38,674.0,PUT,0.9124384126860055,-0.09946962516875538,0.23239872522447358,2.71,2.74,2.725,0.011009174311926696
2026-08-31,38,674.0,CALL,0.9124384126860055,0.885989488148405,0.2501326239456108,68.23,70.3,69.265,0.02988522341731023
2026-08-31,38,675.0,CALL,0.9137921788769343,0.870335728565949,0.26363616949720003,67.35,70.85,69.1,0.050651230101302465
2026-08-31,38,675.0,PUT,0.9137921788769343,-0.10168248419046418,0.23121133795346083,2.77,2.79,2.7800000000000002,0.007194244604316552
2026-08-31,38,676.0,CALL,0.9151459450678631,0.8687565668066267,0.2608545176925086,66.34,69.91,68.125,0.05240366972477054
2026-08-31,38,676.0,PUT,0.9151459450678631,-0.10402505444243301,0.23015620033617293,2.83,2.85,2.84,0.007042253521126767
2026-08-31,38,677.0,PUT,0.9164997112587918,-0.10649530126698412,0.22923287136556958,2.89,2.92,2.9050000000000002,0.010327022375215078
2026-08-31,38,677.0,CALL,0.9164997112587918,0.8663146817447176,0.25893380506123476,65.53,68.87,67.2,0.049702380952381
2026-08-31,38,678.0,PUT,0.9178534774497207,-0.10888387435585552,0.22817738299789425,2.95,2.98,2.965,0.010118043844856596
2026-08-31,38,678.0,CALL,0.9178534774497207,0.8623595911272416,0.25855574785548446,65.03,67.7,66.36500000000001,0.04023205002636934
2026-08-31,38,679.0,CALL,0.9192072436406494,0.8591994279238384,0.2573248637525785,63.85,67.11,65.48,0.0497861942577886
2026-08-31,38,679.0,PUT,0.9192072436406494,-0.11140115748248079,0.22725138273801954,3.02,3.04,3.0300000000000002,0.006600660066006606
2026-08-31,38,680.0,PUT,0.9205610098315782,-0.11394598447036217,0.22631725777416847,3.08,3.11,3.0949999999999998,0.009693053311793152
2026-08-31,38,680.0,CALL,0.9205610098315782,0.8573821025088965,0.254646415493103,62.84,66.18,64.51,0.05177491861726869
2026-08-31,38,681.0,PUT,0.921914776022507,-0.11662784362782531,0.2254863274932471,3.15,3.18,3.165,0.00947867298578207
2026-08-31,38,681.0,CALL,0.921914776022507,0.8519159356829813,0.25580864781084595,62.27,65.26,63.765,0.04689092762487261
2026-08-31,38,682.0,CALL,0.9232685422134358,0.8515278030436199,0.25152002966349096,61.07,64.33,62.7,0.051993620414673015
2026-08-31,38,682.0,PUT,0.9232685422134358,-0.11935530710926692,0.22426834673177373,3.22,3.25,3.2350000000000003,0.0092735703245749
2026-08-31,38,683.0,PUT,0.9246223084043647,-0.12216928727009567,0.22245684522164916,3.3,3.32,3.3099999999999996,0.006042296072507559
2026-08-31,38,683.0,CALL,0.9246223084043647,0.8485466449182053,0.24996198834464453,61.6,61.99,61.795,0.006311190225746429
2026-08-31,38,684.0,CALL,0.9259760745952934,0.8494871563833734,0.24423961559125912,58.96,62.33,60.644999999999996,0.05556929672685296
2026-08-31,38,684.0,PUT,0.9259760745952934,-0.12502902917153177,0.22064943606874426,3.37,3.4,3.385,0.008862629246676457
2026-08-31,38,685.0,CALL,0.9273298407862222,0.8431855260221846,0.24609177216778788,58.31,61.57,59.94,0.05438772105438769
2026-08-31,38,685.0,PUT,0.9273298407862222,-0.1280366893284576,0.21893164017480585,3.45,3.48,3.465,0.008658008658008602
2026-08-31,38,686.0,PUT,0.928683606977151,-0.13109142727440037,0.21721784188746632,3.53,3.56,3.545,0.00846262341325818
2026-08-31,38,686.0,CALL,0.928683606977151,0.8432874306231035,0.24114861688078462,57.09,60.58,58.835,0.05931843290558332
2026-08-31,38,687.0,PUT,0.9300373731680798,-0.13419470379775453,0.21550775562357785,3.61,3.64,3.625,0.008275862068965585
2026-08-31,38,687.0,CALL,0.9300373731680798,0.8497224619357834,0.2299222760078637,56.29,58.43,57.36,0.03730822873082288
2026-08-31,38,688.0,CALL,0.9313911393590085,0.8341644239448238,0.24103780504444008,55.57,58.83,57.2,0.05699300699300695
2026-08-31,38,688.0,PUT,0.9313911393590085,-0.1373487104521239,0.21380084333733132,3.69,3.72,3.705,0.008097165991902902
2026-08-31,38,689.0,PUT,0.9327449055499374,-0.14075137571608756,0.21226844417634053,3.78,3.81,3.795,0.007905138339921014
2026-08-31,38,689.0,CALL,0.9327449055499374,0.8321915223431066,0.23814733662638318,54.51,57.92,56.215,0.06065996620119191
2026-08-31,38,690.0,CALL,0.9340986717408661,0.828302475912762,0.237292699802114,53.69,57.01,55.349999999999994,0.05998193315266487
2026-08-31,38,690.0,PUT,0.9340986717408661,-0.14420297408174534,0.2107398123068714,3.87,3.9,3.885,0.007722007722007672
2026-08-31,38,691.0,CALL,0.9354524379317949,0.8279498790040223,0.23255263844130983,52.57,55.94,54.254999999999995,0.06211409086720114
2026-08-31,38,691.0,PUT,0.9354524379317949,-0.14770439654218742,0.20921496727279712,3.96,3.99,3.975,0.007547169811320817
2026-08-31,38,692.0,CALL,0.9368062041227238,0.833721405373937,0.22155887869363614,51.81,53.77,52.790000000000006,0.03712824398560335
2026-08-31,38,692.0,PUT,0.9368062041227238,-0.15125666193642498,0.2076939047701944,4.05,4.08,4.0649999999999995,0.00738007380073807
2026-08-31,38,693.0,CALL,0.9381599703136525,0.817657851674931,0.23339278034495836,51.05,54.3,52.675,0.061699098243948744
2026-08-31,38,693.0,PUT,0.9381599703136525,-0.15505348001240557,0.20634642859384864,4.15,4.18,4.165,0.007202881152460831
2026-08-31,38,694.0,CALL,0.9395137365045814,0.8143776705797932,0.2317059853967371,50.16,53.36,51.76,0.06182380216383313
2026-08-31,38,694.0,PUT,0.9395137365045814,-0.1588995714907335,0.20500244714207885,4.25,4.28,4.265000000000001,0.0070339976553341725
2026-08-31,38,695.0,PUT,0.9408675026955101,-0.1627957166381469,0.20366197720083284,4.35,4.38,4.365,0.006872852233677032
2026-08-31,38,695.0,CALL,0.9408675026955101,0.8107568174271806,0.23035966545576236,49.21,52.52,50.865,0.06507421606212528
2026-08-31,38,696.0,CALL,0.9422212688864389,0.805369820696949,0.2310332733750499,49.85,50.33,50.09,0.009582751048113333
2026-08-31,38,696.0,PUT,0.9422212688864389,-0.1669308550388663,0.2024938179461077,4.46,4.49,4.475,0.006703910614525196
2026-08-31,38,697.0,CALL,0.9435750350773677,0.8028186636941926,0.22834840213853325,47.49,50.74,49.115,0.06617123078489259
2026-08-31,38,697.0,PUT,0.9435750350773677,-0.17111681238710652,0.20132672256461392,4.57,4.6,4.585,0.006543075245365182
2026-08-31,38,698.0,CALL,0.9449288012682965,0.7990787732830691,0.22701114574446074,46.59,49.85,48.22,0.06760680215678137
2026-08-31,38,698.0,PUT,0.9449288012682965,-0.17535510916856403,0.2001605093183352,4.68,4.71,4.695,0.006389776357827529
2026-08-31,38,699.0,CALL,0.9462825674592252,0.7855572885683355,0.23654030188288971,47.16,48.97,48.065,0.03765733902007703
2026-08-31,38,699.0,PUT,0.9462825674592252,-0.17964226796010577,0.1989974957745119,4.79,4.82,4.805,0.00624349635796051
2026-08-31,38,700.0,CALL,0.9476363336501541,0.7897079864995522,0.2262925678708483,45.89,47.23,46.56,0.028780068728522255
2026-08-31,38,700.0,PUT,0.9476363336501541,-0.18415658521758393,0.19800577535759822,4.91,4.94,4.925000000000001,0.006091370558375684
2026-08-31,38,701.0,CALL,0.9489900998410828,0.7974300523254825,0.21146910940508634,43.95,45.74,44.845,0.03991526368602964
2026-08-31,38,701.0,PUT,0.9489900998410828,-0.1887163333699652,0.1970166807662077,5.03,5.06,5.045,0.0059464816650147394
2026-08-31,38,702.0,CALL,0.9503438660320116,0.7840284716859527,0.21937606693272885,42.87,46.35,44.61,0.07800941492938812
2026-08-31,38,702.0,PUT,0.9503438660320116,-0.19350664144214547,0.19618791511844114,5.16,5.19,5.175000000000001,0.005797101449275409
2026-08-31,38,703.0,PUT,0.9516976322229405,-0.1983469636573248,0.19535663697750855,5.29,5.32,5.305,0.005655042412818143
2026-08-31,38,703.0,CALL,0.9516976322229405,0.7793016709153148,0.21758785619860976,42.05,45.48,43.765,0.0783731292128413
2026-08-31,38,704.0,CALL,0.9530513984138692,0.7649504461015124,0.22541995498667466,42.8,44.55,43.675,0.040068689181453926
2026-08-31,38,704.0,PUT,0.9530513984138692,-0.20324763420554057,0.19450748703057463,5.42,5.45,5.4350000000000005,0.005519779208831692
2026-08-31,38,705.0,PUT,0.9544051646047981,-0.2082327687033808,0.1935915187881134,5.55,5.58,5.5649999999999995,0.00539083557951487
2026-08-31,38,705.0,CALL,0.9544051646047981,0.7640178997598785,0.21962511982132343,41.57,43.46,42.515,0.04445489827119841
2026-08-31,38,706.0,PUT,0.9557589307957268,-0.21339989997806616,0.191954223673564,5.69,5.72,5.705,0.005258545135845638
2026-08-31,38,706.0,CALL,0.9557589307957268,0.7643268954889259,0.21256765383622916,39.62,42.89,41.254999999999995,0.0792631196218641
2026-08-31,38,707.0,CALL,0.9571126969866556,0.7589683888482343,0.21111404438887302,38.83,42.04,40.435,0.07938666996414
2026-08-31,38,707.0,PUT,0.9571126969866556,-0.21877021214510367,0.19018768334136732,5.84,5.87,5.855,0.005123825789923184
2026-08-31,38,708.0,CALL,0.9584664631775844,0.7531644670558075,0.21004586577766032,38.1,41.19,39.644999999999996,0.07794173287930374
2026-08-31,38,708.0,PUT,0.9584664631775844,-0.22416871342870323,0.1883602854527669,5.99,6.01,6.0,0.0033333333333332624
2026-08-31,38,709.0,CALL,0.9598202293685132,0.749620226863609,0.20657107268912647,36.99,40.34,38.665000000000006,0.08664166558903404
2026-08-31,38,709.0,PUT,0.9598202293685132,-0.22982389999122194,0.1866652943727428,6.14,6.17,6.154999999999999,0.004874086108854631
2026-08-31,38,710.0,CALL,0.9611739955594419,0.7439435724451405,0.20519460305908008,36.2,39.5,37.85,0.0871862615587846
2026-08-31,38,710.0,PUT,0.9611739955594419,-0.2355073128657813,0.18491150485782756,6.29,6.32,6.305,0.004758128469468715
2026-08-31,38,711.0,CALL,0.9625277617503708,0.7394412758304094,0.20249319042025132,35.2,38.66,36.93,0.09369076631464916
2026-08-31,38,711.0,PUT,0.9625277617503708,-0.24144609327028538,0.18328953793947916,6.45,6.48,6.465,0.004640371229698415
2026-08-31,38,712.0,PUT,0.9638815279412996,-0.24763470037378668,0.18179919103228642,6.62,6.65,6.635,0.004521477015825207
2026-08-31,38,712.0,CALL,0.9638815279412996,0.7338172184390678,0.20087299809728637,34.36,37.83,36.095,0.09613519878099457
2026-08-31,38,713.0,CALL,0.9652352941322283,0.719176635491304,0.20959960185626705,35.16,37.0,36.08,0.05099778270509987
2026-08-31,38,713.0,PUT,0.9652352941322283,-0.2538543323727918,0.18024987688329883,6.79,6.81,6.8,0.002941176470588173
2026-08-31,38,714.0,CALL,0.9665890603231572,0.7129667788278863,0.20840805121960507,34.32,36.18,35.25,0.052765957446808495
2026-08-31,38,714.0,PUT,0.9665890603231572,-0.26038792771502695,0.1788947116302938,6.96,7.0,6.98,0.005730659025787971
2026-08-31,38,715.0,CALL,0.9679428265140859,0.7153038421521946,0.19697517402622336,32.09,35.18,33.635000000000005,0.09186858926713233
2026-08-31,38,715.0,PUT,0.9679428265140859,-0.2670250265741836,0.1775427029460845,7.14,7.18,7.16,0.005586592178770954
2026-08-31,38,716.0,CALL,0.9692965927050148,0.7085932393101627,0.19625191354121305,31.24,34.5,32.87,0.09917858229388506
2026-08-31,38,716.0,PUT,0.9692965927050148,-0.2737733172571972,0.1761906578092699,7.32,7.36,7.34,0.005449591280653956
2026-08-31,38,717.0,PUT,0.9706503588959435,-0.28069557286704194,0.17490256960206602,7.51,7.54,7.525,0.003986710963455182
2026-08-31,38,717.0,CALL,0.9706503588959435,0.7109538052194757,0.1847831718834728,30.32,32.18,31.25,0.05951999999999998
2026-08-31,38,718.0,PUT,0.9720041250868723,-0.2877831132660672,0.17368096369247077,7.7,7.73,7.715,0.0038885288399222616
2026-08-31,38,718.0,CALL,0.9720041250868723,0.6964874034848973,0.19293070369831403,29.45,32.93,31.189999999999998,0.11157422250721387
2026-08-31,38,719.0,PUT,0.9733578912778011,-0.2950916701914447,0.172588092456028,7.9,7.93,7.915,0.0037902716361338422
2026-08-31,38,719.0,CALL,0.9733578912778011,0.6898998489809302,0.1917782487913641,28.65,32.13,30.39,0.11451135241855886
2026-08-31,38,720.0,PUT,0.9747116574687299,-0.3026186683955438,0.17161820279269582,8.11,8.14,8.125,0.0036923076923078323
2026-08-31,38,720.0,CALL,0.9747116574687299,0.6829156419696385,0.19106700362478618,29.16,30.09,29.625,0.03139240506329113
2026-08-31,38,721.0,PUT,0.9760654236596586,-0.3101591705757853,0.1705107121017302,8.31,8.34,8.325,0.003603603603603527
2026-08-31,38,721.0,CALL,0.9760654236596586,0.6762276407454552,0.1898583591160727,27.86,29.78,28.82,0.06662040249826515
2026-08-31,38,722.0,CALL,0.9774191898505875,0.6692894460496769,0.18884735639071995,27.08,28.99,28.034999999999997,0.0681291243088996
2026-08-31,38,722.0,PUT,0.9774191898505875,-0.31807228202944593,0.16970907953481437,8.53,8.57,8.55,0.004678362573099523
2026-08-31,38,723.0,CALL,0.9787729560415163,0.6587969167427542,0.19134299226510046,27.17,28.21,27.69,0.037558685446009356
2026-08-31,38,723.0,PUT,0.9787729560415163,-0.32606714412283727,0.1688058940646762,8.75,8.79,8.77,0.0045610034207524686
2026-08-31,38,724.0,PUT,0.980126722232445,-0.33430307820663474,0.16751949682615852,8.98,9.02,9.0,0.00444444444444435
2026-08-31,38,724.0,CALL,0.980126722232445,0.6548369383245702,0.18447522087928658,25.54,27.43,26.485,0.0713611478195205
2026-08-31,38,725.0,CALL,0.9814804884233739,0.6473163282564882,0.18235322744175134,25.28,26.15,25.715,0.03383239354462366
2026-08-31,38,725.0,PUT,0.9814804884233739,-0.3425315626000377,0.16545210574598399,9.21,9.25,9.23,0.004333694474539453
2026-08-31,38,726.0,CALL,0.9828342546143026,0.6394811293292322,0.18045479155910232,24.53,25.4,24.965,0.03484878830362497
2026-08-31,38,726.0,PUT,0.9828342546143026,-0.35105328886265036,0.16350018382616477,9.45,9.49,9.469999999999999,0.004223864836325335
2026-08-31,38,727.0,CALL,0.9841880208052314,0.6315462743378473,0.1784538995376942,23.28,25.13,24.205,0.07643048956827093
2026-08-31,38,727.0,PUT,0.9841880208052314,-0.35986612973408155,0.16166255152915143,9.7,9.74,9.719999999999999,0.004115226337448655
2026-08-31,38,728.0,PUT,0.9855417869961602,-0.3689171507735028,0.15988566051579475,9.95,10.0,9.975,0.005012531328320874
2026-08-31,38,728.0,CALL,0.9855417869961602,0.6233413464118379,0.1766216863104415,22.54,24.38,23.46,0.07843137254901959
2026-08-31,38,729.0,PUT,0.986895553187089,-0.3782417351620604,0.15822273479572665,10.22,10.26,10.24,0.0039062499999999167
2026-08-31,38,729.0,CALL,0.986895553187089,0.6149378279439556,0.17484943847036982,21.8,23.64,22.72,0.08098591549295775
2026-08-31,38,730.0,CALL,0.9882493193780179,0.6055890899417462,0.17470132675491748,21.69,22.57,22.130000000000003,0.039765024853140485
2026-08-31,38,730.0,PUT,0.9882493193780179,-0.38781324893302677,0.15661668054101935,10.49,10.53,10.51,0.0038058991436726117
2026-08-31,38,731.0,PUT,0.9896030855689466,-0.39762698339527636,0.15506477727731743,10.76,10.81,10.785,0.004636068613815551
2026-08-31,38,731.0,CALL,0.9896030855689466,0.5960885832740226,0.1748767947795254,20.97,22.17,21.57,0.05563282336578595
2026-08-31,38,732.0,PUT,0.9909568517598754,-0.40773240565129854,0.15367333795026616,11.05,11.1,11.075,0.0045146726862301525
2026-08-31,38,732.0,CALL,0.9909568517598754,0.5891589823325156,0.16838497844386982,19.65,21.13,20.39,0.0725846002942619
2026-08-31,38,733.0,CALL,0.9923106179508042,0.5792833006352903,0.16867855475696752,18.95,20.73,19.84,0.08971774193548393
2026-08-31,38,733.0,PUT,0.9923106179508042,-0.41806739245863683,0.1523373043505647,11.35,11.39,11.370000000000001,0.0035180299032542585
2026-08-31,38,734.0,CALL,0.993664384141733,0.5699028323787367,0.16736353726277112,18.26,20.02,19.14,0.09195402298850563
2026-08-31,38,734.0,PUT,0.993664384141733,-0.4286248632326384,0.15111281885750721,11.65,11.7,11.675,0.004282655246252585
2026-08-31,38,735.0,PUT,0.9950181503326617,-0.4394510020318676,0.14997994812395515,11.97,12.01,11.99,0.003336113427856476
2026-08-31,38,735.0,CALL,0.9950181503326617,0.5603762182066028,0.16605322892802105,18.18,18.7,18.439999999999998,0.02819956616052059
2026-08-31,38,736.0,CALL,0.9963719165235906,0.5506523369921119,0.165014652622924,16.9,18.63,17.765,0.0973824936673234
2026-08-31,38,736.0,PUT,0.9963719165235906,-0.45050809840189915,0.1489410844689181,12.29,12.34,12.315,0.004060089321965141
2026-08-31,38,737.0,CALL,0.9977256827145193,0.5408008877887174,0.16403319358783688,16.24,17.95,17.095,0.10002924831822176
2026-08-31,38,737.0,PUT,0.9977256827145193,-0.4618056427972795,0.14792858834280243,12.62,12.67,12.645,0.003954132068011128
2026-08-31,38,738.0,CALL,0.9990794489054481,0.5308365999567728,0.16300218149179538,16.36,16.48,16.42,0.007308160779537209
2026-08-31,38,738.0,PUT,0.9990794489054481,-0.4734110521497303,0.1470192969540424,12.97,13.02,12.995000000000001,0.0038476337052711757
2026-08-31,38,739.0,CALL,1.0004332150963768,0.5206906642197197,0.16118545782070737,15.76,15.8,15.780000000000001,0.0025348542458809202
2026-08-31,38,739.0,PUT,1.0004332150963768,-0.4850203625365013,0.14499738687434516,13.32,13.37,13.344999999999999,0.0037467216185836597
2026-08-31,38,740.0,PUT,1.0017869812873057,-0.49686099268254796,0.1429717045171706,13.69,13.74,13.715,0.003645643456070048
2026-08-31,38,740.0,CALL,1.0017869812873057,0.5102693341615878,0.15895672399398456,15.11,15.16,15.135,0.003303600925008306
2026-08-31,38,741.0,PUT,1.0031407474782346,-0.5090319442916712,0.1410595570347563,14.07,14.12,14.094999999999999,0.003547357218871865
2026-08-31,38,741.0,CALL,1.0031407474782346,0.4995804134605167,0.1569483263535226,14.49,14.53,14.51,0.0027567195037904307
2026-08-31,38,742.0,CALL,1.0044945136691632,0.4886160048451676,0.15494802820534964,13.86,13.91,13.885,0.0036010082823191005
2026-08-31,38,742.0,PUT,1.0044945136691632,-0.5215612669196261,0.13925212447474739,14.46,14.51,14.485,0.003451846738004759
2026-08-31,38,743.0,CALL,1.005848279860092,0.4774105068268722,0.15311397852508996,13.25,13.3,13.275,0.003766478342749583
2026-08-31,38,743.0,PUT,1.005848279860092,-0.5344000197238855,0.13754999603724338,14.86,14.91,14.885,0.003359086328518691
2026-08-31,38,744.0,PUT,1.007202046051021,-0.5475850371617857,0.1359434760317733,15.27,15.32,15.295,0.0032690421706440477
2026-08-31,38,744.0,CALL,1.007202046051021,0.46600991777750267,0.15149784415243786,12.66,12.71,12.685,0.0039416633819472375
2026-08-31,38,745.0,PUT,1.0085558122419498,-0.5609933242371229,0.13454916294304614,15.7,15.75,15.725,0.003179650238473813
2026-08-31,38,745.0,CALL,1.0085558122419498,0.45434305585304874,0.14983619655914956,12.07,12.11,12.09,0.003308519437551625
2026-08-31,38,746.0,PUT,1.0099095784328784,-0.5746584065192032,0.13330384667118086,16.14,16.2,16.17,0.0037105751391464884
2026-08-31,38,746.0,CALL,1.0099095784328784,0.44252608164443413,0.14839105068834488,11.49,11.54,11.515,0.004342162396873551
2026-08-31,38,747.0,PUT,1.0112633446238073,-0.5887588768410292,0.1319706478273592,16.1,17.12,16.61,0.061408789885611055
2026-08-31,38,747.0,CALL,1.0112633446238073,0.43057420697070403,0.14710886524832148,10.93,10.98,10.955,0.004564125969876834
2026-08-31,38,748.0,CALL,1.0126171108147362,0.4184871287087952,0.1459365482414928,10.38,10.43,10.405000000000001,0.004805382027871113
2026-08-31,38,748.0,PUT,1.0126171108147362,-0.6030292667332674,0.13087583218015364,16.0,18.15,17.075,0.1259150805270863
2026-08-31,38,749.0,CALL,1.0139708770056648,0.4063694956025886,0.14497730168567216,9.85,9.9,9.875,0.005063291139240578
2026-08-31,38,749.0,PUT,1.0139708770056648,-0.6176313289663599,0.12979465099666343,16.25,18.85,17.55,0.14814814814814822
2026-08-31,38,750.0,CALL,1.0153246431965937,0.39418326400410064,0.1441260457334186,9.33,9.38,9.355,0.005344735435596014
2026-08-31,38,750.0,PUT,1.0153246431965937,-0.631745235921468,0.12852221723954307,17.96,18.2,18.08,0.013274336283185756
2026-08-31,38,751.0,PUT,1.0166784093875225,-0.6465566814809912,0.12606130772974206,17.26,19.88,18.57,0.14108777598276775
2026-08-31,38,751.0,CALL,1.0166784093875225,0.3820005045145182,0.14318304781966537,8.83,8.87,8.85,0.004519774011299339
2026-08-31,38,752.0,CALL,1.0180321755784512,0.3696776532799685,0.14096584571708748,8.34,8.38,8.36,0.004784688995215422
2026-08-31,38,752.0,PUT,1.0180321755784512,-0.6611799913095677,0.12424697091451944,17.79,20.44,19.115000000000002,0.13863458017263938
2026-08-31,38,753.0,PUT,1.01938594176938,-0.6764500409363513,0.12235113955215951,18.34,20.97,19.655,0.13380819129992363
2026-08-31,38,753.0,CALL,1.01938594176938,0.357208815119702,0.13899508541060196,7.87,7.91,7.890000000000001,0.005069708491761728
2026-08-31,38,754.0,PUT,1.0207397079603089,-0.6915243667970359,0.12091240086759247,18.93,21.54,20.235,0.12898443291326905
2026-08-31,38,754.0,CALL,1.0207397079603089,0.34451843279788674,0.13715182255447864,7.41,7.45,7.43,0.0053835800807537065
2026-08-31,38,755.0,PUT,1.0220934741512375,-0.7072690790780946,0.11939160361177803,20.31,21.31,20.81,0.04805382027871216
2026-08-31,38,755.0,CALL,1.0220934741512375,0.3317811370247896,0.13555199761945885,6.97,7.01,6.99,0.005722460658082981
2026-08-31,38,756.0,CALL,1.0234472403421664,0.31890284269140384,0.1340772417511455,6.54,6.58,6.5600000000000005,0.006097560975609761
2026-08-31,38,756.0,PUT,1.0234472403421664,-0.7223516595266007,0.11847348387965595,20.1,22.78,21.44,0.12499999999999999
2026-08-31,38,757.0,PUT,1.0248010065330952,-0.7382967701064934,0.11737508642179655,20.72,23.4,22.06,0.12148685403445149
2026-08-31,38,757.0,CALL,1.0248010065330952,0.3062616177708454,0.1329587760518007,6.14,6.18,6.16,0.006493506493506499
2026-08-31,38,758.0,CALL,1.026154772724024,0.29340820573903736,0.1318463543799902,5.74,5.78,5.76,0.006944444444444451
2026-08-31,38,758.0,PUT,1.026154772724024,-0.7541201684314507,0.11646062580396233,21.36,24.05,22.705,0.11847610658445283
2026-08-31,38,759.0,PUT,1.0275085389149528,-0.7696666855801255,0.11507945877391965,22.02,24.72,23.369999999999997,0.11553273427471115
2026-08-31,38,759.0,CALL,1.0275085389149528,0.2808346349464109,0.1310285070015745,5.37,5.4,5.385,0.00557103064066857
2026-08-31,38,760.0,PUT,1.0288623051058816,-0.766099741264205,0.1221448608783372,23.91,25.37,24.64,0.05925324675324679
2026-08-31,38,760.0,CALL,1.0288623051058816,0.2684202691914836,0.1303876663540965,5.01,5.04,5.025,0.005970149253731393
2026-08-31,38,761.0,PUT,1.0302160712968103,-0.79649372580174,0.1128231885138735,23.03,26.69,24.86,0.14722445695897024
2026-08-31,38,761.0,CALL,1.0302160712968103,0.25632761406968074,0.129979737914788,4.67,4.7,4.6850000000000005,0.006403415154749252
2026-08-31,38,762.0,CALL,1.0315698374877391,0.24429198534183547,0.12830510123802416,4.34,4.37,4.355,0.006888633754305452
2026-08-31,38,762.0,PUT,1.0315698374877391,-0.8074553733842053,0.1128900327701322,24.12,27.25,25.685000000000002,0.1218610083706443
2026-08-31,38,763.0,CALL,1.032923603678668,0.2323764046386508,0.126526473770204,4.03,4.06,4.045,0.007416563658837914
2026-08-31,38,763.0,PUT,1.032923603678668,-0.8311520439898809,0.1084032790967934,24.5,27.96,26.23,0.13191002668699964
2026-08-31,38,764.0,PUT,1.0342773698695966,-0.8379950773232895,0.11005352411430455,25.56,28.76,27.16,0.11782032400589112
2026-08-31,38,764.0,CALL,1.0342773698695966,0.22066516540062409,0.12505619812715904,3.74,3.77,3.755,0.007989347536617791
2026-08-31,38,765.0,PUT,1.0356311360605255,-0.8584494800988993,0.10747088494370516,26.07,29.62,27.845,0.12749147064104868
2026-08-31,38,765.0,CALL,1.0356311360605255,0.20896462568579285,0.12374324985949654,3.46,3.49,3.475,0.008633093525179927
2026-08-31,38,766.0,PUT,1.0369849022514543,-0.8775689279360297,0.10547303012736403,26.84,30.33,28.585,0.12209200629700886
2026-08-31,38,766.0,CALL,1.0369849022514543,0.19731967996161412,0.12258607992847052,3.19,3.22,3.205,0.009360374414976676
2026-08-31,38,767.0,CALL,1.038338668442383,0.18641622312082118,0.12187660086354728,2.95,2.98,2.965,0.010118043844856596
2026-08-31,38,767.0,PUT,1.038338668442383,-0.90864973828466,0.09826581258128507,27.66,30.77,29.215,0.10645216498374122
2026-08-31,38,768.0,CALL,1.0396924346333118,0.17555352272793684,0.1212446100252677,2.72,2.74,2.7300000000000004,0.007326007326007331
2026-08-31,38,768.0,PUT,1.0396924346333118,-0.90341750189958,0.1027354172250484,28.51,32.07,30.29,0.11753053813139647
2026-08-31,38,769.0,PUT,1.0410462008242407,-0.929592514519468,0.09790375510683985,30.75,31.34,31.045,0.01900467063939442
2026-08-31,38,769.0,CALL,1.0410462008242407,0.16510075996835744,0.12083516572831834,2.5,2.52,2.51,0.00796812749003985
2026-08-31,38,770.0,CALL,1.0423999670151696,0.15511891540181183,0.12064617727147023,2.29,2.32,2.3049999999999997,0.013015184381778658
2026-08-31,38,770.0,PUT,1.0423999670151696,-0.9438394618160745,0.09650635926917453,31.62,32.25,31.935000000000002,0.019727571629873146
2026-08-31,38,771.0,CALL,1.0437537332060982,0.1456224410104327,0.11970392768725756,2.1,2.13,2.115,0.014184397163120473
2026-08-31,38,771.0,PUT,1.0437537332060982,-0.9574091375230733,0.09609674173214781,31.11,34.64,32.875,0.10737642585551334
2026-08-31,38,772.0,CALL,1.045107499397027,0.1366680776709698,0.11836213960010848,1.93,1.96,1.9449999999999998,0.01542416452442161
2026-08-31,38,773.0,CALL,1.046461265587956,0.12771785387770684,0.11713788802714241,1.77,1.79,1.78,0.011235955056179785
2026-08-31,38,774.0,CALL,1.0478150317788846,0.11901832871580695,0.11613702152311152,1.61,1.64,1.625,0.018461538461538342
2026-08-31,38,775.0,CALL,1.0491687979698134,0.11108210514059068,0.11557036976175583,1.48,1.5,1.49,0.01342281879194632
2026-08-31,38,776.0,CALL,1.0505225641607423,0.1033041130430738,0.11511389066892659,1.35,1.37,1.36,0.014705882352941188
2026-08-31,38,777.0,CALL,1.051876330351671,0.09595144330817662,0.11487245015654036,1.23,1.25,1.24,0.01612903225806453
2026-08-31,38,778.0,CALL,1.0532300965425998,0.0890675024301035,0.114843924725433,1.12,1.14,1.13,0.017699115044247607
2026-08-31,38,779.0,CALL,1.0545838627335287,0.08269030962774626,0.11502641292052607,1.02,1.04,1.03,0.019417475728155355
2026-08-31,38,780.0,CALL,1.0559376289244573,0.07656826694820014,0.1144160427626549,0.93,0.94,0.935,0.010695187165775291
2026-08-31,38,781.0,CALL,1.0572913951153862,0.07086096064419237,0.1133085524911161,0.84,0.86,0.85,0.023529411764705903
2026-08-31,38,782.0,CALL,1.058645161306315,0.06561402568727408,0.11256924309056794,0.77,0.78,0.775,0.012903225806451623
2026-08-31,38,783.0,CALL,1.0599989274972437,0.060593398357573866,0.11201438823957759,0.7,0.71,0.705,0.014184397163120581
2026-08-31,38,784.0,CALL,1.0613526936881725,0.05582718363700875,0.11164177342380951,0.63,0.65,0.64,0.03125000000000003
2026-08-31,38,785.0,CALL,1.0627064598791014,0.05165130759386893,0.11162666668436785,0.58,0.59,0.585,0.01709401709401711
2026-08-31,38,786.0,CALL,1.06406022607003,0.04747568442594855,0.11161242059102482,0.52,0.54,0.53,0.03773584905660381
2026-08-31,38,787.0,CALL,1.065413992260959,0.04362141741728198,0.11177455105001136,0.47,0.49,0.48,0.041666666666666706
2026-08-31,38,788.0,CALL,1.0667677584518878,0.04043243821420824,0.11228835277538993,0.43,0.45,0.44,0.0454545454545455
2026-08-31,38,789.0,CALL,1.0681215246428164,0.03727212380787288,0.11279963389769447,0.39,0.41,0.4,0.049999999999999906
2026-08-31,38,790.0,CALL,1.0694752908337453,0.03478066580987922,0.11249787079962864,0.36,0.38,0.37,0.054054054054054106
2026-08-31,38,791.0,CALL,1.0708290570246741,0.03192232614091517,0.11172895763274952,0.33,0.34,0.335,0.02985074626865674
2026-08-31,38,792.0,CALL,1.072182823215603,0.029741466048931756,0.11166144330730823,0.3,0.32,0.31,0.06451612903225812
2026-08-31,38,793.0,CALL,1.0735365894065316,0.027193449784018643,0.11124764954454644,0.27,0.29,0.28,0.07142857142857129
2026-08-31,38,794.0,CALL,1.0748903555974605,0.02537183502065847,0.11152767641641567,0.25,0.27,0.26,0.07692307692307698
2026-08-31,38,795.0,CALL,1.0762441217883894,0.02355932424859235,0.11180619729400348,0.23,0.25,0.24,0.0833333333333333
2026-08-31,38,796.0,CALL,1.077597887979318,0.02175577734583346,0.11208323223779249,0.21,0.23,0.22,0.090909090909091
2026-08-31,38,797.0,CALL,1.0789516541702469,0.020344127122724674,0.11270228957930352,0.2,0.21,0.20500000000000002,0.04878048780487795
2026-08-31,38,798.0,CALL,1.0803054203611757,0.018562566278912365,0.11297563146669251,0.18,0.19,0.185,0.054054054054054106
2026-08-31,38,799.0,CALL,1.0816591865521044,0.017566440256501427,0.11393232243832667,0.17,0.18,0.175,0.05714285714285704
2026-08-31,38,800.0,CALL,1.0830129527430332,0.016586793102349052,0.11488574945898719,0.16,0.17,0.165,0.060606060606060656
2026-08-31,38,805.0,CALL,1.089781783697677,0.012235712956191294,0.1169012145041976,0.11,0.13,0.12,0.1666666666666667
2026-08-31,38,810.0,CALL,1.0965506146523212,0.009599954371590128,0.12012905788737456,0.09,0.1,0.095,0.10526315789473693
2026-08-31,38,815.0,CALL,1.103319445606965,0.007513719286576493,0.12408219949632533,0.07,0.08,0.07500000000000001,0.13333333333333325
2026-08-31,38,820.0,CALL,1.1100882765616091,0.006364293366703175,0.1295433616314488,0.06,0.07,0.065,0.15384615384615397
2026-08-31,38,825.0,CALL,1.116857107516253,0.005307770352663145,0.13494510882997246,0.05,0.06,0.055,0.18181818181818174
2026-08-31,38,830.0,CALL,1.1236259384708969,0.004318008239447915,0.13766038338069495,0.04,0.05,0.045,0.22222222222222227
2026-08-31,38,835.0,CALL,1.130394769425541,0.003356873898015747,0.13954057759346944,0.03,0.04,0.035,0.28571428571428575
2026-08-31,38,840.0,CALL,1.1371636003801848,0.002829424940786347,0.14351890574565776,0.02,0.04,0.03,0.6666666666666667
2026-08-31,38,845.0,CALL,1.143932431334829,0.0023304714538030266,0.14745159977847994,0.02,0.03,0.025,0.3999999999999999
2026-08-31,38,850.0,CALL,1.1507012622894728,0.002247402443097856,0.1534722999995691,0.02,0.03,0.025,0.3999999999999999
2026-08-31,38,855.0,CALL,1.1574700932441166,0.002171045817328925,0.15945291378982462,0.02,0.03,0.025,0.3999999999999999
2026-08-31,38,860.0,CALL,1.1642389241987607,0.001362241573561576,0.1598539516840908,0.01,0.02,0.015,0.6666666666666667
2026-09-04,42,735.0,PUT,0.9950181503326617,-0.4406641966550331,0.15250653286591892,12.85,12.91,12.879999999999999,0.004658385093167741
2026-09-04,42,735.0,CALL,0.9950181503326617,0.5589982088084983,0.17151046640657716,18.95,20.79,19.869999999999997,0.09260191243080021
2026-09-04,42,736.0,CALL,0.9963719165235906,0.5500962402690753,0.1701075017618676,19.04,19.27,19.155,0.012007308796658858
2026-09-04,42,736.0,PUT,0.9963719165235906,-0.45102013478327213,0.1514671176061559,13.17,13.23,13.2,0.004545454545454583
2026-09-04,42,737.0,CALL,0.9977256827145193,0.5409759809790158,0.1693688400964242,17.6,19.41,18.505000000000003,0.09781140232369621
2026-09-04,42,737.0,PUT,0.9977256827145193,-0.4616177505126821,0.1504956358068886,13.5,13.56,13.530000000000001,0.004434589800443495
2026-09-04,42,738.0,CALL,0.9990794489054481,0.5317921206706039,0.16837967727657674,17.76,17.9,17.83,0.007851934941110321
2026-09-04,42,738.0,PUT,0.9990794489054481,-0.4725027912729816,0.1495598916528321,13.85,13.9,13.875,0.003603603603603655
2026-09-04,42,739.0,PUT,1.0004332150963768,-0.4833594756468428,0.14768231667909032,14.2,14.26,14.23,0.004216444132115285
2026-09-04,42,739.0,CALL,1.0004332150963768,0.5224534584298894,0.1665924587531264,17.16,17.21,17.185000000000002,0.00290951411114348
2026-09-04,42,740.0,CALL,1.0017869812873057,0.5128699052854766,0.16431225448125786,16.5,16.55,16.525,0.0030257186081694837
2026-09-04,42,740.0,PUT,1.0017869812873057,-0.49440460063409025,0.14575629556111153,14.57,14.63,14.600000000000001,0.004109589041095924
2026-09-04,42,741.0,CALL,1.0031407474782346,0.5030526749993286,0.1623427251474021,15.87,15.92,15.895,0.0031456432840516334
2026-09-04,42,741.0,PUT,1.0031407474782346,-0.5057644981766555,0.14383562473156347,14.94,15.0,14.969999999999999,0.004008016032064162
2026-09-04,42,742.0,CALL,1.0044945136691632,0.4929870007317007,0.1603305413066382,15.24,15.28,15.26,0.0026212319790300882
2026-09-04,42,743.0,CALL,1.005848279860092,0.4827406298814222,0.15862713847300108,14.63,14.68,14.655000000000001,0.0034118048447628066
2026-09-04,42,743.0,PUT,1.005848279860092,-0.5293773841977408,0.1403988373103302,15.72,15.78,15.75,0.0038095238095237284
2026-09-04,42,744.0,CALL,1.007202046051021,0.47224251811874296,0.15683048193373025,14.02,14.06,14.04,0.002849002849002915
2026-09-04,42,745.0,CALL,1.0085558122419498,0.46159932436755846,0.15529082916786818,13.43,13.47,13.45,0.002973977695167355
2026-09-04,42,745.0,PUT,1.0085558122419498,-0.5540392770384376,0.137546130047864,16.56,16.62,16.59,0.00361663652802907
2026-09-04,42,746.0,PUT,1.0099095784328784,-0.5667735818318173,0.13621705129483702,16.99,17.05,17.02,0.003525264394829746
2026-09-04,42,746.0,CALL,1.0099095784328784,0.45074534786366666,0.15375755990275977,12.84,12.88,12.86,0.003110419906687475
2026-09-04,42,747.0,PUT,1.0112633446238073,-0.5797159224530969,0.13506445603489206,17.44,17.5,17.47,0.0034344590726959772
2026-09-04,42,747.0,CALL,1.0112633446238073,0.43978150567073876,0.15242960568604993,12.27,12.31,12.29,0.003254678600488277
2026-09-04,42,748.0,PUT,1.0126171108147362,-0.5933539175782794,0.13348624830479006,17.22,18.54,17.88,0.07382550335570472
2026-09-04,42,748.0,CALL,1.0126171108147362,0.42871836791290047,0.1512561113741055,11.71,11.76,11.735,0.004260758414997779
2026-09-04,42,749.0,CALL,1.0139708770056648,0.41755296292710037,0.15018663842771635,11.17,11.21,11.190000000000001,0.003574620196604193
2026-09-04,42,750.0,PUT,1.0153246431965937,-0.6196638767634356,0.13230817724552216,17.16,20.67,18.915,0.18556701030927844
2026-09-04,42,750.0,CALL,1.0153246431965937,0.40630592669544496,0.14922055428380973,10.63,10.68,10.655000000000001,0.004692632566869913
2026-09-04,42,751.0,CALL,1.0166784093875225,0.3950821920106337,0.14845574305439657,10.12,10.16,10.14,0.003944773175542498
2026-09-04,42,751.0,PUT,1.0166784093875225,-0.6320676268171778,0.13154362233069028,17.73,21.28,19.505000000000003,0.1820046142014868
2026-09-04,42,752.0,PUT,1.0180321755784512,-0.6468558175523156,0.12840891802864407,18.18,21.67,19.925,0.17515683814303648
2026-09-04,42,752.0,CALL,1.0180321755784512,0.38378889662025745,0.14758513535186898,9.61,9.65,9.629999999999999,0.004153686396677147
2026-09-04,42,753.0,CALL,1.01938594176938,0.3724387942440465,0.14547201471223015,9.12,9.16,9.14,0.00437636761487975
2026-09-04,42,754.0,CALL,1.0207397079603089,0.3608667381643853,0.14348105397165092,8.64,8.68,8.66,0.004618937644341702
2026-09-04,42,755.0,CALL,1.0220934741512375,0.34921527900175636,0.14172294778180838,8.18,8.22,8.2,0.004878048780487918
2026-09-04,42,755.0,PUT,1.0220934741512375,-0.6937194118892366,0.12068989261781501,19.89,22.79,21.34,0.13589503280224924
2026-09-04,42,756.0,CALL,1.0234472403421664,0.33740577370199065,0.14008488687791468,7.73,7.77,7.75,0.005161290322580535
2026-09-04,42,756.0,PUT,1.0234472403421664,-0.7025548117526593,0.12258082191843384,21.12,23.3,22.21,0.09815398469158035
2026-09-04,42,757.0,CALL,1.0248010065330952,0.3256066515607786,0.13867683551233362,7.3,7.34,7.32,0.005464480874316944
2026-09-04,42,758.0,CALL,1.026154772724024,0.31372217242243955,0.13738653720983532,6.88,6.92,6.9,0.005797101449275368
2026-09-04,42,759.0,CALL,1.0275085389149528,0.3019454254707225,0.13632325838583428,6.48,6.52,6.5,0.006153846153846023
2026-09-04,42,760.0,CALL,1.0288623051058816,0.2901615846179699,0.13537533730570386,6.09,6.13,6.109999999999999,0.006546644844517191
2026-09-04,42,761.0,CALL,1.0302160712968103,0.27858625252011726,0.13465139536288895,5.72,5.76,5.74,0.0069686411149825845
2026-09-04,42,762.0,CALL,1.0315698374877391,0.26727962434428476,0.13414962909178807,5.37,5.41,5.390000000000001,0.007421150278293142
2026-09-04,42,763.0,CALL,1.032923603678668,0.256094873750885,0.13375933894139655,5.03,5.07,5.050000000000001,0.007920792079207926
2026-09-18,56,445.0,CALL,0.6024259549633122,0.9721707031705912,0.731267110233674,295.09,298.27,296.67999999999995,0.010718619387892704
2026-09-18,56,445.0,PUT,0.6024259549633122,-0.005086513333949197,0.5345565785017174,0.27,0.28,0.275,0.03636363636363639
2026-09-18,56,450.0,PUT,0.6091947859179562,-0.005341544984054834,0.5259111336311223,0.28,0.29,0.28500000000000003,0.035087719298245446
2026-09-18,56,450.0,CALL,0.6091947859179562,0.9719753037595088,0.7152344398718437,289.73,293.61,291.67,0.013302705111941562
2026-09-18,56,455.0,CALL,0.6159636168726002,0.9712967368866199,0.7020623997129963,284.78,288.66,286.72,0.013532366071428752
2026-09-18,56,455.0,PUT,0.6159636168726002,-0.005757207621661712,0.5194837927649414,0.3,0.31,0.305,0.03278688524590167
2026-09-18,56,460.0,CALL,0.6227324478272441,0.9717112659581046,0.6830402510323331,279.86,283.41,281.635,0.01260496742237297
2026-09-18,56,460.0,PUT,0.6227324478272441,-0.006182725010276218,0.5131330457243642,0.32,0.33,0.325,0.030769230769230795
2026-09-18,56,465.0,PUT,0.6295012787818881,-0.00661828417416839,0.5068575598773579,0.34,0.35,0.345,0.02898550724637668
2026-09-18,56,465.0,CALL,0.6295012787818881,0.9697975089657088,0.6766024027749107,274.88,278.78,276.83,0.01408806848968673
2026-09-18,56,470.0,CALL,0.636270109736532,0.9689303634107961,0.6645239448301711,269.9,273.89,271.895,0.014674782544732376
2026-09-18,56,470.0,PUT,0.636270109736532,-0.0069102674964560285,0.4985735548009931,0.35,0.36,0.355,0.028169014084507067
2026-09-18,56,475.0,PUT,0.643038940691176,-0.007443496620262295,0.4934914503124778,0.37,0.39,0.38,0.05263157894736847
2026-09-18,56,475.0,CALL,0.643038940691176,0.967824541899596,0.6536717367593434,264.99,268.98,266.985,0.014944659812349041
2026-09-18,56,480.0,CALL,0.6498077716458199,0.9691365166293613,0.6307563234651341,260.03,263.56,261.79499999999996,0.013483832769915507
2026-09-18,56,480.0,PUT,0.6498077716458199,-0.007833124802676937,0.4864083870295559,0.39,0.4,0.395,0.025316455696202552
2026-09-18,56,485.0,PUT,0.6565766026004639,-0.008465256864746485,0.482476049738087,0.42,0.43,0.425,0.023529411764705903
2026-09-18,56,485.0,CALL,0.6565766026004639,0.9663868865739431,0.62799528425623,255.05,259.08,257.065,0.015676968860015843
2026-09-18,56,490.0,CALL,0.6633454335551079,0.9678658027271946,0.6048097123745763,250.12,253.6,251.86,0.013817200031763637
2026-09-18,56,490.0,PUT,0.6633454335551079,-0.008956568906362589,0.4764703830344525,0.44,0.45,0.445,0.02247191011235957
2026-09-18,56,495.0,CALL,0.6701142645097518,0.9645404172016051,0.6043655661839403,245.59,248.77,247.18,0.012865118537098498
2026-09-18,56,495.0,PUT,0.6701142645097518,-0.009461582583624992,0.46748005718818847,0.46,0.47,0.46499999999999997,0.021505376344085923
2026-09-18,56,500.0,PUT,0.6768830954643957,-0.01014145278733151,0.4591848921043262,0.49,0.5,0.495,0.02020202020202022
2026-09-18,56,500.0,CALL,0.6768830954643957,0.9636413036683068,0.5924185924446733,240.64,243.82,242.23,0.013128018825083626
2026-09-18,56,505.0,CALL,0.6836519264190397,0.9649967780073184,0.5704097892376628,235.25,238.83,237.04000000000002,0.015102936213297386
2026-09-18,56,505.0,PUT,0.6836519264190397,-0.010845033213938314,0.4509782284586881,0.52,0.53,0.525,0.019047619047619063
2026-09-18,56,510.0,PUT,0.6904207573736837,-0.011573265523757963,0.4428586862012834,0.55,0.56,0.555,0.018018018018018032
2026-09-18,56,510.0,CALL,0.6904207573736837,0.9616107676077646,0.5695314469207274,230.33,234.36,232.34500000000003,0.017344896597731824
2026-09-18,56,515.0,PUT,0.6971895883283277,-0.012327131750562492,0.4348248915176554,0.58,0.59,0.585,0.01709401709401711
2026-09-18,56,515.0,CALL,0.6971895883283277,0.9628690852657296,0.5482806331486674,225.4,228.93,227.16500000000002,0.015539365659322523
2026-09-18,56,520.0,CALL,0.7039584192829715,0.9617752483298455,0.5372818558047991,220.45,224.0,222.225,0.015974800314996113
2026-09-18,56,520.0,PUT,0.7039584192829715,-0.013107665896557954,0.42687552336159956,0.61,0.62,0.615,0.016260162601626032
2026-09-18,56,525.0,CALL,0.7107272502376155,0.9584242307306549,0.5355587037133401,215.51,219.5,217.505,0.018344405875727037
2026-09-18,56,525.0,PUT,0.7107272502376155,-0.013915957218230326,0.4190093125001094,0.64,0.65,0.645,0.015503875968992262
2026-09-18,56,530.0,CALL,0.7174960811922595,0.9572703976930027,0.524532963289338,210.59,214.53,212.56,0.018535942792623248
2026-09-18,56,530.0,PUT,0.7174960811922595,-0.014920426644657023,0.4120670757064328,0.68,0.69,0.685,0.014598540145985252
2026-09-18,56,535.0,PUT,0.7242649121469035,-0.015957589978876453,0.4051978772126467,0.72,0.73,0.725,0.013793103448275874
2026-09-18,56,535.0,CALL,0.7242649121469035,0.9582025923778379,0.5051567414460112,205.62,209.2,207.41,0.017260498529482592
2026-09-18,56,540.0,CALL,0.7310337431015475,0.9564624209361436,0.4964438750155494,200.72,204.31,202.515,0.017727081944547335
2026-09-18,56,540.0,PUT,0.7310337431015475,-0.017028596597411277,0.3984008062366416,0.76,0.77,0.765,0.013071895424836612
2026-09-18,56,545.0,CALL,0.7378025740561914,0.9532401644444959,0.49334058647011886,195.78,199.73,197.755,0.019974210513008465
2026-09-18,56,545.0,PUT,0.7378025740561914,-0.018134627988884783,0.3916750576094672,0.8,0.81,0.805,0.012422360248447215
2026-09-18,56,550.0,CALL,0.7445714050108353,0.9538410870914654,0.4754120778424286,190.85,194.41,192.63,0.01848102580075794
2026-09-18,56,550.0,PUT,0.7445714050108353,-0.01936194590688912,0.38543310457279284,0.84,0.86,0.85,0.023529411764705903
2026-09-18,56,555.0,CALL,0.7513402359654793,0.952372303779508,0.46535535673619727,185.9,189.49,187.695,0.019126774820853
2026-09-18,56,555.0,PUT,0.7513402359654793,-0.020712562025843793,0.37966690570572675,0.89,0.91,0.9,0.02222222222222224
2026-09-18,56,560.0,CALL,0.7581090669201233,0.9479485692901776,0.466093589602791,181.01,185.04,183.02499999999998,0.02201884988389565
2026-09-18,56,560.0,PUT,0.7581090669201233,-0.022187378664262996,0.37437049894487034,0.95,0.96,0.955,0.010471204188481685
2026-09-18,56,565.0,PUT,0.7648778978747672,-0.02370451813651524,0.3691145225184155,1.0,1.02,1.01,0.01980198019801982
2026-09-18,56,565.0,CALL,0.7648778978747672,0.9461690507163345,0.45678939000937197,176.09,180.12,178.10500000000002,0.022627101990398926
2026-09-18,56,570.0,CALL,0.7716467288294112,0.9470478628463769,0.4377737540651757,171.14,174.74,172.94,0.020816468139239173
2026-09-18,56,570.0,PUT,0.7716467288294112,-0.025276777455834867,0.3624661794394038,1.06,1.07,1.065,0.009389671361502356
2026-09-18,56,575.0,PUT,0.7784155597840551,-0.027074362117623738,0.3542119431416814,1.12,1.14,1.13,0.017699115044247607
2026-09-18,56,575.0,CALL,0.7784155597840551,0.945044005720965,0.42909184229790215,166.23,169.83,168.03,0.02142474558114636
2026-09-18,56,580.0,CALL,0.7851843907386991,0.9427939520180578,0.42109042553368553,161.35,164.92,163.135,0.021883715940785198
2026-09-18,56,580.0,PUT,0.7851843907386991,-0.02904037193403542,0.34623986300072956,1.19,1.21,1.2,0.016666666666666684
2026-09-18,56,585.0,PUT,0.791953221693343,-0.03109492611328661,0.3383463080404169,1.26,1.28,1.27,0.015748031496063006
2026-09-18,56,585.0,CALL,0.791953221693343,0.9406841686084666,0.4097816655736002,156.42,160.02,158.22,0.022753128555176482
2026-09-18,56,590.0,CALL,0.798722052647987,0.9382282215204563,0.3989890418694186,151.53,155.12,153.325,0.02341431599543456
2026-09-18,56,590.0,PUT,0.798722052647987,-0.033419487510769695,0.33093006393321106,1.34,1.36,1.35,0.014814814814814828
2026-09-18,56,595.0,CALL,0.805490883602631,0.9356480783173153,0.38829628930362714,146.69,150.17,148.43,0.02344539513575416
2026-09-18,56,595.0,PUT,0.805490883602631,-0.0358462836842416,0.32358732556159747,1.42,1.44,1.43,0.013986013986014
2026-09-18,56,600.0,CALL,0.8122597145572749,0.9319520684917102,0.3795123825163364,141.88,145.35,143.615,0.024161821536747546
2026-09-18,56,600.0,PUT,0.8122597145572749,-0.03864829963617779,0.31691221662650026,1.52,1.53,1.525,0.006557377049180334
2026-09-18,56,601.0,CALL,0.8136134807482037,0.9320786126863783,0.3761379985593092,140.78,144.38,142.57999999999998,0.025248983027072482
2026-09-18,56,601.0,PUT,0.8136134807482037,-0.03915109417388403,0.31542706556698713,1.53,1.55,1.54,0.012987012987012998
2026-09-18,56,602.0,PUT,0.8149672469391325,-0.03983677608909468,0.3143404249294815,1.56,1.57,1.565,0.006389776357827482
2026-09-18,56,603.0,PUT,0.8163210131300613,-0.040348935092263706,0.3128609298269415,1.57,1.59,1.58,0.012658227848101276
2026-09-18,56,604.0,CALL,0.8176747793209901,0.930212661669987,0.37010984931901647,137.86,141.45,139.655,0.025706204575561026
2026-09-18,56,604.0,PUT,0.8176747793209901,-0.041044124767159365,0.3117792729412717,1.6,1.61,1.605,0.006230529595015582
2026-09-18,56,605.0,CALL,0.8190285455119188,0.9295780987646726,0.3681079764603531,136.88,140.48,138.68,0.025959042399769212
2026-09-18,56,605.0,PUT,0.8190285455119188,-0.041654985321752915,0.3105026793175054,1.62,1.63,1.625,0.006153846153846023
2026-09-18,56,606.0,PUT,0.8203823117028477,-0.0423597318205888,0.30942581623913673,1.64,1.66,1.65,0.012121212121212133
2026-09-18,56,607.0,PUT,0.8217360778937765,-0.04298033697051463,0.30815435556538384,1.66,1.68,1.67,0.011976047904191628
2026-09-18,56,608.0,PUT,0.8230898440847052,-0.04360587936239882,0.30688554045463246,1.68,1.7,1.69,0.011834319526627229
2026-09-18,56,609.0,PUT,0.8244436102756341,-0.04423641434874938,0.30561935818371666,1.7,1.72,1.71,0.01169590643274855
2026-09-18,56,610.0,PUT,0.8257973764665628,-0.04487198877506324,0.3043558060554665,1.72,1.74,1.73,0.011560693641618507
2026-09-18,56,610.0,CALL,0.8257973764665628,0.9260538973876294,0.3586037526480239,132.04,135.61,133.825,0.02667662992714382
2026-09-18,56,611.0,PUT,0.8271511426574916,-0.04569065710804415,0.30348649306400394,1.75,1.77,1.76,0.011363636363636374
2026-09-18,56,611.0,CALL,0.8271511426574916,0.9255054968536305,0.3563995462393041,131.04,134.64,132.83999999999997,0.02710027100270999
2026-09-18,56,612.0,PUT,0.8285049088484204,-0.046336798134223846,0.3022270374864664,1.77,1.79,1.78,0.011235955056179785
2026-09-18,56,613.0,PUT,0.8298586750393492,-0.04707679797377229,0.3011659372629987,1.8,1.81,1.8050000000000002,0.005540166204986154
2026-09-18,56,614.0,PUT,0.831212441230278,-0.04782184827893964,0.30010712459606453,1.82,1.84,1.83,0.010928961748633888
2026-09-18,56,614.0,CALL,0.831212441230278,0.9234385835189133,0.3504827928414127,128.16,131.67,129.915,0.027017665396605405
2026-09-18,56,615.0,CALL,0.8325662074212068,0.9225429594944867,0.348853481450324,127.16,130.75,128.95499999999998,0.027839168702260508
2026-09-18,56,615.0,PUT,0.8325662074212068,-0.04848362430576114,0.29885518834818486,1.84,1.86,1.85,0.01081081081081082
2026-09-18,56,616.0,PUT,0.8339199736121355,-0.04932724913745513,0.2979963525574242,1.87,1.89,1.88,0.010638297872340318
2026-09-18,56,617.0,PUT,0.8352737398030644,-0.04999962496311724,0.29674933719052077,1.89,1.91,1.9,0.010526315789473694
2026-09-18,56,617.0,CALL,0.8352737398030644,0.9209842509358325,0.34515768172023825,125.22,128.81,127.015,0.028264378223044548
2026-09-18,56,618.0,CALL,0.8366275059939932,0.9201931149955683,0.3433150512135005,124.25,127.84,126.045,0.028481891387996377
2026-09-18,56,618.0,PUT,0.8366275059939932,-0.05085330733645084,0.2958946982454145,1.92,1.94,1.93,0.010362694300518144
2026-09-18,56,619.0,PUT,0.8379812721849219,-0.0516249867837176,0.2948450570364511,1.95,1.96,1.955,0.005115089514066501
2026-09-18,56,619.0,CALL,0.8379812721849219,0.919393984545751,0.34147592823888745,123.28,126.87,125.075,0.028702778333000226
2026-09-18,56,620.0,CALL,0.8393350383758508,0.9183286377843446,0.340085943852916,122.34,125.91,124.125,0.028761329305135898
2026-09-18,56,620.0,PUT,0.8393350383758508,-0.05240230348382603,0.293796760543907,1.97,1.99,1.98,0.01010101010101011
2026-09-18,56,621.0,PUT,0.8406888045667795,-0.05327243540085936,0.2929446086888056,2.0,2.02,2.01,0.009950248756218916
2026-09-18,56,621.0,CALL,0.8406888045667795,0.9180306089484331,0.3373628578922521,121.33,124.9,123.11500000000001,0.0289972789668197
2026-09-18,56,622.0,CALL,0.8420425707577083,0.9161082921963679,0.33742550358971346,120.49,123.97,122.22999999999999,0.028470915487196304
2026-09-18,56,622.0,PUT,0.8420425707577083,-0.05414805213474053,0.2920933732041674,2.03,2.05,2.04,0.00980392156862746
2026-09-18,56,623.0,CALL,0.8433963369486371,0.9152102858882776,0.335710382234366,119.53,123.0,121.265,0.028615016698965066
2026-09-18,56,623.0,PUT,0.8433963369486371,-0.055031384961416116,0.2912340138563915,2.06,2.08,2.0700000000000003,0.009661835748792277
2026-09-18,56,624.0,PUT,0.8447501031395659,-0.05583349877828796,0.2901822887487228,2.09,2.1,2.0949999999999998,0.0047732696897375805
2026-09-18,56,624.0,CALL,0.8447501031395659,0.9154048349509935,0.33211064927001976,118.56,121.87,120.215,0.027534001580501618
2026-09-18,56,625.0,CALL,0.8461038693304948,0.9140998247417522,0.33106953969203656,117.5,121.06,119.28,0.029845741113346765
2026-09-18,56,625.0,PUT,0.8461038693304948,-0.05673441532247003,0.2892911102724757,2.12,2.13,2.125,0.004705882352941076
2026-09-18,56,626.0,PUT,0.8474576355214235,-0.05765051987177933,0.2881262286140598,2.15,2.16,2.1550000000000002,0.004640371229698482
2026-09-18,56,626.0,CALL,0.8474576355214235,0.9124636574466898,0.33058490810882485,116.63,120.11,118.37,0.029399341049252375
2026-09-18,56,627.0,PUT,0.8488114017123523,-0.05864002725974001,0.2865813500327544,2.18,2.2,2.1900000000000004,0.009132420091324207
2026-09-18,56,628.0,CALL,0.8501651679032811,0.9121518084135033,0.3245273912229076,114.69,117.95,116.32,0.028026134800550252
2026-09-18,56,628.0,PUT,0.8501651679032811,-0.059553858700878606,0.2849277141275827,2.21,2.23,2.2199999999999998,0.009009009009009018
2026-09-18,56,629.0,PUT,0.8515189340942099,-0.06047806220490825,0.28327735313948654,2.24,2.26,2.25,0.0088888888888887
2026-09-18,56,630.0,PUT,0.8528727002851386,-0.06141279011280127,0.2816302671776646,2.27,2.29,2.2800000000000002,0.00877192982456141
2026-09-18,56,630.0,CALL,0.8528727002851386,0.9093240007512446,0.32269207453634663,112.67,116.25,114.46000000000001,0.031277302114275714
2026-09-18,56,631.0,PUT,0.8542264664760675,-0.06253149459048006,0.28020968984894995,2.31,2.33,2.3200000000000003,0.00862068965517242
2026-09-18,56,632.0,PUT,0.8555802326669962,-0.06348808530884337,0.2785689804033143,2.34,2.36,2.3499999999999996,0.00851063829787235
2026-09-18,56,633.0,PUT,0.856933998857925,-0.06445566904667377,0.2769315475162488,2.37,2.39,2.38,0.008403361344537823
2026-09-18,56,634.0,PUT,0.8582877650488538,-0.06560834343586447,0.2755201308513459,2.41,2.43,2.42,0.008264462809917363
2026-09-18,56,635.0,PUT,0.8596415312397826,-0.06659870832429936,0.273889091917627,2.44,2.46,2.45,0.008163265306122455
2026-09-18,56,635.0,CALL,0.8596415312397826,0.9041788982330801,0.3146163786147451,107.85,111.45,109.65,0.03283173734610131
2026-09-18,56,636.0,PUT,0.8609952974307115,-0.0677749621788455,0.27248354031078686,2.48,2.5,2.49,0.008032128514056231
2026-09-18,56,637.0,PUT,0.8623490636216402,-0.06896342242662441,0.2710806760288107,2.52,2.54,2.5300000000000002,0.007905138339920955
2026-09-18,56,638.0,PUT,0.863702829812569,-0.07007689708985652,0.2695697534803733,2.56,2.57,2.565,0.003898635477582763
2026-09-18,56,639.0,PUT,0.8650565960034978,-0.07120257204974821,0.26806194947238876,2.59,2.61,2.5999999999999996,0.0076923076923077005
2026-09-18,56,640.0,CALL,0.8664103621944266,0.8968453764089325,0.30990815050932563,103.29,106.69,104.99000000000001,0.03238403657491181
2026-09-18,56,640.0,PUT,0.8664103621944266,-0.07242780863435128,0.26666808834994193,2.63,2.65,2.6399999999999997,0.007575757575757584
2026-09-18,56,641.0,CALL,0.8677641283853553,0.8955814116932349,0.30857848861240456,102.34,105.74,104.03999999999999,0.03267973856209142
2026-09-18,56,641.0,PUT,0.8677641283853553,-0.0736656066624677,0.26527717366234393,2.67,2.69,2.6799999999999997,0.007462686567164187
2026-09-18,56,642.0,PUT,0.8691178945762842,-0.07500317799979177,0.2639998447715117,2.71,2.74,2.725,0.011009174311926696
2026-09-18,56,643.0,PUT,0.8704716607672129,-0.07626653775578723,0.26261473803682983,2.75,2.78,2.7649999999999997,0.01084990958408673
2026-09-18,56,643.0,CALL,0.8704716607672129,0.8950079930703173,0.3025388259911098,100.18,103.79,101.98500000000001,0.03539736235720938
2026-09-18,56,644.0,PUT,0.8718254269581417,-0.07762983074282122,0.2613430335678951,2.8,2.82,2.8099999999999996,0.007117437722419936
2026-09-18,56,644.0,CALL,0.8718254269581417,0.8937077082056125,0.3012203441650834,99.23,102.84,101.035,0.03573019250754689
2026-09-18,56,645.0,PUT,0.8731791931490706,-0.07891939465908214,0.259963737992045,2.84,2.86,2.8499999999999996,0.00701754385964913
2026-09-18,56,645.0,CALL,0.8731791931490706,0.8923965347881889,0.2999045920717876,98.28,101.89,100.08500000000001,0.03606934106009891
2026-09-18,56,646.0,PUT,0.8745329593399993,-0.08030902691046965,0.25869766435378483,2.88,2.91,2.895,0.01036269430051822
2026-09-18,56,646.0,CALL,0.8745329593399993,0.8913321179530921,0.29815530935019,97.36,100.87,99.11500000000001,0.03541340866670035
2026-09-18,56,647.0,PUT,0.8758867255309282,-0.08171198906543838,0.25743436298630284,2.93,2.95,2.9400000000000004,0.006802721088435379
2026-09-18,56,647.0,CALL,0.8758867255309282,0.8905795024240057,0.29586452784357387,96.49,99.75,98.12,0.03322462291072162
2026-09-18,56,648.0,PUT,0.8772404917218569,-0.0832147619412889,0.2562839048868643,2.98,3.0,2.99,0.006688963210702346
2026-09-18,56,648.0,CALL,0.8772404917218569,0.8885246772641213,0.2957559712867002,95.42,99.03,97.225,0.037130367703779886
2026-09-18,56,649.0,CALL,0.8785942579127857,0.8871045907164324,0.2945600988603748,94.47,98.09,96.28,0.037598670544245996
2026-09-18,56,649.0,PUT,0.8785942579127857,-0.08464468714323195,0.25502605821143753,3.02,3.05,3.035,0.009884678747940627
2026-09-18,56,650.0,PUT,0.8799480241037145,-0.08617440672168408,0.2538808173151254,3.07,3.1,3.085,0.009724473257698622
2026-09-18,56,650.0,CALL,0.8799480241037145,0.8858008300572977,0.293149409087089,93.88,96.77,95.32499999999999,0.03031733543141884
2026-09-18,56,651.0,PUT,0.8813017902946433,-0.08763192284566326,0.2526281321933956,3.12,3.14,3.13,0.006389776357827482
2026-09-18,56,652.0,PUT,0.882655556485572,-0.0891893574901171,0.2514882997888973,3.17,3.19,3.1799999999999997,0.006289308176100635
2026-09-18,56,653.0,PUT,0.8840093226765009,-0.09084694871244225,0.25045894250572487,3.22,3.25,3.2350000000000003,0.0092735703245749
2026-09-18,56,653.0,CALL,0.8840093226765009,0.8806041445135513,0.2892111747302924,90.81,94.3,92.555,0.037707309167521956
2026-09-18,56,654.0,CALL,0.8853630888674296,0.8794887958014268,0.2868019111758512,89.98,93.18,91.58000000000001,0.03494212710198736
2026-09-18,56,654.0,PUT,0.8853630888674296,-0.09243355617992675,0.24932209896899585,3.27,3.3,3.285,0.009132420091324141
2026-09-18,56,655.0,PUT,0.8867168550583584,-0.09411889622015651,0.24829711774492833,3.33,3.35,3.34,0.005988023952095814
2026-09-18,56,655.0,CALL,0.8867168550583584,0.8765842420832938,0.2864172254470604,89.04,92.45,90.745,0.037577827979502966
2026-09-18,56,656.0,PUT,0.8880706212492873,-0.09581785003214092,0.2472745238760457,3.38,3.41,3.395,0.008836524300441899
2026-09-18,56,656.0,CALL,0.8880706212492873,0.8768212972476065,0.28242935214906395,87.85,91.47,89.66,0.040374749051974176
2026-09-18,56,657.0,PUT,0.889424387440216,-0.09753054367280005,0.24625431658839372,3.44,3.46,3.45,0.005797101449275368
2026-09-18,56,658.0,PUT,0.8907781536311448,-0.09925722759649808,0.24523644159701447,3.49,3.52,3.505,0.008559201141226764
2026-09-18,56,659.0,PUT,0.8921319198220736,-0.10108089995730224,0.2443297893784743,3.55,3.58,3.565,0.008415147265077208
2026-09-18,56,660.0,PUT,0.8934856860130024,-0.10291902741531457,0.2434235737534938,3.61,3.64,3.625,0.008275862068965585
2026-09-18,56,660.0,CALL,0.8934856860130024,0.8682477841646485,0.2771125756235649,84.36,87.75,86.055,0.039393411190517695
2026-09-18,56,661.0,PUT,0.8948394522039312,-0.10477373185787635,0.24251564105189358,3.67,3.7,3.685,0.008141112618724626
2026-09-18,56,661.0,CALL,0.8948394522039312,0.8643578818987875,0.277746214066565,83.77,86.81,85.28999999999999,0.03564310001172478
2026-09-18,56,662.0,CALL,0.89619321839486,0.8651260015342696,0.27300046125336586,82.43,85.87,84.15,0.04087938205585261
2026-09-18,56,662.0,PUT,0.89619321839486,-0.10664355850113269,0.2416084839137738,3.73,3.76,3.745,0.008010680907877116
2026-09-18,56,663.0,PUT,0.8975469845857887,-0.10852759711514728,0.24070306520197235,3.79,3.82,3.8049999999999997,0.00788436268068326
2026-09-18,56,663.0,CALL,0.8975469845857887,0.8638162804227706,0.2706277859932756,81.41,84.94,83.175,0.04244063721070034
2026-09-18,56,664.0,PUT,0.8989007507767176,-0.11059349176625503,0.24000337521538073,3.86,3.89,3.875,0.007741935483871032
2026-09-18,56,665.0,CALL,0.9002545169676464,0.8592297408039112,0.26804362096770806,79.67,83.08,81.375,0.04190476190476186
2026-09-18,56,665.0,PUT,0.9002545169676464,-0.11251299036541114,0.2390864025063201,3.92,3.95,3.935,0.007623888182973379
2026-09-18,56,666.0,PUT,0.9016082831585751,-0.11462770544518612,0.23832433073002304,3.99,4.02,4.005,0.007490636704119691
2026-09-18,56,667.0,CALL,0.902962049349504,0.8557451435656738,0.2641130796026408,77.74,81.22,79.47999999999999,0.0437845998993458
2026-09-18,56,667.0,PUT,0.902962049349504,-0.11675690525358225,0.23707017323248397,4.06,4.09,4.074999999999999,0.0073619631901841115
2026-09-18,56,668.0,CALL,0.9043158155404327,0.8537452247446558,0.2624036673513486,76.81,80.29,78.55000000000001,0.04430299172501596
2026-09-18,56,668.0,PUT,0.9043158155404327,-0.11887499319063861,0.23546215297514309,4.13,4.16,4.145,0.007237635705669542
2026-09-18,56,669.0,PUT,0.9056695817313615,-0.12102218905905238,0.233857384860303,4.2,4.23,4.215,0.007117437722419988
2026-09-18,56,669.0,CALL,0.9056695817313615,0.8517199740982078,0.26069782486742743,75.87,79.37,77.62,0.04509147127029116
2026-09-18,56,670.0,PUT,0.9070233479222903,-0.12327825578941166,0.23232728243945516,4.28,4.3,4.29,0.004662004662004562
2026-09-18,56,670.0,CALL,0.9070233479222903,0.8491690191316154,0.2595658124959234,75.02,78.44,76.72999999999999,0.04457187540727228
2026-09-18,56,671.0,CALL,0.9083771141132191,0.8467820981236235,0.25822272399350965,74.13,77.52,75.82499999999999,0.04470820969337291
2026-09-18,56,671.0,PUT,0.9083771141132191,-0.1255637769089194,0.230800619117919,4.35,4.38,4.365,0.006872852233677032
2026-09-18,56,672.0,PUT,0.909730880304148,-0.12787924314379692,0.2292774057471613,4.43,4.45,4.4399999999999995,0.004504504504504609
2026-09-18,56,672.0,CALL,0.909730880304148,0.842777772290163,0.2587318985544492,73.5,76.6,75.05,0.04130579613590932
2026-09-18,56,673.0,CALL,0.9110846464950767,0.8401688560155832,0.2576061306323022,72.64,75.68,74.16,0.04099244875943914
2026-09-18,56,673.0,PUT,0.9110846464950767,-0.13030313541499625,0.227829282708929,4.51,4.53,4.52,0.004424778761062049
2026-09-18,56,674.0,PUT,0.9124384126860055,-0.13275754996542216,0.22638450657396894,4.59,4.61,4.6,0.004347826086956622
2026-09-18,56,675.0,CALL,0.9137921788769343,0.837536060529827,0.25224148068931357,70.47,73.85,72.16,0.04684035476718398
2026-09-18,56,675.0,PUT,0.9137921788769343,-0.13532043850746875,0.22501457738485064,4.67,4.7,4.6850000000000005,0.006403415154749252
2026-09-18,56,676.0,CALL,0.9151459450678631,0.8329179040210777,0.253394123674622,69.93,72.93,71.43,0.04199916001679966
2026-09-18,56,676.0,PUT,0.9151459450678631,-0.13783727975402654,0.22357641515772622,4.75,4.78,4.765000000000001,0.006295907660021038
2026-09-18,56,677.0,PUT,0.9164997112587918,-0.1403861105164238,0.22214163318508437,4.83,4.86,4.845000000000001,0.0061919504643963355
2026-09-18,56,677.0,CALL,0.9164997112587918,0.8330249846176995,0.24895177415063152,68.59,72.02,70.305,0.04878742621435164
2026-09-18,56,678.0,PUT,0.9178534774497207,-0.14312045411333088,0.22085284326898216,4.92,4.95,4.9350000000000005,0.00607902735562315
2026-09-18,56,679.0,PUT,0.9192072436406494,-0.14588636658583487,0.21956718619123422,5.01,5.04,5.025,0.005970149253731393
2026-09-18,56,679.0,CALL,0.9192072436406494,0.8266065487168791,0.2477970164784916,67.0,70.2,68.6,0.046647230320699756
2026-09-18,56,680.0,PUT,0.9205610098315782,-0.14868428996265673,0.21828467186185724,5.1,5.13,5.115,0.005865102639296236
2026-09-18,56,680.0,CALL,0.9205610098315782,0.8254114416976902,0.24478578803654974,65.86,69.29,67.575,0.05075841657417694
2026-09-18,56,681.0,CALL,0.921914776022507,0.8319400115008896,0.23301583160160166,64.96,66.9,65.93,0.0294251478841197
2026-09-18,56,681.0,PUT,0.921914776022507,-0.1516655577879969,0.2171472529365575,5.2,5.23,5.215,0.005752636625119894
2026-09-18,56,682.0,CALL,0.9232685422134358,0.8200186656016376,0.2422356878477543,64.06,67.48,65.77000000000001,0.05199939181997873
2026-09-18,56,682.0,PUT,0.9232685422134358,-0.15452906073776887,0.2158705363715572,5.29,5.32,5.305,0.005655042412818143
2026-09-18,56,683.0,PUT,0.9246223084043647,-0.1575741690010319,0.21473884922126643,5.39,5.42,5.404999999999999,0.005550416281221138
2026-09-18,56,683.0,CALL,0.9246223084043647,0.8172516868429835,0.24100028139967963,63.16,66.58,64.87,0.052720826267920476
2026-09-18,56,684.0,PUT,0.9259760745952934,-0.1606541004929245,0.21360808563979092,5.49,5.52,5.505,0.0054495912806538345
2026-09-18,56,684.0,CALL,0.9259760745952934,0.8154454849174165,0.23857165505813505,62.08,65.69,63.885,0.05650778743053924
2026-09-18,56,685.0,CALL,0.9273298407862222,0.8115772648363829,0.23860842937132345,61.36,64.79,63.075,0.05437970669837506
2026-09-18,56,685.0,PUT,0.9273298407862222,-0.16391440006653715,0.21262006636759265,5.6,5.63,5.615,0.005342831700801469
2026-09-18,56,686.0,PUT,0.928683606977151,-0.16706027631730996,0.21149338295599643,5.7,5.73,5.715,0.005249343832021041
2026-09-18,56,686.0,CALL,0.928683606977151,0.8063720767591372,0.24032908360733576,60.87,63.9,62.385,0.04856936763645109
2026-09-18,56,687.0,PUT,0.9300373731680798,-0.17038253354761274,0.21051062753003075,5.81,5.84,5.824999999999999,0.005150214592274722
2026-09-18,56,687.0,CALL,0.9300373731680798,0.8056232564651924,0.2364382904318899,59.58,63.01,61.295,0.0559588873480708
2026-09-18,56,688.0,CALL,0.9313911393590085,0.8031636519138124,0.23465657936438278,58.68,62.03,60.355000000000004,0.055504929169082944
2026-09-18,56,688.0,PUT,0.9313911393590085,-0.17373606633255512,0.20953028465257006,5.92,5.95,5.9350000000000005,0.005054759898904844
2026-09-18,56,689.0,CALL,0.9327449055499374,0.7992336355028492,0.23469846032727382,57.86,61.23,59.545,0.056595851876731836
2026-09-18,56,689.0,PUT,0.9327449055499374,-0.17712046169988377,0.20855255956353128,6.03,6.06,6.045,0.004962779156327438
2026-09-18,56,690.0,PUT,0.9340986717408661,-0.1806058729532881,0.20764748730560634,6.15,6.17,6.16,0.0032467532467531776
2026-09-18,56,690.0,CALL,0.9340986717408661,0.7965460312869607,0.23313283533206577,56.89,60.35,58.620000000000005,0.05902422381439783
2026-09-18,56,691.0,PUT,0.9354524379317949,-0.18412981518348137,0.20673872337039262,6.26,6.29,6.275,0.004780876494023944
2026-09-18,56,691.0,CALL,0.9354524379317949,0.7926414936395991,0.2326043670873735,56.15,59.46,57.805,0.05726148257071192
2026-09-18,56,692.0,CALL,0.9368062041227238,0.7896047585275198,0.23049083395050304,55.23,58.58,56.905,0.05887004656884283
2026-09-18,56,692.0,PUT,0.9368062041227238,-0.18776015152098943,0.2058970546735368,6.38,6.41,6.395,0.00469116497263491
2026-09-18,56,693.0,CALL,0.9381599703136525,0.7867258503618475,0.22816877383992673,54.27,57.7,55.985,0.06126641064570867
2026-09-18,56,693.0,PUT,0.9381599703136525,-0.19148744116197833,0.20512691567277933,6.51,6.53,6.52,0.0030674846625767583
2026-09-18,56,694.0,CALL,0.9395137365045814,0.7833127009516772,0.22633105618521498,53.39,56.83,55.11,0.06242061331881687
2026-09-18,56,694.0,PUT,0.9395137365045814,-0.19524880362873326,0.2043512599758682,6.63,6.66,6.645,0.004514672686230286
2026-09-18,56,695.0,CALL,0.9408675026955101,0.779792212221822,0.22455079178432394,52.52,55.96,54.24,0.06342182890855452
2026-09-18,56,695.0,PUT,0.9408675026955101,-0.19911860436403928,0.20363244095542277,6.76,6.79,6.775,0.004428044280442841
2026-09-18,56,696.0,PUT,0.9422212688864389,-0.2030419202896579,0.20287343347399758,6.89,6.92,6.904999999999999,0.004344677769732115
2026-09-18,56,696.0,CALL,0.9422212688864389,0.7759562473267841,0.2230404456501915,51.71,55.08,53.394999999999996,0.06311452383181941
2026-09-18,56,697.0,PUT,0.9435750350773677,-0.20702233312942953,0.2016940016570942,7.02,7.05,7.035,0.004264392324093852
2026-09-18,56,697.0,CALL,0.9435750350773677,0.7725843953536077,0.22100281178525924,50.78,54.22,52.5,0.06552380952380948
2026-09-18,56,698.0,CALL,0.9449288012682965,0.7689973608864082,0.2191290476079992,49.92,53.32,51.620000000000005,0.06586594343277796
2026-09-18,56,698.0,PUT,0.9449288012682965,-0.2110917365622771,0.2001074872252756,7.16,7.19,7.175000000000001,0.004181184668989581
2026-09-18,56,699.0,PUT,0.9462825674592252,-0.21522557397998804,0.19852511107067533,7.3,7.33,7.3149999999999995,0.004101161995898872
2026-09-18,56,699.0,CALL,0.9462825674592252,0.7650447840802291,0.2175777134189928,49.04,52.5,50.769999999999996,0.06815048256844596
2026-09-18,56,700.0,PUT,0.9476363336501541,-0.219426071163556,0.19694672807498054,7.44,7.47,7.455,0.004024144869215206
2026-09-18,56,700.0,CALL,0.9476363336501541,0.7611870933878316,0.21587140296286753,48.17,51.64,49.905,0.06953211101092073
2026-09-18,56,701.0,PUT,0.9489900998410828,-0.22381416465929854,0.19547867043138187,7.59,7.62,7.605,0.003944773175542439
2026-09-18,56,701.0,CALL,0.9489900998410828,0.7571200934956099,0.21432794078961265,47.32,50.79,49.055,0.07073692793802872
2026-09-18,56,702.0,PUT,0.9503438660320116,-0.22826797091414192,0.19401460490276629,7.74,7.77,7.755,0.003868471953578254
2026-09-18,56,702.0,CALL,0.9503438660320116,0.7528481566672677,0.21294684262973862,46.5,49.94,48.22,0.07133969307341348
2026-09-18,56,703.0,CALL,0.9516976322229405,0.7486662421417528,0.21141099934444624,45.65,49.09,47.370000000000005,0.07261980156217024
2026-09-18,56,703.0,PUT,0.9516976322229405,-0.23278872161867828,0.19255455835936497,7.89,7.92,7.904999999999999,0.003795066413662271
2026-09-18,56,704.0,PUT,0.9530513984138692,-0.2374930102076899,0.1912044131392491,8.05,8.08,8.065000000000001,0.0037197768133911168
2026-09-18,56,704.0,CALL,0.9530513984138692,0.7445197600457883,0.209773660408447,44.78,48.24,46.510000000000005,0.07439260374113095
2026-09-18,56,705.0,PUT,0.9544051646047981,-0.24226566025228083,0.18985750368253534,8.21,8.24,8.225000000000001,0.003647416413373782
2026-09-18,56,705.0,CALL,0.9544051646047981,0.7426956279067556,0.20550690885075323,43.93,46.87,45.4,0.06475770925110128
2026-09-18,56,706.0,CALL,0.9557589307957268,0.7337453437178147,0.20914056803911915,43.52,46.56,45.040000000000006,0.06749555950266427
2026-09-18,56,706.0,PUT,0.9557589307957268,-0.24710869144957298,0.18851378725668724,8.37,8.4,8.385,0.003577817531306039
2026-09-18,56,707.0,PUT,0.9571126969866556,-0.25213007522102404,0.1872793937155016,8.54,8.57,8.555,0.003506721215663488
2026-09-18,56,707.0,CALL,0.9571126969866556,0.7311008738473117,0.2055697797364753,42.26,45.73,43.995,0.07887259915899532
2026-09-18,56,708.0,PUT,0.9584664631775844,-0.2572230468705764,0.18604614695004476,8.71,8.74,8.725000000000001,0.0034383954154727056
2026-09-18,56,708.0,CALL,0.9584664631775844,0.7264781818701891,0.20421090707506295,41.43,44.89,43.16,0.08016682113067658
2026-09-18,56,709.0,CALL,0.9598202293685132,0.7214027643958811,0.20332732288702998,40.67,44.07,42.370000000000005,0.08024545669105496
2026-09-18,56,709.0,PUT,0.9598202293685132,-0.26239036852538516,0.18481287815954148,8.88,8.91,8.895,0.0033726812816188153
2026-09-18,56,710.0,PUT,0.9611739955594419,-0.2677308679743345,0.18368801321339806,9.06,9.09,9.075,0.003305785123966872
2026-09-18,56,710.0,CALL,0.9611739955594419,0.7173934084392217,0.20108544666677244,39.66,43.24,41.45,0.08636911942098927
2026-09-18,56,711.0,CALL,0.9625277617503708,0.7119504883471875,0.20052232271727022,38.96,42.42,40.69,0.0850331776849349
2026-09-18,56,711.0,PUT,0.9625277617503708,-0.27314034479300087,0.18256572411695282,9.24,9.27,9.254999999999999,0.003241491085899445
2026-09-18,56,712.0,CALL,0.9638815279412996,0.7069234955865322,0.19938663064366902,38.14,41.61,39.875,0.08702194357366769
2026-09-18,56,712.0,PUT,0.9638815279412996,-0.27871409136204567,0.1815515462420912,9.43,9.46,9.445,0.0031762837480149428
2026-09-18,56,713.0,PUT,0.9652352941322283,-0.28435025271824227,0.1805402852039324,9.62,9.65,9.635,0.0031136481577582913
2026-09-18,56,713.0,CALL,0.9652352941322283,0.7018006711788585,0.19830629198822533,37.33,40.8,39.065,0.08882631511583257
2026-09-18,56,714.0,PUT,0.9665890603231572,-0.2901078324842525,0.17958111242024022,9.81,9.85,9.83,0.004069175991861561
2026-09-18,56,714.0,CALL,0.9665890603231572,0.6967387052776194,0.19707283875621456,36.52,39.96,38.24,0.08995815899581583
2026-09-18,56,715.0,CALL,0.9679428265140859,0.6918402006057832,0.1955308806956994,35.58,39.19,37.385,0.0965627925638625
2026-09-18,56,715.0,PUT,0.9679428265140859,-0.29599687072171954,0.17866332208477423,10.01,10.05,10.030000000000001,0.0039880358923231225
2026-09-18,56,716.0,CALL,0.9692965927050148,0.6862098233789781,0.19492809214006887,34.92,38.32,36.620000000000005,0.09284543965046417
2026-09-18,56,716.0,PUT,0.9692965927050148,-0.3019955653826496,0.17779763380532163,10.22,10.25,10.235,0.002931118710307705
2026-09-18,56,717.0,CALL,0.9706503588959435,0.6813541198728511,0.1931343275544254,33.94,37.54,35.739999999999995,0.10072747621712373
2026-09-18,56,717.0,PUT,0.9706503588959435,-0.30805978884355845,0.17693312749972148,10.42,10.46,10.440000000000001,0.0038314176245211606
2026-09-18,56,718.0,CALL,0.9720041250868723,0.6751492118191692,0.19326194336642258,33.33,36.76,35.045,0.09787416179198173
2026-09-18,56,718.0,PUT,0.9720041250868723,-0.3142992211613276,0.17615024618419797,10.64,10.67,10.655000000000001,0.002815579540121948
2026-09-18,56,719.0,CALL,0.9733578912778011,0.6656058468573124,0.19703488200005403,34.17,35.58,34.875,0.04043010752688162
2026-09-18,56,719.0,PUT,0.9733578912778011,-0.32063187263273546,0.17533856784195728,10.85,10.89,10.870000000000001,0.003679852805887849
2026-09-18,56,720.0,CALL,0.9747116574687299,0.6622165540839491,0.19177381528860726,33.28,34.16,33.72,0.02609727164887294
2026-09-18,56,720.0,PUT,0.9747116574687299,-0.3271479320715004,0.17440622264117547,11.07,11.11,11.09,0.003606853020739328
2026-09-18,56,721.0,PUT,0.9760654236596586,-0.33367477563910747,0.17277063810482443,11.31,11.34,11.325,0.0026490066225165
2026-09-18,56,721.0,CALL,0.9760654236596586,0.657453390620259,0.18828519566168234,31.57,33.95,32.760000000000005,0.07264957264957271
2026-09-18,56,722.0,PUT,0.9774191898505875,-0.34031550537235533,0.17111110665397058,11.54,11.58,11.559999999999999,0.0034602076124568277
2026-09-18,56,722.0,CALL,0.9774191898505875,0.651361481894832,0.18656391100407754,30.81,33.18,31.994999999999997,0.07407407407407411
2026-09-18,56,723.0,CALL,0.9787729560415163,0.6451855390018463,0.1848027626169553,30.04,32.41,31.224999999999998,0.07590072057646109
2026-09-18,56,723.0,PUT,0.9787729560415163,-0.34711839313338816,0.1695021155573047,11.78,11.82,11.8,0.0033898305084746542
2026-09-18,56,724.0,CALL,0.980126722232445,0.6388115499799654,0.18318178822635914,29.29,31.65,30.47,0.07745323268788971
2026-09-18,56,724.0,PUT,0.980126722232445,-0.35405363511484217,0.1678978315162305,12.02,12.06,12.04,0.0033222591362127014
2026-09-18,56,725.0,CALL,0.9814804884233739,0.6324019528801672,0.1814311628716611,29.12,30.28,29.700000000000003,0.03905723905723906
2026-09-18,56,725.0,PUT,0.9814804884233739,-0.36119721996387194,0.16638596626228302,12.27,12.31,12.29,0.003254678600488277
2026-09-18,56,726.0,CALL,0.9828342546143026,0.6256996570726182,0.179999718832085,27.79,30.14,28.965,0.08113240117383054
2026-09-18,56,726.0,PUT,0.9828342546143026,-0.3685270038602783,0.16496909254048167,12.53,12.57,12.55,0.0031872509960160097
2026-09-18,56,727.0,PUT,0.9841880208052314,-0.3759898408266677,0.16355476907671007,12.79,12.83,12.809999999999999,0.0031225604996097524
2026-09-18,56,727.0,CALL,0.9841880208052314,0.6189140125522968,0.17852809683027127,27.06,29.39,28.225,0.08255093002657225
2026-09-18,56,728.0,CALL,0.9855417869961602,0.6120172220689538,0.17706122558072904,26.32,28.65,27.485,0.08477351282517731
2026-09-18,56,728.0,PUT,0.9855417869961602,-0.3836521867535686,0.16222703487680726,13.06,13.1,13.08,0.003058103975535103
2026-09-18,56,729.0,CALL,0.986895553187089,0.604967690423249,0.17568837607387006,25.6,27.91,26.755000000000003,0.08633900205569046
2026-09-18,56,729.0,PUT,0.986895553187089,-0.39149955625009775,0.16099069968002297,13.34,13.38,13.36,0.0029940119760479733
2026-09-18,56,730.0,CALL,0.9882493193780179,0.5973967203532001,0.17534448873614775,25.88,26.4,26.14,0.019892884468247878
2026-09-18,56,730.0,PUT,0.9882493193780179,-0.3994710393624212,0.15975817642750786,13.62,13.66,13.64,0.0029325513196481615
2026-09-18,56,731.0,CALL,0.9896030855689466,0.5904735238242238,0.1731342678338557,24.17,26.46,25.315,0.090460201461584
2026-09-18,56,731.0,PUT,0.9896030855689466,-0.4076058619814712,0.15861894739596963,13.91,13.95,13.93,0.002871500358937484
2026-09-18,56,732.0,CALL,0.9909568517598754,0.5830532781607536,0.17190810634519046,23.46,25.74,24.6,0.0926829268292682
2026-09-18,56,732.0,PUT,0.9909568517598754,-0.4159208758127114,0.1575661302685358,14.21,14.25,14.23,0.00281096275474344
2026-09-18,56,733.0,CALL,0.9923106179508042,0.5755029104655862,0.17077481410175552,22.76,25.03,23.895000000000003,0.09499895375601587
2026-09-18,56,733.0,PUT,0.9923106179508042,-0.42439923093662446,0.15659722309564028,14.52,14.56,14.54,0.0027510316368638877
2026-09-18,56,734.0,CALL,0.993664384141733,0.5679084451204268,0.16942425804236216,22.56,23.77,23.165,0.052233973667170336
2026-09-18,56,734.0,PUT,0.993664384141733,-0.43301882673074604,0.1556153031176804,14.83,14.87,14.85,0.002693602693602636
2026-09-18,56,735.0,CALL,0.9950181503326617,0.559960401511558,0.16922678803226285,22.35,22.78,22.565,0.019056060270330143
2026-09-18,56,735.0,PUT,0.9950181503326617,-0.4418052972041719,0.15471867244273696,15.15,15.19,15.17,0.0026367831245879465
2026-09-18,56,736.0,CALL,0.9963719165235906,0.552182192308768,0.16783967835780803,20.72,22.94,21.83,0.1016949152542374
2026-09-18,56,736.0,PUT,0.9963719165235906,-0.45073367750093996,0.15389771843067043,15.48,15.52,15.5,0.0025806451612902675
2026-09-18,56,737.0,CALL,0.9977256827145193,0.5441970454914701,0.16716168315842556,20.65,21.7,21.174999999999997,0.049586776859504175
2026-09-18,56,737.0,PUT,0.9977256827145193,-0.45985840803294203,0.15304008661788307,15.81,15.85,15.83,0.0025268477574225613
2026-09-18,56,738.0,CALL,0.9990794489054481,0.5361752141474333,0.16609078782429268,20.45,20.5,20.475,0.0024420024420024767
2026-09-18,56,738.0,PUT,0.9990794489054481,-0.469201967998041,0.15223526667165113,16.16,16.2,16.18,0.0024721878862793045
2026-09-18,56,739.0,CALL,1.0004332150963768,0.5280089174380352,0.16448090145374522,19.79,19.85,19.82,0.0030272452068618705
2026-09-18,56,739.0,PUT,1.0004332150963768,-0.47843453102659217,0.15062180808301284,16.51,16.56,16.535,0.003023888720894899
2026-09-18,56,740.0,PUT,1.0017869812873057,-0.4878189577404396,0.14891620455717827,16.88,16.92,16.9,0.002366863905325604
2026-09-18,56,740.0,CALL,1.0017869812873057,0.5196574213277404,0.16268702108328556,19.15,19.21,19.18,0.003128258602711276
2026-09-18,56,741.0,CALL,1.0031407474782346,0.5111170924336415,0.1608563016142756,18.51,18.56,18.535,0.002697599136768123
2026-09-18,56,741.0,PUT,1.0031407474782346,-0.4974294523253787,0.14725850836884777,17.25,17.29,17.27,0.0023161551823971714
2026-09-18,56,742.0,CALL,1.0044945136691632,0.5023994502867933,0.1591634842593411,17.88,17.93,17.905,0.002792516056967367
2026-09-18,56,742.0,PUT,1.0044945136691632,-0.5072421942769813,0.14569364300536036,17.63,17.67,17.65,0.002266288951841513
2026-09-18,56,743.0,PUT,1.005848279860092,-0.5172686669721575,0.1442960875713248,18.03,18.07,18.05,0.0022160664819944123
2026-09-18,56,743.0,CALL,1.005848279860092,0.4935127113675389,0.15756438056728606,17.26,17.31,17.285,0.0028926815157649497
2026-09-18,56,744.0,CALL,1.007202046051021,0.4844673264442335,0.15605854653477805,16.65,16.7,16.674999999999997,0.0029985007496252307
2026-09-18,56,744.0,PUT,1.007202046051021,-0.5275311599403798,0.1428944058047356,18.43,18.47,18.45,0.002168021680216756
2026-09-18,56,745.0,PUT,1.0085558122419498,-0.5379812441415348,0.14158359518146812,18.84,18.88,18.86,0.0021208907741250872
2026-09-18,56,745.0,CALL,1.0085558122419498,0.4752474401342893,0.15455887710016752,16.04,16.09,16.064999999999998,0.0031123560535325687
2026-09-18,56,746.0,PUT,1.0099095784328784,-0.5485892291655278,0.14040296652684997,19.26,19.31,19.285,0.002592688618096819
2026-09-18,56,746.0,CALL,1.0099095784328784,0.4659143551042688,0.15323835905987832,15.45,15.5,15.475,0.0032310177705977845
2026-09-18,56,747.0,CALL,1.0112633446238073,0.4564592090525015,0.15200966543415803,14.87,14.92,14.895,0.0033568311513931326
2026-09-18,56,747.0,PUT,1.0112633446238073,-0.5594303195362281,0.13925661918303797,19.69,19.74,19.715,0.002536139994927576
2026-09-18,56,748.0,CALL,1.0126171108147362,0.4468958938106322,0.15087227847300935,14.3,14.35,14.325,0.0034904013961604844
2026-09-18,56,748.0,PUT,1.0126171108147362,-0.5703799492912593,0.13826712428111157,19.7,20.63,20.165,0.046119514009422255
2026-09-18,56,749.0,PUT,1.0139708770056648,-0.5793438998681129,0.1400309153756234,20.25,21.62,20.935000000000002,0.06544064962980659
2026-09-18,56,749.0,CALL,1.0139708770056648,0.43723902652897784,0.14982566539932465,13.74,13.79,13.765,0.0036324010170722073
2026-09-18,56,750.0,CALL,1.0153246431965937,0.4275315316532311,0.1489121213249221,13.2,13.24,13.219999999999999,0.0030257186081695106
2026-09-18,56,750.0,PUT,1.0153246431965937,-0.5928152270601059,0.1364587686912793,20.6,21.58,21.09,0.04646752015173053
2026-09-18,56,752.0,CALL,1.0180321755784512,0.40792967729316365,0.14731024423730013,12.13,12.18,12.155000000000001,0.0041135335252981435
2026-09-18,56,752.0,PUT,1.0180321755784512,-0.61583534945889,0.1349696262769681,21.28,22.87,22.075000000000003,0.07202718006795016
2026-09-18,56,753.0,CALL,1.01938594176938,0.39813545419757707,0.14670606225350197,11.62,11.67,11.645,0.004293688278231062
2026-09-18,56,753.0,PUT,1.01938594176938,-0.629078739800855,0.1321427078032337,21.26,23.59,22.425,0.10390189520624295
2026-09-18,56,754.0,PUT,1.0207397079603089,-0.6391088362151314,0.13174513757094738,21.8,24.36,23.08,0.1109185441941074
2026-09-18,56,754.0,CALL,1.0207397079603089,0.38826041436976805,0.14592500357627455,11.11,11.16,11.135,0.004490345756623324
2026-09-18,56,755.0,PUT,1.0220934741512375,-0.6539461872443245,0.12776393434813485,22.94,23.8,23.37,0.036799315361574644
2026-09-18,56,755.0,CALL,1.0220934741512375,0.3784003601060422,0.14416352056477985,10.63,10.67,10.65,0.0037558685446008586
2026-09-18,56,756.0,PUT,1.0234472403421664,-0.6603958451553976,0.13027390771460257,22.86,25.79,24.325,0.12045220966084275
2026-09-18,56,756.0,CALL,1.0234472403421664,0.36839092787759375,0.14250726179811143,10.15,10.2,10.175,0.004914004914004809
2026-09-18,56,757.0,CALL,1.0248010065330952,0.35829998000328434,0.1410036794504829,9.69,9.74,9.715,0.005146680391147783
2026-09-18,56,757.0,PUT,1.0248010065330952,-0.6751587703638262,0.12700437219891833,23.41,25.97,24.689999999999998,0.10368570271364921
2026-09-18,56,758.0,PUT,1.026154772724024,-0.6872370217089045,0.12587025831640825,23.99,26.56,25.275,0.10168150346191891
2026-09-18,56,758.0,CALL,1.026154772724024,0.3479924639513558,0.1395077559911351,9.23,9.28,9.254999999999999,0.005402485143165742
2026-09-18,56,759.0,PUT,1.0275085389149528,-0.6994973227433232,0.12481880907439416,24.57,27.17,25.87,0.10050251256281412
2026-09-18,56,759.0,CALL,1.0275085389149528,0.3376997789623075,0.13821093416068522,8.79,8.84,8.815,0.005672149744753343
2026-09-18,56,760.0,PUT,1.0288623051058816,-0.7125265597595368,0.12356521103927216,25.16,27.74,26.45,0.09754253308128538
2026-09-18,56,760.0,CALL,1.0288623051058816,0.32746644761872923,0.13711164371785492,8.37,8.42,8.395,0.005955926146515868
2026-09-18,56,761.0,CALL,1.0302160712968103,0.317136445517973,0.1360656241241444,7.96,8.0,7.98,0.005012531328320806
2026-09-18,56,761.0,PUT,1.0302160712968103,-0.7204383696740466,0.12491343501369806,25.75,28.84,27.295,0.11320754716981131
2026-09-18,56,762.0,CALL,1.0315698374877391,0.30686192529265066,0.1351673549588502,7.56,7.6,7.58,0.0052770448548812715
2026-09-18,56,762.0,PUT,1.0315698374877391,-0.7328169394775131,0.12410661427459256,26.38,29.47,27.924999999999997,0.11065353625783349
2026-09-18,56,763.0,CALL,1.032923603678668,0.29667722087115117,0.13441564635888148,7.17,7.22,7.195,0.00694927032661568
2026-09-18,56,763.0,PUT,1.032923603678668,-0.7452792825460777,0.12335466567925223,27.02,30.12,28.57,0.10850542527126361
2026-09-18,56,764.0,CALL,1.0342773698695966,0.28653770375599413,0.13376215733109678,6.8,6.84,6.82,0.005865102639296193
2026-09-18,56,764.0,PUT,1.0342773698695966,-0.7631506643980814,0.12045627291593598,27.29,30.76,29.025,0.11955211024978475
2026-09-18,56,765.0,CALL,1.0356311360605255,0.27654872257636404,0.1332531342886491,6.44,6.48,6.460000000000001,0.0061919504643962895
2026-09-18,56,765.0,PUT,1.0356311360605255,-0.7733589794850814,0.11983760619770074,27.97,31.6,29.785,0.1218734262212524
2026-09-18,56,766.0,PUT,1.0369849022514543,-0.7726246269629772,0.1242654302715965,29.75,32.14,30.945,0.07723380190660852
2026-09-18,56,766.0,CALL,1.0369849022514543,0.2668301501131753,0.13293432813008368,6.1,6.14,6.119999999999999,0.006535947712418307
2026-09-18,56,767.0,CALL,1.038338668442383,0.25724334563987783,0.13250855894872332,5.77,5.81,5.789999999999999,0.006908462867012097
2026-09-18,56,767.0,PUT,1.038338668442383,-0.7936837292577595,0.11857998526982426,29.55,33.1,31.325000000000003,0.11332801276935356
2026-09-18,56,768.0,PUT,1.0396924346333118,-0.8112167973425504,0.11514712220172856,30.11,33.66,31.884999999999998,0.1113376195703308
2026-09-18,56,768.0,CALL,1.0396924346333118,0.24767944424036922,0.1309442346460353,5.45,5.49,5.470000000000001,0.007312614259597812
2026-09-18,56,769.0,CALL,1.0410462008242407,0.23808641158202887,0.1295110404239451,5.14,5.18,5.16,0.007751937984496131
2026-09-18,56,769.0,PUT,1.0410462008242407,-0.8220001120509345,0.11460620450429905,30.85,34.49,32.67,0.11141720232629325
2026-09-18,56,770.0,CALL,1.0423999670151696,0.22870558314143624,0.12832877889604852,4.85,4.89,4.869999999999999,0.008213552361396313
2026-09-18,56,770.0,PUT,1.0423999670151696,-0.8452786915205355,0.11026080996703057,31.6,34.78,33.19,0.09581199156372401
2026-09-18,56,771.0,CALL,1.0437537332060982,0.21937451506159716,0.1272743484211386,4.57,4.61,4.59,0.008714596949891075
2026-09-18,56,771.0,PUT,1.0437537332060982,-0.8518143713565083,0.11134367367052952,32.37,35.84,34.105000000000004,0.10174461222694636
2026-09-18,56,772.0,PUT,1.045107499397027,-0.8617168385329181,0.11135541229654805,33.16,36.74,34.95,0.10243204577968541
2026-09-18,56,772.0,CALL,1.045107499397027,0.21000547659852742,0.1262864492401023,4.3,4.33,4.3149999999999995,0.006952491309385921
2026-09-18,56,773.0,CALL,1.046461265587956,0.20097883016559231,0.125544103306749,4.04,4.08,4.0600000000000005,0.00985221674876848
2026-09-18,56,773.0,PUT,1.046461265587956,-0.8742241181533029,0.11056343267142398,33.96,37.54,35.75,0.10013986013986009
2026-09-18,56,774.0,CALL,1.0478150317788846,0.19209969776545807,0.12492554260572276,3.8,3.83,3.815,0.007863695937090498
2026-09-18,56,774.0,PUT,1.0478150317788846,-0.8864915813928359,0.10963953097378373,34.78,38.36,36.57,0.09789444900191409
2026-09-18,56,775.0,CALL,1.0491687979698134,0.18339635266179052,0.12442959980040949,3.56,3.6,3.58,0.011173184357541908
2026-09-18,56,775.0,PUT,1.0491687979698134,-0.9072171732107887,0.10546318349247358,35.61,39.0,37.305,0.09087253719340573
2026-09-18,56,776.0,CALL,1.0505225641607423,0.17503201963175594,0.12411445044664005,3.34,3.38,3.36,0.011904761904761916
2026-09-18,56,776.0,PUT,1.0505225641607423,-0.9132816433890352,0.10594544549773052,36.46,40.03,38.245000000000005,0.09334553536409988
2026-09-18,56,777.0,CALL,1.051876330351671,0.1669055192929475,0.1239193458499894,3.13,3.17,3.15,0.01269841269841271
2026-09-18,56,777.0,PUT,1.051876330351671,-0.9250278366994416,0.1046461153077773,37.33,40.9,39.114999999999995,0.09126933401508375
2026-09-18,56,778.0,CALL,1.0532300965425998,0.15918459644911337,0.12390225082787976,2.94,2.97,2.955,0.010152284263959475
2026-09-18,56,778.0,PUT,1.0532300965425998,-0.9370103027480913,0.10326084534401803,38.21,41.78,39.995000000000005,0.08926115764470559
2026-09-18,56,779.0,CALL,1.0545838627335287,0.1515957276497333,0.12339260821563988,2.75,2.78,2.7649999999999997,0.01084990958408673
2026-09-18,56,779.0,PUT,1.0545838627335287,-0.954322137928078,0.10153923815931289,39.11,42.68,40.894999999999996,0.08729673554224235
2026-09-18,56,780.0,PUT,1.0559376289244573,-0.970353889067513,0.09983621014525963,40.02,43.59,41.80500000000001,0.08539648367420165
2026-09-18,56,780.0,CALL,1.0559376289244573,0.14417451742155474,0.12214518874753177,2.57,2.6,2.585,0.011605415860735106
2026-09-18,56,781.0,CALL,1.0572913951153862,0.13692378427351887,0.12108150313933799,2.4,2.43,2.415,0.012422360248447308
2026-09-18,56,782.0,CALL,1.058645161306315,0.13004909124471975,0.12028647655722699,2.25,2.27,2.26,0.008849557522123902
2026-09-18,56,783.0,CALL,1.0599989274972437,0.1234305704666219,0.11967027960746908,2.1,2.13,2.115,0.014184397163120473
2026-09-18,56,784.0,CALL,1.0613526936881725,0.11674384875823854,0.11905808206818959,1.96,1.98,1.97,0.0101522842639594
2026-09-18,56,785.0,CALL,1.0627064598791014,0.11035800441313683,0.11862213409116573,1.82,1.85,1.835,0.01634877384196187
2026-09-18,56,786.0,CALL,1.06406022607003,0.10468244197891675,0.11853235091683816,1.71,1.73,1.72,0.011627906976744196
2026-09-18,56,787.0,CALL,1.065413992260959,0.09880531863948423,0.11835745743064889,1.59,1.61,1.6,0.012500000000000011
2026-09-18,56,788.0,CALL,1.0667677584518878,0.09330583037792398,0.1183543175589888,1.48,1.5,1.49,0.01342281879194632
2026-09-18,56,789.0,CALL,1.0681215246428164,0.08820754584813738,0.11852150479479788,1.38,1.4,1.39,0.014388489208633108
2026-09-18,56,790.0,CALL,1.0694752908337453,0.0831233819135049,0.11868782292007433,1.28,1.3,1.29,0.015503875968992262
2026-09-18,56,791.0,CALL,1.0708290570246741,0.07864442991783843,0.11811603121187857,1.19,1.22,1.205,0.024896265560165994
2026-09-18,56,792.0,CALL,1.072182823215603,0.07410062336036075,0.11724342908466026,1.11,1.13,1.12,0.017857142857142672
2026-09-18,56,793.0,CALL,1.0735365894065316,0.06993626567863577,0.11666706427504438,1.03,1.06,1.045,0.028708133971291894
2026-09-18,56,794.0,CALL,1.0748903555974605,0.06573050707934733,0.11609466812568851,0.96,0.98,0.97,0.020618556701030948
2026-09-18,56,795.0,CALL,1.0762441217883894,0.061954217124466235,0.11581382019097117,0.89,0.92,0.905,0.03314917127071826
2026-09-18,56,796.0,CALL,1.077597887979318,0.058159635080625736,0.11553475065964769,0.83,0.85,0.84,0.023809523809523832
2026-09-18,56,797.0,CALL,1.0789516541702469,0.05483659120100677,0.11554320830939033,0.77,0.8,0.785,0.03821656050955417
2026-09-18,56,798.0,CALL,1.0803054203611757,0.051514030064210306,0.1155516179086544,0.72,0.74,0.73,0.02739726027397263
2026-09-18,56,799.0,CALL,1.0816591865521044,0.04844404073468797,0.11570212244039568,0.67,0.69,0.6799999999999999,0.029411764705882217
2026-09-18,56,800.0,CALL,1.0830129527430332,0.045636813825465326,0.11599366844433921,0.63,0.64,0.635,0.015748031496063006
2026-09-18,56,801.0,CALL,1.084366718933962,0.042843480261573634,0.11628377739178933,0.58,0.6,0.59,0.0338983050847458
2026-09-18,56,802.0,CALL,1.0857204851248907,0.0403235538655025,0.11671375957371513,0.54,0.56,0.55,0.03636363636363639
2026-09-18,56,803.0,CALL,1.0870742513158196,0.038343525631344674,0.11742404399328579,0.51,0.53,0.52,0.03846153846153849
2026-09-18,56,804.0,CALL,1.0884280175067484,0.03583641712293779,0.11655714662350829,0.47,0.49,0.48,0.041666666666666706
2026-09-18,56,805.0,CALL,1.089781783697677,0.033841192893956505,0.11624076283880781,0.44,0.46,0.45,0.04444444444444448
2026-09-18,56,806.0,CALL,1.091135549888606,0.03183501373503876,0.115926420686531,0.41,0.43,0.42,0.047619047619047665
2026-09-18,56,807.0,CALL,1.0924893160795348,0.030102317697490992,0.11589209269484682,0.39,0.4,0.395,0.025316455696202552
2026-09-18,56,808.0,CALL,1.0938430822704635,0.02836859290163952,0.11585796127529568,0.36,0.38,0.37,0.054054054054054106
2026-09-18,56,809.0,CALL,1.0951968484613923,0.02663384726001637,0.1158240248694235,0.34,0.35,0.345,0.02898550724637668
2026-09-18,56,810.0,CALL,1.0965506146523212,0.025193835227494916,0.11606605592393383,0.32,0.33,0.325,0.030769230769230795
2026-09-18,56,811.0,CALL,1.0979043808432498,0.02375979493130534,0.11630689868693647,0.3,0.31,0.305,0.03278688524590167
2026-09-18,56,812.0,CALL,1.0992581470341787,0.022331646056115654,0.11654656692962914,0.28,0.29,0.28500000000000003,0.035087719298245446
2026-09-18,56,813.0,CALL,1.1006119132251075,0.02121192162086533,0.11705932677549827,0.26,0.28,0.27,0.07407407407407414
2026-09-18,56,814.0,CALL,1.1019656794160364,0.02010189712057021,0.11757001834609931,0.25,0.26,0.255,0.03921568627450984
2026-09-18,56,815.0,CALL,1.103319445606965,0.01930515754514818,0.11835242992030579,0.24,0.25,0.245,0.04081632653061228
2026-09-18,56,816.0,CALL,1.104673211797894,0.018215213388402266,0.11885872780482531,0.22,0.24,0.22999999999999998,0.0869565217391304
2026-09-18,56,817.0,CALL,1.1060269779888228,0.017134405664605876,0.11936304863805051,0.21,0.22,0.215,0.046511627906976785
2026-09-18,56,818.0,CALL,1.1073807441797514,0.016368543522010164,0.12013836429433059,0.2,0.21,0.20500000000000002,0.04878048780487795
2026-09-18,56,819.0,CALL,1.1087345103706803,0.015612403726448072,0.12091129824073568,0.19,0.2,0.195,0.05128205128205133
2026-09-18,56,820.0,CALL,1.1100882765616091,0.014862090597252232,0.12096195129358615,0.18,0.19,0.185,0.054054054054054106
2026-09-18,56,821.0,CALL,1.1114420427525378,0.014421931970140689,0.12150207310561251,0.17,0.19,0.18,0.11111111111111106
2026-09-18,56,822.0,CALL,1.1127958089434666,0.013985751206428934,0.12204020926449805,0.17,0.18,0.175,0.05714285714285704
2026-09-18,56,823.0,CALL,1.1141495751343955,0.013240420263371501,0.12194376666711912,0.16,0.17,0.165,0.060606060606060656
2026-09-18,56,824.0,CALL,1.1155033413253241,0.012493901605316519,0.12184784413525067,0.15,0.16,0.155,0.06451612903225812
2026-09-18,56,825.0,CALL,1.116857107516253,0.012385538565146115,0.12301167174457983,0.15,0.16,0.155,0.06451612903225812
2026-09-18,56,830.0,CALL,1.1236259384708969,0.009990316347278398,0.12502163420793688,0.12,0.13,0.125,0.08000000000000007
2026-09-18,56,835.0,CALL,1.130394769425541,0.00832408139429472,0.12824157415895857,0.1,0.11,0.10500000000000001,0.09523809523809518
2026-09-18,56,840.0,CALL,1.1371636003801848,0.007379983592282795,0.13266295005434575,0.09,0.1,0.095,0.10526315789473693
2026-09-18,56,845.0,CALL,1.143932431334829,0.006183944728065041,0.13641318957451157,0.07,0.09,0.08,0.24999999999999986
2026-09-18,56,850.0,CALL,1.1507012622894728,0.005049840128314419,0.13926710143389512,0.06,0.07,0.065,0.15384615384615397
2026-09-18,56,855.0,CALL,1.1574700932441166,0.004885632429881807,0.14425959781448208,0.06,0.07,0.065,0.15384615384615397
2026-09-18,56,860.0,CALL,1.1642389241987607,0.004122978634327823,0.145791458295144,0.05,0.06,0.055,0.18181818181818174
2026-09-18,56,865.0,CALL,1.1710077551534046,0.0033762383116298553,0.14729997828861502,0.04,0.05,0.045,0.22222222222222227
2026-09-18,56,870.0,CALL,1.1777765861080487,0.0032764451430892993,0.15216878968362463,0.04,0.05,0.045,0.22222222222222227
2026-09-18,56,875.0,CALL,1.1845454170626926,0.0028794469102229082,0.1553064303871037,0.03,0.05,0.04,0.5000000000000001
2026-09-18,56,880.0,CALL,1.1913142480173364,0.002498231989986353,0.1584119480277942,0.03,0.04,0.035,0.28571428571428575
2026-09-18,56,885.0,CALL,1.1980830789719805,0.0024320945407498126,0.16317821687349074,0.03,0.04,0.035,0.28571428571428575
2026-09-18,56,890.0,CALL,1.2048519099266244,0.0020773532128733844,0.16622017968266367,0.02,0.04,0.03,0.6666666666666667
2026-09-18,56,895.0,CALL,1.2116207408812685,0.00173530453740317,0.16923358901722138,0.02,0.03,0.025,0.3999999999999999
2026-09-18,56,900.0,CALL,1.2183895718359123,0.0016944382730735058,0.17390725708355612,0.02,0.03,0.025,0.3999999999999999
2026-09-18,56,905.0,CALL,1.2251584027905564,0.0016559540292192284,0.17855327401273574,0.02,0.03,0.025,0.3999999999999999
2026-09-18,56,910.0,CALL,1.2319272337452003,0.0016195873005053888,0.18317169412369586,0.02,0.03,0.025,0.3999999999999999
2026-09-18,56,915.0,CALL,1.2386960646998442,0.0013126021763876822,0.18314621769725173,0.01,0.03,0.02,0.9999999999999998
2026-09-18,56,920.0,CALL,1.2454648956544883,0.0012851912566699708,0.1872720763359721,0.01,0.03,0.02,0.9999999999999998
2026-09-18,56,925.0,CALL,1.2522337266091321,0.0009808877704948395,0.1858663714224968,0.01,0.02,0.015,0.6666666666666667
2026-09-18,56,930.0,CALL,1.2590025575637762,0.0009611467424843233,0.18994023468629054,0.01,0.02,0.015,0.6666666666666667
2026-09-18,56,935.0,CALL,1.26577138851842,0.0009423383196487357,0.19398982536832984,0.01,0.02,0.015,0.6666666666666667
2026-09-18,56,940.0,CALL,1.272540219473064,0.0009243988777581476,0.1980155932568634,0.01,0.02,0.015,0.6666666666666667
2026-09-18,56,945.0,CALL,1.279309050427708,0.0009072645035644678,0.20201784090497296,0.01,0.02,0.015,0.6666666666666667
2026-09-18,56,950.0,CALL,1.286077881382352,0.0008908860133585095,0.2059970433766121,0.01,0.02,0.015,0.6666666666666667
2026-09-18,56,955.0,CALL,1.292846712336996,0.0008752126702906441,0.20995353192537877,0.01,0.02,0.015,0.6666666666666667
2026-09-18,56,960.0,CALL,1.2996155432916399,0.0008601995220318091,0.21388765437053603,0.01,0.02,0.015,0.6666666666666667
2026-09-18,56,965.0,CALL,1.3063843742462837,0.0008458053860433686,0.2177997445533756,0.01,0.02,0.015,0.6666666666666667
2026-09-18,56,970.0,CALL,1.3131532052009278,0.0008319924599998741,0.22169012344283248,0.01,0.02,0.015,0.6666666666666667
2026-09-18,56,975.0,CALL,1.3199220361555717,0.0008187259798133442,0.2255591001256135,0.01,0.02,0.015,0.6666666666666667
2026-09-18,56,980.0,CALL,1.3266908671102158,0.0008059739185759941,0.2294069726876919,0.0,0.01,0.005,
2026-09-18,56,985.0,CALL,1.3334596980648596,0.000793706720794369,0.23323402899991877,0.0,0.01,0.005,
2026-09-18,56,990.0,CALL,1.3402285290195035,0.0007818990857504696,0.23704059527243876,0.0,0.01,0.005,
2026-09-18,56,995.0,CALL,1.3469973599741476,0.0007705196657993608,0.24082679747354163,0.0,0.01,0.005,
2026-09-18,56,1000.0,CALL,1.3537661909287915,0.0007595510666465119,0.2445930403400915,0.0,0.01,0.005,
2026-09-30,68,445.0,PUT,0.6024259549633122,-0.006795730832833079,0.509355014739543,0.39,0.4,0.395,0.025316455696202552
2026-09-30,68,450.0,PUT,0.6091947859179562,-0.00720487276763152,0.5033526689067699,0.41,0.42,0.415,0.024096385542168697
2026-09-30,68,450.0,CALL,0.6091947859179562,0.9740775239185339,0.6373988231294915,289.81,293.38,291.595,0.01224300828203499
2026-09-30,68,455.0,PUT,0.6159636168726002,-0.007691223785266353,0.4983886298923894,0.43,0.45,0.44,0.0454545454545455
2026-09-30,68,460.0,PUT,0.6227324478272441,-0.008186929118774519,0.4934810215884844,0.46,0.47,0.46499999999999997,0.021505376344085923
2026-09-30,68,465.0,PUT,0.6295012787818881,-0.008626192117458388,0.4876052019289614,0.48,0.49,0.485,0.020618556701030948
2026-09-30,68,470.0,PUT,0.636270109736532,-0.009214330714185379,0.47988384086176916,0.51,0.52,0.515,0.019417475728155355
2026-09-30,68,475.0,PUT,0.643038940691176,-0.009750051899338781,0.471474262658933,0.53,0.55,0.54,0.03703703703703707
2026-09-30,68,475.0,CALL,0.643038940691176,0.970603019099774,0.5797472354541431,265.13,268.64,266.885,0.013151732019409074
2026-09-30,68,480.0,CALL,0.6498077716458199,0.9701432672559323,0.5672829513626848,260.16,263.66,261.91,0.013363369096254437
2026-09-30,68,480.0,PUT,0.6498077716458199,-0.010303801558882752,0.4631582128573805,0.56,0.57,0.565,0.017699115044247607
2026-09-30,68,485.0,PUT,0.6565766026004639,-0.010947221175002254,0.4553351198744309,0.59,0.6,0.595,0.016806722689075647
2026-09-30,68,485.0,CALL,0.6565766026004639,0.9694379368604236,0.5559416718562694,255.21,258.71,256.96,0.01362079701120786
2026-09-30,68,490.0,CALL,0.6633454335551079,0.9682857611679776,0.5464943617425873,250.3,253.81,252.055,0.013925532125924862
2026-09-30,68,490.0,PUT,0.6633454335551079,-0.011611673039537663,0.44759846045875973,0.62,0.63,0.625,0.016000000000000014
2026-09-30,68,495.0,CALL,0.6701142645097518,0.9677654285159545,0.5344056971579942,245.33,248.83,247.08,0.014165452485025092
2026-09-30,68,495.0,PUT,0.6701142645097518,-0.01237018963239825,0.4403440278891967,0.65,0.67,0.66,0.030303030303030328
2026-09-30,68,500.0,CALL,0.6768830954643957,0.9665470638724626,0.5251739097092745,240.42,243.93,242.175,0.014493651285227704
2026-09-30,68,500.0,PUT,0.6768830954643957,-0.013152589014347961,0.43316940076179866,0.69,0.7,0.695,0.014388489208633108
2026-09-30,68,505.0,CALL,0.6836519264190397,0.9659790870307139,0.5133232809297085,235.45,238.95,237.2,0.014755480607082632
2026-09-30,68,505.0,PUT,0.6836519264190397,-0.013959677935949804,0.4260733059666037,0.72,0.74,0.73,0.02739726027397263
2026-09-30,68,510.0,PUT,0.6904207573736837,-0.01479234381852285,0.4190542794989748,0.76,0.77,0.765,0.013071895424836612
2026-09-30,68,510.0,CALL,0.6904207573736837,0.964989481036452,0.5031404401624421,230.51,234.02,232.265,0.015112048737433619
2026-09-30,68,515.0,PUT,0.6971895883283277,-0.015725817657444758,0.4125010647911924,0.8,0.81,0.805,0.012422360248447215
2026-09-30,68,515.0,CALL,0.6971895883283277,0.9639145615954097,0.4932556896873665,225.58,229.09,227.335,0.015439769503156094
2026-09-30,68,520.0,PUT,0.7039584192829715,-0.01668752468511778,0.4060192087674803,0.84,0.85,0.845,0.011834319526627229
2026-09-30,68,520.0,CALL,0.7039584192829715,0.9628538984126168,0.4832817453013838,220.65,224.15,222.4,0.015737410071942445
2026-09-30,68,525.0,CALL,0.7107272502376155,0.9613369143810664,0.4749345505740371,215.75,219.26,217.505,0.016137560056090624
2026-09-30,68,525.0,PUT,0.7107272502376155,-0.017753320777316686,0.39999375214837124,0.88,0.9,0.89,0.02247191011235957
2026-09-30,68,530.0,PUT,0.7174960811922595,-0.018849707311068317,0.3940339208611956,0.93,0.94,0.935,0.010695187165775291
2026-09-30,68,530.0,CALL,0.7174960811922595,0.960457957104571,0.46420821401397583,210.79,214.3,212.54500000000002,0.016514149944717678
2026-09-30,68,535.0,PUT,0.7242649121469035,-0.02005304312672872,0.38851930598533624,0.98,0.99,0.985,0.0101522842639594
2026-09-30,68,535.0,CALL,0.7242649121469035,0.9587927306696944,0.45623341667112627,205.9,209.41,207.655,0.016903036286147654
2026-09-30,68,540.0,PUT,0.7310337431015475,-0.0212889002091966,0.3830649066953568,1.03,1.04,1.0350000000000001,0.009661835748792277
2026-09-30,68,540.0,CALL,0.7310337431015475,0.9575060442337369,0.4468370330998789,200.97,204.48,202.725,0.01731409544950051
2026-09-30,68,545.0,CALL,0.7378025740561914,0.9560621539134766,0.4379095549163721,196.05,199.56,197.805,0.017744748616061227
2026-09-30,68,545.0,PUT,0.7378025740561914,-0.022634222632504128,0.37804004496883287,1.08,1.1,1.09,0.018348623853211024
2026-09-30,68,550.0,CALL,0.7445714050108353,0.9548996369366564,0.4279536754800601,191.1,194.61,192.85500000000002,0.018200202224469258
2026-09-30,68,550.0,PUT,0.7445714050108353,-0.024101994936744673,0.37319226478534673,1.14,1.16,1.15,0.017391304347826105
2026-09-30,68,555.0,CALL,0.7513402359654793,0.9531830334425111,0.41976635037349863,186.2,189.7,187.95,0.0186219739292365
2026-09-30,68,555.0,PUT,0.7513402359654793,-0.025604153909425845,0.36521261675724,1.2,1.22,1.21,0.016528925619834725
2026-09-30,68,560.0,CALL,0.7581090669201233,0.9510662449126723,0.41277000267960445,181.32,184.83,183.075,0.01917247029905787
2026-09-30,68,560.0,PUT,0.7581090669201233,-0.02724562408701273,0.35747983858656673,1.27,1.28,1.275,0.007843137254901968
2026-09-30,68,565.0,CALL,0.7648778978747672,0.9496788431171322,0.40327043497271836,176.38,179.88,178.13,0.01964857126817493
2026-09-30,68,565.0,PUT,0.7648778978747672,-0.028955843198392887,0.3498247428093625,1.33,1.35,1.34,0.01492537313432837
2026-09-30,68,570.0,PUT,0.7716467288294112,-0.030972071954227,0.34280268784087026,1.41,1.43,1.42,0.014084507042253534
2026-09-30,68,570.0,CALL,0.7716467288294112,0.9477144189696993,0.39551251013801614,171.48,174.98,173.23,0.020204352594816143
2026-09-30,68,575.0,CALL,0.7784155597840551,0.945679669455677,0.3878325556304678,166.58,170.08,168.33,0.02079249094041466
2026-09-30,68,575.0,PUT,0.7784155597840551,-0.033068945821995786,0.33585171247671375,1.49,1.51,1.5,0.013333333333333345
2026-09-30,68,580.0,PUT,0.7851843907386991,-0.03525019659706377,0.32897143014297076,1.57,1.59,1.58,0.012658227848101276
2026-09-30,68,580.0,CALL,0.7851843907386991,0.9434549902550307,0.3805929004096657,161.69,165.19,163.44,0.02141458639255996
2026-09-30,68,585.0,CALL,0.791953221693343,0.9410850877246087,0.37154539691210337,156.8,160.31,158.555,0.022137428652517995
2026-09-30,68,585.0,PUT,0.791953221693343,-0.037678396538576825,0.3225276801659169,1.66,1.68,1.67,0.011976047904191628
2026-09-30,68,590.0,CALL,0.798722052647987,0.9378230630485416,0.36322266448556983,152.0,155.47,153.735,0.022571307769863717
2026-09-30,68,590.0,PUT,0.798722052647987,-0.04035951730596068,0.3165153114728432,1.76,1.78,1.77,0.011299435028248598
2026-09-30,68,594.0,CALL,0.8041371174117021,0.9353975098945304,0.35612361151804095,148.13,151.58,149.85500000000002,0.023022254846351585
2026-09-30,68,594.0,PUT,0.8041371174117021,-0.04273393689784367,0.31211419482913694,1.85,1.87,1.86,0.01075268817204302
2026-09-30,68,595.0,PUT,0.805490883602631,-0.04329822181377373,0.3109286751648844,1.87,1.89,1.88,0.010638297872340318
2026-09-30,68,595.0,CALL,0.805490883602631,0.9355022420389725,0.3531104641808416,147.05,150.6,148.825,0.023853519233999552
2026-09-30,68,596.0,CALL,0.8068446497935597,0.9348775858432636,0.35134859135524565,146.08,149.63,147.85500000000002,0.024010009806905295
2026-09-30,68,596.0,PUT,0.8068446497935597,-0.04386679208720569,0.30974530634779596,1.89,1.91,1.9,0.010526315789473694
2026-09-30,68,597.0,CALL,0.8081984159844885,0.9343080131753826,0.34948634600801687,145.1,148.66,146.88,0.02423747276688455
2026-09-30,68,597.0,PUT,0.8081984159844885,-0.044518702854378804,0.30874542747052125,1.91,1.94,1.9249999999999998,0.0155844155844156
2026-09-30,68,598.0,CALL,0.8095521821754174,0.9336716240923731,0.34773133102025267,144.13,147.69,145.91,0.024398601877869935
2026-09-30,68,598.0,PUT,0.8095521821754174,-0.04517469184816307,0.3077477299861971,1.94,1.96,1.95,0.010256410256410265
2026-09-30,68,599.0,CALL,0.8109059483663461,0.9322963495940979,0.34722279536853723,143.29,146.71,145.0,0.023586206896551835
2026-09-30,68,599.0,PUT,0.8109059483663461,-0.045755861989814864,0.3065714863343852,1.96,1.98,1.97,0.0101522842639594
2026-09-30,68,600.0,PUT,0.8122597145572749,-0.04642019748203358,0.3055783100780365,1.98,2.01,1.9949999999999999,0.01503759398496231
2026-09-30,68,600.0,CALL,0.8122597145572749,0.9318291594546294,0.34516307787668393,142.29,145.74,144.015,0.023955837933548708
2026-09-30,68,601.0,PUT,0.8136134807482037,-0.0470886939281061,0.30458730615659263,2.01,2.03,2.0199999999999996,0.009900990099009912
2026-09-30,68,601.0,CALL,0.8136134807482037,0.9318491106135116,0.34227965060013876,141.21,144.77,142.99,0.024896845933282064
2026-09-30,68,602.0,CALL,0.8149672469391325,0.9311883475705875,0.340538285957134,140.24,143.8,142.02,0.025066891987044093
2026-09-30,68,602.0,PUT,0.8149672469391325,-0.04768269933471953,0.30341823892673364,2.03,2.05,2.04,0.00980392156862746
2026-09-30,68,603.0,CALL,0.8163210131300613,0.9305212220169918,0.3388002815091131,139.27,142.83,141.05,0.025239276852180092
2026-09-30,68,603.0,PUT,0.8163210131300613,-0.04843828513498967,0.3026117971202408,2.06,2.08,2.0700000000000003,0.009661835748792277
2026-09-30,68,604.0,CALL,0.8176747793209901,0.9298476534494028,0.337065632509072,138.3,141.86,140.08,0.025414049114791563
2026-09-30,68,604.0,PUT,0.8176747793209901,-0.049040997577267216,0.30144738986740166,2.08,2.1,2.09,0.00956937799043063
2026-09-30,68,605.0,PUT,0.8190285455119188,-0.049805239643755606,0.30064382108664434,2.11,2.13,2.12,0.009433962264150952
2026-09-30,68,605.0,CALL,0.8190285455119188,0.928238340222185,0.3368810945072458,137.48,140.89,139.185,0.02449976649782661
2026-09-30,68,606.0,CALL,0.8203823117028477,0.9277970008304374,0.33473986244845494,136.47,139.92,138.195,0.0249647237599044
2026-09-30,68,606.0,PUT,0.8203823117028477,-0.050495982156851,0.29966071251726506,2.13,2.16,2.145,0.013986013986014102
2026-09-30,68,607.0,PUT,0.8217360778937765,-0.05119118059319184,0.2986796272890885,2.16,2.18,2.17,0.00921658986175116
2026-09-30,68,607.0,CALL,0.8217360778937765,0.9277874647510863,0.3318817726110197,135.39,138.95,137.17,0.025953196763140646
2026-09-30,68,608.0,PUT,0.8230898440847052,-0.05196903738031722,0.29787895280502236,2.19,2.21,2.2,0.009090909090909097
2026-09-30,68,608.0,CALL,0.8230898440847052,0.9270872924074707,0.3301605004541558,134.42,137.98,136.2,0.026138032305433205
2026-09-30,68,609.0,PUT,0.8244436102756341,-0.05275106009207512,0.2970798518642637,2.22,2.24,2.2300000000000004,0.008968609865470859
2026-09-30,68,609.0,CALL,0.8244436102756341,0.9263174627644842,0.32854538311350456,133.46,137.01,135.235,0.026250600806004235
2026-09-30,68,610.0,PUT,0.8257973764665628,-0.053461348686042215,0.29609765200776683,2.24,2.27,2.255,0.01330376940133029
2026-09-30,68,610.0,CALL,0.8257973764665628,0.9256033323484779,0.32683069611229715,132.49,136.04,134.265,0.026440248761776957
2026-09-30,68,611.0,PUT,0.8271511426574916,-0.05425480771438164,0.29529107406936234,2.27,2.3,2.285,0.013129102844638864
2026-09-30,68,611.0,CALL,0.8271511426574916,0.924819134463762,0.3252219975293951,131.52,135.08,133.3,0.026706676669167307
2026-09-30,68,612.0,PUT,0.8285049088484204,-0.05497659791883932,0.29430078189872333,2.3,2.32,2.3099999999999996,0.008658008658008667
2026-09-30,68,612.0,CALL,0.8285049088484204,0.9240275732225051,0.3236164627467321,130.56,134.11,132.335,0.026825858616390304
2026-09-30,68,613.0,CALL,0.8298586750393492,0.9232285598739828,0.32201408847169904,129.59,133.15,131.37,0.027099033264824556
2026-09-30,68,613.0,PUT,0.8298586750393492,-0.0557866150978939,0.29345110619145137,2.33,2.35,2.34,0.008547008547008555
2026-09-30,68,614.0,CALL,0.831212441230278,0.9224853013034204,0.32031245035254535,128.62,132.18,130.4,0.02730061349693253
2026-09-30,68,614.0,PUT,0.831212441230278,-0.056608256640705484,0.2923268805480597,2.36,2.38,2.37,0.008438818565400852
2026-09-30,68,615.0,PUT,0.8325662074212068,-0.05749447398761911,0.2908914844192295,2.39,2.42,2.4050000000000002,0.012474012474012391
2026-09-30,68,615.0,CALL,0.8325662074212068,0.9216078150094564,0.31881880886819663,127.66,131.22,129.44,0.027503090234857867
2026-09-30,68,616.0,CALL,0.8339199736121355,0.9208493690354518,0.31712363691895273,126.69,130.25,128.47,0.0277107495913443
2026-09-30,68,616.0,PUT,0.8339199736121355,-0.05831240756023513,0.28935594978274026,2.42,2.45,2.435,0.012320328542094557
2026-09-30,68,617.0,CALL,0.8352737398030644,0.919956162140634,0.31563613480846336,125.73,129.29,127.50999999999999,0.027919378872245222
2026-09-30,68,617.0,PUT,0.8352737398030644,-0.05913879436133272,0.28782349494197135,2.45,2.48,2.465,0.012170385395537447
2026-09-30,68,618.0,CALL,0.8366275059939932,0.919054916929969,0.3141516155569628,124.77,128.33,126.55000000000001,0.02813117344922968
2026-09-30,68,618.0,PUT,0.8366275059939932,-0.06005089194269812,0.28639702965562414,2.49,2.51,2.5,0.00799999999999983
2026-09-30,68,619.0,CALL,0.8379812721849219,0.9182728405044662,0.31246604438160186,123.8,127.36,125.58,0.028348463131071845
2026-09-30,68,619.0,PUT,0.8379812721849219,-0.06089465906808582,0.28487065464371775,2.52,2.54,2.5300000000000002,0.007905138339920955
2026-09-30,68,620.0,CALL,0.8393350383758508,0.9173553118727659,0.3109876492459629,122.84,126.4,124.62,0.028566843203338164
2026-09-30,68,620.0,PUT,0.8393350383758508,-0.06182457914601865,0.28345011114213026,2.55,2.58,2.565,0.011695906432748635
2026-09-30,68,621.0,CALL,0.8406888045667795,0.9164294643738186,0.30951222997206196,121.88,125.44,123.66,0.02878861394145239
2026-09-30,68,621.0,PUT,0.8406888045667795,-0.06276368373192064,0.2820324055031622,2.59,2.61,2.5999999999999996,0.0076923076923077005
2026-09-30,68,622.0,CALL,0.8420425707577083,0.9154952034950604,0.308039784470454,120.92,124.48,122.7,0.029013854930725363
2026-09-30,68,622.0,PUT,0.8420425707577083,-0.0636347873266326,0.28051473416976247,2.62,2.64,2.63,0.0076045627376425924
2026-09-30,68,623.0,PUT,0.8433963369486371,-0.06467029837361853,0.27920512750559373,2.66,2.68,2.67,0.007490636704119857
2026-09-30,68,623.0,CALL,0.8433963369486371,0.9145524333776486,0.3065703107645924,119.96,123.52,121.74,0.029242648266798114
2026-09-30,68,624.0,PUT,0.8447501031395659,-0.06563773781015053,0.2777958664009455,2.69,2.72,2.705,0.011090573012939094
2026-09-30,68,624.0,CALL,0.8447501031395659,0.9141927346265721,0.304277055919712,119.0,122.56,120.78,0.029475078655406543
2026-09-30,68,625.0,CALL,0.8461038693304948,0.9132332165730176,0.30281421654273644,118.04,121.6,119.82,0.029711233516941982
2026-09-30,68,625.0,PUT,0.8461038693304948,-0.06661475211695042,0.2763895239059117,2.73,2.75,2.74,0.0072992700729927066
2026-09-30,68,626.0,PUT,0.8474576355214235,-0.06760145894265372,0.2749860999147723,2.76,2.79,2.775,0.010810810810810902
2026-09-30,68,626.0,CALL,0.8474576355214235,0.9122648726992381,0.3013543435452528,117.08,120.64,118.86,0.029951203096079442
2026-09-30,68,627.0,CALL,0.8488114017123523,0.9112876010035211,0.2998974354609445,116.12,119.68,117.9,0.030195080576759983
2026-09-30,68,627.0,PUT,0.8488114017123523,-0.06867576037578355,0.27368776401106915,2.8,2.83,2.815,0.010657193605683925
2026-09-30,68,628.0,CALL,0.8501651679032811,0.9103012980123069,0.2984434909423935,115.16,118.72,116.94,0.030442962202839083
2026-09-30,68,628.0,PUT,0.8501651679032811,-0.069760038347219,0.27239218266642945,2.84,2.87,2.855,0.010507880910683099
2026-09-30,68,629.0,PUT,0.8515189340942099,-0.07077664371432243,0.270997354548246,2.88,2.9,2.8899999999999997,0.006920415224913502
2026-09-30,68,629.0,CALL,0.8515189340942099,0.9093058587552227,0.29699250876523214,114.2,117.76,115.98,0.030694947404724972
2026-09-30,68,630.0,PUT,0.8528727002851386,-0.07195897502080606,0.26980928274730576,2.92,2.95,2.935,0.010221465076661072
2026-09-30,68,630.0,CALL,0.8528727002851386,0.9081726727842875,0.29574674288426545,113.25,116.81,115.03,0.03094844823089631
2026-09-30,68,631.0,CALL,0.8542264664760675,0.9071586356369966,0.29430151658359044,112.29,115.85,114.07,0.031208906811606804
2026-09-30,68,631.0,PUT,0.8542264664760675,-0.07307386857422621,0.2685219617276034,2.96,2.99,2.975,0.010084033613445462
2026-09-30,68,632.0,PUT,0.8555802326669962,-0.07419919446505399,0.2672373963018331,3.0,3.03,3.0149999999999997,0.009950248756218841
2026-09-30,68,632.0,CALL,0.8555802326669962,0.9060709617611127,0.29296020709310044,111.33,114.9,113.11500000000001,0.031560800954780595
2026-09-30,68,633.0,PUT,0.856933998857925,-0.07533507052929243,0.2659555870280493,3.04,3.07,3.0549999999999997,0.009819967266775715
2026-09-30,68,633.0,CALL,0.856933998857925,0.9049737797965833,0.29162168742014444,110.38,113.94,112.16,0.03174037089871614
2026-09-30,68,634.0,CALL,0.8582877650488538,0.9038669882095809,0.2902859567549612,109.42,112.99,111.205,0.03210287307225389
2026-09-30,68,634.0,PUT,0.8582877650488538,-0.07655918575726488,0.2647781096017168,3.09,3.11,3.0999999999999996,0.0064516129032258125
2026-09-30,68,635.0,CALL,0.8596415312397826,0.9026865143555598,0.2890537112003014,108.47,112.04,110.255,0.03237948392363165
2026-09-30,68,635.0,PUT,0.8596415312397826,-0.07779394997915293,0.2636032161705141,3.13,3.16,3.145,0.009538950715421383
2026-09-30,68,636.0,PUT,0.8609952974307115,-0.07896211082278114,0.26232950995285526,3.17,3.2,3.185,0.00941915227629521
2026-09-30,68,636.0,CALL,0.8609952974307115,0.9014963977838366,0.2878240782452141,107.52,111.09,109.305,0.03266090297790593
2026-09-30,68,637.0,PUT,0.8623490636216402,-0.08029585855283525,0.2612611832718726,3.22,3.25,3.2350000000000003,0.0092735703245749
2026-09-30,68,637.0,CALL,0.8623490636216402,0.9002965454914328,0.28659705710806177,106.57,110.14,108.35499999999999,0.03294725670250572
2026-09-30,68,638.0,CALL,0.863702829812569,0.8991504889645371,0.2852722176926671,105.62,109.18,107.4,0.03314711359404099
2026-09-30,68,638.0,PUT,0.863702829812569,-0.08148618483305409,0.259992754738012,3.26,3.29,3.275,0.009160305343511527
2026-09-30,68,639.0,PUT,0.8650565960034978,-0.08284194795434952,0.2589293359087157,3.31,3.34,3.325,0.009022556390977385
2026-09-30,68,639.0,CALL,0.8650565960034978,0.897867256368307,0.28415084761384146,104.67,108.24,106.455,0.03353529660419889
2026-09-30,68,640.0,CALL,0.8664103621944266,0.8966376281302394,0.28293165813641385,103.72,107.29,105.505,0.033837258897682645
2026-09-30,68,640.0,PUT,0.8664103621944266,-0.08420859182454225,0.25786830927969384,3.36,3.39,3.375,0.008888888888888962
2026-09-30,68,641.0,CALL,0.8677641283853553,0.8953346869469345,0.2818152362942183,102.78,106.34,104.56,0.03404743687834738
2026-09-30,68,641.0,PUT,0.8677641283853553,-0.08558622350767768,0.2568096874095815,3.41,3.44,3.425,0.008759124087591184
2026-09-30,68,642.0,PUT,0.8691178945762842,-0.08697620626314219,0.25575207900615343,3.46,3.49,3.475,0.008633093525179927
2026-09-30,68,642.0,CALL,0.8691178945762842,0.8940848603606124,0.28060117591664296,101.83,105.39,103.61,0.034359617797509914
2026-09-30,68,643.0,PUT,0.8704716607672129,-0.08837773220793593,0.25469652742709165,3.51,3.54,3.525,0.008510638297872412
2026-09-30,68,643.0,CALL,0.8704716607672129,0.8927618539148823,0.2794896999224095,100.88,104.45,102.66499999999999,0.03477329177421719
2026-09-30,68,644.0,CALL,0.8718254269581417,0.8914287757399103,0.27838064967600046,99.94,103.5,101.72,0.034998033818324836
2026-09-30,68,644.0,PUT,0.8718254269581417,-0.08979057789106298,0.2536433855454455,3.56,3.59,3.575,0.008391608391608336
2026-09-30,68,645.0,CALL,0.8731791931490706,0.8900231109385163,0.2773738112070955,99.0,102.56,100.78,0.035324469140702544
2026-09-30,68,645.0,PUT,0.8731791931490706,-0.09121484563744008,0.2525926540649785,3.61,3.64,3.625,0.008275862068965585
2026-09-30,68,646.0,CALL,0.8745329593399993,0.8886698310596897,0.2762695177431095,98.05,101.62,99.83500000000001,0.03575900235388398
2026-09-30,68,646.0,PUT,0.8745329593399993,-0.09272620417005362,0.2516447153581224,3.67,3.69,3.6799999999999997,0.005434782608695657
2026-09-30,68,647.0,CALL,0.8758867255309282,0.8872442527742326,0.275267245515069,97.11,100.68,98.89500000000001,0.03609889276505392
2026-09-30,68,647.0,PUT,0.8758867255309282,-0.09424878582957867,0.25069893965383117,3.72,3.75,3.7350000000000003,0.008032128514056172
2026-09-30,68,648.0,CALL,0.8772404917218569,0.8858704361961238,0.27416770671368385,96.17,99.73,97.95,0.036345074017355816
2026-09-30,68,648.0,PUT,0.8772404917218569,-0.0957075854784402,0.2496552005913859,3.77,3.8,3.785,0.007926023778071282
2026-09-30,68,649.0,CALL,0.8785942579127857,0.8844241471682003,0.2729073939054329,95.23,98.79,97.01,0.03669724770642204
2026-09-30,68,649.0,PUT,0.8785942579127857,-0.09732760917466135,0.24881404246542932,3.83,3.86,3.8449999999999998,0.007802340702210613
2026-09-30,68,650.0,PUT,0.8799480241037145,-0.09895831376713514,0.24797490010586695,3.89,3.92,3.9050000000000002,0.007682458386683688
2026-09-30,68,650.0,CALL,0.8799480241037145,0.8829614774303141,0.27115969536043516,94.29,97.85,96.07,0.03705631310502746
2026-09-30,68,651.0,PUT,0.8813017902946433,-0.1005283976836731,0.24703474535913517,3.94,3.98,3.96,0.01010101010101011
2026-09-30,68,651.0,CALL,0.8813017902946433,0.8814804709977718,0.26941550643115947,93.35,96.91,95.13,0.03742247450856725
2026-09-30,68,652.0,CALL,0.882655556485572,0.8801044873390127,0.26754257466366804,92.38,95.98,94.18,0.03822467615204936
2026-09-30,68,652.0,PUT,0.882655556485572,-0.10218547070561669,0.2461942102356284,4.0,4.04,4.02,0.009950248756218916
2026-09-30,68,653.0,CALL,0.8840093226765009,0.8784003735785089,0.26600375056030023,91.47,95.04,93.255,0.03828212964452316
2026-09-30,68,653.0,PUT,0.8840093226765009,-0.10385502684205576,0.24535433906157078,4.06,4.1,4.08,0.00980392156862746
2026-09-30,68,654.0,CALL,0.8853630888674296,0.8767387266052179,0.26440211602693386,90.54,94.11,92.325,0.038667749796913
2026-09-30,68,654.0,PUT,0.8853630888674296,-0.1056086468423492,0.24461577694270017,4.13,4.16,4.145,0.007237635705669542
2026-09-30,68,655.0,PUT,0.8867168550583584,-0.107301843466405,0.24377646338067116,4.19,4.22,4.205,0.007134363852556328
2026-09-30,68,655.0,CALL,0.8867168550583584,0.8751810927965491,0.2626718595553989,89.6,93.17,91.38499999999999,0.03906549214860215
2026-09-30,68,656.0,PUT,0.8880706212492873,-0.10908460013902448,0.24302659613522432,4.25,4.29,4.27,0.009367681498829048
2026-09-30,68,656.0,CALL,0.8880706212492873,0.8734797549628645,0.26107698048680034,88.67,92.24,90.455,0.03946713835608859
2026-09-30,68,657.0,CALL,0.889424387440216,0.8717581196066163,0.2594854338900732,87.74,91.31,89.525,0.03987712929349352
2026-09-30,68,657.0,PUT,0.889424387440216,-0.11088044111626978,0.24227333356782657,4.32,4.35,4.335,0.006920415224913348
2026-09-30,68,658.0,PUT,0.8907781536311448,-0.11277512408610949,0.24157087493639165,4.39,4.42,4.404999999999999,0.006810442678774177
2026-09-30,68,658.0,CALL,0.8907781536311448,0.8700158732127053,0.2578972248758649,86.81,90.38,88.595,0.04029572774987294
2026-09-30,68,659.0,CALL,0.8921319198220736,0.8682526962207026,0.25631235882317177,85.88,89.45,87.66499999999999,0.04072320766554506
2026-09-30,68,659.0,PUT,0.8921319198220736,-0.1146216951741865,0.24045166994830627,4.45,4.49,4.470000000000001,0.008948545861297546
2026-09-30,68,660.0,CALL,0.8934856860130024,0.8664682628907314,0.2547308413880523,84.95,88.52,86.735,0.0411598547299244
2026-09-30,68,660.0,PUT,0.8934856860130024,-0.11651574084965069,0.23897064180133232,4.52,4.56,4.539999999999999,0.008810572687224679
2026-09-30,68,661.0,CALL,0.8948394522039312,0.8645389295928098,0.2532839870011985,84.03,87.6,85.815,0.041601118685544405
2026-09-30,68,661.0,PUT,0.8948394522039312,-0.1184329871945049,0.2374928747893483,4.59,4.63,4.609999999999999,0.008676789587852504
2026-09-30,68,662.0,CALL,0.89619321839486,0.8627110873204348,0.251709077713573,83.1,86.67,84.88499999999999,0.042056900512458126
2026-09-30,68,662.0,PUT,0.89619321839486,-0.1204440940389858,0.23608427530365078,4.67,4.7,4.6850000000000005,0.006403415154749252
2026-09-30,68,663.0,CALL,0.8975469845857887,0.8607380373228254,0.2502686235740074,82.18,85.75,83.965,0.04251771571488112
2026-09-30,68,663.0,PUT,0.8975469845857887,-0.12240875585790617,0.2346129992600277,4.74,4.77,4.755,0.0063091482649840925
2026-09-30,68,664.0,CALL,0.8989007507767176,0.8587427819997343,0.2488313216731958,81.26,84.83,83.045,0.0429887410440122
2026-09-30,68,664.0,PUT,0.8989007507767176,-0.12446781090372212,0.23321079573307063,4.81,4.85,4.83,0.00828157349896481
2026-09-30,68,665.0,PUT,0.9002545169676464,-0.1266212963683434,0.23187748741841002,4.89,4.93,4.91,0.008146639511201636
2026-09-30,68,665.0,CALL,0.9002545169676464,0.8567250068526746,0.24739717783707854,80.34,83.91,82.125,0.04347031963470311
2026-09-30,68,666.0,PUT,0.9016082831585751,-0.12872964081834046,0.23048155434641035,4.97,5.0,4.984999999999999,0.006018054162487513
2026-09-30,68,666.0,CALL,0.9016082831585751,0.8546843919676661,0.2459661981254945,79.42,82.99,81.205,0.04396281017178737
2026-09-30,68,667.0,CALL,0.902962049349504,0.8526206119088564,0.24453838884112367,78.5,82.07,80.285,0.04446658778103
2026-09-30,68,667.0,PUT,0.902962049349504,-0.13093274869997806,0.22915443156757032,5.05,5.08,5.0649999999999995,0.005923000987166881
2026-09-30,68,668.0,PUT,0.9043158155404327,-0.1331610460201098,0.2278303981709989,5.13,5.16,5.145,0.005830903790087512
2026-09-30,68,668.0,CALL,0.9043158155404327,0.8504726668494306,0.2431790125047109,77.58,81.16,79.37,0.04510520347738438
2026-09-30,68,669.0,PUT,0.9056695817313615,-0.13548401171832744,0.226574954096297,5.21,5.25,5.23,0.0076481835564053595
2026-09-30,68,669.0,CALL,0.9056695817313615,0.8483012732739357,0.24182270266523392,76.67,80.24,78.455,0.04550379198266514
2026-09-30,68,670.0,CALL,0.9070233479222903,0.8473784670789218,0.2391012933858921,76.5,78.37,77.435,0.024149286498353517
2026-09-30,68,670.0,PUT,0.9070233479222903,-0.13776353345863915,0.2252570636291525,5.29,5.33,5.3100000000000005,0.007532956685499064
2026-09-30,68,671.0,PUT,0.9083771141132191,-0.14020652287174337,0.22407302520215278,5.38,5.42,5.4,0.007407407407407414
2026-09-30,68,671.0,CALL,0.9083771141132191,0.8489883766265646,0.23371304002131496,75.39,77.03,76.21000000000001,0.021519485631806855
2026-09-30,68,672.0,CALL,0.909730880304148,0.8414044379351364,0.23803228989667044,73.96,77.5,75.72999999999999,0.04674501518552762
2026-09-30,68,672.0,PUT,0.909730880304148,-0.14260697699896333,0.22282647089452765,5.47,5.5,5.484999999999999,0.0054694621695533735
2026-09-30,68,673.0,CALL,0.9110846464950767,0.8391964050484108,0.2366231180755493,73.02,76.6,74.81,0.04785456489774092
2026-09-30,68,673.0,PUT,0.9110846464950767,-0.14510256283761863,0.2216479051860564,5.56,5.59,5.574999999999999,0.005381165919282557
2026-09-30,68,674.0,CALL,0.9124384126860055,0.8368445341893398,0.2353469470505825,72.11,75.69,73.9,0.04844384303112311
2026-09-30,68,674.0,PUT,0.9124384126860055,-0.14762434737943822,0.22047221730757852,5.65,5.68,5.665,0.005295675198587707
2026-09-30,68,675.0,CALL,0.9137921788769343,0.8344090190263789,0.2341385854127995,71.21,74.78,72.995,0.048907459415028526
2026-09-30,68,675.0,PUT,0.9137921788769343,-0.15023982557187063,0.2193645283914306,5.74,5.78,5.76,0.006944444444444451
2026-09-30,68,676.0,CALL,0.9151459450678631,0.8319489996002629,0.23293308651468636,70.3,73.88,72.09,0.04966014703842417
2026-09-30,68,676.0,PUT,0.9151459450678631,-0.1528820770540609,0.21825921721638286,5.84,5.87,5.855,0.005123825789923184
2026-09-30,68,677.0,CALL,0.9164997112587918,0.8294061047373633,0.23179515264361233,69.4,72.98,71.19,0.05028796179238655
2026-09-30,68,677.0,PUT,0.9164997112587918,-0.1555544360363079,0.21715410801482946,5.93,5.97,5.949999999999999,0.006722689075630259
2026-09-30,68,678.0,PUT,0.9178534774497207,-0.15831982364193675,0.21611639349071793,6.03,6.07,6.050000000000001,0.006611570247933889
2026-09-30,68,678.0,CALL,0.9178534774497207,0.8256923890884609,0.23195228090752978,68.7,72.08,70.39,0.048018184401193285
2026-09-30,68,679.0,CALL,0.9192072436406494,0.8239041090683241,0.229914875184275,67.65,71.19,69.42,0.05099394987035425
2026-09-30,68,679.0,PUT,0.9192072436406494,-0.16111132483213322,0.21508133752205727,6.13,6.17,6.15,0.006504065040650412
2026-09-30,68,680.0,CALL,0.9205610098315782,0.8207252103394496,0.2294296012409341,66.84,70.3,68.57,0.0504593845705118
2026-09-30,68,680.0,PUT,0.9205610098315782,-0.1639300189418832,0.21404871846680887,6.23,6.27,6.25,0.006399999999999863
2026-09-30,68,681.0,CALL,0.921914776022507,0.8239085407780014,0.22178941708811087,66.28,68.05,67.16499999999999,0.026353011240973664
2026-09-30,68,681.0,PUT,0.921914776022507,-0.16690441499568517,0.21314797442753594,6.34,6.38,6.359999999999999,0.006289308176100635
2026-09-30,68,682.0,CALL,0.9232685422134358,0.8148772742686267,0.22781950792133746,65.13,68.51,66.82,0.050583657587548785
2026-09-30,68,682.0,PUT,0.9232685422134358,-0.16983970448742575,0.21218506923754513,6.45,6.48,6.465,0.004640371229698415
2026-09-30,68,683.0,CALL,0.9246223084043647,0.8125789962077975,0.22624687554877293,64.24,67.53,65.88499999999999,0.04993549366320114
2026-09-30,68,683.0,PUT,0.9246223084043647,-0.17280110848792468,0.21122470168901353,6.55,6.59,6.57,0.0060882800608828055
2026-09-30,68,684.0,PUT,0.9259760745952934,-0.1758539494402115,0.21033030573788566,6.66,6.7,6.68,0.005988023952095814
2026-09-30,68,684.0,CALL,0.9259760745952934,0.8091639241798672,0.22596128339573318,63.36,66.74,65.05,0.051960030745580255
2026-09-30,68,685.0,PUT,0.9273298407862222,-0.1790613766281771,0.20956301825155133,6.78,6.82,6.800000000000001,0.005882352941176475
2026-09-30,68,685.0,CALL,0.9273298407862222,0.8064335791759307,0.2248432628566377,62.47,65.83,64.15,0.05237724084177707
2026-09-30,68,686.0,PUT,0.928683606977151,-0.18217753818805968,0.20866346045774722,6.89,6.93,6.91,0.005788712011577429
2026-09-30,68,686.0,CALL,0.928683606977151,0.8044230868239856,0.22283124534131732,61.39,64.97,63.18,0.056663501107945526
2026-09-30,68,687.0,CALL,0.9300373731680798,0.8014212594775274,0.22197572511622338,60.51,64.09,62.3,0.05746388443017665
2026-09-30,68,687.0,PUT,0.9300373731680798,-0.18544202530074605,0.20789371391324743,7.01,7.05,7.029999999999999,0.0056899004267425375
2026-09-30,68,688.0,PUT,0.9313911393590085,-0.1887305491453431,0.20712650798151866,7.13,7.17,7.15,0.005594405594405599
2026-09-30,68,688.0,CALL,0.9313911393590085,0.7983969802051073,0.2211224233521398,59.63,63.21,61.42,0.05828720286551609
2026-09-30,68,689.0,PUT,0.9327449055499374,-0.19205304512407378,0.20635169023040967,7.25,7.29,7.27,0.005502063273727653
2026-09-30,68,689.0,CALL,0.9327449055499374,0.7953487245763632,0.21997796832047473,58.75,62.33,60.54,0.05913445655764781
2026-09-30,68,690.0,PUT,0.9340986717408661,-0.19552696643237713,0.20569512168243956,7.38,7.42,7.4,0.00540540540540541
2026-09-30,68,690.0,CALL,0.9340986717408661,0.7911307733463566,0.21932094549721876,58.08,61.46,59.769999999999996,0.05655010875020918
2026-09-30,68,691.0,CALL,0.9354524379317949,0.78994319741546,0.2157422351537982,57.13,60.27,58.7,0.05349233390119251
2026-09-30,68,691.0,PUT,0.9354524379317949,-0.19898424600068568,0.20495028129313012,7.51,7.54,7.525,0.003986710963455182
2026-09-30,68,692.0,CALL,0.9368062041227238,0.7847144129204008,0.21596861206695028,56.34,59.7,58.02,0.05791106514994828
2026-09-30,68,692.0,PUT,0.9368062041227238,-0.20256587572316676,0.20418026468187014,7.64,7.67,7.654999999999999,0.003919007184846539
2026-09-30,68,693.0,CALL,0.9381599703136525,0.773995735527646,0.22177846581323007,57.01,58.82,57.915,0.03125269791936463
2026-09-30,68,693.0,PUT,0.9381599703136525,-0.2061765519232987,0.20283106403583362,7.77,7.81,7.789999999999999,0.005134788189987168
2026-09-30,68,694.0,PUT,0.9395137365045814,-0.20985785304429452,0.2013844029996559,7.91,7.95,7.93,0.00504413619167718
2026-09-30,68,695.0,PUT,0.9408675026955101,-0.2135918555217554,0.199941520519662,8.05,8.09,8.07,0.004956629491945371
2026-09-30,68,695.0,CALL,0.9408675026955101,0.7751122405653674,0.21058211186818046,53.58,57.13,55.355000000000004,0.06413151476831369
2026-09-30,68,696.0,PUT,0.9422212688864389,-0.21737950585699045,0.19850243859687997,8.19,8.23,8.21,0.0048721071863582115
2026-09-30,68,696.0,CALL,0.9422212688864389,0.7709853493725872,0.2096033608096094,52.89,56.21,54.55,0.060861594867094415
2026-09-30,68,697.0,PUT,0.9435750350773677,-0.22122177042717048,0.19706717983876262,8.33,8.37,8.35,0.004790419161676545
2026-09-30,68,698.0,PUT,0.9449288012682965,-0.22522651288828183,0.19573274000198376,8.48,8.52,8.5,0.004705882352941076
2026-09-30,68,698.0,CALL,0.9449288012682965,0.7632351704909743,0.20702500563027612,51.18,54.57,52.875,0.06411347517730498
2026-09-30,68,699.0,CALL,0.9462825674592252,0.7598803150435214,0.20513689230470947,50.46,53.49,51.975,0.05829725829725832
2026-09-30,68,699.0,PUT,0.9462825674592252,-0.22928649526129505,0.19440169252226408,8.63,8.67,8.65,0.0046242774566473
2026-09-30,68,700.0,PUT,0.9476363336501541,-0.23340532458040483,0.19307345833034975,8.78,8.82,8.8,0.00454545454545465
2026-09-30,68,700.0,CALL,0.9476363336501541,0.7565595748110986,0.20315689261333147,49.27,52.86,51.065,0.07030255556643486
2026-09-30,68,701.0,PUT,0.9489900998410828,-0.23768347513491325,0.191845532597188,8.94,8.98,8.96,0.004464285714285817
2026-09-30,68,702.0,CALL,0.9503438660320116,0.7475159315096603,0.20152388284626077,47.83,51.14,49.485,0.06688895624936854
2026-09-30,68,702.0,PUT,0.9503438660320116,-0.24201597083788923,0.19062109547592246,9.1,9.14,9.120000000000001,0.004385964912280803
2026-09-30,68,703.0,PUT,0.9516976322229405,-0.24640673796658452,0.18939896759539077,9.26,9.3,9.280000000000001,0.004310344827586306
2026-09-30,68,704.0,PUT,0.9530513984138692,-0.2509593512152823,0.18827294421927698,9.43,9.47,9.45,0.004232804232804331
2026-09-30,68,705.0,PUT,0.9544051646047981,-0.2555677119455469,0.18714939680179885,9.6,9.64,9.620000000000001,0.004158004158004254
2026-09-30,68,705.0,CALL,0.9544051646047981,0.7350571537331496,0.19755659635262696,45.22,48.69,46.955,0.07390054307315513
2026-09-30,68,706.0,CALL,0.9557589307957268,0.7305954725752809,0.19646509475093177,44.4,47.87,46.135,0.0752140457353419
2026-09-30,68,706.0,PUT,0.9557589307957268,-0.2602351009710412,0.18602826941852021,9.77,9.81,9.79,0.004085801838610922
2026-09-30,68,707.0,CALL,0.9571126969866556,0.726547046310414,0.19485015785817966,43.5,47.02,45.260000000000005,0.07777286787450294
2026-09-30,68,707.0,PUT,0.9571126969866556,-0.2650048344671472,0.18495836760234308,9.94,9.99,9.965,0.005017561465128019
2026-09-30,68,708.0,CALL,0.9584664631775844,0.7215250752120578,0.19429143485353584,42.76,46.23,44.495,0.0779862905944488
2026-09-30,68,708.0,PUT,0.9584664631775844,-0.26992036351939047,0.18398737812136529,10.13,10.17,10.15,0.003940886699507305
2026-09-30,68,709.0,CALL,0.9598202293685132,0.7228872999000845,0.18637585101555318,42.05,43.87,42.959999999999994,0.042364990689013046
2026-09-30,68,709.0,PUT,0.9598202293685132,-0.2748426943235204,0.18297153927517276,10.31,10.35,10.33,0.0038722168441431893
2026-09-30,68,710.0,CALL,0.9611739955594419,0.7122152780244456,0.19217799536362049,41.12,44.6,42.86,0.08119458702753159
2026-09-30,68,710.0,PUT,0.9611739955594419,-0.2799186893721824,0.182050923958596,10.5,10.54,10.52,0.003802281368821212
2026-09-30,68,711.0,CALL,0.9625277617503708,0.7078889367493661,0.1906259459467008,40.4,43.58,41.989999999999995,0.07573231721838533
2026-09-30,68,711.0,PUT,0.9625277617503708,-0.28504880317652387,0.1811315416168884,10.69,10.73,10.71,0.003734827264239115
2026-09-30,68,712.0,CALL,0.9638815279412996,0.7031544392919962,0.1895063204503992,39.4,42.93,41.165,0.08575245961374957
2026-09-30,68,712.0,PUT,0.9638815279412996,-0.29033670482839313,0.1802968584504174,10.89,10.93,10.91,0.003666361136571874
2026-09-30,68,713.0,PUT,0.9652352941322283,-0.29567422125478265,0.17946465270659961,11.09,11.13,11.11,0.0036003600360036835
2026-09-30,68,714.0,PUT,0.9665890603231572,-0.3011118470187563,0.17867972061099605,11.29,11.34,11.315,0.0044189129474149986
2026-09-30,68,715.0,PUT,0.9679428265140859,-0.30660789114268144,0.17788791896733938,11.5,11.54,11.52,0.0034722222222221483
2026-09-30,68,715.0,CALL,0.9679428265140859,0.6881695707741013,0.18678310677293583,37.12,40.39,38.754999999999995,0.08437620952135218
2026-09-30,68,716.0,PUT,0.9692965927050148,-0.31225465853116274,0.1771738839715008,11.71,11.76,11.735,0.004260758414997779
2026-09-30,68,716.0,CALL,0.9692965927050148,0.6826243025377491,0.1865271307134062,36.22,39.82,38.019999999999996,0.0946870068385061
2026-09-30,68,717.0,CALL,0.9706503588959435,0.6769045343622822,0.18638906053559517,36.13,38.49,37.31,0.0632538193513803
2026-09-30,68,717.0,PUT,0.9706503588959435,-0.31803508255388546,0.17646657441163366,11.93,11.98,11.955,0.004182350480970365
2026-09-30,68,718.0,CALL,0.9720041250868723,0.6711733233579664,0.18522798177909247,35.42,37.77,36.595,0.06421642300860778
2026-09-30,68,718.0,PUT,0.9720041250868723,-0.3239126917170067,0.17563046941908095,12.15,12.2,12.175,0.0041067761806980645
2026-09-30,68,719.0,CALL,0.9733578912778011,0.6688543960737877,0.17937290351630333,34.58,36.04,35.31,0.041348060039648846
2026-09-30,68,719.0,PUT,0.9733578912778011,-0.3297677022893111,0.1741511422341646,12.38,12.43,12.405000000000001,0.004030632809350982
2026-09-30,68,720.0,CALL,0.9747116574687299,0.6606773646447396,0.18123009229460033,34.36,35.56,34.96,0.0343249427917621
2026-09-30,68,720.0,PUT,0.9747116574687299,-0.33569725895974634,0.17260494091028514,12.61,12.66,12.635,0.003957261574990163
2026-09-30,68,721.0,PUT,0.9760654236596586,-0.34174318582943936,0.17106175976080343,12.84,12.89,12.865,0.003886513797124035
2026-09-30,68,721.0,CALL,0.9760654236596586,0.6548196135620401,0.17987686834657085,33.06,35.38,34.22,0.06779661016949154
2026-09-30,68,722.0,PUT,0.9774191898505875,-0.348021211374884,0.16968652629133998,13.09,13.14,13.115,0.0038124285169653612
2026-09-30,68,722.0,CALL,0.9774191898505875,0.6513601531232043,0.17483454290846107,32.3,33.76,33.03,0.044202240387526515
2026-09-30,68,723.0,CALL,0.9787729560415163,0.6430193450193644,0.1768965312525532,31.55,33.86,32.705,0.07063140192631093
2026-09-30,68,723.0,PUT,0.9787729560415163,-0.35434528101615187,0.16823398159613226,13.33,13.38,13.355,0.0037439161362786003
2026-09-30,68,724.0,PUT,0.980126722232445,-0.36088647330093504,0.16694930617173717,13.59,13.64,13.615,0.003672420124862336
2026-09-30,68,724.0,CALL,0.980126722232445,0.6369336290048433,0.1754748523196738,30.81,33.1,31.955,0.07166327648255368
2026-09-30,68,725.0,PUT,0.9814804884233739,-0.36754480712151655,0.1656638592451029,13.85,13.9,13.875,0.003603603603603655
2026-09-30,68,725.0,CALL,0.9814804884233739,0.6304914879338871,0.17450703952041338,31.04,31.48,31.259999999999998,0.014075495841330816
2026-09-30,68,726.0,PUT,0.9828342546143026,-0.3743201542246882,0.16437795404135047,14.11,14.16,14.135,0.003537318712416039
2026-09-30,68,726.0,CALL,0.9828342546143026,0.6243990815322574,0.1727677679698277,29.33,31.61,30.47,0.07482769937643588
2026-09-30,68,727.0,PUT,0.9841880208052314,-0.3812544929140186,0.16317630697558216,14.38,14.43,14.405000000000001,0.003471017007983265
2026-09-30,68,727.0,CALL,0.9841880208052314,0.6179122769233045,0.17156348775964453,28.61,30.88,29.744999999999997,0.07631534711716254
2026-09-30,68,728.0,PUT,0.9855417869961602,-0.38833357642164246,0.16206012404165235,14.66,14.71,14.685,0.003404834865509071
2026-09-30,68,728.0,CALL,0.9855417869961602,0.611354658088228,0.170322666808955,27.89,30.14,29.015,0.07754609684645873
2026-09-30,68,729.0,CALL,0.986895553187089,0.6046661001016364,0.16916727408181184,27.17,29.42,28.295,0.07951934970842904
2026-09-30,68,729.0,PUT,0.986895553187089,-0.3955109941449826,0.16094792521839837,14.94,14.99,14.965,0.0033411293017040233
2026-09-30,68,730.0,CALL,0.9882493193780179,0.5978371405116389,0.16813744491272956,27.38,27.8,27.59,0.015222906850308145
2026-09-30,68,730.0,PUT,0.9882493193780179,-0.40284818981978,0.15991516226924196,15.23,15.28,15.254999999999999,0.003277613897082854
2026-09-30,68,731.0,CALL,0.9896030855689466,0.5909557173271938,0.16703037942203242,25.76,27.99,26.875,0.08297674418604639
2026-09-30,68,731.0,PUT,0.9896030855689466,-0.4103216311291288,0.15896461907861664,15.53,15.58,15.555,0.003214400514304128
2026-09-30,68,732.0,PUT,0.9909568517598754,-0.41790577306839216,0.15800682084681353,15.83,15.88,15.855,0.0031535793125197545
2026-09-30,68,732.0,CALL,0.9909568517598754,0.5839435294477141,0.16604837353729876,25.07,27.28,26.175,0.08443170964660938
2026-09-30,68,733.0,PUT,0.9923106179508042,-0.42564675240064764,0.15711997247955883,16.14,16.19,16.165,0.003093102381688878
2026-09-30,68,733.0,CALL,0.9923106179508042,0.5768376010467579,0.1651102142109664,24.38,26.58,25.479999999999997,0.08634222919937204
2026-09-30,68,734.0,CALL,0.993664384141733,0.5696315355107336,0.16425593047568898,23.7,25.89,24.795,0.08832425892317004
2026-09-30,68,734.0,PUT,0.993664384141733,-0.4335168532176208,0.15631198042704286,16.46,16.51,16.485,0.0030330603579011655
2026-09-30,68,735.0,PUT,0.9950181503326617,-0.44148648295953097,0.15554621167688978,16.78,16.84,16.810000000000002,0.0035693039857227077
2026-09-30,68,735.0,CALL,0.9950181503326617,0.5631253294621593,0.15991108037279164,23.03,24.32,23.675,0.054487856388595525
2026-09-30,68,736.0,PUT,0.9963719165235906,-0.4496332489034217,0.1548215541892689,17.12,17.17,17.145000000000003,0.002916302128900595
2026-09-30,68,736.0,CALL,0.9963719165235906,0.5549768295432675,0.16267705633778043,22.36,24.52,23.439999999999998,0.09215017064846417
2026-09-30,68,737.0,PUT,0.9977256827145193,-0.45792346090934677,0.15410577928900918,17.46,17.51,17.485,0.002859593937660893
2026-09-30,68,737.0,CALL,0.9977256827145193,0.5475371969214214,0.1619520444024678,21.7,23.84,22.77,0.09398331137461576
2026-09-30,68,738.0,PUT,0.9990794489054481,-0.4663466818501162,0.15329490339544946,17.8,17.85,17.825000000000003,0.0028050490883590857
2026-09-30,68,738.0,CALL,0.9990794489054481,0.5399954459991286,0.16166898008166056,21.56,22.75,22.155,0.05371248025276467
2026-09-30,68,739.0,CALL,1.0004332150963768,0.5324287256039395,0.15986943056648636,21.42,21.48,21.450000000000003,0.0027972027972027374
2026-09-30,68,739.0,PUT,1.0004332150963768,-0.47471107108377364,0.1518983816939656,18.16,18.21,18.185000000000002,0.002749518834204053
2026-09-30,68,740.0,PUT,1.0017869812873057,-0.48314680160844653,0.15035799424329746,18.52,18.58,18.549999999999997,0.0032345013477088264
2026-09-30,68,740.0,CALL,1.0017869812873057,0.5246671870094953,0.15821186430533496,20.78,20.83,20.805,0.0024032684450851793
2026-09-30,68,741.0,CALL,1.0031407474782346,0.5167490721511023,0.1566799268880376,20.15,20.2,20.174999999999997,0.002478314745972774
2026-09-30,68,741.0,PUT,1.0031407474782346,-0.49174556567508465,0.14890357963109016,18.9,18.95,18.924999999999997,0.002642007926023816
2026-09-30,68,742.0,CALL,1.0044945136691632,0.5086841715391729,0.15523336883336833,19.53,19.58,19.555,0.0025568908207618084
2026-09-30,68,742.0,PUT,1.0044945136691632,-0.5005529726202574,0.14748478163961967,19.28,19.33,19.305,0.002590002590002443
2026-09-30,68,743.0,CALL,1.005848279860092,0.5004685263696117,0.15379271472732475,18.91,18.96,18.935000000000002,0.002640612622128371
2026-09-30,68,743.0,PUT,1.005848279860092,-0.5095532784435152,0.1460996701911177,19.66,19.72,19.689999999999998,0.0030472320975113627
2026-09-30,68,744.0,PUT,1.007202046051021,-0.518722099380323,0.14479658953583396,20.06,20.11,20.085,0.002489419965148156
2026-09-30,68,744.0,CALL,1.007202046051021,0.4921161090238941,0.15243693026583344,18.3,18.35,18.325000000000003,0.0027285129604366003
2026-09-30,68,745.0,PUT,1.0085558122419498,-0.5280089264977005,0.14365585756516708,20.47,20.53,20.5,0.002926829268292794
2026-09-30,68,745.0,CALL,1.0085558122419498,0.4836369888863942,0.15116557438745917,17.7,17.75,17.725,0.0028208744710860765
2026-09-30,68,746.0,CALL,1.0099095784328784,0.4750683036812319,0.15005673460673488,17.12,17.17,17.145000000000003,0.002916302128900595
2026-09-30,68,746.0,PUT,1.0099095784328784,-0.5375104322374242,0.1424722399065497,20.88,20.94,20.91,0.002869440459110582
2026-09-30,68,747.0,PUT,1.0112633446238073,-0.5471310173628777,0.141441960930315,21.31,21.37,21.34,0.002811621368322506
2026-09-30,68,747.0,CALL,1.0112633446238073,0.46637345280539155,0.14895267119765512,16.54,16.59,16.564999999999998,0.003018412315122289
2026-09-30,68,748.0,CALL,1.0126171108147362,0.4575504508233774,0.14785342585380287,15.96,16.01,15.985000000000001,0.0031279324366594126
2026-09-30,68,748.0,PUT,1.0126171108147362,-0.5569218338252538,0.1404087055859552,21.74,21.8,21.77,0.0027560863573726354
2026-09-30,68,749.0,CALL,1.0139708770056648,0.44867869977650676,0.14691505989486317,15.4,15.45,15.425,0.0032414910858994447
2026-09-30,68,749.0,PUT,1.0139708770056648,-0.5668362624435375,0.1395053722253808,22.19,22.25,22.22,0.002700270027002643
2026-09-30,68,750.0,CALL,1.0153246431965937,0.4397402938446063,0.14605869331868324,14.85,14.9,14.875,0.003361344537815174
2026-09-30,68,750.0,PUT,1.0153246431965937,-0.5769959506780766,0.1385177527663921,22.44,22.88,22.66,0.01941747572815524
2026-09-30,68,751.0,CALL,1.0166784093875225,0.43074881778237534,0.14528380550173373,14.31,14.36,14.335,0.0034879665155213764
2026-09-30,68,751.0,PUT,1.0166784093875225,-0.5880102953925239,0.1368140905669385,22.02,24.0,23.009999999999998,0.08604954367666234
2026-09-30,68,752.0,CALL,1.0180321755784512,0.4217182337531266,0.1445898681823087,13.78,13.83,13.805,0.0036218761318363426
2026-09-30,68,752.0,PUT,1.0180321755784512,-0.5973989351071225,0.1371436845926365,22.49,24.76,23.625,0.09608465608465622
2026-09-30,68,753.0,CALL,1.01938594176938,0.41266280922746373,0.1439763473672171,13.26,13.31,13.285,0.0037636432066240656
2026-09-30,68,753.0,PUT,1.01938594176938,-0.6078546553298745,0.1364546721256354,22.97,25.26,24.115000000000002,0.09496164213145356
2026-09-30,68,754.0,PUT,1.0207397079603089,-0.6185080436609617,0.1357148566239637,23.31,25.92,24.615000000000002,0.10603290676416831
2026-09-30,68,754.0,CALL,1.0207397079603089,0.4035970418641302,0.14344270529681966,12.75,12.8,12.775,0.003913894324853284
2026-09-30,68,755.0,PUT,1.0220934741512375,-0.6290003681071044,0.13410819998370313,24.84,25.38,25.11,0.02150537634408599
2026-09-30,68,755.0,CALL,1.0220934741512375,0.3945355822346115,0.14298840245633737,12.25,12.3,12.275,0.004073319755600872
2026-09-30,68,756.0,CALL,1.0234472403421664,0.3855096355997382,0.14162319228412198,11.77,11.82,11.795,0.00423908435777878
2026-09-30,68,756.0,PUT,1.0234472403421664,-0.6392033204236716,0.13277155163944948,24.34,26.97,25.655,0.10251412979925936
2026-09-30,68,757.0,CALL,1.0248010065330952,0.3762868799168459,0.1400926294313108,11.29,11.34,11.315,0.0044189129474149986
2026-09-30,68,757.0,PUT,1.0248010065330952,-0.6450474829204731,0.13506027510315124,25.42,27.8,26.61,0.08944006012777148
2026-09-30,68,758.0,PUT,1.026154772724024,-0.6628771302633835,0.12837898048290797,24.99,28.12,26.555,0.11786857465637367
2026-09-30,68,758.0,CALL,1.026154772724024,0.3670402433205617,0.13874431070903978,10.83,10.88,10.855,0.004606172270842995
2026-09-30,68,759.0,PUT,1.0275085389149528,-0.6712735126579505,0.1288787962833403,25.96,28.66,27.310000000000002,0.09886488465763453
2026-09-30,68,759.0,CALL,1.0275085389149528,0.3576608442125307,0.1374464436393343,10.38,10.42,10.4,0.003846153846153764
2026-09-30,68,760.0,CALL,1.0288623051058816,0.34825833719673466,0.1362854062712469,9.94,9.98,9.96,0.004016064257028205
2026-09-30,68,760.0,PUT,1.0288623051058816,-0.6826605124089045,0.1275394452106556,27.56,28.16,27.86,0.02153625269203164
2026-09-30,68,761.0,CALL,1.0302160712968103,0.33880528802074045,0.13521691826765733,9.51,9.55,9.530000000000001,0.004197271773347421
2026-09-30,68,761.0,PUT,1.0302160712968103,-0.6892542208636977,0.12912712175835997,27.13,30.35,28.740000000000002,0.11203897007654844
2026-09-30,68,762.0,CALL,1.0315698374877391,0.3293780626032426,0.13428335626021487,9.09,9.14,9.115,0.005485463521667659
2026-09-30,68,762.0,PUT,1.0315698374877391,-0.7027355120363047,0.12685374880698555,27.35,31.03,29.19,0.12607057211373757
2026-09-30,68,763.0,CALL,1.032923603678668,0.31994362749541644,0.13344066806800162,8.69,8.73,8.71,0.00459242250287037
2026-09-30,68,763.0,PUT,1.032923603678668,-0.7120987814315821,0.12691582567685444,28.35,31.46,29.905,0.10399598729309478
2026-09-30,68,764.0,PUT,1.0342773698695966,-0.7230913876699704,0.12620495029549636,28.99,32.08,30.534999999999997,0.10119534959882104
2026-09-30,68,764.0,CALL,1.0342773698695966,0.3105858832832989,0.13273096509384621,8.3,8.34,8.32,0.004807692307692205
2026-09-30,68,765.0,PUT,1.0356311360605255,-0.7395467687176481,0.12318122065591995,29.27,32.57,30.92,0.10672703751617078
2026-09-30,68,765.0,CALL,1.0356311360605255,0.3011972386512477,0.13206772792564933,7.91,7.96,7.9350000000000005,0.006301197227473197
2026-09-30,68,766.0,CALL,1.0369849022514543,0.29200162613129776,0.13157837468713302,7.55,7.59,7.57,0.0052840158520475605
2026-09-30,68,766.0,PUT,1.0369849022514543,-0.7478955901717539,0.12388813832034949,29.92,33.52,31.720000000000002,0.11349306431273648
2026-09-30,68,767.0,PUT,1.038338668442383,-0.7608407241149923,0.12269763047308321,30.59,34.07,32.33,0.10763996288277144
2026-09-30,68,767.0,CALL,1.038338668442383,0.2828132160150549,0.13113404927287675,7.19,7.23,7.210000000000001,0.005547850208044387
2026-09-30,68,768.0,PUT,1.0396924346333118,-0.7735999504471666,0.12069004106133177,31.66,34.24,32.95,0.0783004552352049
2026-09-30,68,768.0,CALL,1.0396924346333118,0.27387449366564487,0.13086148101372996,6.85,6.89,6.869999999999999,0.005822416302765653
2026-09-30,68,769.0,PUT,1.0410462008242407,-0.7847732472271286,0.11923736908663364,31.99,35.3,33.644999999999996,0.09838014563828204
2026-09-30,68,769.0,CALL,1.0410462008242407,0.26489922861147536,0.13059030036092387,6.51,6.55,6.529999999999999,0.0061255742725880614
2026-09-30,68,770.0,PUT,1.0423999670151696,-0.7774380533974565,0.12614498918839992,33.83,36.27,35.05,0.06961483594864494
2026-09-30,68,770.0,CALL,1.0423999670151696,0.2562690618436363,0.1297001062231153,6.2,6.23,6.215,0.0048270313757039825
2026-09-30,68,771.0,CALL,1.0437537332060982,0.2476465011867303,0.12847453999192182,5.89,5.93,5.91,0.006768189509306266
2026-09-30,68,771.0,PUT,1.0437537332060982,-0.8069514556132698,0.11683578484360306,33.45,36.72,35.085,0.09320222317229573
2026-09-30,68,772.0,PUT,1.045107499397027,-0.8159633973076846,0.11663870363572969,34.29,37.5,35.894999999999996,0.08942749686585878
2026-09-30,68,772.0,CALL,1.045107499397027,0.2389511644495809,0.12731124137712185,5.59,5.63,5.609999999999999,0.007130124777183608
2026-09-30,68,773.0,CALL,1.046461265587956,0.23029194818908452,0.12626416259715362,5.3,5.34,5.32,0.0075187969924812095
2026-09-30,68,774.0,CALL,1.0478150317788846,0.22189851276511274,0.12544073402601133,5.03,5.07,5.050000000000001,0.007920792079207926
2026-09-30,68,774.0,PUT,1.0478150317788846,-0.8347815230036083,0.11620413290701972,35.73,39.32,37.525,0.09566955363091281
2026-09-30,68,775.0,CALL,1.0491687979698134,0.21339468829465125,0.12462232577838524,4.76,4.8,4.779999999999999,0.008368200836820092
2026-09-30,68,775.0,PUT,1.0491687979698134,-0.8456692821446512,0.11554799710835405,36.52,40.1,38.31,0.09344818585225785
2026-09-30,68,776.0,CALL,1.0505225641607423,0.2052238546950446,0.12402499167258818,4.51,4.55,4.529999999999999,0.008830022075055196
2026-09-30,68,776.0,PUT,1.0505225641607423,-0.8562316649548567,0.114999538686635,37.32,40.9,39.11,0.09153669138327789
2026-09-30,68,777.0,PUT,1.051876330351671,-0.8662834869828802,0.11459957330841511,38.14,41.72,39.93,0.0896568995742549
2026-09-30,68,777.0,CALL,1.051876330351671,0.1972023899680129,0.12353787750723509,4.27,4.31,4.289999999999999,0.009324009324009334
2026-09-30,68,778.0,CALL,1.0532300965425998,0.18935595309953054,0.12316116282497289,4.04,4.08,4.0600000000000005,0.00985221674876848
2026-09-30,68,779.0,PUT,1.0545838627335287,-0.8877350206393773,0.1135698812829618,39.81,43.38,41.595,0.08582762351244141
2026-09-30,68,779.0,CALL,1.0545838627335287,0.1817060169492067,0.12289343096247846,3.82,3.86,3.84,0.010416666666666676
2026-09-30,68,780.0,CALL,1.0559376289244573,0.17414858747882322,0.1226804598393062,3.61,3.64,3.625,0.008275862068965585
2026-09-30,68,780.0,PUT,1.0559376289244573,-0.8978648782362415,0.11242856590809823,40.67,44.24,42.455,0.08408903544929927
2026-09-30,68,781.0,CALL,1.0572913951153862,0.16695121436147714,0.12262798167244064,3.41,3.44,3.425,0.008759124087591184
2026-09-30,68,782.0,CALL,1.058645161306315,0.15987931849442952,0.12262874988749274,3.21,3.25,3.23,0.01238390092879258
2026-09-30,68,782.0,PUT,1.058645161306315,-0.9175658018197329,0.11031328532293663,42.41,45.98,44.19499999999999,0.08077836859373234
2026-09-30,68,783.0,CALL,1.0599989274972437,0.15318886897712328,0.12208418698855543,3.03,3.07,3.05,0.013114754098360668
2026-09-30,68,783.0,PUT,1.0599989274972437,-0.9270117742023488,0.10936707372992101,43.3,46.86,45.08,0.07897071872227157
2026-09-30,68,784.0,CALL,1.0613526936881725,0.146530108728863,0.12106008765779447,2.86,2.89,2.875,0.010434782608695738
2026-09-30,68,785.0,PUT,1.0627064598791014,-0.9502636032121307,0.10734681834723363,45.11,48.68,46.894999999999996,0.07612751892525857
2026-09-30,68,785.0,CALL,1.0627064598791014,0.1400507681041769,0.12020020260086789,2.69,2.73,2.71,0.014760147601476028
2026-09-30,68,786.0,CALL,1.06406022607003,0.1337813551979708,0.11950262679446076,2.54,2.57,2.5549999999999997,0.011741682974559612
2026-09-30,68,787.0,PUT,1.065413992260959,-0.9748977047796997,0.10491185540065324,46.96,50.51,48.735,0.07284292602852153
2026-09-30,68,787.0,CALL,1.065413992260959,0.12759485045153138,0.11888762267521773,2.39,2.42,2.4050000000000002,0.012474012474012391
2026-09-30,68,788.0,CALL,1.0667677584518878,0.1216663263003727,0.1184319198486593,2.25,2.28,2.2649999999999997,0.013245033112582696
2026-09-30,68,789.0,CALL,1.0681215246428164,0.11602252874463662,0.11813383752806333,2.12,2.15,2.135,0.01405152224824347
2026-09-30,68,790.0,CALL,1.0694752908337453,0.11035040527724958,0.11783757971828386,1.99,2.02,2.005,0.01496259351620949
2026-09-30,68,791.0,CALL,1.0708290570246741,0.10499580836161379,0.11769686009728984,1.87,1.9,1.885,0.01591511936339512
2026-09-30,68,792.0,CALL,1.072182823215603,0.09998080198244902,0.11771025839825017,1.76,1.79,1.775,0.01690140845070424
2026-09-30,68,793.0,CALL,1.0735365894065316,0.0949669209673012,0.11772358264356704,1.65,1.68,1.665,0.018018018018018035
2026-09-30,68,794.0,CALL,1.0748903555974605,0.09031825963452117,0.11788933566318248,1.55,1.58,1.565,0.019169329073482445
2026-09-30,68,795.0,CALL,1.0762441217883894,0.08605099712335006,0.11820641265331884,1.46,1.49,1.475,0.020338983050847474
2026-09-30,68,796.0,CALL,1.077597887979318,0.08179802710087676,0.11799918734388012,1.37,1.4,1.385,0.021660649819494445
2026-09-30,68,797.0,CALL,1.0789516541702469,0.07768737894134303,0.11723218185908334,1.29,1.31,1.3,0.015384615384615398
2026-09-30,68,798.0,CALL,1.0803054203611757,0.07372184521669338,0.11660065792184866,1.21,1.23,1.22,0.016393442622950834
2026-09-30,68,799.0,CALL,1.0816591865521044,0.06991768660852817,0.11610296414217794,1.14,1.15,1.145,0.00873362445414848
2026-09-30,68,800.0,CALL,1.0830129527430332,0.06629015823337218,0.11573754495638792,1.06,1.09,1.0750000000000002,0.027906976744186067
2026-09-30,68,801.0,CALL,1.084366718933962,0.06306654269885895,0.1156314211269772,1.0,1.03,1.0150000000000001,0.02955665024630544
2026-09-30,68,802.0,CALL,1.0857204851248907,0.05962005106202812,0.11539785888391844,0.94,0.96,0.95,0.02105263157894739
2026-09-30,68,803.0,CALL,1.0870742513158196,0.05660162646407875,0.1154210612643645,0.88,0.91,0.895,0.033519553072625725
2026-09-30,68,804.0,CALL,1.0884280175067484,0.05358440623235206,0.11544413348841495,0.83,0.85,0.84,0.023809523809523832
2026-09-30,68,805.0,CALL,1.089781783697677,0.05079515047449353,0.11559408333784502,0.78,0.8,0.79,0.025316455696202552
2026-09-30,68,806.0,CALL,1.091135549888606,0.048013039153369824,0.11574324781176695,0.73,0.75,0.74,0.027027027027027053
2026-09-30,68,807.0,CALL,1.0924893160795348,0.04570094070680699,0.11614454993662002,0.69,0.71,0.7,0.0285714285714286
2026-09-30,68,808.0,CALL,1.0938430822704635,0.04317163495318514,0.116417782680012,0.64,0.67,0.655,0.045801526717557293
2026-09-30,68,809.0,CALL,1.0951968484613923,0.040889041684594216,0.11681570705189324,0.61,0.62,0.615,0.016260162601626032
2026-09-30,68,810.0,CALL,1.0965506146523212,0.038857463030743646,0.11717958972266605,0.57,0.59,0.58,0.03448275862068969
2026-09-30,68,811.0,CALL,1.0979043808432498,0.03682053654374265,0.11665911637668303,0.54,0.55,0.545,0.018348623853211024
2026-09-30,68,812.0,CALL,1.0992581470341787,0.03476519054802,0.11614229456004133,0.5,0.52,0.51,0.03921568627450984
2026-09-30,68,813.0,CALL,1.1006119132251075,0.03319573341435516,0.11612629695582764,0.48,0.49,0.485,0.020618556701030948
2026-09-30,68,814.0,CALL,1.1019656794160364,0.03162584080046216,0.11611038953065535,0.45,0.47,0.45999999999999996,0.04347826086956514
2026-09-30,68,815.0,CALL,1.103319445606965,0.029797040321660362,0.11584730627826172,0.42,0.44,0.43,0.046511627906976785
2026-09-30,68,816.0,CALL,1.104673211797894,0.02848476307390134,0.11607884229061675,0.4,0.42,0.41000000000000003,0.04878048780487795
2026-09-30,68,817.0,CALL,1.1060269779888228,0.026648345311086907,0.11581733230404634,0.37,0.39,0.38,0.05263157894736847
2026-09-30,68,818.0,CALL,1.1073807441797514,0.025609465224082344,0.11629300715787662,0.36,0.37,0.365,0.02739726027397263
2026-09-30,68,819.0,CALL,1.1087345103706803,0.02404077717830561,0.11627685171024009,0.33,0.35,0.33999999999999997,0.0588235294117646
2026-09-30,68,820.0,CALL,1.1100882765616091,0.023016532519089278,0.11674931621342374,0.32,0.33,0.325,0.030769230769230795
2026-09-30,68,822.0,CALL,1.1127958089434666,0.0209925496825074,0.11768860136805538,0.29,0.3,0.295,0.0338983050847458
2026-09-30,68,823.0,CALL,1.1141495751343955,0.019992523285277043,0.11815547264961077,0.27,0.29,0.28,0.07142857142857129
2026-09-30,68,824.0,CALL,1.1155033413253241,0.019000287804018953,0.11862052912704103,0.26,0.27,0.265,0.03773584905660381
2026-09-30,68,825.0,CALL,1.116857107516253,0.018291436593907577,0.11932682212272522,0.25,0.26,0.255,0.03921568627450984
2026-09-30,68,826.0,CALL,1.1182108737071819,0.017315303520924415,0.11978802876217653,0.23,0.25,0.24,0.0833333333333333
2026-09-30,68,827.0,CALL,1.1195646398981105,0.016623006479111586,0.12049012143028415,0.22,0.24,0.22999999999999998,0.0869565217391304
2026-09-30,68,828.0,CALL,1.1209184060890394,0.01593864249271111,0.12119010277821077,0.21,0.23,0.22,0.090909090909091
2026-09-30,68,829.0,CALL,1.1222721722799682,0.015258601480297231,0.12119689107485752,0.2,0.22,0.21000000000000002,0.09523809523809518
2026-09-30,68,830.0,CALL,1.1236259384708969,0.014858631899951414,0.12169037883656574,0.2,0.21,0.20500000000000002,0.04878048780487795
2026-09-30,68,831.0,CALL,1.1249797046618257,0.014180393973299552,0.12161912491735558,0.19,0.2,0.195,0.05128205128205133
2026-09-30,68,832.0,CALL,1.1263334708527546,0.013786258141860604,0.12210965310796872,0.18,0.2,0.19,0.10526315789473693
2026-09-30,68,833.0,CALL,1.1276872370436832,0.013109736773867606,0.12203760429314586,0.17,0.19,0.18,0.11111111111111106
2026-09-30,68,834.0,CALL,1.129041003234612,0.012721299835280914,0.12252522898271115,0.17,0.18,0.175,0.05714285714285704
2026-09-30,68,835.0,CALL,1.130394769425541,0.012335987449616828,0.123011145880456,0.16,0.18,0.16999999999999998,0.11764705882352937
2026-09-30,68,836.0,CALL,1.1317485356164698,0.01195374652878201,0.12349537607841525,0.16,0.17,0.165,0.060606060606060656
2026-09-30,68,837.0,CALL,1.1331023018073985,0.011574525327481855,0.12397794018822854,0.15,0.17,0.16,0.1250000000000001
2026-09-30,68,838.0,CALL,1.1344560679983273,0.01090691136150181,0.12390173311502714,0.14,0.16,0.15000000000000002,0.13333333333333325
2026-09-30,68,839.0,CALL,1.1358098341892562,0.010533005038420156,0.12438155118757761,0.14,0.15,0.14500000000000002,0.06896551724137917
2026-09-30,68,840.0,CALL,1.1371636003801848,0.010454481789966148,0.12541583521140912,0.14,0.15,0.14500000000000002,0.06896551724137917
2026-09-30,68,841.0,CALL,1.1385173665711137,0.010086847321517588,0.12589193199422266,0.13,0.15,0.14,0.14285714285714277
2026-09-30,68,842.0,CALL,1.1398711327620425,0.009721992730116777,0.12636645955564837,0.13,0.14,0.135,0.07407407407407414
2026-09-30,68,843.0,CALL,1.1412248989529712,0.009359872638568396,0.1268394344050189,0.12,0.14,0.13,0.15384615384615397
2026-09-30,68,845.0,CALL,1.143932431334829,0.008936212034508654,0.12833529463452392,0.12,0.13,0.125,0.08000000000000007
2026-09-30,68,847.0,CALL,1.1466399637166864,0.008231376497536826,0.1292696838348081,0.11,0.12,0.11499999999999999,0.0869565217391304
2026-09-30,68,848.0,CALL,1.1479937299076153,0.00817423827091142,0.13028862438374023,0.11,0.12,0.11499999999999999,0.0869565217391304
2026-09-30,68,849.0,CALL,1.149347496098544,0.007828533679091386,0.13075169154815355,0.1,0.12,0.11,0.18181818181818174
2026-09-30,68,850.0,CALL,1.1507012622894728,0.007485254674424681,0.13121333258080015,0.1,0.11,0.10500000000000001,0.09523809523809518
2026-09-30,68,851.0,CALL,1.1520550284804016,0.007434759055866993,0.13222697527044433,0.1,0.11,0.10500000000000001,0.09523809523809518
2026-09-30,68,852.0,CALL,1.1534087946713303,0.007096641811762131,0.13268533928287066,0.09,0.11,0.1,0.20000000000000004
2026-09-30,68,853.0,CALL,1.1547625608622591,0.007049696094916372,0.133695679686503,0.09,0.11,0.1,0.20000000000000004
2026-09-30,68,854.0,CALL,1.156116327053188,0.006716564019038395,0.13415083859372465,0.09,0.1,0.095,0.10526315789473693
2026-09-30,68,855.0,CALL,1.1574700932441166,0.006673007771526994,0.13515794273717754,0.09,0.1,0.095,0.10526315789473693
2026-09-30,68,856.0,CALL,1.1588238594350455,0.0063446932847254734,0.13560996527680885,0.08,0.1,0.09,0.22222222222222227
2026-09-30,68,860.0,CALL,1.1642389241987607,0.005906852234321082,0.13906313272499124,0.08,0.09,0.08499999999999999,0.11764705882352937
2026-09-30,68,865.0,CALL,1.1710077551534046,0.00518098449524091,0.1420884424670566,0.07,0.08,0.07500000000000001,0.13333333333333325
2026-09-30,68,870.0,CALL,1.1777765861080487,0.004475108952318753,0.14351158603870842,0.06,0.07,0.065,0.15384615384615397
2026-09-30,68,875.0,CALL,1.1845454170626926,0.004069745625355857,0.14641862174426665,0.05,0.07,0.060000000000000005,0.33333333333333337
2026-09-30,68,880.0,CALL,1.1913142480173364,0.003680447697425613,0.1492936720050847,0.05,0.06,0.055,0.18181818181818174
2026-09-30,68,885.0,CALL,1.1980830789719805,0.0033060580052978322,0.1521380766544698,0.04,0.06,0.05,0.3999999999999999
2026-09-30,68,890.0,CALL,1.2048519099266244,0.0029455351917316097,0.15495306202429637,0.04,0.05,0.045,0.22222222222222227
2026-09-30,68,895.0,CALL,1.2116207408812685,0.0025979389226233485,0.1577397543780425,0.03,0.05,0.04,0.5000000000000001
2026-09-30,68,900.0,CALL,1.2183895718359123,0.0022624173845227353,0.1604991913712298,0.03,0.04,0.035,0.28571428571428575
2026-10-16,84,445.0,CALL,0.6024259549633122,0.9745163787257061,0.5838493758369154,295.09,298.6,296.845,0.011824352776701805
2026-10-16,84,445.0,PUT,0.6024259549633122,-0.009555537921818283,0.48848793518746514,0.61,0.62,0.615,0.016260162601626032
2026-10-16,84,450.0,PUT,0.6091947859179562,-0.010104677173678623,0.48079053333007926,0.64,0.65,0.645,0.015503875968992262
2026-10-16,84,450.0,CALL,0.6091947859179562,0.9741412112121799,0.5719909404708655,290.13,293.63,291.88,0.011991229272303687
2026-10-16,84,455.0,PUT,0.6159636168726002,-0.010670318577269623,0.4731840150556518,0.67,0.68,0.675,0.014814814814814828
2026-10-16,84,460.0,PUT,0.6227324478272441,-0.011314356809036365,0.4660395695616674,0.7,0.72,0.71,0.028169014084507067
2026-10-16,84,465.0,PUT,0.6295012787818881,-0.01197705104446511,0.4589787798452267,0.74,0.75,0.745,0.01342281879194632
2026-10-16,84,465.0,CALL,0.6295012787818881,0.971521939893324,0.5432520404066022,275.39,278.91,277.15,0.012700703590113797
2026-10-16,84,470.0,PUT,0.636270109736532,-0.01259658303696274,0.4516310351993596,0.77,0.78,0.775,0.012903225806451623
2026-10-16,84,475.0,PUT,0.643038940691176,-0.0133606435107922,0.4451019522800138,0.81,0.82,0.815,0.012269938650306624
2026-10-16,84,480.0,PUT,0.6498077716458199,-0.01414592592471125,0.4386482759323993,0.85,0.86,0.855,0.01169590643274855
2026-10-16,84,485.0,CALL,0.6565766026004639,0.9679205774378633,0.5053345939868548,255.7,259.26,257.48,0.013826316607115124
2026-10-16,84,485.0,PUT,0.6565766026004639,-0.014952987819669961,0.43226884253510833,0.89,0.9,0.895,0.011173184357541908
2026-10-16,84,490.0,PUT,0.6633454335551079,-0.015846206357411734,0.42632404448533756,0.93,0.95,0.94,0.021276595744680753
2026-10-16,84,495.0,PUT,0.6701142645097518,-0.0167629428283945,0.42044743005794744,0.98,0.99,0.985,0.0101522842639594
2026-10-16,84,500.0,CALL,0.6768830954643957,0.9647447740251142,0.4785889178143258,240.99,244.5,242.745,0.014459618117777878
2026-10-16,84,500.0,PUT,0.6768830954643957,-0.017703788209137487,0.41463790956672597,1.02,1.04,1.03,0.019417475728155355
2026-10-16,84,505.0,PUT,0.6836519264190397,-0.018733879345841017,0.40924867519729985,1.07,1.09,1.08,0.018518518518518535
2026-10-16,84,505.0,CALL,0.6836519264190397,0.9633628116504812,0.4708040465912117,236.08,239.64,237.86,0.0149667871857394
2026-10-16,84,510.0,PUT,0.6904207573736837,-0.01978952351998811,0.40392081154841136,1.12,1.14,1.13,0.017699115044247607
2026-10-16,84,510.0,CALL,0.6904207573736837,0.9621797887323157,0.4622270996589085,231.17,234.73,232.95,0.01528224940974459
2026-10-16,84,515.0,CALL,0.6971895883283277,0.9607633649005901,0.4544388067150928,226.28,229.84,228.06,0.015609927212137166
2026-10-16,84,515.0,PUT,0.6971895883283277,-0.020871681314719004,0.39865039471702046,1.17,1.19,1.18,0.0169491525423729
2026-10-16,84,520.0,PUT,0.7039584192829715,-0.02204607559072447,0.3937794600082959,1.23,1.24,1.2349999999999999,0.008097165991902843
2026-10-16,84,520.0,CALL,0.7039584192829715,0.9594010578517513,0.44638638646952783,221.38,224.94,223.16,0.01595267969170103
2026-10-16,84,525.0,PUT,0.7107272502376155,-0.023325468436608578,0.3889897878583863,1.29,1.3,1.295,0.007722007722007729
2026-10-16,84,525.0,CALL,0.7107272502376155,0.9578957938793731,0.43876456029011157,216.49,220.05,218.27,0.016310074678150925
2026-10-16,84,530.0,PUT,0.7174960811922595,-0.024628577468177416,0.3813852528524578,1.35,1.36,1.355,0.007380073800738014
2026-10-16,84,530.0,CALL,0.7174960811922595,0.9563432068506512,0.43122327745756406,211.6,215.16,213.38,0.01668385040772332
2026-10-16,84,535.0,PUT,0.7242649121469035,-0.026046647861270745,0.37403270337305644,1.41,1.43,1.42,0.014084507042253534
2026-10-16,84,535.0,CALL,0.7242649121469035,0.9547415262092425,0.42376135700984824,206.71,210.27,208.49,0.017075159480070996
2026-10-16,84,540.0,CALL,0.7310337431015475,0.9529879070364045,0.416718464594929,201.83,205.39,203.61,0.01748440646333664
2026-10-16,84,540.0,PUT,0.7310337431015475,-0.02758411092564773,0.36692888942085417,1.48,1.5,1.49,0.01342281879194632
2026-10-16,84,545.0,CALL,0.7378025740561914,0.9511802554461171,0.40974959938609257,196.95,200.51,198.73,0.01791375232727823
2026-10-16,84,545.0,PUT,0.7378025740561914,-0.029178695196080504,0.3598990647238375,1.55,1.57,1.56,0.012820512820512832
2026-10-16,84,550.0,PUT,0.7445714050108353,-0.030900416304951633,0.35311252786600394,1.63,1.64,1.6349999999999998,0.0061162079510703425
2026-10-16,84,555.0,CALL,0.7513402359654793,0.9474461530981751,0.3958619453818166,187.21,190.72,188.965,0.018574868361865907
2026-10-16,84,555.0,PUT,0.7513402359654793,-0.03275328627142735,0.3465669105709301,1.71,1.72,1.7149999999999999,0.0058309037900874695
2026-10-16,84,560.0,PUT,0.7581090669201233,-0.0347413969383639,0.340259267054842,1.79,1.81,1.8,0.01111111111111112
2026-10-16,84,560.0,CALL,0.7581090669201233,0.9452085973293246,0.3899465639054318,182.33,185.89,184.11,0.019336266362500534
2026-10-16,84,565.0,PUT,0.7648778978747672,-0.03686862739203636,0.3341866982953206,1.88,1.9,1.89,0.010582010582010592
2026-10-16,84,565.0,CALL,0.7648778978747672,0.942649821664517,0.38348184738609686,177.52,181.04,179.28,0.01963409192324845
2026-10-16,84,570.0,PUT,0.7716467288294112,-0.03920709432320058,0.32851417845146247,1.98,2.0,1.99,0.010050251256281416
2026-10-16,84,570.0,CALL,0.7716467288294112,0.9406673737520382,0.3740712403783809,172.63,176.14,174.385,0.020127877971155724
2026-10-16,84,575.0,PUT,0.7784155597840551,-0.04169226463273304,0.3230682132945492,2.08,2.11,2.0949999999999998,0.01431980906921232
2026-10-16,84,575.0,CALL,0.7784155597840551,0.938012725935923,0.3658033307672452,167.79,171.3,169.54500000000002,0.02070246837122899
2026-10-16,84,580.0,PUT,0.7851843907386991,-0.04439573083440115,0.3180108778653149,2.2,2.22,2.21,0.009049773755656116
2026-10-16,84,580.0,CALL,0.7851843907386991,0.9350847399185741,0.3579024686997895,162.94,166.5,164.72,0.021612433220009726
2026-10-16,84,585.0,PUT,0.791953221693343,-0.04724980352561499,0.31317423291219165,2.32,2.34,2.33,0.00858369098712447
2026-10-16,84,585.0,CALL,0.791953221693343,0.9320873824389988,0.3499849081521528,158.11,161.67,159.89,0.022265307398836538
2026-10-16,84,590.0,CALL,0.798722052647987,0.9290698860285131,0.3419565794191201,153.29,156.81,155.05,0.02270235407932931
2026-10-16,84,590.0,PUT,0.798722052647987,-0.05032816000354637,0.3087070477709769,2.45,2.47,2.46,0.008130081300813016
2026-10-16,84,595.0,PUT,0.805490883602631,-0.053706353557846725,0.30472434026195555,2.59,2.62,2.605,0.01151631477927073
2026-10-16,84,595.0,CALL,0.805490883602631,0.9254262795910253,0.3348543126958696,148.47,152.04,150.255,0.023759608665268998
2026-10-16,84,600.0,CALL,0.8122597145572749,0.9214702752973328,0.32810475798252164,143.71,147.24,145.47500000000002,0.024265337686887784
2026-10-16,84,600.0,PUT,0.8122597145572749,-0.05726512851953732,0.2986558053194324,2.74,2.77,2.755,0.01088929219600719
2026-10-16,84,605.0,PUT,0.8190285455119188,-0.06115604339289486,0.29184391267646953,2.91,2.93,2.92,0.006849315068493157
2026-10-16,84,605.0,CALL,0.8190285455119188,0.9176321075302565,0.3209573612233389,138.89,142.45,140.67,0.02530745716926141
2026-10-16,84,610.0,PUT,0.8257973764665628,-0.06536050928725563,0.28528937727978276,3.08,3.11,3.0949999999999998,0.009693053311793152
2026-10-16,84,610.0,CALL,0.8257973764665628,0.9133010628175271,0.3144397326872793,134.11,137.68,135.895,0.026270282203171513
2026-10-16,84,615.0,CALL,0.8325662074212068,0.9087432090295716,0.3080817429029322,129.34,132.91,131.125,0.027225929456625306
2026-10-16,84,615.0,PUT,0.8325662074212068,-0.07009215865102475,0.279269978780948,3.28,3.31,3.295,0.009104704097116919
2026-10-16,84,620.0,PUT,0.8393350383758508,-0.07509172993486038,0.2734078988905396,3.49,3.51,3.5,0.005714285714285593
2026-10-16,84,620.0,CALL,0.8393350383758508,0.9036779880732299,0.30234243857295756,124.6,128.17,126.38499999999999,0.028247022985322574
2026-10-16,84,625.0,PUT,0.8461038693304948,-0.08056995945999752,0.26797904362853486,3.71,3.74,3.725,0.008053691275167852
2026-10-16,84,625.0,CALL,0.8461038693304948,0.8981046778774656,0.2972140652072908,119.91,123.44,121.675,0.029011711526607777
2026-10-16,84,630.0,CALL,0.8528727002851386,0.8925592204726119,0.2917761439239237,115.16,118.73,116.945,0.030527170892299865
2026-10-16,84,630.0,PUT,0.8528727002851386,-0.08647007561873125,0.2628804434218855,3.95,3.98,3.965,0.007566204287515714
2026-10-16,84,635.0,PUT,0.8596415312397826,-0.09298819868561142,0.25838702203020214,4.22,4.25,4.234999999999999,0.007083825265643507
2026-10-16,84,635.0,CALL,0.8596415312397826,0.886449132208135,0.2868827261154427,110.46,114.04,112.25,0.03189309576837428
2026-10-16,84,640.0,PUT,0.8664103621944266,-0.09986679764947895,0.25411457947555605,4.5,4.53,4.515000000000001,0.006644518272425303
2026-10-16,84,640.0,CALL,0.8664103621944266,0.8798008976049009,0.27909001334569916,105.79,109.37,107.58000000000001,0.03327756088492283
2026-10-16,84,645.0,CALL,0.8731791931490706,0.8721046087467754,0.2721572981153534,101.23,104.72,102.975,0.033891721291575576
2026-10-16,84,645.0,PUT,0.8731791931490706,-0.1073757760089653,0.2503906323492107,4.81,4.84,4.824999999999999,0.0062176165803109334
2026-10-16,84,650.0,CALL,0.8799480241037145,0.8646467954248339,0.264579786399821,96.52,100.1,98.31,0.03641542060827991
2026-10-16,84,650.0,PUT,0.8799480241037145,-0.11555469219863869,0.24537694302545923,5.15,5.18,5.165,0.005808325266214784
2026-10-16,84,655.0,CALL,0.8867168550583584,0.8549072371025526,0.25922539096059377,92.14,95.51,93.825,0.035917932320810066
2026-10-16,84,655.0,PUT,0.8867168550583584,-0.12436329900254739,0.23880830199181932,5.51,5.55,5.529999999999999,0.007233273056057874
2026-10-16,84,660.0,CALL,0.8934856860130024,0.8450201663033262,0.25363512481185346,87.68,90.95,89.315,0.03661199126686442
2026-10-16,84,660.0,PUT,0.8934856860130024,-0.134077609867553,0.232730938238558,5.91,5.95,5.93,0.006745362563237781
2026-10-16,84,665.0,PUT,0.9002545169676464,-0.14465643091704877,0.22707888572227383,6.34,6.38,6.359999999999999,0.006289308176100635
2026-10-16,84,665.0,CALL,0.9002545169676464,0.8364365649550769,0.2460439144739202,82.84,86.42,84.63,0.04230178423726809
2026-10-16,84,670.0,PUT,0.9070233479222903,-0.15623894427226603,0.22195435927926851,6.81,6.85,6.83,0.00585651537335286
2026-10-16,84,670.0,CALL,0.9070233479222903,0.8254284288168305,0.24082579957315237,78.35,81.93,80.14,0.044671824307462096
2026-10-16,84,675.0,CALL,0.9137921788769343,0.8135791768190704,0.23613665281112162,73.9,77.48,75.69,0.04729818998546702
2026-10-16,84,675.0,PUT,0.9137921788769343,-0.16880426661498132,0.2173592045190038,7.32,7.36,7.34,0.005449591280653956
2026-10-16,84,680.0,PUT,0.9205610098315782,-0.18247859785743742,0.21337028100820335,7.88,7.92,7.9,0.005063291139240511
2026-10-16,84,680.0,CALL,0.9205610098315782,0.8003814408876553,0.2326659313786491,69.6,73.08,71.34,0.0487804878048781
2026-10-16,84,685.0,CALL,0.9273298407862222,0.7867348242902328,0.22545914954329288,65.25,68.7,66.975,0.051511758118701054
2026-10-16,84,685.0,PUT,0.9273298407862222,-0.19724630293530268,0.2098137093852321,8.48,8.53,8.504999999999999,0.005878894767783532
2026-10-16,84,690.0,CALL,0.9340986717408661,0.7712848958370312,0.21880985826038377,61.01,64.42,62.715,0.05437295702782434
2026-10-16,84,690.0,PUT,0.9340986717408661,-0.21325498504779183,0.20367466433035633,9.15,9.2,9.175,0.0054495912806538345
2026-10-16,84,695.0,PUT,0.9408675026955101,-0.23073790351113743,0.19740108918631658,9.88,9.92,9.9,0.0040404040404039545
2026-10-16,84,695.0,CALL,0.9408675026955101,0.7550508563093149,0.21206780930749256,56.7,60.17,58.435,0.059382219560195064
2026-10-16,84,700.0,PUT,0.9476363336501541,-0.24999125837259786,0.19180328179777514,10.67,10.72,10.695,0.00467508181393181
2026-10-16,84,700.0,CALL,0.9476363336501541,0.7369667979371858,0.2063680739833079,52.54,55.99,54.265,0.06357689118216167
2026-10-16,84,701.0,PUT,0.9489900998410828,-0.25407359944445923,0.19078682219577606,10.84,10.89,10.865,0.0046019328117810135
2026-10-16,84,702.0,PUT,0.9503438660320116,-0.2581988137579649,0.1897733383855631,11.01,11.06,11.035,0.004531037607612208
2026-10-16,84,703.0,PUT,0.9516976322229405,-0.2623673998090695,0.18876284166438434,11.18,11.23,11.205,0.0044622936189201885
2026-10-16,84,704.0,PUT,0.9530513984138692,-0.26666524725538243,0.1878406853564684,11.36,11.41,11.385,0.004391743522178367
2026-10-16,84,705.0,CALL,0.9544051646047981,0.7175141464055061,0.20122002395376704,48.57,51.73,50.15,0.06301096709870382
2026-10-16,84,705.0,PUT,0.9544051646047981,-0.2710117568271058,0.18691939134430252,11.54,11.59,11.565,0.004323389537397381
2026-10-16,84,706.0,PUT,0.9557589307957268,-0.27540034491043736,0.1860008929112701,11.72,11.77,11.745000000000001,0.004257130693912212
2026-10-16,84,707.0,PUT,0.9571126969866556,-0.27992027302945643,0.18516394385191337,11.91,11.96,11.935,0.0041893590280687645
2026-10-16,84,708.0,PUT,0.9584664631775844,-0.28449117856949896,0.18432365862688616,12.1,12.15,12.125,0.004123711340206244
2026-10-16,84,709.0,PUT,0.9598202293685132,-0.2891822777071462,0.1835702872882837,12.3,12.35,12.325,0.004056795131845756
2026-10-16,84,710.0,CALL,0.9611739955594419,0.696649897788792,0.19674468459705977,44.4,47.81,46.105000000000004,0.07396160936991657
2026-10-16,84,710.0,PUT,0.9611739955594419,-0.293880320988536,0.1827752867875806,12.49,12.55,12.52,0.004792332268370647
2026-10-16,84,711.0,PUT,0.9625277617503708,-0.29868769586102717,0.1820683473123223,12.7,12.75,12.725,0.003929273084479427
2026-10-16,84,711.0,CALL,0.9625277617503708,0.6923723806543479,0.19584879113278333,43.58,47.01,45.295,0.07572579754939839
2026-10-16,84,712.0,PUT,0.9638815279412996,-0.3035614421321427,0.1813420501523846,12.9,12.96,12.93,0.004640371229698415
2026-10-16,84,712.0,CALL,0.9638815279412996,0.6879127230620943,0.19516954836072453,42.79,46.23,44.51,0.07728600314536055
2026-10-16,84,713.0,PUT,0.9652352941322283,-0.3085330193125165,0.18064857366344023,13.11,13.17,13.14,0.004566210045662138
2026-10-16,84,714.0,PUT,0.9665890603231572,-0.31360284834007357,0.17996741235226793,13.33,13.38,13.355,0.0037439161362786003
2026-10-16,84,715.0,PUT,0.9679428265140859,-0.31874081900676815,0.17922251101866432,13.54,13.6,13.57,0.0044215180545320925
2026-10-16,84,715.0,CALL,0.9679428265140859,0.6787444164243516,0.1858567082855279,40.36,42.34,41.35,0.04788391777509078
2026-10-16,84,716.0,CALL,0.9692965927050148,0.6670099181138096,0.19415881270517663,41.27,42.51,41.89,0.0296013368345666
2026-10-16,84,716.0,PUT,0.9692965927050148,-0.3239257090840574,0.1780783949229929,13.77,13.82,13.795,0.0036245016310257855
2026-10-16,84,717.0,PUT,0.9706503588959435,-0.3291034307616875,0.17664313972828505,13.99,14.05,14.02,0.004279600570613445
2026-10-16,84,718.0,PUT,0.9720041250868723,-0.33439260580299235,0.17524962069960465,14.22,14.28,14.25,0.004210526315789384
2026-10-16,84,719.0,PUT,0.9733578912778011,-0.33979224569646477,0.17389771794663605,14.46,14.51,14.485,0.003451846738004759
2026-10-16,84,720.0,PUT,0.9747116574687299,-0.34530117899152313,0.17258730655399124,14.7,14.75,14.725,0.0033955857385399467
2026-10-16,84,720.0,CALL,0.9747116574687299,0.649645135716778,0.18489637540718573,37.84,38.86,38.35,0.02659713168187734
2026-10-16,84,721.0,PUT,0.9760654236596586,-0.3509300704789731,0.171314899025375,14.94,15.0,14.969999999999999,0.004008016032064162
2026-10-16,84,721.0,CALL,0.9760654236596586,0.6445524725890176,0.18341122117739964,37.06,38.09,37.575,0.027411842980705283
2026-10-16,84,722.0,CALL,0.9774191898505875,0.6374312878088544,0.1854030061632348,36.62,37.92,37.269999999999996,0.03488060101958692
2026-10-16,84,722.0,PUT,0.9774191898505875,-0.356673038343676,0.17008073266595813,15.19,15.25,15.219999999999999,0.003942181340341688
2026-10-16,84,723.0,PUT,0.9787729560415163,-0.3625593002416479,0.16891969663603623,15.45,15.51,15.48,0.003875968992248094
2026-10-16,84,724.0,PUT,0.980126722232445,-0.36850650940140417,0.16772548818185884,15.71,15.76,15.735,0.0031776294884015848
2026-10-16,84,725.0,PUT,0.9814804884233739,-0.37458094477296994,0.16660879407057266,15.97,16.03,16.0,0.003750000000000031
2026-10-16,84,725.0,CALL,0.9814804884233739,0.6229253957794542,0.1783626841962919,34.1,35.08,34.59,0.028331887828852178
2026-10-16,84,726.0,PUT,0.9828342546143026,-0.3807551035487463,0.165532775664682,16.24,16.3,16.27,0.0036877688998157515
2026-10-16,84,726.0,CALL,0.9828342546143026,0.617221628898193,0.1773401989444713,32.79,34.96,33.875,0.06405904059040596
2026-10-16,84,727.0,PUT,0.9841880208052314,-0.3870579732307001,0.1645313011735838,16.52,16.58,16.549999999999997,0.003625377643504455
2026-10-16,84,728.0,PUT,0.9855417869961602,-0.3934564515812219,0.16352862491752934,16.8,16.86,16.83,0.0035650623885917247
2026-10-16,84,729.0,CALL,0.986895553187089,0.5997167605791793,0.17429306368136624,31.25,32.21,31.73,0.030255278915852533
2026-10-16,84,729.0,PUT,0.986895553187089,-0.3999626605142141,0.16260271057082598,17.09,17.15,17.119999999999997,0.0035046728971961875
2026-10-16,84,730.0,PUT,0.9882493193780179,-0.4065871776640987,0.16174784742478182,17.39,17.45,17.42,0.003444316877152624
2026-10-16,84,730.0,CALL,0.9882493193780179,0.593440616292828,0.17415996499077202,30.8,31.47,31.134999999999998,0.021519190621487015
2026-10-16,84,731.0,PUT,0.9896030855689466,-0.4133195867697815,0.1608796913624213,17.69,17.75,17.72,0.003386004514672614
2026-10-16,84,731.0,CALL,0.9896030855689466,0.5874194529929299,0.17318950953745751,29.85,31.0,30.425,0.03779786359901392
2026-10-16,84,732.0,PUT,0.9909568517598754,-0.42015441096640066,0.16004654045535316,17.99,18.06,18.025,0.003883495145631084
2026-10-16,84,733.0,CALL,0.9923106179508042,0.5751316682753848,0.1714401233409524,28.47,29.59,29.03,0.03858077850499487
2026-10-16,84,733.0,PUT,0.9923106179508042,-0.427089480938437,0.15928800928502115,18.31,18.37,18.34,0.003271537622682785
2026-10-16,84,734.0,PUT,0.993664384141733,-0.4341118379722777,0.15856515747214045,18.63,18.69,18.66,0.003215434083601408
2026-10-16,84,734.0,CALL,0.993664384141733,0.5690434619007627,0.16989947997346036,27.2,29.28,28.240000000000002,0.07365439093484426
2026-10-16,84,735.0,PUT,0.9950181503326617,-0.4412780807462465,0.15784944807675905,18.95,19.02,18.985,0.003687121411640784
2026-10-16,84,735.0,CALL,0.9950181503326617,0.5625240682212158,0.17010089867013153,27.36,28.02,27.689999999999998,0.023835319609967504
2026-10-16,84,736.0,PUT,0.9963719165235906,-0.4485540626813924,0.1571888587078475,19.29,19.35,19.32,0.003105590062111919
2026-10-16,84,736.0,CALL,0.9963719165235906,0.5561689086068313,0.16929037360715074,26.45,27.55,27.0,0.04074074074074079
2026-10-16,84,737.0,CALL,0.9977256827145193,0.5497994844735624,0.16808615960689663,25.79,26.72,26.255,0.03542182441439725
2026-10-16,84,737.0,PUT,0.9977256827145193,-0.4559315980747385,0.15653069092285457,19.63,19.69,19.66,0.0030518819938963517
2026-10-16,84,738.0,CALL,0.9990794489054481,0.5432497469903329,0.16807384729145677,25.14,26.21,25.675,0.04167478091528726
2026-10-16,84,738.0,PUT,0.9990794489054481,-0.4634555499023703,0.1558135007414799,19.97,20.04,20.005,0.0034991252186953405
2026-10-16,84,739.0,PUT,1.0004332150963768,-0.47085326477660827,0.15451622417267744,20.33,20.39,20.36,0.0029469548133596404
2026-10-16,84,739.0,CALL,1.0004332150963768,0.5367351573018737,0.16590452879837103,24.45,25.34,24.895,0.035750150632657185
2026-10-16,84,740.0,CALL,1.0017869812873057,0.5300290210612388,0.16458250758624182,24.25,24.3,24.275,0.002059732234809504
2026-10-16,84,740.0,PUT,1.0017869812873057,-0.478313744128192,0.1531369171963387,20.69,20.76,20.725,0.003377563329312438
2026-10-16,84,741.0,CALL,1.0031407474782346,0.5232088591655982,0.16312228857460917,23.61,23.66,23.634999999999998,0.002115506663846021
2026-10-16,84,741.0,PUT,1.0031407474782346,-0.48593127398458286,0.15179165790505394,21.06,21.13,21.095,0.0033183218772221044
2026-10-16,84,742.0,CALL,1.0044945136691632,0.5162722591209274,0.16173906039646563,22.98,23.03,23.005000000000003,0.002173440556400813
2026-10-16,84,742.0,PUT,1.0044945136691632,-0.4937120615058108,0.1504424846165859,21.43,21.5,21.465,0.0032611227579781173
2026-10-16,84,743.0,CALL,1.005848279860092,0.5092169079101461,0.16036116967140163,22.35,22.4,22.375,0.002234636871508253
2026-10-16,84,743.0,PUT,1.005848279860092,-0.5016246652769671,0.1492373504327505,21.82,21.89,21.855,0.0032029283916723992
2026-10-16,84,744.0,CALL,1.007202046051021,0.5020648578017538,0.15913097819662916,21.74,21.79,21.765,0.0022972662531587735
2026-10-16,84,744.0,PUT,1.007202046051021,-0.5096652711770981,0.1480721525973666,22.22,22.28,22.25,0.0026966292134832483
2026-10-16,84,745.0,CALL,1.0085558122419498,0.49480240022890376,0.15790565912105323,21.13,21.18,21.155,0.0023635074450484854
2026-10-16,84,745.0,PUT,1.0085558122419498,-0.5178206230297638,0.1469813519716765,22.62,22.69,22.655,0.0030898256455528703
2026-10-16,84,746.0,CALL,1.0099095784328784,0.487446485069282,0.1567561172491698,20.53,20.58,20.555,0.00243249817562623
2026-10-16,84,746.0,PUT,1.0099095784328784,-0.5261580131957273,0.14588404984377806,23.03,23.09,23.060000000000002,0.0026019080659149484
2026-10-16,84,747.0,PUT,1.0112633446238073,-0.5345971717688037,0.14485913670885878,23.44,23.51,23.475,0.0029818956336528342
2026-10-16,84,747.0,CALL,1.0112633446238073,0.48000550492739963,0.15568195053127054,19.94,19.99,19.965,0.0025043826696717836
2026-10-16,84,748.0,CALL,1.0126171108147362,0.47246247962578247,0.15461218614692665,19.35,19.4,19.375,0.002580645161290176
2026-10-16,84,748.0,PUT,1.0126171108147362,-0.5431261059627294,0.14394071171634637,23.87,23.94,23.905,0.0029282576866764393
2026-10-16,84,749.0,PUT,1.0139708770056648,-0.5517792492088761,0.14307648576006857,24.31,24.38,24.345,0.0028753337440953087
2026-10-16,84,749.0,CALL,1.0139708770056648,0.4648453197734014,0.15361726490172592,18.77,18.82,18.795,0.002660281989890966
2026-10-16,84,750.0,PUT,1.0153246431965937,-0.5605726153839575,0.1422322627589845,24.75,24.83,24.79,0.0032271077047195764
2026-10-16,84,750.0,CALL,1.0153246431965937,0.45717997479004996,0.15273188532175513,18.21,18.25,18.23,0.0021941854086669856
2026-10-16,84,751.0,PUT,1.0166784093875225,-0.5694597299921405,0.14145793903657017,25.21,25.28,25.245,0.0027728263022380783
2026-10-16,84,751.0,CALL,1.0166784093875225,0.4494450787165845,0.151885278971908,17.65,17.69,17.67,0.002263723825693418
2026-10-16,84,752.0,PUT,1.0180321755784512,-0.5784867011286428,0.14070754623374943,25.67,25.74,25.705,0.002723205602022826
2026-10-16,84,752.0,CALL,1.0180321755784512,0.4416654456109714,0.15111220515313192,17.1,17.14,17.12,0.002336448598130791
2026-10-16,84,753.0,CALL,1.01938594176938,0.43382942825270987,0.15037731802006069,16.55,16.6,16.575000000000003,0.0030165912518854117
2026-10-16,84,753.0,PUT,1.01938594176938,-0.5874781605038122,0.1401795052182001,25.57,26.83,26.2,0.04809160305343504
2026-10-16,84,754.0,CALL,1.0207397079603089,0.42598988007411476,0.14975003032146633,16.02,16.07,16.045,0.003116235587410452
2026-10-16,84,754.0,PUT,1.0207397079603089,-0.596202585443666,0.1400408392465603,26.05,27.46,26.755000000000003,0.05270042982620071
2026-10-16,84,755.0,CALL,1.0220934741512375,0.4181374310346236,0.14919491059682677,15.5,15.55,15.525,0.0032206119162641357
2026-10-16,84,755.0,PUT,1.0220934741512375,-0.6027666916242046,0.14202284878688373,26.76,28.46,27.61,0.06157189424121692
2026-10-16,84,756.0,PUT,1.0234472403421664,-0.6156121705468262,0.13816687818325307,27.03,28.3,27.665,0.045906379902403746
2026-10-16,84,756.0,CALL,1.0234472403421664,0.4102277013591825,0.14864217180424122,14.98,15.03,15.004999999999999,0.003332222592469106
2026-10-16,84,757.0,PUT,1.0248010065330952,-0.6249369096914628,0.13683800377322847,26.79,29.54,28.165,0.09763891354518019
2026-10-16,84,757.0,CALL,1.0248010065330952,0.40237865827394464,0.1482301587710644,14.48,14.53,14.504999999999999,0.0034470872113063727
2026-10-16,84,758.0,CALL,1.026154772724024,0.3945445297103936,0.14755804889226984,13.99,14.04,14.015,0.003567606136282478
2026-10-16,84,758.0,PUT,1.026154772724024,-0.6341521945711177,0.13547370301470182,27.31,30.07,28.689999999999998,0.09620076681770658
2026-10-16,84,759.0,PUT,1.0275085389149528,-0.643479537121755,0.13422357465291765,27.85,30.61,29.23,0.09442353746151208
2026-10-16,84,759.0,CALL,1.0275085389149528,0.386583340604971,0.14609852659580766,13.5,13.55,13.525,0.0036968576709797197
2026-10-16,84,760.0,PUT,1.0288623051058816,-0.6527875661546101,0.1331374862218756,29.36,30.22,29.79,0.02886874790198051
2026-10-16,84,760.0,CALL,1.0288623051058816,0.37860747695401215,0.1448029696711762,13.03,13.08,13.055,0.003829950210647316
2026-10-16,84,761.0,PUT,1.0302160712968103,-0.6625208648436592,0.13195243981263136,28.95,31.73,30.34,0.09162821357943313
2026-10-16,84,761.0,CALL,1.0302160712968103,0.37048786790797533,0.1435137161209882,12.56,12.61,12.585,0.003972983710766701
2026-10-16,84,762.0,PUT,1.0315698374877391,-0.6721968113565495,0.13095914447479057,29.53,32.3,30.915,0.08960051754811567
2026-10-16,84,762.0,CALL,1.0315698374877391,0.36234613064582344,0.14234786871081315,12.11,12.15,12.129999999999999,0.0032976092333059297
2026-10-16,84,763.0,PUT,1.032923603678668,-0.6820714450826052,0.12999591826887233,29.75,33.24,31.495,0.11081123987934599
2026-10-16,84,763.0,CALL,1.032923603678668,0.3541587009137852,0.14126561902207824,11.66,11.71,11.685,0.004278990158322697
2026-10-16,84,764.0,CALL,1.0342773698695966,0.3459389063624866,0.14026637082652846,11.23,11.27,11.25,0.00355555555555548
2026-10-16,84,764.0,PUT,1.0342773698695966,-0.6909310175756128,0.12969653439193102,30.36,33.96,32.16,0.11194029850746275
2026-10-16,84,765.0,CALL,1.0356311360605255,0.33779865850740787,0.1394268939174532,10.81,10.86,10.835,0.004614674665435988
2026-10-16,84,765.0,PUT,1.0356311360605255,-0.6992532480663926,0.12972674100331322,31.28,34.46,32.870000000000005,0.09674475205354424
2026-10-16,84,766.0,CALL,1.0369849022514543,0.32950911100038244,0.13855302746418244,10.39,10.44,10.415,0.004800768122899562
2026-10-16,84,766.0,PUT,1.0369849022514543,-0.7081563256524989,0.12946623933673024,31.9,35.19,33.545,0.09807720971828883
2026-10-16,84,767.0,CALL,1.038338668442383,0.3212783445792577,0.13779901310393233,9.99,10.03,10.01,0.003996003996003911
2026-10-16,84,768.0,CALL,1.0396924346333118,0.31312843883783414,0.13716391122143176,9.6,9.64,9.620000000000001,0.004158004158004254
2026-10-16,84,769.0,PUT,1.0410462008242407,-0.7419238750691788,0.12592120521739483,33.52,37.0,35.260000000000005,0.09869540555870665
2026-10-16,84,769.0,CALL,1.0410462008242407,0.30502220524169027,0.13660852370939525,9.22,9.26,9.24,0.004329004329004236
2026-10-16,84,770.0,CALL,1.0423999670151696,0.29697409273520375,0.1361322364537357,8.85,8.89,8.870000000000001,0.004509582863585222
2026-10-16,84,770.0,PUT,1.0423999670151696,-0.7506330682500314,0.12606118360276009,34.19,37.82,36.004999999999995,0.10081933064852112
2026-10-16,84,771.0,CALL,1.0437537332060982,0.28899844593233404,0.13573444134738802,8.49,8.53,8.51,0.004700352526439383
2026-10-16,84,772.0,CALL,1.045107499397027,0.2811094253640527,0.13541453874384762,8.14,8.18,8.16,0.004901960784313621
2026-10-16,84,773.0,CALL,1.046461265587956,0.27332092983154205,0.13517193982452094,7.8,7.84,7.82,0.005115089514066501
2026-10-16,84,774.0,CALL,1.0478150317788846,0.2656465217024999,0.1350060688614069,7.47,7.51,7.49,0.005340453938584784
2026-10-16,84,775.0,CALL,1.0491687979698134,0.25804427539601504,0.13385888151607916,7.15,7.19,7.17,0.005578800557880061
2026-10-16,84,775.0,PUT,1.0491687979698134,-0.8008139620359541,0.12066901744702768,37.74,41.21,39.475,0.08790373654211524
2026-10-16,84,776.0,CALL,1.0505225641607423,0.25045395323383063,0.13271619103110652,6.84,6.88,6.859999999999999,0.0058309037900874695
2026-10-16,84,777.0,CALL,1.051876330351671,0.24289347045527757,0.13167803371929435,6.54,6.58,6.5600000000000005,0.006097560975609761
2026-10-16,84,778.0,PUT,1.0532300965425998,-0.8290789488095438,0.1188429938405055,40.01,43.59,41.8,0.0856459330143542
2026-10-16,84,778.0,CALL,1.0532300965425998,0.23538152077186836,0.13074345149061706,6.25,6.29,6.27,0.006379585326953754
2026-10-16,84,779.0,CALL,1.0545838627335287,0.2281119459798724,0.13000862659325527,5.98,6.02,6.0,0.006666666666666525
2026-10-16,84,780.0,CALL,1.0559376289244573,0.22076004120972958,0.1292780037928564,5.71,5.75,5.73,0.006980802792321122
2026-10-16,84,780.0,PUT,1.0559376289244573,-0.8484453576439214,0.11762719316287114,41.58,45.16,43.37,0.08254553839059255
2026-10-16,84,781.0,CALL,1.0572913951153862,0.21351287092326177,0.12864810916387512,5.45,5.49,5.470000000000001,0.007312614259597812
2026-10-16,84,782.0,CALL,1.058645161306315,0.20638882728711636,0.1281180168396595,5.2,5.24,5.220000000000001,0.007662835249042151
2026-10-16,84,783.0,CALL,1.0599989274972437,0.1993060868514531,0.12763886374914135,4.96,4.99,4.975,0.006030150753768894
2026-10-16,84,784.0,CALL,1.0613526936881725,0.19247887481289908,0.12730582905371962,4.73,4.76,4.745,0.006322444678608927
2026-10-16,84,785.0,PUT,1.0627064598791014,-0.9117751611607974,0.11012876099416428,45.74,48.8,47.269999999999996,0.06473450391368724
2026-10-16,84,785.0,CALL,1.0627064598791014,0.18572175561564652,0.12702228017985345,4.5,4.54,4.52,0.008849557522123902
2026-10-16,84,786.0,CALL,1.06406022607003,0.17925882045646718,0.12688289313286175,4.29,4.33,4.3100000000000005,0.009280742459396758
2026-10-16,84,787.0,CALL,1.065413992260959,0.17278192220497324,0.12674422870696905,4.08,4.12,4.1,0.009756097560975618
2026-10-16,84,788.0,CALL,1.0667677584518878,0.1665166680820925,0.12670087831708646,3.88,3.92,3.9,0.010256410256410265
2026-10-16,84,789.0,PUT,1.0681215246428164,-0.9323136299245695,0.11132537026863175,49.26,52.83,51.045,0.06993828974434323
2026-10-16,84,789.0,CALL,1.0681215246428164,0.16047709194101784,0.1267521134336178,3.69,3.73,3.71,0.010781671159029659
2026-10-16,84,790.0,CALL,1.0694752908337453,0.15464325615356692,0.12600319577333777,3.51,3.55,3.53,0.01133144475920681
2026-10-16,84,790.0,PUT,1.0694752908337453,-0.944721874527193,0.11016590781386604,50.16,53.74,51.95,0.06891241578440818
2026-10-16,84,791.0,CALL,1.0708290570246741,0.14896464917749538,0.12516550276644525,3.34,3.38,3.36,0.011904761904761916
2026-10-16,84,792.0,CALL,1.072182823215603,0.14320914459575118,0.12433324407349768,3.17,3.21,3.19,0.012539184952978068
2026-10-16,84,793.0,CALL,1.0735365894065316,0.13776775116971895,0.12371554647824916,3.02,3.05,3.035,0.009884678747940627
2026-10-16,84,793.0,PUT,1.0735365894065316,-0.9744684653735333,0.10763526324010403,52.95,56.51,54.730000000000004,0.06504659236250676
2026-10-16,84,794.0,CALL,1.0748903555974605,0.13227174114213916,0.12310171906241679,2.86,2.9,2.88,0.013888888888888902
2026-10-16,84,795.0,CALL,1.0762441217883894,0.12699636060466937,0.12263017648344172,2.72,2.75,2.7350000000000003,0.010968921389396636
2026-10-16,84,796.0,CALL,1.077597887979318,0.12182150961249238,0.12223048604785589,2.58,2.61,2.5949999999999998,0.011560693641618424
2026-10-16,84,797.0,CALL,1.0789516541702469,0.11690134129301888,0.12197070271391053,2.45,2.48,2.465,0.012170385395537447
2026-10-16,84,798.0,CALL,1.0803054203611757,0.11196035721338381,0.12171241325252763,2.32,2.35,2.335,0.012847965738758137
2026-10-16,84,799.0,CALL,1.0816591865521044,0.10729861434716711,0.12159229553355054,2.2,2.23,2.215,0.013544018058690658
2026-10-16,84,800.0,CALL,1.0830129527430332,0.10293259572839902,0.1216091666561912,2.09,2.12,2.105,0.014251781472684204
2026-10-16,84,805.0,CALL,1.089781783697677,0.08290225299479882,0.12177530706312097,1.6,1.62,1.61,0.012422360248447215
2026-10-16,84,810.0,CALL,1.0965506146523212,0.06625089596312216,0.11947156015832477,1.22,1.24,1.23,0.016260162601626032
2026-10-16,84,815.0,CALL,1.103319445606965,0.052553978469449605,0.1192615082744652,0.93,0.95,0.94,0.021276595744680753
2026-10-16,84,820.0,CALL,1.1100882765616091,0.04170749908711476,0.12061437019854371,0.71,0.73,0.72,0.027777777777777804
2026-10-16,84,825.0,CALL,1.116857107516253,0.033429166934023,0.11989573582257376,0.55,0.57,0.56,0.035714285714285546
2026-10-16,84,830.0,CALL,1.1236259384708969,0.026586074281887927,0.11985603644849041,0.43,0.44,0.435,0.022988505747126457
2026-10-16,84,835.0,CALL,1.130394769425541,0.02142808601762096,0.12131840005914447,0.34,0.35,0.345,0.02898550724637668
2026-10-16,84,840.0,CALL,1.1371636003801848,0.017602438775952037,0.12381925376944518,0.27,0.29,0.28,0.07142857142857129
2026-10-16,84,845.0,CALL,1.143932431334829,0.014623443441908872,0.12505007399425955,0.22,0.24,0.22999999999999998,0.0869565217391304
2026-10-16,84,850.0,CALL,1.1507012622894728,0.012415941660877545,0.12624192045551658,0.19,0.2,0.195,0.05128205128205133
2026-10-16,84,855.0,CALL,1.1574700932441166,0.010508322108350286,0.12789867396010493,0.16,0.17,0.165,0.060606060606060656
2026-10-16,84,860.0,CALL,1.1642389241987607,0.0091678873309273,0.13049880789560953,0.14,0.15,0.14500000000000002,0.06896551724137917
2026-10-16,84,865.0,CALL,1.1710077551534046,0.008136239425275459,0.1335497834149417,0.12,0.14,0.13,0.15384615384615397
2026-10-16,84,870.0,CALL,1.1777765861080487,0.007150628159373053,0.13656533098984264,0.11,0.12,0.11499999999999999,0.0869565217391304
2026-10-16,84,875.0,CALL,1.1845454170626926,0.006207364985812245,0.13954711184632013,0.09,0.11,0.1,0.20000000000000004
2026-10-16,84,880.0,CALL,1.1913142480173364,0.0055518260307088245,0.14283132937829707,0.08,0.1,0.09,0.22222222222222227
2026-10-16,84,885.0,CALL,1.1980830789719805,0.004916643870767014,0.14412215960290004,0.07,0.09,0.08,0.24999999999999986
2026-10-16,84,890.0,CALL,1.2048519099266244,0.004546372567090221,0.1467155882896656,0.07,0.08,0.07500000000000001,0.13333333333333325
2026-10-16,84,895.0,CALL,1.2116207408812685,0.003936885838886838,0.1479613538153378,0.06,0.07,0.065,0.15384615384615397
2026-10-16,84,900.0,CALL,1.2183895718359123,0.003593248235117498,0.15050189844409032,0.05,0.07,0.060000000000000005,0.33333333333333337
2026-10-16,84,905.0,CALL,1.2251584027905564,0.003261170570154913,0.15301636570895208,0.05,0.06,0.055,0.18181818181818174
2026-10-16,84,910.0,CALL,1.2319272337452003,0.0029399267608411577,0.15550569723469296,0.04,0.06,0.05,0.3999999999999999
2026-10-16,84,915.0,CALL,1.2386960646998442,0.0028766158366737554,0.15928125944218097,0.04,0.06,0.05,0.3999999999999999
2026-10-16,84,920.0,CALL,1.2454648956544883,0.0025738994837095756,0.1617207002215109,0.04,0.05,0.045,0.22222222222222227
2026-10-16,84,925.0,CALL,1.2522337266091321,0.0022801826835387403,0.16413747053294936,0.03,0.05,0.04,0.5000000000000001
2026-10-16,84,930.0,CALL,1.2590025575637762,0.0022353552280809917,0.16784032287857828,0.03,0.05,0.04,0.5000000000000001
2026-10-16,84,935.0,CALL,1.26577138851842,0.0019570068428307174,0.17021161423374553,0.03,0.04,0.035,0.28571428571428575
2026-10-16,84,940.0,CALL,1.272540219473064,0.001920857895439855,0.17386967460895233,0.03,0.04,0.035,0.28571428571428575
2026-10-16,84,945.0,CALL,1.279309050427708,0.0016562073748610778,0.1761979578001498,0.02,0.04,0.03,0.6666666666666667
2026-10-16,84,950.0,CALL,1.286077881382352,0.0016275392124902755,0.17981323990731404,0.02,0.04,0.03,0.6666666666666667
2026-10-16,84,955.0,CALL,1.292846712336996,0.0013708524701299617,0.1789150913259704,0.02,0.03,0.025,0.3999999999999999
2026-10-16,84,960.0,CALL,1.2996155432916399,0.0013478978727354683,0.18215146404497104,0.02,0.03,0.025,0.3999999999999999
2026-10-16,84,965.0,CALL,1.3063843742462837,0.0013258661105541095,0.18536829764267188,0.02,0.03,0.025,0.3999999999999999
2026-10-16,84,970.0,CALL,1.3131532052009278,0.0013047016590083135,0.18856594481840788,0.02,0.03,0.025,0.3999999999999999
2026-10-16,84,975.0,CALL,1.3199220361555717,0.0012843534201885931,0.19174474199237243,0.02,0.03,0.025,0.3999999999999999
2026-10-16,84,980.0,CALL,1.3266908671102158,0.0010416265183823413,0.19065548927615092,0.01,0.03,0.02,0.9999999999999998
2026-10-16,84,985.0,CALL,1.3334596980648596,0.0010258683239137366,0.19379729902967316,0.01,0.03,0.02,0.9999999999999998
2026-10-16,84,990.0,CALL,1.3402285290195035,0.0010106922718861563,0.1969214946344006,0.01,0.03,0.02,0.9999999999999998
2026-10-16,84,995.0,CALL,1.3469973599741476,0.0009960662911710125,0.20002834083636198,0.01,0.03,0.02,0.9999999999999998
2026-10-16,84,1000.0,CALL,1.3537661909287915,0.0009819606478208922,0.20311809265842906,0.01,0.03,0.02,0.9999999999999998
2026-10-30,98,470.0,PUT,0.636270109736532,-0.015280158608547208,0.4343012707872397,0.99,1.01,1.0,0.020000000000000018
2026-10-30,98,470.0,CALL,0.636270109736532,0.964563688125543,0.5179496652041787,271.47,274.95,273.21000000000004,0.012737454705171703
2026-10-30,98,475.0,CALL,0.643038940691176,0.9647744068608625,0.5041566281341016,266.34,269.97,268.155,0.013536946915030683
2026-10-30,98,475.0,PUT,0.643038940691176,-0.016115675851100658,0.4285533847443923,1.04,1.05,1.045,0.00956937799043063
2026-10-30,98,480.0,PUT,0.6498077716458199,-0.016972133011880795,0.4228733065730496,1.08,1.1,1.09,0.018348623853211024
2026-10-30,98,480.0,CALL,0.6498077716458199,0.9626898825539761,0.4999080621937178,261.63,265.13,263.38,0.013288784266079429
2026-10-30,98,485.0,PUT,0.6565766026004639,-0.017908475916948226,0.41759682365325856,1.13,1.15,1.14,0.017543859649122823
2026-10-30,98,490.0,PUT,0.6633454335551079,-0.01886691843925962,0.4123826036156121,1.18,1.2,1.19,0.016806722689075647
2026-10-30,98,490.0,CALL,0.6633454335551079,0.9614605779958535,0.4792735674956028,251.63,255.29,253.45999999999998,0.01444014834687918
2026-10-30,98,495.0,PUT,0.6701142645097518,-0.019906323449106266,0.407562872789079,1.24,1.25,1.245,0.008032128514056231
2026-10-30,98,500.0,PUT,0.6768830954643957,-0.020969675910564842,0.40279253417955196,1.29,1.31,1.3,0.015384615384615398
2026-10-30,98,505.0,PUT,0.6836519264190397,-0.022118266016147477,0.3983674547685653,1.35,1.37,1.36,0.014705882352941188
2026-10-30,98,510.0,PUT,0.6904207573736837,-0.0233006428512853,0.392261715051557,1.41,1.43,1.42,0.014084507042253534
2026-10-30,98,515.0,PUT,0.6971895883283277,-0.024510813099357088,0.38497729553653787,1.47,1.49,1.48,0.013513513513513526
2026-10-30,98,520.0,PUT,0.7039584192829715,-0.025883256458062935,0.3780973586114401,1.54,1.56,1.55,0.012903225806451623
2026-10-30,98,520.0,CALL,0.7039584192829715,0.9528301523505219,0.4357829489378949,222.38,226.0,224.19,0.01614701815424419
2026-10-30,98,525.0,PUT,0.7107272502376155,-0.02730336986715002,0.3712910678197146,1.61,1.63,1.62,0.012345679012345552
2026-10-30,98,530.0,CALL,0.7174960811922595,0.9487619777549275,0.4249971090363466,212.81,216.25,214.53,0.016035053372488686
2026-10-30,98,530.0,PUT,0.7174960811922595,-0.028833763732771404,0.36471895101923163,1.68,1.71,1.6949999999999998,0.017699115044247805
2026-10-30,98,535.0,PUT,0.7242649121469035,-0.03041671264045935,0.35821726209765176,1.76,1.78,1.77,0.011299435028248598
2026-10-30,98,540.0,PUT,0.7310337431015475,-0.03217715692179201,0.35210606036418024,1.84,1.87,1.855,0.01617250673854449
2026-10-30,98,545.0,PUT,0.7378025740561914,-0.03399597808216569,0.3460607349520164,1.93,1.95,1.94,0.010309278350515474
2026-10-30,98,550.0,PUT,0.7445714050108353,-0.03599928255124777,0.3403986045322144,2.02,2.05,2.035,0.014742014742014645
2026-10-30,98,555.0,CALL,0.7513402359654793,0.9387048366811434,0.38744358186169114,188.54,191.97,190.255,0.018028435520748506
2026-10-30,98,555.0,PUT,0.7513402359654793,-0.03812839337129674,0.33495626591569755,2.12,2.15,2.135,0.01405152224824347
2026-10-30,98,560.0,CALL,0.7581090669201233,0.9375288271429827,0.3770496729155089,183.49,187.08,185.28500000000003,0.019375556575006087
2026-10-30,98,560.0,PUT,0.7581090669201233,-0.040386542624602076,0.32972881562849465,2.23,2.25,2.24,0.008928571428571435
2026-10-30,98,565.0,PUT,0.7648778978747672,-0.042837671984273476,0.3248707318849986,2.34,2.37,2.355,0.01273885350318482
2026-10-30,98,565.0,CALL,0.7648778978747672,0.9339858616852454,0.3711501610458443,178.88,182.24,180.56,0.018608772707133438
2026-10-30,98,570.0,CALL,0.7716467288294112,0.9323139431529023,0.36156228699562637,173.84,177.41,175.625,0.02032740213523128
2026-10-30,98,570.0,PUT,0.7716467288294112,-0.0454205807968813,0.3202225664009063,2.46,2.49,2.475,0.012121212121212222
2026-10-30,98,575.0,CALL,0.7784155597840551,0.9307133769019745,0.3517994255230755,168.79,172.56,170.675,0.022088765197011924
2026-10-30,98,575.0,PUT,0.7784155597840551,-0.04820111913122132,0.3159269759898102,2.59,2.62,2.605,0.01151631477927073
2026-10-30,98,580.0,PUT,0.7851843907386991,-0.05118208735756231,0.31196601047762645,2.73,2.76,2.745,0.010928961748633809
2026-10-30,98,585.0,CALL,0.791953221693343,0.9243731988623594,0.33767383004076734,159.18,162.95,161.065,0.023406699158724627
2026-10-30,98,585.0,PUT,0.791953221693343,-0.05439188026014204,0.3077285811823456,2.88,2.91,2.895,0.01036269430051822
2026-10-30,98,590.0,PUT,0.798722052647987,-0.05779349426814861,0.30113334188992025,3.04,3.07,3.0549999999999997,0.009819967266775715
2026-10-30,98,590.0,CALL,0.798722052647987,0.918469411595067,0.3352862746857532,154.89,158.15,156.51999999999998,0.02082800920010235
2026-10-30,98,595.0,CALL,0.805490883602631,0.914579655650889,0.3290820740264568,150.13,153.38,151.755,0.021416098316365196
2026-10-30,98,595.0,PUT,0.805490883602631,-0.06146259080820909,0.29478301893372744,3.21,3.24,3.225,0.009302325581395425
2026-10-30,98,600.0,PUT,0.8122597145572749,-0.06546958901957327,0.28876301092577933,3.39,3.43,3.41,0.011730205278592386
2026-10-30,98,600.0,CALL,0.8122597145572749,0.9122064217335407,0.31998239535029105,145.04,148.6,146.82,0.024247377741452136
2026-10-30,98,605.0,PUT,0.8190285455119188,-0.06976225951154544,0.2829821615305899,3.59,3.62,3.605,0.008321775312066643
2026-10-30,98,605.0,CALL,0.8190285455119188,0.9071021643518019,0.3155667321282866,140.44,143.86,142.15,0.024059092507914288
2026-10-30,98,610.0,PUT,0.8257973764665628,-0.07447063727989155,0.2776120936030544,3.8,3.84,3.82,0.010471204188481685
2026-10-30,98,610.0,CALL,0.8257973764665628,0.9017643717021289,0.3113718475902807,135.85,139.13,137.49,0.023856280456760498
2026-10-30,98,615.0,PUT,0.8325662074212068,-0.07954028469148736,0.2725599236830369,4.03,4.07,4.050000000000001,0.00987654320987655
2026-10-30,98,615.0,CALL,0.8325662074212068,0.8988229756262488,0.3026717847391448,130.7,134.43,132.565,0.028137140270810684
2026-10-30,98,620.0,PUT,0.8393350383758508,-0.08503874656536287,0.2679034782192605,4.28,4.32,4.300000000000001,0.009302325581395356
2026-10-30,98,620.0,CALL,0.8393350383758508,0.8906242104589109,0.30320575400380106,126.42,129.93,128.175,0.027384435342305478
2026-10-30,98,625.0,PUT,0.8461038693304948,-0.09084239423892149,0.263471756490908,4.54,4.58,4.5600000000000005,0.00877192982456141
2026-10-30,98,630.0,PUT,0.8528727002851386,-0.09713813608102403,0.25950502732797587,4.83,4.86,4.845000000000001,0.0061919504643963355
2026-10-30,98,630.0,CALL,0.8528727002851386,0.8813977106227474,0.2866939743475196,116.87,120.28,118.575,0.028758169934640494
2026-10-30,98,635.0,CALL,0.8596415312397826,0.8747658396203095,0.27977569174421996,112.23,115.66,113.945,0.030102242309886285
2026-10-30,98,635.0,PUT,0.8596415312397826,-0.10386923327090866,0.25589422753302854,5.13,5.17,5.15,0.0077669902912621425
2026-10-30,98,640.0,PUT,0.8664103621944266,-0.1111564620785163,0.2521116775071733,5.46,5.5,5.48,0.0072992700729927066
2026-10-30,98,640.0,CALL,0.8664103621944266,0.868001103694367,0.27270525992580363,107.61,110.98,109.295,0.03083398142641479
2026-10-30,98,641.0,PUT,0.8677641283853553,-0.11266510148041715,0.25083139153831413,5.53,5.57,5.550000000000001,0.0072072072072072125
2026-10-30,98,641.0,CALL,0.8677641283853553,0.8643235675835831,0.27404245149037837,107.02,110.2,108.61,0.02927907190866409
2026-10-30,98,642.0,CALL,0.8691178945762842,0.8644963902495,0.2707368589520177,105.77,109.25,107.50999999999999,0.03236908194586554
2026-10-30,98,642.0,PUT,0.8691178945762842,-0.11418885552473211,0.2495539213724417,5.6,5.64,5.619999999999999,0.007117437722419936
2026-10-30,98,643.0,PUT,0.8704716607672129,-0.1157279092124957,0.24827926962861363,5.67,5.71,5.6899999999999995,0.007029876977152906
2026-10-30,98,644.0,PUT,0.8718254269581417,-0.11733789230731351,0.2470636431706775,5.74,5.79,5.765000000000001,0.008673026886383316
2026-10-30,98,645.0,PUT,0.8731791931490706,-0.1189634380755844,0.24585074458846312,5.82,5.86,5.84,0.006849315068493157
2026-10-30,98,646.0,CALL,0.8745329593399993,0.8587273495790482,0.26515465758065265,102.1,105.48,103.78999999999999,0.032565757780133056
2026-10-30,98,646.0,PUT,0.8745329593399993,-0.12054943142944122,0.24458447020118154,5.89,5.93,5.91,0.006768189509306266
2026-10-30,98,647.0,PUT,0.8758867255309282,-0.12226194150312351,0.24343314191611856,5.97,6.01,5.99,0.0066777963272120254
2026-10-30,98,648.0,PUT,0.8772404917218569,-0.12393526729216463,0.24222844360805607,6.04,6.09,6.0649999999999995,0.008244023083264605
2026-10-30,98,649.0,CALL,0.8785942579127857,0.8527211388101011,0.26283351980806763,99.58,102.75,101.16499999999999,0.031334947857460604
2026-10-30,98,649.0,PUT,0.8785942579127857,-0.12562489208361216,0.241026484744069,6.12,6.16,6.140000000000001,0.0065146579804560316
2026-10-30,98,650.0,CALL,0.8799480241037145,0.850104660144719,0.262785000814529,98.78,101.93,100.355,0.03138857057446072
2026-10-30,98,650.0,PUT,0.8799480241037145,-0.12738592665371587,0.23988317635292747,6.2,6.24,6.220000000000001,0.0064308681672025775
2026-10-30,98,651.0,CALL,0.8813017902946433,0.8482517969987003,0.261794193231952,97.87,101.05,99.46000000000001,0.03197265232254165
2026-10-30,98,651.0,PUT,0.8813017902946433,-0.12916411319305282,0.2387422373757459,6.28,6.32,6.300000000000001,0.006349206349206354
2026-10-30,98,652.0,CALL,0.882655556485572,0.8471978353787529,0.2598083345711763,96.85,100.1,98.475,0.03300330033003301
2026-10-30,98,652.0,PUT,0.882655556485572,-0.1309590051212124,0.23760392773755087,6.36,6.4,6.380000000000001,0.006269592476489033
2026-10-30,98,653.0,PUT,0.8840093226765009,-0.13282524228225112,0.23652401733096032,6.44,6.49,6.465,0.007733952049497266
2026-10-30,98,654.0,PUT,0.8853630888674296,-0.13470818616959793,0.23544665773668366,6.53,6.57,6.550000000000001,0.006106870229007639
2026-10-30,98,655.0,CALL,0.8867168550583584,0.8418174512571863,0.2564725930065412,94.12,97.39,95.755,0.03414965275964697
2026-10-30,98,655.0,PUT,0.8867168550583584,-0.13660800832274295,0.2343718517928986,6.61,6.66,6.635,0.007535795026375256
2026-10-30,98,656.0,PUT,0.8880706212492873,-0.1385248822409703,0.23329960244708314,6.7,6.74,6.720000000000001,0.005952380952380957
2026-10-30,98,657.0,PUT,0.889424387440216,-0.1404600108134719,0.23222932279454114,6.78,6.83,6.805,0.00734753857457749
2026-10-30,98,658.0,PUT,0.8907781536311448,-0.14246724951186468,0.23121630941996266,6.87,6.92,6.895,0.007251631617113825
2026-10-30,98,658.0,CALL,0.8907781536311448,0.8359476307963014,0.25360005906259303,91.51,94.64,93.075,0.033628793983346714
2026-10-30,98,659.0,PUT,0.8921319198220736,-0.14449321966481427,0.23020442260371965,6.96,7.01,6.984999999999999,0.007158196134574062
2026-10-30,98,659.0,CALL,0.8921319198220736,0.8338892853467897,0.2527387152267069,90.63,93.75,92.19,0.03384315001627079
2026-10-30,98,660.0,CALL,0.8934856860130024,0.8318609402872399,0.25182444011086713,89.67,92.93,91.30000000000001,0.03570646221248636
2026-10-30,98,660.0,PUT,0.8934856860130024,-0.14658976957114372,0.2292503160028436,7.06,7.1,7.08,0.005649717514124299
2026-10-30,98,661.0,CALL,0.8948394522039312,0.8231327251675093,0.2596864370288398,90.39,92.03,91.21000000000001,0.017980484595987285
2026-10-30,98,661.0,PUT,0.8948394522039312,-0.14870393633359247,0.2282983946812962,7.15,7.2,7.175000000000001,0.006968641114982553
2026-10-30,98,662.0,CALL,0.89619321839486,0.8210373787302939,0.25887684760986956,89.52,91.14,90.33,0.017934241115908387
2026-10-30,98,662.0,PUT,0.89619321839486,-0.15078286638637706,0.2272935776334683,7.24,7.29,7.265000000000001,0.006882312456985522
2026-10-30,98,663.0,PUT,0.8975469845857887,-0.15298448919190452,0.2264015156811418,7.34,7.39,7.365,0.006788866259334667
2026-10-30,98,664.0,CALL,0.8989007507767176,0.8245020944792217,0.2470390531309178,86.29,88.98,87.635,0.030695498373937327
2026-10-30,98,664.0,PUT,0.8989007507767176,-0.15520307041435907,0.22551170059817485,7.44,7.49,7.465,0.006697923643670439
2026-10-30,98,665.0,PUT,0.9002545169676464,-0.15733521112442217,0.2245140894786401,7.53,7.58,7.555,0.00661813368630044
2026-10-30,98,666.0,CALL,0.9016082831585751,0.8256937917919703,0.238452420967183,84.2,86.27,85.235,0.024285798087639972
2026-10-30,98,666.0,PUT,0.9016082831585751,-0.1596402221678486,0.2236838562388261,7.64,7.68,7.66,0.005221932114882511
2026-10-30,98,667.0,PUT,0.902962049349504,-0.16196262769853298,0.2228554525883955,7.74,7.79,7.765000000000001,0.006439150032195727
2026-10-30,98,668.0,CALL,0.9043158155404327,0.808771429102895,0.2532438025622556,84.14,85.81,84.975,0.01965283907031482
2026-10-30,98,668.0,PUT,0.9043158155404327,-0.16425339055329582,0.22197345321158665,7.84,7.89,7.865,0.006357279084551789
2026-10-30,98,669.0,CALL,0.9056695817313615,0.8135709429857048,0.24287595632474743,81.62,84.81,83.215,0.0383344348975545
2026-10-30,98,669.0,PUT,0.9056695817313615,-0.16656185400204476,0.22109371335785355,7.94,7.99,7.965,0.0062774639045825266
2026-10-30,98,670.0,CALL,0.9070233479222903,0.8118853905121227,0.2413310949396831,80.72,83.81,82.265,0.03756153892907073
2026-10-30,98,670.0,PUT,0.9070233479222903,-0.16898846981439344,0.2203255267563195,8.05,8.1,8.075,0.006191950464396153
2026-10-30,98,671.0,CALL,0.9083771141132191,0.8135037768596468,0.23549088701852777,79.86,81.98,80.92,0.026198714780029716
2026-10-30,98,671.0,PUT,0.9083771141132191,-0.17144126532955536,0.21955116121742324,8.16,8.21,8.185,0.006108735491753293
2026-10-30,98,672.0,PUT,0.909730880304148,-0.17391089415319927,0.21877883286996233,8.27,8.32,8.295,0.006027727546714975
2026-10-30,98,672.0,CALL,0.909730880304148,0.799854894928059,0.24978059362970137,80.63,82.3,81.465,0.020499601055668098
2026-10-30,98,673.0,PUT,0.9110846464950767,-0.1763976734178278,0.21800850262245647,8.38,8.43,8.405000000000001,0.005948839976204512
2026-10-30,98,673.0,CALL,0.9110846464950767,0.7976724034007155,0.24817192514470748,79.73,81.42,80.575,0.020974247595407974
2026-10-30,98,674.0,CALL,0.9124384126860055,0.8007423442281693,0.24081720873214812,77.43,80.55,78.99000000000001,0.039498670717812254
2026-10-30,98,674.0,PUT,0.9124384126860055,-0.17900084873165892,0.21734804842202174,8.5,8.55,8.525,0.005865102639296271
2026-10-30,98,675.0,PUT,0.9137921788769343,-0.18152368447086256,0.21658075139635513,8.61,8.66,8.635,0.005790387955993134
2026-10-30,98,675.0,CALL,0.9137921788769343,0.8029877778097584,0.23387503777717294,76.57,78.5,77.535,0.02489198426517066
2026-10-30,98,676.0,PUT,0.9151459450678631,-0.18416112890057657,0.21592132210922346,8.73,8.78,8.754999999999999,0.005711022272986744
2026-10-30,98,677.0,CALL,0.9164997112587918,0.7954596251625389,0.23438573809964347,74.57,77.67,76.12,0.040725170782974364
2026-10-30,98,677.0,PUT,0.9164997112587918,-0.18682613991882635,0.2152493939907269,8.85,8.9,8.875,0.0056338028169014885
2026-10-30,98,678.0,PUT,0.9178534774497207,-0.1895119677822229,0.2145769422899448,8.97,9.02,8.995000000000001,0.005558643690939291
2026-10-30,98,679.0,PUT,0.9192072436406494,-0.19227657475796842,0.21394163798495566,9.09,9.15,9.120000000000001,0.006578947368421106
2026-10-30,98,680.0,PUT,0.9205610098315782,-0.19507293948499232,0.2132781365265748,9.22,9.27,9.245000000000001,0.005408328826392529
2026-10-30,98,680.0,CALL,0.9205610098315782,0.7835807836903765,0.23478905397471553,72.8,75.35,74.07499999999999,0.034424569692878805
2026-10-30,98,681.0,PUT,0.921914776022507,-0.1979558284498117,0.2125581587920321,9.35,9.4,9.375,0.0053333333333334095
2026-10-30,98,681.0,CALL,0.921914776022507,0.7846567512543087,0.22938608752792958,70.95,74.49,72.72,0.04867986798679857
2026-10-30,98,682.0,PUT,0.9232685422134358,-0.20079860798211252,0.21134827024953706,9.48,9.53,9.504999999999999,0.0052603892688057804
2026-10-30,98,682.0,CALL,0.9232685422134358,0.7805233764245008,0.22962315199308667,70.49,73.61,72.05,0.04330326162387237
2026-10-30,98,683.0,PUT,0.9246223084043647,-0.20364978238424114,0.21003775285992327,9.61,9.66,9.635,0.005189413596263696
2026-10-30,98,684.0,PUT,0.9259760745952934,-0.20653616077949347,0.20873054153333398,9.74,9.79,9.765,0.005120327700972753
2026-10-30,98,684.0,CALL,0.9259760745952934,0.7758733565682903,0.2260779299682983,68.54,71.9,70.22,0.0478496154941612
2026-10-30,98,685.0,CALL,0.9273298407862222,0.7728645285267404,0.2250079699864182,67.74,71.04,69.39,0.04755728491137068
2026-10-30,98,685.0,PUT,0.9273298407862222,-0.20954853876451476,0.2075082312299304,9.88,9.93,9.905000000000001,0.005047955577990805
2026-10-30,98,686.0,CALL,0.928683606977151,0.7693521425303611,0.22447272167537038,67.06,70.19,68.625,0.04561020036429866
2026-10-30,98,686.0,PUT,0.928683606977151,-0.21255337740872654,0.2062477515448609,10.01,10.07,10.04,0.005976095617529931
2026-10-30,98,687.0,PUT,0.9300373731680798,-0.21563762805866718,0.20503159920740213,10.15,10.21,10.18,0.005893909626719106
2026-10-30,98,688.0,CALL,0.9313911393590085,0.7639914157840761,0.22144656857196948,65.21,68.5,66.85499999999999,0.049210978984369255
2026-10-30,98,688.0,PUT,0.9313911393590085,-0.21880080609378316,0.20385965513736948,10.3,10.35,10.325,0.0048426150121064345
2026-10-30,98,689.0,PUT,0.9327449055499374,-0.22195754270676465,0.20264984916065662,10.44,10.49,10.465,0.004777830864787455
2026-10-30,98,689.0,CALL,0.9327449055499374,0.7608287784504107,0.22042853832584738,64.25,67.81,66.03,0.053914887172497386
2026-10-30,98,690.0,PUT,0.9340986717408661,-0.22523550656829397,0.2015251150863316,10.59,10.64,10.615,0.004710315591144674
2026-10-30,98,690.0,CALL,0.9340986717408661,0.757707966304871,0.21933160857054293,63.56,66.83,65.195,0.05015722064575499
2026-10-30,98,691.0,CALL,0.9354524379317949,0.755046806066339,0.21766751164722375,62.91,65.67,64.28999999999999,0.04293047130191329
2026-10-30,98,691.0,PUT,0.9354524379317949,-0.22855356741795643,0.2004017983805569,10.74,10.79,10.765,0.004644681839293909
2026-10-30,98,692.0,PUT,0.9368062041227238,-0.23195123017618813,0.19932152905427178,10.89,10.95,10.92,0.005494505494505378
2026-10-30,98,692.0,CALL,0.9368062041227238,0.751167249111841,0.2173901070197552,61.98,65.13,63.55499999999999,0.04956337030918101
2026-10-30,98,693.0,CALL,0.9381599703136525,0.743259358174053,0.22206363534916188,62.56,64.3,63.43,0.027431814598770216
2026-10-30,98,693.0,PUT,0.9381599703136525,-0.23534827276175568,0.19820110340909886,11.04,11.1,11.07,0.0054200542005420505
2026-10-30,98,694.0,CALL,0.9395137365045814,0.7451853990168288,0.21464733282808504,60.15,63.48,61.815,0.05387041980101914
2026-10-30,98,694.0,PUT,0.9395137365045814,-0.23886691160805418,0.19716445022486345,11.2,11.26,11.23,0.005342831700801469
2026-10-30,98,695.0,CALL,0.9408675026955101,0.7368562033585071,0.21988143679787178,60.89,62.63,61.760000000000005,0.02817357512953371
2026-10-30,98,695.0,PUT,0.9408675026955101,-0.24242201781078968,0.19613070653753345,11.36,11.42,11.39,0.005267778753292405
2026-10-30,98,696.0,CALL,0.9422212688864389,0.7378363912453906,0.21341608452330452,58.65,61.87,60.26,0.05343511450381678
2026-10-30,98,696.0,PUT,0.9422212688864389,-0.2460140160552345,0.19509988239871098,11.52,11.58,11.55,0.005194805194805237
2026-10-30,98,697.0,CALL,0.9435750350773677,0.7389458745895418,0.20691714644636466,57.8,59.71,58.754999999999995,0.032507871670496194
2026-10-30,98,697.0,PUT,0.9435750350773677,-0.24968213595732314,0.19411254003538414,11.69,11.74,11.715,0.004268032437046583
2026-10-30,98,698.0,PUT,0.9449288012682965,-0.2533869380347066,0.19312803634992193,11.85,11.91,11.879999999999999,0.005050505050505093
2026-10-30,98,698.0,CALL,0.9449288012682965,0.7317702064966136,0.21045549052134518,56.89,60.09,58.49,0.054710206872969784
2026-10-30,98,699.0,CALL,0.9462825674592252,0.7286756685962884,0.20898082757862066,55.97,59.24,57.605000000000004,0.056765905737349236
2026-10-30,98,699.0,PUT,0.9462825674592252,-0.25716776338226494,0.1921865976617693,12.02,12.08,12.05,0.004979253112033236
2026-10-30,98,700.0,CALL,0.9476363336501541,0.7240774503292283,0.20940347061154505,55.31,58.6,56.955,0.05776490211570537
2026-10-30,98,700.0,PUT,0.9476363336501541,-0.2609943645926695,0.19124519552704486,12.19,12.25,12.219999999999999,0.0049099836333879295
2026-10-30,98,701.0,CALL,0.9489900998410828,0.7203383631944563,0.20869868377638617,54.52,57.81,56.165000000000006,0.058577405857740565
2026-10-30,98,701.0,PUT,0.9489900998410828,-0.2649311507550527,0.19038714876007123,12.37,12.43,12.399999999999999,0.004838709677419396
2026-10-30,98,702.0,CALL,0.9503438660320116,0.7174984779414268,0.20675030813976486,53.76,56.68,55.22,0.05287939152480988
2026-10-30,98,702.0,PUT,0.9503438660320116,-0.26890274183095353,0.1895316657342629,12.55,12.61,12.58,0.00476947535771055
2026-10-30,98,703.0,CALL,0.9516976322229405,0.7136910494525537,0.20605109017514112,52.98,55.88,54.43,0.053279441484475575
2026-10-30,98,703.0,PUT,0.9516976322229405,-0.2729167905573252,0.18867494295241471,12.73,12.79,12.76,0.004702194357366671
2026-10-30,98,704.0,CALL,0.9530513984138692,0.7101467778515823,0.20495302588358,51.8,55.38,53.59,0.06680350811718613
2026-10-30,98,704.0,PUT,0.9530513984138692,-0.277051220052634,0.18789217403391884,12.92,12.98,12.95,0.004633204633204672
2026-10-30,98,705.0,CALL,0.9544051646047981,0.7095875586862458,0.19969198122898835,51.29,53.17,52.230000000000004,0.035994639096304855
2026-10-30,98,705.0,PUT,0.9544051646047981,-0.2812241879082085,0.18711054041547762,13.11,13.17,13.14,0.004566210045662138
2026-10-30,98,706.0,PUT,0.9557589307957268,-0.2854353846317027,0.18633023511111949,13.3,13.36,13.33,0.004501125281320234
2026-10-30,98,706.0,CALL,0.9557589307957268,0.7022270698006658,0.20380539748953513,50.31,53.77,52.040000000000006,0.06648731744811684
2026-10-30,98,707.0,CALL,0.9571126969866556,0.6986934349481865,0.2025553702466804,49.39,52.97,51.18,0.06994919890582256
2026-10-30,98,707.0,PUT,0.9571126969866556,-0.2896816548151302,0.1855522708214481,13.49,13.55,13.52,0.004437869822485244
2026-10-30,98,708.0,PUT,0.9584664631775844,-0.2940270087404773,0.1848563205303209,13.69,13.75,13.719999999999999,0.004373177842565634
2026-10-30,98,708.0,CALL,0.9584664631775844,0.6945356420893055,0.2021859835474388,48.69,52.17,50.43,0.0690065437239739
2026-10-30,98,709.0,PUT,0.9598202293685132,-0.2984361431023764,0.184143155707159,13.89,13.95,13.92,0.004310344827586115
2026-10-30,98,709.0,CALL,0.9598202293685132,0.6937887758197541,0.19663882094013993,48.09,49.97,49.03,0.03834387109932685
2026-10-30,98,710.0,PUT,0.9611739955594419,-0.30295832724948496,0.18349985563233093,14.1,14.16,14.129999999999999,0.004246284501061607
2026-10-30,98,710.0,CALL,0.9611739955594419,0.6856809224809852,0.20224550994043028,47.48,50.58,49.03,0.06322659596165615
2026-10-30,98,711.0,PUT,0.9625277617503708,-0.30752136513978245,0.18285283219950038,14.31,14.37,14.34,0.004184100418409953
2026-10-30,98,711.0,CALL,0.9625277617503708,0.6855821964279326,0.1953244014843124,46.52,48.39,47.455,0.03940575281845954
2026-10-30,98,712.0,CALL,0.9638815279412996,0.6814726887779061,0.19423120623739645,45.72,47.6,46.66,0.04029147021003006
2026-10-30,98,712.0,PUT,0.9638815279412996,-0.3121457103238533,0.182162849810813,14.52,14.58,14.55,0.0041237113402062195
2026-10-30,98,713.0,PUT,0.9652352941322283,-0.31687012616504867,0.18144337532555643,14.73,14.8,14.765,0.00474094141550967
2026-10-30,98,713.0,CALL,0.9652352941322283,0.6748934427822445,0.19615103697240974,44.67,48.06,46.365,0.07311549660304109
2026-10-30,98,714.0,PUT,0.9665890603231572,-0.32160771391361137,0.18030165029514547,14.96,15.02,14.99,0.004002668445630335
2026-10-30,98,714.0,CALL,0.9665890603231572,0.6703875062860203,0.19508766774943073,43.86,47.42,45.64,0.07800175284837867
2026-10-30,98,715.0,CALL,0.9679428265140859,0.6656988683021133,0.19423483720985374,44.41,45.48,44.94499999999999,0.023806875069529436
2026-10-30,98,715.0,PUT,0.9679428265140859,-0.32631497394696657,0.17893699803472363,15.18,15.24,15.21,0.003944773175542439
2026-10-30,98,716.0,PUT,0.9692965927050148,-0.33116913363378353,0.17768034345280379,15.41,15.48,15.445,0.004532211071544208
2026-10-30,98,716.0,CALL,0.9692965927050148,0.6612710496236067,0.1929012044087735,42.97,45.39,44.18,0.054775916704391164
2026-10-30,98,717.0,CALL,0.9706503588959435,0.65678253409187,0.1915714453370319,42.21,44.62,43.415,0.055510768167683903
2026-10-30,98,717.0,PUT,0.9706503588959435,-0.3360692383019625,0.17639293857086796,15.64,15.71,15.675,0.004465709728867642
2026-10-30,98,718.0,CALL,0.9720041250868723,0.6543565328614618,0.18673197838734368,41.45,42.83,42.14,0.03274798291409576
2026-10-30,98,718.0,PUT,0.9720041250868723,-0.3410756745147837,0.17514054664166023,15.88,15.94,15.91,0.0037712130735385744
2026-10-30,98,719.0,PUT,0.9733578912778011,-0.3462011236670649,0.17395999199932805,16.12,16.19,16.155,0.004333023831631091
2026-10-30,98,719.0,CALL,0.9733578912778011,0.647579932884089,0.18899242460345075,41.37,42.42,41.894999999999996,0.025062656641604113
2026-10-30,98,720.0,PUT,0.9747116574687299,-0.35139050578800757,0.1727430837003094,16.36,16.43,16.395,0.0042695943885331065
2026-10-30,98,720.0,CALL,0.9747116574687299,0.6432866393201123,0.18698749543665397,40.4,41.66,41.03,0.030709237143553447
2026-10-30,98,721.0,CALL,0.9760654236596586,0.6380728183700494,0.18653170004916203,39.87,40.91,40.39,0.02574894775934635
2026-10-30,98,721.0,PUT,0.9760654236596586,-0.3566954405169329,0.17159879019659574,16.61,16.68,16.645,0.004205467107239428
2026-10-30,98,722.0,CALL,0.9774191898505875,0.6331825630407931,0.18539256916632152,38.46,40.84,39.650000000000006,0.06002522068095844
2026-10-30,98,722.0,PUT,0.9774191898505875,-0.362112877136996,0.17052672030552044,16.87,16.94,16.905,0.0041407867494824184
2026-10-30,98,723.0,CALL,0.9787729560415163,0.62998170564052,0.18076834855646848,37.72,39.08,38.4,0.03541666666666665
2026-10-30,98,723.0,PUT,0.9787729560415163,-0.3675978670425632,0.16945831610772602,17.13,17.2,17.165,0.004078065831634156
2026-10-30,98,724.0,CALL,0.980126722232445,0.624872995090114,0.17967566748475539,36.99,38.34,37.665000000000006,0.03584229390681007
2026-10-30,98,724.0,PUT,0.980126722232445,-0.37319070285391975,0.16846142956361165,17.4,17.47,17.435,0.004014912532262707
2026-10-30,98,725.0,CALL,0.9814804884233739,0.6180918797154689,0.1821328130360196,36.93,37.97,37.45,0.02777036048064083
2026-10-30,98,725.0,PUT,0.9814804884233739,-0.3788679623088543,0.16746397112213524,17.67,17.74,17.705,0.003953685399604447
2026-10-30,98,726.0,CALL,0.9828342546143026,0.6129482908927784,0.18104176466666433,35.54,37.89,36.715,0.06400653683780475
2026-10-30,98,726.0,PUT,0.9828342546143026,-0.38462031085686277,0.16646760310902003,17.94,18.01,17.975,0.0038942976356050223
2026-10-30,98,727.0,PUT,0.9841880208052314,-0.3904707280236263,0.16554276539582702,18.22,18.29,18.255,0.003834565872363752
2026-10-30,98,727.0,CALL,0.9841880208052314,0.6077169250764947,0.18002219331711514,34.82,37.16,35.989999999999995,0.06501806057238112
2026-10-30,98,728.0,PUT,0.9855417869961602,-0.39642689179138785,0.16468627104045702,18.51,18.58,18.545,0.003774602318684105
2026-10-30,98,728.0,CALL,0.9855417869961602,0.6025529873396709,0.1786666097745323,34.66,35.77,35.215,0.0315206588101663
2026-10-30,98,729.0,CALL,0.986895553187089,0.5970207737108475,0.17816239666773023,34.07,35.06,34.565,0.028641689570374714
2026-10-30,98,729.0,PUT,0.986895553187089,-0.4024697773450574,0.16382234969384565,18.8,18.87,18.835,0.0037164852667905643
2026-10-30,98,730.0,PUT,0.9882493193780179,-0.4086274814143833,0.16301827042346834,19.1,19.17,19.135,0.0036582179252678485
2026-10-30,98,730.0,CALL,0.9882493193780179,0.591574583576194,0.17728783578421284,33.37,34.35,33.86,0.02894270525694046
2026-10-30,98,731.0,CALL,0.9896030855689466,0.5870507003899667,0.1731064078479998,32.01,33.32,32.665,0.04010408694321146
2026-10-30,98,731.0,PUT,0.9896030855689466,-0.41485540786639785,0.16221596610888792,19.4,19.47,19.435,0.0036017494211474294
2026-10-30,98,732.0,PUT,0.9909568517598754,-0.4211584545718422,0.16144981066837397,19.7,19.78,19.740000000000002,0.004052684903748827
2026-10-30,98,732.0,CALL,0.9909568517598754,0.580497573702135,0.1756486211772664,31.32,33.61,32.465,0.07053750192515013
2026-10-30,98,733.0,CALL,0.9923106179508042,0.5748486167756308,0.1749846171583099,31.3,32.28,31.79,0.030827304183705582
2026-10-30,98,733.0,PUT,0.9923106179508042,-0.42757143579774687,0.1607804367703665,20.02,20.1,20.060000000000002,0.0039880358923231225
2026-10-30,98,734.0,PUT,0.993664384141733,-0.43408297952387476,0.16009559952530042,20.34,20.42,20.380000000000003,0.003925417075564369
2026-10-30,98,734.0,CALL,0.993664384141733,0.5691911008889458,0.17415489193976302,29.95,32.23,31.089999999999996,0.07333547764554513
2026-10-30,98,735.0,PUT,0.9950181503326617,-0.44069184975885883,0.15945673776628047,20.67,20.75,20.71,0.003862868179623288
2026-10-30,98,735.0,CALL,0.9950181503326617,0.5634528168375366,0.17349571894870408,29.94,30.89,30.415,0.03123458819661349
2026-10-30,98,736.0,PUT,0.9963719165235906,-0.4473795951615682,0.1588140911776541,21.0,21.08,21.04,0.003802281368821212
2026-10-30,98,736.0,CALL,0.9963719165235906,0.5576720268211819,0.17283882544224424,29.27,30.21,29.740000000000002,0.03160726294552795
2026-10-30,98,737.0,CALL,0.9977256827145193,0.5518379326279848,0.17228449194384443,27.96,30.2,29.08,0.07702888583218702
2026-10-30,98,737.0,PUT,0.9977256827145193,-0.454194159077151,0.15818430108677645,21.34,21.42,21.380000000000003,0.0037418147801684676
2026-10-30,98,738.0,PUT,0.9990794489054481,-0.46108952136747605,0.1575407538974739,21.69,21.77,21.73,0.0036815462494246796
2026-10-30,98,738.0,CALL,0.9990794489054481,0.5460635664967797,0.17043075369717384,27.73,28.72,28.225,0.035075287865367524
2026-10-30,98,739.0,PUT,1.0004332150963768,-0.4678844753153923,0.15636855576794448,22.05,22.13,22.09,0.003621548211860493
2026-10-30,98,739.0,CALL,1.0004332150963768,0.5400529467105522,0.17028163305856045,27.23,28.22,27.725,0.03570784490532005
2026-10-30,98,740.0,CALL,1.0017869812873057,0.5340178052032818,0.16911630014774418,26.66,27.57,27.115000000000002,0.03356075972708833
2026-10-30,98,740.0,PUT,1.0017869812873057,-0.4747270038379159,0.15502479434760252,22.4,22.49,22.445,0.004009801737580747
2026-10-30,98,741.0,CALL,1.0031407474782346,0.5278941357766322,0.16778924153857067,26.45,26.51,26.48,0.002265861027190418
2026-10-30,98,741.0,PUT,1.0031407474782346,-0.4817072433399511,0.15374472580055637,22.77,22.85,22.810000000000002,0.0035072336694433074
2026-10-30,98,742.0,CALL,1.0044945136691632,0.5216713121128261,0.1664339194914899,25.81,25.87,25.84,0.0023219814241486948
2026-10-30,98,742.0,PUT,1.0044945136691632,-0.48881979633927186,0.1525307937007367,23.14,23.23,23.185000000000002,0.0038818201423333988
2026-10-30,98,743.0,CALL,1.005848279860092,0.5153541726870262,0.16514975892106004,25.18,25.24,25.21,0.002380007933359727
2026-10-30,98,743.0,PUT,1.005848279860092,-0.4960293652386573,0.15142086107916494,23.53,23.62,23.575000000000003,0.003817603393425232
2026-10-30,98,744.0,CALL,1.007202046051021,0.508948476917345,0.16393642776700496,24.56,24.62,24.59,0.0024400162667752045
2026-10-30,98,744.0,PUT,1.007202046051021,-0.5033468646340681,0.15031547361932873,23.92,24.01,23.965000000000003,0.0037554767369079845
2026-10-30,98,745.0,CALL,1.0085558122419498,0.5024603603604558,0.1627935835882684,23.95,24.01,23.98,0.0025020850708925052
2026-10-30,98,745.0,PUT,1.0085558122419498,-0.5107991107401104,0.14927391001284343,24.32,24.41,24.365000000000002,0.0036938231069156514
2026-10-30,98,746.0,PUT,1.0099095784328784,-0.5183812770314712,0.14822844682871197,24.72,24.81,24.765,0.003634161114476069
2026-10-30,98,746.0,CALL,1.0099095784328784,0.4958815207909517,0.16165513411719123,23.34,23.4,23.369999999999997,0.002567394094993527
2026-10-30,98,747.0,CALL,1.0112633446238073,0.4892281093528135,0.16058672164407986,22.74,22.8,22.77,0.0026350461133070827
2026-10-30,98,747.0,PUT,1.0112633446238073,-0.5260419507451606,0.14725320382555562,25.13,25.22,25.174999999999997,0.0035749751737835104
2026-10-30,98,748.0,CALL,1.0126171108147362,0.4824867856618069,0.15952250563621184,22.14,22.2,22.17,0.002706359945872743
2026-10-30,98,748.0,PUT,1.0126171108147362,-0.5337819101276714,0.1464075148707901,25.56,25.65,25.604999999999997,0.003514938488576445
2026-10-30,98,749.0,PUT,1.0139708770056648,-0.5416593332409314,0.14552035999293755,25.98,26.08,26.03,0.003841721091048708
2026-10-30,98,749.0,CALL,1.0139708770056648,0.47570272912656514,0.1585931940689242,21.56,21.62,21.59,0.0027790643816582804
2026-10-30,98,750.0,PUT,1.0153246431965937,-0.5496604304189248,0.14468012546516265,26.42,26.51,26.465000000000003,0.003400717929340633
2026-10-30,98,750.0,CALL,1.0153246431965937,0.46883992595645707,0.15766759303109448,20.98,21.04,21.009999999999998,0.0028557829604949417
2026-10-30,98,751.0,CALL,1.0166784093875225,0.46192650275322256,0.1568107899103753,20.41,20.47,20.439999999999998,0.0029354207436398595
2026-10-30,98,751.0,PUT,1.0166784093875225,-0.5577647753728144,0.14387156155824526,26.86,26.95,26.905,0.0033451031406801657
2026-10-30,98,752.0,CALL,1.0180321755784512,0.45493849780794954,0.1559574620161025,19.84,19.9,19.869999999999997,0.00301962757926516
2026-10-30,98,753.0,PUT,1.01938594176938,-0.5741574889660364,0.14255939303419318,27.79,27.88,27.835,0.0032333393209987376
2026-10-30,98,754.0,CALL,1.0207397079603089,0.44088801537178757,0.15451990141223518,18.74,18.8,18.77,0.0031965903036762
2026-10-30,98,754.0,PUT,1.0207397079603089,-0.5825276349717645,0.14191416541637672,28.26,28.35,28.305,0.003179650238473763
2026-10-30,98,755.0,CALL,1.0220934741512375,0.4338075566745679,0.15387006807518716,18.2,18.26,18.23,0.0032912781130006734
2026-10-30,98,755.0,PUT,1.0220934741512375,-0.5910621516372455,0.14126095473574474,28.08,29.48,28.78,0.04864489228631001
2026-10-30,98,756.0,CALL,1.0234472403421664,0.42671257303581284,0.15328729708615899,17.67,17.73,17.700000000000003,0.0033898305084745033
2026-10-30,98,756.0,PUT,1.0234472403421664,-0.5997538014572903,0.14056199989447468,27.79,30.71,29.25,0.09982905982905989
2026-10-30,98,757.0,CALL,1.0248010065330952,0.41956475645383934,0.15270693950269723,17.14,17.2,17.17,0.0034944670937681254
2026-10-30,98,757.0,PUT,1.0248010065330952,-0.6084010829502385,0.1399991882144151,28.28,31.22,29.75,0.09882352941176463
2026-10-30,98,758.0,CALL,1.026154772724024,0.4124895077815344,0.1522892437941021,16.64,16.69,16.665,0.003000300030003043
2026-10-30,98,759.0,CALL,1.0275085389149528,0.4053763589134137,0.15187327313240517,16.13,16.19,16.16,0.0037128712871288536
2026-10-30,98,760.0,PUT,1.0288623051058816,-0.6364778690923426,0.13475940520647503,29.56,32.5,31.03,0.0947470190138576
2026-10-30,98,760.0,CALL,1.0288623051058816,0.39825128089491774,0.15127582416647015,15.63,15.69,15.66,0.003831417624520991
2026-10-30,98,761.0,CALL,1.0302160712968103,0.39111263459092027,0.14996014423925869,15.15,15.2,15.175,0.0032948929159801604
2026-10-30,98,762.0,CALL,1.0315698374877391,0.3838799077678197,0.14868684381995362,14.67,14.72,14.695,0.00340251786321883
2026-10-30,98,764.0,CALL,1.0342773698695966,0.369256092708245,0.1463747808351897,13.74,13.79,13.765,0.0036324010170722073
2026-10-30,98,765.0,PUT,1.0356311360605255,-0.6782546559552579,0.13173478636634545,32.37,35.85,34.11,0.10202286719437127
2026-10-30,98,765.0,CALL,1.0356311360605255,0.36188563223076115,0.14533498453606536,13.29,13.34,13.315,0.003755163349605761
2026-10-30,98,767.0,CALL,1.038338668442383,0.3470393404319012,0.14344940014780572,12.41,12.47,12.440000000000001,0.004823151125401969
2026-10-30,98,769.0,CALL,1.0410462008242407,0.33217641518699365,0.14186698910249712,11.58,11.63,11.605,0.004308487720810056
2026-10-30,98,770.0,CALL,1.0423999670151696,0.3247434195887443,0.14117033727401684,11.17,11.23,11.2,0.005357142857142902
2026-10-30,98,770.0,PUT,1.0423999670151696,-0.7254870140414212,0.12768872203274675,35.59,38.63,37.11,0.08191862031797358
2026-10-30,98,771.0,CALL,1.0437537332060982,0.3173393290107666,0.1405479178033554,10.78,10.83,10.805,0.004627487274410061
2026-10-30,98,772.0,CALL,1.045107499397027,0.30992324246945335,0.13996384304895904,10.39,10.44,10.415,0.004800768122899562
2026-10-30,98,773.0,CALL,1.046461265587956,0.30266537073739375,0.13952356844778707,10.02,10.07,10.045,0.004977600796416198
2026-10-30,98,774.0,CALL,1.0478150317788846,0.2953624138674036,0.13908539014865065,9.65,9.7,9.675,0.0051679586563306385
2026-10-30,98,775.0,CALL,1.0491687979698134,0.288248950880289,0.13878957139908588,9.3,9.35,9.325,0.005361930294906053
2026-10-30,98,775.0,PUT,1.0491687979698134,-0.7731244499293156,0.12434394695075622,38.8,42.1,40.45,0.08158220024721889
2026-10-30,98,776.0,CALL,1.0505225641607423,0.2811057618052295,0.13849513752097742,8.95,9.0,8.975,0.0055710306406686035
2026-10-30,98,777.0,CALL,1.051876330351671,0.2740575908150275,0.13827187693268417,8.61,8.66,8.635,0.005790387955993134
2026-10-30,98,778.0,CALL,1.0532300965425998,0.26711530829520497,0.1380592927511961,8.28,8.33,8.305,0.006020469596628623
2026-10-30,98,779.0,CALL,1.0545838627335287,0.2602300941564083,0.13691033528566668,7.96,8.01,7.984999999999999,0.006261740763932351
2026-10-30,98,780.0,CALL,1.0559376289244573,0.25336757739370874,0.135858321708024,7.65,7.7,7.675000000000001,0.006514657980456002
2026-10-30,98,780.0,PUT,1.0559376289244573,-0.8154618714955901,0.1211356146129585,42.45,46.05,44.25,0.0813559322033897
2026-10-30,98,781.0,CALL,1.0572913951153862,0.2465429713495457,0.1349024008353767,7.35,7.4,7.375,0.006779661016949249
2026-10-30,98,781.0,PUT,1.0572913951153862,-0.8234428538537916,0.12084837644078951,43.32,46.79,45.055,0.07701697924758626
2026-10-30,98,782.0,CALL,1.058645161306315,0.23977163667458495,0.1340417198684527,7.06,7.11,7.085,0.007057163020465873
2026-10-30,98,784.0,CALL,1.0613526936881725,0.22628909346466436,0.13251340608378345,6.5,6.55,6.525,0.007662835249042118
2026-10-30,98,785.0,CALL,1.0627064598791014,0.21976458217858563,0.1319336514246499,6.24,6.29,6.265000000000001,0.007980845969672756
2026-10-30,98,785.0,PUT,1.0627064598791014,-0.8637559016386204,0.11727207909996266,46.37,49.83,48.099999999999994,0.07193347193347197
2026-10-30,98,789.0,CALL,1.0681215246428164,0.1942112555032308,0.13017381929772598,5.26,5.31,5.285,0.009460737937559095
2026-10-30,98,790.0,CALL,1.0694752908337453,0.1880973619195935,0.1299151447703439,5.04,5.08,5.0600000000000005,0.007905138339920955
2026-10-30,98,790.0,PUT,1.0694752908337453,-0.9087875347670479,0.11452177292239979,50.59,54.12,52.355000000000004,0.06742431477413798
2026-10-30,98,791.0,PUT,1.0708290570246741,-0.9197523089408515,0.11266711443016848,51.47,54.9,53.185,0.06449186800789695
2026-10-30,98,794.0,CALL,1.0748903555974605,0.16505833732057482,0.12958801754164231,4.22,4.26,4.24,0.009433962264150952
2026-10-30,98,795.0,CALL,1.0762441217883894,0.15969660272459002,0.12938883064263923,4.03,4.08,4.055,0.012330456226880351
2026-10-30,98,797.0,PUT,1.0789516541702469,-0.9450344321570303,0.1160037731732654,57.13,60.82,58.975,0.06256888512081386
2026-10-30,98,800.0,CALL,1.0830129527430332,0.13420800271822741,0.12590430551730633,3.21,3.25,3.23,0.01238390092879258
2026-10-30,98,805.0,CALL,1.089781783697677,0.11124176279833808,0.12434471666485106,2.53,2.57,2.55,0.015686274509803935
2026-10-30,98,810.0,CALL,1.0965506146523212,0.09178272316123137,0.12456205568674322,1.99,2.03,2.01,0.01990049751243772
2026-10-30,98,815.0,CALL,1.103319445606965,0.07528103536774294,0.12286160227235698,1.56,1.59,1.5750000000000002,0.019047619047619063
2026-10-30,98,820.0,CALL,1.1100882765616091,0.06126539709113573,0.12164033833086212,1.22,1.25,1.2349999999999999,0.024291497975708527
2026-10-30,98,825.0,CALL,1.116857107516253,0.04971653474632925,0.12198752432551532,0.96,0.98,0.97,0.020618556701030948
2026-10-30,98,830.0,CALL,1.1236259384708969,0.040485910601082094,0.12341978102118668,0.75,0.78,0.765,0.03921568627450984
2026-10-30,98,835.0,CALL,1.130394769425541,0.032940387806122434,0.12199149909850837,0.59,0.62,0.605,0.049586776859504175
2026-10-30,98,840.0,CALL,1.1371636003801848,0.026714613711747236,0.12198298017073922,0.47,0.49,0.48,0.041666666666666706
2026-10-30,98,845.0,CALL,1.143932431334829,0.022020847052768588,0.12334191309714834,0.38,0.4,0.39,0.05128205128205133
2026-10-30,98,850.0,CALL,1.1507012622894728,0.018307941237552007,0.12545246039458932,0.31,0.33,0.32,0.06250000000000006
2026-10-30,98,855.0,CALL,1.1574700932441166,0.01558392147085894,0.1271432377860016,0.26,0.28,0.27,0.07407407407407414
2026-10-30,98,860.0,CALL,1.1642389241987607,0.013336899592656621,0.12780784166479295,0.22,0.24,0.22999999999999998,0.0869565217391304
2026-10-30,98,865.0,CALL,1.1710077551534046,0.011581544245700341,0.12934743367695106,0.19,0.21,0.2,0.09999999999999995
2026-10-30,98,870.0,CALL,1.1777765861080487,0.00986747689022807,0.1308610339153735,0.16,0.18,0.16999999999999998,0.11764705882352937
2026-10-30,98,875.0,CALL,1.1845454170626926,0.0086667313438675,0.13323096232020742,0.14,0.16,0.15000000000000002,0.13333333333333325
2026-10-30,98,880.0,CALL,1.1913142480173364,0.0077424774875406435,0.1360106077768136,0.13,0.14,0.135,0.07407407407407414
2026-10-30,98,885.0,CALL,1.1980830789719805,0.006855129153608167,0.13875935527582214,0.11,0.13,0.12,0.1666666666666667
2026-10-30,98,890.0,CALL,1.2048519099266244,0.006231896117049743,0.14191861602472644,0.1,0.12,0.11,0.18181818181818174
2026-10-30,98,895.0,CALL,1.2116207408812685,0.005635580565093467,0.1447451240499393,0.09,0.11,0.1,0.20000000000000004
2026-10-30,98,900.0,CALL,1.2183895718359123,0.005054815160086361,0.14593283574627616,0.08,0.1,0.09,0.22222222222222227
2026-11-20,119,445.0,PUT,0.6024259549633122,-0.014762594982526677,0.44235819773272383,1.08,1.1,1.09,0.018348623853211024
2026-11-20,119,450.0,CALL,0.6091947859179562,0.9597360303839813,0.5397287166575438,292.66,296.08,294.37,0.011618031728776571
2026-11-20,119,450.0,PUT,0.6091947859179562,-0.015512619525063559,0.43675316258187474,1.13,1.14,1.1349999999999998,0.008810572687224679
2026-11-20,119,455.0,PUT,0.6159636168726002,-0.016280546110598742,0.4312165931642266,1.17,1.19,1.18,0.0169491525423729
2026-11-20,119,460.0,PUT,0.6227324478272441,-0.017118194197727126,0.42606569510434084,1.22,1.24,1.23,0.016260162601626032
2026-11-20,119,465.0,CALL,0.6295012787818881,0.9569343414563921,0.5135237612714019,277.9,281.4,279.65,0.01251564455569462
2026-11-20,119,465.0,PUT,0.6295012787818881,-0.01797451892643489,0.4209785989293073,1.27,1.29,1.28,0.015625000000000014
2026-11-20,119,470.0,CALL,0.636270109736532,0.9557061508343836,0.5061205314416262,273.03,276.53,274.78,0.012737462697430674
2026-11-20,119,470.0,PUT,0.636270109736532,-0.01895324297071436,0.41658038133721853,1.33,1.35,1.34,0.01492537313432837
2026-11-20,119,475.0,PUT,0.643038940691176,-0.019900637433668794,0.41191779067796674,1.39,1.4,1.395,0.007168458781362013
2026-11-20,119,480.0,PUT,0.6498077716458199,-0.02092106982680959,0.4076028072454691,1.45,1.46,1.455,0.006872852233676982
2026-11-20,119,485.0,CALL,0.6565766026004639,0.9519104237149487,0.4841119983327432,258.41,261.91,260.16,0.013453259532595324
2026-11-20,119,485.0,PUT,0.6565766026004639,-0.02202525309962895,0.40305017593295733,1.51,1.53,1.52,0.013157894736842117
2026-11-20,119,490.0,PUT,0.6633454335551079,-0.023092485755594087,0.3960460102422594,1.57,1.59,1.58,0.012658227848101276
2026-11-20,119,490.0,CALL,0.6633454335551079,0.9504899808522809,0.4773455746289717,253.55,257.05,255.3,0.013709361535448491
2026-11-20,119,495.0,PUT,0.6701142645097518,-0.02429969834946127,0.3894259404289588,1.64,1.66,1.65,0.012121212121212133
2026-11-20,119,500.0,PUT,0.6768830954643957,-0.025545877910566415,0.3828792803976555,1.71,1.73,1.72,0.011627906976744196
2026-11-20,119,500.0,CALL,0.6768830954643957,0.9471985196779554,0.46553830623450726,243.88,247.38,245.63,0.014249073810202337
2026-11-20,119,505.0,PUT,0.6836519264190397,-0.026832187405897098,0.37640550203577916,1.78,1.8,1.79,0.011173184357541908
2026-11-20,119,510.0,PUT,0.6904207573736837,-0.02826752483959324,0.37030530788436367,1.86,1.88,1.87,0.010695187165775291
2026-11-20,119,510.0,CALL,0.6904207573736837,0.9443722416509451,0.447930941974876,234.12,237.62,235.87,0.014838682325009539
2026-11-20,119,515.0,PUT,0.6971895883283277,-0.029693543045222447,0.3641229121348917,1.93,1.96,1.9449999999999998,0.01542416452442161
2026-11-20,119,515.0,CALL,0.6971895883283277,0.9424895033812836,0.4399072061472002,229.27,232.82,231.04500000000002,0.015364972191564338
2026-11-20,119,520.0,PUT,0.7039584192829715,-0.03127400015229269,0.3583079490939407,2.02,2.04,2.0300000000000002,0.00985221674876848
2026-11-20,119,520.0,CALL,0.7039584192829715,0.9409101773976019,0.4311177122105104,224.42,227.92,226.17,0.015475085112968122
2026-11-20,119,525.0,PUT,0.7107272502376155,-0.032957662465412464,0.35270655248246824,2.11,2.13,2.12,0.009433962264150952
2026-11-20,119,525.0,CALL,0.7107272502376155,0.9390161786403581,0.4230121929008498,219.58,223.08,221.33,0.015813491167035648
2026-11-20,119,530.0,PUT,0.7174960811922595,-0.03474686706764344,0.34731574283927125,2.2,2.23,2.215,0.013544018058690658
2026-11-20,119,530.0,CALL,0.7174960811922595,0.9370200472563948,0.41507555675175417,214.74,218.25,216.495,0.016212845562253126
2026-11-20,119,535.0,CALL,0.7242649121469035,0.9348798778301058,0.40738934271312055,209.92,213.42,211.67,0.016535172674446073
2026-11-20,119,535.0,PUT,0.7242649121469035,-0.036643714576428225,0.3421326153124533,2.3,2.33,2.315,0.012958963282937472
2026-11-20,119,540.0,PUT,0.7310337431015475,-0.03870629341177907,0.33729777763487623,2.41,2.44,2.425,0.012371134020618476
2026-11-20,119,540.0,CALL,0.7310337431015475,0.932628593051479,0.399866615151503,205.1,208.6,206.85,0.01692047377326565
2026-11-20,119,545.0,CALL,0.7378025740561914,0.9302620054732551,0.39250518512252675,200.28,203.79,202.035,0.017373227411092092
2026-11-20,119,545.0,PUT,0.7378025740561914,-0.04082505148108039,0.3325176304622505,2.52,2.55,2.535,0.01183431952662714
2026-11-20,119,550.0,CALL,0.7445714050108353,0.9272342314714062,0.3864618584310417,195.57,199.02,197.29500000000002,0.01748650497985259
2026-11-20,119,550.0,PUT,0.7445714050108353,-0.04316586377984827,0.3282272158967229,2.65,2.67,2.66,0.0075187969924812095
2026-11-20,119,555.0,PUT,0.7513402359654793,-0.04556697671088038,0.32397959489557543,2.77,2.8,2.785,0.010771992818671383
2026-11-20,119,560.0,PUT,0.7581090669201233,-0.0481936516841424,0.3202019659529808,2.91,2.94,2.925,0.01025641025641019
2026-11-20,119,560.0,CALL,0.7581090669201233,0.9220746181599552,0.372106171837846,185.91,189.42,187.665,0.018703540884022013
2026-11-20,119,565.0,CALL,0.7648778978747672,0.9188878421564843,0.36601940693601703,181.18,184.64,182.91,0.018916406976108358
2026-11-20,119,565.0,PUT,0.7648778978747672,-0.05099851877239225,0.31669831793212383,3.06,3.09,3.075,0.009756097560975546
2026-11-20,119,570.0,PUT,0.7716467288294112,-0.05389008507942208,0.3117073943816428,3.21,3.24,3.225,0.009302325581395425
2026-11-20,119,570.0,CALL,0.7716467288294112,0.9160350456245365,0.35910240727261483,176.34,179.86,178.10000000000002,0.01976417742841106
2026-11-20,119,575.0,PUT,0.7784155597840551,-0.057065678721499126,0.3056964319012201,3.38,3.41,3.395,0.008836524300441899
2026-11-20,119,575.0,CALL,0.7784155597840551,0.9126867825817833,0.35306630120370863,171.58,175.1,173.34,0.020306911272643256
2026-11-20,119,580.0,CALL,0.7851843907386991,0.9091534928610869,0.3472548179502516,166.83,170.35,168.59,0.020879055697253585
2026-11-20,119,580.0,PUT,0.7851843907386991,-0.06041669074220188,0.29983112797021155,3.55,3.59,3.57,0.011204481792717097
2026-11-20,119,585.0,CALL,0.791953221693343,0.9052745981230133,0.34198591571493114,162.14,165.6,163.87,0.02111429791908225
2026-11-20,119,585.0,PUT,0.791953221693343,-0.06405739151205345,0.29427276119719525,3.74,3.78,3.76,0.010638297872340318
2026-11-20,119,590.0,PUT,0.798722052647987,-0.06799435602546303,0.2890176028892392,3.95,3.98,3.965,0.007566204287515714
2026-11-20,119,595.0,PUT,0.805490883602631,-0.07212480710594252,0.28390070716060073,4.16,4.19,4.175000000000001,0.007185628742515028
2026-11-20,119,600.0,PUT,0.8122597145572749,-0.07667145559450747,0.2792383682928267,4.39,4.43,4.41,0.009070294784580506
2026-11-20,119,600.0,CALL,0.8122597145572749,0.893262396514704,0.32588259641145884,147.89,151.45,149.67,0.023785661789269743
2026-11-20,119,605.0,CALL,0.8190285455119188,0.8885243312943769,0.32045425112189585,143.24,146.76,145.0,0.02427586206896539
2026-11-20,119,605.0,PUT,0.8190285455119188,-0.08147488006940501,0.2747851836427658,4.64,4.67,4.654999999999999,0.006444683136412514
2026-11-20,119,610.0,PUT,0.8257973764665628,-0.08653484959826817,0.2705418622571169,4.89,4.93,4.91,0.008146639511201636
2026-11-20,119,610.0,CALL,0.8257973764665628,0.8830573883650269,0.31400120291476,138.71,142.09,140.4,0.02407407407407404
2026-11-20,119,615.0,PUT,0.8325662074212068,-0.09201464291406458,0.2667359626282222,5.17,5.21,5.1899999999999995,0.007707129094412339
2026-11-20,119,615.0,CALL,0.8325662074212068,0.8791126525887347,0.3052724248172141,133.71,137.44,135.575,0.027512446985063544
2026-11-20,119,620.0,PUT,0.8393350383758508,-0.09786509057661519,0.2632689729588225,5.47,5.51,5.49,0.007285974499089259
2026-11-20,119,620.0,CALL,0.8393350383758508,0.8722652649048137,0.300205798664466,129.39,132.8,131.095,0.026011670925664785
2026-11-20,119,625.0,CALL,0.8461038693304948,0.8668418849802898,0.2929751923108357,124.62,128.18,126.4,0.028164556962025335
2026-11-20,119,625.0,PUT,0.8461038693304948,-0.10409051592755574,0.26010815626462924,5.79,5.83,5.8100000000000005,0.00688468158347677
2026-11-20,119,630.0,PUT,0.8528727002851386,-0.11078427688719529,0.2558401457847413,6.13,6.18,6.154999999999999,0.008123476848090954
2026-11-20,119,630.0,CALL,0.8528727002851386,0.8604296776368486,0.28679492261037665,120.02,123.58,121.8,0.029228243021346488
2026-11-20,119,635.0,PUT,0.8596415312397826,-0.11784895179238851,0.2501002554603187,6.5,6.54,6.52,0.0061349693251533804
2026-11-20,119,635.0,CALL,0.8596415312397826,0.8535219601708709,0.2809870543953477,115.45,119.01,117.23,0.03036765333105862
2026-11-20,119,640.0,PUT,0.8664103621944266,-0.1254801042082655,0.24468087599056831,6.89,6.93,6.91,0.005788712011577429
2026-11-20,119,640.0,CALL,0.8664103621944266,0.8467937474433123,0.2746306734148269,110.73,114.47,112.6,0.03321492007104791
2026-11-20,119,645.0,PUT,0.8731791931490706,-0.13368729674367935,0.23957858395855933,7.3,7.35,7.324999999999999,0.006825938566552878
2026-11-20,119,645.0,CALL,0.8731791931490706,0.8385325202526394,0.2700152449090036,106.37,109.9,108.135,0.03264437971054701
2026-11-20,119,650.0,CALL,0.8799480241037145,0.8306912325391925,0.26449383076475214,101.71,105.44,103.57499999999999,0.03601255129133482
2026-11-20,119,650.0,PUT,0.8799480241037145,-0.1425365178315742,0.2348317464169612,7.75,7.79,7.77,0.005148005148005153
2026-11-20,119,655.0,PUT,0.8867168550583584,-0.1520183354624967,0.23044396476457465,8.22,8.27,8.245000000000001,0.006064281382656025
2026-11-20,119,655.0,CALL,0.8867168550583584,0.821322447236931,0.26074042565606975,97.41,100.96,99.185,0.035791702374350934
2026-11-20,119,660.0,PUT,0.8934856860130024,-0.16217910745403943,0.22645864845005642,8.73,8.78,8.754999999999999,0.005711022272986744
2026-11-20,119,660.0,CALL,0.8934856860130024,0.8119334069565857,0.25668189141303643,93.04,96.48,94.76,0.036302237230899086
2026-11-20,119,665.0,PUT,0.9002545169676464,-0.17299579491163264,0.22278866433169128,9.27,9.32,9.295,0.005379236148466994
2026-11-20,119,665.0,CALL,0.9002545169676464,0.801594068924399,0.252936090993863,88.72,92.15,90.435,0.0379277934428043
2026-11-20,119,670.0,CALL,0.9070233479222903,0.790684745604906,0.24659306563219494,84.47,87.79,86.13,0.03854638337396967
2026-11-20,119,670.0,PUT,0.9070233479222903,-0.18462700792576772,0.2196174299390627,9.86,9.91,9.885,0.005058168942842763
2026-11-20,119,675.0,CALL,0.9137921788769343,0.7800750175552317,0.23930649851323493,79.91,83.47,81.69,0.04357938548169914
2026-11-20,119,675.0,PUT,0.9137921788769343,-0.19704410911829684,0.21605198529919928,10.48,10.54,10.51,0.005708848715508918
2026-11-20,119,680.0,PUT,0.9205610098315782,-0.2101307411561651,0.21020984809820736,11.15,11.21,11.18,0.0053667262969589
2026-11-20,119,680.0,CALL,0.9205610098315782,0.7626333869302344,0.239805817488754,77.38,79.18,78.28,0.02299437915176305
2026-11-20,119,685.0,CALL,0.9273298407862222,0.7499442996998559,0.23387459023204285,73.13,74.88,74.005,0.023647050874940883
2026-11-20,119,685.0,PUT,0.9273298407862222,-0.22429670054702042,0.20477146601875382,11.87,11.92,11.895,0.004203446826397706
2026-11-20,119,690.0,CALL,0.9340986717408661,0.7359632119173861,0.2289384499805598,68.95,70.76,69.855,0.025910815260181835
2026-11-20,119,690.0,PUT,0.9340986717408661,-0.23964069350435305,0.1997973027030289,12.64,12.69,12.665,0.003947887879984124
2026-11-20,119,695.0,PUT,0.9408675026955101,-0.2561375736386629,0.19529052572241742,13.46,13.52,13.49,0.004447739065974701
2026-11-20,119,695.0,CALL,0.9408675026955101,0.7252057231735863,0.21854768717740947,63.3,66.61,64.955,0.05095835578477411
2026-11-20,119,700.0,CALL,0.9476363336501541,0.7104229059605265,0.21274314445424422,58.79,62.54,60.665,0.061814885024313856
2026-11-20,119,700.0,PUT,0.9476363336501541,-0.27387750847977105,0.19128493082782963,14.35,14.41,14.379999999999999,0.004172461752433971
2026-11-20,119,705.0,PUT,0.9544051646047981,-0.2928989099187309,0.1878250047094171,15.31,15.38,15.345,0.004561746497230386
2026-11-20,119,705.0,CALL,0.9544051646047981,0.6932266676431902,0.20966894854015725,54.97,58.51,56.739999999999995,0.06238984843144165
2026-11-20,119,710.0,CALL,0.9611739955594419,0.6758890654709307,0.20346937901892423,50.86,54.53,52.695,0.06964607647784422
2026-11-20,119,710.0,PUT,0.9611739955594419,-0.31332462820097945,0.18459175430512456,16.35,16.41,16.380000000000003,0.0036630036630035845
2026-11-20,119,715.0,CALL,0.9679428265140859,0.656182936990962,0.19787768505205044,47.68,50.24,48.96,0.05228758169934645
2026-11-20,119,715.0,PUT,0.9679428265140859,-0.33478254848771716,0.17873620131536003,17.47,17.54,17.505,0.003998857469294504
2026-11-20,119,720.0,PUT,0.9747116574687299,-0.3580881083695605,0.1733460885030869,18.69,18.76,18.725,0.0037383177570093607
2026-11-20,119,720.0,CALL,0.9747116574687299,0.6354028204008566,0.1922722827422028,44.64,45.78,45.21,0.025215660252156616
2026-11-20,119,725.0,PUT,0.9814804884233739,-0.38328294026180937,0.16866717471044038,20.01,20.09,20.05,0.003990024937655775
2026-11-20,119,725.0,CALL,0.9814804884233739,0.6132112281536115,0.18727652392360547,40.98,42.11,41.545,0.027199422313154472
2026-11-20,119,730.0,CALL,0.9882493193780179,0.5897862012259697,0.18257305513611388,37.36,38.47,37.915,0.02927601213240141
2026-11-20,119,730.0,PUT,0.9882493193780179,-0.41041580579006864,0.16474148303629924,21.46,21.54,21.5,0.0037209302325580604
2026-11-20,119,735.0,CALL,0.9950181503326617,0.5649599378243659,0.17937807001238493,34.0,35.04,34.519999999999996,0.030127462340672054
2026-11-20,119,735.0,PUT,0.9950181503326617,-0.4394598581021525,0.1615669768443382,23.05,23.13,23.09,0.003464703334776886
2026-11-20,119,740.0,PUT,1.0017869812873057,-0.47008806087696436,0.15742458801139353,24.77,24.86,24.814999999999998,0.0036268386056820417
2026-11-20,119,740.0,CALL,1.0017869812873057,0.5391896166005495,0.17531299992942984,30.7,31.73,31.215,0.03299695659138238
2026-11-20,119,745.0,CALL,1.0085558122419498,0.5117397518736444,0.16927412629568564,28.01,28.07,28.04,0.0021398002853066592
2026-11-20,119,745.0,PUT,1.0085558122419498,-0.5022980072693802,0.15201768706746424,26.65,26.75,26.7,0.0037453183520599785
2026-11-20,119,750.0,PUT,1.0153246431965937,-0.5368161773853222,0.14764794167976528,28.71,28.81,28.759999999999998,0.0034770514603615394
2026-11-20,119,750.0,CALL,1.0153246431965937,0.4825866519283614,0.16420555655449037,24.98,25.04,25.009999999999998,0.0023990403838464107
2026-11-20,119,755.0,PUT,1.0220934741512375,-0.5735509655873695,0.1442338227825785,30.95,31.06,31.005,0.0035478148685695672
2026-11-20,119,755.0,CALL,1.0220934741512375,0.4521066477202441,0.16014400351196828,22.11,22.16,22.134999999999998,0.002258866049243312
2026-11-20,119,760.0,PUT,1.0288623051058816,-0.6122853747577445,0.14141986898479264,32.62,34.27,33.445,0.04933472865899254
2026-11-20,119,760.0,CALL,1.0288623051058816,0.4209483281814822,0.15732512541102045,19.43,19.49,19.46,0.0030832476875641683
2026-11-20,119,765.0,PUT,1.0356311360605255,-0.6508790539785652,0.13644803847615822,34.7,37.61,36.155,0.0804867929746922
2026-11-20,119,765.0,CALL,1.0356311360605255,0.389485078662937,0.15351050028512522,16.94,16.99,16.965,0.002947244326554504
2026-11-20,119,770.0,PUT,1.0423999670151696,-0.6924375126853956,0.13194302346102843,37.27,40.71,38.99,0.08822775070530899
2026-11-20,119,770.0,CALL,1.0423999670151696,0.35705594937945007,0.14848599509323981,14.64,14.7,14.67,0.004089979550102162
2026-11-20,119,775.0,PUT,1.0491687979698134,-0.7348917751377659,0.12922798111653652,40.43,43.91,42.17,0.08252312070192072
2026-11-20,119,775.0,CALL,1.0491687979698134,0.3242624317621612,0.14492304589551852,12.56,12.61,12.585,0.003972983710766701
2026-11-20,119,780.0,PUT,1.0559376289244573,-0.7755704464635604,0.12682072657815438,43.84,47.49,45.665000000000006,0.0799299244497974
2026-11-20,119,780.0,CALL,1.0559376289244573,0.29204632714522794,0.142771799354186,10.69,10.73,10.71,0.003734827264239115
2026-11-20,119,785.0,PUT,1.0627064598791014,-0.8221823741108711,0.121196974000988,47.53,50.85,49.19,0.06749339296605002
2026-11-20,119,785.0,CALL,1.0627064598791014,0.26124882248884584,0.14045201127688534,9.02,9.07,9.045,0.005527915975677249
2026-11-20,119,790.0,PUT,1.0694752908337453,-0.872486636243372,0.11670783614944985,51.48,54.52,53.0,0.057358490566037854
2026-11-20,119,790.0,CALL,1.0694752908337453,0.23130941719822568,0.13649584927226396,7.56,7.61,7.585,0.0065919578114701
2026-11-20,119,795.0,PUT,1.0762441217883894,-0.9041890833800751,0.11721510334132051,55.7,59.21,57.455,0.0610912888347402
2026-11-20,119,795.0,CALL,1.0762441217883894,0.2027700001922539,0.13419139869647298,6.3,6.34,6.32,0.006329113924050638
2026-11-20,119,800.0,CALL,1.0830129527430332,0.1763754211300621,0.13331534267711723,5.21,5.25,5.23,0.0076481835564053595
2026-11-20,119,800.0,PUT,1.0830129527430332,-0.950501960545354,0.11252869693635184,60.17,63.67,61.92,0.05652454780361757
2026-11-20,119,805.0,CALL,1.089781783697677,0.15241082097924744,0.1314146761208526,4.27,4.32,4.295,0.011641443538999001
2026-11-20,119,810.0,CALL,1.0965506146523212,0.13037571552308908,0.12879363949054526,3.49,3.53,3.51,0.01139601139601128
2026-11-20,119,815.0,CALL,1.103319445606965,0.11058508158146244,0.1277044007243998,2.84,2.87,2.855,0.010507880910683099
2026-11-20,119,820.0,CALL,1.1100882765616091,0.09340553650895671,0.1279175334347725,2.3,2.33,2.315,0.012958963282937472
2026-11-20,119,825.0,CALL,1.116857107516253,0.07859442452819525,0.12637947082037312,1.85,1.89,1.87,0.0213903743315507
2026-11-20,119,830.0,CALL,1.1236259384708969,0.06552505844893745,0.12484057972380916,1.49,1.52,1.505,0.019933554817275767
2026-11-20,119,835.0,CALL,1.130394769425541,0.05452336157681666,0.1247170793466071,1.2,1.23,1.2149999999999999,0.024691358024691384
2026-11-20,119,840.0,CALL,1.1371636003801848,0.045470460393698314,0.12568458381463224,0.97,1.0,0.985,0.0304568527918782
2026-11-20,119,845.0,CALL,1.143932431334829,0.037825622694644186,0.1253295451434152,0.78,0.81,0.795,0.03773584905660381
2026-11-20,119,850.0,CALL,1.1507012622894728,0.031605802256715124,0.12463760495335724,0.64,0.66,0.65,0.030769230769230795
2026-11-20,119,855.0,CALL,1.1574700932441166,0.02626763912418375,0.12483604826801481,0.52,0.54,0.53,0.03773584905660381
2026-11-20,119,860.0,CALL,1.1642389241987607,0.02211149157729385,0.12606892570687883,0.43,0.45,0.44,0.0454545454545455
2026-11-20,119,865.0,CALL,1.1710077551534046,0.018815557167775436,0.1279687294398284,0.36,0.38,0.37,0.054054054054054106
2026-11-20,119,870.0,CALL,1.1777765861080487,0.015994181813136884,0.12894554198629343,0.3,0.32,0.31,0.06451612903225812
2026-11-20,119,875.0,CALL,1.1845454170626926,0.01418515825277336,0.12996794442273624,0.27,0.28,0.275,0.03636363636363639
2026-11-20,119,880.0,CALL,1.1913142480173364,0.012197316437539544,0.13057812592378407,0.23,0.24,0.235,0.042553191489361625
2026-11-20,119,885.0,CALL,1.1980830789719805,0.010860955545073199,0.13234943040854655,0.2,0.22,0.21000000000000002,0.09523809523809518
2026-11-20,119,890.0,CALL,1.2048519099266244,0.00955990065099499,0.13409512861744363,0.18,0.19,0.185,0.054054054054054106
2026-11-20,119,895.0,CALL,1.2116207408812685,0.008502844205038764,0.1362052834302101,0.16,0.17,0.165,0.060606060606060656
2026-11-20,119,900.0,CALL,1.2183895718359123,0.007687233866894311,0.138678084206796,0.14,0.16,0.15000000000000002,0.13333333333333325
2026-11-20,119,905.0,CALL,1.2251584027905564,0.006900091841636863,0.1411246598919645,0.13,0.14,0.135,0.07407407407407414
2026-11-20,119,910.0,CALL,1.2319272337452003,0.00613956002491907,0.1435460022951508,0.11,0.13,0.12,0.1666666666666667
2026-11-20,119,915.0,CALL,1.2386960646998442,0.005606064668945221,0.14531615840746034,0.1,0.12,0.11,0.18181818181818174
2026-11-20,119,920.0,CALL,1.2454648956544883,0.005081693653748479,0.14639501392244103,0.09,0.11,0.1,0.20000000000000004
2026-11-20,119,925.0,CALL,1.2522337266091321,0.004774953455476081,0.14851310606480547,0.09,0.1,0.095,0.10526315789473693
2026-11-20,119,930.0,CALL,1.2590025575637762,0.004477114752822787,0.15060946829359342,0.08,0.1,0.09,0.22222222222222227
2026-11-20,119,935.0,CALL,1.26577138851842,0.003979345201939328,0.1516340457454215,0.07,0.09,0.08,0.24999999999999986
2026-11-20,119,940.0,CALL,1.272540219473064,0.0034882690782626563,0.1526451957181654,0.06,0.08,0.07,0.28571428571428575
2026-11-20,119,945.0,CALL,1.279309050427708,0.003425448509445124,0.1557278604962054,0.06,0.08,0.07,0.28571428571428575
2026-11-20,119,950.0,CALL,1.286077881382352,0.002950736503477763,0.1567034506570787,0.05,0.07,0.060000000000000005,0.33333333333333337
2026-11-20,119,955.0,CALL,1.292846712336996,0.0029001416417116406,0.1597451919122572,0.05,0.07,0.060000000000000005,0.33333333333333337
2026-11-20,119,960.0,CALL,1.2996155432916399,0.002851694762617203,0.16276886922625042,0.05,0.07,0.060000000000000005,0.33333333333333337
2026-11-20,119,965.0,CALL,1.3063843742462837,0.002604181183629378,0.1647310743633935,0.05,0.06,0.055,0.18181818181818174
2026-11-20,119,970.0,CALL,1.3131532052009278,0.002362494914305129,0.16667624612739926,0.04,0.06,0.05,0.3999999999999999
2026-11-20,119,975.0,CALL,1.3199220361555717,0.002325915862002355,0.16964517097007437,0.04,0.06,0.05,0.3999999999999999
2026-11-20,119,980.0,CALL,1.3266908671102158,0.002094302816917615,0.17155583459270957,0.04,0.05,0.045,0.22222222222222227
2026-11-20,119,985.0,CALL,1.3334596980648596,0.0020635194786090927,0.17449073744367272,0.04,0.05,0.045,0.22222222222222227
2026-11-20,119,990.0,CALL,1.3402285290195035,0.001841100134838387,0.17636866883912714,0.03,0.05,0.04,0.5000000000000001
2026-11-20,119,995.0,CALL,1.3469973599741476,0.0018154175362697059,0.17927070735810544,0.03,0.05,0.04,0.5000000000000001
2026-11-20,119,1000.0,CALL,1.3537661909287915,0.0014031781793758594,0.17625310444358872,0.02,0.04,0.03,0.6666666666666667
2026-11-30,129,475.0,PUT,0.643038940691176,-0.021044953636084825,0.4031506215858671,1.5,1.52,1.51,0.013245033112582794
2026-11-30,129,475.0,CALL,0.643038940691176,0.9509795034621069,0.4941874075679768,268.9,272.32,270.61,0.012638113890839273
2026-11-30,129,480.0,PUT,0.6498077716458199,-0.022121084031846983,0.39770488688391337,1.57,1.58,1.5750000000000002,0.006349206349206354
2026-11-30,129,485.0,PUT,0.6565766026004639,-0.0232169382888575,0.3910487676016268,1.63,1.65,1.64,0.012195121951219523
2026-11-30,129,490.0,PUT,0.6633454335551079,-0.02439859309019497,0.38461603544106276,1.7,1.72,1.71,0.01169590643274855
2026-11-30,129,495.0,PUT,0.6701142645097518,-0.02561741289336659,0.37825617823874136,1.77,1.79,1.78,0.011235955056179785
2026-11-30,129,500.0,CALL,0.6768830954643957,0.94434384868273,0.45456705749083726,244.5,248.0,246.25,0.014213197969543147
2026-11-30,129,500.0,PUT,0.6768830954643957,-0.026874674692121802,0.37196806506350066,1.84,1.86,1.85,0.01081081081081082
2026-11-30,129,505.0,PUT,0.6836519264190397,-0.028275788191053846,0.3660431710451355,1.92,1.94,1.93,0.010362694300518144
2026-11-30,129,510.0,PUT,0.6904207573736837,-0.02977201401110311,0.36033078221896214,2.0,2.03,2.0149999999999997,0.014888337468982535
2026-11-30,129,515.0,PUT,0.6971895883283277,-0.03131306066844823,0.35468300779097794,2.09,2.11,2.0999999999999996,0.009523809523809533
2026-11-30,129,520.0,PUT,0.7039584192829715,-0.03295323823355013,0.34924313570177234,2.18,2.2,2.1900000000000004,0.009132420091324207
2026-11-30,129,525.0,PUT,0.7107272502376155,-0.03469465885829882,0.34400831436033036,2.27,2.3,2.285,0.013129102844638864
2026-11-30,129,530.0,PUT,0.7174960811922595,-0.036646169122506816,0.33925941982806956,2.38,2.41,2.395,0.012526096033403027
2026-11-30,129,535.0,PUT,0.7242649121469035,-0.03865010088690482,0.3345636311711358,2.49,2.52,2.505,0.01197604790419154
2026-11-30,129,540.0,PUT,0.7310337431015475,-0.04070726000600854,0.3299217422761135,2.6,2.63,2.615,0.011472275334607955
2026-11-30,129,545.0,PUT,0.7378025740561914,-0.042924906828012484,0.3256142846384755,2.72,2.75,2.7350000000000003,0.010968921389396636
2026-11-30,129,550.0,PUT,0.7445714050108353,-0.04530669457917938,0.32162622330377066,2.85,2.88,2.865,0.010471204188481607
2026-11-30,129,555.0,CALL,0.7513402359654793,0.9209332435676093,0.3723208452402968,191.47,195.01,193.24,0.018319188573794203
2026-11-30,129,555.0,PUT,0.7513402359654793,-0.04785077959101821,0.31795771778383675,2.99,3.02,3.005,0.009983361064891783
2026-11-30,129,560.0,PUT,0.7581090669201233,-0.05056898503588952,0.31453903012360607,3.14,3.17,3.1550000000000002,0.009508716323296293
2026-11-30,129,560.0,CALL,0.7581090669201233,0.9180665333928689,0.3659241218190289,186.69,190.23,188.45999999999998,0.018783826806749403
2026-11-30,129,565.0,PUT,0.7648778978747672,-0.053419543398040184,0.3097078557688469,3.29,3.33,3.31,0.012084592145015116
2026-11-30,129,570.0,CALL,0.7716467288294112,0.9118300749490628,0.3538018393127813,177.16,180.7,178.93,0.019784273179455608
2026-11-30,129,570.0,PUT,0.7716467288294112,-0.056490389037237874,0.3038795387816306,3.46,3.5,3.48,0.011494252873563229
2026-11-30,129,575.0,CALL,0.7784155597840551,0.9084528573045889,0.3480705472761478,172.41,175.95,174.18,0.02032380296245259
2026-11-30,129,575.0,PUT,0.7784155597840551,-0.05972764299144135,0.29819305334352886,3.64,3.67,3.6550000000000002,0.008207934336525254
2026-11-30,129,580.0,CALL,0.7851843907386991,0.9048985716837918,0.34255540704950205,167.65,171.23,169.44,0.02112842304060425
2026-11-30,129,580.0,PUT,0.7851843907386991,-0.06324132507648729,0.292804554615381,3.83,3.86,3.8449999999999998,0.007802340702210613
2026-11-30,129,585.0,PUT,0.791953221693343,-0.06703771458346261,0.28771020428790184,4.03,4.07,4.050000000000001,0.00987654320987655
2026-11-30,129,585.0,CALL,0.791953221693343,0.9017240685943104,0.33609534694368126,162.76,166.51,164.635,0.022777659671394297
2026-11-30,129,590.0,CALL,0.798722052647987,0.8971740506928252,0.332316240305699,158.21,161.79,160.0,0.022374999999999902
2026-11-30,129,590.0,PUT,0.798722052647987,-0.0710690083278942,0.28282855074052515,4.25,4.28,4.265000000000001,0.0070339976553341725
2026-11-30,129,595.0,CALL,0.805490883602631,0.8936256166639207,0.32628507621282854,153.34,157.09,155.215,0.024160036078987212
2026-11-30,129,595.0,PUT,0.805490883602631,-0.0753428338217311,0.2781524913778028,4.47,4.51,4.49,0.008908685968819607
2026-11-30,129,600.0,CALL,0.8122597145572749,0.8886313548277163,0.32146719129876156,148.82,152.4,150.61,0.02377000199189969
2026-11-30,129,600.0,PUT,0.8122597145572749,-0.08001522873395545,0.2739143205740161,4.72,4.76,4.74,0.008438818565400852
2026-11-30,129,605.0,CALL,0.8190285455119188,0.8845230765154847,0.3136358310205255,143.99,147.73,145.86,0.025641025641025505
2026-11-30,129,605.0,PUT,0.8190285455119188,-0.08492992216693607,0.2698789970904955,4.98,5.02,5.0,0.00799999999999983
2026-11-30,129,610.0,PUT,0.8257973764665628,-0.09009243611501083,0.2660382812913132,5.25,5.29,5.27,0.007590132827324485
2026-11-30,129,615.0,PUT,0.8325662074212068,-0.09571095952030746,0.26267911498380137,5.55,5.59,5.57,0.007181328545780976
2026-11-30,129,620.0,PUT,0.8393350383758508,-0.10163235415237992,0.2595527366193171,5.86,5.91,5.885,0.008496176720475757
2026-11-30,129,620.0,CALL,0.8393350383758508,0.8677056373511896,0.2950013399595285,130.28,133.82,132.05,0.026808027262400544
2026-11-30,129,625.0,PUT,0.8461038693304948,-0.10797247019399883,0.25613603511100974,6.2,6.24,6.220000000000001,0.0064308681672025775
2026-11-30,129,630.0,CALL,0.8528727002851386,0.8551870551181342,0.2831167724465912,121.08,124.65,122.86500000000001,0.029056281284336526
2026-11-30,129,630.0,PUT,0.8528727002851386,-0.11460987957072614,0.25047601234707634,6.55,6.6,6.574999999999999,0.0076045627376425595
2026-11-30,129,635.0,CALL,0.8596415312397826,0.8481359907361937,0.27783596180899833,116.56,120.1,118.33,0.029916335671427298
2026-11-30,129,635.0,PUT,0.8596415312397826,-0.12187611582145456,0.24522682650652528,6.94,6.99,6.965,0.007178750897343837
2026-11-30,129,640.0,CALL,0.8664103621944266,0.8402607874734371,0.2733971862175954,112.18,115.57,113.875,0.02976948408342469
2026-11-30,129,640.0,PUT,0.8664103621944266,-0.12954400986892528,0.2401364522129256,7.34,7.39,7.365,0.006788866259334667
2026-11-30,129,645.0,CALL,0.8731791931490706,0.8331105005789982,0.2676435849003619,107.51,111.05,109.28,0.03239385065885791
2026-11-30,129,645.0,PUT,0.8731791931490706,-0.13791200279509092,0.2354911337669243,7.78,7.83,7.805,0.006406149903907729
2026-11-30,129,650.0,PUT,0.8799480241037145,-0.1467889947465212,0.23109528533070034,8.24,8.29,8.265,0.0060496067755594594
2026-11-30,129,650.0,CALL,0.8799480241037145,0.8247440165706769,0.26326371606524146,103.04,106.6,104.82,0.0339629841633275
2026-11-30,129,655.0,PUT,0.8867168550583584,-0.1563126202275886,0.22709164268369372,8.73,8.79,8.76,0.006849315068493005
2026-11-30,129,655.0,CALL,0.8867168550583584,0.8162768841074469,0.25869307473894326,98.72,101.95,100.33500000000001,0.03219215627647385
2026-11-30,129,660.0,PUT,0.8934856860130024,-0.16644950793443944,0.22340706728544502,9.26,9.31,9.285,0.005385029617662973
2026-11-30,129,660.0,CALL,0.8934856860130024,0.8066253038297506,0.2555198619570445,94.31,97.67,95.99000000000001,0.035003646213147194
2026-11-30,129,665.0,CALL,0.9002545169676464,0.7964365689759916,0.24988963881883136,90.0,93.36,91.68,0.036649214659685854
2026-11-30,129,665.0,PUT,0.9002545169676464,-0.17727200889155967,0.22013438976821903,9.82,9.88,9.850000000000001,0.006091370558375684
2026-11-30,129,670.0,CALL,0.9070233479222903,0.7862706859174072,0.24311643485038284,85.58,88.99,87.285,0.03906742281033392
2026-11-30,129,670.0,PUT,0.9070233479222903,-0.18881114961596224,0.21710049405261342,10.42,10.48,10.45,0.005741626794258421
2026-11-30,129,672.0,CALL,0.909730880304148,0.78218509007145,0.24026878922785352,83.72,87.29,85.505,0.04175194433074098
2026-11-30,129,672.0,PUT,0.909730880304148,-0.19366191828992005,0.21578762412111296,10.67,10.73,10.7,0.005607476635514066
2026-11-30,129,673.0,CALL,0.9110846464950767,0.7800770285465471,0.23888605687583056,82.98,86.26,84.62,0.038761522098794625
2026-11-30,129,673.0,PUT,0.9110846464950767,-0.19610723384074283,0.2147303961973751,10.8,10.86,10.83,0.005540166204986032
2026-11-30,129,674.0,CALL,0.9124384126860055,0.7728783832623326,0.24373278747140104,83.62,85.57,84.595,0.02305100774277426
2026-11-30,129,674.0,PUT,0.9124384126860055,-0.19855251607855326,0.21357224476468223,10.93,10.99,10.96,0.005474452554744571
2026-11-30,129,675.0,PUT,0.9137921788769343,-0.2010239437303872,0.2124170124023157,11.06,11.12,11.09,0.005410279531108992
2026-11-30,129,675.0,CALL,0.9137921788769343,0.7753984046849618,0.23660064459357572,81.12,84.71,82.91499999999999,0.04329735271060712
2026-11-30,129,676.0,PUT,0.9151459450678631,-0.203559427909923,0.21130111178354685,11.19,11.26,11.225,0.006236080178173745
2026-11-30,129,677.0,CALL,0.9164997112587918,0.7708396601845792,0.23407322604624306,79.56,82.79,81.17500000000001,0.03979057591623041
2026-11-30,129,677.0,PUT,0.9164997112587918,-0.20612130981062055,0.2101880720926187,11.33,11.39,11.36,0.0052816901408451146
2026-11-30,129,678.0,CALL,0.9178534774497207,0.7669123869694,0.2347982495827588,79.01,82.15,80.58000000000001,0.0389674857284686
2026-11-30,129,678.0,PUT,0.9178534774497207,-0.20874726734725146,0.2091141970361643,11.47,11.53,11.5,0.005217391304347715
2026-11-30,129,679.0,CALL,0.9192072436406494,0.7657161037840803,0.23213451505389465,77.73,81.3,79.515,0.044897189209583015
2026-11-30,129,679.0,PUT,0.9192072436406494,-0.21140229185349108,0.2080420123203467,11.61,11.67,11.64,0.005154639175257774
2026-11-30,129,680.0,CALL,0.9205610098315782,0.7584440462351659,0.23714055992698707,78.58,80.45,79.515,0.02351757530025787
2026-11-30,129,680.0,PUT,0.9205610098315782,-0.21408552546699758,0.20697205761032997,11.75,11.81,11.780000000000001,0.005093378607809889
2026-11-30,129,681.0,CALL,0.921914776022507,0.7603651675009437,0.23038519665383517,76.16,79.6,77.88,0.04417051874678991
2026-11-30,129,681.0,PUT,0.921914776022507,-0.21679604424795923,0.20590492251420625,11.89,11.95,11.92,0.005033557046979759
2026-11-30,129,682.0,PUT,0.9232685422134358,-0.2195760285332976,0.2048738565529645,12.03,12.1,12.065,0.005801906340654811
2026-11-30,129,682.0,CALL,0.9232685422134358,0.7581870449777327,0.2288491367969913,75.19,78.75,76.97,0.04625178641028976
2026-11-30,129,683.0,PUT,0.9246223084043647,-0.22238404526046165,0.2038452956675645,12.18,12.24,12.21,0.004914004914004955
2026-11-30,129,684.0,PUT,0.9259760745952934,-0.22525545823047807,0.20285555975427297,12.33,12.39,12.36,0.004854368932038875
2026-11-30,129,684.0,CALL,0.9259760745952934,0.7527610937841857,0.22704279645564654,75.13,75.52,75.32499999999999,0.005177563889810828
2026-11-30,129,685.0,PUT,0.9273298407862222,-0.22815439749990346,0.2018685198600792,12.48,12.54,12.51,0.004796163069544263
2026-11-30,129,685.0,CALL,0.9273298407862222,0.74939558969226,0.22694871744694375,73.0,76.23,74.61500000000001,0.0432888829323863
2026-11-30,129,686.0,PUT,0.928683606977151,-0.23111607177562488,0.2009201534508935,12.63,12.7,12.665,0.005527043031977774
2026-11-30,129,686.0,CALL,0.928683606977151,0.7470318876802076,0.22553175237772505,72.05,75.39,73.72,0.04530656538252853
2026-11-30,129,687.0,PUT,0.9300373731680798,-0.2341051887431683,0.19997441278261735,12.79,12.85,12.82,0.004680187207488338
2026-11-30,129,687.0,CALL,0.9300373731680798,0.7449667003987956,0.22368936161633746,70.98,74.55,72.765,0.04906204906204897
2026-11-30,129,688.0,PUT,0.9313911393590085,-0.2371220251031434,0.19903130446875325,12.94,13.01,12.975,0.005394990366088654
2026-11-30,129,689.0,PUT,0.9327449055499374,-0.24020290538554173,0.19812624727472827,13.1,13.17,13.135,0.005329272934906759
2026-11-30,129,689.0,CALL,0.9327449055499374,0.738837607341565,0.22254916017025242,69.53,72.89,71.21000000000001,0.04718438421570003
2026-11-30,129,690.0,CALL,0.9340986717408661,0.7323771931758071,0.22669556408685385,70.13,72.06,71.095,0.027146775441311017
2026-11-30,129,690.0,PUT,0.9340986717408661,-0.24331518018678414,0.1972225603730187,13.26,13.33,13.295,0.005265137269650266
2026-11-30,129,691.0,PUT,0.9354524379317949,-0.24649146342225703,0.1963561384329758,13.43,13.49,13.46,0.004457652303120394
2026-11-30,129,691.0,CALL,0.9354524379317949,0.7332135565269664,0.22063268647273457,67.88,71.21,69.54499999999999,0.047882665899777105
2026-11-30,129,692.0,CALL,0.9368062041227238,0.7303023763856282,0.21976696516667857,67.05,70.4,68.725,0.048744998181156914
2026-11-30,129,692.0,PUT,0.9368062041227238,-0.2496951708415471,0.19549220446992197,13.59,13.66,13.625,0.005137614678899103
2026-11-30,129,693.0,PUT,0.9381599703136525,-0.25295882210232357,0.19466641078142694,13.76,13.83,13.795,0.005074302283436048
2026-11-30,129,693.0,CALL,0.9381599703136525,0.7267674485200044,0.21975497266604496,66.47,69.58,68.025,0.045718485850790136
2026-11-30,129,694.0,PUT,0.9395137365045814,-0.256250548661568,0.19384286793294822,13.93,14.0,13.965,0.0050125313283208225
2026-11-30,129,695.0,PUT,0.9408675026955101,-0.25957638726235194,0.19301884562774257,14.1,14.17,14.135,0.004952246197382404
2026-11-30,129,695.0,CALL,0.9408675026955101,0.7220003294844899,0.21636918558957166,64.36,67.94,66.15,0.054119425547996945
2026-11-30,129,696.0,PUT,0.9422212688864389,-0.2629978570233423,0.19226430272415107,14.28,14.35,14.315,0.004889975550122269
2026-11-30,129,696.0,CALL,0.9422212688864389,0.7184101129825091,0.21636212259553175,63.78,67.12,65.45,0.051031321619556966
2026-11-30,129,697.0,PUT,0.9435750350773677,-0.2664266608495514,0.19147064407211054,14.46,14.52,14.49,0.0041407867494823135
2026-11-30,129,697.0,CALL,0.9435750350773677,0.7159588255635317,0.21466015682382597,62.84,66.18,64.51,0.05177491861726869
2026-11-30,129,698.0,PUT,0.9449288012682965,-0.26994434271775775,0.19074975811578773,14.64,14.71,14.675,0.004770017035775147
2026-11-30,129,698.0,CALL,0.9449288012682965,0.7125742690103261,0.21430289713505507,62.03,65.49,63.76,0.054265997490589614
2026-11-30,129,699.0,CALL,0.9462825674592252,0.7090411828386848,0.21415797632214542,61.4,64.68,63.040000000000006,0.052030456852792006
2026-11-30,129,699.0,PUT,0.9462825674592252,-0.27345954115543814,0.1899956291760088,14.82,14.89,14.855,0.004712218108381036
2026-11-30,129,700.0,CALL,0.9476363336501541,0.7060420403340032,0.2131692722191926,60.53,63.87,62.2,0.05369774919614142
2026-11-30,129,700.0,PUT,0.9476363336501541,-0.27700186821802836,0.18924378030235625,15.0,15.07,15.035,0.004655803126039261
2026-11-30,129,701.0,CALL,0.9489900998410828,0.7028612723072164,0.21242914731813103,59.72,63.07,61.394999999999996,0.05456470396612104
2026-11-30,129,701.0,PUT,0.9489900998410828,-0.2806285883463908,0.18856458898652875,15.19,15.26,15.225,0.004597701149425306
2026-11-30,129,702.0,PUT,0.9503438660320116,-0.28435450782947336,0.18795215750338246,15.39,15.46,15.425,0.004538087520259338
2026-11-30,129,703.0,PUT,0.9516976322229405,-0.28805578217948996,0.1872669244632064,15.58,15.65,15.615,0.004482869036183175
2026-11-30,129,703.0,CALL,0.9516976322229405,0.6968844733124219,0.21021897530500205,57.89,61.47,59.68,0.059986595174262705
2026-11-30,129,704.0,PUT,0.9530513984138692,-0.291854723655869,0.18663725645979695,15.78,15.85,15.815,0.0044261776794182915
2026-11-30,129,705.0,CALL,0.9544051646047981,0.6871594251790493,0.2141091812079071,57.88,59.86,58.870000000000005,0.033633429590623355
2026-11-30,129,705.0,PUT,0.9544051646047981,-0.29568769596863237,0.18600398266786047,15.98,16.05,16.015,0.004370902279113349
2026-11-30,129,706.0,PUT,0.9557589307957268,-0.29955379071716454,0.18537132534014977,16.18,16.25,16.215,0.004316990440949756
2026-11-30,129,706.0,CALL,0.9557589307957268,0.6873789318310876,0.20727565915080814,55.33,59.04,57.185,0.06487715309958907
2026-11-30,129,707.0,CALL,0.9571126969866556,0.6836356078612112,0.2064367517802304,56.27,56.69,56.480000000000004,0.007436260623229366
2026-11-30,129,707.0,PUT,0.9571126969866556,-0.3035226329809342,0.1847812671963221,16.39,16.46,16.425,0.004261796042617978
2026-11-30,129,708.0,CALL,0.9584664631775844,0.6778453940370258,0.2088294674654911,55.4,57.21,56.305,0.03214634579522249
2026-11-30,129,708.0,PUT,0.9584664631775844,-0.3075298363340803,0.18417660759014112,16.6,16.67,16.635,0.0042079951908626555
2026-11-30,129,709.0,PUT,0.9598202293685132,-0.3115878905358682,0.18349521487112178,16.81,16.88,16.845,0.004155535767290014
2026-11-30,129,709.0,CALL,0.9598202293685132,0.6763416439208454,0.20430940847763485,53.33,56.66,54.995,0.06055095917810707
2026-11-30,129,710.0,CALL,0.9611739955594419,0.6727589966578841,0.2030525436187852,52.55,55.89,54.22,0.061600885282183764
2026-11-30,129,710.0,PUT,0.9611739955594419,-0.315657819335584,0.18250298264399104,17.03,17.1,17.065,0.004101963082332276
2026-11-30,129,711.0,CALL,0.9625277617503708,0.6693517595790197,0.20143474690250945,51.6,55.17,53.385000000000005,0.06687271705535262
2026-11-30,129,711.0,PUT,0.9625277617503708,-0.319686675951486,0.18127999713070658,17.24,17.32,17.28,0.004629629629629736
2026-11-30,129,712.0,CALL,0.9638815279412996,0.6656045691649471,0.2003065825616321,50.92,54.34,52.63,0.06498194945848379
2026-11-30,129,712.0,PUT,0.9638815279412996,-0.3238149310016664,0.18012105248286925,17.47,17.54,17.505,0.003998857469294504
2026-11-30,129,713.0,PUT,0.9652352941322283,-0.3280055990757909,0.17896307741819478,17.69,17.77,17.73,0.004512126339537411
2026-11-30,129,714.0,CALL,0.9665890603231572,0.6581545014506144,0.19775731948758415,49.28,52.86,51.07,0.07009986293322887
2026-11-30,129,714.0,PUT,0.9665890603231572,-0.33227684793936496,0.17783587554295777,17.92,18.0,17.96,0.004454342984409705
2026-11-30,129,715.0,PUT,0.9679428265140859,-0.3366231392619634,0.1767424456122901,18.16,18.23,18.195,0.003847210772190178
2026-11-30,129,715.0,CALL,0.9679428265140859,0.6542593657614527,0.1966693605717563,49.72,50.92,50.32,0.023847376788553316
2026-11-30,129,716.0,CALL,0.9692965927050148,0.6523107788214484,0.1919325383844392,48.17,49.76,48.965,0.03247217400183797
2026-11-30,129,716.0,PUT,0.9692965927050148,-0.34104237727123615,0.1756827746432766,18.4,18.47,18.435,0.003797125033902918
2026-11-30,129,717.0,CALL,0.9706503588959435,0.6464346750335453,0.19432212173311558,47.42,50.16,48.79,0.05615904898544773
2026-11-30,129,717.0,PUT,0.9706503588959435,-0.34549541823752394,0.17459638250653198,18.63,18.71,18.67,0.0042849491162293436
2026-11-30,129,718.0,CALL,0.9720041250868723,0.6424074873443152,0.19324389682497276,46.67,49.41,48.04,0.05703580349708565
2026-11-30,129,718.0,PUT,0.9720041250868723,-0.3500593795353646,0.1736037957486949,18.88,18.96,18.92,0.004228329809725256
2026-11-30,129,719.0,PUT,0.9733578912778011,-0.3546863389714335,0.1726125538980454,19.13,19.21,19.17,0.004173187271778917
2026-11-30,129,719.0,CALL,0.9733578912778011,0.6383361589234664,0.19216886348334816,45.92,48.66,47.29,0.057940367942482446
2026-11-30,129,720.0,PUT,0.9747116574687299,-0.35937300710151093,0.1716223582982924,19.38,19.46,19.42,0.004119464469619044
2026-11-30,129,720.0,CALL,0.9747116574687299,0.6342341931170573,0.1910670299444083,45.94,47.13,46.535,0.025572149994627806
2026-11-30,129,721.0,PUT,0.9760654236596586,-0.364151204584028,0.17069376941238582,19.64,19.72,19.68,0.004065040650406418
2026-11-30,129,721.0,CALL,0.9760654236596586,0.630018389423489,0.19011831691741346,44.44,47.17,45.805,0.0596004802969109
2026-11-30,129,722.0,PUT,0.9774191898505875,-0.36901177686304576,0.16982826936567663,19.91,19.99,19.95,0.0040100250626565566
2026-11-30,129,722.0,CALL,0.9774191898505875,0.6257742029962536,0.1891425742786234,43.71,46.43,45.07,0.060350565786554226
2026-11-30,129,723.0,CALL,0.9787729560415163,0.6214871195445908,0.188169819077789,42.98,45.69,44.334999999999994,0.06112552159693247
2026-11-30,129,723.0,PUT,0.9787729560415163,-0.37390132230906675,0.1689046636188558,20.17,20.25,20.21,0.0039584364176149574
2026-11-30,129,724.0,CALL,0.980126722232445,0.6174756672116412,0.18639454774780206,42.25,44.68,43.465,0.05590705165075347
2026-11-30,129,724.0,PUT,0.980126722232445,-0.37888982298583884,0.16807325317729824,20.44,20.53,20.485,0.004393458628264577
2026-11-30,129,725.0,PUT,0.9814804884233739,-0.3839423198375213,0.1672379619216237,20.72,20.8,20.759999999999998,0.003853564547206255
2026-11-30,129,725.0,CALL,0.9814804884233739,0.6127378366576441,0.18635246654803456,42.32,43.45,42.885000000000005,0.026349539466013813
2026-11-30,129,726.0,CALL,0.9828342546143026,0.6082901697024101,0.18547779093318476,41.6,42.73,42.165,0.026799478240246543
2026-11-30,129,726.0,PUT,0.9828342546143026,-0.3890933924896233,0.1664570365035025,21.0,21.09,21.045,0.0042765502494654245
2026-11-30,129,727.0,CALL,0.9841880208052314,0.6038114082650289,0.18457617966623888,40.1,42.78,41.44,0.06467181467181467
2026-11-30,129,727.0,PUT,0.9841880208052314,-0.3942973182542192,0.1656429895013744,21.28,21.37,21.325000000000003,0.004220398593200462
2026-11-30,129,728.0,CALL,0.9855417869961602,0.5992623586198692,0.18376638280657018,40.17,41.29,40.730000000000004,0.027498158605450462
2026-11-30,129,728.0,PUT,0.9855417869961602,-0.39957267589570444,0.1648911893168323,21.57,21.66,21.615000000000002,0.004163775156141561
2026-11-30,129,729.0,CALL,0.986895553187089,0.5946656769753884,0.18298878484309758,39.47,40.58,40.025,0.027732667083073065
2026-11-30,129,729.0,PUT,0.986895553187089,-0.40489702960264845,0.1641419860266548,21.86,21.95,21.905,0.004108650992923984
2026-11-30,129,730.0,CALL,0.9882493193780179,0.5890910207471549,0.18584863932677415,39.22,40.65,39.935,0.03580818830599724
2026-11-30,129,730.0,PUT,0.9882493193780179,-0.41033913766665037,0.1635067254758362,22.17,22.26,22.215000000000003,0.004051316677920317
2026-11-30,129,731.0,CALL,0.9896030855689466,0.5853578417336339,0.18144111867918858,37.29,39.94,38.614999999999995,0.06862618153567264
2026-11-30,129,731.0,PUT,0.9896030855689466,-0.41582462869536246,0.16280832859539032,22.47,22.56,22.515,0.0039973351099267095
2026-11-30,129,732.0,CALL,0.9909568517598754,0.5806266924748332,0.18075945306812072,37.38,38.47,37.925,0.028740936058009134
2026-11-30,129,732.0,PUT,0.9909568517598754,-0.4213699240886133,0.16217144063615385,22.78,22.87,22.825000000000003,0.003943044906900322
2026-11-30,129,733.0,CALL,0.9923106179508042,0.5758666172689111,0.18005061171733602,35.91,38.55,37.23,0.07091055600322323
2026-11-30,129,733.0,PUT,0.9923106179508042,-0.42702118372796494,0.1615662089289005,23.1,23.19,23.145000000000003,0.003888528839922223
2026-11-30,129,734.0,PUT,0.993664384141733,-0.43274348157111625,0.16101439149575136,23.43,23.52,23.475,0.0038338658146964792
2026-11-30,129,734.0,CALL,0.993664384141733,0.571060163342424,0.17940284521706718,35.23,37.86,36.545,0.07196606922971685
2026-11-30,129,735.0,PUT,0.9950181503326617,-0.43852196334129573,0.16039836067449503,23.75,23.84,23.795,0.0037823072073965057
2026-11-30,129,735.0,CALL,0.9950181503326617,0.5663626638215575,0.17778966543616886,35.35,36.04,35.695,0.019330438436755783
2026-11-30,129,736.0,PUT,0.9963719165235906,-0.44439159695839814,0.15984263536210686,24.08,24.18,24.13,0.004144218814753478
2026-11-30,129,736.0,CALL,0.9963719165235906,0.5613390803375,0.17817230824512323,34.64,35.73,35.185,0.030979110416370505
2026-11-30,129,737.0,PUT,0.9977256827145193,-0.4503203224099026,0.15926990257062645,24.42,24.51,24.465000000000003,0.003678724708767621
2026-11-30,129,737.0,CALL,0.9977256827145193,0.5564465382654258,0.1773847945180825,33.9,35.05,34.474999999999994,0.03335750543872368
2026-11-30,129,738.0,PUT,0.9990794489054481,-0.45635446531857277,0.15865508672752185,24.76,24.87,24.815,0.004432802740278035
2026-11-30,129,738.0,CALL,0.9990794489054481,0.5514759551455252,0.17712504052159533,32.56,35.15,33.855000000000004,0.07650273224043704
2026-11-30,129,739.0,CALL,1.0004332150963768,0.5464893150613808,0.1760519252200052,32.67,33.72,33.195,0.03163126976954352
2026-11-30,129,739.0,PUT,1.0004332150963768,-0.46228669059989325,0.15754497050980198,25.11,25.21,25.16,0.003974562798092266
2026-11-30,129,740.0,PUT,1.0017869812873057,-0.46823498203152586,0.15640640594740365,25.47,25.57,25.52,0.003918495297805699
2026-11-30,129,740.0,CALL,1.0017869812873057,0.5414299931737196,0.17473380823491935,32.01,33.06,32.535,0.032272936837252325
2026-11-30,129,741.0,CALL,1.0031407474782346,0.5362961753802649,0.17353635304872694,31.38,32.41,31.894999999999996,0.03229346292522332
2026-11-30,129,741.0,PUT,1.0031407474782346,-0.47426992029923837,0.1552724257627124,25.83,25.93,25.88,0.0038639876352396223
2026-11-30,129,742.0,PUT,1.0044945136691632,-0.48039560063603964,0.15425722597841054,26.21,26.31,26.259999999999998,0.0038080731150037274
2026-11-30,129,742.0,CALL,1.0044945136691632,0.5310891321149714,0.17228515622501214,29.97,32.52,31.245,0.08161305808929442
2026-11-30,129,743.0,PUT,1.005848279860092,-0.4866394170511348,0.15318327181485245,26.58,26.68,26.63,0.003755163349605761
2026-11-30,129,743.0,CALL,1.005848279860092,0.5257770458950889,0.17063354489909444,29.94,31.11,30.525,0.03832923832923827
2026-11-30,129,744.0,CALL,1.007202046051021,0.5204780928980315,0.17008477651281048,29.96,30.03,29.995,0.0023337222870478506
2026-11-30,129,744.0,PUT,1.007202046051021,-0.49300067866885894,0.1520232934497881,26.93,27.04,26.985,0.004076338706688881
2026-11-30,129,745.0,PUT,1.0085558122419498,-0.4993733757856457,0.15121105656322856,27.35,27.45,27.4,0.0036496350364962726
2026-11-30,129,745.0,CALL,1.0085558122419498,0.5150701513214747,0.16899053484386717,29.34,29.4,29.369999999999997,0.0020429009193053704
2026-11-30,129,746.0,PUT,1.0099095784328784,-0.5058713717679537,0.15028397016431758,27.74,27.85,27.795,0.003957546321280913
2026-11-30,129,746.0,CALL,1.0099095784328784,0.5095975041963093,0.16792905250381035,28.72,28.78,28.75,0.0020869565217392096
2026-11-30,129,747.0,PUT,1.0112633446238073,-0.5124477116303015,0.14941541501797606,28.15,28.25,28.2,0.0035460992907801925
2026-11-30,129,747.0,CALL,1.0112633446238073,0.5040562115695791,0.1668714888716621,28.1,28.16,28.130000000000003,0.0021329541414859122
2026-11-30,129,748.0,CALL,1.0126171108147362,0.498458914172521,0.16587516598668153,27.49,27.55,27.52,0.0021802325581396177
2026-11-30,129,748.0,PUT,1.0126171108147362,-0.5191044871162498,0.1485480575466898,28.55,28.66,28.605,0.0038454815591679576
2026-11-30,129,749.0,CALL,1.0139708770056648,0.49281060816937894,0.16493977456060044,26.89,26.95,26.92,0.0022288261515601305
2026-11-30,129,749.0,PUT,1.0139708770056648,-0.5258708987982091,0.14775162439424366,28.97,29.08,29.025,0.0037898363479758634
2026-11-30,129,750.0,PUT,1.0153246431965937,-0.53273644725159,0.1469498240909098,29.39,29.5,29.445,0.003735778570215637
2026-11-30,129,750.0,CALL,1.0153246431965937,0.48709894969217665,0.16400792599164213,26.29,26.35,26.32,0.002279635258358749
2026-11-30,129,751.0,CALL,1.0166784093875225,0.48134280997733775,0.1631365985799012,25.7,25.76,25.73,0.002331908278274476
2026-11-30,129,751.0,PUT,1.0166784093875225,-0.5396383133983725,0.14623223867260407,29.82,29.94,29.880000000000003,0.004016064257028145
2026-11-30,129,752.0,PUT,1.0180321755784512,-0.54667723188784,0.14550873359565722,30.26,30.37,30.315,0.003628566716147103
2026-11-30,129,752.0,CALL,1.0180321755784512,0.4755260304920634,0.1622686222639518,25.11,25.17,25.14,0.0023866348448688254
2026-11-30,129,753.0,PUT,1.01938594176938,-0.5538181225861548,0.14477845838828438,30.69,30.81,30.75,0.0039024390243901606
2026-11-30,129,753.0,CALL,1.01938594176938,0.46969549636282354,0.16151747463134672,24.54,24.6,24.57,0.0024420024420025344
2026-11-30,129,754.0,CALL,1.0207397079603089,0.4637857317399608,0.1607126296180285,23.96,24.02,23.990000000000002,0.0025010421008753113
2026-11-30,129,754.0,PUT,1.0207397079603089,-0.5609610939867407,0.14421319317635328,31.16,31.27,31.215,0.0035239468204388735
2026-11-30,129,755.0,CALL,1.0220934741512375,0.45787388706749954,0.1600239458907854,23.4,23.46,23.43,0.00256081946222801
2026-11-30,129,755.0,PUT,1.0220934741512375,-0.5682714803074459,0.1435569960303324,31.61,31.72,31.665,0.003473867045633963
2026-11-30,129,756.0,CALL,1.0234472403421664,0.4519121143680394,0.15933796797512303,22.84,22.9,22.869999999999997,0.0026235242675994195
2026-11-30,129,756.0,PUT,1.0234472403421664,-0.5755656764846689,0.14301514404451188,32.08,32.2,32.14,0.003733665214685891
2026-11-30,129,757.0,CALL,1.0248010065330952,0.44593239593415224,0.15871097107632195,22.29,22.35,22.32,0.0026881720430108544
2026-11-30,129,757.0,PUT,1.0248010065330952,-0.5829765544754051,0.14245114087754968,32.56,32.67,32.615,0.0033726812816188695
2026-11-30,129,758.0,CALL,1.026154772724024,0.43994095957082985,0.1581426117182951,21.75,21.81,21.78,0.0027548209366390596
2026-11-30,129,758.0,PUT,1.026154772724024,-0.5905014513546629,0.1418811017464548,33.03,33.15,33.09,0.0036264732547596685
2026-11-30,129,759.0,CALL,1.0275085389149528,0.43390744844842605,0.15757650786940475,21.21,21.27,21.240000000000002,0.0028248587570620866
2026-11-30,129,759.0,PUT,1.0275085389149528,-0.5981489852924285,0.14125217290964553,31.82,35.3,33.56,0.10369487485101302
2026-11-30,129,760.0,CALL,1.0288623051058816,0.42787054646947165,0.15706858204482932,20.68,20.74,20.71,0.002897151134717466
2026-11-30,129,760.0,PUT,1.0288623051058816,-0.6056864943534552,0.1408546697886225,33.2,34.96,34.08,0.05164319248826286
2026-11-30,129,761.0,CALL,1.0302160712968103,0.4218366862320232,0.15661848698758654,20.16,20.22,20.189999999999998,0.0029717682020801747
2026-11-30,129,761.0,PUT,1.0302160712968103,-0.6135406496605844,0.14006090453444273,33.7,35.42,34.56,0.04976851851851848
2026-11-30,129,762.0,PUT,1.0315698374877391,-0.6206735333464308,0.13924267195644666,33.36,36.88,35.120000000000005,0.1002277904328019
2026-11-30,129,762.0,CALL,1.0315698374877391,0.41581233417958874,0.15622587576787222,19.65,19.71,19.68,0.0030487804878049935
2026-11-30,129,763.0,PUT,1.032923603678668,-0.6282443002592333,0.13809008385688754,33.88,37.39,35.635000000000005,0.09849866704083057
2026-11-30,129,763.0,CALL,1.032923603678668,0.4097131420066066,0.1557792517925735,19.13,19.19,19.16,0.003131524008350849
2026-11-30,129,764.0,CALL,1.0342773698695966,0.40369543553792087,0.15518100027601914,18.64,18.69,18.665,0.0026788106080900464
2026-11-30,129,764.0,PUT,1.0342773698695966,-0.6358764475871824,0.1370601137657769,34.42,37.92,36.17,0.09676527508985347
2026-11-30,129,765.0,CALL,1.0356311360605255,0.397650058027351,0.15403779670743767,18.15,18.21,18.18,0.0033003300330034253
2026-11-30,129,765.0,PUT,1.0356311360605255,-0.6435667469614177,0.13609197319499017,34.96,38.47,36.715,0.09560125289391251
2026-11-30,129,766.0,CALL,1.0369849022514543,0.39148761115458264,0.1528681333404028,17.66,17.72,17.689999999999998,0.0033917467495759596
2026-11-30,129,766.0,PUT,1.0369849022514543,-0.6513271679316806,0.1351813366582242,35.52,39.02,37.27,0.09390931043734907
2026-11-30,129,767.0,CALL,1.038338668442383,0.3853432604499006,0.15182955597353381,17.19,17.25,17.22,0.003484320557491215
2026-11-30,129,768.0,CALL,1.0396924346333118,0.3790849093792741,0.15076428820423607,16.72,16.77,16.744999999999997,0.002985965959988099
2026-11-30,129,769.0,CALL,1.0410462008242407,0.3728626143794168,0.14982907376271803,16.26,16.32,16.29,0.0036832412523019474
2026-11-30,129,769.0,PUT,1.0410462008242407,-0.6748948945449224,0.13275829988490123,37.24,40.74,38.99,0.08976660682226212
2026-11-30,129,770.0,CALL,1.0423999670151696,0.3665952517153707,0.14892934537368016,15.81,15.87,15.84,0.0037878787878787073
2026-11-30,129,770.0,PUT,1.0423999670151696,-0.6862158176589598,0.13020280560232678,37.84,40.76,39.3,0.07430025445292608
2026-11-30,129,771.0,CALL,1.0437537332060982,0.360252309188306,0.14803375422303336,15.36,15.42,15.39,0.0038986354775828783
2026-11-30,129,771.0,PUT,1.0437537332060982,-0.6909169033004979,0.1313727504937195,38.44,41.93,40.185,0.08684832648998386
2026-11-30,129,772.0,CALL,1.045107499397027,0.35390418544620156,0.1472044326109892,14.92,14.98,14.95,0.004013377926421438
2026-11-30,129,773.0,PUT,1.046461265587956,-0.7097543562693567,0.12904547300228367,39.67,42.83,41.25,0.07660606060606052
2026-11-30,129,773.0,CALL,1.046461265587956,0.3475592022257881,0.14644091974986637,14.49,14.55,14.52,0.0041322314049587125
2026-11-30,129,774.0,PUT,1.0478150317788846,-0.7164339712679086,0.12932070657954278,40.31,43.7,42.005,0.0807046780145221
2026-11-30,129,774.0,CALL,1.0478150317788846,0.341225792508915,0.14574275259726235,14.07,14.13,14.100000000000001,0.004255319148936205
2026-11-30,129,775.0,PUT,1.0491687979698134,-0.724969199368131,0.1287570338836933,40.95,44.33,42.64,0.07926829268292672
2026-11-30,129,775.0,CALL,1.0491687979698134,0.3349124652994501,0.14510946748672013,13.66,13.72,13.690000000000001,0.004382761139517933
2026-11-30,129,776.0,PUT,1.0505225641607423,-0.7334848449631594,0.12823116572158735,41.6,44.97,43.285,0.077856070232182
2026-11-30,129,776.0,CALL,1.0505225641607423,0.32858621320994646,0.14450986131963,13.26,13.31,13.285,0.0037636432066240656
2026-11-30,129,777.0,CALL,1.051876330351671,0.32229423547005487,0.1439743666816674,12.86,12.92,12.89,0.0046547711404189675
2026-11-30,129,778.0,CALL,1.0532300965425998,0.316045117002096,0.14350252266684277,12.48,12.53,12.504999999999999,0.003998400639744017
2026-11-30,129,778.0,PUT,1.0532300965425998,-0.7512550009958592,0.12697036522815333,42.94,46.18,44.56,0.07271095152603235
2026-11-30,129,779.0,CALL,1.0545838627335287,0.30980149386050054,0.1430633616164383,12.1,12.15,12.125,0.004123711340206244
2026-11-30,129,779.0,PUT,1.0545838627335287,-0.7585413443644412,0.12698702536063194,43.62,46.99,45.305,0.07438472574771007
2026-11-30,129,780.0,CALL,1.0559376289244573,0.3035675851607861,0.14265665559939117,11.72,11.78,11.75,0.005106382978723296
2026-11-30,129,780.0,PUT,1.0559376289244573,-0.7675680349726243,0.12612778965504307,44.31,47.61,45.96,0.07180156657963441
2026-11-30,129,781.0,CALL,1.0572913951153862,0.29739634411131116,0.14231253886927314,11.36,11.41,11.385,0.004391743522178367
2026-11-30,129,782.0,CALL,1.058645161306315,0.29134620480915,0.1420608562429041,11.01,11.06,11.035,0.004531037607612208
2026-11-30,129,783.0,CALL,1.0599989274972437,0.2852751325988884,0.14181030116196683,10.66,10.71,10.685,0.004679457182966842
2026-11-30,129,783.0,PUT,1.0599989274972437,-0.7894211291722325,0.12450573225150725,46.47,50.01,48.239999999999995,0.07338308457711441
2026-11-30,129,785.0,PUT,1.0627064598791014,-0.8092788551060194,0.12180504426773386,47.93,51.25,49.59,0.06694898164952612
2026-11-30,129,785.0,CALL,1.0627064598791014,0.2733945897804444,0.14149303237003127,9.99,10.04,10.015,0.004992511233150168
2026-11-30,129,790.0,CALL,1.0694752908337453,0.24433029248947902,0.13724480847583884,8.46,8.51,8.485,0.005892751915144248
2026-11-30,129,790.0,PUT,1.0694752908337453,-0.8467092043233256,0.11992108066520624,51.81,55.35,53.58,0.06606942889137736
2026-11-30,129,795.0,CALL,1.0762441217883894,0.21605521789821644,0.134388213020255,7.11,7.16,7.135,0.0070077084793272355
2026-11-30,129,800.0,PUT,1.0830129527430332,-0.9281545318365262,0.11515280407276182,60.38,63.9,62.14,0.05664628258770512
2026-11-30,129,800.0,CALL,1.0830129527430332,0.18954037864112366,0.1329605444022846,5.94,5.99,5.965,0.008382229673093013
2026-11-30,129,805.0,PUT,1.089781783697677,-0.9732575679412893,0.11053245936842195,65.0,68.41,66.705,0.051120605651750195
2026-11-30,129,805.0,CALL,1.089781783697677,0.16540243952817968,0.13279461071090004,4.94,4.98,4.960000000000001,0.008064516129032263
2026-11-30,129,810.0,CALL,1.0965506146523212,0.14323614922780942,0.12948704479535658,4.08,4.12,4.1,0.009756097560975618
2026-11-30,129,815.0,CALL,1.103319445606965,0.12280053515494813,0.12764289575172102,3.35,3.39,3.37,0.011869436201780426
2026-11-30,129,820.0,CALL,1.1100882765616091,0.1046380210176054,0.1271257387236398,2.74,2.78,2.76,0.014492753623188259
2026-11-30,129,825.0,CALL,1.116857107516253,0.08882900800446994,0.12759399933978097,2.23,2.27,2.25,0.017777777777777795
2026-11-30,129,830.0,CALL,1.1236259384708969,0.0751649880635456,0.12522492612752212,1.82,1.85,1.835,0.01634877384196187
2026-11-30,129,835.0,CALL,1.130394769425541,0.0631921454623977,0.12424546295266778,1.48,1.51,1.495,0.02006688963210704
2026-11-30,129,840.0,CALL,1.1371636003801848,0.05288408800206289,0.12433431256020117,1.2,1.23,1.2149999999999999,0.024691358024691384
2026-11-30,129,845.0,CALL,1.143932431334829,0.04417906240549349,0.12528182988697395,0.97,1.0,0.985,0.0304568527918782
2026-11-30,129,850.0,CALL,1.1507012622894728,0.03710799672042251,0.12444186470285644,0.79,0.82,0.8049999999999999,0.03726708074534151
2026-11-30,129,855.0,CALL,1.1574700932441166,0.03108764345728567,0.12382174692868748,0.65,0.67,0.66,0.030303030303030328
2026-11-30,129,860.0,CALL,1.1642389241987607,0.026111848430915588,0.12421023244895713,0.53,0.56,0.545,0.05504587155963307
2026-11-30,129,865.0,CALL,1.1710077551534046,0.02191676688455146,0.1252469758531017,0.44,0.46,0.45,0.04444444444444448
2026-11-30,129,870.0,CALL,1.1777765861080487,0.018735176303968416,0.12708091609033967,0.37,0.39,0.38,0.05263157894736847
2026-11-30,129,875.0,CALL,1.1845454170626926,0.01619682567945633,0.12810283026510041,0.32,0.33,0.325,0.030769230769230795
2026-11-30,129,880.0,CALL,1.1913142480173364,0.014052662221573189,0.1283535442556922,0.27,0.29,0.28,0.07142857142857129
2026-11-30,129,885.0,CALL,1.1980830789719805,0.012523028272319938,0.12971564322580892,0.24,0.26,0.25,0.08000000000000007
2026-11-30,129,890.0,CALL,1.2048519099266244,0.01102530352496325,0.1310555303693844,0.21,0.23,0.22,0.090909090909091
2026-11-30,129,895.0,CALL,1.2116207408812685,0.009557778971891412,0.1323741267650675,0.18,0.2,0.19,0.10526315789473693
2026-11-30,129,900.0,CALL,1.2183895718359123,0.008530152477138451,0.13440750270932825,0.16,0.18,0.16999999999999998,0.11764705882352937
2026-11-30,129,905.0,CALL,1.2251584027905564,0.007939400578212465,0.13715136748866122,0.15,0.17,0.16,0.1250000000000001
2026-11-30,129,910.0,CALL,1.2319272337452003,0.006970219846111054,0.13913393962311385,0.13,0.15,0.14,0.14285714285714277
2026-11-30,129,915.0,CALL,1.2386960646998442,0.006429117616816504,0.14182751657759185,0.12,0.14,0.13,0.15384615384615397
2026-11-30,129,920.0,CALL,1.2454648956544883,0.005907907099898705,0.14415171593326476,0.11,0.13,0.12,0.1666666666666667
2026-12-18,147,445.0,CALL,0.6024259549633122,0.9530389692228616,0.5283666813794085,299.17,302.71,300.94,0.011763142154582188
2026-12-18,147,445.0,PUT,0.6024259549633122,-0.018604119793173546,0.4231692999942717,1.49,1.5,1.495,0.006688963210702346
2026-12-18,147,450.0,CALL,0.6091947859179562,0.95199780814642,0.5205478855194104,294.33,297.79,296.06,0.011686820239140838
2026-12-18,147,450.0,PUT,0.6091947859179562,-0.019499970139993238,0.41890621171215714,1.55,1.56,1.5550000000000002,0.0064308681672025775
2026-12-18,147,455.0,CALL,0.6159636168726002,0.9493386727042621,0.5210533071545127,289.45,293.49,291.47,0.013860774693793598
2026-12-18,147,455.0,PUT,0.6159636168726002,-0.020416357647933876,0.41464468366557505,1.61,1.62,1.6150000000000002,0.0061919504643962895
2026-12-18,147,460.0,CALL,0.6227324478272441,0.948539542486522,0.5111033489937938,284.59,288.48,286.53499999999997,0.01357600293157919
2026-12-18,147,460.0,PUT,0.6227324478272441,-0.02140292346611177,0.4092717316840862,1.67,1.69,1.68,0.011904761904761916
2026-12-18,147,465.0,CALL,0.6295012787818881,0.9473010083589088,0.5021318102912672,279.74,283.61,281.675,0.013739238484068534
2026-12-18,147,465.0,PUT,0.6295012787818881,-0.022405302883159284,0.4027131434149216,1.74,1.75,1.745,0.005730659025787971
2026-12-18,147,470.0,CALL,0.636270109736532,0.9467424854489225,0.49123708005196465,274.91,278.47,276.69000000000005,0.01286638476273086
2026-12-18,147,470.0,PUT,0.636270109736532,-0.023483822816184635,0.39637428294829835,1.81,1.82,1.815,0.005509641873278242
2026-12-18,147,475.0,PUT,0.643038940691176,-0.024640733505671867,0.39025170610458176,1.88,1.9,1.89,0.010582010582010592
2026-12-18,147,475.0,CALL,0.643038940691176,0.9455618589550461,0.4821527505482237,270.05,273.57,271.81,0.01295022258195056
2026-12-18,147,480.0,CALL,0.6498077716458199,0.944111706536252,0.4738095670055714,265.21,268.73,266.97,0.013185002060156716
2026-12-18,147,480.0,PUT,0.6498077716458199,-0.02578489554318192,0.38405963570371043,1.95,1.97,1.96,0.01020408163265307
2026-12-18,147,485.0,PUT,0.6565766026004639,-0.027057338958147825,0.37822054839623626,2.03,2.05,2.04,0.00980392156862746
2026-12-18,147,485.0,CALL,0.6565766026004639,0.9423811249017495,0.46619655505228597,260.39,263.95,262.16999999999996,0.01357897547392914
2026-12-18,147,490.0,CALL,0.6633454335551079,0.9412361196898719,0.45700145635996686,255.53,259.0,257.265,0.013488037626571818
2026-12-18,147,490.0,PUT,0.6633454335551079,-0.028413840120574144,0.37258934317458636,2.12,2.13,2.125,0.004705882352941076
2026-12-18,147,495.0,CALL,0.6701142645097518,0.9378662043642697,0.45359070633055865,250.71,254.73,252.72,0.015906932573599167
2026-12-18,147,495.0,PUT,0.6701142645097518,-0.029808761116590008,0.36702376244231294,2.2,2.22,2.21,0.009049773755656116
2026-12-18,147,500.0,CALL,0.6768830954643957,0.9374426650623666,0.4424447147674542,245.9,249.46,247.68,0.014373385012919905
2026-12-18,147,500.0,PUT,0.6768830954643957,-0.031291084442352714,0.36166121906932486,2.29,2.31,2.3,0.008695652173913052
2026-12-18,147,505.0,CALL,0.6836519264190397,0.9356353205218492,0.43485582645054,241.08,244.64,242.86,0.01465865107469313
2026-12-18,147,505.0,PUT,0.6836519264190397,-0.03291053197177104,0.35663658134835263,2.39,2.41,2.4000000000000004,0.00833333333333334
2026-12-18,147,510.0,CALL,0.6904207573736837,0.9341843943367383,0.42633733842165994,236.18,239.77,237.97500000000002,0.015085618237209804
2026-12-18,147,510.0,PUT,0.6904207573736837,-0.034573399206775636,0.35166936458933007,2.49,2.51,2.5,0.00799999999999983
2026-12-18,147,515.0,CALL,0.6971895883283277,0.932238655092944,0.4189942019228251,231.36,234.96,233.16000000000003,0.015440041173443103
2026-12-18,147,515.0,PUT,0.6971895883283277,-0.03637724757358538,0.34703088441648056,2.6,2.62,2.6100000000000003,0.007662835249042151
2026-12-18,147,520.0,PUT,0.7039584192829715,-0.03822647386961776,0.3424468526013442,2.71,2.73,2.7199999999999998,0.007352941176470595
2026-12-18,147,520.0,CALL,0.7039584192829715,0.9301368849882382,0.41196155967086795,226.62,230.1,228.36,0.01523909616395161
2026-12-18,147,525.0,PUT,0.7107272502376155,-0.0402182370579906,0.3381864713608309,2.83,2.85,2.84,0.007042253521126767
2026-12-18,147,525.0,CALL,0.7107272502376155,0.9261420615737738,0.40937749286428077,221.81,225.88,223.845,0.018182224306998115
2026-12-18,147,530.0,CALL,0.7174960811922595,0.9255778077195643,0.3985046247344546,217.06,220.51,218.785,0.015768905546541073
2026-12-18,147,530.0,PUT,0.7174960811922595,-0.0422576180767713,0.3339753173379794,2.95,2.97,2.96,0.006756756756756763
2026-12-18,147,535.0,PUT,0.7242649121469035,-0.04444477399418972,0.330067807734179,3.08,3.1,3.09,0.00647249190938512
2026-12-18,147,535.0,CALL,0.7242649121469035,0.9233108566911538,0.3916185221044534,212.18,215.78,213.98000000000002,0.01682400224320027
2026-12-18,147,540.0,PUT,0.7310337431015475,-0.04677651776628121,0.3264679710820368,3.22,3.24,3.2300000000000004,0.0061919504643962895
2026-12-18,147,540.0,CALL,0.7310337431015475,0.9208743332642149,0.38503296137126997,207.44,210.94,209.19,0.016731201300253358
2026-12-18,147,545.0,PUT,0.7378025740561914,-0.049263404958399336,0.32311453273049195,3.37,3.39,3.38,0.0059171597633136145
2026-12-18,147,545.0,CALL,0.7378025740561914,0.9181641644163785,0.37896978563386063,202.63,206.23,204.43,0.01760993983270554
2026-12-18,147,550.0,PUT,0.7445714050108353,-0.05191924889738304,0.31878671252885477,3.53,3.55,3.54,0.005649717514124299
2026-12-18,147,550.0,CALL,0.7445714050108353,0.9153756190083925,0.37297193849629534,197.87,201.47,199.67000000000002,0.018029749085991857
2026-12-18,147,555.0,PUT,0.7513402359654793,-0.05466677310758547,0.31306116712100224,3.69,3.72,3.705,0.008097165991902902
2026-12-18,147,555.0,CALL,0.7513402359654793,0.9124393977534166,0.367187855975425,193.12,196.72,194.92000000000002,0.018469115534578258
2026-12-18,147,560.0,CALL,0.7581090669201233,0.9093526771966172,0.36161466820892924,188.38,191.98,190.18,0.01892943527184769
2026-12-18,147,560.0,PUT,0.7581090669201233,-0.0576529285831716,0.3076243899399934,3.87,3.9,3.885,0.007722007722007672
2026-12-18,147,565.0,CALL,0.7648778978747672,0.906112957336357,0.35624953947469434,183.65,187.25,185.45,0.019412240496090562
2026-12-18,147,565.0,PUT,0.7648778978747672,-0.06078845284172439,0.3023224445266746,4.06,4.08,4.07,0.0049140049140050275
2026-12-18,147,570.0,CALL,0.7716467288294112,0.9027180685572174,0.3510896754509788,178.93,182.53,180.73000000000002,0.019919216510817208
2026-12-18,147,570.0,PUT,0.7716467288294112,-0.06417279315727416,0.2973032841643641,4.26,4.28,4.27,0.004683840749414628
2026-12-18,147,575.0,PUT,0.7784155597840551,-0.06780974985871364,0.2925635988784658,4.47,4.5,4.484999999999999,0.006688963210702397
2026-12-18,147,575.0,CALL,0.7784155597840551,0.8991991880842383,0.346059128376541,174.21,177.82,176.015,0.020509615657756358
2026-12-18,147,580.0,PUT,0.7851843907386991,-0.07161073783986575,0.2879477990245761,4.69,4.72,4.705,0.006376195536662989
2026-12-18,147,580.0,CALL,0.7851843907386991,0.8946086931374508,0.34326812460507483,169.73,173.17,171.45,0.0200641586468358
2026-12-18,147,585.0,PUT,0.791953221693343,-0.07571930394766009,0.28367699284541686,4.93,4.96,4.945,0.006066734074823103
2026-12-18,147,585.0,CALL,0.791953221693343,0.8915510209409905,0.33611868866283023,164.83,168.44,166.635,0.021664116182074505
2026-12-18,147,590.0,PUT,0.798722052647987,-0.08004056925754499,0.27960226146873135,5.18,5.21,5.195,0.005774783445620837
2026-12-18,147,590.0,CALL,0.798722052647987,0.8873416293275388,0.32932529597489346,160.17,163.78,161.975,0.022287390029325598
2026-12-18,147,595.0,CALL,0.805490883602631,0.8829023379287771,0.32269720516067896,155.52,159.13,157.325,0.02294613062132519
2026-12-18,147,595.0,PUT,0.805490883602631,-0.0846697542660177,0.2758657237303608,5.45,5.48,5.465,0.0054894784995425895
2026-12-18,147,600.0,CALL,0.8122597145572749,0.877861717088306,0.31675754691770136,150.99,154.49,152.74,0.022914757103574702
2026-12-18,147,600.0,PUT,0.8122597145572749,-0.089519984894493,0.2723051568269161,5.73,5.76,5.745,0.005221932114882395
2026-12-18,147,605.0,CALL,0.8190285455119188,0.8724432436627528,0.3111651783315557,146.46,149.91,148.185,0.023281708674967025
2026-12-18,147,605.0,PUT,0.8190285455119188,-0.09472502850742967,0.2691368036886859,6.04,6.06,6.05,0.003305785123966872
2026-12-18,147,610.0,CALL,0.8257973764665628,0.8680197081586689,0.3039296845888112,141.64,145.26,143.45,0.02523527361449986
2026-12-18,147,610.0,PUT,0.8257973764665628,-0.1002037452437782,0.2661769981004965,6.36,6.38,6.37,0.003139717425431644
2026-12-18,147,615.0,CALL,0.8325662074212068,0.8625088936856977,0.2980396319553213,137.05,140.65,138.85000000000002,0.02592725963269711
2026-12-18,147,615.0,PUT,0.8325662074212068,-0.10601425359566623,0.26294254490964386,6.69,6.72,6.705,0.004474272930648674
2026-12-18,147,620.0,PUT,0.8393350383758508,-0.11211260706871037,0.2575711661254949,7.05,7.08,7.0649999999999995,0.004246284501061607
2026-12-18,147,620.0,CALL,0.8393350383758508,0.8559100421800085,0.29347776279125903,132.62,136.15,134.385,0.026267812627897468
2026-12-18,147,625.0,PUT,0.8461038693304948,-0.11871955517316163,0.25254280270739593,7.44,7.47,7.455,0.004024144869215206
2026-12-18,147,625.0,CALL,0.8461038693304948,0.8495946755292857,0.28826670118903397,128.08,131.61,129.84500000000003,0.027186260541414767
2026-12-18,147,630.0,CALL,0.8528727002851386,0.8426177710835728,0.28376248603129856,123.66,127.09,125.375,0.027357926221336048
2026-12-18,147,630.0,PUT,0.8528727002851386,-0.1256722762689041,0.24766474296238838,7.84,7.87,7.855,0.003819223424570369
2026-12-18,147,635.0,PUT,0.8596415312397826,-0.13315625097811634,0.2431157145062908,8.27,8.3,8.285,0.0036210018105010426
2026-12-18,147,635.0,CALL,0.8596415312397826,0.8356156385703021,0.2790315204104005,119.16,122.59,120.875,0.02837642192347472
2026-12-18,147,640.0,PUT,0.8664103621944266,-0.141124106594884,0.23885114170462995,8.72,8.76,8.74,0.004576659038901504
2026-12-18,147,640.0,CALL,0.8664103621944266,0.8282351199924876,0.2745833091405346,114.68,118.12,116.4,0.029553264604810975
2026-12-18,147,645.0,PUT,0.8731791931490706,-0.14961830626882433,0.2349134745415049,9.21,9.24,9.225000000000001,0.0032520325203251334
2026-12-18,147,645.0,CALL,0.8731791931490706,0.8207472637861345,0.2700026070395973,110.14,113.67,111.905,0.031544613734864405
2026-12-18,147,650.0,PUT,0.8799480241037145,-0.1586002685229256,0.23124620462985057,9.72,9.75,9.735,0.0030816640986131858
2026-12-18,147,650.0,CALL,0.8799480241037145,0.8123499074193063,0.26652050672983824,105.8,109.25,107.525,0.03208556149732623
2026-12-18,147,655.0,PUT,0.8867168550583584,-0.16816613363500046,0.22791364740899578,10.26,10.3,10.280000000000001,0.003891050583657677
2026-12-18,147,655.0,CALL,0.8867168550583584,0.8039847138769844,0.2616090367427094,101.33,104.87,103.1,0.034335596508244484
2026-12-18,147,660.0,PUT,0.8934856860130024,-0.17826083352589642,0.2248640302775554,10.84,10.87,10.855,0.002763703362505699
2026-12-18,147,660.0,CALL,0.8934856860130024,0.79442268490931,0.25584979875808994,97.13,100.51,98.82,0.03420360250961354
2026-12-18,147,665.0,CALL,0.9002545169676464,0.7852024940227113,0.24919512888491877,92.73,96.07,94.4,0.035381355932203276
2026-12-18,147,665.0,PUT,0.9002545169676464,-0.1890412715894909,0.2220250431241446,11.45,11.49,11.469999999999999,0.0034873583260680843
2026-12-18,147,670.0,CALL,0.9070233479222903,0.7745381935543814,0.24384337789797508,88.43,91.89,90.16,0.03837622005323862
2026-12-18,147,670.0,PUT,0.9070233479222903,-0.20031308293014521,0.2171086919064061,12.1,12.14,12.120000000000001,0.0033003300330033763
2026-12-18,147,675.0,CALL,0.9137921788769343,0.7633895008982046,0.23858828060142814,84.2,87.65,85.92500000000001,0.040151294733779486
2026-12-18,147,675.0,PUT,0.9137921788769343,-0.2123231514399016,0.21194902927476558,12.79,12.83,12.809999999999999,0.0031225604996097524
2026-12-18,147,680.0,CALL,0.9205610098315782,0.7516373186551667,0.23356474398203955,79.99,83.44,81.715,0.0422199106651166
2026-12-18,147,680.0,PUT,0.9205610098315782,-0.22520005450750386,0.20711313722505262,13.52,13.56,13.54,0.0029542097488922396
2026-12-18,147,685.0,CALL,0.9273298407862222,0.7392747861703666,0.22877041974349577,75.8,79.26,77.53,0.0446278859796209
2026-12-18,147,685.0,PUT,0.9273298407862222,-0.23899480064815826,0.202675246335782,14.3,14.34,14.32,0.002793296089385415
2026-12-18,147,690.0,CALL,0.9340986717408661,0.7261192721339003,0.22447001277649453,71.68,75.14,73.41,0.0471325432502383
2026-12-18,147,690.0,PUT,0.9340986717408661,-0.25368206591145387,0.1985892599737606,15.12,15.17,15.145,0.003301419610432533
2026-12-18,147,695.0,PUT,0.9408675026955101,-0.2693897717244141,0.1949106962899714,16.01,16.05,16.03,0.0024953212726137957
2026-12-18,147,695.0,CALL,0.9408675026955101,0.7125801199167772,0.22005875684870924,67.47,71.06,69.265,0.05182992853533536
2026-12-18,147,700.0,PUT,0.9476363336501541,-0.28606984976143224,0.19164099980480495,16.95,17.0,16.975,0.002945508100147317
2026-12-18,147,700.0,CALL,0.9476363336501541,0.6980005032203761,0.2165956747754996,63.46,67.05,65.255,0.05501494138380195
2026-12-18,147,705.0,CALL,0.9544051646047981,0.6822100899451021,0.21256251957887068,59.83,63.06,61.445,0.0525673366425259
2026-12-18,147,705.0,PUT,0.9544051646047981,-0.30387311896866526,0.18864739553601917,17.96,18.01,17.985,0.002780094523213829
2026-12-18,147,710.0,PUT,0.9611739955594419,-0.3225395847663233,0.18385646632444883,19.04,19.09,19.064999999999998,0.0026226068712300404
2026-12-18,147,710.0,CALL,0.9611739955594419,0.6663238523354101,0.20570438082109643,55.72,59.11,57.415,0.059043803884002447
2026-12-18,147,715.0,PUT,0.9679428265140859,-0.34241106215758665,0.17860441534663726,20.19,20.25,20.22,0.0029673590504450406
2026-12-18,147,715.0,CALL,0.9679428265140859,0.6486816022456088,0.20035506698969005,51.9,55.37,53.635,0.06469656008203596
2026-12-18,147,720.0,PUT,0.9747116574687299,-0.3638330203969086,0.1739477124038732,21.44,21.5,21.47,0.0027945971122495914
2026-12-18,147,720.0,CALL,0.9747116574687299,0.6300206924652633,0.19527849875075914,49.15,50.63,49.89,0.029665263579875804
2026-12-18,147,725.0,CALL,0.9814804884233739,0.6103072108962171,0.19055577943454316,45.47,46.92,46.195,0.0313886784284014
2026-12-18,147,725.0,PUT,0.9814804884233739,-0.386827136886533,0.16990014865590222,22.79,22.86,22.825,0.003066812705366935
2026-12-18,147,730.0,CALL,0.9882493193780179,0.5894545655496646,0.18665347285734515,41.91,43.36,42.635,0.03400961651225526
2026-12-18,147,730.0,PUT,0.9882493193780179,-0.411347306886168,0.16641854268330042,24.25,24.32,24.285,0.0028824377187564457
2026-12-18,147,735.0,PUT,0.9950181503326617,-0.4374483084845762,0.16346986033054423,25.83,25.9,25.865,0.002706359945872812
2026-12-18,147,735.0,CALL,0.9950181503326617,0.5676993383111137,0.1831975424677617,38.54,39.75,39.144999999999996,0.030910716566611342
2026-12-18,147,740.0,PUT,1.0017869812873057,-0.4648498289173869,0.1596192125682077,27.54,27.62,27.58,0.0029006526468456076
2026-12-18,147,740.0,CALL,1.0017869812873057,0.5450695673083571,0.1798413097456304,35.22,36.59,35.905,0.03815624564823853
2026-12-18,147,745.0,PUT,1.0085558122419498,-0.4934122170626549,0.1546450449319962,29.4,29.48,29.439999999999998,0.002717391304347889
2026-12-18,147,745.0,CALL,1.0085558122419498,0.5211493097572859,0.17405391470075152,32.64,32.71,32.675,0.00214231063504209
2026-12-18,147,750.0,PUT,1.0153246431965937,-0.5239098071556875,0.15050203112123745,31.41,31.5,31.455,0.0028612303290414835
2026-12-18,147,750.0,CALL,1.0153246431965937,0.49584633566838954,0.16919867713125766,29.57,29.63,29.6,0.0020270270270269838
2026-12-18,147,755.0,PUT,1.0220934741512375,-0.5563553460637778,0.14707931147722197,33.58,33.67,33.625,0.002676579925650659
2026-12-18,147,755.0,CALL,1.0220934741512375,0.4694004886651082,0.16514863743842273,26.63,26.69,26.66,0.0022505626406602503
2026-12-18,147,760.0,PUT,1.0288623051058816,-0.5904166666324613,0.14437832350124913,35.93,36.02,35.975,0.0025017373175817486
2026-12-18,147,760.0,CALL,1.0288623051058816,0.44219718656556384,0.16204205209186448,23.86,23.91,23.884999999999998,0.0020933640360058913
2026-12-18,147,765.0,CALL,1.0356311360605255,0.4146293109018371,0.15982752547970921,21.24,21.3,21.27,0.0028208744710861437
2026-12-18,147,765.0,PUT,1.0356311360605255,-0.6256480356021215,0.1406720184360501,37.56,39.45,38.505,0.04908453447604209
2026-12-18,147,770.0,CALL,1.0423999670151696,0.3867217768445405,0.15529636702376792,18.8,18.85,18.825000000000003,0.0026560424966799844
2026-12-18,147,770.0,PUT,1.0423999670151696,-0.6642440646357723,0.13451485068281474,39.5,42.43,40.965,0.07152447211033808
2026-12-18,147,775.0,CALL,1.0491687979698134,0.3580480896756362,0.15101282554691967,16.54,16.59,16.564999999999998,0.003018412315122289
2026-12-18,147,775.0,PUT,1.0491687979698134,-0.6975991338702482,0.1335540066614802,42.48,46.18,44.33,0.08346492217459967
2026-12-18,147,780.0,PUT,1.0559376289244573,-0.7286070110628843,0.13439415271412739,47.0,49.1,48.05,0.043704474505723234
2026-12-18,147,780.0,CALL,1.0559376289244573,0.3291323672794827,0.1478574749287985,14.46,14.51,14.485,0.003451846738004759
2026-12-18,147,785.0,PUT,1.0627064598791014,-0.77762246155496,0.12734513564664812,49.11,52.55,50.83,0.06767656895534128
2026-12-18,147,785.0,CALL,1.0627064598791014,0.3006919211753514,0.14584974346919263,12.57,12.62,12.594999999999999,0.00396982929734013
2026-12-18,147,790.0,PUT,1.0694752908337453,-0.8163285034384138,0.1236377835901126,52.78,56.26,54.519999999999996,0.0638297872340425
2026-12-18,147,790.0,CALL,1.0694752908337453,0.2733382167690126,0.14460734251638221,10.87,10.91,10.89,0.003673094582185576
2026-12-18,147,795.0,PUT,1.0762441217883894,-0.8598324408902255,0.12000283055474817,56.69,60.03,58.36,0.05723098012337223
2026-12-18,147,795.0,CALL,1.0762441217883894,0.24669433561478954,0.1405502413438697,9.34,9.38,9.36,0.004273504273504373
2026-12-18,147,800.0,PUT,1.0830129527430332,-0.8937697241192337,0.119587889384257,60.87,64.47,62.67,0.057443752991862156
2026-12-18,147,800.0,CALL,1.0830129527430332,0.2208927923109332,0.13787891788369278,7.99,8.03,8.01,0.00499375780274646
2026-12-18,147,805.0,CALL,1.089781783697677,0.19645183814708786,0.13639798586360197,6.8,6.84,6.82,0.005865102639296193
2026-12-18,147,805.0,PUT,1.089781783697677,-0.9370283567272493,0.11568182616549114,65.3,68.83,67.065,0.05263550287034968
2026-12-18,147,810.0,PUT,1.0965506146523212,-0.9718884154710945,0.11289573041639701,69.97,73.44,71.705,0.048392720172930746
2026-12-18,147,810.0,CALL,1.0965506146523212,0.17371832972232945,0.1359237175746777,5.75,5.79,5.77,0.006932409012131722
2026-12-18,147,815.0,CALL,1.103319445606965,0.152985021936795,0.13366126870869557,4.85,4.88,4.865,0.0061664953751285195
2026-12-18,147,820.0,CALL,1.1100882765616091,0.13361573674783458,0.13141766279949382,4.07,4.1,4.085,0.0073439412484698555
2026-12-18,147,825.0,CALL,1.116857107516253,0.1157891057994234,0.13027914964921936,3.39,3.43,3.41,0.011730205278592386
2026-12-18,147,830.0,CALL,1.1236259384708969,0.09987540376210738,0.13015197554273616,2.82,2.85,2.835,0.01058201058201067
2026-12-18,147,835.0,CALL,1.130394769425541,0.08631388173085748,0.1298506885448539,2.35,2.38,2.365,0.012684989429175392
2026-12-18,147,840.0,CALL,1.1371636003801848,0.07382354856768628,0.12775844808405012,1.94,1.97,1.955,0.015345268542199501
2026-12-18,147,845.0,CALL,1.143932431334829,0.06295904363407329,0.12694439237808872,1.61,1.63,1.62,0.012345679012345552
2026-12-18,147,850.0,CALL,1.1507012622894728,0.053511272534109804,0.12703441866350304,1.33,1.35,1.34,0.01492537313432837
2026-12-18,147,855.0,CALL,1.1574700932441166,0.04552827071502268,0.12791868366395628,1.1,1.12,1.11,0.018018018018018032
2026-12-18,147,860.0,CALL,1.1642389241987607,0.03875977485708829,0.12724340810154097,0.91,0.93,0.92,0.021739130434782625
2026-12-18,147,865.0,CALL,1.1710077551534046,0.03309292765201937,0.1265215959009069,0.76,0.78,0.77,0.025974025974025997
2026-12-18,147,870.0,CALL,1.1777765861080487,0.02802961402840481,0.12643035973396682,0.63,0.65,0.64,0.03125000000000003
2026-12-18,147,875.0,CALL,1.1845454170626926,0.02398603997753854,0.12725164327505395,0.53,0.55,0.54,0.03703703703703707
2026-12-18,147,880.0,CALL,1.1913142480173364,0.020684446310796845,0.12866113920845892,0.45,0.47,0.45999999999999996,0.04347826086956514
2026-12-18,147,885.0,CALL,1.1980830789719805,0.017972850908063102,0.13049895818346713,0.39,0.4,0.395,0.025316455696202552
2026-12-18,147,890.0,CALL,1.2048519099266244,0.015645977611869963,0.1303466360121196,0.33,0.35,0.33999999999999997,0.0588235294117646
2026-12-18,147,895.0,CALL,1.2116207408812685,0.013856520793737141,0.13093368422163135,0.29,0.31,0.3,0.06666666666666674
2026-12-18,147,900.0,CALL,1.2183895718359123,0.01226942347794172,0.13185164923593978,0.26,0.27,0.265,0.03773584905660381
2026-12-18,147,905.0,CALL,1.2251584027905564,0.010892201466338984,0.13309373614486747,0.23,0.24,0.235,0.042553191489361625
2026-12-18,147,910.0,CALL,1.2319272337452003,0.009917809870427764,0.13499574658054733,0.21,0.22,0.215,0.046511627906976785
2026-12-18,147,915.0,CALL,1.2386960646998442,0.008970282172836434,0.13687414574606904,0.19,0.2,0.195,0.05128205128205133
2026-12-18,147,920.0,CALL,1.2454648956544883,0.00804827819862159,0.13873020321525467,0.17,0.18,0.175,0.05714285714285704
2026-12-18,147,925.0,CALL,1.2522337266091321,0.007336981139659737,0.14090210114353663,0.15,0.17,0.16,0.1250000000000001
2026-12-18,147,930.0,CALL,1.2590025575637762,0.006647130135633722,0.14305214790381354,0.14,0.15,0.14500000000000002,0.06896551724137917
2026-12-18,147,935.0,CALL,1.26577138851842,0.006161098565980034,0.14551024226629278,0.13,0.14,0.135,0.07407407407407414
2026-12-18,147,940.0,CALL,1.272540219473064,0.005686581928786195,0.1464905213931704,0.12,0.13,0.125,0.08000000000000007
2026-12-18,147,945.0,CALL,1.279309050427708,0.005218527536349563,0.14745742296800585,0.11,0.12,0.11499999999999999,0.0869565217391304
2026-12-18,147,950.0,CALL,1.286077881382352,0.004944156513018857,0.14932646242737488,0.1,0.12,0.11,0.18181818181818174
2026-12-18,147,955.0,CALL,1.292846712336996,0.004489932809557066,0.15026337978102144,0.09,0.11,0.1,0.20000000000000004
2026-12-18,147,960.0,CALL,1.2996155432916399,0.004229869423901898,0.15209744795274066,0.09,0.1,0.095,0.10526315789473693
2026-12-18,147,965.0,CALL,1.3063843742462837,0.0037883240805571565,0.15300623940847893,0.08,0.09,0.08499999999999999,0.11764705882352937
2026-12-18,147,970.0,CALL,1.3131532052009278,0.003728491403322422,0.15571382951429813,0.08,0.09,0.08499999999999999,0.11764705882352937
2026-12-18,147,975.0,CALL,1.3199220361555717,0.0033000654063593013,0.15659201016108576,0.07,0.08,0.07500000000000001,0.13333333333333325
2026-12-18,147,980.0,CALL,1.3266908671102158,0.003250160474803169,0.15926441303448427,0.07,0.08,0.07500000000000001,0.13333333333333325
2026-12-18,147,985.0,CALL,1.3334596980648596,0.0030189784031656756,0.16101613748125007,0.06,0.08,0.07,0.28571428571428575
2026-12-18,147,990.0,CALL,1.3402285290195035,0.002792801023493249,0.16275269494512906,0.06,0.07,0.065,0.15384615384615397
2026-12-18,147,995.0,CALL,1.3469973599741476,0.0025714089539275635,0.16447446818805936,0.05,0.07,0.060000000000000005,0.33333333333333337
2026-12-18,147,1000.0,CALL,1.3537661909287915,0.002354596382249456,0.16618182124596137,0.05,0.06,0.055,0.18181818181818174
2026-12-31,160,460.0,CALL,0.6227324478272441,0.9496563269273809,0.4844159752430117,284.75,288.31,286.53,0.012424527972638127
2026-12-31,160,460.0,PUT,0.6227324478272441,-0.022883918291286387,0.3974340555269682,1.84,1.86,1.85,0.01081081081081082
2026-12-31,160,465.0,PUT,0.6295012787818881,-0.023944692918939497,0.3912793931170983,1.91,1.93,1.92,0.010416666666666676
2026-12-31,160,470.0,PUT,0.636270109736532,-0.025125495934854032,0.3854728544623024,1.99,2.01,2.0,0.009999999999999898
2026-12-31,160,475.0,PUT,0.643038940691176,-0.026339519622660783,0.3797356113323324,2.07,2.09,2.08,0.009615384615384623
2026-12-31,160,480.0,CALL,0.6498077716458199,0.9433465026301807,0.4558720775289147,265.37,269.28,267.325,0.014626391096979214
2026-12-31,160,480.0,PUT,0.6498077716458199,-0.02758770178631267,0.3740665169046501,2.15,2.17,2.16,0.009259259259259267
2026-12-31,160,485.0,CALL,0.6565766026004639,0.9430572881121108,0.4448766153103772,260.5,264.08,262.28999999999996,0.013649014449654903
2026-12-31,160,485.0,PUT,0.6565766026004639,-0.028961955737472914,0.36873517244411036,2.24,2.26,2.25,0.0088888888888887
2026-12-31,160,490.0,CALL,0.6633454335551079,0.9414818060140248,0.43720975937082907,255.73,259.2,257.465,0.013477560056706734
2026-12-31,160,490.0,PUT,0.6633454335551079,-0.030373412593895095,0.36346709447840786,2.33,2.35,2.34,0.008547008547008555
2026-12-31,160,495.0,CALL,0.6701142645097518,0.9398599760828348,0.4296273761489817,250.85,254.43,252.64,0.014170360987967118
2026-12-31,160,495.0,PUT,0.6701142645097518,-0.031868867014477324,0.35839536230197433,2.42,2.45,2.435,0.012320328542094557
2026-12-31,160,500.0,CALL,0.6768830954643957,0.9380337418852732,0.4225069074119414,246.12,249.56,247.84,0.013879922530664935
2026-12-31,160,500.0,PUT,0.6768830954643957,-0.0334503820725884,0.35351548708101826,2.52,2.55,2.535,0.01183431952662714
2026-12-31,160,505.0,CALL,0.6836519264190397,0.9350910029208814,0.4180267866983091,241.25,245.17,243.20999999999998,0.016117758315858672
2026-12-31,160,505.0,PUT,0.6836519264190397,-0.035073206335515236,0.3486919363525638,2.62,2.65,2.635,0.011385199240986644
2026-12-31,160,510.0,CALL,0.6904207573736837,0.9344415920011198,0.40797437861812796,236.41,240.0,238.20499999999998,0.015071052244915109
2026-12-31,160,510.0,PUT,0.6904207573736837,-0.036876230944457314,0.34432117791465067,2.74,2.76,2.75,0.0072727272727271175
2026-12-31,160,515.0,CALL,0.6971895883283277,0.9320338394198706,0.4020584863382844,231.71,235.23,233.47,0.01507688353964099
2026-12-31,160,515.0,PUT,0.6971895883283277,-0.038722200654647286,0.34000269589574095,2.85,2.88,2.865,0.010471204188481607
2026-12-31,160,520.0,PUT,0.7039584192829715,-0.040658220069857365,0.3358658799596361,2.97,3.0,2.9850000000000003,0.010050251256281341
2026-12-31,160,520.0,CALL,0.7039584192829715,0.9303672988984584,0.3943506216770174,226.81,230.41,228.61,0.01574734263593016
2026-12-31,160,525.0,CALL,0.7107272502376155,0.9281886137848278,0.38776054622590517,222.02,225.62,223.82,0.01608435349834686
2026-12-31,160,525.0,PUT,0.7107272502376155,-0.042733445366783133,0.33202829745405954,3.1,3.13,3.115,0.009630818619582602
2026-12-31,160,530.0,CALL,0.7174960811922595,0.925878586003619,0.3813892596473697,217.24,220.84,219.04000000000002,0.016435354273192083
2026-12-31,160,530.0,PUT,0.7174960811922595,-0.0449461050306678,0.3284907520220218,3.24,3.27,3.255,0.009216589861751093
2026-12-31,160,535.0,CALL,0.7242649121469035,0.9234666610640225,0.37516046376347195,212.46,216.07,214.265,0.01684829533521567
2026-12-31,160,535.0,PUT,0.7242649121469035,-0.04725442337908063,0.3250985496215633,3.38,3.42,3.4,0.011764705882352951
2026-12-31,160,540.0,CALL,0.7310337431015475,0.9209166274240095,0.3691451970571079,207.7,211.3,209.5,0.017183770883055
2026-12-31,160,540.0,PUT,0.7310337431015475,-0.049721959749381144,0.32184419552684074,3.54,3.57,3.5549999999999997,0.00843881856540079
2026-12-31,160,545.0,CALL,0.7378025740561914,0.9182252052469515,0.36334054753136685,202.94,206.55,204.745,0.017631688197514046
2026-12-31,160,545.0,PUT,0.7378025740561914,-0.05227935069585423,0.3166093739626739,3.7,3.73,3.715,0.0080753701211305
2026-12-31,160,550.0,CALL,0.7445714050108353,0.9152893829950405,0.3579603987426046,198.23,201.8,200.015,0.01784866135039883
2026-12-31,160,550.0,PUT,0.7445714050108353,-0.05503919890798973,0.3112110770311403,3.87,3.91,3.89,0.010282776349614406
2026-12-31,160,555.0,CALL,0.7513402359654793,0.9121731588735076,0.35285503916000094,193.53,197.07,195.3,0.01812596006144389
2026-12-31,160,555.0,PUT,0.7513402359654793,-0.05793639068270186,0.3059452820876531,4.05,4.09,4.07,0.009828009828009836
2026-12-31,160,560.0,CALL,0.7581090669201233,0.9090406653992305,0.3476629217590391,188.81,192.34,190.575,0.018522891250163983
2026-12-31,160,560.0,PUT,0.7581090669201233,-0.06106625011477195,0.3009563129074631,4.25,4.28,4.265000000000001,0.0070339976553341725
2026-12-31,160,565.0,CALL,0.7648778978747672,0.9057566595283503,0.3426702943448637,184.09,187.63,185.86,0.01904659421069618
2026-12-31,160,565.0,PUT,0.7648778978747672,-0.06438668328245226,0.2961679002722845,4.45,4.49,4.470000000000001,0.008948545861297546
2026-12-31,160,570.0,CALL,0.7716467288294112,0.9023523472060889,0.33780360275495636,179.38,182.92,181.14999999999998,0.01954181617444103
2026-12-31,160,570.0,PUT,0.7716467288294112,-0.06794794829950898,0.2916480375992949,4.67,4.71,4.6899999999999995,0.008528784648187642
2026-12-31,160,575.0,CALL,0.7784155597840551,0.8987273122780081,0.33327277726449006,174.69,178.23,176.45999999999998,0.02006120367222029
2026-12-31,160,575.0,PUT,0.7784155597840551,-0.07170888849384048,0.28731887742319967,4.9,4.94,4.92,0.008130081300813016
2026-12-31,160,580.0,CALL,0.7851843907386991,0.8949469588928459,0.32893276630330565,170.01,173.55,171.78,0.02060775410408674
2026-12-31,160,580.0,PUT,0.7851843907386991,-0.07566883827937812,0.2831822666375827,5.14,5.18,5.16,0.007751937984496131
2026-12-31,160,585.0,CALL,0.791953221693343,0.8910999784685029,0.32328735551841803,165.3,168.89,167.095,0.021484784104850385
2026-12-31,160,585.0,PUT,0.791953221693343,-0.07991883392447213,0.2793771430565081,5.4,5.44,5.42,0.007380073800738014
2026-12-31,160,590.0,CALL,0.798722052647987,0.8868778906462113,0.316831928975406,160.64,164.25,162.445,0.022222906214411118
2026-12-31,160,590.0,PUT,0.798722052647987,-0.08436994853740808,0.27575686919911785,5.67,5.71,5.6899999999999995,0.007029876977152906
2026-12-31,160,595.0,CALL,0.805490883602631,0.882165458992206,0.31090520130279414,156.07,159.62,157.845,0.022490417814945114
2026-12-31,160,595.0,PUT,0.805490883602631,-0.08912054726852496,0.2724404934931725,5.96,6.0,5.98,0.006688963210702346
2026-12-31,160,600.0,CALL,0.8122597145572749,0.8774125199308819,0.3048572227895393,151.45,155.0,153.225,0.023168542992331613
2026-12-31,160,600.0,PUT,0.8122597145572749,-0.09407086103350741,0.2693000975372369,6.26,6.3,6.279999999999999,0.006369426751592363
2026-12-31,160,605.0,CALL,0.8190285455119188,0.8717620401750467,0.2998797215682849,146.99,150.44,148.715,0.023198735837003586
2026-12-31,160,605.0,PUT,0.8190285455119188,-0.09937258822411858,0.26648846838146917,6.58,6.63,6.605,0.0075700227100681024
2026-12-31,160,610.0,CALL,0.8257973764665628,0.8664810418400487,0.2941823901852706,142.38,145.86,144.12,0.024146544546211617
2026-12-31,160,610.0,PUT,0.8257973764665628,-0.10502483402639312,0.2634089836852357,6.93,6.97,6.949999999999999,0.005755395683453243
2026-12-31,160,615.0,CALL,0.8325662074212068,0.860812017553455,0.28881826298804997,137.81,141.3,139.555,0.02500806133782386
2026-12-31,160,615.0,PUT,0.8325662074212068,-0.1108611579439645,0.25821222894557083,7.29,7.33,7.3100000000000005,0.0054719562243502095
2026-12-31,160,620.0,CALL,0.8393350383758508,0.8547823904372285,0.2837382074049163,133.27,136.76,135.015,0.025848979742991378
2026-12-31,160,620.0,PUT,0.8393350383758508,-0.11713263653816865,0.25330233646937494,7.67,7.72,7.695,0.006497725795971387
2026-12-31,160,621.0,CALL,0.8406888045667795,0.8535008896337776,0.282801070576048,132.37,135.86,134.115,0.02602244342541855
2026-12-31,160,621.0,PUT,0.8406888045667795,-0.11843973107731132,0.2523545000078728,7.75,7.8,7.775,0.006430868167202549
2026-12-31,160,622.0,CALL,0.8420425707577083,0.8522432172370714,0.2818209958361741,131.47,134.95,133.20999999999998,0.026124164852488477
2026-12-31,160,622.0,PUT,0.8420425707577083,-0.11975694133776005,0.25140848968611934,7.83,7.88,7.855,0.006365372374283872
2026-12-31,160,623.0,CALL,0.8433963369486371,0.8509772817822695,0.280843109559614,130.56,134.05,132.305,0.026378443747401906
2026-12-31,160,623.0,PUT,0.8433963369486371,-0.12108432591023975,0.25046432575266886,7.91,7.96,7.9350000000000005,0.006301197227473197
2026-12-31,160,624.0,CALL,0.8447501031395659,0.8496712726446265,0.27991236639092976,129.66,133.15,131.405,0.026559111144933673
2026-12-31,160,624.0,PUT,0.8447501031395659,-0.12242141843813245,0.2495223767236799,7.99,8.04,8.015,0.006238303181534489
2026-12-31,160,625.0,PUT,0.8461038693304948,-0.12380889176131187,0.24862802643720464,8.08,8.12,8.1,0.0049382716049381666
2026-12-31,160,625.0,CALL,0.8461038693304948,0.8483570368672387,0.27898372177430286,128.76,132.25,130.505,0.02674227041109543
2026-12-31,160,626.0,CALL,0.8474576355214235,0.8470345198161008,0.27805717391793267,127.88,131.33,129.60500000000002,0.026619343389529853
2026-12-31,160,626.0,PUT,0.8474576355214235,-0.1252074799081369,0.24773453733127104,8.16,8.21,8.185,0.006108735491753293
2026-12-31,160,627.0,CALL,0.8488114017123523,0.8457036664772967,0.27713272107137904,126.98,130.43,128.705,0.02680548541237716
2026-12-31,160,627.0,PUT,0.8488114017123523,-0.12657588047647542,0.24679757426851934,8.24,8.29,8.265,0.0060496067755594594
2026-12-31,160,628.0,PUT,0.8501651679032811,-0.12803506544702783,0.2459532676831942,8.33,8.38,8.355,0.005984440454817559
2026-12-31,160,628.0,CALL,0.8501651679032811,0.8443644214548135,0.27621036152522777,126.08,129.53,127.805,0.026994249051289092
2026-12-31,160,629.0,CALL,0.8515189340942099,0.8429854222717149,0.2753348312024942,125.19,128.63,126.91,0.027105823024190352
2026-12-31,160,629.0,PUT,0.8515189340942099,-0.12950399391022344,0.24511100104605718,8.42,8.47,8.445,0.005920663114268882
2026-12-31,160,630.0,PUT,0.8528727002851386,-0.1309024451679913,0.24418051463681803,8.5,8.55,8.525,0.005865102639296271
2026-12-31,160,630.0,CALL,0.8528727002851386,0.8416293183668372,0.2744166095453681,124.29,127.73,126.01,0.02729942068089832
2026-12-31,160,631.0,CALL,0.8542264664760675,0.8402646561569047,0.2735004762638833,123.39,126.83,125.11,0.027495803692750363
2026-12-31,160,631.0,PUT,0.8542264664760675,-0.1323912917380659,0.24334241670952703,8.59,8.64,8.615,0.0058038305281486605
2026-12-31,160,632.0,CALL,0.8555802326669962,0.8388603655314268,0.27263103532598254,122.49,125.94,124.215,0.027774423378819007
2026-12-31,160,632.0,PUT,0.8555802326669962,-0.13389008543532696,0.2425063571547664,8.68,8.73,8.705,0.005743825387708295
2026-12-31,160,633.0,PUT,0.856933998857925,-0.13539889338083758,0.24167233547306916,8.77,8.82,8.795,0.0056850483229108255
2026-12-31,160,633.0,CALL,0.856933998857925,0.837447609368881,0.27176359125296,121.6,125.04,123.32,0.02789490755757389
2026-12-31,160,634.0,PUT,0.8582877650488538,-0.13695745266068454,0.24088529941846645,8.87,8.91,8.89,0.004499437570303816
2026-12-31,160,634.0,CALL,0.8582877650488538,0.8362421225535941,0.2705865137005438,120.61,124.17,122.39,0.029087343737233453
2026-12-31,160,635.0,PUT,0.8596415312397826,-0.138525891961467,0.24010020794784417,8.96,9.01,8.985,0.005564830272676565
2026-12-31,160,635.0,CALL,0.8596415312397826,0.8348422467124454,0.2696788948142839,119.72,123.26,121.49000000000001,0.02913820067495272
2026-12-31,160,636.0,CALL,0.8609952974307115,0.8333415856795187,0.2689066524168657,118.83,122.38,120.60499999999999,0.029434932216740577
2026-12-31,160,636.0,PUT,0.8609952974307115,-0.14006509391188426,0.2392721480941302,9.05,9.1,9.075,0.00550964187327812
2026-12-31,160,637.0,CALL,0.8623490636216402,0.8318327464509422,0.26813621919266595,117.95,121.49,119.72,0.02956899432008012
2026-12-31,160,637.0,PUT,0.8623490636216402,-0.14169328224963917,0.23853567882728802,9.15,9.2,9.175,0.0054495912806538345
2026-12-31,160,638.0,CALL,0.863702829812569,0.8304371610779471,0.2671902344863163,117.03,120.6,118.815,0.030046711273829005
2026-12-31,160,638.0,PUT,0.863702829812569,-0.14325471787820465,0.2377107049048153,9.24,9.29,9.265,0.005396654074473711
2026-12-31,160,639.0,CALL,0.8650565960034978,0.8285189887096421,0.2669993747120881,116.28,119.71,117.995,0.02906902834865878
2026-12-31,160,639.0,PUT,0.8650565960034978,-0.14490454077672116,0.23697716351767373,9.34,9.39,9.365,0.005339028296850049
2026-12-31,160,640.0,CALL,0.8664103621944266,0.8271966487675417,0.26592424739995757,115.32,118.83,117.07499999999999,0.029980781550288323
2026-12-31,160,640.0,PUT,0.8664103621944266,-0.14656425179627103,0.2362454705769344,9.44,9.49,9.465,0.005282620179609161
2026-12-31,160,641.0,CALL,0.8677641283853553,0.8257746164958235,0.2649841429701097,114.4,117.94,116.17,0.030472583283119498
2026-12-31,160,641.0,PUT,0.8677641283853553,-0.1482339054878535,0.235515625287044,9.54,9.59,9.565,0.005227391531625793
2026-12-31,160,642.0,CALL,0.8691178945762842,0.8241049125601889,0.2643994348772032,113.55,117.06,115.305,0.030441004292962186
2026-12-31,160,642.0,PUT,0.8691178945762842,-0.1499135566268727,0.23478762687727509,9.64,9.69,9.665,0.005173305742369265
2026-12-31,160,643.0,CALL,0.8704716607672129,0.8227538183274209,0.26333097424463253,112.6,116.17,114.38499999999999,0.03121038597718239
2026-12-31,160,643.0,PUT,0.8704716607672129,-0.15160328961589742,0.23406146807992945,9.74,9.79,9.765,0.005120327700972753
2026-12-31,160,644.0,PUT,0.8718254269581417,-0.1533049186295842,0.23333593067775726,9.84,9.89,9.865,0.005068423720223082
2026-12-31,160,645.0,CALL,0.8731791931490706,0.8193747256094613,0.26216971575228554,110.9,114.41,112.655,0.03115707247791923
2026-12-31,160,645.0,PUT,0.8731791931490706,-0.15509434904398958,0.23269962878081135,9.95,10.0,9.975,0.005012531328320874
2026-12-31,160,646.0,PUT,0.8745329593399993,-0.15682128631860112,0.23197232546957383,10.05,10.1,10.075,0.004962779156327438
2026-12-31,160,646.0,CALL,0.8745329593399993,0.8177617509971992,0.26145931380835746,110.02,113.53,111.775,0.03140237083426531
2026-12-31,160,647.0,PUT,0.8758867255309282,-0.15863544490564094,0.23133460417208987,10.16,10.21,10.185,0.004909180166912195
2026-12-31,160,647.0,CALL,0.8758867255309282,0.8163143023069972,0.26048709635933703,109.08,112.65,110.86500000000001,0.03220132593695041
2026-12-31,160,648.0,PUT,0.8772404917218569,-0.16045952437272207,0.23069843865460005,10.27,10.32,10.295,0.004856726566294387
2026-12-31,160,648.0,CALL,0.8772404917218569,0.8145972944959382,0.259911991929089,108.23,111.77,110.0,0.03218181818181811
2026-12-31,160,649.0,PUT,0.8785942579127857,-0.16225614697644677,0.23001985946836412,10.37,10.43,10.399999999999999,0.005769230769230818
2026-12-31,160,649.0,CALL,0.8785942579127857,0.8129016649474158,0.25929446999743727,107.36,110.9,109.13,0.03243837624851101
2026-12-31,160,650.0,CALL,0.8799480241037145,0.8107735640921295,0.2593349889303041,106.65,110.02,108.33500000000001,0.031107213735173212
2026-12-31,160,650.0,PUT,0.8799480241037145,-0.16409989827934388,0.22938706193717523,10.48,10.54,10.51,0.005708848715508918
2026-12-31,160,651.0,CALL,0.8813017902946433,0.8095438850227026,0.25797647595516954,105.61,109.15,107.38,0.03296703296703302
2026-12-31,160,651.0,PUT,0.8813017902946433,-0.1659901335447478,0.22879989250261334,10.6,10.65,10.625,0.004705882352941244
2026-12-31,160,652.0,CALL,0.882655556485572,0.8073212533458122,0.2578657694217548,104.93,108.27,106.6,0.03133208255159465
2026-12-31,160,652.0,PUT,0.882655556485572,-0.16785326685861848,0.2281703568301949,10.71,10.76,10.735,0.004657661853749319
2026-12-31,160,653.0,CALL,0.8840093226765009,0.8058970261108205,0.2562855190567621,103.95,107.4,105.67500000000001,0.03264726756564942
2026-12-31,160,653.0,PUT,0.8840093226765009,-0.16972688652204188,0.22754219254800223,10.82,10.87,10.844999999999999,0.004610419548178786
2026-12-31,160,654.0,CALL,0.8853630888674296,0.8042889322699343,0.25490864200841923,103.03,106.53,104.78,0.03340332124451231
2026-12-31,160,654.0,PUT,0.8853630888674296,-0.17168821406370302,0.22700039282642004,10.94,10.99,10.965,0.004559963520291903
2026-12-31,160,655.0,CALL,0.8867168550583584,0.8026642912188883,0.2535347641790049,102.21,105.56,103.88499999999999,0.03224719641911738
2026-12-31,160,655.0,PUT,0.8867168550583584,-0.17362749804518113,0.22640937886435814,11.05,11.11,11.08,0.005415162454873531
2026-12-31,160,656.0,CALL,0.8880706212492873,0.8002469905661663,0.25309565624131547,101.47,104.79,103.13,0.03219237855134304
2026-12-31,160,656.0,PUT,0.8880706212492873,-0.17561622699053783,0.22585758049942392,11.17,11.23,11.2,0.005357142857142902
2026-12-31,160,657.0,CALL,0.889424387440216,0.798920916847265,0.2513280326662672,100.42,103.93,102.17500000000001,0.034352826033765646
2026-12-31,160,657.0,PUT,0.889424387440216,-0.1776202373207184,0.22530213212252964,11.29,11.35,11.32,0.005300353356890503
2026-12-31,160,658.0,CALL,0.8907781536311448,0.7972459392345645,0.24996271170576173,99.5,103.06,101.28,0.03515007898894157
2026-12-31,160,658.0,PUT,0.8907781536311448,-0.1796337332534132,0.22474817477860548,11.41,11.47,11.440000000000001,0.0052447552447552875
2026-12-31,160,659.0,PUT,0.8921319198220736,-0.1816574691293946,0.22419552655017924,11.53,11.59,11.559999999999999,0.005190311418685165
2026-12-31,160,659.0,CALL,0.8921319198220736,0.795360746472942,0.24883272286616476,98.65,102.19,100.42,0.03525194184425405
2026-12-31,160,660.0,CALL,0.8934856860130024,0.7932672892306544,0.24793740274118495,97.88,101.31,99.595,0.034439479893569026
2026-12-31,160,660.0,PUT,0.8934856860130024,-0.18374029074922946,0.22365751921278249,11.66,11.71,11.685,0.004278990158322697
2026-12-31,160,661.0,CALL,0.8948394522039312,0.7910231395052112,0.24720979752364236,97.12,100.47,98.795,0.03390859861329009
2026-12-31,160,661.0,PUT,0.8948394522039312,-0.18583833329876198,0.22311573591448994,11.78,11.84,11.809999999999999,0.005080440304826461
2026-12-31,160,662.0,PUT,0.89619321839486,-0.1879573009831839,0.22252887920040143,11.91,11.96,11.935,0.0041893590280687645
2026-12-31,160,662.0,CALL,0.89619321839486,0.7897138083319551,0.24532594594310997,96.03,99.61,97.82,0.036597832754038016
2026-12-31,160,663.0,CALL,0.8975469845857887,0.7875982427551458,0.2444048235117612,95.29,98.69,96.99000000000001,0.035055160325806696
2026-12-31,160,663.0,PUT,0.8975469845857887,-0.1901303914301127,0.2218805523843144,12.04,12.09,12.065,0.004144218814753478
2026-12-31,160,664.0,CALL,0.8989007507767176,0.7859796337956015,0.24285838054299597,94.43,97.7,96.065,0.03403945245406752
2026-12-31,160,664.0,PUT,0.8989007507767176,-0.1922610197235209,0.22088385616924608,12.17,12.22,12.195,0.004100041000410062
2026-12-31,160,665.0,CALL,0.9002545169676464,0.7835878845707803,0.24223927366026254,93.58,96.98,95.28,0.03568429890848033
2026-12-31,160,665.0,PUT,0.9002545169676464,-0.19436392054322038,0.21979312595610548,12.29,12.35,12.32,0.004870129870129911
2026-12-31,160,666.0,CALL,0.9016082831585751,0.7812105807646278,0.24158876373474336,92.8,96.18,94.49000000000001,0.03577098105619652
2026-12-31,160,666.0,PUT,0.9016082831585751,-0.19655294473194743,0.218771431192614,12.43,12.48,12.455,0.004014452027298331
2026-12-31,160,667.0,CALL,0.902962049349504,0.7795079862774869,0.24008389321105766,91.82,95.32,93.57,0.037405151223682806
2026-12-31,160,667.0,PUT,0.902962049349504,-0.19876371974371554,0.2177514792722687,12.56,12.62,12.59,0.004765687053216737
2026-12-31,160,668.0,CALL,0.9043158155404327,0.777335965772409,0.2391415978490909,91.01,94.46,92.735,0.03720278212109763
2026-12-31,160,668.0,PUT,0.9043158155404327,-0.20099621933964323,0.2167334194444037,12.7,12.75,12.725,0.003929273084479427
2026-12-31,160,669.0,PUT,0.9056695817313615,-0.20324929524899846,0.21571794855683032,12.83,12.89,12.86,0.004665629860031143
2026-12-31,160,669.0,CALL,0.9056695817313615,0.7756201944826542,0.23761007557312339,90.16,93.46,91.81,0.03594379697200738
2026-12-31,160,670.0,CALL,0.9070233479222903,0.7733069285383392,0.2368042843131126,89.31,92.68,90.995,0.03703500192318264
2026-12-31,160,670.0,PUT,0.9070233479222903,-0.20555737082244704,0.21473753916650712,12.97,13.03,13.0,0.004615384615384517
2026-12-31,160,671.0,CALL,0.9083771141132191,0.7710041897993012,0.23596770082652416,88.42,91.93,90.17500000000001,0.038924313834211306
2026-12-31,160,671.0,PUT,0.9083771141132191,-0.20788865010691945,0.21375787323364737,13.11,13.17,13.14,0.004566210045662138
2026-12-31,160,672.0,PUT,0.909730880304148,-0.2102415886884071,0.21278019295024084,13.25,13.31,13.280000000000001,0.004518072289156664
2026-12-31,160,672.0,CALL,0.909730880304148,0.7687112476381429,0.23510043389404192,87.62,91.08,89.35,0.038724118634583034
2026-12-31,160,673.0,CALL,0.9110846464950767,0.7664784491703825,0.23413714861815477,86.78,90.24,88.50999999999999,0.0390916280646254
2026-12-31,160,673.0,PUT,0.9110846464950767,-0.21264732666512573,0.2118379473230864,13.4,13.45,13.425,0.0037243947858472204
2026-12-31,160,674.0,CALL,0.9124384126860055,0.7681515351299899,0.2282362887633721,85.87,87.96,86.91499999999999,0.02404648219524811
2026-12-31,160,674.0,PUT,0.9124384126860055,-0.21507403861573643,0.21089817952051565,13.54,13.6,13.57,0.0044215180545320925
2026-12-31,160,675.0,CALL,0.9137921788769343,0.7619594266338371,0.23221766020589327,85.1,88.56,86.83,0.039847978809167434
2026-12-31,160,675.0,PUT,0.9137921788769343,-0.21752192437123996,0.2099608940087504,13.69,13.74,13.715,0.003645643456070048
2026-12-31,160,676.0,CALL,0.9151459450678631,0.7596479143016448,0.23129407861365214,84.27,87.72,85.995,0.040118611547183006
2026-12-31,160,676.0,PUT,0.9151459450678631,-0.22002214785141158,0.2090588750777779,13.84,13.89,13.865,0.003606202668590026
2026-12-31,160,677.0,CALL,0.9164997112587918,0.7573681276321227,0.23030763088771816,83.42,86.88,85.15,0.040634174985319946
2026-12-31,160,677.0,PUT,0.9164997112587918,-0.22257419953309773,0.20819201531809864,13.99,14.05,14.02,0.004279600570613445
2026-12-31,160,678.0,CALL,0.9178534774497207,0.7562842225825728,0.22772842229426293,82.76,85.36,84.06,0.030930287889602597
2026-12-31,160,678.0,PUT,0.9178534774497207,-0.22511709803813204,0.20729469304026926,14.14,14.2,14.17,0.004234297812279374
2026-12-31,160,679.0,CALL,0.9192072436406494,0.7525328071855322,0.2286346464246876,81.8,85.21,83.505,0.040835878091132226
2026-12-31,160,679.0,PUT,0.9192072436406494,-0.2276837068739686,0.20639933633183136,14.29,14.35,14.32,0.004189944134078247
2026-12-31,160,680.0,CALL,0.9205610098315782,0.750053357961962,0.22785004070489046,81.0,84.38,82.69,0.0408755593179344
2026-12-31,160,680.0,PUT,0.9205610098315782,-0.23027263268798337,0.2055061861789506,14.44,14.5,14.469999999999999,0.004146510020732585
2026-12-31,160,681.0,CALL,0.921914776022507,0.7477243672637587,0.22684040484826434,80.14,83.54,81.84,0.04154447702834806
2026-12-31,160,681.0,PUT,0.921914776022507,-0.23294729192379415,0.20467900486320637,14.6,14.66,14.629999999999999,0.004101161995898872
2026-12-31,160,682.0,CALL,0.9232685422134358,0.7459223552118647,0.22508799689139375,79.03,82.72,80.875,0.04562596599690878
2026-12-31,160,682.0,PUT,0.9232685422134358,-0.2356430611168109,0.20385411308047932,14.76,14.82,14.79,0.0040567951318458756
2026-12-31,160,683.0,PUT,0.9246223084043647,-0.23836010931366522,0.20303151421609436,14.92,14.98,14.95,0.004013377926421438
2026-12-31,160,683.0,CALL,0.9246223084043647,0.7465929857422071,0.22000252469698053,78.35,80.44,79.395,0.026324075823414617
2026-12-31,160,684.0,CALL,0.9259760745952934,0.7438796152673669,0.2193943480801203,77.84,79.37,78.605,0.019464410660899448
2026-12-31,160,684.0,PUT,0.9259760745952934,-0.24112746018436396,0.20224366878447964,15.08,15.15,15.115,0.0046311610982467935
2026-12-31,160,685.0,CALL,0.9273298407862222,0.7373830877714498,0.2239894606083491,77.0,80.24,78.62,0.04121088781480533
2026-12-31,160,685.0,PUT,0.9273298407862222,-0.24391785091843926,0.20145771336510518,15.25,15.31,15.280000000000001,0.00392670157068066
2026-12-31,160,686.0,CALL,0.928683606977151,0.7390762639293371,0.21727849971326657,75.86,77.91,76.88499999999999,0.026663198283150124
2026-12-31,160,686.0,PUT,0.928683606977151,-0.24675789047203261,0.2007063186260492,15.42,15.48,15.45,0.0038834951456311003
2026-12-31,160,687.0,CALL,0.9300373731680798,0.7328091939284885,0.22157668650009069,75.12,78.59,76.855,0.045149957712575614
2026-12-31,160,687.0,PUT,0.9300373731680798,-0.2496240110982258,0.1999541578014312,15.59,15.65,15.620000000000001,0.003841229193341901
2026-12-31,160,688.0,CALL,0.9313911393590085,0.7333188200265397,0.21636590786290905,74.58,76.12,75.35,0.020437956204379645
2026-12-31,160,688.0,PUT,0.9313911393590085,-0.25251510239718705,0.1992025289341873,15.76,15.82,15.79,0.0037998733375554463
2026-12-31,160,689.0,CALL,0.9327449055499374,0.7277450178407667,0.2197544677771678,73.51,76.85,75.18,0.044426709231178356
2026-12-31,160,689.0,PUT,0.9327449055499374,-0.25543646199329345,0.19844759587701616,15.93,15.99,15.96,0.0037593984962406325
2026-12-31,160,690.0,CALL,0.9340986717408661,0.7248690002326387,0.21931234856785886,72.69,76.14,74.41499999999999,0.04636162064099984
2026-12-31,160,690.0,PUT,0.9340986717408661,-0.25840919497999243,0.19772528388411983,16.1,16.17,16.135,0.004338394793926265
2026-12-31,160,691.0,CALL,0.9354524379317949,0.7227293935149837,0.21774932177790135,71.86,75.09,73.475,0.04396053079278672
2026-12-31,160,691.0,PUT,0.9354524379317949,-0.26140309364245573,0.19700506367355872,16.28,16.34,16.310000000000002,0.003678724708767548
2026-12-31,160,692.0,PUT,0.9368062041227238,-0.26444445687996193,0.19631900048267678,16.46,16.52,16.490000000000002,0.003638568829593615
2026-12-31,160,692.0,CALL,0.9368062041227238,0.7191875905855295,0.21827168280303216,71.2,74.52,72.86,0.0455668405160581
2026-12-31,160,693.0,PUT,0.9381599703136525,-0.2675064259142148,0.19563495855708377,16.64,16.7,16.67,0.0035992801439711287
2026-12-31,160,693.0,CALL,0.9381599703136525,0.716564165442976,0.2173857684942191,70.34,73.71,72.025,0.04678930926761527
2026-12-31,160,694.0,PUT,0.9395137365045814,-0.27064442910837316,0.195015843768152,16.83,16.89,16.86,0.0035587188612100995
2026-12-31,160,694.0,CALL,0.9395137365045814,0.7139611894554475,0.21643831321457963,69.45,72.91,71.18,0.04860915987636968
2026-12-31,160,695.0,PUT,0.9408675026955101,-0.27376199742886126,0.19433098919815123,17.01,17.07,17.04,0.0035211267605633053
2026-12-31,160,695.0,CALL,0.9408675026955101,0.7111358092002343,0.21581234518326983,68.67,72.1,70.38499999999999,0.0487319741422177
2026-12-31,160,696.0,PUT,0.9422212688864389,-0.2769538281979776,0.19371035713302642,17.2,17.26,17.23,0.0034822983168892787
2026-12-31,160,696.0,CALL,0.9422212688864389,0.7080586113703644,0.21557035709307149,68.0,71.3,69.65,0.047379755922469444
2026-12-31,160,697.0,PUT,0.9435750350773677,-0.28016543594906484,0.19309159469941808,17.39,17.45,17.42,0.003444316877152624
2026-12-31,160,697.0,CALL,0.9435750350773677,0.705534812348287,0.2144064425471512,67.04,70.5,68.77000000000001,0.05031263632397838
2026-12-31,160,698.0,PUT,0.9449288012682965,-0.28343673123778734,0.19249074608304115,17.58,17.65,17.615,0.003973885892705097
2026-12-31,160,698.0,CALL,0.9449288012682965,0.7026985216335829,0.21372224534256173,66.22,69.71,67.965,0.05134995953799742
2026-12-31,160,699.0,PUT,0.9462825674592252,-0.2867678277735064,0.19191487935309223,17.78,17.85,17.815,0.003929273084479387
2026-12-31,160,699.0,CALL,0.9462825674592252,0.699601748300274,0.2134524806183514,65.54,68.91,67.225,0.05013015991074735
2026-12-31,160,700.0,PUT,0.9476363336501541,-0.29011885403487686,0.1913406623043168,17.98,18.05,18.015,0.003885650846516807
2026-12-31,160,700.0,CALL,0.9476363336501541,0.6941259618536456,0.21739591664847968,66.18,68.12,67.15,0.028890543559195795
2026-12-31,160,701.0,PUT,0.9489900998410828,-0.2935011433340929,0.1907641650107438,18.18,18.25,18.215,0.0038429865495470924
2026-12-31,160,701.0,CALL,0.9489900998410828,0.6939411087760824,0.21193411691259173,63.85,67.33,65.59,0.05305686842506475
2026-12-31,160,702.0,CALL,0.9503438660320116,0.6910706364010081,0.21084794904539514,63.12,66.43,64.775,0.05109996140486313
2026-12-31,160,702.0,PUT,0.9503438660320116,-0.2969128467630174,0.19017385685539728,18.38,18.45,18.415,0.003801248981808324
2026-12-31,160,703.0,CALL,0.9516976322229405,0.6878334810045489,0.20999217904015727,62.38,65.73,64.055,0.052298805713839686
2026-12-31,160,703.0,PUT,0.9516976322229405,-0.3004063154407026,0.1896261734543975,18.59,18.66,18.625,0.0037583892617449816
2026-12-31,160,704.0,PUT,0.9530513984138692,-0.3039249511054837,0.18906185963341243,18.8,18.87,18.835,0.0037164852667905643
2026-12-31,160,704.0,CALL,0.9530513984138692,0.6850844829871046,0.20831083909599812,61.41,64.96,63.184999999999995,0.05618422093851385
2026-12-31,160,705.0,CALL,0.9544051646047981,0.680057398173437,0.2103265418656717,62.06,63.91,62.985,0.029372072715725877
2026-12-31,160,705.0,PUT,0.9544051646047981,-0.30749215095048615,0.1884110307028604,19.01,19.08,19.045,0.0036755053819898516
2026-12-31,160,706.0,CALL,0.9557589307957268,0.6790884567139395,0.20556690751238932,59.72,63.39,61.555,0.05962147672812934
2026-12-31,160,706.0,PUT,0.9557589307957268,-0.31102204334228034,0.187429587015438,19.22,19.29,19.255,0.0036354193715918094
2026-12-31,160,707.0,CALL,0.9571126969866556,0.6757856234743287,0.20461296300184836,59.05,62.58,60.815,0.058044890240894535
2026-12-31,160,707.0,PUT,0.9571126969866556,-0.3145727684339532,0.1863504966214388,19.44,19.51,19.475,0.0035943517329910285
2026-12-31,160,708.0,CALL,0.9584664631775844,0.6725647020212732,0.2034694111575519,58.28,61.8,60.04,0.05862758161225843
2026-12-31,160,708.0,PUT,0.9584664631775844,-0.3181681320092725,0.18527203881329568,19.66,19.73,19.695,0.0035542015740035685
2026-12-31,160,709.0,CALL,0.9598202293685132,0.6692767692269346,0.20238388149869893,57.51,61.04,59.275,0.05955293125263604
2026-12-31,160,709.0,PUT,0.9598202293685132,-0.32180492306870706,0.18419685818849243,19.88,19.95,19.915,0.0035149384885764644
2026-12-31,160,710.0,CALL,0.9611739955594419,0.6659387939177756,0.20132877974242225,56.74,60.29,58.515,0.06066820473382888
2026-12-31,160,710.0,PUT,0.9611739955594419,-0.32552035235802174,0.18317984237921384,20.11,20.18,20.145,0.0034748076445768323
2026-12-31,160,711.0,CALL,0.9625277617503708,0.6624312465276344,0.20052290327592262,56.09,59.51,57.8,0.05916955017301029
2026-12-31,160,711.0,PUT,0.9625277617503708,-0.32927659321084385,0.1821659826084304,20.34,20.41,20.375,0.0034355828220859037
2026-12-31,160,712.0,CALL,0.9638815279412996,0.6586048369196666,0.20026579410518447,55.56,58.81,57.185,0.05683308559937046
2026-12-31,160,712.0,PUT,0.9638815279412996,-0.3330915876109947,0.18118265113688084,20.57,20.65,20.61,0.0038816108685103493
2026-12-31,160,713.0,CALL,0.9652352941322283,0.6553606111546738,0.19886356197522262,54.66,58.06,56.36,0.06032647267565659
2026-12-31,160,713.0,PUT,0.9652352941322283,-0.3369577609009367,0.18020052049106583,20.81,20.88,20.845,0.0033581194531062744
2026-12-31,160,714.0,CALL,0.9665890603231572,0.6519197621756746,0.19776500353188708,53.88,57.3,55.59,0.061521856449001516
2026-12-31,160,714.0,PUT,0.9665890603231572,-0.34088230768247335,0.17924873883486492,21.05,21.12,21.085,0.0033198956604221144
2026-12-31,160,715.0,CALL,0.9679428265140859,0.648026495711205,0.19751318265964823,54.13,55.82,54.975,0.03074124602091856
2026-12-31,160,715.0,PUT,0.9679428265140859,-0.3448713113962359,0.1783247555744085,21.29,21.37,21.33,0.0037505860290671287
2026-12-31,160,716.0,CALL,0.9692965927050148,0.6448864696288465,0.1956588921968113,53.38,54.75,54.065,0.025339868676592943
2026-12-31,160,716.0,PUT,0.9692965927050148,-0.3489045863061422,0.17740258857829116,21.54,21.61,21.575,0.003244495944380083
2026-12-31,160,717.0,CALL,0.9706503588959435,0.6412574767124816,0.19473256595797087,51.7,54.95,53.325,0.06094702297233943
2026-12-31,160,717.0,PUT,0.9706503588959435,-0.3529791322756012,0.17648343478823283,21.78,21.86,21.82,0.003666361136571874
2026-12-31,160,718.0,CALL,0.9720041250868723,0.6380626811879869,0.1927789833377879,50.96,53.83,52.394999999999996,0.05477621910487637
2026-12-31,160,718.0,PUT,0.9720041250868723,-0.35711929045898455,0.1755930608978774,22.03,22.11,22.07,0.003624830086089637
2026-12-31,160,719.0,PUT,0.9733578912778011,-0.3613310949534487,0.17475941812785367,22.29,22.37,22.33,0.003582624272279528
2026-12-31,160,719.0,CALL,0.9733578912778011,0.6321747449042523,0.19694629605458594,51.68,53.51,52.595,0.03479418195645971
2026-12-31,160,720.0,CALL,0.9747116574687299,0.6301211253177114,0.19207817768366126,50.43,51.82,51.125,0.027188264058679718
2026-12-31,160,720.0,PUT,0.9747116574687299,-0.3655823765440494,0.17392857444289114,22.55,22.63,22.59,0.003541389995573187
2026-12-31,160,721.0,CALL,0.9760654236596586,0.62634592545193,0.1911897034032951,49.16,51.62,50.39,0.048819210160746196
2026-12-31,160,721.0,PUT,0.9760654236596586,-0.3699109628496041,0.17314928970468554,22.82,22.9,22.86,0.0034995625546805904
2026-12-31,160,722.0,PUT,0.9774191898505875,-0.37430200825852017,0.17236670481781324,23.09,23.17,23.130000000000003,0.0034587116299179353
2026-12-31,160,722.0,CALL,0.9774191898505875,0.6225574324766449,0.19025003102422802,48.03,51.26,49.644999999999996,0.06506193977238386
2026-12-31,160,723.0,CALL,0.9787729560415163,0.6183065706536545,0.19047018649190325,47.7,50.53,49.115,0.057619871729614136
2026-12-31,160,723.0,PUT,0.9787729560415163,-0.3787392225118824,0.1715831051036228,23.36,23.44,23.4,0.003418803418803498
2026-12-31,160,724.0,CALL,0.980126722232445,0.6147854852288643,0.18862110103693114,47.53,48.87,48.2,0.027800829875518594
2026-12-31,160,724.0,PUT,0.980126722232445,-0.3832429923342534,0.1708516102509214,23.64,23.72,23.68,0.0033783783783783066
2026-12-31,160,725.0,PUT,0.9814804884233739,-0.38778635977388065,0.17012251186261215,23.92,24.0,23.96,0.0033388981636059386
2026-12-31,160,725.0,CALL,0.9814804884233739,0.6105599374482228,0.188682271523484,46.82,48.46,47.64,0.03442485306465157
2026-12-31,160,730.0,PUT,0.9882493193780179,-0.4113653687776797,0.16681490078615835,25.38,25.47,25.424999999999997,0.0035398230088495523
2026-12-31,160,730.0,CALL,0.9882493193780179,0.5905220697072439,0.18443394754946646,43.3,44.67,43.985,0.031146981925656576
2026-12-31,160,735.0,CALL,0.9950181503326617,0.5694338066792248,0.18136216773935301,39.89,41.19,40.54,0.03206709422792297
2026-12-31,160,735.0,PUT,0.9950181503326617,-0.4364333125460361,0.1640163895618725,26.97,27.06,27.015,0.003331482509716819
2026-12-31,160,740.0,CALL,1.0017869812873057,0.5475865120859644,0.17767727967079602,36.59,37.83,37.21,0.033324375167965464
2026-12-31,160,740.0,PUT,1.0017869812873057,-0.46269295118440384,0.16022610821041008,28.67,28.76,28.715000000000003,0.0031342503917812935
2026-12-31,160,745.0,CALL,1.0085558122419498,0.5244679424042816,0.17216437170863108,33.95,34.02,33.985,0.0020597322348094834
2026-12-31,160,745.0,PUT,1.0085558122419498,-0.48997889922115845,0.15541589434945113,30.52,30.61,30.564999999999998,0.0029445444135449
2026-12-31,160,750.0,CALL,1.0153246431965937,0.500057885504454,0.16754647678343773,30.88,30.95,30.915,0.0022642730066310944
2026-12-31,160,750.0,PUT,1.0153246431965937,-0.5190596410317733,0.15135565521043504,32.51,32.61,32.56,0.003071253071253115
2026-12-31,160,755.0,PUT,1.0220934741512375,-0.5499871444394199,0.14799002923603033,34.65,34.77,34.71,0.003457216940363139
2026-12-31,160,755.0,CALL,1.0220934741512375,0.47458591028432034,0.16370137884809968,27.95,28.01,27.98,0.0021443888491780656
2026-12-31,160,760.0,PUT,1.0288623051058816,-0.5824343577064945,0.14526740043332975,36.97,37.08,37.025,0.0029709655638082222
2026-12-31,160,760.0,CALL,1.0288623051058816,0.44838404964354434,0.16071098931018557,25.17,25.23,25.200000000000003,0.00238095238095233
2026-12-31,160,765.0,CALL,1.0356311360605255,0.4217945049401738,0.15852723881118755,22.54,22.6,22.57,0.0026583961010191526
2026-12-31,160,765.0,PUT,1.0356311360605255,-0.6163833167507804,0.1422768789465639,38.54,40.48,39.51,0.0491014932928372
2026-12-31,160,770.0,PUT,1.0423999670151696,-0.6504397061636658,0.13775982321829613,40.44,43.96,42.2,0.08341232227488159
2026-12-31,160,770.0,CALL,1.0423999670151696,0.394991713546555,0.1548131136761894,20.07,20.13,20.1,0.002985074626865608
2026-12-31,160,775.0,PUT,1.0491687979698134,-0.68614523021208,0.13418683328974204,43.34,46.85,45.095,0.07783568023062419
2026-12-31,160,775.0,CALL,1.0491687979698134,0.36744819098692116,0.150521096424611,17.78,17.83,17.805,0.0028081999438358415
2026-12-31,160,780.0,PUT,1.0559376289244573,-0.7228412754670126,0.13185182119081001,46.62,49.92,48.269999999999996,0.06836544437538854
2026-12-31,160,780.0,CALL,1.0559376289244573,0.33956489442532767,0.147288689164489,15.66,15.71,15.685,0.0031877590054192355
2026-12-31,160,785.0,PUT,1.0627064598791014,-0.7616931094361772,0.1293353473278245,49.8,53.29,51.545,0.06770782811135904
2026-12-31,160,785.0,CALL,1.0627064598791014,0.31194668628175976,0.14510810283727746,13.72,13.77,13.745000000000001,0.003637686431429533
2026-12-31,160,790.0,CALL,1.0694752908337453,0.28518465551397354,0.14394367186130264,11.96,12.01,11.985,0.004171881518564784
2026-12-31,160,790.0,PUT,1.0694752908337453,-0.8001573559913467,0.12532667144803464,53.38,56.84,55.11,0.06278352386136819
2026-12-31,160,795.0,CALL,1.0762441217883894,0.25937931948712656,0.14088650375765904,10.37,10.42,10.395,0.004810004810004879
2026-12-31,160,795.0,PUT,1.0762441217883894,-0.8378959478228974,0.12211324345855157,57.2,60.62,58.91,0.05805465965031395
2026-12-31,160,800.0,PUT,1.0830129527430332,-0.8773957463952485,0.12023150290978675,61.25,64.78,63.015,0.05601840831548046
2026-12-31,160,800.0,CALL,1.0830129527430332,0.23422772149184004,0.1379241284643813,8.96,9.01,8.985,0.005564830272676565
2026-12-31,160,805.0,PUT,1.089781783697677,-0.9157873890636589,0.11806389106319717,65.55,69.07,67.31,0.052295349873718554
2026-12-31,160,805.0,CALL,1.089781783697677,0.20995354087093682,0.13601423871161758,7.7,7.74,7.720000000000001,0.005181347150259072
2026-12-31,160,810.0,CALL,1.0965506146523212,0.1872145308729855,0.13514914765210673,6.58,6.63,6.605,0.0075700227100681024
2026-12-31,160,810.0,PUT,1.0965506146523212,-0.9584986800662594,0.11409186432772969,70.09,73.58,71.83500000000001,0.048583559546182147
2026-12-31,160,815.0,CALL,1.103319445606965,0.16638185984149254,0.1347383144412746,5.61,5.65,5.630000000000001,0.007104795737122563
2026-12-31,160,820.0,CALL,1.1100882765616091,0.14696767638288477,0.13190906747732167,4.76,4.8,4.779999999999999,0.008368200836820092
2026-12-31,160,825.0,CALL,1.116857107516253,0.12882656696144487,0.13020977682207635,4.02,4.06,4.039999999999999,0.009900990099009912
2026-12-31,160,830.0,CALL,1.1236259384708969,0.11226673385964667,0.12949743845929754,3.38,3.42,3.4,0.011764705882352951
2026-12-31,160,835.0,CALL,1.130394769425541,0.09757320906168138,0.12968748442707442,2.84,2.87,2.855,0.010507880910683099
2026-12-31,160,840.0,CALL,1.1371636003801848,0.08459481273667263,0.12861487710584715,2.37,2.41,2.39,0.01673640167364018
2026-12-31,160,845.0,CALL,1.143932431334829,0.07297349925145956,0.1269855743478944,1.98,2.02,2.0,0.020000000000000018
2026-12-31,160,850.0,CALL,1.1507012622894728,0.062624864842379,0.1263248626014062,1.65,1.69,1.67,0.023952095808383256
2026-12-31,160,855.0,CALL,1.1574700932441166,0.05366508014696047,0.12651740823827218,1.38,1.41,1.395,0.02150537634408604
2026-12-31,160,860.0,CALL,1.1642389241987607,0.04598674537605107,0.127384864033919,1.15,1.18,1.165,0.02575107296137341
2026-12-31,160,865.0,CALL,1.1710077551534046,0.03947368111053073,0.1267367993523903,0.96,0.99,0.975,0.0307692307692308
2026-12-31,160,870.0,CALL,1.1777765861080487,0.03371702871700497,0.1257895340977081,0.8,0.83,0.815,0.036809815950920144
2026-12-31,160,875.0,CALL,1.1845454170626926,0.028837127030235037,0.12573611578912144,0.67,0.7,0.685,0.043795620437956075
2026-12-31,160,880.0,CALL,1.1913142480173364,0.024773861766014652,0.12640193055089477,0.57,0.59,0.58,0.03448275862068969
2026-12-31,160,885.0,CALL,1.1980830789719805,0.021416965523929275,0.12762572375015016,0.49,0.5,0.495,0.02020202020202022
2026-12-31,160,890.0,CALL,1.2048519099266244,0.01878966358863025,0.1293977426639289,0.42,0.44,0.43,0.046511627906976785
2026-12-31,160,895.0,CALL,1.2116207408812685,0.016376508174069312,0.12952507386081683,0.36,0.38,0.37,0.054054054054054106
2026-12-31,160,900.0,CALL,1.2183895718359123,0.01464710452907645,0.13011259265287156,0.32,0.34,0.33,0.060606060606060656
2026-12-31,160,905.0,CALL,1.2251584027905564,0.01293335615829003,0.13068912795679197,0.28,0.3,0.29000000000000004,0.06896551724137917
2026-12-31,160,910.0,CALL,1.2319272337452003,0.01159639128327925,0.1318977738029877,0.25,0.27,0.26,0.07692307692307698
2026-12-31,160,915.0,CALL,1.2386960646998442,0.010283657872087971,0.13308792567653896,0.22,0.24,0.22999999999999998,0.0869565217391304
2026-12-31,160,920.0,CALL,1.2454648956544883,0.009358560634788,0.13489826795793958,0.2,0.22,0.21000000000000002,0.09523809523809518
2026-12-31,160,925.0,CALL,1.2522337266091321,0.008457871183436995,0.13668694352859076,0.18,0.2,0.19,0.10526315789473693
2026-12-31,160,930.0,CALL,1.2590025575637762,0.007940681292641458,0.13909156647151802,0.17,0.19,0.18,0.11111111111111106
2026-12-31,160,935.0,CALL,1.26577138851842,0.007084387579215709,0.1408378284540239,0.15,0.17,0.16,0.1250000000000001
2026-12-31,160,940.0,CALL,1.272540219473064,0.006605080160285709,0.14320029571488646,0.14,0.16,0.15000000000000002,0.13333333333333325
2027-01-15,175,445.0,CALL,0.6024259549633122,0.9507841215270026,0.49344896660188925,299.96,303.5,301.73,0.011732343485898055
2027-01-15,175,445.0,PUT,0.6024259549633122,-0.02193825520207258,0.40532870046835184,1.88,1.9,1.89,0.010582010582010592
2027-01-15,175,450.0,CALL,0.6091947859179562,0.9495383871276416,0.48723669344659093,295.13,298.67,296.9,0.011923206466823917
2027-01-15,175,450.0,PUT,0.6091947859179562,-0.022930400306952994,0.3992097374385496,1.95,1.97,1.96,0.01020408163265307
2027-01-15,175,455.0,CALL,0.6159636168726002,0.9481329590282518,0.4803335459709089,290.32,293.87,292.095,0.01215358017083487
2027-01-15,175,455.0,PUT,0.6159636168726002,-0.023992268162052258,0.39329979815447014,2.02,2.05,2.035,0.014742014742014645
2027-01-15,175,460.0,PUT,0.6227324478272441,-0.025083587470244605,0.38746202976270216,2.1,2.12,2.1100000000000003,0.009478672985781998
2027-01-15,175,460.0,CALL,0.6227324478272441,0.9467726333119543,0.4724258736128895,285.5,289.05,287.275,0.012357497171699632
2027-01-15,175,465.0,PUT,0.6295012787818881,-0.02624760467411388,0.3818279038518668,2.18,2.2,2.1900000000000004,0.009132420091324207
2027-01-15,175,465.0,CALL,0.6295012787818881,0.9453219316667908,0.4647584253373867,280.69,284.24,282.46500000000003,0.012567928769936136
2027-01-15,175,470.0,PUT,0.636270109736532,-0.027528729567925153,0.37652619003269555,2.27,2.29,2.2800000000000002,0.00877192982456141
2027-01-15,175,470.0,CALL,0.636270109736532,0.9438050387356544,0.45725291825989384,275.89,279.43,277.65999999999997,0.012749405748037243
2027-01-15,175,475.0,CALL,0.643038940691176,0.9422756829561035,0.4497577832364919,271.08,274.62,272.85,0.012974161627267803
2027-01-15,175,475.0,PUT,0.643038940691176,-0.02880061112175957,0.37115754793032724,2.35,2.38,2.365,0.012684989429175392
2027-01-15,175,480.0,PUT,0.6498077716458199,-0.030192696523473016,0.3661150821112421,2.45,2.47,2.46,0.008130081300813016
2027-01-15,175,480.0,CALL,0.6498077716458199,0.9406481067203618,0.442494994463861,266.28,269.82,268.04999999999995,0.013206491326245183
2027-01-15,175,485.0,CALL,0.6565766026004639,0.9389474956597237,0.435387450947994,261.48,265.03,263.255,0.013485024026134183
2027-01-15,175,485.0,PUT,0.6565766026004639,-0.031620651208265245,0.36113325743774893,2.54,2.57,2.5549999999999997,0.011741682974559612
2027-01-15,175,490.0,CALL,0.6633454335551079,0.9371424932250568,0.4285060708093608,256.69,260.25,258.47,0.013773358610283599
2027-01-15,175,490.0,PUT,0.6633454335551079,-0.03312933255191927,0.3563383177797532,2.64,2.67,2.6550000000000002,0.011299435028248513
2027-01-15,175,495.0,PUT,0.6701142645097518,-0.03476264827297456,0.3518584982971499,2.75,2.78,2.7649999999999997,0.01084990958408673
2027-01-15,175,495.0,CALL,0.6701142645097518,0.9353169271512961,0.4216288395025461,251.91,255.45,253.68,0.013954588457899684
2027-01-15,175,500.0,PUT,0.6768830954643957,-0.03643475495084941,0.3474330759999709,2.86,2.89,2.875,0.010434782608695738
2027-01-15,175,500.0,CALL,0.6768830954643957,0.9333816996716466,0.41497348816379603,247.13,250.67,248.89999999999998,0.014222579349136169
2027-01-15,175,505.0,CALL,0.6836519264190397,0.9313927119886285,0.40839226340804186,242.35,245.89,244.12,0.014501065049975389
2027-01-15,175,505.0,PUT,0.6836519264190397,-0.03823338057272821,0.3433156408006753,2.98,3.01,2.995,0.010016694490817964
2027-01-15,175,510.0,CALL,0.6904207573736837,0.929258610090603,0.40209989124565604,237.58,241.13,239.35500000000002,0.014831526393850067
2027-01-15,175,510.0,PUT,0.6904207573736837,-0.04007245004629937,0.339248006458335,3.1,3.13,3.115,0.009630818619582602
2027-01-15,175,515.0,PUT,0.6971895883283277,-0.04204271332220107,0.3354688482166568,3.23,3.26,3.245,0.009244992295839694
2027-01-15,175,515.0,CALL,0.6971895883283277,0.9266464851584236,0.3968800028140524,232.94,236.38,234.66,0.014659507372368524
2027-01-15,175,520.0,CALL,0.7039584192829715,0.9247822251967582,0.38979511682064333,228.06,231.6,229.82999999999998,0.015402688944002055
2027-01-15,175,520.0,PUT,0.7039584192829715,-0.044140675794721806,0.33198505519474814,3.37,3.4,3.385,0.008862629246676457
2027-01-15,175,525.0,CALL,0.7107272502376155,0.922374931954493,0.3839220564699131,223.31,226.85,225.07999999999998,0.01572774124755639
2027-01-15,175,525.0,PUT,0.7107272502376155,-0.04632826601714597,0.32864186888849223,3.52,3.54,3.5300000000000002,0.005665722379603404
2027-01-15,175,530.0,PUT,0.7174960811922595,-0.04861761076099475,0.32536130440218636,3.66,3.7,3.68,0.010869565217391313
2027-01-15,175,530.0,CALL,0.7174960811922595,0.9198108911479095,0.3783258233717613,218.57,222.12,220.345,0.01611109850461781
2027-01-15,175,535.0,CALL,0.7242649121469035,0.9172093249205323,0.3727214795359018,213.83,217.38,215.60500000000002,0.016465295331740834
2027-01-15,175,535.0,PUT,0.7242649121469035,-0.05108582039552403,0.3206151202314698,3.83,3.86,3.8449999999999998,0.007802340702210613
2027-01-15,175,540.0,CALL,0.7310337431015475,0.9144463819761809,0.3673888670385677,209.11,212.65,210.88,0.016786798179059145
2027-01-15,175,540.0,PUT,0.7310337431015475,-0.05364639295438671,0.3152631185317485,4.0,4.03,4.015000000000001,0.007471980074719862
2027-01-15,175,545.0,CALL,0.7378025740561914,0.9117638667825887,0.3617676876248462,204.3,207.96,206.13,0.0177557851841071
2027-01-15,175,545.0,PUT,0.7378025740561914,-0.05637586047270671,0.3101122812634504,4.18,4.21,4.195,0.007151370679380273
2027-01-15,175,550.0,CALL,0.7445714050108353,0.9084282221482481,0.3575236114969838,199.7,203.25,201.475,0.01762005211564716
2027-01-15,175,550.0,PUT,0.7445714050108353,-0.059278038540202777,0.30516014948615133,4.37,4.4,4.385,0.006841505131128906
2027-01-15,175,555.0,CALL,0.7513402359654793,0.9058384061268432,0.35146802484985556,194.81,198.56,196.685,0.019066019269390142
2027-01-15,175,555.0,PUT,0.7513402359654793,-0.06239918927992015,0.300474435766285,4.57,4.61,4.59,0.008714596949891075
2027-01-15,175,560.0,CALL,0.7581090669201233,0.9019568358777331,0.34822002616863984,190.32,193.87,192.095,0.018480439365938787
2027-01-15,175,560.0,PUT,0.7581090669201233,-0.06565816617400877,0.2959103144401777,4.78,4.82,4.800000000000001,0.00833333333333334
2027-01-15,175,565.0,CALL,0.7648778978747672,0.8983648091794614,0.3441916488441023,185.69,189.2,187.445,0.018725492811224577
2027-01-15,175,565.0,PUT,0.7648778978747672,-0.06914453384602208,0.2916028225298868,5.01,5.04,5.025,0.005970149253731393
2027-01-15,175,570.0,CALL,0.7716467288294112,0.8949921190238455,0.33953066451349273,180.95,184.54,182.745,0.0196448603244959
2027-01-15,175,570.0,PUT,0.7716467288294112,-0.072814950481435,0.2874834766024362,5.24,5.28,5.26,0.0076045627376425924
2027-01-15,175,575.0,CALL,0.7784155597840551,0.8911046692777306,0.33371208496762217,176.34,179.89,178.115,0.01993094349156434
2027-01-15,175,575.0,PUT,0.7784155597840551,-0.0767980260636503,0.2837557386729828,5.5,5.54,5.52,0.00724637681159421
2027-01-15,175,580.0,CALL,0.7851843907386991,0.8871104395924693,0.3274555258922391,171.71,175.25,173.48000000000002,0.020405810468065434
2027-01-15,175,580.0,PUT,0.7851843907386991,-0.08088331667767859,0.2800709655995956,5.76,5.8,5.779999999999999,0.006920415224913502
2027-01-15,175,585.0,CALL,0.791953221693343,0.8827933191543279,0.32153224044691114,167.12,170.63,168.875,0.020784603997039176
2027-01-15,175,585.0,PUT,0.791953221693343,-0.08524448530260449,0.2766911153619272,6.04,6.08,6.0600000000000005,0.006600660066006606
2027-01-15,175,590.0,PUT,0.798722052647987,-0.08983832081273065,0.2735433852145298,6.33,6.38,6.355,0.00786782061368998
2027-01-15,175,590.0,CALL,0.798722052647987,0.8782961176353411,0.3157160146264085,162.52,166.03,164.275,0.02136661086592598
2027-01-15,175,595.0,CALL,0.805490883602631,0.8737625577394355,0.3097846254888011,157.87,161.44,159.655,0.022360715292349086
2027-01-15,175,595.0,PUT,0.805490883602631,-0.09470367552425413,0.27068517911493206,6.65,6.69,6.67,0.00599700149925038
2027-01-15,175,600.0,CALL,0.8122597145572749,0.870762412294523,0.30144901043285444,153.51,156.0,154.755,0.01608994862847733
2027-01-15,175,600.0,PUT,0.8122597145572749,-0.09982650431441284,0.2679734504491417,6.98,7.02,7.0,0.005714285714285593
2027-01-15,175,605.0,PUT,0.8190285455119188,-0.10520683566577117,0.2642560500276581,7.32,7.37,7.345000000000001,0.006807351940095278
2027-01-15,175,605.0,CALL,0.8190285455119188,0.8630674558362524,0.29977574660481904,148.9,152.31,150.60500000000002,0.022642010557418386
2027-01-15,175,610.0,CALL,0.8257973764665628,0.8579669992796634,0.2941117554919584,144.21,147.78,145.995,0.024452892222336334
2027-01-15,175,610.0,PUT,0.8257973764665628,-0.11087322434373852,0.25932646474138676,7.69,7.74,7.715,0.00648088139987036
2027-01-15,175,615.0,CALL,0.8325662074212068,0.8517159588295613,0.2899416021571099,139.84,143.26,141.55,0.024161073825503265
2027-01-15,175,615.0,PUT,0.8325662074212068,-0.11690659726086704,0.25462803812014806,8.08,8.13,8.105,0.006169031462060544
2027-01-15,175,620.0,CALL,0.8393350383758508,0.8459846970064837,0.2847818089124067,135.2,138.77,136.985,0.026061247581852184
2027-01-15,175,620.0,PUT,0.8393350383758508,-0.12331891649453224,0.250153231024062,8.49,8.54,8.515,0.005871990604814907
2027-01-15,175,625.0,CALL,0.8461038693304948,0.8390613748929825,0.2811836495895718,130.89,134.3,132.595,0.02571741015875429
2027-01-15,175,625.0,PUT,0.8461038693304948,-0.13011201020442278,0.24590100928821754,8.92,8.97,8.945,0.005589714924538928
2027-01-15,175,630.0,CALL,0.8528727002851386,0.8327484070940591,0.27642974576196,126.28,129.85,128.065,0.027876468980595738
2027-01-15,175,630.0,PUT,0.8528727002851386,-0.13735899697454265,0.24195935083073314,9.38,9.43,9.405000000000001,0.005316321105794676
2027-01-15,175,635.0,PUT,0.8596415312397826,-0.14499138139446774,0.2382340025790106,9.86,9.91,9.885,0.005058168942842763
2027-01-15,175,635.0,CALL,0.8596415312397826,0.8256283846163541,0.27266567863444163,121.88,125.41,123.645,0.02854947632334507
2027-01-15,175,640.0,PUT,0.8664103621944266,-0.15308119135736145,0.2348037287618977,10.37,10.42,10.395,0.004810004810004879
2027-01-15,175,640.0,CALL,0.8664103621944266,0.8186170935917187,0.2684797964940448,117.31,121.03,119.17,0.03121591004447427
2027-01-15,175,645.0,CALL,0.8731791931490706,0.8103089555869,0.26611079316008823,113.25,116.56,114.905,0.02880640529132764
2027-01-15,175,645.0,PUT,0.8731791931490706,-0.16160845341427618,0.23160172492801376,10.9,10.96,10.93,0.0054894784995425895
2027-01-15,175,650.0,PUT,0.8799480241037145,-0.17061794231797014,0.22872635084551185,11.47,11.53,11.5,0.005217391304347715
2027-01-15,175,650.0,CALL,0.8799480241037145,0.8017512984583967,0.26098321590652374,108.97,112.32,110.645,0.030277012065615207
2027-01-15,175,655.0,PUT,0.8867168550583584,-0.18012769644510832,0.22604869743571498,12.07,12.13,12.100000000000001,0.004958677685950453
2027-01-15,175,655.0,CALL,0.8867168550583584,0.793952539248309,0.2542960042984432,104.59,107.74,106.16499999999999,0.029670795459897252
2027-01-15,175,660.0,CALL,0.8934856860130024,0.7844717014685758,0.24933274933145355,100.17,103.72,101.945,0.03482269851390453
2027-01-15,175,660.0,PUT,0.8934856860130024,-0.1901647831311703,0.22287103734641708,12.7,12.76,12.73,0.004713275726630046
2027-01-15,175,665.0,PUT,0.9002545169676464,-0.20059906017338477,0.21792537488501684,13.37,13.43,13.399999999999999,0.004477611940298545
2027-01-15,175,665.0,CALL,0.9002545169676464,0.7747418160140006,0.24426948016296463,96.05,99.35,97.69999999999999,0.03377686796315248
2027-01-15,175,670.0,CALL,0.9070233479222903,0.7644803770052365,0.23945433116683054,91.83,95.14,93.485,0.035406749745948575
2027-01-15,175,670.0,PUT,0.9070233479222903,-0.21173601249988042,0.21324994834321392,14.07,14.14,14.105,0.004962779156327563
2027-01-15,175,675.0,CALL,0.9137921788769343,0.7540656809384885,0.23435337209789678,87.35,91.08,89.215,0.04180911281735138
2027-01-15,175,675.0,PUT,0.9137921788769343,-0.22362122139289933,0.20891660310767615,14.82,14.89,14.855,0.004712218108381036
2027-01-15,175,680.0,PUT,0.9205610098315782,-0.2362435511850098,0.2048814329374097,15.61,15.68,15.645,0.004474272930648788
2027-01-15,175,680.0,CALL,0.9205610098315782,0.7411233567469943,0.2323587583745012,83.92,86.95,85.435,0.03546555861181016
2027-01-15,175,685.0,PUT,0.9273298407862222,-0.2496007508743687,0.20113600285547312,16.44,16.51,16.475,0.004248861911987877
2027-01-15,175,685.0,CALL,0.9273298407862222,0.7300450646352319,0.22714904655516083,79.4,82.86,81.13,0.04264760261309003
2027-01-15,175,690.0,CALL,0.9340986717408661,0.7174178430071073,0.22372357445879154,75.4,78.81,77.105,0.04422540691265153
2027-01-15,175,690.0,PUT,0.9340986717408661,-0.26377103600585733,0.19770731669683947,17.32,17.39,17.355,0.004033419763756859
2027-01-15,175,695.0,CALL,0.9408675026955101,0.7038457590324028,0.22134964777427094,71.68,74.81,73.245,0.04273329237490607
2027-01-15,175,695.0,PUT,0.9408675026955101,-0.2787788361937088,0.19466327935852806,18.26,18.33,18.295,0.0038261820169443413
2027-01-15,175,700.0,CALL,0.9476363336501541,0.690769593483267,0.2166290500239381,67.4,70.87,69.135,0.05019165401026974
2027-01-15,175,700.0,PUT,0.9476363336501541,-0.2946920242876741,0.1918522261172635,19.25,19.33,19.29,0.004147226542249782
2027-01-15,175,705.0,CALL,0.9544051646047981,0.676352579974618,0.2108769367494123,63.48,66.98,65.23,0.05365629311666422
2027-01-15,175,705.0,PUT,0.9544051646047981,-0.31145853500952886,0.18829630336378567,20.31,20.39,20.35,0.003931203931204021
2027-01-15,175,710.0,CALL,0.9611739955594419,0.6609805434768017,0.20554186428276078,59.66,63.12,61.39,0.056360970842156716
2027-01-15,175,710.0,PUT,0.9611739955594419,-0.3288853969641982,0.18326303200768485,21.43,21.51,21.47,0.0037261294829996207
2027-01-15,175,715.0,CALL,0.9679428265140859,0.6447246186572319,0.2004884355347853,56.91,58.27,57.59,0.023615210974127564
2027-01-15,175,715.0,PUT,0.9679428265140859,-0.34759749157101894,0.17873125536184198,22.63,22.72,22.674999999999997,0.003969128996692386
2027-01-15,175,720.0,CALL,0.9747116574687299,0.6275022521243454,0.19592060886603696,53.17,54.57,53.870000000000005,0.02598849081121215
2027-01-15,175,720.0,PUT,0.9747116574687299,-0.36755774593919527,0.17463112785771104,23.91,24.0,23.955,0.0037570444583594183
2027-01-15,175,725.0,CALL,0.9814804884233739,0.6091867166260414,0.19242130796241375,49.65,51.04,50.345,0.02760949448803259
2027-01-15,175,725.0,PUT,0.9814804884233739,-0.38885162907867,0.1710381780421498,25.29,25.38,25.335,0.003552397868561273
2027-01-15,175,730.0,PUT,0.9882493193780179,-0.41139734547433604,0.16791741387946912,26.76,26.86,26.810000000000002,0.003729951510630282
2027-01-15,175,730.0,CALL,0.9882493193780179,0.5902474122271196,0.18884768953836334,46.14,47.45,46.795,0.027994443850838813
2027-01-15,175,735.0,PUT,0.9950181503326617,-0.435319714051256,0.16521414306643256,28.35,28.45,28.4,0.0035211267605633053
2027-01-15,175,735.0,CALL,0.9950181503326617,0.570535562579011,0.1859616304838581,42.73,44.01,43.37,0.029513488586580615
2027-01-15,175,740.0,PUT,1.0017869812873057,-0.4603298570512964,0.1615357159771841,30.04,30.15,30.095,0.003655092208007956
2027-01-15,175,740.0,CALL,1.0017869812873057,0.5501753807926206,0.18251302673210013,39.94,40.19,40.065,0.006239860227130913
2027-01-15,175,745.0,PUT,1.0085558122419498,-0.4862057371924716,0.15686996749640594,31.87,31.99,31.93,0.003758221108675147
2027-01-15,175,745.0,CALL,1.0085558122419498,0.5287288641829554,0.17726363139196508,36.23,37.48,36.855,0.03391670058336725
2027-01-15,175,750.0,PUT,1.0153246431965937,-0.5137449493771722,0.15292172618237526,33.85,33.97,33.91,0.0035387791212031098
2027-01-15,175,750.0,CALL,1.0153246431965937,0.5061397964789234,0.1726954231418216,33.73,33.8,33.765,0.002073152672886133
2027-01-15,175,755.0,PUT,1.0220934741512375,-0.5430170751946238,0.1495712216055926,35.97,36.09,36.03,0.0033305578684430905
2027-01-15,175,755.0,CALL,1.0220934741512375,0.4825747641949276,0.16879420792906805,30.76,30.83,30.795,0.0022730962818638327
2027-01-15,175,760.0,PUT,1.0288623051058816,-0.5737217676713534,0.1467925675733804,38.24,38.36,38.3,0.0031331592689294373
2027-01-15,175,760.0,CALL,1.0288623051058816,0.45827276086378355,0.1656171638840038,27.93,27.99,27.96,0.00214592274678107
2027-01-15,175,765.0,CALL,1.0356311360605255,0.43349729174212887,0.16314586352603236,25.23,25.29,25.259999999999998,0.0023752969121139636
2027-01-15,175,765.0,PUT,1.0356311360605255,-0.605998922895536,0.14443558617423252,40.69,40.82,40.754999999999995,0.003189792663476937
2027-01-15,175,770.0,PUT,1.0423999670151696,-0.6381939453989379,0.14012137514748585,41.63,45.15,43.39,0.08112468310670652
2027-01-15,175,770.0,CALL,1.0423999670151696,0.40861518188541535,0.1608079894588921,22.69,22.75,22.72,0.0026408450704224792
2027-01-15,175,775.0,CALL,1.0491687979698134,0.3831519051822488,0.15612699749790931,20.3,20.36,20.33,0.0029513034923757367
2027-01-15,175,775.0,PUT,1.0491687979698134,-0.6711043081278816,0.1367726545198489,44.45,48.11,46.28,0.07908383751080372
2027-01-15,175,780.0,PUT,1.0559376289244573,-0.7079110167014736,0.13322972438818878,47.48,50.91,49.19499999999999,0.06972253277772132
2027-01-15,175,780.0,CALL,1.0559376289244573,0.35711087687629905,0.1523932832370133,18.07,18.13,18.1,0.003314917127071752
2027-01-15,175,785.0,PUT,1.0627064598791014,-0.7427152359205949,0.1315165704068868,50.72,54.32,52.519999999999996,0.06854531607006857
2027-01-15,175,785.0,CALL,1.0627064598791014,0.33102908348024107,0.1496561347095407,16.02,16.07,16.045,0.003116235587410452
2027-01-15,175,790.0,CALL,1.0694752908337453,0.3052892101280034,0.14780552798516935,14.12,14.18,14.149999999999999,0.004240282685512403
2027-01-15,175,790.0,PUT,1.0694752908337453,-0.7812025874620888,0.12817896806668566,54.17,57.66,55.915,0.062416167396941696
2027-01-15,175,795.0,CALL,1.0762441217883894,0.2804374314136755,0.14686353915265007,12.4,12.45,12.425,0.004024144869215205
2027-01-15,175,795.0,PUT,1.0762441217883894,-0.816193950445653,0.12495872981889286,57.85,61.43,59.64,0.06002682763246141
2027-01-15,175,800.0,PUT,1.0830129527430332,-0.8550265533453176,0.12222807690714456,61.77,65.36,63.565,0.05647762133249424
2027-01-15,175,800.0,CALL,1.0830129527430332,0.25630787918753123,0.14315749316468201,10.84,10.89,10.865,0.0046019328117810135
2027-01-15,175,805.0,CALL,1.089781783697677,0.2326982369858508,0.14039968585157925,9.44,9.49,9.465,0.005282620179609161
2027-01-15,175,805.0,PUT,1.089781783697677,-0.8907625483307048,0.12064890594394179,65.95,69.53,67.74000000000001,0.05284912902273395
2027-01-15,175,810.0,CALL,1.0965506146523212,0.21007410400394652,0.1386713023276367,8.19,8.24,8.215,0.0060864272671942434
2027-01-15,175,810.0,PUT,1.0965506146523212,-0.9345991530480778,0.11712120552497371,70.38,73.83,72.10499999999999,0.04784688995215316
2027-01-15,175,815.0,PUT,1.103319445606965,-0.9669108483607813,0.11468474977866415,75.02,78.45,76.735,0.044699289763471775
2027-01-15,175,815.0,CALL,1.103319445606965,0.18868698632276318,0.13780695836596418,7.07,7.12,7.095000000000001,0.007047216349541905
2027-01-15,175,820.0,CALL,1.1100882765616091,0.16894402924969962,0.13751565496824916,6.08,6.13,6.105,0.00819000819000816
2027-01-15,175,825.0,CALL,1.116857107516253,0.15048678738566929,0.13462621629699045,5.21,5.26,5.234999999999999,0.009551098376313244
2027-01-15,175,830.0,CALL,1.1236259384708969,0.13318508446790298,0.1328169932594284,4.45,4.5,4.475,0.01117318435754186
2027-01-15,175,835.0,CALL,1.130394769425541,0.11721724994570397,0.13190736667121428,3.79,3.83,3.81,0.010498687664042003
2027-01-15,175,840.0,CALL,1.1371636003801848,0.10272902161830894,0.1317738724646074,3.21,3.25,3.23,0.01238390092879258
2027-01-15,175,845.0,CALL,1.143932431334829,0.08995708570415409,0.1316554697855022,2.72,2.75,2.7350000000000003,0.010968921389396636
2027-01-15,175,850.0,CALL,1.1507012622894728,0.07838367080224873,0.12956679883441377,2.29,2.33,2.31,0.01731601731601733
2027-01-15,175,855.0,CALL,1.1574700932441166,0.06799924936479561,0.1284909175706636,1.93,1.97,1.95,0.02051282051282053
2027-01-15,175,860.0,CALL,1.1642389241987607,0.05882450578309739,0.1282398569572281,1.63,1.66,1.645,0.018237082066869317
2027-01-15,175,865.0,CALL,1.1710077551534046,0.05078067387471298,0.12864053676706036,1.37,1.4,1.385,0.021660649819494445
2027-01-15,175,870.0,CALL,1.1777765861080487,0.04410703747543261,0.1297163143056369,1.16,1.19,1.1749999999999998,0.025531914893617048
2027-01-15,175,875.0,CALL,1.1845454170626926,0.0382063335299334,0.12823968058805166,0.98,1.01,0.995,0.030150753768844248
2027-01-15,175,880.0,CALL,1.1913142480173364,0.0330503566058821,0.1276329195338859,0.83,0.86,0.845,0.03550295857988169
2027-01-15,175,885.0,CALL,1.1980830789719805,0.02860307759172812,0.12772477099858479,0.71,0.73,0.72,0.027777777777777804
2027-01-15,175,890.0,CALL,1.2048519099266244,0.024934443817843432,0.1284931310230667,0.61,0.63,0.62,0.03225806451612906
2027-01-15,175,895.0,CALL,1.2116207408812685,0.021621025157602173,0.12951719959916894,0.52,0.54,0.53,0.03773584905660381
2027-01-15,175,900.0,CALL,1.2183895718359123,0.01898806043086055,0.13106107562709407,0.45,0.47,0.45999999999999996,0.04347826086956514
2027-01-15,175,905.0,CALL,1.2251584027905564,0.016709590049956195,0.13115322305825214,0.39,0.41,0.4,0.049999999999999906
2027-01-15,175,910.0,CALL,1.2319272337452003,0.015075543339546226,0.13171535579693897,0.35,0.37,0.36,0.05555555555555561
2027-01-15,175,915.0,CALL,1.2386960646998442,0.013455510526899094,0.1322672741850208,0.31,0.33,0.32,0.06250000000000006
2027-01-15,175,920.0,CALL,1.2454648956544883,0.01218879618579947,0.13341659205137096,0.28,0.3,0.29000000000000004,0.06896551724137917
2027-01-15,175,925.0,CALL,1.2522337266091321,0.010943892973463877,0.13454901719179824,0.25,0.27,0.26,0.07692307692307698
2027-01-15,175,930.0,CALL,1.2590025575637762,0.009890919036412591,0.13596558711661044,0.23,0.24,0.235,0.042553191489361625
2027-01-15,175,935.0,CALL,1.26577138851842,0.009031070500443753,0.13766453301415008,0.21,0.22,0.215,0.046511627906976785
2027-01-15,175,940.0,CALL,1.272540219473064,0.008362565145237862,0.13964425034772107,0.19,0.21,0.2,0.09999999999999995
2027-01-15,175,945.0,CALL,1.279309050427708,0.007543113418695684,0.14130418564366043,0.17,0.19,0.18,0.11111111111111106
2027-01-15,175,950.0,CALL,1.286077881382352,0.007080514969986997,0.14354495284172988,0.16,0.18,0.16999999999999998,0.11764705882352937
2027-01-15,175,955.0,CALL,1.292846712336996,0.006632180454897825,0.14576692511447978,0.15,0.17,0.16,0.1250000000000001
2027-01-15,175,960.0,CALL,1.2996155432916399,0.006029093140783759,0.1465943279872294,0.14,0.15,0.14500000000000002,0.06896551724137917
2027-01-15,175,965.0,CALL,1.3063843742462837,0.005598777812236955,0.14748508965312052,0.13,0.14,0.135,0.07407407407407414
2027-01-15,175,970.0,CALL,1.3131532052009278,0.005344157963839926,0.14917808074552216,0.12,0.14,0.13,0.15384615384615397
2027-01-15,175,975.0,CALL,1.3199220361555717,0.004925572373203826,0.15004202960006993,0.11,0.13,0.12,0.1666666666666667
2027-01-15,175,980.0,CALL,1.3266908671102158,0.004683088473515656,0.1517038783073634,0.11,0.12,0.11499999999999999,0.0869565217391304
2027-01-15,175,985.0,CALL,1.3334596980648596,0.004275309174412422,0.1525425937929085,0.1,0.11,0.10500000000000001,0.09523809523809518
2027-01-15,175,990.0,CALL,1.3402285290195035,0.0040439618397189875,0.1541750036444459,0.09,0.11,0.1,0.20000000000000004
2027-01-15,175,995.0,CALL,1.3469973599741476,0.003646171626598828,0.15498990920374303,0.08,0.1,0.09,0.22222222222222227
2027-01-15,175,1000.0,CALL,1.3537661909287915,0.0034250767245751893,0.1565944183310893,0.08,0.09,0.08499999999999999,0.11764705882352937
2027-01-15,175,1010.0,CALL,1.3673038528380794,0.00316604176043348,0.16056118534687674,0.07,0.09,0.08,0.24999999999999986
2027-01-15,175,1020.0,CALL,1.3808415147473674,0.002919881111416539,0.16447238848762813,0.07,0.08,0.07500000000000001,0.13333333333333325
2027-01-15,175,1030.0,CALL,1.3943791766566553,0.0025209920053517864,0.16753125981542305,0.06,0.07,0.065,0.15384615384615397
