{
  "trades": 119,
  "wins": 50,
  "losses": 69,
  "win_rate": 0.42016806722689076,
  "gross_profit": 7307.8799999999965,
  "gross_loss": 7772.320000000009,
  "profit_factor": 0.9402443543240613,
  "expectancy": -3.902857142857247,
  "average_win": 146.15759999999992,
  "average_loss": -112.64231884057983,
  "largest_win": 244.83999999999952,
  "largest_loss": -240.5599999999997,
  "average_hold_days": 6.38655462184874,
  "net_pnl": -464.4400000000124,
  "return_pct": -0.004644400000000124
}