{
  "trades": 123,
  "wins": 61,
  "losses": 62,
  "win_rate": 0.4959349593495935,
  "gross_profit": 8776.320000000002,
  "gross_loss": 8909.880000000003,
  "profit_factor": 0.9850098991232203,
  "expectancy": -1.0858536585365977,
  "average_win": 143.87409836065575,
  "average_loss": -143.7077419354839,
  "largest_win": 248.56000000000037,
  "largest_loss": -292.9200000000007,
  "average_hold_days": 7.170731707317073,
  "net_pnl": -133.5600000000015,
  "return_pct": -0.0013356000000000151
}