{
  "trades": 123,
  "wins": 38,
  "losses": 85,
  "win_rate": 0.3089430894308943,
  "gross_profit": 8177.919999999999,
  "gross_loss": 11322.120000000003,
  "profit_factor": 0.7222958244569035,
  "expectancy": -25.56260162601629,
  "average_win": 215.20842105263156,
  "average_loss": -133.2014117647059,
  "largest_win": 404.23999999999995,
  "largest_loss": -292.9200000000007,
  "average_hold_days": 12.926829268292684,
  "net_pnl": -3144.2000000000035,
  "return_pct": -0.03144200000000003
}