{
  "trades": 52,
  "wins": 29,
  "losses": 23,
  "win_rate": 0.5576923076923077,
  "gross_profit": 87562.84160526641,
  "gross_loss": 42875.038651828334,
  "profit_factor": 2.042280178831569,
  "expectancy": 859.3808260276553,
  "average_win": 3019.4083312160833,
  "average_loss": -1864.1321152968842,
  "largest_win": 10437.396105060743,
  "largest_loss": -4545.339657006453,
  "average_hold_days": 1.4423076923076923,
  "net_pnl": 44687.80295343808,
  "return_pct": 0.44687802953438077
}