{
  "trades": 123,
  "wins": 49,
  "losses": 74,
  "win_rate": 0.3983739837398374,
  "gross_profit": 8766.849999999999,
  "gross_loss": 10973.100000000004,
  "profit_factor": 0.7989401354220772,
  "expectancy": -17.93699186991875,
  "average_win": 178.91530612244895,
  "average_loss": -148.2851351351352,
  "largest_win": 476.4,
  "largest_loss": -334.9999999999997,
  "average_hold_days": 10.642276422764228,
  "net_pnl": -2206.2500000000064,
  "return_pct": -0.022062500000000065
}