{
  "trades": 119,
  "wins": 47,
  "losses": 72,
  "win_rate": 0.3949579831932773,
  "gross_profit": 6618.319999999999,
  "gross_loss": 9453.240000000005,
  "profit_factor": 0.7001112845966034,
  "expectancy": -23.822857142857202,
  "average_win": 140.81531914893614,
  "average_loss": -131.29500000000007,
  "largest_win": 348.1599999999996,
  "largest_loss": -291.52000000000004,
  "average_hold_days": 9.806722689075631,
  "net_pnl": -2834.920000000007,
  "return_pct": -0.028349200000000067
}