{
  "trades": 16,
  "wins": 5,
  "losses": 11,
  "win_rate": 0.3125,
  "gross_profit": 471.6000000000005,
  "gross_loss": 736.3000000000013,
  "profit_factor": 0.6404997962786902,
  "expectancy": -16.543750000000053,
  "average_win": 94.32000000000009,
  "average_loss": -66.93636363636375,
  "largest_win": 158.30000000000013,
  "largest_loss": -146.00000000000023,
  "average_hold_days": 4.125,
  "net_pnl": -264.70000000000084,
  "return_pct": -0.0026470000000000083
}