{
  "trades": 119,
  "wins": 53,
  "losses": 66,
  "win_rate": 0.44537815126050423,
  "gross_profit": 5513.960000000002,
  "gross_loss": 6436.680000000005,
  "profit_factor": 0.8566465942069511,
  "expectancy": -7.753949579831964,
  "average_win": 104.03698113207551,
  "average_loss": -97.52545454545462,
  "largest_win": 313.36000000000047,
  "largest_loss": -240.5599999999997,
  "average_hold_days": 5.714285714285714,
  "net_pnl": -922.7200000000038,
  "return_pct": -0.009227200000000038
}