{
  "trades": 123,
  "wins": 35,
  "losses": 88,
  "win_rate": 0.2845528455284553,
  "gross_profit": 6818.800000000001,
  "gross_loss": 9192.700000000006,
  "profit_factor": 0.7417624854504113,
  "expectancy": -19.30000000000004,
  "average_win": 194.82285714285717,
  "average_loss": -104.46250000000008,
  "largest_win": 479.2,
  "largest_loss": -235.79999999999984,
  "average_hold_days": 11.1869918699187,
  "net_pnl": -2373.900000000005,
  "return_pct": -0.02373900000000005
}