{
  "trades": 123,
  "wins": 56,
  "losses": 67,
  "win_rate": 0.45528455284552843,
  "gross_profit": 7232.350000000001,
  "gross_loss": 7602.6500000000015,
  "profit_factor": 0.9512932990470427,
  "expectancy": -3.010569105691055,
  "average_win": 129.14910714285716,
  "average_loss": -113.47238805970152,
  "largest_win": 363.3999999999999,
  "largest_loss": -324.20000000000005,
  "average_hold_days": 6.0894308943089435,
  "net_pnl": -370.2999999999997,
  "return_pct": -0.003702999999999997
}