{
  "trades": 8,
  "wins": 4,
  "losses": 4,
  "win_rate": 0.5,
  "gross_profit": 7503.817862421741,
  "gross_loss": 8176.767903934094,
  "profit_factor": 0.917699750143504,
  "expectancy": -84.11875518904411,
  "average_win": 1875.9544656054352,
  "average_loss": -2044.1919759835234,
  "largest_win": 2811.5500483681335,
  "largest_loss": -4330.520512335434,
  "average_hold_days": 1.875,
  "net_pnl": -672.9500415123529,
  "return_pct": -0.006729500415123529,
  "total_return": -0.006729500415123621,
  "max_drawdown_pct": -0.07238086757487758,
  "max_drawdown_dollars": -7750.35550512308,
  "sharpe_ratio": -2.366010615403661,
  "sortino_ratio": -2.123169916136367,
  "calmar_ratio": -0.09297346993198158,
  "avg_win": 1875.9544656054352,
  "avg_loss": 2044.1919759835234,
  "payoff_ratio": 0.917699750143504
}