{
  "trades": 123,
  "wins": 47,
  "losses": 76,
  "win_rate": 0.3821138211382114,
  "gross_profit": 8251.800000000001,
  "gross_loss": 9313.000000000005,
  "profit_factor": 0.8860517556104366,
  "expectancy": -8.6276422764228,
  "average_win": 175.57021276595748,
  "average_loss": -122.53947368421059,
  "largest_win": 363.3999999999999,
  "largest_loss": -238.59999999999982,
  "average_hold_days": 8.373983739837398,
  "net_pnl": -1061.2000000000044,
  "return_pct": -0.010612000000000043
}