{
  "trades": 123,
  "wins": 50,
  "losses": 73,
  "win_rate": 0.4065040650406504,
  "gross_profit": 64561.99999999999,
  "gross_loss": 71627.00000000001,
  "profit_factor": 0.9013640107780583,
  "expectancy": -57.439024390244114,
  "average_win": 1291.2399999999998,
  "average_loss": -981.191780821918,
  "largest_win": 3662.0000000000005,
  "largest_loss": -1993.0000000000007,
  "average_hold_days": 9.609756097560975,
  "net_pnl": -7065.000000000026,
  "return_pct": -0.07065000000000027
}