{
  "trades": 123,
  "wins": 52,
  "losses": 71,
  "win_rate": 0.42276422764227645,
  "gross_profit": 2593268.92,
  "gross_loss": 2965224.7600000002,
  "profit_factor": 0.8745606589363566,
  "expectancy": -3024.0312195121974,
  "average_win": 49870.556153846155,
  "average_loss": -41763.72901408451,
  "largest_win": 57525.6,
  "largest_loss": -58543.44,
  "average_hold_days": 1.4552845528455285,
  "net_pnl": -371955.84000000026,
  "return_pct": -3.7195584000000026
}