{
  "trades": 119,
  "wins": 56,
  "losses": 63,
  "win_rate": 0.47058823529411764,
  "gross_profit": 8063.799999999996,
  "gross_loss": 8991.080000000009,
  "profit_factor": 0.89686667230188,
  "expectancy": -7.79226890756314,
  "average_win": 143.99642857142848,
  "average_loss": -142.7155555555557,
  "largest_win": 244.83999999999952,
  "largest_loss": -291.52000000000004,
  "average_hold_days": 7.773109243697479,
  "net_pnl": -927.2800000000137,
  "return_pct": -0.009272800000000136
}