{
  "trades": 123,
  "wins": 52,
  "losses": 71,
  "win_rate": 0.42276422764227645,
  "gross_profit": 7454.5,
  "gross_loss": 11494.500000000005,
  "profit_factor": 0.6485275566575316,
  "expectancy": -32.84552845528459,
  "average_win": 143.35576923076923,
  "average_loss": -161.8943661971832,
  "largest_win": 364.79999999999995,
  "largest_loss": -442.1999999999999,
  "average_hold_days": 11.178861788617887,
  "net_pnl": -4040.0000000000045,
  "return_pct": -0.04040000000000005
}