{
  "trades": 123,
  "wins": 55,
  "losses": 68,
  "win_rate": 0.44715447154471544,
  "gross_profit": 6415.320000000002,
  "gross_loss": 6664.160000000002,
  "profit_factor": 0.9626599601450146,
  "expectancy": -2.023089430894302,
  "average_win": 116.64218181818187,
  "average_loss": -98.0023529411765,
  "largest_win": 317.2399999999999,
  "largest_loss": -236.39999999999986,
  "average_hold_days": 5.845528455284553,
  "net_pnl": -248.83999999999918,
  "return_pct": -0.0024883999999999917
}