{
  "trades": 119,
  "wins": 46,
  "losses": 73,
  "win_rate": 0.3865546218487395,
  "gross_profit": 6448.959999999999,
  "gross_loss": 9569.120000000006,
  "profit_factor": 0.6739344892738303,
  "expectancy": -26.219831932773168,
  "average_win": 140.19478260869565,
  "average_loss": -131.08383561643845,
  "largest_win": 418.8400000000005,
  "largest_loss": -291.52000000000004,
  "average_hold_days": 10.756302521008404,
  "net_pnl": -3120.160000000007,
  "return_pct": -0.031201600000000072
}