{
  "trades": 123,
  "wins": 56,
  "losses": 67,
  "win_rate": 0.45528455284552843,
  "gross_profit": 8790.050000000001,
  "gross_loss": 8534.800000000007,
  "profit_factor": 1.0299069691146827,
  "expectancy": 2.0752032520324812,
  "average_win": 156.9651785714286,
  "average_loss": -127.38507462686577,
  "largest_win": 308.59999999999957,
  "largest_loss": -230.25000000000017,
  "average_hold_days": 6.08130081300813,
  "net_pnl": 255.24999999999517,
  "return_pct": 0.0025524999999999515
}