{
  "trades": 119,
  "wins": 59,
  "losses": 60,
  "win_rate": 0.4957983193277311,
  "gross_profit": 6703.839999999999,
  "gross_loss": 6545.120000000002,
  "profit_factor": 1.0242501283398926,
  "expectancy": 1.3337815126050174,
  "average_win": 113.624406779661,
  "average_loss": -109.08533333333337,
  "largest_win": 244.83999999999952,
  "largest_loss": -240.5599999999997,
  "average_hold_days": 5.436974789915967,
  "net_pnl": 158.71999999999707,
  "return_pct": 0.0015871999999999707
}