{
  "trades": 123,
  "wins": 61,
  "losses": 62,
  "win_rate": 0.4959349593495935,
  "gross_profit": 8021.050000000003,
  "gross_loss": 7454.650000000002,
  "profit_factor": 1.07597942223981,
  "expectancy": 4.604878048780497,
  "average_win": 131.4926229508197,
  "average_loss": -120.23629032258069,
  "largest_win": 308.59999999999957,
  "largest_loss": -324.20000000000005,
  "average_hold_days": 5.365853658536586,
  "net_pnl": 566.4000000000011,
  "return_pct": 0.005664000000000011
}