{
  "trades": 123,
  "wins": 61,
  "losses": 62,
  "win_rate": 0.4959349593495935,
  "gross_profit": 8134.500000000002,
  "gross_loss": 8531.600000000006,
  "profit_factor": 0.9534553893759665,
  "expectancy": -3.228455284552874,
  "average_win": 133.35245901639348,
  "average_loss": -137.60645161290333,
  "largest_win": 311.3999999999996,
  "largest_loss": -332.1999999999997,
  "average_hold_days": 7.170731707317073,
  "net_pnl": -397.1000000000035,
  "return_pct": -0.003971000000000035
}